date,rainfall_mm,temp_max,temp_min,wind_speed,humidity,soil_moisture,evapotranspiration,station
2005-01-01,0.0,21.48,9.12,1.27,80.15,0.64,1.66,Assam_Dhubri
2005-01-02,0.0,21.55,11.24,0.95,81.38,0.64,1.39,Assam_Dhubri
2005-01-03,0.0,22.57,11.05,0.87,83.1,0.63,1.72,Assam_Dhubri
2005-01-04,0.0,23.42,13.0,0.97,80.05,0.63,1.45,Assam_Dhubri
2005-01-05,0.0,22.31,11.99,1.49,87.11,0.63,1.5,Assam_Dhubri
2005-01-06,0.0,22.13,11.86,1.31,87.09,0.63,1.44,Assam_Dhubri
2005-01-07,0.0,22.37,11.25,0.94,83.33,0.62,1.51,Assam_Dhubri
2005-01-08,0.0,22.33,11.65,0.8,81.29,0.62,1.46,Assam_Dhubri
2005-01-09,0.0,20.96,11.19,0.88,83.61,0.62,1.26,Assam_Dhubri
2005-01-10,0.99,21.19,12.02,1.16,70.19,0.62,1.18,Assam_Dhubri
2005-01-11,0.26,18.81,9.32,1.31,80.93,0.62,0.74,Assam_Dhubri
2005-01-12,0.0,19.14,8.98,1.4,82.88,0.62,0.98,Assam_Dhubri
2005-01-13,0.0,19.08,8.98,0.93,80.31,0.61,1.06,Assam_Dhubri
2005-01-14,0.0,20.68,9.0,0.93,79.08,0.61,1.37,Assam_Dhubri
2005-01-15,0.0,20.95,9.35,0.96,79.57,0.61,1.28,Assam_Dhubri
2005-01-16,0.0,21.58,10.06,1.2,83.33,0.61,1.24,Assam_Dhubri
2005-01-17,0.0,22.0,10.53,1.19,79.46,0.6,1.27,Assam_Dhubri
2005-01-18,1.51,19.7,12.04,1.26,87.59,0.6,0.66,Assam_Dhubri
2005-01-19,1.22,21.79,11.6,0.75,80.19,0.6,1.37,Assam_Dhubri
2005-01-20,0.0,21.18,10.68,1.24,76.75,0.6,1.42,Assam_Dhubri
2005-01-21,0.0,19.63,9.94,1.52,79.88,0.6,1.12,Assam_Dhubri
2005-01-22,0.12,18.93,10.59,1.1,82.64,0.6,0.5,Assam_Dhubri
2005-01-23,6.39,21.14,9.56,1.97,77.28,0.6,1.34,Assam_Dhubri
2005-01-24,0.01,20.54,10.21,0.92,83.13,0.6,1.1,Assam_Dhubri
2005-01-25,0.0,20.19,9.78,1.02,82.23,0.6,1.22,Assam_Dhubri
2005-01-26,0.0,22.32,10.05,1.47,74.43,0.6,1.58,Assam_Dhubri
2005-01-27,0.0,22.77,11.12,1.08,66.68,0.59,1.6,Assam_Dhubri
2005-01-28,0.07,19.68,10.42,1.78,85.21,0.59,0.72,Assam_Dhubri
2005-01-29,0.06,20.51,11.56,0.85,81.57,0.59,1.03,Assam_Dhubri
2005-01-30,0.0,22.26,11.28,1.36,83.38,0.59,1.28,Assam_Dhubri
2005-01-31,0.0,24.04,11.3,1.74,78.38,0.59,1.44,Assam_Dhubri
2005-02-01,1.78,22.67,14.03,1.72,80.27,0.58,1.07,Assam_Dhubri
2005-02-02,0.0,22.69,10.84,1.82,73.71,0.58,1.65,Assam_Dhubri
2005-02-03,0.0,20.67,9.44,1.14,74.25,0.58,1.42,Assam_Dhubri
2005-02-04,0.0,20.44,9.16,1.32,79.01,0.58,1.24,Assam_Dhubri
2005-02-05,0.01,22.87,9.68,1.01,65.72,0.57,1.5,Assam_Dhubri
2005-02-06,0.0,24.36,11.87,0.97,58.43,0.57,1.57,Assam_Dhubri
2005-02-07,0.0,25.11,12.76,1.45,69.36,0.57,1.62,Assam_Dhubri
2005-02-08,0.0,23.93,12.55,1.06,75.3,0.57,1.07,Assam_Dhubri
2005-02-09,0.0,25.92,13.37,0.95,75.79,0.56,1.76,Assam_Dhubri
2005-02-10,0.0,26.57,14.59,1.14,71.64,0.56,1.81,Assam_Dhubri
2005-02-11,0.0,26.44,13.89,1.1,71.74,0.56,1.77,Assam_Dhubri
2005-02-12,0.0,27.77,15.05,1.47,64.92,0.55,1.88,Assam_Dhubri
2005-02-13,0.2,28.36,13.93,3.83,61.52,0.55,2.47,Assam_Dhubri
2005-02-14,0.01,27.02,14.08,2.78,54.34,0.54,2.09,Assam_Dhubri
2005-02-15,0.0,26.58,13.26,2.27,62.26,0.54,1.91,Assam_Dhubri
2005-02-16,0.01,28.3,14.86,2.18,62.66,0.54,2.13,Assam_Dhubri
2005-02-17,1.76,30.02,16.28,2.33,62.1,0.54,2.34,Assam_Dhubri
2005-02-18,3.63,28.68,17.31,1.29,63.71,0.54,2.0,Assam_Dhubri
2005-02-19,0.21,30.56,17.2,2.36,63.64,0.53,2.46,Assam_Dhubri
2005-02-20,0.02,30.04,17.43,2.1,65.76,0.53,2.03,Assam_Dhubri
2005-02-21,0.08,31.45,16.76,2.98,58.92,0.53,2.65,Assam_Dhubri
2005-02-22,0.55,29.99,15.98,2.59,59.37,0.52,2.39,Assam_Dhubri
2005-02-23,2.53,25.83,15.63,2.23,71.11,0.52,1.37,Assam_Dhubri
2005-02-24,0.0,27.1,14.47,0.85,59.12,0.52,2.09,Assam_Dhubri
2005-02-25,0.0,28.07,14.58,1.48,54.93,0.52,2.24,Assam_Dhubri
2005-02-26,0.0,28.73,12.81,1.92,54.08,0.51,2.26,Assam_Dhubri
2005-02-27,0.0,28.28,14.77,0.98,54.08,0.51,2.32,Assam_Dhubri
2005-02-28,0.0,28.26,13.98,1.2,59.81,0.5,2.26,Assam_Dhubri
2005-03-01,0.0,28.57,14.37,1.64,64.13,0.5,2.1,Assam_Dhubri
2005-03-02,0.0,30.46,16.01,1.64,59.59,0.5,2.24,Assam_Dhubri
2005-03-03,0.0,31.09,17.43,1.31,52.67,0.49,2.46,Assam_Dhubri
2005-03-04,0.06,31.82,17.29,1.54,58.47,0.49,2.45,Assam_Dhubri
2005-03-05,0.0,31.85,17.71,1.25,58.86,0.49,2.2,Assam_Dhubri
2005-03-06,0.1,33.03,18.01,2.87,53.19,0.48,2.85,Assam_Dhubri
2005-03-07,0.0,32.62,16.81,2.13,54.4,0.48,2.32,Assam_Dhubri
2005-03-08,0.39,31.56,18.0,1.6,57.71,0.48,1.63,Assam_Dhubri
2005-03-09,0.74,31.63,18.88,1.92,60.86,0.48,2.27,Assam_Dhubri
2005-03-10,0.0,32.81,19.02,2.95,56.1,0.47,2.53,Assam_Dhubri
2005-03-11,0.47,31.72,20.16,2.25,57.74,0.47,1.88,Assam_Dhubri
2005-03-12,0.36,31.14,18.92,0.96,54.54,0.47,2.33,Assam_Dhubri
2005-03-13,0.03,30.78,18.06,1.4,58.05,0.46,2.2,Assam_Dhubri
2005-03-14,0.0,31.33,17.68,1.33,56.55,0.46,2.23,Assam_Dhubri
2005-03-15,0.07,31.41,18.13,1.24,55.48,0.46,2.11,Assam_Dhubri
2005-03-16,0.0,31.6,18.25,1.37,59.38,0.45,2.07,Assam_Dhubri
2005-03-17,0.66,31.6,18.74,1.32,60.04,0.45,2.04,Assam_Dhubri
2005-03-18,5.85,30.53,20.73,1.59,66.23,0.46,1.47,Assam_Dhubri
2005-03-19,11.57,30.56,20.54,1.37,67.31,0.47,1.55,Assam_Dhubri
2005-03-20,7.97,32.69,21.09,1.8,60.92,0.48,2.09,Assam_Dhubri
2005-03-21,1.51,34.64,19.58,2.53,52.25,0.48,2.86,Assam_Dhubri
2005-03-22,3.54,34.84,19.06,1.96,57.34,0.47,2.62,Assam_Dhubri
2005-03-23,7.47,33.63,21.89,2.11,68.34,0.48,2.16,Assam_Dhubri
2005-03-24,19.07,24.01,18.19,1.84,80.7,0.5,0.8,Assam_Dhubri
2005-03-25,5.68,27.11,15.98,1.75,68.3,0.51,2.18,Assam_Dhubri
2005-03-26,0.97,30.02,17.07,1.19,58.8,0.5,3.08,Assam_Dhubri
2005-03-27,1.17,30.08,18.01,1.93,63.54,0.5,2.6,Assam_Dhubri
2005-03-28,1.97,32.01,18.05,1.54,63.49,0.49,2.7,Assam_Dhubri
2005-03-29,6.3,32.79,21.63,2.01,67.93,0.49,2.53,Assam_Dhubri
2005-03-30,1.97,32.92,21.5,2.21,69.12,0.49,2.71,Assam_Dhubri
2005-03-31,3.64,32.5,22.08,2.48,69.79,0.49,2.62,Assam_Dhubri
2005-04-01,0.18,33.9,21.02,1.66,63.39,0.49,3.11,Assam_Dhubri
2005-04-02,0.19,34.39,20.2,1.08,45.33,0.48,3.18,Assam_Dhubri
2005-04-03,2.16,33.27,19.81,1.72,53.85,0.48,2.69,Assam_Dhubri
2005-04-04,0.02,32.87,19.83,1.41,59.08,0.47,2.87,Assam_Dhubri
2005-04-05,0.01,32.69,19.66,1.25,58.06,0.47,2.85,Assam_Dhubri
2005-04-06,4.47,32.05,20.79,1.32,64.18,0.47,2.44,Assam_Dhubri
2005-04-07,13.57,33.41,22.76,1.63,65.44,0.48,2.56,Assam_Dhubri
2005-04-08,3.73,35.08,22.54,2.88,63.65,0.49,3.04,Assam_Dhubri
2005-04-09,12.46,33.37,22.37,2.03,68.7,0.49,2.5,Assam_Dhubri
2005-04-10,5.6,33.89,23.43,1.87,69.83,0.5,3.19,Assam_Dhubri
2005-04-11,2.96,35.29,22.1,2.25,65.2,0.5,3.43,Assam_Dhubri
2005-04-12,1.46,34.61,18.29,1.98,41.77,0.49,3.63,Assam_Dhubri
2005-04-13,0.0,33.33,18.42,1.25,38.99,0.48,3.58,Assam_Dhubri
2005-04-14,0.0,33.57,17.37,1.37,48.06,0.47,3.41,Assam_Dhubri
2005-04-15,0.0,34.46,18.82,1.37,53.4,0.47,3.13,Assam_Dhubri
2005-04-16,0.22,34.68,19.85,1.73,58.12,0.46,2.92,Assam_Dhubri
2005-04-17,3.13,35.18,21.68,1.75,65.36,0.46,2.53,Assam_Dhubri
2005-04-18,2.14,35.46,23.88,1.63,64.3,0.46,2.66,Assam_Dhubri
2005-04-19,1.7,34.3,22.66,1.96,70.49,0.46,2.01,Assam_Dhubri
2005-04-20,1.52,30.92,23.3,2.35,71.73,0.46,1.4,Assam_Dhubri
2005-04-21,0.08,34.69,21.63,2.19,57.36,0.46,3.1,Assam_Dhubri
2005-04-22,0.67,35.08,23.57,1.83,61.56,0.45,2.71,Assam_Dhubri
2005-04-23,18.65,32.54,23.75,1.81,69.33,0.47,1.7,Assam_Dhubri
2005-04-24,9.05,33.69,23.79,1.46,69.06,0.49,2.27,Assam_Dhubri
2005-04-25,0.57,34.26,23.81,1.56,68.3,0.49,2.7,Assam_Dhubri
2005-04-26,7.3,35.33,23.73,1.4,61.98,0.49,2.98,Assam_Dhubri
2005-04-27,5.18,32.94,23.26,1.38,68.13,0.49,2.54,Assam_Dhubri
2005-04-28,2.0,35.45,23.37,1.18,58.09,0.49,3.51,Assam_Dhubri
2005-04-29,1.71,34.85,23.1,1.53,59.69,0.48,3.7,Assam_Dhubri
2005-04-30,7.64,30.77,23.5,1.25,68.69,0.48,1.74,Assam_Dhubri
2005-05-01,4.87,30.76,21.87,0.92,66.5,0.49,2.61,Assam_Dhubri
2005-05-02,0.24,29.8,22.24,1.08,63.22,0.48,2.57,Assam_Dhubri
2005-05-03,1.14,34.1,24.37,1.25,56.46,0.48,3.95,Assam_Dhubri
2005-05-04,6.09,32.46,22.58,1.5,62.66,0.48,2.9,Assam_Dhubri
2005-05-05,4.19,33.01,23.14,1.84,61.02,0.48,3.04,Assam_Dhubri
2005-05-06,9.2,30.09,23.49,1.7,70.79,0.48,1.77,Assam_Dhubri
2005-05-07,28.85,29.02,22.18,1.04,80.15,0.52,2.13,Assam_Dhubri
2005-05-08,1.26,32.49,22.05,1.12,69.65,0.53,4.96,Assam_Dhubri
2005-05-09,1.84,33.65,23.21,1.38,67.36,0.52,4.66,Assam_Dhubri
2005-05-10,7.47,36.36,23.6,2.32,56.42,0.51,4.42,Assam_Dhubri
2005-05-11,0.67,36.3,21.28,2.02,44.72,0.51,5.46,Assam_Dhubri
2005-05-12,0.72,35.4,21.05,1.45,60.01,0.5,4.39,Assam_Dhubri
2005-05-13,2.9,34.11,22.31,1.66,67.94,0.49,3.75,Assam_Dhubri
2005-05-14,4.35,35.86,24.55,1.49,66.7,0.49,3.78,Assam_Dhubri
2005-05-15,6.98,34.39,24.73,1.51,68.03,0.49,3.85,Assam_Dhubri
2005-05-16,1.54,36.02,23.68,1.42,64.94,0.49,4.56,Assam_Dhubri
2005-05-17,2.47,33.96,24.54,2.13,68.93,0.49,3.94,Assam_Dhubri
2005-05-18,2.95,34.4,24.66,1.88,68.79,0.48,3.64,Assam_Dhubri
2005-05-19,21.96,32.89,24.69,1.75,78.45,0.5,2.76,Assam_Dhubri
2005-05-20,21.51,32.2,25.36,2.24,78.22,0.53,3.28,Assam_Dhubri
2005-05-21,6.65,32.32,25.09,1.83,79.73,0.54,3.03,Assam_Dhubri
2005-05-22,8.64,29.76,22.13,2.9,81.17,0.54,2.84,Assam_Dhubri
2005-05-23,1.66,32.82,22.65,1.81,74.21,0.53,4.98,Assam_Dhubri
2005-05-24,8.91,33.75,24.88,1.82,76.82,0.53,3.99,Assam_Dhubri
2005-05-25,24.33,32.18,25.74,1.93,82.47,0.56,3.34,Assam_Dhubri
2005-05-26,3.03,32.91,26.1,1.67,81.0,0.56,3.61,Assam_Dhubri
2005-05-27,8.93,32.69,25.76,1.54,81.65,0.56,3.45,Assam_Dhubri
2005-05-28,3.83,33.71,26.46,1.88,79.79,0.56,3.35,Assam_Dhubri
2005-05-29,1.08,34.61,25.39,1.75,76.9,0.55,5.15,Assam_Dhubri
2005-05-30,3.3,35.45,24.92,1.73,75.26,0.55,5.75,Assam_Dhubri
2005-05-31,1.33,36.09,26.29,2.45,73.09,0.54,5.77,Assam_Dhubri
2005-06-01,5.82,36.09,26.44,2.57,74.26,0.53,5.24,Assam_Dhubri
2005-06-02,0.37,37.25,26.69,2.11,69.79,0.53,6.02,Assam_Dhubri
2005-06-03,9.61,35.73,26.47,2.0,72.94,0.53,4.92,Assam_Dhubri
2005-06-04,11.49,34.85,26.01,2.05,74.94,0.54,5.53,Assam_Dhubri
2005-06-05,0.18,34.02,25.55,1.78,72.12,0.53,5.44,Assam_Dhubri
2005-06-06,0.06,31.68,25.51,1.81,71.26,0.52,4.12,Assam_Dhubri
2005-06-07,1.48,34.44,25.56,0.9,65.53,0.52,5.01,Assam_Dhubri
2005-06-08,3.71,34.78,26.72,0.96,68.29,0.51,4.64,Assam_Dhubri
2005-06-09,9.72,34.55,25.96,1.6,74.16,0.52,4.41,Assam_Dhubri
2005-06-10,0.5,34.84,25.97,1.05,68.15,0.52,5.31,Assam_Dhubri
2005-06-11,0.13,35.92,26.33,1.73,67.17,0.51,5.35,Assam_Dhubri
2005-06-12,1.26,35.67,26.57,1.58,69.55,0.51,4.54,Assam_Dhubri
2005-06-13,2.33,33.51,27.18,1.57,71.73,0.5,2.95,Assam_Dhubri
2005-06-14,1.6,34.46,27.58,1.04,68.31,0.5,3.35,Assam_Dhubri
2005-06-15,0.67,35.46,27.29,1.72,69.21,0.5,3.63,Assam_Dhubri
2005-06-16,8.23,34.98,27.78,1.66,73.2,0.5,3.21,Assam_Dhubri
2005-06-17,16.94,35.81,27.22,1.74,73.88,0.51,4.35,Assam_Dhubri
2005-06-18,7.01,34.95,27.37,2.14,78.2,0.52,3.99,Assam_Dhubri
2005-06-19,8.62,33.32,27.51,1.91,81.81,0.53,2.23,Assam_Dhubri
2005-06-20,6.68,33.85,26.81,2.14,77.18,0.53,3.23,Assam_Dhubri
2005-06-21,8.74,31.88,27.16,1.36,77.92,0.54,2.47,Assam_Dhubri
2005-06-22,12.81,33.44,26.4,2.29,80.43,0.55,4.62,Assam_Dhubri
2005-06-23,1.72,33.49,26.76,1.91,79.05,0.54,3.78,Assam_Dhubri
2005-06-24,4.23,34.37,26.3,2.0,77.66,0.54,4.92,Assam_Dhubri
2005-06-25,0.86,33.93,27.05,0.94,74.71,0.53,4.44,Assam_Dhubri
2005-06-26,1.1,35.43,27.27,1.52,72.5,0.52,6.16,Assam_Dhubri
2005-06-27,1.06,35.39,26.85,2.72,72.14,0.51,5.46,Assam_Dhubri
2005-06-28,6.01,32.19,27.35,2.61,80.48,0.51,2.35,Assam_Dhubri
2005-06-29,14.21,30.75,26.58,2.27,84.24,0.53,1.61,Assam_Dhubri
2005-06-30,3.69,31.55,26.58,0.98,79.01,0.54,2.44,Assam_Dhubri
2005-07-01,13.02,31.87,26.39,1.18,81.91,0.55,2.56,Assam_Dhubri
2005-07-02,15.15,32.64,26.43,1.18,80.35,0.56,4.35,Assam_Dhubri
2005-07-03,10.41,33.0,26.35,1.6,81.58,0.57,4.34,Assam_Dhubri
2005-07-04,5.88,33.43,26.91,1.68,79.81,0.56,5.01,Assam_Dhubri
2005-07-05,6.55,31.81,26.5,1.36,83.68,0.56,2.9,Assam_Dhubri
2005-07-06,0.6,34.67,26.24,1.31,74.06,0.56,7.48,Assam_Dhubri
2005-07-07,2.4,35.38,25.81,1.47,73.63,0.55,6.92,Assam_Dhubri
2005-07-08,0.55,35.57,26.88,2.3,74.25,0.54,7.0,Assam_Dhubri
2005-07-09,2.1,35.28,26.85,2.42,75.03,0.53,5.67,Assam_Dhubri
2005-07-10,21.04,33.03,27.06,1.94,80.85,0.54,2.93,Assam_Dhubri
2005-07-11,47.26,30.83,26.5,1.83,88.83,0.59,2.02,Assam_Dhubri
2005-07-12,43.39,30.61,25.99,1.81,86.96,0.66,2.94,Assam_Dhubri
2005-07-13,51.04,29.07,26.07,2.0,89.53,0.71,1.22,Assam_Dhubri
2005-07-14,77.11,28.42,25.63,2.42,91.6,0.76,1.04,Assam_Dhubri
2005-07-15,75.59,28.67,24.76,2.53,88.74,0.84,2.08,Assam_Dhubri
2005-07-16,23.62,30.7,24.29,2.42,86.73,0.85,4.1,Assam_Dhubri
2005-07-17,19.58,30.76,25.42,2.82,87.99,0.84,3.33,Assam_Dhubri
2005-07-18,11.04,29.73,25.89,3.4,90.83,0.83,2.21,Assam_Dhubri
2005-07-19,6.33,30.71,25.8,3.18,88.78,0.82,2.8,Assam_Dhubri
2005-07-20,6.0,31.41,26.65,2.66,88.61,0.82,3.35,Assam_Dhubri
2005-07-21,9.18,32.36,26.04,1.51,86.29,0.81,4.36,Assam_Dhubri
2005-07-22,5.29,33.48,26.3,1.12,79.41,0.81,5.84,Assam_Dhubri
2005-07-23,1.64,33.48,27.37,1.3,81.09,0.8,4.82,Assam_Dhubri
2005-07-24,1.75,33.29,27.95,1.38,80.45,0.79,5.67,Assam_Dhubri
2005-07-25,3.26,33.26,27.54,1.62,84.97,0.79,3.76,Assam_Dhubri
2005-07-26,5.71,31.05,27.54,2.15,87.25,0.79,2.48,Assam_Dhubri
2005-07-27,3.41,31.79,26.72,1.47,86.95,0.79,2.84,Assam_Dhubri
2005-07-28,0.72,32.73,26.89,0.9,81.57,0.78,3.83,Assam_Dhubri
2005-07-29,0.84,34.53,27.23,1.59,80.2,0.77,5.61,Assam_Dhubri
2005-07-30,11.69,34.0,27.4,1.56,82.19,0.78,4.4,Assam_Dhubri
2005-07-31,1.75,32.14,27.0,1.02,83.76,0.78,3.52,Assam_Dhubri
2005-08-01,0.0,33.56,26.83,1.33,81.2,0.77,5.71,Assam_Dhubri
2005-08-02,12.09,35.4,27.61,0.85,77.65,0.76,5.61,Assam_Dhubri
2005-08-03,23.85,31.66,27.49,2.01,88.2,0.78,2.26,Assam_Dhubri
2005-08-04,30.38,32.98,26.66,1.86,85.73,0.8,3.34,Assam_Dhubri
2005-08-05,33.1,32.76,26.87,1.49,82.63,0.83,4.76,Assam_Dhubri
2005-08-06,59.53,32.21,27.28,1.11,85.33,0.88,2.59,Assam_Dhubri
2005-08-07,44.36,33.02,27.06,1.39,83.49,0.89,3.48,Assam_Dhubri
2005-08-08,22.19,30.5,27.18,0.97,85.87,0.9,2.23,Assam_Dhubri
2005-08-09,14.62,31.37,26.12,0.9,83.26,0.9,2.48,Assam_Dhubri
2005-08-10,24.96,32.79,27.06,0.8,78.96,0.9,4.45,Assam_Dhubri
2005-08-11,27.47,31.28,27.08,0.99,85.77,0.91,1.65,Assam_Dhubri
2005-08-12,27.46,31.51,26.43,1.07,87.43,0.93,2.17,Assam_Dhubri
2005-08-13,6.53,33.64,27.09,0.87,80.12,0.92,4.34,Assam_Dhubri
2005-08-14,35.69,34.16,26.75,1.33,79.82,0.92,4.63,Assam_Dhubri
2005-08-15,21.92,32.8,25.98,1.74,81.67,0.94,4.24,Assam_Dhubri
2005-08-16,2.62,31.99,26.67,1.44,84.8,0.93,3.56,Assam_Dhubri
2005-08-17,0.86,32.66,26.69,1.52,85.33,0.92,4.11,Assam_Dhubri
2005-08-18,26.05,32.49,26.51,1.21,82.78,0.92,3.41,Assam_Dhubri
2005-08-19,41.25,29.83,26.43,0.69,86.6,0.95,1.62,Assam_Dhubri
2005-08-20,32.25,30.84,26.52,1.18,83.84,0.97,1.25,Assam_Dhubri
2005-08-21,10.57,30.58,26.26,1.53,86.84,0.96,2.25,Assam_Dhubri
2005-08-22,10.53,32.19,26.18,1.39,85.36,0.96,3.72,Assam_Dhubri
2005-08-23,8.69,30.45,26.76,2.19,91.67,0.95,1.23,Assam_Dhubri
2005-08-24,22.47,30.05,26.62,0.83,84.42,0.96,1.58,Assam_Dhubri
2005-08-25,6.84,30.93,25.85,0.94,83.65,0.96,2.71,Assam_Dhubri
2005-08-26,13.08,31.02,25.17,1.62,86.32,0.96,3.23,Assam_Dhubri
2005-08-27,7.82,29.38,25.98,2.17,90.41,0.96,1.22,Assam_Dhubri
2005-08-28,11.79,30.7,25.04,2.45,87.98,0.96,3.37,Assam_Dhubri
2005-08-29,5.98,31.45,25.19,2.51,86.97,0.95,3.8,Assam_Dhubri
2005-08-30,20.21,32.05,25.52,1.62,86.47,0.95,3.82,Assam_Dhubri
2005-08-31,4.09,31.41,25.89,0.89,81.75,0.95,2.43,Assam_Dhubri
2005-09-01,1.42,32.91,25.89,1.16,78.56,0.94,4.71,Assam_Dhubri
2005-09-02,1.16,33.79,26.38,0.96,76.22,0.93,5.32,Assam_Dhubri
2005-09-03,6.7,33.39,27.34,1.02,78.63,0.93,3.8,Assam_Dhubri
2005-09-04,2.72,32.13,26.11,1.47,85.19,0.93,4.06,Assam_Dhubri
2005-09-05,8.74,32.07,25.8,0.71,80.34,0.92,4.29,Assam_Dhubri
2005-09-06,10.93,29.01,25.81,0.97,88.15,0.93,1.87,Assam_Dhubri
2005-09-07,17.51,32.84,25.24,0.77,80.15,0.93,5.81,Assam_Dhubri
2005-09-08,6.02,32.92,27.51,0.74,78.7,0.93,5.14,Assam_Dhubri
2005-09-09,7.27,32.78,25.92,1.62,81.86,0.92,4.38,Assam_Dhubri
2005-09-10,4.12,32.79,26.59,1.35,78.0,0.92,5.01,Assam_Dhubri
2005-09-11,4.65,31.7,26.26,1.22,82.28,0.91,3.59,Assam_Dhubri
2005-09-12,1.31,31.7,25.71,1.59,84.52,0.91,3.32,Assam_Dhubri
2005-09-13,0.23,31.72,25.8,1.57,82.54,0.9,4.09,Assam_Dhubri
2005-09-14,0.11,31.16,25.37,1.64,80.02,0.89,3.93,Assam_Dhubri
2005-09-15,0.09,32.59,24.06,1.77,77.0,0.88,5.64,Assam_Dhubri
2005-09-16,0.46,32.22,24.28,2.2,80.68,0.87,5.37,Assam_Dhubri
2005-09-17,0.44,30.81,24.89,2.89,86.36,0.86,4.31,Assam_Dhubri
2005-09-18,2.26,31.5,25.63,2.22,85.72,0.86,3.69,Assam_Dhubri
2005-09-19,5.05,33.87,24.99,0.93,78.4,0.85,6.32,Assam_Dhubri
2005-09-20,21.34,32.17,26.68,0.82,81.93,0.86,2.67,Assam_Dhubri
2005-09-21,39.41,27.87,25.25,1.28,92.64,0.9,0.72,Assam_Dhubri
2005-09-22,1.4,29.85,24.4,1.37,87.45,0.9,3.61,Assam_Dhubri
2005-09-23,3.08,30.62,25.22,1.87,88.13,0.89,4.17,Assam_Dhubri
2005-09-24,15.17,29.15,26.12,2.09,92.67,0.9,1.35,Assam_Dhubri
2005-09-25,7.51,29.69,25.75,2.09,90.35,0.9,1.85,Assam_Dhubri
2005-09-26,14.97,30.21,25.05,1.35,88.59,0.91,2.52,Assam_Dhubri
2005-09-27,2.22,30.39,25.17,0.83,86.88,0.9,3.47,Assam_Dhubri
2005-09-28,0.08,31.41,24.1,0.86,82.51,0.9,5.67,Assam_Dhubri
2005-09-29,11.09,31.75,25.01,1.16,83.16,0.89,5.68,Assam_Dhubri
2005-09-30,13.56,30.4,25.29,1.6,88.24,0.9,2.44,Assam_Dhubri
2005-10-01,15.12,28.13,24.11,1.73,89.5,0.91,1.82,Assam_Dhubri
2005-10-02,95.64,27.11,23.06,2.35,92.34,0.93,1.01,Assam_Dhubri
2005-10-03,54.74,26.16,22.47,2.54,92.76,0.97,1.17,Assam_Dhubri
2005-10-04,66.35,27.44,22.66,2.15,90.43,0.98,1.2,Assam_Dhubri
2005-10-05,15.3,29.58,23.26,1.08,81.65,0.99,1.7,Assam_Dhubri
2005-10-06,1.85,30.02,23.02,0.87,79.8,0.98,5.15,Assam_Dhubri
2005-10-07,0.78,30.44,22.5,0.82,82.12,0.97,5.53,Assam_Dhubri
2005-10-08,0.15,30.33,22.82,1.11,83.66,0.96,5.42,Assam_Dhubri
2005-10-09,0.04,29.8,22.06,1.81,84.69,0.95,4.43,Assam_Dhubri
2005-10-10,0.0,30.32,22.11,1.49,83.1,0.95,4.96,Assam_Dhubri
2005-10-11,0.02,30.61,22.13,1.04,80.86,0.94,6.06,Assam_Dhubri
2005-10-12,0.0,29.82,21.99,1.18,83.59,0.93,5.12,Assam_Dhubri
2005-10-13,0.0,29.84,21.76,0.79,78.88,0.92,5.99,Assam_Dhubri
2005-10-14,0.0,28.45,22.06,1.17,81.01,0.92,4.11,Assam_Dhubri
2005-10-15,0.0,29.1,21.37,0.98,80.98,0.91,5.1,Assam_Dhubri
2005-10-16,0.01,29.19,22.87,0.62,78.23,0.91,5.13,Assam_Dhubri
2005-10-17,3.04,29.69,23.83,0.36,73.71,0.9,5.34,Assam_Dhubri
2005-10-18,20.01,27.65,23.2,0.78,83.71,0.91,2.03,Assam_Dhubri
2005-10-19,8.31,27.48,22.34,2.06,89.39,0.92,2.75,Assam_Dhubri
2005-10-20,18.14,25.22,21.83,2.21,92.35,0.92,1.33,Assam_Dhubri
2005-10-21,35.28,24.65,21.33,2.68,93.89,0.94,0.65,Assam_Dhubri
2005-10-22,60.47,24.06,21.28,2.69,94.32,0.97,0.55,Assam_Dhubri
2005-10-23,11.6,28.13,21.16,1.5,88.71,0.98,3.88,Assam_Dhubri
2005-10-24,1.04,27.88,19.93,1.12,85.35,0.96,4.52,Assam_Dhubri
2005-10-25,0.01,26.82,19.79,1.51,88.13,0.96,4.0,Assam_Dhubri
2005-10-26,0.01,27.72,19.58,0.99,84.49,0.95,4.64,Assam_Dhubri
2005-10-27,0.05,28.29,20.53,1.07,85.12,0.94,4.86,Assam_Dhubri
2005-10-28,0.0,27.89,19.9,1.88,86.94,0.94,4.0,Assam_Dhubri
2005-10-29,0.0,27.63,19.27,0.95,79.4,0.93,5.09,Assam_Dhubri
2005-10-30,0.0,27.79,18.1,0.89,80.05,0.92,5.05,Assam_Dhubri
2005-10-31,0.01,28.17,20.02,0.67,73.78,0.92,5.24,Assam_Dhubri
2005-11-01,0.01,26.91,18.18,0.85,76.12,0.91,4.73,Assam_Dhubri
2005-11-02,0.0,25.44,18.03,1.53,84.84,0.91,3.94,Assam_Dhubri
2005-11-03,0.0,25.36,16.68,1.39,83.97,0.9,4.1,Assam_Dhubri
2005-11-04,0.0,25.92,16.75,1.05,76.48,0.9,4.43,Assam_Dhubri
2005-11-05,0.0,26.87,17.15,0.51,70.84,0.89,5.22,Assam_Dhubri
2005-11-06,0.0,25.2,16.27,1.28,81.64,0.88,3.85,Assam_Dhubri
2005-11-07,0.0,25.42,16.07,1.65,85.31,0.88,3.71,Assam_Dhubri
2005-11-08,0.0,26.47,17.02,1.61,81.66,0.87,4.36,Assam_Dhubri
2005-11-09,0.0,27.06,17.2,1.1,77.74,0.87,4.74,Assam_Dhubri
2005-11-10,0.03,26.78,16.94,1.14,77.44,0.86,4.5,Assam_Dhubri
2005-11-11,0.0,25.97,16.93,0.85,79.49,0.85,4.41,Assam_Dhubri
2005-11-12,0.0,25.22,16.91,0.51,77.88,0.85,4.35,Assam_Dhubri
2005-11-13,0.0,24.43,17.59,0.53,79.76,0.84,3.73,Assam_Dhubri
2005-11-14,0.0,24.78,16.9,0.72,82.23,0.84,3.83,Assam_Dhubri
2005-11-15,0.0,24.48,17.73,0.74,82.1,0.84,3.93,Assam_Dhubri
2005-11-16,0.0,25.12,17.43,0.65,80.85,0.83,3.73,Assam_Dhubri
2005-11-17,0.0,25.59,18.08,1.0,82.33,0.83,3.39,Assam_Dhubri
2005-11-18,0.01,24.51,16.27,0.75,77.55,0.82,3.23,Assam_Dhubri
2005-11-19,0.01,23.65,16.58,1.93,89.64,0.82,2.63,Assam_Dhubri
2005-11-20,0.0,24.22,15.01,1.38,84.68,0.81,3.17,Assam_Dhubri
2005-11-21,0.0,24.61,15.64,1.07,82.39,0.81,3.55,Assam_Dhubri
2005-11-22,0.22,25.1,16.48,0.74,80.58,0.81,3.5,Assam_Dhubri
2005-11-23,0.15,24.63,17.18,1.15,82.8,0.8,2.72,Assam_Dhubri
2005-11-24,0.01,24.01,15.99,1.06,87.48,0.8,2.15,Assam_Dhubri
2005-11-25,0.0,23.28,16.25,1.7,89.37,0.8,2.63,Assam_Dhubri
2005-11-26,0.0,22.81,14.2,1.45,87.37,0.79,2.96,Assam_Dhubri
2005-11-27,0.0,22.33,13.58,1.08,85.79,0.79,2.88,Assam_Dhubri
2005-11-28,0.0,21.98,13.15,1.38,88.42,0.78,2.61,Assam_Dhubri
2005-11-29,0.0,22.43,12.6,1.12,84.98,0.78,2.78,Assam_Dhubri
2005-11-30,0.0,22.13,12.41,1.19,87.77,0.78,2.42,Assam_Dhubri
2005-12-01,0.0,22.31,12.65,1.25,88.79,0.77,2.37,Assam_Dhubri
2005-12-02,0.0,22.59,12.82,1.11,84.02,0.77,2.62,Assam_Dhubri
2005-12-03,0.0,22.2,12.54,1.02,82.88,0.77,2.53,Assam_Dhubri
2005-12-04,0.0,22.73,12.82,0.7,81.59,0.76,2.77,Assam_Dhubri
2005-12-05,0.0,21.64,11.82,1.13,87.34,0.76,2.38,Assam_Dhubri
2005-12-06,0.0,21.35,12.1,1.39,88.46,0.76,2.39,Assam_Dhubri
2005-12-07,0.0,22.2,12.53,1.31,86.79,0.75,2.54,Assam_Dhubri
2005-12-08,0.0,22.51,11.22,1.54,81.83,0.75,2.97,Assam_Dhubri
2005-12-09,0.0,22.78,12.61,1.31,78.0,0.74,2.79,Assam_Dhubri
2005-12-10,0.0,22.42,11.44,1.05,82.53,0.74,2.63,Assam_Dhubri
2005-12-11,0.0,21.84,11.46,0.91,84.61,0.74,2.5,Assam_Dhubri
2005-12-12,0.0,21.12,11.38,1.03,85.57,0.73,2.25,Assam_Dhubri
2005-12-13,0.0,21.7,11.54,0.7,79.84,0.73,2.46,Assam_Dhubri
2005-12-14,0.0,20.8,11.05,1.38,83.25,0.73,2.09,Assam_Dhubri
2005-12-15,0.0,21.55,11.09,1.9,79.92,0.72,2.12,Assam_Dhubri
2005-12-16,0.0,22.41,11.23,1.48,77.73,0.72,2.25,Assam_Dhubri
2005-12-17,0.0,23.01,11.46,1.23,80.29,0.72,2.34,Assam_Dhubri
2005-12-18,0.0,23.07,12.13,0.83,81.68,0.71,2.34,Assam_Dhubri
2005-12-19,0.0,22.82,11.5,0.94,82.74,0.71,2.16,Assam_Dhubri
2005-12-20,0.0,22.11,11.91,1.23,88.89,0.71,1.93,Assam_Dhubri
2005-12-21,0.0,23.03,11.9,1.71,86.86,0.71,2.1,Assam_Dhubri
2005-12-22,0.11,23.4,13.82,1.64,83.41,0.7,1.71,Assam_Dhubri
2005-12-23,0.05,23.4,14.97,1.27,86.89,0.7,2.05,Assam_Dhubri
2005-12-24,0.0,22.69,13.45,1.5,88.04,0.7,1.98,Assam_Dhubri
2005-12-25,0.0,22.87,13.12,0.64,82.72,0.7,2.16,Assam_Dhubri
2005-12-26,0.0,23.12,12.43,1.3,81.06,0.69,2.01,Assam_Dhubri
2005-12-27,0.0,21.31,10.96,0.97,82.16,0.69,1.6,Assam_Dhubri
2005-12-28,0.0,21.68,10.58,1.43,85.8,0.69,1.74,Assam_Dhubri
2005-12-29,0.0,21.86,10.91,0.92,81.61,0.68,1.84,Assam_Dhubri
2005-12-30,0.0,21.28,10.62,1.23,83.12,0.68,1.77,Assam_Dhubri
2005-12-31,0.0,21.3,10.3,1.15,85.41,0.68,1.65,Assam_Dhubri
2006-01-01,0.0,20.91,9.98,1.47,86.18,0.68,1.66,Assam_Dhubri
2006-01-02,0.0,21.02,9.36,1.52,84.83,0.67,1.7,Assam_Dhubri
2006-01-03,0.0,21.31,9.23,1.0,84.26,0.67,1.75,Assam_Dhubri
2006-01-04,0.0,21.46,9.33,0.94,78.32,0.67,1.77,Assam_Dhubri
2006-01-05,0.0,21.04,9.72,1.3,84.36,0.67,1.48,Assam_Dhubri
2006-01-06,0.0,20.72,9.61,1.15,85.28,0.66,1.46,Assam_Dhubri
2006-01-07,0.0,21.71,10.54,0.57,80.93,0.66,1.66,Assam_Dhubri
2006-01-08,0.0,20.59,10.3,0.99,84.27,0.66,1.35,Assam_Dhubri
2006-01-09,0.0,20.59,9.28,1.02,84.43,0.66,1.37,Assam_Dhubri
2006-01-10,0.0,20.44,8.63,0.61,79.63,0.65,1.51,Assam_Dhubri
2006-01-11,0.0,20.98,9.0,0.7,74.6,0.65,1.41,Assam_Dhubri
2006-01-12,0.0,20.56,8.99,1.09,81.15,0.65,1.22,Assam_Dhubri
2006-01-13,0.0,20.5,8.9,0.88,75.42,0.65,1.2,Assam_Dhubri
2006-01-14,0.0,19.91,9.93,1.09,75.49,0.65,0.83,Assam_Dhubri
2006-01-15,0.0,19.45,9.7,1.13,84.31,0.65,0.95,Assam_Dhubri
2006-01-16,0.0,19.37,9.28,0.88,81.49,0.64,0.92,Assam_Dhubri
2006-01-17,0.0,20.77,10.16,1.07,74.67,0.64,1.07,Assam_Dhubri
2006-01-18,0.0,21.85,10.43,1.15,76.38,0.64,1.04,Assam_Dhubri
2006-01-19,0.0,22.86,13.14,1.13,75.33,0.64,1.26,Assam_Dhubri
2006-01-20,0.0,21.65,10.59,1.46,80.69,0.64,1.25,Assam_Dhubri
2006-01-21,0.0,21.99,10.12,1.55,71.77,0.63,1.52,Assam_Dhubri
2006-01-22,0.0,21.62,8.83,1.44,64.82,0.63,1.45,Assam_Dhubri
2006-01-23,0.0,21.92,10.63,1.0,63.63,0.63,1.46,Assam_Dhubri
2006-01-24,0.0,21.26,8.79,0.88,76.07,0.62,1.31,Assam_Dhubri
2006-01-25,0.0,21.01,10.96,1.06,72.89,0.62,1.28,Assam_Dhubri
2006-01-26,0.0,22.49,10.35,1.28,78.51,0.62,1.38,Assam_Dhubri
2006-01-27,0.0,22.24,10.53,1.23,79.19,0.62,1.43,Assam_Dhubri
2006-01-28,0.0,22.76,10.84,0.94,75.23,0.61,1.55,Assam_Dhubri
2006-01-29,0.0,23.02,10.18,1.0,74.49,0.61,1.54,Assam_Dhubri
2006-01-30,0.0,23.26,10.37,1.3,77.21,0.61,1.42,Assam_Dhubri
2006-01-31,0.0,24.12,11.31,1.28,79.86,0.61,1.51,Assam_Dhubri
2006-02-01,0.0,24.17,11.59,1.38,77.05,0.6,1.53,Assam_Dhubri
2006-02-02,0.0,26.02,12.47,0.71,71.31,0.6,1.8,Assam_Dhubri
2006-02-03,0.0,25.57,14.05,1.0,75.48,0.6,1.55,Assam_Dhubri
2006-02-04,0.0,25.79,14.6,1.12,74.86,0.6,1.51,Assam_Dhubri
2006-02-05,0.14,26.09,14.96,1.08,71.29,0.59,1.52,Assam_Dhubri
2006-02-06,0.0,24.19,12.64,1.48,81.24,0.59,1.44,Assam_Dhubri
2006-02-07,0.0,25.61,12.82,1.42,76.64,0.59,1.73,Assam_Dhubri
2006-02-08,0.0,25.44,13.03,1.42,73.33,0.58,1.7,Assam_Dhubri
2006-02-09,0.0,25.21,13.39,1.56,74.16,0.58,1.56,Assam_Dhubri
2006-02-10,0.0,26.23,12.87,1.24,71.62,0.58,1.75,Assam_Dhubri
2006-02-11,0.0,26.03,13.72,1.11,71.82,0.57,1.75,Assam_Dhubri
2006-02-12,0.0,27.17,14.5,0.94,68.55,0.57,1.77,Assam_Dhubri
2006-02-13,0.0,26.39,14.43,0.91,65.43,0.57,1.48,Assam_Dhubri
2006-02-14,0.39,27.27,15.52,1.33,62.01,0.57,1.41,Assam_Dhubri
2006-02-15,0.24,27.89,15.82,1.54,67.17,0.57,1.45,Assam_Dhubri
2006-02-16,0.06,28.94,15.16,1.7,61.64,0.56,1.75,Assam_Dhubri
2006-02-17,0.07,28.05,14.88,1.29,55.4,0.56,1.7,Assam_Dhubri
2006-02-18,1.46,28.27,15.63,1.3,64.59,0.56,1.73,Assam_Dhubri
2006-02-19,0.73,28.21,16.67,1.81,73.45,0.56,1.78,Assam_Dhubri
2006-02-20,0.0,28.33,17.25,1.35,74.14,0.55,1.84,Assam_Dhubri
2006-02-21,2.0,28.33,18.55,1.05,71.37,0.55,1.58,Assam_Dhubri
2006-02-22,2.0,29.3,18.21,1.18,70.76,0.55,1.82,Assam_Dhubri
2006-02-23,0.67,29.23,17.86,1.17,70.76,0.55,1.97,Assam_Dhubri
2006-02-24,0.0,30.08,18.26,1.09,66.25,0.55,2.06,Assam_Dhubri
2006-02-25,0.0,28.75,17.64,1.57,72.3,0.54,1.84,Assam_Dhubri
2006-02-26,0.0,30.62,17.23,1.49,66.29,0.54,2.04,Assam_Dhubri
2006-02-27,0.0,32.37,16.44,2.4,55.48,0.54,2.58,Assam_Dhubri
2006-02-28,0.0,32.1,15.95,3.49,48.94,0.53,3.2,Assam_Dhubri
2006-03-01,0.0,30.86,15.09,1.9,41.87,0.52,2.67,Assam_Dhubri
2006-03-02,0.0,29.64,16.58,1.01,41.75,0.52,2.44,Assam_Dhubri
2006-03-03,0.01,28.8,16.0,0.96,44.38,0.52,2.45,Assam_Dhubri
2006-03-04,0.0,29.23,14.66,1.28,45.39,0.51,2.41,Assam_Dhubri
2006-03-05,0.0,28.56,14.28,1.31,54.45,0.51,2.22,Assam_Dhubri
2006-03-06,0.03,30.42,14.9,1.22,51.97,0.51,2.43,Assam_Dhubri
2006-03-07,0.0,30.11,15.27,1.44,55.3,0.5,2.38,Assam_Dhubri
2006-03-08,0.0,30.14,15.91,1.73,56.02,0.5,2.13,Assam_Dhubri
2006-03-09,0.0,30.68,17.54,1.3,57.41,0.49,1.98,Assam_Dhubri
2006-03-10,0.72,31.81,19.46,0.91,54.55,0.49,2.34,Assam_Dhubri
2006-03-11,3.38,28.49,19.47,1.97,65.1,0.5,1.04,Assam_Dhubri
2006-03-12,1.65,28.79,16.46,2.24,68.24,0.5,1.89,Assam_Dhubri
2006-03-13,0.73,29.58,17.88,1.61,58.8,0.49,2.6,Assam_Dhubri
2006-03-14,0.12,30.57,17.1,1.32,58.26,0.49,2.59,Assam_Dhubri
2006-03-15,0.75,31.38,19.54,1.02,52.76,0.48,2.49,Assam_Dhubri
2006-03-16,1.6,23.61,17.38,1.51,74.23,0.49,0.71,Assam_Dhubri
2006-03-17,0.57,30.0,16.31,1.68,60.49,0.48,2.49,Assam_Dhubri
2006-03-18,0.12,29.9,15.75,0.97,45.48,0.48,2.73,Assam_Dhubri
2006-03-19,0.0,29.59,14.84,1.47,55.06,0.48,2.38,Assam_Dhubri
2006-03-20,0.0,30.93,16.01,1.01,49.6,0.47,2.54,Assam_Dhubri
2006-03-21,0.0,31.18,16.53,1.25,46.49,0.47,2.32,Assam_Dhubri
2006-03-22,0.89,32.48,18.1,1.27,44.2,0.47,2.58,Assam_Dhubri
2006-03-23,0.84,31.94,19.59,0.74,43.65,0.46,2.76,Assam_Dhubri
2006-03-24,0.0,32.52,17.72,1.13,48.12,0.46,2.71,Assam_Dhubri
2006-03-25,0.0,33.56,17.38,1.46,50.18,0.46,2.67,Assam_Dhubri
2006-03-26,0.0,34.76,18.61,1.37,46.47,0.45,2.7,Assam_Dhubri
2006-03-27,0.0,37.35,20.68,2.71,34.94,0.45,3.23,Assam_Dhubri
2006-03-28,0.03,35.64,18.69,2.3,34.48,0.44,2.82,Assam_Dhubri
2006-03-29,0.0,34.09,17.8,1.55,30.66,0.44,2.55,Assam_Dhubri
2006-03-30,0.0,34.21,18.51,1.03,33.09,0.44,2.38,Assam_Dhubri
2006-03-31,0.05,33.08,17.62,1.4,43.97,0.43,2.16,Assam_Dhubri
2006-04-01,0.02,34.63,19.15,1.26,43.76,0.43,2.3,Assam_Dhubri
2006-04-02,2.05,33.51,19.73,1.93,53.17,0.43,2.03,Assam_Dhubri
2006-04-03,15.4,32.21,20.49,1.24,58.99,0.45,1.88,Assam_Dhubri
2006-04-04,10.65,31.73,21.52,1.51,68.68,0.46,1.91,Assam_Dhubri
2006-04-05,5.52,32.23,21.87,1.52,71.86,0.47,2.45,Assam_Dhubri
2006-04-06,3.91,32.19,21.99,2.27,71.54,0.47,2.24,Assam_Dhubri
2006-04-07,5.22,32.25,21.45,2.24,68.11,0.47,2.35,Assam_Dhubri
2006-04-08,0.65,31.87,21.85,2.37,67.39,0.46,2.38,Assam_Dhubri
2006-04-09,4.48,31.01,21.44,2.44,71.11,0.46,1.94,Assam_Dhubri
2006-04-10,9.15,32.44,22.86,1.6,71.4,0.47,2.13,Assam_Dhubri
2006-04-11,4.81,35.85,23.82,2.7,64.81,0.48,3.05,Assam_Dhubri
2006-04-12,0.4,36.9,21.84,2.18,51.58,0.47,3.31,Assam_Dhubri
2006-04-13,3.33,35.49,21.42,1.54,61.47,0.46,2.29,Assam_Dhubri
2006-04-14,0.29,36.89,22.5,1.68,49.26,0.46,3.48,Assam_Dhubri
2006-04-15,0.0,37.87,19.91,1.35,37.62,0.45,3.21,Assam_Dhubri
2006-04-16,0.05,36.49,20.25,1.42,52.03,0.45,2.91,Assam_Dhubri
2006-04-17,5.83,31.64,22.9,1.44,65.12,0.45,0.91,Assam_Dhubri
2006-04-18,27.17,26.8,22.09,1.32,80.92,0.47,0.75,Assam_Dhubri
2006-04-19,1.46,28.65,19.55,2.38,76.04,0.5,2.53,Assam_Dhubri
2006-04-20,0.0,30.98,18.62,1.1,67.76,0.49,3.6,Assam_Dhubri
2006-04-21,1.12,33.02,19.83,1.16,59.29,0.48,3.9,Assam_Dhubri
2006-04-22,12.1,32.9,20.72,1.57,62.41,0.49,3.56,Assam_Dhubri
2006-04-23,2.82,32.27,21.03,1.87,65.74,0.49,3.38,Assam_Dhubri
2006-04-24,10.71,32.82,21.11,1.81,65.89,0.5,3.74,Assam_Dhubri
2006-04-25,0.59,33.7,21.33,1.75,63.64,0.49,3.86,Assam_Dhubri
2006-04-26,3.62,34.6,21.59,1.79,63.07,0.49,3.58,Assam_Dhubri
2006-04-27,7.31,31.5,20.71,3.2,72.86,0.49,2.62,Assam_Dhubri
2006-04-28,0.0,34.39,22.11,2.34,66.62,0.49,4.07,Assam_Dhubri
2006-04-29,0.0,35.13,21.71,2.73,57.02,0.48,4.07,Assam_Dhubri
2006-04-30,0.0,37.2,22.34,1.63,53.18,0.47,3.98,Assam_Dhubri
2006-05-01,11.68,35.23,23.63,1.78,63.02,0.48,2.89,Assam_Dhubri
2006-05-02,11.5,35.84,25.26,1.84,65.17,0.49,3.09,Assam_Dhubri
2006-05-03,1.38,35.54,25.27,1.33,62.02,0.49,4.05,Assam_Dhubri
2006-05-04,2.33,35.82,24.5,1.3,62.67,0.48,3.83,Assam_Dhubri
2006-05-05,21.26,33.63,24.4,1.46,68.7,0.5,3.04,Assam_Dhubri
2006-05-06,7.51,33.13,24.44,1.81,72.23,0.51,3.59,Assam_Dhubri
2006-05-07,0.66,30.1,24.61,2.78,77.96,0.5,2.25,Assam_Dhubri
2006-05-08,0.02,34.35,23.3,1.52,66.28,0.49,4.44,Assam_Dhubri
2006-05-09,0.78,34.43,24.15,1.5,65.32,0.49,4.36,Assam_Dhubri
2006-05-10,3.65,33.95,25.29,1.79,69.98,0.48,3.53,Assam_Dhubri
2006-05-11,9.41,32.5,25.45,1.78,75.11,0.49,2.69,Assam_Dhubri
2006-05-12,13.76,32.24,25.27,2.06,78.81,0.5,2.94,Assam_Dhubri
2006-05-13,48.17,29.22,25.21,2.38,88.22,0.55,1.23,Assam_Dhubri
2006-05-14,2.47,28.03,22.63,2.6,85.02,0.57,2.08,Assam_Dhubri
2006-05-15,0.0,32.24,21.96,3.45,71.99,0.56,6.3,Assam_Dhubri
2006-05-16,0.0,34.1,22.68,2.04,67.82,0.54,5.9,Assam_Dhubri
2006-05-17,0.0,34.78,22.26,1.88,63.47,0.53,6.13,Assam_Dhubri
2006-05-18,0.35,35.88,22.92,0.85,56.36,0.52,6.2,Assam_Dhubri
2006-05-19,8.78,34.12,25.18,1.04,62.75,0.52,3.86,Assam_Dhubri
2006-05-20,0.09,33.8,25.86,0.74,59.66,0.52,5.08,Assam_Dhubri
2006-05-21,1.87,34.8,24.59,1.56,65.09,0.51,5.45,Assam_Dhubri
2006-05-22,9.17,34.96,25.1,0.78,60.89,0.51,5.25,Assam_Dhubri
2006-05-23,1.29,34.94,25.92,1.04,60.82,0.51,5.52,Assam_Dhubri
2006-05-24,2.9,34.78,25.08,1.5,65.87,0.51,4.8,Assam_Dhubri
2006-05-25,1.13,36.84,26.21,1.78,61.0,0.5,5.3,Assam_Dhubri
2006-05-26,16.08,33.77,27.27,2.16,66.77,0.51,4.23,Assam_Dhubri
2006-05-27,20.14,33.17,25.88,2.1,77.29,0.52,4.11,Assam_Dhubri
2006-05-28,11.61,27.89,25.39,2.71,89.32,0.55,0.95,Assam_Dhubri
2006-05-29,47.69,32.1,25.29,2.56,84.59,0.58,3.82,Assam_Dhubri
2006-05-30,32.13,33.29,26.08,2.43,84.08,0.64,5.61,Assam_Dhubri
2006-05-31,27.29,31.19,25.59,4.06,86.98,0.65,3.66,Assam_Dhubri
2006-06-01,38.83,30.37,26.64,2.8,89.93,0.68,2.05,Assam_Dhubri
2006-06-02,37.16,30.36,25.76,1.83,88.42,0.72,2.11,Assam_Dhubri
2006-06-03,6.03,31.06,24.81,1.34,81.34,0.72,4.06,Assam_Dhubri
2006-06-04,2.06,33.51,25.6,0.96,75.32,0.71,6.69,Assam_Dhubri
2006-06-05,7.71,29.6,25.93,1.09,85.38,0.7,2.48,Assam_Dhubri
2006-06-06,3.65,33.21,25.79,1.63,82.67,0.7,4.63,Assam_Dhubri
2006-06-07,4.25,32.36,26.39,1.33,81.63,0.69,4.36,Assam_Dhubri
2006-06-08,1.52,32.95,26.37,1.81,81.56,0.68,6.99,Assam_Dhubri
2006-06-09,5.07,32.84,26.3,1.59,82.97,0.68,5.73,Assam_Dhubri
2006-06-10,9.99,30.47,25.95,1.63,85.4,0.68,3.39,Assam_Dhubri
2006-06-11,8.17,33.2,25.82,2.56,83.78,0.68,5.78,Assam_Dhubri
2006-06-12,11.45,34.14,27.49,2.8,81.66,0.68,5.99,Assam_Dhubri
2006-06-13,14.47,32.14,26.8,1.99,88.67,0.69,2.69,Assam_Dhubri
2006-06-14,14.91,31.25,26.44,2.1,86.54,0.71,4.23,Assam_Dhubri
2006-06-15,7.94,32.63,26.03,2.04,83.5,0.7,6.0,Assam_Dhubri
2006-06-16,8.75,32.82,26.59,2.54,83.73,0.7,5.24,Assam_Dhubri
2006-06-17,2.05,31.19,26.49,1.85,86.16,0.7,3.88,Assam_Dhubri
2006-06-18,0.38,33.05,25.73,1.63,80.02,0.69,6.71,Assam_Dhubri
2006-06-19,1.74,34.41,26.82,0.56,70.6,0.67,8.13,Assam_Dhubri
2006-06-20,1.21,30.86,25.78,1.73,81.63,0.67,3.92,Assam_Dhubri
2006-06-21,2.09,29.53,25.39,1.47,82.72,0.67,3.9,Assam_Dhubri
2006-06-22,1.04,33.15,24.93,1.34,80.76,0.66,7.12,Assam_Dhubri
2006-06-23,5.81,31.99,26.36,1.75,85.69,0.66,3.84,Assam_Dhubri
2006-06-24,4.88,29.69,26.49,1.22,88.26,0.66,1.77,Assam_Dhubri
2006-06-25,2.79,31.72,25.82,1.64,84.1,0.66,5.14,Assam_Dhubri
2006-06-26,18.35,31.55,26.22,1.65,82.22,0.66,5.71,Assam_Dhubri
2006-06-27,34.46,29.06,26.07,1.75,92.01,0.7,1.14,Assam_Dhubri
2006-06-28,38.3,31.33,25.47,1.43,86.53,0.74,3.47,Assam_Dhubri
2006-06-29,18.11,32.92,25.92,0.95,77.12,0.76,5.69,Assam_Dhubri
2006-06-30,2.81,33.8,26.42,0.89,75.44,0.74,7.29,Assam_Dhubri
2006-07-01,8.95,34.42,27.35,1.81,79.49,0.73,6.37,Assam_Dhubri
2006-07-02,5.01,31.58,27.45,2.31,88.32,0.73,2.22,Assam_Dhubri
2006-07-03,5.76,34.24,26.96,1.61,80.84,0.73,5.96,Assam_Dhubri
2006-07-04,0.81,32.87,26.29,1.78,83.3,0.72,6.48,Assam_Dhubri
2006-07-05,1.66,32.62,27.21,2.31,84.89,0.71,5.77,Assam_Dhubri
2006-07-06,21.81,31.14,27.5,2.01,88.66,0.72,2.02,Assam_Dhubri
2006-07-07,30.21,31.88,27.11,2.38,88.3,0.76,2.98,Assam_Dhubri
2006-07-08,15.54,32.18,27.2,1.27,80.98,0.77,2.89,Assam_Dhubri
2006-07-09,3.58,34.06,26.55,1.47,80.23,0.76,6.49,Assam_Dhubri
2006-07-10,12.89,34.19,26.13,1.81,81.08,0.76,6.08,Assam_Dhubri
2006-07-11,12.52,32.02,27.6,1.59,87.15,0.76,3.34,Assam_Dhubri
2006-07-12,25.3,32.7,27.23,2.22,85.83,0.77,4.33,Assam_Dhubri
2006-07-13,15.82,32.34,27.33,1.86,86.6,0.79,3.63,Assam_Dhubri
2006-07-14,4.54,32.95,26.21,2.04,85.48,0.78,4.55,Assam_Dhubri
2006-07-15,2.11,32.48,27.36,1.27,81.4,0.77,4.17,Assam_Dhubri
2006-07-16,3.22,34.05,27.23,1.47,80.17,0.76,6.34,Assam_Dhubri
2006-07-17,0.31,31.93,27.1,1.6,84.75,0.76,3.62,Assam_Dhubri
2006-07-18,7.77,33.14,26.34,1.91,82.5,0.75,6.15,Assam_Dhubri
2006-07-19,7.21,32.77,26.17,1.65,82.21,0.75,5.4,Assam_Dhubri
2006-07-20,4.93,33.49,26.79,1.78,82.8,0.75,5.93,Assam_Dhubri
2006-07-21,1.11,32.22,25.89,1.67,80.98,0.74,5.25,Assam_Dhubri
2006-07-22,4.02,32.18,25.67,1.71,81.71,0.73,6.7,Assam_Dhubri
2006-07-23,10.42,32.04,25.9,1.85,84.01,0.73,5.09,Assam_Dhubri
2006-07-24,7.57,31.89,26.53,1.2,83.43,0.73,4.01,Assam_Dhubri
2006-07-25,18.58,30.59,26.88,1.42,87.0,0.75,2.17,Assam_Dhubri
2006-07-26,61.52,30.7,26.73,1.13,83.29,0.81,2.45,Assam_Dhubri
2006-07-27,7.39,32.31,26.15,1.13,78.02,0.82,4.74,Assam_Dhubri
2006-07-28,1.72,31.64,26.83,1.83,85.07,0.8,3.21,Assam_Dhubri
2006-07-29,2.48,32.13,25.87,2.1,84.27,0.79,3.4,Assam_Dhubri
2006-07-30,4.76,31.06,26.42,1.57,86.13,0.79,3.08,Assam_Dhubri
2006-07-31,2.33,33.48,26.03,0.85,78.56,0.78,6.54,Assam_Dhubri
2006-08-01,7.6,33.99,28.27,1.51,77.57,0.77,6.18,Assam_Dhubri
2006-08-02,9.73,33.46,25.99,1.64,80.31,0.78,5.7,Assam_Dhubri
2006-08-03,10.68,31.13,26.54,1.16,83.92,0.78,3.55,Assam_Dhubri
2006-08-04,2.63,29.16,25.23,1.56,86.9,0.78,2.28,Assam_Dhubri
2006-08-05,2.06,31.29,24.5,2.18,83.97,0.77,6.07,Assam_Dhubri
2006-08-06,10.17,31.32,24.56,1.92,84.06,0.77,5.51,Assam_Dhubri
2006-08-07,2.59,30.86,25.42,1.2,82.92,0.77,3.43,Assam_Dhubri
2006-08-08,10.69,31.99,25.47,1.24,83.75,0.77,4.73,Assam_Dhubri
2006-08-09,1.01,33.7,26.69,0.85,72.68,0.76,7.52,Assam_Dhubri
2006-08-10,7.52,31.98,27.56,1.59,79.63,0.76,2.48,Assam_Dhubri
2006-08-11,0.74,34.8,26.59,1.4,73.81,0.75,6.89,Assam_Dhubri
2006-08-12,12.66,33.22,27.63,1.16,80.31,0.75,3.53,Assam_Dhubri
2006-08-13,8.01,29.75,27.05,1.41,86.56,0.77,1.87,Assam_Dhubri
2006-08-14,4.25,31.83,25.89,1.08,81.77,0.76,3.63,Assam_Dhubri
2006-08-15,1.33,33.58,27.1,1.53,79.72,0.76,4.69,Assam_Dhubri
2006-08-16,0.48,34.68,26.67,1.55,77.46,0.74,7.26,Assam_Dhubri
2006-08-17,0.92,32.87,25.96,1.61,83.36,0.73,5.58,Assam_Dhubri
2006-08-18,0.48,32.76,25.97,1.56,83.06,0.73,5.84,Assam_Dhubri
2006-08-19,2.01,32.75,26.43,1.25,82.0,0.72,4.61,Assam_Dhubri
2006-08-20,2.14,33.45,26.91,0.8,75.43,0.72,6.5,Assam_Dhubri
2006-08-21,6.75,34.03,27.51,1.22,77.79,0.71,5.16,Assam_Dhubri
2006-08-22,9.56,33.24,24.97,1.88,80.71,0.72,6.19,Assam_Dhubri
2006-08-23,5.33,32.88,25.61,2.0,83.0,0.72,6.25,Assam_Dhubri
2006-08-24,2.78,32.85,25.63,1.61,81.09,0.71,5.78,Assam_Dhubri
2006-08-25,6.75,31.13,26.18,1.71,85.74,0.71,3.3,Assam_Dhubri
2006-08-26,3.06,32.03,26.31,1.37,84.18,0.71,4.41,Assam_Dhubri
2006-08-27,1.11,33.5,25.33,1.08,76.27,0.7,7.21,Assam_Dhubri
2006-08-28,10.68,32.21,27.2,1.79,82.05,0.7,5.09,Assam_Dhubri
2006-08-29,12.52,32.04,26.63,1.63,86.4,0.71,3.8,Assam_Dhubri
2006-08-30,2.42,29.65,25.68,1.37,84.38,0.71,4.17,Assam_Dhubri
2006-08-31,2.16,32.53,24.48,1.38,81.62,0.7,6.79,Assam_Dhubri
2006-09-01,0.21,31.78,25.37,1.3,82.13,0.69,5.37,Assam_Dhubri
2006-09-02,7.01,32.34,26.37,1.13,79.67,0.69,5.37,Assam_Dhubri
2006-09-03,1.21,33.37,26.24,1.67,79.45,0.69,7.17,Assam_Dhubri
2006-09-04,0.32,32.4,24.36,1.53,80.92,0.68,7.42,Assam_Dhubri
2006-09-05,0.04,32.04,24.88,2.22,81.42,0.67,7.6,Assam_Dhubri
2006-09-06,0.1,32.33,25.18,2.73,82.72,0.66,7.18,Assam_Dhubri
2006-09-07,8.32,32.1,25.81,2.75,84.11,0.65,5.02,Assam_Dhubri
2006-09-08,19.42,29.93,26.41,1.35,83.93,0.68,1.52,Assam_Dhubri
2006-09-09,3.77,29.48,25.1,1.04,83.99,0.69,2.31,Assam_Dhubri
2006-09-10,7.03,31.49,25.1,1.22,82.1,0.68,4.89,Assam_Dhubri
2006-09-11,10.43,27.16,24.84,1.93,92.8,0.69,0.92,Assam_Dhubri
2006-09-12,17.05,29.03,24.68,1.9,91.76,0.71,1.7,Assam_Dhubri
2006-09-13,5.41,31.06,24.78,1.72,87.11,0.71,4.19,Assam_Dhubri
2006-09-14,2.76,31.34,24.8,1.11,84.06,0.71,4.89,Assam_Dhubri
2006-09-15,1.12,31.74,24.64,1.21,83.13,0.7,6.24,Assam_Dhubri
2006-09-16,4.09,30.67,25.26,0.72,80.9,0.69,4.46,Assam_Dhubri
2006-09-17,17.13,31.97,25.51,0.68,75.4,0.71,5.58,Assam_Dhubri
2006-09-18,0.17,32.57,24.65,1.76,81.38,0.7,7.29,Assam_Dhubri
2006-09-19,0.34,33.56,24.44,1.61,79.0,0.69,7.27,Assam_Dhubri
2006-09-20,2.89,29.8,24.92,1.73,87.22,0.68,2.35,Assam_Dhubri
2006-09-21,18.84,26.96,24.29,2.85,91.92,0.69,1.23,Assam_Dhubri
2006-09-22,48.39,27.1,23.47,4.26,91.19,0.75,1.82,Assam_Dhubri
2006-09-23,21.66,26.41,23.6,3.94,93.37,0.77,0.93,Assam_Dhubri
2006-09-24,16.98,28.47,23.05,2.53,90.07,0.79,2.59,Assam_Dhubri
2006-09-25,6.98,29.03,23.53,1.0,87.84,0.78,2.26,Assam_Dhubri
2006-09-26,0.71,31.41,23.46,1.02,83.77,0.78,6.06,Assam_Dhubri
2006-09-27,0.0,31.56,24.29,1.27,84.68,0.77,6.42,Assam_Dhubri
2006-09-28,0.49,31.38,24.43,2.05,85.08,0.76,5.68,Assam_Dhubri
2006-09-29,1.74,29.46,25.4,1.21,85.87,0.75,2.13,Assam_Dhubri
2006-09-30,1.75,28.35,24.47,0.73,85.21,0.75,3.21,Assam_Dhubri
2006-10-01,30.14,28.02,23.74,0.55,85.15,0.77,2.41,Assam_Dhubri
2006-10-02,9.08,31.19,24.06,0.89,80.47,0.79,6.34,Assam_Dhubri
2006-10-03,4.03,32.09,24.07,0.93,80.25,0.78,6.67,Assam_Dhubri
2006-10-04,9.86,31.5,24.93,1.52,83.62,0.77,5.32,Assam_Dhubri
2006-10-05,11.95,30.47,23.54,1.57,86.16,0.78,5.09,Assam_Dhubri
2006-10-06,1.62,30.39,22.16,0.86,72.53,0.78,6.77,Assam_Dhubri
2006-10-07,0.14,30.74,22.03,1.06,76.36,0.77,7.07,Assam_Dhubri
2006-10-08,0.16,30.51,22.74,1.29,77.55,0.76,6.66,Assam_Dhubri
2006-10-09,0.11,30.8,23.5,0.89,67.98,0.75,7.27,Assam_Dhubri
2006-10-10,0.16,31.76,23.5,0.9,69.34,0.74,7.57,Assam_Dhubri
2006-10-11,6.4,31.55,22.81,1.06,76.56,0.74,6.85,Assam_Dhubri
2006-10-12,2.25,30.94,23.1,1.38,81.78,0.74,6.44,Assam_Dhubri
2006-10-13,0.07,31.08,22.73,1.3,77.65,0.73,7.2,Assam_Dhubri
2006-10-14,2.92,30.44,22.41,0.81,75.62,0.73,6.87,Assam_Dhubri
2006-10-15,0.21,30.4,22.66,0.85,76.45,0.72,6.75,Assam_Dhubri
2006-10-16,0.1,30.5,23.06,0.72,75.98,0.71,6.86,Assam_Dhubri
2006-10-17,3.12,30.42,24.46,0.56,74.05,0.71,5.9,Assam_Dhubri
2006-10-18,1.11,29.23,22.86,0.89,77.0,0.71,5.41,Assam_Dhubri
2006-10-19,0.13,26.86,21.78,1.82,85.82,0.7,3.39,Assam_Dhubri
2006-10-20,3.34,28.82,21.9,1.49,79.22,0.7,4.42,Assam_Dhubri
2006-10-21,5.87,26.56,21.29,1.56,85.01,0.7,2.9,Assam_Dhubri
2006-10-22,0.86,28.49,20.63,1.58,80.91,0.7,5.51,Assam_Dhubri
2006-10-23,0.09,28.34,20.4,1.18,79.63,0.69,5.75,Assam_Dhubri
2006-10-24,0.05,28.29,20.28,0.9,74.71,0.69,5.98,Assam_Dhubri
2006-10-25,0.0,28.56,19.7,1.65,78.71,0.68,5.97,Assam_Dhubri
2006-10-26,0.0,27.63,18.67,1.96,79.28,0.67,5.54,Assam_Dhubri
2006-10-27,0.0,28.14,17.65,1.53,75.77,0.67,5.92,Assam_Dhubri
2006-10-28,0.0,28.13,17.15,1.0,71.03,0.66,5.7,Assam_Dhubri
2006-10-29,0.0,28.25,18.01,1.02,71.6,0.66,5.82,Assam_Dhubri
2006-10-30,0.0,27.21,17.35,1.33,73.12,0.65,5.24,Assam_Dhubri
2006-10-31,0.0,26.93,16.66,1.2,70.94,0.65,4.55,Assam_Dhubri
2006-11-01,0.05,28.14,18.16,1.22,72.22,0.64,4.93,Assam_Dhubri
2006-11-02,0.02,28.4,18.97,1.18,68.04,0.64,4.99,Assam_Dhubri
2006-11-03,0.0,28.26,19.45,0.62,67.26,0.63,5.19,Assam_Dhubri
2006-11-04,0.07,27.98,20.52,0.72,74.72,0.63,2.94,Assam_Dhubri
2006-11-05,0.12,27.94,19.79,0.8,79.21,0.62,4.28,Assam_Dhubri
2006-11-06,0.0,25.51,19.51,0.89,84.55,0.62,1.84,Assam_Dhubri
2006-11-07,0.02,26.83,18.67,1.96,84.8,0.62,3.25,Assam_Dhubri
2006-11-08,0.05,25.38,18.8,2.12,85.06,0.62,2.14,Assam_Dhubri
2006-11-09,0.06,25.24,18.99,1.24,84.18,0.61,2.08,Assam_Dhubri
2006-11-10,0.5,25.46,19.04,1.22,81.14,0.61,2.08,Assam_Dhubri
2006-11-11,7.39,23.23,18.22,2.4,88.52,0.62,1.28,Assam_Dhubri
2006-11-12,0.07,26.15,17.01,1.86,86.03,0.62,3.87,Assam_Dhubri
2006-11-13,0.0,26.46,17.16,1.2,84.54,0.61,3.96,Assam_Dhubri
2006-11-14,0.0,26.52,16.99,1.37,84.3,0.61,3.8,Assam_Dhubri
2006-11-15,0.0,26.32,16.63,1.43,81.72,0.6,3.83,Assam_Dhubri
2006-11-16,0.0,26.22,16.25,0.94,76.18,0.6,4.02,Assam_Dhubri
2006-11-17,0.0,25.7,16.36,0.97,81.28,0.59,3.51,Assam_Dhubri
2006-11-18,0.0,25.88,16.18,1.04,78.93,0.59,3.64,Assam_Dhubri
2006-11-19,0.02,26.19,16.33,1.07,76.93,0.59,3.4,Assam_Dhubri
2006-11-20,1.94,25.96,15.94,1.12,77.41,0.59,2.28,Assam_Dhubri
2006-11-21,0.01,23.61,15.74,1.37,82.3,0.59,2.34,Assam_Dhubri
2006-11-22,0.0,22.82,15.4,0.77,82.43,0.58,1.85,Assam_Dhubri
2006-11-23,0.0,24.62,14.87,1.18,74.55,0.58,2.78,Assam_Dhubri
2006-11-24,0.0,26.37,15.3,1.34,71.45,0.58,3.08,Assam_Dhubri
2006-11-25,0.0,25.57,14.69,1.73,76.24,0.57,2.96,Assam_Dhubri
2006-11-26,0.03,25.13,13.3,1.43,71.78,0.57,2.92,Assam_Dhubri
2006-11-27,0.0,23.68,12.18,0.89,63.13,0.57,2.95,Assam_Dhubri
2006-11-28,0.0,21.31,10.64,0.95,68.26,0.56,2.37,Assam_Dhubri
2006-11-29,0.0,21.51,10.61,1.25,79.12,0.56,2.14,Assam_Dhubri
2006-11-30,0.0,21.18,11.15,0.75,80.37,0.56,2.04,Assam_Dhubri
2006-12-01,0.0,21.59,11.36,0.48,72.55,0.56,2.12,Assam_Dhubri
2006-12-02,0.0,21.12,10.11,1.11,80.57,0.56,1.77,Assam_Dhubri
2006-12-03,0.0,21.34,11.29,1.32,85.77,0.55,1.85,Assam_Dhubri
2006-12-04,0.0,22.71,10.58,1.32,81.85,0.55,2.14,Assam_Dhubri
2006-12-05,0.0,22.96,11.82,1.03,80.0,0.55,2.22,Assam_Dhubri
2006-12-06,0.0,23.62,11.72,0.99,80.72,0.55,2.23,Assam_Dhubri
2006-12-07,0.0,23.46,12.59,1.1,81.78,0.54,2.22,Assam_Dhubri
2006-12-08,0.0,23.99,12.46,1.42,82.01,0.54,2.13,Assam_Dhubri
2006-12-09,0.0,24.29,14.12,1.21,81.08,0.54,2.09,Assam_Dhubri
2006-12-10,0.0,23.66,13.41,1.04,84.84,0.54,1.78,Assam_Dhubri
2006-12-11,1.29,25.08,12.97,0.94,75.06,0.54,2.1,Assam_Dhubri
2006-12-12,11.03,21.81,14.77,1.1,80.9,0.55,0.71,Assam_Dhubri
2006-12-13,0.0,21.84,12.49,0.99,84.29,0.55,1.76,Assam_Dhubri
2006-12-14,0.0,21.75,13.08,0.99,81.69,0.55,1.66,Assam_Dhubri
2006-12-15,0.0,22.13,11.12,1.32,85.02,0.55,1.67,Assam_Dhubri
2006-12-16,0.0,23.83,11.36,1.95,82.03,0.54,1.96,Assam_Dhubri
2006-12-17,0.0,24.13,12.01,1.48,72.91,0.54,2.2,Assam_Dhubri
2006-12-18,0.0,23.83,12.91,1.28,74.9,0.54,2.3,Assam_Dhubri
2006-12-19,0.0,24.36,14.63,1.62,81.6,0.53,1.92,Assam_Dhubri
2006-12-20,0.0,24.97,14.24,2.15,84.15,0.53,2.04,Assam_Dhubri
2006-12-21,0.0,24.53,14.5,2.07,81.61,0.53,2.02,Assam_Dhubri
2006-12-22,0.0,24.3,13.31,1.34,77.77,0.53,1.98,Assam_Dhubri
2006-12-23,0.0,24.4,13.57,0.93,79.52,0.52,1.8,Assam_Dhubri
2006-12-24,0.0,24.06,12.88,0.65,74.19,0.52,1.91,Assam_Dhubri
2006-12-25,0.0,22.51,11.71,0.73,76.18,0.52,1.45,Assam_Dhubri
2006-12-26,0.0,22.85,11.87,0.72,72.87,0.52,1.51,Assam_Dhubri
2006-12-27,0.02,23.16,11.34,1.08,71.92,0.52,1.42,Assam_Dhubri
2006-12-28,0.03,21.73,11.94,1.46,80.48,0.52,1.08,Assam_Dhubri
2006-12-29,0.0,22.13,10.86,1.2,80.66,0.51,1.21,Assam_Dhubri
2006-12-30,0.0,22.27,11.36,0.88,77.68,0.51,1.31,Assam_Dhubri
2006-12-31,0.0,21.16,10.91,0.97,78.7,0.51,1.06,Assam_Dhubri
2007-01-01,0.0,21.86,10.86,0.94,71.09,0.51,1.29,Assam_Dhubri
2007-01-02,0.01,21.2,10.6,1.1,66.21,0.51,1.15,Assam_Dhubri
2007-01-03,0.0,19.85,8.69,0.9,66.75,0.51,1.01,Assam_Dhubri
2007-01-04,0.0,18.51,7.67,1.36,76.53,0.5,0.83,Assam_Dhubri
2007-01-05,0.0,20.69,8.11,1.22,80.23,0.5,1.04,Assam_Dhubri
2007-01-06,0.0,21.37,9.44,1.09,80.22,0.5,1.12,Assam_Dhubri
2007-01-07,0.0,20.74,9.25,0.62,80.82,0.5,1.06,Assam_Dhubri
2007-01-08,0.0,20.43,8.97,1.12,80.41,0.5,0.91,Assam_Dhubri
2007-01-09,0.0,21.66,9.56,0.95,76.46,0.5,1.11,Assam_Dhubri
2007-01-10,0.0,22.93,9.16,0.89,68.48,0.5,1.2,Assam_Dhubri
2007-01-11,0.0,22.91,9.31,0.96,57.0,0.49,1.17,Assam_Dhubri
2007-01-12,0.0,22.12,9.06,1.06,67.59,0.49,1.0,Assam_Dhubri
2007-01-13,0.0,21.45,9.41,1.74,62.07,0.49,1.04,Assam_Dhubri
2007-01-14,0.0,20.55,8.38,1.37,56.9,0.49,1.02,Assam_Dhubri
2007-01-15,0.0,19.38,7.78,1.07,52.34,0.49,0.76,Assam_Dhubri
2007-01-16,0.0,20.23,7.38,1.11,58.2,0.49,0.79,Assam_Dhubri
2007-01-17,0.0,21.2,8.21,0.89,58.65,0.48,0.86,Assam_Dhubri
2007-01-18,0.0,20.47,7.69,1.21,65.45,0.48,0.86,Assam_Dhubri
2007-01-19,0.0,21.36,8.57,1.11,66.46,0.48,0.97,Assam_Dhubri
2007-01-20,0.0,20.83,8.39,1.25,55.5,0.48,0.73,Assam_Dhubri
2007-01-21,0.0,20.76,8.33,1.12,62.8,0.48,0.67,Assam_Dhubri
2007-01-22,0.0,22.5,10.42,1.05,62.94,0.48,0.81,Assam_Dhubri
2007-01-23,0.0,20.43,8.88,1.56,75.77,0.48,0.69,Assam_Dhubri
2007-01-24,0.0,22.0,8.61,1.35,74.82,0.47,0.8,Assam_Dhubri
2007-01-25,0.0,22.85,9.0,1.19,71.91,0.47,0.91,Assam_Dhubri
2007-01-26,0.0,23.94,10.4,1.07,68.17,0.47,0.98,Assam_Dhubri
2007-01-27,0.0,24.86,10.93,1.49,70.04,0.47,1.09,Assam_Dhubri
2007-01-28,0.0,26.05,11.84,1.54,64.82,0.47,1.18,Assam_Dhubri
2007-01-29,0.0,26.14,12.95,0.84,58.03,0.46,1.15,Assam_Dhubri
2007-01-30,0.0,26.66,15.01,1.18,60.01,0.46,1.18,Assam_Dhubri
2007-01-31,0.5,26.18,14.87,1.09,64.17,0.46,0.95,Assam_Dhubri
2007-02-01,0.02,26.63,14.39,1.61,73.22,0.46,1.05,Assam_Dhubri
2007-02-02,0.03,24.74,14.5,2.29,74.3,0.46,0.89,Assam_Dhubri
2007-02-03,2.03,24.41,13.93,1.45,69.82,0.46,0.78,Assam_Dhubri
2007-02-04,0.4,25.3,13.57,1.28,68.32,0.46,0.91,Assam_Dhubri
2007-02-05,5.47,24.22,14.3,1.43,78.24,0.46,0.64,Assam_Dhubri
2007-02-06,0.01,24.18,13.91,1.53,78.49,0.46,0.8,Assam_Dhubri
2007-02-07,7.81,23.12,14.21,2.05,79.85,0.47,0.65,Assam_Dhubri
2007-02-08,0.76,21.02,14.76,2.31,80.87,0.47,0.6,Assam_Dhubri
2007-02-09,0.08,24.66,12.69,1.73,76.16,0.47,1.12,Assam_Dhubri
2007-02-10,0.0,24.82,13.4,2.2,74.45,0.47,0.92,Assam_Dhubri
2007-02-11,0.69,25.67,14.09,1.8,64.4,0.46,1.17,Assam_Dhubri
2007-02-12,1.36,23.0,14.64,1.44,75.16,0.46,0.77,Assam_Dhubri
2007-02-13,0.63,21.43,13.71,1.02,81.28,0.46,0.46,Assam_Dhubri
2007-02-14,24.34,16.81,13.1,3.08,87.01,0.49,0.24,Assam_Dhubri
2007-02-15,0.0,22.35,11.41,1.84,72.83,0.5,1.2,Assam_Dhubri
2007-02-16,1.03,22.47,10.75,1.72,64.66,0.49,1.33,Assam_Dhubri
2007-02-17,0.42,23.3,11.11,0.84,64.25,0.49,1.25,Assam_Dhubri
2007-02-18,0.0,24.17,12.24,1.38,61.12,0.49,1.38,Assam_Dhubri
2007-02-19,0.0,24.08,11.83,0.84,52.7,0.48,1.48,Assam_Dhubri
2007-02-20,0.0,24.71,11.81,1.1,59.36,0.48,1.33,Assam_Dhubri
2007-02-21,0.0,25.47,11.39,1.48,63.79,0.47,1.39,Assam_Dhubri
2007-02-22,0.0,25.67,12.12,1.22,61.48,0.47,1.41,Assam_Dhubri
2007-02-23,0.0,25.73,12.57,1.41,65.56,0.47,1.31,Assam_Dhubri
2007-02-24,0.0,27.17,13.65,1.19,64.88,0.47,1.41,Assam_Dhubri
2007-02-25,0.04,26.55,14.34,1.19,67.36,0.46,1.26,Assam_Dhubri
2007-02-26,3.11,26.0,15.56,1.81,67.15,0.47,1.31,Assam_Dhubri
2007-02-27,0.0,26.9,14.6,1.07,61.11,0.46,1.6,Assam_Dhubri
2007-02-28,0.0,28.01,14.81,1.08,59.88,0.46,1.57,Assam_Dhubri
2007-03-01,5.38,28.7,15.72,1.19,58.81,0.47,1.58,Assam_Dhubri
2007-03-02,3.89,20.69,14.4,2.3,84.6,0.47,0.31,Assam_Dhubri
2007-03-03,0.0,26.42,13.59,0.97,70.42,0.47,1.53,Assam_Dhubri
2007-03-04,0.0,26.74,13.19,1.16,62.4,0.46,1.56,Assam_Dhubri
2007-03-05,0.0,27.06,14.32,1.15,51.79,0.46,1.51,Assam_Dhubri
2007-03-06,0.0,28.18,14.01,1.25,47.59,0.46,1.63,Assam_Dhubri
2007-03-07,0.0,27.7,12.06,1.99,47.96,0.45,1.54,Assam_Dhubri
2007-03-08,0.0,27.66,14.32,0.81,42.53,0.45,1.47,Assam_Dhubri
2007-03-09,0.0,28.26,13.73,1.07,47.5,0.45,1.47,Assam_Dhubri
2007-03-10,0.37,28.58,13.25,1.51,55.74,0.45,1.39,Assam_Dhubri
2007-03-11,0.83,30.28,14.73,1.26,54.92,0.44,1.38,Assam_Dhubri
2007-03-12,0.0,29.9,16.89,1.79,57.23,0.44,1.18,Assam_Dhubri
2007-03-13,2.31,31.23,18.39,1.06,56.03,0.44,1.34,Assam_Dhubri
2007-03-14,0.04,30.04,17.71,1.94,57.89,0.44,1.26,Assam_Dhubri
2007-03-15,0.0,30.92,18.02,3.25,55.99,0.44,1.35,Assam_Dhubri
2007-03-16,0.0,28.03,13.5,2.64,43.16,0.43,1.11,Assam_Dhubri
2007-03-17,0.0,29.85,15.55,0.99,40.43,0.43,1.23,Assam_Dhubri
2007-03-18,0.0,29.24,13.85,1.48,48.42,0.43,0.98,Assam_Dhubri
2007-03-19,0.0,30.63,15.02,1.61,49.47,0.43,0.98,Assam_Dhubri
2007-03-20,0.0,31.46,15.92,1.24,46.65,0.42,0.96,Assam_Dhubri
2007-03-21,0.0,32.08,17.67,1.2,47.72,0.42,0.91,Assam_Dhubri
2007-03-22,1.27,32.25,19.08,1.63,58.57,0.42,0.86,Assam_Dhubri
2007-03-23,2.72,32.95,19.71,1.55,61.01,0.42,0.91,Assam_Dhubri
2007-03-24,0.14,34.27,19.59,2.1,48.04,0.42,1.21,Assam_Dhubri
2007-03-25,0.13,33.34,17.16,2.15,42.47,0.42,1.1,Assam_Dhubri
2007-03-26,0.0,33.65,16.3,1.58,37.28,0.41,1.01,Assam_Dhubri
2007-03-27,0.82,33.07,17.37,1.35,42.16,0.41,0.96,Assam_Dhubri
2007-03-28,0.0,33.42,17.45,1.47,47.24,0.41,0.84,Assam_Dhubri
2007-03-29,0.0,34.1,19.34,1.07,45.74,0.41,0.81,Assam_Dhubri
2007-03-30,0.0,35.92,21.04,1.11,41.56,0.4,0.85,Assam_Dhubri
2007-03-31,0.0,36.68,21.14,1.78,39.66,0.4,0.8,Assam_Dhubri
2007-04-01,0.0,36.36,21.03,1.85,45.49,0.4,0.71,Assam_Dhubri
2007-04-02,0.14,37.93,22.06,1.89,44.78,0.4,0.72,Assam_Dhubri
2007-04-03,0.51,38.14,19.97,1.67,37.99,0.4,0.69,Assam_Dhubri
2007-04-04,0.81,37.19,19.97,1.5,44.59,0.39,0.67,Assam_Dhubri
2007-04-05,0.77,36.28,20.76,1.53,50.76,0.39,0.6,Assam_Dhubri
2007-04-06,4.09,34.92,22.57,1.75,58.25,0.4,0.58,Assam_Dhubri
2007-04-07,5.23,35.25,22.55,1.63,54.83,0.4,0.68,Assam_Dhubri
2007-04-08,10.3,33.79,22.54,2.02,61.71,0.41,0.72,Assam_Dhubri
2007-04-09,9.97,35.89,22.41,1.85,59.4,0.43,1.3,Assam_Dhubri
2007-04-10,8.53,33.19,22.54,1.94,62.62,0.43,1.5,Assam_Dhubri
2007-04-11,0.28,33.58,22.25,2.63,65.76,0.43,1.56,Assam_Dhubri
2007-04-12,0.05,30.19,21.69,2.8,67.44,0.42,0.95,Assam_Dhubri
2007-04-13,0.0,31.32,20.83,1.78,59.95,0.42,1.01,Assam_Dhubri
2007-04-14,0.0,33.88,20.8,1.15,57.89,0.41,1.28,Assam_Dhubri
2007-04-15,0.0,34.87,22.51,1.27,59.68,0.41,1.11,Assam_Dhubri
2007-04-16,0.66,35.06,23.71,2.21,57.68,0.41,0.81,Assam_Dhubri
2007-04-17,0.33,34.0,25.26,1.88,58.19,0.41,0.6,Assam_Dhubri
2007-04-18,0.05,36.92,23.6,1.03,53.5,0.4,1.1,Assam_Dhubri
2007-04-19,1.22,36.3,24.76,1.65,53.72,0.4,0.97,Assam_Dhubri
2007-04-20,4.79,34.6,24.68,2.12,58.63,0.41,0.8,Assam_Dhubri
2007-04-21,7.67,34.39,25.19,2.34,62.08,0.42,0.92,Assam_Dhubri
2007-04-22,23.71,33.29,24.38,2.33,68.52,0.44,1.47,Assam_Dhubri
2007-04-23,6.08,35.41,23.21,1.58,64.54,0.45,2.21,Assam_Dhubri
2007-04-24,7.98,33.75,23.77,1.94,71.79,0.45,1.8,Assam_Dhubri
2007-04-25,4.65,35.6,24.3,2.01,66.33,0.45,2.57,Assam_Dhubri
2007-04-26,4.93,35.49,24.05,1.83,66.24,0.45,2.04,Assam_Dhubri
2007-04-27,8.78,34.56,24.05,2.23,70.97,0.46,2.11,Assam_Dhubri
2007-04-28,0.0,34.07,23.82,1.65,63.9,0.45,2.52,Assam_Dhubri
2007-04-29,0.0,34.06,22.75,1.59,64.27,0.44,2.38,Assam_Dhubri
2007-04-30,0.0,35.6,23.29,2.06,63.68,0.44,2.11,Assam_Dhubri
2007-05-01,0.01,36.59,23.45,2.1,61.3,0.43,1.89,Assam_Dhubri
2007-05-02,0.0,38.05,23.62,1.33,54.06,0.43,1.9,Assam_Dhubri
2007-05-03,0.0,38.81,24.51,1.4,49.81,0.42,1.78,Assam_Dhubri
2007-05-04,0.08,38.09,25.42,1.09,53.38,0.42,1.5,Assam_Dhubri
2007-05-05,0.23,39.13,25.51,1.67,52.85,0.41,1.27,Assam_Dhubri
2007-05-06,7.29,38.47,25.92,1.08,51.11,0.42,1.33,Assam_Dhubri
2007-05-07,4.83,36.24,25.92,1.62,55.61,0.42,1.37,Assam_Dhubri
2007-05-08,2.7,35.91,26.92,1.16,52.63,0.42,1.44,Assam_Dhubri
2007-05-09,12.89,34.36,26.3,1.04,58.95,0.43,1.48,Assam_Dhubri
2007-05-10,11.93,33.47,26.14,1.01,64.39,0.45,1.84,Assam_Dhubri
2007-05-11,8.45,34.75,27.04,0.95,64.3,0.46,2.07,Assam_Dhubri
2007-05-12,1.86,35.31,26.3,1.72,65.16,0.46,2.31,Assam_Dhubri
2007-05-13,0.01,33.87,24.78,3.79,64.98,0.45,2.11,Assam_Dhubri
2007-05-14,4.45,32.98,23.83,4.57,66.63,0.45,1.75,Assam_Dhubri
2007-05-15,2.4,28.23,22.38,3.8,69.58,0.45,1.26,Assam_Dhubri
2007-05-16,0.15,32.84,22.5,2.61,67.91,0.44,1.51,Assam_Dhubri
2007-05-17,3.03,35.59,24.15,1.86,64.99,0.44,1.94,Assam_Dhubri
2007-05-18,2.97,36.61,24.03,1.53,62.76,0.44,1.98,Assam_Dhubri
2007-05-19,26.75,34.67,26.08,0.68,67.2,0.47,2.82,Assam_Dhubri
2007-05-20,3.28,34.64,27.25,0.95,64.33,0.47,3.28,Assam_Dhubri
2007-05-21,0.77,35.18,27.0,2.08,64.24,0.47,2.86,Assam_Dhubri
2007-05-22,3.87,36.95,26.42,2.7,63.86,0.46,2.4,Assam_Dhubri
2007-05-23,7.9,36.75,26.8,2.02,68.14,0.47,2.09,Assam_Dhubri
2007-05-24,3.99,37.13,26.8,2.28,70.06,0.46,2.93,Assam_Dhubri
2007-05-25,13.55,34.1,26.98,2.37,73.18,0.48,2.54,Assam_Dhubri
2007-05-26,7.28,33.86,25.72,2.18,74.98,0.48,2.92,Assam_Dhubri
2007-05-27,1.09,34.01,25.67,2.51,71.61,0.48,2.73,Assam_Dhubri
2007-05-28,3.65,35.02,25.66,2.18,71.9,0.48,2.47,Assam_Dhubri
2007-05-29,0.47,37.08,25.61,2.23,65.56,0.47,3.05,Assam_Dhubri
2007-05-30,0.03,37.8,25.71,1.9,60.94,0.46,2.95,Assam_Dhubri
2007-05-31,0.16,39.08,25.46,1.86,58.62,0.46,2.53,Assam_Dhubri
2007-06-01,0.61,39.23,26.12,2.08,59.94,0.45,2.33,Assam_Dhubri
2007-06-02,2.83,37.48,26.96,1.97,65.47,0.45,1.97,Assam_Dhubri
2007-06-03,21.52,33.77,27.09,2.17,75.01,0.47,1.91,Assam_Dhubri
2007-06-04,3.84,35.51,26.0,1.73,70.45,0.48,3.17,Assam_Dhubri
2007-06-05,8.37,34.24,25.98,1.61,71.59,0.48,2.74,Assam_Dhubri
2007-06-06,0.99,34.85,26.44,1.35,69.81,0.48,3.12,Assam_Dhubri
2007-06-07,8.3,35.99,26.71,2.22,69.16,0.48,3.13,Assam_Dhubri
2007-06-08,22.17,34.6,26.68,2.84,78.7,0.5,3.34,Assam_Dhubri
2007-06-09,174.41,29.01,26.24,2.55,90.74,0.6,0.93,Assam_Dhubri
2007-06-10,44.04,27.95,24.94,2.33,92.02,0.71,0.94,Assam_Dhubri
2007-06-11,4.23,32.62,24.74,2.76,83.6,0.7,6.12,Assam_Dhubri
2007-06-12,6.81,33.12,26.1,2.67,82.15,0.67,6.95,Assam_Dhubri
2007-06-13,0.92,33.95,25.9,1.8,82.2,0.65,7.67,Assam_Dhubri
2007-06-14,1.9,32.55,26.29,2.92,83.21,0.64,7.15,Assam_Dhubri
2007-06-15,18.98,32.05,26.46,2.29,87.03,0.65,4.04,Assam_Dhubri
2007-06-16,32.85,29.59,26.37,2.84,90.46,0.68,1.7,Assam_Dhubri
2007-06-17,17.95,31.18,26.36,3.48,87.92,0.7,3.95,Assam_Dhubri
2007-06-18,24.41,32.23,26.25,2.89,84.56,0.7,5.45,Assam_Dhubri
2007-06-19,18.5,31.44,26.31,2.11,86.65,0.72,4.41,Assam_Dhubri
2007-06-20,1.23,33.16,25.87,0.99,77.88,0.71,5.18,Assam_Dhubri
2007-06-21,0.64,33.88,26.23,0.97,75.4,0.7,6.69,Assam_Dhubri
2007-06-22,11.6,30.26,26.06,0.81,82.24,0.7,2.69,Assam_Dhubri
2007-06-23,1.56,31.21,26.22,1.15,83.19,0.7,2.63,Assam_Dhubri
2007-06-24,3.49,29.45,26.37,1.38,86.33,0.69,2.44,Assam_Dhubri
2007-06-25,0.78,32.75,25.88,1.55,81.13,0.69,7.55,Assam_Dhubri
2007-06-26,0.74,33.33,25.61,1.11,82.17,0.68,6.37,Assam_Dhubri
2007-06-27,2.42,34.21,26.97,0.8,75.94,0.67,8.07,Assam_Dhubri
2007-06-28,20.52,32.48,27.3,1.83,80.24,0.68,5.75,Assam_Dhubri
2007-06-29,2.83,32.06,26.27,1.9,82.39,0.68,4.69,Assam_Dhubri
2007-06-30,2.83,33.65,26.03,1.82,82.16,0.67,7.56,Assam_Dhubri
2007-07-01,5.52,34.08,26.45,1.65,81.96,0.67,7.48,Assam_Dhubri
2007-07-02,1.02,32.78,27.13,1.04,81.6,0.66,4.69,Assam_Dhubri
2007-07-03,6.46,31.95,27.42,1.19,80.32,0.66,4.59,Assam_Dhubri
2007-07-04,2.81,33.25,27.46,1.43,83.87,0.66,4.38,Assam_Dhubri
2007-07-05,4.89,34.21,27.17,2.67,82.86,0.65,6.0,Assam_Dhubri
2007-07-06,4.01,34.03,27.24,2.33,82.2,0.65,6.39,Assam_Dhubri
2007-07-07,4.93,34.24,26.22,1.92,80.75,0.64,6.79,Assam_Dhubri
2007-07-08,3.38,32.54,25.99,1.81,81.78,0.64,5.59,Assam_Dhubri
2007-07-09,2.64,33.54,26.13,2.29,81.55,0.63,7.6,Assam_Dhubri
2007-07-10,9.6,33.17,27.02,2.25,82.69,0.63,5.86,Assam_Dhubri
2007-07-11,10.64,32.35,27.03,1.91,84.18,0.64,3.93,Assam_Dhubri
2007-07-12,4.66,33.39,26.79,2.0,81.85,0.64,6.47,Assam_Dhubri
2007-07-13,33.75,34.29,27.21,1.2,80.09,0.65,5.29,Assam_Dhubri
2007-07-14,59.54,34.57,26.43,0.54,74.87,0.7,6.33,Assam_Dhubri
2007-07-15,29.7,33.41,27.37,1.86,82.32,0.73,4.83,Assam_Dhubri
2007-07-16,17.35,30.77,27.13,1.85,87.35,0.75,2.14,Assam_Dhubri
2007-07-17,15.81,31.39,26.88,1.37,86.12,0.75,3.2,Assam_Dhubri
2007-07-18,21.96,32.13,26.87,2.54,86.41,0.76,4.91,Assam_Dhubri
2007-07-19,30.64,31.11,27.03,2.53,89.62,0.77,2.44,Assam_Dhubri
2007-07-20,18.22,31.75,26.7,2.44,85.44,0.8,4.88,Assam_Dhubri
2007-07-21,10.77,28.77,26.06,3.54,89.62,0.79,1.7,Assam_Dhubri
2007-07-22,18.07,30.35,25.44,2.96,88.43,0.8,2.96,Assam_Dhubri
2007-07-23,9.4,31.53,24.9,1.13,82.05,0.8,4.78,Assam_Dhubri
2007-07-24,7.22,31.01,25.12,2.27,85.76,0.79,4.97,Assam_Dhubri
2007-07-25,30.86,30.67,25.41,3.45,87.54,0.8,4.26,Assam_Dhubri
2007-07-26,33.17,28.28,25.08,2.85,93.25,0.83,0.97,Assam_Dhubri
2007-07-27,34.52,29.02,25.01,2.92,90.5,0.85,1.98,Assam_Dhubri
2007-07-28,30.71,30.61,25.27,3.15,88.99,0.86,3.02,Assam_Dhubri
2007-07-29,18.83,28.59,25.4,1.91,90.74,0.87,0.84,Assam_Dhubri
2007-07-30,15.14,28.24,25.32,1.49,91.1,0.87,0.97,Assam_Dhubri
2007-07-31,11.55,30.34,24.49,1.7,88.32,0.87,2.37,Assam_Dhubri
2007-08-01,14.68,31.32,25.06,1.47,85.93,0.87,3.98,Assam_Dhubri
2007-08-02,6.4,32.24,25.29,1.37,81.56,0.87,5.42,Assam_Dhubri
2007-08-03,0.34,33.61,25.32,1.0,79.0,0.86,6.68,Assam_Dhubri
2007-08-04,0.66,33.28,26.81,0.74,75.75,0.85,6.54,Assam_Dhubri
2007-08-05,0.08,34.72,26.89,1.91,78.69,0.84,6.2,Assam_Dhubri
2007-08-06,0.07,33.9,27.93,1.79,83.43,0.83,4.63,Assam_Dhubri
2007-08-07,2.59,32.5,26.68,1.6,84.68,0.83,4.02,Assam_Dhubri
2007-08-08,1.99,33.23,26.9,1.3,83.51,0.82,4.53,Assam_Dhubri
2007-08-09,0.13,34.54,27.27,0.88,78.01,0.82,6.33,Assam_Dhubri
2007-08-10,0.44,35.96,28.65,0.9,76.72,0.8,7.14,Assam_Dhubri
2007-08-11,1.21,34.79,28.07,0.61,78.82,0.8,5.06,Assam_Dhubri
2007-08-12,10.61,34.21,27.26,1.33,80.6,0.8,5.71,Assam_Dhubri
2007-08-13,9.25,33.78,26.78,1.95,83.09,0.8,5.51,Assam_Dhubri
2007-08-14,16.99,32.23,26.46,1.59,85.21,0.81,3.11,Assam_Dhubri
2007-08-15,11.37,30.65,26.11,2.74,88.95,0.82,2.92,Assam_Dhubri
2007-08-16,14.06,31.91,26.06,1.44,83.96,0.82,3.64,Assam_Dhubri
2007-08-17,10.98,31.32,26.16,1.46,86.2,0.83,2.22,Assam_Dhubri
2007-08-18,1.76,31.49,26.26,1.98,87.88,0.82,2.88,Assam_Dhubri
2007-08-19,0.52,32.91,26.3,1.83,83.65,0.81,5.06,Assam_Dhubri
2007-08-20,0.12,31.46,25.76,1.14,83.06,0.8,4.37,Assam_Dhubri
2007-08-21,0.31,33.0,25.08,1.33,77.7,0.79,7.12,Assam_Dhubri
2007-08-22,3.75,32.42,25.03,1.81,82.95,0.79,6.03,Assam_Dhubri
2007-08-23,2.36,32.92,25.73,1.41,82.66,0.78,5.83,Assam_Dhubri
2007-08-24,4.33,33.4,26.25,1.02,78.52,0.78,6.56,Assam_Dhubri
2007-08-25,15.75,32.05,25.49,2.09,85.95,0.78,4.86,Assam_Dhubri
2007-08-26,21.45,29.31,26.0,1.62,90.53,0.8,1.45,Assam_Dhubri
2007-08-27,2.88,31.64,25.46,1.14,81.82,0.8,4.65,Assam_Dhubri
2007-08-28,0.32,31.44,25.58,0.81,81.78,0.79,4.62,Assam_Dhubri
2007-08-29,1.86,32.09,25.92,1.35,85.27,0.79,4.75,Assam_Dhubri
2007-08-30,1.06,32.37,25.82,1.45,84.71,0.78,5.46,Assam_Dhubri
2007-08-31,18.64,32.73,25.98,1.23,82.2,0.79,5.5,Assam_Dhubri
2007-09-01,7.09,31.53,25.89,0.82,81.48,0.79,4.47,Assam_Dhubri
2007-09-02,1.41,32.31,25.85,1.57,83.84,0.79,6.05,Assam_Dhubri
2007-09-03,5.48,30.06,26.12,1.1,86.96,0.78,1.98,Assam_Dhubri
2007-09-04,13.8,29.37,26.19,1.17,87.52,0.79,1.45,Assam_Dhubri
2007-09-05,47.9,28.9,25.22,2.82,91.08,0.81,1.97,Assam_Dhubri
2007-09-06,34.03,27.82,23.4,3.74,91.04,0.86,2.06,Assam_Dhubri
2007-09-07,52.86,27.91,24.36,1.38,91.61,0.89,0.84,Assam_Dhubri
2007-09-08,42.81,31.14,24.98,1.3,87.43,0.92,3.04,Assam_Dhubri
2007-09-09,12.21,28.67,26.21,2.04,92.8,0.92,0.98,Assam_Dhubri
2007-09-10,1.51,29.81,25.97,1.64,89.4,0.91,1.78,Assam_Dhubri
2007-09-11,14.52,31.67,25.55,1.13,82.75,0.9,4.51,Assam_Dhubri
2007-09-12,3.44,32.64,24.86,1.0,82.91,0.9,5.15,Assam_Dhubri
2007-09-13,4.81,32.61,25.63,0.69,79.16,0.9,4.85,Assam_Dhubri
2007-09-14,5.9,30.65,26.46,0.63,80.82,0.89,2.65,Assam_Dhubri
2007-09-15,15.74,30.83,26.21,0.99,85.63,0.9,2.43,Assam_Dhubri
2007-09-16,2.61,31.12,25.42,1.38,86.53,0.9,3.8,Assam_Dhubri
2007-09-17,2.42,32.01,25.45,0.9,81.84,0.89,5.17,Assam_Dhubri
2007-09-18,1.24,31.18,26.18,1.34,83.84,0.89,4.78,Assam_Dhubri
2007-09-19,0.6,32.36,25.02,2.31,83.17,0.88,5.79,Assam_Dhubri
2007-09-20,0.06,31.74,23.98,2.74,82.33,0.87,6.01,Assam_Dhubri
2007-09-21,0.0,32.54,23.25,2.55,80.61,0.86,6.18,Assam_Dhubri
2007-09-22,0.02,32.51,21.93,2.17,76.91,0.85,6.35,Assam_Dhubri
2007-09-23,0.6,30.86,22.65,1.74,79.7,0.84,5.21,Assam_Dhubri
2007-09-24,1.67,30.2,23.4,1.47,82.48,0.84,3.9,Assam_Dhubri
2007-09-25,1.42,29.54,23.95,1.1,78.08,0.83,3.6,Assam_Dhubri
2007-09-26,0.05,29.71,24.34,0.54,80.87,0.83,4.89,Assam_Dhubri
2007-09-27,2.82,30.8,24.36,0.87,80.16,0.82,6.03,Assam_Dhubri
2007-09-28,2.16,31.55,24.35,1.11,81.18,0.82,6.13,Assam_Dhubri
2007-09-29,1.0,29.84,25.04,1.14,83.75,0.81,4.41,Assam_Dhubri
2007-09-30,0.53,31.13,25.35,0.59,77.79,0.81,6.37,Assam_Dhubri
2007-10-01,6.04,31.13,25.4,1.08,80.61,0.8,5.53,Assam_Dhubri
2007-10-02,3.0,32.22,25.21,0.78,79.08,0.8,6.56,Assam_Dhubri
2007-10-03,0.02,29.9,25.49,1.17,84.53,0.8,3.2,Assam_Dhubri
2007-10-04,0.05,30.96,24.67,0.96,80.64,0.79,6.25,Assam_Dhubri
2007-10-05,2.51,32.28,25.58,0.93,77.65,0.78,6.47,Assam_Dhubri
2007-10-06,0.28,32.55,26.53,0.78,75.19,0.78,6.29,Assam_Dhubri
2007-10-07,7.94,30.53,26.11,1.61,85.09,0.78,3.28,Assam_Dhubri
2007-10-08,39.44,27.7,23.96,3.39,92.14,0.8,1.14,Assam_Dhubri
2007-10-09,36.11,27.22,23.86,3.46,93.23,0.84,1.08,Assam_Dhubri
2007-10-10,25.07,27.57,24.34,1.77,89.04,0.87,1.44,Assam_Dhubri
2007-10-11,1.4,30.22,23.26,1.11,81.35,0.86,5.72,Assam_Dhubri
2007-10-12,0.0,29.95,22.06,0.86,79.93,0.85,5.78,Assam_Dhubri
2007-10-13,0.17,29.83,22.55,1.19,82.85,0.84,5.62,Assam_Dhubri
2007-10-14,0.39,29.66,23.0,2.31,86.62,0.83,5.07,Assam_Dhubri
2007-10-15,3.4,27.02,23.42,2.2,91.27,0.83,2.06,Assam_Dhubri
2007-10-16,7.98,27.85,22.82,2.42,89.43,0.83,3.56,Assam_Dhubri
2007-10-17,4.31,29.15,21.72,1.74,85.15,0.83,4.92,Assam_Dhubri
2007-10-18,3.99,27.91,22.96,1.3,86.19,0.83,3.36,Assam_Dhubri
2007-10-19,0.44,28.44,21.74,1.46,86.61,0.82,4.66,Assam_Dhubri
2007-10-20,0.36,28.23,19.9,1.11,85.02,0.82,5.76,Assam_Dhubri
2007-10-21,0.09,27.47,19.52,0.67,75.17,0.81,6.36,Assam_Dhubri
2007-10-22,0.0,27.69,19.43,0.83,73.7,0.8,5.45,Assam_Dhubri
2007-10-23,0.0,26.46,19.33,1.53,86.32,0.8,4.38,Assam_Dhubri
2007-10-24,0.0,26.54,18.7,1.87,85.73,0.79,4.86,Assam_Dhubri
2007-10-25,0.0,27.19,18.05,1.66,82.94,0.79,5.2,Assam_Dhubri
2007-10-26,0.0,27.39,17.83,1.38,80.99,0.78,5.5,Assam_Dhubri
2007-10-27,0.0,26.71,17.61,0.87,80.29,0.78,5.74,Assam_Dhubri
2007-10-28,0.0,26.45,18.45,0.97,82.26,0.77,4.93,Assam_Dhubri
2007-10-29,0.0,26.27,19.35,1.28,85.76,0.77,4.45,Assam_Dhubri
2007-10-30,0.0,27.71,18.65,1.24,82.94,0.76,5.08,Assam_Dhubri
2007-10-31,0.0,26.78,18.13,1.46,87.54,0.76,4.68,Assam_Dhubri
2007-11-01,0.01,27.5,19.25,1.39,85.39,0.75,5.1,Assam_Dhubri
2007-11-02,0.32,27.58,19.28,0.67,76.1,0.74,5.68,Assam_Dhubri
2007-11-03,0.13,27.51,18.83,0.92,75.23,0.74,5.28,Assam_Dhubri
2007-11-04,0.0,26.96,17.54,1.78,85.71,0.73,4.53,Assam_Dhubri
2007-11-05,0.0,27.28,18.17,1.9,86.15,0.73,4.58,Assam_Dhubri
2007-11-06,0.0,27.17,19.43,1.82,84.79,0.73,4.42,Assam_Dhubri
2007-11-07,0.0,27.89,18.98,1.93,83.75,0.72,4.85,Assam_Dhubri
2007-11-08,0.0,27.07,18.95,1.94,86.0,0.72,4.51,Assam_Dhubri
2007-11-09,0.17,27.82,18.29,1.38,82.29,0.71,4.65,Assam_Dhubri
2007-11-10,0.46,27.04,18.54,1.48,86.65,0.71,3.95,Assam_Dhubri
2007-11-11,0.0,26.59,17.86,1.39,86.08,0.7,4.15,Assam_Dhubri
2007-11-12,0.0,25.78,17.18,1.71,84.92,0.7,3.88,Assam_Dhubri
2007-11-13,0.0,25.83,15.68,1.57,80.87,0.69,4.01,Assam_Dhubri
2007-11-14,0.0,26.81,16.99,1.94,79.27,0.69,4.35,Assam_Dhubri
2007-11-15,13.94,24.76,16.52,3.77,83.98,0.69,3.52,Assam_Dhubri
2007-11-16,7.47,20.24,16.44,5.22,88.04,0.71,1.18,Assam_Dhubri
2007-11-17,0.0,24.57,17.14,1.98,86.4,0.7,3.21,Assam_Dhubri
2007-11-18,0.0,25.06,16.87,0.84,85.18,0.7,3.61,Assam_Dhubri
2007-11-19,0.0,26.22,16.85,1.31,87.34,0.69,3.62,Assam_Dhubri
2007-11-20,0.0,25.99,17.06,0.6,84.99,0.69,3.73,Assam_Dhubri
2007-11-21,0.0,25.37,15.71,1.28,85.4,0.68,3.34,Assam_Dhubri
2007-11-22,0.0,25.86,16.84,1.3,81.26,0.68,3.58,Assam_Dhubri
2007-11-23,0.0,26.01,16.05,1.58,82.37,0.67,3.53,Assam_Dhubri
2007-11-24,0.0,25.8,15.92,1.67,80.66,0.67,3.5,Assam_Dhubri
2007-11-25,0.0,24.73,14.64,1.39,80.38,0.66,3.3,Assam_Dhubri
2007-11-26,0.0,24.81,14.23,1.21,81.6,0.66,3.2,Assam_Dhubri
2007-11-27,0.0,24.37,14.2,1.2,79.36,0.66,3.2,Assam_Dhubri
2007-11-28,0.0,24.42,14.05,0.91,80.45,0.65,3.09,Assam_Dhubri
2007-11-29,0.0,24.73,14.53,1.53,84.03,0.65,3.02,Assam_Dhubri
2007-11-30,0.0,24.77,15.22,1.16,82.18,0.65,2.89,Assam_Dhubri
2007-12-01,0.0,24.76,15.6,0.95,78.87,0.64,2.79,Assam_Dhubri
2007-12-02,0.0,24.16,14.56,1.19,84.5,0.64,2.43,Assam_Dhubri
2007-12-03,0.0,23.14,14.39,1.14,85.3,0.64,2.18,Assam_Dhubri
2007-12-04,0.14,23.57,14.35,0.98,85.68,0.64,2.14,Assam_Dhubri
2007-12-05,0.0,23.19,13.88,1.86,88.1,0.64,2.16,Assam_Dhubri
2007-12-06,0.0,22.88,12.07,1.88,84.79,0.63,2.32,Assam_Dhubri
2007-12-07,0.0,21.98,12.32,1.59,79.08,0.63,1.8,Assam_Dhubri
2007-12-08,0.0,23.26,12.76,0.72,71.14,0.63,2.49,Assam_Dhubri
2007-12-09,0.0,22.54,11.31,1.26,83.16,0.62,2.21,Assam_Dhubri
2007-12-10,0.0,21.27,11.52,1.28,81.2,0.62,2.01,Assam_Dhubri
2007-12-11,0.0,21.73,10.82,1.11,82.91,0.62,2.07,Assam_Dhubri
2007-12-12,0.0,21.73,10.87,1.56,86.62,0.62,1.86,Assam_Dhubri
2007-12-13,0.0,21.8,11.25,1.37,84.44,0.61,1.99,Assam_Dhubri
2007-12-14,0.0,22.39,11.71,0.82,84.93,0.61,2.09,Assam_Dhubri
2007-12-15,0.0,21.85,11.44,1.31,86.98,0.61,1.85,Assam_Dhubri
2007-12-16,0.0,22.15,10.98,1.19,85.52,0.61,1.93,Assam_Dhubri
2007-12-17,0.0,21.07,10.12,1.14,81.23,0.6,1.82,Assam_Dhubri
2007-12-18,0.0,21.45,9.97,1.15,83.64,0.6,1.84,Assam_Dhubri
2007-12-19,0.0,21.66,10.49,0.62,80.08,0.6,1.99,Assam_Dhubri
2007-12-20,0.0,21.27,9.88,0.81,75.96,0.6,1.74,Assam_Dhubri
2007-12-21,0.0,20.8,9.26,0.75,71.21,0.6,1.61,Assam_Dhubri
2007-12-22,0.0,20.96,10.07,1.19,70.61,0.59,1.3,Assam_Dhubri
2007-12-23,0.0,21.19,9.7,1.43,83.71,0.59,1.59,Assam_Dhubri
2007-12-24,0.0,21.8,10.56,1.05,85.17,0.59,1.65,Assam_Dhubri
2007-12-25,0.0,21.62,10.91,0.69,83.18,0.59,1.77,Assam_Dhubri
2007-12-26,0.0,22.33,11.0,0.82,81.58,0.59,1.74,Assam_Dhubri
2007-12-27,0.0,21.6,10.85,0.84,82.94,0.58,1.57,Assam_Dhubri
2007-12-28,0.0,21.44,10.83,0.78,80.26,0.58,1.5,Assam_Dhubri
2007-12-29,0.0,21.65,10.18,1.17,87.14,0.58,1.41,Assam_Dhubri
2007-12-30,0.0,20.58,11.05,1.08,88.36,0.58,1.18,Assam_Dhubri
2007-12-31,0.0,19.81,11.5,0.91,83.01,0.58,1.16,Assam_Dhubri
2008-01-01,0.0,20.77,9.64,1.63,86.96,0.58,1.3,Assam_Dhubri
2008-01-02,0.0,21.62,10.18,1.32,86.24,0.57,1.38,Assam_Dhubri
2008-01-03,0.0,22.36,11.53,0.82,82.84,0.57,1.56,Assam_Dhubri
2008-01-04,0.0,23.02,10.59,0.82,78.36,0.57,1.69,Assam_Dhubri
2008-01-05,0.0,21.56,9.54,1.26,83.59,0.57,1.38,Assam_Dhubri
2008-01-06,0.0,21.15,9.64,1.36,84.64,0.57,1.3,Assam_Dhubri
2008-01-07,0.0,22.43,10.3,1.23,81.28,0.56,1.51,Assam_Dhubri
2008-01-08,0.0,22.64,10.28,1.26,82.84,0.56,1.52,Assam_Dhubri
2008-01-09,0.0,23.31,10.82,0.89,79.41,0.56,1.61,Assam_Dhubri
2008-01-10,0.0,23.56,11.64,1.19,73.73,0.56,1.59,Assam_Dhubri
2008-01-11,0.0,23.09,12.9,0.96,71.11,0.55,1.13,Assam_Dhubri
2008-01-12,0.0,23.78,11.83,1.25,73.9,0.55,1.53,Assam_Dhubri
2008-01-13,0.0,21.57,11.02,1.31,81.23,0.55,1.36,Assam_Dhubri
2008-01-14,0.01,21.63,11.24,0.82,78.87,0.55,1.29,Assam_Dhubri
2008-01-15,0.0,20.32,10.36,1.42,86.0,0.55,0.91,Assam_Dhubri
2008-01-16,0.0,21.53,11.22,1.29,85.69,0.55,1.08,Assam_Dhubri
2008-01-17,0.0,21.42,11.11,1.41,83.03,0.54,1.15,Assam_Dhubri
2008-01-18,0.0,22.91,11.7,0.67,77.37,0.54,1.33,Assam_Dhubri
2008-01-19,0.0,22.97,13.13,1.19,73.73,0.54,1.05,Assam_Dhubri
2008-01-20,0.1,24.49,13.0,1.57,76.11,0.54,1.36,Assam_Dhubri
2008-01-21,0.03,24.74,11.53,2.05,69.79,0.54,1.61,Assam_Dhubri
2008-01-22,0.0,21.43,7.83,1.03,57.96,0.53,1.28,Assam_Dhubri
2008-01-23,5.0,19.68,9.92,1.98,72.51,0.53,0.79,Assam_Dhubri
2008-01-24,13.84,16.66,12.08,2.06,87.44,0.56,0.39,Assam_Dhubri
2008-01-25,0.26,19.54,10.99,1.24,84.53,0.56,0.85,Assam_Dhubri
2008-01-26,1.08,18.88,10.32,1.7,88.19,0.56,0.57,Assam_Dhubri
2008-01-27,1.42,20.38,10.02,1.55,78.85,0.55,1.35,Assam_Dhubri
2008-01-28,0.02,20.27,8.17,2.19,69.58,0.55,1.38,Assam_Dhubri
2008-01-29,1.5,19.16,8.13,1.31,60.54,0.55,1.38,Assam_Dhubri
2008-01-30,6.68,17.84,9.75,1.31,71.81,0.55,0.73,Assam_Dhubri
2008-01-31,0.01,19.62,8.24,1.17,75.66,0.56,1.21,Assam_Dhubri
2008-02-01,0.0,20.33,7.46,1.08,64.82,0.55,1.4,Assam_Dhubri
2008-02-02,0.0,19.32,7.1,1.03,65.41,0.55,1.4,Assam_Dhubri
2008-02-03,0.0,19.66,7.06,1.32,73.05,0.55,1.34,Assam_Dhubri
2008-02-04,0.0,21.5,8.08,0.91,68.53,0.54,1.56,Assam_Dhubri
2008-02-05,0.0,22.98,10.06,1.0,67.73,0.54,1.49,Assam_Dhubri
2008-02-06,0.0,23.01,10.73,1.22,72.72,0.54,1.46,Assam_Dhubri
2008-02-07,0.0,22.12,13.05,0.87,71.4,0.54,1.1,Assam_Dhubri
2008-02-08,0.08,22.86,13.09,1.44,79.66,0.53,0.99,Assam_Dhubri
2008-02-09,0.28,21.83,14.79,1.85,85.04,0.53,0.76,Assam_Dhubri
2008-02-10,0.01,23.56,11.95,2.47,71.93,0.53,1.79,Assam_Dhubri
2008-02-11,0.0,22.68,8.56,1.78,62.53,0.53,1.6,Assam_Dhubri
2008-02-12,0.0,21.5,9.49,1.01,58.26,0.52,1.47,Assam_Dhubri
2008-02-13,0.0,22.02,9.32,1.16,53.59,0.52,1.5,Assam_Dhubri
2008-02-14,0.0,22.51,8.19,1.0,56.29,0.52,1.42,Assam_Dhubri
2008-02-15,0.0,21.84,9.12,0.9,59.4,0.52,1.37,Assam_Dhubri
2008-02-16,0.0,22.32,9.49,1.01,59.22,0.51,1.19,Assam_Dhubri
2008-02-17,0.0,23.06,10.17,1.22,63.71,0.51,1.31,Assam_Dhubri
2008-02-18,0.01,24.94,11.25,1.26,67.85,0.51,1.45,Assam_Dhubri
2008-02-19,1.45,24.3,12.93,1.55,69.65,0.51,1.14,Assam_Dhubri
2008-02-20,0.22,23.28,13.6,1.34,72.88,0.51,1.09,Assam_Dhubri
2008-02-21,0.0,24.86,11.41,1.2,68.73,0.51,1.84,Assam_Dhubri
2008-02-22,0.0,25.76,11.4,1.03,62.63,0.5,1.98,Assam_Dhubri
2008-02-23,0.0,25.84,11.65,1.2,64.13,0.5,1.83,Assam_Dhubri
2008-02-24,0.0,27.73,14.16,1.21,56.03,0.5,1.71,Assam_Dhubri
2008-02-25,0.62,28.33,16.26,1.23,57.16,0.49,1.89,Assam_Dhubri
2008-02-26,0.03,27.94,15.77,1.4,51.57,0.49,1.89,Assam_Dhubri
2008-02-27,0.0,26.54,12.76,1.19,51.94,0.49,1.75,Assam_Dhubri
2008-02-28,0.0,27.99,13.15,1.14,57.99,0.48,1.91,Assam_Dhubri
2008-02-29,0.0,27.14,12.75,1.62,63.86,0.48,1.79,Assam_Dhubri
2008-03-01,0.0,26.9,13.15,1.83,61.7,0.48,1.73,Assam_Dhubri
2008-03-02,0.0,27.88,14.38,1.44,62.59,0.48,1.75,Assam_Dhubri
2008-03-03,0.21,27.95,15.57,1.64,65.12,0.47,1.7,Assam_Dhubri
2008-03-04,2.15,28.88,15.96,1.19,60.89,0.47,1.81,Assam_Dhubri
2008-03-05,6.06,27.36,15.98,1.41,68.83,0.48,1.19,Assam_Dhubri
2008-03-06,0.0,28.01,16.35,2.02,71.7,0.48,1.77,Assam_Dhubri
2008-03-07,0.2,28.67,16.42,2.01,67.5,0.47,1.87,Assam_Dhubri
2008-03-08,0.21,29.29,16.94,1.34,65.25,0.47,1.95,Assam_Dhubri
2008-03-09,0.0,29.88,17.32,1.65,64.59,0.47,1.96,Assam_Dhubri
2008-03-10,0.0,29.6,17.9,1.28,66.58,0.46,1.65,Assam_Dhubri
2008-03-11,0.0,30.54,18.73,1.34,63.05,0.46,1.71,Assam_Dhubri
2008-03-12,0.0,30.86,18.06,1.38,51.17,0.46,1.56,Assam_Dhubri
2008-03-13,0.0,30.66,17.08,1.34,57.69,0.46,1.48,Assam_Dhubri
2008-03-14,0.0,32.15,19.34,1.56,56.42,0.45,1.91,Assam_Dhubri
2008-03-15,0.71,33.15,16.23,2.97,50.61,0.45,2.4,Assam_Dhubri
2008-03-16,1.2,32.68,17.86,1.56,43.72,0.45,2.11,Assam_Dhubri
2008-03-17,0.0,31.81,16.95,0.98,41.53,0.45,2.12,Assam_Dhubri
2008-03-18,3.5,30.52,16.9,1.99,54.84,0.45,1.63,Assam_Dhubri
2008-03-19,3.57,31.68,17.44,1.71,54.8,0.45,1.71,Assam_Dhubri
2008-03-20,3.69,32.94,18.62,1.25,52.59,0.45,1.92,Assam_Dhubri
2008-03-21,5.64,32.82,21.87,1.84,48.54,0.45,2.03,Assam_Dhubri
2008-03-22,8.39,32.56,19.8,1.53,44.92,0.46,1.92,Assam_Dhubri
2008-03-23,0.41,32.13,17.97,1.81,57.23,0.46,2.24,Assam_Dhubri
2008-03-24,2.92,30.64,19.41,1.16,55.51,0.46,1.84,Assam_Dhubri
2008-03-25,1.43,32.67,18.1,1.18,52.2,0.46,2.1,Assam_Dhubri
2008-03-26,3.43,33.4,18.69,1.74,52.37,0.46,2.47,Assam_Dhubri
2008-03-27,2.11,33.5,18.56,1.96,46.05,0.45,2.44,Assam_Dhubri
2008-03-28,1.49,35.14,20.06,2.02,39.58,0.45,2.62,Assam_Dhubri
2008-03-29,4.47,34.5,18.07,1.43,46.35,0.45,2.36,Assam_Dhubri
2008-03-30,6.43,33.78,19.09,1.54,51.7,0.46,2.13,Assam_Dhubri
2008-03-31,13.89,31.29,21.13,1.86,66.31,0.47,1.86,Assam_Dhubri
2008-04-01,3.09,29.81,19.88,2.6,70.7,0.47,1.59,Assam_Dhubri
2008-04-02,16.68,28.96,19.28,1.46,71.27,0.49,1.99,Assam_Dhubri
2008-04-03,1.69,32.48,18.8,1.38,60.6,0.49,3.0,Assam_Dhubri
2008-04-04,2.96,30.63,20.2,0.99,63.89,0.48,2.58,Assam_Dhubri
2008-04-05,0.3,29.27,20.72,1.1,67.41,0.48,1.77,Assam_Dhubri
2008-04-06,0.02,29.55,20.7,1.48,66.56,0.47,1.87,Assam_Dhubri
2008-04-07,0.0,33.06,18.68,1.38,53.3,0.47,3.16,Assam_Dhubri
2008-04-08,0.0,32.08,18.19,0.76,47.6,0.46,3.2,Assam_Dhubri
2008-04-09,0.0,33.74,19.61,0.97,47.66,0.46,3.05,Assam_Dhubri
2008-04-10,0.0,34.73,19.65,1.1,50.75,0.45,3.05,Assam_Dhubri
2008-04-11,0.0,35.94,20.74,1.26,48.94,0.45,2.61,Assam_Dhubri
2008-04-12,0.02,36.43,21.54,1.59,50.59,0.44,2.43,Assam_Dhubri
2008-04-13,13.15,36.03,23.37,1.71,54.78,0.46,2.28,Assam_Dhubri
2008-04-14,4.38,34.48,21.41,1.43,59.12,0.46,3.04,Assam_Dhubri
2008-04-15,3.19,34.44,22.5,1.5,61.84,0.46,2.55,Assam_Dhubri
2008-04-16,1.53,33.44,23.22,1.57,64.23,0.46,2.52,Assam_Dhubri
2008-04-17,0.9,35.12,23.78,1.66,62.86,0.45,2.62,Assam_Dhubri
2008-04-18,2.12,36.85,24.87,1.99,59.09,0.45,2.55,Assam_Dhubri
2008-04-19,0.18,38.19,22.55,2.0,38.27,0.45,2.87,Assam_Dhubri
2008-04-20,0.0,36.37,20.39,1.56,35.65,0.44,2.34,Assam_Dhubri
2008-04-21,0.0,36.62,19.69,2.04,43.64,0.43,2.01,Assam_Dhubri
2008-04-22,0.0,36.67,20.79,2.11,44.78,0.43,1.87,Assam_Dhubri
2008-04-23,0.0,37.08,22.03,2.2,47.37,0.43,1.64,Assam_Dhubri
2008-04-24,0.0,38.1,23.09,1.73,50.42,0.42,1.75,Assam_Dhubri
2008-04-25,1.9,37.78,23.32,1.68,52.1,0.42,1.6,Assam_Dhubri
2008-04-26,0.13,37.11,22.92,1.72,51.84,0.42,1.56,Assam_Dhubri
2008-04-27,0.81,37.12,24.56,2.19,52.93,0.42,1.5,Assam_Dhubri
2008-04-28,6.68,35.92,24.63,1.88,58.06,0.42,1.32,Assam_Dhubri
2008-04-29,9.64,34.9,25.89,1.89,63.54,0.43,1.71,Assam_Dhubri
2008-04-30,14.24,32.66,23.75,2.87,71.59,0.45,1.89,Assam_Dhubri
2008-05-01,9.49,33.39,23.36,1.83,70.37,0.46,2.43,Assam_Dhubri
2008-05-02,15.78,33.49,24.18,1.48,71.8,0.47,2.24,Assam_Dhubri
2008-05-03,0.39,36.51,24.88,1.96,63.67,0.47,3.54,Assam_Dhubri
2008-05-04,0.87,34.9,23.55,2.28,60.29,0.46,3.32,Assam_Dhubri
2008-05-05,18.63,34.03,23.52,1.36,61.48,0.47,3.0,Assam_Dhubri
2008-05-06,8.58,32.06,25.2,0.96,68.91,0.49,2.78,Assam_Dhubri
2008-05-07,0.22,33.33,24.47,1.22,64.84,0.48,3.48,Assam_Dhubri
2008-05-08,14.16,33.39,24.42,1.39,69.68,0.49,3.26,Assam_Dhubri
2008-05-09,9.97,32.67,24.68,0.93,67.5,0.5,3.69,Assam_Dhubri
2008-05-10,2.05,34.08,24.22,2.0,66.76,0.49,4.02,Assam_Dhubri
2008-05-11,3.04,34.56,24.16,1.28,59.49,0.49,4.42,Assam_Dhubri
2008-05-12,0.6,35.05,24.77,1.7,60.75,0.48,4.03,Assam_Dhubri
2008-05-13,0.76,35.1,25.46,1.43,60.96,0.47,3.31,Assam_Dhubri
2008-05-14,0.01,35.8,24.64,1.2,58.06,0.47,3.56,Assam_Dhubri
2008-05-15,0.09,36.3,25.15,2.08,58.32,0.46,2.94,Assam_Dhubri
2008-05-16,0.12,36.63,25.52,2.05,58.33,0.46,2.71,Assam_Dhubri
2008-05-17,0.66,38.3,25.72,1.62,54.83,0.45,2.54,Assam_Dhubri
2008-05-18,6.79,35.32,26.89,1.63,63.22,0.46,1.84,Assam_Dhubri
2008-05-19,4.56,33.76,26.67,2.15,68.17,0.46,1.72,Assam_Dhubri
2008-05-20,1.79,30.9,25.22,3.2,74.24,0.46,1.35,Assam_Dhubri
2008-05-21,20.26,31.81,23.99,1.28,71.05,0.48,2.4,Assam_Dhubri
2008-05-22,2.75,34.78,24.56,1.25,63.74,0.49,4.08,Assam_Dhubri
2008-05-23,3.36,33.71,25.59,1.61,66.48,0.48,3.29,Assam_Dhubri
2008-05-24,17.19,32.71,25.66,1.33,70.58,0.49,3.29,Assam_Dhubri
2008-05-25,0.6,34.51,26.4,1.11,64.75,0.49,4.77,Assam_Dhubri
2008-05-26,5.33,32.05,25.49,1.47,74.57,0.49,2.12,Assam_Dhubri
2008-05-27,4.74,33.29,25.61,2.29,71.97,0.49,3.25,Assam_Dhubri
2008-05-28,1.0,34.73,25.13,2.07,69.68,0.49,3.6,Assam_Dhubri
2008-05-29,0.76,37.22,25.43,2.63,64.56,0.48,3.78,Assam_Dhubri
2008-05-30,12.52,33.35,25.84,2.0,75.38,0.48,2.41,Assam_Dhubri
2008-05-31,13.99,33.69,25.75,1.24,74.58,0.5,3.86,Assam_Dhubri
2008-06-01,22.45,31.92,26.34,1.3,78.17,0.53,2.82,Assam_Dhubri
2008-06-02,44.89,31.25,25.27,1.68,82.2,0.58,4.24,Assam_Dhubri
2008-06-03,0.75,31.37,24.89,1.48,77.53,0.58,5.44,Assam_Dhubri
2008-06-04,24.2,32.52,24.39,1.15,77.07,0.58,5.19,Assam_Dhubri
2008-06-05,26.16,31.6,25.54,1.59,82.19,0.62,4.5,Assam_Dhubri
2008-06-06,4.46,32.37,25.48,1.38,79.17,0.61,6.89,Assam_Dhubri
2008-06-07,6.44,33.64,24.19,1.35,76.3,0.6,7.72,Assam_Dhubri
2008-06-08,7.19,32.23,24.63,1.52,78.58,0.59,6.67,Assam_Dhubri
2008-06-09,10.56,32.1,25.7,1.7,82.04,0.6,5.14,Assam_Dhubri
2008-06-10,4.24,32.75,25.75,1.53,80.75,0.6,5.21,Assam_Dhubri
2008-06-11,1.71,33.38,25.72,1.72,77.87,0.59,7.78,Assam_Dhubri
2008-06-12,9.96,33.36,26.63,2.45,81.65,0.58,6.13,Assam_Dhubri
2008-06-13,26.9,30.84,27.2,1.88,87.59,0.6,2.14,Assam_Dhubri
2008-06-14,42.98,31.03,26.93,1.06,85.16,0.67,1.46,Assam_Dhubri
2008-06-15,2.09,33.99,25.96,2.27,81.19,0.66,7.38,Assam_Dhubri
2008-06-16,5.29,31.58,26.76,2.27,85.79,0.65,4.06,Assam_Dhubri
2008-06-17,10.72,32.76,26.66,3.15,84.47,0.65,5.9,Assam_Dhubri
2008-06-18,30.13,30.72,26.03,2.62,86.21,0.66,3.94,Assam_Dhubri
2008-06-19,21.8,30.7,25.96,1.93,85.66,0.68,3.25,Assam_Dhubri
2008-06-20,24.91,32.4,25.75,1.89,85.35,0.71,4.56,Assam_Dhubri
2008-06-21,4.07,31.58,26.29,1.93,83.36,0.71,4.81,Assam_Dhubri
2008-06-22,10.24,32.6,26.0,1.27,81.77,0.7,5.91,Assam_Dhubri
2008-06-23,16.93,32.7,25.93,1.77,82.11,0.71,6.28,Assam_Dhubri
2008-06-24,4.31,33.99,25.57,1.53,80.09,0.71,7.26,Assam_Dhubri
2008-06-25,2.16,34.22,26.66,1.51,80.71,0.69,7.34,Assam_Dhubri
2008-06-26,5.01,31.51,26.9,1.84,85.86,0.69,3.74,Assam_Dhubri
2008-06-27,2.13,33.69,26.57,1.3,80.94,0.68,6.83,Assam_Dhubri
2008-06-28,21.77,31.09,26.95,1.78,85.92,0.68,3.53,Assam_Dhubri
2008-06-29,21.04,31.16,26.1,2.13,86.6,0.71,3.28,Assam_Dhubri
2008-06-30,5.47,32.34,26.11,1.91,83.79,0.72,4.9,Assam_Dhubri
2008-07-01,16.49,32.06,26.25,2.22,85.78,0.71,4.44,Assam_Dhubri
2008-07-02,11.97,32.69,25.94,1.82,84.21,0.72,5.47,Assam_Dhubri
2008-07-03,13.71,31.5,26.73,2.25,87.2,0.73,3.3,Assam_Dhubri
2008-07-04,6.98,31.58,26.63,1.97,88.13,0.73,2.55,Assam_Dhubri
2008-07-05,13.12,32.93,25.85,1.03,81.2,0.73,5.14,Assam_Dhubri
2008-07-06,0.11,31.36,26.13,1.49,83.68,0.73,4.24,Assam_Dhubri
2008-07-07,0.74,33.04,26.06,1.88,81.27,0.71,6.85,Assam_Dhubri
2008-07-08,2.18,32.11,26.45,1.88,84.8,0.71,4.15,Assam_Dhubri
2008-07-09,3.48,32.82,26.16,1.48,83.74,0.7,5.45,Assam_Dhubri
2008-07-10,5.1,32.16,26.29,1.87,86.07,0.7,4.71,Assam_Dhubri
2008-07-11,11.25,30.61,26.38,2.06,87.2,0.7,2.98,Assam_Dhubri
2008-07-12,11.11,31.94,26.37,1.56,84.78,0.71,4.31,Assam_Dhubri
2008-07-13,17.55,32.67,26.23,1.31,83.14,0.72,4.33,Assam_Dhubri
2008-07-14,16.59,30.86,26.65,1.94,87.94,0.74,2.47,Assam_Dhubri
2008-07-15,13.96,29.38,26.22,1.97,90.39,0.75,1.55,Assam_Dhubri
2008-07-16,3.14,32.45,25.68,1.54,85.44,0.74,5.01,Assam_Dhubri
2008-07-17,3.19,29.88,26.53,1.19,88.02,0.74,1.77,Assam_Dhubri
2008-07-18,14.06,33.84,26.47,1.06,80.71,0.73,6.07,Assam_Dhubri
2008-07-19,16.98,31.48,26.37,1.93,88.35,0.75,2.35,Assam_Dhubri
2008-07-20,7.36,32.6,25.31,2.01,85.37,0.75,5.41,Assam_Dhubri
2008-07-21,7.67,29.88,26.44,3.3,90.79,0.75,1.93,Assam_Dhubri
2008-07-22,13.49,28.99,26.48,2.42,91.92,0.75,1.18,Assam_Dhubri
2008-07-23,6.35,31.64,26.18,1.23,84.91,0.76,3.89,Assam_Dhubri
2008-07-24,0.32,30.84,26.29,1.11,85.21,0.75,2.45,Assam_Dhubri
2008-07-25,1.44,31.13,25.88,1.39,84.77,0.74,3.66,Assam_Dhubri
2008-07-26,5.02,32.25,26.23,1.41,83.45,0.74,3.87,Assam_Dhubri
2008-07-27,3.89,34.67,26.29,1.52,78.6,0.74,6.66,Assam_Dhubri
2008-07-28,1.5,32.76,27.16,1.66,84.99,0.73,4.92,Assam_Dhubri
2008-07-29,0.28,33.01,26.23,1.59,82.51,0.72,5.5,Assam_Dhubri
2008-07-30,1.24,33.43,26.05,1.54,81.65,0.71,6.77,Assam_Dhubri
2008-07-31,4.48,32.91,26.21,1.52,82.48,0.71,5.24,Assam_Dhubri
2008-08-01,3.71,32.86,26.54,1.63,84.0,0.71,5.49,Assam_Dhubri
2008-08-02,19.66,30.68,26.32,1.11,85.8,0.71,2.48,Assam_Dhubri
2008-08-03,23.32,29.73,26.27,1.1,86.84,0.75,1.74,Assam_Dhubri
2008-08-04,7.14,30.48,26.05,1.59,87.16,0.75,2.81,Assam_Dhubri
2008-08-05,6.19,29.77,25.55,1.28,89.11,0.75,2.05,Assam_Dhubri
2008-08-06,14.01,30.3,25.7,1.08,85.65,0.75,2.24,Assam_Dhubri
2008-08-07,9.03,32.83,25.94,0.83,77.53,0.76,5.7,Assam_Dhubri
2008-08-08,0.17,33.92,26.53,1.48,81.83,0.75,4.85,Assam_Dhubri
2008-08-09,6.04,34.93,26.78,2.04,81.09,0.74,6.34,Assam_Dhubri
2008-08-10,15.07,31.97,27.16,2.04,85.17,0.75,3.52,Assam_Dhubri
2008-08-11,42.4,32.19,26.36,2.28,85.12,0.78,4.03,Assam_Dhubri
2008-08-12,22.0,30.09,25.96,1.63,88.95,0.81,1.66,Assam_Dhubri
2008-08-13,7.78,32.38,25.77,1.47,84.54,0.81,4.46,Assam_Dhubri
2008-08-14,6.87,30.7,26.09,1.27,87.21,0.8,2.24,Assam_Dhubri
2008-08-15,6.02,31.14,25.83,1.83,87.53,0.8,3.66,Assam_Dhubri
2008-08-16,4.54,31.1,25.42,1.45,84.55,0.79,4.23,Assam_Dhubri
2008-08-17,4.38,32.78,26.05,1.44,81.8,0.79,5.67,Assam_Dhubri
2008-08-18,23.1,32.36,26.43,2.21,86.33,0.79,4.1,Assam_Dhubri
2008-08-19,11.44,31.61,26.38,1.49,87.84,0.81,2.78,Assam_Dhubri
2008-08-20,1.72,32.3,25.64,1.43,85.22,0.8,4.87,Assam_Dhubri
2008-08-21,5.08,32.89,25.75,1.3,83.83,0.8,5.81,Assam_Dhubri
2008-08-22,1.0,31.57,25.66,1.29,82.14,0.79,4.31,Assam_Dhubri
2008-08-23,11.18,33.28,25.96,1.4,79.17,0.79,6.16,Assam_Dhubri
2008-08-24,8.99,31.97,25.81,1.92,84.75,0.79,5.3,Assam_Dhubri
2008-08-25,8.19,30.75,26.44,2.45,89.05,0.79,2.73,Assam_Dhubri
2008-08-26,1.76,30.21,25.98,2.78,87.74,0.79,4.28,Assam_Dhubri
2008-08-27,10.52,31.23,26.05,1.7,87.61,0.78,3.01,Assam_Dhubri
2008-08-28,10.73,29.72,26.66,2.53,91.74,0.79,1.79,Assam_Dhubri
2008-08-29,43.92,29.43,25.74,2.36,92.53,0.83,1.36,Assam_Dhubri
2008-08-30,15.08,28.84,24.89,2.01,90.4,0.85,2.21,Assam_Dhubri
2008-08-31,5.11,29.51,25.99,2.39,91.28,0.84,1.56,Assam_Dhubri
2008-09-01,11.67,30.55,25.41,2.59,89.86,0.84,3.12,Assam_Dhubri
2008-09-02,6.15,31.67,25.33,2.42,86.24,0.84,5.14,Assam_Dhubri
2008-09-03,33.31,31.55,25.57,2.76,87.95,0.86,4.05,Assam_Dhubri
2008-09-04,6.86,32.1,25.33,1.71,85.99,0.85,4.74,Assam_Dhubri
2008-09-05,5.97,29.09,26.03,2.13,92.82,0.85,1.3,Assam_Dhubri
2008-09-06,0.61,30.65,25.03,1.25,85.7,0.85,3.89,Assam_Dhubri
2008-09-07,0.13,31.07,24.13,1.42,83.07,0.84,5.6,Assam_Dhubri
2008-09-08,0.06,31.67,24.41,1.53,81.51,0.83,6.05,Assam_Dhubri
2008-09-09,0.07,30.82,25.27,0.74,78.17,0.82,4.12,Assam_Dhubri
2008-09-10,0.3,32.45,26.37,0.66,74.54,0.82,6.86,Assam_Dhubri
2008-09-11,1.01,28.77,26.76,0.59,85.88,0.81,1.65,Assam_Dhubri
2008-09-12,0.86,29.91,25.66,0.83,86.24,0.81,1.83,Assam_Dhubri
2008-09-13,0.44,31.71,25.88,1.1,80.82,0.8,4.11,Assam_Dhubri
2008-09-14,0.15,29.03,25.57,1.98,89.24,0.8,2.02,Assam_Dhubri
2008-09-15,2.31,30.43,25.45,1.7,86.13,0.8,2.27,Assam_Dhubri
2008-09-16,2.06,29.44,25.8,1.47,87.13,0.8,2.16,Assam_Dhubri
2008-09-17,0.54,28.58,25.31,2.24,91.74,0.8,1.73,Assam_Dhubri
2008-09-18,0.48,29.46,24.54,1.28,86.45,0.79,3.54,Assam_Dhubri
2008-09-19,0.36,31.52,24.48,1.02,84.52,0.79,4.92,Assam_Dhubri
2008-09-20,3.5,32.36,25.13,1.07,83.22,0.78,6.5,Assam_Dhubri
2008-09-21,7.83,30.62,25.65,1.68,88.82,0.78,3.3,Assam_Dhubri
2008-09-22,2.96,30.42,25.01,0.97,81.54,0.79,3.24,Assam_Dhubri
2008-09-23,14.08,29.85,24.35,0.88,82.03,0.79,4.3,Assam_Dhubri
2008-09-24,10.22,29.8,25.77,0.5,83.05,0.8,2.18,Assam_Dhubri
2008-09-25,1.4,31.75,25.03,0.75,78.83,0.79,7.02,Assam_Dhubri
2008-09-26,10.01,32.39,24.75,0.71,79.9,0.79,6.86,Assam_Dhubri
2008-09-27,2.32,29.37,24.86,1.42,86.58,0.79,3.44,Assam_Dhubri
2008-09-28,13.69,27.94,24.03,1.48,92.62,0.79,0.91,Assam_Dhubri
2008-09-29,7.48,31.39,24.04,1.16,83.36,0.81,5.25,Assam_Dhubri
2008-09-30,0.1,31.44,23.73,0.67,78.67,0.79,7.3,Assam_Dhubri
2008-10-01,0.02,31.16,23.87,0.96,82.38,0.79,6.75,Assam_Dhubri
2008-10-02,8.91,28.89,25.15,1.94,89.63,0.78,2.41,Assam_Dhubri
2008-10-03,3.08,29.14,24.33,1.39,86.45,0.79,3.4,Assam_Dhubri
2008-10-04,30.84,28.51,24.24,1.26,89.3,0.8,1.95,Assam_Dhubri
2008-10-05,29.92,29.96,24.33,1.43,88.59,0.85,3.04,Assam_Dhubri
2008-10-06,3.81,30.6,23.78,1.09,83.05,0.84,4.64,Assam_Dhubri
2008-10-07,4.28,29.63,23.69,1.27,83.73,0.83,4.83,Assam_Dhubri
2008-10-08,7.55,29.32,22.74,1.43,87.44,0.83,4.51,Assam_Dhubri
2008-10-09,13.87,29.99,23.14,1.28,86.92,0.84,4.15,Assam_Dhubri
2008-10-10,2.99,30.74,22.97,0.8,79.86,0.83,6.77,Assam_Dhubri
2008-10-11,0.0,29.81,22.48,1.3,83.95,0.82,6.17,Assam_Dhubri
2008-10-12,0.01,29.52,22.4,1.11,81.91,0.82,5.91,Assam_Dhubri
2008-10-13,0.44,30.14,22.29,0.98,79.46,0.81,6.14,Assam_Dhubri
2008-10-14,0.12,30.19,22.66,1.88,82.98,0.8,5.91,Assam_Dhubri
2008-10-15,0.0,30.54,22.0,1.61,82.14,0.79,6.45,Assam_Dhubri
2008-10-16,0.0,29.52,21.72,1.73,82.8,0.79,6.13,Assam_Dhubri
2008-10-17,0.0,29.18,20.19,1.78,83.53,0.78,5.97,Assam_Dhubri
2008-10-18,0.0,29.52,21.18,1.85,81.21,0.77,6.01,Assam_Dhubri
2008-10-19,0.0,29.36,20.79,1.41,76.66,0.77,6.26,Assam_Dhubri
2008-10-20,0.0,29.28,19.96,1.48,79.79,0.76,6.07,Assam_Dhubri
2008-10-21,0.0,29.73,21.74,0.85,76.27,0.75,6.6,Assam_Dhubri
2008-10-22,0.0,29.39,21.04,0.94,82.41,0.75,6.07,Assam_Dhubri
2008-10-23,0.0,28.55,20.62,1.87,83.99,0.74,5.55,Assam_Dhubri
2008-10-24,0.06,28.94,19.71,1.91,81.69,0.73,5.88,Assam_Dhubri
2008-10-25,0.03,27.46,19.53,2.74,83.89,0.73,5.32,Assam_Dhubri
2008-10-26,31.46,22.49,17.98,4.45,89.92,0.74,1.49,Assam_Dhubri
2008-10-27,23.82,23.56,17.68,4.14,93.18,0.78,0.94,Assam_Dhubri
2008-10-28,1.63,27.22,19.53,1.03,81.29,0.78,5.4,Assam_Dhubri
2008-10-29,0.16,27.86,19.08,1.2,84.63,0.77,5.11,Assam_Dhubri
2008-10-30,0.06,27.65,19.36,1.48,83.48,0.76,5.1,Assam_Dhubri
2008-10-31,0.0,27.6,18.91,1.17,83.39,0.75,5.35,Assam_Dhubri
2008-11-01,0.0,28.03,18.72,1.32,81.67,0.75,5.38,Assam_Dhubri
2008-11-02,0.0,27.43,17.73,1.19,84.61,0.74,5.31,Assam_Dhubri
2008-11-03,1.35,28.57,19.1,1.24,82.58,0.74,4.92,Assam_Dhubri
2008-11-04,0.49,28.35,19.42,0.93,77.31,0.73,5.17,Assam_Dhubri
2008-11-05,0.0,27.1,19.72,0.85,78.94,0.73,4.84,Assam_Dhubri
2008-11-06,0.0,27.15,19.06,1.7,87.97,0.72,4.65,Assam_Dhubri
2008-11-07,0.0,26.71,15.65,2.05,83.54,0.72,4.94,Assam_Dhubri
2008-11-08,0.0,26.06,14.94,2.02,81.89,0.71,4.71,Assam_Dhubri
2008-11-09,0.0,26.54,14.81,1.68,81.08,0.71,4.64,Assam_Dhubri
2008-11-10,0.0,26.44,15.91,1.75,81.98,0.7,4.66,Assam_Dhubri
2008-11-11,0.0,26.86,16.32,1.31,76.57,0.7,4.87,Assam_Dhubri
2008-11-12,0.0,26.2,16.01,1.04,77.79,0.69,4.87,Assam_Dhubri
2008-11-13,0.0,25.77,15.81,1.4,83.35,0.69,4.25,Assam_Dhubri
2008-11-14,0.0,25.22,15.45,1.95,86.22,0.68,3.92,Assam_Dhubri
2008-11-15,0.0,24.6,14.5,1.54,86.38,0.68,3.52,Assam_Dhubri
2008-11-16,0.0,25.47,16.13,0.92,82.43,0.67,4.08,Assam_Dhubri
2008-11-17,0.0,24.63,16.15,1.08,87.74,0.67,3.21,Assam_Dhubri
2008-11-18,0.0,23.94,15.85,1.65,85.34,0.67,3.65,Assam_Dhubri
2008-11-19,0.0,24.49,14.06,1.76,85.49,0.66,3.52,Assam_Dhubri
2008-11-20,0.0,24.87,14.76,1.04,80.57,0.66,3.47,Assam_Dhubri
2008-11-21,0.01,26.15,15.23,1.32,83.7,0.66,3.58,Assam_Dhubri
2008-11-22,0.0,25.69,15.66,1.49,80.88,0.65,3.07,Assam_Dhubri
2008-11-23,0.0,23.63,14.32,1.32,86.53,0.65,2.52,Assam_Dhubri
2008-11-24,0.0,23.72,14.55,1.67,87.33,0.65,2.74,Assam_Dhubri
2008-11-25,0.0,24.0,13.87,2.02,81.82,0.64,3.26,Assam_Dhubri
2008-11-26,34.7,23.95,13.74,2.03,81.58,0.68,3.19,Assam_Dhubri
2008-11-27,0.0,23.56,13.42,2.05,80.47,0.67,3.23,Assam_Dhubri
2008-11-28,0.0,25.33,14.69,1.41,80.74,0.67,3.4,Assam_Dhubri
2008-11-29,0.0,25.05,14.85,1.57,86.71,0.66,3.14,Assam_Dhubri
2008-11-30,0.0,25.88,15.46,1.46,84.62,0.66,3.22,Assam_Dhubri
2008-12-01,0.0,26.21,16.69,1.03,80.81,0.65,3.42,Assam_Dhubri
2008-12-02,0.38,25.78,17.2,1.04,80.06,0.65,3.2,Assam_Dhubri
2008-12-03,0.05,24.65,16.63,0.91,79.83,0.65,2.63,Assam_Dhubri
2008-12-04,0.0,24.5,16.35,0.95,84.94,0.64,2.5,Assam_Dhubri
2008-12-05,0.0,24.53,16.33,1.99,88.02,0.64,2.79,Assam_Dhubri
2008-12-06,0.0,25.47,16.16,1.5,85.12,0.64,2.73,Assam_Dhubri
2008-12-07,0.0,25.39,16.19,1.06,84.23,0.64,2.63,Assam_Dhubri
2008-12-08,0.0,24.22,16.76,2.28,86.28,0.63,2.58,Assam_Dhubri
2008-12-09,0.0,24.38,14.58,1.23,76.61,0.63,2.88,Assam_Dhubri
2008-12-10,0.0,24.38,14.74,0.83,77.91,0.62,2.42,Assam_Dhubri
2008-12-11,0.0,24.96,15.49,0.97,83.31,0.62,2.18,Assam_Dhubri
2008-12-12,0.0,24.81,16.62,0.79,80.59,0.62,2.04,Assam_Dhubri
2008-12-13,0.0,24.62,16.15,0.81,83.34,0.62,2.02,Assam_Dhubri
2008-12-14,0.0,22.79,14.51,1.35,89.95,0.62,1.55,Assam_Dhubri
2008-12-15,0.0,22.91,14.24,1.1,87.9,0.61,1.9,Assam_Dhubri
2008-12-16,0.0,22.5,14.06,1.27,87.7,0.61,1.95,Assam_Dhubri
2008-12-17,0.0,22.35,12.46,1.61,88.54,0.61,1.93,Assam_Dhubri
2008-12-18,0.0,21.54,12.17,1.18,85.59,0.61,1.89,Assam_Dhubri
2008-12-19,0.0,22.7,12.64,1.02,84.51,0.6,2.13,Assam_Dhubri
2008-12-20,0.0,22.87,13.22,1.25,85.82,0.6,1.65,Assam_Dhubri
2008-12-21,0.0,22.32,12.9,1.26,87.2,0.6,1.66,Assam_Dhubri
2008-12-22,0.04,21.96,13.35,1.42,86.45,0.6,1.53,Assam_Dhubri
2008-12-23,0.01,21.61,13.16,0.89,85.49,0.6,1.32,Assam_Dhubri
2008-12-24,0.0,20.41,14.46,1.09,89.34,0.6,0.9,Assam_Dhubri
2008-12-25,0.0,22.87,12.92,1.58,87.28,0.59,1.87,Assam_Dhubri
2008-12-26,0.69,22.94,12.69,1.34,84.52,0.59,1.77,Assam_Dhubri
2008-12-27,0.03,22.01,13.41,0.91,81.36,0.59,1.69,Assam_Dhubri
2008-12-28,0.0,22.39,12.66,1.09,83.61,0.59,1.92,Assam_Dhubri
2008-12-29,0.0,22.06,13.34,1.18,84.52,0.59,1.77,Assam_Dhubri
2008-12-30,0.0,22.13,12.63,1.05,83.72,0.58,1.76,Assam_Dhubri
2008-12-31,0.0,22.55,11.84,1.19,84.13,0.58,1.8,Assam_Dhubri
2009-01-01,0.0,23.33,12.61,0.76,77.9,0.58,1.93,Assam_Dhubri
2009-01-02,0.16,22.51,12.41,0.67,73.56,0.58,1.79,Assam_Dhubri
2009-01-03,0.0,21.36,11.04,0.98,81.46,0.57,1.48,Assam_Dhubri
2009-01-04,0.0,20.93,10.92,1.24,82.17,0.57,1.48,Assam_Dhubri
2009-01-05,0.0,21.49,10.37,1.09,80.87,0.57,1.55,Assam_Dhubri
2009-01-06,0.0,22.72,11.07,1.07,76.59,0.57,1.62,Assam_Dhubri
2009-01-07,0.0,21.55,11.13,1.8,86.01,0.57,1.45,Assam_Dhubri
2009-01-08,0.0,21.72,11.16,1.68,83.23,0.56,1.46,Assam_Dhubri
2009-01-09,0.0,22.48,11.64,1.21,81.77,0.56,1.63,Assam_Dhubri
2009-01-10,0.0,22.17,11.54,1.31,84.21,0.56,1.49,Assam_Dhubri
2009-01-11,0.0,22.22,11.45,1.18,80.27,0.56,1.4,Assam_Dhubri
2009-01-12,0.0,21.39,11.94,1.27,86.01,0.56,1.09,Assam_Dhubri
2009-01-13,0.0,21.68,12.26,1.68,81.94,0.55,1.36,Assam_Dhubri
2009-01-14,0.0,22.58,11.06,1.2,75.21,0.55,1.58,Assam_Dhubri
2009-01-15,0.0,22.75,11.01,1.53,80.5,0.55,1.46,Assam_Dhubri
2009-01-16,0.0,22.45,12.97,1.37,81.27,0.55,1.22,Assam_Dhubri
2009-01-17,0.0,22.96,11.6,1.09,81.64,0.54,1.58,Assam_Dhubri
2009-01-18,0.0,24.09,12.4,0.99,76.7,0.54,1.77,Assam_Dhubri
2009-01-19,0.0,23.05,12.04,1.11,76.3,0.54,1.42,Assam_Dhubri
2009-01-20,0.0,22.88,12.69,1.13,76.58,0.54,1.26,Assam_Dhubri
2009-01-21,0.0,22.38,12.16,1.49,85.06,0.54,1.13,Assam_Dhubri
2009-01-22,0.0,21.66,13.02,0.85,84.21,0.54,1.02,Assam_Dhubri
2009-01-23,0.0,23.21,13.05,0.8,82.25,0.53,1.43,Assam_Dhubri
2009-01-24,0.0,23.66,13.14,1.24,83.32,0.53,1.34,Assam_Dhubri
2009-01-25,0.0,23.01,14.33,0.89,79.88,0.53,0.9,Assam_Dhubri
2009-01-26,0.0,24.38,13.86,1.25,73.93,0.53,1.42,Assam_Dhubri
2009-01-27,0.0,24.46,13.53,1.1,71.52,0.53,1.5,Assam_Dhubri
2009-01-28,0.0,24.74,13.63,1.53,68.52,0.52,1.61,Assam_Dhubri
2009-01-29,0.0,23.97,11.67,1.4,76.7,0.52,1.48,Assam_Dhubri
2009-01-30,0.0,23.71,12.2,0.98,80.01,0.52,1.45,Assam_Dhubri
2009-01-31,0.0,24.33,12.75,0.88,72.06,0.52,1.53,Assam_Dhubri
2009-02-01,0.0,24.14,12.98,1.01,71.09,0.52,1.7,Assam_Dhubri
2009-02-02,0.0,22.74,11.35,1.14,80.73,0.51,1.24,Assam_Dhubri
2009-02-03,0.0,23.48,11.47,1.16,77.59,0.51,1.29,Assam_Dhubri
2009-02-04,0.0,23.77,11.41,1.28,77.11,0.51,1.34,Assam_Dhubri
2009-02-05,0.0,24.95,12.49,1.16,76.93,0.51,1.42,Assam_Dhubri
2009-02-06,0.0,25.44,12.36,1.45,75.92,0.51,1.51,Assam_Dhubri
2009-02-07,10.72,25.31,12.76,1.22,76.2,0.52,1.66,Assam_Dhubri
2009-02-08,0.0,26.32,13.0,1.01,71.09,0.52,1.85,Assam_Dhubri
2009-02-09,0.0,25.65,12.68,1.29,72.61,0.51,1.58,Assam_Dhubri
2009-02-10,0.0,25.39,13.12,1.48,73.78,0.51,1.56,Assam_Dhubri
2009-02-11,0.0,27.01,13.77,1.11,73.25,0.51,1.69,Assam_Dhubri
2009-02-12,0.38,27.17,15.4,2.23,67.9,0.5,1.57,Assam_Dhubri
2009-02-13,0.0,25.29,12.08,1.06,59.6,0.5,1.65,Assam_Dhubri
2009-02-14,0.0,26.15,13.34,1.05,64.69,0.5,1.57,Assam_Dhubri
2009-02-15,0.0,27.25,13.98,1.21,59.1,0.49,1.7,Assam_Dhubri
2009-02-16,0.0,26.87,13.78,1.25,64.83,0.49,1.53,Assam_Dhubri
2009-02-17,0.0,26.85,13.1,1.11,70.15,0.49,1.47,Assam_Dhubri
2009-02-18,0.0,27.54,13.03,0.96,64.5,0.49,1.6,Assam_Dhubri
2009-02-19,0.0,28.13,14.56,1.0,52.14,0.48,1.75,Assam_Dhubri
2009-02-20,0.0,27.69,13.19,1.14,59.34,0.48,1.63,Assam_Dhubri
2009-02-21,0.0,27.03,14.53,1.67,55.46,0.48,1.57,Assam_Dhubri
2009-02-22,0.0,27.98,12.18,2.01,51.01,0.48,1.6,Assam_Dhubri
2009-02-23,0.0,27.3,14.01,1.36,54.79,0.47,1.39,Assam_Dhubri
2009-02-24,0.1,28.51,13.65,1.64,56.35,0.47,1.59,Assam_Dhubri
2009-02-25,0.04,30.24,14.8,2.34,55.46,0.47,1.79,Assam_Dhubri
2009-02-26,0.72,29.34,14.96,2.15,50.64,0.47,1.76,Assam_Dhubri
2009-02-27,0.0,30.37,15.36,2.29,46.97,0.46,2.01,Assam_Dhubri
2009-02-28,0.0,28.88,12.86,2.16,43.14,0.46,1.82,Assam_Dhubri
2009-03-01,0.0,29.03,12.52,1.33,36.46,0.46,1.66,Assam_Dhubri
2009-03-02,0.0,26.61,12.43,2.27,51.09,0.45,1.38,Assam_Dhubri
2009-03-03,0.0,27.55,13.39,2.02,57.96,0.45,1.29,Assam_Dhubri
2009-03-04,0.0,29.19,15.32,0.99,54.1,0.45,1.49,Assam_Dhubri
2009-03-05,0.0,30.09,15.8,1.38,55.61,0.45,1.47,Assam_Dhubri
2009-03-06,1.19,31.26,16.61,1.61,52.33,0.45,1.56,Assam_Dhubri
2009-03-07,0.0,30.86,16.55,1.35,41.81,0.44,1.66,Assam_Dhubri
2009-03-08,0.0,31.6,16.33,1.32,43.36,0.44,1.8,Assam_Dhubri
2009-03-09,0.0,32.02,16.83,1.52,50.71,0.44,1.5,Assam_Dhubri
2009-03-10,0.0,32.1,18.45,1.57,50.42,0.43,1.48,Assam_Dhubri
2009-03-11,0.16,33.61,17.38,2.99,40.34,0.43,1.9,Assam_Dhubri
2009-03-12,0.0,32.76,13.85,2.3,32.26,0.43,1.56,Assam_Dhubri
2009-03-13,0.0,30.14,14.44,2.74,43.92,0.42,1.1,Assam_Dhubri
2009-03-14,0.0,29.37,15.01,2.1,45.92,0.42,0.73,Assam_Dhubri
2009-03-15,0.0,30.76,17.33,1.35,42.4,0.42,0.72,Assam_Dhubri
2009-03-16,0.0,31.24,18.12,1.19,40.84,0.42,0.85,Assam_Dhubri
2009-03-17,0.0,33.0,17.65,1.39,38.81,0.42,1.12,Assam_Dhubri
2009-03-18,0.01,33.62,18.16,1.32,35.69,0.42,1.24,Assam_Dhubri
2009-03-19,0.66,34.34,19.6,1.66,44.42,0.42,1.2,Assam_Dhubri
2009-03-20,0.01,32.59,18.94,1.78,48.88,0.41,1.04,Assam_Dhubri
2009-03-21,0.01,32.87,18.13,1.39,49.31,0.41,1.0,Assam_Dhubri
2009-03-22,1.47,31.82,19.13,1.3,48.18,0.41,0.95,Assam_Dhubri
2009-03-23,0.05,33.65,19.01,1.05,44.25,0.41,1.21,Assam_Dhubri
2009-03-24,0.0,34.34,19.21,1.13,44.56,0.41,1.22,Assam_Dhubri
2009-03-25,0.0,34.15,19.02,1.38,45.96,0.41,1.07,Assam_Dhubri
2009-03-26,0.1,33.63,19.25,1.68,44.03,0.4,0.95,Assam_Dhubri
2009-03-27,3.84,31.94,20.2,0.95,42.34,0.41,0.95,Assam_Dhubri
2009-03-28,0.07,31.34,18.39,1.26,53.56,0.41,0.87,Assam_Dhubri
2009-03-29,3.71,32.53,18.72,1.34,56.54,0.41,0.84,Assam_Dhubri
2009-03-30,4.23,32.8,20.72,2.38,61.2,0.41,0.98,Assam_Dhubri
2009-03-31,6.45,34.02,21.81,2.58,59.19,0.42,1.19,Assam_Dhubri
2009-04-01,1.2,33.76,19.88,1.73,53.28,0.42,1.33,Assam_Dhubri
2009-04-02,1.46,33.53,18.86,1.57,57.59,0.42,1.18,Assam_Dhubri
2009-04-03,4.07,33.09,20.76,1.8,58.85,0.42,1.11,Assam_Dhubri
2009-04-04,9.84,32.07,21.31,1.45,67.01,0.43,1.08,Assam_Dhubri
2009-04-05,0.19,35.37,21.75,1.52,57.9,0.43,1.6,Assam_Dhubri
2009-04-06,0.07,34.51,21.13,1.2,48.87,0.42,1.48,Assam_Dhubri
2009-04-07,6.08,35.02,20.83,1.41,50.78,0.42,1.29,Assam_Dhubri
2009-04-08,0.11,36.04,20.49,1.24,49.36,0.42,1.64,Assam_Dhubri
2009-04-09,0.24,34.59,22.34,1.25,52.48,0.42,1.2,Assam_Dhubri
2009-04-10,0.89,35.58,21.48,1.8,49.45,0.41,1.32,Assam_Dhubri
2009-04-11,0.14,36.38,20.43,1.64,40.13,0.41,1.24,Assam_Dhubri
2009-04-12,0.0,36.6,21.3,1.31,37.12,0.41,1.15,Assam_Dhubri
2009-04-13,0.0,36.03,20.15,1.49,42.35,0.4,0.98,Assam_Dhubri
2009-04-14,1.29,36.75,21.89,1.57,46.85,0.4,0.93,Assam_Dhubri
2009-04-15,0.19,36.95,22.61,1.59,46.81,0.4,0.9,Assam_Dhubri
2009-04-16,0.5,36.79,22.86,1.98,52.05,0.4,0.81,Assam_Dhubri
2009-04-17,2.28,35.58,24.58,2.67,57.95,0.4,0.66,Assam_Dhubri
2009-04-18,1.38,38.6,24.42,3.0,48.46,0.4,0.9,Assam_Dhubri
2009-04-19,0.45,38.26,22.0,1.68,45.42,0.4,0.77,Assam_Dhubri
2009-04-20,26.87,32.83,23.46,1.98,67.51,0.43,1.0,Assam_Dhubri
2009-04-21,1.81,34.13,23.96,1.74,63.41,0.44,1.78,Assam_Dhubri
2009-04-22,2.09,36.8,24.36,1.75,61.37,0.43,1.63,Assam_Dhubri
2009-04-23,1.49,38.55,23.97,2.66,52.22,0.43,1.69,Assam_Dhubri
2009-04-24,1.21,37.22,18.8,1.83,35.42,0.42,1.51,Assam_Dhubri
2009-04-25,0.0,36.96,20.55,1.58,39.66,0.42,1.31,Assam_Dhubri
2009-04-26,0.0,36.57,22.03,1.21,42.84,0.41,0.95,Assam_Dhubri
2009-04-27,0.0,38.28,21.57,1.32,34.92,0.41,1.12,Assam_Dhubri
2009-04-28,0.0,37.29,20.78,1.52,41.97,0.41,0.81,Assam_Dhubri
2009-04-29,13.86,34.38,24.72,1.56,57.55,0.42,0.82,Assam_Dhubri
2009-04-30,22.73,32.72,25.02,1.96,70.16,0.45,1.43,Assam_Dhubri
2009-05-01,31.16,31.3,24.86,2.99,79.04,0.49,1.18,Assam_Dhubri
2009-05-02,5.73,29.94,24.34,1.61,77.49,0.51,1.44,Assam_Dhubri
2009-05-03,7.3,32.13,23.28,1.01,68.88,0.5,3.22,Assam_Dhubri
2009-05-04,1.78,31.78,23.8,1.02,70.4,0.5,2.71,Assam_Dhubri
2009-05-05,0.8,34.46,24.45,1.18,64.55,0.49,4.04,Assam_Dhubri
2009-05-06,5.74,35.18,24.39,2.14,66.87,0.49,3.15,Assam_Dhubri
2009-05-07,0.08,36.87,24.61,1.9,57.52,0.48,3.65,Assam_Dhubri
2009-05-08,0.76,37.05,22.17,1.66,52.01,0.47,3.04,Assam_Dhubri
2009-05-09,2.44,37.84,22.11,1.56,56.39,0.47,2.75,Assam_Dhubri
2009-05-10,21.38,33.09,24.23,1.86,70.73,0.49,2.68,Assam_Dhubri
2009-05-11,3.59,34.38,25.61,1.84,68.78,0.5,3.36,Assam_Dhubri
2009-05-12,0.01,30.58,24.76,1.16,71.21,0.49,1.93,Assam_Dhubri
2009-05-13,19.76,31.06,23.38,1.27,72.68,0.5,2.71,Assam_Dhubri
2009-05-14,4.19,31.88,22.6,1.96,70.69,0.51,4.12,Assam_Dhubri
2009-05-15,0.27,34.24,23.14,1.56,65.68,0.5,4.71,Assam_Dhubri
2009-05-16,2.04,33.54,24.18,1.6,64.67,0.49,3.53,Assam_Dhubri
2009-05-17,3.72,33.76,24.68,1.45,66.63,0.49,3.42,Assam_Dhubri
2009-05-18,10.65,34.21,25.24,1.79,72.59,0.5,3.44,Assam_Dhubri
2009-05-19,9.16,34.44,25.43,1.3,71.45,0.5,3.9,Assam_Dhubri
2009-05-20,2.25,35.28,25.7,1.19,66.57,0.5,4.69,Assam_Dhubri
2009-05-21,0.59,35.1,26.37,1.45,63.19,0.49,3.82,Assam_Dhubri
2009-05-22,3.3,36.78,27.46,1.15,57.29,0.49,4.03,Assam_Dhubri
2009-05-23,0.44,38.48,28.86,0.49,47.98,0.48,3.77,Assam_Dhubri
2009-05-24,4.25,32.26,26.64,2.38,66.1,0.48,1.93,Assam_Dhubri
2009-05-25,37.72,27.97,24.1,5.61,83.49,0.5,0.96,Assam_Dhubri
2009-05-26,75.98,29.53,24.55,4.5,87.42,0.62,1.61,Assam_Dhubri
2009-05-27,6.07,32.54,23.8,1.28,76.02,0.64,6.6,Assam_Dhubri
2009-05-28,0.24,33.28,24.39,0.88,73.36,0.61,8.09,Assam_Dhubri
2009-05-29,3.27,33.34,24.92,1.12,75.36,0.6,6.4,Assam_Dhubri
2009-05-30,3.35,33.53,27.0,0.81,72.4,0.59,6.94,Assam_Dhubri
2009-05-31,3.9,30.95,26.01,1.44,81.54,0.58,3.26,Assam_Dhubri
2009-06-01,3.87,32.28,25.09,1.7,78.56,0.58,6.69,Assam_Dhubri
2009-06-02,5.71,33.61,25.63,2.0,75.44,0.58,7.28,Assam_Dhubri
2009-06-03,1.31,33.79,24.95,0.76,70.18,0.57,7.99,Assam_Dhubri
2009-06-04,0.0,34.97,26.36,0.72,64.34,0.55,7.88,Assam_Dhubri
2009-06-05,6.66,33.44,27.48,0.92,68.53,0.55,5.26,Assam_Dhubri
2009-06-06,5.35,32.07,27.58,0.97,73.25,0.56,4.56,Assam_Dhubri
2009-06-07,8.09,34.38,27.27,1.62,69.52,0.56,7.02,Assam_Dhubri
2009-06-08,0.61,35.79,24.85,1.77,67.0,0.55,7.7,Assam_Dhubri
2009-06-09,1.75,36.7,24.58,1.95,72.48,0.54,6.82,Assam_Dhubri
2009-06-10,23.35,33.58,26.78,1.93,76.81,0.55,5.05,Assam_Dhubri
2009-06-11,42.44,32.36,25.74,1.82,79.52,0.6,5.48,Assam_Dhubri
2009-06-12,11.63,33.25,25.67,1.43,76.84,0.61,7.31,Assam_Dhubri
2009-06-13,12.37,31.09,26.11,1.34,82.16,0.61,3.92,Assam_Dhubri
2009-06-14,44.34,32.02,26.26,2.07,82.95,0.66,4.58,Assam_Dhubri
2009-06-15,8.01,31.14,25.73,2.09,87.14,0.66,3.23,Assam_Dhubri
2009-06-16,0.64,31.99,26.35,1.58,85.22,0.65,4.01,Assam_Dhubri
2009-06-17,0.39,32.97,25.95,1.26,81.75,0.64,5.49,Assam_Dhubri
2009-06-18,0.01,32.18,25.31,1.31,82.09,0.63,5.0,Assam_Dhubri
2009-06-19,0.88,33.72,26.44,1.68,80.1,0.62,6.86,Assam_Dhubri
2009-06-20,1.38,33.13,26.05,1.63,80.68,0.61,5.6,Assam_Dhubri
2009-06-21,0.72,33.75,27.1,2.4,80.14,0.6,7.13,Assam_Dhubri
2009-06-22,0.97,34.18,26.53,2.07,80.17,0.59,6.99,Assam_Dhubri
2009-06-23,3.8,34.71,26.46,1.3,74.15,0.59,7.51,Assam_Dhubri
2009-06-24,0.23,34.26,26.87,0.99,75.06,0.58,7.14,Assam_Dhubri
2009-06-25,0.11,34.93,27.05,1.97,75.98,0.57,7.55,Assam_Dhubri
2009-06-26,0.25,34.58,26.54,2.58,76.86,0.56,7.62,Assam_Dhubri
2009-06-27,9.02,34.26,26.73,2.13,78.43,0.56,5.77,Assam_Dhubri
2009-06-28,15.67,31.8,27.25,2.06,85.41,0.58,2.54,Assam_Dhubri
2009-06-29,11.97,32.15,27.34,2.99,85.99,0.59,3.59,Assam_Dhubri
2009-06-30,25.24,30.79,27.26,3.21,91.11,0.61,1.61,Assam_Dhubri
2009-07-01,44.14,30.88,26.71,2.18,89.86,0.65,2.05,Assam_Dhubri
2009-07-02,63.14,30.47,26.69,2.43,89.05,0.73,2.48,Assam_Dhubri
2009-07-03,11.74,31.31,26.21,2.26,85.65,0.73,4.37,Assam_Dhubri
2009-07-04,5.47,30.27,25.44,1.66,87.43,0.72,3.3,Assam_Dhubri
2009-07-05,0.53,31.6,26.02,1.67,84.33,0.71,3.9,Assam_Dhubri
2009-07-06,6.53,33.91,26.01,1.52,82.8,0.7,6.97,Assam_Dhubri
2009-07-07,3.87,33.36,26.75,1.63,82.04,0.69,5.87,Assam_Dhubri
2009-07-08,0.54,33.18,26.89,1.48,78.27,0.68,6.09,Assam_Dhubri
2009-07-09,7.11,34.28,26.35,1.98,80.13,0.68,7.09,Assam_Dhubri
2009-07-10,3.22,33.25,26.56,1.89,80.47,0.67,7.8,Assam_Dhubri
2009-07-11,0.49,33.49,26.14,1.7,80.26,0.66,8.16,Assam_Dhubri
2009-07-12,0.36,34.51,27.33,1.25,78.34,0.65,7.97,Assam_Dhubri
2009-07-13,1.14,34.8,27.8,1.19,74.27,0.64,7.93,Assam_Dhubri
2009-07-14,1.91,34.28,29.3,1.37,73.81,0.63,6.42,Assam_Dhubri
2009-07-15,11.41,34.26,27.82,1.98,80.54,0.63,5.73,Assam_Dhubri
2009-07-16,0.18,34.29,26.54,2.12,79.58,0.63,8.19,Assam_Dhubri
2009-07-17,0.61,33.66,27.16,1.76,78.08,0.61,6.77,Assam_Dhubri
2009-07-18,4.28,33.54,26.93,1.07,81.62,0.61,5.23,Assam_Dhubri
2009-07-19,7.4,34.34,27.81,1.54,80.44,0.61,5.58,Assam_Dhubri
2009-07-20,1.16,34.7,27.33,1.48,80.59,0.61,5.97,Assam_Dhubri
2009-07-21,4.85,33.38,26.28,1.56,82.89,0.61,4.22,Assam_Dhubri
2009-07-22,4.27,33.97,26.12,1.88,78.43,0.61,7.35,Assam_Dhubri
2009-07-23,0.18,34.79,26.38,1.59,77.1,0.6,8.33,Assam_Dhubri
2009-07-24,1.73,34.29,27.23,1.66,79.5,0.59,7.0,Assam_Dhubri
2009-07-25,16.16,33.38,27.42,1.79,82.28,0.59,3.41,Assam_Dhubri
2009-07-26,25.81,31.07,27.58,2.12,88.35,0.62,2.21,Assam_Dhubri
2009-07-27,36.62,30.96,26.86,1.73,87.86,0.67,2.47,Assam_Dhubri
2009-07-28,39.15,31.29,26.59,1.48,89.11,0.69,2.17,Assam_Dhubri
2009-07-29,27.13,32.04,26.67,2.44,86.51,0.73,4.0,Assam_Dhubri
2009-07-30,16.33,31.26,26.58,2.38,86.5,0.73,4.08,Assam_Dhubri
2009-07-31,19.01,32.91,25.92,2.11,84.62,0.73,5.18,Assam_Dhubri
2009-08-01,36.54,32.4,26.83,1.61,85.15,0.75,3.73,Assam_Dhubri
2009-08-02,18.34,32.46,26.72,0.86,77.37,0.77,3.06,Assam_Dhubri
2009-08-03,3.15,34.94,28.22,1.08,74.99,0.76,7.22,Assam_Dhubri
2009-08-04,23.57,32.49,27.69,2.07,87.78,0.76,3.19,Assam_Dhubri
2009-08-05,41.43,31.52,27.7,1.82,89.28,0.8,1.69,Assam_Dhubri
2009-08-06,21.0,33.72,26.97,0.77,81.43,0.82,5.08,Assam_Dhubri
2009-08-07,3.56,33.26,27.86,0.96,79.53,0.81,5.1,Assam_Dhubri
2009-08-08,6.0,33.71,27.26,0.95,81.59,0.8,4.33,Assam_Dhubri
2009-08-09,25.25,30.83,27.84,1.46,88.58,0.82,1.69,Assam_Dhubri
2009-08-10,1.02,32.66,27.54,0.87,84.2,0.81,3.52,Assam_Dhubri
2009-08-11,3.72,30.73,27.43,1.58,89.21,0.81,1.91,Assam_Dhubri
2009-08-12,11.22,30.17,27.0,2.09,91.52,0.81,1.53,Assam_Dhubri
2009-08-13,23.82,30.98,26.57,1.49,88.89,0.82,2.54,Assam_Dhubri
2009-08-14,14.14,31.64,26.4,1.92,87.42,0.84,4.08,Assam_Dhubri
2009-08-15,16.66,31.87,26.0,2.04,87.35,0.83,3.85,Assam_Dhubri
2009-08-16,138.29,30.06,25.79,2.51,89.01,0.88,2.34,Assam_Dhubri
2009-08-17,53.1,30.78,25.58,2.79,88.19,0.95,3.02,Assam_Dhubri
2009-08-18,97.38,29.76,25.57,2.94,92.4,0.96,1.41,Assam_Dhubri
2009-08-19,15.51,29.95,26.06,2.28,91.92,0.96,1.46,Assam_Dhubri
2009-08-20,18.92,30.62,25.15,1.56,85.39,0.96,3.16,Assam_Dhubri
2009-08-21,11.96,30.32,24.96,2.43,88.78,0.95,2.96,Assam_Dhubri
2009-08-22,15.23,31.59,25.41,1.81,86.34,0.95,3.64,Assam_Dhubri
2009-08-23,4.53,31.34,25.49,1.33,84.58,0.95,3.54,Assam_Dhubri
2009-08-24,1.6,29.94,25.52,2.69,88.83,0.94,2.35,Assam_Dhubri
2009-08-25,0.81,30.28,25.05,2.81,87.46,0.93,3.63,Assam_Dhubri
2009-08-26,14.54,30.5,24.77,2.01,87.76,0.93,2.67,Assam_Dhubri
2009-08-27,8.96,30.89,25.35,1.85,85.86,0.93,3.37,Assam_Dhubri
2009-08-28,1.43,31.78,25.03,1.35,83.48,0.92,4.88,Assam_Dhubri
2009-08-29,0.5,32.59,24.93,0.87,80.2,0.91,6.23,Assam_Dhubri
2009-08-30,11.02,32.28,26.13,1.19,81.97,0.91,4.01,Assam_Dhubri
2009-08-31,1.23,32.18,26.45,1.13,83.31,0.91,4.27,Assam_Dhubri
2009-09-01,0.46,33.17,26.89,0.78,78.12,0.9,5.45,Assam_Dhubri
2009-09-02,3.39,29.58,26.93,0.73,84.02,0.89,2.57,Assam_Dhubri
2009-09-03,1.34,32.47,25.91,2.05,85.5,0.89,3.69,Assam_Dhubri
2009-09-04,4.3,31.23,26.58,1.11,86.72,0.89,2.36,Assam_Dhubri
2009-09-05,4.59,29.91,25.38,1.7,88.54,0.88,2.78,Assam_Dhubri
2009-09-06,4.71,29.52,25.51,2.02,90.4,0.88,1.59,Assam_Dhubri
2009-09-07,5.67,32.2,25.61,1.84,87.26,0.88,3.07,Assam_Dhubri
2009-09-08,5.96,32.02,25.98,3.1,85.95,0.88,3.91,Assam_Dhubri
2009-09-09,11.98,29.31,25.37,1.72,88.26,0.88,2.09,Assam_Dhubri
2009-09-10,5.31,30.74,24.11,1.4,83.55,0.88,4.67,Assam_Dhubri
2009-09-11,2.98,31.93,23.46,0.78,78.93,0.88,6.7,Assam_Dhubri
2009-09-12,0.01,31.89,24.42,0.96,80.07,0.87,6.68,Assam_Dhubri
2009-09-13,0.0,32.62,25.01,1.05,81.39,0.86,6.58,Assam_Dhubri
2009-09-14,0.06,32.3,26.17,1.3,82.99,0.85,5.39,Assam_Dhubri
2009-09-15,0.16,30.91,25.78,1.12,82.81,0.84,4.01,Assam_Dhubri
2009-09-16,11.12,31.81,25.96,1.27,80.48,0.84,5.63,Assam_Dhubri
2009-09-17,5.0,31.31,25.38,1.68,87.33,0.84,4.23,Assam_Dhubri
2009-09-18,4.57,30.82,24.38,1.85,86.6,0.84,5.03,Assam_Dhubri
2009-09-19,6.6,28.43,24.86,2.78,92.83,0.84,1.18,Assam_Dhubri
2009-09-20,7.64,31.17,23.98,1.73,86.97,0.84,4.94,Assam_Dhubri
2009-09-21,38.81,30.62,25.0,2.04,88.9,0.86,3.89,Assam_Dhubri
2009-09-22,9.71,31.34,24.2,1.17,85.16,0.88,5.65,Assam_Dhubri
2009-09-23,7.43,29.58,24.78,1.3,86.28,0.87,3.9,Assam_Dhubri
2009-09-24,2.8,28.9,24.12,2.61,89.95,0.86,2.99,Assam_Dhubri
2009-09-25,0.35,31.03,23.48,1.88,84.81,0.85,4.93,Assam_Dhubri
2009-09-26,0.0,30.3,24.77,2.17,88.78,0.85,3.51,Assam_Dhubri
2009-09-27,0.0,31.99,24.74,2.57,84.48,0.84,5.38,Assam_Dhubri
2009-09-28,0.16,31.75,25.12,2.1,85.13,0.83,4.45,Assam_Dhubri
2009-09-29,0.83,32.24,24.61,1.64,82.51,0.83,6.06,Assam_Dhubri
2009-09-30,0.01,32.97,25.31,1.54,80.62,0.82,6.22,Assam_Dhubri
2009-10-01,0.0,32.41,24.44,1.77,77.54,0.81,6.63,Assam_Dhubri
2009-10-02,0.24,31.48,24.43,2.23,81.2,0.8,5.48,Assam_Dhubri
2009-10-03,21.79,29.27,24.31,2.52,88.31,0.81,2.18,Assam_Dhubri
2009-10-04,19.37,28.65,23.7,3.77,89.99,0.83,2.95,Assam_Dhubri
2009-10-05,3.98,27.08,23.76,3.0,90.9,0.83,2.62,Assam_Dhubri
2009-10-06,23.54,27.69,23.73,2.5,91.16,0.83,1.87,Assam_Dhubri
2009-10-07,109.39,27.88,24.02,1.33,92.41,0.9,0.81,Assam_Dhubri
2009-10-08,37.1,27.32,23.55,1.96,92.88,0.96,0.82,Assam_Dhubri
2009-10-09,9.63,29.97,22.96,2.62,88.19,0.95,3.96,Assam_Dhubri
2009-10-10,0.16,29.66,20.77,1.62,85.15,0.93,4.82,Assam_Dhubri
2009-10-11,0.0,30.21,22.65,0.86,82.93,0.92,6.46,Assam_Dhubri
2009-10-12,0.0,30.25,22.46,0.61,79.5,0.92,6.3,Assam_Dhubri
2009-10-13,0.0,29.84,21.85,0.94,81.06,0.91,5.66,Assam_Dhubri
2009-10-14,0.0,29.35,21.7,1.31,81.16,0.9,5.37,Assam_Dhubri
2009-10-15,1.38,29.71,22.89,0.81,76.87,0.9,5.45,Assam_Dhubri
2009-10-16,0.33,30.13,24.08,0.69,78.05,0.89,6.33,Assam_Dhubri
2009-10-17,2.65,29.8,22.6,0.84,81.69,0.89,6.18,Assam_Dhubri
2009-10-18,3.11,29.86,22.38,1.36,85.0,0.88,5.34,Assam_Dhubri
2009-10-19,0.0,29.03,20.86,1.25,82.99,0.87,5.67,Assam_Dhubri
2009-10-20,0.0,28.67,18.91,0.92,76.3,0.87,5.98,Assam_Dhubri
2009-10-21,0.0,28.37,19.14,1.23,79.75,0.86,5.22,Assam_Dhubri
2009-10-22,0.0,27.76,19.52,1.62,83.93,0.85,4.98,Assam_Dhubri
2009-10-23,0.0,27.65,19.01,0.93,79.48,0.85,5.62,Assam_Dhubri
2009-10-24,0.01,28.19,19.59,0.74,80.73,0.84,5.93,Assam_Dhubri
2009-10-25,0.0,28.08,18.79,0.62,77.82,0.83,6.01,Assam_Dhubri
2009-10-26,0.0,26.78,18.61,1.25,84.49,0.83,4.68,Assam_Dhubri
2009-10-27,0.0,26.59,19.09,1.14,84.15,0.82,4.68,Assam_Dhubri
2009-10-28,0.0,26.77,18.83,1.21,85.63,0.82,4.47,Assam_Dhubri
2009-10-29,0.0,26.89,18.52,1.55,82.61,0.81,4.72,Assam_Dhubri
2009-10-30,0.0,26.62,19.34,0.52,79.54,0.8,3.71,Assam_Dhubri
2009-10-31,0.0,25.02,19.31,1.48,86.4,0.8,2.78,Assam_Dhubri
2009-11-01,0.0,24.94,18.67,1.88,87.5,0.8,2.44,Assam_Dhubri
2009-11-02,0.0,24.6,18.98,2.52,88.03,0.79,2.24,Assam_Dhubri
2009-11-03,0.0,27.75,18.63,2.6,85.62,0.79,5.29,Assam_Dhubri
2009-11-04,0.0,27.93,19.57,2.31,86.14,0.78,4.73,Assam_Dhubri
2009-11-05,0.0,28.1,19.99,1.7,82.44,0.78,3.99,Assam_Dhubri
2009-11-06,0.0,28.25,19.16,1.3,83.2,0.77,4.87,Assam_Dhubri
2009-11-07,0.0,27.19,18.14,1.07,83.2,0.77,5.05,Assam_Dhubri
2009-11-08,0.0,26.85,18.06,1.09,84.73,0.76,4.55,Assam_Dhubri
2009-11-09,0.0,27.39,18.91,0.92,81.23,0.76,4.8,Assam_Dhubri
2009-11-10,0.0,26.12,17.79,1.29,80.12,0.75,3.67,Assam_Dhubri
2009-11-11,0.0,25.31,16.68,0.98,80.99,0.75,2.85,Assam_Dhubri
2009-11-12,0.0,26.57,17.8,1.08,85.79,0.74,3.04,Assam_Dhubri
2009-11-13,0.0,26.95,18.51,0.95,85.18,0.74,3.42,Assam_Dhubri
2009-11-14,0.31,27.78,20.1,1.29,85.91,0.74,3.77,Assam_Dhubri
2009-11-15,0.83,26.47,19.52,2.33,87.05,0.73,3.88,Assam_Dhubri
2009-11-16,0.35,26.91,19.03,2.16,88.4,0.73,3.39,Assam_Dhubri
2009-11-17,0.2,24.26,18.82,1.83,89.52,0.73,2.77,Assam_Dhubri
2009-11-18,0.0,25.13,16.56,1.53,86.36,0.72,3.59,Assam_Dhubri
2009-11-19,0.0,25.19,16.35,1.45,86.24,0.72,2.95,Assam_Dhubri
2009-11-20,0.0,24.75,15.12,1.18,78.24,0.71,3.2,Assam_Dhubri
2009-11-21,0.0,22.83,13.21,1.01,82.8,0.71,2.78,Assam_Dhubri
2009-11-22,0.0,23.15,14.17,1.47,84.53,0.71,2.82,Assam_Dhubri
2009-11-23,0.0,23.55,13.84,1.07,78.63,0.7,3.26,Assam_Dhubri
2009-11-24,0.0,23.94,13.91,0.75,78.09,0.7,3.34,Assam_Dhubri
2009-11-25,0.0,23.63,14.51,0.7,79.33,0.7,2.98,Assam_Dhubri
2009-11-26,0.0,23.57,14.78,0.82,83.09,0.69,2.81,Assam_Dhubri
2009-11-27,0.0,23.67,14.48,0.92,85.08,0.69,2.59,Assam_Dhubri
2009-11-28,0.0,23.62,13.99,1.66,88.69,0.69,2.53,Assam_Dhubri
2009-11-29,0.0,23.83,13.89,1.33,87.14,0.68,2.67,Assam_Dhubri
2009-11-30,0.0,24.12,14.18,1.56,87.4,0.68,2.64,Assam_Dhubri
2009-12-01,0.0,24.75,14.84,1.19,84.74,0.68,2.77,Assam_Dhubri
2009-12-02,0.0,23.86,15.4,1.29,87.81,0.68,2.28,Assam_Dhubri
2009-12-03,0.0,24.34,15.34,1.2,87.32,0.67,2.23,Assam_Dhubri
2009-12-04,0.0,23.56,15.33,0.83,85.45,0.67,2.22,Assam_Dhubri
2009-12-05,0.0,23.29,15.32,0.8,84.87,0.67,2.08,Assam_Dhubri
2009-12-06,0.02,23.26,14.79,0.81,78.33,0.67,2.06,Assam_Dhubri
2009-12-07,0.01,22.45,13.53,0.92,76.48,0.66,1.68,Assam_Dhubri
2009-12-08,0.0,22.52,12.61,1.13,85.02,0.66,1.6,Assam_Dhubri
2009-12-09,0.0,21.58,12.85,1.47,88.96,0.66,1.49,Assam_Dhubri
2009-12-10,0.0,20.74,12.2,1.41,88.52,0.66,1.53,Assam_Dhubri
2009-12-11,0.0,20.86,11.89,1.4,87.07,0.66,1.59,Assam_Dhubri
2009-12-12,0.0,21.45,11.56,1.61,87.76,0.65,1.7,Assam_Dhubri
2009-12-13,0.0,23.01,11.7,1.32,85.08,0.65,1.95,Assam_Dhubri
2009-12-14,0.0,23.93,12.95,0.82,80.53,0.65,2.2,Assam_Dhubri
2009-12-15,0.0,23.28,13.09,1.18,85.23,0.65,1.88,Assam_Dhubri
2009-12-16,0.0,23.3,13.92,0.99,81.91,0.64,1.79,Assam_Dhubri
2009-12-17,0.0,23.73,14.29,0.88,77.93,0.64,1.68,Assam_Dhubri
2009-12-18,0.0,23.53,14.46,0.66,76.37,0.64,2.1,Assam_Dhubri
2009-12-19,2.71,23.66,15.02,0.91,80.95,0.64,1.69,Assam_Dhubri
2009-12-20,0.01,23.15,13.64,0.83,76.23,0.64,2.09,Assam_Dhubri
2009-12-21,0.0,21.72,12.06,0.98,84.12,0.64,1.54,Assam_Dhubri
2009-12-22,0.0,21.17,12.37,0.94,84.06,0.63,1.53,Assam_Dhubri
2009-12-23,0.0,21.39,11.74,1.04,85.31,0.63,1.48,Assam_Dhubri
2009-12-24,0.0,20.96,11.03,0.97,84.3,0.63,1.38,Assam_Dhubri
2009-12-25,1.56,20.27,11.43,0.98,84.71,0.63,1.03,Assam_Dhubri
2009-12-26,0.0,20.21,11.11,1.03,84.26,0.63,1.27,Assam_Dhubri
2009-12-27,0.0,20.38,10.43,1.0,83.96,0.63,1.49,Assam_Dhubri
2009-12-28,0.0,21.51,10.41,0.71,79.0,0.62,1.7,Assam_Dhubri
2009-12-29,0.0,20.38,9.56,0.9,80.51,0.62,1.4,Assam_Dhubri
2009-12-30,0.03,20.06,9.73,1.14,84.88,0.62,1.18,Assam_Dhubri
2009-12-31,0.28,18.05,10.67,0.75,83.07,0.62,0.67,Assam_Dhubri
2010-01-01,0.06,20.43,9.41,1.0,83.2,0.62,1.43,Assam_Dhubri
2010-01-02,0.0,20.61,9.25,1.23,84.79,0.62,1.45,Assam_Dhubri
2010-01-03,0.0,21.1,9.47,0.82,81.74,0.61,1.53,Assam_Dhubri
2010-01-04,0.0,21.47,8.84,1.1,73.51,0.61,1.7,Assam_Dhubri
2010-01-05,0.0,20.15,9.02,1.05,72.85,0.61,1.53,Assam_Dhubri
2010-01-06,0.0,20.55,8.62,1.19,82.51,0.61,1.31,Assam_Dhubri
2010-01-07,0.0,21.89,10.13,1.61,83.62,0.6,1.5,Assam_Dhubri
2010-01-08,0.0,22.31,10.47,1.13,80.76,0.6,1.57,Assam_Dhubri
2010-01-09,0.0,22.61,10.57,0.82,76.26,0.6,1.47,Assam_Dhubri
2010-01-10,0.0,22.71,10.71,0.65,72.42,0.6,1.53,Assam_Dhubri
2010-01-11,0.0,21.18,9.48,0.89,68.5,0.6,1.35,Assam_Dhubri
2010-01-12,0.0,20.24,8.18,1.02,75.66,0.59,1.28,Assam_Dhubri
2010-01-13,0.0,19.78,8.16,1.65,81.6,0.59,1.13,Assam_Dhubri
2010-01-14,0.0,19.08,9.65,0.92,81.2,0.59,0.73,Assam_Dhubri
2010-01-15,0.0,21.49,9.62,1.0,82.7,0.59,1.3,Assam_Dhubri
2010-01-16,0.0,21.78,10.23,1.3,82.45,0.59,1.39,Assam_Dhubri
2010-01-17,0.0,22.78,10.3,1.45,81.38,0.58,1.49,Assam_Dhubri
2010-01-18,0.0,22.28,11.84,0.96,75.92,0.58,1.34,Assam_Dhubri
2010-01-19,0.0,22.79,10.77,0.79,73.95,0.58,1.51,Assam_Dhubri
2010-01-20,0.0,22.03,10.03,1.06,81.35,0.58,1.43,Assam_Dhubri
2010-01-21,0.0,21.64,10.36,1.29,81.27,0.57,1.33,Assam_Dhubri
2010-01-22,0.0,22.68,10.19,1.18,78.03,0.57,1.42,Assam_Dhubri
2010-01-23,0.0,22.67,10.08,1.13,73.98,0.57,1.48,Assam_Dhubri
2010-01-24,0.0,22.36,9.7,1.44,75.87,0.57,1.44,Assam_Dhubri
2010-01-25,0.0,23.69,11.88,1.99,71.67,0.56,1.58,Assam_Dhubri
2010-01-26,0.0,23.92,11.22,1.34,67.53,0.56,1.69,Assam_Dhubri
2010-01-27,0.0,23.12,10.43,1.46,76.09,0.56,1.45,Assam_Dhubri
2010-01-28,0.0,22.14,9.86,1.14,75.61,0.56,1.31,Assam_Dhubri
2010-01-29,0.0,23.26,10.22,1.07,76.48,0.55,1.42,Assam_Dhubri
2010-01-30,0.0,22.89,10.3,1.17,75.02,0.55,1.26,Assam_Dhubri
2010-01-31,0.0,22.44,10.56,1.57,78.53,0.55,1.18,Assam_Dhubri
2010-02-01,0.0,22.78,10.3,1.17,78.11,0.55,1.17,Assam_Dhubri
2010-02-02,0.0,24.31,10.35,1.1,67.73,0.55,1.44,Assam_Dhubri
2010-02-03,0.0,23.61,11.44,1.06,56.58,0.54,1.57,Assam_Dhubri
2010-02-04,0.0,22.89,9.08,1.47,67.36,0.54,1.38,Assam_Dhubri
2010-02-05,0.0,23.28,10.69,1.12,59.03,0.54,1.48,Assam_Dhubri
2010-02-06,0.0,21.88,9.16,1.69,67.28,0.54,1.23,Assam_Dhubri
2010-02-07,0.0,22.54,9.32,1.87,72.17,0.53,1.3,Assam_Dhubri
2010-02-08,0.0,24.24,10.44,1.01,68.77,0.53,1.48,Assam_Dhubri
2010-02-09,0.0,24.2,11.79,1.11,68.41,0.53,1.29,Assam_Dhubri
2010-02-10,0.0,26.11,13.63,1.08,65.06,0.53,1.54,Assam_Dhubri
2010-02-11,0.0,26.82,13.75,1.09,69.22,0.52,1.84,Assam_Dhubri
2010-02-12,0.0,26.14,12.76,1.42,70.29,0.52,1.63,Assam_Dhubri
2010-02-13,0.0,27.03,14.57,2.18,64.51,0.52,1.98,Assam_Dhubri
2010-02-14,0.0,26.91,12.49,1.99,60.7,0.51,1.95,Assam_Dhubri
2010-02-15,0.0,26.97,12.38,1.12,49.0,0.51,1.83,Assam_Dhubri
2010-02-16,0.02,26.86,14.76,1.3,56.87,0.51,1.71,Assam_Dhubri
2010-02-17,0.0,28.28,15.93,1.94,63.8,0.51,1.88,Assam_Dhubri
2010-02-18,0.0,27.08,13.06,2.56,53.81,0.5,2.15,Assam_Dhubri
2010-02-19,0.0,26.69,11.42,1.46,49.96,0.5,1.82,Assam_Dhubri
2010-02-20,0.0,25.94,12.99,1.14,46.63,0.5,1.69,Assam_Dhubri
2010-02-21,0.0,25.75,13.07,0.97,53.98,0.49,1.55,Assam_Dhubri
2010-02-22,0.0,24.88,12.98,1.43,64.69,0.49,1.08,Assam_Dhubri
2010-02-23,0.0,27.64,14.51,1.37,59.45,0.49,1.65,Assam_Dhubri
2010-02-24,0.0,28.38,15.23,1.88,52.4,0.49,1.83,Assam_Dhubri
2010-02-25,0.27,29.17,16.26,1.71,53.74,0.48,1.9,Assam_Dhubri
2010-02-26,0.0,28.15,14.91,0.94,55.77,0.48,1.88,Assam_Dhubri
2010-02-27,0.0,26.55,14.35,0.93,67.16,0.48,1.56,Assam_Dhubri
2010-02-28,0.01,27.14,15.18,1.58,68.32,0.48,1.45,Assam_Dhubri
2010-03-01,0.17,27.67,16.05,1.53,71.43,0.48,1.49,Assam_Dhubri
2010-03-02,0.14,30.28,17.11,1.78,63.93,0.47,1.87,Assam_Dhubri
2010-03-03,0.02,32.0,16.27,2.25,47.61,0.47,2.44,Assam_Dhubri
2010-03-04,0.22,31.58,16.15,1.96,45.43,0.47,2.33,Assam_Dhubri
2010-03-05,0.0,32.79,16.62,3.0,47.32,0.46,2.46,Assam_Dhubri
2010-03-06,0.0,32.23,16.47,2.68,47.76,0.46,2.43,Assam_Dhubri
2010-03-07,0.0,31.69,16.34,2.3,42.8,0.45,2.3,Assam_Dhubri
2010-03-08,0.0,32.17,15.22,1.75,39.49,0.45,2.15,Assam_Dhubri
2010-03-09,0.0,31.7,16.44,1.02,40.18,0.45,2.12,Assam_Dhubri
2010-03-10,0.0,30.12,15.23,1.42,49.52,0.45,1.83,Assam_Dhubri
2010-03-11,0.0,29.06,14.37,1.56,55.52,0.44,1.56,Assam_Dhubri
2010-03-12,0.0,31.32,15.54,1.26,46.6,0.44,1.69,Assam_Dhubri
2010-03-13,0.0,31.74,17.05,1.09,35.02,0.44,1.82,Assam_Dhubri
2010-03-14,0.16,32.66,18.06,1.24,36.69,0.44,1.94,Assam_Dhubri
2010-03-15,1.1,32.01,16.53,1.81,49.4,0.44,1.61,Assam_Dhubri
2010-03-16,0.68,30.68,18.1,3.02,57.56,0.44,1.52,Assam_Dhubri
2010-03-17,0.0,32.12,18.0,2.26,56.14,0.43,1.81,Assam_Dhubri
2010-03-18,1.12,33.9,18.8,1.46,49.99,0.43,1.79,Assam_Dhubri
2010-03-19,0.0,33.28,19.15,1.11,48.48,0.43,1.92,Assam_Dhubri
2010-03-20,0.0,35.28,18.97,0.97,45.65,0.43,2.07,Assam_Dhubri
2010-03-21,0.0,35.23,20.15,0.88,39.35,0.42,1.98,Assam_Dhubri
2010-03-22,0.0,35.97,21.38,1.34,36.5,0.42,1.83,Assam_Dhubri
2010-03-23,0.03,36.81,20.32,1.58,47.42,0.42,1.8,Assam_Dhubri
2010-03-24,0.17,36.97,20.17,1.81,47.97,0.42,1.78,Assam_Dhubri
2010-03-25,0.03,36.4,21.0,1.97,59.94,0.42,1.73,Assam_Dhubri
2010-03-26,0.05,35.49,22.86,1.51,56.24,0.41,1.64,Assam_Dhubri
2010-03-27,1.13,34.94,22.11,2.15,59.92,0.41,1.26,Assam_Dhubri
2010-03-28,3.02,36.78,23.06,2.47,56.22,0.42,1.57,Assam_Dhubri
2010-03-29,1.07,35.56,22.97,1.82,53.66,0.42,1.59,Assam_Dhubri
2010-03-30,3.03,35.26,20.27,1.52,52.51,0.42,1.54,Assam_Dhubri
2010-03-31,6.37,35.98,22.3,1.93,56.12,0.42,1.68,Assam_Dhubri
2010-04-01,0.76,38.01,19.59,3.08,34.85,0.42,2.46,Assam_Dhubri
2010-04-02,0.38,37.26,22.49,1.94,51.67,0.42,1.87,Assam_Dhubri
2010-04-03,1.13,37.6,22.65,1.74,50.71,0.41,1.75,Assam_Dhubri
2010-04-04,1.64,36.11,21.77,1.72,57.12,0.41,1.5,Assam_Dhubri
2010-04-05,2.89,38.01,23.48,2.37,47.62,0.41,1.63,Assam_Dhubri
2010-04-06,0.57,38.77,19.99,2.07,33.74,0.41,1.68,Assam_Dhubri
2010-04-07,0.06,38.11,21.35,1.49,34.48,0.41,1.57,Assam_Dhubri
2010-04-08,0.01,36.87,21.25,1.65,44.17,0.4,1.38,Assam_Dhubri
2010-04-09,0.07,35.63,21.9,1.76,47.79,0.4,1.07,Assam_Dhubri
2010-04-10,0.75,38.16,22.31,1.56,44.66,0.4,1.23,Assam_Dhubri
2010-04-11,0.22,38.62,21.94,1.76,52.31,0.4,1.13,Assam_Dhubri
2010-04-12,4.53,36.63,24.18,1.89,62.52,0.4,1.05,Assam_Dhubri
2010-04-13,20.0,33.09,24.51,1.48,71.72,0.42,0.78,Assam_Dhubri
2010-04-14,8.01,32.79,25.32,1.77,73.14,0.45,1.14,Assam_Dhubri
2010-04-15,6.68,34.31,24.85,1.69,70.22,0.45,1.98,Assam_Dhubri
2010-04-16,3.84,33.98,23.7,1.24,67.04,0.45,2.24,Assam_Dhubri
2010-04-17,20.83,33.63,24.31,2.13,70.18,0.46,2.02,Assam_Dhubri
2010-04-18,11.03,32.8,24.23,1.86,76.71,0.48,2.11,Assam_Dhubri
2010-04-19,15.52,34.94,25.16,2.28,73.82,0.49,2.33,Assam_Dhubri
2010-04-20,9.47,37.52,25.26,2.84,64.31,0.5,3.5,Assam_Dhubri
2010-04-21,8.3,36.64,25.1,1.94,67.67,0.5,3.27,Assam_Dhubri
2010-04-22,3.63,37.5,25.47,2.27,67.18,0.49,3.72,Assam_Dhubri
2010-04-23,0.7,37.39,25.25,2.26,63.14,0.48,3.89,Assam_Dhubri
2010-04-24,3.86,36.84,25.17,2.44,61.52,0.48,3.47,Assam_Dhubri
2010-04-25,6.97,36.15,24.41,2.01,65.59,0.48,3.31,Assam_Dhubri
2010-04-26,8.13,34.3,24.39,1.87,72.67,0.48,2.75,Assam_Dhubri
2010-04-27,0.07,33.31,23.75,2.55,66.6,0.48,3.39,Assam_Dhubri
2010-04-28,3.0,34.26,21.58,1.31,62.64,0.47,3.8,Assam_Dhubri
2010-04-29,18.79,30.1,23.65,1.61,74.01,0.49,1.68,Assam_Dhubri
2010-04-30,6.91,31.36,23.74,1.08,74.07,0.51,2.7,Assam_Dhubri
2010-05-01,2.69,32.36,24.59,1.06,69.98,0.5,3.37,Assam_Dhubri
2010-05-02,30.5,31.51,25.11,1.18,78.17,0.54,2.27,Assam_Dhubri
2010-05-03,1.02,29.76,24.62,1.62,79.47,0.54,1.86,Assam_Dhubri
2010-05-04,0.39,32.63,23.61,1.96,76.24,0.53,2.75,Assam_Dhubri
2010-05-05,3.21,32.8,24.25,1.81,74.38,0.52,3.28,Assam_Dhubri
2010-05-06,1.35,29.14,23.95,1.46,81.65,0.52,1.52,Assam_Dhubri
2010-05-07,6.01,32.99,23.82,0.81,69.37,0.52,4.68,Assam_Dhubri
2010-05-08,18.4,30.86,23.28,1.38,75.85,0.53,3.54,Assam_Dhubri
2010-05-09,11.83,33.37,24.46,1.5,67.36,0.55,4.94,Assam_Dhubri
2010-05-10,1.29,35.77,23.56,1.34,64.31,0.54,5.44,Assam_Dhubri
2010-05-11,0.93,37.47,24.55,1.86,63.96,0.53,5.51,Assam_Dhubri
2010-05-12,2.66,37.26,25.69,1.88,68.11,0.52,5.32,Assam_Dhubri
2010-05-13,2.17,37.42,25.93,2.52,70.01,0.52,5.34,Assam_Dhubri
2010-05-14,3.2,37.05,26.0,2.48,70.78,0.51,5.0,Assam_Dhubri
2010-05-15,2.19,36.2,26.23,2.11,70.6,0.51,4.67,Assam_Dhubri
2010-05-16,5.29,36.48,26.06,2.13,68.83,0.5,4.82,Assam_Dhubri
2010-05-17,18.37,33.46,26.47,1.89,78.52,0.52,3.07,Assam_Dhubri
2010-05-18,1.59,34.48,24.74,1.64,71.23,0.53,5.65,Assam_Dhubri
2010-05-19,7.83,35.12,25.89,2.82,73.76,0.52,4.77,Assam_Dhubri
2010-05-20,30.46,31.4,26.64,3.41,84.85,0.54,2.02,Assam_Dhubri
2010-05-21,16.5,30.75,26.39,3.2,83.49,0.58,3.35,Assam_Dhubri
2010-05-22,2.29,32.72,25.34,2.29,78.63,0.58,5.9,Assam_Dhubri
2010-05-23,2.88,33.42,24.84,2.01,76.98,0.56,6.19,Assam_Dhubri
2010-05-24,24.53,32.18,25.08,1.97,80.19,0.57,4.6,Assam_Dhubri
2010-05-25,15.82,31.25,24.2,0.92,72.69,0.59,4.05,Assam_Dhubri
2010-05-26,12.31,34.01,23.88,1.37,74.31,0.6,6.02,Assam_Dhubri
2010-05-27,7.52,31.32,24.48,2.64,82.92,0.6,4.73,Assam_Dhubri
2010-05-28,1.05,32.18,25.29,2.27,78.08,0.59,6.42,Assam_Dhubri
2010-05-29,0.8,31.31,23.93,1.8,76.42,0.58,6.33,Assam_Dhubri
2010-05-30,7.94,33.69,25.38,0.82,72.44,0.57,6.76,Assam_Dhubri
2010-05-31,18.51,33.02,25.24,1.72,80.98,0.59,4.94,Assam_Dhubri
2010-06-01,16.21,34.04,26.02,3.28,80.26,0.6,5.66,Assam_Dhubri
2010-06-02,15.27,34.89,26.85,2.36,79.84,0.61,6.1,Assam_Dhubri
2010-06-03,58.44,32.31,26.6,2.14,84.84,0.65,4.11,Assam_Dhubri
2010-06-04,50.23,31.74,26.09,2.3,86.72,0.72,3.43,Assam_Dhubri
2010-06-05,5.91,32.51,26.53,3.65,84.73,0.72,5.77,Assam_Dhubri
2010-06-06,6.41,34.0,26.39,3.59,82.39,0.7,5.81,Assam_Dhubri
2010-06-07,10.69,33.38,26.85,2.29,81.7,0.69,5.8,Assam_Dhubri
2010-06-08,6.25,33.44,26.29,1.68,78.96,0.69,6.84,Assam_Dhubri
2010-06-09,5.12,31.47,26.83,1.92,86.31,0.69,3.38,Assam_Dhubri
2010-06-10,1.44,31.53,26.07,1.95,85.33,0.68,4.53,Assam_Dhubri
2010-06-11,22.85,31.91,25.54,2.36,84.64,0.68,5.05,Assam_Dhubri
2010-06-12,10.96,30.9,25.45,1.94,86.37,0.7,4.08,Assam_Dhubri
2010-06-13,9.15,30.86,24.81,1.82,86.17,0.7,4.96,Assam_Dhubri
2010-06-14,14.52,31.95,25.48,1.81,85.9,0.71,4.18,Assam_Dhubri
2010-06-15,19.57,33.13,25.7,1.38,79.85,0.71,6.6,Assam_Dhubri
2010-06-16,29.33,33.72,26.06,1.44,78.66,0.74,6.95,Assam_Dhubri
2010-06-17,10.26,31.75,26.8,1.96,87.81,0.74,3.58,Assam_Dhubri
2010-06-18,5.25,32.68,26.56,1.5,82.2,0.74,5.9,Assam_Dhubri
2010-06-19,16.35,31.39,26.59,1.29,82.13,0.74,3.34,Assam_Dhubri
2010-06-20,50.41,31.76,26.33,1.58,84.34,0.77,3.8,Assam_Dhubri
2010-06-21,29.58,32.03,26.29,1.68,85.77,0.82,4.22,Assam_Dhubri
2010-06-22,20.88,30.66,26.71,1.46,87.06,0.82,2.18,Assam_Dhubri
2010-06-23,16.51,30.34,26.88,1.44,89.2,0.83,1.33,Assam_Dhubri
2010-06-24,8.73,31.42,26.22,0.89,80.75,0.83,3.53,Assam_Dhubri
2010-06-25,14.99,31.79,26.2,1.25,83.23,0.83,3.31,Assam_Dhubri
2010-06-26,26.25,30.37,26.57,2.27,87.55,0.84,2.71,Assam_Dhubri
2010-06-27,70.06,30.96,26.08,1.64,90.65,0.89,1.54,Assam_Dhubri
2010-06-28,24.68,32.21,25.79,1.49,85.7,0.91,3.58,Assam_Dhubri
2010-06-29,6.78,31.97,27.05,1.24,85.93,0.9,3.06,Assam_Dhubri
2010-06-30,3.67,32.78,26.66,1.93,85.1,0.88,4.49,Assam_Dhubri
2010-07-01,15.24,30.71,26.15,1.23,84.33,0.88,3.27,Assam_Dhubri
2010-07-02,7.74,32.0,25.86,1.24,83.93,0.88,4.23,Assam_Dhubri
2010-07-03,7.82,33.03,25.98,1.53,82.34,0.88,5.54,Assam_Dhubri
2010-07-04,16.37,32.29,26.51,1.7,84.02,0.88,4.54,Assam_Dhubri
2010-07-05,19.78,31.09,26.47,1.76,84.62,0.88,3.17,Assam_Dhubri
2010-07-06,22.61,31.99,25.98,2.1,86.05,0.9,3.91,Assam_Dhubri
2010-07-07,2.13,32.03,26.47,2.96,86.42,0.89,4.31,Assam_Dhubri
2010-07-08,2.2,31.18,26.35,3.43,85.97,0.88,4.48,Assam_Dhubri
2010-07-09,17.89,30.0,26.45,2.22,86.58,0.88,1.99,Assam_Dhubri
2010-07-10,25.56,32.32,25.94,1.99,87.31,0.89,3.21,Assam_Dhubri
2010-07-11,14.3,31.74,27.26,1.95,88.06,0.9,2.11,Assam_Dhubri
2010-07-12,21.68,31.75,26.89,1.51,86.33,0.9,2.62,Assam_Dhubri
2010-07-13,19.14,32.58,26.02,1.52,85.02,0.91,3.94,Assam_Dhubri
2010-07-14,0.79,33.03,26.8,1.35,84.71,0.91,4.04,Assam_Dhubri
2010-07-15,0.82,32.28,26.94,1.76,84.63,0.9,3.92,Assam_Dhubri
2010-07-16,2.74,31.11,26.81,1.87,86.22,0.89,3.01,Assam_Dhubri
2010-07-17,6.33,31.04,26.9,2.6,88.45,0.89,2.49,Assam_Dhubri
2010-07-18,11.9,29.64,25.98,2.0,87.62,0.89,1.24,Assam_Dhubri
2010-07-19,16.72,32.54,25.04,1.6,84.14,0.9,4.59,Assam_Dhubri
2010-07-20,10.1,30.78,26.68,2.76,87.53,0.89,3.47,Assam_Dhubri
2010-07-21,12.21,31.4,26.56,2.26,87.04,0.9,3.18,Assam_Dhubri
2010-07-22,1.65,30.83,26.69,1.98,88.53,0.89,2.26,Assam_Dhubri
2010-07-23,27.89,32.18,26.61,2.01,86.66,0.9,3.25,Assam_Dhubri
2010-07-24,17.39,32.99,27.03,1.2,81.68,0.91,3.75,Assam_Dhubri
2010-07-25,4.11,33.49,26.8,1.89,84.54,0.9,4.29,Assam_Dhubri
2010-07-26,6.1,31.28,26.44,2.05,86.93,0.9,2.44,Assam_Dhubri
2010-07-27,0.96,31.3,25.99,1.55,84.85,0.89,3.2,Assam_Dhubri
2010-07-28,6.23,33.24,26.07,1.81,82.33,0.89,5.22,Assam_Dhubri
2010-07-29,14.22,31.07,26.83,2.05,88.76,0.89,2.9,Assam_Dhubri
2010-07-30,15.23,31.01,25.64,1.79,85.87,0.89,2.9,Assam_Dhubri
2010-07-31,2.56,31.26,25.47,1.33,81.7,0.89,3.38,Assam_Dhubri
2010-08-01,2.0,32.28,25.37,1.68,84.02,0.88,5.2,Assam_Dhubri
2010-08-02,2.67,32.56,25.77,1.07,75.75,0.87,5.02,Assam_Dhubri
2010-08-03,1.01,32.73,26.07,1.53,82.83,0.86,5.06,Assam_Dhubri
2010-08-04,1.09,32.96,25.67,0.83,80.71,0.86,5.55,Assam_Dhubri
2010-08-05,0.88,33.17,26.46,2.4,82.99,0.85,4.88,Assam_Dhubri
2010-08-06,9.35,32.03,26.43,1.26,83.89,0.85,3.82,Assam_Dhubri
2010-08-07,1.86,31.83,26.49,1.58,84.28,0.85,3.72,Assam_Dhubri
2010-08-08,0.04,32.97,25.74,1.62,81.0,0.84,5.91,Assam_Dhubri
2010-08-09,2.01,33.39,26.07,1.66,80.53,0.83,5.74,Assam_Dhubri
2010-08-10,5.0,33.42,26.8,1.18,77.08,0.82,4.63,Assam_Dhubri
2010-08-11,2.03,34.33,28.39,0.97,73.01,0.82,6.68,Assam_Dhubri
2010-08-12,3.83,30.26,27.02,1.66,90.13,0.81,1.43,Assam_Dhubri
2010-08-13,2.95,31.36,26.81,2.56,88.52,0.81,2.99,Assam_Dhubri
2010-08-14,10.01,31.3,26.28,2.12,87.17,0.81,2.75,Assam_Dhubri
2010-08-15,5.88,32.87,26.28,1.88,84.87,0.82,4.81,Assam_Dhubri
2010-08-16,5.56,32.27,26.06,2.4,86.11,0.81,5.03,Assam_Dhubri
2010-08-17,69.56,31.68,26.41,2.89,88.39,0.84,3.0,Assam_Dhubri
2010-08-18,41.88,31.57,26.51,2.33,88.85,0.9,2.48,Assam_Dhubri
2010-08-19,16.59,29.1,26.53,1.64,89.19,0.9,1.37,Assam_Dhubri
2010-08-20,19.54,31.18,25.86,1.69,88.25,0.91,2.55,Assam_Dhubri
2010-08-21,17.04,30.27,26.36,2.2,90.61,0.9,1.97,Assam_Dhubri
2010-08-22,23.16,29.55,26.03,2.67,92.11,0.92,1.48,Assam_Dhubri
2010-08-23,15.4,30.73,26.06,1.48,86.09,0.93,2.16,Assam_Dhubri
2010-08-24,5.4,32.49,25.94,0.68,82.25,0.92,3.55,Assam_Dhubri
2010-08-25,2.84,31.01,27.03,0.69,83.59,0.92,2.46,Assam_Dhubri
2010-08-26,4.66,32.43,26.02,2.0,85.67,0.91,4.41,Assam_Dhubri
2010-08-27,4.73,29.95,26.53,2.28,90.24,0.91,1.97,Assam_Dhubri
2010-08-28,3.37,30.8,26.15,1.25,87.16,0.91,2.44,Assam_Dhubri
2010-08-29,2.57,32.63,25.36,0.74,82.01,0.9,5.07,Assam_Dhubri
2010-08-30,2.09,32.63,26.7,0.7,84.09,0.9,3.61,Assam_Dhubri
2010-08-31,1.13,29.76,26.35,1.51,87.28,0.89,1.85,Assam_Dhubri
2010-09-01,17.28,31.73,26.07,1.02,82.7,0.9,3.97,Assam_Dhubri
2010-09-02,26.25,32.39,26.69,1.12,82.83,0.91,4.03,Assam_Dhubri
2010-09-03,8.62,31.8,25.54,1.36,84.98,0.91,3.35,Assam_Dhubri
2010-09-04,2.13,31.92,25.25,2.05,86.02,0.91,4.79,Assam_Dhubri
2010-09-05,2.82,31.7,26.13,1.93,86.52,0.9,3.75,Assam_Dhubri
2010-09-06,8.49,32.31,26.13,1.15,83.79,0.89,4.61,Assam_Dhubri
2010-09-07,12.13,32.24,26.07,1.6,84.47,0.9,4.01,Assam_Dhubri
2010-09-08,2.05,30.64,26.29,1.32,86.92,0.89,2.53,Assam_Dhubri
2010-09-09,4.59,29.49,26.12,1.43,90.23,0.89,1.48,Assam_Dhubri
2010-09-10,26.95,30.12,25.49,1.91,89.6,0.9,2.17,Assam_Dhubri
2010-09-11,50.24,29.85,25.96,1.7,89.58,0.94,1.98,Assam_Dhubri
2010-09-12,11.39,31.61,24.57,0.69,81.77,0.94,5.14,Assam_Dhubri
2010-09-13,3.03,32.18,26.08,1.05,81.54,0.93,5.22,Assam_Dhubri
2010-09-14,11.3,29.24,25.69,1.33,88.54,0.93,1.77,Assam_Dhubri
2010-09-15,9.7,27.2,25.32,0.91,92.29,0.93,0.72,Assam_Dhubri
2010-09-16,5.95,30.81,24.59,0.79,82.26,0.93,3.72,Assam_Dhubri
2010-09-17,15.26,28.19,25.16,1.65,91.5,0.93,0.96,Assam_Dhubri
2010-09-18,8.24,29.19,24.74,1.63,88.05,0.94,2.45,Assam_Dhubri
2010-09-19,7.61,30.57,25.16,0.56,83.78,0.94,1.84,Assam_Dhubri
2010-09-20,10.24,30.68,24.93,1.13,83.26,0.94,4.32,Assam_Dhubri
2010-09-21,15.34,29.67,24.82,1.12,87.76,0.94,2.32,Assam_Dhubri
2010-09-22,0.15,31.57,25.09,0.65,81.66,0.94,5.94,Assam_Dhubri
2010-09-23,11.98,31.31,25.53,0.63,77.52,0.93,5.49,Assam_Dhubri
2010-09-24,10.05,31.59,26.47,0.6,78.56,0.93,4.12,Assam_Dhubri
2010-09-25,7.8,30.88,25.52,1.56,84.55,0.93,3.98,Assam_Dhubri
2010-09-26,3.91,31.04,24.67,2.03,86.97,0.93,4.43,Assam_Dhubri
2010-09-27,2.02,30.59,24.79,2.51,89.11,0.92,3.79,Assam_Dhubri
2010-09-28,0.37,30.44,24.09,1.88,84.33,0.91,5.1,Assam_Dhubri
2010-09-29,0.01,30.04,22.31,1.15,82.47,0.9,5.64,Assam_Dhubri
2010-09-30,0.02,30.32,22.47,1.56,81.7,0.9,5.39,Assam_Dhubri
2010-10-01,2.99,31.48,23.81,0.75,77.46,0.89,6.27,Assam_Dhubri
2010-10-02,1.09,31.06,23.97,1.26,83.56,0.89,5.37,Assam_Dhubri
2010-10-03,0.0,31.5,23.93,1.54,84.82,0.88,5.7,Assam_Dhubri
2010-10-04,0.0,30.85,24.2,1.52,83.77,0.87,5.86,Assam_Dhubri
2010-10-05,2.67,31.1,23.98,1.23,82.45,0.86,5.75,Assam_Dhubri
2010-10-06,2.95,29.89,24.32,1.28,82.64,0.86,4.04,Assam_Dhubri
2010-10-07,29.79,26.92,23.38,3.07,91.4,0.87,2.06,Assam_Dhubri
2010-10-08,54.48,23.96,21.33,4.69,92.97,0.91,0.91,Assam_Dhubri
2010-10-09,1.45,27.35,20.23,2.35,86.15,0.92,4.85,Assam_Dhubri
2010-10-10,13.41,28.5,20.85,1.73,84.81,0.91,3.89,Assam_Dhubri
2010-10-11,0.15,29.06,20.83,1.2,83.37,0.91,4.96,Assam_Dhubri
2010-10-12,0.0,29.03,20.6,1.69,84.93,0.9,5.06,Assam_Dhubri
2010-10-13,0.01,28.18,21.54,2.19,86.26,0.89,4.24,Assam_Dhubri
2010-10-14,0.9,29.9,22.22,2.73,86.91,0.89,4.04,Assam_Dhubri
2010-10-15,4.64,26.03,23.88,3.06,93.48,0.88,1.18,Assam_Dhubri
2010-10-16,16.44,25.59,22.88,2.43,93.63,0.89,0.83,Assam_Dhubri
2010-10-17,10.36,27.41,22.72,2.24,91.27,0.9,2.07,Assam_Dhubri
2010-10-18,2.4,30.12,22.15,2.13,87.97,0.9,4.63,Assam_Dhubri
2010-10-19,0.0,30.47,22.53,1.91,86.48,0.89,5.11,Assam_Dhubri
2010-10-20,1.19,29.83,23.03,2.38,86.56,0.88,5.03,Assam_Dhubri
2010-10-21,7.37,28.95,22.81,2.26,87.22,0.88,4.11,Assam_Dhubri
2010-10-22,2.81,28.25,22.24,2.82,88.52,0.88,3.75,Assam_Dhubri
2010-10-23,0.0,28.95,21.61,1.37,84.91,0.87,4.82,Assam_Dhubri
2010-10-24,0.38,29.37,21.47,1.12,84.74,0.86,5.41,Assam_Dhubri
2010-10-25,0.03,29.53,21.65,0.42,78.7,0.85,6.38,Assam_Dhubri
2010-10-26,0.0,28.5,20.5,1.18,82.65,0.85,5.1,Assam_Dhubri
2010-10-27,0.0,28.9,20.75,0.76,77.45,0.84,5.89,Assam_Dhubri
2010-10-28,0.0,27.97,19.65,0.93,80.93,0.84,5.24,Assam_Dhubri
2010-10-29,0.0,26.41,19.41,1.81,85.21,0.83,4.42,Assam_Dhubri
2010-10-30,0.0,27.47,18.22,2.56,87.4,0.82,4.69,Assam_Dhubri
2010-10-31,0.0,27.35,19.31,2.01,84.47,0.82,4.61,Assam_Dhubri
2010-11-01,1.09,27.42,20.88,0.94,76.15,0.81,4.0,Assam_Dhubri
2010-11-02,0.15,27.22,19.77,0.52,78.22,0.81,5.41,Assam_Dhubri
2010-11-03,0.0,26.86,18.65,1.0,82.26,0.8,4.98,Assam_Dhubri
2010-11-04,0.0,27.45,19.52,1.56,87.21,0.79,4.68,Assam_Dhubri
2010-11-05,0.0,28.1,19.37,2.22,87.1,0.79,4.77,Assam_Dhubri
2010-11-06,0.0,28.14,19.32,1.99,85.1,0.78,4.97,Assam_Dhubri
2010-11-07,0.0,28.32,18.73,1.6,83.91,0.78,4.98,Assam_Dhubri
2010-11-08,0.0,27.7,19.17,1.76,86.4,0.77,4.61,Assam_Dhubri
2010-11-09,0.0,26.82,19.6,2.4,85.97,0.77,4.54,Assam_Dhubri
2010-11-10,0.0,27.67,18.33,1.74,84.57,0.76,4.79,Assam_Dhubri
2010-11-11,0.0,27.35,18.8,1.71,85.36,0.76,4.72,Assam_Dhubri
2010-11-12,0.85,26.41,18.34,1.12,84.17,0.75,4.08,Assam_Dhubri
2010-11-13,0.39,27.23,19.44,1.41,83.89,0.75,4.0,Assam_Dhubri
2010-11-14,0.26,26.37,18.1,1.75,86.07,0.74,3.96,Assam_Dhubri
2010-11-15,0.01,26.55,17.99,1.73,87.15,0.74,4.01,Assam_Dhubri
2010-11-16,0.0,26.4,18.08,1.09,84.0,0.74,3.95,Assam_Dhubri
2010-11-17,0.15,26.85,18.58,1.04,82.5,0.73,4.02,Assam_Dhubri
2010-11-18,0.18,26.2,18.99,0.93,85.37,0.73,3.45,Assam_Dhubri
2010-11-19,1.76,26.27,19.13,1.46,87.21,0.73,3.05,Assam_Dhubri
2010-11-20,0.35,26.49,17.97,2.32,86.94,0.72,3.33,Assam_Dhubri
2010-11-21,0.07,24.11,16.42,1.27,78.2,0.72,3.5,Assam_Dhubri
2010-11-22,0.0,23.84,13.36,1.28,81.6,0.71,2.92,Assam_Dhubri
2010-11-23,0.0,24.22,14.68,1.39,83.58,0.71,3.07,Assam_Dhubri
2010-11-24,0.0,24.96,15.07,1.04,84.48,0.71,3.42,Assam_Dhubri
2010-11-25,0.0,24.78,16.0,1.42,87.99,0.7,3.02,Assam_Dhubri
2010-11-26,0.0,25.03,16.13,1.0,85.06,0.7,3.05,Assam_Dhubri
2010-11-27,0.0,25.62,16.51,1.04,84.12,0.7,3.07,Assam_Dhubri
2010-11-28,0.0,25.62,17.15,0.93,85.11,0.69,2.98,Assam_Dhubri
2010-11-29,0.0,25.23,16.97,1.16,84.48,0.69,2.92,Assam_Dhubri
2010-11-30,0.0,24.45,15.86,0.99,78.04,0.69,3.0,Assam_Dhubri
2010-12-01,0.0,22.97,13.2,1.3,82.92,0.68,2.31,Assam_Dhubri
2010-12-02,0.0,23.6,13.72,1.72,86.83,0.68,2.43,Assam_Dhubri
2010-12-03,0.0,24.08,13.31,2.02,83.39,0.68,2.73,Assam_Dhubri
2010-12-04,0.0,24.52,13.57,1.97,79.6,0.67,2.86,Assam_Dhubri
2010-12-05,0.0,24.43,13.38,2.16,77.65,0.67,2.81,Assam_Dhubri
2010-12-06,0.01,24.41,14.07,1.91,76.32,0.67,2.39,Assam_Dhubri
2010-12-07,0.0,24.31,15.11,1.34,74.23,0.66,2.32,Assam_Dhubri
2010-12-08,0.64,21.48,16.77,0.74,76.18,0.66,0.82,Assam_Dhubri
2010-12-09,7.62,23.26,15.47,0.6,86.56,0.67,1.35,Assam_Dhubri
2010-12-10,0.01,24.15,14.33,0.93,79.95,0.67,2.52,Assam_Dhubri
2010-12-11,0.0,24.34,14.21,1.15,83.67,0.67,2.55,Assam_Dhubri
2010-12-12,0.01,22.25,12.28,1.98,79.38,0.66,2.09,Assam_Dhubri
2010-12-13,0.0,21.29,11.0,1.22,80.09,0.66,1.68,Assam_Dhubri
2010-12-14,0.0,21.44,10.93,0.72,74.55,0.66,1.91,Assam_Dhubri
2010-12-15,0.0,21.15,10.33,1.16,82.64,0.65,1.68,Assam_Dhubri
2010-12-16,0.0,21.74,11.4,1.32,86.82,0.65,1.78,Assam_Dhubri
2010-12-17,0.0,21.8,11.33,1.13,82.07,0.65,1.97,Assam_Dhubri
2010-12-18,0.0,22.31,11.34,0.66,77.7,0.65,2.16,Assam_Dhubri
2010-12-19,0.0,22.24,10.52,0.9,80.12,0.64,2.12,Assam_Dhubri
2010-12-20,0.0,21.13,10.6,1.14,86.49,0.64,1.67,Assam_Dhubri
2010-12-21,0.0,20.85,10.24,1.1,83.34,0.64,1.66,Assam_Dhubri
2010-12-22,0.0,20.96,9.95,0.89,80.52,0.64,1.78,Assam_Dhubri
2010-12-23,0.0,21.33,10.36,0.9,79.65,0.63,1.79,Assam_Dhubri
2010-12-24,0.0,21.07,10.47,0.95,77.63,0.63,1.58,Assam_Dhubri
2010-12-25,0.0,19.74,9.53,1.66,87.39,0.63,1.2,Assam_Dhubri
2010-12-26,0.0,20.68,9.65,1.59,86.48,0.63,1.51,Assam_Dhubri
2010-12-27,0.0,20.95,10.31,1.01,84.21,0.63,1.55,Assam_Dhubri
2010-12-28,0.0,21.16,9.98,0.97,84.12,0.62,1.57,Assam_Dhubri
2010-12-29,0.0,20.84,9.94,1.27,85.28,0.62,1.4,Assam_Dhubri
2010-12-30,0.0,21.6,10.28,1.35,87.13,0.62,1.47,Assam_Dhubri
2010-12-31,0.03,21.16,11.17,1.35,85.01,0.62,1.42,Assam_Dhubri
2011-01-01,1.41,18.7,12.51,1.21,88.29,0.62,0.57,Assam_Dhubri
2011-01-02,0.01,21.09,10.68,1.18,79.2,0.62,1.48,Assam_Dhubri
2011-01-03,0.0,19.78,10.17,1.53,86.42,0.62,1.15,Assam_Dhubri
2011-01-04,0.0,20.51,9.78,1.11,82.58,0.61,1.45,Assam_Dhubri
2011-01-05,0.0,20.48,9.02,1.41,81.5,0.61,1.38,Assam_Dhubri
2011-01-06,0.0,20.92,9.27,1.12,82.73,0.61,1.35,Assam_Dhubri
2011-01-07,0.0,21.53,10.31,0.85,82.41,0.61,1.47,Assam_Dhubri
2011-01-08,0.0,21.43,10.02,1.15,83.66,0.61,1.4,Assam_Dhubri
2011-01-09,0.0,22.48,10.52,0.83,77.34,0.6,1.64,Assam_Dhubri
2011-01-10,0.0,21.4,9.12,1.16,68.13,0.6,1.53,Assam_Dhubri
2011-01-11,0.0,20.25,8.2,0.81,67.47,0.6,1.45,Assam_Dhubri
2011-01-12,0.0,19.43,7.72,0.79,63.87,0.6,1.29,Assam_Dhubri
2011-01-13,0.0,18.93,6.96,1.09,71.6,0.6,1.21,Assam_Dhubri
2011-01-14,0.0,19.42,7.37,1.14,76.01,0.59,1.16,Assam_Dhubri
2011-01-15,0.0,19.69,7.83,1.61,81.98,0.59,1.17,Assam_Dhubri
2011-01-16,0.15,18.12,9.59,1.03,82.0,0.59,0.59,Assam_Dhubri
2011-01-17,0.0,19.8,9.03,1.95,67.75,0.59,1.21,Assam_Dhubri
2011-01-18,0.0,18.13,7.17,1.16,66.82,0.59,0.98,Assam_Dhubri
2011-01-19,0.03,20.08,7.21,1.48,67.04,0.58,1.05,Assam_Dhubri
2011-01-20,0.01,18.97,7.76,1.89,79.89,0.58,0.95,Assam_Dhubri
2011-01-21,0.0,18.42,7.27,1.34,80.02,0.58,0.96,Assam_Dhubri
2011-01-22,0.0,19.65,7.47,0.86,75.64,0.58,1.15,Assam_Dhubri
2011-01-23,0.0,19.94,8.55,1.12,78.87,0.58,1.09,Assam_Dhubri
2011-01-24,0.0,20.19,8.94,1.32,82.35,0.58,1.01,Assam_Dhubri
2011-01-25,0.0,21.12,9.95,1.25,81.63,0.57,1.09,Assam_Dhubri
2011-01-26,0.0,22.0,10.22,1.36,77.94,0.57,1.12,Assam_Dhubri
2011-01-27,0.0,23.47,12.69,1.18,68.68,0.57,1.37,Assam_Dhubri
2011-01-28,0.0,22.44,11.34,1.22,69.99,0.57,1.6,Assam_Dhubri
2011-01-29,0.0,21.58,9.57,1.97,81.0,0.56,1.27,Assam_Dhubri
2011-01-30,0.0,22.02,10.1,1.83,78.07,0.56,1.28,Assam_Dhubri
2011-01-31,0.0,23.47,12.01,1.02,72.73,0.56,1.42,Assam_Dhubri
2011-02-01,0.0,23.74,12.44,0.97,69.68,0.56,1.69,Assam_Dhubri
2011-02-02,0.0,22.48,11.35,1.59,82.63,0.55,1.22,Assam_Dhubri
2011-02-03,0.0,23.36,11.19,1.66,81.86,0.55,1.46,Assam_Dhubri
2011-02-04,0.0,24.32,10.53,1.45,76.61,0.55,1.55,Assam_Dhubri
2011-02-05,0.0,24.49,11.53,1.58,75.82,0.55,1.68,Assam_Dhubri
2011-02-06,0.0,24.88,11.96,1.02,74.09,0.54,1.61,Assam_Dhubri
2011-02-07,0.0,25.75,13.92,0.97,67.96,0.54,1.71,Assam_Dhubri
2011-02-08,0.0,26.1,14.05,1.22,61.62,0.54,1.49,Assam_Dhubri
2011-02-09,0.0,26.82,13.98,1.06,57.62,0.54,1.63,Assam_Dhubri
2011-02-10,0.0,26.18,12.6,1.04,54.65,0.53,1.85,Assam_Dhubri
2011-02-11,0.0,24.3,12.06,1.35,66.54,0.53,1.5,Assam_Dhubri
2011-02-12,0.0,23.99,11.77,1.29,71.71,0.53,1.29,Assam_Dhubri
2011-02-13,0.0,24.51,12.24,1.39,73.38,0.53,1.29,Assam_Dhubri
2011-02-14,0.0,26.18,12.99,1.03,64.48,0.52,1.55,Assam_Dhubri
2011-02-15,0.0,28.12,15.08,1.35,62.85,0.52,1.64,Assam_Dhubri
2011-02-16,9.26,27.58,16.61,1.18,74.62,0.52,1.27,Assam_Dhubri
2011-02-17,7.58,26.3,15.12,1.79,74.87,0.54,1.66,Assam_Dhubri
2011-02-18,0.0,25.84,12.42,2.98,67.23,0.54,2.11,Assam_Dhubri
2011-02-19,0.0,26.39,13.47,1.63,55.73,0.53,1.99,Assam_Dhubri
2011-02-20,0.0,25.92,13.14,0.96,56.36,0.53,1.94,Assam_Dhubri
2011-02-21,0.14,22.45,13.55,1.5,68.91,0.53,0.87,Assam_Dhubri
2011-02-22,0.02,25.58,11.74,1.21,66.5,0.52,1.88,Assam_Dhubri
2011-02-23,0.0,25.13,11.81,1.31,66.07,0.52,1.84,Assam_Dhubri
2011-02-24,0.0,26.39,12.17,1.18,66.52,0.52,1.91,Assam_Dhubri
2011-02-25,0.0,25.65,12.28,1.85,70.36,0.51,1.64,Assam_Dhubri
2011-02-26,0.0,27.18,13.65,1.33,62.65,0.51,1.9,Assam_Dhubri
2011-02-27,0.0,28.55,14.44,1.32,52.87,0.51,2.22,Assam_Dhubri
2011-02-28,0.0,27.26,12.54,1.05,54.52,0.5,2.28,Assam_Dhubri
2011-03-01,0.0,25.94,12.08,1.73,65.61,0.5,1.89,Assam_Dhubri
2011-03-02,0.0,27.25,12.64,1.41,65.79,0.5,1.82,Assam_Dhubri
2011-03-03,0.0,28.01,13.33,1.19,61.63,0.49,1.98,Assam_Dhubri
2011-03-04,0.0,29.93,15.95,1.45,56.9,0.49,2.2,Assam_Dhubri
2011-03-05,0.0,31.43,15.51,2.71,54.98,0.49,2.64,Assam_Dhubri
2011-03-06,0.0,30.74,15.12,1.84,48.01,0.48,2.4,Assam_Dhubri
2011-03-07,0.0,28.47,14.67,1.28,55.33,0.48,2.13,Assam_Dhubri
2011-03-08,0.0,27.94,13.88,1.52,62.57,0.48,1.78,Assam_Dhubri
2011-03-09,0.21,30.56,15.77,1.75,55.57,0.47,2.13,Assam_Dhubri
2011-03-10,1.09,32.79,18.42,1.58,50.61,0.47,2.28,Assam_Dhubri
2011-03-11,0.25,32.79,18.38,1.75,44.57,0.47,2.36,Assam_Dhubri
2011-03-12,0.2,31.27,17.75,2.08,59.28,0.46,2.08,Assam_Dhubri
2011-03-13,0.0,30.29,15.64,1.38,45.27,0.46,2.31,Assam_Dhubri
2011-03-14,0.02,28.96,15.0,1.88,57.58,0.46,1.74,Assam_Dhubri
2011-03-15,0.0,28.99,16.51,2.03,61.33,0.46,1.4,Assam_Dhubri
2011-03-16,0.0,31.3,16.16,1.44,52.59,0.45,2.06,Assam_Dhubri
2011-03-17,0.11,30.65,17.04,1.79,60.3,0.45,1.7,Assam_Dhubri
2011-03-18,6.77,28.96,19.0,2.1,70.89,0.46,1.12,Assam_Dhubri
2011-03-19,0.64,32.04,19.52,2.43,62.27,0.46,1.73,Assam_Dhubri
2011-03-20,0.2,34.6,20.84,3.07,59.01,0.46,2.37,Assam_Dhubri
2011-03-21,0.75,34.73,20.31,3.24,54.58,0.45,2.52,Assam_Dhubri
2011-03-22,0.0,33.94,16.36,1.93,36.74,0.44,2.4,Assam_Dhubri
2011-03-23,0.0,33.08,17.32,1.38,58.11,0.44,2.2,Assam_Dhubri
2011-03-24,0.0,33.28,17.92,1.23,46.25,0.44,2.21,Assam_Dhubri
2011-03-25,1.23,34.08,18.47,1.4,41.08,0.44,2.18,Assam_Dhubri
2011-03-26,0.52,33.89,19.5,1.41,48.19,0.43,2.15,Assam_Dhubri
2011-03-27,0.11,31.79,19.8,2.4,59.92,0.43,1.83,Assam_Dhubri
2011-03-28,2.1,27.91,19.3,1.82,69.32,0.43,0.8,Assam_Dhubri
2011-03-29,0.19,29.25,20.04,2.87,66.17,0.43,1.49,Assam_Dhubri
2011-03-30,2.22,27.61,19.22,3.03,73.13,0.43,1.21,Assam_Dhubri
2011-03-31,4.49,29.06,19.68,1.71,74.11,0.44,1.15,Assam_Dhubri
2011-04-01,2.77,31.7,18.38,1.24,63.39,0.44,1.92,Assam_Dhubri
2011-04-02,1.31,32.41,18.93,1.53,62.51,0.44,2.04,Assam_Dhubri
2011-04-03,1.88,32.51,20.01,1.58,65.73,0.44,1.89,Assam_Dhubri
2011-04-04,4.21,32.53,21.46,1.47,64.2,0.44,1.64,Assam_Dhubri
2011-04-05,0.49,32.33,21.27,1.32,61.5,0.44,1.76,Assam_Dhubri
2011-04-06,0.0,34.37,18.72,1.6,51.37,0.43,2.39,Assam_Dhubri
2011-04-07,0.0,34.46,18.92,1.24,32.34,0.43,1.84,Assam_Dhubri
2011-04-08,0.05,35.05,18.37,1.41,41.1,0.42,2.19,Assam_Dhubri
2011-04-09,0.0,34.73,19.87,2.24,47.18,0.42,1.94,Assam_Dhubri
2011-04-10,1.89,32.86,20.41,1.84,58.69,0.42,1.51,Assam_Dhubri
2011-04-11,0.16,34.38,21.06,1.57,58.16,0.42,1.71,Assam_Dhubri
2011-04-12,0.19,35.15,21.52,1.52,55.14,0.41,1.77,Assam_Dhubri
2011-04-13,0.56,34.61,22.74,2.23,57.54,0.41,1.48,Assam_Dhubri
2011-04-14,2.7,35.34,24.04,1.15,52.43,0.41,1.39,Assam_Dhubri
2011-04-15,0.17,35.54,23.88,1.09,42.99,0.41,1.72,Assam_Dhubri
2011-04-16,15.52,35.06,22.73,1.36,52.37,0.42,1.49,Assam_Dhubri
2011-04-17,3.28,35.57,21.78,1.21,56.4,0.44,2.48,Assam_Dhubri
2011-04-18,3.66,33.97,22.9,1.38,60.58,0.44,1.7,Assam_Dhubri
2011-04-19,2.8,33.44,24.32,1.71,64.54,0.44,1.42,Assam_Dhubri
2011-04-20,1.81,34.43,24.06,2.5,63.35,0.44,1.83,Assam_Dhubri
2011-04-21,0.09,36.69,23.37,2.71,51.86,0.43,2.28,Assam_Dhubri
2011-04-22,0.16,35.75,22.45,1.65,53.66,0.42,1.72,Assam_Dhubri
2011-04-23,0.22,34.78,21.7,1.51,43.05,0.42,1.61,Assam_Dhubri
2011-04-24,6.4,33.09,22.61,1.52,57.86,0.43,1.23,Assam_Dhubri
2011-04-25,2.56,28.71,22.11,2.09,69.76,0.43,0.68,Assam_Dhubri
2011-04-26,0.01,29.84,21.36,1.12,66.04,0.43,0.63,Assam_Dhubri
2011-04-27,0.63,33.3,21.59,1.16,53.59,0.43,1.3,Assam_Dhubri
2011-04-28,5.51,33.38,22.82,0.98,59.99,0.43,1.57,Assam_Dhubri
2011-04-29,0.0,35.07,22.14,1.41,56.65,0.43,1.75,Assam_Dhubri
2011-04-30,0.11,35.4,23.07,1.31,56.96,0.42,1.71,Assam_Dhubri
2011-05-01,7.11,34.18,24.95,2.47,61.97,0.42,1.21,Assam_Dhubri
2011-05-02,14.26,33.63,24.78,3.16,69.88,0.44,1.55,Assam_Dhubri
2011-05-03,32.99,32.45,24.43,2.51,76.73,0.47,1.7,Assam_Dhubri
2011-05-04,0.6,30.49,20.7,3.0,73.13,0.49,2.54,Assam_Dhubri
2011-05-05,1.12,34.0,22.56,1.84,66.9,0.48,3.61,Assam_Dhubri
2011-05-06,0.41,34.49,23.53,1.42,65.2,0.47,3.32,Assam_Dhubri
2011-05-07,1.79,35.32,24.17,1.47,63.04,0.46,3.21,Assam_Dhubri
2011-05-08,9.11,34.28,24.64,1.78,63.75,0.47,2.67,Assam_Dhubri
2011-05-09,5.0,34.92,25.62,1.09,54.29,0.47,3.11,Assam_Dhubri
2011-05-10,10.51,34.44,23.66,1.74,61.73,0.48,2.93,Assam_Dhubri
2011-05-11,14.85,32.26,24.94,1.45,72.87,0.49,2.47,Assam_Dhubri
2011-05-12,0.59,34.28,24.79,1.38,65.85,0.49,3.77,Assam_Dhubri
2011-05-13,3.2,32.97,25.25,1.99,71.55,0.48,2.42,Assam_Dhubri
2011-05-14,27.4,32.83,25.63,1.77,74.99,0.51,3.53,Assam_Dhubri
2011-05-15,10.98,33.03,25.51,2.04,74.27,0.52,3.63,Assam_Dhubri
2011-05-16,0.79,32.73,24.9,2.02,73.29,0.52,4.38,Assam_Dhubri
2011-05-17,5.63,34.18,24.93,1.18,66.63,0.51,4.02,Assam_Dhubri
2011-05-18,8.89,34.04,26.66,0.82,64.48,0.51,4.27,Assam_Dhubri
2011-05-19,10.61,32.95,25.66,1.42,70.09,0.52,3.8,Assam_Dhubri
2011-05-20,11.82,30.8,23.81,1.54,76.95,0.53,3.52,Assam_Dhubri
2011-05-21,18.18,32.15,25.26,1.92,82.47,0.55,3.05,Assam_Dhubri
2011-05-22,5.82,32.78,25.75,2.65,78.73,0.55,5.09,Assam_Dhubri
2011-05-23,13.87,32.4,26.05,2.97,80.92,0.55,4.34,Assam_Dhubri
2011-05-24,2.49,33.21,24.83,2.55,74.93,0.55,5.93,Assam_Dhubri
2011-05-25,1.41,33.06,24.63,1.02,72.37,0.54,5.29,Assam_Dhubri
2011-05-26,0.0,34.73,24.89,1.26,68.78,0.53,5.86,Assam_Dhubri
2011-05-27,0.71,33.15,26.25,1.42,75.71,0.52,3.89,Assam_Dhubri
2011-05-28,1.07,34.91,24.52,1.04,69.14,0.52,5.21,Assam_Dhubri
2011-05-29,5.72,33.6,26.41,2.0,73.13,0.51,3.53,Assam_Dhubri
2011-05-30,19.54,31.62,25.86,2.1,82.75,0.53,2.7,Assam_Dhubri
2011-05-31,21.7,32.74,24.93,1.47,78.13,0.56,5.29,Assam_Dhubri
2011-06-01,7.01,32.33,25.8,2.72,79.54,0.56,5.23,Assam_Dhubri
2011-06-02,13.88,31.29,24.8,2.39,83.31,0.57,4.04,Assam_Dhubri
2011-06-03,1.68,31.94,25.39,3.01,81.79,0.57,5.26,Assam_Dhubri
2011-06-04,3.56,33.48,25.46,2.67,79.56,0.56,5.73,Assam_Dhubri
2011-06-05,2.35,34.26,25.81,2.43,77.08,0.55,6.28,Assam_Dhubri
2011-06-06,0.54,34.4,25.16,1.94,75.63,0.54,6.08,Assam_Dhubri
2011-06-07,1.47,34.39,26.09,1.87,74.15,0.53,5.6,Assam_Dhubri
2011-06-08,1.2,34.85,25.91,0.92,68.29,0.53,6.23,Assam_Dhubri
2011-06-09,0.01,35.83,25.54,0.75,62.04,0.52,5.99,Assam_Dhubri
2011-06-10,0.0,36.24,27.5,1.54,59.34,0.51,5.55,Assam_Dhubri
2011-06-11,10.33,34.68,26.81,2.13,73.57,0.51,3.96,Assam_Dhubri
2011-06-12,2.08,34.19,26.46,2.24,67.24,0.51,4.79,Assam_Dhubri
2011-06-13,3.13,35.6,26.45,0.72,57.21,0.51,5.15,Assam_Dhubri
2011-06-14,8.92,33.62,26.67,1.47,70.91,0.51,3.1,Assam_Dhubri
2011-06-15,17.07,29.66,25.7,2.31,85.0,0.53,2.05,Assam_Dhubri
2011-06-16,5.06,33.5,25.16,4.33,78.8,0.54,4.24,Assam_Dhubri
2011-06-17,9.36,31.51,26.29,5.07,83.59,0.53,3.17,Assam_Dhubri
2011-06-18,12.93,33.32,26.12,3.19,82.11,0.55,3.5,Assam_Dhubri
2011-06-19,2.76,31.66,26.09,2.31,84.13,0.54,3.19,Assam_Dhubri
2011-06-20,3.02,34.7,26.02,1.66,75.4,0.54,6.04,Assam_Dhubri
2011-06-21,0.23,35.02,26.48,1.77,74.66,0.53,6.06,Assam_Dhubri
2011-06-22,2.95,35.11,26.76,1.95,75.43,0.52,5.45,Assam_Dhubri
2011-06-23,30.45,33.04,27.31,2.02,81.6,0.54,2.7,Assam_Dhubri
2011-06-24,19.64,32.9,27.13,1.57,82.61,0.58,3.83,Assam_Dhubri
2011-06-25,7.74,33.56,27.09,1.31,78.19,0.58,5.1,Assam_Dhubri
2011-06-26,27.04,30.68,26.99,1.28,86.62,0.59,1.46,Assam_Dhubri
2011-06-27,75.4,29.71,26.61,1.53,89.41,0.68,1.59,Assam_Dhubri
2011-06-28,14.39,31.85,25.22,1.8,83.04,0.69,5.16,Assam_Dhubri
2011-06-29,31.69,31.48,26.45,1.4,84.8,0.71,3.57,Assam_Dhubri
2011-06-30,25.29,30.68,25.92,2.18,89.59,0.72,2.65,Assam_Dhubri
2011-07-01,21.34,31.62,26.5,2.21,87.55,0.74,3.99,Assam_Dhubri
2011-07-02,29.24,30.77,26.08,3.26,89.24,0.75,3.01,Assam_Dhubri
2011-07-03,5.49,30.82,26.04,2.28,86.7,0.75,3.37,Assam_Dhubri
2011-07-04,6.33,30.6,25.63,1.64,84.34,0.74,3.87,Assam_Dhubri
2011-07-05,5.15,30.39,25.17,1.48,81.77,0.74,4.28,Assam_Dhubri
2011-07-06,1.48,31.91,25.37,2.12,82.85,0.73,6.38,Assam_Dhubri
2011-07-07,2.71,32.18,25.47,2.71,83.23,0.71,7.11,Assam_Dhubri
2011-07-08,2.78,31.8,25.61,2.85,84.44,0.71,6.42,Assam_Dhubri
2011-07-09,12.69,31.87,26.04,2.82,84.58,0.7,5.81,Assam_Dhubri
2011-07-10,17.0,33.01,25.95,1.86,83.23,0.72,5.53,Assam_Dhubri
2011-07-11,4.38,33.02,26.88,1.12,82.33,0.72,4.69,Assam_Dhubri
2011-07-12,1.53,32.57,27.41,0.86,82.95,0.71,2.13,Assam_Dhubri
2011-07-13,2.23,33.37,26.08,2.01,81.3,0.71,7.53,Assam_Dhubri
2011-07-14,7.92,33.19,26.47,1.77,82.45,0.7,5.93,Assam_Dhubri
2011-07-15,11.6,31.0,26.48,1.88,86.47,0.71,3.32,Assam_Dhubri
2011-07-16,4.84,31.58,26.14,1.8,85.13,0.71,4.15,Assam_Dhubri
2011-07-17,2.62,33.24,25.74,1.74,81.48,0.7,6.74,Assam_Dhubri
2011-07-18,12.94,33.19,26.68,2.1,85.5,0.7,4.75,Assam_Dhubri
2011-07-19,18.05,28.36,25.95,2.32,92.53,0.72,0.76,Assam_Dhubri
2011-07-20,9.9,29.9,25.68,1.82,90.4,0.73,1.57,Assam_Dhubri
2011-07-21,3.4,32.5,26.66,2.77,85.97,0.73,4.44,Assam_Dhubri
2011-07-22,13.03,31.75,26.13,2.28,84.88,0.73,4.13,Assam_Dhubri
2011-07-23,3.08,31.91,25.33,1.65,83.08,0.73,5.27,Assam_Dhubri
2011-07-24,7.41,33.11,25.36,1.26,80.29,0.72,6.69,Assam_Dhubri
2011-07-25,2.93,32.83,26.49,0.88,81.68,0.71,4.9,Assam_Dhubri
2011-07-26,24.29,31.08,26.41,2.31,86.49,0.73,3.1,Assam_Dhubri
2011-07-27,21.33,31.81,26.16,2.39,85.81,0.75,4.39,Assam_Dhubri
2011-07-28,16.69,32.51,26.25,2.11,85.37,0.75,4.96,Assam_Dhubri
2011-07-29,12.39,31.98,26.42,2.14,86.13,0.76,4.39,Assam_Dhubri
2011-07-30,6.23,31.96,26.15,1.44,83.4,0.76,4.29,Assam_Dhubri
2011-07-31,0.84,32.54,26.44,1.85,83.7,0.75,4.89,Assam_Dhubri
2011-08-01,7.42,34.5,26.97,0.64,76.05,0.74,6.51,Assam_Dhubri
2011-08-02,5.36,33.35,28.81,1.73,81.23,0.74,4.18,Assam_Dhubri
2011-08-03,13.75,32.75,27.5,1.77,85.07,0.75,3.68,Assam_Dhubri
2011-08-04,32.89,32.78,26.81,1.56,84.42,0.76,4.86,Assam_Dhubri
2011-08-05,54.44,32.08,26.68,1.51,86.19,0.83,3.38,Assam_Dhubri
2011-08-06,21.77,31.28,26.41,1.85,86.34,0.84,2.74,Assam_Dhubri
2011-08-07,9.06,30.29,26.5,2.82,91.34,0.83,1.62,Assam_Dhubri
2011-08-08,29.53,30.97,25.66,2.86,87.03,0.84,2.7,Assam_Dhubri
2011-08-09,53.46,29.0,25.7,2.02,92.26,0.86,1.09,Assam_Dhubri
2011-08-10,46.55,30.69,25.32,1.72,84.69,0.91,3.53,Assam_Dhubri
2011-08-11,2.07,31.88,24.97,1.68,82.67,0.89,4.3,Assam_Dhubri
2011-08-12,2.52,30.44,25.92,1.58,87.45,0.88,2.1,Assam_Dhubri
2011-08-13,24.7,28.84,25.53,1.46,90.13,0.88,0.92,Assam_Dhubri
2011-08-14,15.43,28.62,25.13,1.59,89.84,0.9,1.52,Assam_Dhubri
2011-08-15,17.46,30.39,25.3,1.99,85.97,0.9,3.43,Assam_Dhubri
2011-08-16,145.86,28.02,24.81,2.31,93.49,0.94,0.56,Assam_Dhubri
2011-08-17,40.49,30.05,23.81,2.31,87.94,0.96,2.45,Assam_Dhubri
2011-08-18,13.6,30.76,24.27,1.33,86.02,0.96,3.25,Assam_Dhubri
2011-08-19,2.38,31.36,25.51,1.25,85.74,0.95,3.27,Assam_Dhubri
2011-08-20,0.4,32.62,25.86,0.64,80.39,0.94,5.37,Assam_Dhubri
2011-08-21,6.99,32.65,25.69,1.56,83.96,0.93,4.53,Assam_Dhubri
2011-08-22,4.67,30.52,26.33,2.2,88.7,0.93,2.68,Assam_Dhubri
2011-08-23,8.14,32.06,25.85,1.19,84.38,0.93,3.72,Assam_Dhubri
2011-08-24,14.76,31.27,25.83,1.15,83.73,0.93,3.32,Assam_Dhubri
2011-08-25,4.98,31.88,25.44,0.9,82.21,0.93,4.81,Assam_Dhubri
2011-08-26,0.65,32.94,25.96,1.24,81.04,0.92,5.5,Assam_Dhubri
2011-08-27,0.64,31.93,26.4,0.98,81.49,0.91,4.04,Assam_Dhubri
2011-08-28,0.59,33.36,26.28,1.4,78.71,0.9,5.7,Assam_Dhubri
2011-08-29,0.02,33.37,26.75,1.38,80.19,0.89,5.57,Assam_Dhubri
2011-08-30,2.58,33.71,27.44,0.92,76.4,0.88,6.17,Assam_Dhubri
2011-08-31,1.89,32.54,26.94,1.1,80.93,0.88,4.23,Assam_Dhubri
2011-09-01,1.22,32.56,25.77,1.84,85.06,0.87,5.46,Assam_Dhubri
2011-09-02,0.6,32.09,25.27,1.49,82.62,0.86,5.98,Assam_Dhubri
2011-09-03,0.22,32.57,24.92,1.32,80.34,0.85,5.91,Assam_Dhubri
2011-09-04,0.3,33.34,26.04,1.35,79.56,0.85,6.04,Assam_Dhubri
2011-09-05,2.99,31.46,26.86,0.94,83.9,0.84,3.04,Assam_Dhubri
2011-09-06,6.0,30.66,26.67,1.02,87.06,0.84,1.74,Assam_Dhubri
2011-09-07,7.04,31.31,26.16,1.62,85.85,0.84,4.2,Assam_Dhubri
2011-09-08,3.01,30.96,25.33,2.16,86.64,0.84,4.23,Assam_Dhubri
2011-09-09,7.67,31.39,25.39,2.17,86.09,0.84,4.15,Assam_Dhubri
2011-09-10,9.53,30.45,26.0,1.22,85.72,0.84,2.15,Assam_Dhubri
2011-09-11,0.96,33.42,26.51,0.48,74.9,0.84,6.51,Assam_Dhubri
2011-09-12,0.18,32.81,26.48,1.87,82.92,0.83,5.0,Assam_Dhubri
2011-09-13,4.51,32.42,26.38,1.81,83.48,0.82,4.04,Assam_Dhubri
2011-09-14,13.69,30.31,25.88,1.41,89.43,0.83,1.2,Assam_Dhubri
2011-09-15,10.5,31.44,24.82,1.54,84.82,0.83,4.47,Assam_Dhubri
2011-09-16,66.02,29.96,25.2,1.74,90.08,0.86,2.0,Assam_Dhubri
2011-09-17,54.93,29.53,24.98,1.7,89.5,0.92,2.04,Assam_Dhubri
2011-09-18,54.51,29.76,25.24,1.95,89.95,0.95,1.99,Assam_Dhubri
2011-09-19,5.53,32.15,25.06,1.4,83.17,0.95,4.3,Assam_Dhubri
2011-09-20,1.6,31.55,25.8,0.94,84.68,0.94,3.64,Assam_Dhubri
2011-09-21,3.14,29.87,25.58,1.42,89.34,0.93,2.1,Assam_Dhubri
2011-09-22,6.29,27.4,25.34,1.89,92.08,0.93,1.42,Assam_Dhubri
2011-09-23,9.04,30.23,24.59,1.2,85.39,0.93,3.15,Assam_Dhubri
2011-09-24,8.4,30.5,24.95,1.46,86.81,0.93,3.32,Assam_Dhubri
2011-09-25,7.66,30.97,25.11,1.41,83.93,0.93,4.65,Assam_Dhubri
2011-09-26,29.22,28.49,24.87,1.17,87.72,0.94,1.74,Assam_Dhubri
2011-09-27,20.31,30.16,24.37,1.04,88.26,0.95,3.0,Assam_Dhubri
2011-09-28,1.28,31.38,23.93,0.74,78.9,0.95,6.31,Assam_Dhubri
2011-09-29,0.01,30.64,24.43,0.63,78.69,0.93,6.03,Assam_Dhubri
2011-09-30,0.0,31.76,24.49,0.73,78.4,0.93,6.31,Assam_Dhubri
2011-10-01,0.0,31.78,25.7,0.74,78.01,0.92,6.0,Assam_Dhubri
2011-10-02,0.84,30.16,24.68,0.85,80.36,0.91,4.65,Assam_Dhubri
2011-10-03,0.25,31.0,24.96,1.39,81.04,0.9,5.03,Assam_Dhubri
2011-10-04,0.03,31.83,24.6,1.42,82.0,0.9,5.61,Assam_Dhubri
2011-10-05,0.0,30.78,24.33,2.66,85.17,0.89,5.02,Assam_Dhubri
2011-10-06,0.0,30.95,22.89,1.65,83.04,0.88,5.82,Assam_Dhubri
2011-10-07,0.31,30.35,23.2,1.4,82.94,0.87,5.48,Assam_Dhubri
2011-10-08,0.15,31.07,23.15,1.38,82.45,0.86,5.8,Assam_Dhubri
2011-10-09,0.03,30.41,22.56,1.74,83.01,0.86,5.51,Assam_Dhubri
2011-10-10,0.01,30.53,22.11,1.38,81.23,0.85,5.84,Assam_Dhubri
2011-10-11,0.0,30.22,22.29,1.04,79.07,0.84,6.02,Assam_Dhubri
2011-10-12,0.0,30.46,23.32,0.52,76.26,0.83,7.14,Assam_Dhubri
2011-10-13,0.0,30.39,24.0,0.62,78.16,0.83,6.71,Assam_Dhubri
2011-10-14,0.0,30.2,23.19,0.92,79.74,0.82,6.65,Assam_Dhubri
2011-10-15,0.0,29.99,22.88,0.74,79.09,0.81,5.8,Assam_Dhubri
2011-10-16,0.75,30.19,23.35,0.87,80.68,0.81,6.05,Assam_Dhubri
2011-10-17,0.2,30.23,22.94,1.26,82.93,0.8,5.31,Assam_Dhubri
2011-10-18,0.16,30.67,23.95,0.97,80.8,0.8,5.98,Assam_Dhubri
2011-10-19,0.21,29.77,23.38,0.87,79.9,0.79,5.93,Assam_Dhubri
2011-10-20,0.0,29.7,22.43,1.88,84.87,0.78,5.65,Assam_Dhubri
2011-10-21,3.01,29.43,23.71,0.82,80.23,0.78,4.69,Assam_Dhubri
2011-10-22,1.04,28.92,22.75,0.68,73.27,0.78,6.14,Assam_Dhubri
2011-10-23,0.0,28.38,22.5,0.61,70.85,0.77,6.19,Assam_Dhubri
2011-10-24,0.0,28.08,20.57,1.41,84.02,0.76,5.34,Assam_Dhubri
2011-10-25,0.0,27.25,20.67,1.91,83.36,0.76,4.63,Assam_Dhubri
2011-10-26,0.0,28.54,19.95,1.06,78.18,0.75,6.06,Assam_Dhubri
2011-10-27,0.0,28.72,21.63,0.95,78.63,0.75,5.24,Assam_Dhubri
2011-10-28,0.06,28.14,19.58,1.22,84.25,0.74,5.1,Assam_Dhubri
2011-10-29,0.0,27.21,19.59,1.53,82.79,0.74,5.07,Assam_Dhubri
2011-10-30,0.0,26.67,19.7,0.82,81.4,0.73,5.01,Assam_Dhubri
2011-10-31,0.02,26.15,19.73,1.05,82.86,0.73,4.74,Assam_Dhubri
2011-11-01,0.36,25.99,18.7,1.03,81.73,0.72,4.3,Assam_Dhubri
2011-11-02,0.14,26.46,18.24,1.03,78.67,0.72,4.62,Assam_Dhubri
2011-11-03,0.0,26.03,17.37,1.61,84.14,0.71,4.09,Assam_Dhubri
2011-11-04,0.0,25.66,17.32,1.98,81.87,0.71,4.27,Assam_Dhubri
2011-11-05,0.0,26.22,16.85,1.69,80.19,0.7,4.26,Assam_Dhubri
2011-11-06,0.0,26.03,16.87,1.59,82.65,0.7,4.01,Assam_Dhubri
2011-11-07,0.0,26.2,17.42,2.03,83.4,0.7,4.26,Assam_Dhubri
2011-11-08,0.0,25.97,15.28,1.59,85.18,0.69,4.16,Assam_Dhubri
2011-11-09,0.0,26.59,15.06,1.44,80.8,0.69,4.24,Assam_Dhubri
2011-11-10,0.0,26.27,14.95,1.23,79.71,0.68,4.11,Assam_Dhubri
2011-11-11,0.42,26.53,16.28,0.94,80.77,0.68,3.95,Assam_Dhubri
2011-11-12,0.23,26.29,18.02,1.0,80.92,0.67,2.67,Assam_Dhubri
2011-11-13,0.0,26.76,18.07,0.98,80.94,0.67,3.25,Assam_Dhubri
2011-11-14,0.0,25.29,18.3,1.18,86.53,0.67,2.79,Assam_Dhubri
2011-11-15,0.29,25.64,16.95,1.2,82.72,0.67,3.11,Assam_Dhubri
2011-11-16,1.24,25.81,17.93,0.94,79.32,0.66,2.85,Assam_Dhubri
2011-11-17,0.08,24.21,17.01,1.28,84.51,0.66,2.5,Assam_Dhubri
2011-11-18,0.0,24.72,16.29,1.76,86.01,0.66,2.77,Assam_Dhubri
2011-11-19,0.0,25.29,15.68,1.87,86.71,0.65,2.98,Assam_Dhubri
2011-11-20,0.0,25.36,15.05,2.27,85.08,0.65,3.27,Assam_Dhubri
2011-11-21,0.0,25.91,15.44,2.19,83.12,0.65,3.39,Assam_Dhubri
2011-11-22,0.0,26.26,15.2,1.81,84.07,0.64,3.36,Assam_Dhubri
2011-11-23,0.0,25.61,14.78,2.5,83.91,0.64,3.19,Assam_Dhubri
2011-11-24,0.0,26.14,14.87,1.92,80.66,0.63,3.32,Assam_Dhubri
2011-11-25,0.0,25.66,14.6,1.6,81.02,0.63,3.11,Assam_Dhubri
2011-11-26,0.0,25.21,14.36,1.42,81.52,0.63,2.95,Assam_Dhubri
2011-11-27,0.0,24.72,14.71,1.08,79.87,0.62,2.87,Assam_Dhubri
2011-11-28,0.0,24.88,14.55,0.75,79.18,0.62,2.9,Assam_Dhubri
2011-11-29,0.0,24.83,15.25,0.69,78.44,0.62,2.7,Assam_Dhubri
2011-11-30,0.0,24.27,15.0,0.99,85.13,0.62,1.96,Assam_Dhubri
2011-12-01,0.0,26.5,16.42,1.64,86.34,0.61,2.75,Assam_Dhubri
2011-12-02,0.0,26.37,16.1,1.36,84.86,0.61,2.78,Assam_Dhubri
2011-12-03,0.14,25.75,16.34,1.13,82.64,0.61,2.62,Assam_Dhubri
2011-12-04,0.34,25.31,17.0,1.47,81.92,0.61,1.92,Assam_Dhubri
2011-12-05,0.0,24.75,16.13,0.64,80.8,0.6,2.22,Assam_Dhubri
2011-12-06,0.0,24.71,16.08,1.13,84.81,0.6,2.12,Assam_Dhubri
2011-12-07,0.0,24.95,16.13,1.58,88.05,0.6,2.19,Assam_Dhubri
2011-12-08,0.0,24.31,15.76,1.05,87.63,0.6,1.89,Assam_Dhubri
2011-12-09,0.0,24.25,16.34,0.94,84.92,0.59,2.0,Assam_Dhubri
2011-12-10,0.0,24.59,14.56,1.1,78.96,0.59,2.44,Assam_Dhubri
2011-12-11,0.0,23.1,14.2,0.92,80.49,0.59,1.79,Assam_Dhubri
2011-12-12,0.0,23.17,13.28,0.99,77.88,0.59,1.89,Assam_Dhubri
2011-12-13,0.0,21.21,11.89,0.64,77.47,0.59,1.68,Assam_Dhubri
2011-12-14,0.0,20.3,11.4,0.9,81.42,0.58,1.34,Assam_Dhubri
2011-12-15,0.0,20.14,12.41,1.08,83.91,0.58,1.17,Assam_Dhubri
2011-12-16,0.0,21.08,12.27,1.23,82.99,0.58,1.58,Assam_Dhubri
2011-12-17,0.0,19.17,10.79,1.41,86.54,0.58,1.08,Assam_Dhubri
2011-12-18,0.0,20.66,10.61,1.08,81.32,0.58,1.51,Assam_Dhubri
2011-12-19,0.0,20.59,10.23,1.01,82.93,0.58,1.54,Assam_Dhubri
2011-12-20,0.0,20.95,10.34,0.95,81.49,0.57,1.64,Assam_Dhubri
2011-12-21,0.0,20.5,9.01,0.9,82.55,0.57,1.45,Assam_Dhubri
2011-12-22,0.0,20.55,9.22,0.89,79.67,0.57,1.59,Assam_Dhubri
2011-12-23,0.0,19.7,9.05,1.05,78.94,0.57,1.44,Assam_Dhubri
2011-12-24,0.0,19.16,9.29,1.46,84.21,0.57,1.06,Assam_Dhubri
2011-12-25,0.0,21.92,8.65,1.84,83.18,0.56,1.56,Assam_Dhubri
2011-12-26,0.0,22.9,10.43,1.63,77.03,0.56,1.75,Assam_Dhubri
2011-12-27,0.0,23.61,11.18,1.85,78.71,0.56,1.96,Assam_Dhubri
2011-12-28,0.0,24.11,12.28,1.8,82.6,0.56,1.85,Assam_Dhubri
2011-12-29,0.0,23.85,12.17,1.7,83.07,0.55,1.76,Assam_Dhubri
2011-12-30,0.0,23.14,11.27,1.33,81.47,0.55,1.69,Assam_Dhubri
2011-12-31,0.0,22.53,10.87,1.41,81.7,0.55,1.58,Assam_Dhubri
2012-01-01,0.0,22.04,11.86,1.45,80.64,0.55,0.96,Assam_Dhubri
2012-01-02,5.49,17.68,13.59,1.5,89.72,0.56,0.26,Assam_Dhubri
2012-01-03,0.07,21.7,11.25,0.74,80.34,0.55,1.37,Assam_Dhubri
2012-01-04,0.0,22.45,13.13,0.93,76.0,0.55,1.49,Assam_Dhubri
2012-01-05,0.0,22.21,12.0,0.76,74.63,0.55,1.49,Assam_Dhubri
2012-01-06,0.0,21.39,11.0,1.46,84.76,0.55,1.22,Assam_Dhubri
2012-01-07,0.0,21.46,11.26,1.54,83.83,0.54,1.27,Assam_Dhubri
2012-01-08,0.03,21.64,11.13,1.85,85.49,0.54,1.16,Assam_Dhubri
2012-01-09,0.05,23.02,11.66,2.52,82.27,0.54,1.44,Assam_Dhubri
2012-01-10,0.28,22.14,12.2,1.71,78.83,0.54,1.45,Assam_Dhubri
2012-01-11,0.43,21.08,11.98,0.78,79.27,0.54,1.01,Assam_Dhubri
2012-01-12,0.0,21.05,10.95,0.5,75.29,0.54,1.23,Assam_Dhubri
2012-01-13,0.0,20.12,7.74,1.33,69.32,0.53,1.04,Assam_Dhubri
2012-01-14,0.0,19.84,8.4,0.93,68.89,0.53,1.27,Assam_Dhubri
2012-01-15,0.05,20.03,8.33,0.96,69.4,0.53,1.1,Assam_Dhubri
2012-01-16,0.0,20.62,8.14,1.2,78.27,0.53,1.13,Assam_Dhubri
2012-01-17,0.01,21.99,9.2,1.3,70.58,0.53,1.17,Assam_Dhubri
2012-01-18,0.19,23.56,12.34,1.42,61.74,0.53,1.29,Assam_Dhubri
2012-01-19,1.42,22.59,10.62,1.13,69.95,0.52,1.12,Assam_Dhubri
2012-01-20,2.99,19.91,10.85,1.57,79.25,0.53,0.77,Assam_Dhubri
2012-01-21,0.0,22.0,11.53,1.68,77.42,0.53,1.09,Assam_Dhubri
2012-01-22,0.0,19.66,8.3,0.99,74.52,0.52,1.06,Assam_Dhubri
2012-01-23,0.0,19.78,8.6,0.66,72.84,0.52,0.95,Assam_Dhubri
2012-01-24,0.0,19.96,7.5,0.84,62.75,0.52,0.86,Assam_Dhubri
2012-01-25,0.0,20.89,9.0,0.79,59.39,0.52,0.96,Assam_Dhubri
2012-01-26,0.0,21.8,9.69,1.02,59.4,0.52,1.22,Assam_Dhubri
2012-01-27,0.0,21.62,10.92,0.88,61.41,0.51,1.23,Assam_Dhubri
2012-01-28,0.0,22.53,10.06,1.03,65.05,0.51,1.39,Assam_Dhubri
2012-01-29,0.0,21.03,9.47,1.44,74.66,0.51,1.1,Assam_Dhubri
2012-01-30,0.0,21.26,8.67,1.39,77.2,0.51,1.02,Assam_Dhubri
2012-01-31,0.0,21.46,8.08,1.06,74.15,0.51,1.05,Assam_Dhubri
2012-02-01,0.0,22.61,9.12,0.97,62.12,0.51,1.39,Assam_Dhubri
2012-02-02,0.0,20.94,7.61,1.15,63.84,0.5,1.14,Assam_Dhubri
2012-02-03,0.0,22.02,8.25,0.87,69.61,0.5,1.14,Assam_Dhubri
2012-02-04,0.0,22.16,8.89,1.55,72.65,0.5,1.15,Assam_Dhubri
2012-02-05,0.0,24.65,10.51,1.14,65.05,0.5,1.32,Assam_Dhubri
2012-02-06,0.0,25.03,11.64,1.55,58.26,0.49,1.31,Assam_Dhubri
2012-02-07,0.0,25.07,11.81,1.24,64.46,0.49,1.36,Assam_Dhubri
2012-02-08,0.02,24.23,12.52,1.64,70.2,0.49,1.09,Assam_Dhubri
2012-02-09,3.63,23.08,14.07,1.42,78.0,0.49,0.84,Assam_Dhubri
2012-02-10,0.0,24.27,9.53,1.56,58.21,0.49,1.56,Assam_Dhubri
2012-02-11,0.0,23.43,9.37,1.21,49.29,0.49,1.45,Assam_Dhubri
2012-02-12,0.0,21.83,8.83,0.91,54.79,0.49,1.24,Assam_Dhubri
2012-02-13,0.0,23.54,9.91,1.19,62.9,0.48,1.19,Assam_Dhubri
2012-02-14,0.0,25.35,11.97,1.05,56.97,0.48,1.36,Assam_Dhubri
2012-02-15,0.0,26.19,14.13,1.15,62.07,0.48,1.37,Assam_Dhubri
2012-02-16,0.0,25.27,13.59,1.56,68.25,0.48,1.13,Assam_Dhubri
2012-02-17,0.0,25.65,15.27,1.04,67.33,0.48,1.16,Assam_Dhubri
2012-02-18,0.0,27.64,13.33,1.14,57.71,0.47,1.66,Assam_Dhubri
2012-02-19,0.0,26.66,12.79,0.98,48.29,0.47,1.56,Assam_Dhubri
2012-02-20,0.0,25.78,11.99,1.2,54.91,0.47,1.36,Assam_Dhubri
2012-02-21,0.0,25.35,12.49,1.24,59.33,0.47,1.16,Assam_Dhubri
2012-02-22,0.0,27.26,13.55,1.31,61.28,0.46,1.3,Assam_Dhubri
2012-02-23,0.0,29.35,14.7,1.43,57.21,0.46,1.45,Assam_Dhubri
2012-02-24,0.0,29.56,14.75,1.27,51.47,0.46,1.65,Assam_Dhubri
2012-02-25,0.0,30.45,15.29,1.09,47.54,0.46,1.68,Assam_Dhubri
2012-02-26,0.0,30.88,14.04,2.22,46.75,0.45,1.87,Assam_Dhubri
2012-02-27,0.0,28.37,12.22,1.44,43.22,0.45,1.66,Assam_Dhubri
2012-02-28,0.0,28.13,14.34,1.6,41.29,0.45,1.37,Assam_Dhubri
2012-02-29,9.15,29.24,16.14,1.81,50.72,0.46,1.42,Assam_Dhubri
2012-03-01,0.02,28.79,13.76,1.49,54.61,0.46,1.82,Assam_Dhubri
2012-03-02,0.0,28.16,14.21,1.3,39.94,0.45,1.76,Assam_Dhubri
2012-03-03,0.0,28.11,13.24,1.1,45.37,0.45,1.65,Assam_Dhubri
2012-03-04,0.17,27.22,13.51,1.5,55.62,0.45,1.42,Assam_Dhubri
2012-03-05,0.0,27.31,14.63,1.93,61.31,0.45,1.31,Assam_Dhubri
2012-03-06,0.0,30.43,15.25,1.49,57.5,0.44,1.55,Assam_Dhubri
2012-03-07,0.05,31.85,17.66,2.58,48.24,0.44,1.84,Assam_Dhubri
2012-03-08,0.47,31.57,17.88,2.18,40.06,0.44,1.91,Assam_Dhubri
2012-03-09,0.0,30.79,15.89,1.19,33.49,0.43,1.6,Assam_Dhubri
2012-03-10,0.0,29.73,15.44,1.29,45.07,0.43,1.47,Assam_Dhubri
2012-03-11,0.0,31.54,16.5,0.85,33.01,0.43,1.68,Assam_Dhubri
2012-03-12,0.0,31.15,14.0,1.06,30.75,0.43,1.63,Assam_Dhubri
2012-03-13,0.38,29.86,18.22,1.52,42.95,0.42,1.3,Assam_Dhubri
2012-03-14,0.51,29.31,17.16,1.69,58.91,0.42,1.28,Assam_Dhubri
2012-03-15,0.0,29.96,16.29,1.84,46.0,0.42,1.44,Assam_Dhubri
2012-03-16,0.1,29.69,15.01,1.27,38.86,0.42,1.4,Assam_Dhubri
2012-03-17,0.0,30.64,15.23,1.3,47.37,0.42,1.39,Assam_Dhubri
2012-03-18,0.04,29.81,16.68,2.49,54.01,0.42,1.11,Assam_Dhubri
2012-03-19,0.0,32.68,17.76,1.33,51.74,0.41,1.26,Assam_Dhubri
2012-03-20,0.0,33.05,19.21,1.11,51.05,0.41,1.2,Assam_Dhubri
2012-03-21,0.0,35.04,21.83,1.64,43.49,0.41,1.32,Assam_Dhubri
2012-03-22,0.85,35.69,18.78,2.66,33.19,0.41,1.38,Assam_Dhubri
2012-03-23,0.0,32.83,16.08,1.35,31.41,0.41,1.15,Assam_Dhubri
2012-03-24,0.0,31.75,15.96,1.85,41.81,0.41,0.94,Assam_Dhubri
2012-03-25,0.0,32.92,16.61,1.61,43.88,0.4,0.94,Assam_Dhubri
2012-03-26,0.0,34.03,18.16,1.19,45.15,0.4,0.93,Assam_Dhubri
2012-03-27,0.19,35.42,20.06,1.29,42.61,0.4,1.03,Assam_Dhubri
2012-03-28,0.04,35.51,20.37,1.54,43.44,0.4,1.05,Assam_Dhubri
2012-03-29,0.49,36.91,20.89,2.1,38.86,0.4,1.11,Assam_Dhubri
2012-03-30,0.0,36.47,19.56,1.87,28.29,0.4,1.1,Assam_Dhubri
2012-03-31,0.01,34.48,19.88,2.26,39.09,0.39,0.79,Assam_Dhubri
2012-04-01,0.0,35.84,20.22,1.27,41.28,0.39,0.79,Assam_Dhubri
2012-04-02,0.01,36.13,20.88,1.33,42.98,0.39,0.78,Assam_Dhubri
2012-04-03,0.01,37.47,22.1,1.23,42.17,0.39,0.84,Assam_Dhubri
2012-04-04,4.67,35.26,23.59,1.35,53.12,0.4,0.67,Assam_Dhubri
2012-04-05,1.94,35.15,22.6,1.71,54.53,0.4,0.79,Assam_Dhubri
2012-04-06,11.2,28.36,22.81,1.66,72.76,0.41,0.27,Assam_Dhubri
2012-04-07,4.72,29.94,21.48,3.01,72.4,0.42,0.64,Assam_Dhubri
2012-04-08,20.48,30.48,21.17,2.12,72.03,0.43,0.97,Assam_Dhubri
2012-04-09,15.28,28.53,19.97,2.46,78.52,0.46,1.12,Assam_Dhubri
2012-04-10,7.92,28.67,17.23,3.14,73.15,0.47,1.78,Assam_Dhubri
2012-04-11,15.94,27.87,20.32,1.48,76.19,0.48,1.69,Assam_Dhubri
2012-04-12,22.22,29.89,20.78,1.87,78.14,0.5,1.67,Assam_Dhubri
2012-04-13,19.14,31.8,21.84,2.26,74.17,0.53,3.23,Assam_Dhubri
2012-04-14,5.78,32.81,21.94,1.74,70.21,0.53,3.96,Assam_Dhubri
2012-04-15,15.7,33.2,21.05,1.74,62.53,0.53,3.53,Assam_Dhubri
2012-04-16,0.89,33.73,20.11,2.67,57.02,0.53,5.4,Assam_Dhubri
2012-04-17,3.86,33.89,19.99,2.05,58.13,0.52,4.33,Assam_Dhubri
2012-04-18,1.67,34.69,19.83,1.98,61.67,0.51,4.02,Assam_Dhubri
2012-04-19,3.91,34.98,21.68,1.97,64.5,0.51,3.97,Assam_Dhubri
2012-04-20,13.89,32.96,23.26,1.5,67.84,0.51,2.49,Assam_Dhubri
2012-04-21,0.43,32.7,23.27,1.51,72.16,0.52,3.87,Assam_Dhubri
2012-04-22,3.6,36.05,23.58,3.58,57.8,0.51,4.9,Assam_Dhubri
2012-04-23,0.15,36.6,19.92,3.9,44.36,0.5,5.58,Assam_Dhubri
2012-04-24,0.48,37.18,20.8,2.74,53.01,0.49,4.29,Assam_Dhubri
2012-04-25,1.09,36.75,22.41,2.41,59.21,0.48,3.53,Assam_Dhubri
2012-04-26,2.61,35.11,23.74,2.38,68.25,0.48,3.05,Assam_Dhubri
2012-04-27,2.78,36.7,24.76,2.68,59.15,0.48,3.2,Assam_Dhubri
2012-04-28,1.79,37.75,22.46,2.72,52.05,0.47,3.45,Assam_Dhubri
2012-04-29,2.8,37.55,23.0,2.24,46.52,0.47,3.23,Assam_Dhubri
2012-04-30,41.13,35.07,22.28,1.81,66.38,0.52,3.96,Assam_Dhubri
2012-05-01,10.16,33.56,23.46,2.44,74.14,0.53,4.35,Assam_Dhubri
2012-05-02,9.83,32.93,24.26,2.08,74.48,0.53,4.51,Assam_Dhubri
2012-05-03,4.47,33.18,23.5,1.47,70.02,0.53,4.74,Assam_Dhubri
2012-05-04,0.66,30.21,22.22,2.12,72.37,0.52,3.56,Assam_Dhubri
2012-05-05,0.0,29.85,21.25,1.68,70.1,0.51,2.89,Assam_Dhubri
2012-05-06,0.0,33.9,21.05,1.12,59.45,0.51,5.2,Assam_Dhubri
2012-05-07,0.0,35.5,20.96,1.53,56.46,0.5,4.84,Assam_Dhubri
2012-05-08,3.31,35.52,21.95,1.16,55.8,0.49,4.33,Assam_Dhubri
2012-05-09,2.0,35.4,24.32,1.21,60.47,0.49,3.86,Assam_Dhubri
2012-05-10,2.52,32.58,25.56,1.14,69.42,0.49,1.62,Assam_Dhubri
2012-05-11,1.53,34.55,25.56,1.49,66.31,0.49,3.54,Assam_Dhubri
2012-05-12,24.05,33.0,24.83,1.91,74.31,0.51,2.97,Assam_Dhubri
2012-05-13,7.9,34.46,24.89,3.04,73.61,0.52,4.38,Assam_Dhubri
2012-05-14,0.73,38.13,24.19,2.4,62.49,0.51,5.78,Assam_Dhubri
2012-05-15,1.68,38.18,24.97,2.03,63.57,0.5,4.99,Assam_Dhubri
2012-05-16,3.31,36.52,25.58,1.97,65.86,0.5,4.33,Assam_Dhubri
2012-05-17,3.04,36.15,25.2,2.05,67.34,0.49,3.86,Assam_Dhubri
2012-05-18,0.0,34.62,24.93,1.86,67.49,0.49,3.57,Assam_Dhubri
2012-05-19,2.72,34.71,25.84,1.49,67.91,0.48,2.97,Assam_Dhubri
2012-05-20,20.6,34.99,25.72,1.06,70.49,0.51,4.46,Assam_Dhubri
2012-05-21,0.06,35.91,25.27,1.72,66.75,0.51,5.67,Assam_Dhubri
2012-05-22,1.02,37.51,25.8,2.19,65.87,0.5,4.57,Assam_Dhubri
2012-05-23,5.06,37.0,25.93,1.89,66.35,0.49,3.69,Assam_Dhubri
2012-05-24,8.77,36.8,26.37,2.33,69.89,0.5,3.77,Assam_Dhubri
2012-05-25,7.29,36.01,26.42,1.66,71.69,0.5,4.18,Assam_Dhubri
2012-05-26,10.05,35.02,26.23,1.47,71.65,0.51,3.82,Assam_Dhubri
2012-05-27,10.69,34.06,26.41,1.72,75.94,0.52,3.64,Assam_Dhubri
2012-05-28,4.6,32.24,27.34,0.74,77.88,0.52,1.89,Assam_Dhubri
2012-05-29,9.32,33.11,26.41,1.35,76.26,0.53,2.97,Assam_Dhubri
2012-05-30,14.48,34.53,26.83,1.33,75.27,0.54,4.02,Assam_Dhubri
2012-05-31,7.61,32.84,26.66,1.86,81.01,0.54,3.65,Assam_Dhubri
2012-06-01,15.41,32.56,26.27,2.14,79.15,0.54,3.62,Assam_Dhubri
2012-06-02,7.38,34.36,26.57,2.21,77.83,0.56,5.8,Assam_Dhubri
2012-06-03,24.33,35.17,27.18,3.69,79.76,0.56,4.27,Assam_Dhubri
2012-06-04,15.44,35.1,27.05,2.64,81.8,0.58,5.2,Assam_Dhubri
2012-06-05,7.71,34.64,26.99,2.39,78.17,0.58,6.09,Assam_Dhubri
2012-06-06,4.23,34.11,25.87,1.45,76.01,0.58,6.29,Assam_Dhubri
2012-06-07,2.5,33.92,26.01,1.83,77.79,0.56,5.6,Assam_Dhubri
2012-06-08,0.9,34.84,26.95,1.25,72.73,0.55,6.36,Assam_Dhubri
2012-06-09,13.17,35.11,26.21,1.54,75.62,0.56,5.78,Assam_Dhubri
2012-06-10,6.65,35.68,27.19,2.56,75.66,0.56,6.41,Assam_Dhubri
2012-06-11,10.34,34.37,26.68,2.79,78.08,0.56,5.69,Assam_Dhubri
2012-06-12,3.89,33.81,26.51,2.29,78.6,0.56,5.07,Assam_Dhubri
2012-06-13,3.02,34.87,26.6,3.04,76.56,0.55,5.74,Assam_Dhubri
2012-06-14,16.54,35.28,26.98,3.44,77.34,0.55,4.89,Assam_Dhubri
2012-06-15,12.09,34.0,26.74,3.37,82.69,0.57,4.91,Assam_Dhubri
2012-06-16,22.33,31.91,26.72,2.8,86.75,0.58,2.76,Assam_Dhubri
2012-06-17,33.64,30.58,25.64,1.69,83.14,0.61,3.53,Assam_Dhubri
2012-06-18,17.96,33.04,25.92,0.91,78.01,0.65,5.7,Assam_Dhubri
2012-06-19,0.92,34.42,26.12,1.44,77.39,0.63,8.22,Assam_Dhubri
2012-06-20,11.05,34.4,26.14,1.57,80.26,0.62,7.46,Assam_Dhubri
2012-06-21,8.49,29.75,27.38,1.93,91.16,0.62,1.0,Assam_Dhubri
2012-06-22,19.96,32.0,26.55,2.06,85.91,0.64,3.84,Assam_Dhubri
2012-06-23,23.07,31.6,26.44,1.88,85.72,0.66,3.95,Assam_Dhubri
2012-06-24,30.97,29.88,26.76,2.85,92.05,0.68,1.17,Assam_Dhubri
2012-06-25,49.92,32.13,26.28,3.96,86.12,0.73,3.06,Assam_Dhubri
2012-06-26,31.39,31.61,26.45,3.36,86.46,0.77,2.69,Assam_Dhubri
2012-06-27,10.38,32.26,26.59,2.52,86.55,0.77,4.02,Assam_Dhubri
2012-06-28,1.37,31.55,26.48,1.99,87.78,0.75,3.53,Assam_Dhubri
2012-06-29,0.01,33.82,26.05,1.85,82.12,0.73,6.6,Assam_Dhubri
2012-06-30,0.09,34.52,26.26,1.2,75.78,0.72,7.32,Assam_Dhubri
2012-07-01,3.75,31.06,27.47,1.49,86.39,0.71,2.64,Assam_Dhubri
2012-07-02,24.36,32.16,27.16,1.21,84.85,0.72,3.52,Assam_Dhubri
2012-07-03,9.79,32.96,25.7,1.43,82.27,0.74,4.4,Assam_Dhubri
2012-07-04,28.11,31.43,26.2,2.21,87.14,0.75,3.09,Assam_Dhubri
2012-07-05,47.93,32.34,26.2,1.79,85.33,0.78,3.94,Assam_Dhubri
2012-07-06,26.55,32.66,26.4,1.4,84.62,0.83,3.92,Assam_Dhubri
2012-07-07,3.99,32.68,26.36,1.61,83.64,0.81,4.88,Assam_Dhubri
2012-07-08,1.81,32.15,26.6,1.53,83.33,0.8,3.26,Assam_Dhubri
2012-07-09,16.37,33.44,26.35,2.22,83.34,0.8,5.73,Assam_Dhubri
2012-07-10,9.08,32.83,26.19,2.22,84.09,0.8,5.79,Assam_Dhubri
2012-07-11,20.73,30.41,26.56,2.14,88.0,0.81,2.06,Assam_Dhubri
2012-07-12,16.22,31.28,27.0,2.01,89.82,0.83,1.93,Assam_Dhubri
2012-07-13,32.84,30.01,27.16,3.06,92.25,0.84,1.04,Assam_Dhubri
2012-07-14,24.92,32.42,26.43,3.2,87.02,0.86,4.03,Assam_Dhubri
2012-07-15,27.58,30.16,27.0,3.02,91.8,0.87,1.36,Assam_Dhubri
2012-07-16,14.83,29.36,26.38,2.57,92.84,0.87,0.94,Assam_Dhubri
2012-07-17,12.6,31.06,26.52,2.9,89.36,0.88,2.28,Assam_Dhubri
2012-07-18,7.49,32.51,26.5,2.54,86.36,0.87,3.45,Assam_Dhubri
2012-07-19,6.74,32.61,26.67,1.35,85.94,0.87,2.54,Assam_Dhubri
2012-07-20,10.61,33.19,26.37,1.55,82.63,0.86,4.34,Assam_Dhubri
2012-07-21,7.22,30.81,26.81,1.79,87.6,0.87,1.92,Assam_Dhubri
2012-07-22,15.21,32.36,26.49,2.28,86.69,0.86,4.15,Assam_Dhubri
2012-07-23,22.85,32.46,26.94,2.65,88.02,0.88,3.41,Assam_Dhubri
2012-07-24,14.08,30.8,26.92,1.89,89.72,0.88,2.07,Assam_Dhubri
2012-07-25,6.82,31.7,26.67,1.32,87.04,0.88,2.33,Assam_Dhubri
2012-07-26,1.18,32.0,26.61,1.07,85.95,0.88,1.88,Assam_Dhubri
2012-07-27,15.14,31.84,26.25,2.01,87.36,0.88,2.88,Assam_Dhubri
2012-07-28,8.99,31.74,26.56,1.93,87.97,0.88,2.76,Assam_Dhubri
2012-07-29,7.2,32.11,26.39,1.85,85.13,0.88,2.1,Assam_Dhubri
2012-07-30,1.29,32.91,26.23,1.75,84.6,0.88,4.71,Assam_Dhubri
2012-07-31,1.41,33.04,26.3,1.42,82.3,0.87,4.64,Assam_Dhubri
2012-08-01,6.16,31.8,26.84,1.91,86.52,0.86,3.08,Assam_Dhubri
2012-08-02,5.56,30.63,26.96,1.11,87.98,0.86,2.02,Assam_Dhubri
2012-08-03,0.6,31.95,26.56,0.85,84.11,0.86,2.9,Assam_Dhubri
2012-08-04,6.66,31.69,26.79,1.14,84.15,0.86,2.6,Assam_Dhubri
2012-08-05,21.74,30.81,26.7,1.4,87.21,0.87,1.6,Assam_Dhubri
2012-08-06,7.32,33.54,26.55,1.8,85.3,0.88,4.19,Assam_Dhubri
2012-08-07,7.65,30.79,27.08,1.72,87.65,0.87,1.52,Assam_Dhubri
2012-08-08,6.54,30.8,26.48,0.96,88.09,0.87,1.88,Assam_Dhubri
2012-08-09,1.59,32.71,26.22,0.75,82.25,0.87,3.46,Assam_Dhubri
2012-08-10,4.81,31.16,26.78,1.53,87.49,0.86,1.88,Assam_Dhubri
2012-08-11,3.21,31.05,26.21,1.41,86.77,0.86,2.4,Assam_Dhubri
2012-08-12,21.07,30.8,26.07,1.4,87.24,0.87,2.07,Assam_Dhubri
2012-08-13,3.75,33.3,25.83,0.95,80.74,0.88,4.59,Assam_Dhubri
2012-08-14,0.83,33.53,25.86,1.52,82.35,0.87,5.35,Assam_Dhubri
2012-08-15,0.79,33.08,27.3,0.89,77.75,0.86,4.06,Assam_Dhubri
2012-08-16,1.38,33.85,27.06,0.8,81.17,0.85,3.17,Assam_Dhubri
2012-08-17,2.23,32.35,27.81,1.33,85.18,0.85,2.42,Assam_Dhubri
2012-08-18,0.67,32.74,27.07,1.98,85.91,0.85,3.05,Assam_Dhubri
2012-08-19,1.86,30.96,26.83,2.33,88.45,0.84,2.43,Assam_Dhubri
2012-08-20,7.77,29.68,26.77,2.28,90.54,0.84,1.87,Assam_Dhubri
2012-08-21,42.32,29.17,26.46,1.75,91.89,0.86,0.85,Assam_Dhubri
2012-08-22,21.63,29.0,26.23,1.68,91.91,0.9,1.12,Assam_Dhubri
2012-08-23,20.74,31.11,25.83,1.69,88.34,0.9,3.07,Assam_Dhubri
2012-08-24,11.17,30.6,25.88,1.25,87.17,0.9,2.29,Assam_Dhubri
2012-08-25,1.31,30.74,26.33,0.88,85.93,0.9,2.89,Assam_Dhubri
2012-08-26,0.48,30.34,26.15,2.06,89.83,0.89,2.37,Assam_Dhubri
2012-08-27,0.22,31.05,26.13,1.86,86.92,0.89,3.37,Assam_Dhubri
2012-08-28,1.27,30.99,26.33,1.52,88.59,0.88,2.26,Assam_Dhubri
2012-08-29,0.88,30.37,26.54,1.72,91.1,0.88,1.41,Assam_Dhubri
2012-08-30,1.92,30.65,26.32,2.49,89.3,0.87,2.52,Assam_Dhubri
2012-08-31,0.66,30.23,26.45,2.58,90.03,0.87,2.09,Assam_Dhubri
2012-09-01,0.97,31.21,26.11,1.67,88.5,0.86,2.71,Assam_Dhubri
2012-09-02,16.22,33.15,26.63,0.96,83.28,0.87,1.86,Assam_Dhubri
2012-09-03,13.43,30.33,24.8,3.2,87.58,0.88,3.06,Assam_Dhubri
2012-09-04,10.09,30.17,24.4,2.72,87.71,0.88,3.39,Assam_Dhubri
2012-09-05,4.13,32.2,25.22,1.36,84.66,0.88,4.21,Assam_Dhubri
2012-09-06,5.22,32.05,25.63,1.35,82.77,0.87,4.56,Assam_Dhubri
2012-09-07,1.01,33.69,25.09,0.93,80.88,0.86,5.82,Assam_Dhubri
2012-09-08,1.5,35.17,27.2,1.01,80.29,0.86,2.8,Assam_Dhubri
2012-09-09,3.82,29.42,26.48,1.96,92.11,0.86,1.42,Assam_Dhubri
2012-09-10,4.86,30.01,25.73,1.4,89.57,0.86,1.89,Assam_Dhubri
2012-09-11,16.28,30.7,25.84,1.8,90.92,0.87,1.99,Assam_Dhubri
2012-09-12,13.53,28.87,26.4,2.05,92.8,0.88,1.01,Assam_Dhubri
2012-09-13,12.71,29.23,26.26,1.95,91.41,0.88,1.57,Assam_Dhubri
2012-09-14,55.72,28.48,25.85,2.05,91.86,0.91,1.22,Assam_Dhubri
2012-09-15,32.97,29.84,25.26,1.46,89.14,0.93,2.03,Assam_Dhubri
2012-09-16,25.59,30.75,24.87,1.22,87.31,0.95,2.85,Assam_Dhubri
2012-09-17,7.81,29.0,25.58,0.95,89.77,0.95,0.87,Assam_Dhubri
2012-09-18,8.39,29.49,25.67,1.96,92.14,0.94,1.44,Assam_Dhubri
2012-09-19,39.75,29.38,26.1,2.59,94.04,0.95,0.89,Assam_Dhubri
2012-09-20,20.85,29.33,26.18,2.33,93.63,0.97,0.92,Assam_Dhubri
2012-09-21,12.76,29.68,25.79,2.89,91.94,0.97,1.71,Assam_Dhubri
2012-09-22,18.55,29.83,26.02,2.81,92.14,0.97,1.66,Assam_Dhubri
2012-09-23,7.43,30.67,25.17,2.6,88.74,0.97,3.13,Assam_Dhubri
2012-09-24,1.56,30.29,24.02,2.28,88.09,0.96,3.86,Assam_Dhubri
2012-09-25,0.0,31.43,23.3,1.46,84.74,0.95,4.76,Assam_Dhubri
2012-09-26,0.78,32.34,23.93,1.1,84.12,0.94,5.12,Assam_Dhubri
2012-09-27,0.67,31.54,24.38,1.39,88.28,0.94,2.87,Assam_Dhubri
2012-09-28,0.1,31.49,24.31,1.54,87.21,0.93,4.32,Assam_Dhubri
2012-09-29,1.21,32.15,24.76,1.3,86.71,0.92,3.67,Assam_Dhubri
2012-09-30,6.51,31.0,25.0,2.27,88.99,0.92,3.86,Assam_Dhubri
2012-10-01,15.83,30.76,24.3,2.07,87.93,0.92,3.95,Assam_Dhubri
2012-10-02,8.22,30.68,24.6,2.39,89.87,0.93,3.27,Assam_Dhubri
2012-10-03,5.91,31.23,25.35,2.3,88.66,0.92,3.77,Assam_Dhubri
2012-10-04,3.79,29.81,24.49,2.11,89.47,0.92,3.12,Assam_Dhubri
2012-10-05,1.53,30.04,22.44,2.18,88.6,0.91,3.97,Assam_Dhubri
2012-10-06,0.57,30.22,22.04,1.47,81.13,0.9,5.49,Assam_Dhubri
2012-10-07,0.0,29.28,23.09,1.34,82.59,0.9,3.6,Assam_Dhubri
2012-10-08,0.08,31.53,23.15,1.45,85.1,0.89,5.64,Assam_Dhubri
2012-10-09,58.89,28.78,22.79,1.8,89.03,0.91,2.42,Assam_Dhubri
2012-10-10,8.95,31.31,22.04,0.79,80.23,0.94,5.84,Assam_Dhubri
2012-10-11,2.68,30.4,22.56,1.62,86.02,0.92,5.17,Assam_Dhubri
2012-10-12,0.02,29.38,21.99,2.68,87.5,0.91,4.86,Assam_Dhubri
2012-10-13,0.0,28.71,19.55,2.2,87.45,0.9,4.67,Assam_Dhubri
2012-10-14,0.07,28.72,19.35,1.5,86.31,0.9,4.99,Assam_Dhubri
2012-10-15,0.07,29.27,18.96,1.08,83.71,0.89,5.75,Assam_Dhubri
2012-10-16,0.0,30.08,19.77,0.64,76.75,0.88,6.67,Assam_Dhubri
2012-10-17,0.0,30.57,21.4,0.88,73.8,0.88,6.76,Assam_Dhubri
2012-10-18,0.0,30.14,20.17,1.17,79.16,0.87,6.42,Assam_Dhubri
2012-10-19,0.0,28.84,18.65,1.57,86.41,0.86,5.15,Assam_Dhubri
2012-10-20,0.0,28.75,18.27,1.26,84.0,0.85,5.55,Assam_Dhubri
2012-10-21,0.0,28.5,17.4,1.13,82.96,0.85,5.44,Assam_Dhubri
2012-10-22,0.0,28.3,18.7,1.04,85.79,0.84,4.47,Assam_Dhubri
2012-10-23,0.0,28.27,17.68,1.26,84.81,0.84,5.54,Assam_Dhubri
2012-10-24,0.0,27.11,15.94,1.79,86.97,0.83,4.73,Assam_Dhubri
2012-10-25,0.0,26.94,17.15,1.74,85.97,0.82,4.61,Assam_Dhubri
2012-10-26,0.0,28.07,16.73,1.02,78.46,0.82,5.61,Assam_Dhubri
2012-10-27,0.0,28.21,16.77,0.84,78.6,0.81,5.53,Assam_Dhubri
2012-10-28,0.0,29.26,18.52,0.95,82.28,0.8,5.49,Assam_Dhubri
2012-10-29,0.0,29.29,18.89,0.82,81.06,0.8,5.83,Assam_Dhubri
2012-10-30,0.0,29.95,20.01,0.78,77.82,0.79,5.92,Assam_Dhubri
2012-10-31,0.0,29.56,20.25,0.8,79.49,0.79,5.76,Assam_Dhubri
2012-11-01,0.0,29.14,18.59,1.24,78.3,0.78,5.88,Assam_Dhubri
2012-11-02,0.0,26.63,15.69,1.49,76.3,0.77,3.85,Assam_Dhubri
2012-11-03,0.0,26.97,16.15,1.09,72.39,0.77,4.82,Assam_Dhubri
2012-11-04,1.5,26.75,15.26,1.28,74.1,0.77,4.57,Assam_Dhubri
2012-11-05,2.17,27.29,17.12,1.2,80.13,0.76,3.79,Assam_Dhubri
2012-11-06,4.63,26.49,17.91,1.07,81.77,0.76,3.06,Assam_Dhubri
2012-11-07,0.03,25.08,16.09,1.93,85.12,0.76,3.39,Assam_Dhubri
2012-11-08,0.0,25.19,14.34,1.2,81.66,0.76,4.32,Assam_Dhubri
2012-11-09,0.0,24.97,15.48,1.12,80.73,0.75,3.36,Assam_Dhubri
2012-11-10,0.0,25.47,15.47,0.61,81.12,0.75,3.6,Assam_Dhubri
2012-11-11,0.0,25.9,16.52,0.91,84.37,0.74,4.08,Assam_Dhubri
2012-11-12,0.0,26.48,18.08,0.93,81.52,0.74,3.85,Assam_Dhubri
2012-11-13,0.0,27.66,18.93,1.0,80.99,0.73,4.64,Assam_Dhubri
2012-11-14,0.0,26.16,15.65,1.64,81.68,0.73,4.19,Assam_Dhubri
2012-11-15,0.0,25.98,13.83,1.18,76.49,0.73,4.56,Assam_Dhubri
2012-11-16,0.0,27.0,14.24,1.34,86.96,0.72,3.88,Assam_Dhubri
2012-11-17,0.0,27.2,17.25,1.41,78.81,0.72,4.16,Assam_Dhubri
2012-11-18,0.0,28.16,17.66,1.01,78.18,0.71,4.33,Assam_Dhubri
2012-11-19,0.0,26.87,15.08,1.08,79.48,0.71,4.21,Assam_Dhubri
2012-11-20,0.0,26.04,14.5,1.78,79.48,0.7,3.72,Assam_Dhubri
2012-11-21,0.0,25.54,13.39,1.86,76.8,0.7,3.62,Assam_Dhubri
2012-11-22,0.0,23.6,11.9,1.9,80.99,0.7,2.98,Assam_Dhubri
2012-11-23,0.0,23.59,11.2,1.6,79.59,0.69,2.74,Assam_Dhubri
2012-11-24,0.0,22.97,11.31,1.91,79.25,0.69,2.56,Assam_Dhubri
2012-11-25,0.0,21.79,10.6,2.13,78.56,0.68,2.16,Assam_Dhubri
2012-11-26,0.0,23.63,11.69,1.17,77.91,0.68,2.42,Assam_Dhubri
2012-11-27,0.0,22.32,10.4,1.65,80.52,0.68,2.31,Assam_Dhubri
2012-11-28,0.0,22.36,10.5,1.27,78.39,0.68,2.32,Assam_Dhubri
2012-11-29,0.0,24.13,10.67,1.15,78.78,0.67,2.85,Assam_Dhubri
2012-11-30,0.0,23.62,11.9,1.48,76.66,0.67,2.52,Assam_Dhubri
2012-12-01,0.0,24.2,11.78,1.24,74.93,0.67,2.67,Assam_Dhubri
2012-12-02,0.0,24.54,12.25,0.85,71.38,0.66,2.69,Assam_Dhubri
2012-12-03,0.0,23.76,10.66,1.31,76.11,0.66,2.73,Assam_Dhubri
2012-12-04,0.0,23.12,10.74,1.54,75.75,0.66,2.21,Assam_Dhubri
2012-12-05,0.0,24.95,11.34,1.08,70.27,0.66,2.32,Assam_Dhubri
2012-12-06,0.0,25.01,12.89,1.22,73.8,0.65,2.28,Assam_Dhubri
2012-12-07,0.0,22.61,11.52,1.48,79.03,0.65,1.57,Assam_Dhubri
2012-12-08,0.0,22.78,11.94,1.43,79.37,0.65,1.6,Assam_Dhubri
2012-12-09,0.0,22.99,12.21,1.74,78.7,0.65,1.56,Assam_Dhubri
2012-12-10,0.0,21.47,10.82,1.61,76.3,0.64,1.4,Assam_Dhubri
2012-12-11,0.0,22.81,12.25,1.27,70.26,0.64,1.67,Assam_Dhubri
2012-12-12,0.01,23.46,14.11,1.37,73.5,0.64,1.8,Assam_Dhubri
2012-12-13,0.0,22.51,11.36,1.72,71.67,0.64,2.01,Assam_Dhubri
2012-12-14,0.0,22.49,10.0,0.84,68.39,0.63,1.86,Assam_Dhubri
2012-12-15,0.0,23.47,11.31,0.73,68.5,0.63,2.05,Assam_Dhubri
2012-12-16,0.0,23.43,9.85,1.11,72.49,0.63,2.03,Assam_Dhubri
2012-12-17,0.0,21.72,9.7,1.19,79.66,0.63,1.74,Assam_Dhubri
2012-12-18,0.0,23.3,11.16,1.07,79.4,0.62,1.94,Assam_Dhubri
2012-12-19,0.0,21.16,10.67,1.87,79.53,0.62,1.48,Assam_Dhubri
2012-12-20,0.0,20.34,8.79,1.86,77.19,0.62,1.42,Assam_Dhubri
2012-12-21,0.0,19.54,7.45,1.54,69.99,0.62,1.52,Assam_Dhubri
2012-12-22,0.0,21.07,6.88,0.82,74.73,0.62,1.6,Assam_Dhubri
2012-12-23,0.0,21.97,9.04,0.74,83.96,0.61,1.45,Assam_Dhubri
2012-12-24,0.03,24.45,12.17,0.73,72.14,0.61,2.19,Assam_Dhubri
2012-12-25,0.0,22.16,8.28,1.5,68.86,0.61,1.92,Assam_Dhubri
2012-12-26,0.0,19.73,6.32,1.74,68.22,0.61,1.55,Assam_Dhubri
2012-12-27,0.0,20.7,5.38,0.92,73.81,0.6,1.49,Assam_Dhubri
2012-12-28,0.0,22.59,8.4,1.25,73.01,0.6,1.78,Assam_Dhubri
2012-12-29,0.0,21.71,8.78,1.53,71.93,0.6,1.64,Assam_Dhubri
2012-12-30,0.0,20.72,7.71,1.47,68.24,0.6,1.52,Assam_Dhubri
2012-12-31,1.43,20.06,7.16,1.36,67.67,0.6,1.47,Assam_Dhubri
2013-01-01,0.0,22.01,8.71,1.22,71.22,0.59,1.36,Assam_Dhubri
2013-01-02,0.0,22.77,8.61,1.57,65.97,0.59,1.63,Assam_Dhubri
2013-01-03,0.0,20.44,10.58,1.74,76.01,0.59,0.95,Assam_Dhubri
2013-01-04,0.0,21.58,9.6,1.95,73.95,0.59,1.33,Assam_Dhubri
2013-01-05,0.0,20.37,6.53,1.68,67.72,0.59,1.32,Assam_Dhubri
2013-01-06,0.0,19.96,6.08,1.58,64.68,0.58,1.15,Assam_Dhubri
2013-01-07,0.0,18.47,4.88,2.41,60.74,0.58,1.16,Assam_Dhubri
2013-01-08,0.0,17.36,2.34,2.13,62.69,0.58,1.05,Assam_Dhubri
2013-01-09,0.0,17.13,1.75,1.38,66.25,0.58,1.09,Assam_Dhubri
2013-01-10,0.0,17.17,3.9,1.53,63.58,0.57,0.81,Assam_Dhubri
2013-01-11,0.0,18.34,5.25,1.34,68.94,0.57,0.86,Assam_Dhubri
2013-01-12,0.0,20.32,6.98,0.88,70.47,0.57,1.13,Assam_Dhubri
2013-01-13,0.0,22.65,8.1,1.02,71.03,0.57,1.44,Assam_Dhubri
2013-01-14,0.0,22.24,9.21,1.56,66.13,0.57,1.33,Assam_Dhubri
2013-01-15,0.0,22.5,9.41,1.04,69.62,0.56,1.29,Assam_Dhubri
2013-01-16,0.0,22.99,9.76,1.05,70.03,0.56,1.28,Assam_Dhubri
2013-01-17,0.0,23.64,11.15,0.71,67.41,0.56,1.16,Assam_Dhubri
2013-01-18,0.0,24.51,11.88,0.87,76.41,0.56,1.3,Assam_Dhubri
2013-01-19,0.45,25.43,13.6,1.4,76.11,0.56,1.48,Assam_Dhubri
2013-01-20,0.02,25.07,11.64,2.78,69.48,0.55,1.69,Assam_Dhubri
2013-01-21,0.0,22.89,7.72,1.87,66.09,0.55,1.47,Assam_Dhubri
2013-01-22,0.0,22.38,6.75,1.12,64.0,0.55,1.27,Assam_Dhubri
2013-01-23,0.0,23.44,6.42,1.61,57.68,0.55,1.42,Assam_Dhubri
2013-01-24,0.0,22.76,5.6,1.9,58.25,0.54,1.33,Assam_Dhubri
2013-01-25,0.0,21.47,4.75,1.82,58.24,0.54,1.35,Assam_Dhubri
2013-01-26,0.0,21.49,4.99,1.67,61.22,0.54,1.2,Assam_Dhubri
2013-01-27,0.0,22.37,6.02,1.34,61.64,0.54,1.28,Assam_Dhubri
2013-01-28,0.0,22.93,7.58,0.96,65.09,0.53,1.26,Assam_Dhubri
2013-01-29,0.0,24.4,8.62,1.07,66.11,0.53,1.46,Assam_Dhubri
2013-01-30,0.0,24.18,8.99,1.45,61.26,0.53,1.26,Assam_Dhubri
2013-01-31,0.0,23.19,9.67,0.84,57.38,0.53,0.91,Assam_Dhubri
2013-02-01,0.0,22.16,11.95,0.96,65.65,0.53,0.59,Assam_Dhubri
2013-02-02,0.0,26.02,12.12,1.2,60.89,0.53,1.7,Assam_Dhubri
2013-02-03,0.01,26.09,12.25,0.78,55.74,0.52,1.78,Assam_Dhubri
2013-02-04,0.0,26.95,12.2,0.82,57.72,0.52,1.75,Assam_Dhubri
2013-02-05,0.0,27.75,14.18,0.87,67.99,0.52,1.86,Assam_Dhubri
2013-02-06,0.0,29.18,14.52,1.59,63.04,0.51,1.99,Assam_Dhubri
2013-02-07,0.0,28.5,14.51,2.08,61.73,0.51,1.56,Assam_Dhubri
2013-02-08,0.02,28.32,13.21,2.69,55.52,0.51,2.1,Assam_Dhubri
2013-02-09,0.0,25.44,9.32,1.66,51.65,0.5,1.64,Assam_Dhubri
2013-02-10,0.0,26.25,8.97,1.36,52.07,0.5,1.63,Assam_Dhubri
2013-02-11,0.0,27.34,9.65,1.61,51.52,0.5,1.72,Assam_Dhubri
2013-02-12,0.0,27.88,10.21,1.4,48.56,0.49,1.69,Assam_Dhubri
2013-02-13,0.0,28.69,10.81,2.13,50.71,0.49,1.81,Assam_Dhubri
2013-02-14,0.0,28.26,10.98,2.26,49.6,0.49,1.83,Assam_Dhubri
2013-02-15,0.01,26.72,11.19,1.56,51.13,0.49,1.53,Assam_Dhubri
2013-02-16,0.55,28.73,13.68,1.18,51.27,0.48,1.47,Assam_Dhubri
2013-02-17,14.84,20.76,13.6,1.71,82.16,0.5,0.27,Assam_Dhubri
2013-02-18,0.24,24.55,12.06,2.51,70.1,0.51,1.66,Assam_Dhubri
2013-02-19,0.0,25.36,10.06,1.95,63.15,0.5,1.75,Assam_Dhubri
2013-02-20,0.0,27.03,11.36,1.91,61.67,0.5,1.86,Assam_Dhubri
2013-02-21,0.0,27.51,11.65,1.33,58.5,0.49,1.89,Assam_Dhubri
2013-02-22,0.0,28.96,13.61,0.79,56.28,0.49,2.14,Assam_Dhubri
2013-02-23,0.0,30.1,14.54,0.92,58.31,0.48,1.92,Assam_Dhubri
2013-02-24,0.02,30.85,15.72,1.49,49.72,0.48,2.11,Assam_Dhubri
2013-02-25,0.04,30.94,14.31,2.53,52.42,0.48,2.16,Assam_Dhubri
2013-02-26,0.0,29.89,13.97,1.59,56.88,0.47,2.02,Assam_Dhubri
2013-02-27,0.0,30.12,15.04,1.27,54.9,0.47,1.99,Assam_Dhubri
2013-02-28,0.0,29.91,13.72,1.97,48.5,0.47,1.93,Assam_Dhubri
2013-03-01,0.0,29.16,13.57,1.74,46.37,0.46,1.91,Assam_Dhubri
2013-03-02,0.0,29.68,13.81,0.82,46.82,0.46,1.79,Assam_Dhubri
2013-03-03,0.0,30.27,14.63,0.99,51.02,0.46,1.76,Assam_Dhubri
2013-03-04,0.0,30.4,14.77,0.99,48.55,0.46,1.63,Assam_Dhubri
2013-03-05,0.0,31.68,17.2,1.05,47.17,0.45,1.9,Assam_Dhubri
2013-03-06,0.0,31.09,17.12,1.16,52.05,0.45,1.72,Assam_Dhubri
2013-03-07,0.0,31.16,18.61,0.52,45.72,0.45,1.96,Assam_Dhubri
2013-03-08,0.01,31.87,17.8,1.47,47.75,0.45,1.82,Assam_Dhubri
2013-03-09,0.0,31.64,16.47,1.95,48.56,0.44,1.9,Assam_Dhubri
2013-03-10,0.06,32.24,17.63,1.38,45.58,0.44,1.94,Assam_Dhubri
2013-03-11,0.03,32.62,19.56,1.4,42.09,0.44,1.84,Assam_Dhubri
2013-03-12,0.31,31.93,16.78,1.16,53.45,0.44,1.82,Assam_Dhubri
2013-03-13,1.56,31.8,18.01,1.11,53.53,0.44,1.51,Assam_Dhubri
2013-03-14,0.28,31.6,19.47,0.92,56.9,0.44,1.19,Assam_Dhubri
2013-03-15,0.0,33.44,19.73,1.61,49.31,0.43,1.66,Assam_Dhubri
2013-03-16,0.05,34.79,19.35,2.36,38.9,0.43,2.07,Assam_Dhubri
2013-03-17,0.0,34.6,17.73,2.92,35.82,0.43,2.13,Assam_Dhubri
2013-03-18,0.06,31.88,16.6,2.92,41.72,0.42,1.81,Assam_Dhubri
2013-03-19,0.0,32.33,15.96,1.57,40.32,0.42,1.67,Assam_Dhubri
2013-03-20,0.0,31.36,17.38,2.14,50.68,0.42,1.44,Assam_Dhubri
2013-03-21,2.36,32.55,18.82,1.41,52.54,0.42,1.33,Assam_Dhubri
2013-03-22,3.16,31.57,19.64,1.27,49.72,0.42,1.44,Assam_Dhubri
2013-03-23,0.02,31.02,18.14,1.83,58.75,0.42,1.28,Assam_Dhubri
2013-03-24,0.02,33.33,17.98,1.1,49.88,0.42,1.71,Assam_Dhubri
2013-03-25,0.0,35.3,19.19,2.62,37.45,0.42,1.76,Assam_Dhubri
2013-03-26,0.01,34.76,18.82,2.24,35.57,0.41,1.68,Assam_Dhubri
2013-03-27,0.0,35.27,19.95,1.49,31.02,0.41,1.48,Assam_Dhubri
2013-03-28,0.0,32.53,19.32,1.11,32.74,0.41,0.99,Assam_Dhubri
2013-03-29,0.15,34.84,19.49,1.78,40.17,0.41,1.25,Assam_Dhubri
2013-03-30,1.34,36.59,19.95,2.47,39.36,0.4,1.41,Assam_Dhubri
2013-03-31,0.22,36.76,20.97,2.27,35.42,0.4,1.45,Assam_Dhubri
2013-04-01,0.12,35.82,21.15,1.51,30.94,0.4,1.27,Assam_Dhubri
2013-04-02,0.01,36.43,23.61,1.19,27.86,0.4,1.19,Assam_Dhubri
2013-04-03,0.01,37.46,20.88,2.14,35.69,0.4,1.1,Assam_Dhubri
2013-04-04,0.04,37.81,22.0,4.26,32.98,0.39,1.25,Assam_Dhubri
2013-04-05,0.0,37.63,21.04,3.25,25.97,0.39,1.05,Assam_Dhubri
2013-04-06,0.01,36.66,19.24,2.83,23.08,0.39,0.9,Assam_Dhubri
2013-04-07,0.0,36.91,21.69,1.85,22.97,0.39,0.82,Assam_Dhubri
2013-04-08,0.0,37.15,19.31,1.1,31.25,0.39,0.64,Assam_Dhubri
2013-04-09,0.0,38.04,21.82,1.44,40.18,0.39,0.68,Assam_Dhubri
2013-04-10,0.51,37.52,22.24,1.58,44.64,0.39,0.62,Assam_Dhubri
2013-04-11,0.6,37.66,22.77,2.12,47.49,0.39,0.66,Assam_Dhubri
2013-04-12,0.0,39.35,23.06,2.33,38.53,0.38,0.7,Assam_Dhubri
2013-04-13,0.01,40.05,25.33,2.29,39.63,0.38,0.66,Assam_Dhubri
2013-04-14,0.94,36.92,23.28,1.32,41.54,0.38,0.52,Assam_Dhubri
2013-04-15,9.14,35.08,23.42,1.72,52.47,0.39,0.61,Assam_Dhubri
2013-04-16,15.27,29.85,22.12,1.36,67.15,0.41,0.5,Assam_Dhubri
2013-04-17,0.46,31.6,20.81,1.56,60.7,0.42,1.28,Assam_Dhubri
2013-04-18,2.98,33.19,21.55,1.26,59.16,0.42,1.1,Assam_Dhubri
2013-04-19,21.46,30.05,21.93,1.08,67.81,0.43,0.83,Assam_Dhubri
2013-04-20,0.92,24.84,21.01,2.28,80.08,0.45,0.49,Assam_Dhubri
2013-04-21,3.07,27.29,20.46,1.38,79.46,0.45,0.49,Assam_Dhubri
2013-04-22,5.31,29.99,20.81,0.88,67.58,0.45,1.28,Assam_Dhubri
2013-04-23,0.06,31.91,20.25,1.48,62.71,0.44,1.97,Assam_Dhubri
2013-04-24,0.0,34.31,22.71,1.8,55.51,0.44,1.98,Assam_Dhubri
2013-04-25,0.2,35.37,22.19,1.52,50.22,0.43,1.8,Assam_Dhubri
2013-04-26,0.12,36.55,25.04,1.32,47.91,0.42,1.55,Assam_Dhubri
2013-04-27,23.32,35.49,24.34,1.85,58.25,0.44,1.29,Assam_Dhubri
2013-04-28,9.86,35.38,23.54,1.76,61.54,0.47,2.66,Assam_Dhubri
2013-04-29,1.86,36.42,22.54,1.31,55.19,0.46,2.87,Assam_Dhubri
2013-04-30,4.97,36.81,23.83,1.6,57.49,0.46,2.38,Assam_Dhubri
2013-05-01,6.22,37.21,23.53,1.91,58.98,0.46,2.38,Assam_Dhubri
2013-05-02,4.27,39.01,25.29,2.67,58.51,0.46,2.77,Assam_Dhubri
2013-05-03,1.76,37.33,23.95,1.74,57.43,0.46,2.21,Assam_Dhubri
2013-05-04,18.25,33.87,24.84,1.63,70.12,0.46,2.02,Assam_Dhubri
2013-05-05,24.04,30.4,24.39,1.9,81.89,0.5,1.77,Assam_Dhubri
2013-05-06,13.9,29.2,23.19,2.42,76.93,0.51,2.72,Assam_Dhubri
2013-05-07,6.91,31.86,21.43,1.0,72.02,0.52,4.21,Assam_Dhubri
2013-05-08,16.79,31.04,21.8,1.07,69.32,0.53,3.77,Assam_Dhubri
2013-05-09,6.0,33.71,21.46,1.13,69.02,0.53,4.45,Assam_Dhubri
2013-05-10,19.21,33.28,23.23,1.3,71.7,0.54,3.85,Assam_Dhubri
2013-05-11,15.65,34.77,24.9,1.54,70.76,0.55,4.51,Assam_Dhubri
2013-05-12,24.13,33.41,25.28,2.15,78.71,0.56,4.49,Assam_Dhubri
2013-05-13,24.34,32.75,24.75,2.01,78.28,0.59,5.01,Assam_Dhubri
2013-05-14,14.31,32.81,25.14,1.87,78.25,0.6,5.69,Assam_Dhubri
2013-05-15,4.63,33.27,24.13,1.39,74.74,0.59,6.87,Assam_Dhubri
2013-05-16,3.26,33.97,25.4,0.84,72.84,0.58,7.24,Assam_Dhubri
2013-05-17,5.57,33.12,24.09,1.67,66.25,0.57,6.35,Assam_Dhubri
2013-05-18,9.41,33.78,25.33,1.39,77.36,0.57,6.04,Assam_Dhubri
2013-05-19,14.71,33.43,25.86,0.95,73.23,0.58,5.48,Assam_Dhubri
2013-05-20,10.49,31.74,25.86,1.91,81.79,0.59,4.28,Assam_Dhubri
2013-05-21,1.72,34.0,26.47,1.28,79.14,0.59,6.35,Assam_Dhubri
2013-05-22,9.57,33.55,26.3,1.22,78.43,0.58,5.34,Assam_Dhubri
2013-05-23,17.59,32.15,26.52,1.95,81.64,0.6,4.51,Assam_Dhubri
2013-05-24,9.4,30.03,24.27,2.42,85.23,0.61,3.25,Assam_Dhubri
2013-05-25,0.0,34.9,25.57,0.99,76.33,0.6,7.82,Assam_Dhubri
2013-05-26,0.84,32.35,27.16,1.91,84.13,0.59,3.8,Assam_Dhubri
2013-05-27,5.63,32.16,26.76,1.91,84.95,0.59,2.18,Assam_Dhubri
2013-05-28,3.94,32.55,25.97,1.03,81.26,0.59,3.87,Assam_Dhubri
2013-05-29,22.92,33.51,26.25,0.75,79.72,0.6,4.52,Assam_Dhubri
2013-05-30,31.46,31.61,26.03,1.99,83.04,0.64,3.02,Assam_Dhubri
2013-05-31,48.71,30.99,24.8,2.82,83.14,0.68,3.25,Assam_Dhubri
2013-06-01,5.55,31.99,25.14,1.39,77.99,0.69,5.3,Assam_Dhubri
2013-06-02,2.79,32.64,25.72,1.15,77.45,0.68,6.49,Assam_Dhubri
2013-06-03,0.03,33.34,25.85,1.52,79.37,0.66,6.52,Assam_Dhubri
2013-06-04,4.3,33.45,26.23,1.72,79.12,0.65,6.66,Assam_Dhubri
2013-06-05,24.06,32.7,27.3,1.66,81.15,0.66,4.29,Assam_Dhubri
2013-06-06,16.63,29.63,26.9,1.6,90.35,0.69,1.42,Assam_Dhubri
2013-06-07,12.9,30.0,26.23,1.45,90.97,0.7,1.14,Assam_Dhubri
2013-06-08,4.39,31.34,26.0,1.9,87.6,0.7,3.12,Assam_Dhubri
2013-06-09,3.0,32.79,26.47,2.1,84.92,0.69,5.06,Assam_Dhubri
2013-06-10,0.06,32.91,27.05,1.81,84.25,0.68,4.94,Assam_Dhubri
2013-06-11,0.01,34.94,27.51,2.12,76.15,0.67,8.41,Assam_Dhubri
2013-06-12,1.13,36.08,26.92,1.7,77.15,0.65,8.85,Assam_Dhubri
2013-06-13,2.79,32.77,26.6,1.45,80.6,0.65,4.91,Assam_Dhubri
2013-06-14,7.92,32.8,26.89,1.72,84.35,0.65,4.27,Assam_Dhubri
2013-06-15,4.92,32.26,26.92,1.79,83.11,0.65,3.7,Assam_Dhubri
2013-06-16,0.89,32.16,26.89,2.02,84.06,0.65,4.04,Assam_Dhubri
2013-06-17,0.02,33.92,26.73,2.38,80.65,0.64,7.14,Assam_Dhubri
2013-06-18,4.99,33.26,27.18,2.04,82.18,0.63,4.25,Assam_Dhubri
2013-06-19,5.0,31.69,27.14,1.74,85.45,0.64,2.72,Assam_Dhubri
2013-06-20,5.71,32.93,26.28,1.92,82.71,0.64,5.72,Assam_Dhubri
2013-06-21,3.16,32.04,27.02,1.39,82.55,0.64,3.0,Assam_Dhubri
2013-06-22,19.21,33.37,26.5,0.75,77.5,0.65,2.74,Assam_Dhubri
2013-06-23,15.2,30.1,27.55,2.02,87.44,0.67,1.31,Assam_Dhubri
2013-06-24,16.83,32.67,27.14,1.6,84.3,0.68,3.08,Assam_Dhubri
2013-06-25,20.64,32.56,26.72,1.71,86.03,0.7,3.7,Assam_Dhubri
2013-06-26,19.43,32.16,26.79,1.96,86.87,0.71,3.22,Assam_Dhubri
2013-06-27,37.98,31.81,26.91,2.53,90.19,0.74,2.24,Assam_Dhubri
2013-06-28,26.43,31.32,27.47,2.12,90.68,0.77,1.8,Assam_Dhubri
2013-06-29,15.01,29.99,27.06,1.32,91.18,0.77,1.3,Assam_Dhubri
2013-06-30,16.92,30.64,26.39,2.11,88.33,0.78,1.66,Assam_Dhubri
2013-07-01,3.42,31.86,26.86,1.59,88.01,0.78,2.37,Assam_Dhubri
2013-07-02,5.38,30.88,27.31,1.73,89.28,0.77,2.19,Assam_Dhubri
2013-07-03,15.15,32.94,26.34,2.03,84.58,0.78,4.64,Assam_Dhubri
2013-07-04,12.94,32.16,26.9,2.37,87.8,0.78,3.52,Assam_Dhubri
2013-07-05,46.19,31.68,27.14,2.33,88.73,0.8,2.04,Assam_Dhubri
2013-07-06,43.29,30.43,26.79,2.48,90.09,0.86,1.52,Assam_Dhubri
2013-07-07,15.76,30.28,26.65,2.83,89.8,0.86,1.98,Assam_Dhubri
2013-07-08,18.13,29.91,26.52,3.17,91.39,0.86,1.33,Assam_Dhubri
2013-07-09,17.27,30.87,26.88,3.24,89.44,0.86,2.6,Assam_Dhubri
2013-07-10,10.75,31.43,26.7,2.31,86.49,0.87,3.37,Assam_Dhubri
2013-07-11,4.02,31.25,25.97,1.41,84.49,0.86,3.14,Assam_Dhubri
2013-07-12,1.79,31.22,26.17,1.76,85.69,0.85,3.14,Assam_Dhubri
2013-07-13,2.35,32.92,26.33,2.28,85.58,0.84,4.84,Assam_Dhubri
2013-07-14,3.74,31.97,26.62,1.64,85.81,0.84,3.05,Assam_Dhubri
2013-07-15,6.17,33.68,26.58,1.64,83.67,0.84,4.44,Assam_Dhubri
2013-07-16,1.48,33.13,27.26,1.38,83.91,0.83,3.77,Assam_Dhubri
2013-07-17,3.63,31.5,27.24,1.9,87.02,0.83,3.01,Assam_Dhubri
2013-07-18,2.65,30.84,26.57,1.87,87.05,0.83,2.29,Assam_Dhubri
2013-07-19,9.05,33.55,26.5,1.83,83.66,0.82,4.72,Assam_Dhubri
2013-07-20,11.62,31.94,26.88,1.54,86.3,0.83,2.52,Assam_Dhubri
2013-07-21,4.68,32.21,26.83,1.82,84.22,0.83,3.65,Assam_Dhubri
2013-07-22,2.44,32.55,27.21,1.14,82.28,0.83,2.47,Assam_Dhubri
2013-07-23,1.66,30.23,27.04,1.5,89.09,0.82,1.52,Assam_Dhubri
2013-07-24,2.01,33.19,26.71,1.25,82.9,0.82,4.03,Assam_Dhubri
2013-07-25,1.77,32.8,26.95,1.09,82.2,0.81,3.24,Assam_Dhubri
2013-07-26,6.03,32.91,27.14,2.05,86.95,0.81,3.56,Assam_Dhubri
2013-07-27,16.54,31.89,26.46,2.04,84.36,0.81,4.37,Assam_Dhubri
2013-07-28,22.53,32.66,26.4,1.92,84.77,0.84,3.92,Assam_Dhubri
2013-07-29,0.48,31.79,26.34,1.0,85.71,0.83,2.75,Assam_Dhubri
2013-07-30,4.46,32.75,26.35,1.09,83.14,0.82,3.19,Assam_Dhubri
2013-07-31,5.6,30.35,26.75,1.51,86.77,0.82,1.81,Assam_Dhubri
2013-08-01,1.59,29.5,26.08,1.28,87.88,0.82,1.42,Assam_Dhubri
2013-08-02,1.61,30.47,25.95,1.69,86.54,0.82,2.96,Assam_Dhubri
2013-08-03,0.72,29.43,26.33,1.46,89.76,0.81,1.63,Assam_Dhubri
2013-08-04,4.25,32.5,26.1,2.08,86.22,0.81,3.99,Assam_Dhubri
2013-08-05,9.0,30.0,26.85,1.74,90.96,0.81,1.23,Assam_Dhubri
2013-08-06,18.11,28.97,25.79,1.38,90.64,0.82,1.3,Assam_Dhubri
2013-08-07,30.69,30.42,26.0,2.0,88.47,0.85,2.34,Assam_Dhubri
2013-08-08,18.64,31.01,26.25,2.02,89.0,0.86,2.12,Assam_Dhubri
2013-08-09,10.01,29.66,26.27,1.33,89.2,0.86,1.56,Assam_Dhubri
2013-08-10,9.68,32.28,25.8,1.56,86.16,0.86,3.67,Assam_Dhubri
2013-08-11,9.73,30.5,26.48,1.08,85.49,0.86,2.08,Assam_Dhubri
2013-08-12,3.1,29.59,26.16,1.3,90.61,0.86,1.23,Assam_Dhubri
2013-08-13,0.8,29.52,26.06,1.97,91.19,0.86,1.67,Assam_Dhubri
2013-08-14,6.69,30.64,25.81,2.1,89.53,0.86,2.2,Assam_Dhubri
2013-08-15,16.82,30.93,25.89,1.46,86.29,0.87,2.01,Assam_Dhubri
2013-08-16,9.23,29.2,25.28,1.53,86.81,0.87,2.03,Assam_Dhubri
2013-08-17,12.38,32.92,24.9,0.98,79.59,0.87,4.71,Assam_Dhubri
2013-08-18,6.43,32.08,25.98,1.93,85.99,0.87,3.27,Assam_Dhubri
2013-08-19,1.46,32.23,25.9,1.12,84.1,0.86,3.45,Assam_Dhubri
2013-08-20,15.85,30.99,25.85,1.56,85.16,0.86,2.54,Assam_Dhubri
2013-08-21,6.74,30.11,25.88,1.39,87.55,0.87,1.52,Assam_Dhubri
2013-08-22,1.3,31.09,25.76,1.43,86.49,0.87,2.56,Assam_Dhubri
2013-08-23,0.49,32.28,26.13,1.4,85.06,0.86,3.18,Assam_Dhubri
2013-08-24,0.15,31.81,26.46,1.98,88.55,0.85,2.7,Assam_Dhubri
2013-08-25,1.71,32.61,26.89,2.39,87.65,0.85,3.66,Assam_Dhubri
2013-08-26,21.32,32.14,26.82,1.92,88.39,0.86,2.59,Assam_Dhubri
2013-08-27,13.59,30.0,26.49,1.14,90.75,0.87,1.27,Assam_Dhubri
2013-08-28,13.23,29.87,25.38,1.59,90.38,0.87,1.43,Assam_Dhubri
2013-08-29,3.78,31.73,25.74,1.86,86.98,0.88,3.7,Assam_Dhubri
2013-08-30,7.3,31.71,25.92,1.67,87.24,0.87,3.59,Assam_Dhubri
2013-08-31,8.81,28.95,26.65,1.85,90.78,0.87,1.23,Assam_Dhubri
2013-09-01,9.26,31.21,26.4,1.66,90.55,0.87,1.42,Assam_Dhubri
2013-09-02,18.96,30.29,26.92,1.94,92.53,0.88,1.29,Assam_Dhubri
2013-09-03,22.82,28.98,26.57,2.08,93.39,0.9,0.65,Assam_Dhubri
2013-09-04,8.21,29.72,26.09,2.45,90.85,0.9,1.89,Assam_Dhubri
2013-09-05,3.46,31.33,25.73,3.49,87.73,0.9,4.28,Assam_Dhubri
2013-09-06,2.65,32.38,25.69,2.81,85.49,0.89,4.92,Assam_Dhubri
2013-09-07,1.52,31.31,25.75,1.89,85.63,0.88,4.06,Assam_Dhubri
2013-09-08,0.84,30.61,25.03,1.88,88.86,0.87,3.36,Assam_Dhubri
2013-09-09,1.44,32.69,24.13,1.17,81.28,0.87,6.11,Assam_Dhubri
2013-09-10,2.12,31.76,25.29,0.47,76.45,0.86,6.85,Assam_Dhubri
2013-09-11,2.03,32.16,26.09,0.52,75.78,0.85,6.91,Assam_Dhubri
2013-09-12,0.97,31.48,25.97,1.06,79.69,0.85,5.55,Assam_Dhubri
2013-09-13,1.65,33.09,27.15,0.63,74.99,0.84,3.86,Assam_Dhubri
2013-09-14,1.51,32.94,26.99,1.13,80.61,0.84,3.1,Assam_Dhubri
2013-09-15,4.88,32.62,25.27,1.6,82.95,0.84,5.7,Assam_Dhubri
2013-09-16,0.58,30.78,26.18,1.17,84.95,0.83,3.35,Assam_Dhubri
2013-09-17,1.83,31.62,26.35,1.42,84.87,0.83,2.57,Assam_Dhubri
2013-09-18,5.94,30.37,26.39,1.51,90.89,0.83,1.19,Assam_Dhubri
2013-09-19,2.19,31.58,26.35,1.11,87.85,0.83,1.78,Assam_Dhubri
2013-09-20,1.87,30.66,26.3,1.14,86.53,0.83,2.77,Assam_Dhubri
2013-09-21,0.67,32.11,26.3,0.65,81.35,0.82,4.54,Assam_Dhubri
2013-09-22,0.08,32.09,25.98,1.22,82.29,0.82,5.75,Assam_Dhubri
2013-09-23,0.02,32.95,25.79,1.13,81.57,0.81,7.07,Assam_Dhubri
2013-09-24,5.52,32.88,26.11,1.14,82.55,0.8,6.07,Assam_Dhubri
2013-09-25,14.38,31.67,26.89,0.97,82.51,0.81,3.25,Assam_Dhubri
2013-09-26,7.15,30.59,26.02,1.06,81.59,0.82,2.39,Assam_Dhubri
2013-09-27,3.87,30.31,25.37,0.88,82.37,0.82,3.88,Assam_Dhubri
2013-09-28,19.37,28.7,24.86,1.23,88.7,0.81,1.8,Assam_Dhubri
2013-09-29,30.41,27.73,23.92,2.82,92.87,0.86,1.06,Assam_Dhubri
2013-09-30,3.39,26.87,23.05,2.66,90.47,0.86,1.86,Assam_Dhubri
2013-10-01,2.79,27.57,23.54,1.89,89.73,0.85,1.47,Assam_Dhubri
2013-10-02,0.42,31.93,23.92,1.6,80.27,0.85,4.97,Assam_Dhubri
2013-10-03,17.9,30.56,24.69,1.66,83.29,0.84,4.39,Assam_Dhubri
2013-10-04,25.11,26.83,23.88,1.36,89.36,0.87,1.4,Assam_Dhubri
2013-10-05,32.87,27.37,24.39,1.47,93.77,0.88,0.6,Assam_Dhubri
2013-10-06,25.87,26.56,23.22,1.79,93.24,0.92,0.63,Assam_Dhubri
2013-10-07,0.02,29.03,22.52,2.58,87.3,0.91,4.3,Assam_Dhubri
2013-10-08,0.0,29.83,22.27,3.06,84.96,0.9,4.75,Assam_Dhubri
2013-10-09,0.0,30.0,21.6,1.97,84.25,0.89,5.57,Assam_Dhubri
2013-10-10,0.0,30.65,21.84,1.38,81.79,0.88,5.94,Assam_Dhubri
2013-10-11,0.0,30.37,21.92,1.97,82.31,0.87,5.4,Assam_Dhubri
2013-10-12,1.34,31.04,22.87,1.37,81.69,0.86,5.03,Assam_Dhubri
2013-10-13,3.3,30.57,24.08,0.93,83.02,0.86,1.61,Assam_Dhubri
2013-10-14,74.82,30.1,23.56,0.68,81.69,0.88,2.23,Assam_Dhubri
2013-10-15,72.23,30.03,25.28,0.69,79.87,0.95,3.17,Assam_Dhubri
2013-10-16,7.38,30.57,23.98,0.9,85.39,0.95,3.76,Assam_Dhubri
2013-10-17,3.09,30.22,23.94,1.3,84.45,0.94,3.37,Assam_Dhubri
2013-10-18,2.32,31.25,23.82,1.01,81.98,0.93,5.56,Assam_Dhubri
2013-10-19,2.69,31.04,24.19,0.68,77.89,0.93,6.6,Assam_Dhubri
2013-10-20,2.14,29.46,23.98,0.88,78.4,0.92,5.07,Assam_Dhubri
2013-10-21,5.92,29.16,23.12,1.17,80.36,0.92,4.54,Assam_Dhubri
2013-10-22,3.48,29.7,21.36,0.93,78.14,0.91,5.41,Assam_Dhubri
2013-10-23,0.0,27.64,20.0,1.23,79.62,0.91,4.9,Assam_Dhubri
2013-10-24,0.04,28.53,19.74,1.09,77.15,0.9,5.22,Assam_Dhubri
2013-10-25,2.23,27.55,19.9,1.19,83.33,0.89,3.02,Assam_Dhubri
2013-10-26,3.92,26.65,20.25,1.51,83.91,0.9,3.41,Assam_Dhubri
2013-10-27,0.26,28.21,20.64,1.16,83.56,0.89,5.38,Assam_Dhubri
2013-10-28,1.59,26.92,18.84,1.85,87.31,0.88,4.13,Assam_Dhubri
2013-10-29,0.91,26.93,19.66,2.22,88.86,0.88,2.96,Assam_Dhubri
2013-10-30,0.0,27.36,19.04,1.04,82.12,0.87,3.92,Assam_Dhubri
2013-10-31,0.0,26.78,18.54,1.09,82.14,0.87,3.46,Assam_Dhubri
2013-11-01,0.0,27.34,18.65,1.14,86.01,0.86,3.75,Assam_Dhubri
2013-11-02,0.0,26.56,19.11,1.34,86.74,0.86,3.28,Assam_Dhubri
2013-11-03,0.0,27.06,19.44,1.18,83.6,0.85,4.01,Assam_Dhubri
2013-11-04,0.0,26.11,18.28,1.28,86.38,0.85,3.91,Assam_Dhubri
2013-11-05,0.0,26.35,17.75,1.43,88.02,0.84,3.9,Assam_Dhubri
2013-11-06,0.0,27.04,18.13,1.57,84.64,0.84,4.36,Assam_Dhubri
2013-11-07,0.0,27.28,18.15,1.48,84.34,0.83,4.44,Assam_Dhubri
2013-11-08,0.0,27.2,18.13,1.12,83.31,0.83,4.59,Assam_Dhubri
2013-11-09,0.0,27.29,18.22,1.08,82.53,0.82,4.59,Assam_Dhubri
2013-11-10,0.0,26.61,18.31,1.26,79.75,0.82,4.49,Assam_Dhubri
2013-11-11,0.0,27.03,16.44,0.76,75.26,0.81,4.98,Assam_Dhubri
2013-11-12,0.0,26.29,15.4,0.78,80.34,0.8,4.59,Assam_Dhubri
2013-11-13,0.0,25.89,15.39,0.69,78.94,0.8,4.5,Assam_Dhubri
2013-11-14,0.0,25.55,16.0,1.3,82.14,0.79,4.13,Assam_Dhubri
2013-11-15,0.0,25.81,15.43,1.86,81.07,0.79,4.22,Assam_Dhubri
2013-11-16,0.0,25.95,15.45,1.56,73.8,0.78,4.31,Assam_Dhubri
2013-11-17,0.0,25.21,15.12,1.08,70.04,0.78,4.15,Assam_Dhubri
2013-11-18,0.0,26.29,15.04,0.64,70.01,0.77,4.74,Assam_Dhubri
2013-11-19,0.0,25.43,14.68,0.76,75.75,0.77,4.13,Assam_Dhubri
2013-11-20,0.0,25.79,16.17,0.68,76.77,0.77,4.36,Assam_Dhubri
2013-11-21,0.0,25.68,15.64,0.64,83.91,0.76,3.99,Assam_Dhubri
2013-11-22,0.0,25.59,17.77,0.78,83.71,0.76,3.89,Assam_Dhubri
2013-11-23,0.0,25.08,15.26,1.0,81.45,0.75,3.75,Assam_Dhubri
2013-11-24,0.0,24.81,16.2,0.42,80.88,0.75,3.56,Assam_Dhubri
2013-11-25,0.0,25.74,17.05,0.58,78.82,0.74,3.75,Assam_Dhubri
2013-11-26,0.0,25.46,16.45,1.08,82.23,0.74,3.51,Assam_Dhubri
2013-11-27,0.0,25.63,16.31,1.46,84.6,0.74,3.52,Assam_Dhubri
2013-11-28,0.0,26.2,17.54,1.56,86.47,0.73,3.4,Assam_Dhubri
2013-11-29,0.0,26.1,18.04,1.02,86.23,0.73,3.63,Assam_Dhubri
2013-11-30,0.0,25.59,16.23,1.53,86.99,0.73,2.9,Assam_Dhubri
2013-12-01,0.0,25.72,15.97,0.71,82.59,0.72,3.03,Assam_Dhubri
2013-12-02,0.0,25.85,17.73,0.67,79.77,0.72,3.22,Assam_Dhubri
2013-12-03,0.0,26.03,17.42,1.45,85.33,0.72,2.95,Assam_Dhubri
2013-12-04,0.0,25.97,16.99,1.08,83.83,0.71,3.15,Assam_Dhubri
2013-12-05,0.0,25.61,15.86,0.79,81.2,0.71,3.15,Assam_Dhubri
2013-12-06,0.0,24.92,15.44,0.83,78.47,0.71,2.79,Assam_Dhubri
2013-12-07,0.0,25.44,17.99,0.72,76.36,0.7,2.88,Assam_Dhubri
2013-12-08,0.0,25.26,17.58,0.64,79.1,0.7,2.94,Assam_Dhubri
2013-12-09,0.0,25.19,17.25,0.71,79.07,0.7,2.68,Assam_Dhubri
2013-12-10,0.0,25.28,16.35,0.95,80.46,0.69,2.93,Assam_Dhubri
2013-12-11,0.0,23.73,14.07,1.68,83.3,0.69,2.28,Assam_Dhubri
2013-12-12,0.0,22.47,12.69,1.51,80.57,0.69,1.89,Assam_Dhubri
2013-12-13,0.0,22.4,12.43,1.1,74.84,0.68,2.0,Assam_Dhubri
2013-12-14,0.0,23.12,12.73,1.19,80.07,0.68,2.12,Assam_Dhubri
2013-12-15,0.0,23.1,13.29,0.87,72.54,0.68,2.34,Assam_Dhubri
2013-12-16,0.0,21.52,11.41,1.26,75.53,0.68,2.0,Assam_Dhubri
2013-12-17,0.0,21.55,10.19,1.35,73.41,0.67,2.06,Assam_Dhubri
2013-12-18,0.0,21.44,10.47,1.29,75.78,0.67,1.94,Assam_Dhubri
2013-12-19,0.0,21.67,11.43,1.32,81.57,0.67,1.65,Assam_Dhubri
2013-12-20,0.02,21.47,11.82,1.04,81.47,0.67,1.51,Assam_Dhubri
2013-12-21,0.01,20.95,11.44,1.62,87.7,0.66,1.5,Assam_Dhubri
2013-12-22,0.0,22.02,11.17,1.07,83.47,0.66,1.79,Assam_Dhubri
2013-12-23,0.03,22.31,11.88,1.11,80.91,0.66,1.58,Assam_Dhubri
2013-12-24,0.0,22.17,13.33,1.17,83.45,0.66,1.49,Assam_Dhubri
2013-12-25,0.0,21.07,11.17,1.42,78.85,0.65,1.81,Assam_Dhubri
2013-12-26,0.0,20.51,9.81,1.11,80.8,0.65,1.5,Assam_Dhubri
2013-12-27,0.0,20.6,9.78,0.97,78.75,0.65,1.39,Assam_Dhubri
2013-12-28,0.0,21.38,10.36,1.07,73.51,0.65,1.61,Assam_Dhubri
2013-12-29,0.0,20.23,9.86,1.21,73.78,0.65,1.44,Assam_Dhubri
2013-12-30,0.0,20.58,9.6,0.7,80.84,0.64,1.43,Assam_Dhubri
2013-12-31,0.0,21.49,10.29,1.09,83.72,0.64,1.52,Assam_Dhubri
2014-01-01,0.0,23.49,10.57,1.07,79.08,0.64,1.91,Assam_Dhubri
2014-01-02,0.0,22.11,11.3,1.8,81.93,0.64,1.47,Assam_Dhubri
2014-01-03,0.0,20.53,9.74,1.12,74.91,0.63,1.56,Assam_Dhubri
2014-01-04,0.0,21.21,10.49,0.71,79.1,0.63,1.4,Assam_Dhubri
2014-01-05,0.0,22.12,10.41,1.61,81.98,0.63,1.47,Assam_Dhubri
2014-01-06,0.0,20.34,11.87,1.92,86.06,0.63,0.75,Assam_Dhubri
2014-01-07,0.0,20.7,9.71,1.86,75.82,0.63,1.38,Assam_Dhubri
2014-01-08,0.0,19.75,8.77,0.65,64.87,0.62,1.43,Assam_Dhubri
2014-01-09,0.0,19.98,8.61,0.79,77.11,0.62,1.3,Assam_Dhubri
2014-01-10,0.0,21.5,9.6,0.64,71.88,0.62,1.46,Assam_Dhubri
2014-01-11,0.01,21.45,10.07,1.43,84.23,0.62,1.07,Assam_Dhubri
2014-01-12,0.0,22.0,10.17,1.46,77.56,0.62,1.57,Assam_Dhubri
2014-01-13,0.0,22.04,10.78,0.89,80.72,0.61,1.42,Assam_Dhubri
2014-01-14,0.0,23.78,11.7,0.91,80.71,0.61,1.63,Assam_Dhubri
2014-01-15,0.0,23.53,11.96,1.11,77.59,0.61,1.71,Assam_Dhubri
2014-01-16,0.0,22.03,10.02,1.31,71.56,0.6,1.49,Assam_Dhubri
2014-01-17,0.0,22.73,10.15,1.24,76.53,0.6,1.47,Assam_Dhubri
2014-01-18,0.02,24.65,12.98,2.12,82.18,0.6,1.62,Assam_Dhubri
2014-01-19,0.4,24.81,14.26,1.34,76.58,0.6,1.74,Assam_Dhubri
2014-01-20,0.0,23.09,11.01,1.11,77.79,0.6,1.73,Assam_Dhubri
2014-01-21,0.0,24.17,11.59,1.45,82.84,0.59,1.56,Assam_Dhubri
2014-01-22,0.0,25.29,12.94,0.92,71.01,0.59,1.96,Assam_Dhubri
2014-01-23,0.0,26.09,14.19,1.18,68.43,0.59,2.04,Assam_Dhubri
2014-01-24,0.0,24.78,13.23,1.08,72.98,0.58,1.87,Assam_Dhubri
2014-01-25,0.0,24.58,12.49,1.4,72.34,0.58,1.82,Assam_Dhubri
2014-01-26,0.0,23.56,10.63,1.17,71.72,0.58,1.71,Assam_Dhubri
2014-01-27,0.0,23.36,9.87,1.28,70.85,0.58,1.56,Assam_Dhubri
2014-01-28,0.0,23.16,8.91,1.12,64.48,0.57,1.71,Assam_Dhubri
2014-01-29,0.0,23.32,11.08,0.99,74.57,0.57,1.2,Assam_Dhubri
2014-01-30,0.0,25.27,12.99,0.8,76.07,0.57,1.58,Assam_Dhubri
2014-01-31,0.0,25.37,11.95,0.92,72.21,0.57,1.71,Assam_Dhubri
2014-02-01,0.0,25.26,10.78,0.86,67.0,0.56,1.88,Assam_Dhubri
2014-02-02,0.0,24.8,9.35,1.39,59.88,0.56,1.79,Assam_Dhubri
2014-02-03,0.0,23.66,8.76,1.42,68.03,0.56,1.51,Assam_Dhubri
2014-02-04,0.0,24.22,9.78,1.85,63.46,0.55,1.78,Assam_Dhubri
2014-02-05,0.0,24.47,11.35,1.38,64.4,0.55,1.5,Assam_Dhubri
2014-02-06,0.0,24.6,12.26,1.84,63.83,0.55,1.47,Assam_Dhubri
2014-02-07,0.0,25.95,13.22,1.22,62.71,0.55,1.72,Assam_Dhubri
2014-02-08,0.0,26.45,13.73,2.45,66.89,0.54,1.83,Assam_Dhubri
2014-02-09,0.0,26.98,12.59,2.54,62.72,0.54,2.18,Assam_Dhubri
2014-02-10,0.0,25.48,11.3,2.01,60.66,0.54,1.94,Assam_Dhubri
2014-02-11,0.0,25.42,11.54,2.07,54.6,0.53,1.92,Assam_Dhubri
2014-02-12,0.0,25.16,10.39,2.35,56.44,0.53,1.91,Assam_Dhubri
2014-02-13,0.0,24.61,9.77,1.01,47.28,0.53,1.89,Assam_Dhubri
2014-02-14,0.14,24.56,11.72,1.11,49.32,0.52,1.68,Assam_Dhubri
2014-02-15,19.71,17.76,13.46,1.25,83.86,0.55,0.31,Assam_Dhubri
2014-02-16,2.93,23.97,13.42,1.12,74.96,0.55,1.49,Assam_Dhubri
2014-02-17,6.16,23.11,12.23,2.64,70.51,0.56,1.7,Assam_Dhubri
2014-02-18,0.0,23.62,8.95,1.47,60.13,0.55,1.8,Assam_Dhubri
2014-02-19,0.0,23.94,9.85,1.33,67.63,0.55,1.8,Assam_Dhubri
2014-02-20,0.0,25.6,11.34,0.9,63.92,0.54,2.07,Assam_Dhubri
2014-02-21,0.0,26.55,12.71,1.29,54.93,0.54,2.01,Assam_Dhubri
2014-02-22,0.0,26.68,13.84,0.86,49.53,0.54,1.98,Assam_Dhubri
2014-02-23,0.24,27.98,14.33,2.0,64.91,0.53,2.13,Assam_Dhubri
2014-02-24,0.0,27.69,15.42,2.34,67.38,0.53,2.31,Assam_Dhubri
2014-02-25,0.0,27.05,13.26,1.25,60.58,0.52,2.16,Assam_Dhubri
2014-02-26,0.0,27.21,14.65,1.53,61.21,0.52,1.84,Assam_Dhubri
2014-02-27,0.0,28.16,14.38,2.09,62.24,0.52,2.23,Assam_Dhubri
2014-02-28,1.19,27.23,16.06,1.97,70.98,0.52,1.71,Assam_Dhubri
2014-03-01,0.43,25.96,16.62,1.47,73.83,0.51,1.58,Assam_Dhubri
2014-03-02,0.02,26.22,14.98,2.16,75.7,0.51,1.67,Assam_Dhubri
2014-03-03,0.0,28.65,14.96,2.03,67.32,0.51,2.34,Assam_Dhubri
2014-03-04,0.0,28.08,14.63,1.28,56.85,0.5,2.34,Assam_Dhubri
2014-03-05,0.03,28.47,14.25,2.35,49.79,0.5,2.5,Assam_Dhubri
2014-03-06,0.04,28.21,12.51,2.46,53.36,0.5,2.24,Assam_Dhubri
2014-03-07,0.0,28.22,13.37,2.05,54.48,0.49,2.29,Assam_Dhubri
2014-03-08,0.0,28.79,13.11,2.08,51.16,0.49,2.32,Assam_Dhubri
2014-03-09,0.0,28.59,14.18,0.8,44.29,0.48,2.53,Assam_Dhubri
2014-03-10,0.0,29.6,16.67,0.97,46.8,0.48,2.01,Assam_Dhubri
2014-03-11,0.0,30.52,14.81,2.02,50.57,0.48,2.28,Assam_Dhubri
2014-03-12,0.0,30.58,15.2,1.85,50.45,0.47,2.21,Assam_Dhubri
2014-03-13,0.0,31.22,17.35,2.22,55.97,0.47,1.99,Assam_Dhubri
2014-03-14,0.0,30.85,17.57,1.02,50.91,0.47,2.25,Assam_Dhubri
2014-03-15,0.0,31.62,17.44,1.03,44.95,0.46,2.23,Assam_Dhubri
2014-03-16,0.0,32.0,16.74,1.12,47.96,0.46,2.09,Assam_Dhubri
2014-03-17,0.0,31.76,18.74,1.26,49.51,0.46,1.85,Assam_Dhubri
2014-03-18,0.0,32.77,19.75,1.5,52.64,0.46,1.96,Assam_Dhubri
2014-03-19,0.04,34.37,19.94,2.22,50.94,0.45,2.41,Assam_Dhubri
2014-03-20,0.44,32.97,18.16,1.58,42.72,0.45,2.21,Assam_Dhubri
2014-03-21,0.09,31.63,18.53,0.93,41.83,0.45,2.17,Assam_Dhubri
2014-03-22,0.53,31.94,17.49,1.36,49.43,0.44,2.09,Assam_Dhubri
2014-03-23,0.51,32.09,17.67,1.32,51.71,0.44,2.13,Assam_Dhubri
2014-03-24,2.25,31.23,19.44,1.23,55.09,0.44,1.83,Assam_Dhubri
2014-03-25,0.0,32.4,20.07,1.49,53.04,0.44,2.02,Assam_Dhubri
2014-03-26,2.97,33.44,19.04,1.56,46.92,0.44,2.05,Assam_Dhubri
2014-03-27,0.43,35.61,19.91,2.15,47.9,0.44,2.47,Assam_Dhubri
2014-03-28,0.02,35.59,19.65,1.44,45.29,0.43,2.28,Assam_Dhubri
2014-03-29,0.0,37.23,19.98,2.43,41.38,0.43,2.54,Assam_Dhubri
2014-03-30,0.0,37.94,20.27,2.96,37.08,0.43,2.57,Assam_Dhubri
2014-03-31,0.01,35.44,20.06,3.14,33.75,0.42,2.04,Assam_Dhubri
2014-04-01,0.0,36.44,17.31,2.46,30.39,0.42,2.1,Assam_Dhubri
2014-04-02,0.0,36.29,18.42,2.11,28.6,0.41,1.92,Assam_Dhubri
2014-04-03,0.33,36.43,19.54,1.19,31.57,0.41,1.71,Assam_Dhubri
2014-04-04,4.33,34.13,21.06,1.71,53.57,0.42,1.47,Assam_Dhubri
2014-04-05,0.05,32.81,20.86,1.12,55.04,0.42,1.61,Assam_Dhubri
2014-04-06,0.01,35.09,21.39,1.14,51.98,0.41,1.66,Assam_Dhubri
2014-04-07,1.58,34.05,22.78,1.53,56.19,0.41,1.21,Assam_Dhubri
2014-04-08,1.67,36.25,22.67,1.91,53.7,0.41,1.47,Assam_Dhubri
2014-04-09,0.47,37.15,22.96,2.24,54.71,0.41,1.61,Assam_Dhubri
2014-04-10,0.31,36.68,21.19,1.58,31.97,0.41,1.6,Assam_Dhubri
2014-04-11,0.74,36.59,19.06,1.36,30.8,0.41,1.49,Assam_Dhubri
2014-04-12,0.0,36.5,20.06,1.41,34.87,0.4,1.36,Assam_Dhubri
2014-04-13,0.3,36.39,20.98,1.28,40.34,0.4,1.2,Assam_Dhubri
2014-04-14,0.0,36.83,22.32,1.37,39.3,0.4,1.18,Assam_Dhubri
2014-04-15,0.01,38.31,25.43,1.86,34.19,0.4,1.18,Assam_Dhubri
2014-04-16,0.0,37.92,24.47,1.03,33.91,0.4,1.06,Assam_Dhubri
2014-04-17,0.2,39.16,22.89,1.28,35.92,0.39,1.02,Assam_Dhubri
2014-04-18,0.08,38.39,22.95,1.33,36.55,0.39,0.92,Assam_Dhubri
2014-04-19,0.0,38.33,24.48,1.97,37.16,0.39,0.9,Assam_Dhubri
2014-04-20,0.24,39.67,24.36,2.84,36.05,0.39,0.87,Assam_Dhubri
2014-04-21,0.0,39.64,22.79,2.69,27.89,0.39,0.84,Assam_Dhubri
2014-04-22,0.0,40.06,22.4,2.29,25.57,0.39,0.74,Assam_Dhubri
2014-04-23,0.0,40.77,23.92,2.6,25.26,0.38,0.69,Assam_Dhubri
2014-04-24,0.0,40.52,23.03,3.05,27.24,0.38,0.63,Assam_Dhubri
2014-04-25,0.0,41.02,24.11,2.25,28.14,0.38,0.57,Assam_Dhubri
2014-04-26,0.04,40.2,23.42,1.33,38.11,0.38,0.49,Assam_Dhubri
2014-04-27,2.03,38.89,26.03,1.34,45.34,0.38,0.5,Assam_Dhubri
2014-04-28,12.61,36.95,25.38,1.88,48.06,0.39,0.68,Assam_Dhubri
2014-04-29,1.43,37.49,24.21,1.66,54.61,0.4,0.81,Assam_Dhubri
2014-04-30,0.24,38.54,25.31,1.46,52.86,0.4,0.83,Assam_Dhubri
2014-05-01,8.4,36.52,26.77,1.8,57.46,0.4,0.69,Assam_Dhubri
2014-05-02,4.56,35.76,25.17,1.31,61.68,0.41,0.83,Assam_Dhubri
2014-05-03,5.72,34.14,25.51,1.71,59.66,0.41,0.74,Assam_Dhubri
2014-05-04,18.91,31.42,25.59,1.87,66.74,0.43,0.96,Assam_Dhubri
2014-05-05,1.17,31.76,23.24,1.9,65.17,0.44,1.31,Assam_Dhubri
2014-05-06,6.91,32.99,24.1,1.79,63.76,0.44,1.24,Assam_Dhubri
2014-05-07,6.26,36.4,24.64,2.39,59.71,0.44,1.95,Assam_Dhubri
2014-05-08,10.71,34.63,24.91,3.1,66.63,0.44,1.68,Assam_Dhubri
2014-05-09,1.54,40.64,25.27,2.88,54.91,0.44,2.9,Assam_Dhubri
2014-05-10,0.23,40.54,25.87,3.26,48.96,0.43,2.41,Assam_Dhubri
2014-05-11,1.1,39.29,26.58,3.57,49.87,0.42,2.0,Assam_Dhubri
2014-05-12,0.92,37.84,26.4,2.15,58.63,0.42,1.45,Assam_Dhubri
2014-05-13,0.73,40.2,26.83,2.72,53.75,0.42,1.46,Assam_Dhubri
2014-05-14,0.05,40.98,26.54,3.02,45.81,0.41,1.43,Assam_Dhubri
2014-05-15,0.39,40.62,25.62,3.22,44.98,0.41,1.18,Assam_Dhubri
2014-05-16,0.08,40.35,25.38,2.34,43.48,0.4,1.02,Assam_Dhubri
2014-05-17,0.69,39.7,24.26,1.46,47.98,0.4,0.89,Assam_Dhubri
2014-05-18,4.16,38.56,25.37,1.48,55.78,0.4,0.87,Assam_Dhubri
2014-05-19,0.0,40.03,26.42,1.52,51.0,0.4,0.87,Assam_Dhubri
2014-05-20,0.09,39.8,27.44,1.67,50.85,0.4,0.77,Assam_Dhubri
2014-05-21,5.64,38.92,27.91,1.98,52.66,0.4,0.77,Assam_Dhubri
2014-05-22,18.75,37.69,27.05,2.26,61.16,0.42,1.4,Assam_Dhubri
2014-05-23,3.11,37.68,26.4,1.26,57.28,0.43,1.92,Assam_Dhubri
2014-05-24,17.75,34.95,25.69,1.25,63.97,0.45,1.97,Assam_Dhubri
2014-05-25,0.52,34.7,27.18,1.52,64.08,0.45,1.56,Assam_Dhubri
2014-05-26,11.37,32.46,26.16,1.05,72.51,0.45,1.11,Assam_Dhubri
2014-05-27,18.69,31.25,26.43,1.2,75.73,0.47,1.05,Assam_Dhubri
2014-05-28,67.97,32.6,26.2,1.32,80.31,0.54,2.58,Assam_Dhubri
2014-05-29,6.32,30.38,26.57,1.25,82.59,0.59,2.82,Assam_Dhubri
2014-05-30,4.87,33.29,24.81,1.01,72.5,0.57,6.38,Assam_Dhubri
2014-05-31,1.48,33.66,25.89,1.3,72.64,0.55,5.3,Assam_Dhubri
2014-06-01,0.23,34.77,27.41,1.11,68.02,0.54,6.87,Assam_Dhubri
2014-06-02,0.49,34.43,26.39,1.33,73.34,0.53,5.67,Assam_Dhubri
2014-06-03,0.66,34.89,26.74,2.43,73.74,0.52,5.05,Assam_Dhubri
2014-06-04,0.36,36.14,27.51,2.86,69.72,0.51,4.78,Assam_Dhubri
2014-06-05,0.86,36.82,27.31,2.71,68.04,0.5,4.11,Assam_Dhubri
2014-06-06,7.27,35.61,27.5,2.87,73.64,0.5,3.07,Assam_Dhubri
2014-06-07,2.92,35.25,27.61,2.72,74.19,0.51,3.48,Assam_Dhubri
2014-06-08,7.7,33.75,28.29,3.28,75.72,0.51,2.83,Assam_Dhubri
2014-06-09,6.61,35.13,27.56,2.46,77.72,0.51,3.39,Assam_Dhubri
2014-06-10,14.35,35.05,27.66,2.47,77.11,0.52,3.88,Assam_Dhubri
2014-06-11,5.05,34.47,27.59,2.57,77.92,0.53,4.51,Assam_Dhubri
2014-06-12,10.29,35.29,27.88,2.18,74.93,0.53,4.61,Assam_Dhubri
2014-06-13,8.73,36.79,27.27,2.09,75.61,0.53,5.15,Assam_Dhubri
2014-06-14,0.0,35.11,27.74,1.69,70.99,0.52,4.61,Assam_Dhubri
2014-06-15,2.0,35.21,27.24,1.22,68.92,0.52,4.15,Assam_Dhubri
2014-06-16,11.23,36.29,27.08,1.45,73.05,0.52,4.76,Assam_Dhubri
2014-06-17,3.58,37.01,27.9,1.16,71.84,0.52,5.26,Assam_Dhubri
2014-06-18,9.81,31.52,27.8,1.37,84.72,0.53,1.59,Assam_Dhubri
2014-06-19,15.27,32.35,27.0,1.85,83.92,0.54,2.62,Assam_Dhubri
2014-06-20,42.86,32.98,26.71,2.32,84.75,0.58,4.35,Assam_Dhubri
2014-06-21,44.77,30.39,27.24,2.39,92.03,0.63,1.21,Assam_Dhubri
2014-06-22,44.18,31.69,26.88,2.47,89.07,0.68,2.67,Assam_Dhubri
2014-06-23,19.95,32.63,27.39,2.62,87.44,0.71,2.97,Assam_Dhubri
2014-06-24,3.45,32.95,26.86,2.46,84.74,0.69,5.4,Assam_Dhubri
2014-06-25,0.71,33.06,26.54,1.23,78.09,0.67,4.57,Assam_Dhubri
2014-06-26,4.86,34.01,27.34,1.39,77.28,0.66,5.54,Assam_Dhubri
2014-06-27,9.12,33.37,26.96,1.98,85.37,0.66,5.49,Assam_Dhubri
2014-06-28,24.47,30.87,27.49,2.96,88.48,0.67,3.58,Assam_Dhubri
2014-06-29,12.99,32.29,27.01,2.76,86.31,0.69,4.32,Assam_Dhubri
2014-06-30,25.52,31.33,27.44,2.05,88.15,0.71,2.09,Assam_Dhubri
2014-07-01,11.43,30.78,26.75,0.95,86.4,0.72,1.61,Assam_Dhubri
2014-07-02,2.92,32.9,26.73,1.75,82.9,0.71,4.9,Assam_Dhubri
2014-07-03,3.45,32.61,26.73,1.98,83.46,0.7,5.6,Assam_Dhubri
2014-07-04,4.06,32.15,26.01,2.72,86.71,0.69,4.24,Assam_Dhubri
2014-07-05,9.27,33.46,26.27,2.54,85.38,0.69,6.16,Assam_Dhubri
2014-07-06,3.05,32.71,26.71,3.25,86.02,0.69,6.05,Assam_Dhubri
2014-07-07,3.98,32.79,27.28,3.51,86.29,0.68,6.03,Assam_Dhubri
2014-07-08,8.45,32.55,27.24,3.25,86.66,0.68,5.2,Assam_Dhubri
2014-07-09,7.54,33.72,27.53,2.32,84.76,0.68,5.85,Assam_Dhubri
2014-07-10,14.42,31.27,28.01,1.87,89.5,0.69,2.34,Assam_Dhubri
2014-07-11,7.59,32.46,27.68,2.19,84.67,0.69,3.6,Assam_Dhubri
2014-07-12,13.51,34.22,26.95,1.16,81.09,0.69,5.34,Assam_Dhubri
2014-07-13,11.55,33.2,27.96,1.08,82.78,0.71,2.47,Assam_Dhubri
2014-07-14,15.84,30.92,27.47,1.53,87.31,0.71,2.34,Assam_Dhubri
2014-07-15,9.19,30.32,27.29,1.4,85.3,0.73,2.04,Assam_Dhubri
2014-07-16,3.8,32.68,26.67,1.83,85.0,0.72,4.98,Assam_Dhubri
2014-07-17,3.98,31.35,26.88,1.6,86.56,0.71,3.17,Assam_Dhubri
2014-07-18,5.65,32.75,26.93,1.49,84.64,0.71,4.68,Assam_Dhubri
2014-07-19,1.11,32.8,27.1,1.34,81.57,0.71,3.7,Assam_Dhubri
2014-07-20,1.38,33.41,27.16,1.57,82.31,0.7,4.07,Assam_Dhubri
2014-07-21,1.12,33.36,26.66,2.53,81.83,0.69,6.39,Assam_Dhubri
2014-07-22,0.08,32.99,26.01,1.8,82.58,0.68,5.73,Assam_Dhubri
2014-07-23,3.84,31.14,26.48,1.65,86.15,0.68,3.02,Assam_Dhubri
2014-07-24,6.41,32.11,26.4,1.53,84.49,0.68,3.64,Assam_Dhubri
2014-07-25,2.57,32.51,26.55,0.74,79.6,0.68,3.56,Assam_Dhubri
2014-07-26,9.54,33.9,27.35,1.28,81.26,0.68,5.4,Assam_Dhubri
2014-07-27,13.82,31.41,27.07,1.15,87.39,0.7,1.46,Assam_Dhubri
2014-07-28,4.66,32.8,26.64,1.26,82.25,0.7,3.93,Assam_Dhubri
2014-07-29,0.59,31.04,26.41,1.2,84.1,0.69,3.75,Assam_Dhubri
2014-07-30,1.3,34.12,25.96,1.06,77.87,0.68,7.81,Assam_Dhubri
2014-07-31,3.09,33.49,27.01,1.35,81.56,0.67,6.31,Assam_Dhubri
2014-08-01,0.92,33.08,27.42,2.02,84.23,0.67,5.7,Assam_Dhubri
2014-08-02,6.61,31.75,27.57,1.21,84.61,0.67,2.67,Assam_Dhubri
2014-08-03,4.72,31.88,27.43,1.09,83.04,0.67,2.23,Assam_Dhubri
2014-08-04,2.25,32.98,26.97,1.7,84.85,0.67,3.93,Assam_Dhubri
2014-08-05,7.62,33.06,26.46,1.65,82.39,0.66,5.09,Assam_Dhubri
2014-08-06,14.66,33.08,26.61,1.95,83.24,0.67,5.82,Assam_Dhubri
2014-08-07,22.97,33.83,26.29,1.74,83.8,0.69,5.76,Assam_Dhubri
2014-08-08,3.93,33.78,27.14,1.57,82.78,0.69,4.25,Assam_Dhubri
2014-08-09,1.57,33.78,27.32,1.8,82.47,0.68,7.08,Assam_Dhubri
2014-08-10,1.81,32.77,26.41,1.77,83.51,0.67,4.62,Assam_Dhubri
2014-08-11,2.92,32.68,26.63,2.85,84.15,0.66,6.84,Assam_Dhubri
2014-08-12,3.77,31.95,26.86,2.91,85.55,0.66,4.66,Assam_Dhubri
2014-08-13,16.66,30.4,26.94,1.92,92.5,0.67,1.1,Assam_Dhubri
2014-08-14,27.57,29.63,26.98,2.22,92.35,0.69,1.39,Assam_Dhubri
2014-08-15,26.0,29.81,26.42,1.77,91.01,0.73,1.25,Assam_Dhubri
2014-08-16,11.39,30.95,25.68,1.89,85.07,0.74,3.48,Assam_Dhubri
2014-08-17,13.43,32.1,25.68,1.91,86.5,0.74,4.15,Assam_Dhubri
2014-08-18,19.69,31.34,26.34,2.62,89.33,0.74,2.68,Assam_Dhubri
2014-08-19,15.76,30.16,26.88,2.53,91.35,0.76,1.68,Assam_Dhubri
2014-08-20,23.73,31.05,26.84,2.3,90.11,0.77,2.28,Assam_Dhubri
2014-08-21,10.62,30.17,26.42,2.02,87.17,0.78,2.16,Assam_Dhubri
2014-08-22,9.67,29.89,25.75,2.29,91.13,0.78,1.91,Assam_Dhubri
2014-08-23,22.78,29.21,26.48,2.34,92.33,0.79,1.31,Assam_Dhubri
2014-08-24,35.53,28.89,26.56,2.76,93.79,0.82,0.87,Assam_Dhubri
2014-08-25,34.77,28.85,25.91,2.61,92.85,0.85,1.2,Assam_Dhubri
2014-08-26,10.57,31.08,25.44,1.77,88.05,0.85,3.0,Assam_Dhubri
2014-08-27,2.39,30.32,25.53,0.94,87.13,0.84,2.05,Assam_Dhubri
2014-08-28,0.6,31.36,25.85,1.12,86.78,0.83,2.81,Assam_Dhubri
2014-08-29,0.01,31.21,26.8,0.71,85.26,0.83,2.36,Assam_Dhubri
2014-08-30,9.56,31.78,26.84,0.77,86.39,0.83,2.48,Assam_Dhubri
2014-08-31,10.16,30.38,25.76,1.63,87.68,0.84,2.61,Assam_Dhubri
2014-09-01,0.17,29.26,25.19,1.38,84.44,0.83,2.83,Assam_Dhubri
2014-09-02,0.09,32.34,24.6,1.06,82.49,0.82,5.9,Assam_Dhubri
2014-09-03,0.02,30.83,25.72,1.35,85.38,0.82,3.48,Assam_Dhubri
2014-09-04,2.65,30.98,25.82,1.4,87.76,0.81,2.83,Assam_Dhubri
2014-09-05,4.94,30.31,25.21,1.24,86.64,0.81,2.57,Assam_Dhubri
2014-09-06,2.96,32.79,25.46,1.3,83.79,0.81,4.91,Assam_Dhubri
2014-09-07,2.32,30.71,27.03,0.8,87.53,0.81,1.87,Assam_Dhubri
2014-09-08,3.89,29.61,25.95,1.46,89.04,0.81,2.16,Assam_Dhubri
2014-09-09,1.8,32.06,25.5,1.82,84.25,0.8,6.12,Assam_Dhubri
2014-09-10,35.52,29.39,25.89,1.54,88.96,0.82,1.85,Assam_Dhubri
2014-09-11,17.28,30.23,25.43,1.68,88.84,0.85,3.01,Assam_Dhubri
2014-09-12,9.35,31.0,25.26,1.79,88.61,0.84,3.66,Assam_Dhubri
2014-09-13,13.41,31.2,25.51,1.51,86.86,0.84,4.19,Assam_Dhubri
2014-09-14,48.61,29.98,25.54,1.19,87.98,0.88,1.52,Assam_Dhubri
2014-09-15,9.1,31.92,25.44,1.17,84.53,0.88,4.28,Assam_Dhubri
2014-09-16,1.27,32.27,25.52,1.18,82.76,0.87,5.02,Assam_Dhubri
2014-09-17,0.06,32.86,25.75,1.3,82.68,0.86,5.91,Assam_Dhubri
2014-09-18,9.44,33.73,25.9,1.48,82.67,0.85,5.1,Assam_Dhubri
2014-09-19,26.46,29.13,26.2,2.11,93.35,0.87,0.93,Assam_Dhubri
2014-09-20,40.85,29.32,25.35,1.32,88.77,0.89,1.62,Assam_Dhubri
2014-09-21,75.87,28.28,25.78,2.49,94.08,0.93,0.52,Assam_Dhubri
2014-09-22,116.75,28.81,25.93,2.73,94.97,0.98,0.45,Assam_Dhubri
2014-09-23,13.13,30.49,25.5,1.91,87.88,0.98,3.45,Assam_Dhubri
2014-09-24,9.05,30.96,24.41,1.83,86.7,0.97,4.01,Assam_Dhubri
2014-09-25,9.82,30.95,25.34,1.84,87.73,0.96,3.26,Assam_Dhubri
2014-09-26,5.16,29.8,25.32,2.32,89.16,0.96,2.89,Assam_Dhubri
2014-09-27,11.95,30.7,24.33,2.56,86.31,0.95,3.98,Assam_Dhubri
2014-09-28,5.8,31.05,23.78,2.08,85.81,0.95,4.02,Assam_Dhubri
2014-09-29,0.26,31.33,23.99,0.72,79.59,0.94,5.88,Assam_Dhubri
2014-09-30,0.0,31.18,25.13,1.12,80.1,0.93,5.41,Assam_Dhubri
2014-10-01,0.0,31.76,24.32,0.71,76.72,0.93,6.44,Assam_Dhubri
2014-10-02,0.0,32.2,25.29,0.82,77.68,0.92,6.64,Assam_Dhubri
2014-10-03,0.25,31.53,24.4,0.93,81.09,0.91,5.6,Assam_Dhubri
2014-10-04,0.49,31.7,25.46,0.48,75.45,0.9,6.51,Assam_Dhubri
2014-10-05,0.0,30.67,23.58,1.48,83.34,0.9,4.71,Assam_Dhubri
2014-10-06,0.04,31.54,24.68,1.03,76.44,0.89,5.18,Assam_Dhubri
2014-10-07,3.62,31.76,25.44,0.84,77.29,0.89,4.84,Assam_Dhubri
2014-10-08,10.22,31.46,26.37,0.61,72.88,0.89,4.37,Assam_Dhubri
2014-10-09,0.38,32.65,24.89,0.62,69.53,0.89,7.69,Assam_Dhubri
2014-10-10,0.22,32.27,25.49,0.81,74.78,0.88,7.2,Assam_Dhubri
2014-10-11,0.05,31.76,24.82,0.88,77.62,0.87,7.05,Assam_Dhubri
2014-10-12,8.08,28.31,24.57,1.26,89.8,0.87,2.13,Assam_Dhubri
2014-10-13,3.14,29.78,24.32,0.76,83.14,0.87,2.44,Assam_Dhubri
2014-10-14,2.75,29.73,24.49,1.23,85.0,0.87,3.32,Assam_Dhubri
2014-10-15,7.33,29.96,24.79,2.2,89.38,0.87,3.19,Assam_Dhubri
2014-10-16,0.02,29.05,21.62,2.15,86.85,0.86,5.37,Assam_Dhubri
2014-10-17,0.0,27.92,19.68,1.06,84.1,0.86,5.52,Assam_Dhubri
2014-10-18,0.06,29.57,19.98,1.04,82.32,0.85,6.39,Assam_Dhubri
2014-10-19,0.07,28.68,19.92,1.78,82.16,0.84,5.65,Assam_Dhubri
2014-10-20,0.0,29.19,19.37,0.87,76.1,0.83,6.61,Assam_Dhubri
2014-10-21,0.0,29.0,20.02,1.13,82.0,0.83,5.97,Assam_Dhubri
2014-10-22,0.0,29.57,22.34,1.2,79.76,0.82,5.76,Assam_Dhubri
2014-10-23,0.0,29.61,21.1,0.67,75.92,0.81,6.38,Assam_Dhubri
2014-10-24,0.0,28.87,21.57,0.86,77.37,0.81,6.37,Assam_Dhubri
2014-10-25,0.08,27.52,21.47,1.35,81.77,0.8,3.54,Assam_Dhubri
2014-10-26,0.01,26.09,22.18,1.28,86.05,0.8,1.47,Assam_Dhubri
2014-10-27,0.0,27.81,21.1,1.19,82.68,0.8,5.44,Assam_Dhubri
2014-10-28,0.61,27.87,19.44,0.96,81.11,0.79,6.21,Assam_Dhubri
2014-10-29,0.06,27.54,18.95,1.0,82.85,0.79,5.58,Assam_Dhubri
2014-10-30,0.0,27.31,19.74,0.75,81.21,0.78,5.09,Assam_Dhubri
2014-10-31,0.0,28.61,20.0,0.66,77.21,0.78,5.96,Assam_Dhubri
2014-11-01,0.0,28.68,20.87,0.68,80.28,0.77,5.82,Assam_Dhubri
2014-11-02,0.0,28.58,21.12,0.9,84.24,0.76,5.07,Assam_Dhubri
2014-11-03,0.0,28.47,21.57,0.62,82.4,0.76,5.6,Assam_Dhubri
2014-11-04,0.0,28.96,19.59,1.31,81.04,0.75,5.59,Assam_Dhubri
2014-11-05,0.0,28.03,19.63,0.74,77.88,0.75,5.55,Assam_Dhubri
2014-11-06,0.0,28.73,20.08,0.78,78.17,0.74,5.56,Assam_Dhubri
2014-11-07,0.0,28.76,19.91,1.53,81.03,0.74,5.26,Assam_Dhubri
2014-11-08,0.0,28.97,20.4,1.41,81.98,0.73,5.2,Assam_Dhubri
2014-11-09,0.0,29.43,20.96,1.11,82.12,0.73,5.69,Assam_Dhubri
2014-11-10,0.0,27.63,19.05,1.37,82.13,0.72,4.98,Assam_Dhubri
2014-11-11,0.0,27.51,18.94,1.32,81.24,0.72,4.08,Assam_Dhubri
2014-11-12,0.0,27.08,18.87,1.39,81.88,0.71,3.69,Assam_Dhubri
2014-11-13,0.0,26.73,17.31,1.08,75.12,0.71,3.62,Assam_Dhubri
2014-11-14,0.0,27.28,16.84,0.75,74.44,0.71,3.46,Assam_Dhubri
2014-11-15,0.0,25.77,17.6,1.15,75.97,0.7,3.16,Assam_Dhubri
2014-11-16,0.0,25.49,17.53,1.23,75.28,0.7,3.04,Assam_Dhubri
2014-11-17,0.0,25.59,16.64,0.96,73.68,0.7,3.33,Assam_Dhubri
2014-11-18,0.0,26.24,17.1,0.56,73.85,0.69,4.0,Assam_Dhubri
2014-11-19,0.0,26.93,17.88,0.78,82.06,0.69,3.93,Assam_Dhubri
2014-11-20,0.0,26.1,17.32,1.13,79.28,0.68,3.43,Assam_Dhubri
2014-11-21,0.0,25.77,16.36,1.53,74.3,0.68,3.48,Assam_Dhubri
2014-11-22,0.03,25.53,14.39,1.37,70.7,0.68,2.88,Assam_Dhubri
2014-11-23,0.0,24.48,14.64,1.41,71.33,0.67,2.58,Assam_Dhubri
2014-11-24,0.0,25.01,14.39,0.82,70.62,0.67,2.53,Assam_Dhubri
2014-11-25,0.0,24.48,14.38,0.64,80.77,0.67,2.58,Assam_Dhubri
2014-11-26,0.0,24.77,15.39,1.03,77.46,0.67,2.43,Assam_Dhubri
2014-11-27,0.0,24.41,16.41,0.73,70.49,0.66,2.23,Assam_Dhubri
2014-11-28,0.01,24.72,15.24,1.4,71.83,0.66,2.78,Assam_Dhubri
2014-11-29,0.04,24.5,14.27,1.22,70.81,0.66,2.38,Assam_Dhubri
2014-11-30,0.0,24.83,14.48,0.85,74.48,0.65,2.87,Assam_Dhubri
2014-12-01,0.0,25.57,14.66,0.85,78.23,0.65,2.81,Assam_Dhubri
2014-12-02,0.0,26.46,16.24,0.93,80.99,0.65,3.1,Assam_Dhubri
2014-12-03,0.0,25.8,15.47,1.13,74.79,0.65,2.94,Assam_Dhubri
2014-12-04,0.0,25.95,15.91,0.62,76.98,0.64,2.89,Assam_Dhubri
2014-12-05,0.0,26.55,17.37,0.79,82.77,0.64,2.87,Assam_Dhubri
2014-12-06,0.0,25.62,15.36,1.37,80.73,0.64,2.59,Assam_Dhubri
2014-12-07,0.0,23.91,12.98,1.61,73.01,0.63,2.5,Assam_Dhubri
2014-12-08,0.0,23.96,12.32,1.36,72.25,0.63,2.35,Assam_Dhubri
2014-12-09,0.0,23.55,12.76,1.47,71.74,0.63,2.08,Assam_Dhubri
2014-12-10,0.0,22.28,11.15,1.54,70.89,0.62,1.84,Assam_Dhubri
2014-12-11,0.0,21.74,10.7,1.61,71.15,0.62,1.73,Assam_Dhubri
2014-12-12,0.0,20.93,10.35,0.8,79.14,0.62,1.54,Assam_Dhubri
2014-12-13,0.0,20.54,11.75,0.9,89.26,0.62,0.71,Assam_Dhubri
2014-12-14,0.1,23.5,14.34,0.69,81.98,0.62,1.42,Assam_Dhubri
2014-12-15,0.0,26.46,15.18,0.61,70.01,0.62,2.15,Assam_Dhubri
2014-12-16,0.0,24.88,15.45,0.88,76.47,0.61,2.57,Assam_Dhubri
2014-12-17,0.01,23.14,12.21,1.79,76.75,0.61,2.01,Assam_Dhubri
2014-12-18,0.0,21.38,9.32,1.26,75.18,0.61,1.89,Assam_Dhubri
2014-12-19,0.0,21.72,9.94,1.51,84.81,0.6,1.73,Assam_Dhubri
2014-12-20,0.0,23.38,12.48,0.65,79.7,0.6,1.94,Assam_Dhubri
2014-12-21,0.0,24.14,14.28,0.85,80.18,0.6,2.33,Assam_Dhubri
2014-12-22,0.0,23.78,13.04,0.84,78.14,0.6,2.06,Assam_Dhubri
2014-12-23,0.0,23.72,12.8,0.72,80.06,0.59,2.0,Assam_Dhubri
2014-12-24,0.0,24.75,13.12,0.79,74.74,0.59,2.15,Assam_Dhubri
2014-12-25,0.0,23.46,10.88,1.1,70.59,0.59,2.03,Assam_Dhubri
2014-12-26,0.0,22.24,9.29,1.45,71.67,0.59,1.8,Assam_Dhubri
2014-12-27,0.0,22.34,9.63,0.87,66.36,0.59,2.02,Assam_Dhubri
2014-12-28,0.0,23.24,11.05,1.0,79.0,0.58,1.68,Assam_Dhubri
2014-12-29,0.0,23.8,13.59,0.9,83.61,0.58,1.88,Assam_Dhubri
2014-12-30,0.0,24.7,12.9,1.14,83.16,0.58,1.91,Assam_Dhubri
2014-12-31,0.0,25.18,13.64,1.29,77.26,0.58,2.03,Assam_Dhubri
2015-01-01,0.0,24.69,15.77,0.82,73.87,0.57,1.54,Assam_Dhubri
2015-01-02,0.54,27.11,16.4,0.64,69.09,0.57,2.63,Assam_Dhubri
2015-01-03,6.95,26.04,16.97,1.28,80.46,0.58,1.65,Assam_Dhubri
2015-01-04,5.52,24.1,16.43,1.51,85.79,0.59,1.04,Assam_Dhubri
2015-01-05,0.02,23.5,13.74,2.68,78.36,0.58,1.95,Assam_Dhubri
2015-01-06,0.0,21.85,10.73,1.02,73.31,0.58,1.74,Assam_Dhubri
2015-01-07,0.0,22.62,10.96,1.23,68.53,0.58,1.56,Assam_Dhubri
2015-01-08,0.0,23.1,13.01,0.82,67.08,0.57,1.71,Assam_Dhubri
2015-01-09,0.0,24.1,11.89,1.9,72.58,0.57,1.69,Assam_Dhubri
2015-01-10,0.0,22.43,9.87,1.6,64.04,0.57,1.75,Assam_Dhubri
2015-01-11,0.0,22.48,9.28,0.71,66.05,0.56,1.74,Assam_Dhubri
2015-01-12,0.0,22.64,10.14,1.31,82.92,0.56,1.49,Assam_Dhubri
2015-01-13,0.0,24.64,12.48,0.86,74.19,0.56,1.83,Assam_Dhubri
2015-01-14,0.0,24.64,13.49,0.86,75.53,0.56,1.79,Assam_Dhubri
2015-01-15,0.0,24.93,13.88,1.3,77.82,0.55,1.85,Assam_Dhubri
2015-01-16,0.0,25.29,14.02,1.4,75.01,0.55,1.83,Assam_Dhubri
2015-01-17,1.41,25.21,13.75,1.13,72.18,0.55,1.61,Assam_Dhubri
2015-01-18,0.0,23.06,9.52,1.78,69.62,0.55,1.51,Assam_Dhubri
2015-01-19,0.0,22.86,9.63,1.28,66.17,0.55,1.62,Assam_Dhubri
2015-01-20,0.0,23.21,9.91,1.11,63.55,0.54,1.59,Assam_Dhubri
2015-01-21,0.0,23.5,9.63,0.86,71.99,0.54,1.45,Assam_Dhubri
2015-01-22,0.0,24.81,11.79,0.69,71.65,0.54,1.7,Assam_Dhubri
2015-01-23,0.0,25.43,13.28,1.44,64.7,0.54,1.72,Assam_Dhubri
2015-01-24,0.0,25.19,12.05,2.03,68.8,0.53,1.66,Assam_Dhubri
2015-01-25,0.0,24.24,11.06,1.48,67.56,0.53,1.68,Assam_Dhubri
2015-01-26,0.0,24.71,10.97,1.31,60.01,0.53,1.62,Assam_Dhubri
2015-01-27,0.0,25.04,12.52,1.71,65.67,0.53,1.48,Assam_Dhubri
2015-01-28,0.0,25.86,13.06,2.07,72.8,0.52,1.66,Assam_Dhubri
2015-01-29,0.0,25.87,12.79,1.52,67.32,0.52,1.68,Assam_Dhubri
2015-01-30,0.84,23.87,11.35,2.63,67.16,0.52,1.57,Assam_Dhubri
2015-01-31,0.0,21.81,8.43,1.12,57.14,0.52,1.44,Assam_Dhubri
2015-02-01,0.0,22.7,10.2,0.66,55.21,0.51,1.47,Assam_Dhubri
2015-02-02,0.0,24.01,10.1,1.24,67.1,0.51,1.5,Assam_Dhubri
2015-02-03,0.0,25.32,12.14,0.91,74.52,0.51,1.6,Assam_Dhubri
2015-02-04,0.0,27.0,12.89,2.05,62.15,0.51,1.89,Assam_Dhubri
2015-02-05,0.0,25.98,12.94,1.67,56.57,0.5,1.73,Assam_Dhubri
2015-02-06,0.0,24.63,10.61,1.43,58.74,0.5,1.53,Assam_Dhubri
2015-02-07,0.0,24.62,10.7,1.27,57.98,0.5,1.41,Assam_Dhubri
2015-02-08,0.0,25.76,13.15,1.27,56.06,0.5,1.51,Assam_Dhubri
2015-02-09,0.0,25.36,13.02,1.61,62.83,0.49,1.29,Assam_Dhubri
2015-02-10,0.0,25.28,13.5,1.8,62.25,0.49,1.46,Assam_Dhubri
2015-02-11,0.0,25.86,12.1,1.4,53.47,0.49,1.53,Assam_Dhubri
2015-02-12,0.0,26.36,11.67,1.75,53.29,0.49,1.61,Assam_Dhubri
2015-02-13,0.21,26.55,12.24,2.4,57.3,0.48,1.55,Assam_Dhubri
2015-02-14,0.02,25.49,12.08,1.5,55.81,0.48,1.38,Assam_Dhubri
2015-02-15,0.22,26.26,15.49,0.79,50.74,0.48,1.23,Assam_Dhubri
2015-02-16,0.0,27.5,14.8,1.11,58.83,0.48,1.55,Assam_Dhubri
2015-02-17,0.0,27.62,16.01,0.93,62.46,0.48,1.42,Assam_Dhubri
2015-02-18,1.35,28.5,18.07,1.28,60.03,0.48,1.48,Assam_Dhubri
2015-02-19,10.09,26.37,17.3,2.28,73.51,0.49,1.17,Assam_Dhubri
2015-02-20,0.03,27.09,15.76,1.59,70.12,0.49,1.58,Assam_Dhubri
2015-02-21,0.68,28.5,17.18,1.69,63.23,0.48,1.63,Assam_Dhubri
2015-02-22,0.06,29.95,16.87,1.61,57.45,0.48,1.76,Assam_Dhubri
2015-02-23,0.0,30.17,17.03,1.58,62.76,0.48,1.76,Assam_Dhubri
2015-02-24,0.89,31.14,18.28,1.92,60.07,0.47,1.79,Assam_Dhubri
2015-02-25,0.0,30.9,19.69,1.47,59.23,0.47,1.74,Assam_Dhubri
2015-02-26,0.07,31.34,19.11,2.17,60.41,0.47,1.79,Assam_Dhubri
2015-02-27,2.82,31.34,18.44,2.37,61.99,0.47,1.85,Assam_Dhubri
2015-02-28,0.0,32.23,17.94,2.13,57.2,0.46,1.93,Assam_Dhubri
2015-03-01,0.2,32.07,21.34,0.83,59.9,0.46,1.48,Assam_Dhubri
2015-03-02,0.3,32.42,22.23,2.09,58.0,0.46,1.89,Assam_Dhubri
2015-03-03,0.71,30.21,17.46,3.7,56.82,0.46,2.14,Assam_Dhubri
2015-03-04,1.99,29.36,17.02,4.2,52.81,0.45,2.0,Assam_Dhubri
2015-03-05,0.12,28.84,15.61,3.32,44.26,0.45,1.99,Assam_Dhubri
2015-03-06,0.0,27.95,12.34,1.94,47.52,0.45,1.63,Assam_Dhubri
2015-03-07,0.0,29.39,13.47,1.81,50.44,0.45,1.75,Assam_Dhubri
2015-03-08,0.0,30.02,16.07,0.95,48.1,0.44,1.7,Assam_Dhubri
2015-03-09,0.0,31.7,16.46,0.91,44.8,0.44,1.74,Assam_Dhubri
2015-03-10,0.0,33.7,15.66,2.27,41.1,0.44,1.94,Assam_Dhubri
2015-03-11,0.0,31.65,14.47,1.3,37.58,0.43,1.97,Assam_Dhubri
2015-03-12,0.0,32.49,15.28,1.38,39.71,0.43,1.7,Assam_Dhubri
2015-03-13,0.0,32.59,15.62,1.79,39.72,0.43,1.49,Assam_Dhubri
2015-03-14,0.0,33.96,16.89,2.73,44.61,0.42,1.66,Assam_Dhubri
2015-03-15,0.0,34.16,18.58,2.85,43.19,0.42,1.66,Assam_Dhubri
2015-03-16,0.01,34.31,18.14,3.82,44.63,0.42,1.62,Assam_Dhubri
2015-03-17,0.01,34.52,19.78,3.54,45.24,0.42,1.55,Assam_Dhubri
2015-03-18,0.07,34.01,19.84,3.12,41.71,0.41,1.32,Assam_Dhubri
2015-03-19,0.68,32.57,16.76,2.54,38.33,0.41,1.29,Assam_Dhubri
2015-03-20,0.0,32.32,16.29,1.06,37.71,0.41,1.16,Assam_Dhubri
2015-03-21,0.0,34.11,19.74,1.07,36.98,0.41,1.16,Assam_Dhubri
2015-03-22,0.0,34.54,18.61,1.09,39.25,0.41,1.17,Assam_Dhubri
2015-03-23,0.0,36.05,20.99,1.42,39.62,0.41,1.11,Assam_Dhubri
2015-03-24,0.04,33.8,20.62,2.09,48.56,0.4,0.78,Assam_Dhubri
2015-03-25,0.0,34.45,22.43,1.75,53.75,0.4,0.85,Assam_Dhubri
2015-03-26,0.83,34.0,22.37,1.75,53.54,0.4,0.9,Assam_Dhubri
2015-03-27,6.08,28.34,22.51,1.97,72.24,0.41,0.22,Assam_Dhubri
2015-03-28,1.85,32.17,22.17,1.2,63.69,0.42,0.58,Assam_Dhubri
2015-03-29,0.15,33.85,21.83,1.51,61.28,0.41,1.36,Assam_Dhubri
2015-03-30,7.82,33.22,22.93,1.98,61.58,0.42,0.91,Assam_Dhubri
2015-03-31,1.18,32.22,21.44,1.95,61.37,0.42,1.15,Assam_Dhubri
2015-04-01,1.15,34.34,21.87,3.32,55.53,0.42,1.51,Assam_Dhubri
2015-04-02,10.14,32.44,22.61,3.3,63.26,0.43,1.15,Assam_Dhubri
2015-04-03,0.4,35.02,20.9,1.89,54.98,0.43,1.68,Assam_Dhubri
2015-04-04,4.44,35.45,22.08,2.39,58.37,0.42,1.5,Assam_Dhubri
2015-04-05,11.75,31.14,23.03,2.09,71.23,0.44,1.22,Assam_Dhubri
2015-04-06,0.78,32.52,22.42,2.55,61.13,0.44,1.72,Assam_Dhubri
2015-04-07,0.08,34.45,20.79,1.57,58.62,0.43,1.9,Assam_Dhubri
2015-04-08,0.46,34.45,22.46,2.8,62.24,0.43,1.46,Assam_Dhubri
2015-04-09,0.03,36.58,23.45,3.22,52.27,0.42,1.62,Assam_Dhubri
2015-04-10,0.0,36.38,19.96,2.33,46.74,0.42,1.44,Assam_Dhubri
2015-04-11,0.64,35.95,20.41,1.85,51.08,0.41,1.18,Assam_Dhubri
2015-04-12,2.01,33.9,22.78,1.99,62.84,0.41,0.88,Assam_Dhubri
2015-04-13,2.0,28.16,24.4,0.63,73.98,0.42,0.28,Assam_Dhubri
2015-04-14,0.0,34.83,23.49,1.54,52.1,0.42,1.06,Assam_Dhubri
2015-04-15,0.0,33.84,23.28,1.86,51.03,0.41,0.71,Assam_Dhubri
2015-04-16,0.0,37.57,23.92,3.06,49.52,0.41,1.03,Assam_Dhubri
2015-04-17,0.21,37.12,23.59,3.63,48.08,0.41,1.09,Assam_Dhubri
2015-04-18,35.28,31.13,22.97,1.78,69.08,0.44,1.31,Assam_Dhubri
2015-04-19,13.92,33.98,22.4,2.15,69.98,0.48,3.2,Assam_Dhubri
2015-04-20,8.32,33.9,23.08,2.37,70.91,0.47,2.81,Assam_Dhubri
2015-04-21,17.08,32.93,24.91,3.0,72.44,0.49,2.42,Assam_Dhubri
2015-04-22,9.7,33.82,25.02,2.86,74.01,0.49,2.99,Assam_Dhubri
2015-04-23,6.12,34.94,25.01,2.95,71.69,0.49,3.67,Assam_Dhubri
2015-04-24,20.14,31.15,24.25,2.09,79.69,0.51,2.22,Assam_Dhubri
2015-04-25,13.02,27.93,23.37,1.09,78.39,0.53,1.14,Assam_Dhubri
2015-04-26,0.24,29.99,21.93,1.23,68.42,0.52,3.27,Assam_Dhubri
2015-04-27,1.96,30.41,21.91,1.37,71.31,0.51,3.06,Assam_Dhubri
2015-04-28,7.6,31.64,21.54,1.87,70.97,0.51,3.77,Assam_Dhubri
2015-04-29,14.72,30.02,22.55,1.32,74.68,0.53,2.64,Assam_Dhubri
2015-04-30,0.2,32.94,23.28,1.15,62.6,0.53,5.41,Assam_Dhubri
2015-05-01,3.58,33.77,23.63,2.37,69.1,0.52,4.72,Assam_Dhubri
2015-05-02,7.6,33.56,23.7,2.65,74.77,0.52,3.69,Assam_Dhubri
2015-05-03,3.36,34.26,24.32,2.63,71.57,0.52,4.63,Assam_Dhubri
2015-05-04,1.21,36.4,24.26,2.51,64.74,0.51,5.01,Assam_Dhubri
2015-05-05,1.34,35.99,24.23,2.78,65.0,0.5,4.37,Assam_Dhubri
2015-05-06,2.56,35.02,24.22,2.52,68.25,0.5,3.89,Assam_Dhubri
2015-05-07,11.13,33.99,24.44,2.01,72.46,0.5,3.25,Assam_Dhubri
2015-05-08,3.14,28.65,24.06,1.58,81.84,0.51,1.25,Assam_Dhubri
2015-05-09,0.03,32.12,23.86,0.91,72.96,0.51,2.69,Assam_Dhubri
2015-05-10,12.26,33.3,25.03,1.94,77.0,0.51,2.96,Assam_Dhubri
2015-05-11,12.11,30.86,25.39,1.39,83.01,0.53,1.73,Assam_Dhubri
2015-05-12,3.09,33.28,25.19,1.93,74.39,0.53,3.55,Assam_Dhubri
2015-05-13,2.72,33.84,24.49,2.19,73.51,0.52,4.5,Assam_Dhubri
2015-05-14,10.83,34.88,24.92,2.68,72.57,0.52,4.15,Assam_Dhubri
2015-05-15,4.99,36.92,25.5,2.78,71.15,0.52,5.17,Assam_Dhubri
2015-05-16,7.85,32.77,25.68,2.87,77.34,0.52,3.08,Assam_Dhubri
2015-05-17,2.71,34.24,25.12,2.6,72.34,0.52,4.38,Assam_Dhubri
2015-05-18,1.12,34.18,23.94,2.53,70.38,0.52,5.0,Assam_Dhubri
2015-05-19,1.5,34.57,24.96,1.89,71.42,0.51,4.91,Assam_Dhubri
2015-05-20,14.12,34.29,25.75,1.4,71.09,0.51,3.82,Assam_Dhubri
2015-05-21,3.98,35.67,26.09,2.27,68.59,0.52,5.18,Assam_Dhubri
2015-05-22,10.66,36.19,25.44,2.48,73.75,0.52,4.53,Assam_Dhubri
2015-05-23,4.31,37.17,26.32,2.49,71.25,0.52,5.22,Assam_Dhubri
2015-05-24,21.01,34.94,26.97,2.6,78.06,0.54,4.97,Assam_Dhubri
2015-05-25,11.88,34.3,26.56,2.87,77.14,0.55,4.65,Assam_Dhubri
2015-05-26,13.45,33.98,26.34,3.09,78.57,0.55,5.02,Assam_Dhubri
2015-05-27,23.35,32.56,26.07,2.86,81.63,0.57,4.68,Assam_Dhubri
2015-05-28,21.03,32.85,26.0,2.54,82.84,0.59,4.85,Assam_Dhubri
2015-05-29,11.3,33.03,26.51,2.66,81.57,0.59,5.09,Assam_Dhubri
2015-05-30,15.81,32.68,26.82,2.68,83.02,0.6,4.54,Assam_Dhubri
2015-05-31,10.15,32.82,26.6,3.23,82.62,0.6,5.3,Assam_Dhubri
2015-06-01,6.6,32.9,26.36,3.17,83.57,0.6,4.7,Assam_Dhubri
2015-06-02,3.16,32.74,26.47,2.99,82.15,0.59,5.15,Assam_Dhubri
2015-06-03,6.46,32.15,25.56,1.86,83.76,0.59,3.55,Assam_Dhubri
2015-06-04,1.53,34.55,26.23,2.48,77.34,0.59,6.6,Assam_Dhubri
2015-06-05,1.35,34.49,25.87,2.91,75.3,0.58,6.5,Assam_Dhubri
2015-06-06,0.81,33.59,26.48,3.11,78.99,0.56,5.29,Assam_Dhubri
2015-06-07,1.21,34.6,26.79,3.55,76.0,0.56,5.69,Assam_Dhubri
2015-06-08,4.07,34.28,26.91,2.89,77.29,0.55,4.68,Assam_Dhubri
2015-06-09,7.92,35.02,26.87,3.81,77.75,0.55,5.59,Assam_Dhubri
2015-06-10,45.98,32.01,27.16,3.78,85.7,0.58,3.17,Assam_Dhubri
2015-06-11,62.24,32.15,26.54,1.93,87.16,0.68,3.21,Assam_Dhubri
2015-06-12,33.39,31.34,26.42,3.07,88.16,0.71,3.4,Assam_Dhubri
2015-06-13,8.21,31.72,26.11,3.43,85.7,0.71,4.84,Assam_Dhubri
2015-06-14,13.26,29.84,25.75,2.6,87.99,0.7,2.7,Assam_Dhubri
2015-06-15,20.16,31.63,25.69,1.98,84.8,0.71,4.41,Assam_Dhubri
2015-06-16,28.09,32.09,25.67,2.02,84.66,0.72,5.07,Assam_Dhubri
2015-06-17,20.3,32.33,26.16,2.74,84.55,0.74,6.2,Assam_Dhubri
2015-06-18,20.86,31.82,25.98,2.64,84.35,0.74,5.42,Assam_Dhubri
2015-06-19,4.16,33.53,24.75,1.66,80.79,0.74,7.39,Assam_Dhubri
2015-06-20,1.78,33.49,26.42,1.53,82.41,0.72,5.99,Assam_Dhubri
2015-06-21,1.31,34.29,26.75,1.35,81.21,0.71,7.13,Assam_Dhubri
2015-06-22,13.73,33.22,26.61,2.2,83.72,0.71,5.46,Assam_Dhubri
2015-06-23,26.01,33.0,26.69,2.12,85.26,0.74,4.21,Assam_Dhubri
2015-06-24,24.06,30.77,26.86,2.0,91.14,0.75,0.99,Assam_Dhubri
2015-06-25,22.6,32.96,27.02,1.51,86.15,0.78,3.5,Assam_Dhubri
2015-06-26,31.65,31.22,26.53,1.56,89.5,0.79,1.92,Assam_Dhubri
2015-06-27,14.11,33.01,26.57,2.98,86.3,0.8,4.52,Assam_Dhubri
2015-06-28,4.24,31.45,25.33,2.09,84.99,0.8,4.32,Assam_Dhubri
2015-06-29,3.73,32.05,26.56,2.58,84.1,0.79,5.85,Assam_Dhubri
2015-06-30,4.68,32.6,26.55,3.04,84.81,0.78,5.89,Assam_Dhubri
2015-07-01,1.49,33.05,26.54,2.2,84.74,0.77,5.1,Assam_Dhubri
2015-07-02,5.81,33.38,26.93,2.59,83.98,0.76,6.38,Assam_Dhubri
2015-07-03,3.02,32.3,27.01,3.13,85.58,0.76,5.18,Assam_Dhubri
2015-07-04,3.63,32.09,27.6,3.13,86.96,0.75,3.37,Assam_Dhubri
2015-07-05,5.74,29.89,27.48,2.86,92.9,0.75,0.97,Assam_Dhubri
2015-07-06,3.97,30.42,27.0,1.11,86.09,0.75,1.87,Assam_Dhubri
2015-07-07,15.21,31.66,26.9,1.06,85.75,0.77,2.35,Assam_Dhubri
2015-07-08,2.04,32.1,27.07,1.23,85.08,0.76,3.21,Assam_Dhubri
2015-07-09,4.18,31.59,26.62,2.75,87.18,0.76,3.26,Assam_Dhubri
2015-07-10,11.9,31.84,25.83,1.51,84.53,0.76,3.32,Assam_Dhubri
2015-07-11,4.11,33.0,26.21,1.72,83.27,0.77,5.06,Assam_Dhubri
2015-07-12,1.11,33.14,26.83,2.47,83.67,0.75,6.72,Assam_Dhubri
2015-07-13,0.74,33.43,27.3,2.35,84.4,0.74,5.94,Assam_Dhubri
2015-07-14,23.18,32.14,27.57,2.59,89.22,0.74,2.6,Assam_Dhubri
2015-07-15,49.03,30.06,27.56,3.01,93.37,0.8,0.92,Assam_Dhubri
2015-07-16,16.84,31.6,26.82,0.92,84.83,0.83,2.21,Assam_Dhubri
2015-07-17,0.55,32.62,26.05,1.4,81.57,0.81,3.93,Assam_Dhubri
2015-07-18,1.61,32.57,25.47,1.05,79.89,0.8,4.85,Assam_Dhubri
2015-07-19,12.62,32.53,26.3,1.37,84.03,0.79,4.43,Assam_Dhubri
2015-07-20,12.96,28.53,25.99,1.6,88.3,0.81,1.28,Assam_Dhubri
2015-07-21,17.06,29.97,25.81,1.1,87.41,0.82,1.73,Assam_Dhubri
2015-07-22,12.17,30.32,26.12,1.23,88.88,0.83,1.64,Assam_Dhubri
2015-07-23,9.01,31.26,26.06,2.12,88.03,0.83,3.08,Assam_Dhubri
2015-07-24,23.0,31.03,26.77,2.01,88.73,0.84,2.75,Assam_Dhubri
2015-07-25,6.17,31.89,26.24,0.87,84.33,0.84,2.56,Assam_Dhubri
2015-07-26,0.34,32.92,26.09,0.93,78.1,0.83,5.47,Assam_Dhubri
2015-07-27,0.97,30.8,26.72,1.2,84.85,0.82,3.25,Assam_Dhubri
2015-07-28,0.07,33.8,26.66,1.08,75.42,0.81,6.94,Assam_Dhubri
2015-07-29,0.02,33.3,27.1,1.06,79.57,0.8,4.15,Assam_Dhubri
2015-07-30,4.2,34.02,27.47,1.97,80.88,0.8,3.96,Assam_Dhubri
2015-07-31,13.52,28.89,25.98,4.11,87.91,0.8,2.21,Assam_Dhubri
2015-08-01,21.21,29.01,25.43,3.04,92.13,0.82,0.95,Assam_Dhubri
2015-08-02,3.05,29.95,25.43,1.69,87.1,0.83,2.08,Assam_Dhubri
2015-08-03,1.31,31.35,24.63,1.86,85.08,0.82,4.68,Assam_Dhubri
2015-08-04,4.39,30.89,26.1,2.22,87.14,0.81,3.12,Assam_Dhubri
2015-08-05,3.32,31.88,25.94,2.54,85.55,0.8,4.77,Assam_Dhubri
2015-08-06,2.36,31.84,25.97,1.94,86.02,0.8,3.57,Assam_Dhubri
2015-08-07,4.86,32.69,26.42,1.33,83.81,0.8,3.58,Assam_Dhubri
2015-08-08,10.1,30.6,26.7,1.69,87.86,0.8,1.81,Assam_Dhubri
2015-08-09,7.78,33.11,26.08,1.47,83.57,0.8,4.78,Assam_Dhubri
2015-08-10,4.46,29.62,27.09,2.02,92.24,0.8,1.28,Assam_Dhubri
2015-08-11,2.56,33.94,26.85,1.26,80.82,0.8,6.17,Assam_Dhubri
2015-08-12,2.12,32.67,26.97,1.83,86.0,0.79,3.63,Assam_Dhubri
2015-08-13,0.89,33.49,26.66,1.76,83.78,0.78,6.1,Assam_Dhubri
2015-08-14,2.12,32.66,27.11,2.31,86.31,0.78,4.59,Assam_Dhubri
2015-08-15,9.55,29.15,27.56,2.68,92.39,0.78,1.01,Assam_Dhubri
2015-08-16,18.57,31.99,26.91,3.13,88.44,0.79,3.88,Assam_Dhubri
2015-08-17,16.63,31.98,26.78,3.18,88.5,0.81,3.48,Assam_Dhubri
2015-08-18,19.74,30.65,26.54,3.37,91.29,0.82,1.75,Assam_Dhubri
2015-08-19,32.92,30.36,27.33,3.52,91.78,0.83,1.77,Assam_Dhubri
2015-08-20,50.03,29.93,26.99,2.57,93.02,0.87,1.02,Assam_Dhubri
2015-08-21,95.06,31.85,26.92,1.43,83.67,0.93,1.68,Assam_Dhubri
2015-08-22,13.82,30.62,25.91,0.97,83.47,0.93,2.14,Assam_Dhubri
2015-08-23,7.99,32.04,25.64,1.7,84.4,0.92,3.93,Assam_Dhubri
2015-08-24,5.33,31.32,26.22,2.18,88.12,0.91,3.0,Assam_Dhubri
2015-08-25,1.97,31.07,26.56,1.84,90.21,0.9,1.6,Assam_Dhubri
2015-08-26,1.32,31.4,26.61,1.55,88.44,0.9,2.28,Assam_Dhubri
2015-08-27,10.91,32.37,26.77,2.0,86.8,0.9,3.8,Assam_Dhubri
2015-08-28,10.15,31.8,25.88,1.96,86.36,0.9,4.66,Assam_Dhubri
2015-08-29,16.64,31.16,26.31,2.41,89.76,0.9,2.76,Assam_Dhubri
2015-08-30,37.38,29.94,26.87,3.03,92.86,0.92,1.24,Assam_Dhubri
2015-08-31,41.8,29.51,26.66,2.57,93.66,0.95,0.71,Assam_Dhubri
2015-09-01,14.14,30.42,26.11,1.98,88.99,0.95,1.43,Assam_Dhubri
2015-09-02,15.43,28.84,26.11,2.24,93.15,0.95,0.79,Assam_Dhubri
2015-09-03,36.59,30.6,25.57,1.56,89.12,0.96,1.83,Assam_Dhubri
2015-09-04,16.71,29.27,25.17,2.0,91.47,0.97,1.23,Assam_Dhubri
2015-09-05,13.83,29.39,25.57,2.27,91.18,0.97,1.5,Assam_Dhubri
2015-09-06,13.9,31.62,25.39,2.38,88.68,0.97,2.85,Assam_Dhubri
2015-09-07,1.32,32.13,25.36,2.39,87.13,0.96,3.71,Assam_Dhubri
2015-09-08,12.92,31.31,25.65,2.28,88.42,0.96,2.92,Assam_Dhubri
2015-09-09,0.98,32.65,25.4,1.45,84.9,0.95,4.07,Assam_Dhubri
2015-09-10,0.41,33.43,26.51,1.07,82.88,0.94,3.65,Assam_Dhubri
2015-09-11,16.86,31.15,26.41,1.45,88.06,0.94,1.66,Assam_Dhubri
2015-09-12,8.55,32.25,26.09,1.51,85.56,0.95,3.78,Assam_Dhubri
2015-09-13,0.21,32.44,25.54,1.6,85.12,0.94,4.27,Assam_Dhubri
2015-09-14,3.8,31.09,25.79,1.59,88.95,0.93,2.28,Assam_Dhubri
2015-09-15,8.87,31.89,26.15,1.05,81.05,0.94,2.41,Assam_Dhubri
2015-09-16,2.05,32.21,26.19,1.37,85.47,0.93,3.51,Assam_Dhubri
2015-09-17,0.01,32.91,26.37,0.99,82.66,0.92,4.47,Assam_Dhubri
2015-09-18,0.07,34.27,27.32,0.55,78.99,0.92,4.71,Assam_Dhubri
2015-09-19,5.68,32.32,25.92,1.69,87.8,0.91,1.78,Assam_Dhubri
2015-09-20,33.63,29.8,25.47,1.91,89.73,0.93,2.02,Assam_Dhubri
2015-09-21,67.15,29.69,25.47,1.54,91.16,0.96,0.9,Assam_Dhubri
2015-09-22,30.32,28.86,26.15,1.71,93.64,0.98,0.46,Assam_Dhubri
2015-09-23,31.47,30.19,26.42,1.79,88.39,0.99,2.26,Assam_Dhubri
2015-09-24,6.18,29.45,25.86,3.07,92.96,0.98,1.32,Assam_Dhubri
2015-09-25,0.19,30.9,24.59,2.5,87.7,0.97,3.68,Assam_Dhubri
2015-09-26,0.01,31.19,23.04,1.68,83.76,0.96,4.61,Assam_Dhubri
2015-09-27,0.01,31.08,23.09,1.62,83.66,0.96,4.66,Assam_Dhubri
2015-09-28,0.0,31.55,24.34,1.09,82.87,0.95,5.6,Assam_Dhubri
2015-09-29,0.0,32.67,24.38,0.71,80.27,0.94,6.73,Assam_Dhubri
2015-09-30,0.0,32.72,25.77,0.74,79.95,0.93,6.68,Assam_Dhubri
2015-10-01,0.03,32.26,25.46,1.43,85.6,0.92,5.08,Assam_Dhubri
2015-10-02,0.2,31.83,25.7,1.75,85.52,0.92,4.74,Assam_Dhubri
2015-10-03,0.42,31.86,24.89,2.09,83.83,0.91,5.25,Assam_Dhubri
2015-10-04,0.06,32.54,24.01,0.85,76.81,0.9,7.09,Assam_Dhubri
2015-10-05,1.24,31.31,23.22,1.25,76.79,0.89,6.2,Assam_Dhubri
2015-10-06,6.53,32.78,25.79,0.5,66.4,0.89,7.21,Assam_Dhubri
2015-10-07,1.39,32.46,25.49,1.11,77.52,0.88,5.86,Assam_Dhubri
2015-10-08,1.52,31.14,25.51,1.61,86.48,0.88,4.75,Assam_Dhubri
2015-10-09,0.04,31.35,24.11,2.5,86.61,0.87,5.52,Assam_Dhubri
2015-10-10,2.33,31.28,22.56,2.04,83.27,0.86,5.54,Assam_Dhubri
2015-10-11,8.31,31.35,22.49,0.94,78.1,0.86,5.9,Assam_Dhubri
2015-10-12,2.79,27.89,23.41,1.57,84.95,0.86,3.43,Assam_Dhubri
2015-10-13,1.08,28.24,23.09,1.64,86.77,0.85,3.95,Assam_Dhubri
2015-10-14,3.26,26.42,22.18,1.5,88.36,0.85,1.6,Assam_Dhubri
2015-10-15,0.62,29.46,22.68,0.84,80.3,0.85,4.89,Assam_Dhubri
2015-10-16,1.74,29.88,22.91,1.12,82.62,0.84,5.16,Assam_Dhubri
2015-10-17,0.57,29.87,22.84,1.44,82.55,0.84,5.51,Assam_Dhubri
2015-10-18,0.0,30.22,22.48,0.76,78.21,0.83,6.66,Assam_Dhubri
2015-10-19,0.0,30.53,22.86,0.88,79.89,0.82,6.67,Assam_Dhubri
2015-10-20,0.0,30.28,22.66,1.36,84.11,0.82,5.67,Assam_Dhubri
2015-10-21,0.0,29.77,22.57,1.54,85.02,0.81,5.27,Assam_Dhubri
2015-10-22,3.14,29.6,22.61,1.8,86.47,0.8,4.47,Assam_Dhubri
2015-10-23,2.73,29.38,22.32,1.82,85.06,0.8,4.22,Assam_Dhubri
2015-10-24,0.0,28.92,20.66,0.92,75.79,0.8,5.52,Assam_Dhubri
2015-10-25,0.0,29.05,20.38,0.97,80.71,0.79,5.98,Assam_Dhubri
2015-10-26,0.0,29.58,21.04,0.9,78.08,0.78,6.26,Assam_Dhubri
2015-10-27,0.0,28.62,21.65,0.77,77.9,0.78,5.08,Assam_Dhubri
2015-10-28,0.0,28.61,21.33,0.64,79.04,0.77,5.64,Assam_Dhubri
2015-10-29,0.0,28.87,21.3,0.89,79.4,0.77,5.68,Assam_Dhubri
2015-10-30,0.0,29.31,22.1,1.04,78.61,0.76,5.45,Assam_Dhubri
2015-10-31,0.28,29.0,21.27,1.17,77.72,0.76,5.95,Assam_Dhubri
2015-11-01,0.13,28.64,22.18,1.13,79.9,0.75,5.39,Assam_Dhubri
2015-11-02,0.01,28.31,21.68,0.84,81.83,0.74,4.98,Assam_Dhubri
2015-11-03,0.65,28.09,20.7,1.77,85.07,0.74,4.52,Assam_Dhubri
2015-11-04,0.19,28.09,19.93,2.05,85.05,0.74,4.29,Assam_Dhubri
2015-11-05,0.37,27.35,19.14,1.63,84.88,0.73,3.45,Assam_Dhubri
2015-11-06,0.08,28.43,19.74,1.43,82.11,0.73,3.49,Assam_Dhubri
2015-11-07,0.0,28.06,20.62,0.89,73.17,0.72,4.24,Assam_Dhubri
2015-11-08,0.0,27.84,18.44,1.36,84.35,0.72,4.31,Assam_Dhubri
2015-11-09,0.0,27.92,18.7,1.55,82.46,0.71,5.02,Assam_Dhubri
2015-11-10,0.0,28.24,19.7,0.82,75.26,0.71,4.97,Assam_Dhubri
2015-11-11,0.0,28.43,20.09,1.07,76.4,0.71,4.68,Assam_Dhubri
2015-11-12,0.0,27.67,18.84,0.87,74.33,0.7,4.09,Assam_Dhubri
2015-11-13,0.0,27.94,18.79,0.64,74.17,0.7,4.74,Assam_Dhubri
2015-11-14,0.0,28.06,19.82,1.14,78.22,0.69,4.58,Assam_Dhubri
2015-11-15,0.0,27.54,18.63,1.66,80.08,0.69,3.7,Assam_Dhubri
2015-11-16,0.0,27.25,18.43,1.76,81.56,0.68,3.19,Assam_Dhubri
2015-11-17,0.0,27.87,18.47,1.42,78.67,0.68,2.99,Assam_Dhubri
2015-11-18,0.0,27.98,18.24,1.29,78.39,0.68,3.13,Assam_Dhubri
2015-11-19,0.0,26.85,17.81,1.38,85.06,0.67,3.18,Assam_Dhubri
2015-11-20,0.0,27.6,17.76,1.76,84.72,0.67,3.85,Assam_Dhubri
2015-11-21,0.0,27.65,17.78,1.57,83.51,0.67,3.62,Assam_Dhubri
2015-11-22,0.0,27.78,18.18,1.24,80.74,0.66,4.05,Assam_Dhubri
2015-11-23,0.0,27.72,18.87,1.2,79.91,0.66,3.56,Assam_Dhubri
2015-11-24,0.0,27.75,19.07,0.91,75.11,0.65,3.9,Assam_Dhubri
2015-11-25,0.0,27.27,18.39,1.41,80.01,0.65,3.68,Assam_Dhubri
2015-11-26,0.0,27.82,18.55,1.02,76.22,0.65,3.72,Assam_Dhubri
2015-11-27,0.0,26.86,18.57,1.53,80.63,0.64,2.59,Assam_Dhubri
2015-11-28,0.0,27.1,17.32,1.2,77.49,0.64,3.09,Assam_Dhubri
2015-11-29,0.0,26.84,17.82,1.24,87.47,0.64,2.67,Assam_Dhubri
2015-11-30,0.0,27.61,18.5,0.83,79.91,0.63,3.2,Assam_Dhubri
2015-12-01,0.0,27.82,18.41,1.31,75.49,0.63,2.97,Assam_Dhubri
2015-12-02,0.0,27.41,17.6,1.19,77.17,0.63,2.96,Assam_Dhubri
2015-12-03,3.9,25.71,17.49,2.03,81.7,0.63,1.91,Assam_Dhubri
2015-12-04,0.19,25.74,16.0,1.51,76.5,0.63,2.11,Assam_Dhubri
2015-12-05,0.0,25.97,15.95,1.04,75.16,0.62,2.35,Assam_Dhubri
2015-12-06,0.0,25.36,15.79,1.93,86.59,0.62,2.29,Assam_Dhubri
2015-12-07,0.0,24.89,16.75,1.45,79.26,0.62,1.93,Assam_Dhubri
2015-12-08,0.02,26.21,15.9,0.98,75.08,0.62,2.75,Assam_Dhubri
2015-12-09,0.0,26.1,17.59,0.74,70.92,0.61,2.8,Assam_Dhubri
2015-12-10,0.0,25.28,15.93,1.54,71.87,0.61,2.31,Assam_Dhubri
2015-12-11,0.0,25.32,14.25,1.75,70.16,0.61,1.99,Assam_Dhubri
2015-12-12,0.07,24.84,14.01,1.73,74.96,0.6,1.7,Assam_Dhubri
2015-12-13,0.03,25.61,14.64,1.42,77.72,0.6,1.79,Assam_Dhubri
2015-12-14,0.0,23.04,12.83,1.66,65.27,0.6,1.91,Assam_Dhubri
2015-12-15,0.03,21.78,11.33,1.31,62.02,0.6,1.65,Assam_Dhubri
2015-12-16,0.0,21.46,10.96,0.85,65.28,0.6,1.52,Assam_Dhubri
2015-12-17,0.0,23.11,12.61,1.16,72.62,0.59,1.95,Assam_Dhubri
2015-12-18,0.19,20.76,10.8,1.78,74.51,0.59,1.36,Assam_Dhubri
2015-12-19,0.0,21.33,9.25,1.33,64.57,0.59,1.47,Assam_Dhubri
2015-12-20,0.0,22.13,11.25,1.22,63.98,0.59,1.76,Assam_Dhubri
2015-12-21,0.0,22.07,9.65,1.03,57.95,0.59,1.78,Assam_Dhubri
2015-12-22,0.0,22.23,10.37,0.76,61.9,0.58,1.81,Assam_Dhubri
2015-12-23,0.0,23.24,10.53,0.94,60.14,0.58,2.1,Assam_Dhubri
2015-12-24,0.0,22.81,11.93,0.78,66.73,0.58,1.87,Assam_Dhubri
2015-12-25,0.0,22.75,11.35,0.75,70.06,0.58,1.7,Assam_Dhubri
2015-12-26,0.0,22.05,9.89,0.91,69.24,0.57,1.72,Assam_Dhubri
2015-12-27,0.0,23.31,12.27,0.65,70.59,0.57,1.9,Assam_Dhubri
2015-12-28,0.0,23.77,12.84,0.88,72.63,0.57,1.88,Assam_Dhubri
2015-12-29,0.0,24.75,13.04,0.76,62.75,0.57,1.98,Assam_Dhubri
2015-12-30,0.0,24.71,13.75,0.74,66.29,0.57,1.84,Assam_Dhubri
2015-12-31,0.0,24.64,14.4,0.88,81.12,0.56,1.63,Assam_Dhubri
2016-01-01,0.0,25.45,15.0,0.84,74.33,0.56,1.79,Assam_Dhubri
2016-01-02,0.0,25.29,14.5,0.92,79.98,0.56,1.82,Assam_Dhubri
2016-01-03,0.0,25.12,14.36,1.15,67.95,0.56,1.86,Assam_Dhubri
2016-01-04,0.0,24.79,13.13,0.88,57.74,0.55,1.87,Assam_Dhubri
2016-01-05,0.0,24.42,12.92,0.94,57.21,0.55,1.77,Assam_Dhubri
2016-01-06,0.0,24.54,13.87,0.85,60.2,0.55,1.87,Assam_Dhubri
2016-01-07,0.0,25.3,13.77,0.95,60.59,0.55,1.64,Assam_Dhubri
2016-01-08,0.0,24.2,12.43,1.58,67.11,0.55,1.29,Assam_Dhubri
2016-01-09,0.01,24.17,13.02,2.55,68.49,0.54,1.32,Assam_Dhubri
2016-01-10,0.0,23.75,12.48,0.96,59.96,0.54,1.5,Assam_Dhubri
2016-01-11,0.0,22.87,11.11,1.06,69.22,0.54,1.35,Assam_Dhubri
2016-01-12,0.0,23.58,12.07,1.07,70.02,0.54,1.33,Assam_Dhubri
2016-01-13,0.0,23.85,12.19,1.6,66.67,0.54,1.42,Assam_Dhubri
2016-01-14,0.0,23.9,11.91,1.86,65.42,0.53,1.28,Assam_Dhubri
2016-01-15,0.0,23.8,12.04,1.8,65.93,0.53,1.25,Assam_Dhubri
2016-01-16,0.0,24.07,11.53,1.73,59.27,0.53,1.23,Assam_Dhubri
2016-01-17,0.0,22.55,11.63,1.14,69.7,0.53,0.9,Assam_Dhubri
2016-01-18,0.0,23.51,12.26,1.01,73.31,0.53,1.12,Assam_Dhubri
2016-01-19,0.04,24.71,12.75,1.2,64.73,0.52,1.37,Assam_Dhubri
2016-01-20,27.19,18.27,13.5,1.4,85.49,0.55,0.24,Assam_Dhubri
2016-01-21,0.48,22.09,12.3,1.52,79.03,0.56,1.16,Assam_Dhubri
2016-01-22,0.01,21.82,9.77,1.56,67.05,0.55,1.55,Assam_Dhubri
2016-01-23,0.01,21.42,8.38,1.81,59.59,0.55,1.46,Assam_Dhubri
2016-01-24,0.0,21.34,8.14,0.98,52.12,0.54,1.39,Assam_Dhubri
2016-01-25,0.0,22.48,9.17,1.35,57.23,0.54,1.57,Assam_Dhubri
2016-01-26,0.0,21.37,8.74,1.43,57.57,0.54,1.25,Assam_Dhubri
2016-01-27,0.13,21.95,10.11,1.94,60.21,0.53,1.28,Assam_Dhubri
2016-01-28,0.06,22.98,10.1,1.33,62.07,0.53,1.15,Assam_Dhubri
2016-01-29,0.0,23.61,11.8,0.93,58.68,0.53,1.37,Assam_Dhubri
2016-01-30,0.0,24.22,12.79,1.38,57.91,0.53,1.25,Assam_Dhubri
2016-01-31,0.0,24.93,12.46,1.7,65.75,0.53,1.23,Assam_Dhubri
2016-02-01,0.0,25.09,12.78,1.73,70.17,0.52,1.27,Assam_Dhubri
2016-02-02,0.0,25.82,13.01,1.61,67.12,0.52,1.46,Assam_Dhubri
2016-02-03,0.0,26.12,12.63,1.91,57.94,0.52,1.62,Assam_Dhubri
2016-02-04,0.0,25.07,12.2,1.03,52.19,0.51,1.57,Assam_Dhubri
2016-02-05,0.0,24.43,11.62,0.96,47.24,0.51,1.43,Assam_Dhubri
2016-02-06,0.0,25.51,11.93,0.88,51.07,0.51,1.42,Assam_Dhubri
2016-02-07,0.0,25.78,15.37,1.14,63.24,0.51,1.09,Assam_Dhubri
2016-02-08,0.39,27.58,14.57,1.42,59.31,0.51,1.6,Assam_Dhubri
2016-02-09,0.33,25.75,15.36,1.79,70.69,0.5,1.3,Assam_Dhubri
2016-02-10,0.09,26.2,14.13,2.25,61.98,0.5,1.51,Assam_Dhubri
2016-02-11,0.0,27.34,12.97,2.35,55.4,0.5,1.71,Assam_Dhubri
2016-02-12,0.22,27.72,14.55,1.98,50.74,0.5,1.66,Assam_Dhubri
2016-02-13,0.0,27.52,12.58,1.69,48.78,0.49,1.71,Assam_Dhubri
2016-02-14,0.0,28.2,14.97,1.44,50.87,0.49,1.62,Assam_Dhubri
2016-02-15,0.0,29.42,15.78,1.67,57.12,0.49,1.74,Assam_Dhubri
2016-02-16,0.0,30.57,15.57,2.07,51.43,0.48,1.98,Assam_Dhubri
2016-02-17,0.0,30.53,15.89,2.3,55.7,0.48,1.78,Assam_Dhubri
2016-02-18,0.0,30.54,16.67,1.88,56.16,0.48,1.8,Assam_Dhubri
2016-02-19,0.0,30.71,16.71,1.43,56.81,0.47,1.71,Assam_Dhubri
2016-02-20,0.0,31.53,18.6,1.54,57.36,0.47,1.31,Assam_Dhubri
2016-02-21,0.0,32.56,19.07,4.24,51.04,0.47,2.42,Assam_Dhubri
2016-02-22,0.0,31.19,16.38,2.92,47.59,0.46,2.12,Assam_Dhubri
2016-02-23,0.0,30.6,14.78,2.12,40.29,0.46,1.96,Assam_Dhubri
2016-02-24,0.02,29.71,14.88,1.12,36.39,0.46,1.78,Assam_Dhubri
2016-02-25,0.26,29.57,14.43,1.52,53.74,0.46,1.65,Assam_Dhubri
2016-02-26,0.0,29.24,17.03,1.67,63.18,0.45,1.44,Assam_Dhubri
2016-02-27,0.0,30.22,17.75,1.51,61.64,0.45,1.65,Assam_Dhubri
2016-02-28,0.0,30.52,18.52,1.58,59.58,0.45,1.75,Assam_Dhubri
2016-02-29,0.02,30.99,18.44,1.63,58.46,0.45,1.72,Assam_Dhubri
2016-03-01,0.0,32.13,19.85,1.41,50.42,0.45,1.89,Assam_Dhubri
2016-03-02,0.0,32.5,18.15,1.93,51.46,0.44,1.77,Assam_Dhubri
2016-03-03,0.01,33.02,19.04,1.81,46.93,0.44,1.72,Assam_Dhubri
2016-03-04,0.02,33.73,17.67,1.67,41.51,0.44,1.67,Assam_Dhubri
2016-03-05,0.0,32.69,19.29,1.41,47.12,0.44,1.46,Assam_Dhubri
2016-03-06,0.05,34.7,20.03,1.72,46.49,0.43,1.75,Assam_Dhubri
2016-03-07,0.04,33.41,18.69,2.87,40.98,0.43,1.87,Assam_Dhubri
2016-03-08,0.03,33.37,19.31,3.31,47.41,0.43,1.9,Assam_Dhubri
2016-03-09,0.02,34.69,19.59,3.14,47.55,0.42,2.02,Assam_Dhubri
2016-03-10,0.0,35.03,19.48,3.13,39.22,0.42,1.99,Assam_Dhubri
2016-03-11,0.0,35.08,18.77,2.4,37.7,0.42,1.74,Assam_Dhubri
2016-03-12,0.0,34.51,20.06,1.66,39.67,0.42,1.32,Assam_Dhubri
2016-03-13,0.33,36.16,20.27,2.9,37.37,0.42,1.68,Assam_Dhubri
2016-03-14,0.0,34.45,20.66,3.88,42.96,0.41,1.61,Assam_Dhubri
2016-03-15,0.02,33.7,20.54,3.29,48.84,0.41,1.34,Assam_Dhubri
2016-03-16,0.0,33.4,20.86,3.72,34.08,0.41,1.34,Assam_Dhubri
2016-03-17,0.01,33.65,17.4,1.89,34.44,0.41,1.13,Assam_Dhubri
2016-03-18,0.0,33.15,19.13,1.56,32.91,0.4,1.06,Assam_Dhubri
2016-03-19,0.09,34.77,18.49,1.84,41.58,0.4,1.04,Assam_Dhubri
2016-03-20,5.26,34.09,21.72,2.19,57.3,0.41,0.93,Assam_Dhubri
2016-03-21,7.16,35.01,21.48,2.88,52.92,0.42,1.26,Assam_Dhubri
2016-03-22,0.45,35.69,18.47,3.08,31.44,0.42,1.61,Assam_Dhubri
2016-03-23,0.02,34.77,17.21,1.65,32.64,0.41,1.26,Assam_Dhubri
2016-03-24,0.0,34.28,17.55,1.6,38.58,0.41,1.04,Assam_Dhubri
2016-03-25,0.0,36.06,19.74,1.15,37.25,0.4,1.09,Assam_Dhubri
2016-03-26,0.0,36.02,20.8,1.6,40.06,0.4,0.9,Assam_Dhubri
2016-03-27,5.9,35.31,23.21,2.42,56.65,0.41,0.92,Assam_Dhubri
2016-03-28,42.94,30.34,22.44,2.69,80.73,0.46,0.63,Assam_Dhubri
2016-03-29,2.71,33.14,21.24,2.7,67.69,0.48,2.67,Assam_Dhubri
2016-03-30,2.59,32.98,21.25,1.54,66.88,0.47,2.4,Assam_Dhubri
2016-03-31,26.11,29.53,21.98,1.99,80.55,0.48,0.82,Assam_Dhubri
2016-04-01,23.81,26.56,21.99,1.85,78.05,0.54,0.66,Assam_Dhubri
2016-04-02,0.14,31.92,19.09,1.36,65.8,0.53,3.91,Assam_Dhubri
2016-04-03,0.61,33.42,21.97,1.68,68.57,0.52,3.47,Assam_Dhubri
2016-04-04,1.18,32.36,22.94,1.78,74.69,0.51,2.8,Assam_Dhubri
2016-04-05,25.86,33.55,24.38,3.4,71.64,0.52,2.55,Assam_Dhubri
2016-04-06,9.05,34.42,23.17,2.36,72.8,0.54,3.7,Assam_Dhubri
2016-04-07,1.36,36.22,23.07,2.63,66.71,0.53,4.63,Assam_Dhubri
2016-04-08,1.63,37.46,23.89,3.44,59.96,0.52,5.14,Assam_Dhubri
2016-04-09,0.25,38.05,22.39,3.3,55.52,0.51,4.68,Assam_Dhubri
2016-04-10,1.21,39.26,20.79,3.36,39.99,0.5,4.88,Assam_Dhubri
2016-04-11,0.08,38.31,21.01,2.86,49.91,0.49,3.95,Assam_Dhubri
2016-04-12,1.44,39.1,21.48,3.51,46.9,0.48,4.05,Assam_Dhubri
2016-04-13,0.36,38.05,20.87,3.48,35.39,0.47,3.91,Assam_Dhubri
2016-04-14,1.68,37.24,19.34,2.48,45.09,0.47,3.0,Assam_Dhubri
2016-04-15,3.21,36.41,22.42,2.29,62.77,0.47,2.57,Assam_Dhubri
2016-04-16,23.53,34.39,25.18,2.05,70.88,0.49,2.15,Assam_Dhubri
2016-04-17,12.32,33.26,23.74,2.68,75.51,0.51,2.63,Assam_Dhubri
2016-04-18,21.76,32.39,24.63,2.41,79.93,0.53,2.34,Assam_Dhubri
2016-04-19,11.03,36.38,24.38,3.01,70.37,0.54,4.68,Assam_Dhubri
2016-04-20,10.14,34.41,24.29,2.8,74.02,0.54,3.85,Assam_Dhubri
2016-04-21,12.9,37.11,24.54,2.61,67.23,0.55,4.47,Assam_Dhubri
2016-04-22,1.85,36.2,24.3,2.25,66.79,0.54,4.64,Assam_Dhubri
2016-04-23,0.98,37.63,23.63,2.89,65.45,0.53,5.06,Assam_Dhubri
2016-04-24,3.2,38.77,23.05,3.55,51.2,0.52,5.69,Assam_Dhubri
2016-04-25,0.6,38.32,19.08,3.02,44.23,0.51,5.23,Assam_Dhubri
2016-04-26,1.74,36.55,23.81,2.17,69.79,0.5,4.0,Assam_Dhubri
2016-04-27,2.28,35.86,24.43,2.15,68.54,0.5,3.76,Assam_Dhubri
2016-04-28,3.26,36.95,24.59,2.83,68.16,0.49,3.98,Assam_Dhubri
2016-04-29,16.49,35.86,25.05,2.57,72.27,0.51,3.91,Assam_Dhubri
2016-04-30,0.83,36.96,24.83,2.45,69.44,0.51,4.62,Assam_Dhubri
2016-05-01,13.26,34.78,23.95,2.19,71.34,0.52,3.7,Assam_Dhubri
2016-05-02,8.64,30.32,24.95,1.43,74.71,0.53,1.52,Assam_Dhubri
2016-05-03,0.15,32.74,23.34,0.91,64.71,0.52,3.76,Assam_Dhubri
2016-05-04,13.15,30.22,24.13,1.5,78.41,0.53,1.89,Assam_Dhubri
2016-05-05,18.39,31.47,24.21,1.24,75.0,0.55,3.33,Assam_Dhubri
2016-05-06,10.15,33.11,22.72,1.96,73.43,0.55,4.63,Assam_Dhubri
2016-05-07,10.42,32.87,23.59,1.87,76.7,0.56,4.52,Assam_Dhubri
2016-05-08,15.07,32.78,23.72,1.9,75.16,0.57,5.3,Assam_Dhubri
2016-05-09,1.09,33.86,23.88,1.6,71.99,0.56,5.46,Assam_Dhubri
2016-05-10,2.95,33.54,24.88,1.43,73.28,0.55,3.49,Assam_Dhubri
2016-05-11,4.66,34.7,25.5,1.66,72.01,0.55,5.17,Assam_Dhubri
2016-05-12,1.92,34.67,25.18,1.9,71.35,0.55,5.68,Assam_Dhubri
2016-05-13,9.59,32.28,25.2,2.59,78.06,0.55,4.15,Assam_Dhubri
2016-05-14,24.14,32.1,24.76,2.9,81.66,0.57,3.95,Assam_Dhubri
2016-05-15,25.37,33.19,25.58,2.67,82.9,0.59,4.75,Assam_Dhubri
2016-05-16,31.0,33.4,26.42,3.06,81.12,0.62,4.79,Assam_Dhubri
2016-05-17,34.75,33.0,25.8,2.97,82.2,0.65,4.9,Assam_Dhubri
2016-05-18,24.94,31.84,25.77,2.79,83.13,0.67,5.18,Assam_Dhubri
2016-05-19,29.91,29.53,25.08,2.15,86.77,0.69,2.62,Assam_Dhubri
2016-05-20,12.72,31.77,24.65,1.33,81.75,0.7,4.84,Assam_Dhubri
2016-05-21,5.1,31.55,24.59,2.42,83.04,0.69,5.44,Assam_Dhubri
2016-05-22,0.02,33.74,24.52,1.07,75.35,0.67,7.82,Assam_Dhubri
2016-05-23,1.48,34.27,25.54,1.28,77.5,0.66,7.0,Assam_Dhubri
2016-05-24,13.0,34.25,27.19,1.53,77.5,0.67,5.24,Assam_Dhubri
2016-05-25,17.93,33.4,25.82,2.85,78.11,0.68,6.55,Assam_Dhubri
2016-05-26,3.72,33.32,25.39,1.82,77.21,0.67,6.66,Assam_Dhubri
2016-05-27,30.03,32.35,25.2,1.24,79.74,0.69,5.33,Assam_Dhubri
2016-05-28,9.07,32.69,25.73,1.24,80.7,0.7,5.65,Assam_Dhubri
2016-05-29,3.7,33.26,25.39,1.68,78.15,0.69,6.69,Assam_Dhubri
2016-05-30,4.14,33.12,25.18,2.04,77.12,0.68,7.2,Assam_Dhubri
2016-05-31,19.64,33.44,25.48,1.75,76.26,0.69,6.67,Assam_Dhubri
2016-06-01,8.2,32.66,25.23,1.96,79.79,0.69,6.3,Assam_Dhubri
2016-06-02,0.15,33.86,25.03,1.52,77.7,0.68,6.98,Assam_Dhubri
2016-06-03,0.01,34.19,25.63,1.75,78.19,0.67,7.92,Assam_Dhubri
2016-06-04,0.07,33.65,26.06,1.95,78.86,0.65,7.56,Assam_Dhubri
2016-06-05,1.76,33.79,25.7,2.2,80.42,0.65,7.35,Assam_Dhubri
2016-06-06,5.02,31.39,26.57,1.62,85.97,0.64,3.23,Assam_Dhubri
2016-06-07,12.81,32.58,26.56,1.79,84.04,0.65,3.82,Assam_Dhubri
2016-06-08,11.48,33.22,26.51,2.91,83.37,0.66,6.36,Assam_Dhubri
2016-06-09,11.88,33.26,26.53,2.09,82.56,0.67,6.13,Assam_Dhubri
2016-06-10,2.63,34.69,26.63,2.02,79.8,0.66,6.95,Assam_Dhubri
2016-06-11,0.48,36.33,26.69,1.81,72.67,0.65,8.33,Assam_Dhubri
2016-06-12,6.31,34.64,27.57,2.36,82.44,0.64,5.81,Assam_Dhubri
2016-06-13,32.93,31.4,26.86,2.57,87.56,0.68,3.05,Assam_Dhubri
2016-06-14,5.89,31.38,26.79,2.05,85.86,0.68,2.48,Assam_Dhubri
2016-06-15,41.85,29.92,26.95,1.52,88.26,0.71,1.26,Assam_Dhubri
2016-06-16,16.88,33.03,26.65,1.63,83.28,0.74,3.5,Assam_Dhubri
2016-06-17,2.28,29.85,27.03,1.9,88.38,0.73,2.4,Assam_Dhubri
2016-06-18,14.59,32.63,26.56,1.63,85.59,0.74,3.62,Assam_Dhubri
2016-06-19,9.15,32.14,26.45,2.79,85.13,0.73,5.6,Assam_Dhubri
2016-06-20,22.93,31.22,26.69,3.27,86.84,0.75,3.19,Assam_Dhubri
2016-06-21,33.82,30.22,26.85,2.55,89.38,0.77,1.61,Assam_Dhubri
2016-06-22,32.48,30.89,26.87,2.99,89.65,0.8,2.24,Assam_Dhubri
2016-06-23,38.91,29.98,26.76,2.57,91.43,0.82,1.35,Assam_Dhubri
2016-06-24,64.04,28.93,26.35,2.01,89.02,0.87,1.45,Assam_Dhubri
2016-06-25,56.57,31.61,25.93,1.86,86.0,0.9,2.94,Assam_Dhubri
2016-06-26,8.2,33.58,26.21,1.35,82.88,0.9,4.35,Assam_Dhubri
2016-06-27,12.57,31.15,26.95,1.52,88.08,0.88,1.65,Assam_Dhubri
2016-06-28,0.7,34.05,26.77,1.53,82.44,0.87,5.06,Assam_Dhubri
2016-06-29,1.96,32.73,27.2,2.21,85.48,0.86,4.46,Assam_Dhubri
2016-06-30,10.06,30.96,27.03,2.12,89.48,0.86,2.06,Assam_Dhubri
2016-07-01,16.21,32.41,26.61,1.64,86.46,0.86,2.86,Assam_Dhubri
2016-07-02,35.33,29.85,27.13,1.67,89.22,0.89,1.3,Assam_Dhubri
2016-07-03,42.31,30.97,26.47,1.93,88.83,0.91,1.79,Assam_Dhubri
2016-07-04,38.25,31.16,26.58,2.2,89.18,0.93,1.86,Assam_Dhubri
2016-07-05,30.25,32.46,26.33,2.17,88.2,0.93,2.85,Assam_Dhubri
2016-07-06,14.4,33.19,26.06,1.81,84.74,0.93,4.14,Assam_Dhubri
2016-07-07,7.19,32.57,27.02,1.51,85.27,0.93,3.04,Assam_Dhubri
2016-07-08,2.46,31.81,27.44,1.43,84.83,0.92,2.44,Assam_Dhubri
2016-07-09,6.63,32.68,27.11,1.53,84.45,0.92,2.45,Assam_Dhubri
2016-07-10,7.38,33.05,26.46,1.57,85.03,0.91,3.16,Assam_Dhubri
2016-07-11,5.58,33.49,26.64,1.59,83.58,0.91,4.33,Assam_Dhubri
2016-07-12,3.41,32.65,27.05,2.09,85.21,0.9,4.55,Assam_Dhubri
2016-07-13,4.61,32.11,26.59,1.76,85.3,0.9,3.33,Assam_Dhubri
2016-07-14,3.72,31.53,27.16,2.04,88.7,0.89,2.63,Assam_Dhubri
2016-07-15,9.84,31.57,27.12,1.56,88.1,0.89,1.97,Assam_Dhubri
2016-07-16,35.42,30.31,26.94,2.15,89.86,0.9,1.12,Assam_Dhubri
2016-07-17,68.98,31.26,26.16,2.51,88.24,0.95,2.39,Assam_Dhubri
2016-07-18,36.55,32.06,25.89,2.77,89.05,0.96,2.96,Assam_Dhubri
2016-07-19,19.47,31.05,26.61,2.5,89.78,0.96,2.2,Assam_Dhubri
2016-07-20,17.99,30.66,26.99,2.59,91.01,0.96,1.64,Assam_Dhubri
2016-07-21,23.26,30.23,26.69,2.6,91.54,0.96,1.23,Assam_Dhubri
2016-07-22,40.76,30.5,26.56,2.42,89.89,0.97,1.84,Assam_Dhubri
2016-07-23,30.04,29.75,25.89,2.2,91.34,0.98,1.16,Assam_Dhubri
2016-07-24,22.55,30.66,25.74,3.19,89.3,0.98,2.33,Assam_Dhubri
2016-07-25,36.21,29.51,25.47,1.47,87.78,0.98,1.2,Assam_Dhubri
2016-07-26,13.45,30.68,25.34,1.84,87.54,0.99,2.42,Assam_Dhubri
2016-07-27,4.52,31.39,25.29,1.75,86.02,0.98,3.21,Assam_Dhubri
2016-07-28,8.31,32.07,25.94,1.84,85.89,0.97,3.05,Assam_Dhubri
2016-07-29,10.01,31.62,26.54,1.77,86.04,0.97,2.38,Assam_Dhubri
2016-07-30,7.69,32.68,26.9,0.97,79.96,0.97,3.73,Assam_Dhubri
2016-07-31,2.4,30.04,26.76,1.03,85.3,0.96,1.12,Assam_Dhubri
2016-08-01,20.22,32.57,27.17,1.2,80.26,0.96,2.85,Assam_Dhubri
2016-08-02,41.58,30.4,27.06,1.45,89.33,0.98,0.98,Assam_Dhubri
2016-08-03,8.24,33.36,26.75,1.14,81.59,0.98,3.17,Assam_Dhubri
2016-08-04,1.78,30.89,27.49,1.27,87.45,0.97,1.38,Assam_Dhubri
2016-08-05,4.44,30.36,26.73,1.5,87.13,0.97,1.43,Assam_Dhubri
2016-08-06,2.33,29.95,26.73,1.26,89.45,0.96,0.86,Assam_Dhubri
2016-08-07,3.98,29.38,26.52,1.49,87.99,0.96,1.18,Assam_Dhubri
2016-08-08,3.56,31.11,25.88,1.52,87.32,0.96,2.07,Assam_Dhubri
2016-08-09,4.44,32.38,26.69,1.47,85.39,0.95,2.9,Assam_Dhubri
2016-08-10,1.78,31.47,26.13,2.02,86.39,0.95,2.3,Assam_Dhubri
2016-08-11,2.86,33.37,26.18,2.06,84.16,0.94,3.76,Assam_Dhubri
2016-08-12,0.86,32.04,26.65,1.37,86.53,0.93,2.92,Assam_Dhubri
2016-08-13,1.95,32.8,26.55,1.66,86.19,0.93,3.42,Assam_Dhubri
2016-08-14,4.47,31.78,27.35,1.5,87.17,0.92,1.74,Assam_Dhubri
2016-08-15,4.93,33.29,26.45,1.33,84.35,0.92,3.44,Assam_Dhubri
2016-08-16,4.28,31.46,27.29,1.42,88.76,0.92,1.28,Assam_Dhubri
2016-08-17,1.81,32.83,27.0,1.92,85.92,0.91,2.39,Assam_Dhubri
2016-08-18,0.53,31.57,26.63,1.45,85.48,0.91,2.45,Assam_Dhubri
2016-08-19,0.24,32.19,26.93,2.03,86.09,0.9,3.76,Assam_Dhubri
2016-08-20,0.03,32.87,25.71,2.04,85.26,0.89,3.97,Assam_Dhubri
2016-08-21,6.69,32.85,27.27,1.56,87.59,0.89,2.53,Assam_Dhubri
2016-08-22,5.47,31.59,25.36,2.86,84.51,0.89,3.92,Assam_Dhubri
2016-08-23,0.52,32.43,25.8,1.58,83.88,0.88,4.57,Assam_Dhubri
2016-08-24,0.01,32.16,26.3,0.65,77.17,0.87,4.19,Assam_Dhubri
2016-08-25,0.76,35.58,27.34,0.89,74.96,0.87,3.87,Assam_Dhubri
2016-08-26,2.24,32.99,27.68,0.88,82.19,0.86,2.07,Assam_Dhubri
2016-08-27,0.39,33.55,26.37,1.55,83.04,0.86,5.02,Assam_Dhubri
2016-08-28,15.28,32.05,26.65,1.94,87.83,0.86,2.72,Assam_Dhubri
2016-08-29,20.28,31.08,26.36,1.99,88.98,0.88,2.35,Assam_Dhubri
2016-08-30,14.86,32.71,25.28,2.17,85.69,0.88,4.34,Assam_Dhubri
2016-08-31,10.92,30.73,26.54,2.73,88.34,0.88,3.22,Assam_Dhubri
2016-09-01,8.91,31.57,26.44,3.12,88.5,0.88,3.99,Assam_Dhubri
2016-09-02,16.44,31.76,26.6,2.46,88.44,0.89,3.4,Assam_Dhubri
2016-09-03,17.51,30.94,26.66,1.36,85.82,0.89,2.21,Assam_Dhubri
2016-09-04,6.16,31.21,26.26,1.29,87.7,0.89,2.21,Assam_Dhubri
2016-09-05,2.74,31.79,26.77,1.33,86.4,0.89,2.77,Assam_Dhubri
2016-09-06,3.35,33.14,26.65,1.18,81.48,0.88,5.03,Assam_Dhubri
2016-09-07,4.76,31.54,26.07,1.24,85.35,0.88,3.62,Assam_Dhubri
2016-09-08,2.93,31.54,26.34,1.66,86.7,0.88,3.31,Assam_Dhubri
2016-09-09,5.16,32.11,25.95,2.16,85.93,0.87,4.85,Assam_Dhubri
2016-09-10,14.57,30.84,26.04,1.83,88.02,0.88,3.09,Assam_Dhubri
2016-09-11,5.01,29.35,25.37,1.52,92.3,0.88,1.41,Assam_Dhubri
2016-09-12,7.57,28.66,25.68,1.13,88.56,0.88,1.73,Assam_Dhubri
2016-09-13,4.19,28.66,25.68,1.27,90.22,0.88,0.97,Assam_Dhubri
2016-09-14,1.97,28.22,25.28,1.38,92.21,0.88,1.2,Assam_Dhubri
2016-09-15,9.74,32.16,24.57,1.77,86.05,0.88,4.65,Assam_Dhubri
2016-09-16,7.28,30.15,25.44,1.73,90.62,0.88,1.68,Assam_Dhubri
2016-09-17,3.41,31.27,25.38,1.76,88.59,0.88,3.45,Assam_Dhubri
2016-09-18,17.9,29.98,25.79,1.6,90.27,0.88,1.97,Assam_Dhubri
2016-09-19,27.14,30.04,25.52,1.38,89.5,0.91,1.72,Assam_Dhubri
2016-09-20,10.32,30.61,25.44,0.95,85.36,0.91,1.65,Assam_Dhubri
2016-09-21,35.71,29.49,25.59,1.08,89.84,0.93,0.72,Assam_Dhubri
2016-09-22,2.92,30.29,24.47,1.22,86.88,0.93,3.38,Assam_Dhubri
2016-09-23,9.42,27.5,25.12,1.69,92.0,0.92,0.99,Assam_Dhubri
2016-09-24,10.89,31.14,24.42,1.05,87.29,0.93,3.18,Assam_Dhubri
2016-09-25,52.47,29.34,25.16,1.13,90.32,0.95,0.94,Assam_Dhubri
2016-09-26,18.0,30.07,24.88,1.03,87.33,0.96,2.77,Assam_Dhubri
2016-09-27,2.76,30.68,25.32,0.94,86.03,0.96,2.66,Assam_Dhubri
2016-09-28,4.23,32.06,25.22,0.5,81.57,0.95,5.18,Assam_Dhubri
2016-09-29,10.21,32.38,25.38,0.84,81.67,0.95,4.36,Assam_Dhubri
2016-09-30,2.95,31.42,26.41,1.21,85.67,0.95,2.2,Assam_Dhubri
2016-10-01,0.13,31.3,25.71,1.11,85.43,0.94,3.08,Assam_Dhubri
2016-10-02,0.2,32.02,25.61,1.42,84.63,0.93,4.29,Assam_Dhubri
2016-10-03,4.56,31.65,25.48,1.4,87.49,0.93,3.46,Assam_Dhubri
2016-10-04,2.22,31.69,25.94,1.37,86.05,0.93,3.66,Assam_Dhubri
2016-10-05,2.87,32.85,26.93,0.72,80.26,0.92,2.58,Assam_Dhubri
2016-10-06,3.82,30.76,26.13,1.24,88.65,0.92,1.32,Assam_Dhubri
2016-10-07,4.36,30.45,25.72,1.77,87.67,0.92,3.09,Assam_Dhubri
2016-10-08,10.08,31.15,24.49,1.46,86.76,0.92,4.28,Assam_Dhubri
2016-10-09,14.14,29.41,25.5,1.87,91.26,0.92,1.7,Assam_Dhubri
2016-10-10,25.41,30.06,24.81,1.12,87.62,0.93,2.14,Assam_Dhubri
2016-10-11,23.17,28.99,24.8,1.24,89.12,0.95,1.81,Assam_Dhubri
2016-10-12,38.82,26.82,24.2,2.97,93.74,0.96,0.99,Assam_Dhubri
2016-10-13,11.09,29.93,23.47,1.44,80.34,0.97,3.89,Assam_Dhubri
2016-10-14,0.0,30.21,21.93,0.8,74.07,0.96,5.74,Assam_Dhubri
2016-10-15,0.0,29.61,20.95,0.51,76.13,0.95,6.17,Assam_Dhubri
2016-10-16,0.0,30.52,22.44,0.88,75.37,0.94,6.01,Assam_Dhubri
2016-10-17,0.0,31.0,22.85,0.91,76.42,0.93,5.86,Assam_Dhubri
2016-10-18,0.0,31.41,23.94,1.01,75.86,0.92,6.29,Assam_Dhubri
2016-10-19,0.0,31.26,23.08,0.81,75.18,0.92,6.87,Assam_Dhubri
2016-10-20,0.0,30.71,22.52,0.71,72.03,0.91,7.12,Assam_Dhubri
2016-10-21,0.0,29.9,21.85,0.83,78.54,0.9,6.17,Assam_Dhubri
2016-10-22,0.0,29.88,22.32,0.7,73.95,0.9,6.54,Assam_Dhubri
2016-10-23,0.0,29.22,22.19,0.49,75.26,0.89,6.03,Assam_Dhubri
2016-10-24,0.0,29.19,21.72,0.86,77.2,0.88,5.85,Assam_Dhubri
2016-10-25,0.0,30.46,23.04,1.05,76.6,0.88,6.11,Assam_Dhubri
2016-10-26,0.42,30.32,22.78,0.84,76.54,0.87,6.12,Assam_Dhubri
2016-10-27,0.58,29.03,22.58,0.9,74.83,0.86,4.53,Assam_Dhubri
2016-10-28,1.27,29.37,22.12,0.59,76.78,0.86,5.41,Assam_Dhubri
2016-10-29,0.04,28.26,20.64,0.91,77.06,0.85,5.26,Assam_Dhubri
2016-10-30,0.09,29.29,20.61,0.8,75.22,0.85,5.6,Assam_Dhubri
2016-10-31,0.0,28.99,20.78,1.06,81.05,0.84,5.41,Assam_Dhubri
2016-11-01,0.0,29.22,21.33,1.4,80.04,0.83,5.11,Assam_Dhubri
2016-11-02,0.0,29.67,21.9,1.59,81.92,0.83,5.09,Assam_Dhubri
2016-11-03,0.01,29.66,22.23,1.11,80.65,0.82,4.94,Assam_Dhubri
2016-11-04,0.0,29.19,22.43,0.67,76.7,0.81,5.31,Assam_Dhubri
2016-11-05,0.12,28.97,20.38,0.91,80.03,0.81,5.56,Assam_Dhubri
2016-11-06,0.53,26.43,19.8,1.9,87.56,0.8,4.04,Assam_Dhubri
2016-11-07,0.02,27.27,19.89,1.2,82.49,0.8,4.98,Assam_Dhubri
2016-11-08,0.0,27.69,18.51,0.73,81.57,0.79,5.46,Assam_Dhubri
2016-11-09,0.0,27.54,19.73,0.6,79.31,0.79,4.85,Assam_Dhubri
2016-11-10,0.0,28.34,21.52,0.96,80.45,0.78,5.0,Assam_Dhubri
2016-11-11,0.0,27.8,19.62,1.2,83.49,0.78,5.17,Assam_Dhubri
2016-11-12,0.0,27.61,18.58,1.41,83.46,0.77,4.83,Assam_Dhubri
2016-11-13,0.0,27.38,18.6,1.63,84.88,0.77,4.23,Assam_Dhubri
2016-11-14,0.0,26.06,17.18,1.37,82.17,0.76,4.0,Assam_Dhubri
2016-11-15,0.0,26.83,15.52,0.81,77.89,0.76,4.24,Assam_Dhubri
2016-11-16,0.0,26.85,15.36,0.82,75.07,0.75,4.44,Assam_Dhubri
2016-11-17,0.0,26.21,15.67,0.61,73.03,0.75,4.52,Assam_Dhubri
2016-11-18,0.0,26.53,17.06,0.61,76.84,0.74,4.5,Assam_Dhubri
2016-11-19,0.0,26.5,15.77,0.86,83.07,0.74,4.15,Assam_Dhubri
2016-11-20,0.0,27.42,18.42,1.08,80.1,0.74,4.4,Assam_Dhubri
2016-11-21,0.0,26.37,17.9,0.76,75.52,0.73,4.53,Assam_Dhubri
2016-11-22,0.0,26.03,18.18,0.48,74.68,0.73,4.41,Assam_Dhubri
2016-11-23,0.0,25.59,17.23,0.86,78.01,0.72,3.64,Assam_Dhubri
2016-11-24,0.0,26.07,17.57,0.95,81.53,0.72,3.73,Assam_Dhubri
2016-11-25,0.0,26.4,19.03,0.67,78.02,0.72,3.84,Assam_Dhubri
2016-11-26,0.0,26.36,18.42,0.99,82.19,0.71,3.46,Assam_Dhubri
2016-11-27,0.0,26.67,18.83,0.94,83.36,0.71,3.6,Assam_Dhubri
2016-11-28,0.0,26.53,20.08,0.69,79.17,0.71,3.73,Assam_Dhubri
2016-11-29,0.0,26.39,19.34,0.6,81.53,0.7,3.58,Assam_Dhubri
2016-11-30,0.0,26.3,18.0,1.23,83.85,0.7,3.47,Assam_Dhubri
2016-12-01,0.0,26.85,18.2,1.03,80.88,0.69,3.53,Assam_Dhubri
2016-12-02,0.0,27.06,18.3,1.55,83.86,0.69,3.29,Assam_Dhubri
2016-12-03,0.0,26.42,17.81,0.63,81.88,0.69,3.38,Assam_Dhubri
2016-12-04,0.0,26.14,17.14,0.85,85.04,0.68,2.94,Assam_Dhubri
2016-12-05,0.0,25.71,16.59,1.21,84.61,0.68,2.78,Assam_Dhubri
2016-12-06,0.0,26.84,16.81,1.59,78.77,0.68,3.09,Assam_Dhubri
2016-12-07,0.0,26.38,15.68,1.53,76.06,0.67,3.08,Assam_Dhubri
2016-12-08,0.0,25.84,15.15,1.49,78.67,0.67,2.87,Assam_Dhubri
2016-12-09,0.0,25.83,14.85,0.84,79.48,0.67,2.82,Assam_Dhubri
2016-12-10,0.0,25.04,14.42,0.65,77.38,0.66,2.79,Assam_Dhubri
2016-12-11,0.0,25.16,14.25,0.69,78.35,0.66,2.87,Assam_Dhubri
2016-12-12,0.0,24.43,12.5,1.0,80.12,0.66,2.68,Assam_Dhubri
2016-12-13,0.0,23.61,11.16,0.81,78.23,0.65,2.44,Assam_Dhubri
2016-12-14,0.0,24.25,12.87,0.81,81.7,0.65,2.28,Assam_Dhubri
2016-12-15,0.0,23.81,11.94,0.66,83.64,0.65,2.02,Assam_Dhubri
2016-12-16,0.0,24.34,14.73,1.36,84.1,0.65,2.22,Assam_Dhubri
2016-12-17,0.0,26.08,16.05,1.08,79.42,0.64,2.63,Assam_Dhubri
2016-12-18,0.0,25.47,15.71,1.04,81.62,0.64,2.37,Assam_Dhubri
2016-12-19,0.0,24.37,15.42,1.63,82.11,0.64,1.84,Assam_Dhubri
2016-12-20,0.0,22.94,12.84,1.49,76.9,0.64,1.73,Assam_Dhubri
2016-12-21,0.0,23.79,12.12,0.83,70.11,0.63,1.67,Assam_Dhubri
2016-12-22,0.0,24.78,13.12,1.4,81.65,0.63,1.93,Assam_Dhubri
2016-12-23,0.0,25.42,15.88,1.0,83.11,0.63,2.32,Assam_Dhubri
2016-12-24,0.0,25.59,16.13,1.67,81.31,0.63,2.08,Assam_Dhubri
2016-12-25,0.09,25.16,15.01,1.38,77.96,0.62,1.79,Assam_Dhubri
2016-12-26,2.23,24.35,16.38,1.12,80.31,0.62,1.35,Assam_Dhubri
2016-12-27,0.01,24.25,15.03,1.09,85.47,0.62,1.61,Assam_Dhubri
2016-12-28,0.11,23.19,14.23,1.11,85.2,0.62,1.85,Assam_Dhubri
2016-12-29,0.0,24.93,13.38,1.6,77.62,0.62,2.09,Assam_Dhubri
2016-12-30,0.0,24.74,14.19,1.47,75.02,0.61,2.16,Assam_Dhubri
2016-12-31,0.0,24.78,16.22,1.3,75.88,0.61,2.32,Assam_Dhubri
2017-01-01,0.0,24.75,15.61,1.32,75.94,0.61,1.67,Assam_Dhubri
2017-01-02,0.0,25.4,14.66,1.35,75.41,0.6,2.08,Assam_Dhubri
2017-01-03,0.06,24.98,15.84,1.25,75.7,0.6,1.66,Assam_Dhubri
2017-01-04,0.0,25.38,15.33,0.88,68.98,0.6,2.23,Assam_Dhubri
2017-01-05,0.0,24.83,13.75,1.13,72.98,0.6,1.97,Assam_Dhubri
2017-01-06,0.0,24.66,12.18,1.04,68.62,0.6,1.92,Assam_Dhubri
2017-01-07,0.0,24.68,12.39,0.75,64.31,0.59,2.08,Assam_Dhubri
2017-01-08,0.0,24.43,12.78,0.73,68.02,0.59,1.94,Assam_Dhubri
2017-01-09,0.0,24.35,11.96,0.85,71.56,0.59,1.87,Assam_Dhubri
2017-01-10,0.02,23.93,12.9,1.39,71.52,0.58,1.72,Assam_Dhubri
2017-01-11,0.01,23.22,12.01,1.53,78.63,0.58,1.53,Assam_Dhubri
2017-01-12,0.0,22.5,10.38,1.42,64.72,0.58,1.65,Assam_Dhubri
2017-01-13,0.0,21.11,7.55,1.53,60.3,0.58,1.5,Assam_Dhubri
2017-01-14,0.0,21.23,7.19,0.77,57.99,0.57,1.52,Assam_Dhubri
2017-01-15,0.0,20.88,8.28,0.91,68.37,0.57,1.4,Assam_Dhubri
2017-01-16,0.0,22.49,9.32,1.07,62.12,0.57,1.52,Assam_Dhubri
2017-01-17,0.0,23.14,10.46,0.94,54.52,0.57,1.43,Assam_Dhubri
2017-01-18,0.0,22.8,11.02,1.1,66.41,0.57,1.43,Assam_Dhubri
2017-01-19,0.0,23.67,10.58,0.89,70.11,0.56,1.65,Assam_Dhubri
2017-01-20,0.0,25.26,11.17,0.99,59.95,0.56,1.79,Assam_Dhubri
2017-01-21,0.0,23.92,12.08,0.87,67.02,0.56,1.51,Assam_Dhubri
2017-01-22,0.0,24.91,11.83,0.66,73.25,0.56,1.78,Assam_Dhubri
2017-01-23,0.0,24.93,11.97,0.8,66.0,0.55,1.7,Assam_Dhubri
2017-01-24,0.0,25.0,12.92,1.2,69.78,0.55,1.68,Assam_Dhubri
2017-01-25,0.0,25.92,13.29,1.78,76.6,0.55,1.79,Assam_Dhubri
2017-01-26,0.0,26.12,13.61,1.48,70.44,0.55,1.82,Assam_Dhubri
2017-01-27,0.0,28.02,16.06,0.93,62.16,0.54,1.44,Assam_Dhubri
2017-01-28,0.94,24.6,14.57,1.93,73.62,0.54,1.19,Assam_Dhubri
2017-01-29,0.26,23.85,12.02,0.92,70.8,0.54,1.75,Assam_Dhubri
2017-01-30,0.0,25.42,12.54,1.17,65.35,0.54,1.57,Assam_Dhubri
2017-01-31,0.0,24.85,13.21,1.55,65.33,0.54,1.49,Assam_Dhubri
2017-02-01,0.0,25.39,13.22,1.25,60.7,0.53,1.61,Assam_Dhubri
2017-02-02,0.02,24.99,13.07,0.8,61.55,0.53,1.33,Assam_Dhubri
2017-02-03,0.01,24.96,12.4,0.88,63.6,0.53,1.62,Assam_Dhubri
2017-02-04,0.0,25.47,12.54,1.44,73.94,0.53,1.45,Assam_Dhubri
2017-02-05,0.0,28.1,14.79,1.06,63.07,0.52,2.13,Assam_Dhubri
2017-02-06,0.0,28.72,14.87,1.64,60.78,0.52,1.97,Assam_Dhubri
2017-02-07,0.0,27.33,14.3,2.27,63.25,0.52,1.73,Assam_Dhubri
2017-02-08,0.0,26.74,12.81,1.26,56.71,0.51,1.8,Assam_Dhubri
2017-02-09,0.0,26.75,13.39,1.47,54.06,0.51,1.69,Assam_Dhubri
2017-02-10,0.0,27.08,12.17,2.35,56.89,0.51,1.78,Assam_Dhubri
2017-02-11,0.0,27.5,13.71,0.94,53.65,0.51,1.98,Assam_Dhubri
2017-02-12,0.0,26.62,13.17,1.5,64.29,0.5,1.56,Assam_Dhubri
2017-02-13,0.0,26.17,14.46,1.09,62.2,0.5,1.5,Assam_Dhubri
2017-02-14,0.0,28.1,15.7,1.25,58.76,0.5,1.76,Assam_Dhubri
2017-02-15,0.0,27.56,15.41,0.66,55.95,0.5,1.7,Assam_Dhubri
2017-02-16,0.0,28.43,14.92,0.74,56.13,0.49,1.8,Assam_Dhubri
2017-02-17,0.0,28.7,15.6,0.63,56.39,0.49,1.77,Assam_Dhubri
2017-02-18,0.0,29.32,16.22,0.66,53.99,0.49,1.55,Assam_Dhubri
2017-02-19,0.0,29.94,16.99,1.5,55.1,0.49,1.82,Assam_Dhubri
2017-02-20,0.35,28.91,17.06,2.71,62.45,0.48,1.54,Assam_Dhubri
2017-02-21,1.2,30.64,16.03,2.96,60.05,0.48,2.02,Assam_Dhubri
2017-02-22,8.46,30.88,17.99,2.77,68.76,0.49,1.77,Assam_Dhubri
2017-02-23,0.04,29.79,14.04,2.62,46.72,0.49,2.31,Assam_Dhubri
2017-02-24,0.01,28.5,10.95,2.13,42.14,0.48,2.12,Assam_Dhubri
2017-02-25,0.0,27.22,14.1,1.26,39.76,0.48,1.84,Assam_Dhubri
2017-02-26,0.0,28.21,13.08,1.6,42.45,0.47,1.74,Assam_Dhubri
2017-02-27,0.02,28.19,15.5,1.3,42.78,0.47,1.66,Assam_Dhubri
2017-02-28,0.01,28.4,15.34,1.07,47.53,0.47,1.58,Assam_Dhubri
2017-03-01,0.0,29.49,16.34,1.02,43.54,0.47,1.59,Assam_Dhubri
2017-03-02,0.01,31.57,15.82,2.01,47.18,0.46,1.96,Assam_Dhubri
2017-03-03,0.02,32.8,16.76,3.31,50.29,0.46,2.24,Assam_Dhubri
2017-03-04,0.0,31.84,16.8,3.29,48.38,0.46,2.28,Assam_Dhubri
2017-03-05,0.81,31.2,18.68,2.84,54.05,0.45,1.92,Assam_Dhubri
2017-03-06,0.0,31.46,15.61,2.79,42.36,0.45,2.35,Assam_Dhubri
2017-03-07,0.93,30.73,14.13,1.88,37.54,0.45,1.92,Assam_Dhubri
2017-03-08,0.0,30.78,15.61,1.33,38.93,0.44,1.84,Assam_Dhubri
2017-03-09,0.56,29.78,16.22,2.21,53.38,0.44,1.69,Assam_Dhubri
2017-03-10,0.54,31.35,18.2,1.73,59.59,0.44,1.74,Assam_Dhubri
2017-03-11,22.95,25.71,19.35,1.22,81.68,0.47,0.54,Assam_Dhubri
2017-03-12,0.18,29.78,15.37,3.51,55.68,0.48,2.5,Assam_Dhubri
2017-03-13,0.04,28.66,12.84,2.12,41.87,0.47,2.15,Assam_Dhubri
2017-03-14,0.0,29.61,15.92,1.48,39.43,0.46,2.18,Assam_Dhubri
2017-03-15,0.01,29.07,14.55,1.8,43.75,0.46,1.86,Assam_Dhubri
2017-03-16,0.0,30.02,15.09,1.7,43.35,0.45,2.0,Assam_Dhubri
2017-03-17,0.01,30.74,15.81,2.02,44.54,0.45,1.85,Assam_Dhubri
2017-03-18,4.41,30.84,16.29,1.81,59.42,0.45,1.67,Assam_Dhubri
2017-03-19,0.19,30.02,16.17,1.35,59.62,0.45,1.9,Assam_Dhubri
2017-03-20,6.73,28.61,16.73,1.86,59.83,0.45,1.65,Assam_Dhubri
2017-03-21,4.56,29.46,16.36,1.61,65.47,0.46,2.04,Assam_Dhubri
2017-03-22,2.55,30.8,17.44,1.58,59.71,0.46,2.19,Assam_Dhubri
2017-03-23,0.0,32.08,19.47,1.39,58.29,0.46,2.28,Assam_Dhubri
2017-03-24,2.75,32.72,21.72,1.76,60.98,0.46,1.84,Assam_Dhubri
2017-03-25,25.55,31.47,21.03,2.13,75.32,0.49,1.77,Assam_Dhubri
2017-03-26,0.12,31.75,20.41,1.22,71.57,0.49,2.63,Assam_Dhubri
2017-03-27,0.12,32.5,20.67,1.75,69.18,0.48,2.57,Assam_Dhubri
2017-03-28,9.83,32.22,21.78,2.23,72.95,0.49,2.17,Assam_Dhubri
2017-03-29,14.33,31.11,22.83,2.17,77.72,0.5,2.31,Assam_Dhubri
2017-03-30,6.74,33.91,23.3,2.3,75.55,0.51,2.27,Assam_Dhubri
2017-03-31,11.91,32.29,23.51,1.9,77.61,0.52,2.41,Assam_Dhubri
2017-04-01,14.07,31.94,23.88,2.59,76.64,0.53,2.6,Assam_Dhubri
2017-04-02,21.34,32.62,23.38,2.78,79.92,0.55,2.99,Assam_Dhubri
2017-04-03,22.6,32.64,23.53,2.57,78.85,0.57,2.98,Assam_Dhubri
2017-04-04,21.06,29.78,23.03,1.77,80.39,0.58,2.54,Assam_Dhubri
2017-04-05,4.07,30.57,20.82,1.77,79.48,0.58,3.61,Assam_Dhubri
2017-04-06,4.47,31.01,22.92,2.22,79.45,0.58,3.98,Assam_Dhubri
2017-04-07,9.97,32.31,22.68,2.89,77.99,0.57,3.67,Assam_Dhubri
2017-04-08,10.91,34.23,24.28,3.2,78.4,0.58,4.24,Assam_Dhubri
2017-04-09,0.82,35.45,20.13,3.53,62.48,0.57,5.73,Assam_Dhubri
2017-04-10,0.02,33.57,17.84,2.36,57.94,0.56,5.05,Assam_Dhubri
2017-04-11,0.17,33.28,17.58,1.94,53.31,0.55,4.82,Assam_Dhubri
2017-04-12,0.0,32.42,17.84,1.4,60.14,0.54,4.31,Assam_Dhubri
2017-04-13,0.0,33.9,21.46,1.42,63.09,0.54,4.14,Assam_Dhubri
2017-04-14,0.0,33.34,21.78,1.74,66.07,0.53,3.93,Assam_Dhubri
2017-04-15,4.92,33.22,21.25,1.95,68.32,0.53,4.13,Assam_Dhubri
2017-04-16,16.37,31.17,23.14,1.34,71.21,0.55,3.78,Assam_Dhubri
2017-04-17,0.01,32.74,20.41,1.98,70.56,0.54,4.79,Assam_Dhubri
2017-04-18,0.0,33.46,21.68,1.84,64.56,0.53,4.75,Assam_Dhubri
2017-04-19,17.39,30.34,23.88,2.14,81.94,0.54,2.04,Assam_Dhubri
2017-04-20,16.2,28.27,24.55,2.19,87.38,0.57,1.22,Assam_Dhubri
2017-04-21,38.55,27.66,24.24,2.5,89.79,0.6,1.1,Assam_Dhubri
2017-04-22,50.5,28.24,24.48,2.12,89.93,0.68,1.38,Assam_Dhubri
2017-04-23,13.63,29.8,23.62,0.97,81.7,0.69,3.77,Assam_Dhubri
2017-04-24,5.68,30.95,23.24,3.26,82.74,0.68,4.73,Assam_Dhubri
2017-04-25,3.7,32.77,24.41,3.43,82.72,0.66,5.87,Assam_Dhubri
2017-04-26,5.47,33.11,25.3,2.96,83.36,0.66,5.77,Assam_Dhubri
2017-04-27,4.0,32.89,24.88,2.92,81.92,0.65,6.0,Assam_Dhubri
2017-04-28,6.42,31.91,24.29,2.01,81.19,0.64,5.44,Assam_Dhubri
2017-04-29,28.53,30.64,23.88,1.83,84.27,0.67,3.82,Assam_Dhubri
2017-04-30,2.46,32.17,24.22,2.22,81.83,0.67,5.72,Assam_Dhubri
2017-05-01,19.83,30.99,24.62,2.58,81.74,0.68,4.59,Assam_Dhubri
2017-05-02,3.0,30.59,22.78,2.53,80.86,0.67,5.94,Assam_Dhubri
2017-05-03,0.02,31.31,22.18,1.44,79.25,0.66,6.22,Assam_Dhubri
2017-05-04,20.32,31.7,23.74,1.96,81.68,0.66,5.04,Assam_Dhubri
2017-05-05,12.46,31.9,23.93,1.99,82.59,0.67,4.98,Assam_Dhubri
2017-05-06,6.41,31.84,24.05,1.36,82.24,0.67,5.3,Assam_Dhubri
2017-05-07,7.27,31.59,24.4,1.95,84.56,0.67,5.01,Assam_Dhubri
2017-05-08,14.65,31.47,24.54,1.28,82.18,0.68,1.99,Assam_Dhubri
2017-05-09,24.76,30.6,24.98,1.56,85.77,0.7,2.15,Assam_Dhubri
2017-05-10,5.24,31.25,25.0,0.94,77.56,0.71,4.47,Assam_Dhubri
2017-05-11,3.08,32.24,24.0,1.64,79.5,0.7,5.78,Assam_Dhubri
2017-05-12,4.41,30.76,25.12,1.43,81.76,0.69,3.29,Assam_Dhubri
2017-05-13,11.76,32.72,25.11,1.23,78.03,0.7,5.39,Assam_Dhubri
2017-05-14,8.81,32.82,25.36,1.19,79.07,0.7,5.36,Assam_Dhubri
2017-05-15,2.47,32.84,24.26,1.32,78.02,0.69,5.46,Assam_Dhubri
2017-05-16,20.48,27.83,24.62,2.16,88.25,0.7,2.05,Assam_Dhubri
2017-05-17,0.25,31.94,24.48,1.3,79.17,0.7,6.35,Assam_Dhubri
2017-05-18,0.98,32.9,25.44,2.28,81.15,0.69,6.83,Assam_Dhubri
2017-05-19,17.26,32.71,26.36,2.37,82.56,0.69,5.18,Assam_Dhubri
2017-05-20,18.71,32.76,25.42,1.92,83.25,0.71,5.34,Assam_Dhubri
2017-05-21,11.33,33.28,25.64,1.73,81.98,0.71,6.17,Assam_Dhubri
2017-05-22,14.38,33.05,25.58,1.53,82.51,0.72,5.6,Assam_Dhubri
2017-05-23,16.62,32.29,26.15,1.56,85.06,0.73,3.99,Assam_Dhubri
2017-05-24,24.85,32.93,26.53,2.19,86.19,0.74,3.48,Assam_Dhubri
2017-05-25,15.42,33.34,25.98,1.94,84.33,0.75,4.97,Assam_Dhubri
2017-05-26,16.94,33.3,26.56,1.63,82.02,0.76,4.86,Assam_Dhubri
2017-05-27,8.26,33.76,26.1,0.87,73.41,0.76,5.89,Assam_Dhubri
2017-05-28,0.67,33.34,25.68,1.11,72.77,0.74,6.79,Assam_Dhubri
2017-05-29,1.03,33.44,27.7,1.21,74.14,0.73,5.02,Assam_Dhubri
2017-05-30,7.02,27.49,24.83,2.89,88.7,0.73,2.4,Assam_Dhubri
2017-05-31,2.31,31.81,24.29,2.22,82.94,0.73,5.93,Assam_Dhubri
2017-06-01,13.41,32.48,26.35,2.99,85.94,0.73,5.06,Assam_Dhubri
2017-06-02,25.43,32.71,26.66,3.85,86.08,0.74,4.84,Assam_Dhubri
2017-06-03,18.61,33.87,26.63,3.38,82.71,0.76,5.36,Assam_Dhubri
2017-06-04,8.31,33.85,26.89,1.99,83.44,0.76,5.8,Assam_Dhubri
2017-06-05,28.78,32.44,26.43,1.85,87.43,0.78,3.27,Assam_Dhubri
2017-06-06,0.96,34.26,27.38,0.99,78.25,0.77,5.37,Assam_Dhubri
2017-06-07,0.31,33.4,27.48,1.58,82.17,0.76,5.41,Assam_Dhubri
2017-06-08,0.97,34.32,27.42,1.72,80.38,0.74,5.98,Assam_Dhubri
2017-06-09,1.12,33.9,26.89,1.93,82.09,0.74,6.27,Assam_Dhubri
2017-06-10,1.62,33.86,26.86,1.57,82.14,0.73,5.72,Assam_Dhubri
2017-06-11,3.92,31.15,26.94,1.64,86.03,0.72,3.36,Assam_Dhubri
2017-06-12,13.84,30.36,25.78,2.82,88.27,0.73,3.04,Assam_Dhubri
2017-06-13,11.57,33.08,25.83,2.18,81.84,0.74,5.26,Assam_Dhubri
2017-06-14,24.66,30.73,26.19,2.35,88.36,0.76,3.07,Assam_Dhubri
2017-06-15,3.51,31.44,25.8,1.93,85.26,0.76,4.47,Assam_Dhubri
2017-06-16,86.0,30.49,25.63,1.72,87.11,0.79,2.37,Assam_Dhubri
2017-06-17,8.9,31.73,26.03,1.47,85.61,0.83,3.56,Assam_Dhubri
2017-06-18,13.6,33.34,26.3,2.73,85.24,0.82,5.45,Assam_Dhubri
2017-06-19,42.11,30.82,26.86,2.94,90.66,0.83,2.23,Assam_Dhubri
2017-06-20,18.27,28.87,26.36,1.46,89.74,0.86,1.12,Assam_Dhubri
2017-06-21,30.78,31.95,25.68,1.55,83.95,0.86,4.36,Assam_Dhubri
2017-06-22,41.86,31.22,26.42,1.57,87.85,0.9,2.27,Assam_Dhubri
2017-06-23,4.09,31.86,26.61,1.71,86.14,0.88,3.37,Assam_Dhubri
2017-06-24,0.47,32.69,26.67,1.16,82.45,0.87,4.66,Assam_Dhubri
2017-06-25,1.3,32.49,27.2,1.12,82.4,0.86,4.27,Assam_Dhubri
2017-06-26,1.6,32.54,26.33,1.5,82.71,0.85,5.88,Assam_Dhubri
2017-06-27,1.53,31.89,27.28,1.17,84.07,0.85,2.75,Assam_Dhubri
2017-06-28,4.42,33.2,26.28,1.59,83.91,0.84,4.9,Assam_Dhubri
2017-06-29,5.1,31.42,26.82,1.8,87.57,0.84,3.16,Assam_Dhubri
2017-06-30,20.21,32.22,26.64,1.86,85.57,0.85,3.86,Assam_Dhubri
2017-07-01,19.31,31.23,27.27,1.59,89.56,0.86,2.04,Assam_Dhubri
2017-07-02,15.43,31.95,26.35,1.38,85.06,0.87,3.98,Assam_Dhubri
2017-07-03,26.83,31.29,27.12,1.56,87.91,0.87,2.31,Assam_Dhubri
2017-07-04,17.46,31.32,27.13,2.07,90.72,0.89,1.62,Assam_Dhubri
2017-07-05,9.01,31.24,27.0,1.59,88.13,0.89,1.63,Assam_Dhubri
2017-07-06,15.51,30.78,26.71,1.54,86.57,0.89,1.68,Assam_Dhubri
2017-07-07,1.5,31.45,26.73,1.66,86.55,0.88,3.46,Assam_Dhubri
2017-07-08,11.8,31.57,26.16,1.87,88.19,0.88,2.74,Assam_Dhubri
2017-07-09,41.86,29.11,26.63,2.2,90.41,0.9,1.18,Assam_Dhubri
2017-07-10,42.69,30.7,26.29,1.53,87.43,0.93,1.54,Assam_Dhubri
2017-07-11,30.33,27.09,24.35,3.58,93.38,0.95,0.57,Assam_Dhubri
2017-07-12,8.47,30.02,25.11,2.58,85.97,0.95,2.67,Assam_Dhubri
2017-07-13,0.7,33.13,25.88,1.29,83.83,0.93,4.82,Assam_Dhubri
2017-07-14,0.26,31.89,26.04,1.53,85.41,0.92,3.25,Assam_Dhubri
2017-07-15,0.32,33.47,26.15,1.5,80.89,0.91,5.87,Assam_Dhubri
2017-07-16,2.27,32.95,26.93,1.01,82.57,0.91,3.76,Assam_Dhubri
2017-07-17,1.15,30.79,27.02,1.65,89.8,0.9,1.55,Assam_Dhubri
2017-07-18,3.47,34.7,27.0,1.56,81.98,0.9,4.52,Assam_Dhubri
2017-07-19,13.06,30.49,26.85,2.04,89.27,0.9,1.63,Assam_Dhubri
2017-07-20,7.71,29.45,26.14,1.63,89.46,0.9,1.35,Assam_Dhubri
2017-07-21,10.84,31.22,26.04,1.2,84.01,0.9,2.45,Assam_Dhubri
2017-07-22,10.42,31.35,26.9,1.19,86.61,0.91,1.81,Assam_Dhubri
2017-07-23,20.12,31.13,26.14,2.46,88.4,0.91,2.15,Assam_Dhubri
2017-07-24,13.41,30.57,26.38,3.39,88.06,0.92,2.5,Assam_Dhubri
2017-07-25,28.3,30.34,25.33,2.97,89.27,0.93,2.02,Assam_Dhubri
2017-07-26,10.08,31.57,25.58,1.56,84.83,0.93,3.77,Assam_Dhubri
2017-07-27,1.72,32.37,25.62,1.38,83.53,0.92,3.92,Assam_Dhubri
2017-07-28,6.76,30.5,26.48,1.58,88.94,0.91,1.61,Assam_Dhubri
2017-07-29,14.45,31.1,26.55,1.66,89.14,0.92,1.99,Assam_Dhubri
2017-07-30,10.58,31.98,26.41,1.92,85.52,0.92,3.35,Assam_Dhubri
2017-07-31,7.61,32.78,26.25,2.14,85.51,0.92,3.81,Assam_Dhubri
2017-08-01,8.65,32.2,26.78,2.79,88.08,0.91,3.49,Assam_Dhubri
2017-08-02,9.78,31.88,27.29,2.7,89.48,0.91,2.59,Assam_Dhubri
2017-08-03,12.3,31.78,27.22,2.61,89.36,0.91,2.69,Assam_Dhubri
2017-08-04,6.67,32.21,27.09,1.19,86.01,0.91,1.84,Assam_Dhubri
2017-08-05,2.17,32.04,27.31,1.15,86.78,0.91,2.39,Assam_Dhubri
2017-08-06,2.85,31.17,27.61,1.47,89.43,0.9,1.72,Assam_Dhubri
2017-08-07,3.34,32.42,26.75,2.46,86.54,0.9,4.08,Assam_Dhubri
2017-08-08,13.57,32.52,26.47,2.44,86.26,0.9,4.21,Assam_Dhubri
2017-08-09,47.32,30.99,26.84,3.11,89.48,0.92,2.39,Assam_Dhubri
2017-08-10,57.97,29.0,26.7,3.17,92.74,0.95,0.97,Assam_Dhubri
2017-08-11,58.82,29.16,27.02,2.0,92.72,0.98,0.81,Assam_Dhubri
2017-08-12,115.27,28.9,26.28,2.23,93.8,1.0,0.53,Assam_Dhubri
2017-08-13,19.83,29.62,25.89,2.23,90.78,1.0,1.19,Assam_Dhubri
2017-08-14,12.38,30.75,25.87,2.13,88.8,0.99,2.14,Assam_Dhubri
2017-08-15,6.13,30.9,26.17,2.13,90.01,0.99,1.65,Assam_Dhubri
2017-08-16,1.33,31.54,26.82,1.92,89.46,0.98,2.06,Assam_Dhubri
2017-08-17,2.2,33.04,26.48,1.03,83.24,0.97,4.28,Assam_Dhubri
2017-08-18,3.23,29.59,26.71,1.32,88.37,0.97,1.21,Assam_Dhubri
2017-08-19,1.11,31.04,25.51,1.07,83.87,0.96,2.69,Assam_Dhubri
2017-08-20,2.33,31.67,26.28,1.54,85.26,0.96,3.72,Assam_Dhubri
2017-08-21,1.56,32.19,25.91,1.31,83.63,0.95,3.72,Assam_Dhubri
2017-08-22,6.87,32.87,26.13,0.95,81.79,0.95,3.84,Assam_Dhubri
2017-08-23,9.91,31.52,26.39,0.94,84.93,0.95,2.31,Assam_Dhubri
2017-08-24,2.74,31.68,26.69,1.37,85.76,0.94,2.17,Assam_Dhubri
2017-08-25,0.66,31.54,26.46,1.57,87.1,0.94,3.01,Assam_Dhubri
2017-08-26,9.22,30.11,26.43,1.43,90.33,0.93,1.28,Assam_Dhubri
2017-08-27,60.65,31.16,26.52,1.5,84.82,0.96,2.04,Assam_Dhubri
2017-08-28,5.48,30.88,26.59,1.17,85.46,0.97,1.5,Assam_Dhubri
2017-08-29,1.42,32.2,26.08,1.81,85.85,0.96,4.18,Assam_Dhubri
2017-08-30,7.08,31.26,26.31,1.85,88.69,0.95,2.56,Assam_Dhubri
2017-08-31,10.5,31.3,26.38,1.56,87.63,0.95,2.33,Assam_Dhubri
2017-09-01,4.26,30.74,26.37,2.04,90.51,0.95,1.93,Assam_Dhubri
2017-09-02,28.06,29.18,26.02,2.45,92.54,0.95,0.98,Assam_Dhubri
2017-09-03,17.05,30.2,25.7,1.92,88.91,0.96,2.6,Assam_Dhubri
2017-09-04,7.52,31.15,26.4,2.69,89.22,0.96,2.71,Assam_Dhubri
2017-09-05,4.45,31.67,25.84,2.58,88.25,0.95,3.62,Assam_Dhubri
2017-09-06,9.36,31.07,25.86,1.78,89.15,0.95,2.8,Assam_Dhubri
2017-09-07,7.61,31.27,26.08,2.23,87.19,0.95,3.07,Assam_Dhubri
2017-09-08,17.71,30.44,25.74,2.24,91.36,0.95,1.94,Assam_Dhubri
2017-09-09,47.33,30.09,25.81,3.4,91.37,0.96,1.66,Assam_Dhubri
2017-09-10,16.56,30.86,25.12,1.6,90.96,0.97,1.75,Assam_Dhubri
2017-09-11,6.08,29.85,25.82,1.01,88.36,0.97,1.44,Assam_Dhubri
2017-09-12,2.95,29.99,25.12,0.84,83.92,0.96,2.47,Assam_Dhubri
2017-09-13,7.57,32.04,25.93,0.89,82.54,0.96,3.9,Assam_Dhubri
2017-09-14,4.44,32.02,25.62,1.12,85.11,0.96,4.33,Assam_Dhubri
2017-09-15,0.78,32.29,26.32,0.75,81.68,0.95,3.97,Assam_Dhubri
2017-09-16,0.04,33.31,27.6,0.54,75.64,0.94,5.63,Assam_Dhubri
2017-09-17,4.73,31.14,27.99,1.37,85.3,0.94,2.02,Assam_Dhubri
2017-09-18,3.18,29.88,26.54,2.25,88.55,0.94,1.84,Assam_Dhubri
2017-09-19,21.52,30.06,26.17,1.43,88.93,0.94,1.23,Assam_Dhubri
2017-09-20,22.84,30.46,25.61,1.26,86.24,0.95,2.26,Assam_Dhubri
2017-09-21,12.13,31.66,25.13,1.44,86.11,0.96,4.05,Assam_Dhubri
2017-09-22,7.57,30.08,26.1,1.85,90.8,0.95,1.75,Assam_Dhubri
2017-09-23,11.64,31.01,25.96,1.7,89.9,0.95,1.95,Assam_Dhubri
2017-09-24,9.57,31.69,25.99,1.62,87.96,0.95,2.88,Assam_Dhubri
2017-09-25,0.65,32.86,25.6,1.09,82.86,0.95,5.64,Assam_Dhubri
2017-09-26,0.18,31.81,26.05,1.19,84.85,0.94,3.95,Assam_Dhubri
2017-09-27,0.27,32.67,26.31,0.86,81.29,0.93,4.63,Assam_Dhubri
2017-09-28,3.23,30.51,26.1,0.95,87.72,0.93,1.48,Assam_Dhubri
2017-09-29,25.79,30.49,25.65,1.46,87.76,0.94,2.77,Assam_Dhubri
2017-09-30,43.99,27.28,25.41,1.95,93.9,0.96,0.72,Assam_Dhubri
2017-10-01,22.05,28.63,25.27,1.59,92.06,0.97,1.41,Assam_Dhubri
2017-10-02,21.23,29.19,24.81,1.39,91.39,0.97,1.59,Assam_Dhubri
2017-10-03,12.47,31.31,24.68,0.88,81.81,0.97,2.3,Assam_Dhubri
2017-10-04,0.16,31.48,24.21,1.01,82.42,0.97,5.63,Assam_Dhubri
2017-10-05,0.03,31.99,24.79,1.44,85.36,0.96,3.67,Assam_Dhubri
2017-10-06,0.22,31.03,25.87,1.1,88.79,0.95,1.75,Assam_Dhubri
2017-10-07,0.4,30.85,26.16,1.58,89.07,0.95,2.78,Assam_Dhubri
2017-10-08,0.66,30.46,25.37,1.13,86.45,0.95,3.83,Assam_Dhubri
2017-10-09,3.95,31.06,25.39,0.71,80.56,0.94,4.51,Assam_Dhubri
2017-10-10,0.93,31.99,25.28,0.86,82.07,0.94,4.78,Assam_Dhubri
2017-10-11,0.21,31.49,25.7,0.98,84.62,0.93,4.78,Assam_Dhubri
2017-10-12,0.32,31.67,25.04,1.59,86.97,0.92,4.86,Assam_Dhubri
2017-10-13,13.39,30.66,25.41,2.59,90.43,0.92,3.37,Assam_Dhubri
2017-10-14,8.4,31.12,25.48,2.35,88.75,0.93,3.69,Assam_Dhubri
2017-10-15,0.65,31.12,24.51,1.71,84.92,0.92,4.3,Assam_Dhubri
2017-10-16,0.5,31.63,24.07,0.83,72.09,0.91,6.59,Assam_Dhubri
2017-10-17,0.0,31.42,23.05,1.38,84.0,0.9,5.45,Assam_Dhubri
2017-10-18,0.04,31.79,23.97,1.45,80.47,0.9,5.5,Assam_Dhubri
2017-10-19,0.42,31.04,24.68,1.07,83.82,0.89,4.68,Assam_Dhubri
2017-10-20,37.54,27.46,23.22,1.57,91.89,0.9,0.87,Assam_Dhubri
2017-10-21,34.05,26.64,20.97,3.67,92.92,0.93,1.4,Assam_Dhubri
2017-10-22,1.72,27.7,20.68,1.79,90.38,0.93,2.65,Assam_Dhubri
2017-10-23,2.3,28.98,21.77,1.75,87.6,0.92,3.77,Assam_Dhubri
2017-10-24,0.6,28.72,21.15,1.74,89.42,0.92,3.56,Assam_Dhubri
2017-10-25,0.15,28.64,21.59,1.41,85.6,0.91,3.88,Assam_Dhubri
2017-10-26,0.01,28.72,20.1,1.06,79.03,0.91,4.5,Assam_Dhubri
2017-10-27,0.0,27.56,19.77,1.27,81.7,0.9,4.27,Assam_Dhubri
2017-10-28,0.0,28.09,18.95,1.48,82.6,0.9,4.68,Assam_Dhubri
2017-10-29,1.62,28.48,19.55,1.65,81.32,0.89,4.36,Assam_Dhubri
2017-10-30,38.41,26.68,20.94,1.36,87.51,0.91,2.37,Assam_Dhubri
2017-10-31,1.27,25.86,19.15,1.06,82.18,0.92,3.96,Assam_Dhubri
2017-11-01,0.0,26.54,18.56,1.34,83.2,0.91,4.36,Assam_Dhubri
2017-11-02,0.0,26.92,18.34,1.37,86.27,0.9,4.18,Assam_Dhubri
2017-11-03,0.0,27.74,18.82,1.89,86.63,0.89,4.24,Assam_Dhubri
2017-11-04,0.0,27.97,18.77,2.17,84.15,0.89,4.36,Assam_Dhubri
2017-11-05,0.0,27.8,19.42,2.03,84.65,0.88,4.35,Assam_Dhubri
2017-11-06,0.0,27.93,19.23,1.46,81.63,0.87,4.55,Assam_Dhubri
2017-11-07,0.0,27.67,19.19,1.6,86.06,0.86,4.37,Assam_Dhubri
2017-11-08,0.0,27.93,19.09,1.65,83.73,0.86,4.56,Assam_Dhubri
2017-11-09,0.0,27.98,19.0,1.18,75.21,0.85,5.31,Assam_Dhubri
2017-11-10,0.0,27.33,18.73,1.38,82.68,0.85,4.35,Assam_Dhubri
2017-11-11,0.0,28.07,18.8,1.34,79.64,0.84,4.89,Assam_Dhubri
2017-11-12,0.0,28.45,18.39,0.85,77.61,0.83,5.16,Assam_Dhubri
2017-11-13,0.0,27.27,18.33,1.42,84.24,0.83,4.75,Assam_Dhubri
2017-11-14,0.0,27.16,18.42,1.87,86.04,0.82,4.57,Assam_Dhubri
2017-11-15,0.11,26.99,18.72,1.88,86.94,0.82,3.32,Assam_Dhubri
2017-11-16,1.13,26.53,19.85,0.53,82.66,0.81,2.82,Assam_Dhubri
2017-11-17,0.95,27.46,19.84,0.98,82.95,0.81,4.03,Assam_Dhubri
2017-11-18,0.05,28.41,19.57,0.86,83.55,0.81,4.64,Assam_Dhubri
2017-11-19,0.0,27.69,19.6,1.0,85.64,0.8,4.52,Assam_Dhubri
2017-11-20,0.0,27.16,19.01,1.45,87.04,0.8,3.54,Assam_Dhubri
2017-11-21,0.0,25.71,17.21,1.49,84.8,0.79,3.21,Assam_Dhubri
2017-11-22,0.0,25.02,15.21,1.26,79.6,0.79,3.15,Assam_Dhubri
2017-11-23,0.0,24.25,13.87,0.96,78.2,0.78,3.09,Assam_Dhubri
2017-11-24,0.0,24.14,14.45,1.29,81.71,0.78,3.23,Assam_Dhubri
2017-11-25,0.0,25.0,14.02,0.54,77.1,0.78,3.56,Assam_Dhubri
2017-11-26,0.0,25.76,16.66,0.87,84.9,0.77,3.25,Assam_Dhubri
2017-11-27,0.42,24.49,15.71,1.54,84.27,0.77,3.09,Assam_Dhubri
2017-11-28,0.03,23.83,14.45,1.19,78.64,0.77,2.07,Assam_Dhubri
2017-11-29,0.01,23.52,14.26,1.16,82.91,0.76,2.65,Assam_Dhubri
2017-11-30,0.0,23.74,14.55,1.22,84.85,0.76,2.88,Assam_Dhubri
2017-12-01,0.0,24.31,15.19,1.22,85.18,0.76,3.06,Assam_Dhubri
2017-12-02,0.0,24.66,15.25,1.26,84.23,0.75,3.14,Assam_Dhubri
2017-12-03,0.0,23.77,15.02,0.77,83.06,0.75,3.18,Assam_Dhubri
2017-12-04,0.0,23.78,15.26,1.1,85.47,0.74,2.85,Assam_Dhubri
2017-12-05,0.0,24.67,15.04,1.07,82.84,0.74,3.06,Assam_Dhubri
2017-12-06,0.0,24.72,15.51,0.67,83.47,0.74,2.81,Assam_Dhubri
2017-12-07,0.0,25.27,15.74,1.12,86.22,0.73,2.87,Assam_Dhubri
2017-12-08,0.0,24.61,16.59,1.36,86.17,0.73,2.5,Assam_Dhubri
2017-12-09,0.39,25.26,16.59,1.01,83.84,0.73,2.59,Assam_Dhubri
2017-12-10,3.38,25.93,17.19,1.3,86.26,0.73,2.27,Assam_Dhubri
2017-12-11,2.02,24.67,17.92,1.4,88.65,0.73,1.94,Assam_Dhubri
2017-12-12,0.01,25.82,17.32,1.73,86.15,0.72,2.53,Assam_Dhubri
2017-12-13,0.0,24.76,15.23,1.67,80.74,0.72,2.33,Assam_Dhubri
2017-12-14,0.0,24.99,14.55,1.42,80.99,0.72,2.52,Assam_Dhubri
2017-12-15,0.0,23.82,13.37,1.19,75.04,0.71,2.28,Assam_Dhubri
2017-12-16,0.0,23.78,12.92,0.93,76.42,0.71,2.02,Assam_Dhubri
2017-12-17,0.0,23.78,13.75,1.02,86.35,0.71,1.92,Assam_Dhubri
2017-12-18,0.0,23.25,14.42,0.94,87.51,0.71,1.6,Assam_Dhubri
2017-12-19,0.0,22.85,15.76,1.07,87.52,0.71,1.61,Assam_Dhubri
2017-12-20,0.0,24.62,15.34,1.65,88.03,0.7,2.58,Assam_Dhubri
2017-12-21,0.0,24.81,16.36,1.15,86.9,0.7,2.35,Assam_Dhubri
2017-12-22,0.0,23.9,16.49,1.6,88.4,0.7,1.72,Assam_Dhubri
2017-12-23,0.0,23.79,15.12,1.0,81.18,0.69,1.88,Assam_Dhubri
2017-12-24,0.0,23.47,13.96,0.8,84.42,0.69,1.71,Assam_Dhubri
2017-12-25,0.0,24.31,15.34,1.01,85.93,0.69,2.04,Assam_Dhubri
2017-12-26,0.0,24.04,14.67,0.73,82.5,0.69,2.11,Assam_Dhubri
2017-12-27,0.0,23.56,12.25,0.78,79.18,0.68,2.21,Assam_Dhubri
2017-12-28,0.0,24.48,13.22,1.55,83.05,0.68,2.02,Assam_Dhubri
2017-12-29,0.0,23.87,12.97,1.28,83.25,0.68,2.06,Assam_Dhubri
2017-12-30,0.0,24.66,13.5,1.66,83.92,0.67,2.15,Assam_Dhubri
2017-12-31,0.0,24.47,13.97,1.19,81.23,0.67,2.13,Assam_Dhubri
2018-01-01,0.0,24.86,13.99,0.64,78.42,0.67,2.19,Assam_Dhubri
2018-01-02,0.02,24.18,16.62,0.92,80.19,0.67,1.8,Assam_Dhubri
2018-01-03,0.04,22.39,11.8,1.84,77.12,0.66,1.78,Assam_Dhubri
2018-01-04,0.02,20.65,9.19,0.86,71.91,0.66,1.73,Assam_Dhubri
2018-01-05,0.0,21.54,10.19,0.99,76.61,0.66,1.52,Assam_Dhubri
2018-01-06,0.0,20.21,8.47,1.85,71.35,0.66,1.55,Assam_Dhubri
2018-01-07,0.0,19.37,6.48,1.4,68.07,0.65,1.52,Assam_Dhubri
2018-01-08,0.0,18.77,7.03,1.33,66.77,0.65,1.22,Assam_Dhubri
2018-01-09,0.0,19.72,7.91,1.01,69.27,0.65,1.4,Assam_Dhubri
2018-01-10,0.0,20.26,7.59,1.29,74.67,0.65,1.34,Assam_Dhubri
2018-01-11,0.0,20.18,7.77,1.09,74.91,0.64,1.31,Assam_Dhubri
2018-01-12,0.0,21.5,8.87,0.9,79.54,0.64,1.38,Assam_Dhubri
2018-01-13,0.0,21.54,10.11,1.27,81.05,0.64,1.31,Assam_Dhubri
2018-01-14,0.0,21.92,10.27,1.03,80.02,0.64,1.44,Assam_Dhubri
2018-01-15,0.0,22.01,9.66,1.56,74.22,0.63,1.37,Assam_Dhubri
2018-01-16,0.0,21.98,10.4,0.97,72.2,0.63,1.35,Assam_Dhubri
2018-01-17,0.0,23.26,10.64,1.07,74.01,0.63,1.41,Assam_Dhubri
2018-01-18,0.0,23.27,10.96,1.3,72.12,0.63,1.57,Assam_Dhubri
2018-01-19,0.0,22.56,10.0,1.21,68.71,0.62,1.49,Assam_Dhubri
2018-01-20,0.0,22.37,9.67,1.39,64.61,0.62,1.44,Assam_Dhubri
2018-01-21,0.0,23.37,11.69,1.12,65.31,0.62,1.47,Assam_Dhubri
2018-01-22,0.0,24.19,10.67,1.19,67.37,0.62,1.48,Assam_Dhubri
2018-01-23,0.0,24.29,11.32,1.19,69.61,0.61,1.65,Assam_Dhubri
2018-01-24,0.0,23.73,11.99,1.8,67.07,0.61,1.62,Assam_Dhubri
2018-01-25,0.0,23.63,10.84,1.89,66.02,0.61,1.68,Assam_Dhubri
2018-01-26,0.0,22.72,10.69,1.23,67.3,0.6,1.65,Assam_Dhubri
2018-01-27,0.02,21.3,8.93,1.85,68.23,0.6,1.61,Assam_Dhubri
2018-01-28,0.0,20.02,8.79,1.13,61.97,0.6,1.27,Assam_Dhubri
2018-01-29,0.0,20.37,9.22,1.19,61.78,0.6,1.14,Assam_Dhubri
2018-01-30,0.0,20.51,9.05,1.41,61.39,0.59,1.08,Assam_Dhubri
2018-01-31,0.0,22.29,10.03,1.08,63.06,0.59,1.33,Assam_Dhubri
2018-02-01,0.0,23.3,12.17,0.97,69.58,0.59,1.26,Assam_Dhubri
2018-02-02,0.0,23.4,12.05,1.18,72.24,0.59,1.24,Assam_Dhubri
2018-02-03,0.0,24.17,12.71,1.34,73.55,0.59,1.35,Assam_Dhubri
2018-02-04,0.0,24.27,12.03,2.03,73.43,0.58,1.46,Assam_Dhubri
2018-02-05,0.0,25.11,11.89,1.36,70.44,0.58,1.64,Assam_Dhubri
2018-02-06,0.0,24.99,12.84,1.59,67.18,0.58,1.74,Assam_Dhubri
2018-02-07,0.0,26.07,11.81,2.1,64.08,0.57,1.86,Assam_Dhubri
2018-02-08,0.01,25.93,14.35,2.61,64.41,0.57,1.95,Assam_Dhubri
2018-02-09,0.0,26.29,11.12,2.63,65.97,0.57,2.05,Assam_Dhubri
2018-02-10,0.0,26.43,12.89,2.01,56.9,0.56,2.05,Assam_Dhubri
2018-02-11,0.0,24.85,12.08,1.46,55.98,0.56,1.76,Assam_Dhubri
2018-02-12,0.0,25.69,11.76,1.44,64.04,0.56,1.72,Assam_Dhubri
2018-02-13,0.0,27.0,12.71,0.97,59.2,0.55,1.97,Assam_Dhubri
2018-02-14,0.2,25.94,14.81,2.37,68.98,0.55,1.83,Assam_Dhubri
2018-02-15,0.02,26.15,12.88,1.67,58.45,0.55,1.94,Assam_Dhubri
2018-02-16,0.0,25.9,12.38,0.94,60.26,0.54,1.81,Assam_Dhubri
2018-02-17,0.0,26.27,13.06,1.42,59.13,0.54,1.6,Assam_Dhubri
2018-02-18,0.0,26.27,13.85,1.88,63.28,0.54,1.61,Assam_Dhubri
2018-02-19,0.0,26.73,13.95,1.47,58.7,0.54,1.61,Assam_Dhubri
2018-02-20,0.0,26.34,14.78,1.42,66.82,0.53,1.52,Assam_Dhubri
2018-02-21,0.0,27.7,16.0,0.99,59.07,0.53,1.99,Assam_Dhubri
2018-02-22,0.0,27.64,14.82,0.76,54.7,0.53,1.91,Assam_Dhubri
2018-02-23,0.02,28.72,17.18,1.22,51.4,0.52,1.8,Assam_Dhubri
2018-02-24,0.03,27.73,16.39,1.77,66.92,0.52,1.67,Assam_Dhubri
2018-02-25,0.57,30.04,17.06,1.11,63.04,0.52,1.94,Assam_Dhubri
2018-02-26,9.4,28.27,17.67,1.4,73.05,0.53,1.65,Assam_Dhubri
2018-02-27,0.51,26.88,16.94,1.36,74.21,0.53,1.81,Assam_Dhubri
2018-02-28,0.0,28.94,16.44,1.1,68.2,0.52,2.27,Assam_Dhubri
2018-03-01,0.02,29.33,18.5,1.39,61.64,0.52,2.25,Assam_Dhubri
2018-03-02,2.74,29.35,17.9,1.62,65.09,0.52,1.77,Assam_Dhubri
2018-03-03,0.3,30.96,17.78,1.81,59.61,0.52,2.24,Assam_Dhubri
2018-03-04,0.0,31.63,16.35,1.69,61.67,0.51,2.55,Assam_Dhubri
2018-03-05,0.27,31.4,17.08,1.84,58.49,0.51,2.14,Assam_Dhubri
2018-03-06,0.02,31.34,17.75,3.2,51.78,0.5,2.99,Assam_Dhubri
2018-03-07,0.0,30.51,14.74,1.55,48.29,0.5,2.65,Assam_Dhubri
2018-03-08,0.0,29.4,15.23,1.82,57.57,0.49,2.25,Assam_Dhubri
2018-03-09,0.0,30.69,16.94,1.07,54.92,0.49,2.18,Assam_Dhubri
2018-03-10,0.03,31.06,18.2,1.42,45.82,0.49,2.32,Assam_Dhubri
2018-03-11,0.13,31.05,16.65,1.46,47.99,0.48,2.32,Assam_Dhubri
2018-03-12,0.55,31.19,17.12,1.25,52.71,0.48,2.3,Assam_Dhubri
2018-03-13,0.1,30.02,17.13,1.49,58.63,0.48,1.96,Assam_Dhubri
2018-03-14,0.0,30.79,17.84,1.06,58.41,0.48,1.96,Assam_Dhubri
2018-03-15,0.21,31.51,18.96,1.17,60.85,0.47,2.02,Assam_Dhubri
2018-03-16,0.26,32.62,19.72,2.81,54.21,0.47,2.41,Assam_Dhubri
2018-03-17,0.01,32.9,16.98,2.73,48.23,0.47,2.55,Assam_Dhubri
2018-03-18,0.03,32.58,16.34,2.21,42.97,0.46,2.45,Assam_Dhubri
2018-03-19,0.0,32.63,18.02,0.99,40.99,0.46,2.49,Assam_Dhubri
2018-03-20,0.0,32.2,17.24,1.16,48.25,0.45,2.15,Assam_Dhubri
2018-03-21,0.0,32.85,18.62,1.15,46.25,0.45,1.98,Assam_Dhubri
2018-03-22,0.62,33.61,19.22,1.2,50.33,0.45,2.16,Assam_Dhubri
2018-03-23,1.35,33.94,19.86,1.61,55.59,0.45,2.16,Assam_Dhubri
2018-03-24,0.05,33.74,20.76,1.56,58.79,0.45,2.17,Assam_Dhubri
2018-03-25,0.96,33.62,21.59,1.4,58.85,0.45,2.28,Assam_Dhubri
2018-03-26,0.85,34.38,21.32,2.07,57.3,0.44,2.39,Assam_Dhubri
2018-03-27,1.37,32.62,20.65,1.66,62.43,0.44,1.99,Assam_Dhubri
2018-03-28,0.05,33.04,19.79,0.96,58.49,0.44,1.93,Assam_Dhubri
2018-03-29,11.15,31.35,21.36,1.67,65.15,0.45,1.44,Assam_Dhubri
2018-03-30,8.21,31.94,19.81,2.05,72.98,0.46,1.83,Assam_Dhubri
2018-03-31,20.89,30.86,20.14,1.72,66.97,0.49,1.99,Assam_Dhubri
2018-04-01,3.93,31.02,19.37,1.7,65.4,0.49,2.33,Assam_Dhubri
2018-04-02,0.0,33.26,21.85,0.79,57.9,0.49,2.97,Assam_Dhubri
2018-04-03,0.0,34.03,21.75,0.71,52.41,0.48,3.13,Assam_Dhubri
2018-04-04,0.01,34.42,20.96,1.64,53.82,0.47,3.07,Assam_Dhubri
2018-04-05,7.98,32.48,21.7,2.03,63.32,0.47,2.12,Assam_Dhubri
2018-04-06,10.04,30.22,21.0,1.39,70.01,0.49,2.08,Assam_Dhubri
2018-04-07,5.82,31.3,21.85,1.65,67.22,0.49,2.09,Assam_Dhubri
2018-04-08,10.95,27.51,22.41,1.23,79.08,0.5,0.85,Assam_Dhubri
2018-04-09,1.77,31.39,20.84,1.74,73.26,0.51,2.84,Assam_Dhubri
2018-04-10,15.22,30.42,22.38,1.7,76.18,0.51,2.31,Assam_Dhubri
2018-04-11,20.94,30.35,21.73,1.88,76.55,0.53,2.67,Assam_Dhubri
2018-04-12,51.25,29.96,21.14,2.35,77.67,0.58,2.53,Assam_Dhubri
2018-04-13,4.17,31.3,20.86,2.26,74.89,0.6,4.82,Assam_Dhubri
2018-04-14,11.19,32.84,22.16,1.99,73.57,0.59,4.78,Assam_Dhubri
2018-04-15,0.62,32.22,21.44,1.45,71.78,0.58,5.28,Assam_Dhubri
2018-04-16,1.13,32.33,21.75,1.56,69.61,0.57,4.95,Assam_Dhubri
2018-04-17,7.36,29.34,23.53,0.85,72.31,0.57,2.52,Assam_Dhubri
2018-04-18,6.72,31.64,22.56,1.03,73.56,0.57,4.12,Assam_Dhubri
2018-04-19,4.08,30.87,21.99,1.96,79.05,0.57,4.44,Assam_Dhubri
2018-04-20,15.5,31.44,22.53,1.97,80.46,0.58,3.65,Assam_Dhubri
2018-04-21,12.05,31.96,23.93,2.46,81.51,0.59,4.41,Assam_Dhubri
2018-04-22,2.65,32.59,24.39,2.54,79.58,0.59,5.28,Assam_Dhubri
2018-04-23,0.09,33.11,23.55,1.96,74.94,0.58,5.78,Assam_Dhubri
2018-04-24,2.38,32.8,22.52,1.31,71.94,0.57,5.32,Assam_Dhubri
2018-04-25,3.92,32.21,22.57,1.64,74.74,0.56,4.75,Assam_Dhubri
2018-04-26,5.02,30.73,22.2,0.81,64.88,0.57,2.38,Assam_Dhubri
2018-04-27,0.86,29.02,22.69,1.17,68.19,0.56,2.57,Assam_Dhubri
2018-04-28,4.61,31.87,22.89,1.11,69.97,0.56,4.02,Assam_Dhubri
2018-04-29,51.89,25.42,23.33,1.53,89.68,0.61,0.58,Assam_Dhubri
2018-04-30,25.47,28.93,22.26,1.55,86.31,0.65,2.72,Assam_Dhubri
2018-05-01,6.67,29.77,22.4,1.17,82.04,0.66,4.04,Assam_Dhubri
2018-05-02,5.38,28.71,20.79,2.07,79.23,0.65,4.29,Assam_Dhubri
2018-05-03,11.01,31.02,22.12,1.08,75.75,0.65,5.45,Assam_Dhubri
2018-05-04,21.98,28.26,23.56,1.1,79.78,0.66,2.4,Assam_Dhubri
2018-05-05,6.54,30.12,23.72,1.18,76.77,0.67,5.2,Assam_Dhubri
2018-05-06,8.36,30.76,24.48,2.35,83.89,0.67,5.1,Assam_Dhubri
2018-05-07,18.71,31.91,24.71,2.79,84.85,0.67,4.55,Assam_Dhubri
2018-05-08,15.49,32.38,25.03,2.21,83.23,0.68,4.95,Assam_Dhubri
2018-05-09,15.09,32.41,25.18,1.99,85.68,0.69,4.8,Assam_Dhubri
2018-05-10,14.03,30.51,24.52,1.98,85.83,0.7,4.18,Assam_Dhubri
2018-05-11,2.97,30.62,23.4,1.05,78.35,0.69,5.33,Assam_Dhubri
2018-05-12,0.32,31.77,22.97,0.89,71.71,0.68,6.36,Assam_Dhubri
2018-05-13,0.06,31.63,24.29,1.19,72.2,0.67,6.83,Assam_Dhubri
2018-05-14,3.71,30.09,23.94,1.42,81.83,0.66,3.9,Assam_Dhubri
2018-05-15,7.04,30.9,24.43,1.25,76.6,0.66,5.45,Assam_Dhubri
2018-05-16,7.98,30.27,24.15,0.88,78.32,0.67,5.06,Assam_Dhubri
2018-05-17,0.68,30.74,23.5,1.18,79.07,0.66,6.33,Assam_Dhubri
2018-05-18,0.29,31.93,24.53,1.02,76.51,0.65,6.84,Assam_Dhubri
2018-05-19,1.35,32.06,23.96,0.99,76.77,0.64,7.1,Assam_Dhubri
2018-05-20,4.59,32.32,25.02,1.39,75.75,0.64,6.75,Assam_Dhubri
2018-05-21,8.96,32.42,25.04,1.36,80.03,0.64,6.37,Assam_Dhubri
2018-05-22,0.71,31.88,26.03,1.26,78.98,0.64,5.66,Assam_Dhubri
2018-05-23,3.68,31.48,25.97,1.69,85.96,0.63,3.22,Assam_Dhubri
2018-05-24,66.43,29.75,25.75,1.63,87.55,0.66,2.06,Assam_Dhubri
2018-05-25,36.26,30.68,25.85,3.0,88.56,0.74,2.86,Assam_Dhubri
2018-05-26,42.1,30.5,26.33,2.24,89.75,0.77,1.76,Assam_Dhubri
2018-05-27,52.35,32.03,25.73,1.47,84.83,0.81,3.67,Assam_Dhubri
2018-05-28,32.59,32.07,26.24,2.33,86.41,0.83,4.23,Assam_Dhubri
2018-05-29,7.15,32.13,25.31,1.51,79.81,0.82,4.8,Assam_Dhubri
2018-05-30,2.11,32.98,24.67,1.28,74.38,0.8,6.17,Assam_Dhubri
2018-05-31,11.53,32.41,26.17,1.39,80.88,0.79,4.2,Assam_Dhubri
2018-06-01,5.87,31.94,25.61,1.34,83.25,0.79,5.02,Assam_Dhubri
2018-06-02,3.06,31.82,25.31,1.38,82.23,0.79,5.28,Assam_Dhubri
2018-06-03,1.48,32.47,25.3,1.29,81.08,0.78,5.72,Assam_Dhubri
2018-06-04,4.6,32.58,26.25,1.43,81.85,0.77,5.49,Assam_Dhubri
2018-06-05,5.88,32.49,27.49,0.64,77.88,0.77,3.29,Assam_Dhubri
2018-06-06,2.3,33.8,26.74,1.72,80.46,0.77,6.3,Assam_Dhubri
2018-06-07,8.47,33.27,26.98,1.68,78.6,0.76,5.9,Assam_Dhubri
2018-06-08,3.49,32.33,26.87,0.81,77.72,0.76,4.11,Assam_Dhubri
2018-06-09,0.23,32.64,27.86,0.73,75.94,0.76,5.39,Assam_Dhubri
2018-06-10,11.28,32.36,27.96,1.28,81.41,0.75,3.72,Assam_Dhubri
2018-06-11,13.22,32.64,26.63,1.63,80.02,0.77,4.96,Assam_Dhubri
2018-06-12,3.98,34.95,27.83,1.19,76.15,0.76,7.74,Assam_Dhubri
2018-06-13,32.92,32.64,27.81,2.53,86.1,0.77,3.7,Assam_Dhubri
2018-06-14,46.88,31.79,27.6,2.55,87.78,0.82,2.85,Assam_Dhubri
2018-06-15,34.75,31.42,27.16,2.82,89.63,0.85,2.29,Assam_Dhubri
2018-06-16,32.38,30.01,26.42,2.09,90.64,0.86,1.55,Assam_Dhubri
2018-06-17,36.39,32.59,26.02,1.28,82.75,0.88,3.48,Assam_Dhubri
2018-06-18,12.45,32.22,26.65,1.69,85.55,0.88,3.14,Assam_Dhubri
2018-06-19,8.36,32.4,26.8,1.84,86.29,0.87,3.47,Assam_Dhubri
2018-06-20,2.75,30.79,26.93,1.6,88.15,0.86,2.49,Assam_Dhubri
2018-06-21,25.0,31.68,26.58,1.99,88.77,0.87,3.02,Assam_Dhubri
2018-06-22,21.73,31.8,27.05,2.33,86.58,0.89,3.44,Assam_Dhubri
2018-06-23,20.16,32.39,26.34,1.8,85.24,0.89,4.03,Assam_Dhubri
2018-06-24,19.75,32.15,26.75,2.15,86.73,0.9,3.7,Assam_Dhubri
2018-06-25,20.56,31.58,26.89,1.73,88.39,0.9,2.38,Assam_Dhubri
2018-06-26,17.69,31.99,26.74,0.95,84.27,0.9,2.16,Assam_Dhubri
2018-06-27,5.7,31.59,26.88,1.25,86.86,0.9,1.86,Assam_Dhubri
2018-06-28,6.9,31.72,26.3,1.59,85.73,0.9,3.51,Assam_Dhubri
2018-06-29,4.51,31.62,26.31,1.95,85.28,0.89,3.84,Assam_Dhubri
2018-06-30,9.44,30.34,26.54,2.3,89.24,0.89,2.03,Assam_Dhubri
2018-07-01,45.38,30.29,26.79,2.88,90.88,0.92,1.65,Assam_Dhubri
2018-07-02,40.13,30.78,26.85,3.04,90.87,0.93,1.96,Assam_Dhubri
2018-07-03,33.91,29.37,26.79,3.31,92.21,0.95,1.21,Assam_Dhubri
2018-07-04,14.74,31.3,26.36,3.29,90.0,0.95,2.59,Assam_Dhubri
2018-07-05,8.2,31.47,26.35,2.12,88.74,0.94,2.59,Assam_Dhubri
2018-07-06,1.55,33.38,26.34,1.59,84.06,0.93,4.62,Assam_Dhubri
2018-07-07,3.75,32.45,27.13,1.8,84.79,0.92,3.39,Assam_Dhubri
2018-07-08,9.94,32.66,26.85,1.35,82.97,0.92,3.81,Assam_Dhubri
2018-07-09,0.93,33.22,26.9,1.76,83.32,0.91,4.76,Assam_Dhubri
2018-07-10,3.13,33.07,26.96,1.29,82.72,0.9,4.46,Assam_Dhubri
2018-07-11,2.44,33.21,27.11,1.36,83.05,0.9,4.67,Assam_Dhubri
2018-07-12,4.2,31.54,27.79,1.21,83.56,0.89,2.01,Assam_Dhubri
2018-07-13,7.33,32.14,27.66,0.75,79.66,0.89,2.95,Assam_Dhubri
2018-07-14,0.89,34.66,28.34,0.8,76.6,0.89,5.29,Assam_Dhubri
2018-07-15,7.43,33.97,27.27,0.75,75.67,0.89,2.13,Assam_Dhubri
2018-07-16,2.83,33.15,27.67,1.57,79.67,0.88,4.5,Assam_Dhubri
2018-07-17,1.31,31.91,27.1,1.56,84.61,0.88,1.95,Assam_Dhubri
2018-07-18,1.19,34.28,27.33,1.04,79.51,0.87,5.56,Assam_Dhubri
2018-07-19,0.61,33.92,28.53,0.56,75.74,0.86,4.9,Assam_Dhubri
2018-07-20,3.43,32.52,28.0,1.45,85.94,0.86,2.52,Assam_Dhubri
2018-07-21,19.01,32.43,26.51,1.86,83.8,0.87,3.02,Assam_Dhubri
2018-07-22,9.76,33.34,26.67,2.36,83.91,0.87,4.64,Assam_Dhubri
2018-07-23,16.02,32.24,26.7,1.63,85.54,0.87,3.24,Assam_Dhubri
2018-07-24,16.66,30.66,26.94,1.63,88.58,0.88,2.09,Assam_Dhubri
2018-07-25,12.04,33.08,26.38,1.67,84.45,0.88,4.5,Assam_Dhubri
2018-07-26,10.82,31.18,26.74,1.01,84.35,0.88,2.15,Assam_Dhubri
2018-07-27,5.72,31.9,26.27,1.54,84.6,0.88,3.43,Assam_Dhubri
2018-07-28,12.67,31.07,26.49,1.5,87.8,0.88,1.77,Assam_Dhubri
2018-07-29,12.62,29.85,26.82,1.35,86.73,0.89,1.68,Assam_Dhubri
2018-07-30,9.9,29.31,26.81,1.33,90.91,0.89,0.85,Assam_Dhubri
2018-07-31,12.94,30.66,26.37,1.47,88.63,0.9,2.03,Assam_Dhubri
2018-08-01,13.55,32.77,25.95,0.64,82.45,0.9,4.11,Assam_Dhubri
2018-08-02,41.56,31.05,26.54,1.44,89.79,0.92,1.51,Assam_Dhubri
2018-08-03,2.25,30.47,25.52,1.81,87.66,0.92,2.76,Assam_Dhubri
2018-08-04,3.51,30.58,26.83,1.27,88.96,0.91,1.41,Assam_Dhubri
2018-08-05,0.9,30.92,26.53,1.3,87.33,0.91,1.92,Assam_Dhubri
2018-08-06,4.75,31.24,26.37,1.39,88.33,0.91,1.68,Assam_Dhubri
2018-08-07,3.69,31.41,26.91,1.36,86.72,0.91,2.88,Assam_Dhubri
2018-08-08,0.9,32.06,26.01,1.2,84.08,0.9,3.58,Assam_Dhubri
2018-08-09,0.27,32.33,25.68,1.57,84.68,0.89,4.57,Assam_Dhubri
2018-08-10,3.29,32.81,25.76,1.81,85.49,0.88,4.57,Assam_Dhubri
2018-08-11,21.32,32.47,26.36,1.79,86.81,0.89,3.46,Assam_Dhubri
2018-08-12,25.02,31.21,26.86,1.93,88.31,0.91,2.29,Assam_Dhubri
2018-08-13,5.33,34.0,25.83,1.07,80.68,0.9,4.86,Assam_Dhubri
2018-08-14,1.43,32.54,27.48,1.2,82.05,0.89,3.11,Assam_Dhubri
2018-08-15,7.21,30.95,28.24,0.94,87.65,0.89,0.83,Assam_Dhubri
2018-08-16,8.34,28.84,26.5,1.29,89.48,0.9,1.41,Assam_Dhubri
2018-08-17,0.66,33.64,26.15,0.77,80.39,0.89,4.79,Assam_Dhubri
2018-08-18,0.22,33.15,27.32,0.88,82.78,0.89,3.71,Assam_Dhubri
2018-08-19,6.56,35.05,27.51,1.53,81.84,0.88,4.56,Assam_Dhubri
2018-08-20,11.08,30.94,27.79,0.82,87.59,0.89,1.73,Assam_Dhubri
2018-08-21,8.95,30.65,26.65,1.05,83.49,0.88,2.24,Assam_Dhubri
2018-08-22,13.59,32.52,27.16,1.36,83.41,0.89,4.07,Assam_Dhubri
2018-08-23,16.6,33.68,26.9,1.35,81.41,0.9,4.8,Assam_Dhubri
2018-08-24,12.17,30.69,27.2,1.31,88.17,0.9,1.51,Assam_Dhubri
2018-08-25,8.21,33.06,26.44,1.33,84.32,0.9,4.15,Assam_Dhubri
2018-08-26,9.94,32.2,26.64,0.97,84.87,0.9,3.64,Assam_Dhubri
2018-08-27,7.08,31.24,26.86,1.22,88.52,0.9,1.91,Assam_Dhubri
2018-08-28,2.34,32.41,26.46,1.14,83.47,0.89,4.4,Assam_Dhubri
2018-08-29,1.23,32.48,26.46,2.0,86.25,0.89,4.4,Assam_Dhubri
2018-08-30,6.1,32.23,26.84,1.6,86.16,0.88,3.49,Assam_Dhubri
2018-08-31,4.05,33.29,26.69,1.48,84.65,0.88,5.07,Assam_Dhubri
2018-09-01,6.22,31.95,26.87,1.79,87.51,0.87,3.11,Assam_Dhubri
2018-09-02,6.82,31.83,26.34,1.58,84.97,0.87,4.45,Assam_Dhubri
2018-09-03,4.62,31.8,26.16,1.69,85.95,0.87,4.66,Assam_Dhubri
2018-09-04,3.87,33.05,26.2,0.85,79.7,0.86,4.56,Assam_Dhubri
2018-09-05,7.23,33.14,26.72,0.99,78.82,0.86,4.58,Assam_Dhubri
2018-09-06,0.95,32.52,26.66,1.47,83.88,0.86,4.2,Assam_Dhubri
2018-09-07,0.17,32.33,25.83,1.45,82.22,0.85,6.12,Assam_Dhubri
2018-09-08,4.32,32.0,25.74,2.21,85.52,0.84,5.47,Assam_Dhubri
2018-09-09,9.55,30.75,26.18,2.33,89.14,0.84,3.01,Assam_Dhubri
2018-09-10,24.01,29.49,25.84,1.95,91.02,0.85,1.5,Assam_Dhubri
2018-09-11,72.48,28.75,26.13,1.94,92.39,0.9,0.78,Assam_Dhubri
2018-09-12,51.23,30.18,25.72,2.36,91.41,0.94,1.81,Assam_Dhubri
2018-09-13,73.03,29.85,26.18,2.2,92.15,0.96,1.08,Assam_Dhubri
2018-09-14,35.45,30.87,25.86,1.46,87.69,0.99,1.14,Assam_Dhubri
2018-09-15,7.03,30.99,25.49,1.04,83.58,0.98,2.17,Assam_Dhubri
2018-09-16,0.92,32.03,24.52,0.86,82.71,0.97,4.89,Assam_Dhubri
2018-09-17,0.01,33.04,25.01,0.68,78.16,0.96,6.51,Assam_Dhubri
2018-09-18,0.0,32.85,24.91,0.69,80.15,0.95,5.89,Assam_Dhubri
2018-09-19,0.4,30.97,25.59,1.5,86.0,0.94,3.18,Assam_Dhubri
2018-09-20,4.14,29.33,26.18,1.23,88.46,0.94,0.97,Assam_Dhubri
2018-09-21,3.61,30.64,25.95,0.5,86.1,0.94,2.38,Assam_Dhubri
2018-09-22,0.02,31.12,25.18,1.91,85.68,0.94,4.45,Assam_Dhubri
2018-09-23,0.01,30.95,24.5,2.06,86.36,0.93,4.71,Assam_Dhubri
2018-09-24,7.12,30.94,25.43,2.72,87.93,0.92,3.66,Assam_Dhubri
2018-09-25,10.05,30.39,25.78,3.04,89.56,0.92,2.55,Assam_Dhubri
2018-09-26,2.03,30.84,25.15,2.64,88.12,0.92,3.9,Assam_Dhubri
2018-09-27,1.06,31.39,24.78,1.9,85.32,0.91,4.54,Assam_Dhubri
2018-09-28,0.7,30.82,24.48,1.95,87.14,0.9,3.58,Assam_Dhubri
2018-09-29,0.42,31.45,24.79,1.94,86.41,0.9,4.49,Assam_Dhubri
2018-09-30,0.71,31.51,24.57,1.96,84.98,0.89,4.83,Assam_Dhubri
2018-10-01,0.18,30.85,24.02,1.09,80.46,0.88,4.63,Assam_Dhubri
2018-10-02,0.14,31.07,24.4,1.7,83.02,0.87,5.57,Assam_Dhubri
2018-10-03,1.19,31.07,23.04,1.24,79.63,0.87,5.96,Assam_Dhubri
2018-10-04,0.78,31.33,22.79,1.27,77.24,0.86,6.36,Assam_Dhubri
2018-10-05,0.13,30.99,23.31,0.73,76.34,0.85,6.82,Assam_Dhubri
2018-10-06,0.6,31.07,24.23,0.65,71.44,0.84,7.08,Assam_Dhubri
2018-10-07,0.34,30.69,24.99,0.83,72.05,0.84,6.78,Assam_Dhubri
2018-10-08,0.53,30.3,23.57,1.16,72.98,0.83,6.04,Assam_Dhubri
2018-10-09,0.21,30.32,21.99,1.31,75.97,0.82,6.56,Assam_Dhubri
2018-10-10,0.4,29.24,21.34,1.47,81.39,0.82,5.87,Assam_Dhubri
2018-10-11,2.52,27.42,22.8,1.06,86.04,0.81,2.0,Assam_Dhubri
2018-10-12,11.86,27.13,22.28,0.95,86.61,0.82,2.59,Assam_Dhubri
2018-10-13,0.6,27.76,21.83,1.48,85.67,0.82,4.9,Assam_Dhubri
2018-10-14,1.78,28.2,20.2,1.65,86.67,0.81,5.25,Assam_Dhubri
2018-10-15,2.14,28.98,20.69,1.9,83.51,0.81,5.08,Assam_Dhubri
2018-10-16,0.0,28.12,18.86,0.89,71.91,0.8,6.15,Assam_Dhubri
2018-10-17,0.0,28.39,21.77,0.95,71.65,0.79,6.19,Assam_Dhubri
2018-10-18,0.45,28.44,20.63,1.33,80.2,0.79,4.8,Assam_Dhubri
2018-10-19,0.13,28.73,20.15,1.29,80.62,0.78,5.1,Assam_Dhubri
2018-10-20,0.0,29.24,20.63,1.15,80.86,0.78,5.21,Assam_Dhubri
2018-10-21,0.0,29.33,20.81,0.83,76.95,0.77,5.76,Assam_Dhubri
2018-10-22,0.0,29.84,20.43,0.86,78.25,0.76,6.14,Assam_Dhubri
2018-10-23,0.0,29.5,21.69,0.7,73.62,0.76,6.39,Assam_Dhubri
2018-10-24,0.0,29.04,21.53,0.69,69.86,0.75,6.32,Assam_Dhubri
2018-10-25,0.0,28.67,19.6,0.84,70.25,0.75,6.11,Assam_Dhubri
2018-10-26,0.0,28.75,20.58,1.21,75.64,0.74,5.21,Assam_Dhubri
2018-10-27,0.07,29.04,20.85,1.38,75.73,0.74,5.45,Assam_Dhubri
2018-10-28,1.14,29.57,21.45,1.1,74.4,0.73,5.55,Assam_Dhubri
2018-10-29,0.48,28.35,21.03,0.96,80.25,0.73,4.88,Assam_Dhubri
2018-10-30,0.9,28.46,20.2,1.3,84.65,0.72,4.54,Assam_Dhubri
2018-10-31,0.1,28.52,21.93,1.34,82.86,0.72,4.58,Assam_Dhubri
2018-11-01,0.0,29.77,21.44,0.7,78.72,0.71,5.61,Assam_Dhubri
2018-11-02,0.03,29.48,22.16,0.83,76.27,0.71,5.64,Assam_Dhubri
2018-11-03,0.01,28.17,20.6,1.58,80.47,0.7,4.67,Assam_Dhubri
2018-11-04,0.59,27.82,19.59,1.89,84.73,0.7,3.53,Assam_Dhubri
2018-11-05,1.64,27.93,19.64,1.78,85.2,0.7,3.25,Assam_Dhubri
2018-11-06,1.45,27.51,19.41,1.67,76.76,0.69,3.93,Assam_Dhubri
2018-11-07,0.0,26.35,17.75,1.2,75.0,0.69,3.64,Assam_Dhubri
2018-11-08,0.0,26.09,16.17,1.23,80.8,0.68,3.65,Assam_Dhubri
2018-11-09,0.0,26.44,17.4,1.31,78.47,0.68,4.01,Assam_Dhubri
2018-11-10,0.0,26.17,17.95,1.28,78.42,0.68,3.91,Assam_Dhubri
2018-11-11,0.0,26.78,18.67,0.8,76.56,0.67,4.16,Assam_Dhubri
2018-11-12,0.0,26.97,17.72,0.64,78.17,0.67,4.35,Assam_Dhubri
2018-11-13,0.0,27.37,17.58,1.02,77.47,0.66,4.29,Assam_Dhubri
2018-11-14,0.0,27.2,17.84,1.2,75.07,0.66,3.85,Assam_Dhubri
2018-11-15,0.13,26.14,17.47,1.62,82.94,0.66,2.29,Assam_Dhubri
2018-11-16,0.0,26.76,16.57,1.91,79.31,0.65,3.01,Assam_Dhubri
2018-11-17,0.0,26.1,17.47,1.62,73.74,0.65,2.92,Assam_Dhubri
2018-11-18,0.0,23.68,14.35,1.4,78.19,0.65,2.76,Assam_Dhubri
2018-11-19,0.0,24.34,13.68,1.11,78.83,0.64,2.79,Assam_Dhubri
2018-11-20,0.0,24.85,15.18,0.76,73.67,0.64,3.13,Assam_Dhubri
2018-11-21,0.0,25.03,15.63,0.96,78.07,0.64,2.69,Assam_Dhubri
2018-11-22,0.0,25.14,15.42,1.32,86.83,0.64,2.6,Assam_Dhubri
2018-11-23,0.0,25.46,16.63,0.72,80.63,0.63,3.0,Assam_Dhubri
2018-11-24,0.0,26.27,16.21,0.94,81.74,0.63,3.34,Assam_Dhubri
2018-11-25,0.0,26.12,15.89,1.33,86.19,0.63,3.02,Assam_Dhubri
2018-11-26,0.0,26.03,15.63,1.31,80.09,0.62,3.06,Assam_Dhubri
2018-11-27,0.0,26.39,15.8,1.2,79.9,0.62,3.26,Assam_Dhubri
2018-11-28,0.0,25.78,15.28,1.36,85.53,0.62,2.75,Assam_Dhubri
2018-11-29,0.0,25.9,16.2,1.0,78.48,0.61,2.97,Assam_Dhubri
2018-11-30,0.0,25.22,16.14,1.04,75.11,0.61,3.0,Assam_Dhubri
2018-12-01,0.0,24.95,15.55,0.96,76.54,0.61,2.81,Assam_Dhubri
2018-12-02,0.0,25.31,15.09,0.74,76.5,0.6,2.85,Assam_Dhubri
2018-12-03,0.0,25.33,16.36,0.83,71.42,0.6,2.63,Assam_Dhubri
2018-12-04,0.0,24.11,15.07,1.18,83.62,0.6,2.29,Assam_Dhubri
2018-12-05,0.0,23.62,15.72,0.6,81.48,0.6,1.37,Assam_Dhubri
2018-12-06,0.0,25.02,15.4,0.44,75.64,0.6,2.61,Assam_Dhubri
2018-12-07,0.0,25.01,15.13,0.46,71.83,0.59,2.69,Assam_Dhubri
2018-12-08,0.0,23.68,13.76,0.94,79.37,0.59,2.08,Assam_Dhubri
2018-12-09,0.0,24.15,14.27,0.84,77.92,0.59,2.45,Assam_Dhubri
2018-12-10,0.0,24.63,14.37,1.41,81.52,0.59,2.31,Assam_Dhubri
2018-12-11,0.0,24.79,14.29,1.62,73.44,0.58,2.24,Assam_Dhubri
2018-12-12,0.0,24.77,14.38,1.35,75.28,0.58,2.28,Assam_Dhubri
2018-12-13,0.0,24.76,14.32,1.48,79.48,0.58,2.18,Assam_Dhubri
2018-12-14,0.0,25.1,15.2,0.43,75.06,0.58,2.3,Assam_Dhubri
2018-12-15,0.0,24.94,14.36,0.85,80.39,0.57,2.07,Assam_Dhubri
2018-12-16,0.0,25.19,15.05,1.37,78.97,0.57,2.3,Assam_Dhubri
2018-12-17,0.14,23.83,14.98,1.32,76.64,0.57,1.38,Assam_Dhubri
2018-12-18,8.05,18.64,14.82,1.3,91.47,0.57,0.22,Assam_Dhubri
2018-12-19,0.06,22.24,11.64,1.11,79.68,0.58,1.83,Assam_Dhubri
2018-12-20,0.0,22.04,11.89,1.07,85.88,0.58,1.68,Assam_Dhubri
2018-12-21,0.0,23.08,12.26,0.63,75.74,0.57,2.02,Assam_Dhubri
2018-12-22,0.0,22.96,12.85,0.68,72.85,0.57,1.84,Assam_Dhubri
2018-12-23,0.0,23.73,13.45,1.03,80.82,0.57,1.94,Assam_Dhubri
2018-12-24,0.0,23.73,13.3,0.68,81.43,0.57,1.9,Assam_Dhubri
2018-12-25,0.0,22.6,11.69,1.14,72.46,0.56,1.68,Assam_Dhubri
2018-12-26,0.0,21.85,10.89,0.74,65.45,0.56,1.48,Assam_Dhubri
2018-12-27,0.0,21.37,10.54,0.96,66.01,0.56,1.41,Assam_Dhubri
2018-12-28,0.04,21.16,10.27,1.43,60.2,0.56,1.33,Assam_Dhubri
2018-12-29,0.02,21.61,8.0,1.1,62.0,0.56,1.59,Assam_Dhubri
2018-12-30,0.0,21.21,8.44,1.59,75.4,0.55,1.53,Assam_Dhubri
2018-12-31,0.0,22.22,9.58,1.42,73.85,0.55,1.65,Assam_Dhubri
2019-01-01,0.0,22.45,9.74,1.47,77.15,0.55,1.7,Assam_Dhubri
2019-01-02,0.0,22.11,9.62,1.57,74.0,0.55,1.64,Assam_Dhubri
2019-01-03,0.0,22.67,10.1,0.97,74.36,0.54,1.68,Assam_Dhubri
2019-01-04,0.0,22.13,11.09,0.99,78.2,0.54,1.44,Assam_Dhubri
2019-01-05,0.0,21.89,9.84,1.89,82.74,0.54,1.44,Assam_Dhubri
2019-01-06,0.0,22.99,10.75,2.06,75.62,0.54,1.68,Assam_Dhubri
2019-01-07,0.0,24.23,11.4,1.62,71.39,0.54,1.77,Assam_Dhubri
2019-01-08,0.0,24.6,12.0,1.23,65.07,0.53,1.71,Assam_Dhubri
2019-01-09,0.0,23.48,12.68,0.86,63.74,0.53,1.47,Assam_Dhubri
2019-01-10,0.0,21.62,11.49,0.85,71.34,0.53,1.07,Assam_Dhubri
2019-01-11,0.0,22.69,10.61,1.67,83.93,0.53,1.12,Assam_Dhubri
2019-01-12,0.0,22.8,11.0,1.66,80.76,0.53,1.42,Assam_Dhubri
2019-01-13,0.0,23.9,11.95,0.97,73.74,0.52,1.56,Assam_Dhubri
2019-01-14,0.0,23.81,11.66,0.93,69.52,0.52,1.54,Assam_Dhubri
2019-01-15,0.0,23.02,11.26,1.03,60.75,0.52,1.13,Assam_Dhubri
2019-01-16,0.0,21.97,10.05,1.48,77.63,0.52,1.03,Assam_Dhubri
2019-01-17,0.0,24.26,11.53,1.68,74.68,0.52,1.62,Assam_Dhubri
2019-01-18,0.0,24.21,12.83,1.11,69.35,0.51,1.52,Assam_Dhubri
2019-01-19,0.0,24.12,12.69,0.98,69.73,0.51,1.43,Assam_Dhubri
2019-01-20,0.0,23.4,11.28,1.04,76.95,0.51,1.25,Assam_Dhubri
2019-01-21,0.0,24.06,11.64,1.41,78.57,0.51,1.39,Assam_Dhubri
2019-01-22,0.0,24.85,11.95,1.37,75.9,0.51,1.42,Assam_Dhubri
2019-01-23,0.0,24.91,12.88,1.48,77.25,0.5,1.4,Assam_Dhubri
2019-01-24,0.0,25.55,12.83,0.99,73.36,0.5,1.46,Assam_Dhubri
2019-01-25,0.0,24.41,13.49,1.75,75.51,0.5,1.17,Assam_Dhubri
2019-01-26,0.01,25.79,13.99,1.02,69.41,0.5,1.4,Assam_Dhubri
2019-01-27,0.0,27.03,14.82,0.91,62.02,0.5,1.77,Assam_Dhubri
2019-01-28,0.0,26.01,14.13,1.31,62.57,0.49,1.61,Assam_Dhubri
2019-01-29,0.4,24.59,11.4,2.0,55.68,0.49,1.42,Assam_Dhubri
2019-01-30,0.0,23.07,9.05,1.6,61.57,0.49,1.32,Assam_Dhubri
2019-01-31,0.0,23.38,9.82,2.31,73.44,0.49,1.16,Assam_Dhubri
2019-02-01,0.0,22.89,12.3,1.72,71.75,0.49,0.77,Assam_Dhubri
2019-02-02,0.0,25.55,12.71,0.78,60.09,0.48,1.63,Assam_Dhubri
2019-02-03,0.0,25.99,13.47,0.82,50.72,0.48,1.44,Assam_Dhubri
2019-02-04,0.0,25.04,12.51,0.86,51.01,0.48,1.29,Assam_Dhubri
2019-02-05,0.0,25.63,12.7,0.63,52.59,0.48,1.24,Assam_Dhubri
2019-02-06,0.0,25.64,13.81,0.79,50.01,0.48,1.22,Assam_Dhubri
2019-02-07,0.0,26.1,13.41,1.1,57.64,0.47,1.3,Assam_Dhubri
2019-02-08,1.58,25.81,14.85,0.95,65.64,0.47,0.97,Assam_Dhubri
2019-02-09,6.46,24.71,14.87,1.58,77.06,0.48,1.25,Assam_Dhubri
2019-02-10,0.03,24.45,11.13,1.61,61.99,0.48,1.53,Assam_Dhubri
2019-02-11,0.06,23.83,10.46,1.39,67.81,0.48,1.27,Assam_Dhubri
2019-02-12,0.0,25.44,13.24,0.97,63.4,0.48,1.31,Assam_Dhubri
2019-02-13,0.0,26.51,13.35,1.08,62.88,0.47,1.45,Assam_Dhubri
2019-02-14,0.0,28.18,15.69,0.92,62.72,0.47,1.49,Assam_Dhubri
2019-02-15,0.08,28.32,16.3,0.93,56.24,0.47,1.38,Assam_Dhubri
2019-02-16,6.63,24.41,16.95,1.46,68.21,0.47,0.64,Assam_Dhubri
2019-02-17,0.8,25.24,14.01,2.4,67.56,0.48,1.33,Assam_Dhubri
2019-02-18,0.16,23.76,12.47,1.82,59.85,0.47,1.15,Assam_Dhubri
2019-02-19,0.01,26.39,13.05,1.53,49.77,0.47,1.24,Assam_Dhubri
2019-02-20,0.0,27.46,13.33,1.65,54.4,0.47,1.35,Assam_Dhubri
2019-02-21,0.0,25.92,14.12,2.17,66.96,0.46,1.21,Assam_Dhubri
2019-02-22,0.0,27.18,14.04,1.22,63.35,0.46,1.4,Assam_Dhubri
2019-02-23,0.0,29.58,15.63,1.73,57.6,0.46,1.49,Assam_Dhubri
2019-02-24,0.01,28.84,14.13,1.75,46.06,0.46,1.71,Assam_Dhubri
2019-02-25,0.03,27.28,15.99,1.21,45.78,0.45,1.44,Assam_Dhubri
2019-02-26,0.07,28.95,14.47,1.54,55.96,0.45,1.61,Assam_Dhubri
2019-02-27,1.23,26.63,14.04,1.67,73.48,0.45,1.21,Assam_Dhubri
2019-02-28,10.53,21.28,14.14,1.74,78.09,0.46,0.36,Assam_Dhubri
2019-03-01,0.0,25.41,10.23,1.93,50.28,0.47,1.56,Assam_Dhubri
2019-03-02,0.0,25.46,10.98,1.47,56.32,0.46,1.52,Assam_Dhubri
2019-03-03,0.0,26.45,12.82,0.94,56.07,0.46,1.61,Assam_Dhubri
2019-03-04,0.08,26.9,13.99,1.93,60.81,0.45,1.37,Assam_Dhubri
2019-03-05,3.55,27.9,15.89,1.91,70.81,0.45,1.39,Assam_Dhubri
2019-03-06,12.12,27.74,15.33,1.98,68.06,0.47,1.45,Assam_Dhubri
2019-03-07,0.0,28.06,14.63,1.57,40.91,0.47,1.94,Assam_Dhubri
2019-03-08,0.0,26.73,12.79,1.38,45.48,0.46,1.72,Assam_Dhubri
2019-03-09,0.01,28.29,14.53,1.36,44.92,0.46,1.72,Assam_Dhubri
2019-03-10,0.0,29.63,14.64,1.54,54.22,0.46,1.85,Assam_Dhubri
2019-03-11,0.01,29.26,15.99,1.27,59.54,0.45,1.69,Assam_Dhubri
2019-03-12,0.0,32.71,17.25,1.29,45.53,0.45,1.92,Assam_Dhubri
2019-03-13,0.0,32.33,17.09,1.29,44.49,0.44,2.0,Assam_Dhubri
2019-03-14,0.0,32.97,18.12,1.41,50.2,0.44,1.83,Assam_Dhubri
2019-03-15,0.0,32.98,19.49,2.12,53.0,0.44,1.44,Assam_Dhubri
2019-03-16,0.0,33.88,19.81,3.21,46.45,0.43,2.03,Assam_Dhubri
2019-03-17,0.0,33.86,17.68,2.22,39.25,0.43,1.88,Assam_Dhubri
2019-03-18,0.78,28.21,17.34,1.53,44.86,0.43,1.12,Assam_Dhubri
2019-03-19,0.54,30.99,17.76,1.35,50.54,0.43,1.46,Assam_Dhubri
2019-03-20,0.0,31.93,16.5,1.36,39.69,0.43,1.62,Assam_Dhubri
2019-03-21,0.06,33.22,17.69,1.19,38.1,0.42,1.57,Assam_Dhubri
2019-03-22,0.1,33.37,18.01,1.82,46.46,0.42,1.44,Assam_Dhubri
2019-03-23,0.13,34.16,19.66,2.42,47.22,0.42,1.57,Assam_Dhubri
2019-03-24,0.01,33.62,18.26,1.43,33.58,0.41,1.32,Assam_Dhubri
2019-03-25,0.0,34.22,17.34,1.54,42.0,0.41,1.45,Assam_Dhubri
2019-03-26,6.75,32.47,18.68,1.28,49.99,0.41,0.83,Assam_Dhubri
2019-03-27,1.01,31.65,18.9,1.58,51.13,0.42,1.44,Assam_Dhubri
2019-03-28,0.0,32.79,19.07,1.31,52.49,0.42,1.54,Assam_Dhubri
2019-03-29,0.05,34.13,19.77,1.53,53.38,0.41,1.32,Assam_Dhubri
2019-03-30,1.43,32.43,21.97,1.77,58.08,0.41,1.04,Assam_Dhubri
2019-03-31,17.1,31.55,22.24,2.0,67.89,0.43,0.72,Assam_Dhubri
2019-04-01,8.81,31.37,22.79,1.92,73.12,0.45,1.7,Assam_Dhubri
2019-04-02,2.15,31.84,21.62,1.49,67.22,0.45,1.76,Assam_Dhubri
2019-04-03,0.06,31.9,20.04,2.05,65.55,0.44,1.92,Assam_Dhubri
2019-04-04,0.38,32.37,19.66,1.96,62.68,0.44,1.75,Assam_Dhubri
2019-04-05,3.04,31.06,21.05,2.78,65.72,0.44,1.25,Assam_Dhubri
2019-04-06,15.76,31.69,20.96,1.68,69.2,0.45,1.2,Assam_Dhubri
2019-04-07,7.93,29.84,22.22,1.22,73.87,0.47,1.18,Assam_Dhubri
2019-04-08,7.48,31.56,20.39,1.27,67.87,0.47,2.27,Assam_Dhubri
2019-04-09,21.51,29.1,21.25,2.24,79.32,0.5,1.71,Assam_Dhubri
2019-04-10,0.07,31.32,19.62,1.86,67.72,0.49,3.29,Assam_Dhubri
2019-04-11,0.06,32.95,19.98,1.3,65.65,0.48,3.52,Assam_Dhubri
2019-04-12,0.06,34.41,21.68,1.18,60.43,0.47,3.41,Assam_Dhubri
2019-04-13,2.67,34.88,22.63,0.92,59.41,0.47,3.1,Assam_Dhubri
2019-04-14,5.94,34.85,22.82,1.82,63.62,0.47,2.54,Assam_Dhubri
2019-04-15,6.74,34.09,22.71,1.65,69.79,0.48,2.52,Assam_Dhubri
2019-04-16,22.21,32.66,22.91,1.57,74.14,0.5,2.43,Assam_Dhubri
2019-04-17,5.98,34.15,23.87,1.38,68.28,0.51,3.56,Assam_Dhubri
2019-04-18,0.0,34.16,20.82,2.48,59.29,0.5,4.12,Assam_Dhubri
2019-04-19,0.09,35.74,21.76,2.02,51.95,0.49,4.15,Assam_Dhubri
2019-04-20,0.02,35.01,21.09,1.68,47.73,0.48,3.65,Assam_Dhubri
2019-04-21,5.87,32.54,22.84,2.33,61.3,0.48,2.9,Assam_Dhubri
2019-04-22,1.7,32.89,21.58,1.9,63.36,0.48,3.01,Assam_Dhubri
2019-04-23,0.09,32.77,21.73,1.98,60.99,0.47,2.79,Assam_Dhubri
2019-04-24,0.08,35.88,22.32,1.5,58.23,0.47,3.03,Assam_Dhubri
2019-04-25,0.08,36.84,23.74,0.95,55.25,0.46,2.97,Assam_Dhubri
2019-04-26,0.51,36.92,25.29,1.46,55.23,0.46,2.41,Assam_Dhubri
2019-04-27,14.31,35.26,24.9,1.68,64.66,0.46,2.11,Assam_Dhubri
2019-04-28,44.46,34.41,25.1,1.75,75.33,0.52,2.8,Assam_Dhubri
2019-04-29,21.62,33.82,24.69,1.67,76.09,0.55,4.06,Assam_Dhubri
2019-04-30,4.58,33.63,24.09,1.79,76.3,0.55,4.7,Assam_Dhubri
2019-05-01,44.74,33.09,25.05,1.87,78.82,0.57,3.19,Assam_Dhubri
2019-05-02,22.94,32.72,25.14,2.22,80.0,0.61,4.73,Assam_Dhubri
2019-05-03,24.35,29.48,24.46,2.11,83.21,0.63,2.79,Assam_Dhubri
2019-05-04,41.68,28.91,22.17,3.95,86.7,0.65,2.66,Assam_Dhubri
2019-05-05,2.35,32.98,21.05,2.25,75.22,0.66,5.96,Assam_Dhubri
2019-05-06,0.35,34.19,21.04,1.86,68.27,0.64,6.74,Assam_Dhubri
2019-05-07,0.09,33.22,21.38,1.91,74.99,0.62,6.46,Assam_Dhubri
2019-05-08,4.62,34.52,22.34,1.73,72.28,0.61,5.96,Assam_Dhubri
2019-05-09,1.99,33.1,23.71,1.89,79.57,0.61,5.69,Assam_Dhubri
2019-05-10,4.49,34.41,24.9,1.41,77.56,0.6,5.55,Assam_Dhubri
2019-05-11,6.52,33.0,25.02,1.35,80.55,0.6,4.54,Assam_Dhubri
2019-05-12,10.56,33.41,25.78,2.32,80.33,0.61,5.02,Assam_Dhubri
2019-05-13,12.06,33.45,24.92,1.09,74.32,0.61,5.79,Assam_Dhubri
2019-05-14,7.85,33.14,24.63,0.98,71.66,0.61,6.78,Assam_Dhubri
2019-05-15,9.49,31.32,24.39,1.3,78.76,0.62,4.59,Assam_Dhubri
2019-05-16,7.1,31.53,23.74,1.33,77.21,0.61,5.2,Assam_Dhubri
2019-05-17,17.34,33.72,24.47,1.44,75.06,0.63,5.33,Assam_Dhubri
2019-05-18,17.32,34.08,24.51,1.38,77.54,0.64,5.22,Assam_Dhubri
2019-05-19,66.29,32.47,25.28,1.5,81.15,0.69,5.16,Assam_Dhubri
2019-05-20,7.62,32.05,24.75,1.18,81.04,0.69,5.17,Assam_Dhubri
2019-05-21,19.01,32.24,24.82,1.37,84.22,0.69,4.46,Assam_Dhubri
2019-05-22,18.14,32.76,25.79,1.6,81.98,0.7,5.34,Assam_Dhubri
2019-05-23,17.61,31.32,25.61,2.25,86.01,0.71,3.74,Assam_Dhubri
2019-05-24,17.95,32.1,25.89,1.94,83.96,0.72,4.81,Assam_Dhubri
2019-05-25,16.11,31.78,25.29,2.15,86.72,0.73,4.15,Assam_Dhubri
2019-05-26,10.39,32.03,25.18,1.86,82.99,0.73,5.31,Assam_Dhubri
2019-05-27,12.38,32.4,24.96,1.45,83.62,0.73,4.49,Assam_Dhubri
2019-05-28,6.97,32.53,25.47,1.74,83.36,0.73,4.73,Assam_Dhubri
2019-05-29,3.74,33.73,24.95,1.51,79.73,0.72,6.61,Assam_Dhubri
2019-05-30,15.65,32.47,25.92,2.74,83.8,0.72,5.13,Assam_Dhubri
2019-05-31,17.46,32.2,25.97,1.95,79.98,0.74,4.93,Assam_Dhubri
2019-06-01,9.47,33.56,24.8,1.18,75.44,0.73,6.48,Assam_Dhubri
2019-06-02,37.04,31.49,25.96,1.33,82.48,0.76,2.78,Assam_Dhubri
2019-06-03,6.64,31.88,25.69,1.33,78.12,0.77,5.47,Assam_Dhubri
2019-06-04,2.35,32.99,25.06,1.64,76.8,0.75,7.16,Assam_Dhubri
2019-06-05,2.59,32.61,24.16,1.08,76.87,0.74,7.05,Assam_Dhubri
2019-06-06,1.26,31.2,26.18,1.13,82.36,0.73,3.86,Assam_Dhubri
2019-06-07,1.54,30.67,26.34,1.5,85.76,0.73,3.27,Assam_Dhubri
2019-06-08,3.64,32.76,25.85,1.63,82.81,0.72,6.26,Assam_Dhubri
2019-06-09,3.12,33.07,25.9,1.57,82.76,0.72,6.43,Assam_Dhubri
2019-06-10,6.97,33.64,26.19,1.06,79.68,0.71,6.51,Assam_Dhubri
2019-06-11,16.33,32.9,27.64,1.36,80.44,0.73,5.04,Assam_Dhubri
2019-06-12,1.14,34.63,27.22,0.89,74.46,0.72,6.75,Assam_Dhubri
2019-06-13,0.08,36.06,29.27,0.79,71.14,0.71,7.48,Assam_Dhubri
2019-06-14,21.61,34.54,28.03,1.46,77.56,0.72,6.08,Assam_Dhubri
2019-06-15,11.21,31.75,27.14,1.85,85.86,0.73,3.22,Assam_Dhubri
2019-06-16,9.05,33.48,27.24,2.23,86.01,0.73,5.3,Assam_Dhubri
2019-06-17,23.2,32.45,27.26,2.13,87.72,0.74,3.47,Assam_Dhubri
2019-06-18,8.91,33.36,27.3,1.74,83.74,0.75,5.18,Assam_Dhubri
2019-06-19,0.33,34.88,26.83,0.88,78.1,0.74,7.33,Assam_Dhubri
2019-06-20,5.1,33.52,28.46,0.94,78.74,0.73,4.16,Assam_Dhubri
2019-06-21,7.13,34.35,27.44,1.15,76.51,0.73,6.93,Assam_Dhubri
2019-06-22,5.48,33.09,27.67,1.48,80.96,0.73,5.89,Assam_Dhubri
2019-06-23,4.43,32.65,27.35,2.27,84.05,0.72,5.53,Assam_Dhubri
2019-06-24,2.12,32.8,26.97,2.67,83.84,0.72,6.26,Assam_Dhubri
2019-06-25,32.96,32.21,26.83,2.76,87.84,0.73,2.93,Assam_Dhubri
2019-06-26,34.88,32.41,27.42,4.05,89.54,0.77,2.31,Assam_Dhubri
2019-06-27,48.6,31.44,27.56,4.14,91.05,0.81,2.06,Assam_Dhubri
2019-06-28,48.66,32.44,27.56,3.43,89.38,0.84,2.71,Assam_Dhubri
2019-06-29,20.36,32.87,27.45,1.73,84.66,0.85,3.79,Assam_Dhubri
2019-06-30,4.82,34.09,26.94,0.79,77.58,0.84,5.85,Assam_Dhubri
2019-07-01,8.0,32.39,27.7,0.74,84.64,0.83,2.04,Assam_Dhubri
2019-07-02,1.03,33.29,27.07,1.41,81.41,0.83,4.62,Assam_Dhubri
2019-07-03,2.39,33.05,27.47,1.83,81.33,0.82,6.16,Assam_Dhubri
2019-07-04,3.0,34.15,27.03,1.34,81.09,0.81,6.41,Assam_Dhubri
2019-07-05,11.28,31.74,27.56,1.24,84.66,0.81,2.34,Assam_Dhubri
2019-07-06,38.31,31.65,27.16,1.86,87.02,0.83,2.52,Assam_Dhubri
2019-07-07,20.85,31.48,27.16,2.02,87.71,0.86,1.93,Assam_Dhubri
2019-07-08,70.07,31.18,27.36,1.63,90.39,0.88,1.38,Assam_Dhubri
2019-07-09,63.2,30.08,26.82,2.08,91.3,0.93,1.16,Assam_Dhubri
2019-07-10,79.22,29.45,27.0,3.01,93.82,0.95,0.62,Assam_Dhubri
2019-07-11,38.97,29.15,27.2,2.71,94.71,0.97,0.41,Assam_Dhubri
2019-07-12,24.47,28.96,26.45,3.26,93.74,0.97,0.72,Assam_Dhubri
2019-07-13,84.32,29.27,26.58,2.8,93.29,0.99,0.65,Assam_Dhubri
2019-07-14,57.84,29.03,26.32,3.09,93.42,1.0,0.6,Assam_Dhubri
2019-07-15,68.41,30.16,26.51,3.21,93.62,1.0,0.64,Assam_Dhubri
2019-07-16,10.05,31.16,26.53,2.52,90.32,1.0,1.45,Assam_Dhubri
2019-07-17,4.79,31.88,26.85,2.04,88.67,0.99,2.02,Assam_Dhubri
2019-07-18,2.91,34.24,26.46,1.13,81.05,0.98,4.07,Assam_Dhubri
2019-07-19,12.32,32.17,27.31,1.66,85.94,0.98,2.63,Assam_Dhubri
2019-07-20,6.62,32.13,26.55,2.08,87.01,0.97,2.91,Assam_Dhubri
2019-07-21,16.37,31.21,26.94,2.52,88.73,0.97,2.16,Assam_Dhubri
2019-07-22,35.68,29.79,27.04,2.6,91.18,0.98,1.13,Assam_Dhubri
2019-07-23,77.11,29.54,26.6,3.24,92.82,1.0,0.67,Assam_Dhubri
2019-07-24,20.7,30.52,26.29,2.84,91.53,1.0,1.41,Assam_Dhubri
2019-07-25,7.94,32.56,26.12,1.15,82.8,0.99,3.12,Assam_Dhubri
2019-07-26,13.7,30.64,26.63,1.36,87.56,0.99,1.7,Assam_Dhubri
2019-07-27,15.56,32.88,26.49,1.82,83.91,0.99,2.85,Assam_Dhubri
2019-07-28,3.2,33.09,26.81,1.34,80.44,0.98,3.69,Assam_Dhubri
2019-07-29,2.0,32.36,26.29,1.74,83.3,0.97,3.85,Assam_Dhubri
2019-07-30,3.2,30.73,26.24,1.94,86.57,0.96,2.83,Assam_Dhubri
2019-07-31,5.06,31.7,26.26,1.67,85.63,0.95,2.93,Assam_Dhubri
2019-08-01,4.38,32.39,26.28,0.99,80.61,0.95,3.8,Assam_Dhubri
2019-08-02,2.76,32.82,26.73,1.09,82.52,0.94,4.15,Assam_Dhubri
2019-08-03,0.65,33.4,26.96,1.0,83.09,0.93,4.79,Assam_Dhubri
2019-08-04,0.15,33.75,27.0,1.04,80.8,0.92,4.71,Assam_Dhubri
2019-08-05,0.48,33.7,28.63,1.37,83.47,0.92,2.9,Assam_Dhubri
2019-08-06,12.38,33.28,28.35,1.98,86.67,0.91,2.85,Assam_Dhubri
2019-08-07,19.11,33.46,26.9,2.66,86.66,0.93,2.88,Assam_Dhubri
2019-08-08,9.43,32.5,26.13,2.35,84.02,0.93,4.11,Assam_Dhubri
2019-08-09,5.76,33.17,26.41,1.64,83.79,0.92,4.68,Assam_Dhubri
2019-08-10,3.95,32.94,27.27,1.25,81.82,0.91,3.26,Assam_Dhubri
2019-08-11,0.83,32.17,27.59,0.7,78.67,0.91,3.09,Assam_Dhubri
2019-08-12,3.9,35.3,27.75,1.76,80.29,0.9,5.3,Assam_Dhubri
2019-08-13,32.24,31.63,26.43,1.82,87.71,0.91,2.14,Assam_Dhubri
2019-08-14,18.21,32.2,25.97,1.89,85.66,0.92,3.55,Assam_Dhubri
2019-08-15,10.02,32.09,26.2,1.67,85.27,0.92,3.86,Assam_Dhubri
2019-08-16,14.5,31.74,26.8,2.26,89.47,0.92,2.9,Assam_Dhubri
2019-08-17,5.29,32.94,26.96,1.86,85.77,0.92,4.06,Assam_Dhubri
2019-08-18,4.03,31.65,26.87,1.75,87.36,0.91,2.97,Assam_Dhubri
2019-08-19,0.29,32.72,26.0,1.83,83.95,0.9,5.32,Assam_Dhubri
2019-08-20,0.09,32.71,26.45,1.81,83.94,0.89,4.96,Assam_Dhubri
2019-08-21,0.14,33.43,26.81,1.39,81.94,0.88,4.85,Assam_Dhubri
2019-08-22,0.59,33.74,27.17,1.27,80.78,0.87,4.98,Assam_Dhubri
2019-08-23,4.79,30.76,26.69,1.42,90.32,0.87,1.92,Assam_Dhubri
2019-08-24,12.75,30.92,26.25,1.22,88.6,0.88,2.44,Assam_Dhubri
2019-08-25,11.96,32.81,26.27,0.97,83.01,0.88,4.14,Assam_Dhubri
2019-08-26,0.4,33.56,26.88,1.31,82.21,0.88,5.65,Assam_Dhubri
2019-08-27,0.04,34.21,26.11,1.41,82.16,0.86,5.88,Assam_Dhubri
2019-08-28,3.14,32.28,26.68,1.09,84.06,0.86,3.07,Assam_Dhubri
2019-08-29,15.93,33.1,27.74,0.88,81.78,0.87,4.19,Assam_Dhubri
2019-08-30,16.17,31.78,27.01,1.52,84.36,0.87,2.83,Assam_Dhubri
2019-08-31,13.56,33.0,27.5,1.26,82.5,0.88,3.1,Assam_Dhubri
2019-09-01,3.28,32.91,26.96,1.69,84.44,0.88,4.06,Assam_Dhubri
2019-09-02,2.26,34.25,27.46,1.1,81.66,0.87,6.29,Assam_Dhubri
2019-09-03,12.52,29.5,27.45,0.94,90.37,0.87,1.03,Assam_Dhubri
2019-09-04,11.4,29.67,26.68,1.41,86.85,0.88,1.37,Assam_Dhubri
2019-09-05,13.42,30.58,25.85,1.32,87.51,0.88,2.11,Assam_Dhubri
2019-09-06,7.13,33.55,25.98,1.0,80.63,0.89,6.12,Assam_Dhubri
2019-09-07,5.27,30.69,26.7,1.27,85.04,0.88,2.49,Assam_Dhubri
2019-09-08,11.05,32.58,26.52,1.33,83.6,0.88,4.81,Assam_Dhubri
2019-09-09,6.86,32.86,26.66,1.66,86.02,0.88,4.73,Assam_Dhubri
2019-09-10,13.11,30.23,27.15,1.76,91.55,0.88,1.11,Assam_Dhubri
2019-09-11,18.03,32.51,27.06,1.39,87.35,0.9,2.93,Assam_Dhubri
2019-09-12,20.7,31.01,26.81,1.74,88.76,0.9,2.28,Assam_Dhubri
2019-09-13,39.75,30.75,25.92,1.99,88.9,0.93,3.04,Assam_Dhubri
2019-09-14,22.01,31.31,25.92,2.14,87.55,0.94,3.67,Assam_Dhubri
2019-09-15,15.04,30.92,26.22,2.12,88.88,0.93,2.47,Assam_Dhubri
2019-09-16,28.18,29.43,26.29,1.77,93.15,0.95,0.86,Assam_Dhubri
2019-09-17,24.34,30.77,25.51,1.09,84.99,0.96,2.69,Assam_Dhubri
2019-09-18,3.31,32.41,25.22,0.78,76.48,0.95,5.72,Assam_Dhubri
2019-09-19,0.23,33.28,25.05,0.84,75.72,0.94,7.13,Assam_Dhubri
2019-09-20,0.82,31.94,25.75,1.16,82.79,0.93,4.2,Assam_Dhubri
2019-09-21,2.72,32.57,26.09,0.56,77.51,0.93,5.04,Assam_Dhubri
2019-09-22,11.48,32.05,26.51,0.84,79.64,0.93,3.26,Assam_Dhubri
2019-09-23,20.02,29.0,25.44,1.06,85.89,0.94,1.64,Assam_Dhubri
2019-09-24,53.37,28.47,24.83,0.99,88.82,0.96,0.92,Assam_Dhubri
2019-09-25,68.23,28.66,23.86,1.06,86.7,0.99,1.63,Assam_Dhubri
2019-09-26,1.94,29.88,23.31,1.48,86.43,0.98,4.05,Assam_Dhubri
2019-09-27,18.95,28.41,23.68,0.93,86.73,0.97,2.76,Assam_Dhubri
2019-09-28,24.16,27.78,23.72,0.83,85.96,0.98,1.14,Assam_Dhubri
2019-09-29,38.17,25.84,22.86,1.0,87.98,0.99,0.56,Assam_Dhubri
2019-09-30,21.44,26.63,22.43,0.88,88.16,0.99,0.76,Assam_Dhubri
2019-10-01,48.82,27.21,23.02,1.64,90.8,1.0,1.2,Assam_Dhubri
2019-10-02,3.02,30.67,23.28,0.95,81.07,0.99,4.24,Assam_Dhubri
2019-10-03,0.32,31.12,24.32,1.0,82.03,0.98,5.03,Assam_Dhubri
2019-10-04,14.91,30.34,23.94,1.06,86.48,0.98,3.98,Assam_Dhubri
2019-10-05,8.51,30.54,25.4,0.98,83.61,0.98,3.27,Assam_Dhubri
2019-10-06,4.79,30.85,25.27,0.7,80.0,0.98,3.76,Assam_Dhubri
2019-10-07,4.2,29.33,25.21,0.86,85.26,0.97,1.74,Assam_Dhubri
2019-10-08,36.78,27.11,24.59,0.74,88.25,0.99,0.72,Assam_Dhubri
2019-10-09,15.23,27.77,23.2,0.93,86.38,0.99,1.41,Assam_Dhubri
2019-10-10,5.36,28.97,22.48,1.05,84.05,0.98,4.15,Assam_Dhubri
2019-10-11,1.41,30.14,22.58,1.37,84.09,0.97,4.45,Assam_Dhubri
2019-10-12,0.75,29.46,22.17,1.28,82.54,0.97,4.55,Assam_Dhubri
2019-10-13,0.0,29.04,21.28,0.79,81.29,0.96,5.29,Assam_Dhubri
2019-10-14,0.0,29.18,21.82,1.15,83.19,0.96,4.8,Assam_Dhubri
2019-10-15,0.02,29.92,22.11,1.24,78.46,0.95,5.08,Assam_Dhubri
2019-10-16,0.17,30.3,23.52,0.69,74.24,0.94,6.12,Assam_Dhubri
2019-10-17,0.17,30.03,24.52,0.58,75.86,0.93,5.6,Assam_Dhubri
2019-10-18,0.0,30.13,23.74,0.44,71.41,0.93,6.26,Assam_Dhubri
2019-10-19,0.0,29.47,22.52,0.65,73.32,0.92,5.98,Assam_Dhubri
2019-10-20,0.0,29.48,22.78,1.0,81.11,0.91,5.25,Assam_Dhubri
2019-10-21,0.01,28.04,21.9,2.27,90.68,0.91,3.35,Assam_Dhubri
2019-10-22,0.01,27.63,21.19,2.21,88.21,0.9,4.11,Assam_Dhubri
2019-10-23,0.07,26.72,19.67,0.96,83.32,0.9,3.87,Assam_Dhubri
2019-10-24,4.61,25.22,20.21,1.08,83.31,0.89,1.54,Assam_Dhubri
2019-10-25,17.84,24.97,19.45,2.57,91.02,0.9,1.64,Assam_Dhubri
2019-10-26,49.57,25.01,18.96,2.06,92.57,0.93,1.1,Assam_Dhubri
2019-10-27,0.44,26.63,19.34,0.53,83.62,0.93,4.48,Assam_Dhubri
2019-10-28,0.0,24.77,19.48,0.82,84.27,0.92,2.79,Assam_Dhubri
2019-10-29,0.0,27.58,20.08,0.93,82.2,0.92,4.12,Assam_Dhubri
2019-10-30,0.0,28.09,20.59,0.91,85.33,0.91,3.99,Assam_Dhubri
2019-10-31,0.0,28.54,21.61,0.6,81.38,0.91,5.02,Assam_Dhubri
2019-11-01,0.0,27.95,20.62,0.79,81.79,0.9,5.19,Assam_Dhubri
2019-11-02,0.0,28.06,20.66,1.23,83.12,0.9,4.54,Assam_Dhubri
2019-11-03,0.0,28.18,21.91,0.97,82.38,0.89,3.94,Assam_Dhubri
2019-11-04,0.0,28.57,21.02,0.78,78.88,0.88,5.29,Assam_Dhubri
2019-11-05,3.36,28.19,21.49,1.34,83.33,0.88,4.31,Assam_Dhubri
2019-11-06,1.25,27.8,20.21,0.85,78.44,0.88,4.55,Assam_Dhubri
2019-11-07,0.0,27.24,18.58,1.53,85.16,0.87,4.07,Assam_Dhubri
2019-11-08,0.0,27.91,20.38,1.88,86.89,0.86,3.49,Assam_Dhubri
2019-11-09,1.31,26.62,21.31,1.23,89.68,0.86,1.37,Assam_Dhubri
2019-11-10,0.78,25.43,20.78,2.07,92.92,0.86,1.77,Assam_Dhubri
2019-11-11,0.36,26.72,19.72,0.63,83.19,0.85,4.52,Assam_Dhubri
2019-11-12,0.0,27.1,19.89,0.71,81.35,0.85,4.11,Assam_Dhubri
2019-11-13,0.0,26.5,18.74,0.83,85.81,0.85,3.93,Assam_Dhubri
2019-11-14,0.0,27.42,19.4,1.37,86.88,0.84,4.62,Assam_Dhubri
2019-11-15,0.0,28.35,20.57,0.9,85.91,0.83,4.9,Assam_Dhubri
2019-11-16,0.0,27.33,20.05,1.71,87.82,0.83,3.78,Assam_Dhubri
2019-11-17,0.0,25.9,18.51,1.74,88.45,0.82,3.12,Assam_Dhubri
2019-11-18,0.0,25.67,17.76,1.25,85.56,0.82,3.03,Assam_Dhubri
2019-11-19,0.22,25.61,17.68,1.35,86.98,0.82,2.64,Assam_Dhubri
2019-11-20,0.09,25.74,16.43,0.9,79.8,0.81,3.76,Assam_Dhubri
2019-11-21,0.0,25.55,17.01,1.15,85.87,0.81,3.55,Assam_Dhubri
2019-11-22,0.0,25.23,17.81,0.62,81.2,0.8,3.96,Assam_Dhubri
2019-11-23,0.0,25.81,18.92,0.51,77.24,0.8,3.78,Assam_Dhubri
2019-11-24,0.0,25.36,18.16,0.81,82.63,0.8,3.06,Assam_Dhubri
2019-11-25,0.0,23.3,18.56,0.75,88.38,0.79,1.13,Assam_Dhubri
2019-11-26,0.0,26.13,18.37,0.99,86.61,0.79,3.64,Assam_Dhubri
2019-11-27,0.0,26.0,17.36,1.22,87.77,0.79,3.31,Assam_Dhubri
2019-11-28,0.0,26.51,17.19,1.07,85.98,0.78,3.53,Assam_Dhubri
2019-11-29,0.0,26.34,16.87,0.87,85.97,0.78,3.66,Assam_Dhubri
2019-11-30,0.0,25.32,17.15,1.47,86.1,0.78,3.04,Assam_Dhubri
2019-12-01,0.0,23.85,15.2,1.24,83.25,0.77,2.8,Assam_Dhubri
2019-12-02,0.0,23.65,15.33,0.73,82.86,0.77,2.8,Assam_Dhubri
2019-12-03,0.0,23.36,15.48,0.62,80.64,0.77,3.12,Assam_Dhubri
2019-12-04,0.0,23.51,15.25,1.1,85.47,0.76,2.9,Assam_Dhubri
2019-12-05,0.0,24.92,13.29,1.83,82.87,0.76,3.19,Assam_Dhubri
2019-12-06,0.0,23.24,14.16,1.91,80.36,0.75,3.1,Assam_Dhubri
2019-12-07,0.0,22.9,12.86,1.67,80.69,0.75,2.46,Assam_Dhubri
2019-12-08,0.0,24.32,14.27,1.4,81.9,0.75,3.01,Assam_Dhubri
2019-12-09,0.0,23.9,14.99,0.83,80.0,0.74,3.01,Assam_Dhubri
2019-12-10,0.0,23.27,14.43,0.9,81.31,0.74,2.83,Assam_Dhubri
2019-12-11,0.0,22.73,13.59,1.18,82.58,0.74,2.21,Assam_Dhubri
2019-12-12,0.0,21.76,14.34,0.97,85.65,0.73,1.6,Assam_Dhubri
2019-12-13,0.0,23.46,14.81,1.31,82.44,0.73,2.31,Assam_Dhubri
2019-12-14,0.05,24.38,14.85,1.11,83.11,0.73,2.73,Assam_Dhubri
2019-12-15,0.04,23.49,14.16,0.67,81.23,0.72,2.57,Assam_Dhubri
2019-12-16,0.0,23.55,14.58,1.04,78.58,0.72,2.69,Assam_Dhubri
2019-12-17,0.0,22.58,12.43,1.29,85.99,0.72,2.24,Assam_Dhubri
2019-12-18,0.0,20.62,11.76,0.89,86.36,0.72,1.67,Assam_Dhubri
2019-12-19,0.0,20.34,10.72,0.72,85.17,0.71,1.77,Assam_Dhubri
2019-12-20,0.0,19.86,11.02,1.06,85.3,0.71,1.43,Assam_Dhubri
2019-12-21,0.0,19.93,11.8,1.15,84.28,0.71,1.6,Assam_Dhubri
2019-12-22,0.0,19.79,10.69,1.03,84.09,0.71,1.73,Assam_Dhubri
2019-12-23,0.0,20.09,9.85,0.86,82.79,0.7,1.68,Assam_Dhubri
2019-12-24,0.0,21.68,10.41,0.92,82.94,0.7,1.98,Assam_Dhubri
2019-12-25,0.0,19.83,8.94,0.96,77.7,0.7,1.77,Assam_Dhubri
2019-12-26,0.0,20.33,9.75,0.79,74.73,0.7,1.8,Assam_Dhubri
2019-12-27,0.19,19.84,9.89,0.93,78.82,0.69,1.46,Assam_Dhubri
2019-12-28,0.03,19.76,7.11,0.92,78.58,0.69,1.73,Assam_Dhubri
2019-12-29,0.04,20.72,7.77,1.22,85.12,0.69,1.59,Assam_Dhubri
2019-12-30,0.0,21.72,9.02,1.73,85.28,0.69,1.81,Assam_Dhubri
2019-12-31,0.0,22.0,10.07,2.19,80.85,0.68,1.88,Assam_Dhubri
2020-01-01,1.91,21.47,12.6,2.44,82.52,0.68,1.2,Assam_Dhubri
2020-01-02,0.03,23.6,14.89,1.74,82.79,0.68,1.52,Assam_Dhubri
2020-01-03,7.0,18.06,14.44,1.31,92.29,0.68,0.15,Assam_Dhubri
2020-01-04,1.01,21.56,13.86,1.11,85.14,0.69,1.42,Assam_Dhubri
2020-01-05,0.38,20.54,11.43,2.11,82.39,0.68,1.56,Assam_Dhubri
2020-01-06,0.07,19.2,9.41,1.22,78.16,0.68,1.48,Assam_Dhubri
2020-01-07,0.0,20.12,7.88,0.84,77.34,0.68,1.23,Assam_Dhubri
2020-01-08,0.01,20.46,10.47,0.58,72.64,0.68,1.39,Assam_Dhubri
2020-01-09,0.94,20.93,12.08,1.11,83.81,0.68,1.16,Assam_Dhubri
2020-01-10,0.11,20.73,11.05,1.62,84.41,0.67,1.38,Assam_Dhubri
2020-01-11,0.0,20.7,11.54,1.14,84.14,0.67,1.41,Assam_Dhubri
2020-01-12,0.0,21.62,9.06,1.0,82.81,0.67,1.56,Assam_Dhubri
2020-01-13,0.0,22.1,9.1,0.96,81.48,0.67,1.61,Assam_Dhubri
2020-01-14,0.0,22.21,10.25,1.04,81.14,0.66,1.71,Assam_Dhubri
2020-01-15,0.0,22.59,11.7,0.98,80.65,0.66,1.59,Assam_Dhubri
2020-01-16,0.0,22.8,11.4,0.94,76.9,0.66,1.53,Assam_Dhubri
2020-01-17,0.02,23.77,12.57,1.09,80.58,0.66,1.59,Assam_Dhubri
2020-01-18,0.0,24.14,14.35,1.29,82.9,0.65,1.57,Assam_Dhubri
2020-01-19,0.31,23.57,13.69,1.8,80.55,0.65,1.63,Assam_Dhubri
2020-01-20,0.0,20.61,10.52,1.95,79.78,0.65,1.41,Assam_Dhubri
2020-01-21,0.0,19.99,8.83,1.35,76.42,0.64,1.26,Assam_Dhubri
2020-01-22,0.0,20.38,9.08,1.56,73.69,0.64,1.52,Assam_Dhubri
2020-01-23,0.0,19.57,8.75,1.76,74.48,0.64,1.34,Assam_Dhubri
2020-01-24,0.0,19.7,8.1,1.13,70.36,0.64,1.34,Assam_Dhubri
2020-01-25,0.0,21.13,9.83,0.76,69.09,0.63,1.51,Assam_Dhubri
2020-01-26,0.0,21.08,10.05,1.17,74.03,0.63,1.47,Assam_Dhubri
2020-01-27,0.0,20.54,9.26,1.48,77.6,0.63,1.19,Assam_Dhubri
2020-01-28,0.0,21.21,9.43,1.63,77.13,0.63,1.25,Assam_Dhubri
2020-01-29,0.0,21.43,10.97,1.1,75.06,0.62,1.26,Assam_Dhubri
2020-01-30,0.48,22.6,11.48,1.34,80.41,0.62,1.4,Assam_Dhubri
2020-01-31,0.34,21.86,11.78,2.17,77.1,0.62,1.45,Assam_Dhubri
2020-02-01,0.01,22.06,10.17,1.28,70.72,0.62,1.53,Assam_Dhubri
2020-02-02,0.01,21.37,9.25,1.89,71.2,0.61,1.58,Assam_Dhubri
2020-02-03,0.0,20.49,9.02,1.13,69.3,0.61,1.45,Assam_Dhubri
2020-02-04,0.0,21.76,10.36,0.78,64.41,0.61,1.52,Assam_Dhubri
2020-02-05,0.0,22.25,10.39,1.65,67.01,0.61,1.56,Assam_Dhubri
2020-02-06,0.0,22.63,9.95,1.39,67.9,0.6,1.67,Assam_Dhubri
2020-02-07,0.0,22.68,10.82,0.86,59.71,0.6,1.68,Assam_Dhubri
2020-02-08,0.0,22.67,11.3,1.23,72.51,0.6,1.52,Assam_Dhubri
2020-02-09,0.0,23.85,13.0,1.13,66.38,0.59,1.64,Assam_Dhubri
2020-02-10,0.0,23.22,10.06,1.41,65.54,0.59,1.64,Assam_Dhubri
2020-02-11,0.0,23.1,9.16,1.47,65.92,0.59,1.56,Assam_Dhubri
2020-02-12,0.0,23.57,10.38,1.55,63.47,0.58,1.56,Assam_Dhubri
2020-02-13,0.0,24.16,11.56,1.46,63.56,0.58,1.54,Assam_Dhubri
2020-02-14,0.0,24.15,12.19,1.69,67.72,0.58,1.38,Assam_Dhubri
2020-02-15,0.0,24.2,13.05,1.31,71.92,0.58,1.18,Assam_Dhubri
2020-02-16,0.0,25.64,15.86,0.98,70.05,0.57,1.38,Assam_Dhubri
2020-02-17,0.0,26.2,14.74,1.3,64.96,0.57,1.81,Assam_Dhubri
2020-02-18,0.1,25.48,13.19,1.91,70.46,0.57,1.61,Assam_Dhubri
2020-02-19,0.07,25.98,14.78,0.91,58.94,0.57,1.74,Assam_Dhubri
2020-02-20,0.0,26.26,15.47,0.89,56.63,0.56,1.49,Assam_Dhubri
2020-02-21,0.0,25.77,13.65,1.64,71.85,0.56,1.53,Assam_Dhubri
2020-02-22,0.01,24.32,16.24,1.48,79.33,0.56,0.79,Assam_Dhubri
2020-02-23,0.05,27.96,16.29,0.76,65.51,0.56,2.04,Assam_Dhubri
2020-02-24,0.1,26.78,16.82,0.84,61.26,0.55,1.79,Assam_Dhubri
2020-02-25,3.12,24.97,16.89,1.24,71.73,0.55,1.08,Assam_Dhubri
2020-02-26,3.12,24.48,15.71,1.6,76.83,0.56,1.21,Assam_Dhubri
2020-02-27,0.08,25.97,14.67,0.97,70.46,0.55,2.25,Assam_Dhubri
2020-02-28,0.0,25.99,13.74,1.29,71.63,0.55,2.31,Assam_Dhubri
2020-02-29,0.0,26.69,15.09,0.98,68.07,0.55,1.98,Assam_Dhubri
2020-03-01,0.0,28.01,15.76,0.93,65.5,0.54,2.52,Assam_Dhubri
2020-03-02,0.12,28.89,16.55,1.87,62.84,0.54,2.43,Assam_Dhubri
2020-03-03,1.46,28.1,16.34,1.99,69.62,0.54,2.09,Assam_Dhubri
2020-03-04,2.38,26.99,16.14,1.26,70.67,0.53,1.84,Assam_Dhubri
2020-03-05,1.34,27.14,16.94,1.57,73.02,0.54,1.91,Assam_Dhubri
2020-03-06,7.28,26.91,17.04,1.04,70.14,0.54,1.89,Assam_Dhubri
2020-03-07,4.02,26.98,16.54,1.55,77.43,0.54,1.82,Assam_Dhubri
2020-03-08,0.79,28.44,16.68,2.98,70.36,0.54,2.63,Assam_Dhubri
2020-03-09,0.0,27.95,14.03,2.16,62.43,0.54,2.74,Assam_Dhubri
2020-03-10,0.0,28.45,16.03,1.48,56.05,0.53,2.81,Assam_Dhubri
2020-03-11,0.0,29.01,15.93,2.11,57.87,0.53,2.71,Assam_Dhubri
2020-03-12,0.0,30.42,18.19,1.65,65.79,0.52,2.77,Assam_Dhubri
2020-03-13,0.01,30.79,18.6,1.55,72.4,0.52,2.66,Assam_Dhubri
2020-03-14,5.46,29.27,18.9,1.51,77.71,0.52,1.78,Assam_Dhubri
2020-03-15,0.54,26.49,16.98,1.32,68.7,0.52,1.65,Assam_Dhubri
2020-03-16,0.15,30.12,15.81,1.97,64.52,0.52,2.96,Assam_Dhubri
2020-03-17,0.0,29.46,16.02,1.72,57.86,0.51,3.04,Assam_Dhubri
2020-03-18,0.01,29.65,15.91,2.04,57.51,0.51,2.81,Assam_Dhubri
2020-03-19,0.0,30.17,16.59,1.96,56.66,0.5,2.66,Assam_Dhubri
2020-03-20,1.01,30.43,17.44,1.57,57.82,0.5,2.57,Assam_Dhubri
2020-03-21,6.15,30.03,19.51,1.21,56.31,0.5,2.35,Assam_Dhubri
2020-03-22,2.45,27.48,17.44,1.09,64.47,0.5,2.11,Assam_Dhubri
2020-03-23,0.16,29.06,17.58,0.57,59.35,0.5,2.8,Assam_Dhubri
2020-03-24,0.08,29.76,17.96,0.81,60.11,0.5,2.76,Assam_Dhubri
2020-03-25,0.56,32.08,19.35,1.43,59.51,0.49,3.09,Assam_Dhubri
2020-03-26,0.2,32.29,20.35,1.35,56.46,0.49,2.4,Assam_Dhubri
2020-03-27,0.0,33.46,21.07,1.44,54.05,0.48,2.98,Assam_Dhubri
2020-03-28,0.03,34.37,21.0,3.13,55.69,0.48,3.35,Assam_Dhubri
2020-03-29,0.0,34.23,19.06,3.66,49.56,0.47,3.57,Assam_Dhubri
2020-03-30,0.0,33.79,16.59,2.53,48.93,0.47,3.0,Assam_Dhubri
2020-03-31,0.0,33.21,17.54,1.53,44.57,0.46,2.79,Assam_Dhubri
2020-04-01,0.0,34.06,19.6,1.52,45.05,0.46,2.85,Assam_Dhubri
2020-04-02,0.2,35.46,20.5,2.38,46.45,0.46,2.95,Assam_Dhubri
2020-04-03,0.06,34.96,20.69,2.19,53.22,0.45,2.71,Assam_Dhubri
2020-04-04,0.0,34.28,18.66,2.1,40.48,0.45,2.71,Assam_Dhubri
2020-04-05,0.0,34.51,18.52,1.72,42.31,0.44,2.63,Assam_Dhubri
2020-04-06,0.0,34.25,18.78,1.65,42.97,0.44,2.35,Assam_Dhubri
2020-04-07,0.01,35.74,19.69,2.39,44.39,0.44,2.53,Assam_Dhubri
2020-04-08,0.64,35.44,19.51,1.32,49.79,0.43,2.21,Assam_Dhubri
2020-04-09,5.6,33.72,21.57,1.42,59.08,0.44,1.64,Assam_Dhubri
2020-04-10,3.98,34.45,21.21,1.51,59.58,0.44,2.28,Assam_Dhubri
2020-04-11,5.01,34.22,20.57,1.88,59.88,0.44,2.18,Assam_Dhubri
2020-04-12,4.05,31.69,21.04,1.32,59.92,0.45,2.04,Assam_Dhubri
2020-04-13,0.38,34.77,20.76,1.31,58.38,0.45,2.5,Assam_Dhubri
2020-04-14,0.4,35.99,23.49,0.94,56.72,0.44,2.43,Assam_Dhubri
2020-04-15,31.86,30.51,24.87,1.21,73.0,0.47,0.7,Assam_Dhubri
2020-04-16,12.16,30.31,22.27,0.85,69.74,0.5,2.62,Assam_Dhubri
2020-04-17,22.6,30.97,21.88,1.48,72.53,0.53,3.63,Assam_Dhubri
2020-04-18,23.16,29.18,22.61,1.73,84.12,0.55,1.15,Assam_Dhubri
2020-04-19,7.48,32.5,23.08,2.73,75.28,0.56,4.2,Assam_Dhubri
2020-04-20,22.75,31.23,22.65,1.69,79.52,0.57,3.07,Assam_Dhubri
2020-04-21,10.78,30.18,20.83,1.51,82.59,0.58,2.78,Assam_Dhubri
2020-04-22,1.39,29.24,19.98,1.1,70.07,0.57,4.53,Assam_Dhubri
2020-04-23,12.9,30.14,19.78,1.58,74.98,0.57,4.34,Assam_Dhubri
2020-04-24,59.47,28.39,20.85,1.27,79.3,0.61,3.33,Assam_Dhubri
2020-04-25,4.55,27.61,19.82,1.81,79.81,0.62,4.2,Assam_Dhubri
2020-04-26,14.71,29.83,20.17,1.8,75.12,0.62,4.54,Assam_Dhubri
2020-04-27,4.77,29.52,21.85,1.11,72.24,0.62,4.61,Assam_Dhubri
2020-04-28,20.7,27.35,22.2,1.55,84.24,0.63,2.14,Assam_Dhubri
2020-04-29,12.68,28.99,21.33,1.11,79.78,0.64,4.35,Assam_Dhubri
2020-04-30,4.16,29.98,21.13,0.86,74.38,0.64,4.75,Assam_Dhubri
2020-05-01,2.25,31.0,23.29,0.89,72.11,0.63,6.09,Assam_Dhubri
2020-05-02,7.86,29.57,24.56,0.57,71.57,0.63,2.29,Assam_Dhubri
2020-05-03,1.39,30.68,22.92,0.8,72.83,0.63,5.68,Assam_Dhubri
2020-05-04,0.94,31.59,24.03,1.26,74.09,0.62,6.69,Assam_Dhubri
2020-05-05,19.26,32.26,22.91,1.64,77.95,0.62,5.49,Assam_Dhubri
2020-05-06,12.65,30.81,23.12,1.43,75.31,0.64,5.91,Assam_Dhubri
2020-05-07,3.83,30.9,22.03,2.0,77.87,0.64,6.75,Assam_Dhubri
2020-05-08,8.6,30.5,21.81,1.73,78.36,0.63,6.15,Assam_Dhubri
2020-05-09,1.72,31.79,21.96,1.48,74.49,0.63,6.79,Assam_Dhubri
2020-05-10,2.63,33.03,23.04,1.22,67.69,0.62,6.94,Assam_Dhubri
2020-05-11,18.24,33.18,26.15,0.84,67.91,0.63,6.03,Assam_Dhubri
2020-05-12,4.31,31.78,24.99,1.62,74.29,0.63,6.81,Assam_Dhubri
2020-05-13,18.09,32.21,23.74,2.37,78.7,0.64,5.39,Assam_Dhubri
2020-05-14,9.62,31.85,23.49,1.25,78.64,0.64,5.94,Assam_Dhubri
2020-05-15,5.43,31.68,21.86,1.49,75.78,0.64,6.22,Assam_Dhubri
2020-05-16,43.21,32.32,24.47,2.04,82.7,0.67,4.43,Assam_Dhubri
2020-05-17,2.17,33.27,24.74,1.58,78.38,0.68,6.86,Assam_Dhubri
2020-05-18,3.81,33.89,24.34,1.14,77.06,0.66,7.03,Assam_Dhubri
2020-05-19,3.79,32.12,26.2,1.33,79.28,0.66,4.68,Assam_Dhubri
2020-05-20,8.93,28.52,24.49,3.2,85.15,0.65,2.93,Assam_Dhubri
2020-05-21,87.52,28.01,23.55,5.24,90.96,0.72,1.27,Assam_Dhubri
2020-05-22,24.19,29.21,24.33,2.28,87.05,0.78,3.15,Assam_Dhubri
2020-05-23,6.31,32.55,24.11,1.52,81.84,0.76,5.57,Assam_Dhubri
2020-05-24,113.53,31.98,26.19,3.3,87.28,0.82,2.88,Assam_Dhubri
2020-05-25,80.05,32.34,26.5,3.55,87.72,0.9,3.21,Assam_Dhubri
2020-05-26,64.62,31.81,26.42,3.5,87.42,0.92,3.04,Assam_Dhubri
2020-05-27,17.63,30.46,23.71,2.81,83.63,0.91,3.23,Assam_Dhubri
2020-05-28,4.2,30.77,23.78,1.15,77.3,0.89,4.29,Assam_Dhubri
2020-05-29,2.84,31.09,25.43,0.85,71.23,0.88,4.45,Assam_Dhubri
2020-05-30,19.14,31.89,25.77,0.94,73.14,0.88,5.43,Assam_Dhubri
2020-05-31,58.78,30.65,25.22,1.45,83.77,0.9,3.09,Assam_Dhubri
2020-06-01,24.63,30.8,23.98,2.07,85.96,0.92,2.83,Assam_Dhubri
2020-06-02,18.36,30.62,25.87,2.15,86.95,0.92,2.52,Assam_Dhubri
2020-06-03,9.57,29.94,25.59,2.34,90.54,0.92,1.45,Assam_Dhubri
2020-06-04,8.88,29.84,25.7,2.49,89.95,0.92,1.71,Assam_Dhubri
2020-06-05,12.25,31.54,25.42,2.1,86.23,0.92,3.57,Assam_Dhubri
2020-06-06,59.18,30.91,26.39,2.08,89.33,0.94,2.15,Assam_Dhubri
2020-06-07,7.44,31.72,25.15,2.16,83.9,0.93,4.22,Assam_Dhubri
2020-06-08,8.49,32.3,25.51,1.95,85.8,0.93,4.05,Assam_Dhubri
2020-06-09,0.44,33.96,25.85,0.82,78.68,0.91,6.22,Assam_Dhubri
2020-06-10,0.17,33.82,27.69,1.02,77.14,0.9,5.53,Assam_Dhubri
2020-06-11,2.39,32.45,27.01,1.63,83.08,0.9,4.53,Assam_Dhubri
2020-06-12,8.25,30.3,26.62,1.14,84.22,0.9,2.07,Assam_Dhubri
2020-06-13,22.83,28.97,26.66,1.66,91.67,0.91,0.89,Assam_Dhubri
2020-06-14,16.43,31.58,26.13,0.94,82.86,0.92,2.77,Assam_Dhubri
2020-06-15,5.07,32.66,27.21,0.83,81.82,0.91,4.04,Assam_Dhubri
2020-06-16,24.4,31.07,27.32,1.54,87.03,0.92,2.62,Assam_Dhubri
2020-06-17,25.7,32.72,26.44,1.48,83.81,0.93,4.37,Assam_Dhubri
2020-06-18,47.58,30.71,26.54,1.93,87.88,0.95,2.21,Assam_Dhubri
2020-06-19,13.25,32.29,26.78,1.83,86.51,0.96,3.35,Assam_Dhubri
2020-06-20,6.52,32.98,26.8,1.42,83.96,0.95,4.31,Assam_Dhubri
2020-06-21,3.28,32.81,26.67,1.62,83.45,0.93,4.89,Assam_Dhubri
2020-06-22,2.78,32.52,26.21,1.51,83.23,0.92,4.85,Assam_Dhubri
2020-06-23,6.91,32.84,26.6,1.87,83.85,0.92,4.54,Assam_Dhubri
2020-06-24,9.77,30.7,27.31,2.89,87.95,0.92,2.7,Assam_Dhubri
2020-06-25,35.01,29.1,27.28,3.69,93.49,0.93,0.68,Assam_Dhubri
2020-06-26,67.96,28.89,26.99,4.01,94.28,0.96,0.43,Assam_Dhubri
2020-06-27,33.59,29.89,26.24,3.41,91.24,0.98,1.46,Assam_Dhubri
2020-06-28,26.57,30.08,26.42,2.07,92.24,0.98,1.03,Assam_Dhubri
2020-06-29,9.47,31.07,26.13,1.69,86.45,0.98,2.65,Assam_Dhubri
2020-06-30,8.72,32.61,25.12,1.46,84.12,0.97,4.04,Assam_Dhubri
2020-07-01,15.8,30.93,26.58,2.81,89.87,0.97,2.06,Assam_Dhubri
2020-07-02,38.06,29.25,27.2,2.22,92.86,0.98,0.64,Assam_Dhubri
2020-07-03,15.05,29.43,27.22,1.47,90.75,0.98,0.69,Assam_Dhubri
2020-07-04,3.12,32.06,25.98,1.12,84.21,0.98,2.82,Assam_Dhubri
2020-07-05,4.7,31.72,26.11,1.63,86.36,0.97,2.79,Assam_Dhubri
2020-07-06,13.2,31.47,26.62,1.48,85.38,0.97,2.38,Assam_Dhubri
2020-07-07,5.6,32.9,26.34,1.71,84.24,0.96,3.56,Assam_Dhubri
2020-07-08,16.68,32.2,27.02,2.29,87.21,0.96,3.16,Assam_Dhubri
2020-07-09,42.9,30.72,27.26,2.67,92.55,0.97,0.97,Assam_Dhubri
2020-07-10,67.77,30.17,27.3,3.89,93.08,0.99,0.91,Assam_Dhubri
2020-07-11,78.38,29.5,27.1,3.6,92.99,1.0,0.78,Assam_Dhubri
2020-07-12,19.91,30.78,26.65,2.38,90.72,1.0,1.33,Assam_Dhubri
2020-07-13,21.84,32.68,26.59,1.49,87.05,0.99,2.71,Assam_Dhubri
2020-07-14,5.84,30.6,26.77,1.27,85.17,0.99,1.35,Assam_Dhubri
2020-07-15,1.28,32.85,26.55,1.45,84.6,0.98,3.52,Assam_Dhubri
2020-07-16,3.13,31.56,26.97,2.24,86.32,0.97,2.83,Assam_Dhubri
2020-07-17,8.12,31.31,26.89,1.83,87.33,0.97,2.17,Assam_Dhubri
2020-07-18,25.58,29.8,26.71,1.76,91.14,0.98,0.87,Assam_Dhubri
2020-07-19,63.51,29.71,27.04,2.49,93.46,0.99,0.7,Assam_Dhubri
2020-07-20,35.8,28.81,27.0,3.38,94.03,0.99,0.51,Assam_Dhubri
2020-07-21,25.14,29.72,26.38,2.37,91.81,1.0,1.03,Assam_Dhubri
2020-07-22,9.36,28.94,25.77,2.21,90.68,0.99,1.21,Assam_Dhubri
2020-07-23,11.62,31.09,25.73,1.4,87.63,0.99,2.15,Assam_Dhubri
2020-07-24,7.55,31.91,26.0,1.51,86.96,0.98,2.22,Assam_Dhubri
2020-07-25,2.91,32.19,26.31,1.7,86.15,0.98,2.79,Assam_Dhubri
2020-07-26,11.05,32.01,26.92,1.84,87.4,0.97,2.41,Assam_Dhubri
2020-07-27,21.58,30.01,27.34,1.86,91.1,0.98,1.06,Assam_Dhubri
2020-07-28,10.34,32.52,26.66,1.55,83.02,0.98,3.97,Assam_Dhubri
2020-07-29,20.89,31.16,26.22,1.4,88.34,0.97,1.92,Assam_Dhubri
2020-07-30,32.75,29.72,26.83,3.16,93.07,0.98,0.95,Assam_Dhubri
2020-07-31,34.57,31.02,26.49,1.97,89.41,0.99,1.76,Assam_Dhubri
2020-08-01,15.04,32.38,26.45,1.6,84.29,0.99,3.17,Assam_Dhubri
2020-08-02,7.25,33.11,27.02,1.64,85.02,0.98,3.04,Assam_Dhubri
2020-08-03,6.82,34.25,27.42,1.12,80.75,0.97,3.8,Assam_Dhubri
2020-08-04,5.64,32.51,28.76,1.54,84.87,0.97,1.73,Assam_Dhubri
2020-08-05,2.72,33.65,28.21,1.76,84.32,0.96,2.85,Assam_Dhubri
2020-08-06,9.51,33.7,27.07,1.54,84.8,0.96,4.01,Assam_Dhubri
2020-08-07,1.65,32.25,27.27,2.0,87.1,0.95,3.27,Assam_Dhubri
2020-08-08,2.13,32.3,27.46,2.15,89.62,0.94,2.27,Assam_Dhubri
2020-08-09,11.02,31.31,27.04,1.98,87.61,0.94,2.36,Assam_Dhubri
2020-08-10,17.79,30.49,26.78,1.7,89.73,0.95,1.41,Assam_Dhubri
2020-08-11,49.8,31.36,27.0,1.63,87.65,0.97,1.93,Assam_Dhubri
2020-08-12,31.13,32.46,27.03,1.48,85.85,0.98,2.84,Assam_Dhubri
2020-08-13,4.45,33.0,27.04,1.62,85.43,0.97,3.65,Assam_Dhubri
2020-08-14,3.97,33.46,27.27,0.7,79.92,0.96,3.87,Assam_Dhubri
2020-08-15,1.39,31.74,27.01,1.76,86.51,0.95,3.28,Assam_Dhubri
2020-08-16,6.56,31.7,26.39,2.01,86.12,0.95,2.81,Assam_Dhubri
2020-08-17,8.91,30.62,26.21,1.52,88.18,0.95,1.66,Assam_Dhubri
2020-08-18,4.94,33.12,26.14,1.76,85.01,0.95,4.2,Assam_Dhubri
2020-08-19,18.83,32.4,26.43,1.91,86.91,0.94,3.32,Assam_Dhubri
2020-08-20,7.26,31.25,26.27,2.13,87.39,0.95,2.72,Assam_Dhubri
2020-08-21,3.58,31.07,25.44,1.22,83.56,0.94,2.88,Assam_Dhubri
2020-08-22,21.04,29.31,25.66,2.12,90.0,0.94,2.03,Assam_Dhubri
2020-08-23,7.43,31.86,25.16,1.6,84.55,0.94,4.09,Assam_Dhubri
2020-08-24,1.94,32.73,25.6,1.29,84.37,0.93,4.44,Assam_Dhubri
2020-08-25,0.9,33.18,27.0,0.81,81.92,0.93,5.19,Assam_Dhubri
2020-08-26,0.31,33.12,26.74,1.54,83.76,0.92,4.81,Assam_Dhubri
2020-08-27,1.75,30.8,26.22,1.31,84.87,0.91,2.92,Assam_Dhubri
2020-08-28,1.71,31.69,25.3,1.65,84.73,0.9,5.02,Assam_Dhubri
2020-08-29,6.69,31.64,26.44,2.23,86.96,0.9,3.96,Assam_Dhubri
2020-08-30,17.43,32.14,26.46,2.51,87.18,0.9,4.13,Assam_Dhubri
2020-08-31,29.44,30.7,26.92,2.5,89.93,0.92,2.6,Assam_Dhubri
2020-09-01,18.99,31.98,26.5,1.48,89.15,0.93,2.53,Assam_Dhubri
2020-09-02,2.2,32.65,25.6,1.29,85.11,0.92,4.85,Assam_Dhubri
2020-09-03,0.63,32.5,25.83,1.95,85.12,0.91,4.78,Assam_Dhubri
2020-09-04,1.1,32.43,26.16,2.14,85.36,0.9,4.67,Assam_Dhubri
2020-09-05,23.57,32.0,26.49,2.4,87.6,0.9,3.43,Assam_Dhubri
2020-09-06,68.75,29.58,27.17,2.0,92.05,0.95,0.86,Assam_Dhubri
2020-09-07,5.76,30.19,26.69,1.91,91.12,0.95,1.47,Assam_Dhubri
2020-09-08,14.45,30.74,26.28,0.98,87.87,0.95,2.76,Assam_Dhubri
2020-09-09,3.86,32.0,26.22,1.87,86.73,0.94,3.83,Assam_Dhubri
2020-09-10,4.64,30.74,25.92,1.36,90.98,0.94,0.89,Assam_Dhubri
2020-09-11,22.59,29.73,25.78,1.38,90.51,0.95,1.36,Assam_Dhubri
2020-09-12,9.17,29.33,26.12,1.82,92.07,0.95,1.21,Assam_Dhubri
2020-09-13,23.93,29.02,26.25,1.81,92.85,0.96,0.87,Assam_Dhubri
2020-09-14,33.19,28.23,25.68,1.66,94.47,0.96,0.41,Assam_Dhubri
2020-09-15,33.94,29.21,25.89,1.95,92.11,0.98,1.17,Assam_Dhubri
2020-09-16,29.24,29.45,25.69,2.35,93.16,0.99,1.05,Assam_Dhubri
2020-09-17,46.02,29.01,26.22,2.05,92.23,1.0,0.71,Assam_Dhubri
2020-09-18,3.89,32.29,25.26,0.8,83.43,0.99,4.25,Assam_Dhubri
2020-09-19,0.32,33.02,25.61,1.82,87.59,0.98,3.38,Assam_Dhubri
2020-09-20,1.25,33.99,26.47,1.62,83.17,0.97,3.46,Assam_Dhubri
2020-09-21,31.13,31.54,26.91,1.38,86.1,0.98,1.22,Assam_Dhubri
2020-09-22,33.28,29.5,26.19,1.95,91.98,0.99,1.11,Assam_Dhubri
2020-09-23,46.67,28.84,25.96,1.64,94.12,0.99,0.51,Assam_Dhubri
2020-09-24,17.16,29.24,25.85,1.73,92.95,1.0,1.01,Assam_Dhubri
2020-09-25,41.92,29.04,26.53,2.12,94.29,1.0,0.64,Assam_Dhubri
2020-09-26,96.14,29.49,26.18,1.78,92.77,1.0,0.78,Assam_Dhubri
2020-09-27,24.29,28.92,25.62,1.7,91.92,1.0,0.78,Assam_Dhubri
2020-09-28,2.55,31.5,25.08,1.2,86.47,1.0,3.51,Assam_Dhubri
2020-09-29,0.36,31.15,25.34,1.16,86.86,0.99,3.62,Assam_Dhubri
2020-09-30,1.25,32.19,25.49,0.73,84.15,0.98,4.89,Assam_Dhubri
2020-10-01,4.81,31.23,26.06,1.24,87.07,0.98,2.86,Assam_Dhubri
2020-10-02,2.8,30.58,25.46,1.67,88.84,0.98,2.27,Assam_Dhubri
2020-10-03,3.96,29.7,25.52,1.44,89.66,0.97,1.69,Assam_Dhubri
2020-10-04,3.09,30.74,26.08,1.11,86.28,0.97,2.19,Assam_Dhubri
2020-10-05,20.09,29.84,25.79,1.92,91.63,0.97,1.57,Assam_Dhubri
2020-10-06,27.04,29.55,25.26,2.18,91.37,0.98,2.25,Assam_Dhubri
2020-10-07,29.12,29.59,24.78,2.0,90.61,0.98,2.42,Assam_Dhubri
2020-10-08,4.44,31.18,24.46,1.23,86.43,0.98,4.2,Assam_Dhubri
2020-10-09,0.01,32.26,25.9,0.54,82.05,0.97,6.05,Assam_Dhubri
2020-10-10,0.0,31.81,24.67,0.71,84.11,0.96,6.06,Assam_Dhubri
2020-10-11,0.01,32.35,25.78,0.78,81.74,0.96,6.46,Assam_Dhubri
2020-10-12,0.0,32.11,25.49,0.67,79.75,0.95,6.35,Assam_Dhubri
2020-10-13,0.03,32.26,25.07,0.94,81.3,0.94,5.83,Assam_Dhubri
2020-10-14,0.09,32.1,25.06,0.84,82.65,0.93,6.34,Assam_Dhubri
2020-10-15,0.06,32.32,25.25,0.72,79.05,0.93,6.63,Assam_Dhubri
2020-10-16,0.01,32.38,25.18,0.78,80.74,0.92,6.94,Assam_Dhubri
2020-10-17,0.0,31.74,24.25,0.98,83.2,0.91,5.96,Assam_Dhubri
2020-10-18,0.0,31.89,25.35,0.64,75.53,0.91,6.16,Assam_Dhubri
2020-10-19,0.0,30.93,25.14,1.36,78.68,0.9,5.31,Assam_Dhubri
2020-10-20,0.01,31.6,25.47,0.41,75.83,0.89,7.04,Assam_Dhubri
2020-10-21,0.87,31.92,24.32,0.97,81.29,0.89,6.58,Assam_Dhubri
2020-10-22,5.94,30.67,24.8,0.92,81.07,0.88,4.51,Assam_Dhubri
2020-10-23,24.44,28.1,22.88,2.29,88.95,0.89,2.31,Assam_Dhubri
2020-10-24,36.81,25.82,21.5,3.41,91.43,0.92,2.25,Assam_Dhubri
2020-10-25,30.67,25.66,22.42,1.39,91.66,0.94,1.15,Assam_Dhubri
2020-10-26,0.87,29.45,22.37,1.06,83.26,0.93,4.44,Assam_Dhubri
2020-10-27,0.01,29.33,20.95,1.12,84.87,0.92,5.06,Assam_Dhubri
2020-10-28,0.0,29.44,22.17,0.98,86.52,0.92,4.83,Assam_Dhubri
2020-10-29,0.02,30.08,21.81,1.72,83.98,0.91,4.64,Assam_Dhubri
2020-10-30,0.0,29.85,21.5,1.8,77.57,0.9,4.78,Assam_Dhubri
2020-10-31,0.14,30.62,22.73,1.14,74.55,0.9,3.52,Assam_Dhubri
2020-11-01,0.33,29.92,23.1,0.87,82.5,0.89,5.75,Assam_Dhubri
2020-11-02,0.19,29.76,22.61,1.39,86.09,0.89,4.85,Assam_Dhubri
2020-11-03,0.01,28.53,20.79,1.69,86.02,0.88,3.75,Assam_Dhubri
2020-11-04,0.0,26.73,19.01,1.8,86.31,0.87,3.29,Assam_Dhubri
2020-11-05,0.0,26.25,17.16,1.32,79.08,0.87,3.57,Assam_Dhubri
2020-11-06,0.0,25.63,16.74,1.13,78.47,0.86,3.46,Assam_Dhubri
2020-11-07,0.0,26.64,16.86,1.29,82.68,0.86,4.08,Assam_Dhubri
2020-11-08,0.0,27.4,18.11,2.04,84.4,0.85,4.32,Assam_Dhubri
2020-11-09,0.0,26.68,17.06,2.02,83.5,0.85,4.35,Assam_Dhubri
2020-11-10,0.0,26.61,16.93,2.15,82.25,0.84,4.39,Assam_Dhubri
2020-11-11,0.0,27.19,17.3,1.92,81.96,0.83,4.35,Assam_Dhubri
2020-11-12,0.0,27.4,17.8,1.62,81.58,0.83,4.42,Assam_Dhubri
2020-11-13,0.0,27.59,18.24,1.61,84.29,0.82,4.23,Assam_Dhubri
2020-11-14,0.0,27.4,18.5,1.27,84.36,0.81,4.36,Assam_Dhubri
2020-11-15,0.0,27.24,18.48,1.64,83.72,0.81,4.62,Assam_Dhubri
2020-11-16,0.0,27.46,18.31,1.44,80.88,0.8,4.28,Assam_Dhubri
2020-11-17,0.0,26.65,18.39,1.77,85.31,0.8,3.93,Assam_Dhubri
2020-11-18,0.0,25.7,17.41,2.22,87.05,0.79,3.64,Assam_Dhubri
2020-11-19,0.0,25.32,17.06,1.09,86.26,0.79,3.31,Assam_Dhubri
2020-11-20,0.0,25.68,18.06,1.43,89.35,0.79,2.61,Assam_Dhubri
2020-11-21,0.5,25.38,18.3,1.28,89.39,0.78,2.86,Assam_Dhubri
2020-11-22,0.16,23.42,15.27,1.52,84.22,0.78,2.89,Assam_Dhubri
2020-11-23,0.0,22.77,12.8,1.08,83.94,0.78,2.88,Assam_Dhubri
2020-11-24,0.0,24.09,14.11,1.2,85.55,0.77,3.22,Assam_Dhubri
2020-11-25,0.0,25.12,15.02,1.44,85.77,0.77,3.42,Assam_Dhubri
2020-11-26,0.0,24.65,14.82,1.4,86.32,0.76,2.42,Assam_Dhubri
2020-11-27,0.0,22.45,17.32,1.13,87.57,0.76,1.31,Assam_Dhubri
2020-11-28,0.0,25.11,15.8,0.52,79.09,0.76,3.57,Assam_Dhubri
2020-11-29,0.0,25.1,15.57,0.46,82.46,0.75,3.58,Assam_Dhubri
2020-11-30,0.0,25.83,16.45,0.95,83.62,0.75,3.41,Assam_Dhubri
2020-12-01,0.0,25.7,16.53,1.09,81.44,0.75,3.65,Assam_Dhubri
2020-12-02,0.0,25.22,16.58,0.72,78.87,0.74,3.5,Assam_Dhubri
2020-12-03,0.0,25.14,17.12,0.83,78.02,0.74,3.46,Assam_Dhubri
2020-12-04,0.03,24.92,16.75,0.89,80.09,0.74,3.34,Assam_Dhubri
2020-12-05,0.03,24.36,15.95,1.04,83.54,0.73,2.87,Assam_Dhubri
2020-12-06,0.03,24.14,15.67,1.17,86.24,0.73,2.12,Assam_Dhubri
2020-12-07,0.0,23.55,15.44,0.89,85.08,0.73,1.79,Assam_Dhubri
2020-12-08,0.0,22.95,15.39,1.52,88.14,0.73,2.1,Assam_Dhubri
2020-12-09,0.0,23.99,15.3,0.75,81.23,0.72,2.76,Assam_Dhubri
2020-12-10,0.0,23.48,14.93,1.14,86.0,0.72,2.43,Assam_Dhubri
2020-12-11,0.02,22.84,14.66,1.24,84.58,0.72,1.93,Assam_Dhubri
2020-12-12,0.0,23.05,14.07,1.1,84.14,0.71,2.18,Assam_Dhubri
2020-12-13,0.0,23.03,14.06,1.71,88.53,0.71,1.75,Assam_Dhubri
2020-12-14,0.0,23.27,14.08,1.51,87.09,0.71,1.85,Assam_Dhubri
2020-12-15,0.0,22.33,12.9,0.78,83.57,0.71,2.02,Assam_Dhubri
2020-12-16,0.0,22.76,12.72,0.85,81.26,0.7,2.13,Assam_Dhubri
2020-12-17,0.0,22.07,13.23,1.67,86.37,0.7,1.71,Assam_Dhubri
2020-12-18,0.0,20.39,11.07,1.54,77.64,0.7,1.89,Assam_Dhubri
2020-12-19,0.0,18.6,8.47,0.82,74.73,0.7,1.55,Assam_Dhubri
2020-12-20,0.0,20.54,10.58,1.4,84.72,0.69,1.5,Assam_Dhubri
2020-12-21,0.0,21.88,10.19,1.38,82.72,0.69,2.02,Assam_Dhubri
2020-12-22,0.0,22.48,11.91,0.82,75.29,0.69,2.25,Assam_Dhubri
2020-12-23,0.0,22.44,11.44,0.92,79.72,0.68,2.12,Assam_Dhubri
2020-12-24,0.0,22.51,12.49,0.72,81.69,0.68,1.96,Assam_Dhubri
2020-12-25,0.0,22.24,11.68,0.89,77.38,0.68,2.1,Assam_Dhubri
2020-12-26,0.0,21.01,10.21,1.05,82.63,0.68,1.49,Assam_Dhubri
2020-12-27,0.0,21.54,10.74,0.63,79.37,0.68,1.74,Assam_Dhubri
2020-12-28,0.0,21.9,11.25,0.76,74.78,0.67,1.79,Assam_Dhubri
2020-12-29,0.0,21.36,11.1,0.82,74.76,0.67,1.54,Assam_Dhubri
2020-12-30,0.0,21.43,10.33,0.84,83.84,0.67,1.65,Assam_Dhubri
2020-12-31,0.0,22.43,10.97,0.62,83.33,0.67,1.82,Assam_Dhubri
2021-01-01,0.0,22.59,11.84,0.9,85.12,0.66,1.78,Assam_Dhubri
2021-01-02,0.0,22.2,11.43,0.82,81.99,0.66,1.82,Assam_Dhubri
2021-01-03,0.0,23.24,12.9,0.98,84.6,0.66,1.86,Assam_Dhubri
2021-01-04,0.0,23.17,13.03,1.04,83.96,0.66,1.82,Assam_Dhubri
2021-01-05,0.0,23.89,13.54,0.67,82.87,0.65,2.01,Assam_Dhubri
2021-01-06,0.0,24.79,14.56,0.92,81.74,0.65,1.99,Assam_Dhubri
2021-01-07,0.0,24.98,14.87,1.38,80.54,0.65,1.61,Assam_Dhubri
2021-01-08,0.0,24.21,15.14,0.94,78.74,0.65,1.48,Assam_Dhubri
2021-01-09,0.0,23.94,14.72,1.05,78.19,0.64,1.55,Assam_Dhubri
2021-01-10,0.0,22.87,13.72,1.61,84.11,0.64,1.05,Assam_Dhubri
2021-01-11,0.0,23.99,15.06,1.47,84.97,0.64,1.38,Assam_Dhubri
2021-01-12,0.0,22.53,13.4,1.1,80.79,0.64,1.45,Assam_Dhubri
2021-01-13,0.0,20.61,10.95,1.18,75.14,0.64,1.44,Assam_Dhubri
2021-01-14,0.0,20.27,9.59,0.79,71.58,0.63,1.38,Assam_Dhubri
2021-01-15,0.0,20.5,10.55,0.87,80.23,0.63,1.15,Assam_Dhubri
2021-01-16,0.0,20.77,10.48,0.9,72.65,0.63,1.09,Assam_Dhubri
2021-01-17,0.0,21.18,10.67,1.28,83.03,0.63,1.2,Assam_Dhubri
2021-01-18,0.0,22.88,11.79,1.32,82.86,0.62,1.44,Assam_Dhubri
2021-01-19,0.03,21.47,12.49,2.03,84.11,0.62,1.09,Assam_Dhubri
2021-01-20,0.41,20.05,12.75,1.29,81.06,0.62,0.58,Assam_Dhubri
2021-01-21,0.09,21.73,11.51,1.4,74.72,0.62,1.19,Assam_Dhubri
2021-01-22,0.0,21.01,10.57,1.54,82.73,0.62,1.25,Assam_Dhubri
2021-01-23,0.0,21.55,11.13,0.94,77.59,0.61,1.42,Assam_Dhubri
2021-01-24,0.0,22.23,10.75,1.42,74.96,0.61,1.44,Assam_Dhubri
2021-01-25,0.0,22.02,10.44,1.07,72.44,0.61,1.46,Assam_Dhubri
2021-01-26,0.0,22.01,11.34,0.95,67.61,0.61,1.5,Assam_Dhubri
2021-01-27,0.0,21.72,9.96,0.75,66.47,0.6,1.54,Assam_Dhubri
2021-01-28,0.0,22.37,10.49,0.45,63.35,0.6,1.63,Assam_Dhubri
2021-01-29,0.0,23.54,10.27,1.08,64.41,0.6,1.73,Assam_Dhubri
2021-01-30,0.0,22.09,9.34,1.94,62.89,0.6,1.42,Assam_Dhubri
2021-01-31,0.0,20.56,8.14,1.02,60.15,0.59,1.32,Assam_Dhubri
2021-02-01,0.0,21.57,9.0,0.95,59.65,0.59,1.36,Assam_Dhubri
2021-02-02,0.0,22.41,8.27,1.0,59.54,0.59,1.46,Assam_Dhubri
2021-02-03,0.0,24.16,10.47,0.76,59.54,0.59,1.7,Assam_Dhubri
2021-02-04,0.0,24.97,10.76,0.87,67.15,0.58,1.89,Assam_Dhubri
2021-02-05,0.0,24.45,11.16,1.31,74.66,0.58,1.71,Assam_Dhubri
2021-02-06,0.0,25.43,12.9,1.38,72.45,0.58,1.79,Assam_Dhubri
2021-02-07,0.03,21.95,11.59,1.4,78.78,0.58,0.8,Assam_Dhubri
2021-02-08,0.0,24.78,11.51,1.39,66.27,0.57,1.81,Assam_Dhubri
2021-02-09,0.0,24.58,10.7,0.96,58.85,0.57,1.79,Assam_Dhubri
2021-02-10,0.0,24.25,11.98,0.99,62.25,0.57,1.39,Assam_Dhubri
2021-02-11,0.0,25.22,13.56,1.01,58.33,0.56,1.65,Assam_Dhubri
2021-02-12,0.0,25.34,14.33,1.02,58.01,0.56,1.42,Assam_Dhubri
2021-02-13,0.0,25.24,14.07,0.8,62.43,0.56,1.44,Assam_Dhubri
2021-02-14,0.0,25.82,14.21,0.83,63.38,0.56,1.59,Assam_Dhubri
2021-02-15,0.0,26.11,14.86,0.93,57.87,0.55,1.73,Assam_Dhubri
2021-02-16,0.0,26.37,14.39,1.04,52.55,0.55,1.66,Assam_Dhubri
2021-02-17,0.0,25.48,13.78,1.23,61.5,0.55,1.49,Assam_Dhubri
2021-02-18,0.0,26.42,15.67,1.68,73.4,0.54,1.78,Assam_Dhubri
2021-02-19,0.0,26.32,15.1,1.3,72.4,0.54,1.56,Assam_Dhubri
2021-02-20,0.0,27.48,15.73,0.93,63.1,0.54,2.0,Assam_Dhubri
2021-02-21,0.0,28.24,14.9,1.06,55.76,0.54,2.14,Assam_Dhubri
2021-02-22,0.0,27.8,14.57,0.68,52.2,0.53,2.11,Assam_Dhubri
2021-02-23,0.0,28.37,15.52,0.82,52.11,0.53,2.04,Assam_Dhubri
2021-02-24,0.0,28.1,15.69,1.28,54.02,0.53,1.79,Assam_Dhubri
2021-02-25,0.0,27.99,15.84,1.45,56.45,0.52,1.45,Assam_Dhubri
2021-02-26,0.27,29.34,16.05,1.33,56.08,0.52,1.95,Assam_Dhubri
2021-02-27,0.21,28.8,15.12,1.51,59.89,0.52,1.85,Assam_Dhubri
2021-02-28,0.16,30.18,15.67,1.34,59.53,0.52,2.15,Assam_Dhubri
2021-03-01,0.06,31.1,17.24,1.9,55.61,0.51,2.49,Assam_Dhubri
2021-03-02,0.0,29.88,16.11,2.17,49.93,0.51,2.49,Assam_Dhubri
2021-03-03,0.01,28.96,17.47,0.81,39.72,0.5,2.59,Assam_Dhubri
2021-03-04,0.0,28.73,15.59,1.19,43.02,0.5,2.08,Assam_Dhubri
2021-03-05,0.02,29.93,14.88,1.83,43.9,0.5,2.17,Assam_Dhubri
2021-03-06,1.08,29.45,16.32,1.25,52.33,0.5,1.95,Assam_Dhubri
2021-03-07,0.02,29.66,15.73,1.63,62.75,0.49,2.17,Assam_Dhubri
2021-03-08,0.1,28.87,16.86,1.66,62.11,0.49,2.04,Assam_Dhubri
2021-03-09,0.3,30.14,17.47,1.44,64.21,0.49,1.95,Assam_Dhubri
2021-03-10,2.41,30.86,17.22,1.38,58.9,0.49,2.11,Assam_Dhubri
2021-03-11,2.41,30.3,17.66,1.31,63.09,0.49,2.22,Assam_Dhubri
2021-03-12,0.0,30.81,17.45,1.1,60.53,0.49,2.17,Assam_Dhubri
2021-03-13,0.02,31.66,18.32,1.31,52.46,0.48,2.22,Assam_Dhubri
2021-03-14,2.95,30.6,17.77,1.88,58.67,0.48,2.21,Assam_Dhubri
2021-03-15,0.11,30.62,18.67,1.18,53.74,0.48,2.06,Assam_Dhubri
2021-03-16,0.0,32.06,18.66,1.09,44.47,0.47,2.4,Assam_Dhubri
2021-03-17,0.01,32.37,19.83,1.07,41.21,0.47,2.19,Assam_Dhubri
2021-03-18,0.0,32.64,17.89,0.93,42.13,0.47,2.28,Assam_Dhubri
2021-03-19,0.02,32.64,19.74,0.96,46.77,0.46,2.02,Assam_Dhubri
2021-03-20,0.0,33.1,19.82,1.82,49.27,0.46,2.19,Assam_Dhubri
2021-03-21,0.0,34.34,19.47,2.56,45.18,0.46,2.69,Assam_Dhubri
2021-03-22,0.0,34.41,19.75,1.24,37.75,0.45,2.34,Assam_Dhubri
2021-03-23,0.0,34.77,19.13,1.53,43.48,0.45,2.29,Assam_Dhubri
2021-03-24,0.01,35.82,21.01,2.3,41.73,0.45,2.47,Assam_Dhubri
2021-03-25,0.08,35.35,19.72,3.56,35.19,0.44,2.99,Assam_Dhubri
2021-03-26,0.0,34.38,17.73,2.26,31.64,0.44,2.34,Assam_Dhubri
2021-03-27,0.0,32.82,18.19,1.19,38.72,0.43,1.94,Assam_Dhubri
2021-03-28,0.0,34.83,19.5,1.06,35.34,0.43,2.08,Assam_Dhubri
2021-03-29,3.14,33.88,20.4,1.15,43.0,0.44,1.73,Assam_Dhubri
2021-03-30,18.66,31.07,20.91,1.55,64.83,0.46,1.55,Assam_Dhubri
2021-03-31,0.2,33.47,20.33,1.61,60.08,0.46,2.24,Assam_Dhubri
2021-04-01,2.19,33.61,20.61,1.66,56.35,0.46,2.5,Assam_Dhubri
2021-04-02,0.39,33.71,19.32,1.44,47.0,0.45,2.6,Assam_Dhubri
2021-04-03,0.01,34.35,18.12,1.47,44.79,0.45,2.54,Assam_Dhubri
2021-04-04,0.04,35.03,17.88,1.57,42.48,0.44,2.53,Assam_Dhubri
2021-04-05,1.27,33.38,18.53,1.99,51.65,0.44,2.22,Assam_Dhubri
2021-04-06,0.58,34.99,19.94,1.25,45.84,0.44,2.03,Assam_Dhubri
2021-04-07,0.37,34.59,20.64,1.51,53.59,0.43,2.14,Assam_Dhubri
2021-04-08,7.47,33.33,21.48,1.59,64.03,0.44,1.68,Assam_Dhubri
2021-04-09,10.99,32.0,22.41,1.85,71.17,0.45,1.71,Assam_Dhubri
2021-04-10,0.39,36.33,22.0,2.21,57.18,0.45,2.84,Assam_Dhubri
2021-04-11,1.35,36.2,20.76,1.83,52.96,0.45,2.71,Assam_Dhubri
2021-04-12,0.02,36.97,20.82,1.54,39.36,0.44,2.62,Assam_Dhubri
2021-04-13,0.07,36.75,21.89,1.59,37.93,0.44,2.33,Assam_Dhubri
2021-04-14,0.93,35.33,20.71,1.6,47.97,0.43,1.99,Assam_Dhubri
2021-04-15,0.06,34.71,21.52,1.73,55.33,0.43,1.92,Assam_Dhubri
2021-04-16,22.58,32.98,22.37,2.06,66.67,0.44,1.39,Assam_Dhubri
2021-04-17,5.96,31.69,21.68,1.59,69.45,0.47,2.19,Assam_Dhubri
2021-04-18,20.51,31.03,20.9,1.81,70.66,0.49,2.4,Assam_Dhubri
2021-04-19,0.04,34.71,20.41,2.15,49.11,0.49,4.02,Assam_Dhubri
2021-04-20,0.93,34.9,19.24,1.62,55.36,0.48,3.43,Assam_Dhubri
2021-04-21,1.15,33.5,21.8,1.76,67.68,0.47,2.56,Assam_Dhubri
2021-04-22,1.43,32.62,23.85,1.57,64.98,0.47,2.06,Assam_Dhubri
2021-04-23,0.0,35.51,20.59,1.96,50.84,0.46,3.46,Assam_Dhubri
2021-04-24,0.0,36.3,20.6,1.49,49.47,0.46,3.25,Assam_Dhubri
2021-04-25,0.0,36.54,21.85,1.34,49.07,0.45,2.83,Assam_Dhubri
2021-04-26,0.06,37.61,22.64,1.41,48.37,0.45,2.54,Assam_Dhubri
2021-04-27,0.09,37.26,23.47,1.05,45.42,0.44,2.34,Assam_Dhubri
2021-04-28,1.75,37.55,24.19,1.59,53.09,0.44,2.37,Assam_Dhubri
2021-04-29,8.07,35.37,23.67,1.32,58.26,0.45,2.41,Assam_Dhubri
2021-04-30,1.75,36.0,24.94,1.06,54.57,0.45,2.39,Assam_Dhubri
2021-05-01,6.52,29.96,24.66,1.14,70.19,0.46,0.74,Assam_Dhubri
2021-05-02,3.7,34.18,24.13,1.27,61.06,0.46,2.17,Assam_Dhubri
2021-05-03,18.75,33.26,23.87,1.71,68.4,0.47,1.89,Assam_Dhubri
2021-05-04,13.49,28.1,23.33,1.5,77.93,0.49,1.27,Assam_Dhubri
2021-05-05,15.98,28.23,23.4,0.94,73.28,0.51,1.27,Assam_Dhubri
2021-05-06,14.28,30.14,22.36,1.27,73.2,0.53,3.22,Assam_Dhubri
2021-05-07,11.03,31.41,22.35,1.89,75.59,0.53,3.96,Assam_Dhubri
2021-05-08,13.37,30.46,22.76,2.15,78.44,0.54,3.97,Assam_Dhubri
2021-05-09,4.37,30.9,22.52,1.85,76.44,0.54,4.13,Assam_Dhubri
2021-05-10,10.52,31.21,24.04,1.36,71.47,0.54,4.27,Assam_Dhubri
2021-05-11,0.03,31.82,23.14,1.68,69.26,0.54,5.18,Assam_Dhubri
2021-05-12,6.8,28.64,23.58,1.43,77.62,0.54,2.35,Assam_Dhubri
2021-05-13,3.64,29.57,22.52,1.59,77.9,0.54,2.91,Assam_Dhubri
2021-05-14,18.77,30.47,23.78,1.68,74.98,0.55,4.17,Assam_Dhubri
2021-05-15,0.17,33.28,22.29,2.23,72.83,0.55,6.32,Assam_Dhubri
2021-05-16,9.14,33.57,23.3,1.53,73.41,0.55,5.04,Assam_Dhubri
2021-05-17,15.41,33.26,24.17,1.67,78.41,0.56,4.52,Assam_Dhubri
2021-05-18,9.17,33.55,25.1,2.46,74.94,0.56,5.74,Assam_Dhubri
2021-05-19,2.01,34.21,22.66,3.01,67.96,0.56,7.12,Assam_Dhubri
2021-05-20,7.9,32.1,24.62,2.93,77.88,0.55,4.49,Assam_Dhubri
2021-05-21,4.99,30.85,25.1,2.95,84.6,0.55,2.88,Assam_Dhubri
2021-05-22,6.57,33.9,26.29,3.0,78.23,0.55,5.11,Assam_Dhubri
2021-05-23,0.02,35.59,24.37,1.46,68.59,0.54,6.42,Assam_Dhubri
2021-05-24,0.04,35.42,25.52,1.16,65.57,0.54,6.03,Assam_Dhubri
2021-05-25,19.59,32.59,27.06,1.24,81.29,0.55,2.8,Assam_Dhubri
2021-05-26,11.17,33.23,25.86,2.19,82.47,0.56,4.17,Assam_Dhubri
2021-05-27,19.48,29.55,24.9,2.53,81.94,0.57,2.74,Assam_Dhubri
2021-05-28,10.39,33.16,24.57,1.76,77.49,0.59,4.71,Assam_Dhubri
2021-05-29,8.57,33.46,25.67,1.92,79.23,0.59,6.12,Assam_Dhubri
2021-05-30,10.38,33.05,26.07,2.34,82.07,0.59,5.24,Assam_Dhubri
2021-05-31,35.22,29.06,26.79,2.32,92.27,0.62,0.88,Assam_Dhubri
2021-06-01,5.5,32.21,26.06,2.2,83.23,0.63,6.26,Assam_Dhubri
2021-06-02,1.38,31.42,26.24,2.78,83.24,0.61,6.07,Assam_Dhubri
2021-06-03,0.57,32.01,25.5,2.46,83.1,0.6,5.18,Assam_Dhubri
2021-06-04,6.28,33.17,26.03,2.66,81.07,0.6,5.63,Assam_Dhubri
2021-06-05,13.4,32.62,26.93,3.31,84.33,0.61,4.6,Assam_Dhubri
2021-06-06,32.49,32.42,26.46,3.53,84.53,0.63,4.7,Assam_Dhubri
2021-06-07,11.92,33.45,26.41,3.25,83.22,0.64,6.5,Assam_Dhubri
2021-06-08,29.07,32.63,27.08,2.42,86.0,0.66,4.43,Assam_Dhubri
2021-06-09,10.8,31.59,26.15,2.16,85.56,0.67,5.02,Assam_Dhubri
2021-06-10,3.21,32.58,25.33,0.79,78.18,0.66,2.98,Assam_Dhubri
2021-06-11,17.41,31.1,26.3,1.79,83.01,0.67,3.79,Assam_Dhubri
2021-06-12,9.06,30.43,25.05,2.45,88.84,0.67,2.9,Assam_Dhubri
2021-06-13,8.59,31.33,25.21,1.11,84.77,0.68,2.49,Assam_Dhubri
2021-06-14,6.7,31.64,26.55,1.74,86.49,0.68,3.71,Assam_Dhubri
2021-06-15,4.39,33.45,26.21,1.39,81.51,0.67,6.7,Assam_Dhubri
2021-06-16,12.72,32.53,26.34,1.93,84.04,0.67,4.84,Assam_Dhubri
2021-06-17,11.63,31.99,25.81,2.05,84.55,0.68,4.54,Assam_Dhubri
2021-06-18,7.61,32.36,24.51,1.85,80.88,0.68,7.26,Assam_Dhubri
2021-06-19,19.1,29.35,25.64,1.99,89.2,0.69,1.87,Assam_Dhubri
2021-06-20,9.07,30.62,24.82,1.68,84.72,0.7,5.01,Assam_Dhubri
2021-06-21,1.74,32.63,25.5,1.4,82.37,0.69,6.99,Assam_Dhubri
2021-06-22,3.23,31.66,26.94,1.46,85.15,0.68,4.8,Assam_Dhubri
2021-06-23,1.15,32.93,25.31,2.13,81.39,0.67,8.03,Assam_Dhubri
2021-06-24,2.32,32.69,26.09,2.21,82.98,0.66,7.62,Assam_Dhubri
2021-06-25,9.16,32.27,26.24,1.75,83.71,0.66,5.88,Assam_Dhubri
2021-06-26,17.98,32.26,25.84,2.3,85.19,0.67,5.29,Assam_Dhubri
2021-06-27,22.45,31.95,26.93,3.1,86.0,0.69,5.29,Assam_Dhubri
2021-06-28,29.43,31.23,26.61,3.55,88.36,0.71,3.72,Assam_Dhubri
2021-06-29,56.61,30.25,26.79,4.33,91.71,0.75,2.25,Assam_Dhubri
2021-06-30,28.93,30.18,27.28,2.78,92.4,0.79,1.58,Assam_Dhubri
2021-07-01,25.64,31.52,26.95,2.17,85.67,0.8,3.56,Assam_Dhubri
2021-07-02,21.56,29.35,26.23,1.9,91.19,0.81,1.45,Assam_Dhubri
2021-07-03,49.81,30.75,26.16,2.33,90.13,0.84,2.33,Assam_Dhubri
2021-07-04,15.52,31.75,26.81,1.97,84.14,0.85,4.09,Assam_Dhubri
2021-07-05,8.18,31.48,25.78,1.94,84.58,0.84,4.59,Assam_Dhubri
2021-07-06,8.25,31.46,26.15,2.23,86.36,0.82,3.31,Assam_Dhubri
2021-07-07,5.93,32.58,26.75,2.12,88.19,0.82,3.45,Assam_Dhubri
2021-07-08,2.89,32.66,26.69,1.31,83.51,0.82,4.45,Assam_Dhubri
2021-07-09,0.37,32.39,26.83,1.18,82.37,0.81,3.65,Assam_Dhubri
2021-07-10,1.8,31.71,26.95,1.43,84.71,0.8,3.88,Assam_Dhubri
2021-07-11,3.26,30.79,26.89,0.75,81.44,0.8,2.67,Assam_Dhubri
2021-07-12,1.69,33.99,25.71,1.07,78.53,0.79,6.64,Assam_Dhubri
2021-07-13,14.1,32.63,26.44,2.15,85.16,0.79,5.32,Assam_Dhubri
2021-07-14,8.0,30.81,26.24,2.29,87.08,0.8,3.18,Assam_Dhubri
2021-07-15,15.14,31.31,26.46,2.36,85.6,0.8,3.36,Assam_Dhubri
2021-07-16,27.37,30.86,25.74,2.59,88.94,0.81,2.9,Assam_Dhubri
2021-07-17,11.25,31.74,25.71,2.53,87.76,0.82,3.87,Assam_Dhubri
2021-07-18,11.26,31.14,26.91,2.94,89.1,0.82,2.74,Assam_Dhubri
2021-07-19,10.74,30.23,26.39,2.13,92.22,0.82,1.38,Assam_Dhubri
2021-07-20,12.7,31.13,26.77,1.99,87.49,0.83,2.52,Assam_Dhubri
2021-07-21,9.07,33.78,26.43,0.6,77.62,0.83,5.0,Assam_Dhubri
2021-07-22,6.82,32.23,27.13,1.0,85.66,0.83,3.01,Assam_Dhubri
2021-07-23,6.71,33.18,26.88,2.09,84.62,0.82,4.96,Assam_Dhubri
2021-07-24,2.38,33.5,26.44,2.0,83.61,0.81,5.39,Assam_Dhubri
2021-07-25,3.48,33.25,26.74,1.81,83.8,0.8,5.73,Assam_Dhubri
2021-07-26,2.05,34.41,27.04,1.42,80.12,0.8,6.75,Assam_Dhubri
2021-07-27,1.76,31.81,28.5,0.82,82.38,0.79,2.06,Assam_Dhubri
2021-07-28,2.83,32.81,28.01,2.36,84.21,0.79,3.95,Assam_Dhubri
2021-07-29,26.0,32.38,27.04,2.85,85.66,0.8,4.23,Assam_Dhubri
2021-07-30,29.03,30.36,26.6,2.43,89.77,0.82,1.65,Assam_Dhubri
2021-07-31,22.93,32.08,26.06,1.62,86.52,0.84,3.56,Assam_Dhubri
2021-08-01,18.88,32.54,26.5,1.88,85.98,0.84,4.52,Assam_Dhubri
2021-08-02,29.81,31.94,26.97,1.2,87.14,0.86,2.65,Assam_Dhubri
2021-08-03,17.58,31.06,26.78,1.08,85.52,0.86,2.05,Assam_Dhubri
2021-08-04,11.44,31.73,26.64,1.08,85.97,0.87,2.4,Assam_Dhubri
2021-08-05,0.85,34.6,26.59,0.87,80.66,0.86,5.12,Assam_Dhubri
2021-08-06,1.25,34.54,27.82,1.0,80.99,0.85,5.19,Assam_Dhubri
2021-08-07,8.95,32.1,26.25,0.83,79.04,0.85,4.1,Assam_Dhubri
2021-08-08,12.34,32.05,26.47,2.13,86.14,0.85,3.94,Assam_Dhubri
2021-08-09,26.42,32.0,26.96,2.41,87.96,0.85,3.66,Assam_Dhubri
2021-08-10,30.58,32.05,27.24,2.74,88.72,0.88,3.49,Assam_Dhubri
2021-08-11,23.12,30.73,27.54,2.08,92.09,0.89,1.53,Assam_Dhubri
2021-08-12,15.77,30.61,26.73,2.44,91.38,0.89,1.49,Assam_Dhubri
2021-08-13,16.17,30.48,26.49,2.79,90.29,0.89,2.77,Assam_Dhubri
2021-08-14,22.17,31.93,26.83,3.71,89.4,0.89,3.27,Assam_Dhubri
2021-08-15,13.66,31.88,27.09,2.68,89.15,0.9,3.05,Assam_Dhubri
2021-08-16,3.32,31.81,26.42,2.88,87.93,0.89,4.16,Assam_Dhubri
2021-08-17,8.32,31.72,26.46,2.12,86.96,0.89,3.44,Assam_Dhubri
2021-08-18,8.33,29.23,26.35,1.83,89.34,0.88,1.44,Assam_Dhubri
2021-08-19,17.85,30.05,25.69,1.69,87.59,0.89,2.4,Assam_Dhubri
2021-08-20,10.64,31.27,25.01,1.88,86.32,0.89,3.98,Assam_Dhubri
2021-08-21,6.9,30.65,25.61,2.56,87.36,0.89,3.96,Assam_Dhubri
2021-08-22,20.3,30.93,25.55,3.66,89.55,0.89,3.44,Assam_Dhubri
2021-08-23,36.5,29.97,24.97,2.85,89.85,0.92,2.16,Assam_Dhubri
2021-08-24,11.37,31.05,26.52,3.66,90.52,0.91,2.77,Assam_Dhubri
2021-08-25,15.89,30.96,26.99,3.33,90.43,0.91,2.64,Assam_Dhubri
2021-08-26,35.07,28.8,26.66,2.21,93.84,0.92,0.56,Assam_Dhubri
2021-08-27,51.09,30.36,25.9,1.76,90.4,0.96,2.08,Assam_Dhubri
2021-08-28,14.81,31.01,25.42,0.95,86.77,0.95,2.56,Assam_Dhubri
2021-08-29,2.54,29.88,25.76,0.87,86.23,0.95,1.71,Assam_Dhubri
2021-08-30,3.65,28.99,25.58,1.67,87.69,0.94,2.51,Assam_Dhubri
2021-08-31,11.04,28.86,25.28,1.73,90.51,0.94,1.8,Assam_Dhubri
2021-09-01,9.03,30.38,25.04,2.32,89.9,0.94,2.64,Assam_Dhubri
2021-09-02,33.65,30.06,25.65,2.06,89.89,0.95,1.97,Assam_Dhubri
2021-09-03,0.47,31.56,24.68,1.62,85.05,0.95,4.95,Assam_Dhubri
2021-09-04,1.56,32.33,25.16,1.83,86.55,0.94,4.28,Assam_Dhubri
2021-09-05,0.75,33.88,26.07,0.67,75.94,0.93,6.61,Assam_Dhubri
2021-09-06,15.03,31.05,26.96,1.34,88.36,0.93,1.48,Assam_Dhubri
2021-09-07,20.19,28.43,26.26,0.94,86.94,0.94,1.19,Assam_Dhubri
2021-09-08,1.73,30.99,25.26,1.49,85.1,0.94,3.79,Assam_Dhubri
2021-09-09,2.52,31.63,25.46,0.78,81.92,0.93,1.96,Assam_Dhubri
2021-09-10,3.73,32.52,26.08,1.75,85.58,0.92,3.32,Assam_Dhubri
2021-09-11,7.21,31.34,26.55,0.93,85.49,0.92,1.42,Assam_Dhubri
2021-09-12,0.46,31.98,27.03,0.95,81.68,0.92,2.04,Assam_Dhubri
2021-09-13,8.85,32.36,26.5,1.45,84.44,0.92,3.36,Assam_Dhubri
2021-09-14,7.07,30.53,26.06,1.34,87.36,0.92,1.3,Assam_Dhubri
2021-09-15,2.04,32.18,25.53,1.45,85.81,0.92,3.68,Assam_Dhubri
2021-09-16,11.68,29.08,26.18,0.71,89.54,0.91,1.04,Assam_Dhubri
2021-09-17,8.99,30.97,25.43,0.78,84.46,0.92,2.13,Assam_Dhubri
2021-09-18,23.15,30.23,25.24,1.21,89.38,0.93,2.4,Assam_Dhubri
2021-09-19,2.55,32.57,25.31,1.27,84.74,0.93,5.69,Assam_Dhubri
2021-09-20,0.16,31.87,25.41,1.34,86.81,0.92,5.03,Assam_Dhubri
2021-09-21,3.4,30.7,25.62,1.59,86.43,0.91,3.73,Assam_Dhubri
2021-09-22,1.27,31.31,24.6,1.27,85.49,0.91,5.25,Assam_Dhubri
2021-09-23,0.53,32.22,25.07,0.96,79.79,0.9,6.2,Assam_Dhubri
2021-09-24,0.04,33.42,25.64,0.58,74.3,0.89,7.27,Assam_Dhubri
2021-09-25,0.06,33.37,26.72,0.79,74.74,0.88,6.6,Assam_Dhubri
2021-09-26,0.14,33.89,26.6,1.09,78.2,0.88,3.96,Assam_Dhubri
2021-09-27,4.37,33.1,27.15,1.42,81.09,0.87,4.53,Assam_Dhubri
2021-09-28,1.51,31.23,26.01,1.62,85.1,0.87,4.05,Assam_Dhubri
2021-09-29,1.37,28.87,25.28,1.05,87.19,0.87,2.49,Assam_Dhubri
2021-09-30,0.49,29.64,24.93,1.49,87.77,0.86,2.69,Assam_Dhubri
2021-10-01,0.29,30.3,24.59,1.76,87.87,0.86,4.42,Assam_Dhubri
2021-10-02,22.55,29.9,24.44,1.65,89.4,0.86,2.74,Assam_Dhubri
2021-10-03,48.9,30.38,25.05,1.51,89.51,0.9,2.11,Assam_Dhubri
2021-10-04,75.3,27.32,24.56,2.13,94.01,0.95,0.36,Assam_Dhubri
2021-10-05,23.4,28.27,24.42,1.8,91.32,0.96,1.18,Assam_Dhubri
2021-10-06,3.09,30.33,23.73,0.96,84.79,0.95,4.65,Assam_Dhubri
2021-10-07,0.83,29.31,24.85,0.94,88.48,0.94,2.31,Assam_Dhubri
2021-10-08,2.64,31.01,24.97,1.75,88.71,0.94,3.79,Assam_Dhubri
2021-10-09,10.92,30.81,24.63,1.22,87.02,0.93,4.38,Assam_Dhubri
2021-10-10,0.51,31.93,24.35,0.73,79.64,0.93,6.14,Assam_Dhubri
2021-10-11,0.0,31.48,24.01,0.8,79.71,0.92,5.99,Assam_Dhubri
2021-10-12,0.0,32.67,25.53,0.42,78.15,0.91,6.74,Assam_Dhubri
2021-10-13,0.02,31.83,26.15,0.83,80.57,0.91,3.89,Assam_Dhubri
2021-10-14,0.03,31.39,26.85,0.88,85.49,0.9,2.57,Assam_Dhubri
2021-10-15,0.08,34.09,26.19,1.07,77.45,0.9,3.32,Assam_Dhubri
2021-10-16,1.1,31.77,26.03,2.16,85.2,0.89,4.46,Assam_Dhubri
2021-10-17,2.27,30.45,25.55,1.57,86.25,0.89,2.88,Assam_Dhubri
2021-10-18,10.77,27.83,25.29,1.75,92.05,0.89,1.33,Assam_Dhubri
2021-10-19,40.08,27.85,24.6,1.9,93.22,0.91,1.08,Assam_Dhubri
2021-10-20,48.19,27.62,24.74,2.29,94.68,0.94,0.69,Assam_Dhubri
2021-10-21,7.7,27.12,22.01,3.08,92.34,0.96,2.02,Assam_Dhubri
2021-10-22,1.83,27.11,19.61,1.79,81.83,0.94,3.98,Assam_Dhubri
2021-10-23,0.11,26.49,20.44,1.1,80.69,0.93,3.77,Assam_Dhubri
2021-10-24,0.0,28.17,20.32,0.53,73.9,0.93,5.5,Assam_Dhubri
2021-10-25,0.0,28.36,22.11,0.86,77.24,0.92,5.27,Assam_Dhubri
2021-10-26,0.01,28.55,20.75,1.24,85.19,0.92,4.78,Assam_Dhubri
2021-10-27,0.0,28.49,20.78,1.37,86.18,0.91,4.39,Assam_Dhubri
2021-10-28,0.0,28.75,20.75,0.73,82.17,0.9,5.36,Assam_Dhubri
2021-10-29,0.0,28.29,20.39,0.77,79.8,0.9,5.08,Assam_Dhubri
2021-10-30,0.0,27.91,19.97,1.15,85.04,0.89,5.1,Assam_Dhubri
2021-10-31,0.01,26.68,18.8,1.6,86.38,0.89,4.24,Assam_Dhubri
2021-11-01,0.0,25.68,17.84,1.11,80.98,0.88,4.12,Assam_Dhubri
2021-11-02,0.0,26.46,19.48,0.5,73.81,0.88,4.81,Assam_Dhubri
2021-11-03,0.0,26.73,19.24,1.08,82.09,0.87,4.76,Assam_Dhubri
2021-11-04,0.0,26.43,17.58,1.53,85.63,0.87,4.18,Assam_Dhubri
2021-11-05,0.0,25.74,17.07,1.01,83.81,0.86,4.69,Assam_Dhubri
2021-11-06,0.0,26.06,17.23,1.18,85.39,0.85,4.38,Assam_Dhubri
2021-11-07,0.0,26.07,17.83,0.59,80.26,0.85,4.59,Assam_Dhubri
2021-11-08,0.0,25.7,17.3,1.27,80.48,0.85,4.66,Assam_Dhubri
2021-11-09,0.0,25.99,15.81,1.52,82.78,0.84,4.58,Assam_Dhubri
2021-11-10,0.0,25.95,16.47,1.44,83.3,0.83,4.18,Assam_Dhubri
2021-11-11,0.0,26.33,16.74,0.86,79.09,0.83,4.72,Assam_Dhubri
2021-11-12,0.0,25.79,18.11,1.27,85.75,0.82,3.87,Assam_Dhubri
2021-11-13,0.0,24.99,16.92,1.71,88.93,0.82,3.79,Assam_Dhubri
2021-11-14,0.01,23.55,17.55,0.93,86.67,0.82,2.78,Assam_Dhubri
2021-11-15,0.0,25.03,17.3,0.81,83.98,0.81,4.13,Assam_Dhubri
2021-11-16,0.0,24.39,15.45,0.91,83.62,0.81,3.72,Assam_Dhubri
2021-11-17,0.0,24.74,15.73,1.09,83.19,0.8,3.81,Assam_Dhubri
2021-11-18,0.0,25.69,16.05,1.06,80.73,0.8,3.63,Assam_Dhubri
2021-11-19,0.0,25.3,16.9,0.95,82.05,0.79,4.17,Assam_Dhubri
2021-11-20,0.0,24.94,16.89,1.47,87.67,0.79,3.12,Assam_Dhubri
2021-11-21,0.0,24.41,17.06,1.69,88.28,0.79,2.67,Assam_Dhubri
2021-11-22,0.01,24.61,17.48,2.45,91.3,0.78,2.25,Assam_Dhubri
2021-11-23,0.0,23.96,15.94,1.12,82.03,0.78,3.11,Assam_Dhubri
2021-11-24,0.01,22.67,13.72,1.88,87.64,0.78,2.49,Assam_Dhubri
2021-11-25,0.0,23.82,13.96,1.39,81.82,0.77,3.0,Assam_Dhubri
2021-11-26,0.0,23.23,13.77,1.32,85.02,0.77,2.89,Assam_Dhubri
2021-11-27,0.0,24.47,13.78,1.6,83.43,0.77,3.18,Assam_Dhubri
2021-11-28,0.0,23.7,13.98,1.4,81.05,0.76,3.24,Assam_Dhubri
2021-11-29,0.0,23.86,13.47,1.43,82.79,0.76,3.29,Assam_Dhubri
2021-11-30,0.0,23.42,13.82,1.95,83.03,0.75,2.98,Assam_Dhubri
2021-12-01,0.0,24.6,14.89,1.73,83.17,0.75,3.39,Assam_Dhubri
2021-12-02,0.0,25.95,14.98,1.14,76.2,0.74,3.3,Assam_Dhubri
2021-12-03,0.0,25.61,15.69,0.95,82.06,0.74,3.51,Assam_Dhubri
2021-12-04,0.0,24.53,16.63,1.06,86.18,0.74,2.47,Assam_Dhubri
2021-12-05,0.0,25.09,16.8,1.1,85.24,0.73,3.06,Assam_Dhubri
2021-12-06,0.57,24.02,17.79,1.26,89.46,0.73,2.16,Assam_Dhubri
2021-12-07,0.1,24.48,16.72,0.72,86.09,0.73,3.1,Assam_Dhubri
2021-12-08,0.03,24.9,17.18,0.72,87.17,0.72,2.8,Assam_Dhubri
2021-12-09,0.0,24.9,16.18,0.92,84.22,0.72,2.86,Assam_Dhubri
2021-12-10,0.0,23.44,15.5,1.31,83.82,0.72,2.76,Assam_Dhubri
2021-12-11,0.0,22.61,13.25,1.27,77.59,0.71,2.34,Assam_Dhubri
2021-12-12,0.0,21.96,11.27,1.39,84.14,0.71,2.16,Assam_Dhubri
2021-12-13,0.0,22.35,11.78,1.25,83.17,0.71,2.38,Assam_Dhubri
2021-12-14,0.0,22.47,12.77,0.98,85.32,0.71,2.5,Assam_Dhubri
2021-12-15,0.0,22.17,11.9,1.3,83.25,0.7,2.44,Assam_Dhubri
2021-12-16,0.0,22.56,12.1,0.76,79.9,0.7,2.35,Assam_Dhubri
2021-12-17,0.0,23.02,11.84,0.69,76.91,0.7,2.58,Assam_Dhubri
2021-12-18,0.0,23.39,12.5,0.83,79.33,0.69,2.29,Assam_Dhubri
2021-12-19,0.0,22.32,11.23,1.08,84.1,0.69,2.35,Assam_Dhubri
2021-12-20,0.0,21.34,9.26,1.14,84.12,0.69,1.96,Assam_Dhubri
2021-12-21,0.0,22.48,11.64,1.01,82.81,0.69,2.12,Assam_Dhubri
2021-12-22,0.05,21.85,13.69,0.96,80.37,0.68,1.72,Assam_Dhubri
2021-12-23,0.02,22.97,13.91,0.81,76.11,0.68,2.31,Assam_Dhubri
2021-12-24,0.0,22.04,12.33,1.27,84.33,0.68,1.93,Assam_Dhubri
2021-12-25,0.0,22.04,12.21,1.68,77.78,0.68,2.02,Assam_Dhubri
2021-12-26,0.0,21.99,11.61,1.54,77.69,0.67,2.14,Assam_Dhubri
2021-12-27,0.0,21.34,11.13,1.26,78.14,0.67,1.92,Assam_Dhubri
2021-12-28,0.0,20.82,11.4,1.52,85.04,0.67,1.55,Assam_Dhubri
2021-12-29,0.55,20.31,12.36,2.34,84.12,0.66,1.11,Assam_Dhubri
2021-12-30,0.86,22.16,13.61,1.11,80.0,0.66,1.33,Assam_Dhubri
2021-12-31,0.18,22.15,12.15,0.57,78.47,0.66,2.11,Assam_Dhubri
2022-01-01,0.0,21.19,12.8,1.0,85.35,0.66,1.19,Assam_Dhubri
2022-01-02,0.0,21.64,11.32,0.81,82.86,0.66,1.86,Assam_Dhubri
2022-01-03,0.0,22.41,12.35,0.66,79.38,0.65,1.77,Assam_Dhubri
2022-01-04,0.0,22.28,11.53,0.79,79.32,0.65,1.82,Assam_Dhubri
2022-01-05,0.0,22.71,11.79,0.77,80.0,0.65,1.92,Assam_Dhubri
2022-01-06,0.0,23.27,13.15,0.83,78.26,0.65,1.91,Assam_Dhubri
2022-01-07,0.0,23.09,13.07,0.71,81.52,0.64,1.9,Assam_Dhubri
2022-01-08,0.0,23.83,13.41,0.88,82.22,0.64,1.87,Assam_Dhubri
2022-01-09,0.0,24.14,14.71,1.08,84.05,0.64,1.74,Assam_Dhubri
2022-01-10,0.0,24.4,15.6,1.32,84.82,0.64,1.77,Assam_Dhubri
2022-01-11,0.15,23.76,14.55,1.28,86.69,0.63,1.4,Assam_Dhubri
2022-01-12,3.82,22.4,15.69,1.38,85.6,0.63,1.14,Assam_Dhubri
2022-01-13,3.36,21.33,13.51,2.31,85.01,0.64,1.39,Assam_Dhubri
2022-01-14,3.02,20.15,11.66,0.78,83.92,0.64,0.94,Assam_Dhubri
2022-01-15,0.0,21.62,12.63,0.95,78.76,0.64,1.62,Assam_Dhubri
2022-01-16,0.0,22.24,10.57,0.65,77.63,0.64,1.89,Assam_Dhubri
2022-01-17,0.0,22.37,10.64,1.1,81.64,0.63,1.55,Assam_Dhubri
2022-01-18,0.0,22.54,11.76,1.71,76.22,0.63,1.69,Assam_Dhubri
2022-01-19,0.0,23.29,13.92,0.93,70.07,0.63,1.79,Assam_Dhubri
2022-01-20,0.44,20.91,13.69,0.6,76.29,0.62,0.95,Assam_Dhubri
2022-01-21,0.07,21.68,13.07,1.21,77.54,0.62,1.36,Assam_Dhubri
2022-01-22,0.0,22.05,11.25,1.46,77.55,0.62,1.61,Assam_Dhubri
2022-01-23,0.02,20.61,12.91,1.07,82.97,0.62,1.07,Assam_Dhubri
2022-01-24,0.01,22.09,13.6,1.2,78.69,0.62,1.44,Assam_Dhubri
2022-01-25,0.01,21.95,12.4,1.33,81.36,0.61,1.39,Assam_Dhubri
2022-01-26,0.29,21.94,13.11,1.92,82.34,0.61,1.31,Assam_Dhubri
2022-01-27,0.01,20.45,9.93,2.14,75.6,0.61,1.46,Assam_Dhubri
2022-01-28,0.03,19.5,8.62,1.52,75.38,0.6,1.21,Assam_Dhubri
2022-01-29,0.0,20.28,9.71,1.01,76.02,0.6,1.36,Assam_Dhubri
2022-01-30,0.0,20.36,8.76,2.04,74.07,0.6,1.3,Assam_Dhubri
2022-01-31,0.0,21.28,9.88,1.57,72.86,0.6,1.31,Assam_Dhubri
2022-02-01,0.62,20.57,9.08,1.69,76.82,0.6,1.04,Assam_Dhubri
2022-02-02,0.03,21.17,10.08,1.43,76.22,0.59,1.11,Assam_Dhubri
2022-02-03,0.06,21.91,11.36,2.06,81.42,0.59,1.27,Assam_Dhubri
2022-02-04,36.93,19.47,14.04,2.56,86.31,0.6,0.41,Assam_Dhubri
2022-02-05,8.33,19.64,12.33,2.14,81.76,0.65,1.04,Assam_Dhubri
2022-02-06,0.9,20.5,9.15,1.62,76.8,0.65,1.6,Assam_Dhubri
2022-02-07,0.35,20.11,8.74,1.14,73.42,0.64,1.58,Assam_Dhubri
2022-02-08,0.0,20.79,9.91,1.44,69.58,0.63,1.62,Assam_Dhubri
2022-02-09,0.03,22.06,10.66,1.26,69.35,0.63,1.7,Assam_Dhubri
2022-02-10,3.62,20.68,11.56,2.15,84.52,0.63,1.07,Assam_Dhubri
2022-02-11,0.38,22.24,12.13,2.43,79.85,0.63,1.72,Assam_Dhubri
2022-02-12,0.0,21.54,9.02,1.93,73.82,0.62,1.66,Assam_Dhubri
2022-02-13,0.0,21.76,9.87,1.28,78.29,0.62,1.63,Assam_Dhubri
2022-02-14,0.0,22.98,10.31,1.58,69.19,0.61,2.0,Assam_Dhubri
2022-02-15,0.0,24.98,11.94,0.78,61.52,0.61,2.29,Assam_Dhubri
2022-02-16,0.0,24.26,11.91,1.48,69.47,0.61,2.07,Assam_Dhubri
2022-02-17,0.01,24.28,12.27,1.83,69.3,0.6,1.95,Assam_Dhubri
2022-02-18,0.0,24.19,11.38,1.41,68.84,0.6,1.9,Assam_Dhubri
2022-02-19,0.0,24.78,10.79,2.11,67.86,0.59,2.06,Assam_Dhubri
2022-02-20,0.27,24.06,10.21,2.81,73.89,0.59,2.11,Assam_Dhubri
2022-02-21,1.31,23.2,12.15,1.72,72.96,0.59,1.58,Assam_Dhubri
2022-02-22,0.03,24.15,12.14,1.76,69.94,0.59,1.99,Assam_Dhubri
2022-02-23,0.0,24.41,12.51,1.8,70.69,0.58,1.93,Assam_Dhubri
2022-02-24,0.23,26.46,13.69,1.68,71.8,0.58,1.94,Assam_Dhubri
2022-02-25,14.96,22.42,15.44,1.38,86.24,0.59,0.48,Assam_Dhubri
2022-02-26,0.66,25.57,14.5,1.34,77.09,0.6,2.08,Assam_Dhubri
2022-02-27,0.04,25.75,14.79,1.79,70.36,0.59,2.2,Assam_Dhubri
2022-02-28,0.03,27.42,15.35,2.34,73.42,0.59,2.37,Assam_Dhubri
2022-03-01,0.0,27.25,13.83,1.19,63.31,0.58,2.75,Assam_Dhubri
2022-03-02,0.0,27.42,13.88,1.17,60.6,0.58,2.64,Assam_Dhubri
2022-03-03,0.0,27.58,15.27,0.93,57.02,0.57,2.59,Assam_Dhubri
2022-03-04,0.01,28.08,14.43,1.49,58.87,0.57,2.73,Assam_Dhubri
2022-03-05,0.0,28.77,14.43,1.82,60.07,0.56,2.75,Assam_Dhubri
2022-03-06,0.0,29.5,16.81,0.85,57.81,0.56,2.77,Assam_Dhubri
2022-03-07,0.0,29.82,15.87,1.64,63.42,0.55,2.75,Assam_Dhubri
2022-03-08,0.0,30.54,16.64,0.88,55.59,0.55,2.97,Assam_Dhubri
2022-03-09,0.0,31.17,17.82,0.99,53.8,0.54,3.13,Assam_Dhubri
2022-03-10,0.0,31.26,17.35,0.73,49.26,0.54,3.17,Assam_Dhubri
2022-03-11,0.0,31.26,18.16,0.74,48.21,0.53,3.28,Assam_Dhubri
2022-03-12,0.0,31.13,17.79,0.64,51.04,0.53,3.07,Assam_Dhubri
2022-03-13,0.0,31.58,19.21,0.74,52.79,0.53,3.07,Assam_Dhubri
2022-03-14,0.0,31.88,18.41,0.93,58.63,0.52,2.84,Assam_Dhubri
2022-03-15,0.0,32.85,19.11,0.82,57.72,0.52,2.97,Assam_Dhubri
2022-03-16,0.0,33.53,20.18,1.08,50.82,0.51,2.98,Assam_Dhubri
2022-03-17,0.0,33.3,19.56,1.22,54.1,0.51,3.18,Assam_Dhubri
2022-03-18,0.0,33.25,20.32,1.38,59.39,0.51,2.76,Assam_Dhubri
2022-03-19,0.0,34.62,21.04,2.0,60.76,0.5,2.95,Assam_Dhubri
2022-03-20,0.0,34.23,19.98,2.59,59.19,0.5,3.1,Assam_Dhubri
2022-03-21,0.84,33.37,19.63,1.95,61.43,0.49,2.61,Assam_Dhubri
2022-03-22,0.5,33.64,20.53,1.68,62.8,0.49,2.64,Assam_Dhubri
2022-03-23,0.04,33.79,21.35,1.2,59.61,0.49,2.52,Assam_Dhubri
2022-03-24,0.0,34.61,21.65,2.19,49.0,0.48,3.07,Assam_Dhubri
2022-03-25,0.51,33.77,19.05,3.1,57.25,0.48,2.47,Assam_Dhubri
2022-03-26,0.74,35.25,20.48,3.2,54.93,0.47,3.06,Assam_Dhubri
2022-03-27,0.49,33.89,17.79,1.65,54.35,0.47,2.47,Assam_Dhubri
2022-03-28,0.15,31.88,19.85,1.78,66.29,0.47,2.11,Assam_Dhubri
2022-03-29,1.42,31.75,20.43,1.96,70.18,0.47,1.89,Assam_Dhubri
2022-03-30,7.21,31.2,21.4,1.81,74.46,0.47,1.69,Assam_Dhubri
2022-03-31,20.29,31.49,21.62,1.63,77.38,0.49,1.49,Assam_Dhubri
2022-04-01,24.06,31.07,22.79,1.8,78.71,0.53,2.11,Assam_Dhubri
2022-04-02,12.9,31.83,22.66,1.57,79.63,0.54,2.73,Assam_Dhubri
2022-04-03,25.24,30.92,22.97,1.9,79.78,0.56,2.45,Assam_Dhubri
2022-04-04,25.86,32.12,23.37,3.0,76.73,0.59,3.08,Assam_Dhubri
2022-04-05,8.94,31.39,21.76,1.95,79.86,0.59,3.61,Assam_Dhubri
2022-04-06,5.44,31.94,21.77,1.71,77.28,0.59,3.83,Assam_Dhubri
2022-04-07,13.12,31.47,22.46,1.97,78.88,0.59,3.58,Assam_Dhubri
2022-04-08,2.97,31.75,21.58,1.81,75.86,0.59,4.44,Assam_Dhubri
2022-04-09,7.05,31.69,21.37,1.87,75.74,0.59,4.19,Assam_Dhubri
2022-04-10,7.33,31.08,21.49,2.49,76.85,0.59,3.76,Assam_Dhubri
2022-04-11,7.23,30.88,21.66,2.01,79.41,0.59,3.79,Assam_Dhubri
2022-04-12,1.18,31.56,21.28,1.53,75.81,0.58,4.28,Assam_Dhubri
2022-04-13,43.08,30.7,22.09,1.56,83.17,0.61,2.64,Assam_Dhubri
2022-04-14,3.1,30.75,22.57,1.72,82.06,0.63,2.78,Assam_Dhubri
2022-04-15,8.33,33.24,22.15,1.69,71.35,0.62,5.15,Assam_Dhubri
2022-04-16,2.82,32.97,21.39,1.71,70.86,0.61,5.19,Assam_Dhubri
2022-04-17,15.75,33.39,23.13,1.79,75.66,0.62,4.87,Assam_Dhubri
2022-04-18,16.87,31.66,22.72,1.49,79.18,0.64,4.45,Assam_Dhubri
2022-04-19,12.71,31.27,22.64,1.56,79.49,0.64,4.02,Assam_Dhubri
2022-04-20,15.65,30.48,23.24,1.34,82.04,0.65,3.72,Assam_Dhubri
2022-04-21,0.78,30.17,21.44,0.89,73.02,0.65,5.79,Assam_Dhubri
2022-04-22,10.5,31.02,22.52,1.47,77.63,0.65,3.75,Assam_Dhubri
2022-04-23,1.56,32.08,22.54,1.95,73.83,0.64,5.49,Assam_Dhubri
2022-04-24,2.17,33.83,21.67,1.89,67.53,0.64,5.72,Assam_Dhubri
2022-04-25,0.11,33.33,21.33,1.89,70.97,0.62,5.67,Assam_Dhubri
2022-04-26,0.4,32.67,22.18,1.56,78.49,0.61,5.04,Assam_Dhubri
2022-04-27,4.66,32.46,23.17,1.6,76.56,0.61,5.12,Assam_Dhubri
2022-04-28,1.31,32.48,22.86,1.87,76.99,0.61,5.17,Assam_Dhubri
2022-04-29,6.77,33.21,22.47,1.15,72.69,0.6,5.32,Assam_Dhubri
2022-04-30,18.27,32.27,22.89,1.61,76.51,0.63,4.32,Assam_Dhubri
2022-05-01,1.49,30.88,23.89,2.27,80.6,0.62,4.55,Assam_Dhubri
2022-05-02,5.24,31.57,23.51,1.89,79.62,0.62,4.78,Assam_Dhubri
2022-05-03,1.29,30.17,23.44,1.65,79.39,0.61,3.63,Assam_Dhubri
2022-05-04,0.16,28.9,22.7,2.69,80.4,0.61,4.12,Assam_Dhubri
2022-05-05,1.58,31.5,21.61,1.32,72.18,0.6,6.32,Assam_Dhubri
2022-05-06,13.93,31.8,22.93,1.03,71.51,0.6,4.94,Assam_Dhubri
2022-05-07,2.74,32.91,24.88,0.78,68.06,0.61,6.52,Assam_Dhubri
2022-05-08,0.01,34.35,23.97,0.85,66.81,0.6,7.45,Assam_Dhubri
2022-05-09,0.68,32.97,24.18,1.88,73.21,0.59,6.45,Assam_Dhubri
2022-05-10,2.68,31.23,23.41,1.84,79.2,0.58,5.69,Assam_Dhubri
2022-05-11,4.64,32.98,24.66,2.65,79.96,0.58,6.05,Assam_Dhubri
2022-05-12,37.72,32.18,25.7,2.62,83.53,0.6,4.03,Assam_Dhubri
2022-05-13,45.9,32.13,25.95,2.86,86.13,0.67,4.11,Assam_Dhubri
2022-05-14,26.97,32.78,26.07,2.58,84.1,0.68,5.06,Assam_Dhubri
2022-05-15,44.37,32.76,26.88,2.85,85.8,0.73,4.23,Assam_Dhubri
2022-05-16,49.72,31.31,26.56,2.29,86.35,0.76,2.88,Assam_Dhubri
2022-05-17,46.64,30.58,26.14,2.77,88.0,0.81,2.54,Assam_Dhubri
2022-05-18,32.0,30.95,25.62,3.02,88.85,0.82,3.0,Assam_Dhubri
2022-05-19,39.72,31.79,25.53,2.57,86.65,0.85,3.28,Assam_Dhubri
2022-05-20,58.64,30.99,25.72,1.9,86.4,0.87,2.76,Assam_Dhubri
2022-05-21,19.36,31.54,25.14,1.9,85.13,0.89,3.81,Assam_Dhubri
2022-05-22,5.6,31.71,25.22,1.44,81.48,0.87,3.91,Assam_Dhubri
2022-05-23,4.57,31.58,24.61,1.09,80.55,0.86,4.49,Assam_Dhubri
2022-05-24,0.74,33.25,24.5,0.81,74.24,0.85,6.37,Assam_Dhubri
2022-05-25,0.77,31.81,26.32,1.2,75.06,0.84,3.53,Assam_Dhubri
2022-05-26,9.23,31.41,24.95,2.27,80.62,0.84,4.71,Assam_Dhubri
2022-05-27,0.75,32.12,23.37,1.67,78.09,0.83,5.36,Assam_Dhubri
2022-05-28,0.39,32.22,25.03,1.28,71.92,0.82,6.22,Assam_Dhubri
2022-05-29,2.49,32.42,24.31,1.32,81.02,0.82,5.86,Assam_Dhubri
2022-05-30,1.79,32.33,25.22,1.4,81.74,0.81,5.5,Assam_Dhubri
2022-05-31,2.33,32.07,25.95,1.56,82.29,0.8,5.32,Assam_Dhubri
2022-06-01,1.43,33.08,24.89,1.52,81.73,0.79,6.3,Assam_Dhubri
2022-06-02,6.97,31.16,25.68,2.1,85.65,0.79,4.49,Assam_Dhubri
2022-06-03,15.16,31.71,25.57,2.83,85.6,0.8,4.22,Assam_Dhubri
2022-06-04,37.38,31.69,25.77,2.82,86.05,0.82,3.64,Assam_Dhubri
2022-06-05,46.05,31.24,24.78,2.53,86.4,0.85,3.27,Assam_Dhubri
2022-06-06,27.48,31.58,25.31,2.45,86.29,0.87,3.94,Assam_Dhubri
2022-06-07,22.94,31.64,25.86,2.24,85.64,0.87,3.44,Assam_Dhubri
2022-06-08,25.0,31.19,26.25,2.19,88.11,0.88,2.4,Assam_Dhubri
2022-06-09,17.41,30.63,26.56,2.56,89.92,0.89,1.96,Assam_Dhubri
2022-06-10,29.71,29.47,24.95,2.84,90.85,0.9,1.4,Assam_Dhubri
2022-06-11,5.03,31.9,23.86,2.16,86.43,0.89,4.07,Assam_Dhubri
2022-06-12,89.11,31.35,25.98,2.86,88.88,0.94,2.32,Assam_Dhubri
2022-06-13,45.0,31.55,26.48,2.7,89.43,0.96,2.13,Assam_Dhubri
2022-06-14,71.68,32.06,26.59,2.44,87.63,0.97,2.81,Assam_Dhubri
2022-06-15,59.53,29.84,26.65,3.77,92.49,1.0,0.94,Assam_Dhubri
2022-06-16,64.91,29.56,26.06,4.21,92.36,1.0,0.78,Assam_Dhubri
2022-06-17,40.0,28.7,25.98,4.51,92.92,1.0,0.73,Assam_Dhubri
2022-06-18,30.15,30.79,25.78,4.18,90.48,1.0,1.66,Assam_Dhubri
2022-06-19,29.08,30.9,25.65,3.38,89.03,0.99,2.25,Assam_Dhubri
2022-06-20,18.74,30.94,25.52,2.49,88.2,0.99,2.15,Assam_Dhubri
2022-06-21,3.29,31.18,25.45,1.95,86.14,0.98,2.82,Assam_Dhubri
2022-06-22,1.75,31.96,25.41,1.68,85.5,0.98,3.59,Assam_Dhubri
2022-06-23,3.69,31.73,25.32,2.36,86.3,0.97,3.43,Assam_Dhubri
2022-06-24,3.27,32.11,25.89,1.65,86.6,0.96,3.42,Assam_Dhubri
2022-06-25,0.57,33.08,25.76,1.48,83.23,0.95,4.73,Assam_Dhubri
2022-06-26,9.58,31.7,25.95,2.16,86.7,0.95,3.4,Assam_Dhubri
2022-06-27,18.37,30.59,26.56,2.92,88.71,0.95,2.71,Assam_Dhubri
2022-06-28,41.76,28.76,25.88,3.43,91.64,0.97,1.32,Assam_Dhubri
2022-06-29,35.35,28.83,25.4,2.08,84.67,0.98,1.51,Assam_Dhubri
2022-06-30,7.33,30.95,24.15,1.34,81.38,0.97,2.89,Assam_Dhubri
2022-07-01,5.08,31.61,25.7,1.21,84.59,0.96,3.15,Assam_Dhubri
2022-07-02,3.99,31.85,26.77,1.5,86.15,0.96,2.68,Assam_Dhubri
2022-07-03,1.48,32.45,26.2,1.52,84.69,0.95,3.79,Assam_Dhubri
2022-07-04,0.09,32.29,26.54,1.65,86.12,0.94,3.17,Assam_Dhubri
2022-07-05,0.33,32.01,26.5,1.57,84.54,0.93,4.18,Assam_Dhubri
2022-07-06,1.04,31.69,26.56,1.61,86.46,0.93,2.47,Assam_Dhubri
2022-07-07,0.04,33.02,25.39,2.1,84.2,0.92,5.07,Assam_Dhubri
2022-07-08,0.52,31.94,26.3,2.22,86.71,0.91,3.45,Assam_Dhubri
2022-07-09,0.17,33.4,25.89,1.59,82.15,0.9,5.16,Assam_Dhubri
2022-07-10,1.34,33.53,25.77,1.64,82.8,0.89,5.4,Assam_Dhubri
2022-07-11,6.02,32.01,26.42,1.66,85.02,0.88,3.67,Assam_Dhubri
2022-07-12,0.62,33.77,26.05,1.25,79.79,0.88,5.58,Assam_Dhubri
2022-07-13,0.41,33.99,27.88,1.05,81.51,0.87,3.69,Assam_Dhubri
2022-07-14,0.08,35.46,27.88,1.33,80.84,0.86,4.75,Assam_Dhubri
2022-07-15,1.12,32.64,27.63,1.21,84.49,0.85,2.16,Assam_Dhubri
2022-07-16,0.47,34.4,27.33,1.69,83.21,0.85,5.66,Assam_Dhubri
2022-07-17,2.04,33.44,27.05,1.89,82.69,0.84,5.4,Assam_Dhubri
2022-07-18,1.39,32.4,26.96,2.63,84.65,0.83,5.35,Assam_Dhubri
2022-07-19,14.96,31.24,26.71,2.43,88.19,0.84,2.13,Assam_Dhubri
2022-07-20,7.86,31.77,26.8,1.82,87.95,0.84,2.56,Assam_Dhubri
2022-07-21,7.09,31.48,26.6,1.35,86.5,0.84,2.67,Assam_Dhubri
2022-07-22,7.08,30.87,26.53,1.58,88.33,0.84,2.17,Assam_Dhubri
2022-07-23,13.09,31.51,26.34,1.41,85.54,0.84,2.51,Assam_Dhubri
2022-07-24,14.98,30.29,26.08,1.94,88.29,0.86,1.95,Assam_Dhubri
2022-07-25,17.0,30.84,25.28,1.85,85.34,0.86,3.61,Assam_Dhubri
2022-07-26,9.68,31.26,25.16,2.31,86.36,0.86,4.17,Assam_Dhubri
2022-07-27,9.93,31.24,25.36,2.19,86.62,0.86,3.49,Assam_Dhubri
2022-07-28,9.65,31.86,26.08,2.55,86.93,0.86,3.82,Assam_Dhubri
2022-07-29,4.65,31.43,26.12,2.32,87.87,0.86,3.0,Assam_Dhubri
2022-07-30,9.85,30.52,26.55,2.17,89.59,0.86,1.76,Assam_Dhubri
2022-07-31,48.08,29.49,26.7,2.88,92.42,0.89,1.26,Assam_Dhubri
2022-08-01,16.54,30.44,26.5,2.11,89.71,0.91,1.9,Assam_Dhubri
2022-08-02,4.25,32.73,25.68,1.46,82.81,0.9,4.5,Assam_Dhubri
2022-08-03,4.17,31.28,26.36,1.5,85.62,0.89,2.81,Assam_Dhubri
2022-08-04,13.43,29.63,25.51,1.31,86.09,0.9,2.04,Assam_Dhubri
2022-08-05,12.27,33.18,26.17,1.29,81.16,0.89,4.65,Assam_Dhubri
2022-08-06,8.45,29.98,26.97,1.3,88.75,0.9,1.41,Assam_Dhubri
2022-08-07,16.17,33.62,26.1,0.45,78.4,0.9,4.99,Assam_Dhubri
2022-08-08,4.04,33.83,27.37,1.79,83.67,0.9,4.49,Assam_Dhubri
2022-08-09,2.96,33.52,26.44,1.88,84.23,0.89,4.54,Assam_Dhubri
2022-08-10,0.85,30.83,26.02,2.08,86.56,0.88,2.77,Assam_Dhubri
2022-08-11,0.01,33.67,26.25,1.98,80.86,0.87,5.96,Assam_Dhubri
2022-08-12,0.08,32.84,25.83,1.37,81.03,0.86,4.53,Assam_Dhubri
2022-08-13,12.91,34.47,26.67,1.66,83.67,0.86,4.65,Assam_Dhubri
2022-08-14,13.95,32.91,26.44,2.09,84.42,0.87,4.2,Assam_Dhubri
2022-08-15,1.66,32.91,25.41,1.6,81.22,0.86,6.05,Assam_Dhubri
2022-08-16,0.43,32.67,26.02,2.26,84.66,0.85,5.5,Assam_Dhubri
2022-08-17,0.05,33.26,26.29,2.06,83.7,0.84,5.49,Assam_Dhubri
2022-08-18,1.33,34.14,27.26,1.02,80.12,0.83,5.37,Assam_Dhubri
2022-08-19,15.32,32.91,27.64,1.92,84.12,0.84,3.64,Assam_Dhubri
2022-08-20,3.6,33.46,26.27,1.73,81.21,0.83,5.67,Assam_Dhubri
2022-08-21,1.55,31.66,25.36,1.31,82.44,0.83,4.01,Assam_Dhubri
2022-08-22,0.37,33.47,25.85,1.57,83.92,0.82,5.84,Assam_Dhubri
2022-08-23,5.16,31.16,26.8,1.12,86.97,0.81,1.47,Assam_Dhubri
2022-08-24,7.74,32.6,26.18,1.65,84.0,0.82,5.11,Assam_Dhubri
2022-08-25,0.11,32.7,25.6,1.74,82.01,0.81,6.5,Assam_Dhubri
2022-08-26,0.02,33.41,25.37,1.79,82.37,0.8,6.22,Assam_Dhubri
2022-08-27,9.93,31.93,26.23,2.55,86.35,0.79,4.56,Assam_Dhubri
2022-08-28,24.09,32.13,26.08,2.15,84.91,0.82,4.76,Assam_Dhubri
2022-08-29,18.17,31.35,26.04,2.22,87.22,0.83,3.96,Assam_Dhubri
2022-08-30,20.55,31.05,25.75,2.92,87.31,0.84,3.84,Assam_Dhubri
2022-08-31,14.53,31.86,24.76,2.52,87.31,0.84,3.93,Assam_Dhubri
2022-09-01,18.36,30.03,24.94,3.41,88.88,0.85,3.64,Assam_Dhubri
2022-09-02,17.48,30.94,24.98,2.94,90.63,0.86,2.79,Assam_Dhubri
2022-09-03,7.73,31.46,26.51,2.95,89.17,0.86,3.9,Assam_Dhubri
2022-09-04,21.59,30.57,26.69,2.4,91.14,0.87,2.16,Assam_Dhubri
2022-09-05,7.0,29.44,26.14,2.22,91.52,0.87,1.76,Assam_Dhubri
2022-09-06,1.73,30.26,25.92,1.51,90.88,0.87,1.77,Assam_Dhubri
2022-09-07,0.18,31.0,25.22,1.14,87.16,0.86,3.1,Assam_Dhubri
2022-09-08,1.37,29.26,25.83,2.05,91.68,0.86,1.62,Assam_Dhubri
2022-09-09,1.09,30.2,25.47,3.2,87.6,0.85,3.18,Assam_Dhubri
2022-09-10,1.26,32.21,24.72,2.19,84.29,0.85,5.13,Assam_Dhubri
2022-09-11,5.51,28.85,25.76,1.3,90.13,0.84,1.74,Assam_Dhubri
2022-09-12,7.8,29.32,24.34,1.55,88.81,0.85,2.32,Assam_Dhubri
2022-09-13,24.37,29.34,25.09,1.35,92.16,0.86,0.79,Assam_Dhubri
2022-09-14,13.53,29.69,24.88,1.45,89.03,0.87,2.64,Assam_Dhubri
2022-09-15,10.97,30.39,24.43,1.5,89.3,0.87,3.42,Assam_Dhubri
2022-09-16,12.62,29.31,25.11,2.4,91.73,0.88,2.08,Assam_Dhubri
2022-09-17,2.4,31.93,25.51,1.99,87.37,0.88,4.42,Assam_Dhubri
2022-09-18,3.5,33.26,25.09,0.84,81.76,0.87,6.34,Assam_Dhubri
2022-09-19,7.38,30.89,26.45,1.27,89.43,0.87,1.4,Assam_Dhubri
2022-09-20,1.52,30.75,25.65,1.37,87.87,0.87,2.91,Assam_Dhubri
2022-09-21,0.15,31.92,25.17,1.86,86.26,0.86,5.79,Assam_Dhubri
2022-09-22,1.48,31.37,25.63,2.2,87.25,0.85,4.59,Assam_Dhubri
2022-09-23,3.83,28.55,25.91,2.2,92.42,0.85,1.18,Assam_Dhubri
2022-09-24,18.09,29.54,25.14,2.3,89.8,0.86,2.74,Assam_Dhubri
2022-09-25,5.76,29.08,24.76,1.41,88.2,0.86,1.68,Assam_Dhubri
2022-09-26,0.95,30.52,24.07,0.96,84.34,0.86,4.35,Assam_Dhubri
2022-09-27,1.11,30.25,25.06,1.16,86.95,0.85,2.98,Assam_Dhubri
2022-09-28,2.65,30.69,25.11,1.65,88.76,0.85,3.76,Assam_Dhubri
2022-09-29,4.96,32.04,25.14,0.84,82.76,0.85,2.34,Assam_Dhubri
2022-09-30,0.03,33.17,24.96,0.82,79.47,0.85,6.65,Assam_Dhubri
2022-10-01,0.22,32.64,25.15,1.0,80.67,0.84,6.54,Assam_Dhubri
2022-10-02,1.5,32.36,26.47,0.91,80.13,0.83,2.25,Assam_Dhubri
2022-10-03,12.46,28.92,25.81,1.73,91.03,0.84,1.81,Assam_Dhubri
2022-10-04,3.04,31.48,25.12,1.46,85.91,0.84,4.97,Assam_Dhubri
2022-10-05,9.95,30.05,24.9,1.73,89.34,0.84,3.02,Assam_Dhubri
2022-10-06,5.65,30.6,24.44,1.71,88.18,0.84,3.81,Assam_Dhubri
2022-10-07,2.07,30.26,25.26,2.69,88.57,0.84,4.37,Assam_Dhubri
2022-10-08,5.82,30.18,24.75,2.57,89.39,0.83,4.06,Assam_Dhubri
2022-10-09,19.16,29.08,25.46,2.77,91.88,0.84,1.98,Assam_Dhubri
2022-10-10,26.54,29.47,25.13,2.79,91.81,0.86,2.14,Assam_Dhubri
2022-10-11,15.64,29.01,25.2,2.45,93.57,0.88,1.57,Assam_Dhubri
2022-10-12,33.24,27.5,24.56,2.34,93.76,0.89,0.99,Assam_Dhubri
2022-10-13,32.7,29.32,23.93,1.01,87.17,0.92,2.93,Assam_Dhubri
2022-10-14,0.73,29.66,23.09,1.48,87.21,0.91,5.01,Assam_Dhubri
2022-10-15,0.13,30.04,22.09,1.24,83.52,0.9,6.07,Assam_Dhubri
2022-10-16,0.04,30.25,21.67,0.99,83.22,0.89,5.52,Assam_Dhubri
2022-10-17,0.34,30.83,21.73,1.08,80.5,0.88,5.86,Assam_Dhubri
2022-10-18,0.0,30.44,22.16,0.94,79.42,0.88,6.38,Assam_Dhubri
2022-10-19,0.0,28.33,22.41,1.1,83.57,0.87,4.63,Assam_Dhubri
2022-10-20,0.0,29.42,21.87,1.18,82.82,0.86,5.41,Assam_Dhubri
2022-10-21,0.0,29.19,20.94,2.06,85.25,0.86,5.23,Assam_Dhubri
2022-10-22,0.0,29.65,20.31,2.13,78.15,0.85,5.59,Assam_Dhubri
2022-10-23,0.4,28.47,20.14,2.15,84.09,0.84,3.69,Assam_Dhubri
2022-10-24,29.8,25.01,19.66,4.17,90.6,0.85,1.33,Assam_Dhubri
2022-10-25,21.34,24.73,18.85,1.84,87.84,0.88,2.32,Assam_Dhubri
2022-10-26,1.67,27.39,19.4,1.68,85.78,0.88,3.98,Assam_Dhubri
2022-10-27,0.08,27.71,19.05,0.96,77.0,0.87,4.97,Assam_Dhubri
2022-10-28,0.0,27.13,18.16,1.58,86.61,0.86,4.24,Assam_Dhubri
2022-10-29,0.0,27.77,18.83,1.88,85.99,0.85,4.74,Assam_Dhubri
2022-10-30,0.0,28.37,18.89,1.96,84.68,0.85,4.94,Assam_Dhubri
2022-10-31,0.0,28.27,18.95,1.91,85.53,0.84,4.91,Assam_Dhubri
2022-11-01,0.0,27.74,18.59,1.91,81.94,0.83,4.98,Assam_Dhubri
2022-11-02,0.0,27.59,18.93,0.83,75.47,0.83,5.19,Assam_Dhubri
2022-11-03,0.0,27.89,19.21,0.72,81.46,0.82,5.3,Assam_Dhubri
2022-11-04,0.01,27.63,19.04,1.4,87.19,0.82,4.65,Assam_Dhubri
2022-11-05,0.0,28.34,19.84,1.77,83.97,0.81,5.38,Assam_Dhubri
2022-11-06,0.01,27.6,19.39,1.26,82.2,0.8,5.01,Assam_Dhubri
2022-11-07,0.06,27.95,19.45,1.07,78.71,0.8,5.42,Assam_Dhubri
2022-11-08,0.0,28.01,18.58,1.09,76.85,0.79,5.34,Assam_Dhubri
2022-11-09,0.0,27.03,19.23,0.85,78.55,0.79,4.75,Assam_Dhubri
2022-11-10,0.0,26.27,18.5,1.19,82.44,0.78,4.78,Assam_Dhubri
2022-11-11,0.0,26.75,18.0,0.77,79.95,0.78,4.99,Assam_Dhubri
2022-11-12,0.01,27.24,19.12,1.05,82.21,0.77,4.44,Assam_Dhubri
2022-11-13,0.0,25.59,16.46,0.99,78.73,0.77,4.13,Assam_Dhubri
2022-11-14,0.01,25.7,16.35,1.6,84.18,0.77,4.05,Assam_Dhubri
2022-11-15,0.0,26.14,16.75,1.11,81.51,0.76,4.41,Assam_Dhubri
2022-11-16,0.0,25.6,16.84,0.85,82.17,0.76,4.14,Assam_Dhubri
2022-11-17,0.0,26.2,17.19,0.85,78.03,0.75,4.28,Assam_Dhubri
2022-11-18,0.0,25.29,15.86,1.43,83.73,0.75,3.82,Assam_Dhubri
2022-11-19,0.0,25.1,14.76,2.19,81.72,0.74,4.06,Assam_Dhubri
2022-11-20,0.0,26.37,14.72,1.51,73.01,0.74,4.3,Assam_Dhubri
2022-11-21,0.23,25.05,15.07,0.92,71.65,0.73,4.14,Assam_Dhubri
2022-11-22,0.0,24.82,14.96,0.7,83.42,0.73,3.64,Assam_Dhubri
2022-11-23,0.0,25.34,16.42,0.51,84.19,0.73,3.6,Assam_Dhubri
2022-11-24,0.0,25.37,16.0,1.18,86.61,0.72,3.41,Assam_Dhubri
2022-11-25,0.0,26.03,15.34,1.57,82.21,0.72,3.69,Assam_Dhubri
2022-11-26,0.0,25.48,15.76,1.24,78.01,0.71,3.84,Assam_Dhubri
2022-11-27,0.0,25.37,15.44,1.13,74.57,0.71,3.82,Assam_Dhubri
2022-11-28,0.0,25.09,14.9,1.45,81.6,0.71,3.41,Assam_Dhubri
2022-11-29,0.0,25.15,14.6,1.73,77.65,0.7,3.97,Assam_Dhubri
2022-11-30,0.0,25.85,14.75,1.64,80.38,0.7,3.33,Assam_Dhubri
2022-12-01,0.0,25.4,15.6,1.17,81.86,0.7,3.1,Assam_Dhubri
2022-12-02,0.0,25.33,15.66,0.91,83.37,0.69,3.07,Assam_Dhubri
2022-12-03,0.0,25.63,15.36,0.62,81.93,0.69,3.13,Assam_Dhubri
2022-12-04,0.0,25.38,15.92,0.85,85.28,0.68,3.17,Assam_Dhubri
2022-12-05,0.0,25.25,15.59,1.14,81.6,0.68,3.05,Assam_Dhubri
2022-12-06,0.0,25.08,15.43,0.67,81.54,0.68,2.94,Assam_Dhubri
2022-12-07,0.0,25.28,14.44,0.87,82.69,0.68,2.8,Assam_Dhubri
2022-12-08,0.0,24.5,14.96,1.2,84.36,0.67,2.66,Assam_Dhubri
2022-12-09,0.0,24.25,14.41,1.34,79.96,0.67,2.75,Assam_Dhubri
2022-12-10,0.0,24.78,15.4,0.92,80.54,0.67,2.71,Assam_Dhubri
2022-12-11,0.0,25.08,15.86,0.97,82.13,0.66,2.66,Assam_Dhubri
2022-12-12,0.0,24.45,14.31,0.91,79.92,0.66,2.21,Assam_Dhubri
2022-12-13,0.0,24.23,14.73,1.0,79.82,0.66,2.23,Assam_Dhubri
2022-12-14,0.0,24.02,14.51,0.85,79.26,0.66,1.97,Assam_Dhubri
2022-12-15,0.0,23.85,14.69,1.44,81.28,0.65,2.07,Assam_Dhubri
2022-12-16,0.0,23.33,13.41,1.26,77.76,0.65,1.83,Assam_Dhubri
2022-12-17,0.0,23.84,13.54,1.59,85.53,0.65,1.79,Assam_Dhubri
2022-12-18,0.0,23.83,13.72,1.64,82.01,0.65,2.31,Assam_Dhubri
2022-12-19,0.0,24.82,14.85,1.17,77.75,0.64,2.39,Assam_Dhubri
2022-12-20,0.0,25.02,15.32,0.99,81.45,0.64,2.34,Assam_Dhubri
2022-12-21,0.0,24.24,14.1,1.11,79.3,0.64,2.0,Assam_Dhubri
2022-12-22,0.0,24.32,13.38,1.47,80.71,0.63,2.05,Assam_Dhubri
2022-12-23,0.0,23.39,11.76,0.95,69.99,0.63,1.89,Assam_Dhubri
2022-12-24,0.0,23.5,12.26,1.08,74.24,0.63,1.86,Assam_Dhubri
2022-12-25,0.0,23.44,13.98,1.77,77.67,0.63,1.61,Assam_Dhubri
2022-12-26,0.21,23.25,13.78,1.62,84.29,0.62,1.37,Assam_Dhubri
2022-12-27,0.24,22.02,13.23,2.23,79.13,0.62,1.5,Assam_Dhubri
2022-12-28,0.01,20.36,10.45,0.99,74.76,0.62,1.64,Assam_Dhubri
2022-12-29,0.01,19.96,10.46,1.55,86.48,0.62,1.14,Assam_Dhubri
2022-12-30,0.0,21.65,10.98,1.27,79.15,0.62,1.6,Assam_Dhubri
2022-12-31,0.0,21.46,11.56,1.02,79.72,0.61,1.37,Assam_Dhubri
2023-01-01,0.0,20.69,12.13,1.03,82.41,0.61,1.25,Assam_Dhubri
2023-01-02,0.0,21.36,11.43,1.19,86.6,0.61,1.46,Assam_Dhubri
2023-01-03,0.0,21.46,11.66,1.04,84.44,0.61,1.54,Assam_Dhubri
2023-01-04,0.0,21.34,11.53,0.69,83.05,0.61,1.56,Assam_Dhubri
2023-01-05,0.0,21.83,10.38,0.95,79.49,0.6,1.55,Assam_Dhubri
2023-01-06,0.0,21.93,9.98,1.01,78.9,0.6,1.67,Assam_Dhubri
2023-01-07,0.0,23.08,10.32,0.9,74.9,0.6,1.87,Assam_Dhubri
2023-01-08,0.0,23.21,9.94,1.02,81.12,0.6,1.72,Assam_Dhubri
2023-01-09,0.0,22.99,10.62,1.02,80.39,0.59,1.68,Assam_Dhubri
2023-01-10,0.0,23.74,11.39,0.68,77.56,0.59,1.74,Assam_Dhubri
2023-01-11,0.0,22.59,11.21,0.66,74.49,0.59,1.68,Assam_Dhubri
2023-01-12,0.0,23.23,10.92,1.0,73.76,0.59,1.65,Assam_Dhubri
2023-01-13,0.0,22.32,10.55,1.81,70.32,0.59,1.37,Assam_Dhubri
2023-01-14,0.0,22.68,10.85,1.77,75.14,0.58,1.34,Assam_Dhubri
2023-01-15,0.0,22.08,11.77,1.72,77.4,0.58,1.41,Assam_Dhubri
2023-01-16,0.0,20.65,10.12,1.7,68.14,0.58,1.44,Assam_Dhubri
2023-01-17,0.0,19.53,9.05,0.91,56.26,0.58,1.33,Assam_Dhubri
2023-01-18,0.0,19.46,8.75,0.83,56.24,0.57,1.24,Assam_Dhubri
2023-01-19,0.0,19.75,8.28,0.9,69.36,0.57,1.08,Assam_Dhubri
2023-01-20,0.0,20.64,9.27,1.03,74.25,0.57,1.16,Assam_Dhubri
2023-01-21,0.0,22.63,10.31,1.04,70.02,0.57,1.41,Assam_Dhubri
2023-01-22,0.0,22.46,10.81,0.98,68.32,0.57,1.38,Assam_Dhubri
2023-01-23,0.0,23.09,11.61,1.15,73.08,0.56,1.44,Assam_Dhubri
2023-01-24,0.0,23.7,11.8,1.34,80.03,0.56,1.43,Assam_Dhubri
2023-01-25,0.0,25.24,12.67,1.38,75.45,0.56,1.72,Assam_Dhubri
2023-01-26,0.0,25.93,14.84,1.3,74.07,0.56,1.67,Assam_Dhubri
2023-01-27,0.0,25.62,14.52,1.43,77.48,0.55,1.62,Assam_Dhubri
2023-01-28,0.0,25.49,14.19,1.28,75.43,0.55,1.66,Assam_Dhubri
2023-01-29,0.0,24.83,13.39,1.14,82.43,0.55,1.32,Assam_Dhubri
2023-01-30,0.0,26.55,14.49,1.1,78.95,0.55,1.79,Assam_Dhubri
2023-01-31,0.0,26.46,16.04,1.32,71.71,0.54,1.72,Assam_Dhubri
2023-02-01,0.0,25.45,13.66,1.69,68.05,0.54,1.6,Assam_Dhubri
2023-02-02,0.0,24.57,10.41,1.07,67.9,0.54,1.73,Assam_Dhubri
2023-02-03,0.0,24.94,12.61,0.83,69.73,0.54,1.61,Assam_Dhubri
2023-02-04,0.0,25.13,12.88,1.1,70.05,0.54,1.54,Assam_Dhubri
2023-02-05,0.0,24.89,13.28,1.12,61.94,0.53,1.39,Assam_Dhubri
2023-02-06,0.0,24.93,13.16,1.44,60.61,0.53,1.38,Assam_Dhubri
2023-02-07,0.0,25.02,13.57,1.6,57.71,0.53,1.66,Assam_Dhubri
2023-02-08,0.01,25.93,13.01,1.48,60.99,0.53,1.64,Assam_Dhubri
2023-02-09,0.06,24.21,13.46,1.64,75.78,0.52,1.29,Assam_Dhubri
2023-02-10,0.0,24.59,13.4,1.28,69.68,0.52,1.47,Assam_Dhubri
2023-02-11,0.0,25.9,12.45,1.63,57.13,0.52,1.69,Assam_Dhubri
2023-02-12,0.0,27.07,13.16,2.34,56.45,0.52,1.89,Assam_Dhubri
2023-02-13,0.0,25.03,9.71,1.82,48.9,0.51,1.69,Assam_Dhubri
2023-02-14,0.0,25.29,10.91,1.44,56.53,0.51,1.63,Assam_Dhubri
2023-02-15,0.0,25.38,13.14,1.02,61.56,0.51,1.49,Assam_Dhubri
2023-02-16,0.0,27.36,15.15,1.29,66.93,0.5,1.73,Assam_Dhubri
2023-02-17,0.0,28.03,15.85,1.08,61.22,0.5,1.89,Assam_Dhubri
2023-02-18,0.0,28.08,16.14,1.03,55.58,0.5,1.8,Assam_Dhubri
2023-02-19,0.0,27.73,17.1,1.03,58.38,0.5,1.52,Assam_Dhubri
2023-02-20,0.28,28.56,17.64,1.42,62.58,0.49,1.63,Assam_Dhubri
2023-02-21,1.47,28.69,17.26,1.63,67.11,0.49,1.5,Assam_Dhubri
2023-02-22,0.86,30.16,16.6,1.81,67.24,0.49,1.97,Assam_Dhubri
2023-02-23,0.04,29.53,15.83,1.81,53.19,0.49,1.93,Assam_Dhubri
2023-02-24,0.44,29.55,14.9,1.56,54.44,0.49,1.92,Assam_Dhubri
2023-02-25,0.0,27.94,15.45,2.24,66.6,0.48,1.76,Assam_Dhubri
2023-02-26,0.0,28.88,15.49,1.63,63.28,0.48,1.88,Assam_Dhubri
2023-02-27,0.01,28.82,16.09,1.27,57.37,0.48,1.87,Assam_Dhubri
2023-02-28,0.0,27.78,15.29,1.67,62.77,0.47,1.68,Assam_Dhubri
2023-03-01,0.0,27.7,15.66,1.89,67.44,0.47,1.61,Assam_Dhubri
2023-03-02,0.0,29.54,16.66,1.17,63.05,0.47,1.69,Assam_Dhubri
2023-03-03,0.0,29.1,17.25,1.39,65.38,0.47,1.54,Assam_Dhubri
2023-03-04,0.0,30.37,17.86,1.54,64.93,0.46,1.65,Assam_Dhubri
2023-03-05,0.18,31.12,18.59,1.22,61.83,0.46,1.69,Assam_Dhubri
2023-03-06,0.01,32.08,18.0,2.03,50.48,0.46,2.19,Assam_Dhubri
2023-03-07,0.02,31.4,16.36,1.38,43.44,0.46,1.92,Assam_Dhubri
2023-03-08,0.0,30.42,16.51,1.31,50.7,0.45,1.87,Assam_Dhubri
2023-03-09,0.0,31.95,19.17,1.43,49.99,0.45,1.89,Assam_Dhubri
2023-03-10,0.0,29.82,17.22,0.93,47.49,0.45,1.27,Assam_Dhubri
2023-03-11,0.0,33.01,17.7,0.9,47.58,0.45,1.94,Assam_Dhubri
2023-03-12,0.03,33.07,19.23,1.25,49.08,0.44,2.0,Assam_Dhubri
2023-03-13,0.0,32.97,18.41,0.91,52.41,0.44,1.88,Assam_Dhubri
2023-03-14,0.12,32.4,19.63,1.41,50.05,0.44,1.63,Assam_Dhubri
2023-03-15,0.89,31.97,19.34,1.16,52.66,0.44,1.56,Assam_Dhubri
2023-03-16,13.61,30.44,18.41,1.44,65.47,0.46,1.62,Assam_Dhubri
2023-03-17,2.12,28.53,19.82,1.01,66.52,0.46,1.33,Assam_Dhubri
2023-03-18,4.38,29.11,20.06,1.01,64.08,0.46,1.3,Assam_Dhubri
2023-03-19,36.06,26.68,20.22,1.47,77.84,0.48,0.71,Assam_Dhubri
2023-03-20,23.04,25.85,19.34,1.52,83.07,0.54,1.35,Assam_Dhubri
2023-03-21,23.25,26.54,19.13,1.04,74.43,0.57,2.33,Assam_Dhubri
2023-03-22,0.94,27.28,17.67,2.46,71.12,0.56,3.28,Assam_Dhubri
2023-03-23,0.28,28.4,16.08,2.35,65.2,0.55,3.71,Assam_Dhubri
2023-03-24,0.72,29.32,16.13,1.55,66.67,0.54,3.42,Assam_Dhubri
2023-03-25,2.78,30.01,17.94,1.51,70.95,0.53,3.14,Assam_Dhubri
2023-03-26,0.1,31.87,18.63,2.19,68.2,0.53,3.52,Assam_Dhubri
2023-03-27,0.02,32.46,18.15,2.43,61.46,0.52,3.69,Assam_Dhubri
2023-03-28,0.62,32.78,19.02,2.35,61.2,0.51,3.51,Assam_Dhubri
2023-03-29,0.9,31.92,18.45,1.78,59.75,0.51,3.22,Assam_Dhubri
2023-03-30,1.74,30.02,19.28,1.77,71.25,0.51,2.8,Assam_Dhubri
2023-03-31,6.97,29.41,18.95,1.35,75.4,0.51,2.08,Assam_Dhubri
2023-04-01,9.33,27.85,20.26,1.15,74.45,0.52,1.61,Assam_Dhubri
2023-04-02,30.22,26.54,18.29,2.0,79.08,0.56,2.78,Assam_Dhubri
2023-04-03,0.67,30.65,18.04,2.23,67.68,0.56,4.66,Assam_Dhubri
2023-04-04,1.76,31.92,19.26,2.27,66.2,0.55,4.48,Assam_Dhubri
2023-04-05,0.58,32.91,19.68,2.1,63.16,0.54,4.5,Assam_Dhubri
2023-04-06,0.02,32.73,18.26,2.03,60.6,0.53,4.24,Assam_Dhubri
2023-04-07,0.07,33.8,18.3,1.45,53.04,0.52,4.18,Assam_Dhubri
2023-04-08,0.0,34.34,19.15,1.17,51.22,0.52,4.12,Assam_Dhubri
2023-04-09,0.0,34.17,19.67,1.7,51.94,0.51,3.5,Assam_Dhubri
2023-04-10,0.01,35.21,19.41,2.6,50.47,0.5,4.25,Assam_Dhubri
2023-04-11,0.07,35.29,18.41,1.82,43.59,0.5,3.78,Assam_Dhubri
2023-04-12,0.0,35.29,20.51,1.29,39.26,0.49,3.57,Assam_Dhubri
2023-04-13,0.0,36.28,21.22,1.22,42.68,0.48,3.39,Assam_Dhubri
2023-04-14,0.0,37.62,21.95,1.34,47.22,0.48,3.27,Assam_Dhubri
2023-04-15,0.0,36.71,23.63,1.12,48.55,0.48,2.69,Assam_Dhubri
2023-04-16,0.0,36.79,24.13,1.51,47.99,0.47,2.39,Assam_Dhubri
2023-04-17,0.06,38.68,22.59,2.15,46.83,0.47,3.28,Assam_Dhubri
2023-04-18,0.17,38.28,23.28,2.2,62.24,0.46,2.63,Assam_Dhubri
2023-04-19,0.31,38.82,23.67,2.38,57.64,0.46,2.74,Assam_Dhubri
2023-04-20,0.74,37.66,23.98,2.2,61.17,0.46,2.38,Assam_Dhubri
2023-04-21,6.6,36.21,23.79,1.82,61.82,0.46,2.12,Assam_Dhubri
2023-04-22,3.58,35.14,23.39,1.6,60.49,0.46,2.6,Assam_Dhubri
2023-04-23,6.15,30.19,21.97,1.88,64.93,0.47,1.5,Assam_Dhubri
2023-04-24,0.02,33.01,19.87,1.62,60.52,0.46,2.88,Assam_Dhubri
2023-04-25,0.11,33.82,21.99,1.11,56.52,0.46,2.77,Assam_Dhubri
2023-04-26,0.04,34.86,22.79,1.45,53.93,0.45,2.44,Assam_Dhubri
2023-04-27,0.43,36.15,24.0,1.43,51.88,0.45,2.34,Assam_Dhubri
2023-04-28,0.45,34.05,22.97,2.16,54.58,0.45,1.79,Assam_Dhubri
2023-04-29,2.63,35.52,23.03,1.64,57.5,0.44,1.75,Assam_Dhubri
2023-04-30,5.84,32.6,24.41,1.3,65.48,0.45,1.22,Assam_Dhubri
2023-05-01,2.35,31.68,22.83,1.74,66.03,0.45,1.43,Assam_Dhubri
2023-05-02,2.59,33.05,22.43,2.25,61.02,0.45,1.99,Assam_Dhubri
2023-05-03,2.65,34.81,23.91,1.62,55.63,0.45,2.17,Assam_Dhubri
2023-05-04,12.9,32.18,24.05,1.9,72.07,0.46,1.81,Assam_Dhubri
2023-05-05,3.56,33.35,24.17,2.5,67.16,0.47,2.74,Assam_Dhubri
2023-05-06,0.05,36.67,22.58,3.02,54.51,0.46,3.14,Assam_Dhubri
2023-05-07,0.12,36.66,22.86,2.22,56.72,0.45,2.44,Assam_Dhubri
2023-05-08,0.0,38.12,22.94,1.71,48.92,0.45,2.28,Assam_Dhubri
2023-05-09,0.17,38.82,23.53,1.9,42.94,0.44,2.05,Assam_Dhubri
2023-05-10,0.06,39.74,22.49,1.99,40.28,0.43,1.81,Assam_Dhubri
2023-05-11,3.23,38.27,22.24,1.48,50.38,0.43,1.55,Assam_Dhubri
2023-05-12,2.06,36.49,24.27,1.64,52.96,0.43,1.51,Assam_Dhubri
2023-05-13,0.0,38.59,24.16,2.32,47.79,0.43,1.47,Assam_Dhubri
2023-05-14,0.02,38.72,24.83,3.06,46.22,0.43,1.35,Assam_Dhubri
2023-05-15,0.69,36.41,23.78,2.82,50.44,0.42,1.17,Assam_Dhubri
2023-05-16,16.44,33.68,24.82,1.86,66.56,0.43,1.13,Assam_Dhubri
2023-05-17,33.74,32.64,25.08,1.57,77.07,0.48,2.48,Assam_Dhubri
2023-05-18,10.55,31.27,24.71,1.04,78.51,0.5,2.18,Assam_Dhubri
2023-05-19,11.01,32.01,24.99,2.5,79.41,0.51,3.28,Assam_Dhubri
2023-05-20,10.74,33.62,25.19,1.95,75.57,0.51,3.91,Assam_Dhubri
2023-05-21,18.9,32.82,24.17,1.72,77.49,0.53,4.12,Assam_Dhubri
2023-05-22,6.1,33.03,24.94,1.84,77.84,0.53,4.16,Assam_Dhubri
2023-05-23,11.21,32.86,24.23,1.69,76.98,0.53,3.93,Assam_Dhubri
2023-05-24,8.44,32.35,24.75,1.34,77.31,0.54,3.99,Assam_Dhubri
2023-05-25,10.64,32.4,23.83,1.93,77.23,0.54,4.56,Assam_Dhubri
2023-05-26,20.5,31.89,25.02,1.68,80.61,0.56,3.76,Assam_Dhubri
2023-05-27,14.97,31.89,24.35,1.46,76.38,0.57,5.1,Assam_Dhubri
2023-05-28,0.6,33.22,25.92,0.63,64.25,0.56,7.14,Assam_Dhubri
2023-05-29,0.0,34.82,25.38,0.62,61.57,0.55,7.43,Assam_Dhubri
2023-05-30,0.0,36.74,27.88,0.97,56.66,0.54,7.05,Assam_Dhubri
2023-05-31,0.0,37.31,26.7,1.94,62.27,0.53,6.06,Assam_Dhubri
2023-06-01,0.1,37.39,27.58,2.59,65.6,0.52,4.95,Assam_Dhubri
2023-06-02,0.2,37.75,25.71,2.58,58.02,0.51,5.07,Assam_Dhubri
2023-06-03,0.06,37.03,24.97,2.14,68.14,0.5,3.92,Assam_Dhubri
2023-06-04,3.57,36.63,25.93,2.04,68.44,0.5,3.59,Assam_Dhubri
2023-06-05,5.6,35.44,25.42,1.48,71.71,0.5,3.19,Assam_Dhubri
2023-06-06,0.36,37.24,27.01,1.46,64.47,0.5,4.0,Assam_Dhubri
2023-06-07,0.04,38.28,27.39,1.67,63.4,0.49,3.54,Assam_Dhubri
2023-06-08,10.86,35.77,28.04,1.22,67.1,0.49,2.71,Assam_Dhubri
2023-06-09,26.82,34.3,27.92,0.95,70.47,0.53,3.6,Assam_Dhubri
2023-06-10,8.81,35.04,26.87,0.81,67.62,0.53,5.46,Assam_Dhubri
2023-06-11,18.97,33.95,27.24,1.69,73.89,0.55,5.46,Assam_Dhubri
2023-06-12,12.96,32.81,26.59,2.07,83.19,0.56,4.42,Assam_Dhubri
2023-06-13,6.27,34.46,26.28,1.99,76.97,0.55,6.16,Assam_Dhubri
2023-06-14,53.04,33.55,27.41,3.2,84.76,0.6,4.35,Assam_Dhubri
2023-06-15,52.72,35.49,27.3,4.19,85.01,0.67,5.56,Assam_Dhubri
2023-06-16,70.94,34.12,26.96,3.98,86.37,0.73,4.69,Assam_Dhubri
2023-06-17,33.62,33.64,26.76,3.24,86.44,0.75,4.93,Assam_Dhubri
2023-06-18,77.22,31.85,26.82,3.65,88.51,0.8,3.23,Assam_Dhubri
2023-06-19,29.3,32.06,26.55,1.92,85.42,0.82,3.91,Assam_Dhubri
2023-06-20,48.95,31.21,26.55,3.78,88.25,0.83,3.23,Assam_Dhubri
2023-06-21,78.05,31.42,26.47,3.09,88.61,0.88,2.85,Assam_Dhubri
2023-06-22,32.97,28.89,26.13,2.23,92.29,0.9,0.87,Assam_Dhubri
2023-06-23,2.61,32.6,25.66,1.2,83.23,0.88,4.71,Assam_Dhubri
2023-06-24,0.26,33.55,26.21,1.45,81.34,0.86,6.3,Assam_Dhubri
2023-06-25,0.05,33.2,26.21,1.6,81.01,0.84,6.39,Assam_Dhubri
2023-06-26,0.79,32.49,26.09,1.72,82.79,0.83,5.36,Assam_Dhubri
2023-06-27,18.98,31.77,25.64,1.92,85.42,0.83,4.3,Assam_Dhubri
2023-06-28,19.56,32.07,25.62,1.75,86.56,0.85,3.77,Assam_Dhubri
2023-06-29,12.43,31.33,25.81,2.28,88.13,0.85,3.29,Assam_Dhubri
2023-06-30,20.64,30.73,25.99,2.19,89.55,0.86,2.82,Assam_Dhubri
2023-07-01,35.77,31.65,26.3,2.63,87.83,0.87,3.53,Assam_Dhubri
2023-07-02,14.89,32.34,26.36,2.66,89.15,0.88,3.63,Assam_Dhubri
2023-07-03,49.15,30.04,27.11,2.01,92.39,0.89,1.22,Assam_Dhubri
2023-07-04,23.35,31.61,26.52,1.33,85.9,0.91,2.39,Assam_Dhubri
2023-07-05,6.62,32.7,27.31,1.09,81.31,0.9,4.11,Assam_Dhubri
2023-07-06,5.09,32.72,26.28,1.52,86.92,0.89,3.71,Assam_Dhubri
2023-07-07,5.84,31.54,26.44,1.81,87.29,0.88,3.46,Assam_Dhubri
2023-07-08,6.33,33.14,26.7,1.86,84.57,0.88,5.01,Assam_Dhubri
2023-07-09,14.9,32.58,26.41,2.15,84.72,0.88,4.68,Assam_Dhubri
2023-07-10,8.8,33.03,27.12,2.49,86.59,0.88,3.96,Assam_Dhubri
2023-07-11,11.88,32.2,27.49,3.13,87.89,0.88,3.89,Assam_Dhubri
2023-07-12,19.07,30.38,26.31,3.4,88.22,0.88,2.65,Assam_Dhubri
2023-07-13,19.48,31.6,26.55,2.84,87.69,0.89,3.56,Assam_Dhubri
2023-07-14,21.82,31.69,26.41,2.26,85.72,0.89,3.55,Assam_Dhubri
2023-07-15,7.0,32.97,26.04,1.5,81.84,0.89,4.93,Assam_Dhubri
2023-07-16,2.21,32.52,26.75,1.61,83.07,0.88,3.64,Assam_Dhubri
2023-07-17,3.77,31.9,26.6,1.92,85.19,0.88,4.03,Assam_Dhubri
2023-07-18,0.26,34.33,26.39,1.09,76.05,0.87,5.45,Assam_Dhubri
2023-07-19,0.04,34.84,27.41,0.97,80.31,0.86,5.97,Assam_Dhubri
2023-07-20,0.39,34.25,27.82,1.63,82.63,0.85,5.95,Assam_Dhubri
2023-07-21,8.64,32.26,28.05,1.64,85.44,0.85,2.96,Assam_Dhubri
2023-07-22,1.72,32.35,27.04,1.16,84.32,0.85,2.74,Assam_Dhubri
2023-07-23,0.5,33.33,27.42,1.17,79.19,0.84,4.8,Assam_Dhubri
2023-07-24,7.51,32.6,27.0,1.49,83.26,0.83,3.88,Assam_Dhubri
2023-07-25,2.69,33.93,26.85,1.5,81.54,0.84,5.88,Assam_Dhubri
2023-07-26,2.53,33.7,26.23,1.47,82.33,0.83,5.94,Assam_Dhubri
2023-07-27,3.6,33.01,26.8,1.86,83.91,0.82,5.44,Assam_Dhubri
2023-07-28,7.58,32.76,27.36,1.68,84.13,0.82,4.38,Assam_Dhubri
2023-07-29,14.7,33.26,27.01,1.2,81.42,0.82,3.7,Assam_Dhubri
2023-07-30,5.92,34.16,28.33,0.56,75.35,0.83,6.02,Assam_Dhubri
2023-07-31,0.1,33.64,28.97,1.12,78.61,0.81,6.44,Assam_Dhubri
2023-08-01,4.98,34.93,28.02,2.19,83.2,0.81,5.6,Assam_Dhubri
2023-08-02,8.05,34.47,27.21,2.37,81.0,0.8,5.56,Assam_Dhubri
2023-08-03,7.29,31.65,26.51,1.44,85.38,0.81,2.16,Assam_Dhubri
2023-08-04,19.03,32.97,27.47,2.0,86.24,0.82,4.18,Assam_Dhubri
2023-08-05,2.55,32.35,26.45,2.25,85.38,0.81,4.96,Assam_Dhubri
2023-08-06,21.94,30.29,27.02,2.22,90.85,0.82,1.83,Assam_Dhubri
2023-08-07,35.45,32.9,26.92,1.41,87.28,0.84,3.05,Assam_Dhubri
2023-08-08,20.69,31.06,27.13,1.51,90.82,0.87,1.45,Assam_Dhubri
2023-08-09,11.01,32.42,26.93,1.61,87.14,0.86,3.22,Assam_Dhubri
2023-08-10,1.78,33.21,26.53,1.94,86.73,0.85,4.78,Assam_Dhubri
2023-08-11,11.06,31.08,26.73,2.53,88.88,0.85,2.9,Assam_Dhubri
2023-08-12,52.66,31.89,26.87,2.96,90.36,0.87,2.71,Assam_Dhubri
2023-08-13,39.58,30.42,25.9,2.55,89.57,0.92,2.1,Assam_Dhubri
2023-08-14,1.93,32.67,24.86,1.97,83.87,0.9,5.0,Assam_Dhubri
2023-08-15,2.34,32.05,26.29,2.16,86.47,0.89,3.25,Assam_Dhubri
2023-08-16,1.79,33.02,26.62,2.25,86.22,0.88,4.85,Assam_Dhubri
2023-08-17,4.24,34.0,26.82,0.94,80.13,0.87,5.67,Assam_Dhubri
2023-08-18,7.41,33.58,27.5,1.41,83.63,0.87,5.17,Assam_Dhubri
2023-08-19,0.2,32.73,26.89,1.72,85.3,0.86,4.7,Assam_Dhubri
2023-08-20,1.17,32.35,26.81,2.18,85.16,0.85,5.1,Assam_Dhubri
2023-08-21,4.46,31.09,26.6,2.15,88.04,0.85,3.03,Assam_Dhubri
2023-08-22,16.63,32.42,26.14,1.94,86.38,0.85,4.69,Assam_Dhubri
2023-08-23,28.03,29.26,26.28,2.44,91.28,0.87,1.48,Assam_Dhubri
2023-08-24,29.65,30.6,26.46,2.05,88.92,0.89,2.31,Assam_Dhubri
2023-08-25,20.55,31.25,26.11,1.4,86.1,0.9,2.53,Assam_Dhubri
2023-08-26,27.61,30.65,25.38,1.97,89.44,0.9,2.77,Assam_Dhubri
2023-08-27,34.85,30.82,26.37,2.98,91.03,0.93,2.25,Assam_Dhubri
2023-08-28,4.16,31.97,26.64,2.69,87.2,0.92,3.91,Assam_Dhubri
2023-08-29,0.35,32.12,25.68,1.64,82.81,0.91,4.65,Assam_Dhubri
2023-08-30,0.02,33.44,25.78,0.69,76.52,0.9,6.6,Assam_Dhubri
2023-08-31,0.01,33.81,25.94,0.83,76.06,0.89,6.91,Assam_Dhubri
2023-09-01,0.06,33.17,27.28,1.45,80.02,0.88,5.42,Assam_Dhubri
2023-09-02,1.35,33.58,27.14,1.25,78.6,0.87,5.8,Assam_Dhubri
2023-09-03,1.62,33.35,27.63,1.07,78.3,0.86,4.06,Assam_Dhubri
2023-09-04,0.61,33.0,27.66,1.18,82.35,0.86,3.72,Assam_Dhubri
2023-09-05,0.17,34.01,27.15,1.1,77.41,0.85,4.99,Assam_Dhubri
2023-09-06,2.13,34.24,27.06,1.45,76.39,0.85,4.15,Assam_Dhubri
2023-09-07,11.15,31.83,27.02,1.41,85.91,0.85,2.76,Assam_Dhubri
2023-09-08,19.16,29.53,26.58,1.73,91.07,0.87,1.33,Assam_Dhubri
2023-09-09,2.34,31.7,25.9,1.49,84.67,0.86,4.77,Assam_Dhubri
2023-09-10,1.29,32.92,25.69,1.69,84.76,0.85,5.67,Assam_Dhubri
2023-09-11,1.16,32.81,26.51,1.7,86.26,0.84,4.95,Assam_Dhubri
2023-09-12,1.02,33.29,26.2,0.88,76.02,0.84,6.25,Assam_Dhubri
2023-09-13,1.41,32.63,26.63,1.01,77.82,0.83,4.27,Assam_Dhubri
2023-09-14,14.67,33.46,26.27,1.79,83.16,0.83,5.87,Assam_Dhubri
2023-09-15,10.21,32.45,26.29,1.4,83.85,0.84,5.66,Assam_Dhubri
2023-09-16,0.0,33.41,25.67,1.07,82.02,0.83,7.12,Assam_Dhubri
2023-09-17,0.01,33.8,27.75,0.6,75.47,0.82,6.76,Assam_Dhubri
2023-09-18,6.25,32.42,26.71,1.12,81.06,0.82,4.19,Assam_Dhubri
2023-09-19,7.33,29.55,26.19,1.16,85.66,0.82,2.02,Assam_Dhubri
2023-09-20,27.21,29.4,25.77,1.66,89.64,0.83,2.27,Assam_Dhubri
2023-09-21,50.3,29.39,25.64,1.5,88.45,0.88,1.55,Assam_Dhubri
2023-09-22,24.6,28.89,25.21,1.1,89.69,0.9,1.36,Assam_Dhubri
2023-09-23,22.26,30.05,25.04,0.97,87.72,0.9,2.58,Assam_Dhubri
2023-09-24,70.67,28.24,25.91,1.27,92.41,0.94,0.74,Assam_Dhubri
2023-09-25,6.19,30.37,25.36,1.01,85.79,0.94,2.37,Assam_Dhubri
2023-09-26,0.9,30.48,25.61,0.74,85.66,0.93,2.52,Assam_Dhubri
2023-09-27,0.87,31.67,25.74,0.71,82.46,0.93,4.42,Assam_Dhubri
2023-09-28,0.12,30.66,25.65,1.46,87.06,0.92,3.18,Assam_Dhubri
2023-09-29,3.0,29.75,25.9,1.38,88.36,0.91,1.8,Assam_Dhubri
2023-09-30,14.99,29.78,26.06,1.38,88.91,0.92,1.49,Assam_Dhubri
2023-10-01,9.79,29.15,25.64,1.21,90.57,0.93,1.41,Assam_Dhubri
2023-10-02,11.26,32.16,25.78,1.07,87.31,0.93,3.25,Assam_Dhubri
2023-10-03,13.35,29.83,25.91,1.05,89.72,0.93,2.33,Assam_Dhubri
2023-10-04,18.74,28.48,24.5,1.56,89.29,0.93,1.7,Assam_Dhubri
2023-10-05,47.91,27.44,24.08,2.66,92.4,0.95,1.21,Assam_Dhubri
2023-10-06,22.34,27.69,23.91,3.02,93.47,0.96,1.22,Assam_Dhubri
2023-10-07,10.68,29.45,24.42,2.39,93.18,0.96,1.42,Assam_Dhubri
2023-10-08,3.84,30.58,24.68,1.41,87.35,0.96,4.17,Assam_Dhubri
2023-10-09,5.47,30.42,24.77,1.7,85.99,0.95,3.72,Assam_Dhubri
2023-10-10,14.51,30.58,24.21,1.02,82.83,0.95,3.95,Assam_Dhubri
2023-10-11,6.01,30.98,24.07,1.08,83.69,0.95,4.45,Assam_Dhubri
2023-10-12,6.13,30.93,23.69,1.25,82.31,0.95,4.54,Assam_Dhubri
2023-10-13,4.41,30.54,23.71,0.92,77.36,0.94,5.56,Assam_Dhubri
2023-10-14,1.04,29.88,23.52,1.29,77.91,0.93,4.9,Assam_Dhubri
2023-10-15,0.1,29.84,21.79,1.13,77.62,0.93,5.18,Assam_Dhubri
2023-10-16,0.0,29.23,21.51,1.44,80.05,0.92,4.86,Assam_Dhubri
2023-10-17,0.0,29.8,21.17,1.14,79.93,0.91,5.31,Assam_Dhubri
2023-10-18,0.0,29.56,22.63,0.81,78.86,0.91,5.96,Assam_Dhubri
2023-10-19,0.0,28.81,22.34,0.65,81.22,0.9,5.83,Assam_Dhubri
2023-10-20,0.0,28.49,21.31,1.06,81.37,0.9,5.03,Assam_Dhubri
2023-10-21,0.0,28.84,20.35,1.65,78.83,0.89,5.11,Assam_Dhubri
2023-10-22,0.0,29.1,19.4,1.65,76.63,0.88,5.25,Assam_Dhubri
2023-10-23,0.06,29.93,19.65,1.42,77.01,0.88,5.58,Assam_Dhubri
2023-10-24,0.15,28.54,21.5,1.86,84.87,0.87,4.33,Assam_Dhubri
2023-10-25,0.02,27.34,21.36,1.49,81.26,0.86,3.6,Assam_Dhubri
2023-10-26,0.02,29.06,21.3,0.96,78.69,0.86,5.99,Assam_Dhubri
2023-10-27,0.03,28.47,20.91,0.92,81.23,0.85,5.71,Assam_Dhubri
2023-10-28,0.0,27.84,19.06,0.7,76.99,0.84,5.82,Assam_Dhubri
2023-10-29,0.0,27.43,18.99,1.28,77.88,0.84,5.02,Assam_Dhubri
2023-10-30,0.0,28.31,19.25,1.8,80.7,0.83,5.1,Assam_Dhubri
2023-10-31,0.0,28.22,19.86,1.84,78.33,0.83,4.94,Assam_Dhubri
2023-11-01,0.0,28.95,18.94,1.3,75.6,0.82,5.49,Assam_Dhubri
2023-11-02,0.0,28.52,19.51,0.93,76.12,0.81,5.79,Assam_Dhubri
2023-11-03,0.01,27.4,19.55,0.88,79.53,0.81,5.23,Assam_Dhubri
2023-11-04,0.01,27.73,20.24,1.36,83.63,0.8,4.33,Assam_Dhubri
2023-11-05,0.0,27.95,20.22,0.75,76.31,0.8,4.63,Assam_Dhubri
2023-11-06,0.0,26.76,17.93,1.16,82.01,0.79,4.57,Assam_Dhubri
2023-11-07,0.0,25.37,17.99,1.17,78.01,0.79,3.44,Assam_Dhubri
2023-11-08,0.0,26.87,17.91,0.49,74.25,0.78,5.09,Assam_Dhubri
2023-11-09,0.0,26.69,19.17,0.53,75.86,0.78,4.95,Assam_Dhubri
2023-11-10,0.0,26.56,17.34,1.25,81.53,0.77,4.47,Assam_Dhubri
2023-11-11,0.0,26.86,17.56,1.22,80.93,0.77,4.58,Assam_Dhubri
2023-11-12,0.0,26.72,17.47,1.33,80.31,0.76,4.52,Assam_Dhubri
2023-11-13,0.0,26.13,17.5,1.55,78.61,0.76,4.38,Assam_Dhubri
2023-11-14,0.0,26.11,16.81,1.76,76.42,0.76,4.36,Assam_Dhubri
2023-11-15,0.0,26.41,16.44,1.45,71.47,0.75,4.78,Assam_Dhubri
2023-11-16,0.26,27.53,17.0,1.52,75.14,0.74,4.32,Assam_Dhubri
2023-11-17,2.86,25.85,20.39,2.13,87.57,0.74,2.06,Assam_Dhubri
2023-11-18,0.11,26.4,18.92,1.89,83.2,0.74,4.21,Assam_Dhubri
2023-11-19,0.02,26.97,17.67,1.48,83.61,0.73,4.22,Assam_Dhubri
2023-11-20,0.0,26.81,18.77,0.95,81.31,0.73,4.38,Assam_Dhubri
2023-11-21,0.02,26.72,18.91,1.09,84.67,0.72,4.13,Assam_Dhubri
2023-11-22,0.0,25.23,16.7,0.93,79.31,0.72,3.14,Assam_Dhubri
2023-11-23,0.0,25.45,15.95,0.8,81.21,0.72,3.48,Assam_Dhubri
2023-11-24,0.0,26.19,16.45,1.32,82.74,0.71,3.84,Assam_Dhubri
2023-11-25,0.0,26.04,17.68,1.43,82.59,0.71,3.61,Assam_Dhubri
2023-11-26,0.0,25.86,15.2,1.77,80.39,0.71,3.78,Assam_Dhubri
2023-11-27,0.0,25.09,16.79,1.88,79.97,0.7,2.8,Assam_Dhubri
2023-11-28,0.0,26.76,17.24,1.35,73.47,0.7,3.85,Assam_Dhubri
2023-11-29,0.0,26.14,17.58,1.37,77.72,0.69,3.32,Assam_Dhubri
2023-11-30,0.0,25.48,16.04,1.61,82.71,0.69,3.34,Assam_Dhubri
2023-12-01,0.0,25.71,15.51,1.34,79.05,0.69,3.34,Assam_Dhubri
2023-12-02,0.0,25.98,16.43,0.68,75.59,0.68,3.57,Assam_Dhubri
2023-12-03,0.0,25.66,15.59,1.01,84.6,0.68,3.14,Assam_Dhubri
2023-12-04,0.0,25.64,16.1,1.21,84.55,0.67,2.98,Assam_Dhubri
2023-12-05,0.0,26.72,17.49,1.01,82.96,0.67,2.75,Assam_Dhubri
2023-12-06,0.01,25.69,17.0,1.4,87.2,0.67,2.33,Assam_Dhubri
2023-12-07,8.01,24.22,18.69,1.21,88.79,0.67,0.88,Assam_Dhubri
2023-12-08,1.84,23.23,17.53,1.55,87.59,0.68,1.66,Assam_Dhubri
2023-12-09,2.04,23.52,15.55,1.01,85.66,0.68,1.92,Assam_Dhubri
2023-12-10,0.0,23.35,13.67,1.26,80.59,0.67,2.2,Assam_Dhubri
2023-12-11,0.01,23.21,13.56,0.99,79.05,0.67,2.33,Assam_Dhubri
2023-12-12,0.09,23.61,14.63,0.89,78.15,0.67,2.37,Assam_Dhubri
2023-12-13,0.29,23.12,13.95,1.28,82.29,0.66,1.84,Assam_Dhubri
2023-12-14,0.0,21.39,11.99,1.19,74.05,0.66,1.92,Assam_Dhubri
2023-12-15,0.0,22.46,11.75,0.75,75.32,0.66,2.26,Assam_Dhubri
2023-12-16,0.0,22.58,11.99,0.8,79.09,0.66,2.3,Assam_Dhubri
2023-12-17,0.0,22.89,12.62,0.9,76.68,0.65,2.33,Assam_Dhubri
2023-12-18,0.0,23.31,13.43,0.47,77.31,0.65,2.43,Assam_Dhubri
2023-12-19,0.0,22.83,12.9,1.06,84.75,0.65,1.88,Assam_Dhubri
2023-12-20,0.0,23.16,12.33,1.42,82.9,0.64,2.2,Assam_Dhubri
2023-12-21,0.0,23.66,13.04,1.72,78.39,0.64,2.26,Assam_Dhubri
2023-12-22,0.0,23.05,13.31,1.81,76.65,0.64,1.92,Assam_Dhubri
2023-12-23,0.0,21.03,14.98,1.81,83.81,0.64,0.72,Assam_Dhubri
2023-12-24,0.0,24.14,13.8,1.4,77.89,0.64,2.17,Assam_Dhubri
2023-12-25,0.0,24.77,15.84,0.66,73.25,0.63,2.29,Assam_Dhubri
2023-12-26,0.0,24.37,15.6,1.01,80.92,0.63,2.15,Assam_Dhubri
2023-12-27,0.0,24.4,14.1,1.45,80.84,0.63,2.21,Assam_Dhubri
2023-12-28,0.0,24.25,14.9,1.46,78.48,0.62,2.06,Assam_Dhubri
2023-12-29,0.0,24.65,14.32,1.12,80.41,0.62,2.28,Assam_Dhubri
2023-12-30,0.0,24.31,14.29,1.03,80.36,0.62,2.1,Assam_Dhubri
2023-12-31,6.3,22.85,13.71,0.5,77.95,0.62,1.71,Assam_Dhubri
