date,rainfall_mm,temp_max,temp_min,wind_speed,humidity,soil_moisture,evapotranspiration,station
2005-01-01,0.0,22.96,9.91,1.19,78.2,0.63,3.2,Feni_Feni
2005-01-02,0.0,22.73,11.57,1.36,81.97,0.63,2.51,Feni_Feni
2005-01-03,0.0,23.21,13.78,1.21,79.95,0.63,2.22,Feni_Feni
2005-01-04,0.0,21.63,15.25,1.33,86.56,0.63,0.86,Feni_Feni
2005-01-05,0.0,24.66,12.6,2.26,83.78,0.63,3.41,Feni_Feni
2005-01-06,0.0,23.94,11.09,1.7,80.62,0.62,3.36,Feni_Feni
2005-01-07,0.0,23.79,10.82,1.59,81.85,0.62,3.2,Feni_Feni
2005-01-08,0.0,23.68,10.72,1.74,79.27,0.61,3.25,Feni_Feni
2005-01-09,0.0,22.62,10.68,1.58,75.37,0.61,3.1,Feni_Feni
2005-01-10,0.0,22.74,10.69,0.84,65.74,0.61,3.1,Feni_Feni
2005-01-11,2.41,22.97,10.76,1.61,83.52,0.61,2.23,Feni_Feni
2005-01-12,4.49,23.12,12.69,1.85,80.86,0.61,2.98,Feni_Feni
2005-01-13,0.0,21.65,9.65,1.89,80.1,0.61,2.74,Feni_Feni
2005-01-14,0.0,22.09,9.12,1.58,81.08,0.61,2.79,Feni_Feni
2005-01-15,0.0,22.81,10.04,1.6,77.64,0.6,3.03,Feni_Feni
2005-01-16,0.0,23.39,12.27,1.47,73.36,0.6,2.91,Feni_Feni
2005-01-17,0.0,23.4,10.68,1.39,71.55,0.6,3.26,Feni_Feni
2005-01-18,0.03,24.09,11.35,1.14,72.94,0.59,3.15,Feni_Feni
2005-01-19,0.1,23.64,12.94,1.45,79.82,0.59,2.81,Feni_Feni
2005-01-20,0.0,22.98,11.42,1.79,77.93,0.59,3.35,Feni_Feni
2005-01-21,0.0,21.62,9.15,2.38,75.21,0.58,3.07,Feni_Feni
2005-01-22,0.0,22.86,9.02,1.87,73.4,0.58,3.32,Feni_Feni
2005-01-23,0.0,24.09,9.81,1.12,63.94,0.58,3.9,Feni_Feni
2005-01-24,0.01,24.22,12.39,0.95,69.35,0.57,3.77,Feni_Feni
2005-01-25,0.0,22.91,12.04,1.87,78.86,0.57,3.24,Feni_Feni
2005-01-26,0.0,23.36,10.33,1.92,77.02,0.57,3.63,Feni_Feni
2005-01-27,0.0,24.27,11.21,1.71,73.73,0.56,3.84,Feni_Feni
2005-01-28,0.0,23.54,12.19,1.81,72.78,0.56,3.01,Feni_Feni
2005-01-29,0.01,23.91,13.53,2.25,73.23,0.55,3.42,Feni_Feni
2005-01-30,0.0,25.38,12.04,2.19,72.75,0.55,4.16,Feni_Feni
2005-01-31,0.0,27.21,12.4,1.64,70.76,0.55,4.57,Feni_Feni
2005-02-01,0.03,26.57,13.21,2.24,76.07,0.54,4.34,Feni_Feni
2005-02-02,0.0,24.64,13.39,2.86,78.12,0.54,3.87,Feni_Feni
2005-02-03,0.0,22.86,10.1,2.47,68.51,0.53,3.6,Feni_Feni
2005-02-04,0.0,23.84,8.37,2.17,67.93,0.53,3.56,Feni_Feni
2005-02-05,0.0,24.44,8.83,1.57,62.44,0.53,3.38,Feni_Feni
2005-02-06,0.0,26.42,10.65,1.17,57.42,0.52,3.28,Feni_Feni
2005-02-07,0.0,27.91,16.05,0.71,55.27,0.52,3.65,Feni_Feni
2005-02-08,0.0,28.74,13.77,1.69,65.95,0.52,3.85,Feni_Feni
2005-02-09,0.0,28.47,14.51,1.86,67.38,0.51,3.74,Feni_Feni
2005-02-10,0.0,28.6,15.0,1.98,66.51,0.51,3.68,Feni_Feni
2005-02-11,0.0,28.3,14.39,1.45,59.52,0.51,3.48,Feni_Feni
2005-02-12,0.0,29.91,15.42,1.28,62.12,0.5,3.48,Feni_Feni
2005-02-13,0.0,30.86,17.36,2.01,77.68,0.5,3.43,Feni_Feni
2005-02-14,0.0,30.36,18.06,2.12,68.94,0.49,3.7,Feni_Feni
2005-02-15,0.0,29.83,17.28,2.32,76.32,0.49,3.26,Feni_Feni
2005-02-16,0.06,29.37,19.38,3.27,80.96,0.49,2.81,Feni_Feni
2005-02-17,1.19,29.7,20.63,2.42,83.98,0.48,2.53,Feni_Feni
2005-02-18,0.76,30.03,20.41,2.18,81.85,0.48,2.62,Feni_Feni
2005-02-19,0.07,31.75,19.66,1.32,76.89,0.48,3.02,Feni_Feni
2005-02-20,0.08,31.73,19.76,1.23,73.62,0.48,2.73,Feni_Feni
2005-02-21,0.0,33.82,20.23,1.21,63.76,0.47,2.9,Feni_Feni
2005-02-22,0.04,31.68,19.28,1.32,59.72,0.47,2.58,Feni_Feni
2005-02-23,0.0,30.69,15.98,1.26,55.1,0.47,2.58,Feni_Feni
2005-02-24,0.0,30.05,17.04,1.7,59.43,0.46,2.39,Feni_Feni
2005-02-25,0.0,29.63,15.36,1.69,46.58,0.46,2.36,Feni_Feni
2005-02-26,0.0,31.68,19.47,1.09,39.25,0.46,2.5,Feni_Feni
2005-02-27,0.0,31.34,17.88,1.28,41.89,0.45,2.36,Feni_Feni
2005-02-28,0.0,31.26,17.25,1.36,44.14,0.45,2.26,Feni_Feni
2005-03-01,0.0,32.51,16.81,1.2,45.61,0.45,2.18,Feni_Feni
2005-03-02,0.0,33.97,18.85,1.75,65.78,0.45,2.15,Feni_Feni
2005-03-03,0.0,34.13,19.99,2.01,72.21,0.44,2.03,Feni_Feni
2005-03-04,0.0,34.54,20.8,2.43,73.32,0.44,1.93,Feni_Feni
2005-03-05,0.01,33.41,21.99,3.04,74.03,0.44,1.69,Feni_Feni
2005-03-06,0.03,33.44,24.15,3.64,72.4,0.43,1.61,Feni_Feni
2005-03-07,0.06,32.79,22.41,2.83,74.52,0.43,1.45,Feni_Feni
2005-03-08,0.49,32.05,22.12,1.66,74.75,0.43,1.11,Feni_Feni
2005-03-09,0.1,33.65,21.5,1.27,68.05,0.43,1.44,Feni_Feni
2005-03-10,0.0,34.42,22.05,1.84,65.37,0.43,1.42,Feni_Feni
2005-03-11,1.53,30.63,23.27,0.85,61.77,0.43,0.61,Feni_Feni
2005-03-12,1.3,29.7,21.35,1.44,61.5,0.43,0.6,Feni_Feni
2005-03-13,0.0,33.65,19.44,1.97,52.88,0.43,1.54,Feni_Feni
2005-03-14,0.0,33.43,19.73,1.48,51.98,0.42,1.39,Feni_Feni
2005-03-15,0.04,32.85,20.19,1.42,56.81,0.42,1.42,Feni_Feni
2005-03-16,0.0,32.48,20.88,1.7,66.01,0.42,1.25,Feni_Feni
2005-03-17,0.0,34.31,20.83,1.21,62.26,0.42,1.37,Feni_Feni
2005-03-18,0.2,34.39,21.76,1.26,63.5,0.41,1.18,Feni_Feni
2005-03-19,0.03,34.99,22.15,1.45,64.46,0.41,1.19,Feni_Feni
2005-03-20,0.12,34.97,22.58,2.86,66.86,0.41,1.07,Feni_Feni
2005-03-21,0.65,34.22,23.39,4.1,72.24,0.41,0.91,Feni_Feni
2005-03-22,0.99,34.66,24.01,3.72,71.4,0.41,0.92,Feni_Feni
2005-03-23,10.47,31.62,24.37,3.67,78.72,0.42,0.68,Feni_Feni
2005-03-24,23.47,29.28,22.93,2.8,83.59,0.45,0.7,Feni_Feni
2005-03-25,5.38,30.95,23.06,2.35,69.83,0.46,2.4,Feni_Feni
2005-03-26,0.5,31.04,20.37,2.05,67.69,0.45,2.35,Feni_Feni
2005-03-27,6.7,33.72,21.27,2.21,69.47,0.45,2.29,Feni_Feni
2005-03-28,21.43,31.55,22.86,2.56,78.36,0.48,2.91,Feni_Feni
2005-03-29,0.06,32.05,22.56,2.79,75.4,0.47,3.44,Feni_Feni
2005-03-30,17.71,32.57,22.5,2.03,77.45,0.48,2.63,Feni_Feni
2005-03-31,2.95,32.36,22.2,1.25,73.72,0.49,3.94,Feni_Feni
2005-04-01,0.1,33.53,22.89,0.98,68.9,0.48,3.97,Feni_Feni
2005-04-02,0.01,35.1,22.0,1.84,54.71,0.47,3.63,Feni_Feni
2005-04-03,0.0,36.05,19.73,1.75,45.54,0.46,3.64,Feni_Feni
2005-04-04,1.62,34.92,19.93,0.83,47.26,0.46,2.82,Feni_Feni
2005-04-05,0.01,34.34,22.29,1.55,65.64,0.45,2.82,Feni_Feni
2005-04-06,0.01,34.49,21.66,1.59,68.81,0.45,2.68,Feni_Feni
2005-04-07,0.02,34.4,22.5,2.58,71.0,0.44,2.35,Feni_Feni
2005-04-08,0.0,34.34,22.62,2.83,72.38,0.44,2.08,Feni_Feni
2005-04-09,0.85,34.37,23.19,2.93,75.57,0.43,1.82,Feni_Feni
2005-04-10,22.47,33.46,24.93,2.71,83.1,0.45,1.41,Feni_Feni
2005-04-11,15.22,28.9,24.5,1.44,87.78,0.49,0.95,Feni_Feni
2005-04-12,1.02,34.45,23.84,1.14,72.17,0.49,4.67,Feni_Feni
2005-04-13,0.0,34.5,22.83,1.25,61.49,0.48,4.46,Feni_Feni
2005-04-14,0.0,35.19,21.19,1.26,64.2,0.47,3.92,Feni_Feni
2005-04-15,0.0,35.93,22.19,1.59,68.74,0.46,3.51,Feni_Feni
2005-04-16,0.0,34.54,24.15,2.42,73.31,0.45,2.36,Feni_Feni
2005-04-17,0.27,31.18,25.29,2.25,82.26,0.45,1.01,Feni_Feni
2005-04-18,0.78,31.41,24.69,1.92,82.65,0.45,1.04,Feni_Feni
2005-04-19,0.04,31.37,24.35,1.08,77.64,0.45,0.88,Feni_Feni
2005-04-20,0.0,36.44,24.3,0.91,60.74,0.45,1.94,Feni_Feni
2005-04-21,0.0,37.39,23.71,1.19,57.76,0.45,3.0,Feni_Feni
2005-04-22,0.0,36.02,23.94,1.61,68.78,0.44,2.25,Feni_Feni
2005-04-23,0.59,35.18,23.83,1.73,72.53,0.44,1.78,Feni_Feni
2005-04-24,0.41,36.62,24.34,2.2,70.51,0.43,1.91,Feni_Feni
2005-04-25,1.48,34.01,25.26,1.71,72.87,0.43,1.21,Feni_Feni
2005-04-26,3.06,34.93,26.07,1.73,72.48,0.44,1.59,Feni_Feni
2005-04-27,8.74,34.5,25.38,2.75,75.89,0.44,1.77,Feni_Feni
2005-04-28,14.5,35.25,25.76,2.95,75.88,0.46,2.45,Feni_Feni
2005-04-29,30.25,29.52,24.8,2.19,86.41,0.49,1.08,Feni_Feni
2005-04-30,13.52,28.5,23.17,1.25,83.04,0.53,1.79,Feni_Feni
2005-05-01,0.44,31.47,22.06,0.82,69.79,0.52,4.98,Feni_Feni
2005-05-02,0.03,29.66,23.18,0.77,70.94,0.5,2.4,Feni_Feni
2005-05-03,0.47,31.59,21.96,1.15,70.41,0.49,4.21,Feni_Feni
2005-05-04,0.43,33.46,24.22,1.13,68.13,0.48,4.87,Feni_Feni
2005-05-05,2.66,30.46,22.98,1.97,80.13,0.48,1.47,Feni_Feni
2005-05-06,0.64,31.73,22.15,1.63,76.44,0.48,3.01,Feni_Feni
2005-05-07,1.78,33.18,23.83,1.42,69.67,0.48,3.89,Feni_Feni
2005-05-08,1.03,33.61,24.37,1.82,70.99,0.47,3.91,Feni_Feni
2005-05-09,4.12,34.36,25.42,1.9,73.24,0.47,3.42,Feni_Feni
2005-05-10,0.49,37.28,25.93,2.54,68.04,0.47,4.28,Feni_Feni
2005-05-11,0.08,33.85,26.93,2.27,75.06,0.46,2.57,Feni_Feni
2005-05-12,0.78,36.17,25.77,1.92,70.99,0.46,3.4,Feni_Feni
2005-05-13,7.65,33.81,25.12,1.89,77.08,0.46,2.8,Feni_Feni
2005-05-14,7.94,34.66,25.81,2.28,77.22,0.47,3.24,Feni_Feni
2005-05-15,6.07,34.17,25.86,3.16,79.05,0.47,3.34,Feni_Feni
2005-05-16,3.4,35.35,26.34,2.71,77.03,0.47,3.73,Feni_Feni
2005-05-17,12.49,33.45,26.26,2.48,83.02,0.48,2.77,Feni_Feni
2005-05-18,10.94,33.63,26.25,2.14,82.11,0.5,3.58,Feni_Feni
2005-05-19,5.93,31.17,26.4,1.71,84.68,0.5,1.85,Feni_Feni
2005-05-20,20.63,31.64,25.7,1.47,82.68,0.53,4.67,Feni_Feni
2005-05-21,13.07,31.08,25.21,1.74,83.94,0.53,3.74,Feni_Feni
2005-05-22,15.87,31.34,25.0,2.95,83.47,0.55,5.71,Feni_Feni
2005-05-23,0.62,32.0,24.76,2.31,84.34,0.54,5.72,Feni_Feni
2005-05-24,5.33,31.99,26.63,2.37,86.59,0.53,3.76,Feni_Feni
2005-05-25,6.15,31.45,26.92,2.79,86.95,0.53,3.29,Feni_Feni
2005-05-26,0.13,31.75,26.95,2.47,86.28,0.53,3.44,Feni_Feni
2005-05-27,0.69,31.71,26.83,2.26,87.8,0.52,2.96,Feni_Feni
2005-05-28,0.84,31.81,26.75,2.09,85.69,0.52,2.85,Feni_Feni
2005-05-29,0.02,31.95,26.42,1.49,83.81,0.52,3.11,Feni_Feni
2005-05-30,0.0,35.39,26.41,1.07,74.65,0.51,6.57,Feni_Feni
2005-05-31,0.0,33.65,27.07,1.98,78.83,0.5,4.08,Feni_Feni
2005-06-01,0.0,34.38,27.16,2.56,77.59,0.5,4.42,Feni_Feni
2005-06-02,0.02,33.0,28.16,2.9,79.34,0.49,3.02,Feni_Feni
2005-06-03,1.03,34.75,26.8,2.51,79.18,0.49,4.21,Feni_Feni
2005-06-04,3.22,33.62,26.6,2.35,82.43,0.49,3.33,Feni_Feni
2005-06-05,2.54,31.44,26.46,1.92,84.03,0.49,1.87,Feni_Feni
2005-06-06,0.56,31.24,25.8,1.02,75.17,0.49,2.79,Feni_Feni
2005-06-07,0.0,35.38,25.63,0.61,64.25,0.49,5.27,Feni_Feni
2005-06-08,0.0,33.31,27.73,0.78,75.01,0.48,2.22,Feni_Feni
2005-06-09,10.01,33.52,27.41,1.12,78.48,0.48,2.46,Feni_Feni
2005-06-10,8.28,33.26,27.39,1.33,80.42,0.51,2.93,Feni_Feni
2005-06-11,0.0,32.54,27.36,2.35,80.66,0.5,3.21,Feni_Feni
2005-06-12,0.0,35.22,27.01,1.65,76.72,0.49,5.34,Feni_Feni
2005-06-13,0.21,32.7,27.72,2.42,83.68,0.49,2.3,Feni_Feni
2005-06-14,10.47,33.44,27.54,1.98,81.71,0.49,3.19,Feni_Feni
2005-06-15,13.55,32.51,26.82,2.11,84.61,0.51,3.75,Feni_Feni
2005-06-16,5.83,33.22,27.75,1.79,85.58,0.52,3.19,Feni_Feni
2005-06-17,0.19,33.97,27.57,2.73,82.56,0.51,5.38,Feni_Feni
2005-06-18,0.16,31.95,28.23,3.36,86.67,0.51,2.14,Feni_Feni
2005-06-19,0.06,33.68,27.46,3.85,78.41,0.5,5.15,Feni_Feni
2005-06-20,0.03,32.68,27.44,3.12,77.76,0.49,4.02,Feni_Feni
2005-06-21,0.79,32.29,27.46,2.78,79.37,0.49,2.56,Feni_Feni
2005-06-22,2.42,31.48,27.43,3.21,84.93,0.49,1.83,Feni_Feni
2005-06-23,4.03,32.28,27.46,2.95,83.51,0.49,2.09,Feni_Feni
2005-06-24,12.6,30.6,27.38,3.07,92.04,0.51,0.88,Feni_Feni
2005-06-25,2.2,31.42,27.19,4.74,86.44,0.51,2.36,Feni_Feni
2005-06-26,3.05,31.95,26.9,4.1,85.73,0.51,3.12,Feni_Feni
2005-06-27,9.63,31.69,26.47,4.71,88.47,0.51,2.42,Feni_Feni
2005-06-28,29.79,30.24,26.94,3.97,90.4,0.54,1.42,Feni_Feni
2005-06-29,45.48,31.0,26.4,3.66,90.34,0.6,2.39,Feni_Feni
2005-06-30,45.14,30.24,26.24,2.82,91.69,0.66,2.09,Feni_Feni
2005-07-01,27.27,31.14,26.08,2.28,89.38,0.69,3.79,Feni_Feni
2005-07-02,31.9,30.63,25.36,2.07,90.14,0.7,3.19,Feni_Feni
2005-07-03,31.46,30.58,26.1,3.34,90.89,0.73,3.47,Feni_Feni
2005-07-04,28.72,29.39,26.36,1.26,93.2,0.74,0.44,Feni_Feni
2005-07-05,28.63,30.01,26.06,1.84,91.17,0.78,1.9,Feni_Feni
2005-07-06,0.62,31.62,25.87,1.62,87.09,0.76,7.26,Feni_Feni
2005-07-07,0.63,32.22,25.97,2.2,87.1,0.74,7.92,Feni_Feni
2005-07-08,0.18,31.8,26.0,2.93,86.85,0.72,8.06,Feni_Feni
2005-07-09,2.8,29.97,26.1,4.1,89.09,0.71,4.39,Feni_Feni
2005-07-10,3.87,31.04,26.08,4.37,86.76,0.71,6.28,Feni_Feni
2005-07-11,5.29,30.39,26.33,3.22,90.4,0.71,3.29,Feni_Feni
2005-07-12,9.13,30.9,26.17,3.01,88.87,0.72,4.44,Feni_Feni
2005-07-13,15.12,29.55,26.07,3.0,91.5,0.72,2.38,Feni_Feni
2005-07-14,63.91,28.27,26.29,3.31,93.77,0.78,0.85,Feni_Feni
2005-07-15,22.82,27.27,24.64,2.57,91.95,0.83,1.14,Feni_Feni
2005-07-16,11.19,30.09,24.5,1.99,88.55,0.82,3.69,Feni_Feni
2005-07-17,0.95,29.87,25.04,1.78,88.95,0.8,3.8,Feni_Feni
2005-07-18,0.67,31.34,25.18,2.04,88.3,0.79,6.05,Feni_Feni
2005-07-19,0.36,30.78,25.69,1.96,89.58,0.79,4.44,Feni_Feni
2005-07-20,4.27,31.25,26.27,2.06,89.35,0.78,4.83,Feni_Feni
2005-07-21,8.34,28.86,26.39,2.72,93.73,0.79,1.45,Feni_Feni
2005-07-22,2.15,32.52,26.33,1.44,85.93,0.79,6.35,Feni_Feni
2005-07-23,3.75,32.69,27.08,2.58,87.97,0.78,5.91,Feni_Feni
2005-07-24,9.35,32.21,26.69,2.71,87.09,0.78,6.97,Feni_Feni
2005-07-25,6.2,32.45,26.1,3.65,87.95,0.78,6.48,Feni_Feni
2005-07-26,4.83,30.92,26.77,4.31,88.85,0.77,5.23,Feni_Feni
2005-07-27,12.52,31.69,26.96,3.8,89.05,0.78,5.46,Feni_Feni
2005-07-28,2.17,32.14,26.43,3.09,88.01,0.77,7.22,Feni_Feni
2005-07-29,1.12,30.62,26.64,3.59,90.91,0.77,3.6,Feni_Feni
2005-07-30,1.23,31.39,26.2,3.93,88.03,0.76,7.14,Feni_Feni
2005-07-31,1.54,31.8,26.22,2.82,87.94,0.75,7.23,Feni_Feni
2005-08-01,0.14,33.2,26.47,2.07,85.95,0.74,8.58,Feni_Feni
2005-08-02,1.72,31.43,26.77,2.98,90.04,0.74,3.61,Feni_Feni
2005-08-03,4.2,31.64,26.26,4.58,90.32,0.74,4.61,Feni_Feni
2005-08-04,3.68,31.47,26.87,4.35,88.92,0.74,5.94,Feni_Feni
2005-08-05,23.43,30.13,26.86,3.6,91.49,0.74,2.49,Feni_Feni
2005-08-06,40.24,31.01,26.75,3.44,90.12,0.8,3.62,Feni_Feni
2005-08-07,18.44,30.64,26.85,2.86,90.85,0.81,3.1,Feni_Feni
2005-08-08,23.62,30.8,26.91,2.81,92.29,0.82,3.01,Feni_Feni
2005-08-09,21.61,31.51,26.32,2.49,89.38,0.83,3.73,Feni_Feni
2005-08-10,16.22,31.22,27.27,1.92,89.86,0.84,3.77,Feni_Feni
2005-08-11,18.72,28.98,26.32,2.27,92.93,0.85,0.98,Feni_Feni
2005-08-12,6.36,33.06,25.93,1.0,83.45,0.85,6.54,Feni_Feni
2005-08-13,2.88,30.58,26.64,2.3,91.61,0.84,2.43,Feni_Feni
2005-08-14,12.25,28.82,26.53,3.19,94.43,0.84,0.61,Feni_Feni
2005-08-15,3.19,31.0,26.14,3.44,90.02,0.84,4.55,Feni_Feni
2005-08-16,2.51,29.96,26.17,3.14,91.87,0.84,2.53,Feni_Feni
2005-08-17,2.5,31.53,25.96,1.94,89.71,0.83,4.31,Feni_Feni
2005-08-18,7.17,31.5,26.19,2.2,91.19,0.83,4.28,Feni_Feni
2005-08-19,8.55,31.47,26.86,3.77,89.65,0.83,5.7,Feni_Feni
2005-08-20,29.25,30.06,26.4,4.33,92.47,0.85,2.56,Feni_Feni
2005-08-21,36.86,30.26,26.19,4.29,90.98,0.88,3.9,Feni_Feni
2005-08-22,32.22,30.58,26.92,3.97,91.22,0.9,3.18,Feni_Feni
2005-08-23,26.12,30.45,26.68,3.43,92.84,0.9,2.24,Feni_Feni
2005-08-24,60.8,29.35,26.45,2.75,93.74,0.94,1.14,Feni_Feni
2005-08-25,30.62,30.5,25.72,2.45,90.61,0.97,3.35,Feni_Feni
2005-08-26,3.35,29.78,26.0,1.94,93.21,0.95,1.35,Feni_Feni
2005-08-27,2.79,30.58,25.63,2.51,90.31,0.95,4.04,Feni_Feni
2005-08-28,9.95,30.46,25.17,2.06,89.74,0.94,4.3,Feni_Feni
2005-08-29,14.16,31.37,25.11,1.34,87.73,0.94,5.34,Feni_Feni
2005-08-30,8.22,32.17,25.5,0.88,84.27,0.94,6.2,Feni_Feni
2005-08-31,2.22,33.02,25.84,0.92,82.85,0.93,7.13,Feni_Feni
2005-09-01,4.57,32.08,26.31,1.39,84.69,0.93,5.02,Feni_Feni
2005-09-02,8.35,31.33,26.06,1.15,86.34,0.93,3.31,Feni_Feni
2005-09-03,7.19,29.4,26.06,1.41,92.62,0.93,1.44,Feni_Feni
2005-09-04,0.3,30.93,25.71,0.78,86.7,0.93,4.26,Feni_Feni
2005-09-05,0.85,32.15,26.04,1.09,85.9,0.92,6.1,Feni_Feni
2005-09-06,2.43,31.88,25.49,1.33,86.26,0.91,5.87,Feni_Feni
2005-09-07,3.72,30.32,26.84,0.56,84.19,0.91,2.51,Feni_Feni
2005-09-08,7.06,31.01,25.4,0.92,85.72,0.91,3.53,Feni_Feni
2005-09-09,9.31,30.92,25.61,1.04,88.03,0.91,3.39,Feni_Feni
2005-09-10,7.99,28.06,25.34,1.79,94.53,0.91,0.71,Feni_Feni
2005-09-11,14.64,28.43,25.36,2.63,94.62,0.92,0.91,Feni_Feni
2005-09-12,10.07,29.14,25.29,3.43,91.59,0.93,2.43,Feni_Feni
2005-09-13,0.26,28.34,25.15,2.26,92.3,0.92,1.86,Feni_Feni
2005-09-14,0.62,30.8,24.65,1.13,88.63,0.92,4.62,Feni_Feni
2005-09-15,13.82,31.84,24.52,1.46,88.11,0.92,5.52,Feni_Feni
2005-09-16,11.57,29.82,25.58,1.74,90.39,0.92,1.32,Feni_Feni
2005-09-17,6.9,28.7,25.14,3.34,93.1,0.93,0.83,Feni_Feni
2005-09-18,3.34,31.08,26.12,2.42,89.83,0.92,5.06,Feni_Feni
2005-09-19,33.4,30.29,26.01,1.49,90.41,0.93,3.15,Feni_Feni
2005-09-20,25.06,29.53,25.32,3.04,91.57,0.95,1.8,Feni_Feni
2005-09-21,8.26,30.18,25.49,1.8,90.84,0.95,2.72,Feni_Feni
2005-09-22,1.88,29.24,25.08,1.28,90.23,0.95,2.33,Feni_Feni
2005-09-23,2.71,29.65,24.7,1.92,90.77,0.94,4.18,Feni_Feni
2005-09-24,17.57,29.81,25.49,1.69,92.38,0.95,2.36,Feni_Feni
2005-09-25,2.39,31.55,25.39,0.79,83.11,0.95,4.79,Feni_Feni
2005-09-26,1.97,32.04,24.97,0.91,84.22,0.94,7.18,Feni_Feni
2005-09-27,3.75,30.08,25.61,1.75,91.45,0.93,2.53,Feni_Feni
2005-09-28,4.35,31.91,25.47,1.44,89.1,0.93,4.36,Feni_Feni
2005-09-29,14.2,29.86,25.65,1.23,90.89,0.94,0.9,Feni_Feni
2005-09-30,31.46,27.97,25.2,1.96,95.2,0.95,0.37,Feni_Feni
2005-10-01,64.61,27.59,25.27,3.26,94.3,0.98,0.73,Feni_Feni
2005-10-02,12.36,28.98,25.1,2.82,90.82,0.99,1.82,Feni_Feni
2005-10-03,12.36,29.74,25.11,3.16,90.52,0.98,3.0,Feni_Feni
2005-10-04,22.08,29.33,24.78,2.41,89.89,0.98,3.07,Feni_Feni
2005-10-05,6.71,30.87,24.43,0.87,84.39,0.98,6.43,Feni_Feni
2005-10-06,0.01,30.72,24.65,0.91,82.59,0.97,6.85,Feni_Feni
2005-10-07,0.0,30.64,23.72,1.35,84.75,0.96,5.71,Feni_Feni
2005-10-08,0.12,31.2,23.26,1.5,86.1,0.96,5.95,Feni_Feni
2005-10-09,0.32,31.61,23.71,1.37,85.94,0.95,6.04,Feni_Feni
2005-10-10,0.15,30.91,24.41,0.84,83.19,0.94,4.76,Feni_Feni
2005-10-11,0.31,30.08,25.59,0.63,83.8,0.94,3.61,Feni_Feni
2005-10-12,0.08,29.24,24.32,1.71,89.65,0.93,3.11,Feni_Feni
2005-10-13,0.03,30.56,23.48,1.73,87.27,0.93,5.21,Feni_Feni
2005-10-14,0.01,31.46,24.5,1.27,84.3,0.92,6.13,Feni_Feni
2005-10-15,0.01,31.19,24.0,0.72,82.49,0.92,5.55,Feni_Feni
2005-10-16,0.83,31.31,23.73,0.89,83.42,0.91,7.42,Feni_Feni
2005-10-17,2.85,30.65,24.1,0.87,85.36,0.91,5.16,Feni_Feni
2005-10-18,3.76,29.75,23.75,1.38,88.35,0.9,3.01,Feni_Feni
2005-10-19,3.85,27.82,22.81,1.08,88.2,0.9,2.74,Feni_Feni
2005-10-20,25.51,27.81,22.33,1.03,90.19,0.91,1.62,Feni_Feni
2005-10-21,23.08,27.49,23.16,1.84,92.0,0.93,1.12,Feni_Feni
2005-10-22,9.04,26.9,22.87,1.5,92.12,0.94,0.94,Feni_Feni
2005-10-23,43.47,27.02,22.1,1.41,91.2,0.96,0.99,Feni_Feni
2005-10-24,8.98,29.97,21.48,0.93,84.94,0.96,5.6,Feni_Feni
2005-10-25,0.0,29.78,21.53,1.55,86.05,0.95,5.89,Feni_Feni
2005-10-26,0.0,29.71,22.31,1.24,85.32,0.95,6.11,Feni_Feni
2005-10-27,1.37,29.4,22.24,1.57,86.42,0.94,5.02,Feni_Feni
2005-10-28,0.38,29.92,22.09,1.13,85.71,0.93,5.3,Feni_Feni
2005-10-29,0.1,29.29,22.3,1.05,85.18,0.93,4.62,Feni_Feni
2005-10-30,0.21,29.41,22.51,1.46,85.57,0.92,5.17,Feni_Feni
2005-10-31,0.24,29.25,20.79,1.9,84.35,0.92,5.57,Feni_Feni
2005-11-01,0.0,27.68,19.07,1.61,82.88,0.91,4.64,Feni_Feni
2005-11-02,0.17,27.05,19.49,2.02,85.3,0.9,4.21,Feni_Feni
2005-11-03,0.0,28.08,18.82,2.26,86.61,0.9,4.93,Feni_Feni
2005-11-04,0.0,27.86,18.3,1.96,86.36,0.89,5.27,Feni_Feni
2005-11-05,0.0,27.84,17.16,1.81,85.61,0.89,5.21,Feni_Feni
2005-11-06,0.0,27.11,17.13,2.15,87.44,0.88,4.77,Feni_Feni
2005-11-07,0.0,27.66,16.77,1.81,87.74,0.87,4.77,Feni_Feni
2005-11-08,4.36,28.83,18.78,0.71,82.5,0.87,5.16,Feni_Feni
2005-11-09,4.91,28.15,21.49,1.15,85.88,0.87,4.18,Feni_Feni
2005-11-10,0.11,28.83,21.25,1.67,87.34,0.87,5.26,Feni_Feni
2005-11-11,0.0,28.17,19.26,1.75,87.58,0.86,5.31,Feni_Feni
2005-11-12,0.0,26.9,17.23,1.84,87.31,0.85,4.92,Feni_Feni
2005-11-13,0.0,25.36,15.65,1.6,86.0,0.85,4.51,Feni_Feni
2005-11-14,0.0,25.43,15.2,1.69,85.79,0.84,4.38,Feni_Feni
2005-11-15,0.0,25.81,14.91,1.63,87.36,0.84,4.46,Feni_Feni
2005-11-16,0.0,26.2,15.92,1.53,85.58,0.83,4.62,Feni_Feni
2005-11-17,0.0,26.66,17.04,1.27,84.25,0.83,4.94,Feni_Feni
2005-11-18,0.0,26.43,16.54,0.95,79.19,0.82,4.92,Feni_Feni
2005-11-19,0.0,26.12,16.11,1.3,82.41,0.82,4.78,Feni_Feni
2005-11-20,0.0,25.88,15.41,1.39,83.03,0.82,4.45,Feni_Feni
2005-11-21,0.0,25.12,16.06,1.03,82.43,0.81,3.61,Feni_Feni
2005-11-22,0.0,25.25,16.33,0.89,76.89,0.81,3.48,Feni_Feni
2005-11-23,0.0,25.8,16.34,0.92,78.49,0.81,4.46,Feni_Feni
2005-11-24,0.0,25.69,15.74,1.41,87.1,0.8,3.86,Feni_Feni
2005-11-25,0.0,24.98,14.34,1.9,87.68,0.8,3.59,Feni_Feni
2005-11-26,0.0,24.76,13.49,1.82,87.42,0.79,3.8,Feni_Feni
2005-11-27,0.0,24.78,12.98,1.65,86.29,0.79,3.93,Feni_Feni
2005-11-28,0.0,24.45,12.8,1.99,86.43,0.79,3.75,Feni_Feni
2005-11-29,0.0,24.65,12.38,1.68,82.96,0.78,4.09,Feni_Feni
2005-11-30,0.0,23.58,12.76,1.61,83.07,0.78,3.24,Feni_Feni
2005-12-01,0.0,23.87,12.25,1.67,84.8,0.78,3.67,Feni_Feni
2005-12-02,0.0,24.75,12.85,1.68,85.6,0.77,3.52,Feni_Feni
2005-12-03,0.0,24.72,12.85,1.7,85.9,0.77,3.73,Feni_Feni
2005-12-04,0.0,24.41,13.83,1.92,86.62,0.77,3.68,Feni_Feni
2005-12-05,0.0,24.06,13.12,1.95,85.32,0.76,3.42,Feni_Feni
2005-12-06,0.0,23.2,10.88,1.96,85.88,0.76,3.33,Feni_Feni
2005-12-07,0.0,23.96,10.79,1.78,87.33,0.76,3.37,Feni_Feni
2005-12-08,0.0,23.95,10.88,1.42,83.7,0.75,3.5,Feni_Feni
2005-12-09,0.0,23.88,11.43,1.59,83.27,0.75,3.44,Feni_Feni
2005-12-10,0.0,23.5,10.8,1.6,84.89,0.74,3.48,Feni_Feni
2005-12-11,0.0,23.04,10.65,1.77,85.66,0.74,3.42,Feni_Feni
2005-12-12,0.0,23.42,10.24,2.06,86.42,0.74,3.36,Feni_Feni
2005-12-13,0.0,23.51,10.4,1.96,86.82,0.73,3.41,Feni_Feni
2005-12-14,0.0,23.34,10.09,1.87,87.4,0.73,3.25,Feni_Feni
2005-12-15,0.0,24.22,11.26,1.37,86.25,0.73,3.27,Feni_Feni
2005-12-16,0.0,24.31,15.4,1.18,86.11,0.72,2.55,Feni_Feni
2005-12-17,0.0,25.47,15.26,1.4,88.03,0.72,2.99,Feni_Feni
2005-12-18,0.0,25.35,15.8,1.35,87.54,0.72,3.06,Feni_Feni
2005-12-19,0.0,25.04,15.22,1.41,86.39,0.72,3.69,Feni_Feni
2005-12-20,0.0,24.92,14.0,1.67,88.44,0.71,3.3,Feni_Feni
2005-12-21,0.0,25.14,14.11,1.13,83.39,0.71,3.03,Feni_Feni
2005-12-22,0.61,24.57,17.06,0.79,84.75,0.71,2.11,Feni_Feni
2005-12-23,0.48,21.41,17.35,0.94,88.58,0.71,0.89,Feni_Feni
2005-12-24,0.01,24.8,15.51,1.37,86.85,0.71,3.73,Feni_Feni
2005-12-25,0.0,24.76,14.04,2.15,85.95,0.7,3.78,Feni_Feni
2005-12-26,0.0,23.81,13.11,1.91,85.1,0.7,3.23,Feni_Feni
2005-12-27,0.0,23.88,11.54,1.78,83.0,0.69,3.23,Feni_Feni
2005-12-28,0.0,23.9,11.05,1.76,82.45,0.69,3.35,Feni_Feni
2005-12-29,0.0,23.79,11.03,1.45,78.31,0.68,3.3,Feni_Feni
2005-12-30,0.0,23.29,10.94,1.66,78.04,0.68,3.15,Feni_Feni
2005-12-31,0.0,23.42,9.64,1.66,78.23,0.68,3.36,Feni_Feni
2006-01-01,0.0,23.38,9.71,1.63,76.65,0.67,3.4,Feni_Feni
2006-01-02,0.0,23.41,10.21,1.51,74.51,0.67,3.48,Feni_Feni
2006-01-03,0.0,22.67,11.96,1.44,78.4,0.67,2.78,Feni_Feni
2006-01-04,0.0,21.93,11.24,1.83,83.63,0.67,1.85,Feni_Feni
2006-01-05,0.0,22.1,10.9,1.85,82.31,0.66,2.25,Feni_Feni
2006-01-06,0.0,21.49,10.18,1.62,81.41,0.66,1.78,Feni_Feni
2006-01-07,0.0,22.47,12.07,1.7,83.14,0.66,2.15,Feni_Feni
2006-01-08,0.0,22.51,12.04,1.9,81.25,0.66,2.49,Feni_Feni
2006-01-09,0.0,22.62,9.7,2.1,83.26,0.65,2.74,Feni_Feni
2006-01-10,0.0,22.59,8.34,1.89,81.71,0.65,3.08,Feni_Feni
2006-01-11,0.0,22.07,8.08,1.75,80.81,0.65,2.88,Feni_Feni
2006-01-12,0.01,22.76,8.45,1.74,80.55,0.64,2.84,Feni_Feni
2006-01-13,0.0,22.5,8.57,1.5,76.44,0.64,2.77,Feni_Feni
2006-01-14,0.0,22.78,9.81,1.2,72.56,0.64,2.22,Feni_Feni
2006-01-15,0.0,22.7,11.89,1.4,73.89,0.64,2.76,Feni_Feni
2006-01-16,0.0,22.5,9.97,1.07,69.91,0.63,2.52,Feni_Feni
2006-01-17,0.0,23.95,10.7,1.04,70.14,0.63,2.98,Feni_Feni
2006-01-18,0.0,25.57,11.94,1.66,83.01,0.63,3.05,Feni_Feni
2006-01-19,0.0,25.97,14.94,1.08,80.8,0.62,3.5,Feni_Feni
2006-01-20,0.0,24.99,14.5,1.24,75.33,0.62,3.42,Feni_Feni
2006-01-21,0.0,24.6,11.46,1.4,68.75,0.62,3.9,Feni_Feni
2006-01-22,0.0,24.39,11.91,1.23,64.73,0.61,3.88,Feni_Feni
2006-01-23,0.0,23.15,9.35,1.55,65.19,0.61,3.63,Feni_Feni
2006-01-24,0.0,23.57,9.66,1.82,71.7,0.6,3.25,Feni_Feni
2006-01-25,0.0,23.69,13.41,2.68,76.68,0.6,3.12,Feni_Feni
2006-01-26,0.0,24.38,10.28,1.92,74.94,0.6,3.44,Feni_Feni
2006-01-27,0.0,24.62,9.94,1.66,78.23,0.59,3.6,Feni_Feni
2006-01-28,0.0,24.95,11.07,1.5,74.55,0.59,4.03,Feni_Feni
2006-01-29,0.0,24.67,10.71,1.3,73.09,0.59,3.93,Feni_Feni
2006-01-30,0.0,25.23,11.67,1.42,71.27,0.58,3.6,Feni_Feni
2006-01-31,0.0,26.18,12.58,1.27,71.11,0.58,3.88,Feni_Feni
2006-02-01,0.0,26.49,12.87,1.3,70.85,0.57,4.14,Feni_Feni
2006-02-02,0.0,27.09,14.71,1.08,65.93,0.57,4.31,Feni_Feni
2006-02-03,0.0,27.33,15.56,1.4,68.3,0.57,4.43,Feni_Feni
2006-02-04,0.0,27.04,15.25,1.1,68.47,0.56,3.73,Feni_Feni
2006-02-05,0.0,26.63,15.55,1.34,67.83,0.56,3.81,Feni_Feni
2006-02-06,0.0,26.36,13.07,1.39,65.41,0.56,3.97,Feni_Feni
2006-02-07,0.0,28.07,13.99,1.15,61.75,0.55,4.57,Feni_Feni
2006-02-08,0.0,27.56,14.86,0.94,57.39,0.55,4.38,Feni_Feni
2006-02-09,0.0,27.7,13.36,1.31,58.25,0.54,4.07,Feni_Feni
2006-02-10,0.0,27.95,14.28,1.12,55.51,0.54,4.66,Feni_Feni
2006-02-11,0.0,27.63,13.87,1.56,62.29,0.54,4.57,Feni_Feni
2006-02-12,0.0,28.23,13.32,1.47,62.43,0.53,4.42,Feni_Feni
2006-02-13,0.0,28.0,14.52,1.11,66.44,0.53,3.65,Feni_Feni
2006-02-14,0.0,27.88,16.5,1.74,80.75,0.53,3.86,Feni_Feni
2006-02-15,0.03,28.92,17.39,2.22,83.51,0.52,3.71,Feni_Feni
2006-02-16,0.04,28.58,19.57,3.5,83.95,0.52,3.53,Feni_Feni
2006-02-17,0.36,29.31,20.03,2.25,84.8,0.51,3.52,Feni_Feni
2006-02-18,0.03,29.88,19.34,1.43,77.36,0.51,3.78,Feni_Feni
2006-02-19,0.16,30.6,19.14,1.08,75.18,0.51,3.85,Feni_Feni
2006-02-20,0.0,30.23,19.74,1.47,79.49,0.5,3.75,Feni_Feni
2006-02-21,0.21,29.76,19.79,1.74,81.87,0.5,3.16,Feni_Feni
2006-02-22,0.24,30.81,19.63,1.7,79.2,0.5,3.33,Feni_Feni
2006-02-23,0.11,31.62,19.08,1.71,76.94,0.49,3.66,Feni_Feni
2006-02-24,0.0,31.87,19.1,1.96,77.65,0.49,3.55,Feni_Feni
2006-02-25,0.0,32.32,19.06,1.69,73.94,0.49,3.52,Feni_Feni
2006-02-26,0.0,33.37,19.19,1.81,69.84,0.48,3.54,Feni_Feni
2006-02-27,0.0,32.76,19.05,2.57,76.03,0.48,3.18,Feni_Feni
2006-02-28,0.0,33.31,20.81,1.64,76.53,0.47,2.99,Feni_Feni
2006-03-01,0.0,33.22,20.56,1.46,71.58,0.47,2.8,Feni_Feni
2006-03-02,0.0,33.65,20.51,1.1,64.55,0.47,2.85,Feni_Feni
2006-03-03,0.0,32.38,18.73,1.61,48.87,0.46,2.82,Feni_Feni
2006-03-04,0.01,32.18,16.79,1.37,47.37,0.46,2.59,Feni_Feni
2006-03-05,0.38,31.45,21.33,1.56,61.73,0.46,1.96,Feni_Feni
2006-03-06,0.0,32.65,20.84,1.43,66.23,0.46,2.46,Feni_Feni
2006-03-07,0.0,33.43,21.07,0.99,61.38,0.45,2.39,Feni_Feni
2006-03-08,0.0,35.04,19.99,1.24,47.06,0.45,2.46,Feni_Feni
2006-03-09,0.0,35.82,19.47,1.31,44.82,0.44,2.37,Feni_Feni
2006-03-10,0.0,34.19,21.35,1.11,51.48,0.44,1.56,Feni_Feni
2006-03-11,0.01,31.26,21.49,1.63,51.63,0.44,1.15,Feni_Feni
2006-03-12,0.02,31.8,18.73,2.27,56.35,0.44,1.87,Feni_Feni
2006-03-13,0.0,32.71,19.5,0.91,53.06,0.43,1.88,Feni_Feni
2006-03-14,0.0,33.5,19.52,1.54,49.75,0.43,1.8,Feni_Feni
2006-03-15,0.0,33.95,21.48,0.93,46.66,0.43,1.74,Feni_Feni
2006-03-16,0.0,32.8,20.54,1.59,63.15,0.43,1.43,Feni_Feni
2006-03-17,0.0,33.57,22.37,1.88,55.67,0.42,1.51,Feni_Feni
2006-03-18,0.0,33.68,19.51,2.03,42.71,0.42,1.52,Feni_Feni
2006-03-19,0.0,33.42,16.7,2.12,35.19,0.42,1.45,Feni_Feni
2006-03-20,0.0,34.25,15.47,2.05,34.51,0.41,1.35,Feni_Feni
2006-03-21,0.0,34.3,17.93,1.37,34.08,0.41,1.26,Feni_Feni
2006-03-22,0.0,35.55,19.74,2.27,65.43,0.41,1.09,Feni_Feni
2006-03-23,0.08,35.41,21.84,1.51,63.63,0.41,1.12,Feni_Feni
2006-03-24,0.0,35.25,21.87,1.34,60.25,0.4,1.11,Feni_Feni
2006-03-25,0.0,36.32,20.1,1.68,61.16,0.4,1.08,Feni_Feni
2006-03-26,0.0,37.12,21.31,2.61,63.6,0.4,1.04,Feni_Feni
2006-03-27,0.0,37.65,22.08,2.43,66.87,0.4,0.92,Feni_Feni
2006-03-28,0.0,37.67,23.53,1.14,56.1,0.4,0.92,Feni_Feni
2006-03-29,0.0,37.12,21.19,1.66,34.59,0.39,0.85,Feni_Feni
2006-03-30,0.0,37.97,22.27,1.13,37.44,0.39,0.86,Feni_Feni
2006-03-31,0.04,36.89,22.49,2.08,58.53,0.39,0.72,Feni_Feni
2006-04-01,1.59,35.9,23.31,2.37,63.53,0.39,0.68,Feni_Feni
2006-04-02,0.03,35.45,23.07,2.82,67.5,0.39,0.59,Feni_Feni
2006-04-03,1.88,33.43,23.65,3.63,70.09,0.39,0.47,Feni_Feni
2006-04-04,12.83,31.84,24.7,3.77,74.32,0.4,0.55,Feni_Feni
2006-04-05,19.67,32.13,24.89,3.32,76.42,0.43,1.21,Feni_Feni
2006-04-06,7.65,33.41,24.38,2.4,75.5,0.44,1.9,Feni_Feni
2006-04-07,0.33,34.91,23.44,2.34,71.36,0.43,2.03,Feni_Feni
2006-04-08,0.34,34.52,24.07,2.71,71.73,0.43,1.6,Feni_Feni
2006-04-09,0.33,34.41,24.17,2.78,70.31,0.42,1.46,Feni_Feni
2006-04-10,0.02,34.62,24.11,3.3,71.62,0.42,1.34,Feni_Feni
2006-04-11,0.05,34.86,25.49,4.34,70.75,0.41,1.19,Feni_Feni
2006-04-12,0.0,34.35,26.17,3.41,70.75,0.41,0.95,Feni_Feni
2006-04-13,1.75,34.35,25.63,2.74,74.25,0.41,0.82,Feni_Feni
2006-04-14,0.69,36.94,24.83,2.1,69.31,0.41,1.09,Feni_Feni
2006-04-15,0.0,35.88,26.24,2.09,66.92,0.41,0.88,Feni_Feni
2006-04-16,0.09,34.48,24.66,2.4,69.74,0.4,0.77,Feni_Feni
2006-04-17,6.49,32.56,25.63,1.91,74.55,0.4,0.46,Feni_Feni
2006-04-18,3.96,30.97,23.89,1.53,74.98,0.42,0.67,Feni_Feni
2006-04-19,4.62,33.64,24.64,1.19,65.4,0.42,1.41,Feni_Feni
2006-04-20,0.0,35.21,22.37,1.65,53.07,0.42,1.69,Feni_Feni
2006-04-21,0.0,36.69,21.04,1.19,44.63,0.41,1.53,Feni_Feni
2006-04-22,0.23,37.4,23.19,1.76,50.76,0.41,1.39,Feni_Feni
2006-04-23,0.82,37.74,24.94,1.36,56.57,0.4,1.2,Feni_Feni
2006-04-24,1.42,38.6,25.22,1.25,57.62,0.4,1.15,Feni_Feni
2006-04-25,1.52,37.84,25.34,1.59,59.76,0.4,1.06,Feni_Feni
2006-04-26,0.01,36.6,25.89,1.91,60.73,0.4,0.79,Feni_Feni
2006-04-27,0.6,36.92,25.91,2.01,60.1,0.39,0.82,Feni_Feni
2006-04-28,2.96,37.55,26.04,0.84,58.09,0.39,0.91,Feni_Feni
2006-04-29,0.66,37.99,26.7,1.17,54.03,0.39,0.88,Feni_Feni
2006-04-30,0.6,38.22,24.26,2.47,51.09,0.39,0.93,Feni_Feni
2006-05-01,0.03,37.92,26.62,2.65,62.13,0.39,0.71,Feni_Feni
2006-05-02,0.06,39.02,24.49,2.21,61.83,0.39,0.71,Feni_Feni
2006-05-03,0.09,37.23,25.98,2.19,64.6,0.38,0.49,Feni_Feni
2006-05-04,0.4,36.33,26.41,2.25,62.88,0.38,0.48,Feni_Feni
2006-05-05,0.1,36.15,26.49,2.27,63.18,0.38,0.44,Feni_Feni
2006-05-06,9.73,33.41,26.82,2.36,73.08,0.39,0.3,Feni_Feni
2006-05-07,12.47,30.84,25.5,2.52,81.22,0.42,0.5,Feni_Feni
2006-05-08,0.3,31.54,25.4,2.1,68.14,0.42,0.7,Feni_Feni
2006-05-09,1.58,31.85,25.52,2.83,75.26,0.41,0.53,Feni_Feni
2006-05-10,5.17,30.61,26.43,3.18,77.53,0.41,0.46,Feni_Feni
2006-05-11,45.12,31.94,26.14,3.23,79.22,0.44,0.95,Feni_Feni
2006-05-12,49.96,29.77,25.67,2.91,88.73,0.55,2.62,Feni_Feni
2006-05-13,15.24,30.92,25.69,2.6,86.04,0.57,5.15,Feni_Feni
2006-05-14,7.5,30.83,25.71,1.75,86.61,0.55,3.51,Feni_Feni
2006-05-15,5.83,28.5,24.18,2.56,87.62,0.55,2.78,Feni_Feni
2006-05-16,0.06,32.06,22.44,1.82,78.0,0.53,6.69,Feni_Feni
2006-05-17,0.24,34.88,23.73,1.14,69.48,0.52,7.97,Feni_Feni
2006-05-18,0.0,35.59,25.09,1.26,70.27,0.51,7.24,Feni_Feni
2006-05-19,1.63,35.82,25.18,1.46,70.26,0.49,6.02,Feni_Feni
2006-05-20,4.24,34.35,25.67,1.54,73.2,0.49,4.03,Feni_Feni
2006-05-21,3.31,35.66,26.28,1.04,68.87,0.49,5.17,Feni_Feni
2006-05-22,0.13,36.62,26.07,1.27,66.51,0.49,5.84,Feni_Feni
2006-05-23,0.56,36.45,26.31,1.12,66.74,0.48,5.19,Feni_Feni
2006-05-24,5.45,35.17,26.71,1.34,68.64,0.48,4.02,Feni_Feni
2006-05-25,7.78,30.54,26.91,1.18,82.85,0.48,1.15,Feni_Feni
2006-05-26,60.13,29.41,26.93,3.64,91.73,0.53,0.91,Feni_Feni
2006-05-27,111.27,28.45,26.39,3.68,93.61,0.71,0.52,Feni_Feni
2006-05-28,33.39,28.23,26.39,3.74,93.59,0.77,0.5,Feni_Feni
2006-05-29,34.63,29.0,26.53,4.01,93.5,0.77,0.71,Feni_Feni
2006-05-30,28.68,29.74,26.55,4.07,93.71,0.79,0.89,Feni_Feni
2006-05-31,9.6,30.17,26.27,2.59,92.86,0.77,1.44,Feni_Feni
2006-06-01,16.88,29.37,26.91,2.89,93.86,0.78,0.95,Feni_Feni
2006-06-02,20.91,29.58,26.14,1.52,92.41,0.79,1.13,Feni_Feni
2006-06-03,8.15,28.86,25.97,1.44,93.61,0.79,0.53,Feni_Feni
2006-06-04,9.93,30.1,25.75,1.76,89.79,0.79,1.59,Feni_Feni
2006-06-05,11.54,29.51,26.54,3.82,91.58,0.8,2.03,Feni_Feni
2006-06-06,14.84,30.47,26.69,4.55,90.2,0.81,3.35,Feni_Feni
2006-06-07,13.55,31.45,26.72,4.34,88.63,0.81,4.89,Feni_Feni
2006-06-08,11.72,30.56,26.57,4.0,88.54,0.81,4.4,Feni_Feni
2006-06-09,35.11,30.93,26.43,3.67,90.33,0.82,3.03,Feni_Feni
2006-06-10,64.17,28.89,26.54,4.26,93.24,0.89,1.12,Feni_Feni
2006-06-11,3.35,31.02,26.87,3.98,90.97,0.88,3.4,Feni_Feni
2006-06-12,1.21,31.67,27.33,3.69,91.92,0.86,2.61,Feni_Feni
2006-06-13,11.57,30.68,27.1,2.79,91.3,0.86,2.35,Feni_Feni
2006-06-14,18.75,30.42,26.63,2.42,91.28,0.88,2.06,Feni_Feni
2006-06-15,0.69,30.46,26.25,1.94,92.36,0.87,2.0,Feni_Feni
2006-06-16,5.57,30.28,26.14,2.26,93.27,0.87,1.99,Feni_Feni
2006-06-17,4.98,31.33,26.37,1.87,90.63,0.87,3.49,Feni_Feni
2006-06-18,0.63,31.13,25.83,1.19,90.61,0.87,2.86,Feni_Feni
2006-06-19,1.26,33.61,26.31,0.78,76.26,0.86,3.71,Feni_Feni
2006-06-20,13.6,32.55,26.21,1.32,84.03,0.86,5.15,Feni_Feni
2006-06-21,15.56,31.17,26.23,1.72,88.73,0.88,4.21,Feni_Feni
2006-06-22,3.91,30.26,25.44,1.72,90.04,0.87,2.41,Feni_Feni
2006-06-23,5.3,30.89,26.27,2.45,89.93,0.87,3.87,Feni_Feni
2006-06-24,4.57,30.76,26.19,1.46,89.51,0.87,2.87,Feni_Feni
2006-06-25,0.86,30.73,25.96,0.87,86.42,0.86,2.84,Feni_Feni
2006-06-26,7.41,31.14,25.86,1.41,88.45,0.86,3.91,Feni_Feni
2006-06-27,6.81,31.87,25.74,1.83,88.51,0.86,4.88,Feni_Feni
2006-06-28,7.65,30.61,25.9,1.77,90.58,0.86,2.85,Feni_Feni
2006-06-29,2.99,31.64,26.37,1.68,89.9,0.86,2.89,Feni_Feni
2006-06-30,3.72,30.58,26.77,2.65,91.89,0.86,2.2,Feni_Feni
2006-07-01,1.98,32.1,26.82,2.24,91.94,0.85,2.98,Feni_Feni
2006-07-02,6.54,31.93,27.03,3.77,88.56,0.85,4.93,Feni_Feni
2006-07-03,7.82,30.97,26.57,4.4,88.68,0.85,4.93,Feni_Feni
2006-07-04,18.51,31.23,26.91,3.47,89.25,0.86,4.41,Feni_Feni
2006-07-05,10.75,30.57,26.37,2.54,91.27,0.86,2.3,Feni_Feni
2006-07-06,28.53,31.12,26.84,2.79,90.92,0.88,2.84,Feni_Feni
2006-07-07,17.66,32.42,27.27,2.54,89.75,0.88,3.75,Feni_Feni
2006-07-08,15.1,29.83,26.87,2.46,93.25,0.89,1.23,Feni_Feni
2006-07-09,35.36,29.82,26.58,3.94,92.44,0.91,1.54,Feni_Feni
2006-07-10,27.61,31.33,26.43,3.46,91.04,0.92,3.3,Feni_Feni
2006-07-11,18.47,30.34,26.71,4.74,92.05,0.93,2.22,Feni_Feni
2006-07-12,6.9,30.37,26.44,3.47,90.94,0.93,3.07,Feni_Feni
2006-07-13,0.64,28.8,26.28,2.45,91.38,0.92,2.23,Feni_Feni
2006-07-14,1.56,30.92,26.17,2.9,90.91,0.91,3.46,Feni_Feni
2006-07-15,1.14,31.09,26.64,3.32,90.96,0.91,3.64,Feni_Feni
2006-07-16,2.26,31.98,26.04,2.87,89.36,0.9,5.55,Feni_Feni
2006-07-17,5.01,30.52,26.01,2.99,89.32,0.9,4.62,Feni_Feni
2006-07-18,3.25,30.71,26.33,3.34,89.0,0.89,4.44,Feni_Feni
2006-07-19,10.54,30.23,26.18,3.32,90.09,0.89,3.73,Feni_Feni
2006-07-20,14.92,30.24,25.96,3.72,90.48,0.89,3.2,Feni_Feni
2006-07-21,2.81,30.77,25.78,3.59,87.82,0.89,5.25,Feni_Feni
2006-07-22,10.19,30.67,25.21,2.85,88.54,0.88,4.35,Feni_Feni
2006-07-23,5.31,30.25,25.07,1.86,89.08,0.88,3.45,Feni_Feni
2006-07-24,6.84,31.48,25.49,2.42,89.51,0.88,4.92,Feni_Feni
2006-07-25,9.29,30.92,25.8,1.97,90.85,0.88,3.24,Feni_Feni
2006-07-26,5.46,30.21,26.38,1.55,90.77,0.88,2.29,Feni_Feni
2006-07-27,7.34,30.5,25.8,2.45,91.49,0.88,3.03,Feni_Feni
2006-07-28,6.82,28.54,25.61,3.22,93.99,0.88,1.0,Feni_Feni
2006-07-29,8.91,30.31,26.05,3.25,91.69,0.88,2.84,Feni_Feni
2006-07-30,3.1,30.7,26.11,2.82,90.81,0.88,3.51,Feni_Feni
2006-07-31,3.43,30.48,25.86,2.35,89.95,0.87,3.1,Feni_Feni
2006-08-01,4.95,30.63,25.72,2.65,90.69,0.87,3.75,Feni_Feni
2006-08-02,0.36,31.29,25.32,3.34,88.54,0.87,4.61,Feni_Feni
2006-08-03,1.19,30.21,24.76,3.84,88.44,0.86,5.27,Feni_Feni
2006-08-04,7.49,27.48,24.4,3.21,92.7,0.86,1.34,Feni_Feni
2006-08-05,11.31,28.65,24.34,2.35,90.36,0.86,2.73,Feni_Feni
2006-08-06,9.82,29.94,24.04,1.87,88.59,0.87,4.43,Feni_Feni
2006-08-07,15.22,30.82,24.68,1.65,89.32,0.87,3.86,Feni_Feni
2006-08-08,13.67,29.93,25.65,1.1,89.32,0.88,2.28,Feni_Feni
2006-08-09,11.44,31.46,25.72,1.05,88.36,0.88,3.05,Feni_Feni
2006-08-10,20.44,29.95,26.2,2.67,92.83,0.9,2.41,Feni_Feni
2006-08-11,14.72,32.22,26.75,2.22,90.38,0.9,3.9,Feni_Feni
2006-08-12,1.83,31.17,25.78,3.42,89.69,0.89,5.49,Feni_Feni
2006-08-13,1.76,30.39,26.06,2.58,91.04,0.89,3.44,Feni_Feni
2006-08-14,0.9,29.43,25.73,1.76,91.64,0.88,2.38,Feni_Feni
2006-08-15,1.8,29.68,25.78,2.02,92.84,0.88,2.53,Feni_Feni
2006-08-16,0.68,30.51,25.07,2.89,91.4,0.87,2.86,Feni_Feni
2006-08-17,3.22,29.26,25.25,2.97,91.79,0.87,2.52,Feni_Feni
2006-08-18,4.54,30.29,25.5,2.81,91.15,0.87,3.68,Feni_Feni
2006-08-19,5.32,30.46,25.79,1.75,91.23,0.87,3.25,Feni_Feni
2006-08-20,4.54,31.07,25.71,1.37,90.11,0.86,3.92,Feni_Feni
2006-08-21,10.24,28.8,25.89,2.59,92.78,0.87,1.89,Feni_Feni
2006-08-22,12.27,29.88,24.98,4.54,90.65,0.87,3.88,Feni_Feni
2006-08-23,16.99,29.97,25.41,4.34,89.76,0.88,4.67,Feni_Feni
2006-08-24,20.55,30.96,25.81,3.51,90.72,0.89,4.4,Feni_Feni
2006-08-25,8.29,31.04,25.44,2.11,89.85,0.89,4.67,Feni_Feni
2006-08-26,3.01,30.26,25.8,2.71,89.28,0.88,5.08,Feni_Feni
2006-08-27,1.13,31.6,25.59,2.34,88.9,0.87,6.21,Feni_Feni
2006-08-28,11.79,32.25,25.74,1.49,87.43,0.87,5.49,Feni_Feni
2006-08-29,4.87,29.71,25.82,3.33,91.14,0.87,3.09,Feni_Feni
2006-08-30,4.63,28.6,25.59,2.44,92.45,0.87,1.73,Feni_Feni
2006-08-31,3.4,29.05,25.33,1.26,91.51,0.87,1.73,Feni_Feni
2006-09-01,3.02,30.13,24.95,1.25,89.66,0.87,2.45,Feni_Feni
2006-09-02,7.4,30.29,25.11,2.01,91.58,0.87,2.68,Feni_Feni
2006-09-03,6.06,29.88,25.28,3.12,89.79,0.87,4.84,Feni_Feni
2006-09-04,1.22,30.31,24.6,2.98,88.68,0.86,6.21,Feni_Feni
2006-09-05,0.31,31.16,24.07,1.6,86.4,0.85,7.42,Feni_Feni
2006-09-06,0.0,31.5,24.12,1.01,85.74,0.85,6.59,Feni_Feni
2006-09-07,0.11,31.49,24.79,1.6,87.17,0.84,7.73,Feni_Feni
2006-09-08,2.0,31.92,24.97,1.6,87.85,0.83,7.38,Feni_Feni
2006-09-09,3.32,31.55,25.78,1.39,88.94,0.83,5.01,Feni_Feni
2006-09-10,20.31,28.91,25.96,1.59,93.06,0.84,1.38,Feni_Feni
2006-09-11,28.68,28.25,25.28,1.94,94.08,0.88,0.68,Feni_Feni
2006-09-12,5.86,29.5,24.73,1.78,89.13,0.87,3.11,Feni_Feni
2006-09-13,0.96,30.21,25.43,1.54,90.04,0.86,3.77,Feni_Feni
2006-09-14,3.45,30.63,26.03,0.87,86.55,0.86,3.36,Feni_Feni
2006-09-15,1.62,30.45,25.84,0.61,83.04,0.86,3.35,Feni_Feni
2006-09-16,1.95,31.88,24.6,0.86,84.23,0.85,6.22,Feni_Feni
2006-09-17,1.35,31.83,25.73,0.85,84.33,0.85,5.86,Feni_Feni
2006-09-18,8.17,31.86,24.74,1.91,86.85,0.85,6.37,Feni_Feni
2006-09-19,16.68,30.47,25.55,2.62,88.62,0.86,5.12,Feni_Feni
2006-09-20,32.54,27.26,25.58,3.91,92.85,0.88,1.14,Feni_Feni
2006-09-21,91.99,27.48,25.22,4.97,93.71,0.92,0.69,Feni_Feni
2006-09-22,79.02,27.78,25.11,4.59,94.39,0.99,0.44,Feni_Feni
2006-09-23,29.56,28.09,25.51,3.98,92.7,1.0,0.93,Feni_Feni
2006-09-24,6.47,29.66,24.69,2.79,91.42,0.98,2.64,Feni_Feni
2006-09-25,5.81,30.25,24.98,1.7,89.42,0.98,3.86,Feni_Feni
2006-09-26,0.21,31.3,24.97,0.75,82.32,0.97,7.44,Feni_Feni
2006-09-27,0.07,30.28,24.32,1.33,87.68,0.96,3.69,Feni_Feni
2006-09-28,4.11,30.2,25.23,0.83,89.33,0.96,2.19,Feni_Feni
2006-09-29,5.74,29.29,25.75,1.05,92.58,0.96,1.09,Feni_Feni
2006-09-30,4.5,30.24,25.42,0.8,88.56,0.96,3.73,Feni_Feni
2006-10-01,2.53,30.05,24.95,0.66,88.09,0.96,3.02,Feni_Feni
2006-10-02,0.57,31.5,24.76,1.09,86.29,0.95,6.52,Feni_Feni
2006-10-03,2.84,31.68,25.14,1.02,84.87,0.95,5.27,Feni_Feni
2006-10-04,8.54,30.39,25.81,1.07,90.2,0.95,2.26,Feni_Feni
2006-10-05,1.62,29.51,25.2,1.02,90.01,0.95,2.56,Feni_Feni
2006-10-06,8.93,31.75,25.62,0.62,82.52,0.95,5.91,Feni_Feni
2006-10-07,0.71,31.66,23.65,0.93,83.05,0.94,7.07,Feni_Feni
2006-10-08,0.0,31.56,23.82,1.34,85.71,0.93,6.36,Feni_Feni
2006-10-09,0.98,31.92,24.53,1.06,80.97,0.93,6.21,Feni_Feni
2006-10-10,3.03,31.42,24.87,1.17,85.93,0.92,6.13,Feni_Feni
2006-10-11,0.7,31.83,24.55,0.88,83.83,0.92,8.21,Feni_Feni
2006-10-12,1.59,31.96,24.6,1.1,85.08,0.91,7.26,Feni_Feni
2006-10-13,5.46,29.95,25.16,1.59,90.08,0.91,3.17,Feni_Feni
2006-10-14,3.69,29.54,24.83,0.91,86.75,0.91,1.35,Feni_Feni
2006-10-15,0.79,30.25,24.9,0.38,78.64,0.9,5.41,Feni_Feni
2006-10-16,0.12,29.79,23.25,1.16,84.03,0.9,4.93,Feni_Feni
2006-10-17,0.62,29.26,23.19,1.28,87.62,0.9,3.04,Feni_Feni
2006-10-18,0.5,27.95,22.54,1.37,89.55,0.89,2.05,Feni_Feni
2006-10-19,0.34,27.77,22.32,0.82,84.27,0.89,2.12,Feni_Feni
2006-10-20,1.53,27.9,22.22,1.29,86.22,0.89,2.2,Feni_Feni
2006-10-21,0.1,29.57,20.99,1.07,82.99,0.88,6.78,Feni_Feni
2006-10-22,0.0,29.48,21.07,1.41,85.33,0.88,6.53,Feni_Feni
2006-10-23,0.0,29.56,20.64,1.66,85.36,0.87,6.36,Feni_Feni
2006-10-24,0.0,29.15,19.86,1.71,85.78,0.86,6.28,Feni_Feni
2006-10-25,0.0,29.12,19.72,1.94,86.12,0.86,5.29,Feni_Feni
2006-10-26,0.0,30.1,20.16,1.54,83.87,0.85,6.91,Feni_Feni
2006-10-27,0.01,29.81,20.04,1.57,83.87,0.84,6.57,Feni_Feni
2006-10-28,0.02,27.72,21.25,1.32,86.75,0.84,3.08,Feni_Feni
2006-10-29,0.0,29.48,20.5,1.65,84.51,0.84,6.21,Feni_Feni
2006-10-30,0.01,28.87,18.63,1.48,82.87,0.83,4.95,Feni_Feni
2006-10-31,0.16,29.35,20.38,1.63,83.33,0.82,5.69,Feni_Feni
2006-11-01,0.12,28.85,20.05,1.4,86.19,0.82,4.05,Feni_Feni
2006-11-02,0.17,29.84,20.72,1.7,84.75,0.81,6.22,Feni_Feni
2006-11-03,0.0,29.95,20.83,1.53,84.74,0.81,6.47,Feni_Feni
2006-11-04,0.0,29.68,19.64,1.51,83.75,0.8,6.48,Feni_Feni
2006-11-05,0.0,28.35,19.5,1.81,86.5,0.8,5.39,Feni_Feni
2006-11-06,0.0,27.86,20.28,2.2,86.46,0.79,4.39,Feni_Feni
2006-11-07,0.05,25.96,20.37,2.07,87.92,0.79,2.26,Feni_Feni
2006-11-08,2.91,27.99,19.73,0.91,85.34,0.79,3.61,Feni_Feni
2006-11-09,1.35,26.25,21.27,1.01,88.59,0.79,1.5,Feni_Feni
2006-11-10,0.49,27.28,20.64,1.67,88.11,0.79,3.09,Feni_Feni
2006-11-11,0.16,26.99,19.97,1.7,88.32,0.79,3.65,Feni_Feni
2006-11-12,0.0,26.22,19.96,2.01,87.89,0.78,3.45,Feni_Feni
2006-11-13,0.03,27.74,18.56,1.7,86.62,0.78,4.72,Feni_Feni
2006-11-14,0.0,27.84,18.93,1.27,83.53,0.77,4.62,Feni_Feni
2006-11-15,0.0,27.72,17.31,1.68,82.38,0.77,5.5,Feni_Feni
2006-11-16,0.0,27.07,17.54,1.52,78.52,0.76,5.27,Feni_Feni
2006-11-17,0.0,26.44,15.9,1.65,82.35,0.76,5.14,Feni_Feni
2006-11-18,0.0,26.69,15.57,1.71,78.96,0.76,5.22,Feni_Feni
2006-11-19,0.0,26.37,15.72,1.42,76.81,0.75,5.02,Feni_Feni
2006-11-20,0.0,27.52,16.93,0.81,73.23,0.75,4.61,Feni_Feni
2006-11-21,0.0,26.86,17.78,0.99,76.08,0.74,5.04,Feni_Feni
2006-11-22,0.0,26.03,15.73,1.11,73.53,0.74,4.93,Feni_Feni
2006-11-23,0.0,26.35,16.91,0.7,68.82,0.73,5.23,Feni_Feni
2006-11-24,0.0,27.61,17.33,0.67,67.69,0.73,5.34,Feni_Feni
2006-11-25,0.05,27.15,17.94,0.9,72.69,0.73,4.91,Feni_Feni
2006-11-26,0.18,26.13,18.32,0.79,73.6,0.72,4.16,Feni_Feni
2006-11-27,0.0,25.6,15.91,1.46,77.22,0.72,4.58,Feni_Feni
2006-11-28,0.0,23.63,13.08,1.6,73.73,0.71,4.11,Feni_Feni
2006-11-29,0.0,23.1,11.51,1.57,76.88,0.71,3.92,Feni_Feni
2006-11-30,0.0,23.18,11.36,1.7,79.1,0.71,3.7,Feni_Feni
2006-12-01,0.0,22.92,11.46,1.95,81.65,0.7,3.51,Feni_Feni
2006-12-02,0.0,23.07,11.11,1.85,78.22,0.7,3.62,Feni_Feni
2006-12-03,0.0,22.9,10.36,1.82,76.69,0.7,3.35,Feni_Feni
2006-12-04,0.0,23.81,11.37,1.49,77.1,0.69,3.68,Feni_Feni
2006-12-05,0.0,24.07,12.54,1.29,77.61,0.69,3.85,Feni_Feni
2006-12-06,0.0,24.84,12.83,1.27,79.12,0.69,4.2,Feni_Feni
2006-12-07,0.0,24.9,12.96,1.5,77.26,0.68,4.14,Feni_Feni
2006-12-08,0.0,25.56,13.05,1.32,74.77,0.68,4.19,Feni_Feni
2006-12-09,0.0,25.4,13.27,1.5,77.34,0.67,3.93,Feni_Feni
2006-12-10,0.0,24.88,13.99,1.4,79.25,0.67,3.44,Feni_Feni
2006-12-11,0.0,24.94,13.48,1.39,78.12,0.67,3.68,Feni_Feni
2006-12-12,0.02,25.01,13.19,1.07,77.35,0.67,3.38,Feni_Feni
2006-12-13,0.0,23.9,14.63,1.98,83.2,0.66,3.12,Feni_Feni
2006-12-14,0.0,22.6,11.04,1.79,80.33,0.66,3.58,Feni_Feni
2006-12-15,0.0,23.11,10.69,1.56,84.35,0.66,3.39,Feni_Feni
2006-12-16,0.0,25.26,12.19,0.97,79.57,0.65,4.22,Feni_Feni
2006-12-17,0.0,25.69,13.67,1.03,78.07,0.65,4.47,Feni_Feni
2006-12-18,0.06,24.82,16.37,1.01,83.13,0.65,4.02,Feni_Feni
2006-12-19,0.0,25.89,14.69,0.84,78.39,0.64,4.53,Feni_Feni
2006-12-20,0.0,26.92,15.46,1.13,81.44,0.64,4.6,Feni_Feni
2006-12-21,0.0,26.53,16.22,0.79,78.79,0.64,4.73,Feni_Feni
2006-12-22,0.0,25.95,15.83,0.85,74.73,0.63,4.64,Feni_Feni
2006-12-23,0.0,25.18,14.84,1.24,76.54,0.63,3.96,Feni_Feni
2006-12-24,0.0,24.69,12.98,2.12,80.86,0.62,3.91,Feni_Feni
2006-12-25,0.0,23.49,11.4,1.86,78.3,0.62,3.38,Feni_Feni
2006-12-26,0.0,23.44,10.69,1.36,73.28,0.62,3.18,Feni_Feni
2006-12-27,0.0,23.94,11.28,1.09,67.69,0.62,3.42,Feni_Feni
2006-12-28,0.0,23.83,11.52,1.35,74.6,0.61,2.9,Feni_Feni
2006-12-29,0.0,23.58,11.66,1.63,76.09,0.61,3.07,Feni_Feni
2006-12-30,0.0,22.71,11.56,1.31,80.86,0.61,2.66,Feni_Feni
2006-12-31,0.0,22.39,10.94,1.4,84.04,0.61,2.36,Feni_Feni
2007-01-01,0.0,22.84,10.66,1.41,76.94,0.6,3.06,Feni_Feni
2007-01-02,0.0,22.4,10.6,1.42,70.66,0.6,2.95,Feni_Feni
2007-01-03,0.0,21.15,9.32,1.79,73.34,0.6,2.78,Feni_Feni
2007-01-04,0.0,20.06,8.08,1.63,73.69,0.6,2.16,Feni_Feni
2007-01-05,0.0,21.87,8.52,1.55,77.04,0.59,2.31,Feni_Feni
2007-01-06,0.0,23.61,8.91,1.69,78.13,0.59,2.33,Feni_Feni
2007-01-07,0.0,23.33,9.4,1.8,76.39,0.59,3.28,Feni_Feni
2007-01-08,0.0,22.61,9.3,1.85,78.46,0.59,3.09,Feni_Feni
2007-01-09,0.0,22.7,8.73,1.73,74.08,0.58,2.98,Feni_Feni
2007-01-10,0.0,22.94,9.48,1.49,72.35,0.58,2.99,Feni_Feni
2007-01-11,0.0,23.2,9.03,1.66,73.28,0.58,3.24,Feni_Feni
2007-01-12,0.0,23.4,9.2,1.84,70.07,0.57,3.29,Feni_Feni
2007-01-13,0.0,23.34,9.83,1.57,73.7,0.57,2.63,Feni_Feni
2007-01-14,0.0,22.49,11.07,1.53,73.13,0.57,2.64,Feni_Feni
2007-01-15,0.0,21.47,8.42,1.46,64.9,0.56,2.68,Feni_Feni
2007-01-16,0.0,22.34,8.8,1.51,61.61,0.56,2.96,Feni_Feni
2007-01-17,0.0,23.6,9.64,1.76,64.83,0.56,3.35,Feni_Feni
2007-01-18,0.0,23.33,9.11,2.0,67.53,0.55,3.52,Feni_Feni
2007-01-19,0.0,22.36,8.87,1.71,68.2,0.55,2.96,Feni_Feni
2007-01-20,0.0,22.72,9.17,1.16,59.34,0.55,2.74,Feni_Feni
2007-01-21,0.0,23.32,9.98,1.02,57.63,0.54,3.14,Feni_Feni
2007-01-22,0.0,24.29,11.11,1.42,63.88,0.54,3.35,Feni_Feni
2007-01-23,0.0,24.44,10.38,1.88,64.87,0.54,3.68,Feni_Feni
2007-01-24,0.0,24.28,9.42,1.64,66.59,0.54,3.38,Feni_Feni
2007-01-25,0.0,24.41,10.38,1.26,65.56,0.53,3.21,Feni_Feni
2007-01-26,0.0,24.98,12.02,1.01,63.4,0.53,2.91,Feni_Feni
2007-01-27,0.0,26.28,13.3,1.16,62.16,0.53,3.26,Feni_Feni
2007-01-28,0.0,27.65,13.72,1.39,59.85,0.52,3.56,Feni_Feni
2007-01-29,0.0,26.71,14.48,0.9,64.45,0.52,2.85,Feni_Feni
2007-01-30,0.0,25.58,15.78,1.18,84.81,0.52,1.88,Feni_Feni
2007-01-31,0.0,26.71,15.33,1.58,85.44,0.52,2.26,Feni_Feni
2007-02-01,0.32,26.96,16.27,1.24,79.33,0.52,2.42,Feni_Feni
2007-02-02,0.01,27.36,15.33,1.08,76.56,0.51,2.78,Feni_Feni
2007-02-03,0.05,26.74,16.84,1.18,78.1,0.51,2.64,Feni_Feni
2007-02-04,7.42,26.0,16.38,1.88,84.7,0.51,2.04,Feni_Feni
2007-02-05,31.49,24.29,17.39,2.68,90.01,0.56,1.65,Feni_Feni
2007-02-06,4.75,25.41,17.2,2.11,87.22,0.57,2.98,Feni_Feni
2007-02-07,5.35,24.53,16.38,1.88,85.82,0.57,2.88,Feni_Feni
2007-02-08,0.86,26.1,14.48,1.07,80.53,0.56,3.74,Feni_Feni
2007-02-09,0.23,26.44,14.66,1.21,75.92,0.55,4.1,Feni_Feni
2007-02-10,0.0,28.05,14.27,1.49,69.19,0.54,4.83,Feni_Feni
2007-02-11,0.0,27.82,15.28,1.16,60.21,0.54,4.83,Feni_Feni
2007-02-12,0.0,27.36,16.02,1.01,73.72,0.53,4.0,Feni_Feni
2007-02-13,1.61,25.99,15.65,0.95,77.64,0.53,3.35,Feni_Feni
2007-02-14,20.18,21.21,16.62,2.47,91.09,0.56,0.77,Feni_Feni
2007-02-15,0.01,24.48,12.71,1.66,74.45,0.56,4.19,Feni_Feni
2007-02-16,0.0,23.78,11.76,1.2,60.19,0.55,4.33,Feni_Feni
2007-02-17,0.0,25.03,11.2,1.52,67.83,0.54,4.09,Feni_Feni
2007-02-18,0.0,25.6,12.72,1.66,66.28,0.54,4.26,Feni_Feni
2007-02-19,0.0,25.69,12.08,2.02,64.43,0.53,3.82,Feni_Feni
2007-02-20,0.0,25.93,11.29,1.99,59.48,0.53,3.81,Feni_Feni
2007-02-21,0.0,26.83,12.01,1.64,58.63,0.52,3.71,Feni_Feni
2007-02-22,0.0,27.4,12.18,1.44,58.32,0.52,3.74,Feni_Feni
2007-02-23,0.0,27.57,12.84,1.48,60.89,0.51,3.46,Feni_Feni
2007-02-24,0.0,28.61,15.24,1.31,55.31,0.51,3.59,Feni_Feni
2007-02-25,0.0,29.03,15.87,1.05,51.78,0.5,3.42,Feni_Feni
2007-02-26,0.03,28.89,16.31,1.48,57.5,0.5,3.24,Feni_Feni
2007-02-27,0.02,28.77,14.97,1.89,62.62,0.5,3.3,Feni_Feni
2007-02-28,0.0,29.33,14.83,1.68,58.96,0.49,3.23,Feni_Feni
2007-03-01,0.37,30.8,15.93,1.3,56.47,0.49,3.2,Feni_Feni
2007-03-02,1.64,28.48,15.98,1.56,67.13,0.49,2.38,Feni_Feni
2007-03-03,0.03,28.53,17.36,1.96,66.35,0.48,2.89,Feni_Feni
2007-03-04,0.0,28.94,14.37,1.84,55.75,0.48,2.85,Feni_Feni
2007-03-05,0.0,29.44,13.88,1.84,52.76,0.48,2.74,Feni_Feni
2007-03-06,0.0,29.34,13.87,1.79,48.4,0.47,2.62,Feni_Feni
2007-03-07,0.0,29.51,15.7,1.78,41.47,0.47,2.63,Feni_Feni
2007-03-08,0.0,29.49,13.98,1.43,41.22,0.47,2.5,Feni_Feni
2007-03-09,0.0,30.26,12.86,1.73,42.3,0.46,2.44,Feni_Feni
2007-03-10,0.0,30.98,13.5,1.63,42.71,0.46,2.28,Feni_Feni
2007-03-11,0.0,32.51,17.42,1.05,44.78,0.46,2.2,Feni_Feni
2007-03-12,0.0,34.38,18.24,1.19,47.8,0.45,2.35,Feni_Feni
2007-03-13,0.01,33.1,18.65,1.65,51.05,0.45,2.09,Feni_Feni
2007-03-14,0.0,33.59,18.82,2.22,53.01,0.45,2.07,Feni_Feni
2007-03-15,0.0,32.63,19.56,1.87,55.62,0.44,1.8,Feni_Feni
2007-03-16,0.0,31.25,18.32,2.46,45.49,0.44,1.86,Feni_Feni
2007-03-17,0.0,31.47,16.38,1.45,36.09,0.44,1.71,Feni_Feni
2007-03-18,0.0,31.41,14.73,1.4,38.3,0.43,1.6,Feni_Feni
2007-03-19,0.0,32.62,16.51,1.1,38.78,0.43,1.6,Feni_Feni
2007-03-20,0.0,33.55,18.36,1.08,59.13,0.43,1.49,Feni_Feni
2007-03-21,0.0,32.4,20.64,1.95,73.04,0.43,1.19,Feni_Feni
2007-03-22,0.26,32.04,21.57,2.91,74.58,0.42,1.13,Feni_Feni
2007-03-23,0.08,32.86,22.21,2.65,74.26,0.42,1.2,Feni_Feni
2007-03-24,0.01,33.68,22.19,2.11,71.8,0.42,1.27,Feni_Feni
2007-03-25,0.0,35.2,22.28,1.18,58.7,0.42,1.38,Feni_Feni
2007-03-26,0.0,35.63,20.28,1.18,50.84,0.42,1.39,Feni_Feni
2007-03-27,0.0,35.85,19.88,1.1,42.73,0.41,1.34,Feni_Feni
2007-03-28,9.86,35.1,16.76,1.2,44.09,0.43,1.78,Feni_Feni
2007-03-29,0.0,36.18,19.53,1.26,38.25,0.42,1.66,Feni_Feni
2007-03-30,0.0,36.4,20.79,1.41,56.89,0.42,1.5,Feni_Feni
2007-03-31,0.0,36.05,21.11,1.8,63.67,0.41,1.35,Feni_Feni
2007-04-01,0.0,35.47,21.78,2.39,66.71,0.41,1.14,Feni_Feni
2007-04-02,0.0,35.23,22.63,3.11,71.2,0.41,0.95,Feni_Feni
2007-04-03,0.01,35.08,23.85,3.53,73.26,0.41,0.84,Feni_Feni
2007-04-04,0.01,34.58,24.34,3.39,72.79,0.4,0.79,Feni_Feni
2007-04-05,0.01,34.86,23.34,2.89,70.57,0.4,0.81,Feni_Feni
2007-04-06,0.01,35.0,22.93,2.83,67.97,0.4,0.83,Feni_Feni
2007-04-07,0.0,34.28,23.81,3.05,68.7,0.4,0.69,Feni_Feni
2007-04-08,0.01,33.85,23.68,3.82,71.29,0.4,0.61,Feni_Feni
2007-04-09,0.99,34.38,25.15,4.06,69.16,0.4,0.63,Feni_Feni
2007-04-10,17.43,32.63,24.33,3.19,75.51,0.41,0.68,Feni_Feni
2007-04-11,23.68,30.54,23.34,3.28,81.44,0.45,1.34,Feni_Feni
2007-04-12,13.31,30.71,23.84,2.55,80.63,0.47,1.66,Feni_Feni
2007-04-13,2.12,30.29,23.77,1.2,74.78,0.47,1.93,Feni_Feni
2007-04-14,0.0,31.27,22.52,0.69,69.08,0.46,1.51,Feni_Feni
2007-04-15,0.0,31.04,24.12,0.74,71.61,0.45,1.18,Feni_Feni
2007-04-16,0.0,32.72,23.91,1.37,71.61,0.45,1.48,Feni_Feni
2007-04-17,0.0,35.86,23.45,1.08,64.5,0.44,2.54,Feni_Feni
2007-04-18,0.98,35.7,23.91,0.97,63.15,0.44,2.09,Feni_Feni
2007-04-19,0.57,35.85,24.2,1.64,62.56,0.43,2.13,Feni_Feni
2007-04-20,1.29,34.09,24.43,2.17,68.96,0.43,1.55,Feni_Feni
2007-04-21,5.83,33.64,24.85,2.81,72.57,0.43,1.49,Feni_Feni
2007-04-22,25.82,30.09,25.37,3.39,84.09,0.46,0.75,Feni_Feni
2007-04-23,24.21,31.62,25.9,3.77,83.85,0.5,3.22,Feni_Feni
2007-04-24,7.89,32.28,25.33,3.55,83.22,0.51,4.1,Feni_Feni
2007-04-25,5.98,32.69,24.93,2.88,79.09,0.51,4.35,Feni_Feni
2007-04-26,2.96,33.53,24.32,2.47,78.39,0.49,4.11,Feni_Feni
2007-04-27,4.95,33.81,23.65,2.93,73.34,0.49,3.79,Feni_Feni
2007-04-28,15.37,31.84,22.46,1.42,76.64,0.51,4.23,Feni_Feni
2007-04-29,0.0,34.61,23.23,1.0,67.94,0.5,5.91,Feni_Feni
2007-04-30,0.0,35.43,22.91,1.63,64.81,0.49,5.33,Feni_Feni
2007-05-01,0.0,37.5,21.84,1.96,59.9,0.48,5.01,Feni_Feni
2007-05-02,0.0,37.34,24.4,1.35,55.02,0.47,4.37,Feni_Feni
2007-05-03,0.08,36.47,25.72,0.92,63.13,0.46,3.37,Feni_Feni
2007-05-04,0.22,36.15,26.66,0.89,61.59,0.46,3.15,Feni_Feni
2007-05-05,0.0,36.54,26.09,1.14,65.59,0.46,3.04,Feni_Feni
2007-05-06,0.05,37.15,26.9,1.15,64.37,0.45,2.83,Feni_Feni
2007-05-07,0.06,34.28,26.32,1.07,66.48,0.45,2.02,Feni_Feni
2007-05-08,0.47,35.29,25.36,1.52,64.68,0.44,2.4,Feni_Feni
2007-05-09,14.42,33.1,25.89,1.03,73.74,0.46,1.81,Feni_Feni
2007-05-10,13.51,32.94,25.68,1.09,73.77,0.48,3.34,Feni_Feni
2007-05-11,1.83,33.15,25.9,1.7,75.61,0.48,3.22,Feni_Feni
2007-05-12,2.26,32.43,26.49,0.89,74.99,0.48,1.77,Feni_Feni
2007-05-13,0.86,32.45,25.35,1.31,75.5,0.47,2.25,Feni_Feni
2007-05-14,31.81,28.61,24.04,3.18,85.19,0.49,1.03,Feni_Feni
2007-05-15,19.22,30.23,22.99,3.23,83.36,0.55,5.45,Feni_Feni
2007-05-16,7.71,31.82,24.97,1.88,83.05,0.54,5.27,Feni_Feni
2007-05-17,11.14,29.41,25.07,2.32,84.97,0.55,3.7,Feni_Feni
2007-05-18,11.09,31.09,23.66,2.04,85.33,0.54,5.03,Feni_Feni
2007-05-19,25.86,30.16,25.61,1.06,86.3,0.57,3.01,Feni_Feni
2007-05-20,19.89,31.78,25.57,1.89,83.7,0.59,5.71,Feni_Feni
2007-05-21,12.75,29.62,26.04,1.98,89.07,0.6,2.65,Feni_Feni
2007-05-22,0.94,31.8,26.33,2.79,86.94,0.59,4.48,Feni_Feni
2007-05-23,0.95,30.82,26.51,2.95,89.68,0.58,2.88,Feni_Feni
2007-05-24,9.53,30.66,26.68,3.26,91.36,0.58,2.38,Feni_Feni
2007-05-25,10.03,30.13,25.57,2.73,88.87,0.6,3.17,Feni_Feni
2007-05-26,1.87,30.34,25.07,2.66,85.27,0.6,5.31,Feni_Feni
2007-05-27,9.23,31.44,24.51,2.16,87.4,0.59,5.58,Feni_Feni
2007-05-28,16.89,30.81,26.3,1.64,89.84,0.61,2.9,Feni_Feni
2007-05-29,0.01,31.95,25.87,1.2,85.09,0.61,5.53,Feni_Feni
2007-05-30,0.0,31.05,25.58,1.37,89.5,0.6,3.7,Feni_Feni
2007-05-31,0.0,32.16,25.96,2.11,87.13,0.59,5.86,Feni_Feni
2007-06-01,0.26,31.45,26.51,2.41,86.85,0.58,5.08,Feni_Feni
2007-06-02,1.34,31.51,26.74,2.34,87.32,0.58,4.13,Feni_Feni
2007-06-03,8.97,30.96,26.67,2.2,89.73,0.58,2.81,Feni_Feni
2007-06-04,11.29,32.39,26.03,1.27,85.98,0.6,5.78,Feni_Feni
2007-06-05,8.14,29.84,26.32,2.02,89.71,0.61,2.19,Feni_Feni
2007-06-06,1.28,30.07,26.08,2.54,89.04,0.61,2.97,Feni_Feni
2007-06-07,22.1,30.4,26.32,2.24,87.95,0.61,3.45,Feni_Feni
2007-06-08,88.47,30.6,26.51,3.5,88.77,0.72,3.35,Feni_Feni
2007-06-09,10.48,29.55,26.81,3.3,91.31,0.72,1.33,Feni_Feni
2007-06-10,77.36,28.47,26.3,3.54,94.24,0.78,0.38,Feni_Feni
2007-06-11,91.86,29.85,26.85,2.68,94.34,0.87,0.56,Feni_Feni
2007-06-12,55.83,30.84,26.72,1.63,90.08,0.92,2.33,Feni_Feni
2007-06-13,7.9,29.58,25.56,2.24,91.52,0.89,1.88,Feni_Feni
2007-06-14,2.15,31.35,25.29,3.12,87.38,0.87,4.99,Feni_Feni
2007-06-15,42.06,29.58,26.34,3.67,93.3,0.88,0.82,Feni_Feni
2007-06-16,39.41,29.49,26.5,3.38,92.42,0.92,1.3,Feni_Feni
2007-06-17,31.38,29.32,26.61,2.6,92.97,0.93,0.96,Feni_Feni
2007-06-18,17.16,28.93,25.99,2.17,93.9,0.94,0.73,Feni_Feni
2007-06-19,1.07,31.28,25.74,1.32,88.77,0.93,3.51,Feni_Feni
2007-06-20,1.67,32.83,25.92,0.91,83.61,0.92,4.78,Feni_Feni
2007-06-21,2.28,32.5,26.25,1.3,87.39,0.92,3.32,Feni_Feni
2007-06-22,5.17,30.65,26.87,1.98,92.16,0.92,1.72,Feni_Feni
2007-06-23,4.15,30.9,26.43,2.31,90.23,0.92,2.52,Feni_Feni
2007-06-24,3.63,31.06,25.79,1.3,88.7,0.91,3.28,Feni_Feni
2007-06-25,6.3,30.61,26.01,1.73,90.11,0.91,2.37,Feni_Feni
2007-06-26,1.23,31.47,25.93,1.63,89.82,0.91,3.21,Feni_Feni
2007-06-27,2.21,32.91,25.91,1.77,88.11,0.9,4.38,Feni_Feni
2007-06-28,9.93,30.69,26.28,4.37,90.01,0.9,2.96,Feni_Feni
2007-06-29,6.57,30.27,26.81,4.36,90.44,0.9,2.44,Feni_Feni
2007-06-30,25.83,29.26,26.44,3.21,92.84,0.91,1.1,Feni_Feni
2007-07-01,63.64,30.59,26.28,3.25,92.09,0.94,2.02,Feni_Feni
2007-07-02,56.63,31.08,26.72,2.69,92.32,0.98,1.94,Feni_Feni
2007-07-03,18.29,29.72,26.33,3.32,91.94,0.98,1.62,Feni_Feni
2007-07-04,9.38,29.3,26.93,5.33,93.86,0.97,0.93,Feni_Feni
2007-07-05,32.16,31.66,27.03,3.48,90.51,0.98,2.98,Feni_Feni
2007-07-06,12.71,30.46,26.44,4.14,90.69,0.97,2.77,Feni_Feni
2007-07-07,11.53,29.81,26.06,3.72,91.63,0.97,1.92,Feni_Feni
2007-07-08,9.85,30.07,25.43,3.26,89.35,0.97,2.67,Feni_Feni
2007-07-09,16.15,31.05,25.58,2.46,89.34,0.97,3.81,Feni_Feni
2007-07-10,5.1,30.37,26.45,1.9,90.8,0.96,1.9,Feni_Feni
2007-07-11,0.43,31.1,25.98,1.88,89.0,0.95,3.94,Feni_Feni
2007-07-12,0.7,32.66,25.94,1.73,87.59,0.95,4.95,Feni_Feni
2007-07-13,2.14,30.31,27.13,1.93,93.22,0.94,1.36,Feni_Feni
2007-07-14,3.05,32.0,26.94,2.36,91.62,0.93,3.0,Feni_Feni
2007-07-15,33.23,29.91,26.57,3.88,93.69,0.94,1.19,Feni_Feni
2007-07-16,33.62,30.36,26.97,4.35,92.36,0.97,2.04,Feni_Feni
2007-07-17,23.94,29.83,26.8,3.77,94.59,0.97,0.79,Feni_Feni
2007-07-18,43.68,29.99,26.52,3.3,92.58,0.98,1.34,Feni_Feni
2007-07-19,108.39,30.31,27.28,3.84,94.32,1.0,0.77,Feni_Feni
2007-07-20,51.09,28.98,25.92,3.72,93.66,1.0,0.57,Feni_Feni
2007-07-21,57.93,28.67,26.03,3.46,93.26,1.0,0.71,Feni_Feni
2007-07-22,21.09,28.49,25.58,3.82,92.72,1.0,0.97,Feni_Feni
2007-07-23,23.09,30.29,25.61,3.04,91.12,1.0,1.83,Feni_Feni
2007-07-24,34.5,29.18,25.46,3.34,92.3,0.99,1.51,Feni_Feni
2007-07-25,26.06,28.98,25.64,3.96,92.51,0.99,1.11,Feni_Feni
2007-07-26,49.24,28.66,25.53,3.1,93.79,1.0,0.62,Feni_Feni
2007-07-27,43.16,27.57,25.19,2.97,93.99,1.0,0.42,Feni_Feni
2007-07-28,15.29,27.65,25.07,2.94,93.08,1.0,0.81,Feni_Feni
2007-07-29,4.58,29.07,25.38,1.96,92.74,0.99,1.29,Feni_Feni
2007-07-30,0.59,31.13,25.22,1.89,88.53,0.99,4.16,Feni_Feni
2007-07-31,6.94,30.77,25.26,1.92,89.66,0.98,3.31,Feni_Feni
2007-08-01,11.18,30.5,25.64,2.01,89.59,0.98,2.75,Feni_Feni
2007-08-02,5.69,28.94,25.37,1.35,92.04,0.98,1.38,Feni_Feni
2007-08-03,0.58,29.59,25.62,1.39,91.02,0.97,2.27,Feni_Feni
2007-08-04,1.35,32.46,25.42,1.71,87.74,0.97,6.12,Feni_Feni
2007-08-05,2.46,32.94,25.64,2.63,87.82,0.96,4.85,Feni_Feni
2007-08-06,2.12,31.18,26.64,3.87,89.38,0.95,4.52,Feni_Feni
2007-08-07,4.31,30.92,26.09,2.99,89.77,0.94,3.65,Feni_Feni
2007-08-08,2.15,31.38,26.13,1.86,90.23,0.94,4.18,Feni_Feni
2007-08-09,0.1,33.62,25.74,0.81,83.94,0.93,8.59,Feni_Feni
2007-08-10,2.06,33.19,26.74,1.4,86.65,0.92,5.36,Feni_Feni
2007-08-11,15.51,32.13,27.06,4.15,91.42,0.92,2.45,Feni_Feni
2007-08-12,16.44,29.28,26.81,5.12,93.15,0.92,1.51,Feni_Feni
2007-08-13,45.45,28.79,26.53,4.06,93.19,0.95,1.13,Feni_Feni
2007-08-14,46.67,29.57,26.79,4.97,92.03,0.97,1.71,Feni_Feni
2007-08-15,31.49,31.33,26.44,2.03,90.87,0.98,2.56,Feni_Feni
2007-08-16,3.53,29.51,26.54,2.1,94.18,0.98,1.04,Feni_Feni
2007-08-17,8.71,29.99,25.84,1.68,92.31,0.97,1.93,Feni_Feni
2007-08-18,5.72,29.08,25.69,2.71,94.22,0.97,0.74,Feni_Feni
2007-08-19,1.09,29.37,25.16,3.43,92.07,0.97,1.83,Feni_Feni
2007-08-20,1.36,29.85,24.66,2.24,90.14,0.96,3.44,Feni_Feni
2007-08-21,1.16,31.59,25.18,1.25,87.13,0.96,5.83,Feni_Feni
2007-08-22,1.29,30.74,25.59,1.14,88.65,0.95,3.75,Feni_Feni
2007-08-23,2.5,30.6,25.53,1.39,88.99,0.95,4.19,Feni_Feni
2007-08-24,13.71,30.75,25.36,1.34,90.14,0.95,3.2,Feni_Feni
2007-08-25,17.02,27.55,25.33,2.25,94.48,0.95,0.54,Feni_Feni
2007-08-26,56.95,30.27,25.06,1.99,91.54,0.97,2.46,Feni_Feni
2007-08-27,25.67,29.16,25.03,1.79,91.42,0.99,2.16,Feni_Feni
2007-08-28,2.56,30.68,24.77,1.37,90.14,0.98,3.44,Feni_Feni
2007-08-29,1.91,29.08,25.22,1.43,92.23,0.97,1.19,Feni_Feni
2007-08-30,2.82,32.15,24.83,1.2,87.41,0.97,6.25,Feni_Feni
2007-08-31,3.69,31.69,25.47,1.55,88.76,0.96,5.26,Feni_Feni
2007-09-01,3.67,31.58,25.36,1.5,89.7,0.96,4.85,Feni_Feni
2007-09-02,8.34,31.15,26.02,2.57,90.4,0.96,3.97,Feni_Feni
2007-09-03,16.25,30.39,26.39,2.21,92.86,0.96,1.74,Feni_Feni
2007-09-04,18.06,29.0,26.09,2.35,94.06,0.97,0.89,Feni_Feni
2007-09-05,21.72,28.82,25.61,3.86,94.54,0.96,0.66,Feni_Feni
2007-09-06,74.07,28.6,25.35,5.47,94.79,0.99,0.38,Feni_Feni
2007-09-07,116.9,28.39,26.38,4.9,94.26,1.0,0.49,Feni_Feni
2007-09-08,61.1,28.33,26.63,3.4,94.62,1.0,0.45,Feni_Feni
2007-09-09,18.02,29.12,25.92,2.28,94.27,1.0,0.8,Feni_Feni
2007-09-10,6.22,30.38,26.03,2.09,92.2,1.0,2.13,Feni_Feni
2007-09-11,2.52,30.41,25.75,1.94,92.14,0.99,2.65,Feni_Feni
2007-09-12,2.38,29.68,25.85,1.37,91.67,0.99,1.73,Feni_Feni
2007-09-13,0.06,30.77,25.89,1.37,88.88,0.98,4.2,Feni_Feni
2007-09-14,0.03,29.26,25.51,1.25,91.94,0.98,1.79,Feni_Feni
2007-09-15,1.17,29.48,25.34,1.25,92.18,0.98,1.94,Feni_Feni
2007-09-16,0.78,29.52,25.68,0.99,91.31,0.97,1.9,Feni_Feni
2007-09-17,3.13,30.03,25.62,0.7,88.71,0.97,2.29,Feni_Feni
2007-09-18,4.51,30.35,25.15,1.28,90.13,0.97,2.14,Feni_Feni
2007-09-19,1.45,32.37,25.11,1.03,85.26,0.97,5.16,Feni_Feni
2007-09-20,5.8,30.13,25.83,1.2,89.63,0.97,1.89,Feni_Feni
2007-09-21,0.42,29.5,24.98,1.99,89.79,0.96,2.16,Feni_Feni
2007-09-22,0.82,28.86,22.67,2.68,88.61,0.96,2.58,Feni_Feni
2007-09-23,8.86,27.45,23.6,2.89,92.24,0.96,1.21,Feni_Feni
2007-09-24,3.1,27.41,24.13,2.87,92.73,0.96,1.36,Feni_Feni
2007-09-25,0.78,28.38,24.7,1.89,92.99,0.95,1.44,Feni_Feni
2007-09-26,0.0,30.65,24.75,0.72,84.7,0.95,6.45,Feni_Feni
2007-09-27,0.0,30.84,24.95,1.46,88.42,0.94,6.83,Feni_Feni
2007-09-28,0.0,30.2,24.51,1.34,89.48,0.93,4.98,Feni_Feni
2007-09-29,4.82,28.54,25.31,0.7,89.9,0.93,1.66,Feni_Feni
2007-09-30,10.77,29.9,25.36,0.63,85.15,0.94,2.03,Feni_Feni
2007-10-01,1.79,30.57,24.77,0.75,83.58,0.94,4.61,Feni_Feni
2007-10-02,0.99,31.14,24.97,0.92,85.91,0.93,4.69,Feni_Feni
2007-10-03,1.38,29.33,25.41,1.36,91.32,0.93,2.8,Feni_Feni
2007-10-04,0.0,30.0,24.9,1.31,90.65,0.92,2.41,Feni_Feni
2007-10-05,0.0,30.8,25.44,1.69,89.25,0.92,2.8,Feni_Feni
2007-10-06,14.09,30.02,25.7,1.31,91.17,0.92,1.83,Feni_Feni
2007-10-07,49.16,29.39,25.83,2.9,94.75,0.94,0.74,Feni_Feni
2007-10-08,135.24,27.28,25.3,2.92,94.41,0.99,0.39,Feni_Feni
2007-10-09,44.26,28.47,25.1,2.74,91.76,1.0,1.03,Feni_Feni
2007-10-10,1.95,28.76,24.52,1.28,89.01,0.99,2.14,Feni_Feni
2007-10-11,4.44,29.83,24.49,0.89,85.59,0.99,4.58,Feni_Feni
2007-10-12,0.14,30.87,24.35,0.76,82.31,0.98,6.86,Feni_Feni
2007-10-13,0.38,29.73,24.53,1.1,86.19,0.98,4.06,Feni_Feni
2007-10-14,4.21,27.22,24.2,1.26,91.68,0.97,1.16,Feni_Feni
2007-10-15,7.23,26.47,23.04,2.14,94.09,0.98,0.63,Feni_Feni
2007-10-16,103.37,26.96,24.83,3.69,94.34,0.99,0.29,Feni_Feni
2007-10-17,3.91,27.65,24.38,1.61,91.19,0.99,1.11,Feni_Feni
2007-10-18,4.57,28.44,23.55,0.84,84.9,0.99,1.88,Feni_Feni
2007-10-19,3.8,28.37,22.11,1.47,88.55,0.99,3.18,Feni_Feni
2007-10-20,3.19,29.04,22.4,1.23,87.76,0.98,3.94,Feni_Feni
2007-10-21,0.44,27.52,20.53,1.93,84.14,0.98,4.31,Feni_Feni
2007-10-22,0.0,27.72,18.2,1.9,85.37,0.97,4.14,Feni_Feni
2007-10-23,0.0,27.55,18.32,2.19,87.19,0.97,4.08,Feni_Feni
2007-10-24,0.0,28.23,17.71,1.77,86.39,0.96,4.88,Feni_Feni
2007-10-25,0.0,28.03,17.65,1.82,86.53,0.95,4.87,Feni_Feni
2007-10-26,0.0,28.06,17.02,1.75,85.12,0.95,5.03,Feni_Feni
2007-10-27,0.0,27.37,16.57,1.57,85.63,0.94,4.85,Feni_Feni
2007-10-28,0.0,27.64,17.46,1.44,84.89,0.93,5.36,Feni_Feni
2007-10-29,0.0,28.16,17.61,1.65,88.12,0.93,5.11,Feni_Feni
2007-10-30,0.0,30.04,18.83,1.35,87.04,0.92,6.23,Feni_Feni
2007-10-31,0.61,28.87,20.95,1.88,87.22,0.91,4.95,Feni_Feni
2007-11-01,0.0,28.7,20.18,1.69,88.85,0.91,3.9,Feni_Feni
2007-11-02,1.64,28.46,20.7,1.74,87.31,0.9,4.95,Feni_Feni
2007-11-03,6.89,28.72,19.41,1.31,84.27,0.9,5.01,Feni_Feni
2007-11-04,0.0,29.79,19.25,1.41,84.76,0.9,5.63,Feni_Feni
2007-11-05,0.0,28.72,19.62,1.08,82.16,0.89,5.44,Feni_Feni
2007-11-06,0.0,28.67,20.13,0.98,80.29,0.89,5.71,Feni_Feni
2007-11-07,0.0,29.12,19.72,0.95,81.39,0.88,5.92,Feni_Feni
2007-11-08,0.02,28.65,20.13,1.33,85.43,0.88,5.02,Feni_Feni
2007-11-09,1.31,28.76,19.83,1.37,86.62,0.87,5.18,Feni_Feni
2007-11-10,2.43,28.04,21.08,1.52,86.94,0.87,4.17,Feni_Feni
2007-11-11,0.0,28.33,19.44,1.59,85.53,0.86,5.33,Feni_Feni
2007-11-12,0.0,28.06,18.72,1.87,86.38,0.86,5.17,Feni_Feni
2007-11-13,0.0,27.71,16.99,1.62,84.21,0.85,5.3,Feni_Feni
2007-11-14,1.32,27.77,16.95,1.13,82.49,0.85,4.73,Feni_Feni
2007-11-15,50.38,26.31,20.83,3.24,92.31,0.87,1.29,Feni_Feni
2007-11-16,12.89,26.55,21.11,4.79,90.38,0.9,2.52,Feni_Feni
2007-11-17,0.0,26.51,19.45,1.17,86.1,0.89,5.37,Feni_Feni
2007-11-18,0.0,26.77,17.61,1.9,88.72,0.88,4.42,Feni_Feni
2007-11-19,0.0,27.12,17.16,1.83,89.84,0.88,4.3,Feni_Feni
2007-11-20,0.0,26.86,18.61,1.94,89.06,0.87,4.34,Feni_Feni
2007-11-21,0.0,26.31,16.93,1.69,87.38,0.86,4.5,Feni_Feni
2007-11-22,0.0,26.83,16.66,1.69,88.49,0.86,4.37,Feni_Feni
2007-11-23,0.0,27.36,17.27,1.7,88.99,0.85,4.32,Feni_Feni
2007-11-24,0.0,27.06,17.91,1.65,89.52,0.85,4.43,Feni_Feni
2007-11-25,0.0,26.86,17.27,1.61,86.41,0.85,4.59,Feni_Feni
2007-11-26,0.0,26.53,16.0,1.57,85.39,0.84,4.44,Feni_Feni
2007-11-27,0.0,25.79,15.84,1.33,86.35,0.84,4.42,Feni_Feni
2007-11-28,0.0,25.17,16.25,1.06,85.2,0.83,4.32,Feni_Feni
2007-11-29,0.0,26.38,16.46,0.79,81.75,0.83,4.74,Feni_Feni
2007-11-30,0.0,26.88,17.94,0.83,81.66,0.82,4.9,Feni_Feni
2007-12-01,0.0,26.13,18.48,0.74,75.54,0.82,4.84,Feni_Feni
2007-12-02,0.0,26.03,16.92,1.11,80.94,0.82,4.2,Feni_Feni
2007-12-03,0.0,24.55,16.51,1.08,82.47,0.81,3.07,Feni_Feni
2007-12-04,0.0,24.59,14.11,1.5,84.75,0.81,3.3,Feni_Feni
2007-12-05,0.0,24.77,14.11,1.83,87.72,0.81,3.42,Feni_Feni
2007-12-06,0.0,25.76,13.57,1.36,84.78,0.8,4.27,Feni_Feni
2007-12-07,0.0,25.26,14.05,1.37,82.68,0.8,4.17,Feni_Feni
2007-12-08,0.0,24.95,15.42,1.21,80.9,0.79,3.48,Feni_Feni
2007-12-09,0.0,23.82,13.53,1.72,84.54,0.79,3.45,Feni_Feni
2007-12-10,0.0,24.01,11.95,1.68,84.87,0.79,3.64,Feni_Feni
2007-12-11,0.0,23.48,12.15,1.44,83.12,0.78,3.61,Feni_Feni
2007-12-12,0.0,23.23,10.99,1.68,82.97,0.78,3.44,Feni_Feni
2007-12-13,0.0,24.26,11.49,1.74,86.34,0.78,3.33,Feni_Feni
2007-12-14,0.0,24.54,12.41,1.73,86.75,0.77,3.23,Feni_Feni
2007-12-15,0.0,23.66,13.95,2.15,87.17,0.77,2.86,Feni_Feni
2007-12-16,0.0,23.76,12.73,2.14,83.65,0.77,3.05,Feni_Feni
2007-12-17,0.0,22.03,9.83,1.74,80.29,0.77,2.71,Feni_Feni
2007-12-18,0.0,22.63,8.84,1.84,83.05,0.76,3.11,Feni_Feni
2007-12-19,0.0,23.02,9.19,1.88,83.95,0.76,3.02,Feni_Feni
2007-12-20,0.0,22.41,9.09,1.78,83.87,0.76,2.93,Feni_Feni
2007-12-21,0.0,21.56,9.01,1.35,78.62,0.75,2.62,Feni_Feni
2007-12-22,0.0,22.03,10.05,0.84,70.98,0.75,2.57,Feni_Feni
2007-12-23,0.0,22.82,9.77,0.89,73.19,0.75,2.67,Feni_Feni
2007-12-24,0.0,22.3,10.77,1.19,78.65,0.74,2.41,Feni_Feni
2007-12-25,0.0,22.98,11.03,1.54,84.44,0.74,2.65,Feni_Feni
2007-12-26,0.0,22.98,12.0,1.42,85.47,0.74,2.47,Feni_Feni
2007-12-27,0.0,23.53,11.32,1.48,85.6,0.73,2.86,Feni_Feni
2007-12-28,0.0,22.35,10.68,1.49,85.5,0.73,2.46,Feni_Feni
2007-12-29,0.0,22.71,10.95,1.49,86.15,0.73,2.42,Feni_Feni
2007-12-30,0.0,22.91,10.56,1.62,87.59,0.73,2.71,Feni_Feni
2007-12-31,0.0,21.76,10.9,1.87,85.8,0.72,2.29,Feni_Feni
2008-01-01,0.0,23.29,9.69,1.69,84.21,0.72,2.92,Feni_Feni
2008-01-02,0.0,21.41,11.73,1.32,87.18,0.72,1.33,Feni_Feni
2008-01-03,0.0,24.21,13.82,1.16,81.19,0.72,3.37,Feni_Feni
2008-01-04,0.0,24.18,11.18,1.73,83.7,0.71,3.17,Feni_Feni
2008-01-05,0.0,23.45,9.94,1.83,78.67,0.71,3.1,Feni_Feni
2008-01-06,0.0,23.43,9.22,1.63,80.15,0.7,3.04,Feni_Feni
2008-01-07,0.0,24.14,10.35,1.44,79.37,0.7,3.26,Feni_Feni
2008-01-08,0.0,24.34,11.36,1.53,78.9,0.7,3.26,Feni_Feni
2008-01-09,0.0,24.77,11.23,1.54,81.4,0.69,3.2,Feni_Feni
2008-01-10,0.0,24.09,11.34,1.43,78.53,0.69,2.86,Feni_Feni
2008-01-11,0.0,24.73,12.17,1.25,74.79,0.69,2.62,Feni_Feni
2008-01-12,0.0,24.47,13.31,1.03,77.11,0.68,3.19,Feni_Feni
2008-01-13,0.0,23.24,12.03,1.67,80.93,0.68,2.99,Feni_Feni
2008-01-14,0.0,22.54,10.18,1.58,75.4,0.68,3.04,Feni_Feni
2008-01-15,0.0,22.04,9.55,1.64,73.49,0.67,2.5,Feni_Feni
2008-01-16,0.0,22.54,10.09,1.39,77.1,0.67,2.31,Feni_Feni
2008-01-17,0.0,23.09,10.53,1.39,80.7,0.67,2.34,Feni_Feni
2008-01-18,0.0,23.62,12.14,0.9,77.96,0.67,2.08,Feni_Feni
2008-01-19,0.0,24.78,13.12,1.28,82.65,0.66,2.78,Feni_Feni
2008-01-20,0.0,24.95,14.52,1.55,87.54,0.66,3.17,Feni_Feni
2008-01-21,3.53,24.92,15.54,1.25,86.77,0.66,2.52,Feni_Feni
2008-01-22,0.0,23.19,11.87,1.84,82.41,0.66,2.6,Feni_Feni
2008-01-23,0.0,22.92,9.51,1.94,73.79,0.65,2.71,Feni_Feni
2008-01-24,0.71,23.06,12.17,1.26,78.24,0.65,2.82,Feni_Feni
2008-01-25,1.55,23.28,13.33,2.61,85.7,0.65,2.52,Feni_Feni
2008-01-26,19.39,21.77,14.17,2.5,91.02,0.67,0.98,Feni_Feni
2008-01-27,10.61,18.66,12.98,1.57,88.04,0.69,0.74,Feni_Feni
2008-01-28,0.0,21.6,11.17,1.19,75.15,0.68,3.07,Feni_Feni
2008-01-29,0.0,21.1,9.34,1.18,67.95,0.67,2.95,Feni_Feni
2008-01-30,0.01,22.78,9.1,1.05,65.72,0.67,2.97,Feni_Feni
2008-01-31,0.47,22.92,11.39,1.27,77.41,0.66,2.74,Feni_Feni
2008-02-01,0.0,22.16,10.95,2.03,74.36,0.66,2.92,Feni_Feni
2008-02-02,0.0,20.9,8.02,1.86,70.39,0.65,2.84,Feni_Feni
2008-02-03,0.0,21.43,7.1,1.79,72.59,0.65,3.0,Feni_Feni
2008-02-04,0.0,22.65,8.11,1.59,71.5,0.65,3.29,Feni_Feni
2008-02-05,0.0,24.77,9.77,1.36,70.34,0.64,3.47,Feni_Feni
2008-02-06,0.0,26.03,11.95,1.31,73.67,0.64,3.73,Feni_Feni
2008-02-07,0.0,26.49,15.04,1.16,75.03,0.63,3.66,Feni_Feni
2008-02-08,0.0,26.98,14.95,0.97,78.7,0.63,3.38,Feni_Feni
2008-02-09,0.35,24.63,17.08,1.22,88.79,0.63,1.83,Feni_Feni
2008-02-10,4.46,23.65,13.93,1.53,83.02,0.63,1.72,Feni_Feni
2008-02-11,0.0,23.2,10.48,1.89,67.75,0.63,3.68,Feni_Feni
2008-02-12,0.0,22.46,9.21,1.91,69.42,0.62,3.43,Feni_Feni
2008-02-13,0.0,22.55,9.45,2.09,66.98,0.62,3.44,Feni_Feni
2008-02-14,0.0,23.15,8.36,1.91,63.25,0.61,3.64,Feni_Feni
2008-02-15,0.0,22.75,8.29,1.67,63.34,0.61,3.58,Feni_Feni
2008-02-16,0.0,22.98,9.38,1.12,61.3,0.6,3.27,Feni_Feni
2008-02-17,0.0,24.08,12.06,0.93,65.03,0.6,3.41,Feni_Feni
2008-02-18,0.0,25.61,12.73,1.44,79.8,0.6,3.53,Feni_Feni
2008-02-19,3.08,26.14,15.6,1.61,84.16,0.6,3.72,Feni_Feni
2008-02-20,3.58,24.83,14.99,1.11,82.87,0.6,2.94,Feni_Feni
2008-02-21,0.0,25.28,13.42,1.78,70.83,0.6,4.33,Feni_Feni
2008-02-22,0.0,26.8,11.8,1.34,65.11,0.59,4.79,Feni_Feni
2008-02-23,0.0,27.31,12.72,1.36,61.4,0.58,5.05,Feni_Feni
2008-02-24,0.0,28.03,14.92,0.89,60.31,0.58,4.79,Feni_Feni
2008-02-25,0.0,27.63,16.23,1.31,80.63,0.57,4.55,Feni_Feni
2008-02-26,0.0,27.8,16.48,1.03,75.09,0.57,4.47,Feni_Feni
2008-02-27,0.0,27.87,14.66,1.8,67.81,0.57,4.71,Feni_Feni
2008-02-28,0.0,27.18,11.77,1.61,57.28,0.56,5.05,Feni_Feni
2008-02-29,0.0,28.14,14.4,1.39,57.24,0.55,5.29,Feni_Feni
2008-03-01,0.0,27.54,15.33,0.87,58.55,0.55,5.01,Feni_Feni
2008-03-02,0.0,27.91,16.29,1.13,79.0,0.55,4.41,Feni_Feni
2008-03-03,1.51,28.59,18.43,1.08,78.35,0.54,4.99,Feni_Feni
2008-03-04,6.78,28.6,18.42,1.42,81.59,0.54,4.56,Feni_Feni
2008-03-05,4.62,27.83,18.2,1.57,81.6,0.55,4.31,Feni_Feni
2008-03-06,0.01,28.19,16.77,1.37,77.63,0.55,5.04,Feni_Feni
2008-03-07,0.0,29.28,18.15,0.95,73.5,0.54,5.21,Feni_Feni
2008-03-08,0.0,29.47,19.81,0.94,75.87,0.54,5.58,Feni_Feni
2008-03-09,0.0,30.0,19.54,0.82,68.81,0.53,5.35,Feni_Feni
2008-03-10,0.0,29.65,19.43,0.8,65.62,0.53,4.68,Feni_Feni
2008-03-11,0.0,29.95,20.3,0.87,63.7,0.52,3.33,Feni_Feni
2008-03-12,0.0,30.03,18.89,1.16,68.54,0.52,3.12,Feni_Feni
2008-03-13,0.0,31.47,19.25,1.19,75.74,0.52,4.5,Feni_Feni
2008-03-14,0.0,28.31,21.24,1.25,78.95,0.51,1.54,Feni_Feni
2008-03-15,0.0,32.8,21.48,0.91,68.5,0.51,3.68,Feni_Feni
2008-03-16,0.02,33.17,20.27,0.99,60.55,0.51,4.69,Feni_Feni
2008-03-17,0.0,33.16,21.13,0.9,55.25,0.5,4.81,Feni_Feni
2008-03-18,0.0,33.09,21.14,1.31,67.63,0.49,4.68,Feni_Feni
2008-03-19,0.79,33.54,20.52,2.01,74.88,0.49,4.1,Feni_Feni
2008-03-20,0.53,32.18,21.66,1.92,77.18,0.49,3.33,Feni_Feni
2008-03-21,0.01,32.84,23.02,2.66,74.14,0.48,3.55,Feni_Feni
2008-03-22,1.61,32.85,22.93,1.82,72.94,0.48,3.64,Feni_Feni
2008-03-23,4.42,31.76,22.65,1.24,77.83,0.48,2.48,Feni_Feni
2008-03-24,0.04,29.61,24.07,1.22,72.93,0.48,2.06,Feni_Feni
2008-03-25,0.01,32.77,23.16,1.16,68.44,0.48,3.87,Feni_Feni
2008-03-26,0.0,32.53,22.27,1.6,74.57,0.47,2.86,Feni_Feni
2008-03-27,0.19,33.04,23.09,1.98,73.58,0.47,3.1,Feni_Feni
2008-03-28,0.96,34.76,23.79,2.24,72.69,0.47,3.2,Feni_Feni
2008-03-29,0.01,32.92,23.27,2.47,75.49,0.46,2.52,Feni_Feni
2008-03-30,0.03,33.09,23.4,1.66,72.25,0.46,2.53,Feni_Feni
2008-03-31,0.02,32.32,22.38,2.01,74.76,0.46,2.18,Feni_Feni
2008-04-01,0.17,33.34,23.52,1.04,64.7,0.46,2.19,Feni_Feni
2008-04-02,0.02,33.69,22.98,1.37,61.59,0.45,2.75,Feni_Feni
2008-04-03,10.32,32.05,22.71,1.52,72.39,0.46,2.28,Feni_Feni
2008-04-04,2.78,31.99,23.84,0.79,68.91,0.47,2.37,Feni_Feni
2008-04-05,0.03,32.31,22.22,1.97,65.42,0.46,2.39,Feni_Feni
2008-04-06,0.01,34.17,21.05,2.48,58.53,0.46,3.07,Feni_Feni
2008-04-07,0.0,34.28,19.76,2.53,57.91,0.45,2.89,Feni_Feni
2008-04-08,0.0,33.06,19.6,2.3,47.1,0.45,2.34,Feni_Feni
2008-04-09,0.0,33.28,20.42,1.98,45.91,0.44,2.02,Feni_Feni
2008-04-10,0.0,32.46,21.5,1.0,47.86,0.44,1.17,Feni_Feni
2008-04-11,0.0,34.45,23.12,1.06,59.96,0.44,1.36,Feni_Feni
2008-04-12,0.0,37.52,21.29,1.66,61.24,0.43,2.42,Feni_Feni
2008-04-13,0.63,35.13,23.66,2.59,69.28,0.43,1.79,Feni_Feni
2008-04-14,3.03,34.56,23.76,2.03,71.26,0.43,1.64,Feni_Feni
2008-04-15,0.0,35.36,23.93,2.24,66.49,0.43,1.95,Feni_Feni
2008-04-16,0.0,34.81,23.94,2.1,67.96,0.43,1.76,Feni_Feni
2008-04-17,0.22,35.9,24.96,2.09,68.02,0.42,1.67,Feni_Feni
2008-04-18,0.41,35.4,25.26,2.47,71.19,0.42,1.35,Feni_Feni
2008-04-19,0.0,36.38,25.29,1.92,70.57,0.42,1.39,Feni_Feni
2008-04-20,0.0,37.51,25.28,1.92,65.11,0.41,1.57,Feni_Feni
2008-04-21,0.0,39.07,24.43,1.52,60.22,0.41,1.61,Feni_Feni
2008-04-22,0.0,38.7,23.57,1.54,61.59,0.41,1.37,Feni_Feni
2008-04-23,0.0,39.06,25.03,2.03,60.32,0.4,1.4,Feni_Feni
2008-04-24,0.0,38.64,24.61,2.4,62.06,0.4,1.25,Feni_Feni
2008-04-25,0.0,38.13,25.23,2.45,60.96,0.4,1.11,Feni_Feni
2008-04-26,0.0,37.99,24.75,2.9,62.93,0.4,1.02,Feni_Feni
2008-04-27,0.0,36.41,25.73,3.6,65.0,0.4,0.85,Feni_Feni
2008-04-28,0.0,37.46,25.79,2.83,64.1,0.39,0.84,Feni_Feni
2008-04-29,0.01,37.05,26.84,2.51,65.67,0.39,0.71,Feni_Feni
2008-04-30,0.0,37.95,26.06,1.68,64.35,0.39,0.78,Feni_Feni
2008-05-01,0.0,37.19,26.46,2.15,64.25,0.39,0.65,Feni_Feni
2008-05-02,0.39,36.22,26.35,2.31,66.44,0.39,0.51,Feni_Feni
2008-05-03,1.77,37.39,25.12,1.55,61.7,0.39,0.69,Feni_Feni
2008-05-04,1.96,37.59,24.61,1.52,60.26,0.39,0.72,Feni_Feni
2008-05-05,9.28,34.78,26.38,2.15,69.22,0.4,0.64,Feni_Feni
2008-05-06,22.51,33.63,25.71,2.1,72.01,0.43,1.65,Feni_Feni
2008-05-07,2.08,32.03,26.39,1.94,72.49,0.43,0.96,Feni_Feni
2008-05-08,12.39,31.48,26.31,1.57,77.78,0.44,1.02,Feni_Feni
2008-05-09,5.42,32.84,25.31,0.99,68.74,0.45,1.61,Feni_Feni
2008-05-10,0.12,32.6,25.01,0.77,66.61,0.44,1.27,Feni_Feni
2008-05-11,0.16,35.76,26.9,1.21,65.65,0.44,1.83,Feni_Feni
2008-05-12,0.03,33.48,27.07,1.1,67.69,0.43,1.08,Feni_Feni
2008-05-13,0.03,35.29,26.87,1.13,61.84,0.43,1.36,Feni_Feni
2008-05-14,0.07,37.05,27.0,1.02,57.89,0.42,1.9,Feni_Feni
2008-05-15,0.75,37.41,27.2,1.38,60.93,0.42,1.58,Feni_Feni
2008-05-16,6.49,32.13,27.68,1.63,76.4,0.42,0.54,Feni_Feni
2008-05-17,12.24,33.65,27.33,2.37,79.04,0.44,1.14,Feni_Feni
2008-05-18,8.83,32.76,27.15,3.1,82.17,0.46,1.21,Feni_Feni
2008-05-19,7.28,32.74,27.19,3.1,79.64,0.46,1.19,Feni_Feni
2008-05-20,1.09,34.73,26.52,2.63,69.66,0.46,2.42,Feni_Feni
2008-05-21,0.02,35.79,26.07,2.73,69.12,0.45,2.48,Feni_Feni
2008-05-22,1.63,34.95,26.85,2.08,67.99,0.44,2.14,Feni_Feni
2008-05-23,4.82,32.34,26.29,1.72,74.22,0.45,1.17,Feni_Feni
2008-05-24,3.77,34.0,26.05,1.99,70.73,0.45,2.05,Feni_Feni
2008-05-25,18.44,30.99,25.88,1.49,80.74,0.47,1.4,Feni_Feni
2008-05-26,6.47,31.05,25.89,1.72,80.08,0.48,1.67,Feni_Feni
2008-05-27,9.87,30.02,25.62,2.52,83.68,0.49,1.55,Feni_Feni
2008-05-28,4.3,31.65,25.71,2.77,83.18,0.49,1.84,Feni_Feni
2008-05-29,1.77,32.65,26.34,2.65,80.54,0.48,2.4,Feni_Feni
2008-05-30,1.8,32.16,26.78,2.41,85.8,0.48,1.59,Feni_Feni
2008-05-31,1.77,32.08,26.66,2.16,82.39,0.48,1.68,Feni_Feni
2008-06-01,9.09,31.47,26.03,2.25,82.36,0.48,1.84,Feni_Feni
2008-06-02,20.41,30.31,25.83,1.71,86.92,0.51,1.55,Feni_Feni
2008-06-03,12.67,31.7,26.14,0.62,77.71,0.53,4.44,Feni_Feni
2008-06-04,5.72,31.21,25.81,2.01,84.11,0.52,3.07,Feni_Feni
2008-06-05,17.79,29.72,26.11,2.44,90.6,0.54,1.89,Feni_Feni
2008-06-06,1.11,31.48,25.06,1.46,80.58,0.54,5.66,Feni_Feni
2008-06-07,8.36,28.5,25.66,3.16,90.41,0.54,1.59,Feni_Feni
2008-06-08,2.52,29.64,25.05,2.65,90.18,0.54,2.16,Feni_Feni
2008-06-09,8.18,29.02,25.93,3.67,88.28,0.54,2.09,Feni_Feni
2008-06-10,6.25,31.24,25.78,3.6,86.0,0.55,5.79,Feni_Feni
2008-06-11,1.6,31.56,26.44,3.13,86.74,0.54,4.66,Feni_Feni
2008-06-12,1.81,32.17,26.94,3.23,84.91,0.54,6.19,Feni_Feni
2008-06-13,0.03,32.6,26.48,2.57,83.59,0.53,5.32,Feni_Feni
2008-06-14,1.35,32.28,26.91,1.64,83.63,0.52,3.1,Feni_Feni
2008-06-15,8.83,34.77,26.46,3.74,83.12,0.53,4.28,Feni_Feni
2008-06-16,21.61,30.35,26.79,4.76,88.78,0.54,2.17,Feni_Feni
2008-06-17,80.15,30.25,26.66,5.74,89.51,0.63,2.95,Feni_Feni
2008-06-18,33.28,30.28,26.34,5.27,88.58,0.71,4.09,Feni_Feni
2008-06-19,7.89,29.77,26.13,4.05,90.7,0.69,2.51,Feni_Feni
2008-06-20,6.82,28.83,25.92,3.49,93.28,0.68,0.97,Feni_Feni
2008-06-21,1.51,31.0,25.85,3.09,88.01,0.67,5.06,Feni_Feni
2008-06-22,3.41,31.68,25.85,2.9,87.03,0.65,6.79,Feni_Feni
2008-06-23,4.25,31.0,25.32,3.07,86.65,0.65,7.17,Feni_Feni
2008-06-24,0.14,32.47,25.71,3.05,84.63,0.64,8.94,Feni_Feni
2008-06-25,0.06,31.26,25.93,3.69,86.61,0.63,6.32,Feni_Feni
2008-06-26,0.86,30.32,25.97,3.7,89.68,0.62,4.24,Feni_Feni
2008-06-27,4.96,29.52,26.55,3.19,92.05,0.63,2.26,Feni_Feni
2008-06-28,18.8,29.39,26.35,2.77,92.45,0.64,1.88,Feni_Feni
2008-06-29,31.49,28.9,26.2,4.27,92.82,0.68,1.81,Feni_Feni
2008-06-30,15.09,30.34,26.02,3.12,90.16,0.7,3.1,Feni_Feni
2008-07-01,20.93,30.44,26.02,3.97,89.02,0.7,4.88,Feni_Feni
2008-07-02,30.42,30.41,26.15,3.08,91.05,0.73,2.56,Feni_Feni
2008-07-03,33.3,30.05,26.23,3.92,90.56,0.76,3.27,Feni_Feni
2008-07-04,38.27,30.04,26.39,4.12,91.35,0.79,2.56,Feni_Feni
2008-07-05,18.42,29.81,26.12,2.01,91.27,0.81,1.7,Feni_Feni
2008-07-06,12.48,30.01,26.02,1.9,91.4,0.8,2.23,Feni_Feni
2008-07-07,19.16,28.52,25.72,3.44,92.37,0.81,1.83,Feni_Feni
2008-07-08,12.88,28.93,25.43,2.89,92.99,0.82,1.47,Feni_Feni
2008-07-09,9.11,30.21,25.69,3.31,90.3,0.82,4.02,Feni_Feni
2008-07-10,12.62,30.32,25.49,3.86,90.56,0.82,3.9,Feni_Feni
2008-07-11,12.3,29.96,25.67,3.89,90.98,0.82,2.99,Feni_Feni
2008-07-12,40.15,30.91,25.6,2.65,90.26,0.85,3.51,Feni_Feni
2008-07-13,38.32,29.8,25.73,2.77,92.05,0.87,2.19,Feni_Feni
2008-07-14,89.85,30.21,25.68,3.59,92.38,0.93,1.93,Feni_Feni
2008-07-15,16.59,30.3,25.92,3.42,90.87,0.94,3.16,Feni_Feni
2008-07-16,3.31,30.65,25.59,3.07,90.12,0.93,3.55,Feni_Feni
2008-07-17,1.68,30.81,25.94,2.48,91.3,0.91,3.72,Feni_Feni
2008-07-18,4.29,31.21,26.62,2.32,89.12,0.91,4.35,Feni_Feni
2008-07-19,0.23,29.76,25.31,4.14,89.96,0.9,3.58,Feni_Feni
2008-07-20,2.53,30.43,25.64,3.84,89.94,0.89,4.62,Feni_Feni
2008-07-21,6.77,30.82,25.35,3.19,89.11,0.89,4.77,Feni_Feni
2008-07-22,1.72,30.96,25.97,3.26,89.09,0.88,4.58,Feni_Feni
2008-07-23,1.17,31.19,26.1,2.69,89.27,0.88,4.72,Feni_Feni
2008-07-24,0.57,32.08,25.93,2.09,88.99,0.87,5.18,Feni_Feni
2008-07-25,0.95,30.48,26.28,3.26,91.02,0.86,3.5,Feni_Feni
2008-07-26,5.75,31.43,26.48,2.41,92.11,0.86,2.64,Feni_Feni
2008-07-27,7.02,30.92,25.44,2.79,90.1,0.86,2.93,Feni_Feni
2008-07-28,2.36,29.79,26.16,3.98,90.8,0.86,3.09,Feni_Feni
2008-07-29,0.87,30.58,25.42,3.43,90.22,0.85,4.13,Feni_Feni
2008-07-30,1.49,29.91,25.87,3.47,90.26,0.85,3.64,Feni_Feni
2008-07-31,1.53,30.26,26.3,3.11,90.92,0.84,3.45,Feni_Feni
2008-08-01,0.0,29.65,25.98,2.4,91.21,0.84,2.96,Feni_Feni
2008-08-02,0.36,31.03,25.87,1.7,90.5,0.83,3.64,Feni_Feni
2008-08-03,1.34,28.94,25.67,2.29,92.09,0.83,1.84,Feni_Feni
2008-08-04,8.86,29.77,25.33,2.31,89.9,0.83,3.74,Feni_Feni
2008-08-05,26.66,28.89,25.81,2.5,92.77,0.86,1.39,Feni_Feni
2008-08-06,12.15,29.95,25.77,2.36,92.89,0.86,1.92,Feni_Feni
2008-08-07,1.41,29.34,25.63,1.65,91.26,0.86,2.61,Feni_Feni
2008-08-08,6.56,32.85,25.67,0.98,86.14,0.85,5.33,Feni_Feni
2008-08-09,3.72,30.63,26.55,2.85,91.53,0.85,3.28,Feni_Feni
2008-08-10,9.26,29.81,26.23,5.04,91.21,0.85,3.15,Feni_Feni
2008-08-11,38.39,29.83,26.44,4.54,92.85,0.87,1.86,Feni_Feni
2008-08-12,37.72,28.87,26.18,3.32,93.49,0.91,1.15,Feni_Feni
2008-08-13,12.47,30.35,25.95,2.56,91.77,0.91,2.7,Feni_Feni
2008-08-14,10.16,30.24,25.85,2.3,92.31,0.91,1.99,Feni_Feni
2008-08-15,8.98,28.69,25.48,2.55,94.47,0.91,0.75,Feni_Feni
2008-08-16,32.68,29.49,25.38,3.46,92.87,0.92,2.0,Feni_Feni
2008-08-17,27.57,29.73,25.96,2.83,91.97,0.95,2.15,Feni_Feni
2008-08-18,37.27,29.97,25.62,3.01,91.54,0.95,2.65,Feni_Feni
2008-08-19,28.92,30.62,25.79,2.25,92.08,0.97,2.53,Feni_Feni
2008-08-20,0.89,30.19,25.43,2.65,91.58,0.96,3.38,Feni_Feni
2008-08-21,0.09,30.92,25.16,1.92,89.28,0.95,4.93,Feni_Feni
2008-08-22,0.23,31.26,25.29,1.82,88.7,0.94,5.47,Feni_Feni
2008-08-23,1.24,30.84,25.12,1.89,88.55,0.94,4.44,Feni_Feni
2008-08-24,4.45,30.27,25.39,2.43,90.21,0.93,4.08,Feni_Feni
2008-08-25,3.48,30.68,25.4,2.53,88.84,0.93,4.52,Feni_Feni
2008-08-26,0.43,30.32,25.0,2.07,88.21,0.92,4.16,Feni_Feni
2008-08-27,9.55,31.0,25.44,2.85,89.63,0.91,4.58,Feni_Feni
2008-08-28,72.85,29.39,26.4,2.7,92.99,0.94,1.32,Feni_Feni
2008-08-29,46.98,29.62,26.01,2.78,92.53,0.98,1.17,Feni_Feni
2008-08-30,14.0,29.29,25.47,2.17,90.65,0.98,2.1,Feni_Feni
2008-08-31,0.04,30.31,24.85,1.77,89.72,0.97,3.82,Feni_Feni
2008-09-01,0.76,30.29,25.12,1.55,90.05,0.96,3.67,Feni_Feni
2008-09-02,4.65,29.89,25.56,2.05,91.63,0.96,2.66,Feni_Feni
2008-09-03,15.74,28.86,25.31,1.96,92.96,0.96,1.36,Feni_Feni
2008-09-04,6.69,28.96,25.21,2.07,92.81,0.96,1.16,Feni_Feni
2008-09-05,4.51,28.46,25.26,1.78,93.82,0.96,0.96,Feni_Feni
2008-09-06,0.29,29.12,25.13,1.29,91.02,0.96,1.81,Feni_Feni
2008-09-07,2.51,30.21,24.36,1.17,88.28,0.96,3.57,Feni_Feni
2008-09-08,6.28,28.78,24.63,1.52,93.36,0.96,1.32,Feni_Feni
2008-09-09,0.8,30.71,24.73,1.48,89.23,0.95,3.77,Feni_Feni
2008-09-10,4.3,30.53,25.07,0.99,88.07,0.95,3.21,Feni_Feni
2008-09-11,11.03,32.08,24.14,1.0,83.78,0.95,6.33,Feni_Feni
2008-09-12,3.82,30.73,26.04,0.61,87.01,0.95,2.86,Feni_Feni
2008-09-13,16.79,30.0,25.76,0.86,87.92,0.95,2.36,Feni_Feni
2008-09-14,12.43,28.95,24.94,2.63,93.66,0.96,1.01,Feni_Feni
2008-09-15,18.33,29.36,25.55,1.85,92.15,0.96,1.7,Feni_Feni
2008-09-16,4.77,29.2,24.89,3.44,92.7,0.96,1.47,Feni_Feni
2008-09-17,5.45,28.32,25.57,3.62,94.1,0.96,0.81,Feni_Feni
2008-09-18,2.83,29.94,25.69,2.58,92.02,0.96,2.55,Feni_Feni
2008-09-19,6.27,29.07,25.67,1.38,92.11,0.96,1.3,Feni_Feni
2008-09-20,5.34,31.48,25.49,1.15,87.7,0.95,5.29,Feni_Feni
2008-09-21,6.97,29.14,25.41,1.28,91.5,0.95,1.61,Feni_Feni
2008-09-22,6.52,28.39,25.04,1.45,91.49,0.95,1.62,Feni_Feni
2008-09-23,6.84,29.04,25.37,1.69,91.17,0.95,1.81,Feni_Feni
2008-09-24,2.14,30.44,24.71,1.81,89.65,0.95,4.49,Feni_Feni
2008-09-25,3.88,30.78,25.33,1.63,89.0,0.94,4.49,Feni_Feni
2008-09-26,6.79,29.64,25.48,2.09,92.02,0.94,1.5,Feni_Feni
2008-09-27,3.4,29.09,24.65,3.24,93.32,0.94,1.02,Feni_Feni
2008-09-28,2.22,30.19,24.89,2.97,88.81,0.94,4.59,Feni_Feni
2008-09-29,0.92,30.6,24.29,1.74,88.23,0.93,5.6,Feni_Feni
2008-09-30,0.0,30.99,23.98,0.84,82.47,0.92,8.41,Feni_Feni
2008-10-01,2.03,31.49,24.13,1.73,87.23,0.92,5.16,Feni_Feni
2008-10-02,12.16,27.91,24.82,1.06,93.98,0.92,0.55,Feni_Feni
2008-10-03,11.53,30.72,23.94,0.96,86.5,0.92,6.05,Feni_Feni
2008-10-04,2.57,29.99,24.55,1.18,88.09,0.92,4.42,Feni_Feni
2008-10-05,4.61,28.39,24.8,0.97,91.61,0.92,1.61,Feni_Feni
2008-10-06,13.22,29.08,24.24,1.46,89.83,0.93,2.69,Feni_Feni
2008-10-07,13.87,28.84,23.53,1.65,89.8,0.93,2.87,Feni_Feni
2008-10-08,7.95,28.99,23.97,1.36,88.73,0.93,3.38,Feni_Feni
2008-10-09,10.05,29.73,23.84,1.16,89.0,0.93,3.2,Feni_Feni
2008-10-10,0.65,29.66,24.75,0.68,83.91,0.93,3.24,Feni_Feni
2008-10-11,0.0,30.7,23.08,0.96,82.66,0.92,6.67,Feni_Feni
2008-10-12,0.0,30.95,23.16,1.41,84.7,0.92,6.97,Feni_Feni
2008-10-13,0.0,31.27,22.82,1.19,84.43,0.91,7.57,Feni_Feni
2008-10-14,0.0,31.83,23.25,1.13,83.7,0.9,8.23,Feni_Feni
2008-10-15,0.0,31.42,23.11,1.28,84.62,0.89,7.43,Feni_Feni
2008-10-16,0.0,31.23,22.59,1.6,85.57,0.89,7.07,Feni_Feni
2008-10-17,0.0,31.13,22.29,1.62,85.2,0.88,7.18,Feni_Feni
2008-10-18,0.0,31.06,22.29,1.43,84.56,0.87,6.74,Feni_Feni
2008-10-19,0.0,30.68,22.36,1.61,83.22,0.86,7.01,Feni_Feni
2008-10-20,0.0,30.59,21.89,1.23,83.04,0.86,7.44,Feni_Feni
2008-10-21,0.37,30.24,22.67,1.64,85.25,0.85,6.64,Feni_Feni
2008-10-22,0.9,30.42,22.6,1.81,87.43,0.84,6.02,Feni_Feni
2008-10-23,1.26,30.09,22.64,1.17,85.94,0.84,5.14,Feni_Feni
2008-10-24,7.76,29.47,24.37,0.64,83.51,0.84,1.29,Feni_Feni
2008-10-25,32.59,26.04,22.82,2.96,93.77,0.86,0.75,Feni_Feni
2008-10-26,81.08,25.5,21.12,3.18,93.82,0.93,0.56,Feni_Feni
2008-10-27,22.83,27.63,21.35,5.47,90.33,0.95,2.24,Feni_Feni
2008-10-28,0.04,27.4,19.62,1.9,85.86,0.93,5.07,Feni_Feni
2008-10-29,0.0,28.22,18.06,1.33,83.9,0.92,6.05,Feni_Feni
2008-10-30,0.0,28.79,18.81,1.41,85.0,0.92,5.68,Feni_Feni
2008-10-31,0.0,29.06,19.63,1.78,86.12,0.91,5.54,Feni_Feni
2008-11-01,0.0,29.41,19.37,1.4,86.42,0.9,6.12,Feni_Feni
2008-11-02,0.0,29.15,19.65,0.88,80.76,0.9,6.58,Feni_Feni
2008-11-03,0.0,29.8,20.63,0.72,75.74,0.89,7.45,Feni_Feni
2008-11-04,0.31,28.9,19.14,1.23,83.14,0.88,6.07,Feni_Feni
2008-11-05,4.18,28.74,20.33,1.2,81.16,0.88,5.13,Feni_Feni
2008-11-06,0.26,28.97,19.66,1.38,86.04,0.88,5.78,Feni_Feni
2008-11-07,0.0,29.99,18.9,1.22,84.27,0.87,6.72,Feni_Feni
2008-11-08,0.0,28.76,17.66,1.41,84.14,0.86,5.95,Feni_Feni
2008-11-09,0.0,27.93,16.7,1.55,85.78,0.86,5.36,Feni_Feni
2008-11-10,0.0,27.9,17.56,1.25,84.04,0.85,5.56,Feni_Feni
2008-11-11,0.0,27.98,19.04,0.73,77.09,0.85,6.24,Feni_Feni
2008-11-12,0.0,27.38,17.33,0.93,75.3,0.84,5.73,Feni_Feni
2008-11-13,0.0,26.68,16.02,1.2,79.61,0.84,5.22,Feni_Feni
2008-11-14,0.0,27.7,17.3,0.99,81.11,0.83,4.85,Feni_Feni
2008-11-15,0.0,26.75,17.18,1.32,83.49,0.83,5.29,Feni_Feni
2008-11-16,0.0,26.82,18.23,1.46,84.55,0.82,4.47,Feni_Feni
2008-11-17,0.0,25.01,17.08,1.68,86.48,0.82,2.89,Feni_Feni
2008-11-18,0.0,26.67,15.65,1.79,85.81,0.82,4.7,Feni_Feni
2008-11-19,0.0,26.51,15.7,1.75,83.69,0.81,4.52,Feni_Feni
2008-11-20,0.0,26.22,15.27,1.52,82.62,0.81,4.52,Feni_Feni
2008-11-21,0.0,27.21,16.99,1.16,81.71,0.8,4.77,Feni_Feni
2008-11-22,0.0,26.71,16.89,1.79,87.3,0.8,3.88,Feni_Feni
2008-11-23,0.0,25.81,16.17,2.14,86.26,0.79,4.26,Feni_Feni
2008-11-24,0.0,25.61,14.81,1.55,84.71,0.79,4.27,Feni_Feni
2008-11-25,0.0,25.68,14.82,1.23,81.24,0.79,4.54,Feni_Feni
2008-11-26,0.0,26.42,15.01,1.23,82.68,0.78,4.37,Feni_Feni
2008-11-27,0.0,26.8,14.78,1.16,77.92,0.78,5.11,Feni_Feni
2008-11-28,0.0,26.75,15.85,0.98,76.4,0.78,4.94,Feni_Feni
2008-11-29,0.0,26.73,16.67,1.0,78.87,0.77,4.82,Feni_Feni
2008-11-30,0.0,27.42,16.99,0.94,79.53,0.77,5.19,Feni_Feni
2008-12-01,0.0,27.16,18.76,0.73,79.56,0.77,5.27,Feni_Feni
2008-12-02,0.0,26.18,18.5,0.66,80.47,0.76,5.08,Feni_Feni
2008-12-03,0.0,25.65,18.22,0.79,77.97,0.76,4.46,Feni_Feni
2008-12-04,0.0,26.48,15.81,1.3,80.82,0.76,4.42,Feni_Feni
2008-12-05,0.0,27.03,16.12,1.04,83.41,0.75,4.8,Feni_Feni
2008-12-06,0.0,27.41,17.83,0.7,77.93,0.75,5.22,Feni_Feni
2008-12-07,0.0,26.67,16.41,0.52,76.68,0.74,5.24,Feni_Feni
2008-12-08,0.0,27.06,16.45,0.98,82.92,0.74,4.76,Feni_Feni
2008-12-09,0.0,26.85,16.95,0.92,81.68,0.73,4.92,Feni_Feni
2008-12-10,0.0,26.42,18.31,0.81,79.33,0.73,4.21,Feni_Feni
2008-12-11,0.0,26.9,17.71,0.89,79.13,0.73,4.38,Feni_Feni
2008-12-12,0.0,26.44,17.28,1.28,84.18,0.72,3.61,Feni_Feni
2008-12-13,0.0,25.68,15.31,1.66,83.02,0.72,3.68,Feni_Feni
2008-12-14,0.0,24.96,13.95,1.64,83.6,0.72,3.28,Feni_Feni
2008-12-15,0.0,24.46,13.44,1.56,83.65,0.71,2.96,Feni_Feni
2008-12-16,0.0,24.04,12.6,1.48,81.55,0.71,3.36,Feni_Feni
2008-12-17,0.0,24.43,11.96,1.35,82.21,0.71,3.58,Feni_Feni
2008-12-18,0.0,24.51,12.54,1.26,80.53,0.71,3.67,Feni_Feni
2008-12-19,0.0,24.77,13.49,0.83,80.01,0.7,3.95,Feni_Feni
2008-12-20,0.0,24.56,14.69,0.82,83.11,0.7,3.73,Feni_Feni
2008-12-21,0.0,24.2,15.83,0.82,79.99,0.7,3.58,Feni_Feni
2008-12-22,0.0,24.53,15.26,0.93,82.83,0.69,3.53,Feni_Feni
2008-12-23,0.0,24.03,15.0,1.26,84.26,0.69,3.19,Feni_Feni
2008-12-24,0.0,23.56,13.37,1.52,85.41,0.69,2.77,Feni_Feni
2008-12-25,0.0,24.22,12.86,1.39,85.43,0.68,3.08,Feni_Feni
2008-12-26,0.0,24.3,12.73,1.07,77.93,0.68,3.34,Feni_Feni
2008-12-27,0.0,22.53,14.68,0.98,77.76,0.68,2.57,Feni_Feni
2008-12-28,0.0,23.18,13.2,1.36,76.52,0.68,3.02,Feni_Feni
2008-12-29,0.0,23.86,12.57,1.45,78.88,0.67,3.34,Feni_Feni
2008-12-30,0.0,23.85,11.65,1.73,79.88,0.67,3.37,Feni_Feni
2008-12-31,24.35,24.09,11.74,1.44,79.36,0.7,3.19,Feni_Feni
2009-01-01,0.0,23.82,11.13,1.55,79.05,0.69,3.17,Feni_Feni
2009-01-02,0.0,23.62,10.73,1.75,78.17,0.69,3.18,Feni_Feni
2009-01-03,0.0,22.65,9.3,1.95,78.03,0.68,3.12,Feni_Feni
2009-01-04,0.0,23.01,9.87,1.54,80.36,0.68,3.16,Feni_Feni
2009-01-05,0.0,23.57,10.27,1.29,76.02,0.67,3.04,Feni_Feni
2009-01-06,0.0,24.47,11.75,1.12,71.42,0.67,3.04,Feni_Feni
2009-01-07,0.0,24.36,12.19,1.43,74.88,0.67,3.09,Feni_Feni
2009-01-08,0.0,25.94,12.23,1.32,74.26,0.66,3.48,Feni_Feni
2009-01-09,0.0,25.85,14.24,1.29,76.59,0.66,3.61,Feni_Feni
2009-01-10,0.0,24.89,13.45,1.62,79.28,0.65,3.51,Feni_Feni
2009-01-11,0.0,24.65,13.05,1.6,78.4,0.65,3.34,Feni_Feni
2009-01-12,0.0,24.55,13.43,1.85,79.15,0.65,3.32,Feni_Feni
2009-01-13,0.0,24.43,12.17,1.74,77.9,0.64,3.49,Feni_Feni
2009-01-14,0.0,23.75,11.26,1.1,73.7,0.64,3.2,Feni_Feni
2009-01-15,0.0,24.77,12.08,1.09,71.14,0.64,3.53,Feni_Feni
2009-01-16,0.0,24.65,12.85,1.17,68.86,0.64,3.52,Feni_Feni
2009-01-17,0.0,24.77,12.91,1.03,66.64,0.63,3.73,Feni_Feni
2009-01-18,0.0,24.92,13.17,1.06,66.06,0.63,3.67,Feni_Feni
2009-01-19,0.0,25.26,12.6,1.3,72.02,0.62,3.53,Feni_Feni
2009-01-20,0.0,24.39,13.31,1.25,71.25,0.62,3.01,Feni_Feni
2009-01-21,0.0,24.83,12.98,1.34,72.55,0.62,3.55,Feni_Feni
2009-01-22,0.0,23.43,11.73,1.28,73.63,0.61,3.08,Feni_Feni
2009-01-23,0.0,23.55,11.75,1.3,76.73,0.61,2.5,Feni_Feni
2009-01-24,0.0,24.72,13.63,1.07,74.41,0.61,2.79,Feni_Feni
2009-01-25,0.0,24.71,14.35,0.87,77.91,0.61,2.63,Feni_Feni
2009-01-26,0.0,25.9,15.38,1.56,88.32,0.6,2.9,Feni_Feni
2009-01-27,0.0,26.2,16.6,1.45,89.61,0.6,3.07,Feni_Feni
2009-01-28,0.0,26.81,17.24,1.08,81.47,0.6,3.63,Feni_Feni
2009-01-29,0.0,26.51,14.58,1.82,71.78,0.59,4.22,Feni_Feni
2009-01-30,0.0,25.63,12.09,1.68,67.54,0.59,4.14,Feni_Feni
2009-01-31,0.0,25.2,12.19,1.57,72.65,0.59,3.58,Feni_Feni
2009-02-01,15.61,25.4,12.02,1.46,71.62,0.61,3.6,Feni_Feni
2009-02-02,0.0,24.85,10.95,1.84,66.06,0.6,4.09,Feni_Feni
2009-02-03,0.0,25.31,10.83,1.69,66.27,0.59,3.93,Feni_Feni
2009-02-04,0.0,25.57,12.11,1.54,66.4,0.59,3.85,Feni_Feni
2009-02-05,0.0,26.04,11.8,1.38,66.63,0.58,4.14,Feni_Feni
2009-02-06,0.0,27.54,12.56,1.6,67.06,0.58,4.28,Feni_Feni
2009-02-07,0.01,27.68,12.75,1.1,57.1,0.57,4.62,Feni_Feni
2009-02-08,0.0,27.72,12.76,1.54,63.14,0.57,4.53,Feni_Feni
2009-02-09,16.37,26.99,12.52,1.76,69.2,0.59,4.23,Feni_Feni
2009-02-10,0.0,27.41,12.93,1.58,65.12,0.59,4.51,Feni_Feni
2009-02-11,0.0,28.19,13.68,1.28,60.48,0.58,4.52,Feni_Feni
2009-02-12,0.39,26.85,16.92,0.85,61.09,0.57,3.63,Feni_Feni
2009-02-13,0.0,26.81,15.79,1.32,69.87,0.57,4.05,Feni_Feni
2009-02-14,0.0,26.94,13.08,1.86,66.79,0.56,4.77,Feni_Feni
2009-02-15,0.0,28.08,13.3,1.77,67.94,0.56,4.83,Feni_Feni
2009-02-16,0.0,27.95,13.03,2.1,63.43,0.55,4.95,Feni_Feni
2009-02-17,0.0,28.39,13.18,1.96,61.02,0.55,5.23,Feni_Feni
2009-02-18,0.0,28.85,12.65,1.93,61.52,0.54,5.06,Feni_Feni
2009-02-19,0.0,28.62,13.2,1.55,59.27,0.54,4.62,Feni_Feni
2009-02-20,0.0,29.33,13.08,1.77,58.39,0.53,4.67,Feni_Feni
2009-02-21,0.0,28.36,13.76,1.18,51.61,0.53,4.35,Feni_Feni
2009-02-22,0.0,29.0,14.51,1.66,62.29,0.52,4.29,Feni_Feni
2009-02-23,0.0,29.23,16.01,1.44,67.99,0.52,3.97,Feni_Feni
2009-02-24,0.0,29.47,16.5,1.95,80.8,0.52,3.43,Feni_Feni
2009-02-25,0.01,30.03,20.12,2.74,86.19,0.51,3.41,Feni_Feni
2009-02-26,0.01,30.12,20.65,2.07,82.85,0.51,3.5,Feni_Feni
2009-02-27,0.0,31.52,20.07,1.48,73.52,0.51,4.06,Feni_Feni
2009-02-28,0.35,31.7,19.53,1.4,66.61,0.5,3.84,Feni_Feni
2009-03-01,0.0,31.19,18.48,1.46,56.35,0.5,3.94,Feni_Feni
2009-03-02,0.0,30.65,13.62,1.47,41.86,0.49,3.68,Feni_Feni
2009-03-03,0.0,30.5,14.3,1.73,62.53,0.49,3.13,Feni_Feni
2009-03-04,0.01,30.99,19.46,2.17,76.18,0.48,3.08,Feni_Feni
2009-03-05,0.01,31.02,19.23,2.75,79.85,0.48,2.8,Feni_Feni
2009-03-06,0.04,31.9,21.36,2.18,79.7,0.48,2.89,Feni_Feni
2009-03-07,0.0,32.39,20.67,1.65,73.13,0.48,3.0,Feni_Feni
2009-03-08,0.0,33.31,19.83,1.51,63.9,0.47,2.99,Feni_Feni
2009-03-09,0.0,33.39,20.21,0.92,61.1,0.47,2.45,Feni_Feni
2009-03-10,0.0,34.18,22.98,0.98,56.63,0.47,2.13,Feni_Feni
2009-03-11,0.0,34.05,22.03,1.13,51.61,0.46,2.16,Feni_Feni
2009-03-12,0.0,33.48,20.59,1.34,43.54,0.46,2.59,Feni_Feni
2009-03-13,0.0,34.57,15.99,1.56,38.8,0.46,2.61,Feni_Feni
2009-03-14,0.0,33.98,15.8,1.4,40.34,0.45,1.76,Feni_Feni
2009-03-15,0.0,34.26,18.49,1.15,41.89,0.45,1.84,Feni_Feni
2009-03-16,0.0,29.65,19.97,0.84,62.48,0.45,1.1,Feni_Feni
2009-03-17,0.0,33.64,20.05,1.05,48.71,0.45,1.65,Feni_Feni
2009-03-18,0.0,34.42,20.23,0.83,64.27,0.45,1.66,Feni_Feni
2009-03-19,0.0,34.98,20.71,1.44,65.27,0.44,1.91,Feni_Feni
2009-03-20,0.0,34.78,20.75,1.62,68.27,0.44,1.84,Feni_Feni
2009-03-21,0.0,36.1,20.58,1.42,61.19,0.44,1.98,Feni_Feni
2009-03-22,0.05,34.05,21.92,0.75,61.45,0.43,1.46,Feni_Feni
2009-03-23,0.0,34.81,22.38,1.37,52.59,0.43,1.61,Feni_Feni
2009-03-24,0.0,36.28,19.79,1.53,42.01,0.43,1.87,Feni_Feni
2009-03-25,0.0,35.78,22.48,0.93,45.6,0.42,1.64,Feni_Feni
2009-03-26,0.0,35.71,22.67,1.42,61.7,0.42,1.46,Feni_Feni
2009-03-27,9.53,31.32,23.3,1.28,71.61,0.43,1.09,Feni_Feni
2009-03-28,1.19,31.13,21.7,1.25,69.17,0.44,1.21,Feni_Feni
2009-03-29,2.39,33.73,21.79,2.35,67.11,0.43,1.65,Feni_Feni
2009-03-30,3.55,32.42,22.54,1.77,76.16,0.44,0.9,Feni_Feni
2009-03-31,8.53,32.97,22.57,2.66,77.41,0.44,1.36,Feni_Feni
2009-04-01,16.59,30.73,23.05,2.57,80.5,0.47,2.05,Feni_Feni
2009-04-02,1.25,33.34,22.57,2.01,73.2,0.47,3.03,Feni_Feni
2009-04-03,1.6,33.48,22.89,1.94,72.49,0.46,2.62,Feni_Feni
2009-04-04,1.3,33.94,23.04,2.34,74.46,0.45,2.39,Feni_Feni
2009-04-05,0.0,34.29,24.58,2.74,71.62,0.45,2.32,Feni_Feni
2009-04-06,0.62,34.34,23.93,1.89,71.91,0.44,2.0,Feni_Feni
2009-04-07,0.46,35.18,24.1,1.74,71.24,0.44,2.05,Feni_Feni
2009-04-08,0.0,36.33,23.77,2.05,68.59,0.43,2.05,Feni_Feni
2009-04-09,1.09,36.7,24.78,1.49,58.55,0.43,1.86,Feni_Feni
2009-04-10,0.0,36.91,23.09,1.39,48.39,0.43,2.08,Feni_Feni
2009-04-11,0.0,36.64,24.57,1.81,61.44,0.42,1.76,Feni_Feni
2009-04-12,0.0,37.21,24.3,1.42,60.59,0.42,1.73,Feni_Feni
2009-04-13,0.0,37.23,23.82,1.13,58.29,0.42,1.63,Feni_Feni
2009-04-14,0.0,38.43,23.81,1.0,56.83,0.41,1.57,Feni_Feni
2009-04-15,0.0,36.78,24.82,2.45,67.42,0.41,1.2,Feni_Feni
2009-04-16,4.96,34.62,25.48,2.85,72.8,0.41,0.77,Feni_Feni
2009-04-17,31.66,29.43,25.32,2.45,85.83,0.45,0.61,Feni_Feni
2009-04-18,5.63,34.07,24.38,3.09,78.36,0.48,3.05,Feni_Feni
2009-04-19,0.02,35.05,25.58,3.93,76.38,0.46,3.08,Feni_Feni
2009-04-20,0.07,34.35,26.24,4.13,73.87,0.45,2.49,Feni_Feni
2009-04-21,0.08,34.04,26.45,4.46,73.26,0.45,2.11,Feni_Feni
2009-04-22,0.01,33.95,27.15,4.93,75.2,0.44,1.72,Feni_Feni
2009-04-23,0.01,34.37,26.99,3.75,77.08,0.44,1.45,Feni_Feni
2009-04-24,0.0,35.91,24.84,1.95,69.06,0.43,1.72,Feni_Feni
2009-04-25,0.0,37.24,23.3,1.57,63.37,0.43,2.02,Feni_Feni
2009-04-26,0.0,38.23,23.87,1.65,63.19,0.43,1.91,Feni_Feni
2009-04-27,0.0,38.12,24.65,2.03,66.36,0.42,1.63,Feni_Feni
2009-04-28,0.0,35.69,25.42,2.79,70.65,0.42,1.23,Feni_Feni
2009-04-29,0.0,35.42,24.48,2.91,71.52,0.42,1.16,Feni_Feni
2009-04-30,0.23,34.85,25.97,3.36,67.95,0.41,1.02,Feni_Feni
2009-05-01,2.55,34.16,26.36,3.17,69.23,0.41,0.86,Feni_Feni
2009-05-02,27.85,30.73,25.29,2.28,81.73,0.44,0.48,Feni_Feni
2009-05-03,37.81,30.52,24.44,1.6,84.28,0.51,2.7,Feni_Feni
2009-05-04,7.85,31.46,24.94,1.67,84.12,0.53,3.43,Feni_Feni
2009-05-05,0.34,31.86,25.3,1.16,79.79,0.51,3.51,Feni_Feni
2009-05-06,2.84,31.95,25.15,1.68,83.34,0.5,2.56,Feni_Feni
2009-05-07,1.76,32.75,25.7,2.41,80.27,0.49,3.3,Feni_Feni
2009-05-08,0.0,34.27,25.53,2.14,75.08,0.49,4.08,Feni_Feni
2009-05-09,0.01,33.81,25.68,2.84,77.97,0.48,2.85,Feni_Feni
2009-05-10,2.1,33.42,26.25,3.1,79.74,0.48,2.45,Feni_Feni
2009-05-11,9.24,33.11,26.01,1.76,79.43,0.49,2.57,Feni_Feni
2009-05-12,1.12,34.03,24.81,1.08,68.54,0.49,3.27,Feni_Feni
2009-05-13,2.26,32.59,25.58,1.49,73.75,0.48,2.26,Feni_Feni
2009-05-14,6.73,30.84,25.67,1.66,81.76,0.49,1.66,Feni_Feni
2009-05-15,1.91,31.83,25.73,1.47,79.67,0.49,2.2,Feni_Feni
2009-05-16,7.05,32.51,25.49,2.46,80.27,0.49,2.95,Feni_Feni
2009-05-17,9.48,33.45,25.32,2.2,77.81,0.5,4.13,Feni_Feni
2009-05-18,37.77,30.89,26.11,2.57,87.62,0.54,2.87,Feni_Feni
2009-05-19,17.31,30.61,25.9,2.28,86.64,0.57,5.1,Feni_Feni
2009-05-20,0.06,32.67,25.44,1.39,81.16,0.56,7.63,Feni_Feni
2009-05-21,0.0,34.61,25.48,1.19,75.95,0.54,9.25,Feni_Feni
2009-05-22,0.6,35.11,25.85,1.25,75.65,0.52,8.06,Feni_Feni
2009-05-23,1.76,34.29,26.15,1.92,77.32,0.52,5.04,Feni_Feni
2009-05-24,28.54,30.39,25.42,2.2,85.92,0.53,1.73,Feni_Feni
2009-05-25,54.09,29.71,25.28,6.76,88.17,0.6,2.99,Feni_Feni
2009-05-26,66.41,30.81,27.33,5.84,87.7,0.69,3.45,Feni_Feni
2009-05-27,35.89,31.43,26.35,1.63,88.22,0.74,3.43,Feni_Feni
2009-05-28,0.0,31.64,25.92,1.76,84.62,0.71,6.13,Feni_Feni
2009-05-29,2.61,31.87,25.63,1.36,86.2,0.69,5.03,Feni_Feni
2009-05-30,5.34,31.51,26.21,1.69,85.65,0.68,4.88,Feni_Feni
2009-05-31,5.36,30.51,25.99,2.2,86.71,0.68,3.75,Feni_Feni
2009-06-01,9.41,30.56,25.73,2.3,87.42,0.68,4.08,Feni_Feni
2009-06-02,10.23,31.82,26.25,2.45,86.56,0.69,5.17,Feni_Feni
2009-06-03,12.51,31.48,25.76,1.7,87.92,0.7,3.81,Feni_Feni
2009-06-04,8.13,31.57,25.75,1.74,88.19,0.7,5.26,Feni_Feni
2009-06-05,6.26,30.61,25.82,1.13,86.38,0.7,3.93,Feni_Feni
2009-06-06,22.47,31.43,25.22,3.53,89.27,0.7,3.84,Feni_Feni
2009-06-07,20.06,29.29,26.13,3.81,93.29,0.73,0.81,Feni_Feni
2009-06-08,37.04,34.31,26.17,2.27,85.46,0.76,1.79,Feni_Feni
2009-06-09,22.64,31.55,26.69,3.82,89.19,0.79,4.99,Feni_Feni
2009-06-10,3.75,31.45,25.64,2.73,87.45,0.78,5.68,Feni_Feni
2009-06-11,5.22,31.99,25.3,2.4,86.8,0.77,6.29,Feni_Feni
2009-06-12,6.09,31.28,25.47,2.17,89.04,0.76,4.28,Feni_Feni
2009-06-13,12.67,29.45,26.24,1.91,91.98,0.77,1.3,Feni_Feni
2009-06-14,3.09,30.69,26.21,2.05,89.66,0.77,2.96,Feni_Feni
2009-06-15,1.25,30.89,26.68,2.09,90.17,0.77,2.78,Feni_Feni
2009-06-16,1.21,31.69,26.55,1.87,89.3,0.76,3.4,Feni_Feni
2009-06-17,0.01,32.42,26.7,1.13,87.6,0.76,4.35,Feni_Feni
2009-06-18,0.02,30.32,26.6,1.33,91.0,0.75,2.14,Feni_Feni
2009-06-19,0.2,32.08,26.3,2.11,88.1,0.75,4.9,Feni_Feni
2009-06-20,2.3,31.53,26.16,2.77,87.09,0.74,5.55,Feni_Feni
2009-06-21,1.46,31.29,26.31,3.15,86.35,0.74,5.48,Feni_Feni
2009-06-22,0.0,31.51,26.88,3.12,89.46,0.73,4.08,Feni_Feni
2009-06-23,1.42,31.95,27.18,2.87,87.48,0.72,5.48,Feni_Feni
2009-06-24,3.37,31.82,26.98,2.5,87.16,0.72,4.95,Feni_Feni
2009-06-25,4.47,31.91,26.7,2.84,87.89,0.72,5.49,Feni_Feni
2009-06-26,0.11,31.11,26.56,2.85,87.88,0.72,4.67,Feni_Feni
2009-06-27,18.35,32.48,27.16,3.47,87.12,0.72,6.22,Feni_Feni
2009-06-28,34.11,31.12,27.2,3.58,89.24,0.76,3.5,Feni_Feni
2009-06-29,34.9,30.32,27.17,4.01,91.33,0.78,2.13,Feni_Feni
2009-06-30,72.62,30.45,27.38,4.03,91.75,0.85,1.77,Feni_Feni
2009-07-01,96.85,30.79,27.41,3.14,90.98,0.91,2.08,Feni_Feni
2009-07-02,79.34,29.3,26.76,2.79,93.64,0.96,0.75,Feni_Feni
2009-07-03,54.13,30.14,26.23,3.32,91.38,0.98,1.89,Feni_Feni
2009-07-04,19.03,29.83,25.94,3.58,89.54,0.98,2.75,Feni_Feni
2009-07-05,6.38,30.66,25.88,2.7,90.82,0.97,1.93,Feni_Feni
2009-07-06,17.33,29.73,26.64,4.14,92.89,0.96,1.74,Feni_Feni
2009-07-07,24.15,29.06,26.55,3.46,93.54,0.97,1.08,Feni_Feni
2009-07-08,11.12,29.42,25.88,4.28,92.66,0.97,1.58,Feni_Feni
2009-07-09,11.6,30.97,25.92,3.61,90.78,0.97,2.86,Feni_Feni
2009-07-10,9.26,30.77,25.56,3.27,90.48,0.96,3.04,Feni_Feni
2009-07-11,5.01,31.27,25.67,2.79,90.29,0.96,3.43,Feni_Feni
2009-07-12,4.17,31.32,26.23,2.66,90.54,0.95,3.73,Feni_Feni
2009-07-13,3.92,32.13,26.3,2.06,89.61,0.94,4.17,Feni_Feni
2009-07-14,3.37,31.81,26.63,3.27,89.45,0.94,3.69,Feni_Feni
2009-07-15,22.54,31.1,26.47,4.47,89.95,0.93,4.03,Feni_Feni
2009-07-16,31.48,30.85,26.54,3.44,90.12,0.95,3.44,Feni_Feni
2009-07-17,2.64,31.31,25.76,2.46,89.53,0.95,4.7,Feni_Feni
2009-07-18,3.65,31.68,26.03,2.42,90.7,0.93,3.74,Feni_Feni
2009-07-19,3.31,31.01,26.27,2.91,90.25,0.93,3.22,Feni_Feni
2009-07-20,0.18,31.86,25.57,3.74,88.09,0.92,5.26,Feni_Feni
2009-07-21,7.6,28.98,25.39,3.38,92.09,0.91,1.47,Feni_Feni
2009-07-22,20.72,29.88,26.05,4.25,91.47,0.93,2.86,Feni_Feni
2009-07-23,4.53,31.22,25.6,2.63,89.37,0.92,4.71,Feni_Feni
2009-07-24,1.23,32.16,26.21,1.67,88.0,0.91,4.27,Feni_Feni
2009-07-25,1.36,31.34,26.55,1.79,91.28,0.91,2.89,Feni_Feni
2009-07-26,5.2,31.34,26.49,1.46,88.7,0.9,3.07,Feni_Feni
2009-07-27,63.49,29.32,26.4,2.61,92.57,0.93,1.02,Feni_Feni
2009-07-28,90.18,30.72,26.64,3.36,91.19,0.99,2.72,Feni_Feni
2009-07-29,95.06,29.75,26.81,2.52,94.28,1.0,0.71,Feni_Feni
2009-07-30,54.55,30.91,26.1,1.85,91.52,1.0,2.31,Feni_Feni
2009-07-31,46.58,30.91,26.15,2.22,91.77,1.0,1.85,Feni_Feni
2009-08-01,1.19,32.01,25.86,1.08,86.08,0.99,4.62,Feni_Feni
2009-08-02,2.31,33.06,26.44,1.41,86.62,0.99,5.76,Feni_Feni
2009-08-03,3.64,30.14,27.52,1.89,94.05,0.98,0.58,Feni_Feni
2009-08-04,6.36,30.09,27.39,1.91,91.39,0.98,1.62,Feni_Feni
2009-08-05,12.41,32.4,27.43,1.34,91.86,0.98,1.84,Feni_Feni
2009-08-06,56.73,31.15,26.82,1.04,89.37,0.99,1.39,Feni_Feni
2009-08-07,24.15,32.97,26.44,1.49,89.83,1.0,3.37,Feni_Feni
2009-08-08,9.71,31.69,27.3,2.29,90.12,0.99,2.5,Feni_Feni
2009-08-09,7.35,31.75,26.58,2.68,89.88,0.98,3.79,Feni_Feni
2009-08-10,3.18,31.12,26.86,2.96,91.09,0.98,3.19,Feni_Feni
2009-08-11,0.17,31.08,26.45,3.3,90.07,0.97,3.71,Feni_Feni
2009-08-12,3.94,30.64,26.27,2.88,90.37,0.96,3.63,Feni_Feni
2009-08-13,13.33,30.56,26.06,2.71,90.77,0.96,3.34,Feni_Feni
2009-08-14,18.87,30.11,26.36,2.32,91.59,0.96,2.25,Feni_Feni
2009-08-15,29.77,28.79,26.17,2.83,93.58,0.97,0.83,Feni_Feni
2009-08-16,25.47,29.77,25.77,2.48,92.54,0.98,1.53,Feni_Feni
2009-08-17,4.42,30.33,25.16,2.36,88.92,0.97,3.74,Feni_Feni
2009-08-18,20.35,30.35,24.86,2.89,90.09,0.97,3.31,Feni_Feni
2009-08-19,19.23,29.68,25.53,2.74,91.39,0.97,2.36,Feni_Feni
2009-08-20,45.48,28.7,25.67,2.46,93.49,0.98,0.76,Feni_Feni
2009-08-21,19.36,28.0,24.87,2.35,94.16,0.99,0.49,Feni_Feni
2009-08-22,21.12,30.03,24.46,1.53,88.9,0.99,2.74,Feni_Feni
2009-08-23,3.03,30.52,24.95,2.35,90.14,0.98,2.58,Feni_Feni
2009-08-24,20.31,31.13,24.81,1.68,87.98,0.98,3.59,Feni_Feni
2009-08-25,6.88,29.07,24.88,2.49,90.44,0.98,2.01,Feni_Feni
2009-08-26,29.88,29.41,24.31,3.42,90.62,0.98,2.3,Feni_Feni
2009-08-27,17.02,28.27,25.02,3.59,93.6,0.98,0.7,Feni_Feni
2009-08-28,2.42,30.46,25.25,1.81,90.87,0.98,2.88,Feni_Feni
2009-08-29,0.08,32.06,25.46,0.98,85.72,0.97,6.82,Feni_Feni
2009-08-30,26.98,31.41,25.18,0.86,85.81,0.97,2.63,Feni_Feni
2009-08-31,22.27,32.8,25.7,0.8,81.81,0.98,6.29,Feni_Feni
2009-09-01,0.12,31.25,25.55,1.14,89.48,0.97,4.44,Feni_Feni
2009-09-02,8.96,32.28,25.14,1.14,86.74,0.97,7.57,Feni_Feni
2009-09-03,9.79,28.63,26.38,2.68,94.35,0.97,0.69,Feni_Feni
2009-09-04,4.19,28.79,25.94,2.7,94.83,0.97,0.71,Feni_Feni
2009-09-05,5.91,29.28,25.92,4.16,93.6,0.97,1.27,Feni_Feni
2009-09-06,5.13,29.62,25.86,2.92,92.83,0.97,1.69,Feni_Feni
2009-09-07,4.76,30.89,25.2,2.05,90.78,0.96,3.35,Feni_Feni
2009-09-08,12.2,28.18,25.67,3.88,94.38,0.96,0.73,Feni_Feni
2009-09-09,3.05,28.73,25.16,2.35,92.01,0.96,1.42,Feni_Feni
2009-09-10,4.65,29.1,24.78,0.93,87.67,0.96,2.36,Feni_Feni
2009-09-11,1.54,32.07,24.24,0.79,81.87,0.96,7.69,Feni_Feni
2009-09-12,0.12,32.34,25.09,1.08,85.73,0.95,7.21,Feni_Feni
2009-09-13,2.88,32.76,25.65,1.22,85.37,0.94,6.48,Feni_Feni
2009-09-14,31.16,31.9,26.23,1.2,87.16,0.95,1.04,Feni_Feni
2009-09-15,29.78,31.59,25.46,1.11,82.65,0.97,4.99,Feni_Feni
2009-09-16,6.07,30.78,25.78,1.23,87.41,0.96,3.96,Feni_Feni
2009-09-17,6.11,30.26,25.92,1.32,89.39,0.96,2.09,Feni_Feni
2009-09-18,6.03,30.44,25.74,2.19,90.77,0.96,3.64,Feni_Feni
2009-09-19,17.22,30.08,25.52,2.01,89.01,0.96,3.5,Feni_Feni
2009-09-20,7.06,29.6,25.23,2.05,91.13,0.96,3.32,Feni_Feni
2009-09-21,6.47,29.18,24.89,2.11,92.8,0.95,1.81,Feni_Feni
2009-09-22,9.71,28.9,24.7,1.96,92.0,0.95,1.64,Feni_Feni
2009-09-23,13.53,29.55,24.92,2.08,90.02,0.96,3.26,Feni_Feni
2009-09-24,3.8,30.59,24.85,1.96,89.71,0.95,3.86,Feni_Feni
2009-09-25,1.24,29.98,25.63,1.03,89.2,0.95,2.21,Feni_Feni
2009-09-26,0.0,31.15,25.27,1.1,88.22,0.95,3.48,Feni_Feni
2009-09-27,0.0,31.83,25.86,1.09,85.7,0.94,2.83,Feni_Feni
2009-09-28,0.61,32.25,25.12,1.36,87.73,0.94,4.98,Feni_Feni
2009-09-29,1.44,31.37,25.56,1.45,88.95,0.93,4.46,Feni_Feni
2009-09-30,0.29,29.2,26.18,1.4,90.92,0.93,2.01,Feni_Feni
2009-10-01,0.0,30.2,25.61,0.94,89.16,0.92,2.45,Feni_Feni
2009-10-02,10.8,30.13,25.78,1.32,91.08,0.92,2.02,Feni_Feni
2009-10-03,16.87,31.52,24.77,1.31,87.99,0.94,2.94,Feni_Feni
2009-10-04,37.88,28.0,25.37,3.28,94.29,0.95,0.57,Feni_Feni
2009-10-05,25.46,29.14,25.24,2.12,93.17,0.97,1.09,Feni_Feni
2009-10-06,14.55,29.12,25.82,2.45,92.98,0.97,1.26,Feni_Feni
2009-10-07,13.0,29.04,26.21,2.46,93.79,0.97,0.88,Feni_Feni
2009-10-08,30.83,29.27,25.9,2.95,92.92,0.98,1.2,Feni_Feni
2009-10-09,23.95,29.65,25.75,1.69,88.42,0.98,2.42,Feni_Feni
2009-10-10,3.88,28.88,24.11,1.26,85.22,0.98,2.36,Feni_Feni
2009-10-11,0.62,31.02,22.8,0.7,77.19,0.97,7.7,Feni_Feni
2009-10-12,0.0,30.52,22.26,1.23,80.61,0.97,6.35,Feni_Feni
2009-10-13,0.0,30.83,22.6,1.46,84.93,0.96,6.2,Feni_Feni
2009-10-14,0.06,30.68,22.91,1.61,85.7,0.95,5.9,Feni_Feni
2009-10-15,3.54,30.64,23.46,0.89,83.7,0.95,4.92,Feni_Feni
2009-10-16,10.96,29.53,24.05,1.62,88.46,0.95,3.24,Feni_Feni
2009-10-17,12.63,30.5,24.75,0.99,86.45,0.95,4.7,Feni_Feni
2009-10-18,3.85,30.66,23.75,1.19,85.68,0.95,5.41,Feni_Feni
2009-10-19,0.66,30.8,22.48,1.12,83.37,0.94,6.52,Feni_Feni
2009-10-20,0.0,29.03,19.22,1.44,79.94,0.93,6.23,Feni_Feni
2009-10-21,0.0,28.51,18.26,1.56,80.13,0.93,5.65,Feni_Feni
2009-10-22,0.0,29.35,17.77,1.52,83.31,0.92,5.93,Feni_Feni
2009-10-23,0.0,29.02,18.31,1.41,80.32,0.91,6.29,Feni_Feni
2009-10-24,0.0,28.64,19.63,1.3,80.42,0.91,6.3,Feni_Feni
2009-10-25,0.0,28.58,18.95,1.79,85.0,0.9,5.71,Feni_Feni
2009-10-26,0.0,28.72,19.08,1.91,87.02,0.89,5.51,Feni_Feni
2009-10-27,0.0,28.78,18.59,1.74,85.67,0.89,5.74,Feni_Feni
2009-10-28,0.0,27.53,18.2,1.69,88.35,0.88,3.47,Feni_Feni
2009-10-29,0.0,29.31,18.96,1.43,86.81,0.88,5.98,Feni_Feni
2009-10-30,0.0,28.57,18.29,1.67,86.03,0.87,5.79,Feni_Feni
2009-10-31,0.0,28.6,17.88,1.59,86.06,0.86,5.9,Feni_Feni
2009-11-01,0.0,29.39,18.58,1.32,85.88,0.86,6.44,Feni_Feni
2009-11-02,0.0,30.25,19.98,1.11,86.59,0.85,5.54,Feni_Feni
2009-11-03,0.0,27.22,21.48,1.1,86.8,0.85,2.25,Feni_Feni
2009-11-04,0.0,26.75,22.14,1.11,84.44,0.85,2.3,Feni_Feni
2009-11-05,0.0,30.19,20.97,0.66,74.44,0.84,5.52,Feni_Feni
2009-11-06,0.0,30.06,21.57,1.26,82.26,0.84,5.95,Feni_Feni
2009-11-07,0.0,29.34,20.19,1.46,85.53,0.83,5.83,Feni_Feni
2009-11-08,0.0,28.98,19.5,1.65,86.26,0.83,5.73,Feni_Feni
2009-11-09,0.0,28.46,18.3,1.8,84.99,0.82,5.48,Feni_Feni
2009-11-10,0.0,27.64,17.83,1.56,83.15,0.82,4.78,Feni_Feni
2009-11-11,0.0,27.92,18.91,1.34,82.48,0.81,5.07,Feni_Feni
2009-11-12,0.0,28.61,18.77,1.64,85.59,0.81,4.88,Feni_Feni
2009-11-13,0.0,28.06,18.37,1.78,83.8,0.8,4.78,Feni_Feni
2009-11-14,0.0,29.23,18.67,1.08,80.23,0.8,5.39,Feni_Feni
2009-11-15,0.81,29.76,22.8,0.78,81.84,0.79,5.81,Feni_Feni
2009-11-16,15.71,29.87,23.37,0.8,82.86,0.8,3.92,Feni_Feni
2009-11-17,18.21,28.39,21.25,1.33,88.31,0.82,3.48,Feni_Feni
2009-11-18,0.96,27.71,19.38,1.22,86.6,0.82,5.01,Feni_Feni
2009-11-19,3.84,26.46,20.8,1.49,87.86,0.81,2.42,Feni_Feni
2009-11-20,0.08,26.06,18.13,1.99,83.62,0.81,4.53,Feni_Feni
2009-11-21,0.0,24.43,15.0,2.26,80.83,0.8,4.06,Feni_Feni
2009-11-22,0.0,24.63,12.91,1.27,77.15,0.8,4.33,Feni_Feni
2009-11-23,0.0,25.05,14.59,1.19,80.23,0.79,4.53,Feni_Feni
2009-11-24,0.0,24.98,15.41,1.26,78.64,0.79,4.37,Feni_Feni
2009-11-25,0.0,25.23,14.85,1.55,84.45,0.79,4.3,Feni_Feni
2009-11-26,0.0,25.74,14.57,1.41,84.35,0.78,4.46,Feni_Feni
2009-11-27,0.0,25.62,14.63,1.55,83.6,0.78,4.25,Feni_Feni
2009-11-28,0.0,25.5,14.24,1.49,83.03,0.77,4.12,Feni_Feni
2009-11-29,0.0,25.76,14.44,0.68,71.49,0.77,5.29,Feni_Feni
2009-11-30,0.0,25.68,14.53,0.91,71.34,0.77,5.22,Feni_Feni
2009-12-01,0.0,26.44,15.81,0.69,73.99,0.76,5.42,Feni_Feni
2009-12-02,0.0,25.46,14.36,0.77,76.62,0.76,4.99,Feni_Feni
2009-12-03,0.0,25.45,14.14,1.3,82.73,0.76,4.18,Feni_Feni
2009-12-04,0.0,24.96,14.94,1.23,83.32,0.75,4.01,Feni_Feni
2009-12-05,0.0,25.02,14.83,1.07,80.7,0.75,4.41,Feni_Feni
2009-12-06,0.0,25.2,15.94,0.77,76.7,0.75,3.12,Feni_Feni
2009-12-07,0.0,24.57,15.32,1.02,76.28,0.74,2.92,Feni_Feni
2009-12-08,0.0,24.31,13.39,1.5,81.48,0.74,2.66,Feni_Feni
2009-12-09,0.0,24.36,12.29,1.54,81.36,0.74,3.4,Feni_Feni
2009-12-10,0.0,23.31,12.41,1.29,80.92,0.73,2.78,Feni_Feni
2009-12-11,0.0,23.13,12.64,0.94,80.8,0.73,3.19,Feni_Feni
2009-12-12,0.0,23.81,12.06,1.02,83.51,0.73,3.66,Feni_Feni
2009-12-13,0.0,24.4,12.89,1.0,80.69,0.73,3.8,Feni_Feni
2009-12-14,0.0,24.69,12.72,1.08,78.0,0.72,3.86,Feni_Feni
2009-12-15,0.0,24.37,12.56,1.41,81.22,0.72,3.46,Feni_Feni
2009-12-16,0.0,24.99,13.88,1.22,80.64,0.72,3.51,Feni_Feni
2009-12-17,0.0,25.12,15.3,1.33,79.48,0.71,3.02,Feni_Feni
2009-12-18,0.0,25.43,13.69,1.56,82.41,0.71,3.62,Feni_Feni
2009-12-19,0.0,25.33,14.75,1.47,84.57,0.71,3.23,Feni_Feni
2009-12-20,0.06,24.64,14.46,2.21,86.11,0.7,3.4,Feni_Feni
2009-12-21,0.0,23.68,11.33,1.99,80.71,0.7,3.47,Feni_Feni
2009-12-22,0.0,22.85,10.6,1.72,82.91,0.7,3.16,Feni_Feni
2009-12-23,0.0,23.17,11.96,1.68,81.17,0.69,3.12,Feni_Feni
2009-12-24,0.0,22.5,10.77,1.57,82.22,0.69,2.5,Feni_Feni
2009-12-25,0.0,21.35,9.32,1.63,76.35,0.69,2.5,Feni_Feni
2009-12-26,0.0,21.51,9.41,1.47,77.43,0.68,2.66,Feni_Feni
2009-12-27,0.0,21.93,9.2,1.61,77.86,0.68,2.74,Feni_Feni
2009-12-28,0.0,22.07,9.64,1.47,80.06,0.68,2.72,Feni_Feni
2009-12-29,0.0,21.66,9.22,1.49,80.33,0.68,2.74,Feni_Feni
2009-12-30,0.0,22.39,9.39,1.37,77.6,0.67,3.1,Feni_Feni
2009-12-31,0.0,22.25,11.1,1.55,81.22,0.67,2.51,Feni_Feni
2010-01-01,0.0,21.5,9.41,2.15,84.25,0.67,2.64,Feni_Feni
2010-01-02,0.0,22.97,9.37,1.84,82.92,0.66,2.96,Feni_Feni
2010-01-03,0.0,23.58,9.52,1.6,83.5,0.66,3.1,Feni_Feni
2010-01-04,0.0,22.66,9.3,1.48,81.03,0.66,3.06,Feni_Feni
2010-01-05,0.0,21.93,9.73,1.93,78.25,0.65,2.79,Feni_Feni
2010-01-06,0.0,22.54,8.92,1.97,81.16,0.65,3.05,Feni_Feni
2010-01-07,0.0,24.05,9.01,1.67,79.1,0.65,3.36,Feni_Feni
2010-01-08,0.0,24.11,10.32,1.46,75.08,0.64,3.71,Feni_Feni
2010-01-09,0.0,23.36,9.78,1.65,77.24,0.64,3.13,Feni_Feni
2010-01-10,0.0,23.48,9.24,1.64,74.27,0.64,3.2,Feni_Feni
2010-01-11,0.0,22.34,8.79,1.68,75.11,0.63,2.61,Feni_Feni
2010-01-12,0.0,21.96,8.58,1.68,76.62,0.63,2.58,Feni_Feni
2010-01-13,0.0,23.04,9.23,1.56,76.4,0.63,2.9,Feni_Feni
2010-01-14,0.0,23.28,12.06,1.75,75.78,0.62,2.37,Feni_Feni
2010-01-15,0.0,24.39,11.59,2.38,78.31,0.62,3.33,Feni_Feni
2010-01-16,0.0,23.37,10.45,1.91,79.69,0.62,2.75,Feni_Feni
2010-01-17,0.0,24.85,11.87,1.46,76.87,0.61,3.61,Feni_Feni
2010-01-18,0.0,24.04,11.61,1.61,78.66,0.61,2.93,Feni_Feni
2010-01-19,0.0,23.54,12.54,1.37,77.75,0.61,2.93,Feni_Feni
2010-01-20,0.0,24.14,10.47,1.85,78.65,0.6,3.34,Feni_Feni
2010-01-21,0.0,24.94,10.37,1.86,77.87,0.6,3.59,Feni_Feni
2010-01-22,0.0,25.01,10.15,1.48,72.88,0.6,3.94,Feni_Feni
2010-01-23,0.0,24.99,10.35,1.64,69.84,0.59,3.89,Feni_Feni
2010-01-24,0.0,25.24,10.55,1.25,70.95,0.59,4.07,Feni_Feni
2010-01-25,0.0,25.99,11.42,1.09,60.33,0.59,4.25,Feni_Feni
2010-01-26,0.0,25.99,13.52,0.88,55.43,0.58,4.07,Feni_Feni
2010-01-27,0.0,25.21,11.0,1.63,70.45,0.58,3.65,Feni_Feni
2010-01-28,0.0,25.08,10.38,2.01,69.16,0.58,3.95,Feni_Feni
2010-01-29,0.0,24.83,9.92,1.79,68.27,0.57,3.9,Feni_Feni
2010-01-30,0.0,24.56,10.09,1.46,65.4,0.57,3.8,Feni_Feni
2010-01-31,0.0,24.56,10.18,1.68,67.36,0.56,3.51,Feni_Feni
2010-02-01,0.0,24.31,10.0,1.92,66.86,0.56,3.53,Feni_Feni
2010-02-02,0.0,24.51,10.18,1.56,63.55,0.56,3.87,Feni_Feni
2010-02-03,0.0,25.3,10.73,1.84,62.8,0.55,4.03,Feni_Feni
2010-02-04,0.0,24.89,10.11,1.87,61.81,0.55,4.09,Feni_Feni
2010-02-05,0.0,25.24,10.26,1.77,58.53,0.54,4.04,Feni_Feni
2010-02-06,0.0,24.43,9.22,1.81,59.62,0.54,3.54,Feni_Feni
2010-02-07,0.0,25.63,9.81,1.29,56.17,0.54,4.08,Feni_Feni
2010-02-08,0.0,26.19,12.77,0.89,54.64,0.53,3.64,Feni_Feni
2010-02-09,0.0,27.15,13.59,0.78,62.18,0.53,3.58,Feni_Feni
2010-02-10,0.0,28.04,13.91,1.28,64.78,0.53,3.46,Feni_Feni
2010-02-11,0.0,28.46,14.55,1.88,69.1,0.52,3.66,Feni_Feni
2010-02-12,0.0,28.52,14.29,1.94,60.65,0.52,4.18,Feni_Feni
2010-02-13,0.0,27.51,12.94,1.66,60.83,0.51,3.47,Feni_Feni
2010-02-14,0.0,28.33,15.11,1.41,64.21,0.51,3.47,Feni_Feni
2010-02-15,0.01,28.2,16.76,1.4,64.84,0.51,3.1,Feni_Feni
2010-02-16,0.0,28.69,15.11,1.48,61.49,0.5,2.79,Feni_Feni
2010-02-17,0.3,28.84,16.91,1.31,68.49,0.5,2.86,Feni_Feni
2010-02-18,0.02,28.91,16.11,1.69,67.0,0.5,3.27,Feni_Feni
2010-02-19,0.0,28.14,13.97,1.64,49.58,0.49,3.32,Feni_Feni
2010-02-20,0.0,28.08,12.35,1.48,47.24,0.49,2.88,Feni_Feni
2010-02-21,0.0,27.56,12.6,1.48,51.41,0.49,2.71,Feni_Feni
2010-02-22,0.0,28.89,12.94,1.45,54.97,0.48,2.79,Feni_Feni
2010-02-23,0.31,28.96,14.35,1.51,55.9,0.48,2.34,Feni_Feni
2010-02-24,0.74,29.6,17.4,1.3,58.03,0.48,2.64,Feni_Feni
2010-02-25,17.63,28.44,18.54,1.4,80.55,0.5,2.01,Feni_Feni
2010-02-26,0.76,29.56,18.28,1.29,73.1,0.51,3.64,Feni_Feni
2010-02-27,0.0,29.16,15.99,1.38,59.13,0.5,3.5,Feni_Feni
2010-02-28,0.0,30.43,15.92,1.04,52.8,0.49,3.45,Feni_Feni
2010-03-01,0.0,31.29,17.23,1.52,62.46,0.49,3.29,Feni_Feni
2010-03-02,0.0,32.62,18.65,1.78,66.5,0.48,3.38,Feni_Feni
2010-03-03,0.0,31.74,18.69,2.65,77.61,0.48,2.85,Feni_Feni
2010-03-04,0.0,31.98,20.27,2.59,76.55,0.47,2.88,Feni_Feni
2010-03-05,0.0,31.79,21.14,3.19,78.43,0.47,2.62,Feni_Feni
2010-03-06,0.0,31.51,22.73,2.65,79.11,0.46,2.33,Feni_Feni
2010-03-07,0.0,32.69,21.86,1.96,76.4,0.46,2.59,Feni_Feni
2010-03-08,0.0,34.12,21.26,1.35,65.76,0.46,2.64,Feni_Feni
2010-03-09,0.0,34.18,19.09,1.99,47.23,0.45,2.76,Feni_Feni
2010-03-10,0.0,33.94,17.66,2.09,43.38,0.45,2.53,Feni_Feni
2010-03-11,0.0,33.65,16.75,1.77,40.94,0.45,2.28,Feni_Feni
2010-03-12,0.0,33.87,17.95,1.48,37.58,0.44,2.14,Feni_Feni
2010-03-13,0.0,33.13,20.04,1.3,35.56,0.44,1.75,Feni_Feni
2010-03-14,0.0,34.8,19.1,1.93,62.41,0.44,1.9,Feni_Feni
2010-03-15,6.3,34.33,21.58,1.91,69.2,0.44,1.69,Feni_Feni
2010-03-16,0.25,34.84,21.88,1.15,62.89,0.44,2.03,Feni_Feni
2010-03-17,0.0,36.65,21.69,1.14,49.46,0.44,2.16,Feni_Feni
2010-03-18,0.0,37.32,20.83,1.64,43.51,0.43,2.07,Feni_Feni
2010-03-19,0.0,36.47,20.11,1.49,44.5,0.43,1.9,Feni_Feni
2010-03-20,0.0,37.31,21.79,1.37,39.34,0.43,1.83,Feni_Feni
2010-03-21,0.0,37.37,19.99,1.27,46.7,0.42,1.74,Feni_Feni
2010-03-22,0.0,36.01,21.75,3.03,71.6,0.42,1.4,Feni_Feni
2010-03-23,0.0,33.72,24.32,4.36,73.53,0.42,1.11,Feni_Feni
2010-03-24,0.0,33.92,25.29,4.13,70.01,0.42,1.09,Feni_Feni
2010-03-25,0.0,33.7,24.22,3.54,70.23,0.41,1.06,Feni_Feni
2010-03-26,0.0,34.25,23.41,2.9,71.72,0.41,0.94,Feni_Feni
2010-03-27,0.0,32.49,24.53,3.9,73.44,0.41,0.79,Feni_Feni
2010-03-28,4.27,32.55,25.82,4.57,71.44,0.41,0.79,Feni_Feni
2010-03-29,7.59,32.34,25.61,4.7,76.16,0.43,1.12,Feni_Feni
2010-03-30,3.99,33.22,25.19,4.73,75.96,0.43,1.3,Feni_Feni
2010-03-31,3.8,32.92,25.46,6.04,79.15,0.43,1.19,Feni_Feni
2010-04-01,1.42,34.21,26.13,5.24,77.07,0.43,1.53,Feni_Feni
2010-04-02,0.94,33.72,26.08,4.74,75.31,0.43,1.37,Feni_Feni
2010-04-03,1.25,33.83,25.51,3.88,74.07,0.43,1.31,Feni_Feni
2010-04-04,0.0,34.31,25.09,3.07,72.11,0.42,1.28,Feni_Feni
2010-04-05,0.0,34.9,24.57,2.97,74.69,0.42,1.26,Feni_Feni
2010-04-06,0.0,36.14,24.42,2.7,74.54,0.42,1.2,Feni_Feni
2010-04-07,0.0,37.87,24.59,1.89,67.59,0.41,1.33,Feni_Feni
2010-04-08,0.0,39.18,23.43,1.35,59.21,0.41,1.45,Feni_Feni
2010-04-09,0.0,36.75,24.36,3.15,69.75,0.4,0.99,Feni_Feni
2010-04-10,0.01,36.28,26.4,4.6,72.31,0.4,0.86,Feni_Feni
2010-04-11,0.0,35.15,26.57,3.97,71.31,0.4,0.77,Feni_Feni
2010-04-12,0.0,35.43,26.39,3.61,70.92,0.4,0.77,Feni_Feni
2010-04-13,0.01,33.62,26.41,3.53,71.68,0.4,0.5,Feni_Feni
2010-04-14,0.43,32.89,26.45,2.69,72.9,0.4,0.4,Feni_Feni
2010-04-15,1.25,33.38,25.87,1.39,73.07,0.4,0.46,Feni_Feni
2010-04-16,0.65,38.11,24.93,1.68,64.56,0.4,1.04,Feni_Feni
2010-04-17,2.36,36.11,25.42,3.44,68.27,0.4,0.79,Feni_Feni
2010-04-18,5.9,32.85,26.41,4.53,73.0,0.41,0.66,Feni_Feni
2010-04-19,0.04,34.22,27.41,5.84,68.7,0.4,0.87,Feni_Feni
2010-04-20,0.32,35.19,27.86,6.27,70.29,0.4,0.85,Feni_Feni
2010-04-21,0.46,35.1,28.24,6.09,71.54,0.4,0.76,Feni_Feni
2010-04-22,0.02,35.12,27.78,5.31,68.94,0.4,0.75,Feni_Feni
2010-04-23,0.02,34.95,27.56,4.42,66.99,0.4,0.7,Feni_Feni
2010-04-24,3.0,35.06,27.29,4.22,67.62,0.39,0.68,Feni_Feni
2010-04-25,8.14,32.5,27.14,4.74,74.59,0.41,0.7,Feni_Feni
2010-04-26,5.83,31.33,25.33,3.51,79.72,0.41,0.45,Feni_Feni
2010-04-27,2.51,34.73,24.87,1.63,69.52,0.42,1.22,Feni_Feni
2010-04-28,2.7,35.48,25.85,1.77,66.1,0.41,1.22,Feni_Feni
2010-04-29,11.18,31.72,25.78,1.47,79.19,0.42,0.54,Feni_Feni
2010-04-30,9.08,32.28,25.75,1.05,75.82,0.44,1.16,Feni_Feni
2010-05-01,1.04,34.0,26.11,1.3,68.72,0.43,1.57,Feni_Feni
2010-05-02,4.43,32.19,26.24,1.62,79.33,0.43,0.73,Feni_Feni
2010-05-03,5.65,32.4,25.34,1.63,77.57,0.44,0.87,Feni_Feni
2010-05-04,3.2,32.8,24.87,0.89,69.82,0.44,1.11,Feni_Feni
2010-05-05,2.64,32.89,25.88,1.37,71.4,0.44,1.14,Feni_Feni
2010-05-06,1.37,33.18,25.84,1.01,69.82,0.44,1.39,Feni_Feni
2010-05-07,0.85,32.35,25.44,1.14,68.33,0.43,1.14,Feni_Feni
2010-05-08,0.43,33.84,25.75,2.11,68.0,0.43,1.51,Feni_Feni
2010-05-09,2.62,36.81,26.16,3.4,68.48,0.43,1.99,Feni_Feni
2010-05-10,6.1,36.39,27.45,3.87,72.7,0.43,1.94,Feni_Feni
2010-05-11,0.03,36.31,27.53,3.69,72.25,0.43,1.72,Feni_Feni
2010-05-12,0.02,34.99,28.15,4.3,73.53,0.43,1.44,Feni_Feni
2010-05-13,0.04,34.3,28.11,3.99,75.17,0.42,1.06,Feni_Feni
2010-05-14,3.62,34.74,27.68,3.37,75.32,0.42,1.08,Feni_Feni
2010-05-15,3.49,34.19,26.72,2.82,75.58,0.43,1.13,Feni_Feni
2010-05-16,0.41,35.21,26.31,2.35,73.13,0.43,1.33,Feni_Feni
2010-05-17,0.56,36.92,26.69,2.02,68.94,0.42,1.59,Feni_Feni
2010-05-18,0.03,37.99,27.06,2.37,64.92,0.42,1.86,Feni_Feni
2010-05-19,0.79,35.91,27.83,4.15,67.61,0.41,1.26,Feni_Feni
2010-05-20,27.5,32.22,27.94,4.43,79.41,0.43,0.61,Feni_Feni
2010-05-21,40.5,28.7,25.97,3.18,92.24,0.51,0.62,Feni_Feni
2010-05-22,30.73,29.75,25.61,2.24,89.3,0.56,2.6,Feni_Feni
2010-05-23,20.0,29.55,25.22,2.57,88.95,0.58,2.94,Feni_Feni
2010-05-24,9.37,29.04,25.48,3.08,93.0,0.58,1.32,Feni_Feni
2010-05-25,7.23,33.49,23.81,1.45,79.5,0.56,9.05,Feni_Feni
2010-05-26,34.9,30.77,27.43,3.35,91.85,0.58,1.36,Feni_Feni
2010-05-27,22.96,30.88,26.45,4.7,87.29,0.63,4.09,Feni_Feni
2010-05-28,51.3,27.52,24.5,3.38,90.46,0.68,1.19,Feni_Feni
2010-05-29,9.02,30.72,23.95,2.84,89.06,0.68,3.68,Feni_Feni
2010-05-30,31.9,29.29,26.24,3.19,91.29,0.69,2.12,Feni_Feni
2010-05-31,40.04,29.69,26.66,3.4,92.11,0.74,1.57,Feni_Feni
2010-06-01,6.68,31.26,26.32,3.61,89.02,0.74,4.39,Feni_Feni
2010-06-02,22.41,30.91,27.19,3.31,92.48,0.73,2.31,Feni_Feni
2010-06-03,40.56,30.01,27.18,3.32,92.81,0.78,1.61,Feni_Feni
2010-06-04,37.17,29.82,27.12,3.54,93.62,0.8,1.14,Feni_Feni
2010-06-05,39.6,29.98,25.65,4.57,90.32,0.84,2.63,Feni_Feni
2010-06-06,24.33,30.58,25.79,4.14,92.51,0.85,2.09,Feni_Feni
2010-06-07,0.5,30.1,27.17,3.4,93.09,0.84,1.74,Feni_Feni
2010-06-08,0.74,31.62,26.81,2.46,89.75,0.83,3.82,Feni_Feni
2010-06-09,0.08,31.63,26.46,1.92,89.62,0.82,3.91,Feni_Feni
2010-06-10,0.15,30.84,26.56,1.98,90.34,0.81,2.79,Feni_Feni
2010-06-11,2.12,31.28,26.11,1.66,88.22,0.81,3.89,Feni_Feni
2010-06-12,20.24,29.13,26.26,2.22,90.63,0.82,1.7,Feni_Feni
2010-06-13,47.87,30.09,26.17,2.74,92.68,0.85,1.25,Feni_Feni
2010-06-14,48.93,30.04,26.83,2.99,91.52,0.9,1.69,Feni_Feni
2010-06-15,24.42,29.88,26.79,3.37,92.89,0.91,1.42,Feni_Feni
2010-06-16,9.02,29.74,26.85,4.37,91.45,0.9,1.69,Feni_Feni
2010-06-17,38.98,30.68,26.37,2.44,90.26,0.92,2.38,Feni_Feni
2010-06-18,23.23,28.29,25.31,2.89,93.28,0.94,0.73,Feni_Feni
2010-06-19,13.55,31.4,25.65,3.14,88.68,0.94,3.6,Feni_Feni
2010-06-20,20.08,30.78,26.72,3.25,90.55,0.93,3.14,Feni_Feni
2010-06-21,18.41,30.98,26.29,2.88,90.21,0.94,3.39,Feni_Feni
2010-06-22,6.87,31.06,26.51,2.62,91.03,0.94,3.0,Feni_Feni
2010-06-23,1.55,30.0,26.79,2.4,92.85,0.93,1.52,Feni_Feni
2010-06-24,7.42,31.51,25.87,2.36,89.11,0.93,3.76,Feni_Feni
2010-06-25,31.08,29.69,25.93,4.55,92.55,0.94,1.86,Feni_Feni
2010-06-26,48.25,30.3,26.72,5.03,90.85,0.97,2.84,Feni_Feni
2010-06-27,25.13,30.84,26.79,4.49,91.04,0.97,2.78,Feni_Feni
2010-06-28,14.58,30.65,26.91,3.41,91.51,0.97,2.06,Feni_Feni
2010-06-29,41.79,30.8,27.1,2.9,92.15,0.97,1.7,Feni_Feni
2010-06-30,29.92,29.67,27.03,2.27,94.37,0.99,0.65,Feni_Feni
2010-07-01,1.81,29.95,26.49,2.73,90.58,0.98,1.98,Feni_Feni
2010-07-02,2.34,30.69,26.04,2.49,91.29,0.97,1.94,Feni_Feni
2010-07-03,2.25,31.37,26.11,2.36,89.49,0.97,3.28,Feni_Feni
2010-07-04,1.8,30.91,25.92,2.04,89.39,0.96,3.87,Feni_Feni
2010-07-05,4.23,29.6,25.75,1.9,90.26,0.95,2.24,Feni_Feni
2010-07-06,12.43,30.46,25.65,3.06,89.88,0.95,3.14,Feni_Feni
2010-07-07,16.28,30.41,26.03,2.87,89.97,0.95,2.82,Feni_Feni
2010-07-08,5.59,30.62,25.78,2.6,89.02,0.95,3.44,Feni_Feni
2010-07-09,6.1,30.84,26.39,3.13,90.79,0.94,3.12,Feni_Feni
2010-07-10,12.95,31.12,26.55,2.8,91.1,0.94,3.08,Feni_Feni
2010-07-11,35.88,29.57,26.98,3.07,94.53,0.95,0.78,Feni_Feni
2010-07-12,15.96,29.43,26.59,2.55,93.14,0.96,1.14,Feni_Feni
2010-07-13,11.15,30.62,25.79,2.65,92.02,0.96,1.96,Feni_Feni
2010-07-14,5.09,30.83,26.11,2.69,90.89,0.96,3.05,Feni_Feni
2010-07-15,0.28,31.24,25.63,2.19,88.8,0.95,4.89,Feni_Feni
2010-07-16,0.09,31.49,25.42,2.03,89.88,0.94,3.64,Feni_Feni
2010-07-17,2.86,32.18,25.81,1.79,88.37,0.93,5.44,Feni_Feni
2010-07-18,7.02,31.7,26.21,2.1,89.34,0.93,4.52,Feni_Feni
2010-07-19,15.53,30.94,26.14,2.48,90.15,0.93,3.06,Feni_Feni
2010-07-20,23.39,30.39,25.94,2.62,91.94,0.94,2.27,Feni_Feni
2010-07-21,10.38,30.32,26.23,2.77,92.22,0.94,2.31,Feni_Feni
2010-07-22,8.38,30.52,26.51,2.99,91.21,0.94,3.22,Feni_Feni
2010-07-23,22.39,30.39,26.53,2.69,93.12,0.95,1.49,Feni_Feni
2010-07-24,2.52,31.26,26.56,3.18,90.43,0.94,3.85,Feni_Feni
2010-07-25,2.34,29.27,26.79,4.23,92.16,0.93,1.8,Feni_Feni
2010-07-26,10.91,29.81,26.52,4.02,91.46,0.93,2.29,Feni_Feni
2010-07-27,1.46,31.63,26.28,2.27,90.07,0.93,4.03,Feni_Feni
2010-07-28,1.43,32.47,25.96,1.52,87.77,0.92,5.24,Feni_Feni
2010-07-29,7.8,29.4,25.64,2.4,93.86,0.92,1.09,Feni_Feni
2010-07-30,35.69,28.76,26.0,3.46,94.91,0.93,0.6,Feni_Feni
2010-07-31,17.31,29.06,25.95,2.31,93.59,0.95,0.87,Feni_Feni
2010-08-01,2.75,28.68,26.38,2.85,94.31,0.95,0.97,Feni_Feni
2010-08-02,1.4,30.36,25.69,2.0,90.68,0.94,3.06,Feni_Feni
2010-08-03,1.04,30.4,25.83,2.07,91.43,0.94,3.0,Feni_Feni
2010-08-04,12.81,31.43,25.45,2.58,89.71,0.93,3.8,Feni_Feni
2010-08-05,8.6,29.0,25.54,2.93,92.13,0.94,1.58,Feni_Feni
2010-08-06,1.35,30.89,25.15,2.57,89.31,0.93,4.24,Feni_Feni
2010-08-07,0.42,30.62,25.69,1.47,87.04,0.92,4.65,Feni_Feni
2010-08-08,9.06,32.19,25.09,0.93,83.8,0.92,6.22,Feni_Feni
2010-08-09,10.04,31.94,26.11,1.34,87.58,0.92,4.08,Feni_Feni
2010-08-10,6.61,31.5,26.25,1.06,88.31,0.92,2.72,Feni_Feni
2010-08-11,41.11,31.72,26.46,1.11,87.47,0.94,2.64,Feni_Feni
2010-08-12,21.71,29.87,26.34,1.68,92.38,0.96,1.36,Feni_Feni
2010-08-13,20.25,30.02,26.48,2.12,92.42,0.96,1.47,Feni_Feni
2010-08-14,12.35,29.42,25.74,1.54,91.32,0.96,1.65,Feni_Feni
2010-08-15,1.63,30.66,25.36,2.14,88.64,0.96,4.47,Feni_Feni
2010-08-16,4.19,30.5,25.55,2.45,90.05,0.95,3.31,Feni_Feni
2010-08-17,6.74,31.03,25.79,2.49,89.2,0.95,4.57,Feni_Feni
2010-08-18,2.78,31.13,25.42,2.21,89.66,0.94,3.9,Feni_Feni
2010-08-19,10.53,29.68,25.87,2.63,90.29,0.94,3.12,Feni_Feni
2010-08-20,38.24,30.99,25.71,2.48,90.45,0.95,3.6,Feni_Feni
2010-08-21,16.13,31.34,25.17,2.03,89.35,0.96,4.75,Feni_Feni
2010-08-22,5.17,31.05,25.42,1.43,88.41,0.95,4.42,Feni_Feni
2010-08-23,0.95,31.72,25.93,1.2,87.22,0.94,5.34,Feni_Feni
2010-08-24,13.74,31.18,26.14,1.17,87.71,0.94,3.84,Feni_Feni
2010-08-25,13.86,32.18,25.43,1.23,87.39,0.94,5.78,Feni_Feni
2010-08-26,30.99,30.99,25.94,2.13,90.51,0.96,3.5,Feni_Feni
2010-08-27,7.2,30.17,25.76,2.79,91.39,0.95,2.27,Feni_Feni
2010-08-28,15.42,29.96,25.54,2.04,90.6,0.95,2.97,Feni_Feni
2010-08-29,2.94,31.4,25.11,1.89,88.31,0.95,5.81,Feni_Feni
2010-08-30,7.03,31.22,25.73,2.18,89.17,0.94,4.68,Feni_Feni
2010-08-31,3.33,30.62,26.29,2.89,89.93,0.94,3.8,Feni_Feni
2010-09-01,2.05,31.16,25.98,2.13,89.32,0.93,4.85,Feni_Feni
2010-09-02,0.69,30.32,25.68,1.56,90.62,0.92,3.14,Feni_Feni
2010-09-03,5.16,30.56,25.47,1.22,90.26,0.92,2.88,Feni_Feni
2010-09-04,3.11,30.1,26.14,2.07,91.33,0.92,2.26,Feni_Feni
2010-09-05,4.46,31.55,26.29,2.54,89.27,0.92,4.78,Feni_Feni
2010-09-06,3.55,31.12,25.89,2.27,89.06,0.91,5.56,Feni_Feni
2010-09-07,2.57,31.28,26.22,2.39,90.94,0.9,3.49,Feni_Feni
2010-09-08,3.54,30.97,26.45,2.69,90.0,0.9,4.56,Feni_Feni
2010-09-09,5.88,31.11,26.39,2.37,90.29,0.9,4.18,Feni_Feni
2010-09-10,9.1,30.43,26.22,1.76,91.22,0.9,2.19,Feni_Feni
2010-09-11,7.85,30.88,26.14,1.35,88.45,0.9,3.62,Feni_Feni
2010-09-12,1.15,30.42,25.81,1.36,87.92,0.9,4.5,Feni_Feni
2010-09-13,13.24,28.95,25.43,1.75,91.8,0.9,1.54,Feni_Feni
2010-09-14,29.95,30.21,25.08,2.43,90.13,0.91,3.34,Feni_Feni
2010-09-15,26.84,28.97,25.39,2.51,91.36,0.94,2.33,Feni_Feni
2010-09-16,2.23,29.52,25.15,2.43,88.18,0.93,4.15,Feni_Feni
2010-09-17,8.04,29.72,25.04,2.7,90.49,0.92,3.19,Feni_Feni
2010-09-18,9.29,29.72,25.74,2.51,91.2,0.92,2.94,Feni_Feni
2010-09-19,6.8,28.07,25.33,1.77,94.52,0.93,0.62,Feni_Feni
2010-09-20,5.47,29.16,25.07,1.08,89.32,0.93,1.99,Feni_Feni
2010-09-21,13.51,29.92,24.71,0.96,86.03,0.93,2.77,Feni_Feni
2010-09-22,1.45,31.28,24.38,0.82,84.75,0.93,6.81,Feni_Feni
2010-09-23,1.32,31.11,25.4,0.76,84.86,0.92,5.13,Feni_Feni
2010-09-24,7.25,29.21,25.52,1.93,92.1,0.92,1.7,Feni_Feni
2010-09-25,22.58,28.87,24.99,1.96,91.48,0.93,1.35,Feni_Feni
2010-09-26,19.35,28.93,24.94,1.82,91.8,0.95,1.25,Feni_Feni
2010-09-27,5.12,30.54,25.23,1.66,88.79,0.94,4.49,Feni_Feni
2010-09-28,4.83,30.51,25.42,0.62,84.27,0.94,4.33,Feni_Feni
2010-09-29,3.28,29.87,25.25,1.12,88.88,0.94,2.51,Feni_Feni
2010-09-30,0.11,30.04,25.21,0.92,88.41,0.93,3.39,Feni_Feni
2010-10-01,0.35,31.41,25.19,0.9,84.63,0.93,6.51,Feni_Feni
2010-10-02,0.0,32.31,24.25,1.09,83.55,0.92,7.79,Feni_Feni
2010-10-03,0.0,32.11,24.32,1.1,85.34,0.91,5.58,Feni_Feni
2010-10-04,0.0,31.08,25.25,0.59,82.92,0.91,3.92,Feni_Feni
2010-10-05,10.06,29.85,25.29,1.56,89.57,0.91,1.57,Feni_Feni
2010-10-06,44.72,28.36,24.12,1.55,91.83,0.93,1.18,Feni_Feni
2010-10-07,88.96,26.22,23.78,4.15,94.83,0.98,0.37,Feni_Feni
2010-10-08,130.39,28.35,25.24,4.71,94.7,1.0,0.21,Feni_Feni
2010-10-09,15.29,28.7,24.3,3.16,93.2,1.0,1.1,Feni_Feni
2010-10-10,1.24,29.93,23.24,1.12,84.41,0.99,5.6,Feni_Feni
2010-10-11,0.0,30.38,22.61,1.43,84.6,0.99,5.24,Feni_Feni
2010-10-12,0.0,29.55,23.05,1.71,87.26,0.98,3.65,Feni_Feni
2010-10-13,2.67,30.53,23.39,1.19,86.7,0.98,4.0,Feni_Feni
2010-10-14,9.47,30.0,25.33,1.1,90.47,0.97,1.81,Feni_Feni
2010-10-15,1.85,32.0,25.24,1.3,85.57,0.97,2.61,Feni_Feni
2010-10-16,1.52,28.93,25.8,1.24,89.72,0.97,1.59,Feni_Feni
2010-10-17,0.09,29.83,25.25,0.79,85.6,0.97,3.27,Feni_Feni
2010-10-18,0.11,30.69,24.17,1.76,89.27,0.96,4.06,Feni_Feni
2010-10-19,1.19,31.99,24.38,0.97,86.17,0.96,4.84,Feni_Feni
2010-10-20,1.16,30.68,25.82,0.85,86.87,0.96,2.87,Feni_Feni
2010-10-21,0.94,30.72,24.74,1.18,84.76,0.95,5.69,Feni_Feni
2010-10-22,0.62,29.72,24.88,0.97,86.89,0.95,3.52,Feni_Feni
2010-10-23,3.78,28.37,25.08,1.04,92.6,0.94,1.3,Feni_Feni
2010-10-24,5.89,29.81,24.3,0.9,85.44,0.95,4.19,Feni_Feni
2010-10-25,3.51,30.03,23.7,0.87,86.28,0.94,4.11,Feni_Feni
2010-10-26,0.42,30.51,23.25,1.34,85.96,0.94,6.29,Feni_Feni
2010-10-27,0.01,29.22,22.26,1.58,88.16,0.93,4.14,Feni_Feni
2010-10-28,0.0,28.51,20.68,1.74,85.45,0.92,5.22,Feni_Feni
2010-10-29,0.0,28.53,19.39,1.89,87.43,0.92,5.06,Feni_Feni
2010-10-30,0.0,30.56,20.4,1.05,84.64,0.91,6.73,Feni_Feni
2010-10-31,1.74,29.87,23.64,0.86,85.97,0.91,5.33,Feni_Feni
2010-11-01,11.07,28.88,22.79,1.88,90.32,0.91,2.66,Feni_Feni
2010-11-02,1.71,29.2,21.22,2.29,87.77,0.91,4.66,Feni_Feni
2010-11-03,0.01,29.27,21.52,1.67,85.72,0.9,5.69,Feni_Feni
2010-11-04,0.0,29.3,21.4,1.91,86.9,0.89,5.53,Feni_Feni
2010-11-05,0.0,30.44,20.65,1.08,84.21,0.89,6.72,Feni_Feni
2010-11-06,0.0,30.61,22.13,0.97,83.02,0.88,6.74,Feni_Feni
2010-11-07,0.0,30.63,22.24,1.12,84.46,0.88,6.77,Feni_Feni
2010-11-08,0.0,29.57,21.1,1.32,85.45,0.87,5.47,Feni_Feni
2010-11-09,0.0,29.09,19.24,1.44,83.84,0.86,5.86,Feni_Feni
2010-11-10,0.0,28.95,19.09,0.81,76.4,0.86,6.79,Feni_Feni
2010-11-11,0.0,28.47,19.76,0.81,74.05,0.85,6.49,Feni_Feni
2010-11-12,0.0,28.14,20.28,0.61,73.15,0.85,6.41,Feni_Feni
2010-11-13,0.0,28.44,19.58,0.74,72.58,0.84,6.3,Feni_Feni
2010-11-14,0.0,28.54,19.15,0.89,77.81,0.84,6.36,Feni_Feni
2010-11-15,0.0,28.64,19.67,1.06,80.5,0.83,6.09,Feni_Feni
2010-11-16,0.0,27.86,18.74,1.13,80.59,0.83,5.57,Feni_Feni
2010-11-17,0.0,27.69,18.53,1.1,80.83,0.82,4.65,Feni_Feni
2010-11-18,0.0,27.59,18.57,1.51,85.06,0.82,4.66,Feni_Feni
2010-11-19,0.02,28.12,19.89,1.07,84.54,0.81,4.24,Feni_Feni
2010-11-20,8.33,27.87,20.48,1.06,85.25,0.82,3.28,Feni_Feni
2010-11-21,3.1,27.18,19.29,1.47,84.61,0.82,2.41,Feni_Feni
2010-11-22,0.0,26.21,16.25,1.89,78.86,0.81,4.58,Feni_Feni
2010-11-23,0.0,25.44,15.97,1.27,76.76,0.81,4.35,Feni_Feni
2010-11-24,0.0,26.44,16.3,1.19,79.34,0.8,4.71,Feni_Feni
2010-11-25,0.0,26.68,17.48,1.34,84.41,0.8,4.43,Feni_Feni
2010-11-26,0.0,27.03,18.57,1.22,82.24,0.79,4.16,Feni_Feni
2010-11-27,0.0,27.34,18.31,1.05,81.12,0.79,4.33,Feni_Feni
2010-11-28,0.0,27.26,19.01,1.01,83.03,0.79,4.3,Feni_Feni
2010-11-29,0.0,26.89,18.93,1.54,87.02,0.78,4.08,Feni_Feni
2010-11-30,0.0,25.75,16.88,1.84,85.05,0.78,3.9,Feni_Feni
2010-12-01,0.0,24.05,14.16,1.92,82.65,0.78,3.93,Feni_Feni
2010-12-02,0.0,25.57,12.96,1.54,84.27,0.77,4.04,Feni_Feni
2010-12-03,0.0,25.92,13.91,1.63,84.46,0.77,4.07,Feni_Feni
2010-12-04,40.25,27.08,15.88,1.07,85.23,0.8,4.46,Feni_Feni
2010-12-05,0.0,27.03,16.29,1.26,84.62,0.79,3.94,Feni_Feni
2010-12-06,0.0,26.03,18.1,1.55,90.77,0.79,1.91,Feni_Feni
2010-12-07,0.09,25.5,17.44,1.8,90.37,0.78,1.98,Feni_Feni
2010-12-08,3.5,25.76,19.07,1.67,91.56,0.78,2.01,Feni_Feni
2010-12-09,23.57,26.1,19.61,1.18,92.88,0.8,1.18,Feni_Feni
2010-12-10,8.55,28.28,21.56,1.14,90.91,0.81,2.76,Feni_Feni
2010-12-11,0.31,25.93,17.08,2.47,85.76,0.81,3.71,Feni_Feni
2010-12-12,0.0,24.17,15.01,1.67,82.56,0.8,3.1,Feni_Feni
2010-12-13,0.0,23.05,13.4,1.75,79.8,0.79,2.97,Feni_Feni
2010-12-14,0.0,23.36,13.13,1.48,80.96,0.79,2.61,Feni_Feni
2010-12-15,0.0,22.36,11.4,1.7,80.71,0.79,2.92,Feni_Feni
2010-12-16,0.0,22.99,10.89,1.46,83.11,0.78,2.81,Feni_Feni
2010-12-17,0.0,23.34,12.6,1.13,79.39,0.78,3.61,Feni_Feni
2010-12-18,0.0,23.25,13.2,1.33,78.71,0.78,3.32,Feni_Feni
2010-12-19,0.0,23.38,11.01,1.75,82.72,0.77,3.28,Feni_Feni
2010-12-20,0.0,23.22,10.6,1.98,82.73,0.77,3.2,Feni_Feni
2010-12-21,0.0,22.44,9.4,1.6,83.16,0.77,2.91,Feni_Feni
2010-12-22,0.0,22.07,10.79,1.44,80.65,0.77,2.58,Feni_Feni
2010-12-23,0.0,22.32,11.16,1.43,80.49,0.76,2.42,Feni_Feni
2010-12-24,0.0,22.8,11.27,1.4,79.74,0.76,2.71,Feni_Feni
2010-12-25,0.0,22.34,10.37,1.74,81.02,0.76,2.76,Feni_Feni
2010-12-26,0.0,22.84,10.04,1.71,81.11,0.75,2.97,Feni_Feni
2010-12-27,0.0,22.9,9.73,1.46,78.75,0.75,3.01,Feni_Feni
2010-12-28,0.0,22.83,10.91,1.42,77.91,0.74,3.1,Feni_Feni
2010-12-29,0.0,22.83,10.64,1.38,80.04,0.74,3.08,Feni_Feni
2010-12-30,0.0,23.92,11.23,1.12,80.17,0.74,3.35,Feni_Feni
2010-12-31,0.0,23.61,11.56,1.22,81.51,0.73,3.07,Feni_Feni
2011-01-01,0.0,24.24,11.7,0.97,80.12,0.73,2.68,Feni_Feni
2011-01-02,0.0,22.86,12.55,1.91,84.35,0.72,2.62,Feni_Feni
2011-01-03,0.0,21.44,9.54,1.86,82.35,0.72,2.64,Feni_Feni
2011-01-04,0.0,22.38,9.4,1.45,83.06,0.72,2.63,Feni_Feni
2011-01-05,0.0,22.76,11.43,1.45,81.0,0.71,2.61,Feni_Feni
2011-01-06,0.0,23.31,12.15,1.94,84.16,0.71,2.66,Feni_Feni
2011-01-07,0.0,23.48,10.18,1.71,83.11,0.71,2.92,Feni_Feni
2011-01-08,0.0,22.8,9.4,1.22,83.73,0.71,3.15,Feni_Feni
2011-01-09,0.0,22.89,12.65,1.31,82.78,0.7,1.72,Feni_Feni
2011-01-10,0.0,22.2,10.9,2.11,78.96,0.7,2.93,Feni_Feni
2011-01-11,0.0,20.6,8.03,1.65,75.1,0.7,2.43,Feni_Feni
2011-01-12,0.0,20.37,7.19,1.64,72.55,0.69,2.23,Feni_Feni
2011-01-13,0.0,19.76,7.49,1.47,75.34,0.69,1.75,Feni_Feni
2011-01-14,0.0,21.72,7.58,1.72,74.73,0.69,2.46,Feni_Feni
2011-01-15,0.0,23.23,9.14,1.46,72.51,0.68,2.91,Feni_Feni
2011-01-16,0.0,22.87,10.13,1.81,81.59,0.68,2.28,Feni_Feni
2011-01-17,0.13,21.97,10.4,1.7,79.75,0.68,2.37,Feni_Feni
2011-01-18,0.0,19.9,7.56,1.31,61.18,0.67,2.45,Feni_Feni
2011-01-19,0.0,21.75,8.13,1.64,69.44,0.67,2.59,Feni_Feni
2011-01-20,0.0,22.96,11.54,1.56,74.74,0.67,2.86,Feni_Feni
2011-01-21,0.0,21.5,9.3,1.57,72.43,0.66,2.54,Feni_Feni
2011-01-22,0.0,21.62,8.8,1.38,71.25,0.66,2.67,Feni_Feni
2011-01-23,0.0,22.1,9.37,1.51,74.31,0.66,2.53,Feni_Feni
2011-01-24,0.0,22.96,10.07,1.45,74.96,0.66,2.51,Feni_Feni
2011-01-25,0.0,25.01,11.67,1.34,73.17,0.65,3.12,Feni_Feni
2011-01-26,0.0,25.53,12.12,1.59,74.93,0.65,3.44,Feni_Feni
2011-01-27,0.0,25.96,13.18,1.42,75.61,0.65,3.35,Feni_Feni
2011-01-28,0.0,24.8,12.86,2.16,75.53,0.64,3.57,Feni_Feni
2011-01-29,0.0,24.1,10.38,1.76,68.94,0.64,3.71,Feni_Feni
2011-01-30,0.0,24.55,10.61,1.58,70.48,0.63,3.35,Feni_Feni
2011-01-31,0.0,26.01,13.12,1.35,73.16,0.63,3.45,Feni_Feni
2011-02-01,0.0,25.11,13.6,1.68,73.79,0.62,3.5,Feni_Feni
2011-02-02,0.0,24.41,11.17,1.85,68.85,0.62,3.48,Feni_Feni
2011-02-03,0.0,25.57,11.6,1.56,73.08,0.62,3.57,Feni_Feni
2011-02-04,0.0,26.33,13.91,1.15,68.4,0.61,4.21,Feni_Feni
2011-02-05,0.0,26.48,13.46,0.82,62.7,0.61,4.59,Feni_Feni
2011-02-06,0.0,26.31,14.22,0.74,60.43,0.6,4.56,Feni_Feni
2011-02-07,0.0,26.39,15.1,0.9,62.19,0.6,3.98,Feni_Feni
2011-02-08,0.0,26.7,14.94,1.22,72.69,0.6,3.52,Feni_Feni
2011-02-09,0.0,27.65,14.52,1.12,71.64,0.59,3.81,Feni_Feni
2011-02-10,0.0,27.31,14.28,1.55,65.38,0.59,4.63,Feni_Feni
2011-02-11,0.0,26.28,11.17,1.53,53.49,0.58,4.58,Feni_Feni
2011-02-12,0.0,25.91,11.85,1.29,53.67,0.58,4.23,Feni_Feni
2011-02-13,0.0,26.33,11.63,1.23,59.45,0.58,3.97,Feni_Feni
2011-02-14,0.0,27.25,13.51,1.33,79.1,0.57,3.9,Feni_Feni
2011-02-15,0.0,27.91,16.89,1.98,87.36,0.57,3.92,Feni_Feni
2011-02-16,0.0,27.91,18.13,1.94,86.85,0.57,4.28,Feni_Feni
2011-02-17,0.25,26.88,17.12,1.74,83.81,0.56,4.35,Feni_Feni
2011-02-18,4.09,26.16,18.14,1.21,77.88,0.56,3.62,Feni_Feni
2011-02-19,0.0,27.51,15.49,1.49,70.02,0.56,4.65,Feni_Feni
2011-02-20,0.0,27.63,15.41,1.64,70.32,0.55,4.64,Feni_Feni
2011-02-21,0.0,27.69,16.08,2.88,65.16,0.55,5.05,Feni_Feni
2011-02-22,0.0,27.46,15.07,2.61,61.32,0.54,5.2,Feni_Feni
2011-02-23,0.0,27.99,13.01,2.01,60.35,0.54,5.05,Feni_Feni
2011-02-24,0.0,28.02,12.62,1.92,62.53,0.53,4.77,Feni_Feni
2011-02-25,0.0,28.3,12.69,1.55,58.43,0.53,4.64,Feni_Feni
2011-02-26,0.0,29.31,14.28,1.51,58.85,0.52,4.4,Feni_Feni
2011-02-27,0.0,30.15,14.63,2.71,62.89,0.52,4.7,Feni_Feni
2011-02-28,0.0,28.94,14.17,2.32,54.4,0.51,4.62,Feni_Feni
2011-03-01,0.0,29.29,12.09,2.07,50.81,0.51,4.3,Feni_Feni
2011-03-02,0.0,30.41,12.89,1.99,52.13,0.5,4.14,Feni_Feni
2011-03-03,0.0,31.03,14.95,1.7,51.68,0.5,3.98,Feni_Feni
2011-03-04,0.0,32.33,16.51,1.59,52.52,0.49,4.0,Feni_Feni
2011-03-05,0.0,32.87,17.47,1.42,51.74,0.49,3.75,Feni_Feni
2011-03-06,0.0,33.26,19.35,1.68,61.2,0.48,3.65,Feni_Feni
2011-03-07,0.0,32.01,16.75,1.73,42.6,0.48,3.76,Feni_Feni
2011-03-08,0.0,31.8,16.45,1.46,38.49,0.48,3.41,Feni_Feni
2011-03-09,0.0,33.96,17.11,1.45,60.42,0.47,3.41,Feni_Feni
2011-03-10,0.0,34.08,18.79,1.43,64.77,0.47,3.13,Feni_Feni
2011-03-11,0.0,32.73,20.1,1.4,68.52,0.47,2.57,Feni_Feni
2011-03-12,0.04,32.83,20.25,1.21,63.83,0.46,2.78,Feni_Feni
2011-03-13,0.0,32.67,20.61,1.12,55.92,0.46,2.81,Feni_Feni
2011-03-14,0.0,33.1,20.42,0.68,50.02,0.46,2.69,Feni_Feni
2011-03-15,0.0,31.06,19.48,1.0,61.64,0.45,1.39,Feni_Feni
2011-03-16,0.67,28.42,20.74,1.74,78.56,0.45,0.73,Feni_Feni
2011-03-17,0.0,30.69,20.26,3.26,71.82,0.45,2.01,Feni_Feni
2011-03-18,0.0,29.74,21.09,3.94,67.85,0.45,1.87,Feni_Feni
2011-03-19,0.0,30.83,22.39,5.18,70.72,0.45,1.73,Feni_Feni
2011-03-20,0.0,30.74,23.84,4.96,71.8,0.45,1.7,Feni_Feni
2011-03-21,0.01,31.77,23.71,4.82,72.27,0.44,1.74,Feni_Feni
2011-03-22,0.0,31.86,22.7,3.26,73.66,0.44,1.73,Feni_Feni
2011-03-23,0.0,33.82,20.87,1.84,70.57,0.44,2.01,Feni_Feni
2011-03-24,0.05,34.03,21.24,2.31,71.71,0.44,1.83,Feni_Feni
2011-03-25,0.0,33.96,21.92,2.02,70.09,0.43,1.67,Feni_Feni
2011-03-26,4.18,32.8,22.72,2.32,72.37,0.43,1.35,Feni_Feni
2011-03-27,3.67,31.16,22.41,0.83,67.44,0.44,1.39,Feni_Feni
2011-03-28,0.06,33.19,21.54,1.26,57.97,0.44,1.77,Feni_Feni
2011-03-29,3.03,31.02,21.49,2.13,72.73,0.44,1.44,Feni_Feni
2011-03-30,12.27,30.78,22.97,2.85,75.73,0.45,1.43,Feni_Feni
2011-03-31,32.05,29.55,22.75,3.37,82.51,0.49,2.16,Feni_Feni
2011-04-01,12.61,30.41,21.75,1.79,79.96,0.51,4.43,Feni_Feni
2011-04-02,5.37,30.48,21.85,2.05,80.22,0.51,3.88,Feni_Feni
2011-04-03,2.38,31.76,21.68,1.56,76.86,0.5,4.04,Feni_Feni
2011-04-04,0.01,33.17,22.24,1.36,72.75,0.49,4.16,Feni_Feni
2011-04-05,0.85,33.08,22.08,1.43,71.4,0.48,3.49,Feni_Feni
2011-04-06,0.0,34.51,21.03,1.42,56.55,0.47,4.05,Feni_Feni
2011-04-07,0.0,34.79,21.71,1.16,61.27,0.47,3.85,Feni_Feni
2011-04-08,0.0,35.36,21.81,1.6,64.53,0.46,3.4,Feni_Feni
2011-04-09,0.0,35.12,21.93,1.65,67.37,0.46,2.82,Feni_Feni
2011-04-10,0.0,33.92,23.34,0.64,61.84,0.45,1.97,Feni_Feni
2011-04-11,0.08,35.82,22.64,0.82,50.89,0.45,2.66,Feni_Feni
2011-04-12,0.0,36.87,22.51,0.88,52.28,0.45,2.79,Feni_Feni
2011-04-13,0.0,36.51,23.93,1.91,65.95,0.44,2.37,Feni_Feni
2011-04-14,0.34,34.84,24.49,2.12,65.42,0.44,1.95,Feni_Feni
2011-04-15,1.0,33.96,24.06,1.61,66.71,0.44,1.7,Feni_Feni
2011-04-16,0.2,34.66,24.87,1.24,64.37,0.43,1.77,Feni_Feni
2011-04-17,0.52,36.06,24.28,1.57,64.54,0.43,1.92,Feni_Feni
2011-04-18,0.02,34.85,24.29,1.84,68.2,0.43,1.5,Feni_Feni
2011-04-19,1.47,31.61,25.15,1.3,71.75,0.43,0.73,Feni_Feni
2011-04-20,5.22,32.87,25.28,1.98,72.27,0.44,1.3,Feni_Feni
2011-04-21,5.17,31.15,24.84,1.8,76.94,0.44,0.92,Feni_Feni
2011-04-22,2.36,32.83,24.22,1.53,73.72,0.44,1.55,Feni_Feni
2011-04-23,1.13,32.6,24.95,0.92,64.58,0.44,1.36,Feni_Feni
2011-04-24,1.51,34.15,23.33,2.25,67.93,0.44,2.09,Feni_Feni
2011-04-25,12.24,30.98,23.72,1.84,75.31,0.45,1.32,Feni_Feni
2011-04-26,5.65,32.53,22.59,1.38,72.06,0.46,2.48,Feni_Feni
2011-04-27,4.14,31.04,23.84,1.43,74.53,0.46,1.82,Feni_Feni
2011-04-28,6.13,32.25,23.85,1.13,74.27,0.46,1.91,Feni_Feni
2011-04-29,11.51,31.42,23.79,1.24,75.05,0.47,2.67,Feni_Feni
2011-04-30,2.2,32.17,23.91,1.82,73.71,0.47,2.92,Feni_Feni
2011-05-01,5.3,32.77,24.15,2.55,74.97,0.47,2.96,Feni_Feni
2011-05-02,5.08,32.56,25.01,3.12,76.93,0.47,2.74,Feni_Feni
2011-05-03,1.56,32.62,25.25,3.35,76.25,0.47,2.51,Feni_Feni
2011-05-04,3.08,32.94,25.21,2.61,76.45,0.46,2.26,Feni_Feni
2011-05-05,31.48,30.59,24.41,1.86,82.4,0.5,2.84,Feni_Feni
2011-05-06,27.05,31.09,24.15,2.02,84.31,0.54,5.26,Feni_Feni
2011-05-07,1.77,32.24,24.25,1.79,80.92,0.53,6.72,Feni_Feni
2011-05-08,1.25,32.12,25.16,1.19,78.55,0.52,4.48,Feni_Feni
2011-05-09,0.55,34.7,24.84,1.49,72.47,0.51,6.5,Feni_Feni
2011-05-10,3.97,34.05,25.24,2.05,75.13,0.5,4.61,Feni_Feni
2011-05-11,18.32,32.07,26.01,3.13,85.27,0.52,3.24,Feni_Feni
2011-05-12,20.03,32.91,25.68,2.5,83.12,0.54,5.74,Feni_Feni
2011-05-13,8.02,33.55,25.94,2.1,79.77,0.54,6.98,Feni_Feni
2011-05-14,18.94,31.46,25.45,2.01,86.14,0.56,4.51,Feni_Feni
2011-05-15,0.04,32.34,25.23,2.22,84.21,0.55,6.47,Feni_Feni
2011-05-16,0.02,31.76,24.93,1.37,82.61,0.54,5.21,Feni_Feni
2011-05-17,0.98,31.5,25.32,1.32,83.88,0.53,3.97,Feni_Feni
2011-05-18,12.15,31.71,26.14,1.37,84.7,0.54,3.5,Feni_Feni
2011-05-19,35.62,31.43,25.84,1.69,86.79,0.59,4.0,Feni_Feni
2011-05-20,5.57,29.65,25.86,2.06,90.46,0.6,2.01,Feni_Feni
2011-05-21,24.14,30.84,26.38,3.38,88.11,0.6,2.91,Feni_Feni
2011-05-22,24.97,29.94,26.59,2.9,90.36,0.65,1.91,Feni_Feni
2011-05-23,9.23,31.59,26.71,2.83,88.29,0.65,4.84,Feni_Feni
2011-05-24,18.52,31.26,26.3,2.47,89.02,0.65,4.14,Feni_Feni
2011-05-25,10.08,31.67,26.1,1.92,87.25,0.65,3.92,Feni_Feni
2011-05-26,9.39,30.65,26.33,1.97,89.4,0.66,2.72,Feni_Feni
2011-05-27,0.94,29.08,25.0,1.56,88.15,0.65,2.91,Feni_Feni
2011-05-28,1.3,31.58,24.38,1.6,84.32,0.65,6.57,Feni_Feni
2011-05-29,11.03,29.53,25.61,2.5,90.37,0.64,2.19,Feni_Feni
2011-05-30,24.56,29.78,26.07,3.45,92.48,0.67,1.29,Feni_Feni
2011-05-31,23.19,30.19,26.57,3.58,91.13,0.7,2.07,Feni_Feni
2011-06-01,10.0,29.8,25.38,2.96,87.98,0.71,3.08,Feni_Feni
2011-06-02,1.75,30.42,25.37,2.2,89.11,0.7,3.1,Feni_Feni
2011-06-03,3.42,31.88,24.92,1.7,86.13,0.69,6.63,Feni_Feni
2011-06-04,1.63,31.75,25.2,1.62,86.77,0.68,5.58,Feni_Feni
2011-06-05,3.81,31.59,25.52,1.6,87.5,0.68,4.78,Feni_Feni
2011-06-06,1.18,31.59,26.07,1.45,87.39,0.67,5.11,Feni_Feni
2011-06-07,13.16,29.68,25.88,1.92,90.9,0.68,1.91,Feni_Feni
2011-06-08,34.3,28.38,25.08,1.73,92.07,0.72,1.18,Feni_Feni
2011-06-09,3.86,31.49,24.66,1.84,86.78,0.73,4.48,Feni_Feni
2011-06-10,2.24,30.66,26.35,1.62,89.55,0.72,2.5,Feni_Feni
2011-06-11,4.17,31.15,26.67,2.59,89.59,0.71,3.29,Feni_Feni
2011-06-12,6.65,31.4,25.8,1.78,85.84,0.72,4.46,Feni_Feni
2011-06-13,4.35,32.66,25.55,1.15,80.53,0.71,8.15,Feni_Feni
2011-06-14,15.28,29.23,25.46,2.51,91.63,0.72,1.25,Feni_Feni
2011-06-15,16.41,30.83,25.58,2.56,88.58,0.73,4.31,Feni_Feni
2011-06-16,26.63,29.44,25.48,3.98,92.55,0.75,1.37,Feni_Feni
2011-06-17,48.16,29.53,26.89,5.87,91.79,0.79,1.52,Feni_Feni
2011-06-18,18.14,29.62,26.21,5.09,91.15,0.83,2.3,Feni_Feni
2011-06-19,3.74,31.39,26.16,4.15,90.25,0.81,4.28,Feni_Feni
2011-06-20,0.66,31.67,26.52,3.14,88.24,0.8,6.27,Feni_Feni
2011-06-21,0.34,31.52,26.28,2.86,87.7,0.79,6.17,Feni_Feni
2011-06-22,0.02,31.37,25.76,2.52,87.04,0.78,6.83,Feni_Feni
2011-06-23,0.47,32.45,26.4,2.28,87.76,0.76,6.12,Feni_Feni
2011-06-24,3.73,32.75,26.57,1.35,88.62,0.76,4.28,Feni_Feni
2011-06-25,8.21,32.08,26.54,2.11,87.89,0.76,5.58,Feni_Feni
2011-06-26,19.58,31.15,26.36,2.73,89.18,0.77,4.22,Feni_Feni
2011-06-27,27.37,29.55,26.09,2.77,92.72,0.8,1.39,Feni_Feni
2011-06-28,48.13,28.85,26.57,3.5,94.14,0.83,0.81,Feni_Feni
2011-06-29,47.61,29.53,26.68,2.9,93.6,0.89,1.1,Feni_Feni
2011-06-30,61.58,29.63,26.15,2.78,93.43,0.9,1.17,Feni_Feni
2011-07-01,63.73,30.4,26.22,3.36,91.99,0.95,2.17,Feni_Feni
2011-07-02,62.1,30.3,25.31,2.63,90.63,0.98,2.18,Feni_Feni
2011-07-03,6.74,29.88,25.5,2.24,90.2,0.97,2.47,Feni_Feni
2011-07-04,13.77,28.96,25.29,2.92,90.79,0.97,2.31,Feni_Feni
2011-07-05,0.69,30.43,25.15,3.26,88.32,0.96,4.05,Feni_Feni
2011-07-06,1.98,30.34,25.08,3.48,89.06,0.95,3.94,Feni_Feni
2011-07-07,12.14,29.88,25.51,3.42,90.72,0.94,2.88,Feni_Feni
2011-07-08,7.02,30.45,25.7,2.88,89.65,0.94,3.76,Feni_Feni
2011-07-09,6.72,31.04,25.28,2.46,89.78,0.94,4.15,Feni_Feni
2011-07-10,1.5,31.41,25.92,1.84,89.23,0.93,4.11,Feni_Feni
2011-07-11,0.92,31.49,26.44,2.07,90.06,0.92,3.76,Feni_Feni
2011-07-12,0.55,30.67,26.17,3.04,88.44,0.91,5.12,Feni_Feni
2011-07-13,1.08,31.16,25.69,3.08,89.35,0.9,5.15,Feni_Feni
2011-07-14,5.17,30.74,26.03,3.56,90.61,0.9,3.74,Feni_Feni
2011-07-15,10.07,29.21,26.31,2.5,92.77,0.9,1.33,Feni_Feni
2011-07-16,5.41,30.2,26.05,2.98,90.24,0.9,3.34,Feni_Feni
2011-07-17,1.53,31.13,25.68,3.67,90.28,0.89,4.47,Feni_Feni
2011-07-18,12.39,30.47,26.67,4.03,90.29,0.89,3.79,Feni_Feni
2011-07-19,29.3,30.64,26.65,2.55,93.14,0.9,1.49,Feni_Feni
2011-07-20,16.78,30.32,26.35,2.62,91.67,0.92,2.52,Feni_Feni
2011-07-21,54.78,29.72,26.18,3.46,93.4,0.94,0.98,Feni_Feni
2011-07-22,22.87,29.4,25.67,3.96,91.01,0.96,1.9,Feni_Feni
2011-07-23,9.31,30.48,25.33,2.48,90.13,0.96,2.49,Feni_Feni
2011-07-24,0.47,30.66,25.08,1.6,88.12,0.95,4.03,Feni_Feni
2011-07-25,1.1,31.43,25.34,1.43,85.65,0.94,5.51,Feni_Feni
2011-07-26,0.77,31.16,25.69,1.5,88.38,0.93,4.74,Feni_Feni
2011-07-27,1.12,31.31,25.69,1.43,87.7,0.92,5.02,Feni_Feni
2011-07-28,0.77,32.25,25.26,1.32,84.88,0.91,6.9,Feni_Feni
2011-07-29,0.45,31.85,25.6,1.75,87.82,0.9,5.75,Feni_Feni
2011-07-30,3.29,31.73,25.47,1.84,88.02,0.9,5.71,Feni_Feni
2011-07-31,3.44,33.12,25.84,1.19,83.53,0.89,7.32,Feni_Feni
2011-08-01,2.34,33.32,26.34,1.46,85.35,0.88,6.3,Feni_Feni
2011-08-02,10.69,32.27,27.13,1.75,86.27,0.88,5.67,Feni_Feni
2011-08-03,22.12,31.9,26.61,3.28,89.96,0.88,4.98,Feni_Feni
2011-08-04,44.3,31.14,26.5,3.11,90.41,0.91,4.02,Feni_Feni
2011-08-05,53.98,29.08,26.49,3.99,93.29,0.94,1.28,Feni_Feni
2011-08-06,49.43,30.85,26.84,3.39,91.28,0.97,3.16,Feni_Feni
2011-08-07,72.37,29.05,26.92,3.35,95.55,0.99,0.37,Feni_Feni
2011-08-08,38.91,28.75,26.26,2.97,94.87,1.0,0.43,Feni_Feni
2011-08-09,80.49,28.65,25.94,2.95,95.79,1.0,0.23,Feni_Feni
2011-08-10,41.88,28.98,25.87,2.06,93.15,1.0,0.81,Feni_Feni
2011-08-11,4.73,29.86,25.27,2.44,91.27,1.0,2.08,Feni_Feni
2011-08-12,3.39,28.37,25.03,3.7,94.08,0.99,0.59,Feni_Feni
2011-08-13,9.89,29.61,25.11,3.33,92.76,0.99,1.36,Feni_Feni
2011-08-14,7.4,28.9,25.61,2.57,92.86,0.99,1.21,Feni_Feni
2011-08-15,5.46,29.95,25.45,2.12,91.65,0.99,2.22,Feni_Feni
2011-08-16,41.17,28.07,25.17,2.04,92.55,0.98,0.6,Feni_Feni
2011-08-17,41.58,27.57,24.7,2.19,93.09,1.0,0.66,Feni_Feni
2011-08-18,2.45,28.4,24.26,2.49,91.18,0.99,1.63,Feni_Feni
2011-08-19,15.85,28.9,24.6,1.29,91.35,0.99,1.62,Feni_Feni
2011-08-20,11.74,29.6,24.87,1.37,90.21,0.99,2.23,Feni_Feni
2011-08-21,29.38,28.97,24.99,1.72,92.59,0.99,1.23,Feni_Feni
2011-08-22,11.73,30.58,24.96,1.97,91.09,0.99,2.95,Feni_Feni
2011-08-23,10.02,30.61,25.16,2.13,91.62,0.99,2.14,Feni_Feni
2011-08-24,14.62,29.24,25.46,2.09,92.64,0.99,1.5,Feni_Feni
2011-08-25,2.16,28.69,25.46,2.19,94.02,0.98,0.91,Feni_Feni
2011-08-26,3.21,29.09,25.24,1.53,92.92,0.98,1.1,Feni_Feni
2011-08-27,0.91,29.57,24.91,1.79,91.71,0.98,2.24,Feni_Feni
2011-08-28,1.11,28.51,25.22,1.6,91.31,0.97,1.59,Feni_Feni
2011-08-29,1.29,28.7,24.92,1.12,92.17,0.97,1.32,Feni_Feni
2011-08-30,0.6,29.92,25.79,1.77,91.33,0.97,2.22,Feni_Feni
2011-08-31,1.73,29.35,25.84,2.05,92.99,0.96,1.51,Feni_Feni
2011-09-01,0.92,29.53,25.53,2.43,91.68,0.96,3.05,Feni_Feni
2011-09-02,5.98,29.2,24.58,1.81,91.94,0.96,1.01,Feni_Feni
2011-09-03,3.07,31.18,23.7,2.32,87.71,0.96,5.57,Feni_Feni
2011-09-04,0.98,29.22,25.2,2.52,92.29,0.95,1.96,Feni_Feni
2011-09-05,5.65,31.08,25.4,2.44,90.25,0.95,4.2,Feni_Feni
2011-09-06,18.19,28.68,25.68,2.54,94.68,0.95,0.76,Feni_Feni
2011-09-07,71.06,28.2,25.77,3.43,94.4,0.97,0.58,Feni_Feni
2011-09-08,37.85,29.64,25.44,3.86,92.53,0.99,2.16,Feni_Feni
2011-09-09,8.75,29.94,26.15,3.75,92.88,0.99,1.76,Feni_Feni
2011-09-10,0.3,30.81,25.49,2.09,89.95,0.98,4.38,Feni_Feni
2011-09-11,1.97,32.36,25.23,0.8,83.99,0.97,5.91,Feni_Feni
2011-09-12,2.38,32.56,25.64,1.32,86.85,0.97,5.04,Feni_Feni
2011-09-13,1.36,32.17,26.7,1.52,89.98,0.96,2.84,Feni_Feni
2011-09-14,8.63,29.11,25.95,3.22,91.33,0.96,2.54,Feni_Feni
2011-09-15,23.7,28.1,26.21,3.45,94.44,0.96,0.48,Feni_Feni
2011-09-16,50.58,28.38,26.29,3.66,95.12,0.98,0.32,Feni_Feni
2011-09-17,31.8,28.54,26.04,3.12,95.1,0.99,0.36,Feni_Feni
2011-09-18,7.83,29.56,25.9,2.72,93.32,0.99,1.27,Feni_Feni
2011-09-19,2.34,30.29,25.56,1.68,91.43,0.99,2.53,Feni_Feni
2011-09-20,7.46,30.65,25.05,2.11,91.24,0.98,2.77,Feni_Feni
2011-09-21,6.86,29.57,25.13,2.64,92.33,0.98,1.96,Feni_Feni
2011-09-22,2.54,29.96,25.62,3.13,91.16,0.98,3.08,Feni_Feni
2011-09-23,7.21,29.72,25.52,3.56,89.78,0.97,3.17,Feni_Feni
2011-09-24,7.38,30.24,25.17,3.18,89.86,0.97,3.94,Feni_Feni
2011-09-25,2.23,30.32,25.33,2.7,89.11,0.96,4.51,Feni_Feni
2011-09-26,2.93,30.49,25.04,1.88,88.3,0.95,5.38,Feni_Feni
2011-09-27,4.75,30.64,24.5,1.94,89.57,0.95,5.04,Feni_Feni
2011-09-28,3.64,31.64,24.97,0.94,85.23,0.94,7.1,Feni_Feni
2011-09-29,5.6,31.69,25.75,0.66,83.33,0.94,5.75,Feni_Feni
2011-09-30,6.47,31.92,24.69,1.54,86.57,0.94,6.25,Feni_Feni
2011-10-01,0.08,31.73,25.13,2.14,88.85,0.93,4.92,Feni_Feni
2011-10-02,2.6,31.19,25.43,2.2,87.31,0.92,5.64,Feni_Feni
2011-10-03,12.09,31.11,24.31,1.29,85.63,0.92,4.83,Feni_Feni
2011-10-04,14.2,30.37,24.55,1.4,87.72,0.93,3.94,Feni_Feni
2011-10-05,4.71,31.39,25.1,1.34,87.61,0.92,5.49,Feni_Feni
2011-10-06,9.24,31.42,25.08,0.65,82.01,0.92,6.16,Feni_Feni
2011-10-07,4.94,31.16,24.65,0.75,84.55,0.92,5.57,Feni_Feni
2011-10-08,8.1,31.3,25.62,0.61,82.73,0.92,4.67,Feni_Feni
2011-10-09,0.61,31.33,25.33,0.6,80.15,0.92,6.97,Feni_Feni
2011-10-10,0.2,31.28,25.05,0.9,82.31,0.91,6.33,Feni_Feni
2011-10-11,0.06,31.4,24.49,1.27,84.4,0.9,6.25,Feni_Feni
2011-10-12,0.0,31.28,23.56,1.91,86.57,0.9,6.56,Feni_Feni
2011-10-13,0.0,30.59,21.22,1.69,86.26,0.89,6.55,Feni_Feni
2011-10-14,0.0,30.63,21.61,1.29,84.72,0.88,6.77,Feni_Feni
2011-10-15,0.0,31.41,22.81,0.65,80.2,0.88,7.59,Feni_Feni
2011-10-16,0.0,30.93,24.21,0.94,79.47,0.87,7.46,Feni_Feni
2011-10-17,0.56,30.84,22.63,1.43,85.07,0.86,6.27,Feni_Feni
2011-10-18,0.78,27.28,24.12,2.03,91.67,0.86,2.2,Feni_Feni
2011-10-19,0.72,27.9,22.75,3.34,88.22,0.86,3.69,Feni_Feni
2011-10-20,0.08,29.65,23.1,2.33,90.4,0.85,3.31,Feni_Feni
2011-10-21,0.68,28.38,24.96,1.86,88.84,0.85,2.33,Feni_Feni
2011-10-22,9.89,28.78,23.77,1.02,85.15,0.85,3.3,Feni_Feni
2011-10-23,3.77,30.01,22.27,0.7,80.97,0.86,7.5,Feni_Feni
2011-10-24,0.0,29.63,21.75,1.7,85.09,0.85,6.32,Feni_Feni
2011-10-25,0.0,29.52,20.75,1.48,84.42,0.84,5.79,Feni_Feni
2011-10-26,0.0,29.61,21.38,1.26,80.25,0.83,6.15,Feni_Feni
2011-10-27,0.0,29.5,21.46,1.31,81.88,0.83,6.25,Feni_Feni
2011-10-28,0.0,29.11,19.99,1.57,83.03,0.82,6.24,Feni_Feni
2011-10-29,0.0,29.11,19.39,1.22,78.74,0.82,6.61,Feni_Feni
2011-10-30,0.0,28.22,20.36,1.15,82.56,0.81,6.4,Feni_Feni
2011-10-31,0.0,27.87,20.05,1.24,82.67,0.8,6.16,Feni_Feni
2011-11-01,0.0,27.65,19.33,1.18,78.55,0.8,5.83,Feni_Feni
2011-11-02,0.0,27.54,18.82,1.25,74.01,0.79,5.7,Feni_Feni
2011-11-03,0.0,27.42,18.44,1.05,71.19,0.79,5.4,Feni_Feni
2011-11-04,0.0,27.27,18.03,1.15,75.79,0.79,5.2,Feni_Feni
2011-11-05,0.0,28.06,18.47,1.02,74.92,0.78,5.65,Feni_Feni
2011-11-06,0.05,27.8,18.88,0.82,73.31,0.78,5.55,Feni_Feni
2011-11-07,0.01,27.41,17.9,1.16,79.68,0.77,5.06,Feni_Feni
2011-11-08,0.0,27.93,17.31,1.54,82.73,0.77,5.63,Feni_Feni
2011-11-09,0.0,28.88,17.43,1.06,78.65,0.77,6.6,Feni_Feni
2011-11-10,0.0,28.73,17.28,0.89,75.15,0.76,6.8,Feni_Feni
2011-11-11,0.0,27.89,17.82,0.64,71.0,0.76,6.93,Feni_Feni
2011-11-12,0.0,28.04,18.68,0.64,72.38,0.75,6.52,Feni_Feni
2011-11-13,0.0,28.33,18.79,0.6,73.68,0.75,7.06,Feni_Feni
2011-11-14,0.0,27.75,17.89,0.87,76.09,0.74,6.07,Feni_Feni
2011-11-15,0.0,27.81,18.83,0.74,75.76,0.74,5.85,Feni_Feni
2011-11-16,0.01,28.12,18.5,0.94,73.42,0.73,5.43,Feni_Feni
2011-11-17,0.0,27.24,17.76,1.14,77.51,0.73,4.91,Feni_Feni
2011-11-18,0.0,26.78,16.46,1.09,77.19,0.72,4.82,Feni_Feni
2011-11-19,0.0,26.65,16.2,1.02,75.83,0.72,4.64,Feni_Feni
2011-11-20,0.0,28.24,16.7,0.7,73.19,0.72,5.81,Feni_Feni
2011-11-21,0.0,27.91,16.73,0.79,72.76,0.71,5.89,Feni_Feni
2011-11-22,0.0,27.69,15.71,1.1,75.32,0.71,5.6,Feni_Feni
2011-11-23,0.0,28.07,16.5,1.09,74.71,0.71,5.92,Feni_Feni
2011-11-24,0.0,28.13,16.19,1.28,79.28,0.7,5.66,Feni_Feni
2011-11-25,0.0,27.67,16.55,1.47,79.63,0.7,5.54,Feni_Feni
2011-11-26,0.0,26.78,16.16,1.56,78.29,0.69,5.22,Feni_Feni
2011-11-27,0.0,25.77,15.2,1.27,78.52,0.69,4.83,Feni_Feni
2011-11-28,0.0,25.47,15.25,1.51,81.47,0.68,4.01,Feni_Feni
2011-11-29,0.0,25.65,15.07,1.44,79.71,0.68,4.2,Feni_Feni
2011-11-30,0.0,25.46,14.84,1.73,81.53,0.68,3.83,Feni_Feni
2011-12-01,0.0,27.11,15.18,1.03,79.84,0.67,5.06,Feni_Feni
2011-12-02,0.0,27.65,17.4,0.82,77.82,0.67,5.63,Feni_Feni
2011-12-03,0.0,26.15,18.46,1.01,81.94,0.67,4.74,Feni_Feni
2011-12-04,0.0,26.19,17.52,1.08,80.07,0.66,3.75,Feni_Feni
2011-12-05,0.0,26.36,16.89,0.8,77.47,0.66,4.53,Feni_Feni
2011-12-06,0.0,26.44,16.68,1.19,81.03,0.66,4.5,Feni_Feni
2011-12-07,0.0,26.9,15.87,1.17,79.06,0.65,4.79,Feni_Feni
2011-12-08,0.0,26.92,16.2,1.04,77.3,0.65,5.08,Feni_Feni
2011-12-09,0.0,26.33,15.94,1.0,77.06,0.65,4.61,Feni_Feni
2011-12-10,0.0,25.92,15.64,0.97,75.53,0.64,4.53,Feni_Feni
2011-12-11,0.0,25.28,13.97,1.09,74.64,0.64,3.95,Feni_Feni
2011-12-12,0.0,24.82,14.33,1.75,80.82,0.64,3.66,Feni_Feni
2011-12-13,0.0,23.1,12.32,1.9,79.26,0.63,3.27,Feni_Feni
2011-12-14,0.0,22.91,11.95,1.73,80.38,0.63,3.18,Feni_Feni
2011-12-15,0.0,22.8,10.83,1.65,78.53,0.63,3.27,Feni_Feni
2011-12-16,0.0,22.93,10.58,1.58,76.24,0.62,3.42,Feni_Feni
2011-12-17,0.0,22.15,9.92,1.5,77.37,0.62,3.44,Feni_Feni
2011-12-18,0.0,22.61,9.4,1.51,74.98,0.62,3.58,Feni_Feni
2011-12-19,0.0,21.92,9.14,1.45,74.3,0.61,3.54,Feni_Feni
2011-12-20,0.0,22.23,9.27,1.65,72.93,0.61,3.59,Feni_Feni
2011-12-21,0.0,22.68,9.26,1.56,77.8,0.61,3.05,Feni_Feni
2011-12-22,0.0,23.26,9.59,1.77,75.29,0.6,3.75,Feni_Feni
2011-12-23,0.0,22.08,8.03,1.62,77.79,0.6,3.3,Feni_Feni
2011-12-24,0.0,21.98,10.56,1.47,74.48,0.6,2.39,Feni_Feni
2011-12-25,0.0,24.61,11.96,1.04,69.53,0.6,4.19,Feni_Feni
2011-12-26,0.0,24.71,12.37,1.05,66.94,0.59,3.84,Feni_Feni
2011-12-27,0.0,26.24,12.78,0.94,67.98,0.59,4.32,Feni_Feni
2011-12-28,0.0,26.15,16.55,0.81,73.41,0.59,3.85,Feni_Feni
2011-12-29,0.0,26.87,17.3,1.07,76.39,0.58,4.66,Feni_Feni
2011-12-30,0.0,26.78,14.91,1.55,76.45,0.58,4.61,Feni_Feni
2011-12-31,0.0,25.35,12.71,1.69,71.55,0.57,4.44,Feni_Feni
2012-01-01,0.0,25.78,12.98,1.33,70.12,0.57,4.51,Feni_Feni
2012-01-02,1.39,25.66,15.65,1.22,73.97,0.57,3.74,Feni_Feni
2012-01-03,0.17,24.6,16.13,1.66,83.16,0.57,3.11,Feni_Feni
2012-01-04,0.0,24.06,13.43,1.52,78.46,0.56,3.26,Feni_Feni
2012-01-05,0.07,24.22,13.31,1.18,76.38,0.56,3.34,Feni_Feni
2012-01-06,0.43,23.91,13.81,1.08,74.12,0.56,3.33,Feni_Feni
2012-01-07,0.27,24.44,13.22,1.29,76.73,0.56,3.22,Feni_Feni
2012-01-08,0.06,25.07,13.88,1.23,75.85,0.55,3.73,Feni_Feni
2012-01-09,2.83,25.58,14.52,1.0,77.26,0.55,3.31,Feni_Feni
2012-01-10,1.1,23.99,15.59,1.24,81.23,0.55,2.27,Feni_Feni
2012-01-11,0.0,24.83,14.91,1.78,78.38,0.55,3.88,Feni_Feni
2012-01-12,0.0,22.99,12.19,2.45,75.66,0.55,3.34,Feni_Feni
2012-01-13,0.0,20.43,8.62,2.09,71.66,0.54,2.78,Feni_Feni
2012-01-14,0.0,20.87,8.3,2.02,74.67,0.54,2.42,Feni_Feni
2012-01-15,0.0,21.82,7.67,1.7,67.12,0.54,2.91,Feni_Feni
2012-01-16,0.0,22.47,8.73,1.45,62.98,0.53,2.94,Feni_Feni
2012-01-17,0.0,23.79,11.42,0.97,59.19,0.53,2.94,Feni_Feni
2012-01-18,0.0,25.29,13.3,1.14,74.48,0.53,2.98,Feni_Feni
2012-01-19,0.0,25.99,15.07,0.71,65.49,0.53,3.58,Feni_Feni
2012-01-20,0.0,25.16,12.98,1.03,72.81,0.52,3.14,Feni_Feni
2012-01-21,0.0,24.75,14.14,1.31,78.5,0.52,2.84,Feni_Feni
2012-01-22,0.0,22.57,10.82,1.97,69.64,0.52,2.66,Feni_Feni
2012-01-23,0.0,22.69,8.58,1.9,65.38,0.51,2.49,Feni_Feni
2012-01-24,0.0,22.86,8.61,1.65,65.8,0.51,2.29,Feni_Feni
2012-01-25,0.0,23.42,8.69,1.67,62.55,0.51,2.29,Feni_Feni
2012-01-26,0.0,24.07,8.99,1.67,60.33,0.51,2.29,Feni_Feni
2012-01-27,0.0,25.1,10.93,1.61,63.01,0.5,2.52,Feni_Feni
2012-01-28,0.0,25.04,10.66,2.27,60.94,0.5,2.72,Feni_Feni
2012-01-29,0.0,24.53,10.15,2.43,59.38,0.5,2.48,Feni_Feni
2012-01-30,0.0,26.75,10.56,2.46,58.94,0.49,2.73,Feni_Feni
2012-01-31,0.0,25.88,9.84,2.36,55.73,0.49,2.52,Feni_Feni
2012-02-01,0.0,25.81,9.36,2.36,56.97,0.49,2.26,Feni_Feni
2012-02-02,0.0,24.77,10.11,2.28,51.1,0.48,2.16,Feni_Feni
2012-02-03,0.0,25.38,8.67,1.68,52.72,0.48,2.11,Feni_Feni
2012-02-04,0.0,26.6,9.92,1.71,55.68,0.48,2.06,Feni_Feni
2012-02-05,0.0,28.07,11.74,1.68,54.12,0.48,2.14,Feni_Feni
2012-02-06,0.0,28.24,12.48,1.29,51.11,0.47,2.03,Feni_Feni
2012-02-07,0.0,28.23,14.88,1.33,52.52,0.47,2.06,Feni_Feni
2012-02-08,0.0,29.02,13.77,1.03,52.1,0.47,1.94,Feni_Feni
2012-02-09,0.0,28.87,18.17,1.42,69.29,0.47,1.84,Feni_Feni
2012-02-10,0.0,27.03,14.24,2.15,56.74,0.46,1.85,Feni_Feni
2012-02-11,0.0,26.38,10.62,1.94,45.88,0.46,1.76,Feni_Feni
2012-02-12,0.0,25.78,9.96,1.79,46.0,0.46,1.58,Feni_Feni
2012-02-13,0.0,28.08,10.52,1.78,45.1,0.46,1.68,Feni_Feni
2012-02-14,0.0,29.08,12.68,1.71,44.59,0.45,1.65,Feni_Feni
2012-02-15,0.0,30.36,14.96,1.56,51.17,0.45,1.51,Feni_Feni
2012-02-16,0.1,31.2,16.51,1.55,57.14,0.45,1.64,Feni_Feni
2012-02-17,0.0,30.45,16.38,2.31,57.68,0.45,1.6,Feni_Feni
2012-02-18,0.0,30.76,16.07,1.89,54.96,0.44,1.59,Feni_Feni
2012-02-19,0.0,29.98,13.78,1.85,43.28,0.44,1.55,Feni_Feni
2012-02-20,0.0,29.31,13.63,1.5,39.62,0.44,1.44,Feni_Feni
2012-02-21,0.0,29.88,13.87,1.31,41.59,0.44,1.32,Feni_Feni
2012-02-22,0.0,30.82,16.2,1.33,52.56,0.43,1.35,Feni_Feni
2012-02-23,0.0,31.94,16.59,1.24,62.83,0.43,1.37,Feni_Feni
2012-02-24,0.0,32.98,16.9,1.45,53.9,0.43,1.44,Feni_Feni
2012-02-25,0.0,33.82,19.06,1.17,33.84,0.43,1.46,Feni_Feni
2012-02-26,0.0,33.56,18.08,1.26,34.63,0.42,1.34,Feni_Feni
2012-02-27,0.0,32.07,16.73,1.59,35.32,0.42,1.27,Feni_Feni
2012-02-28,0.0,31.28,15.33,1.69,41.0,0.42,1.06,Feni_Feni
2012-02-29,14.31,29.25,18.18,2.25,82.35,0.43,0.88,Feni_Feni
2012-03-01,0.05,31.29,19.75,2.08,72.07,0.44,1.67,Feni_Feni
2012-03-02,3.68,30.94,18.94,2.27,72.62,0.44,1.38,Feni_Feni
2012-03-03,3.29,30.88,19.94,1.5,73.43,0.44,1.54,Feni_Feni
2012-03-04,0.01,32.27,19.06,1.55,62.06,0.44,1.72,Feni_Feni
2012-03-05,0.0,32.75,18.8,2.47,64.76,0.43,1.54,Feni_Feni
2012-03-06,0.0,33.69,20.13,2.94,71.44,0.43,1.34,Feni_Feni
2012-03-07,0.0,32.55,21.02,3.06,76.54,0.42,1.17,Feni_Feni
2012-03-08,0.0,32.3,21.41,2.76,75.92,0.42,0.95,Feni_Feni
2012-03-09,0.0,32.78,20.76,1.79,70.67,0.42,1.09,Feni_Feni
2012-03-10,0.0,33.9,21.16,0.99,60.65,0.42,1.2,Feni_Feni
2012-03-11,0.0,35.03,19.18,2.41,44.27,0.41,1.22,Feni_Feni
2012-03-12,0.0,34.87,16.06,2.19,34.12,0.41,1.16,Feni_Feni
2012-03-13,0.0,35.36,17.01,1.78,34.15,0.41,0.98,Feni_Feni
2012-03-14,0.01,34.04,17.92,1.96,45.95,0.4,0.82,Feni_Feni
2012-03-15,0.0,32.68,19.86,1.65,46.19,0.4,0.79,Feni_Feni
2012-03-16,0.0,33.15,17.32,1.59,38.68,0.4,0.8,Feni_Feni
2012-03-17,0.03,33.49,16.81,1.57,44.44,0.4,0.76,Feni_Feni
2012-03-18,2.19,31.57,21.07,1.49,67.97,0.4,0.54,Feni_Feni
2012-03-19,0.62,33.69,20.56,1.53,67.36,0.4,0.68,Feni_Feni
2012-03-20,0.19,34.77,21.54,1.92,69.68,0.4,0.74,Feni_Feni
2012-03-21,0.0,35.4,22.66,2.35,71.11,0.4,0.69,Feni_Feni
2012-03-22,0.0,35.95,22.62,3.06,68.76,0.39,0.67,Feni_Feni
2012-03-23,0.0,35.39,21.96,1.43,63.29,0.39,0.64,Feni_Feni
2012-03-24,0.0,35.42,21.77,1.53,64.69,0.39,0.6,Feni_Feni
2012-03-25,0.0,35.64,19.89,2.06,61.52,0.39,0.59,Feni_Feni
2012-03-26,0.0,35.95,21.73,2.4,64.92,0.38,0.53,Feni_Feni
2012-03-27,0.0,35.87,22.61,2.58,62.4,0.38,0.51,Feni_Feni
2012-03-28,0.0,36.36,22.81,2.76,60.44,0.38,0.47,Feni_Feni
2012-03-29,0.0,37.29,22.42,2.72,63.16,0.38,0.46,Feni_Feni
2012-03-30,0.0,35.57,23.91,1.84,66.02,0.38,0.34,Feni_Feni
2012-03-31,0.0,34.9,23.22,0.93,59.53,0.38,0.34,Feni_Feni
2012-04-01,0.0,38.09,22.12,1.36,42.3,0.38,0.42,Feni_Feni
2012-04-02,0.0,35.99,24.41,1.42,58.91,0.37,0.29,Feni_Feni
2012-04-03,0.0,36.19,24.1,1.5,63.46,0.37,0.31,Feni_Feni
2012-04-04,0.01,36.59,23.71,2.35,61.47,0.37,0.3,Feni_Feni
2012-04-05,2.62,33.22,23.35,2.01,67.96,0.37,0.19,Feni_Feni
2012-04-06,14.68,28.4,23.43,1.91,79.91,0.39,0.18,Feni_Feni
2012-04-07,7.65,30.8,21.91,1.59,75.81,0.41,0.56,Feni_Feni
2012-04-08,46.58,31.41,21.54,2.76,81.78,0.44,0.77,Feni_Feni
2012-04-09,43.52,29.37,24.33,3.72,84.77,0.53,3.14,Feni_Feni
2012-04-10,22.42,29.18,23.68,2.1,86.35,0.55,3.61,Feni_Feni
2012-04-11,11.13,28.66,23.69,2.28,87.73,0.56,2.92,Feni_Feni
2012-04-12,23.7,30.18,23.35,2.53,86.0,0.56,4.14,Feni_Feni
2012-04-13,12.29,28.23,23.38,2.32,91.77,0.58,1.83,Feni_Feni
2012-04-14,0.02,31.13,22.22,1.08,82.81,0.57,5.11,Feni_Feni
2012-04-15,0.38,32.0,22.54,1.24,80.7,0.55,6.78,Feni_Feni
2012-04-16,0.38,32.17,23.12,1.81,80.26,0.54,6.63,Feni_Feni
2012-04-17,0.03,33.13,23.64,1.71,77.15,0.53,6.79,Feni_Feni
2012-04-18,0.58,33.69,24.1,2.46,79.92,0.52,5.88,Feni_Feni
2012-04-19,1.12,33.02,24.53,2.85,80.7,0.51,4.8,Feni_Feni
2012-04-20,3.25,33.29,25.52,2.32,79.94,0.51,4.53,Feni_Feni
2012-04-21,17.95,32.18,24.33,1.65,82.07,0.53,5.35,Feni_Feni
2012-04-22,3.75,33.84,24.71,2.56,80.73,0.53,6.27,Feni_Feni
2012-04-23,0.11,34.11,24.86,2.98,78.45,0.52,6.82,Feni_Feni
2012-04-24,0.0,33.14,25.12,2.9,80.76,0.51,5.34,Feni_Feni
2012-04-25,2.89,33.72,24.72,2.65,79.5,0.51,5.09,Feni_Feni
2012-04-26,8.47,32.02,24.83,2.13,79.73,0.51,4.21,Feni_Feni
2012-04-27,0.85,33.44,25.7,3.23,77.38,0.51,5.25,Feni_Feni
2012-04-28,5.7,34.03,25.83,4.05,79.64,0.51,4.71,Feni_Feni
2012-04-29,12.51,33.92,26.5,3.81,80.24,0.52,5.63,Feni_Feni
2012-04-30,11.31,33.11,25.71,3.66,81.16,0.53,6.3,Feni_Feni
2012-05-01,45.9,30.63,26.04,3.55,86.14,0.57,4.09,Feni_Feni
2012-05-02,11.97,31.59,25.91,2.58,85.24,0.6,5.16,Feni_Feni
2012-05-03,18.78,31.47,25.28,1.52,85.13,0.61,5.33,Feni_Feni
2012-05-04,3.46,30.48,24.37,0.89,78.7,0.6,5.73,Feni_Feni
2012-05-05,0.0,30.89,23.12,0.78,76.37,0.59,4.46,Feni_Feni
2012-05-06,0.0,33.26,24.57,0.79,65.93,0.58,8.61,Feni_Feni
2012-05-07,0.0,34.76,24.38,0.66,61.06,0.57,9.62,Feni_Feni
2012-05-08,0.0,33.89,24.04,1.18,75.72,0.55,8.8,Feni_Feni
2012-05-09,0.39,32.98,25.11,1.37,78.75,0.54,7.1,Feni_Feni
2012-05-10,0.2,33.18,25.33,1.42,80.41,0.54,6.37,Feni_Feni
2012-05-11,0.08,32.04,25.8,1.62,80.95,0.53,5.67,Feni_Feni
2012-05-12,3.41,31.86,25.69,1.94,81.9,0.53,5.14,Feni_Feni
2012-05-13,6.05,30.67,26.1,2.17,87.54,0.54,2.52,Feni_Feni
2012-05-14,2.06,31.63,26.67,2.78,88.94,0.54,3.1,Feni_Feni
2012-05-15,3.41,31.92,26.85,2.72,85.95,0.54,3.18,Feni_Feni
2012-05-16,4.22,31.66,25.85,2.5,85.99,0.54,4.57,Feni_Feni
2012-05-17,1.91,32.78,26.3,2.49,84.23,0.54,5.48,Feni_Feni
2012-05-18,8.1,30.79,25.85,1.54,88.81,0.55,2.5,Feni_Feni
2012-05-19,6.38,31.83,26.32,2.13,85.52,0.55,4.49,Feni_Feni
2012-05-20,5.76,31.93,25.86,1.74,86.39,0.55,4.65,Feni_Feni
2012-05-21,1.71,30.57,25.69,1.63,89.95,0.55,2.55,Feni_Feni
2012-05-22,0.0,32.98,25.83,2.04,86.04,0.55,5.57,Feni_Feni
2012-05-23,0.09,33.45,26.77,2.83,85.26,0.54,5.61,Feni_Feni
2012-05-24,0.93,32.15,27.08,3.01,86.34,0.53,3.85,Feni_Feni
2012-05-25,4.25,33.11,26.99,2.34,84.34,0.53,4.89,Feni_Feni
2012-05-26,0.94,32.06,26.48,1.47,85.77,0.53,2.98,Feni_Feni
2012-05-27,3.11,31.91,26.63,1.91,88.79,0.53,2.49,Feni_Feni
2012-05-28,3.69,32.79,26.91,2.21,84.88,0.53,4.38,Feni_Feni
2012-05-29,5.43,33.04,26.44,1.29,83.06,0.53,4.0,Feni_Feni
2012-05-30,17.62,32.51,26.8,1.09,83.73,0.55,4.39,Feni_Feni
2012-05-31,15.82,32.19,27.28,2.03,86.42,0.57,2.12,Feni_Feni
2012-06-01,23.84,31.23,26.99,2.68,88.89,0.59,3.15,Feni_Feni
2012-06-02,13.82,31.53,26.42,3.16,88.34,0.61,3.81,Feni_Feni
2012-06-03,7.69,31.83,27.31,4.83,89.22,0.61,4.44,Feni_Feni
2012-06-04,18.42,31.52,28.33,4.72,89.16,0.61,3.17,Feni_Feni
2012-06-05,24.28,30.26,27.44,3.25,91.03,0.65,2.13,Feni_Feni
2012-06-06,2.0,30.89,26.24,2.95,90.58,0.65,3.14,Feni_Feni
2012-06-07,4.38,31.97,26.47,2.43,88.67,0.63,4.75,Feni_Feni
2012-06-08,2.46,33.05,27.09,1.26,83.62,0.63,5.15,Feni_Feni
2012-06-09,0.1,31.74,27.64,1.97,88.46,0.62,3.49,Feni_Feni
2012-06-10,0.19,32.07,27.01,2.74,86.08,0.62,5.54,Feni_Feni
2012-06-11,0.06,32.34,26.15,2.79,86.06,0.61,7.46,Feni_Feni
2012-06-12,0.13,33.04,26.15,2.23,86.01,0.6,8.31,Feni_Feni
2012-06-13,2.37,31.17,27.23,2.28,89.36,0.59,3.56,Feni_Feni
2012-06-14,7.64,30.71,27.15,3.22,90.81,0.61,2.24,Feni_Feni
2012-06-15,29.94,30.26,27.29,3.57,90.86,0.62,1.84,Feni_Feni
2012-06-16,56.43,29.42,26.45,3.34,91.58,0.71,1.63,Feni_Feni
2012-06-17,14.28,31.04,26.02,2.16,89.09,0.73,4.48,Feni_Feni
2012-06-18,1.07,32.49,25.62,1.86,86.08,0.7,7.65,Feni_Feni
2012-06-19,13.19,31.75,26.12,2.42,87.53,0.69,6.16,Feni_Feni
2012-06-20,15.05,31.02,26.66,4.44,89.83,0.71,4.03,Feni_Feni
2012-06-21,17.76,31.25,26.77,4.5,88.79,0.71,5.43,Feni_Feni
2012-06-22,26.13,30.17,26.66,4.44,91.14,0.73,2.86,Feni_Feni
2012-06-23,44.41,29.46,26.68,5.35,91.32,0.77,2.63,Feni_Feni
2012-06-24,67.69,29.99,26.43,4.98,92.31,0.84,1.74,Feni_Feni
2012-06-25,16.93,29.41,26.26,4.62,92.5,0.85,1.51,Feni_Feni
2012-06-26,5.98,30.16,26.48,4.13,91.73,0.84,2.27,Feni_Feni
2012-06-27,2.04,29.61,26.74,3.74,92.49,0.82,1.91,Feni_Feni
2012-06-28,2.77,31.5,26.46,2.67,89.24,0.82,4.34,Feni_Feni
2012-06-29,0.0,32.49,25.88,2.11,87.5,0.8,6.54,Feni_Feni
2012-06-30,0.08,31.69,26.18,2.33,88.43,0.8,5.8,Feni_Feni
2012-07-01,2.95,32.09,25.86,2.45,87.05,0.79,6.58,Feni_Feni
2012-07-02,18.56,31.43,25.45,3.25,87.51,0.8,6.04,Feni_Feni
2012-07-03,2.62,30.99,26.14,4.36,87.54,0.8,6.25,Feni_Feni
2012-07-04,6.68,30.97,26.14,3.7,89.43,0.79,4.39,Feni_Feni
2012-07-05,11.8,31.21,26.26,3.56,88.8,0.8,5.24,Feni_Feni
2012-07-06,3.25,31.33,25.96,3.25,88.88,0.79,5.88,Feni_Feni
2012-07-07,6.93,29.69,26.33,2.57,92.05,0.79,2.04,Feni_Feni
2012-07-08,11.16,30.53,26.2,3.76,89.04,0.8,4.97,Feni_Feni
2012-07-09,15.74,30.98,25.84,3.95,88.59,0.8,5.67,Feni_Feni
2012-07-10,26.13,30.71,26.01,3.58,89.8,0.82,3.98,Feni_Feni
2012-07-11,6.65,31.19,25.59,2.95,89.14,0.82,5.41,Feni_Feni
2012-07-12,17.22,31.59,26.31,2.92,89.18,0.82,5.23,Feni_Feni
2012-07-13,40.63,31.1,26.61,2.81,90.96,0.84,3.2,Feni_Feni
2012-07-14,46.41,29.72,26.83,3.54,93.76,0.88,1.07,Feni_Feni
2012-07-15,37.92,30.21,26.31,4.26,90.73,0.9,2.97,Feni_Feni
2012-07-16,32.08,30.64,26.5,3.89,89.46,0.91,3.61,Feni_Feni
2012-07-17,18.06,30.0,26.0,4.37,92.32,0.91,2.3,Feni_Feni
2012-07-18,33.83,29.47,26.61,3.55,93.81,0.93,1.04,Feni_Feni
2012-07-19,8.64,30.73,26.15,2.86,89.38,0.93,4.1,Feni_Feni
2012-07-20,5.77,30.73,26.16,3.39,90.42,0.92,3.76,Feni_Feni
2012-07-21,3.76,30.69,26.15,4.65,90.2,0.92,4.44,Feni_Feni
2012-07-22,13.03,30.57,26.42,4.44,90.3,0.91,4.02,Feni_Feni
2012-07-23,26.52,30.31,26.53,4.02,92.03,0.92,2.47,Feni_Feni
2012-07-24,21.48,29.99,26.27,3.42,92.15,0.94,2.12,Feni_Feni
2012-07-25,4.64,30.78,25.96,3.17,90.68,0.93,3.74,Feni_Feni
2012-07-26,7.35,30.35,25.97,3.64,91.02,0.92,3.38,Feni_Feni
2012-07-27,19.69,30.11,26.01,4.2,91.17,0.93,3.85,Feni_Feni
2012-07-28,24.87,28.84,26.21,4.69,93.05,0.94,1.68,Feni_Feni
2012-07-29,18.26,29.52,26.21,3.37,93.76,0.94,1.01,Feni_Feni
2012-07-30,3.73,29.56,25.62,3.57,91.86,0.94,2.77,Feni_Feni
2012-07-31,8.31,29.34,25.67,3.72,91.79,0.94,2.64,Feni_Feni
2012-08-01,7.12,30.25,25.62,3.4,90.6,0.93,4.06,Feni_Feni
2012-08-02,2.26,28.66,25.78,2.64,93.89,0.93,1.29,Feni_Feni
2012-08-03,1.83,29.73,25.69,2.76,92.34,0.92,2.26,Feni_Feni
2012-08-04,9.0,30.14,25.96,4.34,91.41,0.92,3.21,Feni_Feni
2012-08-05,13.14,30.01,25.98,3.77,91.15,0.92,3.58,Feni_Feni
2012-08-06,9.67,30.13,26.0,3.71,90.95,0.92,3.6,Feni_Feni
2012-08-07,5.07,29.59,26.09,2.73,92.77,0.92,1.72,Feni_Feni
2012-08-08,18.63,30.45,26.15,2.18,91.68,0.93,2.52,Feni_Feni
2012-08-09,10.61,31.0,25.68,2.11,89.61,0.93,4.08,Feni_Feni
2012-08-10,2.81,30.78,25.39,2.95,88.74,0.92,5.12,Feni_Feni
2012-08-11,21.45,29.73,25.46,3.44,90.86,0.92,3.58,Feni_Feni
2012-08-12,31.46,29.77,25.73,2.49,92.08,0.94,2.19,Feni_Feni
2012-08-13,47.0,29.32,25.53,2.49,93.15,0.96,1.45,Feni_Feni
2012-08-14,3.99,29.22,25.58,2.7,92.16,0.96,1.71,Feni_Feni
2012-08-15,5.37,30.43,25.5,2.13,90.86,0.96,3.23,Feni_Feni
2012-08-16,1.22,31.11,25.4,2.17,89.72,0.95,4.33,Feni_Feni
2012-08-17,6.8,30.7,25.78,2.84,90.12,0.94,4.7,Feni_Feni
2012-08-18,0.67,30.82,25.43,2.91,89.54,0.93,5.18,Feni_Feni
2012-08-19,27.67,29.76,26.03,3.51,92.06,0.93,2.42,Feni_Feni
2012-08-20,39.03,28.85,25.47,3.98,91.27,0.96,2.15,Feni_Feni
2012-08-21,17.65,30.12,25.46,3.96,91.49,0.96,3.07,Feni_Feni
2012-08-22,15.08,30.05,25.87,2.61,92.09,0.96,2.33,Feni_Feni
2012-08-23,9.75,29.76,25.81,1.72,93.31,0.96,1.21,Feni_Feni
2012-08-24,4.76,30.81,25.96,0.85,90.27,0.96,2.26,Feni_Feni
2012-08-25,23.31,29.67,25.98,1.2,92.85,0.97,0.91,Feni_Feni
2012-08-26,0.75,28.62,25.72,2.12,93.76,0.96,1.26,Feni_Feni
2012-08-27,3.91,30.47,25.52,2.31,91.84,0.96,3.2,Feni_Feni
2012-08-28,6.74,29.97,25.71,1.67,91.05,0.96,2.48,Feni_Feni
2012-08-29,15.88,30.92,25.93,1.68,89.94,0.96,3.75,Feni_Feni
2012-08-30,14.93,30.53,25.98,2.33,91.52,0.96,2.98,Feni_Feni
2012-08-31,6.13,31.18,25.83,2.59,90.21,0.96,3.99,Feni_Feni
2012-09-01,4.49,30.91,25.69,2.14,90.76,0.95,3.54,Feni_Feni
2012-09-02,3.99,29.76,26.49,1.99,91.98,0.95,2.24,Feni_Feni
2012-09-03,5.24,29.0,25.98,2.39,93.11,0.95,1.3,Feni_Feni
2012-09-04,8.02,27.54,25.53,3.26,94.85,0.95,0.64,Feni_Feni
2012-09-05,11.25,28.08,25.39,2.51,93.47,0.95,1.01,Feni_Feni
2012-09-06,9.04,29.3,25.27,1.6,91.94,0.95,2.04,Feni_Feni
2012-09-07,0.09,32.19,25.0,1.14,86.44,0.95,5.8,Feni_Feni
2012-09-08,1.48,33.23,26.38,1.48,85.86,0.94,1.96,Feni_Feni
2012-09-09,8.15,30.92,25.79,3.53,90.23,0.94,3.3,Feni_Feni
2012-09-10,9.38,30.43,25.11,3.56,91.58,0.94,2.91,Feni_Feni
2012-09-11,10.17,28.87,26.33,3.11,92.8,0.94,1.24,Feni_Feni
2012-09-12,34.68,29.91,25.82,3.24,91.69,0.95,2.74,Feni_Feni
2012-09-13,20.37,29.39,25.7,2.9,92.62,0.96,2.01,Feni_Feni
2012-09-14,17.38,28.67,25.85,2.39,93.54,0.97,0.88,Feni_Feni
2012-09-15,11.4,28.36,25.92,2.5,94.76,0.97,0.49,Feni_Feni
2012-09-16,14.02,28.23,25.65,2.65,93.9,0.97,0.77,Feni_Feni
2012-09-17,3.5,29.97,25.46,2.49,92.78,0.97,2.26,Feni_Feni
2012-09-18,2.1,30.13,25.85,2.78,91.79,0.96,3.3,Feni_Feni
2012-09-19,0.5,30.12,25.21,2.83,90.81,0.96,4.28,Feni_Feni
2012-09-20,2.8,30.48,25.73,3.12,90.71,0.95,4.47,Feni_Feni
2012-09-21,2.49,30.43,25.48,3.02,89.72,0.94,4.96,Feni_Feni
2012-09-22,4.66,30.69,25.73,2.53,89.58,0.94,5.25,Feni_Feni
2012-09-23,7.62,29.94,25.41,2.03,91.25,0.93,2.8,Feni_Feni
2012-09-24,6.84,29.7,25.93,1.33,91.25,0.93,1.73,Feni_Feni
2012-09-25,4.91,30.3,25.57,1.02,87.75,0.94,2.74,Feni_Feni
2012-09-26,7.0,31.77,25.3,1.04,85.4,0.93,4.32,Feni_Feni
2012-09-27,2.12,31.12,25.56,0.76,86.66,0.93,2.78,Feni_Feni
2012-09-28,0.0,30.91,26.16,0.98,87.5,0.93,2.0,Feni_Feni
2012-09-29,0.0,29.14,26.23,1.83,92.18,0.93,1.58,Feni_Feni
2012-09-30,0.0,29.68,25.88,1.32,92.99,0.92,1.58,Feni_Feni
2012-10-01,1.27,30.34,26.17,1.22,88.05,0.92,2.13,Feni_Feni
2012-10-02,1.91,29.52,25.98,1.94,91.97,0.92,1.94,Feni_Feni
2012-10-03,7.97,29.28,25.76,2.28,94.09,0.92,1.06,Feni_Feni
2012-10-04,15.99,28.24,25.95,2.55,94.4,0.93,0.44,Feni_Feni
2012-10-05,10.12,28.98,26.06,2.49,95.08,0.94,0.52,Feni_Feni
2012-10-06,6.66,29.73,25.46,0.85,87.99,0.94,2.51,Feni_Feni
2012-10-07,0.0,29.82,25.55,0.82,86.67,0.93,3.82,Feni_Feni
2012-10-08,0.32,30.22,24.98,1.08,88.54,0.93,2.2,Feni_Feni
2012-10-09,2.04,31.92,24.73,0.89,83.02,0.92,6.73,Feni_Feni
2012-10-10,4.29,28.83,24.66,1.47,91.74,0.92,1.35,Feni_Feni
2012-10-11,10.22,27.75,24.06,3.17,94.61,0.93,0.28,Feni_Feni
2012-10-12,2.31,30.33,23.85,1.57,88.32,0.93,4.99,Feni_Feni
2012-10-13,1.16,30.15,24.08,1.32,86.82,0.92,5.52,Feni_Feni
2012-10-14,0.33,29.86,23.28,1.31,85.52,0.91,6.02,Feni_Feni
2012-10-15,0.43,31.29,22.32,1.13,83.65,0.91,7.16,Feni_Feni
2012-10-16,0.0,30.73,21.74,1.68,84.81,0.9,6.92,Feni_Feni
2012-10-17,0.0,31.06,22.25,1.12,84.9,0.89,7.32,Feni_Feni
2012-10-18,0.0,31.44,22.85,1.09,83.89,0.89,7.39,Feni_Feni
2012-10-19,0.0,30.62,22.39,1.48,86.23,0.88,6.29,Feni_Feni
2012-10-20,0.0,30.09,21.53,1.71,84.5,0.87,6.54,Feni_Feni
2012-10-21,0.0,29.86,20.25,1.68,85.75,0.86,6.58,Feni_Feni
2012-10-22,0.0,29.72,19.69,1.78,86.15,0.86,6.36,Feni_Feni
2012-10-23,0.0,29.1,20.23,1.46,86.19,0.85,6.42,Feni_Feni
2012-10-24,0.0,28.56,19.43,1.59,83.87,0.85,6.21,Feni_Feni
2012-10-25,0.0,28.19,18.11,1.25,81.46,0.84,6.27,Feni_Feni
2012-10-26,0.0,28.24,18.09,1.94,83.89,0.83,5.61,Feni_Feni
2012-10-27,0.0,27.87,14.9,1.77,84.39,0.83,5.6,Feni_Feni
2012-10-28,0.0,28.43,16.97,1.57,84.29,0.82,6.06,Feni_Feni
2012-10-29,0.0,29.94,18.25,1.54,85.66,0.82,6.33,Feni_Feni
2012-10-30,0.0,30.19,19.15,1.52,86.15,0.81,6.55,Feni_Feni
2012-10-31,0.0,30.78,19.63,1.24,85.52,0.8,6.74,Feni_Feni
2012-11-01,0.0,30.16,20.92,1.31,83.22,0.8,6.36,Feni_Feni
2012-11-02,0.09,29.13,19.26,1.25,81.88,0.79,5.98,Feni_Feni
2012-11-03,1.97,24.12,19.33,1.61,83.62,0.79,1.75,Feni_Feni
2012-11-04,5.69,27.0,18.39,1.1,80.24,0.8,2.89,Feni_Feni
2012-11-05,5.32,28.54,20.12,1.01,83.76,0.8,4.11,Feni_Feni
2012-11-06,13.59,28.72,22.69,1.73,89.09,0.8,4.03,Feni_Feni
2012-11-07,13.12,28.37,21.41,1.51,88.98,0.82,3.65,Feni_Feni
2012-11-08,0.04,27.65,19.77,1.32,86.34,0.81,5.05,Feni_Feni
2012-11-09,0.0,26.75,19.02,1.54,80.57,0.8,4.6,Feni_Feni
2012-11-10,0.0,25.98,16.17,1.54,80.56,0.8,4.35,Feni_Feni
2012-11-11,0.0,26.72,15.53,1.33,82.39,0.79,5.05,Feni_Feni
2012-11-12,0.0,26.65,16.93,0.84,79.75,0.79,6.03,Feni_Feni
2012-11-13,0.0,26.93,17.01,1.13,83.01,0.78,5.46,Feni_Feni
2012-11-14,0.0,26.79,17.26,1.12,80.54,0.78,5.33,Feni_Feni
2012-11-15,0.0,27.29,16.13,1.18,78.69,0.78,5.9,Feni_Feni
2012-11-16,0.0,28.56,15.54,1.24,82.58,0.77,5.79,Feni_Feni
2012-11-17,0.0,29.8,19.25,0.97,83.57,0.77,6.19,Feni_Feni
2012-11-18,0.0,30.3,20.81,0.91,82.15,0.76,6.02,Feni_Feni
2012-11-19,0.29,29.56,20.19,1.4,83.55,0.76,5.99,Feni_Feni
2012-11-20,0.06,27.93,19.84,1.43,83.6,0.76,4.52,Feni_Feni
2012-11-21,0.0,28.33,19.47,1.62,82.47,0.75,5.47,Feni_Feni
2012-11-22,0.0,26.02,16.26,2.11,81.64,0.74,4.86,Feni_Feni
2012-11-23,0.0,24.9,13.17,1.87,77.87,0.74,4.03,Feni_Feni
2012-11-24,0.0,24.92,12.78,1.64,77.78,0.73,4.2,Feni_Feni
2012-11-25,0.0,24.53,13.24,1.37,76.83,0.73,3.69,Feni_Feni
2012-11-26,0.0,24.62,12.14,1.7,79.52,0.73,3.63,Feni_Feni
2012-11-27,0.0,24.16,12.23,1.46,79.86,0.72,3.54,Feni_Feni
2012-11-28,0.0,23.97,12.0,1.65,80.74,0.72,3.63,Feni_Feni
2012-11-29,0.0,23.94,11.94,1.53,79.7,0.72,3.85,Feni_Feni
2012-11-30,0.0,24.93,12.44,1.32,79.77,0.71,3.77,Feni_Feni
2012-12-01,0.0,25.43,12.8,1.35,78.94,0.71,4.35,Feni_Feni
2012-12-02,0.0,24.58,13.04,1.68,78.6,0.71,3.69,Feni_Feni
2012-12-03,0.0,23.86,11.34,1.8,83.16,0.7,3.14,Feni_Feni
2012-12-04,0.0,24.81,12.17,1.39,79.3,0.7,3.91,Feni_Feni
2012-12-05,0.0,24.59,11.79,1.45,80.37,0.7,3.4,Feni_Feni
2012-12-06,0.0,24.47,12.02,1.25,77.29,0.69,3.24,Feni_Feni
2012-12-07,0.0,24.19,12.65,1.04,76.33,0.69,2.96,Feni_Feni
2012-12-08,0.0,23.88,12.91,0.97,74.94,0.69,2.91,Feni_Feni
2012-12-09,0.0,24.15,13.34,0.97,74.1,0.69,3.02,Feni_Feni
2012-12-10,0.0,24.88,13.08,1.01,72.52,0.68,3.51,Feni_Feni
2012-12-11,0.0,25.47,12.8,1.16,71.25,0.68,3.14,Feni_Feni
2012-12-12,0.94,24.86,17.3,1.0,84.2,0.68,1.93,Feni_Feni
2012-12-13,0.0,25.6,16.83,1.12,85.41,0.68,3.91,Feni_Feni
2012-12-14,0.0,25.56,14.57,1.62,79.8,0.67,3.72,Feni_Feni
2012-12-15,0.0,25.32,14.01,1.74,81.37,0.67,3.75,Feni_Feni
2012-12-16,0.0,24.34,11.57,1.82,78.74,0.67,3.53,Feni_Feni
2012-12-17,0.0,23.76,10.94,1.71,81.16,0.66,3.34,Feni_Feni
2012-12-18,0.0,23.44,12.66,1.46,79.3,0.66,3.04,Feni_Feni
2012-12-19,0.0,22.99,11.9,1.21,79.94,0.66,2.69,Feni_Feni
2012-12-20,0.0,22.59,12.46,1.19,75.2,0.65,2.85,Feni_Feni
2012-12-21,0.0,22.6,10.41,1.66,74.87,0.65,3.38,Feni_Feni
2012-12-22,0.0,21.08,7.84,1.96,77.38,0.65,2.66,Feni_Feni
2012-12-23,0.0,22.73,7.17,1.75,81.19,0.65,2.9,Feni_Feni
2012-12-24,0.0,22.78,9.04,1.59,83.03,0.64,3.13,Feni_Feni
2012-12-25,0.0,21.94,10.0,1.52,75.1,0.64,2.9,Feni_Feni
2012-12-26,0.0,21.03,8.46,1.56,75.04,0.64,3.05,Feni_Feni
2012-12-27,0.0,20.3,6.34,1.55,76.57,0.63,2.48,Feni_Feni
2012-12-28,0.0,20.63,9.49,1.05,72.35,0.63,3.09,Feni_Feni
2012-12-29,0.0,21.23,9.1,1.24,71.31,0.63,2.96,Feni_Feni
2012-12-30,0.0,21.89,9.22,1.42,74.48,0.63,3.04,Feni_Feni
2012-12-31,0.0,21.45,8.77,1.47,68.17,0.62,3.1,Feni_Feni
2013-01-01,0.0,22.59,10.23,1.38,69.58,0.62,3.01,Feni_Feni
2013-01-02,0.0,23.62,10.92,1.22,73.5,0.62,3.35,Feni_Feni
2013-01-03,0.03,22.57,12.09,1.01,78.87,0.61,1.94,Feni_Feni
2013-01-04,0.0,24.48,13.95,1.33,83.38,0.61,3.41,Feni_Feni
2013-01-05,0.0,22.74,10.46,1.77,75.02,0.61,3.08,Feni_Feni
2013-01-06,0.0,22.15,8.28,1.86,69.31,0.61,2.81,Feni_Feni
2013-01-07,0.0,22.01,8.64,1.74,72.9,0.6,2.58,Feni_Feni
2013-01-08,0.0,19.53,8.27,2.42,64.58,0.6,2.48,Feni_Feni
2013-01-09,0.0,18.23,4.14,2.01,67.74,0.6,2.18,Feni_Feni
2013-01-10,0.0,18.79,6.62,1.56,65.56,0.59,2.07,Feni_Feni
2013-01-11,0.0,19.33,9.05,1.15,65.82,0.59,1.86,Feni_Feni
2013-01-12,0.0,20.07,8.02,1.39,73.12,0.59,2.15,Feni_Feni
2013-01-13,0.0,22.09,10.39,1.02,69.06,0.59,2.7,Feni_Feni
2013-01-14,0.0,23.65,10.58,1.07,67.05,0.59,3.07,Feni_Feni
2013-01-15,0.0,23.75,11.03,1.3,67.08,0.58,3.46,Feni_Feni
2013-01-16,0.0,24.32,10.73,1.19,67.01,0.58,3.36,Feni_Feni
2013-01-17,0.0,25.54,12.28,1.26,67.62,0.58,3.18,Feni_Feni
2013-01-18,0.0,26.25,14.03,1.12,70.09,0.57,3.83,Feni_Feni
2013-01-19,0.0,26.24,14.36,1.1,68.49,0.57,3.6,Feni_Feni
2013-01-20,0.0,25.41,15.99,1.17,76.31,0.57,3.37,Feni_Feni
2013-01-21,0.0,24.07,12.91,2.27,72.8,0.56,3.27,Feni_Feni
2013-01-22,0.0,23.74,8.58,2.22,67.27,0.56,3.52,Feni_Feni
2013-01-23,0.0,24.12,7.42,2.01,65.35,0.55,3.53,Feni_Feni
2013-01-24,0.0,23.36,6.41,2.16,63.78,0.55,3.36,Feni_Feni
2013-01-25,0.0,22.27,5.99,2.28,62.55,0.55,3.21,Feni_Feni
2013-01-26,0.0,22.18,4.58,2.1,65.71,0.54,2.91,Feni_Feni
2013-01-27,0.0,22.23,6.34,1.94,67.03,0.54,2.91,Feni_Feni
2013-01-28,0.0,22.7,9.3,1.84,71.1,0.54,1.85,Feni_Feni
2013-01-29,0.0,24.52,11.28,1.42,63.82,0.54,3.41,Feni_Feni
2013-01-30,0.0,23.79,9.69,1.34,60.36,0.53,3.03,Feni_Feni
2013-01-31,0.0,24.92,11.24,1.32,62.06,0.53,3.11,Feni_Feni
2013-02-01,0.0,24.4,12.86,1.27,68.55,0.53,1.7,Feni_Feni
2013-02-02,0.0,25.55,10.75,1.16,67.41,0.53,3.24,Feni_Feni
2013-02-03,0.0,25.99,12.82,1.17,65.06,0.52,2.61,Feni_Feni
2013-02-04,0.0,26.91,13.67,1.15,55.84,0.52,3.25,Feni_Feni
2013-02-05,0.0,28.76,15.48,1.25,58.2,0.52,3.89,Feni_Feni
2013-02-06,0.0,29.89,15.83,1.48,61.34,0.51,3.91,Feni_Feni
2013-02-07,0.0,29.67,16.32,1.67,63.16,0.51,3.33,Feni_Feni
2013-02-08,0.0,28.27,15.43,2.28,69.81,0.5,2.79,Feni_Feni
2013-02-09,0.0,27.73,13.38,2.34,53.97,0.5,3.33,Feni_Feni
2013-02-10,0.0,27.77,9.78,2.33,53.91,0.5,3.09,Feni_Feni
2013-02-11,0.0,28.05,10.32,1.83,51.86,0.49,2.89,Feni_Feni
2013-02-12,0.0,28.4,11.69,1.77,50.95,0.49,2.46,Feni_Feni
2013-02-13,0.0,28.02,12.66,1.76,51.51,0.49,2.06,Feni_Feni
2013-02-14,0.0,29.34,13.47,1.81,49.79,0.48,2.62,Feni_Feni
2013-02-15,0.0,29.88,14.65,1.95,48.58,0.48,2.91,Feni_Feni
2013-02-16,0.0,30.96,13.0,2.1,50.14,0.48,2.64,Feni_Feni
2013-02-17,0.26,29.31,16.45,2.31,61.36,0.47,1.69,Feni_Feni
2013-02-18,4.04,26.49,16.06,2.14,71.01,0.48,2.02,Feni_Feni
2013-02-19,0.0,27.32,12.13,2.32,56.2,0.48,2.42,Feni_Feni
2013-02-20,0.0,28.36,12.36,2.44,57.64,0.47,2.25,Feni_Feni
2013-02-21,0.0,29.23,12.66,2.49,56.5,0.47,2.29,Feni_Feni
2013-02-22,0.0,31.42,13.9,2.73,53.08,0.46,2.47,Feni_Feni
2013-02-23,0.0,32.46,14.37,1.89,55.02,0.46,2.34,Feni_Feni
2013-02-24,0.0,32.81,16.07,1.76,50.45,0.46,2.36,Feni_Feni
2013-02-25,0.0,32.6,15.64,2.16,52.92,0.45,2.19,Feni_Feni
2013-02-26,0.0,32.28,17.04,2.84,50.7,0.45,2.18,Feni_Feni
2013-02-27,0.0,32.07,14.94,2.14,50.67,0.45,1.91,Feni_Feni
2013-02-28,0.0,32.62,14.65,1.88,48.46,0.44,1.98,Feni_Feni
2013-03-01,0.0,32.23,14.75,2.18,46.5,0.44,1.79,Feni_Feni
2013-03-02,0.0,31.85,13.92,1.83,42.19,0.44,1.74,Feni_Feni
2013-03-03,0.0,32.76,16.05,1.26,41.36,0.43,1.7,Feni_Feni
2013-03-04,0.0,32.83,16.85,1.28,42.98,0.43,1.52,Feni_Feni
2013-03-05,0.0,33.52,17.54,1.3,48.8,0.43,1.61,Feni_Feni
2013-03-06,0.0,32.77,18.09,1.28,52.54,0.43,1.35,Feni_Feni
2013-03-07,0.0,33.58,18.22,1.26,55.9,0.42,1.45,Feni_Feni
2013-03-08,0.0,33.8,19.15,1.12,48.13,0.42,1.33,Feni_Feni
2013-03-09,0.0,33.29,18.91,1.19,47.88,0.42,1.27,Feni_Feni
2013-03-10,0.0,33.93,18.83,1.61,64.04,0.42,1.24,Feni_Feni
2013-03-11,0.0,33.14,19.52,2.13,71.42,0.42,1.06,Feni_Feni
2013-03-12,0.04,32.9,20.18,2.65,73.63,0.41,0.98,Feni_Feni
2013-03-13,0.2,32.98,21.48,2.31,73.29,0.41,0.94,Feni_Feni
2013-03-14,0.11,33.46,21.65,1.75,71.33,0.41,0.85,Feni_Feni
2013-03-15,0.0,32.18,22.65,1.37,67.51,0.41,0.62,Feni_Feni
2013-03-16,0.0,35.67,22.46,1.91,64.96,0.41,1.06,Feni_Feni
2013-03-17,2.72,34.94,22.33,1.32,62.99,0.41,1.02,Feni_Feni
2013-03-18,1.07,33.14,20.36,1.45,50.94,0.41,1.08,Feni_Feni
2013-03-19,0.0,34.08,20.1,2.82,62.53,0.41,1.03,Feni_Feni
2013-03-20,0.0,34.68,21.43,2.14,62.71,0.4,1.0,Feni_Feni
2013-03-21,0.0,35.64,21.59,2.59,64.93,0.4,0.92,Feni_Feni
2013-03-22,0.8,35.12,21.81,2.75,66.55,0.4,0.77,Feni_Feni
2013-03-23,10.05,33.07,22.72,2.03,72.49,0.41,0.96,Feni_Feni
2013-03-24,0.06,35.24,23.39,1.7,66.43,0.41,1.12,Feni_Feni
2013-03-25,0.0,36.76,23.84,2.77,60.97,0.41,1.2,Feni_Feni
2013-03-26,0.0,36.07,23.63,2.93,67.95,0.4,1.03,Feni_Feni
2013-03-27,0.0,36.26,24.28,2.42,66.95,0.4,0.91,Feni_Feni
2013-03-28,0.0,37.14,23.04,1.78,62.32,0.4,0.88,Feni_Feni
2013-03-29,0.0,37.36,23.69,1.81,54.57,0.39,0.9,Feni_Feni
2013-03-30,0.0,37.16,22.94,2.47,58.44,0.39,0.78,Feni_Feni
2013-03-31,0.38,36.85,24.19,2.32,58.79,0.39,0.71,Feni_Feni
2013-04-01,4.84,35.41,23.82,1.95,67.25,0.39,0.64,Feni_Feni
2013-04-02,2.33,35.79,24.51,1.87,64.19,0.4,0.81,Feni_Feni
2013-04-03,0.1,37.74,24.69,2.37,59.46,0.39,0.87,Feni_Feni
2013-04-04,0.03,38.4,24.82,3.53,57.48,0.39,0.83,Feni_Feni
2013-04-05,0.03,38.69,25.56,3.08,53.8,0.39,0.81,Feni_Feni
2013-04-06,0.0,37.17,23.63,2.95,61.41,0.38,0.64,Feni_Feni
2013-04-07,0.0,36.68,22.84,2.96,60.74,0.38,0.56,Feni_Feni
2013-04-08,0.0,37.15,23.78,3.32,63.26,0.38,0.51,Feni_Feni
2013-04-09,0.0,36.88,24.03,3.26,65.64,0.38,0.46,Feni_Feni
2013-04-10,0.0,36.72,24.34,3.36,66.08,0.38,0.42,Feni_Feni
2013-04-11,0.0,36.19,25.01,3.84,65.55,0.38,0.37,Feni_Feni
2013-04-12,0.0,36.91,24.82,3.39,64.13,0.37,0.36,Feni_Feni
2013-04-13,0.0,37.58,24.64,3.24,61.48,0.37,0.37,Feni_Feni
2013-04-14,0.08,37.95,25.0,2.71,57.0,0.37,0.37,Feni_Feni
2013-04-15,0.85,36.52,24.39,2.2,62.62,0.37,0.28,Feni_Feni
2013-04-16,8.31,34.3,24.49,2.33,67.88,0.38,0.31,Feni_Feni
2013-04-17,24.43,31.55,25.02,3.19,78.82,0.41,0.72,Feni_Feni
2013-04-18,1.07,33.6,24.2,2.55,71.5,0.42,1.16,Feni_Feni
2013-04-19,0.64,32.05,23.24,1.92,72.6,0.41,0.6,Feni_Feni
2013-04-20,0.71,32.23,24.44,1.23,66.71,0.41,0.6,Feni_Feni
2013-04-21,0.18,32.46,24.87,1.2,59.99,0.4,0.49,Feni_Feni
2013-04-22,0.09,33.55,23.84,1.31,57.26,0.4,0.66,Feni_Feni
2013-04-23,0.1,35.38,22.33,1.63,57.45,0.4,0.88,Feni_Feni
2013-04-24,0.05,35.91,23.68,1.63,55.69,0.39,0.78,Feni_Feni
2013-04-25,0.0,36.35,24.74,1.71,54.59,0.39,0.72,Feni_Feni
2013-04-26,0.09,37.84,24.92,2.25,57.37,0.39,0.7,Feni_Feni
2013-04-27,2.92,35.75,25.92,3.12,65.73,0.39,0.48,Feni_Feni
2013-04-28,3.41,34.91,26.03,3.61,70.99,0.39,0.63,Feni_Feni
2013-04-29,0.61,36.1,26.95,4.11,67.9,0.39,0.65,Feni_Feni
2013-04-30,0.7,36.75,26.88,3.92,67.93,0.39,0.63,Feni_Feni
2013-05-01,0.05,36.43,26.86,4.6,68.11,0.39,0.58,Feni_Feni
2013-05-02,0.08,35.55,27.57,5.44,69.24,0.39,0.45,Feni_Feni
2013-05-03,4.08,35.3,27.67,5.56,70.19,0.38,0.45,Feni_Feni
2013-05-04,37.58,33.88,26.1,4.56,77.19,0.42,0.66,Feni_Feni
2013-05-05,52.8,29.13,25.47,3.47,86.0,0.52,2.54,Feni_Feni
2013-05-06,39.61,30.31,25.34,3.57,85.77,0.56,3.34,Feni_Feni
2013-05-07,49.77,30.66,24.38,3.84,85.87,0.62,3.98,Feni_Feni
2013-05-08,16.12,31.18,26.26,4.55,87.03,0.62,5.3,Feni_Feni
2013-05-09,16.57,31.65,26.76,4.28,88.28,0.62,5.39,Feni_Feni
2013-05-10,8.38,30.39,26.87,3.95,89.26,0.61,3.26,Feni_Feni
2013-05-11,3.76,30.85,26.6,3.53,89.43,0.6,3.88,Feni_Feni
2013-05-12,5.86,31.51,26.27,2.97,87.11,0.6,5.66,Feni_Feni
2013-05-13,5.5,30.6,24.93,2.56,87.15,0.59,3.84,Feni_Feni
2013-05-14,1.98,31.38,24.12,2.26,81.89,0.59,7.61,Feni_Feni
2013-05-15,20.44,29.4,24.56,1.63,87.64,0.59,3.11,Feni_Feni
2013-05-16,68.42,27.57,23.88,2.99,92.25,0.69,1.04,Feni_Feni
2013-05-17,4.08,31.51,23.9,2.86,87.6,0.7,6.22,Feni_Feni
2013-05-18,0.89,31.21,25.96,3.53,87.46,0.67,6.03,Feni_Feni
2013-05-19,1.93,31.18,26.35,3.25,88.24,0.66,5.54,Feni_Feni
2013-05-20,16.52,30.33,26.29,3.44,89.21,0.66,3.46,Feni_Feni
2013-05-21,48.34,27.47,26.22,3.23,93.68,0.72,0.63,Feni_Feni
2013-05-22,18.76,29.36,26.34,3.56,90.97,0.75,2.23,Feni_Feni
2013-05-23,19.1,29.26,26.44,3.73,91.91,0.75,1.23,Feni_Feni
2013-05-24,16.91,29.31,25.98,4.39,91.98,0.76,1.5,Feni_Feni
2013-05-25,2.83,30.06,26.49,4.19,91.25,0.76,2.01,Feni_Feni
2013-05-26,0.14,30.79,26.37,3.92,87.87,0.74,4.83,Feni_Feni
2013-05-27,2.24,30.44,25.73,2.44,87.95,0.73,4.16,Feni_Feni
2013-05-28,6.62,30.02,25.45,2.66,90.28,0.74,2.87,Feni_Feni
2013-05-29,15.87,30.17,25.02,4.89,89.65,0.74,3.49,Feni_Feni
2013-05-30,21.06,29.63,24.94,5.62,87.58,0.76,3.93,Feni_Feni
2013-05-31,23.38,30.07,25.03,4.83,89.44,0.78,4.4,Feni_Feni
2013-06-01,2.65,31.18,25.51,2.53,88.82,0.78,5.18,Feni_Feni
2013-06-02,0.05,31.66,25.24,1.55,86.83,0.76,6.09,Feni_Feni
2013-06-03,0.29,31.91,25.87,1.55,88.04,0.75,4.03,Feni_Feni
2013-06-04,0.38,30.2,25.96,1.43,91.51,0.75,2.07,Feni_Feni
2013-06-05,0.6,30.65,25.97,2.08,91.37,0.75,2.97,Feni_Feni
2013-06-06,7.65,30.24,26.22,2.63,90.77,0.75,2.79,Feni_Feni
2013-06-07,19.42,29.64,26.0,2.49,91.03,0.77,2.29,Feni_Feni
2013-06-08,24.82,29.05,26.37,2.87,93.94,0.79,0.91,Feni_Feni
2013-06-09,9.34,29.73,26.81,2.92,92.36,0.8,1.46,Feni_Feni
2013-06-10,0.69,30.27,26.44,2.34,91.29,0.79,2.81,Feni_Feni
2013-06-11,2.39,30.16,26.55,2.2,92.23,0.79,1.51,Feni_Feni
2013-06-12,5.64,30.86,25.84,3.07,87.96,0.78,4.56,Feni_Feni
2013-06-13,2.39,31.3,25.68,3.19,86.46,0.78,6.49,Feni_Feni
2013-06-14,3.77,30.46,25.85,3.51,89.67,0.77,3.9,Feni_Feni
2013-06-15,1.13,31.86,26.15,2.32,86.86,0.77,5.61,Feni_Feni
2013-06-16,0.35,32.82,26.14,1.66,83.87,0.76,7.5,Feni_Feni
2013-06-17,0.11,31.24,25.72,1.57,87.97,0.75,4.08,Feni_Feni
2013-06-18,0.22,32.59,25.65,1.93,86.81,0.75,6.17,Feni_Feni
2013-06-19,7.5,31.85,26.94,1.85,87.88,0.74,3.87,Feni_Feni
2013-06-20,15.39,31.65,26.89,1.78,88.39,0.76,4.2,Feni_Feni
2013-06-21,18.35,30.28,26.34,2.03,91.66,0.77,2.11,Feni_Feni
2013-06-22,17.16,32.29,26.1,2.79,86.43,0.79,6.12,Feni_Feni
2013-06-23,6.49,32.32,26.51,2.91,86.55,0.78,6.61,Feni_Feni
2013-06-24,20.38,31.18,25.82,3.83,88.05,0.78,5.63,Feni_Feni
2013-06-25,43.58,30.64,27.07,4.51,89.84,0.82,3.19,Feni_Feni
2013-06-26,35.0,31.44,27.03,4.33,88.87,0.85,4.22,Feni_Feni
2013-06-27,63.9,30.42,26.86,4.49,91.02,0.89,1.93,Feni_Feni
2013-06-28,51.43,30.0,27.09,3.44,93.48,0.92,1.03,Feni_Feni
2013-06-29,55.57,30.04,26.24,4.31,92.58,0.94,1.57,Feni_Feni
2013-06-30,16.85,31.14,26.53,3.52,90.4,0.95,2.69,Feni_Feni
2013-07-01,0.65,31.1,26.22,3.33,89.3,0.94,4.42,Feni_Feni
2013-07-02,2.44,30.25,26.13,2.86,90.75,0.93,1.94,Feni_Feni
2013-07-03,12.25,30.87,26.14,3.22,89.87,0.93,2.82,Feni_Feni
2013-07-04,7.93,30.53,25.77,2.9,88.33,0.93,3.96,Feni_Feni
2013-07-05,2.28,30.89,26.08,3.19,89.82,0.92,4.15,Feni_Feni
2013-07-06,6.45,30.63,25.63,2.98,89.81,0.91,3.0,Feni_Feni
2013-07-07,5.12,31.02,25.46,2.44,88.84,0.91,4.0,Feni_Feni
2013-07-08,4.16,31.06,25.74,2.82,88.37,0.9,4.77,Feni_Feni
2013-07-09,6.41,29.53,26.08,3.06,92.68,0.9,1.78,Feni_Feni
2013-07-10,6.62,30.67,26.25,3.31,89.78,0.9,3.83,Feni_Feni
2013-07-11,2.95,30.58,25.72,4.11,90.3,0.89,3.51,Feni_Feni
2013-07-12,15.08,29.61,25.33,4.43,91.22,0.89,2.79,Feni_Feni
2013-07-13,13.27,29.19,26.11,3.37,92.27,0.9,2.02,Feni_Feni
2013-07-14,2.83,30.98,25.54,3.22,89.58,0.9,4.51,Feni_Feni
2013-07-15,1.13,31.19,26.04,2.87,89.1,0.89,4.61,Feni_Feni
2013-07-16,7.05,31.55,26.33,3.09,89.27,0.88,4.72,Feni_Feni
2013-07-17,10.28,30.58,26.24,4.07,89.15,0.88,4.45,Feni_Feni
2013-07-18,7.84,30.26,25.77,3.89,89.14,0.88,4.39,Feni_Feni
2013-07-19,10.58,30.84,26.06,3.96,89.93,0.88,4.24,Feni_Feni
2013-07-20,7.65,30.71,26.59,3.28,90.67,0.88,3.46,Feni_Feni
2013-07-21,1.68,31.23,26.38,3.07,89.91,0.88,5.05,Feni_Feni
2013-07-22,0.12,31.98,26.42,2.79,89.27,0.86,5.78,Feni_Feni
2013-07-23,0.54,30.84,26.72,3.29,90.74,0.86,3.71,Feni_Feni
2013-07-24,1.06,29.52,26.55,2.92,91.89,0.85,2.11,Feni_Feni
2013-07-25,6.84,30.81,26.5,3.34,90.58,0.85,4.18,Feni_Feni
2013-07-26,41.08,30.15,26.62,5.18,92.22,0.88,2.52,Feni_Feni
2013-07-27,64.28,28.88,26.6,3.84,93.94,0.92,0.84,Feni_Feni
2013-07-28,66.86,28.37,26.16,2.83,92.42,0.97,1.26,Feni_Feni
2013-07-29,6.61,30.41,26.0,3.03,89.55,0.97,3.89,Feni_Feni
2013-07-30,3.76,30.37,25.37,3.54,90.46,0.95,3.14,Feni_Feni
2013-07-31,13.76,29.72,25.78,3.73,90.48,0.95,2.95,Feni_Feni
2013-08-01,7.6,30.44,25.61,3.24,90.15,0.95,3.57,Feni_Feni
2013-08-02,4.87,30.15,25.65,2.34,90.91,0.94,2.49,Feni_Feni
2013-08-03,3.12,31.73,25.48,1.7,87.87,0.93,5.24,Feni_Feni
2013-08-04,7.17,30.48,26.12,1.97,90.09,0.93,2.19,Feni_Feni
2013-08-05,1.07,28.91,25.94,3.04,91.25,0.93,1.51,Feni_Feni
2013-08-06,13.62,30.18,24.91,4.14,92.26,0.93,2.16,Feni_Feni
2013-08-07,30.03,29.39,26.24,3.36,91.4,0.95,1.98,Feni_Feni
2013-08-08,4.46,30.16,25.98,3.04,88.66,0.94,3.62,Feni_Feni
2013-08-09,6.1,30.24,25.92,2.12,90.3,0.94,2.8,Feni_Feni
2013-08-10,8.72,30.39,25.98,3.03,89.98,0.93,3.48,Feni_Feni
2013-08-11,28.38,28.64,25.49,2.34,90.89,0.95,1.13,Feni_Feni
2013-08-12,10.65,30.81,25.14,1.92,88.89,0.95,3.46,Feni_Feni
2013-08-13,3.69,30.85,25.35,1.57,87.83,0.94,3.85,Feni_Feni
2013-08-14,5.38,30.72,25.19,1.59,88.1,0.94,3.78,Feni_Feni
2013-08-15,22.65,29.53,25.74,1.63,91.85,0.95,1.74,Feni_Feni
2013-08-16,18.08,29.02,25.53,1.48,92.63,0.96,0.99,Feni_Feni
2013-08-17,16.19,30.1,25.97,1.76,92.16,0.96,1.41,Feni_Feni
2013-08-18,14.22,28.58,26.13,4.05,94.14,0.96,0.65,Feni_Feni
2013-08-19,20.48,29.41,25.34,2.51,91.35,0.96,1.54,Feni_Feni
2013-08-20,19.75,28.8,25.7,4.2,92.8,0.97,1.29,Feni_Feni
2013-08-21,14.0,28.88,26.09,3.6,93.4,0.97,1.12,Feni_Feni
2013-08-22,3.64,30.37,25.54,2.99,90.85,0.97,3.29,Feni_Feni
2013-08-23,3.59,30.73,25.44,2.48,89.79,0.96,4.13,Feni_Feni
2013-08-24,5.27,31.49,25.39,2.13,89.89,0.96,4.14,Feni_Feni
2013-08-25,0.08,31.76,25.75,2.16,88.72,0.95,5.59,Feni_Feni
2013-08-26,2.9,29.93,26.64,2.54,92.41,0.94,2.07,Feni_Feni
2013-08-27,28.06,29.91,25.78,3.53,90.46,0.95,2.57,Feni_Feni
2013-08-28,36.16,29.59,25.61,4.01,91.98,0.96,2.06,Feni_Feni
2013-08-29,20.53,30.15,26.14,3.45,91.45,0.97,2.91,Feni_Feni
2013-08-30,14.6,30.35,25.8,2.71,90.54,0.97,3.49,Feni_Feni
2013-08-31,35.1,30.97,25.73,2.66,90.13,0.98,3.53,Feni_Feni
2013-09-01,20.28,30.98,26.02,3.15,91.16,0.98,3.23,Feni_Feni
2013-09-02,29.61,29.73,25.9,3.94,91.28,0.98,2.81,Feni_Feni
2013-09-03,20.99,29.79,25.75,3.95,90.68,0.98,3.35,Feni_Feni
2013-09-04,5.48,30.06,26.04,3.36,92.36,0.97,2.21,Feni_Feni
2013-09-05,6.53,29.47,26.35,2.54,93.67,0.97,1.2,Feni_Feni
2013-09-06,3.62,30.55,25.59,2.45,90.41,0.97,3.92,Feni_Feni
2013-09-07,5.4,28.19,25.16,2.47,92.75,0.96,1.21,Feni_Feni
2013-09-08,19.26,28.34,24.81,2.02,92.49,0.97,1.12,Feni_Feni
2013-09-09,19.55,27.84,25.26,2.15,94.38,0.97,0.59,Feni_Feni
2013-09-10,4.42,30.13,24.73,1.12,87.46,0.97,3.7,Feni_Feni
2013-09-11,5.04,29.9,25.27,0.68,87.96,0.97,2.19,Feni_Feni
2013-09-12,1.38,31.47,25.6,0.92,83.26,0.97,5.12,Feni_Feni
2013-09-13,13.46,30.67,25.32,0.98,88.0,0.96,2.22,Feni_Feni
2013-09-14,17.43,28.64,25.32,1.62,93.47,0.97,0.94,Feni_Feni
2013-09-15,6.87,30.81,24.59,1.3,88.21,0.97,4.21,Feni_Feni
2013-09-16,12.99,30.25,25.35,1.47,90.15,0.97,3.1,Feni_Feni
2013-09-17,13.86,30.46,24.8,1.04,89.43,0.97,2.14,Feni_Feni
2013-09-18,6.74,28.94,25.24,2.5,92.8,0.97,1.38,Feni_Feni
2013-09-19,1.96,30.16,25.71,2.95,91.05,0.97,3.64,Feni_Feni
2013-09-20,0.33,31.13,25.21,2.18,88.89,0.96,5.9,Feni_Feni
2013-09-21,2.98,32.03,25.31,1.06,85.36,0.95,6.49,Feni_Feni
2013-09-22,5.74,31.22,25.42,1.44,87.99,0.95,4.91,Feni_Feni
2013-09-23,3.3,32.09,25.61,1.09,86.31,0.94,6.74,Feni_Feni
2013-09-24,7.77,31.74,26.18,1.17,87.66,0.94,4.51,Feni_Feni
2013-09-25,13.23,29.68,26.41,1.12,87.84,0.95,1.67,Feni_Feni
2013-09-26,9.0,30.05,25.79,0.91,87.2,0.95,1.3,Feni_Feni
2013-09-27,8.42,30.88,25.46,0.99,86.96,0.95,2.11,Feni_Feni
2013-09-28,11.74,28.09,25.66,1.91,91.11,0.95,0.65,Feni_Feni
2013-09-29,20.6,28.32,25.18,2.18,93.57,0.95,1.03,Feni_Feni
2013-09-30,16.83,29.2,25.11,1.84,89.06,0.97,2.53,Feni_Feni
2013-10-01,3.84,31.95,25.3,1.19,86.09,0.96,3.86,Feni_Feni
2013-10-02,5.77,33.42,26.2,0.61,81.6,0.96,4.54,Feni_Feni
2013-10-03,14.17,26.82,24.8,2.21,93.78,0.96,0.6,Feni_Feni
2013-10-04,19.42,28.4,24.52,2.28,91.19,0.97,1.69,Feni_Feni
2013-10-05,14.72,28.68,24.88,2.14,91.7,0.97,1.22,Feni_Feni
2013-10-06,12.74,28.24,25.05,1.3,91.92,0.97,1.04,Feni_Feni
2013-10-07,9.71,28.7,24.57,0.89,89.67,0.97,1.47,Feni_Feni
2013-10-08,9.23,29.53,23.96,1.44,91.52,0.97,1.89,Feni_Feni
2013-10-09,4.54,27.62,21.97,1.35,88.43,0.97,1.36,Feni_Feni
2013-10-10,0.01,31.26,23.56,0.79,81.63,0.97,6.61,Feni_Feni
2013-10-11,0.0,31.35,24.12,1.23,85.8,0.96,6.16,Feni_Feni
2013-10-12,1.67,29.13,24.87,1.48,89.97,0.96,1.8,Feni_Feni
2013-10-13,2.15,29.87,24.78,2.4,90.63,0.96,2.89,Feni_Feni
2013-10-14,0.52,30.95,24.89,2.08,88.19,0.95,5.45,Feni_Feni
2013-10-15,0.3,30.84,24.34,1.37,87.47,0.94,6.4,Feni_Feni
2013-10-16,0.27,31.33,24.07,0.79,83.77,0.94,8.31,Feni_Feni
2013-10-17,0.03,31.19,24.14,0.99,85.09,0.93,7.95,Feni_Feni
2013-10-18,0.0,32.19,24.22,0.87,83.06,0.92,8.24,Feni_Feni
2013-10-19,2.3,30.8,25.34,0.75,83.62,0.91,5.0,Feni_Feni
2013-10-20,3.45,29.66,24.52,1.79,88.29,0.91,3.51,Feni_Feni
2013-10-21,9.85,28.91,24.18,1.45,88.99,0.91,2.66,Feni_Feni
2013-10-22,17.12,28.52,23.58,1.06,85.95,0.93,2.31,Feni_Feni
2013-10-23,1.17,29.17,21.83,0.92,83.42,0.92,4.37,Feni_Feni
2013-10-24,1.22,29.34,23.42,1.1,86.99,0.92,4.5,Feni_Feni
2013-10-25,13.36,26.32,22.93,1.53,92.3,0.92,1.11,Feni_Feni
2013-10-26,17.04,25.51,22.21,2.79,93.33,0.93,0.91,Feni_Feni
2013-10-27,23.33,27.37,23.14,2.0,91.6,0.95,2.02,Feni_Feni
2013-10-28,0.05,28.44,21.91,1.41,87.5,0.94,5.64,Feni_Feni
2013-10-29,0.09,28.93,21.58,1.27,86.4,0.93,5.92,Feni_Feni
2013-10-30,0.06,29.28,21.77,1.05,80.45,0.92,5.75,Feni_Feni
2013-10-31,0.0,28.83,20.2,0.92,78.98,0.92,6.01,Feni_Feni
2013-11-01,0.0,28.54,19.68,1.04,79.5,0.91,5.03,Feni_Feni
2013-11-02,0.0,28.3,19.26,0.77,76.35,0.91,5.36,Feni_Feni
2013-11-03,0.0,28.7,19.44,1.17,82.75,0.9,4.82,Feni_Feni
2013-11-04,0.0,28.28,19.19,1.48,86.1,0.9,4.81,Feni_Feni
2013-11-05,0.0,27.92,18.6,1.42,86.12,0.89,4.79,Feni_Feni
2013-11-06,0.0,28.27,18.87,0.71,78.29,0.89,6.6,Feni_Feni
2013-11-07,0.0,28.85,18.23,0.83,75.95,0.88,6.88,Feni_Feni
2013-11-08,0.0,28.78,18.48,1.21,82.72,0.87,6.05,Feni_Feni
2013-11-09,0.0,28.93,18.1,1.44,85.38,0.87,5.85,Feni_Feni
2013-11-10,0.0,28.82,18.78,1.85,87.64,0.86,5.36,Feni_Feni
2013-11-11,0.0,28.64,18.56,1.91,86.91,0.86,5.39,Feni_Feni
2013-11-12,0.0,28.58,17.34,2.1,87.28,0.85,5.17,Feni_Feni
2013-11-13,0.0,26.89,15.69,2.03,86.72,0.85,4.78,Feni_Feni
2013-11-14,0.0,27.63,15.83,1.78,87.5,0.84,4.84,Feni_Feni
2013-11-15,0.0,29.0,17.81,1.4,85.51,0.84,5.81,Feni_Feni
2013-11-16,0.0,29.64,19.79,1.82,85.41,0.83,5.76,Feni_Feni
2013-11-17,0.0,27.83,16.94,1.83,83.91,0.82,4.98,Feni_Feni
2013-11-18,0.0,27.99,16.52,1.39,85.53,0.82,5.33,Feni_Feni
2013-11-19,0.0,26.68,15.72,1.44,82.81,0.82,5.17,Feni_Feni
2013-11-20,0.0,26.18,14.48,1.48,82.56,0.81,4.73,Feni_Feni
2013-11-21,0.0,26.46,14.85,1.53,83.15,0.81,4.55,Feni_Feni
2013-11-22,0.0,26.74,15.15,1.48,84.82,0.8,4.75,Feni_Feni
2013-11-23,0.0,26.74,15.62,1.52,85.3,0.8,4.81,Feni_Feni
2013-11-24,0.0,25.36,14.64,1.67,81.93,0.79,4.18,Feni_Feni
2013-11-25,0.0,26.38,14.86,1.31,82.39,0.79,4.68,Feni_Feni
2013-11-26,0.0,26.7,15.63,1.06,79.79,0.79,5.06,Feni_Feni
2013-11-27,0.0,27.48,16.55,0.88,79.2,0.78,5.14,Feni_Feni
2013-11-28,0.0,27.39,16.5,1.36,84.61,0.78,4.83,Feni_Feni
2013-11-29,0.0,27.05,17.28,1.45,84.92,0.77,4.35,Feni_Feni
2013-11-30,0.0,26.91,16.97,1.58,87.01,0.77,4.17,Feni_Feni
2013-12-01,0.0,27.28,17.3,1.98,86.53,0.77,4.17,Feni_Feni
2013-12-02,0.0,26.76,15.28,1.75,85.53,0.76,4.5,Feni_Feni
2013-12-03,0.0,27.41,16.12,1.14,85.33,0.76,4.92,Feni_Feni
2013-12-04,0.0,27.91,16.22,1.12,84.26,0.76,4.81,Feni_Feni
2013-12-05,0.0,26.83,16.58,1.33,81.88,0.75,4.75,Feni_Feni
2013-12-06,0.0,26.52,15.61,1.23,80.24,0.75,4.69,Feni_Feni
2013-12-07,0.0,26.83,16.5,0.8,77.17,0.74,5.18,Feni_Feni
2013-12-08,0.0,26.23,15.22,1.06,80.17,0.74,4.69,Feni_Feni
2013-12-09,0.0,26.35,17.27,0.84,79.15,0.74,4.7,Feni_Feni
2013-12-10,0.0,26.4,18.03,0.82,80.5,0.73,4.62,Feni_Feni
2013-12-11,0.0,25.73,15.22,1.41,82.91,0.73,4.31,Feni_Feni
2013-12-12,0.0,24.23,13.26,1.56,79.15,0.72,3.39,Feni_Feni
2013-12-13,0.0,24.13,13.59,1.0,68.6,0.72,3.55,Feni_Feni
2013-12-14,0.0,24.09,13.73,1.01,70.76,0.72,3.23,Feni_Feni
2013-12-15,0.0,23.73,13.71,1.54,74.95,0.72,3.02,Feni_Feni
2013-12-16,0.0,24.34,10.74,1.46,74.41,0.71,3.83,Feni_Feni
2013-12-17,0.0,24.23,10.33,1.03,67.1,0.71,4.0,Feni_Feni
2013-12-18,0.0,23.71,12.84,1.14,71.11,0.71,3.39,Feni_Feni
2013-12-19,0.0,23.31,13.61,1.15,80.92,0.7,2.53,Feni_Feni
2013-12-20,0.59,23.71,14.25,1.48,85.31,0.7,2.64,Feni_Feni
2013-12-21,0.03,24.33,15.76,1.02,80.62,0.7,3.05,Feni_Feni
2013-12-22,0.0,24.36,14.1,0.94,78.04,0.7,3.09,Feni_Feni
2013-12-23,0.0,24.57,13.83,0.84,74.4,0.69,3.5,Feni_Feni
2013-12-24,0.0,24.36,13.76,1.18,80.48,0.69,3.28,Feni_Feni
2013-12-25,0.0,22.81,12.64,1.6,84.21,0.69,2.97,Feni_Feni
2013-12-26,0.0,21.69,10.01,1.46,81.55,0.68,2.61,Feni_Feni
2013-12-27,0.0,21.53,10.51,1.38,82.41,0.68,2.36,Feni_Feni
2013-12-28,0.0,22.22,10.33,1.21,76.18,0.68,2.85,Feni_Feni
2013-12-29,0.0,22.74,11.35,1.54,78.42,0.67,2.81,Feni_Feni
2013-12-30,0.0,22.58,10.77,2.04,81.99,0.67,2.88,Feni_Feni
2013-12-31,0.0,22.73,9.05,1.67,81.88,0.67,3.13,Feni_Feni
2014-01-01,0.0,23.33,9.6,1.56,82.39,0.66,3.33,Feni_Feni
2014-01-02,0.0,24.09,10.79,1.92,82.63,0.66,3.13,Feni_Feni
2014-01-03,0.0,21.86,11.3,1.83,82.52,0.66,2.87,Feni_Feni
2014-01-04,0.0,21.48,9.07,1.74,80.14,0.65,2.59,Feni_Feni
2014-01-05,0.0,21.94,9.41,1.32,82.14,0.65,2.54,Feni_Feni
2014-01-06,0.0,23.19,11.08,1.35,81.91,0.65,2.79,Feni_Feni
2014-01-07,0.03,22.58,11.51,1.68,84.64,0.65,2.67,Feni_Feni
2014-01-08,0.0,21.89,9.63,1.88,76.49,0.64,3.08,Feni_Feni
2014-01-09,0.0,21.23,7.74,1.65,74.11,0.64,2.74,Feni_Feni
2014-01-10,0.0,22.83,8.4,1.48,76.51,0.64,3.0,Feni_Feni
2014-01-11,0.0,24.23,11.65,0.99,70.27,0.63,3.54,Feni_Feni
2014-01-12,0.0,22.81,12.54,1.43,84.78,0.63,2.03,Feni_Feni
2014-01-13,0.0,24.65,13.85,2.12,79.81,0.63,3.45,Feni_Feni
2014-01-14,0.0,24.0,11.8,1.43,80.39,0.62,3.13,Feni_Feni
2014-01-15,0.0,23.51,12.63,1.01,80.51,0.62,3.06,Feni_Feni
2014-01-16,0.0,22.79,11.27,1.03,78.75,0.62,3.32,Feni_Feni
2014-01-17,0.0,24.37,10.86,1.52,80.44,0.62,3.19,Feni_Feni
2014-01-18,0.0,25.92,12.87,1.36,78.89,0.61,3.72,Feni_Feni
2014-01-19,0.0,25.62,13.78,1.22,75.26,0.61,3.72,Feni_Feni
2014-01-20,0.0,25.62,13.49,1.82,77.98,0.6,3.87,Feni_Feni
2014-01-21,0.0,23.09,10.74,1.42,73.7,0.6,2.48,Feni_Feni
2014-01-22,0.0,26.31,12.63,1.07,66.18,0.6,4.2,Feni_Feni
2014-01-23,0.0,26.79,14.39,1.16,69.81,0.59,4.44,Feni_Feni
2014-01-24,0.0,25.19,13.58,1.13,73.97,0.59,3.84,Feni_Feni
2014-01-25,0.0,25.85,12.95,1.88,75.44,0.59,3.89,Feni_Feni
2014-01-26,0.0,24.81,12.13,2.19,72.33,0.58,4.06,Feni_Feni
2014-01-27,0.0,24.06,10.13,2.02,72.88,0.58,3.7,Feni_Feni
2014-01-28,0.0,22.96,9.12,1.72,74.3,0.58,2.97,Feni_Feni
2014-01-29,0.0,25.59,10.42,1.78,70.12,0.57,3.9,Feni_Feni
2014-01-30,0.0,25.75,10.51,1.46,68.45,0.57,3.85,Feni_Feni
2014-01-31,0.0,25.95,10.77,1.47,71.74,0.56,4.1,Feni_Feni
2014-02-01,0.0,26.11,10.71,1.85,73.72,0.56,3.93,Feni_Feni
2014-02-02,0.0,25.84,10.85,2.23,65.45,0.56,4.28,Feni_Feni
2014-02-03,0.0,25.44,9.48,1.94,67.63,0.55,4.02,Feni_Feni
2014-02-04,0.0,24.56,10.78,1.34,62.62,0.55,3.73,Feni_Feni
2014-02-05,0.0,24.6,11.21,1.41,60.06,0.54,2.91,Feni_Feni
2014-02-06,0.0,26.27,15.1,0.87,57.06,0.54,3.78,Feni_Feni
2014-02-07,0.0,26.38,15.04,1.08,59.25,0.54,4.33,Feni_Feni
2014-02-08,0.0,28.4,15.1,1.89,79.4,0.53,4.15,Feni_Feni
2014-02-09,0.0,27.88,18.18,1.33,84.29,0.53,3.53,Feni_Feni
2014-02-10,0.01,27.8,18.39,0.94,77.92,0.53,4.26,Feni_Feni
2014-02-11,0.0,27.48,16.97,0.98,75.17,0.52,3.98,Feni_Feni
2014-02-12,0.0,27.23,15.81,1.36,62.54,0.52,3.77,Feni_Feni
2014-02-13,0.0,27.23,13.26,1.56,58.11,0.52,4.06,Feni_Feni
2014-02-14,0.0,27.26,12.17,1.01,50.64,0.51,3.7,Feni_Feni
2014-02-15,0.0,26.9,16.53,1.23,65.92,0.51,3.11,Feni_Feni
2014-02-16,2.48,25.44,15.01,1.54,83.96,0.51,1.99,Feni_Feni
2014-02-17,10.81,22.66,13.71,2.37,82.71,0.52,1.11,Feni_Feni
2014-02-18,0.0,24.63,10.53,1.84,64.63,0.53,3.73,Feni_Feni
2014-02-19,0.0,26.85,10.29,1.69,64.43,0.52,3.79,Feni_Feni
2014-02-20,0.0,27.41,13.43,1.15,57.77,0.51,3.78,Feni_Feni
2014-02-21,0.0,27.63,14.34,1.06,60.01,0.51,3.35,Feni_Feni
2014-02-22,0.0,28.27,14.83,1.04,64.66,0.5,3.3,Feni_Feni
2014-02-23,0.0,29.11,17.12,1.22,58.13,0.5,2.92,Feni_Feni
2014-02-24,0.0,29.24,16.12,1.73,67.74,0.49,3.17,Feni_Feni
2014-02-25,0.0,29.6,16.57,1.85,63.05,0.49,3.29,Feni_Feni
2014-02-26,0.0,29.35,15.06,1.6,49.57,0.49,2.98,Feni_Feni
2014-02-27,0.0,30.62,16.46,1.29,55.13,0.48,3.04,Feni_Feni
2014-02-28,0.0,30.37,16.78,1.77,62.71,0.48,2.89,Feni_Feni
2014-03-01,0.0,30.74,17.17,1.91,65.01,0.47,2.87,Feni_Feni
2014-03-02,0.0,31.49,16.67,2.17,59.85,0.47,2.92,Feni_Feni
2014-03-03,0.0,30.58,17.26,1.91,63.57,0.47,2.47,Feni_Feni
2014-03-04,0.0,27.21,17.01,1.98,51.63,0.46,1.32,Feni_Feni
2014-03-05,0.0,30.66,14.27,1.82,50.5,0.46,2.46,Feni_Feni
2014-03-06,0.0,30.53,16.32,1.5,46.03,0.46,2.32,Feni_Feni
2014-03-07,0.0,30.29,16.76,1.56,46.6,0.46,2.19,Feni_Feni
2014-03-08,0.0,30.82,15.23,1.78,45.89,0.45,2.2,Feni_Feni
2014-03-09,0.0,31.26,15.12,1.67,41.71,0.45,2.14,Feni_Feni
2014-03-10,0.0,32.08,15.92,1.64,40.66,0.45,2.09,Feni_Feni
2014-03-11,0.0,32.84,16.59,1.54,44.75,0.44,1.93,Feni_Feni
2014-03-12,0.0,32.37,18.79,1.33,51.16,0.44,1.68,Feni_Feni
2014-03-13,0.0,32.74,20.58,1.14,62.53,0.44,1.4,Feni_Feni
2014-03-14,0.0,33.93,20.52,1.21,59.46,0.44,1.87,Feni_Feni
2014-03-15,0.0,34.33,18.63,1.68,44.89,0.43,1.84,Feni_Feni
2014-03-16,0.0,34.36,18.08,1.51,36.54,0.43,1.76,Feni_Feni
2014-03-17,0.0,34.28,17.94,1.41,39.19,0.43,1.66,Feni_Feni
2014-03-18,0.0,34.31,19.21,1.56,64.46,0.42,1.43,Feni_Feni
2014-03-19,1.1,34.78,21.02,2.14,69.26,0.42,1.28,Feni_Feni
2014-03-20,3.93,33.19,22.13,2.2,70.24,0.43,1.23,Feni_Feni
2014-03-21,0.93,33.38,20.83,1.55,69.76,0.42,1.21,Feni_Feni
2014-03-22,1.63,34.42,21.2,2.04,66.68,0.42,1.52,Feni_Feni
2014-03-23,15.85,30.5,21.05,1.83,72.24,0.45,1.61,Feni_Feni
2014-03-24,3.25,31.79,20.73,1.61,72.26,0.45,2.05,Feni_Feni
2014-03-25,4.9,32.74,22.0,1.53,69.38,0.45,2.1,Feni_Feni
2014-03-26,0.0,34.21,22.03,1.56,65.89,0.45,2.32,Feni_Feni
2014-03-27,0.0,35.42,22.3,2.18,67.8,0.44,2.17,Feni_Feni
2014-03-28,0.0,36.98,23.78,2.3,67.58,0.43,2.06,Feni_Feni
2014-03-29,0.0,36.89,23.53,2.84,66.03,0.43,1.99,Feni_Feni
2014-03-30,0.0,39.31,23.57,2.8,65.28,0.42,1.96,Feni_Feni
2014-03-31,0.0,37.74,23.86,2.84,67.14,0.42,1.63,Feni_Feni
2014-04-01,0.0,35.92,23.85,2.76,69.05,0.42,1.25,Feni_Feni
2014-04-02,0.01,36.77,23.81,2.29,63.73,0.41,1.36,Feni_Feni
2014-04-03,5.12,36.12,23.54,2.29,67.69,0.41,1.19,Feni_Feni
2014-04-04,4.1,34.83,22.42,1.78,65.13,0.42,1.33,Feni_Feni
2014-04-05,0.2,34.98,21.94,1.61,64.14,0.42,1.43,Feni_Feni
2014-04-06,0.91,33.98,23.2,2.23,68.46,0.42,1.19,Feni_Feni
2014-04-07,0.5,35.18,23.57,3.38,71.31,0.41,1.18,Feni_Feni
2014-04-08,0.5,34.82,25.37,3.96,71.29,0.41,1.06,Feni_Feni
2014-04-09,0.16,34.31,26.23,3.08,70.11,0.41,0.83,Feni_Feni
2014-04-10,0.37,34.15,25.13,1.39,68.23,0.41,0.69,Feni_Feni
2014-04-11,0.0,37.17,23.31,1.74,60.4,0.41,1.2,Feni_Feni
2014-04-12,0.0,36.38,24.46,1.57,59.11,0.4,0.92,Feni_Feni
2014-04-13,0.0,38.03,24.43,1.09,54.42,0.4,1.05,Feni_Feni
2014-04-14,0.0,38.24,25.12,1.29,52.77,0.4,0.96,Feni_Feni
2014-04-15,0.0,38.67,24.59,1.44,54.74,0.39,0.88,Feni_Feni
2014-04-16,0.0,39.36,24.64,2.12,54.66,0.39,0.89,Feni_Feni
2014-04-17,0.0,39.3,25.95,2.74,54.87,0.39,0.8,Feni_Feni
2014-04-18,0.0,38.8,25.47,2.08,58.7,0.39,0.69,Feni_Feni
2014-04-19,0.19,39.49,25.76,1.16,55.29,0.38,0.69,Feni_Feni
2014-04-20,0.47,40.0,26.47,1.26,46.4,0.38,0.68,Feni_Feni
2014-04-21,0.0,39.86,26.91,1.24,47.24,0.38,0.58,Feni_Feni
2014-04-22,0.0,40.96,25.61,1.23,36.62,0.38,0.63,Feni_Feni
2014-04-23,0.0,40.9,25.56,1.74,51.49,0.37,0.54,Feni_Feni
2014-04-24,0.0,41.12,26.11,2.19,50.22,0.37,0.5,Feni_Feni
2014-04-25,0.41,40.4,26.77,2.78,56.06,0.37,0.42,Feni_Feni
2014-04-26,0.57,39.51,26.28,2.63,60.31,0.37,0.37,Feni_Feni
2014-04-27,0.27,39.63,26.5,2.86,58.73,0.37,0.36,Feni_Feni
2014-04-28,1.29,37.42,26.65,2.84,63.86,0.37,0.29,Feni_Feni
2014-04-29,2.1,37.34,25.83,2.9,66.29,0.37,0.28,Feni_Feni
2014-04-30,4.16,36.18,26.25,2.78,69.34,0.38,0.37,Feni_Feni
2014-05-01,2.36,36.24,25.8,2.72,69.68,0.38,0.3,Feni_Feni
2014-05-02,3.59,31.73,26.12,2.34,77.47,0.38,0.2,Feni_Feni
2014-05-03,1.45,32.88,25.86,2.42,71.64,0.38,0.26,Feni_Feni
2014-05-04,4.34,34.89,25.31,2.44,68.27,0.39,0.52,Feni_Feni
2014-05-05,1.54,32.51,26.39,2.01,72.66,0.39,0.27,Feni_Feni
2014-05-06,0.19,36.93,25.82,1.74,62.06,0.39,0.57,Feni_Feni
2014-05-07,11.13,37.37,26.35,3.01,64.88,0.39,0.54,Feni_Feni
2014-05-08,14.21,32.7,26.36,4.4,74.85,0.41,0.91,Feni_Feni
2014-05-09,8.0,33.72,27.55,5.29,78.77,0.42,1.02,Feni_Feni
2014-05-10,12.14,35.29,27.37,4.25,77.94,0.42,1.12,Feni_Feni
2014-05-11,7.1,33.71,26.96,3.81,78.81,0.44,1.51,Feni_Feni
2014-05-12,6.39,33.09,26.92,3.41,79.35,0.44,1.28,Feni_Feni
2014-05-13,1.59,36.22,26.65,2.99,73.68,0.44,1.77,Feni_Feni
2014-05-14,2.25,33.73,27.51,2.9,75.66,0.43,0.98,Feni_Feni
2014-05-15,8.31,35.31,27.28,2.97,74.24,0.43,1.55,Feni_Feni
2014-05-16,4.85,36.65,26.4,2.5,70.76,0.44,2.39,Feni_Feni
2014-05-17,0.06,36.95,26.42,2.32,66.73,0.43,2.25,Feni_Feni
2014-05-18,0.01,38.5,26.37,2.23,64.32,0.43,2.1,Feni_Feni
2014-05-19,0.0,38.5,26.86,2.32,64.54,0.42,1.7,Feni_Feni
2014-05-20,0.0,37.63,27.6,2.54,65.44,0.42,1.48,Feni_Feni
2014-05-21,0.0,37.86,27.26,3.03,66.42,0.41,1.35,Feni_Feni
2014-05-22,0.0,38.22,26.77,2.36,63.4,0.41,1.31,Feni_Feni
2014-05-23,0.01,34.32,27.09,1.68,66.5,0.41,0.69,Feni_Feni
2014-05-24,6.17,34.13,27.39,1.67,68.56,0.41,0.59,Feni_Feni
2014-05-25,37.94,30.96,26.79,1.32,87.09,0.46,0.81,Feni_Feni
2014-05-26,14.84,32.04,26.14,1.58,85.15,0.5,1.8,Feni_Feni
2014-05-27,10.08,32.6,26.9,2.37,82.45,0.5,2.76,Feni_Feni
2014-05-28,15.69,32.87,26.89,3.45,80.26,0.5,3.74,Feni_Feni
2014-05-29,12.72,32.08,27.3,2.31,83.22,0.52,3.56,Feni_Feni
2014-05-30,25.21,31.93,26.6,1.91,85.89,0.53,2.41,Feni_Feni
2014-05-31,57.89,30.45,26.68,2.15,89.14,0.62,1.97,Feni_Feni
2014-06-01,10.13,31.65,26.39,2.55,84.74,0.62,6.44,Feni_Feni
2014-06-02,9.57,32.1,26.36,2.33,84.72,0.61,6.45,Feni_Feni
2014-06-03,5.49,32.31,26.31,2.3,84.95,0.6,7.19,Feni_Feni
2014-06-04,4.36,32.88,26.65,2.35,84.77,0.59,7.39,Feni_Feni
2014-06-05,1.31,32.45,27.31,2.0,86.59,0.58,5.39,Feni_Feni
2014-06-06,0.1,33.4,26.91,2.21,85.61,0.57,7.84,Feni_Feni
2014-06-07,0.0,33.11,27.47,2.45,83.58,0.56,9.03,Feni_Feni
2014-06-08,0.13,32.62,27.45,3.17,85.15,0.55,5.4,Feni_Feni
2014-06-09,0.35,32.57,28.19,3.68,84.95,0.55,5.49,Feni_Feni
2014-06-10,35.28,32.97,27.59,3.12,86.16,0.56,4.84,Feni_Feni
2014-06-11,85.8,32.09,26.93,3.09,87.98,0.7,4.07,Feni_Feni
2014-06-12,19.96,33.09,26.67,2.35,87.3,0.72,6.04,Feni_Feni
2014-06-13,4.35,31.56,27.41,2.27,92.04,0.7,2.26,Feni_Feni
2014-06-14,2.09,33.31,27.47,1.76,85.81,0.69,4.54,Feni_Feni
2014-06-15,4.57,32.09,27.21,1.84,86.78,0.68,3.6,Feni_Feni
2014-06-16,5.42,31.39,27.27,2.03,88.69,0.68,3.31,Feni_Feni
2014-06-17,10.44,31.75,26.91,1.64,89.17,0.67,3.43,Feni_Feni
2014-06-18,38.29,29.62,27.13,2.61,91.69,0.71,1.75,Feni_Feni
2014-06-19,23.88,31.46,26.73,2.98,90.48,0.75,3.89,Feni_Feni
2014-06-20,49.0,29.46,27.27,4.59,93.87,0.77,0.82,Feni_Feni
2014-06-21,107.71,29.33,27.37,4.68,93.42,0.86,0.97,Feni_Feni
2014-06-22,74.57,29.29,27.29,4.25,94.13,0.94,0.7,Feni_Feni
2014-06-23,66.97,30.45,27.05,3.7,91.81,0.95,2.03,Feni_Feni
2014-06-24,17.24,29.0,26.45,3.28,92.07,0.95,1.21,Feni_Feni
2014-06-25,5.24,31.19,26.46,2.34,89.06,0.93,3.94,Feni_Feni
2014-06-26,14.97,30.37,26.44,3.28,91.52,0.93,2.64,Feni_Feni
2014-06-27,8.18,30.71,26.14,3.26,90.07,0.93,4.04,Feni_Feni
2014-06-28,14.2,31.34,26.06,3.08,90.22,0.92,3.92,Feni_Feni
2014-06-29,50.68,30.89,27.0,3.53,92.86,0.95,1.79,Feni_Feni
2014-06-30,20.49,30.67,27.05,2.61,93.01,0.96,1.52,Feni_Feni
2014-07-01,3.61,30.8,26.41,3.65,89.81,0.95,3.42,Feni_Feni
2014-07-02,9.35,30.1,25.84,4.23,92.73,0.95,1.93,Feni_Feni
2014-07-03,27.0,28.9,26.46,4.72,92.23,0.96,1.08,Feni_Feni
2014-07-04,32.46,29.94,26.62,5.43,91.3,0.97,2.21,Feni_Feni
2014-07-05,39.61,30.93,26.62,3.51,91.17,0.97,2.63,Feni_Feni
2014-07-06,21.14,31.5,26.17,2.6,90.2,0.98,3.42,Feni_Feni
2014-07-07,0.44,30.15,26.46,2.98,90.99,0.97,2.43,Feni_Feni
2014-07-08,0.89,30.79,26.82,3.0,91.49,0.96,2.65,Feni_Feni
2014-07-09,3.21,31.3,26.58,2.73,89.85,0.95,4.01,Feni_Feni
2014-07-10,2.17,31.38,26.72,2.56,88.55,0.94,4.45,Feni_Feni
2014-07-11,12.91,33.19,26.55,1.79,86.4,0.94,5.16,Feni_Feni
2014-07-12,1.62,33.16,27.25,2.09,89.12,0.93,4.27,Feni_Feni
2014-07-13,0.93,31.55,27.17,1.71,90.59,0.93,2.25,Feni_Feni
2014-07-14,3.75,31.3,26.8,3.49,91.2,0.92,3.15,Feni_Feni
2014-07-15,5.03,30.54,27.01,3.9,91.1,0.92,2.44,Feni_Feni
2014-07-16,10.42,30.84,26.43,4.68,90.36,0.92,2.93,Feni_Feni
2014-07-17,18.73,29.69,26.89,3.62,92.17,0.93,1.88,Feni_Feni
2014-07-18,6.37,30.74,26.85,3.0,91.45,0.93,2.78,Feni_Feni
2014-07-19,3.4,32.15,26.16,3.32,91.42,0.92,3.32,Feni_Feni
2014-07-20,11.21,32.08,27.08,3.7,89.67,0.92,3.96,Feni_Feni
2014-07-21,42.05,29.39,26.61,5.37,92.06,0.93,2.07,Feni_Feni
2014-07-22,16.01,29.8,26.03,3.95,92.57,0.95,1.85,Feni_Feni
2014-07-23,8.16,29.27,25.53,2.9,92.33,0.94,1.7,Feni_Feni
2014-07-24,9.37,30.84,25.65,2.35,89.67,0.94,3.35,Feni_Feni
2014-07-25,6.27,31.06,25.47,1.79,89.24,0.94,4.26,Feni_Feni
2014-07-26,15.46,31.95,25.97,1.69,88.89,0.94,4.38,Feni_Feni
2014-07-27,17.77,29.37,26.32,1.61,92.26,0.94,1.29,Feni_Feni
2014-07-28,7.0,31.56,25.68,2.03,90.65,0.94,3.37,Feni_Feni
2014-07-29,2.65,29.82,25.94,2.59,91.94,0.94,2.3,Feni_Feni
2014-07-30,1.52,31.45,25.94,2.3,90.49,0.93,4.34,Feni_Feni
2014-07-31,4.49,31.58,26.21,2.82,90.52,0.92,4.4,Feni_Feni
2014-08-01,5.01,31.05,26.38,2.4,91.25,0.92,3.7,Feni_Feni
2014-08-02,2.42,30.88,26.55,2.53,90.97,0.91,3.33,Feni_Feni
2014-08-03,3.57,29.96,25.56,3.73,91.11,0.91,3.09,Feni_Feni
2014-08-04,20.03,29.35,25.92,4.34,92.91,0.92,1.93,Feni_Feni
2014-08-05,15.67,30.8,26.24,3.78,90.88,0.92,3.63,Feni_Feni
2014-08-06,9.3,30.17,26.2,2.15,91.16,0.92,2.46,Feni_Feni
2014-08-07,9.42,30.89,25.75,1.99,90.65,0.92,3.21,Feni_Feni
2014-08-08,1.91,31.69,25.87,2.47,89.19,0.91,5.65,Feni_Feni
2014-08-09,2.97,30.63,26.45,3.3,89.59,0.91,4.49,Feni_Feni
2014-08-10,6.7,30.51,26.07,3.7,88.8,0.9,4.93,Feni_Feni
2014-08-11,14.22,30.7,25.74,3.46,88.71,0.9,4.65,Feni_Feni
2014-08-12,33.28,31.06,26.24,3.59,89.78,0.91,4.23,Feni_Feni
2014-08-13,56.38,31.29,26.72,3.89,90.83,0.95,3.26,Feni_Feni
2014-08-14,78.43,29.54,27.13,3.51,93.09,0.97,1.01,Feni_Feni
2014-08-15,43.83,29.93,26.69,3.66,93.01,1.0,1.28,Feni_Feni
2014-08-16,58.1,28.75,26.29,3.71,94.92,1.0,0.42,Feni_Feni
2014-08-17,9.45,28.85,25.7,2.12,93.46,0.99,0.78,Feni_Feni
2014-08-18,18.94,30.62,25.43,2.72,91.11,0.99,2.82,Feni_Feni
2014-08-19,7.55,30.9,25.83,2.62,90.49,0.98,2.86,Feni_Feni
2014-08-20,18.12,29.81,25.73,2.32,89.8,0.98,2.83,Feni_Feni
2014-08-21,9.49,30.79,25.59,3.24,92.11,0.98,2.03,Feni_Feni
2014-08-22,17.27,29.39,25.95,3.64,91.33,0.98,2.25,Feni_Feni
2014-08-23,10.64,30.38,25.89,3.31,90.65,0.98,3.03,Feni_Feni
2014-08-24,8.63,30.49,25.79,2.96,90.67,0.97,3.54,Feni_Feni
2014-08-25,8.4,30.24,25.6,2.39,90.73,0.97,3.48,Feni_Feni
2014-08-26,6.12,30.66,25.55,1.66,90.09,0.96,3.56,Feni_Feni
2014-08-27,8.74,29.21,25.44,1.28,91.25,0.96,1.76,Feni_Feni
2014-08-28,19.13,31.94,25.33,1.12,85.37,0.97,5.04,Feni_Feni
2014-08-29,4.31,31.7,25.75,1.17,87.86,0.96,4.83,Feni_Feni
2014-08-30,5.87,28.76,26.11,2.17,93.37,0.96,1.34,Feni_Feni
2014-08-31,18.29,28.41,25.44,3.27,93.12,0.96,1.16,Feni_Feni
2014-09-01,3.93,30.29,24.32,2.88,90.2,0.96,3.69,Feni_Feni
2014-09-02,1.52,29.51,25.24,2.5,91.37,0.95,3.39,Feni_Feni
2014-09-03,1.64,30.84,24.88,1.79,89.21,0.95,4.4,Feni_Feni
2014-09-04,4.01,30.35,25.62,2.05,91.43,0.94,2.82,Feni_Feni
2014-09-05,7.14,31.28,25.42,2.58,90.13,0.94,3.99,Feni_Feni
2014-09-06,0.28,31.15,24.63,2.6,89.28,0.93,5.63,Feni_Feni
2014-09-07,1.92,30.47,26.09,2.32,90.89,0.93,3.27,Feni_Feni
2014-09-08,6.28,30.47,25.42,2.47,89.1,0.92,4.47,Feni_Feni
2014-09-09,8.92,30.6,25.41,2.21,88.26,0.92,5.16,Feni_Feni
2014-09-10,1.1,30.53,25.31,1.96,87.99,0.91,5.14,Feni_Feni
2014-09-11,2.93,31.01,25.37,1.83,87.59,0.91,5.58,Feni_Feni
2014-09-12,8.85,30.15,25.49,1.79,89.57,0.91,3.65,Feni_Feni
2014-09-13,13.58,30.44,25.16,1.72,89.12,0.91,4.53,Feni_Feni
2014-09-14,3.59,31.49,25.37,1.55,87.17,0.91,6.32,Feni_Feni
2014-09-15,10.91,30.61,25.29,1.46,87.84,0.91,5.54,Feni_Feni
2014-09-16,2.27,31.77,24.67,1.17,85.51,0.9,7.26,Feni_Feni
2014-09-17,0.01,32.32,25.78,0.87,84.45,0.89,6.34,Feni_Feni
2014-09-18,11.16,31.07,26.13,1.42,89.84,0.89,2.78,Feni_Feni
2014-09-19,30.43,28.47,26.29,2.49,93.7,0.91,0.62,Feni_Feni
2014-09-20,70.27,29.32,24.9,3.71,92.15,0.96,1.75,Feni_Feni
2014-09-21,36.66,29.0,26.38,3.57,92.75,0.98,0.84,Feni_Feni
2014-09-22,40.67,30.19,25.94,3.5,91.07,0.98,2.57,Feni_Feni
2014-09-23,49.71,28.86,25.55,2.54,93.62,1.0,0.56,Feni_Feni
2014-09-24,3.4,30.45,24.85,1.66,88.98,0.99,3.18,Feni_Feni
2014-09-25,6.83,29.1,25.38,2.21,90.62,0.98,1.98,Feni_Feni
2014-09-26,10.89,29.36,25.22,2.58,91.55,0.98,1.72,Feni_Feni
2014-09-27,5.52,30.66,25.27,1.63,87.85,0.98,4.13,Feni_Feni
2014-09-28,0.17,32.02,24.48,0.89,79.7,0.97,7.99,Feni_Feni
2014-09-29,0.03,31.7,24.06,0.79,79.68,0.97,7.43,Feni_Feni
2014-09-30,0.11,32.08,25.74,0.52,79.12,0.96,7.57,Feni_Feni
2014-10-01,0.17,31.52,24.9,0.8,80.86,0.95,6.45,Feni_Feni
2014-10-02,1.23,31.98,25.83,0.67,81.59,0.95,7.3,Feni_Feni
2014-10-03,5.65,31.41,26.0,0.86,80.7,0.94,6.33,Feni_Feni
2014-10-04,0.07,31.57,25.38,0.84,79.96,0.94,6.5,Feni_Feni
2014-10-05,0.11,31.94,24.62,0.85,82.82,0.93,7.57,Feni_Feni
2014-10-06,3.65,32.28,25.49,0.83,83.17,0.92,6.84,Feni_Feni
2014-10-07,5.47,31.04,25.33,0.95,85.47,0.93,5.05,Feni_Feni
2014-10-08,0.19,31.88,25.26,0.67,78.54,0.92,8.15,Feni_Feni
2014-10-09,1.37,32.38,24.6,0.84,81.37,0.91,8.7,Feni_Feni
2014-10-10,4.05,31.65,25.06,1.05,84.3,0.91,7.21,Feni_Feni
2014-10-11,25.41,30.21,24.04,1.03,86.57,0.91,4.61,Feni_Feni
2014-10-12,24.5,30.03,24.39,1.0,87.22,0.93,3.29,Feni_Feni
2014-10-13,10.6,30.49,24.0,1.21,89.23,0.93,4.65,Feni_Feni
2014-10-14,3.51,28.78,24.58,1.47,91.85,0.93,2.02,Feni_Feni
2014-10-15,6.68,30.78,24.84,1.18,87.4,0.93,5.7,Feni_Feni
2014-10-16,3.56,29.09,25.02,0.81,88.0,0.93,2.08,Feni_Feni
2014-10-17,0.0,29.7,23.23,1.65,87.29,0.92,4.87,Feni_Feni
2014-10-18,0.0,28.82,21.81,1.44,83.64,0.92,5.5,Feni_Feni
2014-10-19,0.0,29.49,21.26,1.24,79.8,0.91,6.74,Feni_Feni
2014-10-20,0.0,29.22,20.04,1.5,78.64,0.9,6.28,Feni_Feni
2014-10-21,0.0,30.09,20.07,1.33,82.9,0.9,6.71,Feni_Feni
2014-10-22,0.0,30.13,21.17,1.18,82.16,0.89,6.97,Feni_Feni
2014-10-23,0.0,29.48,20.42,1.21,79.19,0.88,6.92,Feni_Feni
2014-10-24,0.0,29.08,20.58,1.13,76.43,0.88,7.12,Feni_Feni
2014-10-25,0.11,29.8,21.22,0.89,77.39,0.87,7.56,Feni_Feni
2014-10-26,0.03,27.74,21.9,0.93,83.39,0.86,2.66,Feni_Feni
2014-10-27,0.01,26.74,20.52,1.27,85.74,0.86,2.83,Feni_Feni
2014-10-28,2.74,26.12,20.33,0.68,79.74,0.86,3.28,Feni_Feni
2014-10-29,0.38,27.61,18.27,1.44,84.64,0.86,5.57,Feni_Feni
2014-10-30,0.0,28.38,18.36,1.46,82.57,0.85,6.19,Feni_Feni
2014-10-31,0.0,28.36,18.52,1.1,78.38,0.84,6.64,Feni_Feni
2014-11-01,0.0,28.28,20.7,1.09,76.61,0.84,6.12,Feni_Feni
2014-11-02,0.0,28.79,19.6,1.17,79.15,0.83,6.02,Feni_Feni
2014-11-03,0.0,28.61,19.51,1.13,83.82,0.83,6.46,Feni_Feni
2014-11-04,0.0,29.54,20.43,0.91,84.35,0.82,6.95,Feni_Feni
2014-11-05,0.0,29.5,22.04,1.11,82.4,0.82,6.39,Feni_Feni
2014-11-06,0.0,29.39,20.06,1.34,82.21,0.81,6.65,Feni_Feni
2014-11-07,0.0,30.16,19.73,1.18,81.61,0.8,6.57,Feni_Feni
2014-11-08,0.44,30.82,20.9,0.98,80.83,0.8,6.55,Feni_Feni
2014-11-09,0.13,31.17,24.74,0.76,85.25,0.8,5.93,Feni_Feni
2014-11-10,0.01,29.0,21.39,1.34,83.79,0.79,5.93,Feni_Feni
2014-11-11,0.0,27.4,18.74,1.24,80.95,0.79,4.33,Feni_Feni
2014-11-12,0.0,28.35,19.84,1.03,77.56,0.78,5.83,Feni_Feni
2014-11-13,0.0,28.79,19.74,1.28,80.11,0.78,5.29,Feni_Feni
2014-11-14,0.0,27.48,18.53,1.41,78.23,0.78,4.75,Feni_Feni
2014-11-15,0.0,26.77,16.74,1.07,71.26,0.77,5.01,Feni_Feni
2014-11-16,0.0,26.76,18.14,0.85,67.41,0.77,4.92,Feni_Feni
2014-11-17,0.0,26.99,18.46,0.66,70.0,0.77,4.59,Feni_Feni
2014-11-18,0.0,27.33,17.96,0.95,76.9,0.76,5.58,Feni_Feni
2014-11-19,0.0,27.09,17.68,1.11,78.8,0.76,5.68,Feni_Feni
2014-11-20,0.0,26.35,17.23,1.24,81.72,0.75,4.42,Feni_Feni
2014-11-21,0.0,25.81,17.01,1.32,78.3,0.75,4.19,Feni_Feni
2014-11-22,0.0,26.11,16.71,1.12,74.4,0.74,4.61,Feni_Feni
2014-11-23,0.0,26.07,16.44,0.89,67.15,0.74,4.45,Feni_Feni
2014-11-24,0.0,25.57,15.56,1.23,70.79,0.74,4.1,Feni_Feni
2014-11-25,0.0,25.45,13.67,1.31,74.61,0.73,4.36,Feni_Feni
2014-11-26,0.0,24.78,14.53,1.05,76.04,0.73,3.9,Feni_Feni
2014-11-27,0.0,24.52,15.96,0.84,70.07,0.73,3.72,Feni_Feni
2014-11-28,0.0,25.06,16.42,0.89,73.42,0.72,3.8,Feni_Feni
2014-11-29,0.0,25.2,15.54,0.86,71.09,0.72,3.92,Feni_Feni
2014-11-30,0.0,25.85,14.84,0.99,73.96,0.72,4.19,Feni_Feni
2014-12-01,0.0,26.21,15.43,0.84,75.41,0.71,4.38,Feni_Feni
2014-12-02,0.0,25.84,15.85,0.95,75.79,0.71,4.23,Feni_Feni
2014-12-03,0.0,25.53,16.55,0.65,74.11,0.71,4.31,Feni_Feni
2014-12-04,0.0,26.05,17.22,0.54,75.37,0.7,4.46,Feni_Feni
2014-12-05,0.0,26.66,16.97,0.55,74.94,0.7,5.04,Feni_Feni
2014-12-06,0.0,26.12,17.55,0.75,77.51,0.7,4.86,Feni_Feni
2014-12-07,0.0,25.5,15.3,1.42,84.07,0.69,4.14,Feni_Feni
2014-12-08,0.0,24.28,13.21,1.3,75.52,0.69,3.89,Feni_Feni
2014-12-09,0.0,24.36,13.49,0.92,72.78,0.69,4.09,Feni_Feni
2014-12-10,0.0,23.69,12.83,1.18,74.71,0.68,3.51,Feni_Feni
2014-12-11,0.02,23.67,12.38,1.39,76.02,0.68,3.56,Feni_Feni
2014-12-12,1.06,22.05,11.29,1.74,82.27,0.68,2.86,Feni_Feni
2014-12-13,0.0,23.14,11.43,1.44,83.12,0.68,3.1,Feni_Feni
2014-12-14,0.0,24.23,14.41,0.98,83.16,0.67,3.28,Feni_Feni
2014-12-15,0.0,25.88,15.69,1.01,80.14,0.67,4.15,Feni_Feni
2014-12-16,0.0,25.25,14.95,1.41,78.09,0.67,4.16,Feni_Feni
2014-12-17,0.0,24.15,13.91,2.18,82.86,0.66,3.55,Feni_Feni
2014-12-18,0.0,22.0,9.5,1.79,77.28,0.66,3.22,Feni_Feni
2014-12-19,0.0,23.61,9.91,1.62,79.75,0.65,3.44,Feni_Feni
2014-12-20,0.0,24.26,12.28,1.23,78.24,0.65,3.7,Feni_Feni
2014-12-21,0.0,23.98,13.53,0.96,74.06,0.65,3.97,Feni_Feni
2014-12-22,0.0,23.82,12.97,1.08,75.42,0.65,3.75,Feni_Feni
2014-12-23,0.0,23.9,12.4,1.21,76.58,0.64,3.79,Feni_Feni
2014-12-24,0.0,24.41,12.9,1.19,77.36,0.64,3.86,Feni_Feni
2014-12-25,0.0,24.02,12.05,1.42,81.65,0.64,3.56,Feni_Feni
2014-12-26,0.0,22.62,10.2,1.53,78.98,0.63,3.21,Feni_Feni
2014-12-27,0.0,22.14,8.77,1.46,77.94,0.63,3.19,Feni_Feni
2014-12-28,0.0,23.53,9.2,1.52,77.06,0.63,3.37,Feni_Feni
2014-12-29,0.0,21.1,10.11,1.26,79.1,0.62,1.53,Feni_Feni
2014-12-30,0.0,22.36,11.96,1.19,76.04,0.62,2.05,Feni_Feni
2014-12-31,0.03,22.62,15.0,1.05,76.2,0.62,1.92,Feni_Feni
2015-01-01,1.39,23.63,16.5,1.39,85.85,0.62,1.61,Feni_Feni
2015-01-02,0.01,27.9,17.94,1.0,81.47,0.62,4.05,Feni_Feni
2015-01-03,0.01,27.7,19.58,0.8,78.46,0.61,4.09,Feni_Feni
2015-01-04,0.04,27.19,18.43,1.34,83.64,0.61,4.18,Feni_Feni
2015-01-05,0.0,24.42,15.42,1.49,81.85,0.61,3.88,Feni_Feni
2015-01-06,0.0,22.65,12.12,1.42,74.87,0.6,3.63,Feni_Feni
2015-01-07,0.0,21.83,11.01,1.32,73.79,0.6,2.45,Feni_Feni
2015-01-08,0.0,22.37,11.52,1.07,67.14,0.6,2.76,Feni_Feni
2015-01-09,0.0,22.77,13.36,0.74,63.51,0.6,2.67,Feni_Feni
2015-01-10,0.0,23.02,12.92,1.09,74.19,0.59,3.0,Feni_Feni
2015-01-11,0.0,22.91,9.81,1.65,72.49,0.59,3.27,Feni_Feni
2015-01-12,0.0,23.28,9.21,1.35,70.42,0.59,3.24,Feni_Feni
2015-01-13,0.0,24.92,10.47,1.17,69.97,0.58,3.72,Feni_Feni
2015-01-14,0.0,25.49,12.83,0.88,68.7,0.58,4.24,Feni_Feni
2015-01-15,0.0,25.68,13.52,0.94,64.33,0.58,4.32,Feni_Feni
2015-01-16,0.03,25.2,14.1,0.96,59.58,0.57,4.03,Feni_Feni
2015-01-17,1.08,25.06,15.2,1.24,68.76,0.57,3.06,Feni_Feni
2015-01-18,0.0,23.46,12.18,1.57,73.94,0.57,3.35,Feni_Feni
2015-01-19,0.0,22.68,10.56,1.06,71.57,0.57,3.48,Feni_Feni
2015-01-20,0.0,23.68,9.82,1.5,74.55,0.56,3.4,Feni_Feni
2015-01-21,0.0,24.33,10.17,1.29,71.11,0.56,3.71,Feni_Feni
2015-01-22,0.0,25.15,12.51,1.0,66.29,0.55,3.85,Feni_Feni
2015-01-23,0.0,24.52,12.67,1.01,66.29,0.55,3.64,Feni_Feni
2015-01-24,0.0,25.21,14.72,1.23,65.94,0.55,3.97,Feni_Feni
2015-01-25,0.0,24.96,12.83,1.57,68.01,0.54,4.1,Feni_Feni
2015-01-26,0.0,24.52,10.64,1.64,60.48,0.54,3.88,Feni_Feni
2015-01-27,0.0,25.01,11.62,1.41,61.05,0.54,3.74,Feni_Feni
2015-01-28,0.0,26.97,13.33,1.51,71.41,0.53,3.83,Feni_Feni
2015-01-29,0.0,27.14,14.06,1.57,72.61,0.53,3.98,Feni_Feni
2015-01-30,0.0,25.13,13.5,1.8,77.48,0.53,3.11,Feni_Feni
2015-01-31,0.0,23.22,11.18,1.88,64.78,0.52,3.32,Feni_Feni
2015-02-01,0.0,23.41,9.07,1.77,60.11,0.52,2.89,Feni_Feni
2015-02-02,0.0,24.79,9.28,1.53,61.85,0.52,3.17,Feni_Feni
2015-02-03,0.0,26.55,11.54,1.26,59.29,0.51,3.33,Feni_Feni
2015-02-04,0.0,27.11,14.66,0.96,53.51,0.51,3.13,Feni_Feni
2015-02-05,0.0,27.13,15.52,1.09,52.16,0.51,2.63,Feni_Feni
2015-02-06,0.0,26.46,14.15,1.51,57.08,0.51,2.73,Feni_Feni
2015-02-07,0.0,24.01,12.57,1.35,51.64,0.5,1.85,Feni_Feni
2015-02-08,0.0,23.6,12.37,1.07,52.17,0.5,1.26,Feni_Feni
2015-02-09,0.0,26.35,14.28,1.13,56.84,0.5,1.98,Feni_Feni
2015-02-10,0.0,27.05,14.92,1.59,61.71,0.5,2.1,Feni_Feni
2015-02-11,0.0,26.09,14.48,1.61,58.57,0.49,2.19,Feni_Feni
2015-02-12,0.0,26.45,14.23,1.24,46.68,0.49,2.36,Feni_Feni
2015-02-13,0.0,27.08,15.27,1.16,58.02,0.49,2.45,Feni_Feni
2015-02-14,0.0,26.75,15.32,1.18,71.83,0.49,2.46,Feni_Feni
2015-02-15,0.73,26.9,15.94,1.04,70.55,0.48,2.06,Feni_Feni
2015-02-16,0.02,28.36,15.65,0.82,62.66,0.48,2.55,Feni_Feni
2015-02-17,0.0,29.08,15.43,0.91,56.15,0.48,2.58,Feni_Feni
2015-02-18,0.24,29.1,16.64,1.2,71.91,0.48,2.35,Feni_Feni
2015-02-19,6.7,27.71,18.45,1.19,76.22,0.48,2.04,Feni_Feni
2015-02-20,0.68,29.36,17.62,0.94,68.21,0.48,2.63,Feni_Feni
2015-02-21,0.18,29.44,16.95,1.33,70.16,0.48,2.58,Feni_Feni
2015-02-22,2.94,29.81,17.87,1.29,72.97,0.48,2.34,Feni_Feni
2015-02-23,0.01,30.91,18.2,1.29,72.26,0.47,2.8,Feni_Feni
2015-02-24,0.0,31.36,18.83,1.43,71.54,0.47,2.71,Feni_Feni
2015-02-25,0.0,31.21,18.51,1.75,74.75,0.47,2.43,Feni_Feni
2015-02-26,0.0,30.43,19.13,1.93,77.23,0.46,2.2,Feni_Feni
2015-02-27,0.0,30.93,19.05,2.39,75.61,0.46,2.15,Feni_Feni
2015-02-28,0.0,31.84,19.55,1.34,71.07,0.46,2.18,Feni_Feni
2015-03-01,0.0,33.85,20.49,1.02,64.65,0.45,2.42,Feni_Feni
2015-03-02,0.0,34.14,20.08,1.42,59.78,0.45,2.35,Feni_Feni
2015-03-03,0.21,32.11,19.02,1.79,54.43,0.45,2.03,Feni_Feni
2015-03-04,6.5,28.05,18.84,1.72,68.99,0.45,0.88,Feni_Feni
2015-03-05,8.14,30.11,18.94,1.41,60.28,0.47,2.15,Feni_Feni
2015-03-06,0.0,30.19,14.5,2.05,49.88,0.46,2.6,Feni_Feni
2015-03-07,0.0,30.48,14.31,2.03,45.79,0.46,2.33,Feni_Feni
2015-03-08,0.0,31.86,15.06,2.05,45.54,0.45,2.21,Feni_Feni
2015-03-09,0.0,33.45,15.38,1.96,44.87,0.45,2.24,Feni_Feni
2015-03-10,0.0,34.29,18.57,1.74,39.74,0.44,2.09,Feni_Feni
2015-03-11,0.0,33.74,16.77,2.26,41.95,0.44,1.97,Feni_Feni
2015-03-12,0.0,33.9,13.71,2.16,35.01,0.43,1.84,Feni_Feni
2015-03-13,0.0,33.73,14.87,1.79,34.11,0.43,1.63,Feni_Feni
2015-03-14,0.0,35.26,19.98,1.33,50.14,0.43,1.56,Feni_Feni
2015-03-15,0.0,35.5,19.92,1.53,51.56,0.42,1.53,Feni_Feni
2015-03-16,0.0,35.85,21.18,2.56,45.68,0.42,1.5,Feni_Feni
2015-03-17,0.0,34.7,20.83,2.11,46.44,0.42,1.32,Feni_Feni
2015-03-18,0.0,34.91,22.59,1.05,48.01,0.41,1.22,Feni_Feni
2015-03-19,0.0,34.99,21.16,1.82,45.93,0.41,1.21,Feni_Feni
2015-03-20,0.0,34.36,18.92,1.93,37.36,0.41,1.21,Feni_Feni
2015-03-21,0.0,35.66,17.42,1.91,34.19,0.41,1.11,Feni_Feni
2015-03-22,0.0,35.78,20.0,1.35,33.49,0.4,1.11,Feni_Feni
2015-03-23,0.0,36.67,19.8,1.4,45.81,0.4,1.02,Feni_Feni
2015-03-24,0.0,36.13,20.87,1.64,62.72,0.4,0.92,Feni_Feni
2015-03-25,2.12,35.33,22.42,1.89,65.93,0.4,0.77,Feni_Feni
2015-03-26,6.03,33.55,21.98,1.58,67.4,0.41,0.92,Feni_Feni
2015-03-27,0.0,34.97,21.83,1.71,64.1,0.41,1.05,Feni_Feni
2015-03-28,0.23,34.01,22.17,1.89,65.57,0.41,0.83,Feni_Feni
2015-03-29,0.17,34.35,23.61,1.74,62.61,0.4,0.84,Feni_Feni
2015-03-30,0.36,34.77,23.12,2.06,66.65,0.4,0.83,Feni_Feni
2015-03-31,6.87,29.35,23.67,1.67,80.59,0.41,0.3,Feni_Feni
2015-04-01,1.63,33.73,22.26,2.73,70.64,0.41,1.04,Feni_Feni
2015-04-02,15.94,31.99,23.33,3.5,77.4,0.42,1.01,Feni_Feni
2015-04-03,11.93,33.08,24.29,3.07,78.14,0.45,1.7,Feni_Feni
2015-04-04,4.46,32.7,25.1,4.13,76.63,0.45,1.76,Feni_Feni
2015-04-05,15.5,31.62,24.16,2.82,81.34,0.46,1.49,Feni_Feni
2015-04-06,28.51,31.19,23.56,1.5,84.25,0.49,2.55,Feni_Feni
2015-04-07,11.25,31.9,22.62,1.34,81.34,0.51,3.56,Feni_Feni
2015-04-08,7.32,32.59,23.28,1.2,75.41,0.51,4.92,Feni_Feni
2015-04-09,0.01,33.29,22.77,1.85,76.12,0.49,4.26,Feni_Feni
2015-04-10,0.17,34.27,23.14,2.07,73.66,0.48,4.35,Feni_Feni
2015-04-11,0.56,34.14,22.8,1.81,72.46,0.47,3.72,Feni_Feni
2015-04-12,0.38,33.59,24.34,1.02,70.22,0.47,2.28,Feni_Feni
2015-04-13,0.56,33.92,24.69,1.37,65.54,0.47,2.31,Feni_Feni
2015-04-14,0.44,31.48,23.53,1.07,69.91,0.46,1.31,Feni_Feni
2015-04-15,0.0,32.44,25.06,1.23,69.32,0.46,1.5,Feni_Feni
2015-04-16,0.0,34.38,23.7,1.35,60.39,0.46,2.13,Feni_Feni
2015-04-17,0.15,33.97,24.63,1.6,60.1,0.45,2.07,Feni_Feni
2015-04-18,10.94,32.53,23.51,2.69,75.28,0.46,1.96,Feni_Feni
2015-04-19,5.79,33.47,24.26,2.54,75.89,0.47,3.17,Feni_Feni
2015-04-20,0.84,34.61,24.89,2.21,70.77,0.47,3.38,Feni_Feni
2015-04-21,1.57,34.38,24.88,3.7,75.71,0.46,2.67,Feni_Feni
2015-04-22,9.57,32.32,26.08,4.09,79.33,0.46,1.78,Feni_Feni
2015-04-23,21.83,30.73,25.32,3.69,85.64,0.5,2.11,Feni_Feni
2015-04-24,13.98,29.56,23.21,2.6,85.72,0.52,2.5,Feni_Feni
2015-04-25,3.11,29.42,22.9,1.9,78.45,0.52,3.18,Feni_Feni
2015-04-26,2.13,30.82,22.93,1.21,71.78,0.51,3.91,Feni_Feni
2015-04-27,3.11,31.3,23.16,1.37,74.63,0.5,3.83,Feni_Feni
2015-04-28,2.55,32.1,22.94,1.34,73.97,0.5,4.35,Feni_Feni
2015-04-29,5.24,31.17,23.47,2.42,79.94,0.5,3.09,Feni_Feni
2015-04-30,6.52,31.84,23.63,2.55,83.18,0.5,3.07,Feni_Feni
2015-05-01,11.48,31.85,24.78,2.28,83.14,0.51,4.02,Feni_Feni
2015-05-02,1.59,30.79,24.99,2.43,85.17,0.51,2.73,Feni_Feni
2015-05-03,1.18,32.79,24.28,1.73,80.1,0.51,4.0,Feni_Feni
2015-05-04,0.02,34.15,24.55,1.43,75.5,0.5,4.72,Feni_Feni
2015-05-05,0.01,33.3,25.22,1.61,77.21,0.49,3.17,Feni_Feni
2015-05-06,0.21,32.93,24.65,1.62,77.07,0.49,3.06,Feni_Feni
2015-05-07,2.94,32.79,24.94,1.93,78.88,0.49,2.4,Feni_Feni
2015-05-08,3.95,32.86,24.03,1.22,74.29,0.49,3.44,Feni_Feni
2015-05-09,0.79,33.57,23.48,2.18,77.5,0.48,3.81,Feni_Feni
2015-05-10,12.9,31.69,25.86,2.03,85.57,0.49,1.96,Feni_Feni
2015-05-11,28.02,29.26,25.71,1.44,89.79,0.53,1.03,Feni_Feni
2015-05-12,6.36,31.41,25.02,1.76,87.76,0.55,4.37,Feni_Feni
2015-05-13,0.56,33.31,24.68,1.74,80.52,0.54,7.45,Feni_Feni
2015-05-14,0.02,33.15,25.24,2.04,82.67,0.52,5.5,Feni_Feni
2015-05-15,3.39,33.06,26.25,2.09,84.14,0.52,3.86,Feni_Feni
2015-05-16,4.03,31.88,25.99,1.54,83.51,0.52,3.32,Feni_Feni
2015-05-17,11.32,31.76,26.22,1.33,83.6,0.53,3.05,Feni_Feni
2015-05-18,6.93,32.54,25.33,2.24,80.59,0.54,6.96,Feni_Feni
2015-05-19,0.01,33.57,25.12,2.2,79.61,0.53,7.23,Feni_Feni
2015-05-20,0.01,34.67,25.65,1.26,73.81,0.52,6.59,Feni_Feni
2015-05-21,0.17,32.56,26.86,1.71,80.83,0.51,3.34,Feni_Feni
2015-05-22,0.67,34.49,26.46,2.71,80.0,0.5,5.22,Feni_Feni
2015-05-23,12.03,34.06,27.18,3.67,84.33,0.5,3.54,Feni_Feni
2015-05-24,33.72,30.78,26.88,3.77,90.53,0.56,2.11,Feni_Feni
2015-05-25,0.74,31.08,26.64,3.68,86.39,0.56,4.85,Feni_Feni
2015-05-26,1.23,31.82,26.19,2.9,85.85,0.55,5.74,Feni_Feni
2015-05-27,3.28,31.68,26.05,2.79,87.09,0.54,4.35,Feni_Feni
2015-05-28,3.03,30.6,26.47,3.12,88.14,0.54,3.24,Feni_Feni
2015-05-29,2.57,32.48,26.62,2.94,84.86,0.54,5.61,Feni_Feni
2015-05-30,7.45,31.22,27.26,1.95,88.34,0.54,2.46,Feni_Feni
2015-05-31,1.47,32.12,26.9,2.6,84.69,0.54,4.28,Feni_Feni
2015-06-01,0.7,31.42,27.1,2.7,85.81,0.54,2.95,Feni_Feni
2015-06-02,0.59,33.06,26.69,2.5,82.43,0.53,5.67,Feni_Feni
2015-06-03,1.62,33.48,26.75,1.99,82.96,0.53,4.49,Feni_Feni
2015-06-04,0.6,33.79,26.71,1.43,80.53,0.52,5.01,Feni_Feni
2015-06-05,5.85,33.41,26.31,2.0,81.88,0.52,4.99,Feni_Feni
2015-06-06,4.01,32.09,26.85,2.91,84.11,0.52,4.11,Feni_Feni
2015-06-07,1.43,31.2,27.14,2.68,85.3,0.52,2.49,Feni_Feni
2015-06-08,0.54,32.75,27.14,3.11,83.04,0.52,3.99,Feni_Feni
2015-06-09,0.91,32.91,27.58,4.02,82.85,0.51,3.79,Feni_Feni
2015-06-10,11.42,31.6,27.45,3.83,86.91,0.52,2.29,Feni_Feni
2015-06-11,25.38,30.05,27.33,3.34,91.7,0.55,1.31,Feni_Feni
2015-06-12,24.43,29.9,26.23,2.69,91.31,0.59,1.25,Feni_Feni
2015-06-13,9.29,30.37,26.16,3.15,87.01,0.6,4.02,Feni_Feni
2015-06-14,14.43,30.8,25.69,2.39,87.33,0.6,5.1,Feni_Feni
2015-06-15,18.8,29.44,26.26,2.74,90.39,0.62,2.09,Feni_Feni
2015-06-16,21.29,29.17,25.94,2.54,92.07,0.64,1.31,Feni_Feni
2015-06-17,11.41,30.14,25.9,1.6,89.05,0.65,2.56,Feni_Feni
2015-06-18,0.72,30.71,25.59,1.4,87.98,0.64,3.45,Feni_Feni
2015-06-19,0.93,32.15,26.0,2.07,85.28,0.63,7.39,Feni_Feni
2015-06-20,3.22,31.23,26.48,3.19,87.77,0.62,4.54,Feni_Feni
2015-06-21,17.4,31.72,25.66,3.77,87.0,0.63,6.33,Feni_Feni
2015-06-22,46.38,31.76,26.55,4.26,87.81,0.65,5.17,Feni_Feni
2015-06-23,58.43,30.53,26.78,4.83,89.75,0.74,3.18,Feni_Feni
2015-06-24,72.7,31.59,26.92,3.38,89.54,0.8,3.78,Feni_Feni
2015-06-25,31.19,31.93,27.3,2.35,90.5,0.83,3.04,Feni_Feni
2015-06-26,82.57,30.24,26.6,3.44,92.11,0.88,1.52,Feni_Feni
2015-06-27,34.52,29.12,26.41,4.14,91.02,0.9,1.98,Feni_Feni
2015-06-28,6.96,30.6,25.95,3.15,88.38,0.88,4.17,Feni_Feni
2015-06-29,2.77,30.37,25.07,3.04,87.37,0.86,5.34,Feni_Feni
2015-06-30,0.73,31.57,24.97,3.15,87.96,0.85,5.66,Feni_Feni
2015-07-01,3.92,31.05,25.32,2.86,88.28,0.84,5.74,Feni_Feni
2015-07-02,24.87,30.97,26.01,3.3,90.34,0.85,4.42,Feni_Feni
2015-07-03,13.97,31.68,26.5,2.98,89.96,0.86,4.76,Feni_Feni
2015-07-04,1.8,31.88,26.31,2.77,89.43,0.85,5.37,Feni_Feni
2015-07-05,3.24,32.2,26.93,1.76,89.28,0.84,4.05,Feni_Feni
2015-07-06,5.05,30.77,26.82,1.86,91.31,0.84,2.3,Feni_Feni
2015-07-07,23.97,30.62,26.58,1.57,91.4,0.85,1.71,Feni_Feni
2015-07-08,40.02,29.23,26.49,3.09,95.3,0.88,0.65,Feni_Feni
2015-07-09,123.2,29.58,26.19,3.9,92.73,0.94,1.49,Feni_Feni
2015-07-10,7.29,32.36,25.01,3.25,87.92,0.95,4.44,Feni_Feni
2015-07-11,7.23,30.32,24.75,2.37,91.73,0.93,2.33,Feni_Feni
2015-07-12,1.78,31.61,25.73,2.13,88.29,0.92,5.0,Feni_Feni
2015-07-13,3.06,32.09,25.35,1.97,88.48,0.92,5.31,Feni_Feni
2015-07-14,4.47,32.05,26.46,2.34,90.89,0.91,4.07,Feni_Feni
2015-07-15,29.32,30.52,27.21,3.33,92.61,0.92,1.86,Feni_Feni
2015-07-16,51.24,29.49,26.57,2.49,93.2,0.95,1.24,Feni_Feni
2015-07-17,40.12,28.45,26.43,3.36,93.92,0.97,0.8,Feni_Feni
2015-07-18,60.0,28.7,26.04,3.34,94.22,0.98,0.61,Feni_Feni
2015-07-19,46.43,28.85,26.09,2.97,93.26,1.0,0.92,Feni_Feni
2015-07-20,9.92,30.07,25.49,2.73,91.03,0.99,2.41,Feni_Feni
2015-07-21,19.15,29.24,25.89,2.77,92.19,0.99,1.31,Feni_Feni
2015-07-22,15.84,28.98,25.41,2.96,93.03,0.99,1.17,Feni_Feni
2015-07-23,23.07,29.69,26.03,3.82,92.87,0.98,1.51,Feni_Feni
2015-07-24,69.33,28.01,25.83,3.49,95.2,1.0,0.36,Feni_Feni
2015-07-25,125.36,27.54,26.0,5.34,95.48,1.0,0.2,Feni_Feni
2015-07-26,56.3,28.62,25.35,3.16,93.67,1.0,0.49,Feni_Feni
2015-07-27,59.78,27.69,24.9,5.96,95.19,1.0,0.17,Feni_Feni
2015-07-28,39.89,29.14,25.77,3.79,91.69,1.0,1.12,Feni_Feni
2015-07-29,15.96,30.73,24.87,3.22,91.47,1.0,1.21,Feni_Feni
2015-07-30,30.02,28.08,25.01,5.89,93.76,0.99,0.31,Feni_Feni
2015-07-31,44.21,28.56,25.8,6.03,93.65,1.0,0.56,Feni_Feni
2015-08-01,32.74,28.38,25.58,5.08,92.57,1.0,0.99,Feni_Feni
2015-08-02,2.89,28.1,24.88,3.31,91.8,0.99,1.19,Feni_Feni
2015-08-03,3.06,29.72,24.55,2.59,89.98,0.99,2.92,Feni_Feni
2015-08-04,1.32,30.4,24.78,2.37,90.42,0.98,3.2,Feni_Feni
2015-08-05,3.46,30.54,25.33,2.22,90.59,0.97,3.3,Feni_Feni
2015-08-06,1.28,30.58,25.81,1.69,90.28,0.97,2.8,Feni_Feni
2015-08-07,10.26,30.85,26.43,1.64,90.11,0.97,2.37,Feni_Feni
2015-08-08,0.82,31.47,26.23,1.32,88.52,0.96,3.67,Feni_Feni
2015-08-09,1.68,30.55,25.35,1.7,88.25,0.96,4.07,Feni_Feni
2015-08-10,3.76,31.51,25.34,1.41,87.49,0.95,3.77,Feni_Feni
2015-08-11,21.46,29.72,26.71,1.31,90.94,0.96,1.47,Feni_Feni
2015-08-12,2.01,30.81,25.92,2.1,91.1,0.95,3.12,Feni_Feni
2015-08-13,4.8,30.1,26.24,2.59,91.79,0.95,2.12,Feni_Feni
2015-08-14,11.89,31.21,26.09,2.5,90.92,0.95,3.12,Feni_Feni
2015-08-15,13.67,30.73,26.64,2.73,91.88,0.95,2.86,Feni_Feni
2015-08-16,20.4,29.93,26.33,3.55,92.06,0.95,2.21,Feni_Feni
2015-08-17,41.73,30.15,26.09,3.81,91.88,0.97,2.32,Feni_Feni
2015-08-18,27.69,30.75,26.22,3.43,91.21,0.97,2.86,Feni_Feni
2015-08-19,26.54,31.29,26.14,3.37,91.23,0.98,3.32,Feni_Feni
2015-08-20,23.98,30.77,26.95,2.25,92.6,0.98,1.86,Feni_Feni
2015-08-21,23.34,29.52,25.59,1.51,91.94,0.99,1.51,Feni_Feni
2015-08-22,2.82,31.07,25.17,1.89,89.23,0.98,4.0,Feni_Feni
2015-08-23,11.5,30.0,25.87,2.0,91.55,0.97,2.56,Feni_Feni
2015-08-24,0.13,31.02,25.69,2.17,90.02,0.97,4.29,Feni_Feni
2015-08-25,1.07,29.37,26.13,1.94,91.99,0.96,1.9,Feni_Feni
2015-08-26,0.93,29.25,25.57,1.92,91.37,0.96,2.27,Feni_Feni
2015-08-27,5.35,29.57,25.77,2.6,91.88,0.95,1.75,Feni_Feni
2015-08-28,15.16,29.89,25.08,3.48,91.71,0.95,2.44,Feni_Feni
2015-08-29,21.38,30.51,25.99,3.63,90.61,0.96,3.3,Feni_Feni
2015-08-30,19.8,30.43,25.92,3.55,92.37,0.96,2.36,Feni_Feni
2015-08-31,62.36,29.01,26.81,3.55,94.77,0.98,0.59,Feni_Feni
2015-09-01,25.29,29.07,26.54,2.02,94.99,0.99,0.47,Feni_Feni
2015-09-02,18.02,29.01,25.49,2.26,93.73,0.99,1.05,Feni_Feni
2015-09-03,23.03,29.1,25.86,2.62,91.44,0.99,1.79,Feni_Feni
2015-09-04,4.43,30.85,25.32,1.82,90.45,0.99,3.69,Feni_Feni
2015-09-05,3.6,30.1,25.02,1.44,90.55,0.98,2.34,Feni_Feni
2015-09-06,2.12,31.02,25.35,1.57,89.7,0.98,4.26,Feni_Feni
2015-09-07,10.56,30.52,25.68,1.97,91.79,0.97,2.24,Feni_Feni
2015-09-08,5.16,31.04,24.99,1.56,88.28,0.97,4.57,Feni_Feni
2015-09-09,0.5,32.15,25.92,1.15,86.97,0.97,5.09,Feni_Feni
2015-09-10,12.51,29.13,26.57,1.58,93.73,0.97,0.74,Feni_Feni
2015-09-11,11.95,31.07,26.31,0.99,85.68,0.97,2.03,Feni_Feni
2015-09-12,7.4,33.22,26.03,0.87,81.17,0.97,7.59,Feni_Feni
2015-09-13,24.32,30.72,26.01,1.12,89.07,0.97,1.21,Feni_Feni
2015-09-14,6.14,30.12,25.94,1.62,90.58,0.97,2.54,Feni_Feni
2015-09-15,4.39,31.27,26.37,2.19,89.69,0.97,4.43,Feni_Feni
2015-09-16,2.8,31.31,26.04,1.86,89.97,0.96,4.56,Feni_Feni
2015-09-17,0.03,32.85,26.21,0.8,83.89,0.95,6.52,Feni_Feni
2015-09-18,3.08,34.33,26.01,1.05,83.27,0.95,6.19,Feni_Feni
2015-09-19,27.81,28.29,26.11,2.84,93.93,0.95,0.91,Feni_Feni
2015-09-20,44.09,28.45,25.91,4.1,93.72,0.97,0.71,Feni_Feni
2015-09-21,55.35,30.06,26.21,3.75,91.71,0.99,1.98,Feni_Feni
2015-09-22,29.44,30.11,26.34,2.66,92.32,1.0,1.68,Feni_Feni
2015-09-23,37.27,30.43,26.67,2.77,90.97,0.99,2.53,Feni_Feni
2015-09-24,13.23,30.16,25.85,1.97,91.07,1.0,2.98,Feni_Feni
2015-09-25,0.26,30.97,25.23,1.35,87.34,0.99,5.65,Feni_Feni
2015-09-26,0.0,31.66,24.59,1.05,80.41,0.98,6.99,Feni_Feni
2015-09-27,0.0,31.52,24.71,0.8,75.4,0.97,7.87,Feni_Feni
2015-09-28,0.0,31.29,24.18,1.09,78.74,0.96,7.02,Feni_Feni
2015-09-29,0.0,31.96,24.19,1.22,83.77,0.96,6.39,Feni_Feni
2015-09-30,0.78,31.29,25.6,1.03,80.45,0.95,3.81,Feni_Feni
2015-10-01,2.16,32.12,25.68,0.92,82.56,0.95,4.38,Feni_Feni
2015-10-02,3.04,30.33,26.5,1.41,90.93,0.94,1.5,Feni_Feni
2015-10-03,4.55,30.07,25.72,1.1,89.34,0.94,2.69,Feni_Feni
2015-10-04,2.93,30.93,25.46,0.79,85.41,0.94,3.46,Feni_Feni
2015-10-05,11.65,32.16,26.12,0.62,82.41,0.95,2.2,Feni_Feni
2015-10-06,5.8,30.88,26.4,0.71,82.36,0.94,4.43,Feni_Feni
2015-10-07,44.23,28.43,25.36,1.38,91.52,0.96,0.54,Feni_Feni
2015-10-08,63.22,27.94,24.82,2.8,95.22,0.98,0.36,Feni_Feni
2015-10-09,21.59,30.07,24.95,3.3,91.41,0.99,2.42,Feni_Feni
2015-10-10,9.98,30.97,25.29,1.48,87.74,0.99,4.56,Feni_Feni
2015-10-11,7.95,30.37,24.51,1.22,85.6,0.98,4.93,Feni_Feni
2015-10-12,11.03,29.45,23.55,1.48,87.22,0.98,4.29,Feni_Feni
2015-10-13,15.31,27.7,23.94,1.3,88.03,0.98,1.83,Feni_Feni
2015-10-14,7.77,28.42,23.42,1.56,87.71,0.98,3.46,Feni_Feni
2015-10-15,1.0,29.34,23.79,1.23,85.08,0.97,5.04,Feni_Feni
2015-10-16,0.09,30.21,23.55,0.81,81.21,0.97,7.43,Feni_Feni
2015-10-17,0.0,30.43,23.45,0.88,81.18,0.96,7.01,Feni_Feni
2015-10-18,0.0,30.22,22.92,1.19,82.08,0.95,6.45,Feni_Feni
2015-10-19,0.0,30.25,22.5,1.06,82.51,0.95,6.82,Feni_Feni
2015-10-20,0.0,30.36,22.27,1.1,81.1,0.94,7.11,Feni_Feni
2015-10-21,0.0,29.93,22.6,0.96,77.67,0.93,6.8,Feni_Feni
2015-10-22,0.0,30.02,22.61,0.7,75.21,0.92,6.89,Feni_Feni
2015-10-23,0.29,30.09,22.38,0.6,77.74,0.92,6.66,Feni_Feni
2015-10-24,0.0,29.75,21.5,1.02,81.36,0.91,6.12,Feni_Feni
2015-10-25,0.0,28.94,20.88,1.27,82.43,0.91,6.25,Feni_Feni
2015-10-26,0.0,29.34,20.2,1.18,79.99,0.9,6.7,Feni_Feni
2015-10-27,0.0,28.7,19.69,1.18,79.61,0.89,6.56,Feni_Feni
2015-10-28,0.0,27.94,19.6,1.02,75.73,0.89,6.22,Feni_Feni
2015-10-29,0.0,28.74,22.01,0.7,76.38,0.88,5.49,Feni_Feni
2015-10-30,0.67,28.45,21.96,0.94,82.95,0.88,4.54,Feni_Feni
2015-10-31,2.44,25.87,22.02,1.47,89.4,0.88,1.62,Feni_Feni
2015-11-01,2.47,26.05,20.57,1.49,89.7,0.87,1.81,Feni_Feni
2015-11-02,2.67,27.94,21.8,1.27,88.3,0.87,4.4,Feni_Feni
2015-11-03,0.01,28.98,21.86,0.72,81.97,0.87,6.99,Feni_Feni
2015-11-04,0.0,29.07,22.32,0.59,75.8,0.86,7.29,Feni_Feni
2015-11-05,0.0,28.98,21.39,0.82,74.19,0.85,6.54,Feni_Feni
2015-11-06,0.0,29.19,19.94,1.05,76.6,0.85,6.14,Feni_Feni
2015-11-07,0.0,28.74,19.89,1.42,81.59,0.84,5.49,Feni_Feni
2015-11-08,0.0,28.11,18.03,1.89,81.06,0.84,5.28,Feni_Feni
2015-11-09,0.0,27.54,17.6,1.31,77.33,0.83,5.5,Feni_Feni
2015-11-10,0.02,27.99,18.53,1.03,79.45,0.83,5.6,Feni_Feni
2015-11-11,0.02,28.05,20.08,0.74,76.7,0.82,6.1,Feni_Feni
2015-11-12,0.0,27.75,18.91,1.2,78.71,0.82,5.73,Feni_Feni
2015-11-13,0.0,27.3,17.77,1.17,79.18,0.81,5.26,Feni_Feni
2015-11-14,0.0,27.28,19.13,0.85,77.14,0.81,5.28,Feni_Feni
2015-11-15,0.14,27.74,18.92,0.6,75.19,0.8,4.97,Feni_Feni
2015-11-16,0.0,27.6,18.69,0.82,75.64,0.8,5.03,Feni_Feni
2015-11-17,0.14,27.35,20.6,0.76,75.04,0.8,2.44,Feni_Feni
2015-11-18,0.71,26.84,20.61,0.64,78.55,0.8,2.17,Feni_Feni
2015-11-19,0.01,27.38,17.37,1.59,83.65,0.79,4.92,Feni_Feni
2015-11-20,0.0,28.29,16.77,1.19,83.34,0.79,5.47,Feni_Feni
2015-11-21,0.0,28.45,18.51,1.19,83.66,0.79,5.61,Feni_Feni
2015-11-22,0.0,27.91,18.05,1.0,83.36,0.78,6.0,Feni_Feni
2015-11-23,0.0,27.48,18.08,1.28,81.78,0.78,5.29,Feni_Feni
2015-11-24,0.0,26.46,16.94,1.11,72.35,0.77,5.21,Feni_Feni
2015-11-25,0.0,26.68,17.03,0.38,68.49,0.77,5.73,Feni_Feni
2015-11-26,0.0,26.37,15.8,0.77,72.84,0.77,4.87,Feni_Feni
2015-11-27,0.0,26.02,16.2,0.78,69.09,0.76,4.81,Feni_Feni
2015-11-28,0.0,26.54,16.35,1.12,74.34,0.76,4.32,Feni_Feni
2015-11-29,0.0,26.85,15.73,1.08,79.86,0.76,4.59,Feni_Feni
2015-11-30,0.0,26.57,18.27,0.94,82.43,0.75,3.88,Feni_Feni
2015-12-01,0.0,26.83,19.31,0.92,82.42,0.75,3.81,Feni_Feni
2015-12-02,0.0,25.84,19.76,0.74,80.89,0.75,2.25,Feni_Feni
2015-12-03,0.0,25.92,19.47,1.16,85.77,0.74,2.22,Feni_Feni
2015-12-04,0.0,26.28,20.28,0.84,82.7,0.74,3.91,Feni_Feni
2015-12-05,0.0,26.22,17.47,1.12,78.39,0.74,4.4,Feni_Feni
2015-12-06,0.0,25.94,16.04,1.02,75.05,0.73,3.96,Feni_Feni
2015-12-07,0.0,25.45,17.1,0.64,75.68,0.73,3.27,Feni_Feni
2015-12-08,0.0,25.25,16.81,0.75,79.87,0.73,2.84,Feni_Feni
2015-12-09,0.0,25.24,17.5,0.91,78.69,0.73,3.37,Feni_Feni
2015-12-10,0.0,25.47,16.1,0.98,76.55,0.72,4.23,Feni_Feni
2015-12-11,0.0,25.64,17.13,0.91,71.98,0.72,3.52,Feni_Feni
2015-12-12,0.0,26.16,16.2,1.28,85.23,0.72,3.29,Feni_Feni
2015-12-13,0.14,26.79,18.56,1.01,85.92,0.71,3.47,Feni_Feni
2015-12-14,0.01,25.83,17.47,1.01,80.83,0.71,3.37,Feni_Feni
2015-12-15,0.34,23.9,15.41,1.02,80.55,0.71,2.19,Feni_Feni
2015-12-16,0.0,23.19,12.12,1.61,71.47,0.71,3.25,Feni_Feni
2015-12-17,0.0,22.72,11.58,1.18,63.36,0.7,3.43,Feni_Feni
2015-12-18,0.57,19.28,12.74,0.91,78.98,0.7,1.23,Feni_Feni
2015-12-19,0.0,21.43,10.88,1.54,80.27,0.7,2.59,Feni_Feni
2015-12-20,0.0,22.37,11.42,1.01,66.71,0.7,3.15,Feni_Feni
2015-12-21,0.0,22.18,10.88,1.14,65.94,0.69,3.21,Feni_Feni
2015-12-22,0.0,22.3,10.16,1.19,70.56,0.69,3.17,Feni_Feni
2015-12-23,0.0,23.19,11.06,1.41,71.97,0.68,3.39,Feni_Feni
2015-12-24,0.0,22.28,10.64,1.46,72.83,0.68,2.73,Feni_Feni
2015-12-25,0.0,21.85,10.75,1.87,78.98,0.68,2.01,Feni_Feni
2015-12-26,0.0,22.3,9.26,1.7,75.63,0.68,3.05,Feni_Feni
2015-12-27,0.0,22.33,9.42,1.36,69.44,0.67,2.99,Feni_Feni
2015-12-28,0.0,23.32,11.82,0.96,71.89,0.67,2.98,Feni_Feni
2015-12-29,0.0,23.67,12.08,0.92,67.93,0.67,3.12,Feni_Feni
2015-12-30,0.0,24.03,13.08,0.8,67.67,0.66,2.91,Feni_Feni
2015-12-31,0.0,24.28,14.47,0.67,71.99,0.66,2.46,Feni_Feni
2016-01-01,0.0,24.85,14.07,0.92,74.78,0.66,3.57,Feni_Feni
2016-01-02,0.0,24.99,14.6,1.04,71.26,0.66,3.91,Feni_Feni
2016-01-03,0.0,23.78,14.29,0.88,68.88,0.65,3.1,Feni_Feni
2016-01-04,0.0,23.89,12.78,1.03,73.5,0.65,3.13,Feni_Feni
2016-01-05,0.0,23.66,12.66,1.0,71.2,0.65,3.37,Feni_Feni
2016-01-06,0.0,23.54,13.09,1.1,68.14,0.64,3.06,Feni_Feni
2016-01-07,0.0,24.85,12.67,1.13,71.88,0.64,3.42,Feni_Feni
2016-01-08,0.0,24.34,13.84,0.99,67.79,0.64,2.86,Feni_Feni
2016-01-09,0.01,24.76,15.27,1.35,83.59,0.64,2.91,Feni_Feni
2016-01-10,0.01,25.28,14.99,0.82,77.49,0.63,3.21,Feni_Feni
2016-01-11,0.0,23.91,14.33,1.11,71.25,0.63,3.22,Feni_Feni
2016-01-12,0.0,22.74,11.35,1.17,61.82,0.63,2.71,Feni_Feni
2016-01-13,0.0,22.93,12.67,0.86,60.67,0.62,2.61,Feni_Feni
2016-01-14,0.0,23.47,13.69,1.0,64.17,0.62,2.92,Feni_Feni
2016-01-15,0.0,23.59,12.47,1.22,64.38,0.62,2.83,Feni_Feni
2016-01-16,0.0,24.7,13.93,0.9,63.51,0.61,2.98,Feni_Feni
2016-01-17,0.0,24.45,14.62,0.99,65.63,0.61,3.14,Feni_Feni
2016-01-18,0.0,23.71,12.17,1.01,59.72,0.61,3.16,Feni_Feni
2016-01-19,0.0,24.97,13.75,0.82,58.96,0.6,3.32,Feni_Feni
2016-01-20,0.02,25.59,14.18,0.84,67.72,0.6,3.29,Feni_Feni
2016-01-21,1.22,20.6,13.69,1.94,89.16,0.6,1.0,Feni_Feni
2016-01-22,0.07,22.1,10.75,1.81,76.85,0.6,3.21,Feni_Feni
2016-01-23,0.0,22.4,10.15,1.64,73.25,0.6,3.24,Feni_Feni
2016-01-24,0.0,21.59,8.15,1.69,66.0,0.59,3.12,Feni_Feni
2016-01-25,0.0,22.27,7.71,1.24,61.51,0.59,3.19,Feni_Feni
2016-01-26,0.0,21.92,8.3,1.09,55.72,0.59,2.95,Feni_Feni
2016-01-27,0.0,22.38,9.1,1.06,63.68,0.58,2.98,Feni_Feni
2016-01-28,0.0,23.98,11.02,1.25,77.71,0.58,2.69,Feni_Feni
2016-01-29,0.0,25.67,15.33,1.09,74.7,0.58,3.31,Feni_Feni
2016-01-30,0.0,24.28,13.53,1.07,62.23,0.57,2.92,Feni_Feni
2016-01-31,0.01,25.41,13.58,1.29,76.65,0.57,3.11,Feni_Feni
2016-02-01,0.13,25.92,15.64,1.05,81.95,0.57,3.48,Feni_Feni
2016-02-02,0.0,26.9,16.0,1.09,73.51,0.57,3.84,Feni_Feni
2016-02-03,0.0,26.43,16.91,0.78,63.9,0.56,3.91,Feni_Feni
2016-02-04,0.0,25.53,13.27,1.55,68.45,0.56,4.01,Feni_Feni
2016-02-05,0.0,24.88,11.97,1.57,62.36,0.55,3.89,Feni_Feni
2016-02-06,0.0,26.01,11.28,1.36,58.6,0.55,3.87,Feni_Feni
2016-02-07,0.0,26.95,13.01,1.02,55.46,0.54,4.11,Feni_Feni
2016-02-08,0.0,25.98,13.03,1.59,80.42,0.54,3.43,Feni_Feni
2016-02-09,0.32,26.18,15.98,1.75,86.46,0.54,3.38,Feni_Feni
2016-02-10,0.09,26.56,17.39,1.38,81.61,0.54,3.84,Feni_Feni
2016-02-11,0.05,27.39,16.97,1.55,79.81,0.53,3.84,Feni_Feni
2016-02-12,7.54,27.7,17.93,2.11,87.65,0.54,2.89,Feni_Feni
2016-02-13,0.67,28.59,18.79,0.94,77.14,0.54,4.51,Feni_Feni
2016-02-14,0.0,28.77,18.33,1.03,77.24,0.53,4.09,Feni_Feni
2016-02-15,0.0,29.99,18.83,1.0,70.74,0.53,4.52,Feni_Feni
2016-02-16,0.0,30.73,18.77,0.98,56.49,0.52,4.37,Feni_Feni
2016-02-17,0.0,30.96,19.61,0.96,53.05,0.52,4.27,Feni_Feni
2016-02-18,0.0,31.2,19.7,1.12,61.51,0.51,4.13,Feni_Feni
2016-02-19,0.0,31.47,19.03,1.84,77.69,0.51,4.05,Feni_Feni
2016-02-20,0.0,30.93,20.08,2.37,80.19,0.51,3.46,Feni_Feni
2016-02-21,0.0,31.45,21.29,2.82,82.19,0.5,3.54,Feni_Feni
2016-02-22,0.05,30.65,22.49,2.39,84.19,0.5,3.09,Feni_Feni
2016-02-23,0.94,30.21,21.46,2.1,81.59,0.5,3.07,Feni_Feni
2016-02-24,14.56,29.1,21.34,1.95,82.89,0.51,2.87,Feni_Feni
2016-02-25,20.71,27.7,20.98,1.14,80.46,0.55,3.87,Feni_Feni
2016-02-26,0.02,29.88,18.02,1.33,71.51,0.54,5.16,Feni_Feni
2016-02-27,0.71,27.77,20.36,0.8,73.23,0.53,2.5,Feni_Feni
2016-02-28,0.0,30.63,20.23,0.93,62.52,0.53,5.1,Feni_Feni
2016-02-29,0.0,31.04,20.93,0.9,56.67,0.52,4.81,Feni_Feni
2016-03-01,0.0,31.17,20.07,1.02,65.9,0.51,4.23,Feni_Feni
2016-03-02,0.0,31.78,20.24,1.16,65.7,0.51,4.43,Feni_Feni
2016-03-03,0.0,32.15,20.63,1.14,64.8,0.5,4.28,Feni_Feni
2016-03-04,0.05,32.43,19.56,1.47,69.64,0.49,3.93,Feni_Feni
2016-03-05,0.01,33.25,20.81,1.1,68.14,0.49,3.52,Feni_Feni
2016-03-06,0.0,34.12,21.97,1.09,67.06,0.49,3.49,Feni_Feni
2016-03-07,1.49,32.91,21.52,1.2,63.59,0.49,3.44,Feni_Feni
2016-03-08,0.0,33.29,21.03,1.34,59.24,0.48,3.42,Feni_Feni
2016-03-09,0.0,34.25,21.08,1.78,69.04,0.48,3.33,Feni_Feni
2016-03-10,0.01,34.09,22.5,1.42,68.84,0.47,2.99,Feni_Feni
2016-03-11,0.0,33.95,22.85,1.32,68.36,0.47,2.61,Feni_Feni
2016-03-12,0.0,31.82,22.6,1.56,70.28,0.47,1.42,Feni_Feni
2016-03-13,0.0,35.91,21.97,1.59,62.23,0.46,3.14,Feni_Feni
2016-03-14,0.0,34.4,20.81,1.54,53.39,0.46,2.44,Feni_Feni
2016-03-15,0.0,33.86,20.89,1.45,48.68,0.46,2.68,Feni_Feni
2016-03-16,0.12,33.85,20.98,1.34,61.97,0.45,2.45,Feni_Feni
2016-03-17,0.04,33.87,21.41,1.32,56.9,0.45,2.32,Feni_Feni
2016-03-18,0.17,34.2,20.24,1.29,57.86,0.45,2.43,Feni_Feni
2016-03-19,5.26,33.39,22.44,1.85,73.92,0.45,1.78,Feni_Feni
2016-03-20,4.12,32.98,23.0,1.88,76.17,0.46,1.97,Feni_Feni
2016-03-21,15.21,33.33,23.31,2.31,78.45,0.47,2.58,Feni_Feni
2016-03-22,14.81,32.58,23.25,1.97,79.2,0.5,3.82,Feni_Feni
2016-03-23,0.6,33.1,22.64,2.09,77.17,0.49,3.89,Feni_Feni
2016-03-24,0.11,33.8,22.4,1.3,65.97,0.48,3.69,Feni_Feni
2016-03-25,0.0,35.57,21.03,1.47,54.93,0.47,3.63,Feni_Feni
2016-03-26,0.0,34.76,22.16,1.52,65.4,0.46,2.79,Feni_Feni
2016-03-27,0.0,33.61,22.64,2.83,74.64,0.46,2.57,Feni_Feni
2016-03-28,16.19,32.32,23.77,3.06,78.92,0.47,1.69,Feni_Feni
2016-03-29,21.12,30.83,23.16,2.2,82.5,0.51,3.81,Feni_Feni
2016-03-30,2.68,31.39,23.67,2.09,78.81,0.51,3.69,Feni_Feni
2016-03-31,14.74,28.26,22.21,1.85,89.5,0.51,1.07,Feni_Feni
2016-04-01,23.34,25.91,22.45,1.74,91.26,0.56,0.79,Feni_Feni
2016-04-02,1.81,29.97,21.46,1.49,84.56,0.55,5.33,Feni_Feni
2016-04-03,8.16,31.33,23.3,2.36,85.78,0.54,5.26,Feni_Feni
2016-04-04,8.37,30.7,24.27,3.08,84.8,0.55,4.54,Feni_Feni
2016-04-05,0.69,31.17,24.53,3.8,84.06,0.54,5.03,Feni_Feni
2016-04-06,0.59,32.47,24.84,3.96,83.36,0.53,5.79,Feni_Feni
2016-04-07,0.04,32.82,24.82,3.63,81.46,0.52,5.81,Feni_Feni
2016-04-08,0.0,33.52,24.46,2.7,79.63,0.51,5.23,Feni_Feni
2016-04-09,0.0,34.48,24.06,2.89,78.52,0.51,5.31,Feni_Feni
2016-04-10,0.0,35.47,25.57,3.28,78.18,0.5,5.3,Feni_Feni
2016-04-11,0.0,34.79,25.62,3.57,78.49,0.49,4.73,Feni_Feni
2016-04-12,0.0,34.99,25.98,4.05,78.22,0.49,4.47,Feni_Feni
2016-04-13,1.29,34.8,25.75,3.87,78.38,0.48,4.01,Feni_Feni
2016-04-14,7.53,33.88,25.87,4.06,79.05,0.49,3.67,Feni_Feni
2016-04-15,11.44,33.38,25.87,3.82,81.15,0.5,4.39,Feni_Feni
2016-04-16,4.79,33.33,26.51,4.84,80.62,0.51,4.71,Feni_Feni
2016-04-17,0.21,33.17,26.31,3.66,78.48,0.5,4.04,Feni_Feni
2016-04-18,0.13,33.14,25.91,3.72,76.76,0.49,3.72,Feni_Feni
2016-04-19,0.01,34.42,26.11,4.28,75.04,0.49,4.56,Feni_Feni
2016-04-20,0.02,33.75,25.96,4.13,74.15,0.48,3.64,Feni_Feni
2016-04-21,0.04,33.8,25.96,5.1,73.4,0.48,3.73,Feni_Feni
2016-04-22,0.15,33.69,27.07,5.28,74.18,0.47,3.36,Feni_Feni
2016-04-23,0.07,34.24,27.09,5.5,73.66,0.47,3.3,Feni_Feni
2016-04-24,0.22,35.16,26.97,4.63,73.62,0.46,3.21,Feni_Feni
2016-04-25,0.89,34.58,26.36,4.07,73.94,0.46,2.79,Feni_Feni
2016-04-26,0.21,34.64,25.85,3.21,74.5,0.46,2.69,Feni_Feni
2016-04-27,0.05,33.43,25.96,2.71,75.68,0.45,1.96,Feni_Feni
2016-04-28,0.16,34.05,25.78,2.81,75.38,0.45,2.05,Feni_Feni
2016-04-29,0.21,33.78,25.94,2.95,80.18,0.45,1.59,Feni_Feni
2016-04-30,0.11,34.23,25.44,2.95,76.88,0.45,2.01,Feni_Feni
2016-05-01,3.94,35.41,26.56,3.58,73.03,0.45,2.3,Feni_Feni
2016-05-02,16.21,33.13,25.16,2.53,80.37,0.47,1.99,Feni_Feni
2016-05-03,16.44,32.19,24.45,1.62,82.05,0.5,3.06,Feni_Feni
2016-05-04,6.45,31.39,25.17,1.68,84.1,0.5,2.1,Feni_Feni
2016-05-05,1.68,34.03,24.8,1.36,73.02,0.49,4.68,Feni_Feni
2016-05-06,4.9,33.69,24.51,1.55,75.87,0.49,3.76,Feni_Feni
2016-05-07,2.08,32.83,24.79,1.06,75.3,0.49,2.65,Feni_Feni
2016-05-08,6.52,33.22,25.22,0.99,71.67,0.49,3.21,Feni_Feni
2016-05-09,2.76,31.55,25.56,1.06,78.32,0.49,1.94,Feni_Feni
2016-05-10,0.05,32.46,25.88,0.78,74.54,0.49,2.1,Feni_Feni
2016-05-11,0.0,35.72,26.55,1.02,67.68,0.48,3.72,Feni_Feni
2016-05-12,2.2,35.78,25.92,1.72,71.66,0.48,4.03,Feni_Feni
2016-05-13,19.61,30.97,26.03,2.42,86.0,0.49,1.45,Feni_Feni
2016-05-14,23.3,32.98,26.03,2.39,84.77,0.53,5.01,Feni_Feni
2016-05-15,9.55,32.72,25.41,2.48,84.77,0.54,5.59,Feni_Feni
2016-05-16,0.3,33.26,26.75,3.43,80.85,0.53,6.35,Feni_Feni
2016-05-17,1.74,33.25,27.02,3.41,82.26,0.52,4.66,Feni_Feni
2016-05-18,24.28,32.86,26.96,3.16,84.23,0.53,3.9,Feni_Feni
2016-05-19,44.91,29.37,26.0,2.86,88.45,0.6,2.67,Feni_Feni
2016-05-20,102.3,28.02,25.4,3.49,93.31,0.7,0.97,Feni_Feni
2016-05-21,115.52,28.8,25.05,4.4,94.68,0.81,0.37,Feni_Feni
2016-05-22,1.09,32.83,24.59,2.1,82.42,0.82,5.92,Feni_Feni
2016-05-23,0.66,32.14,26.91,2.09,87.94,0.77,4.36,Feni_Feni
2016-05-24,0.36,32.83,26.86,1.6,85.96,0.75,4.78,Feni_Feni
2016-05-25,3.08,33.59,26.79,2.33,83.36,0.73,7.04,Feni_Feni
2016-05-26,17.3,32.88,25.88,2.31,86.03,0.74,5.71,Feni_Feni
2016-05-27,10.59,32.71,25.64,2.03,83.95,0.75,6.99,Feni_Feni
2016-05-28,36.36,32.06,25.58,2.23,86.65,0.77,5.17,Feni_Feni
2016-05-29,18.48,32.34,26.03,2.01,86.6,0.79,5.25,Feni_Feni
2016-05-30,1.76,32.22,26.0,1.97,86.88,0.78,5.53,Feni_Feni
2016-05-31,6.35,30.9,26.27,2.29,88.83,0.77,3.28,Feni_Feni
2016-06-01,6.03,31.16,25.94,1.94,87.02,0.77,4.77,Feni_Feni
2016-06-02,1.61,32.53,25.31,1.81,85.87,0.77,7.06,Feni_Feni
2016-06-03,2.28,32.88,25.3,1.7,84.9,0.76,7.6,Feni_Feni
2016-06-04,2.72,31.54,26.01,1.85,84.93,0.75,6.23,Feni_Feni
2016-06-05,5.74,30.42,26.32,2.13,90.07,0.75,2.47,Feni_Feni
2016-06-06,21.11,31.12,26.42,3.2,86.43,0.76,4.68,Feni_Feni
2016-06-07,21.33,29.23,26.39,3.61,93.02,0.79,1.06,Feni_Feni
2016-06-08,23.29,29.61,26.15,3.42,91.76,0.81,1.66,Feni_Feni
2016-06-09,2.97,28.98,25.76,3.81,92.47,0.81,1.43,Feni_Feni
2016-06-10,8.43,30.11,25.31,2.45,92.45,0.8,1.9,Feni_Feni
2016-06-11,19.21,30.74,27.24,2.42,93.5,0.82,1.2,Feni_Feni
2016-06-12,21.68,29.99,26.93,3.42,93.47,0.84,1.17,Feni_Feni
2016-06-13,7.08,29.45,25.63,3.39,94.65,0.84,0.82,Feni_Feni
2016-06-14,3.65,31.18,26.84,2.51,90.68,0.83,2.98,Feni_Feni
2016-06-15,3.47,30.17,26.59,2.84,91.36,0.83,2.55,Feni_Feni
2016-06-16,3.62,31.27,26.35,2.86,87.37,0.82,4.78,Feni_Feni
2016-06-17,21.28,30.96,26.03,3.1,87.9,0.84,4.59,Feni_Feni
2016-06-18,3.28,31.25,26.34,3.6,88.12,0.84,4.51,Feni_Feni
2016-06-19,2.92,30.49,26.2,2.77,87.92,0.82,3.69,Feni_Feni
2016-06-20,21.74,31.63,25.73,2.28,88.26,0.83,4.24,Feni_Feni
2016-06-21,11.53,31.6,26.35,2.28,88.61,0.84,4.11,Feni_Feni
2016-06-22,12.11,30.5,26.32,1.75,90.62,0.84,2.24,Feni_Feni
2016-06-23,9.5,31.71,26.51,1.47,88.5,0.85,3.72,Feni_Feni
2016-06-24,9.16,31.6,26.42,1.77,88.13,0.85,3.96,Feni_Feni
2016-06-25,3.83,32.61,26.21,1.48,84.47,0.84,5.55,Feni_Feni
2016-06-26,3.77,33.19,26.63,1.74,86.22,0.84,5.59,Feni_Feni
2016-06-27,4.83,32.74,26.72,2.41,87.19,0.83,6.35,Feni_Feni
2016-06-28,4.56,32.53,26.89,2.26,88.04,0.83,5.6,Feni_Feni
2016-06-29,9.7,32.7,26.87,1.9,88.52,0.83,4.46,Feni_Feni
2016-06-30,8.07,31.88,27.03,2.13,88.99,0.83,3.86,Feni_Feni
2016-07-01,18.87,30.85,26.85,3.54,90.33,0.84,2.64,Feni_Feni
2016-07-02,38.61,29.78,27.21,4.03,93.34,0.86,0.94,Feni_Feni
2016-07-03,121.61,30.31,27.27,4.73,91.68,0.92,1.94,Feni_Feni
2016-07-04,77.76,29.84,26.84,4.32,92.87,0.97,1.22,Feni_Feni
2016-07-05,60.53,29.16,26.81,3.67,94.2,1.0,0.67,Feni_Feni
2016-07-06,37.34,31.0,26.63,3.26,90.32,0.99,2.33,Feni_Feni
2016-07-07,10.44,31.52,26.48,2.66,90.15,0.99,2.57,Feni_Feni
2016-07-08,8.59,31.47,26.36,2.48,90.1,0.98,2.97,Feni_Feni
2016-07-09,10.65,30.35,26.24,3.74,91.37,0.97,2.39,Feni_Feni
2016-07-10,15.59,30.33,25.82,2.82,90.53,0.97,2.0,Feni_Feni
2016-07-11,4.91,30.87,26.42,3.29,90.37,0.97,3.0,Feni_Feni
2016-07-12,22.45,30.81,26.22,3.43,90.59,0.97,2.79,Feni_Feni
2016-07-13,57.55,30.91,26.1,2.69,91.06,0.98,2.38,Feni_Feni
2016-07-14,31.2,31.12,26.45,2.49,90.22,0.99,2.24,Feni_Feni
2016-07-15,41.1,30.49,26.62,3.91,92.06,0.99,1.53,Feni_Feni
2016-07-16,65.8,28.55,25.7,3.98,92.96,1.0,0.76,Feni_Feni
2016-07-17,71.7,30.17,26.14,3.59,91.53,1.0,1.61,Feni_Feni
2016-07-18,50.73,29.86,26.03,3.21,91.54,1.0,1.49,Feni_Feni
2016-07-19,60.25,30.16,25.91,3.17,91.27,1.0,1.46,Feni_Feni
2016-07-20,21.2,31.26,26.63,2.63,90.94,1.0,1.92,Feni_Feni
2016-07-21,7.9,31.16,26.17,2.72,89.73,0.99,2.34,Feni_Feni
2016-07-22,14.58,29.37,26.11,2.92,91.9,0.99,1.47,Feni_Feni
2016-07-23,14.64,30.02,25.77,2.86,91.02,0.98,1.76,Feni_Feni
2016-07-24,27.09,28.72,25.72,2.63,92.44,0.99,0.91,Feni_Feni
2016-07-25,45.09,28.6,25.29,3.16,93.12,0.99,0.85,Feni_Feni
2016-07-26,15.58,30.32,25.01,2.41,89.38,0.99,2.71,Feni_Feni
2016-07-27,0.82,31.72,24.84,1.2,83.09,0.98,5.12,Feni_Feni
2016-07-28,4.2,30.45,26.04,1.52,88.28,0.98,2.48,Feni_Feni
2016-07-29,8.91,31.02,26.13,1.15,87.14,0.97,2.95,Feni_Feni
2016-07-30,25.88,30.82,26.07,1.36,89.0,0.98,2.48,Feni_Feni
2016-07-31,19.83,29.93,25.5,1.18,89.95,0.98,1.75,Feni_Feni
2016-08-01,34.67,30.82,25.7,2.22,88.7,0.99,2.65,Feni_Feni
2016-08-02,9.52,30.09,25.81,2.62,91.0,0.98,1.91,Feni_Feni
2016-08-03,5.04,31.48,25.57,2.77,90.88,0.98,3.02,Feni_Feni
2016-08-04,2.67,31.0,26.08,3.17,90.73,0.97,2.85,Feni_Feni
2016-08-05,10.97,29.9,26.26,3.56,91.59,0.97,1.96,Feni_Feni
2016-08-06,56.22,30.15,25.7,3.71,92.03,0.98,1.41,Feni_Feni
2016-08-07,15.5,30.42,26.06,3.23,90.98,0.99,2.53,Feni_Feni
2016-08-08,7.4,30.17,25.61,3.1,92.31,0.98,1.75,Feni_Feni
2016-08-09,30.7,29.15,25.98,3.7,92.32,0.98,1.26,Feni_Feni
2016-08-10,61.19,27.88,26.13,5.18,95.15,0.99,0.31,Feni_Feni
2016-08-11,28.95,30.95,26.52,3.01,92.15,1.0,1.61,Feni_Feni
2016-08-12,27.28,31.13,25.98,2.75,90.51,1.0,2.66,Feni_Feni
2016-08-13,16.31,31.13,26.46,2.26,90.89,0.99,2.23,Feni_Feni
2016-08-14,22.83,31.06,26.49,1.78,89.62,0.99,2.71,Feni_Feni
2016-08-15,8.59,31.72,26.35,1.85,89.67,0.99,2.93,Feni_Feni
2016-08-16,11.42,31.94,26.39,1.99,88.84,0.98,2.79,Feni_Feni
2016-08-17,15.24,29.18,25.4,5.09,93.33,0.98,1.01,Feni_Feni
2016-08-18,6.01,30.84,26.23,3.08,90.18,0.98,3.11,Feni_Feni
2016-08-19,3.2,31.37,25.94,1.94,89.01,0.97,4.39,Feni_Feni
2016-08-20,4.53,32.38,26.0,1.49,87.36,0.96,5.19,Feni_Feni
2016-08-21,121.79,28.52,25.38,5.26,94.55,0.99,0.28,Feni_Feni
2016-08-22,5.85,30.78,25.28,2.78,87.3,0.99,3.83,Feni_Feni
2016-08-23,0.17,31.71,24.6,1.14,84.4,0.98,6.29,Feni_Feni
2016-08-24,3.25,31.33,25.68,1.44,88.37,0.97,4.03,Feni_Feni
2016-08-25,12.37,32.42,26.07,0.87,85.94,0.97,3.33,Feni_Feni
2016-08-26,20.85,32.33,26.35,0.83,85.86,0.98,1.18,Feni_Feni
2016-08-27,24.23,32.77,26.09,0.89,84.53,0.98,5.01,Feni_Feni
2016-08-28,87.4,28.21,26.25,1.68,93.34,0.99,0.51,Feni_Feni
2016-08-29,47.49,31.97,25.6,1.25,85.79,1.0,5.26,Feni_Feni
2016-08-30,3.55,30.47,26.45,2.07,90.51,0.99,2.24,Feni_Feni
2016-08-31,26.36,30.56,26.54,2.74,90.66,0.99,2.12,Feni_Feni
2016-09-01,72.13,30.33,26.34,2.5,92.81,1.0,1.27,Feni_Feni
2016-09-02,49.02,29.89,26.2,2.27,93.12,1.0,1.13,Feni_Feni
2016-09-03,33.75,30.81,26.59,2.34,92.62,1.0,1.47,Feni_Feni
2016-09-04,54.67,29.99,26.49,2.34,92.47,1.0,1.27,Feni_Feni
2016-09-05,4.96,30.72,25.85,3.52,92.78,0.99,1.72,Feni_Feni
2016-09-06,18.64,29.24,25.73,4.2,92.73,0.99,1.49,Feni_Feni
2016-09-07,8.71,30.89,25.6,2.46,90.17,0.99,3.41,Feni_Feni
2016-09-08,6.85,30.17,26.08,2.24,90.53,0.98,2.51,Feni_Feni
2016-09-09,3.77,30.85,25.92,2.08,89.28,0.98,4.03,Feni_Feni
2016-09-10,6.37,31.04,25.82,1.73,87.69,0.97,4.22,Feni_Feni
2016-09-11,15.31,29.84,25.76,1.43,90.2,0.97,2.02,Feni_Feni
2016-09-12,21.56,30.47,25.54,1.46,88.79,0.98,2.58,Feni_Feni
2016-09-13,15.41,28.1,24.52,1.66,90.32,0.98,1.13,Feni_Feni
2016-09-14,47.39,30.52,25.54,1.28,86.8,0.99,3.05,Feni_Feni
2016-09-15,0.65,31.49,25.43,1.01,85.75,0.98,5.47,Feni_Feni
2016-09-16,2.2,31.97,24.96,1.15,86.11,0.98,6.5,Feni_Feni
2016-09-17,3.27,31.05,25.67,1.3,87.65,0.97,4.24,Feni_Feni
2016-09-18,3.25,31.36,26.21,1.16,87.87,0.97,4.37,Feni_Feni
2016-09-19,3.24,30.95,25.94,1.02,87.97,0.96,4.09,Feni_Feni
2016-09-20,19.14,30.94,26.37,0.77,85.78,0.97,1.2,Feni_Feni
2016-09-21,18.66,30.78,26.24,0.97,87.38,0.97,1.51,Feni_Feni
2016-09-22,2.94,30.26,24.75,0.89,84.59,0.97,4.08,Feni_Feni
2016-09-23,2.92,31.35,25.04,1.43,86.45,0.96,5.46,Feni_Feni
2016-09-24,10.21,30.31,26.09,1.7,90.69,0.96,2.37,Feni_Feni
2016-09-25,13.2,31.0,26.08,1.31,88.24,0.97,3.3,Feni_Feni
2016-09-26,8.76,30.13,25.85,0.92,86.26,0.96,2.93,Feni_Feni
2016-09-27,42.37,31.43,25.65,0.65,84.2,0.97,4.73,Feni_Feni
2016-09-28,54.21,30.09,25.85,1.45,90.4,0.99,1.74,Feni_Feni
2016-09-29,19.66,31.57,25.57,1.56,88.9,1.0,4.4,Feni_Feni
2016-09-30,2.41,31.97,25.58,1.01,86.24,0.99,5.54,Feni_Feni
2016-10-01,11.33,31.58,26.09,0.8,86.96,0.98,2.62,Feni_Feni
2016-10-02,18.57,31.01,26.49,0.74,85.83,0.99,0.95,Feni_Feni
2016-10-03,16.58,31.29,26.25,1.03,85.61,0.99,3.06,Feni_Feni
2016-10-04,12.86,32.5,25.89,0.77,83.33,0.99,4.42,Feni_Feni
2016-10-05,31.08,30.34,25.76,1.16,89.79,0.99,1.41,Feni_Feni
2016-10-06,22.26,31.11,25.9,1.17,87.89,0.99,3.65,Feni_Feni
2016-10-07,16.16,30.27,25.92,1.31,89.82,0.99,2.4,Feni_Feni
2016-10-08,15.35,29.94,25.61,1.53,91.42,0.99,1.91,Feni_Feni
2016-10-09,16.57,29.38,25.98,1.65,92.54,0.99,1.23,Feni_Feni
2016-10-10,28.31,29.32,25.61,2.6,92.78,0.99,1.39,Feni_Feni
2016-10-11,97.47,28.17,25.8,3.4,94.57,1.0,0.28,Feni_Feni
2016-10-12,55.03,28.8,25.62,3.72,93.4,1.0,0.72,Feni_Feni
2016-10-13,17.38,30.88,25.77,1.08,79.98,1.0,4.74,Feni_Feni
2016-10-14,9.86,30.68,25.04,0.65,81.84,0.99,4.85,Feni_Feni
2016-10-15,2.09,30.52,23.88,1.68,86.9,0.99,4.9,Feni_Feni
2016-10-16,0.0,31.39,22.75,1.64,86.89,0.98,6.1,Feni_Feni
2016-10-17,0.0,31.5,23.26,1.86,87.9,0.98,5.74,Feni_Feni
2016-10-18,0.0,31.47,23.44,1.78,87.37,0.97,5.9,Feni_Feni
2016-10-19,0.0,31.3,22.89,1.45,86.81,0.96,6.25,Feni_Feni
2016-10-20,0.0,31.08,22.51,1.42,85.34,0.96,6.61,Feni_Feni
2016-10-21,0.0,30.41,21.7,1.53,83.47,0.95,6.28,Feni_Feni
2016-10-22,0.0,29.88,21.02,1.5,82.67,0.94,6.15,Feni_Feni
2016-10-23,0.0,28.68,19.8,1.6,85.03,0.93,4.57,Feni_Feni
2016-10-24,0.0,29.33,20.06,1.5,86.62,0.93,5.54,Feni_Feni
2016-10-25,0.01,30.36,21.62,1.17,85.18,0.92,6.63,Feni_Feni
2016-10-26,0.15,30.51,23.37,0.86,84.31,0.91,6.06,Feni_Feni
2016-10-27,3.13,29.97,24.81,0.75,82.72,0.91,4.76,Feni_Feni
2016-10-28,3.64,29.45,23.64,1.05,87.12,0.91,4.0,Feni_Feni
2016-10-29,21.88,29.62,24.13,1.06,86.15,0.92,4.32,Feni_Feni
2016-10-30,2.63,29.63,23.87,1.01,86.3,0.92,5.02,Feni_Feni
2016-10-31,7.29,30.92,22.98,0.76,81.35,0.92,6.49,Feni_Feni
2016-11-01,0.49,30.52,22.99,1.02,84.21,0.91,6.44,Feni_Feni
2016-11-02,0.24,31.27,24.15,0.72,80.93,0.9,5.65,Feni_Feni
2016-11-03,1.32,31.29,25.18,0.63,80.48,0.9,2.46,Feni_Feni
2016-11-04,11.04,30.31,22.34,0.74,81.36,0.9,2.12,Feni_Feni
2016-11-05,124.06,24.64,21.59,2.39,93.71,0.94,0.52,Feni_Feni
2016-11-06,111.24,29.01,23.1,2.46,90.84,1.0,3.07,Feni_Feni
2016-11-07,42.25,27.16,21.98,2.12,91.07,1.0,1.85,Feni_Feni
2016-11-08,0.72,27.53,20.04,1.37,84.81,0.99,4.04,Feni_Feni
2016-11-09,0.0,27.49,18.48,1.24,82.56,0.98,4.89,Feni_Feni
2016-11-10,0.0,27.87,18.49,1.09,83.62,0.98,5.6,Feni_Feni
2016-11-11,0.0,27.21,18.28,1.0,78.58,0.97,5.13,Feni_Feni
2016-11-12,0.0,27.59,19.76,0.66,76.72,0.97,4.82,Feni_Feni
2016-11-13,0.0,27.38,18.82,1.29,81.99,0.96,4.12,Feni_Feni
2016-11-14,0.0,27.68,18.51,1.66,86.89,0.96,3.85,Feni_Feni
2016-11-15,0.0,26.9,16.76,1.56,83.97,0.96,3.87,Feni_Feni
2016-11-16,0.0,27.46,16.05,1.57,85.5,0.95,4.12,Feni_Feni
2016-11-17,0.0,27.09,15.99,1.76,86.62,0.94,4.21,Feni_Feni
2016-11-18,0.0,26.87,15.67,1.72,86.25,0.94,4.28,Feni_Feni
2016-11-19,0.0,26.74,15.69,1.43,85.69,0.93,4.59,Feni_Feni
2016-11-20,0.0,26.79,16.26,1.21,82.2,0.93,4.63,Feni_Feni
2016-11-21,0.0,26.18,16.45,1.2,80.56,0.92,4.15,Feni_Feni
2016-11-22,0.0,25.94,16.81,1.22,79.04,0.92,4.04,Feni_Feni
2016-11-23,0.0,26.02,16.67,0.86,77.63,0.91,4.65,Feni_Feni
2016-11-24,0.0,25.88,16.69,0.94,76.92,0.91,4.42,Feni_Feni
2016-11-25,0.0,25.72,17.59,0.97,76.27,0.9,4.29,Feni_Feni
2016-11-26,0.0,26.32,16.81,0.77,76.03,0.9,4.88,Feni_Feni
2016-11-27,0.43,26.42,16.97,0.68,75.68,0.89,4.86,Feni_Feni
2016-11-28,0.65,26.71,18.14,0.57,73.83,0.89,4.48,Feni_Feni
2016-11-29,0.7,26.53,18.08,0.92,81.17,0.89,3.97,Feni_Feni
2016-11-30,0.0,26.86,17.87,0.91,82.0,0.88,4.24,Feni_Feni
2016-12-01,0.0,27.09,18.17,0.67,77.6,0.88,4.79,Feni_Feni
2016-12-02,0.0,27.21,17.36,0.9,78.7,0.87,4.77,Feni_Feni
2016-12-03,0.0,26.22,16.71,1.4,87.72,0.87,4.01,Feni_Feni
2016-12-04,0.0,27.03,15.88,1.46,85.99,0.86,4.09,Feni_Feni
2016-12-05,0.0,26.59,15.38,1.56,87.91,0.86,3.86,Feni_Feni
2016-12-06,0.0,27.19,15.92,1.34,86.29,0.85,4.06,Feni_Feni
2016-12-07,0.0,27.34,16.93,0.83,78.1,0.85,5.24,Feni_Feni
2016-12-08,0.0,26.74,16.36,1.29,83.46,0.85,4.03,Feni_Feni
2016-12-09,0.0,26.37,14.83,1.54,86.91,0.84,3.86,Feni_Feni
2016-12-10,0.0,25.85,14.25,1.68,86.26,0.84,3.74,Feni_Feni
2016-12-11,0.0,25.32,14.75,1.54,85.34,0.83,3.79,Feni_Feni
2016-12-12,0.0,25.03,14.51,1.48,86.41,0.83,3.42,Feni_Feni
2016-12-13,0.0,23.97,12.51,1.67,83.88,0.83,2.99,Feni_Feni
2016-12-14,0.0,23.8,11.6,1.59,84.15,0.82,2.98,Feni_Feni
2016-12-15,0.03,23.93,12.25,1.67,87.54,0.82,2.7,Feni_Feni
2016-12-16,0.0,24.2,12.6,1.5,87.74,0.82,3.05,Feni_Feni
2016-12-17,0.0,24.67,14.79,1.08,85.37,0.81,3.37,Feni_Feni
2016-12-18,0.0,24.74,16.27,0.9,81.78,0.81,3.38,Feni_Feni
2016-12-19,0.0,23.96,14.92,1.15,85.57,0.81,2.63,Feni_Feni
2016-12-20,0.0,23.76,15.54,1.27,84.82,0.8,2.59,Feni_Feni
2016-12-21,0.0,23.2,13.72,1.34,82.25,0.8,2.25,Feni_Feni
2016-12-22,0.0,24.65,13.28,1.15,81.01,0.8,2.66,Feni_Feni
2016-12-23,0.0,24.99,15.71,0.81,81.24,0.79,3.49,Feni_Feni
2016-12-24,0.0,25.81,16.93,0.54,78.35,0.79,3.64,Feni_Feni
2016-12-25,0.0,26.34,18.12,0.57,78.66,0.79,3.9,Feni_Feni
2016-12-26,0.06,26.22,17.93,0.69,78.12,0.79,3.89,Feni_Feni
2016-12-27,0.04,25.13,16.71,1.27,84.52,0.78,2.53,Feni_Feni
2016-12-28,0.0,24.36,13.82,1.54,87.23,0.78,2.97,Feni_Feni
2016-12-29,0.0,24.98,13.12,1.27,84.33,0.78,3.4,Feni_Feni
2016-12-30,0.0,24.57,15.14,1.0,82.7,0.77,3.22,Feni_Feni
2016-12-31,0.0,24.37,14.51,1.02,81.55,0.77,3.11,Feni_Feni
2017-01-01,0.0,24.69,14.62,1.07,78.12,0.77,3.0,Feni_Feni
2017-01-02,0.0,25.2,14.87,1.08,75.68,0.77,3.35,Feni_Feni
2017-01-03,0.0,25.28,13.27,1.34,78.43,0.76,3.34,Feni_Feni
2017-01-04,0.0,24.66,13.94,1.57,84.9,0.76,2.92,Feni_Feni
2017-01-05,0.0,24.44,12.45,1.65,83.04,0.76,2.92,Feni_Feni
2017-01-06,0.0,23.81,11.51,1.65,79.24,0.75,2.88,Feni_Feni
2017-01-07,0.0,23.93,10.88,1.47,79.06,0.75,3.01,Feni_Feni
2017-01-08,0.0,24.25,10.45,1.67,77.62,0.74,3.1,Feni_Feni
2017-01-09,0.0,24.63,11.58,1.49,75.63,0.74,3.25,Feni_Feni
2017-01-10,0.0,25.37,12.23,1.42,78.1,0.74,3.41,Feni_Feni
2017-01-11,0.0,23.35,12.0,1.91,83.8,0.73,2.78,Feni_Feni
2017-01-12,0.0,22.49,10.91,1.99,80.1,0.73,2.67,Feni_Feni
2017-01-13,0.0,21.62,9.11,2.27,75.54,0.72,2.71,Feni_Feni
2017-01-14,6.35,20.31,6.84,1.96,71.38,0.73,2.4,Feni_Feni
2017-01-15,0.0,21.7,6.78,1.73,74.98,0.72,2.46,Feni_Feni
2017-01-16,0.0,22.67,8.1,1.73,77.36,0.72,2.64,Feni_Feni
2017-01-17,0.0,22.91,8.49,1.61,71.98,0.72,2.66,Feni_Feni
2017-01-18,0.0,23.51,9.72,1.73,71.77,0.71,2.65,Feni_Feni
2017-01-19,0.0,24.8,9.8,1.77,77.72,0.71,3.2,Feni_Feni
2017-01-20,0.0,24.24,10.42,1.85,75.42,0.71,3.07,Feni_Feni
2017-01-21,0.0,23.82,9.9,1.75,73.38,0.7,3.07,Feni_Feni
2017-01-22,0.0,24.63,10.22,1.62,75.08,0.7,3.17,Feni_Feni
2017-01-23,0.0,23.87,10.32,1.59,73.69,0.69,2.91,Feni_Feni
2017-01-24,0.0,24.73,12.14,1.55,71.05,0.69,3.21,Feni_Feni
2017-01-25,0.0,25.69,12.45,1.33,73.86,0.68,3.61,Feni_Feni
2017-01-26,0.0,26.22,13.35,0.85,74.13,0.68,4.04,Feni_Feni
2017-01-27,0.0,26.85,14.64,0.89,69.87,0.68,3.74,Feni_Feni
2017-01-28,0.0,26.17,16.69,1.03,73.52,0.67,3.4,Feni_Feni
2017-01-29,0.0,24.58,13.79,1.76,79.31,0.67,3.35,Feni_Feni
2017-01-30,0.0,24.5,11.79,1.31,72.66,0.67,3.47,Feni_Feni
2017-01-31,0.0,24.65,14.36,0.92,65.09,0.66,3.27,Feni_Feni
2017-02-01,0.0,25.46,12.41,1.2,69.2,0.66,3.61,Feni_Feni
2017-02-02,0.0,24.73,11.31,1.85,72.79,0.65,3.28,Feni_Feni
2017-02-03,0.0,23.76,11.35,1.6,71.31,0.65,3.23,Feni_Feni
2017-02-04,0.0,26.38,11.02,1.19,71.74,0.65,3.92,Feni_Feni
2017-02-05,0.0,27.38,14.27,1.06,69.44,0.64,4.35,Feni_Feni
2017-02-06,0.0,27.6,14.73,1.05,75.74,0.64,4.66,Feni_Feni
2017-02-07,0.0,27.09,15.93,1.08,73.1,0.63,4.1,Feni_Feni
2017-02-08,0.0,26.32,15.92,1.31,64.88,0.63,4.06,Feni_Feni
2017-02-09,0.0,26.4,12.85,1.24,57.78,0.62,4.22,Feni_Feni
2017-02-10,0.0,27.03,13.27,0.95,56.08,0.62,4.24,Feni_Feni
2017-02-11,0.0,26.88,14.28,1.18,63.03,0.62,3.65,Feni_Feni
2017-02-12,0.0,27.56,15.77,1.29,63.94,0.61,3.91,Feni_Feni
2017-02-13,0.0,26.93,14.1,1.11,61.77,0.61,3.72,Feni_Feni
2017-02-14,0.0,28.25,15.87,1.49,65.13,0.6,4.49,Feni_Feni
2017-02-15,0.0,27.6,15.27,1.66,69.57,0.6,4.22,Feni_Feni
2017-02-16,0.0,27.65,16.5,1.11,61.88,0.6,4.36,Feni_Feni
2017-02-17,0.0,27.84,15.39,0.91,59.58,0.59,4.53,Feni_Feni
2017-02-18,0.0,28.44,15.93,0.96,63.06,0.59,4.77,Feni_Feni
2017-02-19,0.0,28.17,17.55,1.15,77.54,0.58,3.74,Feni_Feni
2017-02-20,0.0,27.79,17.79,2.13,85.3,0.58,3.96,Feni_Feni
2017-02-21,0.01,28.13,20.44,3.41,86.79,0.58,4.32,Feni_Feni
2017-02-22,0.07,28.59,20.68,3.14,84.48,0.57,4.79,Feni_Feni
2017-02-23,7.18,28.37,19.94,1.9,87.31,0.57,3.8,Feni_Feni
2017-02-24,0.19,28.33,17.86,1.11,62.03,0.57,5.41,Feni_Feni
2017-02-25,4.68,27.3,16.34,1.04,46.29,0.57,5.29,Feni_Feni
2017-02-26,0.0,27.46,15.37,1.05,51.09,0.57,5.45,Feni_Feni
2017-02-27,0.0,28.35,16.42,0.95,61.64,0.56,5.5,Feni_Feni
2017-02-28,0.0,28.67,16.71,1.0,51.28,0.55,5.52,Feni_Feni
2017-03-01,0.0,29.29,16.18,0.86,50.2,0.55,5.52,Feni_Feni
2017-03-02,0.0,30.25,17.01,1.45,71.93,0.54,5.43,Feni_Feni
2017-03-03,0.0,30.02,18.04,2.05,81.56,0.54,5.21,Feni_Feni
2017-03-04,0.01,29.18,18.34,1.62,81.16,0.53,4.75,Feni_Feni
2017-03-05,7.68,29.2,18.53,2.43,83.33,0.53,4.52,Feni_Feni
2017-03-06,76.34,27.92,20.27,1.6,87.89,0.62,2.59,Feni_Feni
2017-03-07,26.12,29.16,20.06,0.83,74.65,0.69,4.71,Feni_Feni
2017-03-08,29.34,29.06,21.01,0.98,70.6,0.68,3.88,Feni_Feni
2017-03-09,1.86,28.27,20.0,1.42,82.79,0.69,4.41,Feni_Feni
2017-03-10,15.08,28.91,19.89,2.03,87.13,0.68,3.9,Feni_Feni
2017-03-11,62.54,28.32,22.83,3.3,92.17,0.73,1.37,Feni_Feni
2017-03-12,25.04,26.17,22.09,1.79,79.74,0.78,2.59,Feni_Feni
2017-03-13,5.71,27.21,17.84,1.53,68.67,0.77,4.35,Feni_Feni
2017-03-14,0.0,27.35,14.28,1.56,54.93,0.74,4.65,Feni_Feni
2017-03-15,0.0,26.87,14.7,1.47,56.66,0.73,4.67,Feni_Feni
2017-03-16,0.0,27.36,14.99,1.32,54.03,0.72,4.89,Feni_Feni
2017-03-17,0.0,28.39,15.94,1.14,59.82,0.71,5.15,Feni_Feni
2017-03-18,7.95,28.64,17.05,1.79,86.11,0.71,3.85,Feni_Feni
2017-03-19,9.99,29.34,19.54,1.37,80.23,0.73,4.8,Feni_Feni
2017-03-20,8.44,25.76,19.59,0.94,82.33,0.73,2.41,Feni_Feni
2017-03-21,0.45,27.26,16.87,1.09,72.73,0.73,4.71,Feni_Feni
2017-03-22,0.0,28.67,17.84,1.1,70.21,0.72,5.09,Feni_Feni
2017-03-23,0.0,29.72,19.73,0.9,75.16,0.71,5.55,Feni_Feni
2017-03-24,0.18,30.42,20.94,1.83,84.46,0.7,5.52,Feni_Feni
2017-03-25,4.31,29.51,21.5,1.86,88.71,0.7,4.05,Feni_Feni
2017-03-26,0.06,30.48,21.38,1.07,83.28,0.7,5.37,Feni_Feni
2017-03-27,0.08,30.68,21.73,1.71,87.04,0.69,5.39,Feni_Feni
2017-03-28,0.28,29.93,22.1,2.4,88.0,0.68,4.95,Feni_Feni
2017-03-29,2.27,29.87,23.23,3.84,87.31,0.68,5.11,Feni_Feni
2017-03-30,2.21,30.47,24.55,4.45,85.28,0.67,5.56,Feni_Feni
2017-03-31,0.82,30.51,23.8,3.54,86.3,0.67,5.61,Feni_Feni
2017-04-01,0.13,30.36,22.96,3.33,86.93,0.66,5.71,Feni_Feni
2017-04-02,0.26,30.37,23.96,4.63,84.14,0.65,5.54,Feni_Feni
2017-04-03,7.43,28.3,24.86,4.42,89.41,0.65,1.87,Feni_Feni
2017-04-04,30.14,29.5,24.08,4.22,88.51,0.68,3.57,Feni_Feni
2017-04-05,52.83,28.91,23.86,2.97,88.71,0.73,2.66,Feni_Feni
2017-04-06,33.12,30.26,22.84,1.54,88.19,0.79,3.88,Feni_Feni
2017-04-07,14.74,31.14,23.32,1.8,88.79,0.79,3.74,Feni_Feni
2017-04-08,0.16,30.76,24.51,1.81,89.83,0.77,3.77,Feni_Feni
2017-04-09,0.01,31.72,23.84,1.72,86.8,0.76,5.36,Feni_Feni
2017-04-10,0.01,31.54,23.33,1.48,85.32,0.74,5.43,Feni_Feni
2017-04-11,0.0,32.17,23.48,1.19,82.26,0.73,6.47,Feni_Feni
2017-04-12,0.0,31.88,23.03,1.06,77.41,0.73,6.56,Feni_Feni
2017-04-13,0.0,33.08,22.95,0.89,73.92,0.72,7.2,Feni_Feni
2017-04-14,0.0,31.91,22.39,1.34,79.29,0.71,6.2,Feni_Feni
2017-04-15,0.3,31.14,21.98,2.42,85.35,0.71,5.98,Feni_Feni
2017-04-16,4.57,30.66,23.17,1.5,82.34,0.7,5.57,Feni_Feni
2017-04-17,0.11,31.33,20.96,1.97,78.42,0.7,6.63,Feni_Feni
2017-04-18,0.66,31.06,23.18,1.95,85.69,0.69,6.3,Feni_Feni
2017-04-19,44.52,30.19,24.13,3.56,87.9,0.71,4.15,Feni_Feni
2017-04-20,73.36,29.86,25.23,3.49,89.31,0.81,2.32,Feni_Feni
2017-04-21,112.96,28.26,24.84,3.19,92.09,0.9,0.74,Feni_Feni
2017-04-22,103.06,28.65,25.11,3.78,91.03,0.96,0.96,Feni_Feni
2017-04-23,51.6,29.52,25.24,3.58,90.76,0.99,1.79,Feni_Feni
2017-04-24,40.52,29.53,25.13,4.08,91.69,0.98,2.01,Feni_Feni
2017-04-25,21.6,30.26,26.06,4.55,91.65,0.98,2.03,Feni_Feni
2017-04-26,8.66,29.49,25.9,4.21,91.96,0.97,1.59,Feni_Feni
2017-04-27,6.92,29.23,24.99,2.65,92.18,0.97,1.5,Feni_Feni
2017-04-28,0.23,28.76,24.37,2.03,92.54,0.96,1.36,Feni_Feni
2017-04-29,0.69,30.42,23.93,2.17,91.97,0.96,2.25,Feni_Feni
2017-04-30,0.76,28.51,24.91,2.2,94.69,0.95,0.82,Feni_Feni
2017-05-01,4.02,29.33,24.95,1.65,91.7,0.95,0.99,Feni_Feni
2017-05-02,12.99,29.85,24.3,1.26,86.05,0.95,2.9,Feni_Feni
2017-05-03,5.15,31.58,24.37,1.22,82.53,0.95,4.16,Feni_Feni
2017-05-04,0.09,31.76,24.5,1.33,84.68,0.94,4.25,Feni_Feni
2017-05-05,0.03,31.21,23.8,2.34,89.31,0.93,3.23,Feni_Feni
2017-05-06,0.37,30.37,24.82,2.67,88.82,0.92,3.12,Feni_Feni
2017-05-07,0.65,29.11,24.12,2.07,89.89,0.92,2.08,Feni_Feni
2017-05-08,0.0,29.97,24.5,1.57,89.61,0.91,2.03,Feni_Feni
2017-05-09,4.29,28.99,24.4,1.15,89.05,0.91,1.16,Feni_Feni
2017-05-10,11.58,32.16,25.19,0.72,78.22,0.92,3.75,Feni_Feni
2017-05-11,4.03,32.05,24.99,1.33,84.14,0.91,4.33,Feni_Feni
2017-05-12,0.11,33.18,24.95,1.1,79.8,0.9,6.22,Feni_Feni
2017-05-13,1.61,32.5,25.08,1.4,84.87,0.9,5.16,Feni_Feni
2017-05-14,18.77,31.94,25.01,1.84,87.96,0.89,4.28,Feni_Feni
2017-05-15,31.89,31.51,25.99,2.57,89.9,0.92,2.46,Feni_Feni
2017-05-16,34.19,30.39,26.32,2.37,90.05,0.93,2.34,Feni_Feni
2017-05-17,36.83,31.73,25.79,1.44,86.83,0.96,3.41,Feni_Feni
2017-05-18,12.46,31.59,26.21,1.29,89.15,0.95,2.74,Feni_Feni
2017-05-19,25.08,30.73,27.01,1.92,92.87,0.96,1.11,Feni_Feni
2017-05-20,3.07,31.4,26.53,2.01,90.27,0.96,2.51,Feni_Feni
2017-05-21,1.79,31.09,26.47,2.0,91.74,0.95,1.78,Feni_Feni
2017-05-22,0.54,31.26,26.32,1.98,90.01,0.95,2.35,Feni_Feni
2017-05-23,0.18,32.05,26.52,1.76,88.89,0.94,3.03,Feni_Feni
2017-05-24,0.0,32.24,26.83,1.67,88.34,0.93,3.3,Feni_Feni
2017-05-25,0.0,31.55,26.84,1.52,88.94,0.92,2.03,Feni_Feni
2017-05-26,0.08,32.46,26.78,1.0,83.62,0.92,3.98,Feni_Feni
2017-05-27,6.12,31.88,26.51,1.11,86.35,0.92,2.28,Feni_Feni
2017-05-28,3.83,32.93,26.36,0.81,79.29,0.91,3.94,Feni_Feni
2017-05-29,22.66,29.67,25.77,1.37,87.3,0.92,1.09,Feni_Feni
2017-05-30,80.72,29.26,25.57,4.38,93.78,0.96,0.58,Feni_Feni
2017-05-31,51.0,30.02,27.32,3.11,93.97,0.99,0.62,Feni_Feni
2017-06-01,107.07,30.26,27.53,3.43,94.36,1.0,0.5,Feni_Feni
2017-06-02,110.72,29.7,27.09,3.65,93.42,1.0,0.37,Feni_Feni
2017-06-03,75.24,30.59,26.82,3.67,93.05,1.0,0.66,Feni_Feni
2017-06-04,63.46,29.89,27.45,3.17,94.79,1.0,0.33,Feni_Feni
2017-06-05,14.84,29.49,26.56,2.78,94.29,1.0,0.42,Feni_Feni
2017-06-06,9.34,30.18,26.31,1.61,93.04,1.0,0.67,Feni_Feni
2017-06-07,1.95,32.48,26.54,1.18,86.54,0.99,2.39,Feni_Feni
2017-06-08,11.73,32.62,27.01,1.39,87.4,0.99,2.41,Feni_Feni
2017-06-09,20.77,31.04,26.53,1.64,89.73,0.99,1.74,Feni_Feni
2017-06-10,5.42,30.92,26.5,1.81,90.54,0.99,1.01,Feni_Feni
2017-06-11,53.4,29.78,26.39,4.8,93.28,0.99,0.6,Feni_Feni
2017-06-12,129.61,28.25,26.08,6.36,94.3,1.0,0.23,Feni_Feni
2017-06-13,31.16,29.61,27.38,3.93,94.94,1.0,0.24,Feni_Feni
2017-06-14,6.15,30.22,27.11,2.35,92.56,1.0,0.99,Feni_Feni
2017-06-15,48.37,29.32,26.41,4.51,90.95,1.0,1.05,Feni_Feni
2017-06-16,33.79,29.99,25.26,3.46,93.48,1.0,0.69,Feni_Feni
2017-06-17,49.64,30.6,26.8,2.77,91.78,1.0,1.33,Feni_Feni
2017-06-18,41.75,29.91,26.59,3.28,94.42,1.0,0.48,Feni_Feni
2017-06-19,99.86,28.66,26.79,4.11,94.59,1.0,0.28,Feni_Feni
2017-06-20,39.59,28.4,26.19,2.95,94.6,1.0,0.27,Feni_Feni
2017-06-21,26.66,29.07,25.47,2.08,92.18,1.0,0.75,Feni_Feni
2017-06-22,19.45,30.0,26.06,2.16,92.18,1.0,0.99,Feni_Feni
2017-06-23,20.65,30.41,26.05,1.26,91.29,1.0,1.09,Feni_Feni
2017-06-24,2.33,31.15,26.03,2.6,90.41,0.99,2.41,Feni_Feni
2017-06-25,5.14,30.94,25.96,3.14,90.16,0.98,2.51,Feni_Feni
2017-06-26,6.93,31.1,26.13,2.99,90.82,0.98,2.44,Feni_Feni
2017-06-27,2.34,29.44,26.07,2.73,92.48,0.97,1.37,Feni_Feni
2017-06-28,6.03,30.13,26.36,2.97,92.53,0.97,1.36,Feni_Feni
2017-06-29,6.91,30.73,26.65,3.07,91.41,0.97,2.0,Feni_Feni
2017-06-30,12.68,29.79,26.69,3.65,92.7,0.97,1.09,Feni_Feni
2017-07-01,46.84,29.2,27.11,4.12,94.23,0.98,0.62,Feni_Feni
2017-07-02,52.01,31.03,26.76,4.02,90.67,0.99,2.44,Feni_Feni
2017-07-03,97.31,29.61,26.88,3.61,93.4,1.0,0.79,Feni_Feni
2017-07-04,68.02,28.68,26.89,3.44,95.54,1.0,0.15,Feni_Feni
2017-07-05,12.91,30.61,26.69,3.54,91.72,1.0,1.58,Feni_Feni
2017-07-06,4.85,30.67,26.26,3.01,90.02,0.99,2.51,Feni_Feni
2017-07-07,5.07,31.33,26.28,2.6,89.69,0.98,2.97,Feni_Feni
2017-07-08,1.1,30.46,26.2,3.42,91.43,0.98,1.98,Feni_Feni
2017-07-09,4.56,30.9,26.43,3.6,90.61,0.97,2.83,Feni_Feni
2017-07-10,21.25,30.09,26.59,3.33,91.77,0.97,1.64,Feni_Feni
2017-07-11,37.99,29.14,26.32,3.11,94.27,0.98,0.61,Feni_Feni
2017-07-12,11.82,30.17,26.05,3.15,89.99,0.98,2.63,Feni_Feni
2017-07-13,28.23,28.63,25.91,2.41,93.53,0.98,0.86,Feni_Feni
2017-07-14,24.51,30.13,26.15,2.54,91.13,0.99,2.18,Feni_Feni
2017-07-15,13.34,30.01,25.74,1.5,89.57,0.98,2.04,Feni_Feni
2017-07-16,11.21,30.45,26.19,1.43,91.26,0.98,1.26,Feni_Feni
2017-07-17,3.44,31.42,25.46,1.09,86.98,0.98,2.65,Feni_Feni
2017-07-18,11.82,30.52,26.43,1.96,91.25,0.98,1.51,Feni_Feni
2017-07-19,96.59,28.85,26.56,4.23,94.12,0.99,0.59,Feni_Feni
2017-07-20,239.6,28.9,26.37,3.36,94.05,1.0,0.39,Feni_Feni
2017-07-21,177.06,30.31,26.21,3.87,93.25,1.0,1.0,Feni_Feni
2017-07-22,5.75,30.25,26.51,2.61,91.87,0.99,1.4,Feni_Feni
2017-07-23,49.07,29.15,25.69,3.73,93.51,0.99,0.73,Feni_Feni
2017-07-24,222.96,28.36,26.28,4.82,94.37,1.0,0.34,Feni_Feni
2017-07-25,65.93,28.88,26.15,4.08,92.46,1.0,0.84,Feni_Feni
2017-07-26,91.09,30.07,25.67,2.47,91.21,1.0,1.78,Feni_Feni
2017-07-27,13.99,29.8,25.38,1.54,90.7,1.0,1.65,Feni_Feni
2017-07-28,6.97,31.68,25.74,1.38,89.08,0.99,2.92,Feni_Feni
2017-07-29,4.04,30.07,26.44,1.56,92.01,0.99,1.48,Feni_Feni
2017-07-30,18.5,30.76,25.7,1.78,88.99,0.99,3.07,Feni_Feni
2017-07-31,10.85,31.43,25.47,1.7,88.84,0.98,3.26,Feni_Feni
2017-08-01,8.32,30.55,26.61,2.05,90.37,0.98,1.99,Feni_Feni
2017-08-02,12.9,30.85,26.86,1.97,92.02,0.98,1.88,Feni_Feni
2017-08-03,24.17,31.41,26.69,1.62,90.74,0.98,2.99,Feni_Feni
2017-08-04,5.23,32.41,27.01,1.01,89.52,0.98,2.15,Feni_Feni
2017-08-05,8.66,31.02,26.9,2.62,90.51,0.98,2.86,Feni_Feni
2017-08-06,46.51,30.89,26.54,2.46,89.85,0.98,3.07,Feni_Feni
2017-08-07,50.29,30.63,26.0,3.04,90.15,0.99,2.93,Feni_Feni
2017-08-08,47.16,30.54,26.15,3.19,90.61,1.0,2.14,Feni_Feni
2017-08-09,40.5,30.56,26.44,3.03,91.6,0.99,1.67,Feni_Feni
2017-08-10,59.62,29.91,26.55,3.94,92.09,1.0,1.34,Feni_Feni
2017-08-11,146.6,29.58,26.68,3.66,94.03,1.0,0.49,Feni_Feni
2017-08-12,176.7,29.19,27.01,3.21,95.26,1.0,0.3,Feni_Feni
2017-08-13,68.75,29.59,26.17,2.34,93.53,1.0,0.79,Feni_Feni
2017-08-14,41.81,30.74,26.21,2.29,91.09,1.0,2.16,Feni_Feni
2017-08-15,73.4,31.38,26.24,2.31,91.0,1.0,2.33,Feni_Feni
2017-08-16,115.81,29.3,26.2,2.48,92.35,1.0,1.11,Feni_Feni
2017-08-17,49.69,30.71,25.61,2.42,90.3,1.0,2.65,Feni_Feni
2017-08-18,6.98,30.47,25.74,2.52,91.28,0.99,2.41,Feni_Feni
2017-08-19,4.57,31.26,25.76,2.35,89.8,0.98,3.7,Feni_Feni
2017-08-20,3.97,30.45,25.72,1.41,89.55,0.98,2.91,Feni_Feni
2017-08-21,4.51,31.47,25.9,1.07,84.48,0.98,4.34,Feni_Feni
2017-08-22,29.77,31.61,25.89,1.03,84.98,0.98,1.98,Feni_Feni
2017-08-23,23.68,32.11,25.66,1.56,87.72,0.99,5.13,Feni_Feni
2017-08-24,27.96,31.35,26.28,1.77,90.55,0.99,2.54,Feni_Feni
2017-08-25,37.89,30.73,26.18,1.98,90.59,0.99,2.53,Feni_Feni
2017-08-26,37.13,29.91,26.38,2.24,92.95,1.0,1.06,Feni_Feni
2017-08-27,9.11,30.56,25.48,2.49,89.52,0.99,3.1,Feni_Feni
2017-08-28,8.0,30.6,26.13,2.5,90.64,0.99,2.35,Feni_Feni
2017-08-29,6.07,30.98,26.17,2.25,90.71,0.98,2.61,Feni_Feni
2017-08-30,12.72,31.52,26.2,1.02,87.2,0.98,3.66,Feni_Feni
2017-08-31,50.96,29.54,26.1,1.73,91.74,0.99,1.73,Feni_Feni
2017-09-01,99.54,28.3,26.06,2.24,95.22,1.0,0.22,Feni_Feni
2017-09-02,56.5,29.74,26.02,2.55,91.82,1.0,1.75,Feni_Feni
2017-09-03,20.88,30.48,26.06,2.54,91.42,1.0,2.42,Feni_Feni
2017-09-04,15.18,30.62,26.1,1.25,89.71,0.99,2.23,Feni_Feni
2017-09-05,17.65,31.7,25.91,1.02,88.14,0.99,3.7,Feni_Feni
2017-09-06,12.86,31.22,26.02,0.97,89.39,0.99,3.29,Feni_Feni
2017-09-07,14.97,29.45,25.95,1.57,89.23,0.99,2.01,Feni_Feni
2017-09-08,12.5,30.33,25.65,1.73,89.51,0.99,2.17,Feni_Feni
2017-09-09,37.05,30.05,25.78,2.24,91.17,0.99,2.57,Feni_Feni
2017-09-10,41.35,27.73,25.76,2.22,93.83,1.0,0.44,Feni_Feni
2017-09-11,74.74,30.33,25.4,1.94,90.76,1.0,2.51,Feni_Feni
2017-09-12,69.57,30.47,25.05,1.69,90.59,1.0,2.68,Feni_Feni
2017-09-13,46.32,29.48,25.64,1.74,92.13,1.0,1.68,Feni_Feni
2017-09-14,42.77,30.89,25.49,1.39,88.67,1.0,3.44,Feni_Feni
2017-09-15,1.66,32.51,25.73,0.74,83.97,0.99,6.14,Feni_Feni
2017-09-16,34.83,31.08,26.1,1.19,89.12,0.99,2.37,Feni_Feni
2017-09-17,44.26,31.49,26.84,1.58,92.7,1.0,1.16,Feni_Feni
2017-09-18,26.81,30.22,26.01,1.42,89.72,1.0,1.99,Feni_Feni
2017-09-19,55.76,29.74,26.13,2.6,93.16,1.0,1.14,Feni_Feni
2017-09-20,38.56,30.18,26.93,2.75,94.41,1.0,0.9,Feni_Feni
2017-09-21,8.2,30.54,26.3,1.81,92.12,1.0,1.98,Feni_Feni
2017-09-22,2.88,31.11,26.08,1.24,88.94,0.99,4.08,Feni_Feni
2017-09-23,2.74,32.34,26.15,1.18,87.28,0.99,5.17,Feni_Feni
2017-09-24,6.56,32.09,25.88,1.19,86.62,0.98,4.81,Feni_Feni
2017-09-25,7.41,32.44,25.4,1.12,86.64,0.98,6.06,Feni_Feni
2017-09-26,24.19,31.94,26.27,1.14,89.06,0.98,3.2,Feni_Feni
2017-09-27,46.19,32.77,26.42,0.59,78.65,0.99,2.65,Feni_Feni
2017-09-28,18.75,30.22,25.88,1.74,90.27,0.99,2.24,Feni_Feni
2017-09-29,79.53,29.26,26.17,2.03,92.45,1.0,1.08,Feni_Feni
2017-09-30,64.81,30.13,26.31,1.99,91.13,1.0,1.47,Feni_Feni
2017-10-01,10.49,30.49,25.87,0.97,88.2,1.0,2.65,Feni_Feni
2017-10-02,9.17,31.08,25.1,1.04,87.91,0.99,3.27,Feni_Feni
2017-10-03,6.6,31.12,25.4,0.67,85.58,0.99,4.53,Feni_Feni
2017-10-04,1.43,31.69,25.39,0.69,85.53,0.99,4.35,Feni_Feni
2017-10-05,1.86,30.48,25.87,0.99,88.65,0.98,1.9,Feni_Feni
2017-10-06,1.82,31.01,26.11,1.0,87.88,0.98,4.01,Feni_Feni
2017-10-07,10.64,28.07,25.64,1.83,93.29,0.98,0.9,Feni_Feni
2017-10-08,27.8,28.08,25.1,2.53,92.84,0.98,1.29,Feni_Feni
2017-10-09,12.98,29.22,24.61,2.13,91.66,0.99,1.51,Feni_Feni
2017-10-10,1.74,31.4,24.66,1.11,85.33,0.98,6.07,Feni_Feni
2017-10-11,0.29,31.4,24.68,1.4,87.22,0.98,5.81,Feni_Feni
2017-10-12,0.94,30.25,25.25,1.62,91.0,0.97,2.55,Feni_Feni
2017-10-13,1.0,30.73,25.7,1.74,89.21,0.97,5.19,Feni_Feni
2017-10-14,0.04,31.22,25.17,1.27,86.75,0.96,6.97,Feni_Feni
2017-10-15,0.47,31.58,25.6,0.95,85.76,0.95,7.04,Feni_Feni
2017-10-16,0.2,31.25,24.26,1.64,85.06,0.95,5.56,Feni_Feni
2017-10-17,1.14,31.79,23.19,1.48,86.49,0.94,5.89,Feni_Feni
2017-10-18,10.16,29.1,25.3,1.28,91.19,0.94,1.15,Feni_Feni
2017-10-19,26.01,28.72,25.14,1.75,91.99,0.94,1.42,Feni_Feni
2017-10-20,78.72,27.49,25.57,3.54,94.83,0.98,0.34,Feni_Feni
2017-10-21,183.33,27.96,25.38,6.37,93.72,1.0,0.43,Feni_Feni
2017-10-22,9.57,28.5,22.91,2.33,88.46,1.0,3.58,Feni_Feni
2017-10-23,1.23,30.02,23.15,0.83,82.78,0.99,5.53,Feni_Feni
2017-10-24,0.01,30.13,21.98,0.91,80.99,0.99,6.27,Feni_Feni
2017-10-25,0.28,29.68,22.86,0.92,81.9,0.98,5.21,Feni_Feni
2017-10-26,0.3,29.52,20.19,1.39,85.52,0.98,4.59,Feni_Feni
2017-10-27,0.0,27.9,17.7,1.56,78.79,0.97,4.66,Feni_Feni
2017-10-28,0.07,28.03,17.89,1.54,81.04,0.96,4.38,Feni_Feni
2017-10-29,16.35,28.14,19.04,0.93,78.06,0.96,3.67,Feni_Feni
2017-10-30,27.45,24.99,20.74,1.28,90.11,0.98,1.03,Feni_Feni
2017-10-31,1.33,26.65,20.09,1.05,81.98,0.97,3.7,Feni_Feni
2017-11-01,0.7,27.37,19.27,1.17,83.73,0.97,4.74,Feni_Feni
2017-11-02,0.03,28.71,18.8,1.34,85.18,0.96,5.24,Feni_Feni
2017-11-03,0.0,29.0,19.41,1.54,85.95,0.96,5.11,Feni_Feni
2017-11-04,0.0,30.89,20.28,0.92,77.88,0.95,7.03,Feni_Feni
2017-11-05,0.0,30.42,22.57,1.02,81.2,0.94,6.35,Feni_Feni
2017-11-06,0.0,29.74,20.4,1.31,83.53,0.94,5.87,Feni_Feni
2017-11-07,0.0,29.14,19.17,1.37,84.25,0.93,5.46,Feni_Feni
2017-11-08,4.43,28.9,19.16,1.14,80.61,0.93,5.23,Feni_Feni
2017-11-09,0.0,28.83,19.11,0.82,70.84,0.92,6.54,Feni_Feni
2017-11-10,0.0,28.32,17.51,1.33,78.59,0.92,5.37,Feni_Feni
2017-11-11,0.0,28.78,17.59,1.4,83.29,0.91,5.34,Feni_Feni
2017-11-12,0.0,28.66,18.42,1.64,86.0,0.9,4.79,Feni_Feni
2017-11-13,0.0,28.23,18.17,1.4,86.77,0.9,4.25,Feni_Feni
2017-11-14,0.0,28.35,18.45,1.29,87.09,0.89,4.2,Feni_Feni
2017-11-15,3.99,27.06,21.33,1.62,91.9,0.89,1.42,Feni_Feni
2017-11-16,2.33,28.82,20.98,2.23,91.57,0.89,2.27,Feni_Feni
2017-11-17,1.15,29.36,21.9,1.32,87.36,0.89,4.28,Feni_Feni
2017-11-18,1.25,28.87,22.33,1.16,88.98,0.89,3.59,Feni_Feni
2017-11-19,0.06,28.95,21.49,1.5,88.25,0.88,4.89,Feni_Feni
2017-11-20,0.0,28.02,19.84,1.92,86.51,0.88,4.61,Feni_Feni
2017-11-21,0.0,27.49,18.57,1.71,87.92,0.87,3.63,Feni_Feni
2017-11-22,0.0,26.18,15.72,1.65,82.33,0.87,3.77,Feni_Feni
2017-11-23,0.0,25.39,13.86,1.6,79.97,0.86,3.52,Feni_Feni
2017-11-24,0.0,24.81,13.71,1.67,85.35,0.86,3.49,Feni_Feni
2017-11-25,0.0,25.71,13.97,1.52,79.44,0.85,3.74,Feni_Feni
2017-11-26,0.0,25.38,13.22,1.39,81.15,0.85,3.83,Feni_Feni
2017-11-27,0.0,25.11,14.7,1.31,84.52,0.84,3.69,Feni_Feni
2017-11-28,0.0,25.64,16.1,0.94,79.27,0.84,3.67,Feni_Feni
2017-11-29,0.0,25.15,14.72,1.37,79.4,0.84,3.37,Feni_Feni
2017-11-30,0.0,25.01,14.08,1.44,81.91,0.83,3.73,Feni_Feni
2017-12-01,0.0,25.62,14.23,1.08,78.58,0.83,4.57,Feni_Feni
2017-12-02,0.0,25.8,14.35,1.04,76.67,0.82,4.46,Feni_Feni
2017-12-03,0.0,24.44,14.21,1.35,78.02,0.82,4.2,Feni_Feni
2017-12-04,0.0,24.69,12.97,1.33,75.94,0.82,4.08,Feni_Feni
2017-12-05,0.0,25.29,13.76,0.94,73.48,0.81,4.55,Feni_Feni
2017-12-06,0.0,24.64,13.44,0.94,73.78,0.81,4.21,Feni_Feni
2017-12-07,0.0,25.13,13.95,0.98,74.82,0.8,3.77,Feni_Feni
2017-12-08,3.94,20.63,17.26,1.27,86.83,0.8,0.64,Feni_Feni
2017-12-09,47.54,25.47,18.15,1.22,94.63,0.83,0.55,Feni_Feni
2017-12-10,23.16,27.26,19.29,1.89,93.38,0.87,1.63,Feni_Feni
2017-12-11,67.07,26.99,20.03,2.51,94.32,0.92,1.16,Feni_Feni
2017-12-12,1.74,26.3,19.38,1.22,87.85,0.92,2.83,Feni_Feni
2017-12-13,0.0,26.19,17.89,1.2,85.96,0.91,3.3,Feni_Feni
2017-12-14,0.0,26.04,16.14,1.28,86.44,0.9,2.61,Feni_Feni
2017-12-15,0.0,24.85,15.24,1.44,82.97,0.9,3.02,Feni_Feni
2017-12-16,0.0,24.54,13.23,1.28,80.87,0.89,3.15,Feni_Feni
2017-12-17,0.0,24.36,13.27,1.24,83.48,0.89,3.18,Feni_Feni
2017-12-18,0.0,24.44,13.75,1.19,87.81,0.88,3.27,Feni_Feni
2017-12-19,0.0,24.55,13.87,1.05,86.32,0.88,3.25,Feni_Feni
2017-12-20,0.0,25.11,15.56,0.8,85.84,0.88,3.12,Feni_Feni
2017-12-21,0.0,25.32,16.91,0.9,86.77,0.87,3.01,Feni_Feni
2017-12-22,0.0,24.58,16.14,1.02,83.41,0.87,3.19,Feni_Feni
2017-12-23,0.0,24.71,14.74,1.41,85.08,0.86,3.09,Feni_Feni
2017-12-24,0.0,24.94,14.03,1.44,87.0,0.86,2.95,Feni_Feni
2017-12-25,0.0,24.2,13.89,1.31,86.92,0.86,2.75,Feni_Feni
2017-12-26,0.0,24.99,15.33,1.54,88.45,0.85,2.92,Feni_Feni
2017-12-27,0.0,24.75,14.09,1.88,89.17,0.85,2.75,Feni_Feni
2017-12-28,0.0,26.95,13.59,1.11,84.9,0.85,3.94,Feni_Feni
2017-12-29,0.0,25.48,14.44,1.14,86.41,0.84,3.65,Feni_Feni
2017-12-30,0.0,25.84,13.68,1.29,84.19,0.84,3.26,Feni_Feni
2017-12-31,0.0,25.78,14.09,1.26,82.89,0.83,3.36,Feni_Feni
2018-01-01,0.05,24.79,14.27,0.72,76.28,0.83,2.52,Feni_Feni
2018-01-02,4.05,21.39,15.77,1.93,90.59,0.83,0.59,Feni_Feni
2018-01-03,1.99,22.99,13.1,1.75,87.03,0.83,1.91,Feni_Feni
2018-01-04,1.08,21.16,9.6,1.72,83.37,0.83,1.98,Feni_Feni
2018-01-05,0.0,22.0,9.11,1.58,85.26,0.83,2.25,Feni_Feni
2018-01-06,0.0,21.5,9.5,1.68,83.43,0.82,2.08,Feni_Feni
2018-01-07,0.0,19.97,7.9,1.71,77.62,0.82,2.0,Feni_Feni
2018-01-08,0.0,19.0,6.27,1.67,76.51,0.81,1.82,Feni_Feni
2018-01-09,0.0,19.57,6.08,1.58,78.61,0.81,2.02,Feni_Feni
2018-01-10,0.0,19.6,6.7,1.56,80.18,0.81,1.8,Feni_Feni
2018-01-11,0.0,19.58,7.39,1.35,83.1,0.8,1.44,Feni_Feni
2018-01-12,0.0,20.54,8.09,1.22,84.63,0.8,1.36,Feni_Feni
2018-01-13,0.0,21.35,9.72,0.89,82.76,0.8,1.96,Feni_Feni
2018-01-14,0.0,21.45,10.41,1.25,87.34,0.8,1.52,Feni_Feni
2018-01-15,0.0,21.46,10.91,1.41,86.51,0.8,1.47,Feni_Feni
2018-01-16,0.0,22.09,10.4,1.59,85.38,0.79,1.77,Feni_Feni
2018-01-17,0.0,23.02,11.69,1.41,82.5,0.79,2.29,Feni_Feni
2018-01-18,0.0,23.61,11.08,1.39,84.3,0.79,2.37,Feni_Feni
2018-01-19,0.0,23.43,11.01,1.42,84.08,0.79,2.5,Feni_Feni
2018-01-20,0.0,22.46,9.82,1.35,77.01,0.78,2.36,Feni_Feni
2018-01-21,0.0,22.8,9.36,1.53,78.8,0.78,2.55,Feni_Feni
2018-01-22,0.0,23.17,9.62,1.32,80.18,0.78,2.29,Feni_Feni
2018-01-23,0.0,23.32,10.78,1.32,76.44,0.77,2.49,Feni_Feni
2018-01-24,0.0,23.25,11.78,1.16,76.66,0.77,2.54,Feni_Feni
2018-01-25,0.0,24.16,12.1,1.11,78.35,0.77,1.98,Feni_Feni
2018-01-26,0.0,23.29,10.96,1.63,75.93,0.76,2.9,Feni_Feni
2018-01-27,0.0,22.14,10.87,1.49,75.01,0.76,2.24,Feni_Feni
2018-01-28,0.0,20.77,8.36,1.85,76.27,0.76,2.35,Feni_Feni
2018-01-29,0.0,21.46,9.3,1.47,67.84,0.75,2.4,Feni_Feni
2018-01-30,0.0,22.32,9.42,1.14,65.53,0.75,2.43,Feni_Feni
2018-01-31,0.0,23.06,9.49,1.32,77.54,0.74,2.2,Feni_Feni
2018-02-01,0.0,23.78,11.86,1.33,81.7,0.74,2.26,Feni_Feni
2018-02-02,0.0,23.94,12.69,1.24,81.52,0.74,2.36,Feni_Feni
2018-02-03,0.0,24.59,13.52,1.32,83.04,0.74,2.41,Feni_Feni
2018-02-04,0.0,25.21,14.39,1.7,86.98,0.73,2.62,Feni_Feni
2018-02-05,0.0,25.74,14.89,1.09,82.74,0.73,2.64,Feni_Feni
2018-02-06,0.0,25.74,15.66,1.06,80.59,0.72,3.06,Feni_Feni
2018-02-07,0.0,25.84,15.86,1.33,83.02,0.72,3.18,Feni_Feni
2018-02-08,0.0,25.94,17.21,1.45,85.47,0.72,2.91,Feni_Feni
2018-02-09,0.0,26.3,16.34,1.16,76.78,0.71,3.49,Feni_Feni
2018-02-10,0.33,24.88,17.58,0.87,81.57,0.71,1.54,Feni_Feni
2018-02-11,0.0,25.91,15.95,1.31,72.62,0.71,2.43,Feni_Feni
2018-02-12,0.0,25.85,13.17,1.6,71.11,0.7,3.45,Feni_Feni
2018-02-13,0.0,26.45,13.38,1.58,74.05,0.7,3.02,Feni_Feni
2018-02-14,0.0,25.55,15.89,1.61,73.23,0.7,2.69,Feni_Feni
2018-02-15,0.0,25.85,14.35,1.68,77.83,0.69,3.77,Feni_Feni
2018-02-16,0.0,25.52,12.22,1.83,72.59,0.68,3.73,Feni_Feni
2018-02-17,0.0,25.62,11.98,1.31,64.81,0.68,3.49,Feni_Feni
2018-02-18,0.0,26.58,14.86,0.9,61.6,0.68,3.79,Feni_Feni
2018-02-19,0.0,27.33,14.07,0.99,66.02,0.67,3.91,Feni_Feni
2018-02-20,0.0,27.69,15.21,1.12,70.26,0.67,3.82,Feni_Feni
2018-02-21,0.0,28.17,16.48,0.89,69.03,0.66,3.98,Feni_Feni
2018-02-22,0.2,28.36,16.6,0.97,72.29,0.66,4.14,Feni_Feni
2018-02-23,0.0,29.17,18.22,1.33,79.03,0.65,4.2,Feni_Feni
2018-02-24,0.0,29.3,19.22,1.21,77.83,0.65,4.56,Feni_Feni
2018-02-25,0.0,29.47,18.5,1.39,77.12,0.65,4.67,Feni_Feni
2018-02-26,6.09,28.77,19.42,0.92,75.14,0.65,4.03,Feni_Feni
2018-02-27,0.04,28.69,18.34,0.74,69.09,0.65,4.68,Feni_Feni
2018-02-28,0.03,29.0,18.95,0.83,70.77,0.64,4.82,Feni_Feni
2018-03-01,0.0,29.33,20.16,0.96,73.43,0.63,4.82,Feni_Feni
2018-03-02,0.0,29.56,19.44,1.16,75.25,0.63,4.83,Feni_Feni
2018-03-03,0.0,29.66,18.99,2.27,83.79,0.62,4.99,Feni_Feni
2018-03-04,0.0,30.02,20.51,2.38,86.73,0.62,4.98,Feni_Feni
2018-03-05,0.0,30.14,20.03,1.29,80.4,0.61,4.89,Feni_Feni
2018-03-06,0.0,31.23,20.52,1.03,67.24,0.61,5.38,Feni_Feni
2018-03-07,0.0,30.26,19.54,1.42,63.6,0.6,5.58,Feni_Feni
2018-03-08,0.0,29.62,15.97,1.64,52.92,0.59,6.19,Feni_Feni
2018-03-09,0.0,30.01,16.3,1.37,56.35,0.59,5.58,Feni_Feni
2018-03-10,0.0,30.16,17.04,1.04,54.97,0.58,5.9,Feni_Feni
2018-03-11,0.0,30.16,18.38,0.93,66.1,0.58,6.27,Feni_Feni
2018-03-12,0.0,31.08,19.05,1.69,75.78,0.57,6.06,Feni_Feni
2018-03-13,0.17,30.01,20.21,1.51,80.54,0.57,5.08,Feni_Feni
2018-03-14,0.09,30.31,19.34,1.63,83.06,0.56,5.65,Feni_Feni
2018-03-15,0.17,30.75,20.48,2.16,82.89,0.56,5.71,Feni_Feni
2018-03-16,0.05,30.16,21.16,2.02,83.37,0.55,4.9,Feni_Feni
2018-03-17,0.08,30.34,22.26,1.86,80.08,0.55,5.03,Feni_Feni
2018-03-18,0.0,30.7,20.8,1.31,76.92,0.54,6.07,Feni_Feni
2018-03-19,0.0,31.93,22.34,0.97,72.86,0.54,6.59,Feni_Feni
2018-03-20,0.0,32.05,21.39,1.03,67.85,0.53,6.71,Feni_Feni
2018-03-21,0.0,32.08,20.15,1.2,69.67,0.53,6.38,Feni_Feni
2018-03-22,0.0,32.64,20.41,1.02,71.69,0.52,5.93,Feni_Feni
2018-03-23,0.0,31.27,21.09,1.91,77.09,0.52,4.9,Feni_Feni
2018-03-24,0.0,31.77,21.93,1.34,78.91,0.51,4.87,Feni_Feni
2018-03-25,0.09,32.42,22.78,1.04,74.63,0.51,4.92,Feni_Feni
2018-03-26,0.31,32.31,23.96,1.32,73.34,0.5,4.8,Feni_Feni
2018-03-27,2.06,31.88,22.92,1.36,78.19,0.5,4.05,Feni_Feni
2018-03-28,1.16,31.98,22.84,1.78,79.65,0.5,3.95,Feni_Feni
2018-03-29,0.14,31.84,22.67,2.01,77.37,0.5,4.19,Feni_Feni
2018-03-30,1.27,32.02,21.2,1.89,78.91,0.49,3.7,Feni_Feni
2018-03-31,16.29,28.85,22.04,1.04,79.84,0.51,1.73,Feni_Feni
2018-04-01,1.34,28.56,19.85,1.0,72.14,0.52,2.07,Feni_Feni
2018-04-02,0.0,29.31,19.95,1.62,77.21,0.52,2.49,Feni_Feni
2018-04-03,0.91,30.98,21.31,0.95,71.89,0.51,3.57,Feni_Feni
2018-04-04,3.33,32.53,22.2,0.8,71.69,0.51,4.73,Feni_Feni
2018-04-05,1.03,30.56,22.55,1.55,76.93,0.51,3.37,Feni_Feni
2018-04-06,8.95,30.71,21.35,1.33,81.23,0.51,3.57,Feni_Feni
2018-04-07,16.82,29.91,22.04,1.12,81.97,0.54,3.59,Feni_Feni
2018-04-08,10.7,28.43,23.46,1.53,85.4,0.55,2.34,Feni_Feni
2018-04-09,7.33,29.21,23.12,1.31,83.2,0.55,3.82,Feni_Feni
2018-04-10,14.79,30.66,23.38,1.34,80.07,0.56,5.76,Feni_Feni
2018-04-11,2.63,30.78,23.2,1.66,80.01,0.56,6.66,Feni_Feni
2018-04-12,2.91,31.68,22.89,1.34,79.13,0.55,6.9,Feni_Feni
2018-04-13,2.89,31.53,23.55,1.37,77.24,0.54,6.6,Feni_Feni
2018-04-14,2.69,32.13,23.18,1.55,80.69,0.54,6.31,Feni_Feni
2018-04-15,1.43,33.1,23.03,1.39,78.51,0.53,6.76,Feni_Feni
2018-04-16,0.27,34.33,24.04,1.06,72.26,0.53,6.95,Feni_Feni
2018-04-17,14.12,32.9,23.6,1.33,77.68,0.53,4.97,Feni_Feni
2018-04-18,13.39,31.33,23.15,1.98,81.31,0.55,6.5,Feni_Feni
2018-04-19,53.26,30.02,23.84,2.52,88.21,0.61,4.03,Feni_Feni
2018-04-20,31.54,30.93,24.22,3.05,86.42,0.65,5.0,Feni_Feni
2018-04-21,24.78,31.09,25.24,3.74,87.17,0.66,4.99,Feni_Feni
2018-04-22,16.67,30.97,25.15,2.38,88.58,0.67,3.96,Feni_Feni
2018-04-23,26.17,31.36,24.54,1.15,85.34,0.69,4.37,Feni_Feni
2018-04-24,9.6,32.65,24.81,0.91,79.23,0.69,6.46,Feni_Feni
2018-04-25,0.2,32.3,23.98,1.52,84.08,0.67,6.84,Feni_Feni
2018-04-26,6.2,30.67,22.78,1.19,84.26,0.67,4.5,Feni_Feni
2018-04-27,9.45,29.18,23.55,0.85,80.05,0.67,2.81,Feni_Feni
2018-04-28,5.47,31.26,22.8,1.5,79.44,0.68,5.35,Feni_Feni
2018-04-29,33.03,30.11,23.89,2.51,85.59,0.7,4.34,Feni_Feni
2018-04-30,44.83,29.66,23.16,2.45,88.41,0.75,2.92,Feni_Feni
2018-05-01,20.77,29.97,24.02,1.37,84.94,0.77,3.2,Feni_Feni
2018-05-02,3.57,30.83,24.41,1.49,85.35,0.76,4.61,Feni_Feni
2018-05-03,16.38,29.52,23.9,1.6,88.09,0.76,3.26,Feni_Feni
2018-05-04,20.48,30.59,23.93,2.36,86.47,0.77,4.32,Feni_Feni
2018-05-05,40.13,30.61,24.2,2.68,87.95,0.81,3.87,Feni_Feni
2018-05-06,21.61,31.07,25.29,3.35,87.2,0.82,4.45,Feni_Feni
2018-05-07,26.81,30.6,25.9,3.93,89.8,0.84,3.32,Feni_Feni
2018-05-08,7.93,31.5,26.16,3.79,88.77,0.83,4.4,Feni_Feni
2018-05-09,6.77,29.71,25.82,3.17,91.32,0.82,2.3,Feni_Feni
2018-05-10,23.7,30.87,25.01,2.04,90.04,0.83,3.11,Feni_Feni
2018-05-11,23.23,30.44,24.32,1.93,89.86,0.85,3.17,Feni_Feni
2018-05-12,12.14,30.12,24.08,1.52,85.45,0.86,3.83,Feni_Feni
2018-05-13,12.58,30.59,24.12,2.07,86.21,0.86,3.86,Feni_Feni
2018-05-14,6.78,29.56,24.81,1.98,88.88,0.85,2.32,Feni_Feni
2018-05-15,17.31,30.21,24.07,2.19,86.53,0.86,3.6,Feni_Feni
2018-05-16,44.42,29.06,23.7,1.53,87.96,0.89,2.3,Feni_Feni
2018-05-17,32.64,29.72,23.89,2.25,88.42,0.91,3.2,Feni_Feni
2018-05-18,31.05,30.57,24.57,2.42,87.94,0.93,3.35,Feni_Feni
2018-05-19,33.24,30.46,24.59,2.27,88.19,0.94,2.99,Feni_Feni
2018-05-20,23.02,31.2,24.68,2.2,88.42,0.94,3.46,Feni_Feni
2018-05-21,25.02,30.52,24.81,2.43,89.98,0.95,3.0,Feni_Feni
2018-05-22,2.71,30.67,25.34,2.15,88.02,0.94,3.66,Feni_Feni
2018-05-23,44.71,30.49,25.47,1.94,91.34,0.95,1.95,Feni_Feni
2018-05-24,9.3,29.5,25.61,2.05,93.04,0.96,0.97,Feni_Feni
2018-05-25,13.34,30.53,25.77,3.01,90.72,0.96,2.2,Feni_Feni
2018-05-26,11.39,30.04,26.63,2.15,92.42,0.96,0.99,Feni_Feni
2018-05-27,1.9,30.4,26.07,1.56,91.53,0.96,1.75,Feni_Feni
2018-05-28,0.16,31.42,25.5,1.5,89.99,0.95,2.95,Feni_Feni
2018-05-29,10.46,33.11,25.68,1.26,82.17,0.95,3.41,Feni_Feni
2018-05-30,10.41,32.71,24.57,1.89,84.59,0.94,4.39,Feni_Feni
2018-05-31,32.14,29.97,26.49,2.69,92.7,0.96,1.06,Feni_Feni
2018-06-01,8.39,29.74,25.89,1.9,88.72,0.96,1.8,Feni_Feni
2018-06-02,24.59,29.52,25.57,1.56,90.48,0.97,1.4,Feni_Feni
2018-06-03,9.36,30.85,25.7,1.76,89.19,0.97,2.25,Feni_Feni
2018-06-04,10.37,30.3,26.23,1.6,92.66,0.96,0.91,Feni_Feni
2018-06-05,42.26,29.03,26.18,0.95,87.93,0.97,1.78,Feni_Feni
2018-06-06,12.76,31.06,26.55,1.03,87.19,0.98,1.88,Feni_Feni
2018-06-07,5.11,31.19,26.44,0.85,86.73,0.98,2.5,Feni_Feni
2018-06-08,9.34,30.46,26.59,1.24,91.56,0.97,1.23,Feni_Feni
2018-06-09,23.93,29.02,26.32,2.25,93.42,0.98,0.63,Feni_Feni
2018-06-10,78.85,29.5,26.23,2.94,92.48,0.99,1.07,Feni_Feni
2018-06-11,108.48,28.63,27.42,4.79,95.2,1.0,0.13,Feni_Feni
2018-06-12,121.65,29.12,27.23,3.77,94.77,1.0,0.18,Feni_Feni
2018-06-13,45.28,29.03,26.78,3.19,93.97,1.0,0.4,Feni_Feni
2018-06-14,9.45,30.7,26.94,3.06,93.79,1.0,0.64,Feni_Feni
2018-06-15,22.84,29.42,27.16,3.82,93.75,0.99,0.61,Feni_Feni
2018-06-16,29.76,29.91,26.5,3.35,93.19,1.0,0.7,Feni_Feni
2018-06-17,38.46,32.12,26.2,2.94,89.93,1.0,1.85,Feni_Feni
2018-06-18,13.44,31.67,26.52,2.38,89.89,0.99,2.27,Feni_Feni
2018-06-19,21.38,31.57,26.83,2.57,90.83,0.99,2.34,Feni_Feni
2018-06-20,3.16,29.86,26.7,2.08,93.68,0.98,1.07,Feni_Feni
2018-06-21,2.36,30.48,26.78,1.85,91.67,0.98,1.76,Feni_Feni
2018-06-22,22.35,30.7,26.73,2.4,91.94,0.98,1.66,Feni_Feni
2018-06-23,50.92,29.63,26.59,2.64,92.85,0.99,0.99,Feni_Feni
2018-06-24,97.88,28.82,26.26,2.99,95.25,1.0,0.18,Feni_Feni
2018-06-25,46.6,31.48,26.56,2.91,91.17,1.0,1.7,Feni_Feni
2018-06-26,24.17,29.97,25.95,3.42,92.24,1.0,1.31,Feni_Feni
2018-06-27,9.19,30.72,25.33,4.44,90.88,0.99,1.93,Feni_Feni
2018-06-28,6.31,30.21,25.92,3.2,90.82,0.98,2.06,Feni_Feni
2018-06-29,6.48,29.71,25.64,3.05,90.57,0.98,1.58,Feni_Feni
2018-06-30,13.08,30.73,25.94,2.93,90.54,0.98,2.05,Feni_Feni
2018-07-01,7.61,30.03,26.0,2.61,92.21,0.97,1.26,Feni_Feni
2018-07-02,25.56,30.42,26.79,3.68,91.24,0.98,2.21,Feni_Feni
2018-07-03,114.24,29.03,26.41,3.46,93.94,0.99,0.57,Feni_Feni
2018-07-04,89.39,29.98,26.04,3.12,92.95,1.0,1.05,Feni_Feni
2018-07-05,16.36,31.36,25.8,1.95,89.37,1.0,2.37,Feni_Feni
2018-07-06,24.69,31.25,26.2,1.95,89.64,0.99,2.85,Feni_Feni
2018-07-07,6.37,31.38,26.13,2.18,89.99,0.99,2.73,Feni_Feni
2018-07-08,4.49,30.67,26.71,3.63,90.47,0.98,2.4,Feni_Feni
2018-07-09,2.74,30.93,26.45,3.29,90.67,0.97,2.65,Feni_Feni
2018-07-10,9.8,30.71,26.49,3.23,91.12,0.97,2.8,Feni_Feni
2018-07-11,5.41,31.2,26.47,2.39,91.07,0.96,2.68,Feni_Feni
2018-07-12,7.67,31.32,26.47,2.62,91.03,0.96,2.43,Feni_Feni
2018-07-13,7.77,31.74,26.53,2.1,91.0,0.96,2.43,Feni_Feni
2018-07-14,4.36,32.24,26.56,2.11,90.07,0.96,3.28,Feni_Feni
2018-07-15,2.7,30.74,26.31,3.35,91.16,0.95,2.57,Feni_Feni
2018-07-16,13.0,31.06,26.84,4.11,90.12,0.95,3.58,Feni_Feni
2018-07-17,32.8,31.06,26.55,3.33,90.0,0.96,3.43,Feni_Feni
2018-07-18,24.93,32.46,26.9,2.12,88.8,0.96,4.23,Feni_Feni
2018-07-19,0.12,33.9,26.67,1.14,84.72,0.95,5.93,Feni_Feni
2018-07-20,6.61,32.39,26.97,2.38,89.74,0.94,3.46,Feni_Feni
2018-07-21,72.0,29.83,26.37,4.91,92.47,0.97,1.63,Feni_Feni
2018-07-22,32.93,30.04,26.54,4.56,90.87,0.98,1.99,Feni_Feni
2018-07-23,84.16,30.13,26.29,3.13,93.0,1.0,1.05,Feni_Feni
2018-07-24,111.74,30.26,26.39,2.48,93.43,1.0,0.86,Feni_Feni
2018-07-25,57.47,29.79,26.3,2.32,92.6,1.0,1.26,Feni_Feni
2018-07-26,70.55,29.26,26.26,2.91,93.24,1.0,0.93,Feni_Feni
2018-07-27,94.93,29.67,26.0,2.76,93.13,1.0,0.73,Feni_Feni
2018-07-28,88.85,29.32,26.02,2.47,93.8,1.0,0.58,Feni_Feni
2018-07-29,37.05,30.09,26.04,3.15,91.72,1.0,1.69,Feni_Feni
2018-07-30,9.22,30.31,26.26,2.6,91.7,0.99,1.31,Feni_Feni
2018-07-31,26.47,29.4,25.59,2.29,93.17,0.99,0.98,Feni_Feni
2018-08-01,38.79,30.17,25.55,3.87,92.03,0.99,1.53,Feni_Feni
2018-08-02,32.76,30.29,25.6,3.56,91.2,1.0,1.69,Feni_Feni
2018-08-03,29.17,30.39,25.88,3.2,90.41,0.99,2.17,Feni_Feni
2018-08-04,26.44,30.67,25.78,2.41,91.27,0.99,2.2,Feni_Feni
2018-08-05,9.04,31.2,26.13,1.93,89.68,0.99,3.2,Feni_Feni
2018-08-06,6.35,30.16,26.26,1.48,89.61,0.98,2.16,Feni_Feni
2018-08-07,2.41,30.43,26.12,2.4,90.5,0.98,2.72,Feni_Feni
2018-08-08,2.69,30.82,25.99,2.22,90.47,0.97,2.9,Feni_Feni
2018-08-09,1.99,31.03,25.91,2.08,89.34,0.97,3.75,Feni_Feni
2018-08-10,3.83,31.89,26.04,1.68,88.32,0.96,4.31,Feni_Feni
2018-08-11,5.86,29.42,26.07,2.16,92.42,0.96,1.55,Feni_Feni
2018-08-12,8.9,32.26,25.86,1.95,88.03,0.95,4.6,Feni_Feni
2018-08-13,5.56,31.2,25.94,1.82,90.83,0.95,2.54,Feni_Feni
2018-08-14,15.65,31.89,26.57,2.14,91.02,0.96,2.29,Feni_Feni
2018-08-15,5.17,30.98,26.36,3.04,90.68,0.95,3.07,Feni_Feni
2018-08-16,2.3,31.42,26.47,2.42,90.09,0.95,4.31,Feni_Feni
2018-08-17,16.62,31.2,26.43,1.36,89.64,0.95,2.93,Feni_Feni
2018-08-18,16.79,30.87,26.51,1.07,89.43,0.95,1.59,Feni_Feni
2018-08-19,75.07,30.29,26.84,1.95,91.01,0.98,2.25,Feni_Feni
2018-08-20,28.63,31.9,26.62,3.04,90.48,0.99,3.31,Feni_Feni
2018-08-21,13.98,30.14,26.56,3.18,92.66,0.98,1.32,Feni_Feni
2018-08-22,10.44,30.92,26.6,3.13,91.03,0.98,2.69,Feni_Feni
2018-08-23,11.32,30.89,26.81,2.51,91.84,0.98,2.42,Feni_Feni
2018-08-24,16.51,30.28,26.75,2.34,92.69,0.98,1.53,Feni_Feni
2018-08-25,20.35,31.22,26.22,2.52,90.75,0.98,3.04,Feni_Feni
2018-08-26,7.15,32.37,25.58,1.85,87.11,0.97,5.13,Feni_Feni
2018-08-27,2.57,30.35,26.68,3.24,90.08,0.97,3.1,Feni_Feni
2018-08-28,6.26,30.08,26.07,3.18,92.05,0.96,1.83,Feni_Feni
2018-08-29,8.72,30.93,26.17,3.09,89.77,0.96,3.74,Feni_Feni
2018-08-30,23.93,30.25,26.03,2.46,91.37,0.96,2.08,Feni_Feni
2018-08-31,9.86,31.16,26.05,2.17,90.48,0.96,3.31,Feni_Feni
2018-09-01,22.73,30.47,26.27,2.89,91.99,0.96,2.69,Feni_Feni
2018-09-02,12.11,29.95,25.87,3.06,90.67,0.97,2.74,Feni_Feni
2018-09-03,16.73,31.01,26.08,2.28,90.8,0.97,3.28,Feni_Feni
2018-09-04,25.98,31.21,25.64,1.22,88.33,0.97,4.49,Feni_Feni
2018-09-05,38.19,31.09,25.47,2.72,90.0,0.98,3.8,Feni_Feni
2018-09-06,14.39,29.77,24.6,4.25,90.33,0.98,2.91,Feni_Feni
2018-09-07,4.21,30.24,25.26,3.02,89.52,0.97,3.7,Feni_Feni
2018-09-08,3.29,31.31,24.94,1.95,87.67,0.96,4.81,Feni_Feni
2018-09-09,2.45,30.08,25.48,1.35,89.56,0.96,2.2,Feni_Feni
2018-09-10,3.42,30.78,25.64,1.95,88.29,0.96,3.96,Feni_Feni
2018-09-11,20.46,30.72,25.35,2.29,89.66,0.95,4.1,Feni_Feni
2018-09-12,58.68,29.47,25.88,1.92,92.39,0.98,1.32,Feni_Feni
2018-09-13,22.27,29.49,26.0,1.64,92.52,0.99,1.34,Feni_Feni
2018-09-14,14.67,30.54,26.0,1.12,86.77,0.99,2.21,Feni_Feni
2018-09-15,5.27,30.74,25.22,0.94,88.29,0.98,2.76,Feni_Feni
2018-09-16,5.23,31.37,25.56,1.08,86.69,0.98,3.74,Feni_Feni
2018-09-17,1.86,31.93,25.26,1.11,87.36,0.97,3.73,Feni_Feni
2018-09-18,0.08,31.55,25.94,1.32,87.74,0.97,3.76,Feni_Feni
2018-09-19,1.39,32.37,26.18,0.83,84.77,0.96,2.13,Feni_Feni
2018-09-20,8.92,31.61,26.29,1.93,87.39,0.96,3.33,Feni_Feni
2018-09-21,15.78,30.76,25.36,2.41,90.74,0.97,3.7,Feni_Feni
2018-09-22,0.56,31.83,25.78,0.83,84.53,0.96,6.82,Feni_Feni
2018-09-23,5.89,31.57,25.41,1.14,85.34,0.95,5.57,Feni_Feni
2018-09-24,9.42,31.21,25.24,1.28,87.17,0.95,4.66,Feni_Feni
2018-09-25,23.87,30.61,25.43,1.47,89.25,0.96,3.55,Feni_Feni
2018-09-26,11.37,31.01,26.13,1.1,88.11,0.96,4.37,Feni_Feni
2018-09-27,3.35,30.88,26.34,0.93,87.81,0.96,2.98,Feni_Feni
2018-09-28,5.09,31.83,25.73,0.69,83.27,0.96,3.21,Feni_Feni
2018-09-29,1.48,30.77,26.02,0.78,84.57,0.95,2.5,Feni_Feni
2018-09-30,0.57,32.41,25.93,0.74,82.65,0.95,5.27,Feni_Feni
2018-10-01,0.72,32.43,25.41,1.02,83.38,0.94,6.3,Feni_Feni
2018-10-02,0.0,31.56,24.73,1.2,78.59,0.94,6.73,Feni_Feni
2018-10-03,0.02,31.56,24.63,1.0,78.81,0.93,7.71,Feni_Feni
2018-10-04,0.49,32.0,25.35,0.82,77.36,0.92,7.9,Feni_Feni
2018-10-05,0.48,31.85,24.4,0.78,77.75,0.91,7.84,Feni_Feni
2018-10-06,2.02,31.66,25.31,0.71,75.49,0.91,7.07,Feni_Feni
2018-10-07,0.25,31.49,24.21,0.73,77.45,0.9,7.93,Feni_Feni
2018-10-08,0.02,31.52,24.66,0.56,72.98,0.89,8.08,Feni_Feni
2018-10-09,15.21,30.03,24.9,1.09,83.4,0.89,6.33,Feni_Feni
2018-10-10,15.85,27.57,23.76,1.93,89.86,0.91,2.04,Feni_Feni
2018-10-11,47.21,25.86,22.8,2.73,94.18,0.93,0.53,Feni_Feni
2018-10-12,13.76,27.96,23.59,2.39,91.43,0.95,2.51,Feni_Feni
2018-10-13,4.55,27.78,23.85,2.37,92.66,0.94,0.5,Feni_Feni
2018-10-14,8.89,29.0,23.65,1.9,89.83,0.94,3.04,Feni_Feni
2018-10-15,1.04,29.79,21.99,1.24,81.77,0.94,6.04,Feni_Feni
2018-10-16,0.15,29.25,20.42,1.16,79.64,0.93,6.06,Feni_Feni
2018-10-17,0.0,29.14,20.24,0.96,73.33,0.92,6.88,Feni_Feni
2018-10-18,2.06,29.75,20.29,0.58,69.67,0.91,7.0,Feni_Feni
2018-10-19,2.35,29.85,21.55,0.72,74.61,0.91,5.82,Feni_Feni
2018-10-20,0.0,29.93,20.47,1.13,79.63,0.91,6.14,Feni_Feni
2018-10-21,0.0,29.83,20.45,1.39,82.23,0.9,5.83,Feni_Feni
2018-10-22,0.0,30.03,20.76,1.13,77.63,0.89,6.79,Feni_Feni
2018-10-23,0.0,29.56,21.14,1.32,79.2,0.89,6.13,Feni_Feni
2018-10-24,0.0,29.28,19.78,1.49,81.44,0.88,6.0,Feni_Feni
2018-10-25,0.0,28.94,19.1,1.43,78.33,0.87,5.9,Feni_Feni
2018-10-26,0.0,28.92,18.2,1.38,77.39,0.87,6.29,Feni_Feni
2018-10-27,1.51,29.46,19.34,0.84,73.24,0.86,6.57,Feni_Feni
2018-10-28,2.99,27.97,21.22,1.46,84.84,0.86,2.1,Feni_Feni
2018-10-29,7.42,26.35,21.06,1.49,88.77,0.86,2.27,Feni_Feni
2018-10-30,1.99,24.67,20.76,1.16,93.29,0.86,0.69,Feni_Feni
2018-10-31,0.43,27.94,20.59,1.09,87.58,0.86,3.32,Feni_Feni
2018-11-01,0.0,30.35,21.7,1.09,82.12,0.85,6.39,Feni_Feni
2018-11-02,0.17,29.5,21.81,0.88,82.62,0.85,7.19,Feni_Feni
2018-11-03,3.05,29.01,21.87,0.91,83.19,0.84,5.91,Feni_Feni
2018-11-04,0.94,29.2,21.9,0.85,80.28,0.84,6.27,Feni_Feni
2018-11-05,2.87,29.07,21.69,1.19,85.38,0.84,4.97,Feni_Feni
2018-11-06,10.8,28.76,22.1,1.2,86.58,0.84,4.01,Feni_Feni
2018-11-07,7.44,28.51,20.04,1.57,85.76,0.85,3.95,Feni_Feni
2018-11-08,0.21,27.88,17.37,1.46,81.7,0.84,4.99,Feni_Feni
2018-11-09,0.0,26.82,17.03,1.27,73.51,0.84,5.07,Feni_Feni
2018-11-10,0.0,27.3,17.58,0.79,64.86,0.83,5.67,Feni_Feni
2018-11-11,0.0,27.39,18.03,1.12,73.53,0.83,5.45,Feni_Feni
2018-11-12,0.0,26.73,15.81,1.21,79.54,0.82,5.23,Feni_Feni
2018-11-13,0.0,27.08,16.88,1.21,75.49,0.82,5.44,Feni_Feni
2018-11-14,0.0,27.49,17.02,0.94,72.33,0.81,5.33,Feni_Feni
2018-11-15,0.0,28.24,16.85,0.87,73.4,0.81,5.0,Feni_Feni
2018-11-16,0.0,28.61,19.7,0.76,72.08,0.8,4.77,Feni_Feni
2018-11-17,0.0,27.89,19.17,1.21,78.55,0.8,4.63,Feni_Feni
2018-11-18,0.0,27.2,18.74,1.1,84.25,0.79,4.35,Feni_Feni
2018-11-19,0.0,26.06,15.95,1.46,79.6,0.79,4.5,Feni_Feni
2018-11-20,0.0,25.35,15.06,1.16,73.53,0.79,3.48,Feni_Feni
2018-11-21,0.0,25.64,15.6,1.49,78.82,0.79,4.15,Feni_Feni
2018-11-22,0.0,26.0,14.8,1.07,75.52,0.78,4.46,Feni_Feni
2018-11-23,0.0,25.87,16.06,0.73,72.6,0.78,4.29,Feni_Feni
2018-11-24,0.0,26.18,16.05,0.89,74.93,0.77,4.9,Feni_Feni
2018-11-25,0.0,26.25,15.36,0.94,76.68,0.77,5.21,Feni_Feni
2018-11-26,0.0,26.42,15.35,0.82,75.55,0.77,5.37,Feni_Feni
2018-11-27,0.0,26.92,16.54,0.89,79.99,0.76,5.44,Feni_Feni
2018-11-28,0.0,26.78,16.15,1.01,81.14,0.76,5.26,Feni_Feni
2018-11-29,0.0,26.45,16.31,0.78,71.84,0.76,5.41,Feni_Feni
2018-11-30,0.0,25.45,15.3,0.98,70.86,0.75,4.69,Feni_Feni
2018-12-01,0.0,25.37,15.05,0.82,67.65,0.75,4.26,Feni_Feni
2018-12-02,0.0,25.19,15.28,1.07,68.54,0.74,4.17,Feni_Feni
2018-12-03,0.0,24.93,15.99,1.2,70.81,0.74,4.34,Feni_Feni
2018-12-04,0.0,25.14,14.39,1.2,71.66,0.73,4.38,Feni_Feni
2018-12-05,0.0,25.15,14.91,1.09,75.08,0.73,4.25,Feni_Feni
2018-12-06,0.0,23.96,16.15,1.15,79.94,0.73,2.3,Feni_Feni
2018-12-07,0.0,24.68,13.89,1.36,80.67,0.73,3.82,Feni_Feni
2018-12-08,0.0,24.13,12.42,1.59,79.39,0.72,3.51,Feni_Feni
2018-12-09,0.0,24.5,13.29,0.96,75.92,0.72,4.27,Feni_Feni
2018-12-10,0.0,25.2,14.28,0.81,70.61,0.71,4.4,Feni_Feni
2018-12-11,0.0,25.68,12.51,0.9,72.4,0.71,4.32,Feni_Feni
2018-12-12,0.0,25.14,14.26,0.86,73.02,0.71,3.97,Feni_Feni
2018-12-13,0.0,25.33,13.52,1.34,74.93,0.71,3.69,Feni_Feni
2018-12-14,0.0,24.56,13.26,1.51,78.08,0.7,3.27,Feni_Feni
2018-12-15,0.0,24.14,14.6,1.69,73.45,0.7,2.94,Feni_Feni
2018-12-16,0.05,23.51,15.44,1.68,78.36,0.7,2.49,Feni_Feni
2018-12-17,16.07,22.5,16.29,2.09,88.63,0.7,1.07,Feni_Feni
2018-12-18,12.92,26.35,18.11,2.07,90.94,0.72,2.29,Feni_Feni
2018-12-19,2.28,23.46,14.7,2.45,87.45,0.73,3.02,Feni_Feni
2018-12-20,0.0,22.66,11.65,1.6,83.2,0.72,3.39,Feni_Feni
2018-12-21,0.0,22.28,11.57,1.12,83.21,0.71,3.27,Feni_Feni
2018-12-22,0.0,22.74,11.14,1.63,82.0,0.71,3.26,Feni_Feni
2018-12-23,0.0,22.94,10.63,1.44,78.73,0.71,3.51,Feni_Feni
2018-12-24,0.0,22.71,11.45,1.23,72.42,0.7,3.45,Feni_Feni
2018-12-25,0.0,22.79,13.25,0.96,74.83,0.7,3.11,Feni_Feni
2018-12-26,0.0,21.7,10.29,1.47,78.27,0.69,2.65,Feni_Feni
2018-12-27,0.0,21.42,9.16,1.35,74.22,0.69,2.58,Feni_Feni
2018-12-28,0.0,21.3,9.3,1.63,69.81,0.69,2.45,Feni_Feni
2018-12-29,0.0,20.59,6.85,1.72,69.98,0.69,2.39,Feni_Feni
2018-12-30,0.0,23.61,8.09,1.84,78.78,0.68,2.97,Feni_Feni
2018-12-31,0.0,24.18,9.96,1.27,76.72,0.68,3.55,Feni_Feni
2019-01-01,0.0,25.11,12.01,1.18,72.48,0.67,3.99,Feni_Feni
2019-01-02,0.0,23.81,12.14,1.23,72.5,0.67,3.55,Feni_Feni
2019-01-03,0.0,24.02,12.05,1.16,67.86,0.67,3.51,Feni_Feni
2019-01-04,0.0,22.51,9.84,1.57,72.93,0.66,2.83,Feni_Feni
2019-01-05,0.0,23.18,9.26,1.6,76.23,0.66,3.16,Feni_Feni
2019-01-06,0.0,23.99,9.96,1.29,69.78,0.66,3.66,Feni_Feni
2019-01-07,0.0,24.63,11.64,1.06,62.59,0.65,3.64,Feni_Feni
2019-01-08,0.0,24.66,13.48,1.11,64.76,0.65,3.56,Feni_Feni
2019-01-09,0.0,24.09,11.88,1.26,69.17,0.65,2.99,Feni_Feni
2019-01-10,0.0,23.13,11.74,1.33,74.13,0.65,2.87,Feni_Feni
2019-01-11,0.0,22.91,9.88,1.54,68.12,0.64,2.95,Feni_Feni
2019-01-12,0.0,23.38,10.21,1.14,62.66,0.64,3.23,Feni_Feni
2019-01-13,0.0,23.97,11.06,1.17,62.22,0.64,3.42,Feni_Feni
2019-01-14,0.0,24.02,11.71,1.2,69.12,0.63,3.11,Feni_Feni
2019-01-15,0.0,23.35,11.0,1.98,74.08,0.63,2.82,Feni_Feni
2019-01-16,0.0,22.95,9.2,1.44,70.13,0.62,3.03,Feni_Feni
2019-01-17,0.0,24.06,11.36,1.14,67.73,0.62,3.59,Feni_Feni
2019-01-18,0.0,23.76,11.68,0.84,69.75,0.62,3.01,Feni_Feni
2019-01-19,0.0,23.34,10.73,1.36,70.33,0.62,2.45,Feni_Feni
2019-01-20,0.0,23.49,10.52,1.34,73.0,0.61,2.67,Feni_Feni
2019-01-21,0.0,24.77,11.38,1.36,70.56,0.61,3.34,Feni_Feni
2019-01-22,0.0,25.46,12.52,1.1,64.99,0.61,3.83,Feni_Feni
2019-01-23,0.0,25.63,12.8,1.02,65.76,0.6,3.96,Feni_Feni
2019-01-24,0.0,26.16,12.01,1.42,67.05,0.6,3.88,Feni_Feni
2019-01-25,0.0,26.52,12.6,1.27,67.31,0.6,3.64,Feni_Feni
2019-01-26,0.0,27.38,12.76,1.12,64.54,0.59,4.12,Feni_Feni
2019-01-27,0.0,27.28,14.24,0.69,56.61,0.59,4.51,Feni_Feni
2019-01-28,0.0,25.27,14.76,1.4,71.36,0.59,3.22,Feni_Feni
2019-01-29,0.0,24.81,14.0,2.32,72.6,0.58,3.72,Feni_Feni
2019-01-30,0.0,22.67,8.76,1.92,65.73,0.58,3.7,Feni_Feni
2019-01-31,0.0,25.25,8.99,1.1,60.98,0.57,4.01,Feni_Feni
2019-02-01,0.0,25.92,10.62,1.12,55.33,0.57,4.28,Feni_Feni
2019-02-02,0.0,25.68,12.9,0.9,63.72,0.57,4.31,Feni_Feni
2019-02-03,0.0,25.48,13.85,1.29,66.15,0.56,3.9,Feni_Feni
2019-02-04,0.0,25.76,11.24,1.83,62.84,0.56,4.27,Feni_Feni
2019-02-05,0.0,25.8,10.62,1.61,55.72,0.55,4.15,Feni_Feni
2019-02-06,0.0,25.14,12.19,0.89,47.74,0.55,4.02,Feni_Feni
2019-02-07,0.0,26.29,11.77,1.34,59.39,0.55,3.87,Feni_Feni
2019-02-08,0.0,27.57,15.18,1.18,59.19,0.54,3.85,Feni_Feni
2019-02-09,0.01,28.05,15.11,2.18,73.48,0.54,4.13,Feni_Feni
2019-02-10,0.0,25.58,12.35,2.43,71.36,0.53,3.87,Feni_Feni
2019-02-11,0.0,24.99,9.4,1.89,55.32,0.53,4.01,Feni_Feni
2019-02-12,0.0,25.94,10.11,1.55,58.72,0.53,3.89,Feni_Feni
2019-02-13,0.0,27.0,13.27,1.39,57.62,0.52,3.88,Feni_Feni
2019-02-14,0.0,28.3,15.06,1.15,52.09,0.52,3.68,Feni_Feni
2019-02-15,0.0,29.51,16.84,1.18,53.7,0.52,3.8,Feni_Feni
2019-02-16,0.0,28.66,16.7,1.26,61.26,0.51,3.34,Feni_Feni
2019-02-17,11.15,25.5,15.0,1.47,80.26,0.52,1.88,Feni_Feni
2019-02-18,0.41,25.93,16.29,1.06,75.86,0.53,3.54,Feni_Feni
2019-02-19,0.0,27.68,16.17,1.23,78.12,0.52,3.73,Feni_Feni
2019-02-20,0.0,28.45,16.71,1.38,75.81,0.52,3.55,Feni_Feni
2019-02-21,0.0,29.55,17.36,1.05,59.87,0.51,3.91,Feni_Feni
2019-02-22,0.0,29.3,17.37,1.23,69.35,0.51,3.52,Feni_Feni
2019-02-23,0.0,28.95,18.25,1.81,79.86,0.5,3.19,Feni_Feni
2019-02-24,0.23,29.76,18.99,1.04,74.51,0.5,3.02,Feni_Feni
2019-02-25,15.8,25.61,19.63,0.87,85.43,0.51,0.92,Feni_Feni
2019-02-26,22.72,25.57,19.52,1.06,84.92,0.56,2.3,Feni_Feni
2019-02-27,3.86,27.09,17.62,1.08,81.24,0.55,3.23,Feni_Feni
2019-02-28,45.08,25.84,19.18,1.45,88.87,0.6,2.19,Feni_Feni
2019-03-01,2.93,25.24,14.04,2.12,76.11,0.61,4.4,Feni_Feni
2019-03-02,0.0,25.36,10.2,2.08,60.95,0.59,5.1,Feni_Feni
2019-03-03,0.0,26.29,11.91,1.65,55.28,0.58,5.16,Feni_Feni
2019-03-04,0.14,26.19,16.85,1.01,62.38,0.57,4.33,Feni_Feni
2019-03-05,11.87,26.33,19.23,3.69,87.47,0.58,2.46,Feni_Feni
2019-03-06,0.81,28.81,20.4,0.96,77.02,0.58,5.21,Feni_Feni
2019-03-07,0.01,29.0,18.27,0.85,69.74,0.57,5.68,Feni_Feni
2019-03-08,0.0,27.84,18.39,1.35,62.38,0.56,5.72,Feni_Feni
2019-03-09,0.0,27.63,15.71,1.39,66.07,0.55,5.57,Feni_Feni
2019-03-10,0.0,28.18,16.07,1.75,82.62,0.55,4.93,Feni_Feni
2019-03-11,0.0,28.53,18.65,1.22,80.42,0.54,4.92,Feni_Feni
2019-03-12,0.0,30.82,19.53,1.54,77.31,0.54,5.24,Feni_Feni
2019-03-13,0.0,31.82,20.02,1.28,77.66,0.53,5.35,Feni_Feni
2019-03-14,0.0,31.82,19.96,1.05,72.01,0.53,5.57,Feni_Feni
2019-03-15,0.01,33.11,21.06,1.3,67.67,0.52,5.12,Feni_Feni
2019-03-16,0.33,32.75,20.56,1.3,67.34,0.52,5.29,Feni_Feni
2019-03-17,1.48,33.03,20.42,1.17,63.71,0.51,4.64,Feni_Feni
2019-03-18,18.17,30.3,21.2,1.33,61.96,0.53,3.66,Feni_Feni
2019-03-19,2.76,29.75,19.48,1.53,71.04,0.54,5.31,Feni_Feni
2019-03-20,2.09,29.72,20.21,1.63,81.23,0.53,5.02,Feni_Feni
2019-03-21,1.42,30.91,20.48,2.2,81.16,0.53,5.28,Feni_Feni
2019-03-22,1.87,31.2,21.01,2.14,82.74,0.52,4.66,Feni_Feni
2019-03-23,5.61,31.24,21.91,1.61,81.08,0.53,4.91,Feni_Feni
2019-03-24,0.0,32.39,20.81,1.3,66.32,0.52,5.67,Feni_Feni
2019-03-25,0.0,33.2,18.03,1.14,53.11,0.51,5.57,Feni_Feni
2019-03-26,0.0,33.38,19.66,1.0,62.0,0.51,5.01,Feni_Feni
2019-03-27,1.77,32.42,21.0,1.59,57.84,0.5,4.21,Feni_Feni
2019-03-28,0.02,32.26,22.82,1.09,53.93,0.5,4.48,Feni_Feni
2019-03-29,0.0,32.95,20.99,1.42,70.65,0.49,4.21,Feni_Feni
2019-03-30,0.0,32.36,22.18,1.95,75.3,0.49,3.67,Feni_Feni
2019-03-31,14.71,31.84,23.1,2.93,79.55,0.49,2.79,Feni_Feni
2019-04-01,34.58,29.11,23.18,3.19,87.3,0.56,4.08,Feni_Feni
2019-04-02,5.71,30.67,22.5,2.89,85.14,0.55,5.53,Feni_Feni
2019-04-03,7.21,30.27,22.48,2.49,86.52,0.56,5.36,Feni_Feni
2019-04-04,0.48,30.39,22.61,2.34,85.35,0.55,5.58,Feni_Feni
2019-04-05,0.42,31.02,23.0,2.08,83.25,0.54,5.59,Feni_Feni
2019-04-06,1.51,28.78,22.43,1.24,85.82,0.53,1.94,Feni_Feni
2019-04-07,7.07,30.96,22.28,1.48,77.39,0.54,5.4,Feni_Feni
2019-04-08,5.47,30.65,22.1,2.11,80.36,0.54,4.5,Feni_Feni
2019-04-09,19.24,30.25,22.16,2.67,84.59,0.55,5.2,Feni_Feni
2019-04-10,15.24,29.71,22.16,1.64,85.55,0.58,4.9,Feni_Feni
2019-04-11,0.0,31.4,22.35,0.9,80.57,0.57,7.36,Feni_Feni
2019-04-12,0.0,31.22,23.23,1.09,81.13,0.55,5.86,Feni_Feni
2019-04-13,0.0,32.99,23.76,1.04,77.73,0.54,7.8,Feni_Feni
2019-04-14,0.0,33.61,23.28,1.35,79.14,0.54,7.19,Feni_Feni
2019-04-15,0.05,33.2,23.69,1.89,80.29,0.53,6.28,Feni_Feni
2019-04-16,1.13,33.75,23.6,1.89,80.79,0.52,5.66,Feni_Feni
2019-04-17,2.38,34.58,23.94,1.55,74.52,0.52,5.9,Feni_Feni
2019-04-18,0.0,34.41,24.86,1.44,58.75,0.51,6.21,Feni_Feni
2019-04-19,0.0,35.12,24.35,1.18,52.54,0.51,6.02,Feni_Feni
2019-04-20,0.42,34.73,23.26,1.55,60.32,0.5,5.56,Feni_Feni
2019-04-21,1.08,35.41,23.96,0.98,65.68,0.5,5.54,Feni_Feni
2019-04-22,0.61,34.38,23.61,1.53,65.67,0.49,4.66,Feni_Feni
2019-04-23,0.0,35.05,21.58,1.36,58.41,0.48,4.63,Feni_Feni
2019-04-24,0.0,36.35,23.28,1.1,56.04,0.48,4.75,Feni_Feni
2019-04-25,0.0,36.96,23.82,1.61,64.17,0.47,4.38,Feni_Feni
2019-04-26,0.0,37.04,25.03,1.75,63.48,0.47,4.39,Feni_Feni
2019-04-27,0.6,36.47,25.66,2.39,69.94,0.46,3.42,Feni_Feni
2019-04-28,1.65,35.28,26.61,3.83,74.25,0.46,3.17,Feni_Feni
2019-04-29,1.06,35.36,26.8,4.28,73.64,0.46,3.2,Feni_Feni
2019-04-30,0.06,35.1,27.2,4.17,71.95,0.46,3.07,Feni_Feni
2019-05-01,0.04,34.47,27.19,4.32,70.37,0.45,2.7,Feni_Feni
2019-05-02,0.66,34.17,27.19,2.55,72.35,0.45,2.01,Feni_Feni
2019-05-03,16.25,34.07,27.11,3.87,78.45,0.46,1.75,Feni_Feni
2019-05-04,46.33,30.37,25.59,7.34,85.16,0.53,2.66,Feni_Feni
2019-05-05,0.09,33.17,23.23,1.98,78.76,0.54,8.29,Feni_Feni
2019-05-06,0.22,34.37,25.11,2.21,78.4,0.52,6.71,Feni_Feni
2019-05-07,0.0,35.05,24.76,2.91,77.44,0.51,6.26,Feni_Feni
2019-05-08,0.0,35.12,25.38,3.1,79.33,0.49,5.06,Feni_Feni
2019-05-09,0.01,34.37,26.48,4.17,79.08,0.49,4.27,Feni_Feni
2019-05-10,0.03,35.18,27.16,4.01,77.91,0.48,3.74,Feni_Feni
2019-05-11,0.96,33.91,27.1,3.55,79.95,0.48,2.65,Feni_Feni
2019-05-12,2.41,32.59,27.02,2.79,81.44,0.48,1.97,Feni_Feni
2019-05-13,4.2,33.73,26.7,2.68,80.42,0.48,2.31,Feni_Feni
2019-05-14,21.82,32.59,26.26,1.47,83.1,0.51,2.98,Feni_Feni
2019-05-15,6.02,33.64,25.98,1.51,74.67,0.52,5.69,Feni_Feni
2019-05-16,6.24,34.66,26.44,1.88,76.82,0.51,5.6,Feni_Feni
2019-05-17,18.34,32.12,26.04,2.82,83.28,0.53,4.24,Feni_Feni
2019-05-18,15.85,32.39,26.76,3.23,86.22,0.55,5.25,Feni_Feni
2019-05-19,7.1,31.64,26.64,2.23,88.88,0.55,3.56,Feni_Feni
2019-05-20,0.04,33.0,25.59,1.22,83.2,0.54,6.38,Feni_Feni
2019-05-21,0.06,32.34,26.1,1.54,84.56,0.53,4.09,Feni_Feni
2019-05-22,3.55,32.34,26.22,2.17,83.41,0.53,4.03,Feni_Feni
2019-05-23,34.55,31.48,25.82,2.1,87.49,0.56,4.01,Feni_Feni
2019-05-24,55.35,31.43,26.82,2.83,87.57,0.61,3.63,Feni_Feni
2019-05-25,64.91,30.88,26.26,3.04,87.94,0.72,3.79,Feni_Feni
2019-05-26,22.45,31.44,26.23,2.03,88.11,0.74,3.9,Feni_Feni
2019-05-27,3.76,31.45,26.25,1.88,90.42,0.71,3.17,Feni_Feni
2019-05-28,6.63,32.74,25.4,1.66,87.61,0.7,5.74,Feni_Feni
2019-05-29,1.67,31.19,25.84,1.56,89.02,0.69,3.79,Feni_Feni
2019-05-30,0.04,32.69,25.72,2.27,86.09,0.68,7.84,Feni_Feni
2019-05-31,14.17,32.53,26.08,2.15,86.68,0.67,6.11,Feni_Feni
2019-06-01,24.82,31.3,26.23,1.88,86.66,0.7,3.89,Feni_Feni
2019-06-02,23.88,32.66,25.86,1.56,83.55,0.73,5.83,Feni_Feni
2019-06-03,27.44,31.5,25.39,2.18,85.44,0.74,4.92,Feni_Feni
2019-06-04,20.85,31.45,25.93,2.48,86.31,0.76,4.25,Feni_Feni
2019-06-05,24.34,28.54,25.99,3.04,91.71,0.78,1.15,Feni_Feni
2019-06-06,4.78,29.44,25.44,3.03,91.93,0.78,1.84,Feni_Feni
2019-06-07,2.63,29.95,25.63,2.89,89.83,0.77,2.69,Feni_Feni
2019-06-08,5.17,30.67,25.6,2.36,90.8,0.77,2.77,Feni_Feni
2019-06-09,11.98,30.29,26.61,2.59,92.37,0.77,1.83,Feni_Feni
2019-06-10,2.26,31.91,26.12,2.03,89.0,0.77,4.38,Feni_Feni
2019-06-11,0.0,32.02,25.69,1.78,87.76,0.76,5.5,Feni_Feni
2019-06-12,0.02,34.04,25.84,1.2,83.12,0.75,7.9,Feni_Feni
2019-06-13,0.53,30.55,27.38,2.26,93.04,0.74,1.73,Feni_Feni
2019-06-14,12.58,31.9,27.14,2.97,89.68,0.75,4.44,Feni_Feni
2019-06-15,35.45,30.9,27.9,3.19,93.37,0.79,1.59,Feni_Feni
2019-06-16,6.86,30.67,27.4,3.23,91.25,0.8,2.56,Feni_Feni
2019-06-17,5.19,30.48,27.51,2.97,92.28,0.79,1.81,Feni_Feni
2019-06-18,4.85,32.16,27.16,1.17,87.03,0.79,3.89,Feni_Feni
2019-06-19,3.95,31.84,26.72,1.62,87.82,0.78,4.28,Feni_Feni
2019-06-20,4.01,30.63,23.96,1.46,80.75,0.78,3.41,Feni_Feni
2019-06-21,4.88,32.36,26.66,2.74,86.66,0.78,6.02,Feni_Feni
2019-06-22,15.77,31.88,26.71,3.18,88.04,0.79,5.23,Feni_Feni
2019-06-23,6.14,32.76,26.44,1.59,85.2,0.79,6.37,Feni_Feni
2019-06-24,0.58,32.77,26.94,1.58,85.48,0.78,6.39,Feni_Feni
2019-06-25,1.12,31.49,27.21,2.04,88.07,0.77,4.06,Feni_Feni
2019-06-26,8.83,31.92,27.29,3.04,88.18,0.77,4.59,Feni_Feni
2019-06-27,8.68,32.59,27.18,3.39,85.98,0.77,6.37,Feni_Feni
2019-06-28,12.71,32.11,26.85,2.65,87.85,0.78,4.56,Feni_Feni
2019-06-29,47.14,31.54,27.38,2.5,90.32,0.82,3.18,Feni_Feni
2019-06-30,18.66,33.03,27.02,1.87,86.59,0.83,4.43,Feni_Feni
2019-07-01,14.48,31.63,27.26,2.84,89.51,0.84,3.87,Feni_Feni
2019-07-02,11.64,32.11,27.43,4.74,88.4,0.83,5.45,Feni_Feni
2019-07-03,6.96,31.72,26.75,2.86,87.64,0.82,5.79,Feni_Feni
2019-07-04,12.61,32.29,26.61,2.21,88.43,0.83,4.4,Feni_Feni
2019-07-05,15.6,31.4,26.73,3.16,89.91,0.83,3.75,Feni_Feni
2019-07-06,24.99,31.18,27.05,4.95,89.2,0.84,4.16,Feni_Feni
2019-07-07,90.38,31.1,26.65,4.4,90.81,0.9,2.44,Feni_Feni
2019-07-08,205.65,30.44,26.91,3.78,92.05,0.98,1.32,Feni_Feni
2019-07-09,186.41,29.98,27.05,4.44,93.08,1.0,1.0,Feni_Feni
2019-07-10,154.88,29.71,27.22,4.13,94.13,1.0,0.54,Feni_Feni
2019-07-11,123.77,28.83,27.11,4.0,95.24,1.0,0.24,Feni_Feni
2019-07-12,49.48,28.99,26.89,3.55,95.16,1.0,0.29,Feni_Feni
2019-07-13,104.96,29.79,26.47,3.26,94.18,1.0,0.65,Feni_Feni
2019-07-14,73.79,29.1,26.27,3.51,94.71,1.0,0.44,Feni_Feni
2019-07-15,39.64,30.69,26.76,3.27,92.75,1.0,1.41,Feni_Feni
2019-07-16,6.5,30.85,26.8,2.23,91.85,0.99,1.83,Feni_Feni
2019-07-17,1.56,32.85,26.29,1.27,87.41,0.99,4.48,Feni_Feni
2019-07-18,24.14,30.34,26.77,1.0,90.84,0.99,1.16,Feni_Feni
2019-07-19,78.32,31.09,26.22,1.77,90.96,1.0,2.12,Feni_Feni
2019-07-20,11.57,31.62,25.96,1.68,88.86,0.99,3.31,Feni_Feni
2019-07-21,2.8,31.19,26.28,1.9,90.08,0.99,2.42,Feni_Feni
2019-07-22,3.61,30.71,25.89,2.16,89.08,0.98,2.3,Feni_Feni
2019-07-23,24.28,28.77,25.82,1.96,91.74,0.98,0.92,Feni_Feni
2019-07-24,28.28,30.36,26.46,2.79,92.33,0.99,1.8,Feni_Feni
2019-07-25,35.61,31.84,26.23,1.79,88.07,0.99,3.99,Feni_Feni
2019-07-26,95.64,29.09,26.22,3.77,92.88,0.99,1.04,Feni_Feni
2019-07-27,9.8,30.16,26.26,3.73,92.75,1.0,1.13,Feni_Feni
2019-07-28,8.17,30.48,25.97,3.5,90.3,0.99,2.38,Feni_Feni
2019-07-29,13.75,29.99,25.53,3.82,91.44,0.98,1.88,Feni_Feni
2019-07-30,38.27,29.09,25.55,2.77,92.92,0.99,0.85,Feni_Feni
2019-07-31,29.13,30.27,26.09,2.9,91.41,0.99,1.82,Feni_Feni
2019-08-01,10.22,30.9,25.65,2.65,90.37,0.99,2.89,Feni_Feni
2019-08-02,5.78,30.42,26.17,2.37,91.5,0.98,2.41,Feni_Feni
2019-08-03,12.44,31.09,25.8,2.44,91.17,0.98,2.48,Feni_Feni
2019-08-04,6.25,32.09,25.96,1.5,88.96,0.97,4.23,Feni_Feni
2019-08-05,6.4,35.15,26.75,0.95,84.27,0.97,5.43,Feni_Feni
2019-08-06,16.25,31.11,27.06,3.29,91.98,0.97,2.35,Feni_Feni
2019-08-07,50.48,29.53,26.23,5.19,92.28,0.97,1.49,Feni_Feni
2019-08-08,77.31,30.01,26.16,4.38,91.09,0.99,2.05,Feni_Feni
2019-08-09,68.97,31.05,26.14,2.37,90.6,1.0,2.83,Feni_Feni
2019-08-10,17.2,32.14,25.87,1.33,87.96,1.0,5.14,Feni_Feni
2019-08-11,10.9,32.31,26.58,0.9,86.71,0.99,2.59,Feni_Feni
2019-08-12,63.07,29.54,26.68,2.88,93.51,1.0,0.79,Feni_Feni
2019-08-13,94.59,29.05,26.37,4.53,92.91,1.0,0.85,Feni_Feni
2019-08-14,94.84,28.98,26.66,3.47,94.47,1.0,0.51,Feni_Feni
2019-08-15,62.52,30.31,26.3,2.52,93.21,1.0,1.19,Feni_Feni
2019-08-16,27.35,30.82,26.67,2.29,92.42,1.0,1.7,Feni_Feni
2019-08-17,42.14,30.91,26.09,2.49,91.41,1.0,2.34,Feni_Feni
2019-08-18,6.55,29.95,25.19,3.34,90.02,0.99,2.68,Feni_Feni
2019-08-19,5.77,31.31,25.47,1.96,89.35,0.98,3.82,Feni_Feni
2019-08-20,9.64,31.69,25.7,1.34,88.13,0.98,3.71,Feni_Feni
2019-08-21,2.51,32.62,26.48,1.1,85.6,0.97,4.59,Feni_Feni
2019-08-22,13.31,32.63,26.54,1.15,85.82,0.97,1.9,Feni_Feni
2019-08-23,7.35,30.65,26.01,2.6,89.27,0.97,3.41,Feni_Feni
2019-08-24,28.94,29.34,25.72,2.89,92.71,0.98,1.22,Feni_Feni
2019-08-25,7.17,32.17,24.68,2.31,88.19,0.97,4.31,Feni_Feni
2019-08-26,8.03,31.12,26.03,2.33,90.0,0.97,4.12,Feni_Feni
2019-08-27,10.13,31.38,25.89,2.06,89.32,0.97,3.92,Feni_Feni
2019-08-28,1.19,30.36,26.28,1.8,90.99,0.96,2.36,Feni_Feni
2019-08-29,0.19,31.96,26.02,1.56,87.44,0.95,5.44,Feni_Feni
2019-08-30,0.74,33.34,26.08,0.8,81.61,0.95,5.45,Feni_Feni
2019-08-31,19.59,33.23,26.47,0.85,83.58,0.95,1.52,Feni_Feni
2019-09-01,24.78,33.54,26.82,1.55,86.63,0.96,4.07,Feni_Feni
2019-09-02,5.49,32.65,26.12,2.05,87.75,0.96,5.37,Feni_Feni
2019-09-03,8.79,31.26,26.18,2.96,89.88,0.95,3.89,Feni_Feni
2019-09-04,3.03,31.35,26.26,2.62,90.97,0.95,3.41,Feni_Feni
2019-09-05,3.24,30.33,26.49,2.67,91.35,0.95,2.39,Feni_Feni
2019-09-06,3.95,31.03,26.53,2.87,89.66,0.94,4.08,Feni_Feni
2019-09-07,17.83,29.95,25.92,3.69,91.39,0.94,2.34,Feni_Feni
2019-09-08,54.42,30.81,26.38,3.27,90.44,0.96,3.66,Feni_Feni
2019-09-09,47.86,31.42,26.46,3.26,91.11,0.98,3.17,Feni_Feni
2019-09-10,64.22,29.94,27.0,2.62,93.8,1.0,0.81,Feni_Feni
2019-09-11,11.96,30.07,26.85,2.78,93.26,0.99,1.26,Feni_Feni
2019-09-12,94.26,29.39,26.56,4.38,92.51,0.99,1.7,Feni_Feni
2019-09-13,70.04,28.91,26.23,2.84,92.9,1.0,0.81,Feni_Feni
2019-09-14,6.32,30.55,25.76,1.79,89.55,1.0,2.25,Feni_Feni
2019-09-15,0.74,31.27,25.47,1.5,89.45,0.99,4.36,Feni_Feni
2019-09-16,1.78,30.88,25.83,1.36,89.47,0.99,3.55,Feni_Feni
2019-09-17,3.17,32.46,25.65,0.91,83.54,0.98,6.33,Feni_Feni
2019-09-18,6.42,33.67,26.14,0.66,77.82,0.98,9.15,Feni_Feni
2019-09-19,0.85,31.8,25.68,1.12,84.9,0.97,4.08,Feni_Feni
2019-09-20,1.75,30.97,25.99,1.01,86.53,0.97,2.46,Feni_Feni
2019-09-21,5.97,32.02,26.66,0.66,83.62,0.96,4.53,Feni_Feni
2019-09-22,9.65,32.79,26.11,0.78,81.24,0.96,4.46,Feni_Feni
2019-09-23,13.96,31.23,25.9,0.92,83.35,0.97,1.79,Feni_Feni
2019-09-24,26.32,29.15,25.42,1.34,91.15,0.98,1.27,Feni_Feni
2019-09-25,11.45,29.51,24.44,1.16,89.06,0.98,2.25,Feni_Feni
2019-09-26,8.4,29.24,23.87,1.07,88.58,0.98,2.06,Feni_Feni
2019-09-27,1.61,30.08,23.21,1.35,87.08,0.97,3.64,Feni_Feni
2019-09-28,2.12,30.15,23.49,0.87,85.38,0.97,3.57,Feni_Feni
2019-09-29,5.81,28.51,23.63,0.9,89.77,0.97,1.7,Feni_Feni
2019-09-30,44.44,29.35,24.38,1.39,88.01,0.97,3.0,Feni_Feni
2019-10-01,45.04,28.5,24.53,1.74,91.57,0.99,1.91,Feni_Feni
2019-10-02,31.83,30.25,24.12,1.79,89.6,1.0,3.63,Feni_Feni
2019-10-03,7.56,30.94,24.67,1.71,90.28,0.99,3.39,Feni_Feni
2019-10-04,3.18,30.54,24.34,1.05,87.59,0.98,5.06,Feni_Feni
2019-10-05,5.54,30.32,24.53,1.09,87.86,0.98,4.36,Feni_Feni
2019-10-06,12.01,30.4,25.44,0.79,85.1,0.98,1.72,Feni_Feni
2019-10-07,12.24,29.68,24.87,0.97,87.09,0.98,3.46,Feni_Feni
2019-10-08,10.25,28.96,24.76,0.73,84.22,0.98,1.87,Feni_Feni
2019-10-09,9.02,28.23,23.26,0.78,88.13,0.98,1.64,Feni_Feni
2019-10-10,51.56,27.6,23.5,1.83,92.56,0.99,1.23,Feni_Feni
2019-10-11,61.57,29.62,23.92,1.35,88.98,1.0,3.53,Feni_Feni
2019-10-12,7.65,30.27,23.92,0.94,84.92,0.99,5.67,Feni_Feni
2019-10-13,0.0,29.68,22.0,1.54,84.95,0.99,5.19,Feni_Feni
2019-10-14,0.0,30.18,21.35,1.38,84.08,0.98,6.03,Feni_Feni
2019-10-15,1.01,30.67,22.0,0.98,84.27,0.97,7.02,Feni_Feni
2019-10-16,11.63,32.3,24.3,0.63,76.82,0.97,6.25,Feni_Feni
2019-10-17,7.24,31.39,24.05,0.95,82.04,0.97,6.2,Feni_Feni
2019-10-18,3.9,30.94,23.96,1.25,85.12,0.97,5.33,Feni_Feni
2019-10-19,0.0,30.65,23.46,1.24,85.74,0.96,5.54,Feni_Feni
2019-10-20,0.0,30.69,22.82,1.52,86.79,0.95,6.06,Feni_Feni
2019-10-21,4.11,30.07,22.58,1.46,86.93,0.95,5.05,Feni_Feni
2019-10-22,2.18,29.9,23.04,1.12,86.99,0.94,4.16,Feni_Feni
2019-10-23,1.39,29.59,23.34,1.41,88.3,0.94,4.87,Feni_Feni
2019-10-24,1.21,26.02,21.73,2.66,91.37,0.93,1.95,Feni_Feni
2019-10-25,6.16,30.15,21.37,1.85,89.34,0.93,4.28,Feni_Feni
2019-10-26,21.87,28.83,24.56,1.64,91.33,0.94,1.18,Feni_Feni
2019-10-27,6.54,28.59,24.07,0.88,89.87,0.95,2.35,Feni_Feni
2019-10-28,2.06,28.42,22.41,1.83,89.57,0.94,4.11,Feni_Feni
2019-10-29,0.0,28.39,21.3,1.42,86.33,0.93,5.42,Feni_Feni
2019-10-30,0.0,28.68,20.59,1.07,83.14,0.93,6.23,Feni_Feni
2019-10-31,0.0,28.98,21.47,1.1,82.02,0.92,6.2,Feni_Feni
2019-11-01,0.0,28.88,21.7,1.28,83.79,0.91,5.86,Feni_Feni
2019-11-02,0.0,29.84,21.3,1.06,82.63,0.91,6.69,Feni_Feni
2019-11-03,0.0,29.6,21.13,0.94,79.5,0.9,6.26,Feni_Feni
2019-11-04,0.0,29.31,22.78,0.92,81.15,0.9,6.17,Feni_Feni
2019-11-05,0.0,29.32,22.14,1.01,80.76,0.89,6.38,Feni_Feni
2019-11-06,0.0,29.3,20.57,1.19,82.11,0.88,6.1,Feni_Feni
2019-11-07,0.0,30.38,19.94,1.0,78.6,0.88,4.67,Feni_Feni
2019-11-08,8.81,26.77,22.02,1.09,89.43,0.88,1.26,Feni_Feni
2019-11-09,31.64,27.2,22.49,2.91,93.49,0.9,0.64,Feni_Feni
2019-11-10,70.4,26.31,22.83,3.66,95.02,0.94,0.38,Feni_Feni
2019-11-11,64.6,28.15,22.44,1.64,92.0,0.99,2.47,Feni_Feni
2019-11-12,12.38,27.99,20.54,1.46,87.79,0.98,3.71,Feni_Feni
2019-11-13,0.0,27.92,18.66,1.37,86.26,0.97,4.36,Feni_Feni
2019-11-14,0.0,28.98,18.79,1.21,86.75,0.96,5.36,Feni_Feni
2019-11-15,0.01,28.22,19.75,1.26,83.57,0.96,4.91,Feni_Feni
2019-11-16,0.08,27.84,18.94,1.1,83.29,0.95,4.85,Feni_Feni
2019-11-17,0.0,27.29,19.64,0.91,78.63,0.95,4.84,Feni_Feni
2019-11-18,0.0,27.03,18.92,1.06,80.24,0.94,4.54,Feni_Feni
2019-11-19,0.0,26.99,18.1,0.95,77.72,0.94,4.19,Feni_Feni
2019-11-20,0.0,26.1,18.28,1.12,80.26,0.93,3.37,Feni_Feni
2019-11-21,0.0,26.34,16.33,1.11,78.71,0.93,4.26,Feni_Feni
2019-11-22,0.0,25.9,16.76,0.88,76.43,0.92,4.63,Feni_Feni
2019-11-23,0.0,26.23,16.5,0.98,77.61,0.92,4.33,Feni_Feni
2019-11-24,0.0,25.93,16.38,0.97,80.49,0.91,4.14,Feni_Feni
2019-11-25,0.0,26.29,16.44,1.04,82.42,0.91,4.39,Feni_Feni
2019-11-26,0.0,27.4,16.84,0.95,80.19,0.9,5.14,Feni_Feni
2019-11-27,0.0,27.58,16.96,0.89,77.44,0.9,5.28,Feni_Feni
2019-11-28,0.0,28.21,16.91,1.05,82.99,0.9,4.89,Feni_Feni
2019-11-29,0.0,27.63,17.97,0.89,83.25,0.89,4.9,Feni_Feni
2019-11-30,0.0,26.95,17.66,1.03,83.39,0.89,4.49,Feni_Feni
2019-12-01,0.0,25.84,16.62,1.42,86.9,0.88,3.02,Feni_Feni
2019-12-02,0.0,24.7,15.8,1.66,85.33,0.88,3.0,Feni_Feni
2019-12-03,0.0,24.07,14.7,1.31,77.77,0.87,3.5,Feni_Feni
2019-12-04,0.0,24.66,13.94,1.51,82.52,0.87,3.46,Feni_Feni
2019-12-05,0.0,27.54,14.03,0.85,74.11,0.86,4.37,Feni_Feni
2019-12-06,0.0,27.33,15.99,0.94,76.97,0.86,4.91,Feni_Feni
2019-12-07,0.0,26.46,15.48,1.16,80.42,0.86,4.37,Feni_Feni
2019-12-08,0.0,26.05,17.61,0.77,71.35,0.85,4.06,Feni_Feni
2019-12-09,0.0,25.59,16.78,0.78,76.96,0.85,3.84,Feni_Feni
2019-12-10,0.0,24.37,16.45,0.98,79.0,0.84,3.3,Feni_Feni
2019-12-11,0.0,24.3,16.07,0.9,74.99,0.84,3.48,Feni_Feni
2019-12-12,0.0,24.24,14.64,1.11,75.3,0.84,3.65,Feni_Feni
2019-12-13,0.0,25.14,13.31,0.98,75.28,0.83,3.83,Feni_Feni
2019-12-14,0.0,25.35,13.24,1.08,76.67,0.83,3.6,Feni_Feni
2019-12-15,0.0,24.66,13.98,1.34,80.85,0.83,3.29,Feni_Feni
2019-12-16,0.0,24.84,14.48,1.36,87.51,0.82,3.12,Feni_Feni
2019-12-17,0.0,24.28,14.22,1.52,87.61,0.82,3.16,Feni_Feni
2019-12-18,0.0,22.26,13.16,2.05,89.35,0.82,2.52,Feni_Feni
2019-12-19,0.0,20.82,10.5,1.7,89.98,0.81,2.38,Feni_Feni
2019-12-20,0.0,20.56,9.88,1.37,86.25,0.81,2.45,Feni_Feni
2019-12-21,0.0,20.87,10.32,1.36,89.24,0.81,2.03,Feni_Feni
2019-12-22,0.0,20.87,10.0,1.74,87.87,0.8,2.36,Feni_Feni
2019-12-23,0.0,21.75,10.86,1.91,88.35,0.8,2.15,Feni_Feni
2019-12-24,0.0,22.01,10.57,1.78,86.3,0.8,2.62,Feni_Feni
2019-12-25,0.0,21.43,9.51,1.57,85.52,0.8,2.35,Feni_Feni
2019-12-26,0.3,23.43,11.04,1.43,83.39,0.79,2.99,Feni_Feni
2019-12-27,18.2,21.24,11.67,1.72,91.43,0.8,0.88,Feni_Feni
2019-12-28,0.14,20.42,9.42,1.94,88.08,0.81,1.77,Feni_Feni
2019-12-29,0.07,22.93,9.48,1.47,86.18,0.8,2.65,Feni_Feni
2019-12-30,0.0,23.3,11.05,1.0,82.19,0.8,2.64,Feni_Feni
2019-12-31,0.0,25.09,12.61,1.03,79.89,0.79,3.4,Feni_Feni
2020-01-01,0.11,26.32,15.33,0.96,77.07,0.79,3.58,Feni_Feni
2020-01-02,0.07,25.45,14.59,1.09,84.88,0.79,2.11,Feni_Feni
2020-01-03,81.42,21.64,16.14,1.55,92.38,0.83,0.69,Feni_Feni
2020-01-04,27.24,21.78,14.67,0.77,83.99,0.88,1.52,Feni_Feni
2020-01-05,13.82,22.61,14.96,1.37,88.09,0.88,1.48,Feni_Feni
2020-01-06,0.21,20.31,11.48,2.03,85.68,0.87,1.92,Feni_Feni
2020-01-07,0.0,21.5,8.97,1.45,84.02,0.86,2.32,Feni_Feni
2020-01-08,0.0,21.74,9.89,1.75,85.45,0.85,2.06,Feni_Feni
2020-01-09,0.07,21.97,11.53,1.26,85.43,0.85,1.89,Feni_Feni
2020-01-10,0.85,22.12,13.39,1.98,87.63,0.85,1.98,Feni_Feni
2020-01-11,0.96,20.53,10.12,1.96,89.9,0.85,1.76,Feni_Feni
2020-01-12,0.0,21.61,10.06,1.91,88.99,0.84,1.87,Feni_Feni
2020-01-13,0.0,21.42,10.02,1.35,85.73,0.84,1.99,Feni_Feni
2020-01-14,0.0,21.67,9.99,1.24,86.18,0.84,2.08,Feni_Feni
2020-01-15,0.0,22.94,11.09,1.42,87.72,0.83,2.29,Feni_Feni
2020-01-16,0.0,25.09,11.65,1.44,85.19,0.83,2.66,Feni_Feni
2020-01-17,0.0,26.01,13.04,1.24,82.68,0.82,3.11,Feni_Feni
2020-01-18,0.0,26.06,13.47,1.11,76.26,0.82,3.1,Feni_Feni
2020-01-19,0.0,25.47,13.9,1.33,82.52,0.82,2.77,Feni_Feni
2020-01-20,0.0,22.18,13.06,1.9,87.47,0.81,1.94,Feni_Feni
2020-01-21,0.0,20.59,10.16,1.87,80.2,0.81,2.25,Feni_Feni
2020-01-22,0.0,21.43,8.92,1.85,80.26,0.81,2.28,Feni_Feni
2020-01-23,0.0,22.44,10.39,1.3,76.96,0.8,2.23,Feni_Feni
2020-01-24,0.0,21.72,11.65,1.49,77.47,0.8,2.44,Feni_Feni
2020-01-25,0.0,21.37,8.84,1.48,75.02,0.79,2.21,Feni_Feni
2020-01-26,0.0,20.8,10.18,1.29,74.21,0.79,1.94,Feni_Feni
2020-01-27,0.0,20.59,10.12,1.32,74.65,0.79,1.86,Feni_Feni
2020-01-28,0.0,22.37,9.75,1.24,76.11,0.79,2.31,Feni_Feni
2020-01-29,0.02,22.64,12.6,0.94,75.36,0.78,2.01,Feni_Feni
2020-01-30,0.08,23.48,12.68,1.13,82.68,0.78,1.79,Feni_Feni
2020-01-31,0.21,23.23,13.76,1.31,86.06,0.78,1.95,Feni_Feni
2020-02-01,0.0,22.8,11.47,1.43,80.49,0.78,2.71,Feni_Feni
2020-02-02,0.0,22.02,10.95,1.6,74.45,0.77,2.33,Feni_Feni
2020-02-03,0.0,20.81,8.94,1.86,76.03,0.77,2.5,Feni_Feni
2020-02-04,0.0,21.75,7.86,1.88,77.08,0.77,2.45,Feni_Feni
2020-02-05,0.0,22.2,9.2,1.57,77.58,0.76,2.32,Feni_Feni
2020-02-06,0.0,23.55,11.62,1.69,74.78,0.76,2.86,Feni_Feni
2020-02-07,0.0,23.59,10.58,1.53,74.13,0.75,2.84,Feni_Feni
2020-02-08,0.0,23.31,12.24,1.72,73.25,0.74,2.53,Feni_Feni
2020-02-09,0.0,22.49,14.13,1.88,77.17,0.74,1.63,Feni_Feni
2020-02-10,0.01,22.72,10.05,1.95,72.44,0.74,2.9,Feni_Feni
2020-02-11,0.0,23.05,9.77,1.7,75.54,0.73,2.59,Feni_Feni
2020-02-12,0.0,23.17,9.98,1.86,73.75,0.73,2.78,Feni_Feni
2020-02-13,0.0,23.47,10.89,1.29,66.34,0.72,2.75,Feni_Feni
2020-02-14,0.0,24.0,13.02,1.18,70.68,0.72,2.6,Feni_Feni
2020-02-15,0.0,25.16,13.65,1.72,86.52,0.72,2.61,Feni_Feni
2020-02-16,0.0,25.74,14.03,0.93,76.22,0.71,3.09,Feni_Feni
2020-02-17,0.0,25.77,14.94,0.95,70.08,0.71,3.39,Feni_Feni
2020-02-18,0.0,26.22,15.97,0.87,66.88,0.71,3.3,Feni_Feni
2020-02-19,0.0,26.28,15.28,0.86,63.68,0.7,3.61,Feni_Feni
2020-02-20,0.0,26.81,15.68,1.0,66.5,0.7,3.82,Feni_Feni
2020-02-21,0.0,26.88,13.89,1.23,65.19,0.69,3.34,Feni_Feni
2020-02-22,0.0,28.29,15.42,0.88,60.43,0.69,3.93,Feni_Feni
2020-02-23,0.0,28.35,18.55,0.87,60.69,0.68,4.4,Feni_Feni
2020-02-24,0.0,27.27,16.82,1.24,76.78,0.68,3.76,Feni_Feni
2020-02-25,1.13,27.14,17.27,1.48,81.43,0.67,3.44,Feni_Feni
2020-02-26,3.78,26.55,16.02,1.26,81.84,0.67,3.21,Feni_Feni
2020-02-27,1.04,25.56,15.17,1.18,76.62,0.67,3.92,Feni_Feni
2020-02-28,0.21,26.32,14.6,1.23,71.18,0.67,4.48,Feni_Feni
2020-02-29,0.0,27.29,15.55,0.98,66.91,0.66,4.9,Feni_Feni
2020-03-01,0.0,27.86,16.81,0.87,65.81,0.66,5.03,Feni_Feni
2020-03-02,0.21,28.04,18.0,0.96,68.02,0.65,4.45,Feni_Feni
2020-03-03,16.45,28.42,18.86,0.8,74.76,0.66,3.51,Feni_Feni
2020-03-04,14.88,28.08,18.62,0.71,70.46,0.68,3.59,Feni_Feni
2020-03-05,0.55,28.0,18.27,0.9,72.66,0.68,3.98,Feni_Feni
2020-03-06,0.17,28.24,19.07,1.04,71.2,0.67,4.72,Feni_Feni
2020-03-07,1.22,27.67,18.7,0.89,78.26,0.67,3.46,Feni_Feni
2020-03-08,0.37,27.99,19.48,1.25,76.82,0.66,4.54,Feni_Feni
2020-03-09,0.0,27.52,17.85,1.33,72.32,0.65,5.31,Feni_Feni
2020-03-10,0.0,27.42,14.96,1.69,66.5,0.65,5.47,Feni_Feni
2020-03-11,0.0,28.05,15.29,1.24,66.7,0.64,5.5,Feni_Feni
2020-03-12,0.0,30.29,19.65,1.12,68.0,0.63,5.72,Feni_Feni
2020-03-13,0.0,31.04,20.11,1.39,70.56,0.63,6.0,Feni_Feni
2020-03-14,0.0,31.06,18.21,1.93,73.54,0.62,6.24,Feni_Feni
2020-03-15,0.0,30.45,17.8,2.4,74.36,0.61,5.88,Feni_Feni
2020-03-16,0.0,30.01,16.53,1.79,73.99,0.61,5.48,Feni_Feni
2020-03-17,0.0,29.45,18.09,1.55,70.87,0.6,5.62,Feni_Feni
2020-03-18,0.0,29.6,18.0,1.24,67.43,0.6,5.88,Feni_Feni
2020-03-19,0.0,29.84,17.53,1.2,62.83,0.59,6.26,Feni_Feni
2020-03-20,0.01,29.74,18.53,0.98,60.84,0.59,6.01,Feni_Feni
2020-03-21,0.01,30.4,20.57,1.03,65.42,0.58,6.49,Feni_Feni
2020-03-22,0.71,28.65,20.11,0.97,74.35,0.58,4.51,Feni_Feni
2020-03-23,0.22,28.88,18.45,1.13,66.22,0.57,6.26,Feni_Feni
2020-03-24,0.2,28.99,20.09,0.89,70.8,0.57,6.04,Feni_Feni
2020-03-25,0.33,30.5,20.65,1.0,69.82,0.56,6.92,Feni_Feni
2020-03-26,0.1,31.19,20.48,1.03,69.23,0.55,6.4,Feni_Feni
2020-03-27,0.0,32.2,20.56,1.3,69.5,0.55,7.35,Feni_Feni
2020-03-28,0.0,32.97,22.08,1.46,75.5,0.54,7.45,Feni_Feni
2020-03-29,0.0,33.51,23.08,1.17,66.03,0.54,7.85,Feni_Feni
2020-03-30,0.0,32.96,21.72,1.15,49.47,0.53,7.35,Feni_Feni
2020-03-31,0.0,32.8,21.04,0.87,49.01,0.52,6.83,Feni_Feni
2020-04-01,0.0,33.26,19.18,1.36,54.08,0.52,6.44,Feni_Feni
2020-04-02,0.58,33.3,21.58,1.97,77.8,0.51,5.24,Feni_Feni
2020-04-03,6.29,32.98,23.55,1.97,78.81,0.51,5.05,Feni_Feni
2020-04-04,12.65,31.85,22.63,1.18,79.79,0.53,5.39,Feni_Feni
2020-04-05,11.48,31.31,22.9,1.29,77.9,0.54,5.72,Feni_Feni
2020-04-06,8.7,31.64,22.47,1.59,79.46,0.55,6.55,Feni_Feni
2020-04-07,11.59,32.35,22.25,2.15,78.41,0.56,7.21,Feni_Feni
2020-04-08,0.01,31.75,23.05,2.15,80.63,0.55,6.48,Feni_Feni
2020-04-09,0.0,29.19,22.3,1.45,82.56,0.54,3.2,Feni_Feni
2020-04-10,0.02,33.15,23.03,1.23,73.13,0.53,7.79,Feni_Feni
2020-04-11,0.53,33.61,23.34,1.14,71.82,0.52,7.27,Feni_Feni
2020-04-12,0.53,33.0,22.65,0.91,67.1,0.52,6.01,Feni_Feni
2020-04-13,0.02,33.02,22.7,1.18,69.74,0.51,5.87,Feni_Feni
2020-04-14,0.0,34.49,23.59,1.26,70.46,0.5,5.88,Feni_Feni
2020-04-15,0.35,33.16,22.93,1.43,77.25,0.5,3.93,Feni_Feni
2020-04-16,7.93,31.61,23.3,1.6,77.34,0.51,4.07,Feni_Feni
2020-04-17,6.42,32.11,23.8,2.86,79.82,0.51,4.48,Feni_Feni
2020-04-18,22.27,30.74,23.97,2.63,84.27,0.52,2.98,Feni_Feni
2020-04-19,20.32,31.92,23.85,1.92,83.87,0.57,7.25,Feni_Feni
2020-04-20,34.3,29.64,23.61,1.75,88.69,0.61,3.12,Feni_Feni
2020-04-21,6.1,31.16,24.53,1.04,75.87,0.61,4.39,Feni_Feni
2020-04-22,2.51,30.46,23.17,1.33,77.5,0.6,4.83,Feni_Feni
2020-04-23,6.24,30.67,23.38,1.06,76.56,0.59,5.62,Feni_Feni
2020-04-24,20.48,29.85,21.01,1.54,83.81,0.59,4.66,Feni_Feni
2020-04-25,46.4,29.5,23.14,1.68,87.25,0.65,3.5,Feni_Feni
2020-04-26,30.7,29.31,23.61,1.4,88.3,0.7,2.76,Feni_Feni
2020-04-27,8.92,30.26,21.99,1.23,82.69,0.7,5.16,Feni_Feni
2020-04-28,12.01,29.5,23.08,1.15,82.62,0.69,3.82,Feni_Feni
2020-04-29,16.38,29.43,22.6,1.65,85.51,0.7,4.37,Feni_Feni
2020-04-30,15.42,30.65,23.66,1.35,83.77,0.7,5.5,Feni_Feni
2020-05-01,14.48,30.09,22.71,1.31,84.59,0.71,5.12,Feni_Feni
2020-05-02,16.25,30.47,23.66,1.57,84.98,0.72,4.7,Feni_Feni
2020-05-03,27.87,29.66,23.62,1.87,87.92,0.74,3.54,Feni_Feni
2020-05-04,7.39,31.09,23.66,1.31,83.5,0.75,5.88,Feni_Feni
2020-05-05,21.23,32.05,24.57,1.54,85.32,0.75,5.89,Feni_Feni
2020-05-06,22.31,30.51,25.34,1.31,85.99,0.77,3.59,Feni_Feni
2020-05-07,2.15,31.98,24.08,0.88,77.6,0.76,7.26,Feni_Feni
2020-05-08,3.22,32.5,22.59,1.07,76.03,0.75,7.68,Feni_Feni
2020-05-09,9.89,32.68,23.11,0.91,77.76,0.75,7.26,Feni_Feni
2020-05-10,13.93,33.16,25.09,0.62,74.19,0.76,6.15,Feni_Feni
2020-05-11,0.03,32.15,25.66,0.88,77.75,0.75,4.88,Feni_Feni
2020-05-12,0.03,31.68,25.75,1.17,82.68,0.74,4.77,Feni_Feni
2020-05-13,0.65,32.17,24.99,1.55,83.4,0.73,6.15,Feni_Feni
2020-05-14,11.06,32.34,25.02,1.67,83.02,0.74,6.45,Feni_Feni
2020-05-15,10.89,32.3,25.44,1.64,83.61,0.74,6.34,Feni_Feni
2020-05-16,7.5,33.06,25.55,1.75,83.57,0.74,6.92,Feni_Feni
2020-05-17,8.94,33.52,25.36,1.5,82.84,0.74,6.89,Feni_Feni
2020-05-18,0.0,33.14,26.17,1.43,81.92,0.73,7.51,Feni_Feni
2020-05-19,3.54,31.14,26.19,1.12,78.84,0.73,4.39,Feni_Feni
2020-05-20,50.51,32.11,25.29,5.78,84.82,0.77,5.24,Feni_Feni
2020-05-21,40.47,30.52,26.78,6.25,86.33,0.81,3.52,Feni_Feni
2020-05-22,43.32,32.0,26.52,2.86,86.64,0.85,4.2,Feni_Feni
2020-05-23,9.51,32.43,25.84,2.43,87.59,0.85,5.82,Feni_Feni
2020-05-24,0.52,31.9,25.9,3.38,87.62,0.82,5.67,Feni_Feni
2020-05-25,0.01,31.33,26.61,4.61,85.56,0.81,5.84,Feni_Feni
2020-05-26,6.06,30.84,26.39,4.52,86.07,0.8,4.82,Feni_Feni
2020-05-27,67.39,30.63,26.42,3.92,88.91,0.85,3.12,Feni_Feni
2020-05-28,34.65,30.83,25.86,2.17,87.28,0.89,3.92,Feni_Feni
2020-05-29,17.02,31.15,25.28,1.69,85.85,0.89,4.25,Feni_Feni
2020-05-30,27.0,31.0,24.98,2.32,88.43,0.89,3.85,Feni_Feni
2020-05-31,29.95,31.73,25.36,1.64,87.85,0.9,3.68,Feni_Feni
2020-06-01,30.56,29.94,25.66,2.11,90.04,0.93,2.13,Feni_Feni
2020-06-02,13.58,29.94,25.34,2.05,91.86,0.93,1.39,Feni_Feni
2020-06-03,17.43,30.03,25.63,2.36,87.76,0.93,2.66,Feni_Feni
2020-06-04,34.84,30.81,25.5,2.17,90.1,0.94,2.31,Feni_Feni
2020-06-05,15.65,30.07,25.5,1.84,91.08,0.95,1.88,Feni_Feni
2020-06-06,20.78,30.05,26.57,1.97,93.65,0.96,0.94,Feni_Feni
2020-06-07,32.56,30.24,26.34,1.71,92.38,0.97,1.04,Feni_Feni
2020-06-08,25.24,31.6,25.21,1.46,85.78,0.97,3.68,Feni_Feni
2020-06-09,11.32,33.51,26.44,1.04,83.46,0.97,5.59,Feni_Feni
2020-06-10,20.98,31.55,26.46,1.28,88.86,0.97,2.44,Feni_Feni
2020-06-11,21.91,30.66,27.0,2.97,92.21,0.97,1.67,Feni_Feni
2020-06-12,24.29,30.14,26.35,3.08,92.43,0.97,1.09,Feni_Feni
2020-06-13,27.29,30.27,27.26,2.9,94.09,0.98,0.8,Feni_Feni
2020-06-14,10.96,30.57,26.87,2.17,92.7,0.98,1.25,Feni_Feni
2020-06-15,15.95,30.51,26.8,2.16,93.45,0.98,1.08,Feni_Feni
2020-06-16,15.31,29.55,26.39,2.51,92.14,0.98,0.98,Feni_Feni
2020-06-17,43.45,29.71,26.88,3.86,93.82,0.98,0.71,Feni_Feni
2020-06-18,36.17,28.77,26.45,4.15,94.1,0.99,0.52,Feni_Feni
2020-06-19,26.43,31.29,26.58,2.89,91.28,1.0,2.09,Feni_Feni
2020-06-20,24.41,30.79,26.24,2.84,92.09,0.99,1.67,Feni_Feni
2020-06-21,13.27,30.26,25.94,3.69,92.06,0.99,1.73,Feni_Feni
2020-06-22,10.64,30.45,26.13,3.22,91.13,0.98,2.09,Feni_Feni
2020-06-23,12.56,31.18,26.76,2.98,90.38,0.98,2.69,Feni_Feni
2020-06-24,7.16,31.55,26.44,2.21,90.13,0.97,2.94,Feni_Feni
2020-06-25,5.04,30.95,26.44,2.43,90.52,0.97,2.2,Feni_Feni
2020-06-26,12.05,30.33,26.83,2.83,92.35,0.97,1.15,Feni_Feni
2020-06-27,50.78,30.33,26.93,2.93,91.03,0.98,1.72,Feni_Feni
2020-06-28,12.49,29.67,25.86,2.18,91.16,0.99,0.96,Feni_Feni
2020-06-29,11.01,31.58,25.84,2.15,88.04,0.98,3.14,Feni_Feni
2020-06-30,4.1,31.02,25.86,2.34,88.53,0.97,3.41,Feni_Feni
2020-07-01,12.49,30.69,26.49,1.97,90.2,0.97,2.35,Feni_Feni
2020-07-02,4.2,30.68,26.71,1.84,92.0,0.97,1.29,Feni_Feni
2020-07-03,1.73,32.15,26.55,2.2,90.68,0.96,3.04,Feni_Feni
2020-07-04,9.13,31.64,26.28,3.31,91.25,0.96,2.39,Feni_Feni
2020-07-05,16.69,29.91,27.11,3.5,93.03,0.96,1.35,Feni_Feni
2020-07-06,15.9,30.73,27.09,3.49,91.02,0.96,2.38,Feni_Feni
2020-07-07,18.2,30.86,26.48,3.5,91.31,0.96,2.28,Feni_Feni
2020-07-08,22.9,31.14,27.0,2.92,90.65,0.96,3.02,Feni_Feni
2020-07-09,25.1,30.67,26.73,3.55,92.17,0.97,1.99,Feni_Feni
2020-07-10,23.91,30.78,27.32,3.88,91.87,0.97,2.03,Feni_Feni
2020-07-11,55.04,29.67,27.22,3.75,94.66,0.98,0.72,Feni_Feni
2020-07-12,35.61,29.9,27.02,2.47,93.63,1.0,0.87,Feni_Feni
2020-07-13,17.68,30.68,26.53,2.31,91.19,0.99,2.18,Feni_Feni
2020-07-14,13.3,29.97,25.69,3.01,92.46,0.99,1.5,Feni_Feni
2020-07-15,6.97,31.04,26.09,2.72,90.87,0.98,2.76,Feni_Feni
2020-07-16,5.7,30.92,26.1,2.09,89.5,0.98,2.9,Feni_Feni
2020-07-17,2.83,31.07,26.33,2.2,89.71,0.97,3.41,Feni_Feni
2020-07-18,23.86,29.87,26.52,2.24,92.86,0.97,1.01,Feni_Feni
2020-07-19,38.74,30.31,26.24,3.04,90.99,0.98,2.14,Feni_Feni
2020-07-20,30.61,29.62,26.48,3.11,93.04,0.99,0.82,Feni_Feni
2020-07-21,30.14,29.99,26.95,3.25,93.22,0.99,1.19,Feni_Feni
2020-07-22,61.72,28.89,25.9,2.5,93.31,1.0,0.7,Feni_Feni
2020-07-23,12.38,29.47,25.23,2.3,92.01,1.0,1.16,Feni_Feni
2020-07-24,16.51,30.35,26.2,2.65,92.33,0.99,1.19,Feni_Feni
2020-07-25,1.81,31.36,25.38,1.57,88.52,0.99,3.05,Feni_Feni
2020-07-26,2.16,31.9,26.21,1.45,88.7,0.98,3.72,Feni_Feni
2020-07-27,9.74,31.12,26.59,1.57,91.49,0.98,1.9,Feni_Feni
2020-07-28,17.59,31.46,26.59,2.31,90.26,0.98,2.72,Feni_Feni
2020-07-29,19.95,30.14,26.04,2.03,91.59,0.98,1.78,Feni_Feni
2020-07-30,7.68,31.55,26.09,1.6,89.56,0.98,3.23,Feni_Feni
2020-07-31,4.69,31.55,26.23,1.48,88.5,0.97,3.97,Feni_Feni
2020-08-01,2.73,33.32,26.36,0.92,85.08,0.97,5.62,Feni_Feni
2020-08-02,13.6,32.74,26.68,1.31,87.82,0.96,4.31,Feni_Feni
2020-08-03,9.75,31.9,27.28,1.13,89.14,0.96,2.13,Feni_Feni
2020-08-04,11.48,30.02,26.8,2.52,93.77,0.97,0.74,Feni_Feni
2020-08-05,9.95,31.29,26.45,4.41,89.86,0.96,3.5,Feni_Feni
2020-08-06,7.78,29.68,26.14,3.67,92.74,0.96,1.14,Feni_Feni
2020-08-07,13.88,31.31,26.91,2.53,90.25,0.96,3.43,Feni_Feni
2020-08-08,15.19,30.99,26.27,2.42,90.21,0.96,3.23,Feni_Feni
2020-08-09,1.78,31.15,26.48,2.61,89.92,0.95,3.5,Feni_Feni
2020-08-10,3.6,31.0,26.29,2.44,91.31,0.95,2.64,Feni_Feni
2020-08-11,21.6,31.62,26.82,2.94,90.27,0.95,3.69,Feni_Feni
2020-08-12,9.14,31.85,26.78,2.83,90.23,0.95,4.2,Feni_Feni
2020-08-13,2.07,32.28,26.54,2.44,88.91,0.94,4.94,Feni_Feni
2020-08-14,5.17,31.85,26.1,2.77,90.31,0.93,3.42,Feni_Feni
2020-08-15,40.0,30.27,25.55,5.22,90.81,0.94,3.0,Feni_Feni
2020-08-16,23.49,30.33,26.45,4.89,90.51,0.96,3.23,Feni_Feni
2020-08-17,29.04,30.25,26.41,4.38,90.71,0.97,2.54,Feni_Feni
2020-08-18,16.82,29.3,26.61,3.46,93.12,0.97,1.14,Feni_Feni
2020-08-19,3.12,28.26,25.82,3.63,93.99,0.96,0.81,Feni_Feni
2020-08-20,22.75,28.08,25.01,3.99,94.29,0.97,0.51,Feni_Feni
2020-08-21,17.77,29.22,25.2,3.18,92.61,0.97,1.46,Feni_Feni
2020-08-22,39.9,28.98,25.89,2.04,92.91,0.98,1.2,Feni_Feni
2020-08-23,20.84,30.25,25.59,1.73,90.65,0.99,2.97,Feni_Feni
2020-08-24,38.99,31.67,25.37,1.95,89.03,0.99,4.43,Feni_Feni
2020-08-25,11.96,29.97,25.95,3.46,92.73,0.99,1.37,Feni_Feni
2020-08-26,3.71,29.5,24.71,4.39,92.46,0.98,2.05,Feni_Feni
2020-08-27,9.58,30.02,25.88,2.91,92.2,0.98,1.83,Feni_Feni
2020-08-28,9.05,30.54,25.6,2.54,90.07,0.97,3.61,Feni_Feni
2020-08-29,12.96,31.06,25.8,2.19,89.97,0.97,3.88,Feni_Feni
2020-08-30,4.63,31.48,25.77,1.59,88.73,0.97,4.62,Feni_Feni
2020-08-31,16.99,31.59,26.49,1.38,91.11,0.97,2.23,Feni_Feni
2020-09-01,11.66,30.77,25.59,1.52,89.83,0.97,2.39,Feni_Feni
2020-09-02,16.01,31.28,25.04,1.82,89.16,0.97,4.27,Feni_Feni
2020-09-03,2.04,32.83,25.09,1.15,84.31,0.96,8.04,Feni_Feni
2020-09-04,0.6,32.64,25.5,1.05,84.92,0.95,7.43,Feni_Feni
2020-09-05,0.23,32.39,25.91,1.5,87.0,0.95,6.77,Feni_Feni
2020-09-06,2.1,30.46,26.22,1.73,89.76,0.94,2.67,Feni_Feni
2020-09-07,2.98,29.13,26.05,1.39,89.71,0.94,2.19,Feni_Feni
2020-09-08,2.29,31.33,25.61,1.26,87.92,0.93,4.25,Feni_Feni
2020-09-09,1.89,32.21,26.04,1.32,86.5,0.93,6.15,Feni_Feni
2020-09-10,25.53,31.29,26.41,1.66,88.8,0.93,4.67,Feni_Feni
2020-09-11,22.24,29.98,26.15,1.67,91.18,0.95,1.73,Feni_Feni
2020-09-12,15.07,31.52,26.29,1.76,89.43,0.95,4.39,Feni_Feni
2020-09-13,17.16,31.24,26.14,1.8,90.86,0.95,3.37,Feni_Feni
2020-09-14,10.95,30.12,25.94,1.73,92.29,0.95,1.5,Feni_Feni
2020-09-15,19.14,31.07,26.04,1.97,90.71,0.95,3.44,Feni_Feni
2020-09-16,13.19,30.22,26.34,1.91,91.29,0.96,2.05,Feni_Feni
2020-09-17,12.6,31.61,26.27,1.35,88.52,0.96,3.75,Feni_Feni
2020-09-18,1.52,32.73,26.6,0.78,84.06,0.95,6.76,Feni_Feni
2020-09-19,1.37,32.54,26.63,1.51,88.57,0.95,3.6,Feni_Feni
2020-09-20,6.39,34.21,26.94,1.64,83.12,0.94,6.92,Feni_Feni
2020-09-21,19.37,30.37,26.68,4.68,91.38,0.94,2.25,Feni_Feni
2020-09-22,32.91,29.4,27.19,3.54,94.08,0.96,0.72,Feni_Feni
2020-09-23,40.4,29.29,27.05,2.59,94.42,0.97,0.63,Feni_Feni
2020-09-24,43.23,29.49,26.92,3.0,93.24,0.99,1.14,Feni_Feni
2020-09-25,36.54,29.58,26.7,2.92,94.24,0.99,0.85,Feni_Feni
2020-09-26,48.75,29.3,26.8,3.09,94.27,1.0,0.65,Feni_Feni
2020-09-27,56.7,30.05,26.15,2.21,92.26,1.0,1.88,Feni_Feni
2020-09-28,18.87,31.01,25.61,1.15,90.19,1.0,3.83,Feni_Feni
2020-09-29,9.0,30.38,26.0,0.63,86.39,0.99,2.78,Feni_Feni
2020-09-30,19.03,31.43,25.66,0.7,85.1,0.99,3.68,Feni_Feni
2020-10-01,20.33,30.17,26.22,1.44,90.85,0.99,2.32,Feni_Feni
2020-10-02,4.63,30.66,25.92,1.62,90.83,0.99,3.52,Feni_Feni
2020-10-03,20.97,30.78,25.83,1.32,90.93,0.99,2.41,Feni_Feni
2020-10-04,7.73,31.15,26.2,1.2,88.76,0.99,3.54,Feni_Feni
2020-10-05,19.59,30.34,25.81,1.25,89.71,0.99,1.5,Feni_Feni
2020-10-06,19.84,29.64,25.63,1.15,90.34,0.99,0.81,Feni_Feni
2020-10-07,7.31,29.67,25.96,1.03,86.45,0.99,1.58,Feni_Feni
2020-10-08,0.58,32.38,24.06,0.85,81.16,0.98,7.2,Feni_Feni
2020-10-09,0.3,32.51,25.55,0.97,85.28,0.98,5.79,Feni_Feni
2020-10-10,0.49,32.34,26.48,0.71,84.91,0.97,6.38,Feni_Feni
2020-10-11,3.77,32.55,26.0,0.9,85.3,0.97,7.59,Feni_Feni
2020-10-12,8.99,32.23,25.79,0.81,85.08,0.97,5.8,Feni_Feni
2020-10-13,8.75,32.85,26.47,0.78,83.13,0.96,6.35,Feni_Feni
2020-10-14,10.79,32.89,26.69,0.69,84.65,0.97,1.43,Feni_Feni
2020-10-15,3.38,32.18,25.4,0.9,85.8,0.96,5.93,Feni_Feni
2020-10-16,1.88,31.86,25.57,1.06,84.57,0.96,4.2,Feni_Feni
2020-10-17,7.26,31.88,25.28,0.94,85.67,0.96,5.31,Feni_Feni
2020-10-18,25.94,28.83,26.18,1.01,87.78,0.97,0.86,Feni_Feni
2020-10-19,10.81,30.75,25.21,0.68,81.18,0.97,4.03,Feni_Feni
2020-10-20,5.61,30.44,25.09,1.68,88.76,0.97,2.18,Feni_Feni
2020-10-21,6.64,27.95,24.27,1.59,92.44,0.96,1.16,Feni_Feni
2020-10-22,67.46,27.18,24.77,2.97,95.17,0.98,0.33,Feni_Feni
2020-10-23,112.14,28.17,25.68,5.46,94.13,1.0,0.39,Feni_Feni
2020-10-24,28.52,29.23,25.21,3.08,91.03,1.0,2.35,Feni_Feni
2020-10-25,19.6,30.59,24.97,0.57,83.23,0.99,5.34,Feni_Feni
2020-10-26,1.96,30.18,23.7,0.99,87.14,0.99,4.7,Feni_Feni
2020-10-27,0.0,29.9,23.64,1.48,87.92,0.98,4.55,Feni_Feni
2020-10-28,0.0,30.06,22.41,1.5,87.37,0.98,5.24,Feni_Feni
2020-10-29,1.82,31.32,23.08,1.05,86.46,0.97,5.97,Feni_Feni
2020-10-30,8.55,30.52,24.24,1.2,88.57,0.97,2.16,Feni_Feni
2020-10-31,48.61,27.04,23.94,2.03,94.4,0.99,0.3,Feni_Feni
2020-11-01,38.63,27.79,23.22,1.16,91.58,0.99,1.33,Feni_Feni
2020-11-02,7.65,29.03,23.91,1.7,92.02,0.99,2.18,Feni_Feni
2020-11-03,26.1,28.28,24.27,1.36,93.76,0.99,0.97,Feni_Feni
2020-11-04,25.36,29.46,24.05,0.75,87.71,0.99,2.16,Feni_Feni
2020-11-05,0.25,28.8,19.61,1.4,78.35,0.99,3.69,Feni_Feni
2020-11-06,0.15,26.39,16.57,1.63,79.87,0.98,3.59,Feni_Feni
2020-11-07,0.0,27.74,15.26,1.35,78.23,0.98,4.57,Feni_Feni
2020-11-08,0.0,29.6,17.78,1.1,79.25,0.97,5.71,Feni_Feni
2020-11-09,0.0,29.57,19.73,1.18,83.37,0.97,5.48,Feni_Feni
2020-11-10,0.0,29.6,19.73,1.33,86.19,0.96,5.04,Feni_Feni
2020-11-11,0.0,29.72,20.03,1.41,86.26,0.96,5.27,Feni_Feni
2020-11-12,0.0,30.62,20.18,0.93,81.84,0.95,6.45,Feni_Feni
2020-11-13,0.0,29.96,20.9,1.12,84.65,0.95,5.43,Feni_Feni
2020-11-14,0.0,29.39,20.5,1.32,86.87,0.94,5.15,Feni_Feni
2020-11-15,0.0,28.58,19.56,1.36,87.19,0.94,5.06,Feni_Feni
2020-11-16,0.0,28.33,19.35,0.98,84.7,0.93,5.36,Feni_Feni
2020-11-17,0.0,27.43,20.03,1.12,81.25,0.92,4.6,Feni_Feni
2020-11-18,0.0,26.83,19.1,1.09,77.63,0.92,4.32,Feni_Feni
2020-11-19,0.0,26.38,17.06,1.14,81.07,0.91,3.88,Feni_Feni
2020-11-20,0.0,27.72,17.91,0.84,77.71,0.91,4.55,Feni_Feni
2020-11-21,7.0,28.07,18.96,0.74,80.65,0.91,3.49,Feni_Feni
2020-11-22,12.94,25.64,16.31,1.9,86.19,0.92,2.75,Feni_Feni
2020-11-23,0.01,23.78,13.16,1.82,79.95,0.91,3.42,Feni_Feni
2020-11-24,0.0,24.83,12.92,1.16,81.31,0.91,4.2,Feni_Feni
2020-11-25,0.0,26.11,14.67,1.04,84.42,0.9,3.99,Feni_Feni
2020-11-26,0.0,25.93,16.6,1.15,88.21,0.9,3.31,Feni_Feni
2020-11-27,0.0,26.63,16.17,1.3,85.9,0.89,4.06,Feni_Feni
2020-11-28,0.0,26.62,16.02,1.43,89.03,0.89,3.57,Feni_Feni
2020-11-29,0.0,27.52,16.85,1.54,88.92,0.89,4.15,Feni_Feni
2020-11-30,0.0,27.36,15.74,1.28,85.99,0.88,4.4,Feni_Feni
2020-12-01,0.0,27.4,15.92,0.94,81.32,0.88,5.21,Feni_Feni
2020-12-02,0.0,26.45,16.76,0.91,81.18,0.87,4.6,Feni_Feni
2020-12-03,0.0,26.06,16.8,0.74,78.9,0.87,3.96,Feni_Feni
2020-12-04,0.0,25.54,16.34,0.96,79.32,0.86,4.29,Feni_Feni
2020-12-05,0.0,25.39,16.09,0.79,76.4,0.86,3.01,Feni_Feni
2020-12-06,0.0,25.43,15.7,0.87,78.14,0.86,3.0,Feni_Feni
2020-12-07,0.0,24.91,14.76,1.01,85.88,0.85,2.5,Feni_Feni
2020-12-08,0.0,24.78,14.81,1.09,87.42,0.85,2.55,Feni_Feni
2020-12-09,0.0,23.75,15.26,0.99,86.84,0.85,2.19,Feni_Feni
2020-12-10,0.0,23.51,14.31,1.15,87.7,0.85,2.62,Feni_Feni
2020-12-11,0.0,23.35,13.46,1.28,88.75,0.84,2.75,Feni_Feni
2020-12-12,0.0,23.13,14.46,1.17,89.0,0.84,2.93,Feni_Feni
2020-12-13,0.0,23.71,13.86,1.4,89.02,0.84,2.66,Feni_Feni
2020-12-14,0.0,24.28,14.46,1.61,88.55,0.83,2.75,Feni_Feni
2020-12-15,0.0,24.06,13.92,1.76,88.47,0.83,2.99,Feni_Feni
2020-12-16,0.0,24.17,13.94,1.82,88.09,0.83,2.83,Feni_Feni
2020-12-17,0.0,23.7,13.8,1.77,88.1,0.82,2.69,Feni_Feni
2020-12-18,0.0,22.7,13.14,1.81,86.51,0.82,2.6,Feni_Feni
2020-12-19,0.0,20.68,10.08,2.1,84.08,0.82,2.5,Feni_Feni
2020-12-20,0.0,20.96,8.12,1.51,83.71,0.81,2.64,Feni_Feni
2020-12-21,0.0,22.05,9.67,1.15,83.27,0.81,2.88,Feni_Feni
2020-12-22,0.0,22.87,12.94,0.59,75.12,0.81,3.0,Feni_Feni
2020-12-23,0.03,22.99,11.87,0.91,79.2,0.8,2.93,Feni_Feni
2020-12-24,0.0,23.21,11.84,0.94,78.77,0.8,3.01,Feni_Feni
2020-12-25,0.0,23.35,12.14,1.27,86.72,0.8,2.98,Feni_Feni
2020-12-26,0.0,22.91,11.85,1.7,87.03,0.79,2.76,Feni_Feni
2020-12-27,0.0,22.26,10.34,1.46,82.65,0.79,2.65,Feni_Feni
2020-12-28,0.0,22.3,10.54,1.38,83.37,0.79,2.66,Feni_Feni
2020-12-29,0.0,22.16,10.42,1.57,86.22,0.79,2.43,Feni_Feni
2020-12-30,0.0,22.95,10.26,1.59,84.27,0.78,2.81,Feni_Feni
2020-12-31,0.0,23.25,10.58,1.31,85.0,0.78,3.05,Feni_Feni
2021-01-01,0.0,23.6,11.51,1.21,84.96,0.78,3.2,Feni_Feni
2021-01-02,0.0,23.4,11.57,1.18,85.88,0.77,3.17,Feni_Feni
2021-01-03,0.0,23.72,12.3,1.14,84.81,0.77,2.98,Feni_Feni
2021-01-04,0.0,24.47,12.74,1.32,83.97,0.77,3.0,Feni_Feni
2021-01-05,0.0,24.55,12.46,1.48,86.31,0.77,2.87,Feni_Feni
2021-01-06,0.0,25.5,12.94,1.41,85.83,0.76,3.14,Feni_Feni
2021-01-07,0.0,26.68,15.03,1.15,81.84,0.76,3.47,Feni_Feni
2021-01-08,0.0,25.97,15.01,1.51,80.96,0.75,3.23,Feni_Feni
2021-01-09,0.0,24.57,14.2,1.31,80.73,0.75,2.89,Feni_Feni
2021-01-10,0.0,24.55,14.74,0.94,81.83,0.75,2.62,Feni_Feni
2021-01-11,0.0,25.63,16.08,0.99,85.33,0.74,2.75,Feni_Feni
2021-01-12,0.0,24.32,15.08,1.48,86.68,0.74,2.58,Feni_Feni
2021-01-13,0.0,22.84,12.59,1.58,83.16,0.74,2.71,Feni_Feni
2021-01-14,0.0,21.87,10.37,1.5,79.7,0.73,2.35,Feni_Feni
2021-01-15,0.19,21.12,11.29,1.35,75.42,0.73,2.1,Feni_Feni
2021-01-16,0.0,21.46,9.95,1.38,77.29,0.73,2.18,Feni_Feni
2021-01-17,0.0,21.71,11.0,1.49,83.51,0.73,2.01,Feni_Feni
2021-01-18,0.0,22.66,10.77,1.27,83.21,0.72,2.19,Feni_Feni
2021-01-19,0.0,22.15,12.07,0.97,79.94,0.72,1.95,Feni_Feni
2021-01-20,0.32,23.02,13.19,1.62,89.57,0.72,1.56,Feni_Feni
2021-01-21,0.12,24.12,13.06,1.43,79.38,0.72,2.74,Feni_Feni
2021-01-22,0.08,22.59,10.73,1.39,75.45,0.71,2.58,Feni_Feni
2021-01-23,0.0,21.41,9.82,1.11,74.06,0.71,2.34,Feni_Feni
2021-01-24,0.0,22.63,10.28,1.17,76.34,0.71,2.53,Feni_Feni
2021-01-25,0.0,22.69,10.25,1.66,82.17,0.7,2.62,Feni_Feni
2021-01-26,0.0,22.78,10.19,2.05,80.58,0.7,2.84,Feni_Feni
2021-01-27,0.0,22.16,9.19,2.09,79.95,0.7,2.73,Feni_Feni
2021-01-28,0.0,22.19,7.87,1.55,76.38,0.69,2.79,Feni_Feni
2021-01-29,0.0,22.95,8.6,1.57,76.02,0.69,2.95,Feni_Feni
2021-01-30,0.0,22.73,10.04,1.45,75.65,0.68,2.49,Feni_Feni
2021-01-31,0.0,21.23,8.89,1.69,69.4,0.68,2.66,Feni_Feni
2021-02-01,0.0,21.32,7.63,1.62,69.29,0.68,2.65,Feni_Feni
2021-02-02,0.0,22.33,7.64,2.09,72.82,0.67,2.5,Feni_Feni
2021-02-03,0.0,23.98,8.3,1.82,75.01,0.67,2.85,Feni_Feni
2021-02-04,0.0,25.08,9.71,1.34,73.68,0.66,3.42,Feni_Feni
2021-02-05,0.0,25.07,11.34,0.93,66.56,0.66,3.87,Feni_Feni
2021-02-06,0.0,25.23,12.08,1.18,69.32,0.66,3.75,Feni_Feni
2021-02-07,0.01,23.72,12.87,2.38,78.17,0.65,2.6,Feni_Feni
2021-02-08,0.0,24.45,11.33,2.31,74.86,0.65,3.37,Feni_Feni
2021-02-09,0.0,25.74,10.76,2.03,72.83,0.64,3.58,Feni_Feni
2021-02-10,0.0,25.72,11.11,1.51,65.23,0.64,3.82,Feni_Feni
2021-02-11,0.0,25.53,12.94,0.94,59.5,0.64,3.18,Feni_Feni
2021-02-12,0.0,25.28,13.63,1.15,60.73,0.63,2.97,Feni_Feni
2021-02-13,0.0,25.71,13.01,1.46,64.84,0.63,3.13,Feni_Feni
2021-02-14,0.0,25.84,12.24,1.28,63.9,0.63,3.22,Feni_Feni
2021-02-15,0.0,26.2,15.8,0.67,57.95,0.62,3.26,Feni_Feni
2021-02-16,0.0,26.6,14.91,1.16,61.92,0.62,3.5,Feni_Feni
2021-02-17,0.0,27.47,12.56,1.66,67.13,0.61,3.94,Feni_Feni
2021-02-18,0.0,28.46,13.99,1.24,64.67,0.61,4.22,Feni_Feni
2021-02-19,0.0,26.73,16.64,0.78,64.02,0.61,2.91,Feni_Feni
2021-02-20,0.0,26.85,17.93,1.28,69.76,0.6,2.99,Feni_Feni
2021-02-21,0.0,28.13,15.27,1.74,66.0,0.6,4.61,Feni_Feni
2021-02-22,0.0,27.54,13.21,1.76,61.67,0.59,4.65,Feni_Feni
2021-02-23,0.0,28.39,13.94,1.48,59.67,0.59,4.68,Feni_Feni
2021-02-24,0.0,28.06,15.48,1.09,64.63,0.58,3.81,Feni_Feni
2021-02-25,0.0,28.8,17.83,1.27,80.75,0.58,4.41,Feni_Feni
2021-02-26,0.0,29.62,17.82,1.43,79.71,0.58,4.93,Feni_Feni
2021-02-27,0.0,29.23,18.2,1.62,84.68,0.57,4.67,Feni_Feni
2021-02-28,0.0,30.24,18.73,1.64,82.75,0.57,5.25,Feni_Feni
2021-03-01,0.0,30.41,18.99,1.85,83.3,0.56,5.18,Feni_Feni
2021-03-02,0.0,30.41,20.67,1.02,72.75,0.56,6.18,Feni_Feni
2021-03-03,0.0,30.02,19.26,1.04,73.92,0.55,5.47,Feni_Feni
2021-03-04,0.0,29.38,19.82,1.64,80.13,0.55,5.17,Feni_Feni
2021-03-05,0.0,29.1,18.73,2.25,84.36,0.54,4.9,Feni_Feni
2021-03-06,0.29,29.53,20.88,3.14,84.72,0.54,4.69,Feni_Feni
2021-03-07,0.52,29.55,20.9,1.94,84.51,0.53,4.71,Feni_Feni
2021-03-08,0.41,29.92,19.84,1.35,81.17,0.53,4.63,Feni_Feni
2021-03-09,0.22,30.74,20.21,1.95,82.08,0.53,4.7,Feni_Feni
2021-03-10,0.46,30.23,21.31,1.51,82.46,0.52,3.93,Feni_Feni
2021-03-11,2.36,31.08,20.4,1.13,74.58,0.52,4.72,Feni_Feni
2021-03-12,12.64,32.01,20.62,0.95,72.4,0.53,4.77,Feni_Feni
2021-03-13,0.18,32.09,20.37,1.4,69.83,0.53,5.73,Feni_Feni
2021-03-14,0.12,31.38,19.79,1.85,67.64,0.53,5.12,Feni_Feni
2021-03-15,0.1,31.14,17.82,1.41,62.13,0.52,5.2,Feni_Feni
2021-03-16,0.0,32.23,18.36,1.51,57.34,0.51,5.11,Feni_Feni
2021-03-17,0.0,32.71,18.47,1.38,48.34,0.51,4.75,Feni_Feni
2021-03-18,0.0,33.28,19.14,1.15,40.51,0.5,4.36,Feni_Feni
2021-03-19,0.0,33.01,20.31,0.93,48.81,0.5,3.79,Feni_Feni
2021-03-20,0.0,31.57,22.09,0.69,51.39,0.49,2.3,Feni_Feni
2021-03-21,0.0,34.79,22.64,0.8,49.39,0.49,3.95,Feni_Feni
2021-03-22,0.0,35.88,23.4,1.15,48.4,0.49,4.1,Feni_Feni
2021-03-23,0.0,36.19,21.95,1.17,46.84,0.48,4.05,Feni_Feni
2021-03-24,0.0,36.01,22.62,1.41,52.77,0.48,3.27,Feni_Feni
2021-03-25,0.0,35.99,23.2,1.34,55.87,0.47,3.62,Feni_Feni
2021-03-26,0.0,35.16,22.41,1.28,41.87,0.47,3.21,Feni_Feni
2021-03-27,0.0,35.47,21.27,1.2,40.21,0.46,3.12,Feni_Feni
2021-03-28,0.0,34.1,20.13,1.07,47.58,0.46,2.45,Feni_Feni
2021-03-29,0.02,35.17,23.02,2.02,67.69,0.46,2.55,Feni_Feni
2021-03-30,0.47,34.69,24.53,3.77,75.06,0.46,2.26,Feni_Feni
2021-03-31,0.49,33.62,25.49,5.67,78.55,0.45,2.03,Feni_Feni
2021-04-01,1.52,33.41,25.35,3.98,75.69,0.45,2.19,Feni_Feni
2021-04-02,0.46,33.95,23.31,2.52,72.8,0.45,2.21,Feni_Feni
2021-04-03,0.0,36.11,21.75,0.88,57.23,0.45,2.63,Feni_Feni
2021-04-04,0.0,34.4,22.9,0.81,49.64,0.44,1.49,Feni_Feni
2021-04-05,0.13,36.18,22.52,1.28,54.5,0.44,2.39,Feni_Feni
2021-04-06,0.14,35.72,20.83,1.76,59.18,0.44,2.15,Feni_Feni
2021-04-07,0.0,35.22,22.89,2.48,66.29,0.43,1.92,Feni_Feni
2021-04-08,0.02,34.6,23.71,2.54,70.51,0.43,1.73,Feni_Feni
2021-04-09,0.14,36.06,23.77,1.55,64.8,0.43,1.72,Feni_Feni
2021-04-10,0.11,36.64,24.14,1.48,60.95,0.43,1.66,Feni_Feni
2021-04-11,0.0,36.83,25.11,1.61,61.99,0.42,1.79,Feni_Feni
2021-04-12,0.0,38.24,24.87,1.63,60.31,0.42,1.66,Feni_Feni
2021-04-13,0.0,37.8,25.14,1.72,58.68,0.42,1.58,Feni_Feni
2021-04-14,0.0,36.71,23.68,2.01,65.28,0.41,1.32,Feni_Feni
2021-04-15,0.0,33.04,24.46,2.21,71.85,0.41,0.65,Feni_Feni
2021-04-16,1.59,35.03,24.73,2.18,64.06,0.41,0.85,Feni_Feni
2021-04-17,7.71,34.74,23.54,1.44,66.44,0.43,1.57,Feni_Feni
2021-04-18,10.24,34.49,23.48,1.92,66.94,0.44,2.11,Feni_Feni
2021-04-19,0.23,35.45,23.92,2.63,64.47,0.43,2.26,Feni_Feni
2021-04-20,0.27,36.68,24.25,2.52,65.08,0.43,2.09,Feni_Feni
2021-04-21,0.0,36.42,24.31,1.89,67.37,0.42,1.69,Feni_Feni
2021-04-22,0.02,37.01,25.29,1.46,63.79,0.42,1.55,Feni_Feni
2021-04-23,0.0,37.56,25.26,1.58,55.81,0.41,1.51,Feni_Feni
2021-04-24,0.0,38.8,23.65,1.58,40.35,0.41,1.58,Feni_Feni
2021-04-25,0.0,38.65,25.73,0.89,48.2,0.41,1.25,Feni_Feni
2021-04-26,0.0,38.9,26.0,1.72,57.17,0.4,1.23,Feni_Feni
2021-04-27,0.0,37.55,26.62,2.29,62.83,0.4,0.94,Feni_Feni
2021-04-28,0.0,35.6,26.47,2.0,65.97,0.4,0.64,Feni_Feni
2021-04-29,0.07,35.11,26.76,0.75,56.96,0.4,0.53,Feni_Feni
2021-04-30,0.28,37.09,25.97,1.49,58.97,0.4,0.8,Feni_Feni
2021-05-01,2.52,36.72,25.53,1.65,62.1,0.4,0.91,Feni_Feni
2021-05-02,1.33,36.36,25.45,2.26,61.26,0.4,0.87,Feni_Feni
2021-05-03,6.56,31.37,25.73,0.95,69.98,0.41,0.38,Feni_Feni
2021-05-04,22.89,29.17,24.65,1.08,76.09,0.43,0.4,Feni_Feni
2021-05-05,3.8,30.87,23.43,1.2,71.31,0.45,1.15,Feni_Feni
2021-05-06,0.49,33.75,22.8,1.02,62.1,0.44,1.84,Feni_Feni
2021-05-07,3.99,34.34,24.95,1.18,66.21,0.44,1.73,Feni_Feni
2021-05-08,6.24,34.22,25.22,0.79,63.44,0.44,2.14,Feni_Feni
2021-05-09,2.16,35.8,24.89,1.08,60.72,0.44,2.43,Feni_Feni
2021-05-10,5.8,34.83,25.42,1.84,69.13,0.44,2.11,Feni_Feni
2021-05-11,8.88,33.74,25.73,1.14,70.27,0.45,2.01,Feni_Feni
2021-05-12,9.58,32.73,25.85,0.95,72.71,0.46,2.13,Feni_Feni
2021-05-13,14.61,32.71,24.98,1.67,76.75,0.47,2.5,Feni_Feni
2021-05-14,11.97,33.33,24.4,2.44,76.89,0.48,3.9,Feni_Feni
2021-05-15,4.18,35.8,25.69,2.48,73.3,0.48,4.4,Feni_Feni
2021-05-16,13.12,35.49,26.27,1.38,73.28,0.48,3.77,Feni_Feni
2021-05-17,1.77,36.98,26.93,1.62,71.32,0.48,4.61,Feni_Feni
2021-05-18,0.32,36.14,27.68,2.17,73.51,0.47,3.59,Feni_Feni
2021-05-19,0.79,34.24,27.54,1.94,76.09,0.47,2.17,Feni_Feni
2021-05-20,0.59,34.25,28.08,2.07,76.71,0.46,1.76,Feni_Feni
2021-05-21,0.4,35.94,27.93,2.51,71.81,0.46,2.6,Feni_Feni
2021-05-22,0.03,37.29,27.58,1.99,66.52,0.45,3.2,Feni_Feni
2021-05-23,1.05,37.8,27.96,1.16,65.91,0.45,2.69,Feni_Feni
2021-05-24,15.77,33.5,27.47,1.38,78.94,0.45,1.11,Feni_Feni
2021-05-25,18.48,33.73,26.19,4.05,77.97,0.5,4.12,Feni_Feni
2021-05-26,14.62,31.75,24.85,6.11,77.87,0.51,3.92,Feni_Feni
2021-05-27,1.99,33.43,25.75,5.71,77.15,0.5,4.98,Feni_Feni
2021-05-28,0.67,35.22,27.23,3.03,76.15,0.49,4.95,Feni_Feni
2021-05-29,0.28,35.44,26.33,2.18,74.23,0.48,4.57,Feni_Feni
2021-05-30,2.46,33.91,27.15,2.19,76.58,0.47,2.74,Feni_Feni
2021-05-31,43.03,32.15,27.24,3.39,84.0,0.5,1.5,Feni_Feni
2021-06-01,38.72,30.57,27.34,2.7,90.62,0.57,1.9,Feni_Feni
2021-06-02,28.98,30.08,26.71,1.46,90.57,0.64,1.87,Feni_Feni
2021-06-03,13.26,31.92,26.46,2.01,86.79,0.62,4.98,Feni_Feni
2021-06-04,8.55,31.58,26.81,1.73,87.14,0.62,3.79,Feni_Feni
2021-06-05,17.64,32.05,27.23,1.95,90.34,0.63,2.97,Feni_Feni
2021-06-06,54.73,31.26,27.26,2.08,91.01,0.69,2.08,Feni_Feni
2021-06-07,42.14,31.37,27.07,2.37,89.91,0.74,2.47,Feni_Feni
2021-06-08,16.92,29.81,26.44,2.09,92.27,0.74,1.15,Feni_Feni
2021-06-09,3.95,30.62,26.26,1.88,85.92,0.73,3.05,Feni_Feni
2021-06-10,6.96,30.31,26.2,1.36,84.83,0.72,2.88,Feni_Feni
2021-06-11,13.84,29.01,25.41,3.41,93.0,0.72,1.07,Feni_Feni
2021-06-12,7.4,30.57,26.34,3.62,89.98,0.73,2.71,Feni_Feni
2021-06-13,7.14,31.59,26.77,3.75,86.35,0.73,6.67,Feni_Feni
2021-06-14,8.85,31.73,26.93,4.34,87.4,0.73,5.51,Feni_Feni
2021-06-15,27.35,30.93,26.43,4.2,90.08,0.74,3.5,Feni_Feni
2021-06-16,19.13,29.89,25.59,3.72,88.78,0.76,3.73,Feni_Feni
2021-06-17,34.74,29.74,24.42,3.62,88.02,0.78,4.67,Feni_Feni
2021-06-18,56.1,30.42,24.43,3.42,89.72,0.83,3.75,Feni_Feni
2021-06-19,30.65,29.12,25.38,2.4,89.57,0.86,2.21,Feni_Feni
2021-06-20,24.57,29.0,25.43,4.02,89.47,0.86,2.86,Feni_Feni
2021-06-21,49.21,28.91,25.2,2.84,91.94,0.88,1.8,Feni_Feni
2021-06-22,2.93,30.16,25.15,2.73,87.83,0.88,4.06,Feni_Feni
2021-06-23,13.22,31.44,25.06,2.8,87.83,0.87,4.69,Feni_Feni
2021-06-24,3.87,31.12,25.36,3.25,88.6,0.87,4.79,Feni_Feni
2021-06-25,4.81,30.42,25.53,2.83,87.47,0.86,4.86,Feni_Feni
2021-06-26,13.73,31.02,25.88,3.19,88.56,0.86,4.54,Feni_Feni
2021-06-27,7.97,31.27,26.22,2.9,87.9,0.86,5.23,Feni_Feni
2021-06-28,9.8,31.07,26.03,2.84,89.03,0.86,3.84,Feni_Feni
2021-06-29,20.8,30.67,26.61,3.22,91.48,0.86,2.25,Feni_Feni
2021-06-30,79.12,31.26,26.75,3.1,90.88,0.9,2.65,Feni_Feni
2021-07-01,66.52,29.9,25.34,3.37,92.75,0.97,1.55,Feni_Feni
2021-07-02,21.65,30.17,25.87,3.28,89.33,0.97,2.57,Feni_Feni
2021-07-03,17.87,30.69,26.52,4.52,90.12,0.96,2.98,Feni_Feni
2021-07-04,19.65,30.34,26.08,3.42,91.97,0.96,1.64,Feni_Feni
2021-07-05,5.06,31.01,25.92,3.54,91.17,0.96,3.08,Feni_Feni
2021-07-06,25.12,31.34,26.74,2.68,90.11,0.96,3.11,Feni_Feni
2021-07-07,34.07,30.82,26.87,3.05,92.46,0.97,2.15,Feni_Feni
2021-07-08,14.08,30.67,26.43,3.17,90.44,0.97,3.22,Feni_Feni
2021-07-09,4.13,31.19,25.75,2.17,88.78,0.96,3.99,Feni_Feni
2021-07-10,6.61,32.15,26.05,1.46,86.89,0.96,4.37,Feni_Feni
2021-07-11,7.52,32.98,26.27,1.47,86.15,0.95,5.33,Feni_Feni
2021-07-12,16.75,32.77,25.82,1.44,86.37,0.95,4.41,Feni_Feni
2021-07-13,9.2,30.64,26.27,3.08,89.88,0.95,2.87,Feni_Feni
2021-07-14,8.28,30.51,25.89,2.09,88.36,0.95,2.92,Feni_Feni
2021-07-15,4.87,31.56,25.88,1.31,86.1,0.94,3.52,Feni_Feni
2021-07-16,14.61,31.68,26.62,1.1,84.37,0.94,4.52,Feni_Feni
2021-07-17,18.78,30.68,26.42,1.74,89.28,0.95,2.69,Feni_Feni
2021-07-18,7.09,30.68,26.08,1.23,88.73,0.95,2.62,Feni_Feni
2021-07-19,26.15,29.75,26.78,2.02,90.73,0.95,1.38,Feni_Feni
2021-07-20,7.06,31.78,26.37,1.72,86.84,0.96,4.71,Feni_Feni
2021-07-21,8.84,32.43,26.0,1.39,84.65,0.95,4.58,Feni_Feni
2021-07-22,8.16,32.57,26.32,3.13,87.23,0.94,4.93,Feni_Feni
2021-07-23,20.86,30.2,26.7,4.19,91.48,0.95,1.83,Feni_Feni
2021-07-24,53.62,30.56,26.89,4.19,91.48,0.97,2.44,Feni_Feni
2021-07-25,14.28,30.85,26.55,2.76,90.82,0.97,2.21,Feni_Feni
2021-07-26,5.6,31.72,26.96,2.08,89.69,0.96,3.17,Feni_Feni
2021-07-27,28.0,32.83,27.22,2.28,90.91,0.96,3.1,Feni_Feni
2021-07-28,62.61,31.06,27.07,3.62,93.22,0.98,1.43,Feni_Feni
2021-07-29,44.82,28.9,26.57,5.61,93.53,1.0,0.95,Feni_Feni
2021-07-30,46.38,30.41,26.7,4.7,90.92,1.0,2.11,Feni_Feni
2021-07-31,21.98,30.6,26.5,3.6,90.58,1.0,2.16,Feni_Feni
2021-08-01,29.09,30.86,26.13,2.49,91.86,0.99,1.83,Feni_Feni
2021-08-02,10.65,28.6,25.82,2.12,93.26,0.99,0.81,Feni_Feni
2021-08-03,16.58,31.57,25.59,1.96,89.33,0.99,3.73,Feni_Feni
2021-08-04,6.54,31.28,26.26,2.54,89.92,0.98,3.29,Feni_Feni
2021-08-05,8.0,33.71,25.6,1.78,85.26,0.98,5.16,Feni_Feni
2021-08-06,19.47,28.56,26.86,3.73,94.93,0.97,0.39,Feni_Feni
2021-08-07,39.28,31.25,26.5,3.01,89.67,0.98,3.19,Feni_Feni
2021-08-08,14.18,31.16,26.79,2.65,90.79,0.99,2.38,Feni_Feni
2021-08-09,27.79,31.47,26.21,2.39,90.16,0.98,3.6,Feni_Feni
2021-08-10,16.23,31.27,26.87,2.56,90.95,0.98,2.81,Feni_Feni
2021-08-11,14.89,30.24,27.29,2.74,92.08,0.98,2.23,Feni_Feni
2021-08-12,20.12,29.35,27.36,3.49,91.16,0.98,1.68,Feni_Feni
2021-08-13,41.62,30.86,27.1,2.15,89.84,0.99,2.56,Feni_Feni
2021-08-14,17.76,31.56,26.53,2.57,89.65,0.99,3.48,Feni_Feni
2021-08-15,25.14,30.7,26.86,1.74,91.1,0.99,1.51,Feni_Feni
2021-08-16,17.03,30.8,26.06,2.16,91.64,0.99,2.01,Feni_Feni
2021-08-17,31.63,29.54,26.01,3.54,93.37,0.99,1.32,Feni_Feni
2021-08-18,47.08,29.4,26.26,3.31,94.38,1.0,0.71,Feni_Feni
2021-08-19,27.18,28.99,25.8,2.99,93.37,1.0,0.77,Feni_Feni
2021-08-20,10.07,30.35,25.58,2.72,91.14,0.99,2.58,Feni_Feni
2021-08-21,1.71,30.9,25.42,1.85,88.74,0.99,3.63,Feni_Feni
2021-08-22,3.74,31.54,25.4,1.82,88.15,0.98,4.69,Feni_Feni
2021-08-23,4.77,31.54,25.82,2.39,89.83,0.97,3.77,Feni_Feni
2021-08-24,14.25,30.94,26.92,2.0,91.82,0.97,2.21,Feni_Feni
2021-08-25,34.06,29.21,26.47,1.48,90.93,0.97,0.97,Feni_Feni
2021-08-26,10.22,30.91,26.13,2.45,91.0,0.98,2.9,Feni_Feni
2021-08-27,31.62,30.51,25.9,2.13,90.65,0.98,2.33,Feni_Feni
2021-08-28,3.84,29.32,25.81,1.85,91.81,0.98,1.61,Feni_Feni
2021-08-29,2.24,29.97,25.52,2.16,92.09,0.98,2.02,Feni_Feni
2021-08-30,17.85,28.49,25.39,1.69,92.46,0.98,0.94,Feni_Feni
2021-08-31,9.96,31.22,25.14,1.69,88.57,0.98,4.86,Feni_Feni
2021-09-01,9.05,31.44,25.07,0.95,86.75,0.97,4.93,Feni_Feni
2021-09-02,20.14,29.34,25.37,1.71,91.58,0.97,1.89,Feni_Feni
2021-09-03,7.21,31.55,24.09,1.4,87.06,0.97,5.72,Feni_Feni
2021-09-04,2.38,32.76,25.42,1.21,85.97,0.96,6.63,Feni_Feni
2021-09-05,48.2,33.11,26.15,1.23,86.44,0.98,4.68,Feni_Feni
2021-09-06,20.72,30.67,26.08,2.94,89.55,0.98,2.82,Feni_Feni
2021-09-07,15.71,30.47,25.46,2.84,90.16,0.98,3.05,Feni_Feni
2021-09-08,4.82,30.74,25.21,1.56,87.69,0.97,4.49,Feni_Feni
2021-09-09,3.59,32.26,25.96,0.8,84.98,0.97,5.41,Feni_Feni
2021-09-10,3.06,31.33,25.51,1.82,89.23,0.96,2.37,Feni_Feni
2021-09-11,9.77,32.28,25.26,1.75,86.88,0.96,4.91,Feni_Feni
2021-09-12,2.17,30.75,25.56,3.22,90.49,0.96,2.86,Feni_Feni
2021-09-13,1.52,30.4,25.47,4.02,90.58,0.95,3.14,Feni_Feni
2021-09-14,5.2,30.62,25.98,2.79,89.72,0.95,4.04,Feni_Feni
2021-09-15,13.7,30.99,25.92,1.33,87.93,0.94,3.6,Feni_Feni
2021-09-16,10.8,28.45,25.71,2.04,93.68,0.95,0.56,Feni_Feni
2021-09-17,4.82,31.23,25.55,1.62,89.02,0.95,4.01,Feni_Feni
2021-09-18,37.48,29.67,25.63,1.75,92.97,0.96,1.21,Feni_Feni
2021-09-19,50.2,29.36,25.29,1.21,91.48,0.98,1.58,Feni_Feni
2021-09-20,17.97,27.81,25.19,1.8,93.67,0.99,0.64,Feni_Feni
2021-09-21,3.86,28.34,24.96,1.68,92.59,0.98,1.12,Feni_Feni
2021-09-22,1.75,28.67,24.75,1.4,92.12,0.98,1.58,Feni_Feni
2021-09-23,0.22,32.47,23.9,1.08,85.08,0.97,8.42,Feni_Feni
2021-09-24,1.01,31.48,25.62,1.33,88.47,0.97,3.81,Feni_Feni
2021-09-25,16.53,30.84,25.89,1.04,87.72,0.97,3.7,Feni_Feni
2021-09-26,13.62,32.4,25.67,0.73,83.6,0.97,4.78,Feni_Feni
2021-09-27,19.97,31.1,25.6,1.82,88.45,0.97,2.9,Feni_Feni
2021-09-28,21.41,28.38,25.07,1.88,92.83,0.98,0.91,Feni_Feni
2021-09-29,15.06,29.93,24.81,1.72,90.37,0.98,3.17,Feni_Feni
2021-09-30,10.19,32.15,25.79,0.74,83.56,0.98,5.28,Feni_Feni
2021-10-01,0.47,30.02,22.89,1.09,80.22,0.97,4.29,Feni_Feni
2021-10-02,1.84,31.12,25.1,1.13,84.77,0.97,6.1,Feni_Feni
2021-10-03,1.66,30.87,25.36,1.88,89.22,0.96,5.01,Feni_Feni
2021-10-04,4.91,29.68,25.85,1.86,90.32,0.96,2.17,Feni_Feni
2021-10-05,8.19,30.91,25.5,0.78,85.18,0.96,4.93,Feni_Feni
2021-10-06,5.26,30.82,24.77,1.17,86.37,0.95,5.18,Feni_Feni
2021-10-07,5.46,31.37,24.54,1.07,82.63,0.95,4.94,Feni_Feni
2021-10-08,5.24,31.46,25.15,0.83,84.41,0.95,5.96,Feni_Feni
2021-10-09,3.89,31.6,25.92,0.8,85.99,0.94,5.14,Feni_Feni
2021-10-10,6.35,31.54,25.92,1.05,86.25,0.94,5.1,Feni_Feni
2021-10-11,0.75,31.86,25.28,1.8,88.85,0.94,4.73,Feni_Feni
2021-10-12,10.88,29.54,26.06,1.84,94.35,0.93,0.98,Feni_Feni
2021-10-13,29.25,30.89,25.93,0.68,85.41,0.95,1.94,Feni_Feni
2021-10-14,14.01,31.33,25.49,1.24,88.33,0.96,3.25,Feni_Feni
2021-10-15,3.73,32.61,25.73,1.01,87.95,0.95,4.73,Feni_Feni
2021-10-16,9.7,31.63,26.4,0.95,87.07,0.95,3.97,Feni_Feni
2021-10-17,14.5,31.07,26.13,1.64,86.76,0.96,3.14,Feni_Feni
2021-10-18,40.64,27.69,24.84,3.32,93.31,0.97,0.9,Feni_Feni
2021-10-19,26.35,28.5,25.48,2.46,93.05,0.98,0.75,Feni_Feni
2021-10-20,35.34,29.04,25.24,2.22,89.79,0.99,2.64,Feni_Feni
2021-10-21,22.33,29.55,23.92,1.79,89.26,0.99,2.6,Feni_Feni
2021-10-22,0.72,28.31,21.43,1.43,83.09,0.98,4.76,Feni_Feni
2021-10-23,0.26,28.23,19.97,1.25,81.29,0.98,4.42,Feni_Feni
2021-10-24,0.46,29.27,21.33,0.59,74.41,0.97,6.21,Feni_Feni
2021-10-25,0.01,28.43,20.16,0.84,79.15,0.97,6.01,Feni_Feni
2021-10-26,0.01,28.47,20.97,0.66,75.25,0.96,5.29,Feni_Feni
2021-10-27,0.26,26.39,22.01,1.18,90.19,0.96,1.61,Feni_Feni
2021-10-28,0.09,29.29,22.05,1.37,87.75,0.95,4.31,Feni_Feni
2021-10-29,0.01,30.02,22.62,1.84,86.45,0.95,5.55,Feni_Feni
2021-10-30,0.0,29.21,22.21,2.12,87.05,0.94,5.1,Feni_Feni
2021-10-31,0.0,28.32,20.66,2.09,87.67,0.93,4.64,Feni_Feni
2021-11-01,0.0,27.19,18.13,1.7,83.61,0.93,4.69,Feni_Feni
2021-11-02,0.0,26.03,16.9,1.51,80.32,0.92,4.4,Feni_Feni
2021-11-03,0.0,26.35,18.02,1.48,82.55,0.91,4.28,Feni_Feni
2021-11-04,0.0,27.14,17.61,1.3,83.4,0.91,5.11,Feni_Feni
2021-11-05,0.0,26.71,17.75,1.76,85.86,0.9,4.52,Feni_Feni
2021-11-06,0.0,26.19,15.93,1.81,84.01,0.9,4.49,Feni_Feni
2021-11-07,0.0,25.78,15.75,2.23,84.88,0.89,4.27,Feni_Feni
2021-11-08,0.0,26.75,16.04,1.7,87.37,0.89,4.77,Feni_Feni
2021-11-09,0.0,28.53,17.02,1.2,86.44,0.88,5.91,Feni_Feni
2021-11-10,0.0,27.53,17.55,1.19,86.75,0.87,5.45,Feni_Feni
2021-11-11,0.0,27.91,18.32,1.02,84.37,0.87,5.54,Feni_Feni
2021-11-12,0.03,27.97,20.36,1.36,87.18,0.86,3.88,Feni_Feni
2021-11-13,1.47,26.08,21.43,1.61,91.14,0.86,1.98,Feni_Feni
2021-11-14,3.43,27.35,20.8,1.44,89.5,0.86,3.27,Feni_Feni
2021-11-15,7.81,26.5,21.39,0.71,90.07,0.86,1.86,Feni_Feni
2021-11-16,5.55,27.36,20.73,1.47,90.9,0.86,2.8,Feni_Feni
2021-11-17,1.25,27.98,18.12,2.12,87.39,0.86,4.1,Feni_Feni
2021-11-18,0.0,27.07,15.46,1.38,80.86,0.86,4.95,Feni_Feni
2021-11-19,0.0,26.8,16.45,1.4,81.37,0.85,4.89,Feni_Feni
2021-11-20,0.0,26.04,16.25,1.54,84.69,0.85,4.24,Feni_Feni
2021-11-21,0.0,26.83,17.31,1.42,85.98,0.84,4.03,Feni_Feni
2021-11-22,0.0,27.85,17.91,1.29,85.64,0.84,4.47,Feni_Feni
2021-11-23,0.0,27.37,18.59,1.52,87.12,0.83,3.91,Feni_Feni
2021-11-24,0.0,26.36,17.85,1.84,88.47,0.83,3.63,Feni_Feni
2021-11-25,0.0,26.62,16.47,1.55,81.19,0.82,3.97,Feni_Feni
2021-11-26,0.0,24.7,14.12,1.73,80.89,0.82,3.39,Feni_Feni
2021-11-27,0.0,25.0,12.68,1.61,81.45,0.82,3.6,Feni_Feni
2021-11-28,0.0,25.31,12.91,1.57,84.55,0.81,4.02,Feni_Feni
2021-11-29,0.0,24.84,12.9,1.7,86.79,0.81,3.81,Feni_Feni
2021-11-30,0.0,25.92,13.78,1.51,85.68,0.8,4.1,Feni_Feni
2021-12-01,0.0,27.67,15.67,1.18,85.86,0.8,4.89,Feni_Feni
2021-12-02,0.0,28.43,16.28,0.98,79.72,0.79,5.37,Feni_Feni
2021-12-03,0.14,27.85,16.48,0.92,81.61,0.79,4.78,Feni_Feni
2021-12-04,1.9,26.07,18.65,0.95,87.42,0.79,2.12,Feni_Feni
2021-12-05,27.15,24.21,20.4,1.21,93.86,0.81,0.5,Feni_Feni
2021-12-06,36.74,25.01,20.39,3.11,93.62,0.84,0.53,Feni_Feni
2021-12-07,36.15,26.85,22.02,1.83,92.71,0.89,1.54,Feni_Feni
2021-12-08,9.79,26.13,19.82,0.95,91.34,0.88,1.94,Feni_Feni
2021-12-09,2.83,26.93,19.66,1.45,91.04,0.88,2.09,Feni_Feni
2021-12-10,0.53,24.15,17.6,2.14,87.0,0.87,2.43,Feni_Feni
2021-12-11,0.71,25.24,15.28,1.63,85.56,0.87,2.42,Feni_Feni
2021-12-12,0.0,23.07,13.7,2.34,80.72,0.86,2.76,Feni_Feni
2021-12-13,0.0,22.82,10.97,1.59,81.86,0.86,2.89,Feni_Feni
2021-12-14,0.0,23.84,12.36,1.52,87.77,0.85,3.02,Feni_Feni
2021-12-15,0.0,22.98,12.41,1.6,86.88,0.85,2.87,Feni_Feni
2021-12-16,0.0,23.17,11.52,1.73,86.68,0.84,2.91,Feni_Feni
2021-12-17,0.0,23.44,12.4,1.83,85.53,0.84,2.99,Feni_Feni
2021-12-18,0.0,24.13,11.45,1.62,83.61,0.84,2.93,Feni_Feni
2021-12-19,0.0,22.3,10.86,1.91,85.78,0.83,2.53,Feni_Feni
2021-12-20,0.0,21.39,9.62,1.79,84.82,0.83,2.3,Feni_Feni
2021-12-21,0.0,22.16,11.68,1.07,84.44,0.83,2.45,Feni_Feni
2021-12-22,0.01,21.22,13.94,1.33,81.03,0.82,2.32,Feni_Feni
2021-12-23,0.0,23.11,12.79,1.0,76.38,0.82,2.94,Feni_Feni
2021-12-24,0.0,23.41,12.11,1.25,83.66,0.82,2.78,Feni_Feni
2021-12-25,0.0,24.15,12.16,0.95,79.13,0.81,3.34,Feni_Feni
2021-12-26,0.0,23.93,11.99,1.22,83.09,0.81,2.94,Feni_Feni
2021-12-27,0.0,22.82,11.77,1.41,84.53,0.81,2.37,Feni_Feni
2021-12-28,0.0,23.14,11.76,1.46,84.63,0.8,2.63,Feni_Feni
2021-12-29,0.0,23.71,11.9,1.1,81.15,0.8,3.36,Feni_Feni
2021-12-30,0.0,25.28,12.72,1.32,80.98,0.8,3.39,Feni_Feni
2021-12-31,0.0,23.77,12.68,1.86,85.04,0.79,2.84,Feni_Feni
2022-01-01,0.0,22.2,11.57,1.69,85.97,0.79,1.92,Feni_Feni
2022-01-02,0.0,22.49,11.37,1.52,84.76,0.79,2.25,Feni_Feni
2022-01-03,0.0,22.7,10.77,1.4,85.42,0.79,2.75,Feni_Feni
2022-01-04,0.0,22.89,10.94,1.65,85.75,0.78,2.59,Feni_Feni
2022-01-05,0.0,22.71,10.12,1.62,84.01,0.78,2.61,Feni_Feni
2022-01-06,0.0,23.39,10.02,1.28,80.9,0.78,3.05,Feni_Feni
2022-01-07,0.0,23.63,11.37,1.53,82.51,0.77,2.9,Feni_Feni
2022-01-08,0.0,24.2,11.71,1.57,84.9,0.77,2.99,Feni_Feni
2022-01-09,0.0,24.08,12.2,1.33,86.15,0.77,2.92,Feni_Feni
2022-01-10,0.0,24.45,13.05,1.31,86.18,0.77,2.83,Feni_Feni
2022-01-11,0.0,24.66,13.57,1.33,86.38,0.76,2.7,Feni_Feni
2022-01-12,2.27,23.31,14.32,1.18,89.14,0.76,1.88,Feni_Feni
2022-01-13,1.2,22.82,14.27,1.52,88.77,0.76,1.79,Feni_Feni
2022-01-14,3.84,22.33,14.65,2.05,85.1,0.76,2.19,Feni_Feni
2022-01-15,0.25,22.82,12.49,1.68,79.51,0.76,2.17,Feni_Feni
2022-01-16,0.11,22.67,12.96,2.36,83.98,0.75,2.56,Feni_Feni
2022-01-17,0.0,23.74,10.14,1.7,83.92,0.75,2.81,Feni_Feni
2022-01-18,0.0,23.14,10.98,1.23,83.14,0.74,2.28,Feni_Feni
2022-01-19,0.0,22.71,13.12,1.18,78.29,0.74,2.63,Feni_Feni
2022-01-20,0.0,22.49,13.76,0.93,79.11,0.74,2.3,Feni_Feni
2022-01-21,0.0,22.89,13.8,0.72,68.7,0.74,2.8,Feni_Feni
2022-01-22,0.0,23.63,11.87,0.95,73.61,0.73,2.78,Feni_Feni
2022-01-23,0.06,24.51,12.63,0.94,72.62,0.73,3.23,Feni_Feni
2022-01-24,2.89,21.18,14.54,1.37,87.06,0.73,0.91,Feni_Feni
2022-01-25,1.96,22.43,15.91,1.85,86.85,0.73,1.67,Feni_Feni
2022-01-26,1.22,23.63,13.0,0.96,80.09,0.73,3.07,Feni_Feni
2022-01-27,7.78,21.88,13.56,1.24,84.91,0.73,1.6,Feni_Feni
2022-01-28,0.33,20.74,10.17,1.62,77.79,0.73,2.56,Feni_Feni
2022-01-29,0.0,19.49,8.14,1.52,78.74,0.73,2.03,Feni_Feni
2022-01-30,0.0,20.8,9.83,1.48,79.9,0.72,2.21,Feni_Feni
2022-01-31,0.0,21.66,8.98,1.04,69.73,0.72,2.16,Feni_Feni
2022-02-01,0.01,22.45,11.03,1.75,83.98,0.72,2.26,Feni_Feni
2022-02-02,0.02,23.74,15.02,1.01,72.02,0.71,3.05,Feni_Feni
2022-02-03,0.02,24.66,11.24,1.22,70.7,0.71,2.94,Feni_Feni
2022-02-04,0.15,24.93,12.87,1.62,74.97,0.7,3.21,Feni_Feni
2022-02-05,21.24,22.64,12.0,2.04,81.72,0.73,2.46,Feni_Feni
2022-02-06,16.57,21.63,9.45,1.52,78.14,0.74,2.75,Feni_Feni
2022-02-07,0.0,21.04,8.48,1.81,78.6,0.73,2.51,Feni_Feni
2022-02-08,0.0,21.95,8.76,1.79,75.43,0.73,2.65,Feni_Feni
2022-02-09,0.0,22.96,9.82,1.69,72.0,0.72,2.96,Feni_Feni
2022-02-10,0.0,23.94,10.81,1.45,78.43,0.72,2.78,Feni_Feni
2022-02-11,0.0,23.65,13.22,1.74,81.25,0.71,2.74,Feni_Feni
2022-02-12,0.0,22.26,11.09,1.87,72.95,0.71,3.09,Feni_Feni
2022-02-13,0.0,23.69,9.73,2.24,74.95,0.7,3.12,Feni_Feni
2022-02-14,0.0,24.5,9.5,1.57,73.61,0.7,3.53,Feni_Feni
2022-02-15,0.0,24.01,9.76,1.33,69.6,0.69,3.57,Feni_Feni
2022-02-16,0.0,23.71,10.4,1.43,65.19,0.69,3.22,Feni_Feni
2022-02-17,0.0,24.28,10.46,1.74,66.91,0.68,3.25,Feni_Feni
2022-02-18,0.0,24.55,10.75,1.91,64.59,0.68,3.49,Feni_Feni
2022-02-19,0.0,24.82,11.85,1.68,60.76,0.67,3.78,Feni_Feni
2022-02-20,0.97,25.39,11.56,1.55,72.05,0.67,3.62,Feni_Feni
2022-02-21,1.99,25.34,13.54,1.9,73.81,0.67,3.81,Feni_Feni
2022-02-22,2.43,26.62,13.1,1.09,69.77,0.67,3.86,Feni_Feni
2022-02-23,0.0,27.32,15.48,1.1,67.04,0.66,4.45,Feni_Feni
2022-02-24,0.0,28.04,15.26,0.85,70.1,0.66,4.39,Feni_Feni
2022-02-25,0.09,27.87,16.88,1.05,76.44,0.65,4.31,Feni_Feni
2022-02-26,0.01,28.68,17.89,1.54,76.15,0.65,4.78,Feni_Feni
2022-02-27,0.0,27.62,15.83,1.36,69.59,0.64,4.74,Feni_Feni
2022-02-28,0.05,28.66,18.35,0.97,64.75,0.64,4.76,Feni_Feni
2022-03-01,0.03,28.17,17.2,1.82,68.25,0.63,5.01,Feni_Feni
2022-03-02,0.0,27.83,14.44,2.17,67.03,0.62,5.13,Feni_Feni
2022-03-03,0.0,28.12,14.02,1.87,66.07,0.62,5.2,Feni_Feni
2022-03-04,0.0,28.08,14.88,1.7,62.97,0.61,5.25,Feni_Feni
2022-03-05,0.0,28.79,16.57,1.46,57.0,0.61,5.3,Feni_Feni
2022-03-06,0.0,29.29,15.65,2.12,65.5,0.6,5.78,Feni_Feni
2022-03-07,0.0,30.39,15.12,1.54,68.74,0.6,5.66,Feni_Feni
2022-03-08,0.0,30.05,17.4,1.07,60.5,0.59,5.71,Feni_Feni
2022-03-09,0.0,29.88,17.73,1.17,62.54,0.59,5.3,Feni_Feni
2022-03-10,0.0,30.22,16.07,1.6,63.12,0.58,5.85,Feni_Feni
2022-03-11,0.0,29.62,14.92,1.63,62.74,0.57,5.38,Feni_Feni
2022-03-12,0.0,29.34,15.94,1.88,62.97,0.57,5.43,Feni_Feni
2022-03-13,0.0,30.41,15.66,2.03,65.37,0.56,6.06,Feni_Feni
2022-03-14,0.0,31.36,16.7,1.63,61.68,0.56,6.1,Feni_Feni
2022-03-15,0.0,31.58,19.0,1.34,55.41,0.55,5.74,Feni_Feni
2022-03-16,0.0,32.03,18.86,1.0,62.88,0.55,6.17,Feni_Feni
2022-03-17,0.0,32.07,19.58,1.31,64.98,0.54,6.14,Feni_Feni
2022-03-18,0.0,32.19,19.36,1.42,56.59,0.54,5.57,Feni_Feni
2022-03-19,0.0,32.58,21.41,0.97,57.13,0.53,5.55,Feni_Feni
2022-03-20,0.0,31.8,20.0,1.47,74.77,0.53,6.14,Feni_Feni
2022-03-21,0.0,32.02,18.79,1.16,69.25,0.52,6.16,Feni_Feni
2022-03-22,0.0,33.82,19.36,0.86,68.04,0.52,5.32,Feni_Feni
2022-03-23,0.0,34.58,20.99,1.42,62.25,0.51,5.39,Feni_Feni
2022-03-24,0.0,32.36,23.3,3.44,76.04,0.51,4.79,Feni_Feni
2022-03-25,0.01,31.48,23.05,3.72,80.06,0.5,3.93,Feni_Feni
2022-03-26,0.26,31.06,24.52,3.66,80.63,0.5,3.31,Feni_Feni
2022-03-27,1.61,31.93,23.33,1.98,81.35,0.5,3.43,Feni_Feni
2022-03-28,0.86,31.88,21.87,1.75,80.23,0.5,3.92,Feni_Feni
2022-03-29,1.32,31.59,22.96,2.61,80.19,0.49,3.67,Feni_Feni
2022-03-30,2.42,31.88,23.65,2.29,79.6,0.49,3.38,Feni_Feni
2022-03-31,0.96,32.73,24.01,2.87,78.17,0.49,3.95,Feni_Feni
2022-04-01,0.02,32.52,24.32,3.27,76.36,0.48,3.74,Feni_Feni
2022-04-02,0.0,32.67,24.11,2.24,77.12,0.48,3.37,Feni_Feni
2022-04-03,0.01,32.54,22.94,3.25,76.37,0.48,3.43,Feni_Feni
2022-04-04,0.03,32.66,24.76,4.3,71.39,0.47,3.42,Feni_Feni
2022-04-05,0.15,33.53,23.65,3.07,75.09,0.47,3.25,Feni_Feni
2022-04-06,2.14,33.81,23.37,2.18,76.39,0.47,3.15,Feni_Feni
2022-04-07,0.0,35.92,23.43,1.29,67.73,0.46,3.54,Feni_Feni
2022-04-08,0.0,35.27,23.15,1.9,69.2,0.46,3.29,Feni_Feni
2022-04-09,0.0,34.39,23.29,2.75,72.89,0.46,2.72,Feni_Feni
2022-04-10,0.29,35.36,23.28,2.31,71.97,0.45,2.87,Feni_Feni
2022-04-11,0.56,34.02,24.8,3.72,74.63,0.45,2.23,Feni_Feni
2022-04-12,0.09,34.56,25.27,2.86,73.62,0.45,2.36,Feni_Feni
2022-04-13,0.0,34.82,25.03,3.24,71.82,0.44,2.39,Feni_Feni
2022-04-14,0.01,33.42,25.62,4.02,74.82,0.44,1.78,Feni_Feni
2022-04-15,0.01,34.5,26.71,4.98,72.9,0.44,1.97,Feni_Feni
2022-04-16,0.01,33.27,26.64,4.34,73.42,0.44,1.66,Feni_Feni
2022-04-17,0.17,33.99,25.63,3.72,73.7,0.43,1.69,Feni_Feni
2022-04-18,0.13,34.75,25.23,2.93,73.94,0.43,1.78,Feni_Feni
2022-04-19,2.18,34.58,24.63,2.88,72.37,0.43,1.72,Feni_Feni
2022-04-20,16.96,32.97,24.55,1.95,77.82,0.44,1.52,Feni_Feni
2022-04-21,15.02,32.08,22.42,1.41,77.19,0.48,3.1,Feni_Feni
2022-04-22,11.23,32.97,24.38,2.18,78.9,0.49,3.43,Feni_Feni
2022-04-23,17.74,33.31,24.46,2.22,81.85,0.5,3.88,Feni_Feni
2022-04-24,6.66,33.72,25.0,2.87,81.14,0.51,4.8,Feni_Feni
2022-04-25,0.0,34.2,24.77,2.64,80.06,0.49,4.82,Feni_Feni
2022-04-26,0.18,33.44,25.25,2.75,80.85,0.48,3.33,Feni_Feni
2022-04-27,0.48,33.53,25.43,2.84,80.0,0.48,3.02,Feni_Feni
2022-04-28,0.16,36.21,24.86,2.0,74.94,0.47,3.8,Feni_Feni
2022-04-29,0.0,36.1,24.67,2.09,72.7,0.47,3.63,Feni_Feni
2022-04-30,2.37,35.08,25.98,2.46,71.41,0.46,2.81,Feni_Feni
2022-05-01,1.4,36.32,24.96,1.85,64.93,0.46,3.46,Feni_Feni
2022-05-02,5.59,35.31,26.04,1.86,68.06,0.46,2.97,Feni_Feni
2022-05-03,5.77,33.43,25.28,2.61,73.14,0.46,2.54,Feni_Feni
2022-05-04,14.97,31.49,25.37,1.75,77.19,0.48,2.74,Feni_Feni
2022-05-05,4.99,32.26,24.78,1.6,74.47,0.49,3.63,Feni_Feni
2022-05-06,4.61,33.92,24.06,1.44,72.93,0.49,4.25,Feni_Feni
2022-05-07,0.44,35.73,25.15,1.04,66.52,0.48,4.76,Feni_Feni
2022-05-08,2.74,36.01,24.32,1.69,69.71,0.48,4.52,Feni_Feni
2022-05-09,17.06,31.81,25.66,1.97,78.07,0.49,3.06,Feni_Feni
2022-05-10,26.93,30.4,24.99,2.59,86.05,0.53,2.96,Feni_Feni
2022-05-11,29.23,31.83,25.71,3.13,85.02,0.55,4.53,Feni_Feni
2022-05-12,10.11,31.86,26.53,3.22,84.55,0.57,6.4,Feni_Feni
2022-05-13,14.56,31.95,26.51,3.91,85.11,0.56,6.11,Feni_Feni
2022-05-14,7.27,32.9,26.9,4.41,83.59,0.57,7.38,Feni_Feni
2022-05-15,1.14,32.18,27.52,3.71,85.23,0.55,5.83,Feni_Feni
2022-05-16,2.01,31.07,27.47,3.14,87.85,0.55,3.29,Feni_Feni
2022-05-17,4.97,30.38,27.08,3.38,89.69,0.55,2.27,Feni_Feni
2022-05-18,7.41,30.29,26.48,2.41,85.3,0.55,3.7,Feni_Feni
2022-05-19,13.85,31.19,27.11,2.53,89.33,0.57,3.08,Feni_Feni
2022-05-20,26.79,30.65,26.45,2.4,88.06,0.6,3.91,Feni_Feni
2022-05-21,63.93,30.48,26.13,2.44,91.54,0.65,1.83,Feni_Feni
2022-05-22,19.96,32.87,25.78,1.46,82.16,0.71,5.56,Feni_Feni
2022-05-23,35.09,32.06,25.59,1.77,83.51,0.71,5.34,Feni_Feni
2022-05-24,16.5,32.4,24.91,1.33,83.2,0.72,5.63,Feni_Feni
2022-05-25,22.26,31.37,25.94,1.36,84.39,0.73,3.84,Feni_Feni
2022-05-26,16.75,31.28,25.35,1.5,85.24,0.73,5.29,Feni_Feni
2022-05-27,18.26,32.28,25.67,2.17,83.81,0.74,6.11,Feni_Feni
2022-05-28,15.19,32.57,25.6,1.92,85.16,0.75,5.82,Feni_Feni
2022-05-29,27.46,30.59,25.79,2.05,88.17,0.76,3.19,Feni_Feni
2022-05-30,24.84,29.81,25.71,1.79,88.79,0.79,2.19,Feni_Feni
2022-05-31,10.55,31.23,25.2,1.69,84.66,0.79,4.98,Feni_Feni
2022-06-01,12.44,30.87,25.93,2.72,87.1,0.79,4.71,Feni_Feni
2022-06-02,4.1,31.59,25.72,2.54,85.92,0.78,5.59,Feni_Feni
2022-06-03,22.84,30.89,26.54,2.81,88.71,0.79,3.17,Feni_Feni
2022-06-04,33.81,30.73,26.41,2.33,89.41,0.83,3.37,Feni_Feni
2022-06-05,6.51,31.6,26.19,2.27,87.76,0.83,4.86,Feni_Feni
2022-06-06,2.17,31.9,25.88,2.49,88.2,0.81,5.28,Feni_Feni
2022-06-07,2.35,32.05,26.28,2.46,87.47,0.8,5.65,Feni_Feni
2022-06-08,17.33,31.13,27.02,2.46,90.09,0.81,3.19,Feni_Feni
2022-06-09,16.51,30.63,26.99,3.1,91.23,0.82,2.03,Feni_Feni
2022-06-10,20.15,33.59,26.37,1.09,81.0,0.84,3.25,Feni_Feni
2022-06-11,6.33,31.17,26.21,2.84,88.3,0.84,4.67,Feni_Feni
2022-06-12,0.64,31.54,26.55,3.32,88.84,0.82,4.33,Feni_Feni
2022-06-13,6.87,31.8,26.7,3.25,89.02,0.82,4.92,Feni_Feni
2022-06-14,11.81,30.87,26.92,3.38,90.98,0.83,2.99,Feni_Feni
2022-06-15,20.24,29.77,26.96,3.0,91.61,0.84,1.92,Feni_Feni
2022-06-16,33.0,28.43,25.49,2.85,92.09,0.86,1.04,Feni_Feni
2022-06-17,78.52,28.73,26.07,3.21,94.1,0.92,0.59,Feni_Feni
2022-06-18,63.93,28.58,26.07,3.04,93.45,0.96,0.72,Feni_Feni
2022-06-19,54.31,27.89,25.76,3.39,93.4,0.97,0.72,Feni_Feni
2022-06-20,46.52,28.58,25.57,3.21,92.07,0.99,1.23,Feni_Feni
2022-06-21,41.7,29.33,25.47,2.34,91.78,0.99,0.84,Feni_Feni
2022-06-22,4.15,30.23,24.78,2.02,87.31,0.99,2.97,Feni_Feni
2022-06-23,5.23,29.8,25.27,3.05,90.19,0.98,2.41,Feni_Feni
2022-06-24,4.86,30.09,26.11,3.29,91.0,0.97,1.94,Feni_Feni
2022-06-25,11.13,30.28,25.49,3.28,90.0,0.97,3.02,Feni_Feni
2022-06-26,3.28,29.73,25.91,2.67,90.92,0.96,1.89,Feni_Feni
2022-06-27,4.15,31.17,25.81,1.87,88.51,0.96,3.49,Feni_Feni
2022-06-28,5.34,30.15,26.15,2.47,90.51,0.95,2.21,Feni_Feni
2022-06-29,22.88,30.55,26.11,2.63,90.01,0.96,2.39,Feni_Feni
2022-06-30,14.56,28.94,26.36,2.13,93.28,0.96,0.78,Feni_Feni
2022-07-01,5.57,29.28,26.15,2.03,93.68,0.96,0.92,Feni_Feni
2022-07-02,5.68,30.55,25.91,2.23,90.74,0.96,2.39,Feni_Feni
2022-07-03,8.01,30.29,26.04,2.52,90.42,0.96,2.39,Feni_Feni
2022-07-04,20.16,28.99,25.65,2.31,91.61,0.96,1.52,Feni_Feni
2022-07-05,2.09,31.16,25.73,2.53,89.06,0.96,3.69,Feni_Feni
2022-07-06,9.95,30.17,26.47,2.07,91.64,0.95,1.32,Feni_Feni
2022-07-07,7.22,31.19,26.03,2.43,88.79,0.95,3.86,Feni_Feni
2022-07-08,8.76,31.08,25.97,2.21,89.01,0.95,3.13,Feni_Feni
2022-07-09,2.35,31.73,25.42,2.26,87.01,0.94,4.57,Feni_Feni
2022-07-10,1.53,31.39,25.97,3.33,88.74,0.93,4.44,Feni_Feni
2022-07-11,5.95,30.34,25.79,3.17,89.12,0.93,3.15,Feni_Feni
2022-07-12,5.56,31.52,25.35,2.97,88.16,0.92,5.01,Feni_Feni
2022-07-13,0.57,31.51,26.23,2.89,88.18,0.91,4.93,Feni_Feni
2022-07-14,2.32,30.73,26.46,3.0,89.33,0.9,3.58,Feni_Feni
2022-07-15,3.78,31.82,26.34,2.68,87.7,0.9,4.91,Feni_Feni
2022-07-16,3.87,32.02,26.26,3.12,87.87,0.89,5.56,Feni_Feni
2022-07-17,3.15,31.64,26.4,3.52,88.26,0.88,5.28,Feni_Feni
2022-07-18,9.19,31.76,26.21,2.64,87.52,0.88,4.55,Feni_Feni
2022-07-19,11.08,31.1,26.4,2.28,88.95,0.88,3.26,Feni_Feni
2022-07-20,40.39,30.76,26.49,2.45,89.59,0.9,2.84,Feni_Feni
2022-07-21,9.67,31.16,26.26,2.54,88.08,0.91,4.31,Feni_Feni
2022-07-22,4.62,31.66,26.61,2.67,88.98,0.9,4.72,Feni_Feni
2022-07-23,16.52,29.72,26.18,2.38,90.14,0.9,1.73,Feni_Feni
2022-07-24,12.19,30.88,25.89,2.51,89.07,0.91,2.64,Feni_Feni
2022-07-25,29.59,30.04,25.48,0.93,82.45,0.92,2.73,Feni_Feni
2022-07-26,15.23,30.27,24.31,0.98,84.79,0.93,3.71,Feni_Feni
2022-07-27,5.92,32.01,24.89,1.14,83.93,0.93,6.11,Feni_Feni
2022-07-28,0.94,30.95,26.22,1.53,89.35,0.92,2.78,Feni_Feni
2022-07-29,4.77,31.76,25.73,1.2,82.38,0.92,5.32,Feni_Feni
2022-07-30,4.03,32.53,26.19,1.64,85.8,0.91,5.65,Feni_Feni
2022-07-31,2.16,31.29,26.4,1.86,87.0,0.9,4.45,Feni_Feni
2022-08-01,16.7,31.89,26.43,1.71,87.97,0.9,4.23,Feni_Feni
2022-08-02,26.35,32.59,26.17,1.32,86.8,0.92,5.6,Feni_Feni
2022-08-03,29.83,31.74,26.46,1.16,85.62,0.94,1.53,Feni_Feni
2022-08-04,17.76,32.35,26.06,1.58,85.96,0.94,4.94,Feni_Feni
2022-08-05,7.27,32.16,26.19,1.57,87.31,0.93,4.76,Feni_Feni
2022-08-06,16.86,31.28,26.16,2.18,89.72,0.94,3.41,Feni_Feni
2022-08-07,5.68,33.1,25.82,1.84,85.83,0.93,5.96,Feni_Feni
2022-08-08,9.05,30.48,26.02,2.93,90.56,0.93,2.58,Feni_Feni
2022-08-09,14.05,30.79,25.13,3.2,90.73,0.93,3.47,Feni_Feni
2022-08-10,5.5,28.8,25.77,3.77,92.95,0.93,1.21,Feni_Feni
2022-08-11,4.44,30.14,25.59,3.82,91.66,0.93,2.78,Feni_Feni
2022-08-12,3.09,31.68,26.01,1.85,87.59,0.92,5.58,Feni_Feni
2022-08-13,11.4,29.54,25.32,2.97,93.21,0.92,1.08,Feni_Feni
2022-08-14,12.3,28.61,24.89,4.47,93.19,0.93,1.32,Feni_Feni
2022-08-15,8.9,31.15,25.6,2.9,90.3,0.93,3.93,Feni_Feni
2022-08-16,3.04,31.91,25.74,1.29,86.52,0.92,5.12,Feni_Feni
2022-08-17,3.97,32.21,26.38,1.46,87.8,0.92,4.28,Feni_Feni
2022-08-18,26.74,33.77,26.4,1.91,86.12,0.91,4.08,Feni_Feni
2022-08-19,29.24,31.67,25.31,4.02,88.2,0.94,4.65,Feni_Feni
2022-08-20,5.42,30.94,25.78,3.54,88.2,0.94,4.77,Feni_Feni
2022-08-21,4.39,30.94,25.69,2.1,89.06,0.93,4.69,Feni_Feni
2022-08-22,5.52,32.25,26.2,1.25,85.6,0.92,6.13,Feni_Feni
2022-08-23,51.0,30.08,25.75,2.63,89.35,0.94,3.94,Feni_Feni
2022-08-24,2.95,30.19,25.1,2.58,88.37,0.94,5.2,Feni_Feni
2022-08-25,4.11,32.01,25.12,1.07,83.67,0.93,7.12,Feni_Feni
2022-08-26,1.05,31.37,25.34,1.67,88.6,0.92,5.2,Feni_Feni
2022-08-27,1.45,30.44,25.33,2.16,89.73,0.92,3.15,Feni_Feni
2022-08-28,6.61,30.09,25.39,2.42,88.06,0.91,4.25,Feni_Feni
2022-08-29,2.8,31.9,25.28,1.33,84.61,0.91,7.2,Feni_Feni
2022-08-30,0.91,31.33,25.81,0.93,86.18,0.9,4.46,Feni_Feni
2022-08-31,1.23,31.78,25.85,1.19,87.46,0.9,5.31,Feni_Feni
2022-09-01,6.46,31.63,26.65,0.83,84.35,0.89,3.08,Feni_Feni
2022-09-02,34.91,29.75,25.64,1.11,89.49,0.91,2.26,Feni_Feni
2022-09-03,12.83,31.63,25.61,1.94,87.81,0.92,5.57,Feni_Feni
2022-09-04,19.55,31.71,26.51,2.11,89.39,0.93,4.65,Feni_Feni
2022-09-05,16.61,31.26,26.64,1.91,89.88,0.93,3.37,Feni_Feni
2022-09-06,18.63,30.73,26.75,0.78,87.94,0.94,2.16,Feni_Feni
2022-09-07,5.52,31.38,25.89,1.03,89.0,0.94,2.96,Feni_Feni
2022-09-08,21.17,33.42,26.02,1.14,85.34,0.94,5.49,Feni_Feni
2022-09-09,13.56,30.01,26.64,1.44,90.47,0.95,1.84,Feni_Feni
2022-09-10,19.64,29.25,25.67,2.38,92.01,0.96,1.65,Feni_Feni
2022-09-11,27.38,29.1,25.97,3.21,91.54,0.96,2.02,Feni_Feni
2022-09-12,34.6,28.42,26.15,3.44,94.19,0.97,0.69,Feni_Feni
2022-09-13,30.93,28.84,25.72,2.51,94.11,0.98,0.57,Feni_Feni
2022-09-14,22.09,30.05,25.27,1.93,88.19,0.99,3.72,Feni_Feni
2022-09-15,13.88,30.52,25.13,1.98,89.3,0.98,4.19,Feni_Feni
2022-09-16,7.93,30.69,26.0,1.31,90.14,0.98,3.27,Feni_Feni
2022-09-17,4.83,31.76,25.88,1.36,86.55,0.97,5.89,Feni_Feni
2022-09-18,7.8,31.1,25.5,1.59,89.4,0.97,4.82,Feni_Feni
2022-09-19,16.65,30.18,25.56,2.26,92.0,0.97,1.79,Feni_Feni
2022-09-20,1.56,30.33,25.35,3.53,89.72,0.97,4.19,Feni_Feni
2022-09-21,3.55,30.28,25.66,2.67,89.81,0.96,4.22,Feni_Feni
2022-09-22,7.1,30.19,25.71,1.63,90.92,0.96,1.87,Feni_Feni
2022-09-23,6.94,30.87,25.46,1.24,86.93,0.95,4.69,Feni_Feni
2022-09-24,11.07,30.27,25.43,1.02,86.59,0.96,3.2,Feni_Feni
2022-09-25,9.97,30.91,25.66,0.66,84.36,0.95,3.79,Feni_Feni
2022-09-26,4.36,28.16,24.95,1.09,91.28,0.95,0.96,Feni_Feni
2022-09-27,16.92,31.13,24.68,0.98,85.58,0.96,5.9,Feni_Feni
2022-09-28,4.99,30.6,25.83,1.12,88.83,0.96,2.9,Feni_Feni
2022-09-29,1.23,31.83,24.48,1.3,84.76,0.95,5.72,Feni_Feni
2022-09-30,3.84,32.0,24.64,1.36,85.29,0.94,4.04,Feni_Feni
2022-10-01,25.1,33.89,25.87,0.83,82.66,0.95,2.42,Feni_Feni
2022-10-02,40.81,29.22,26.02,1.42,91.69,0.97,1.18,Feni_Feni
2022-10-03,30.53,29.31,25.94,2.04,92.87,0.98,1.05,Feni_Feni
2022-10-04,9.81,30.94,25.59,1.74,88.17,0.98,5.02,Feni_Feni
2022-10-05,12.16,31.49,24.98,1.46,88.06,0.98,5.55,Feni_Feni
2022-10-06,8.19,31.23,24.94,1.15,86.25,0.97,5.02,Feni_Feni
2022-10-07,0.8,31.01,23.97,1.22,82.31,0.97,6.45,Feni_Feni
2022-10-08,2.82,31.74,24.23,0.8,83.53,0.96,7.04,Feni_Feni
2022-10-09,13.46,30.43,25.65,0.91,88.42,0.96,4.09,Feni_Feni
2022-10-10,17.2,30.2,25.22,0.95,87.21,0.97,2.74,Feni_Feni
2022-10-11,13.21,29.14,25.07,1.45,91.73,0.97,1.45,Feni_Feni
2022-10-12,6.85,29.22,24.94,1.2,89.55,0.97,2.73,Feni_Feni
2022-10-13,6.33,30.75,24.72,0.69,81.78,0.96,6.16,Feni_Feni
2022-10-14,5.22,29.86,24.26,0.8,83.92,0.96,3.85,Feni_Feni
2022-10-15,2.86,30.64,23.76,1.68,87.99,0.96,4.49,Feni_Feni
2022-10-16,1.25,31.32,22.47,1.92,87.87,0.95,5.62,Feni_Feni
2022-10-17,0.3,31.44,23.62,1.12,85.1,0.95,6.68,Feni_Feni
2022-10-18,4.08,30.59,24.21,0.86,81.54,0.94,5.18,Feni_Feni
2022-10-19,4.57,30.0,23.53,1.31,85.38,0.94,4.89,Feni_Feni
2022-10-20,0.59,30.96,22.55,1.71,85.99,0.93,5.79,Feni_Feni
2022-10-21,0.09,31.32,22.75,1.67,86.59,0.92,6.31,Feni_Feni
2022-10-22,0.1,32.3,22.71,1.4,83.0,0.92,7.07,Feni_Feni
2022-10-23,27.93,27.44,23.66,1.29,91.89,0.92,1.03,Feni_Feni
2022-10-24,67.15,26.14,23.19,3.94,95.03,0.96,0.27,Feni_Feni
2022-10-25,23.27,27.75,21.62,2.85,88.06,0.98,3.73,Feni_Feni
2022-10-26,0.76,28.22,20.05,1.36,84.36,0.97,4.26,Feni_Feni
2022-10-27,0.0,28.52,19.74,1.7,83.69,0.96,4.95,Feni_Feni
2022-10-28,0.0,28.35,17.96,1.37,80.58,0.95,5.41,Feni_Feni
2022-10-29,0.01,29.54,18.21,1.18,82.52,0.95,6.08,Feni_Feni
2022-10-30,2.75,30.32,20.97,1.16,85.19,0.94,6.28,Feni_Feni
2022-10-31,1.48,30.63,21.77,1.31,86.27,0.94,5.72,Feni_Feni
2022-11-01,0.0,30.25,22.03,1.67,87.77,0.93,5.66,Feni_Feni
2022-11-02,0.0,30.21,21.47,1.33,86.23,0.92,6.14,Feni_Feni
2022-11-03,0.0,28.77,22.48,1.42,86.16,0.92,4.68,Feni_Feni
2022-11-04,0.0,28.51,20.11,1.35,83.1,0.91,5.4,Feni_Feni
2022-11-05,0.71,30.48,20.75,0.86,76.38,0.9,6.84,Feni_Feni
2022-11-06,1.71,29.52,21.28,0.94,77.26,0.9,6.4,Feni_Feni
2022-11-07,0.58,28.82,19.17,1.02,76.81,0.9,6.24,Feni_Feni
2022-11-08,0.0,28.68,18.79,0.74,71.9,0.89,6.34,Feni_Feni
2022-11-09,0.0,28.6,18.9,0.78,73.13,0.88,6.51,Feni_Feni
2022-11-10,0.0,28.2,18.35,0.87,72.85,0.88,6.54,Feni_Feni
2022-11-11,0.0,28.07,17.39,1.12,79.9,0.87,6.0,Feni_Feni
2022-11-12,0.0,27.51,17.67,1.39,81.34,0.87,5.28,Feni_Feni
2022-11-13,0.1,26.4,16.67,1.86,85.59,0.86,4.29,Feni_Feni
2022-11-14,0.91,26.92,16.1,1.38,83.38,0.86,4.74,Feni_Feni
2022-11-15,0.0,26.88,16.66,1.11,79.78,0.85,5.61,Feni_Feni
2022-11-16,0.0,26.49,16.41,1.28,79.9,0.85,5.06,Feni_Feni
2022-11-17,0.0,27.05,15.77,1.56,83.78,0.84,4.72,Feni_Feni
2022-11-18,0.0,25.93,15.16,1.81,85.03,0.84,4.52,Feni_Feni
2022-11-19,0.0,26.77,14.24,1.68,85.62,0.83,4.51,Feni_Feni
2022-11-20,1.04,27.57,17.1,1.54,85.38,0.83,3.89,Feni_Feni
2022-11-21,0.01,27.38,17.99,1.67,85.57,0.82,4.69,Feni_Feni
2022-11-22,0.0,26.23,15.29,1.71,84.71,0.82,4.53,Feni_Feni
2022-11-23,0.0,25.75,14.87,1.6,87.21,0.82,4.18,Feni_Feni
2022-11-24,0.0,26.34,14.67,1.57,85.9,0.81,4.33,Feni_Feni
2022-11-25,1.58,27.51,14.85,1.21,84.36,0.81,4.95,Feni_Feni
2022-11-26,0.0,27.99,17.04,1.18,85.04,0.8,5.13,Feni_Feni
2022-11-27,0.05,26.99,17.45,0.88,80.67,0.8,5.41,Feni_Feni
2022-11-28,0.14,28.29,16.97,1.07,85.28,0.8,4.83,Feni_Feni
2022-11-29,0.13,28.52,20.44,1.08,85.01,0.79,4.78,Feni_Feni
2022-11-30,0.07,28.33,19.63,1.24,83.42,0.79,4.91,Feni_Feni
2022-12-01,0.07,26.93,17.72,1.55,82.8,0.78,4.4,Feni_Feni
2022-12-02,0.0,26.02,15.16,1.57,86.55,0.78,4.1,Feni_Feni
2022-12-03,0.0,25.23,14.39,1.48,84.17,0.78,3.98,Feni_Feni
2022-12-04,0.0,25.84,14.69,1.33,83.47,0.77,4.23,Feni_Feni
2022-12-05,0.0,25.65,13.62,1.61,85.53,0.77,3.89,Feni_Feni
2022-12-06,0.0,25.51,14.52,1.36,84.15,0.77,4.12,Feni_Feni
2022-12-07,0.0,25.45,14.24,1.3,85.16,0.76,4.02,Feni_Feni
2022-12-08,0.0,25.03,14.21,1.25,82.33,0.76,3.57,Feni_Feni
2022-12-09,0.0,24.73,13.87,1.0,76.91,0.76,4.18,Feni_Feni
2022-12-10,0.0,25.32,15.09,1.24,79.43,0.75,3.79,Feni_Feni
2022-12-11,0.0,25.12,14.84,1.41,80.38,0.75,3.87,Feni_Feni
2022-12-12,0.0,24.7,13.38,1.49,82.29,0.75,3.46,Feni_Feni
2022-12-13,0.0,24.13,13.03,1.42,82.57,0.74,3.0,Feni_Feni
2022-12-14,0.0,24.53,13.53,1.25,82.82,0.74,2.56,Feni_Feni
2022-12-15,0.0,23.94,12.98,1.33,81.79,0.74,2.75,Feni_Feni
2022-12-16,0.0,23.8,11.51,1.6,85.46,0.73,2.55,Feni_Feni
2022-12-17,0.0,24.21,12.15,1.4,85.61,0.73,3.0,Feni_Feni
2022-12-18,0.0,24.73,13.26,0.96,76.87,0.73,3.53,Feni_Feni
2022-12-19,0.0,25.23,14.25,1.1,76.23,0.73,3.67,Feni_Feni
2022-12-20,0.0,24.75,15.71,0.74,77.49,0.72,3.48,Feni_Feni
2022-12-21,0.0,24.25,14.1,1.15,81.96,0.72,3.17,Feni_Feni
2022-12-22,0.0,24.08,13.5,1.19,80.6,0.72,2.6,Feni_Feni
2022-12-23,0.0,23.97,13.08,1.59,78.97,0.71,2.91,Feni_Feni
2022-12-24,0.0,23.7,11.22,1.13,71.83,0.71,3.41,Feni_Feni
2022-12-25,0.0,25.41,12.09,0.75,69.51,0.71,3.01,Feni_Feni
2022-12-26,0.0,26.18,14.99,0.75,74.19,0.71,3.18,Feni_Feni
2022-12-27,2.57,24.45,16.25,1.27,86.11,0.7,1.58,Feni_Feni
2022-12-28,14.05,24.55,16.27,1.16,89.27,0.72,1.82,Feni_Feni
2022-12-29,0.07,22.51,12.41,1.63,78.85,0.72,2.8,Feni_Feni
2022-12-30,0.0,21.76,10.62,1.24,74.13,0.71,2.41,Feni_Feni
2022-12-31,0.0,22.26,10.46,1.17,76.43,0.71,2.53,Feni_Feni
2023-01-01,0.0,22.41,10.83,1.48,78.75,0.71,2.6,Feni_Feni
2023-01-02,0.0,22.64,10.33,1.51,77.71,0.7,2.88,Feni_Feni
2023-01-03,0.0,22.65,10.16,1.63,78.02,0.7,3.01,Feni_Feni
2023-01-04,0.0,21.91,9.37,1.7,83.53,0.7,2.62,Feni_Feni
2023-01-05,0.0,22.33,9.13,1.93,85.06,0.69,2.64,Feni_Feni
2023-01-06,0.0,22.67,9.37,1.83,85.18,0.69,2.54,Feni_Feni
2023-01-07,0.0,23.06,9.89,1.5,86.6,0.69,2.72,Feni_Feni
2023-01-08,0.0,24.59,11.73,1.2,85.98,0.68,3.3,Feni_Feni
2023-01-09,0.0,25.24,11.77,1.54,81.15,0.68,3.48,Feni_Feni
2023-01-10,0.0,25.4,12.41,1.41,76.31,0.67,3.69,Feni_Feni
2023-01-11,0.0,23.69,10.98,1.49,76.79,0.67,3.15,Feni_Feni
2023-01-12,0.0,22.09,10.12,1.18,74.71,0.67,2.64,Feni_Feni
2023-01-13,0.0,23.69,9.78,0.89,68.9,0.67,2.87,Feni_Feni
2023-01-14,0.0,24.24,11.62,0.93,74.44,0.66,2.77,Feni_Feni
2023-01-15,0.0,23.89,13.98,1.33,80.27,0.66,2.5,Feni_Feni
2023-01-16,0.0,23.28,11.57,1.58,77.84,0.66,2.78,Feni_Feni
2023-01-17,0.0,22.8,11.04,1.74,78.92,0.65,3.1,Feni_Feni
2023-01-18,0.0,21.69,10.11,1.65,77.21,0.65,2.44,Feni_Feni
2023-01-19,0.0,21.56,9.25,1.84,74.75,0.65,2.66,Feni_Feni
2023-01-20,0.0,21.89,8.27,1.57,72.39,0.64,2.89,Feni_Feni
2023-01-21,0.1,23.11,9.08,1.52,71.21,0.64,3.13,Feni_Feni
2023-01-22,0.0,23.73,10.27,1.59,70.17,0.64,3.06,Feni_Feni
2023-01-23,0.0,24.29,10.84,1.4,75.49,0.63,3.03,Feni_Feni
2023-01-24,0.0,25.79,12.57,1.48,74.04,0.63,3.38,Feni_Feni
2023-01-25,0.0,25.85,13.17,1.49,71.38,0.63,3.36,Feni_Feni
2023-01-26,0.0,26.04,13.53,1.3,75.46,0.62,3.38,Feni_Feni
2023-01-27,0.0,26.04,15.31,1.63,79.72,0.62,3.52,Feni_Feni
2023-01-28,0.0,25.96,14.28,1.81,82.8,0.62,3.57,Feni_Feni
2023-01-29,0.0,25.6,13.32,1.81,77.1,0.61,4.17,Feni_Feni
2023-01-30,0.0,26.72,12.47,1.54,74.72,0.61,4.09,Feni_Feni
2023-01-31,0.35,26.41,14.65,1.16,75.46,0.6,3.47,Feni_Feni
2023-02-01,0.0,25.91,14.48,1.96,78.99,0.6,3.35,Feni_Feni
2023-02-02,0.0,25.17,13.01,2.57,69.22,0.6,4.48,Feni_Feni
2023-02-03,0.0,25.05,10.32,1.83,71.3,0.59,3.63,Feni_Feni
2023-02-04,0.0,24.57,11.08,1.53,70.89,0.59,3.46,Feni_Feni
2023-02-05,0.0,25.35,12.98,1.21,62.99,0.59,3.64,Feni_Feni
2023-02-06,0.0,25.6,13.04,1.17,57.58,0.58,3.73,Feni_Feni
2023-02-07,0.0,25.72,13.08,1.4,73.06,0.58,3.72,Feni_Feni
2023-02-08,0.0,26.54,15.04,1.64,83.01,0.57,3.86,Feni_Feni
2023-02-09,0.0,27.29,15.83,0.91,75.14,0.57,4.32,Feni_Feni
2023-02-10,0.0,26.51,15.23,1.15,66.42,0.57,4.27,Feni_Feni
2023-02-11,0.0,26.91,13.98,0.99,63.78,0.56,4.42,Feni_Feni
2023-02-12,0.0,27.23,16.03,1.42,79.68,0.56,4.12,Feni_Feni
2023-02-13,0.0,25.91,13.58,1.81,63.62,0.55,4.89,Feni_Feni
2023-02-14,0.0,25.99,11.09,1.82,55.71,0.55,4.48,Feni_Feni
2023-02-15,0.0,25.72,12.11,1.38,52.92,0.54,3.88,Feni_Feni
2023-02-16,0.0,26.43,12.36,0.96,54.93,0.54,3.9,Feni_Feni
2023-02-17,0.0,26.76,14.69,0.87,66.42,0.54,3.95,Feni_Feni
2023-02-18,0.0,27.42,16.16,0.75,64.14,0.53,3.59,Feni_Feni
2023-02-19,0.0,27.88,17.02,1.04,67.2,0.53,3.51,Feni_Feni
2023-02-20,0.0,28.08,18.23,0.87,70.55,0.53,2.82,Feni_Feni
2023-02-21,0.0,28.56,17.66,1.67,82.31,0.53,3.21,Feni_Feni
2023-02-22,0.0,29.11,18.72,2.29,85.26,0.52,3.56,Feni_Feni
2023-02-23,0.0,28.85,19.52,2.35,83.97,0.52,3.59,Feni_Feni
2023-02-24,0.01,30.24,18.69,1.08,77.0,0.51,4.03,Feni_Feni
2023-02-25,0.01,30.78,19.13,1.4,63.57,0.51,4.06,Feni_Feni
2023-02-26,0.01,31.33,16.48,1.2,51.17,0.51,4.11,Feni_Feni
2023-02-27,0.0,31.15,18.27,0.9,51.7,0.5,3.87,Feni_Feni
2023-02-28,0.0,31.04,18.04,1.01,56.46,0.5,3.44,Feni_Feni
2023-03-01,0.0,31.31,16.26,1.54,52.93,0.49,3.58,Feni_Feni
2023-03-02,0.0,31.76,16.73,1.47,52.45,0.49,3.41,Feni_Feni
2023-03-03,0.0,32.44,17.13,1.54,51.63,0.48,3.48,Feni_Feni
2023-03-04,0.0,33.23,17.81,1.36,46.43,0.48,3.38,Feni_Feni
2023-03-05,0.0,33.3,18.91,0.91,47.89,0.48,3.23,Feni_Feni
2023-03-06,0.0,33.64,20.19,1.08,55.91,0.47,3.16,Feni_Feni
2023-03-07,0.0,33.49,19.63,1.13,55.0,0.47,3.04,Feni_Feni
2023-03-08,0.0,32.61,18.92,1.77,46.12,0.47,2.59,Feni_Feni
2023-03-09,0.0,33.15,19.87,2.28,49.96,0.46,2.49,Feni_Feni
2023-03-10,0.0,28.85,18.41,1.73,53.31,0.46,1.14,Feni_Feni
2023-03-11,0.0,32.74,19.78,1.83,50.51,0.46,1.87,Feni_Feni
2023-03-12,0.0,35.15,18.45,2.07,49.67,0.46,2.53,Feni_Feni
2023-03-13,0.0,34.68,18.71,1.77,45.87,0.45,2.51,Feni_Feni
2023-03-14,0.0,32.74,20.6,1.57,65.71,0.45,1.69,Feni_Feni
2023-03-15,0.13,32.83,21.06,2.12,70.57,0.45,1.82,Feni_Feni
2023-03-16,0.32,30.96,20.68,1.79,73.29,0.45,1.15,Feni_Feni
2023-03-17,0.09,32.21,21.0,1.37,62.85,0.44,1.48,Feni_Feni
2023-03-18,2.65,31.54,19.93,1.37,64.62,0.44,1.26,Feni_Feni
2023-03-19,9.99,28.01,20.99,1.53,78.73,0.45,0.68,Feni_Feni
2023-03-20,17.78,26.35,20.54,2.21,82.59,0.48,1.02,Feni_Feni
2023-03-21,38.57,27.84,20.23,1.8,83.48,0.54,2.91,Feni_Feni
2023-03-22,20.47,27.67,20.91,1.5,82.29,0.56,4.33,Feni_Feni
2023-03-23,9.29,27.94,19.75,1.69,82.46,0.57,4.66,Feni_Feni
2023-03-24,2.69,30.05,19.92,0.95,74.51,0.55,6.29,Feni_Feni
2023-03-25,3.62,30.54,20.83,0.94,75.25,0.54,5.96,Feni_Feni
2023-03-26,1.15,31.44,22.0,1.46,79.24,0.53,5.73,Feni_Feni
2023-03-27,1.64,31.65,21.79,1.38,78.64,0.53,5.24,Feni_Feni
2023-03-28,2.09,31.5,22.53,1.3,77.77,0.52,4.73,Feni_Feni
2023-03-29,13.79,30.7,21.77,1.37,78.09,0.53,3.77,Feni_Feni
2023-03-30,10.03,30.01,21.09,1.21,78.89,0.54,5.06,Feni_Feni
2023-03-31,35.33,29.19,21.88,1.36,86.2,0.57,4.26,Feni_Feni
2023-04-01,44.13,28.2,22.89,1.18,87.16,0.62,2.53,Feni_Feni
2023-04-02,7.81,29.27,21.37,1.45,80.62,0.65,5.83,Feni_Feni
2023-04-03,2.01,30.18,21.17,1.88,81.44,0.63,6.36,Feni_Feni
2023-04-04,0.94,31.25,21.72,2.14,81.87,0.61,6.89,Feni_Feni
2023-04-05,1.49,31.3,22.65,2.2,85.83,0.6,6.33,Feni_Feni
2023-04-06,11.05,31.82,22.84,1.02,76.73,0.61,6.19,Feni_Feni
2023-04-07,3.61,32.19,22.85,0.66,64.14,0.61,6.45,Feni_Feni
2023-04-08,0.02,33.13,22.15,0.91,63.3,0.6,8.13,Feni_Feni
2023-04-09,0.5,32.98,23.24,1.03,64.69,0.59,7.84,Feni_Feni
2023-04-10,2.01,33.47,21.9,1.12,69.0,0.58,7.78,Feni_Feni
2023-04-11,0.0,34.43,23.2,1.17,73.7,0.57,8.13,Feni_Feni
2023-04-12,0.0,34.49,23.89,1.12,70.35,0.56,8.67,Feni_Feni
2023-04-13,0.0,34.17,23.22,1.52,75.42,0.55,8.19,Feni_Feni
2023-04-14,0.0,34.73,23.21,1.26,71.15,0.55,8.26,Feni_Feni
2023-04-15,0.0,35.59,24.37,1.17,65.64,0.54,7.57,Feni_Feni
2023-04-16,0.0,34.31,24.24,1.24,73.1,0.53,5.42,Feni_Feni
2023-04-17,0.0,33.32,24.48,1.92,84.65,0.53,4.67,Feni_Feni
2023-04-18,0.0,34.1,24.56,1.86,83.03,0.53,5.61,Feni_Feni
2023-04-19,0.0,33.43,24.45,2.12,83.15,0.52,4.95,Feni_Feni
2023-04-20,0.02,33.53,24.9,2.72,82.39,0.52,5.06,Feni_Feni
2023-04-21,2.42,33.7,25.23,2.75,81.23,0.52,4.62,Feni_Feni
2023-04-22,2.34,34.21,23.64,1.92,75.41,0.52,6.06,Feni_Feni
2023-04-23,2.86,33.23,24.36,1.25,69.6,0.51,4.99,Feni_Feni
2023-04-24,0.17,33.12,22.14,1.22,67.61,0.51,5.56,Feni_Feni
2023-04-25,0.0,34.29,23.78,1.14,59.44,0.5,5.82,Feni_Feni
2023-04-26,0.0,35.1,22.34,1.29,57.21,0.49,5.63,Feni_Feni
2023-04-27,0.18,35.42,23.86,1.12,60.88,0.49,5.23,Feni_Feni
2023-04-28,3.85,33.78,23.42,1.46,71.27,0.49,4.36,Feni_Feni
2023-04-29,3.43,35.55,25.2,1.04,67.47,0.49,4.96,Feni_Feni
2023-04-30,0.97,34.01,24.46,0.73,66.45,0.49,3.84,Feni_Feni
2023-05-01,0.11,34.63,25.02,1.31,62.97,0.48,3.68,Feni_Feni
2023-05-02,0.0,34.45,24.38,1.32,62.59,0.48,4.0,Feni_Feni
2023-05-03,3.26,33.85,24.45,1.39,68.74,0.47,3.26,Feni_Feni
2023-05-04,6.03,33.66,25.71,1.25,69.35,0.48,3.87,Feni_Feni
2023-05-05,3.8,32.66,25.39,1.42,70.91,0.48,3.48,Feni_Feni
2023-05-06,2.03,34.39,25.53,1.07,71.37,0.48,4.22,Feni_Feni
2023-05-07,0.36,36.35,25.3,1.3,63.28,0.47,4.68,Feni_Feni
2023-05-08,0.0,38.35,25.27,1.43,56.17,0.47,4.41,Feni_Feni
2023-05-09,0.0,38.83,25.56,2.1,58.89,0.46,3.86,Feni_Feni
2023-05-10,0.0,38.69,27.13,2.29,64.7,0.45,3.65,Feni_Feni
2023-05-11,0.01,37.63,26.66,1.65,66.08,0.45,3.25,Feni_Feni
2023-05-12,0.03,34.81,25.8,1.24,69.44,0.45,1.92,Feni_Feni
2023-05-13,5.13,34.59,26.18,1.85,73.75,0.45,1.79,Feni_Feni
2023-05-14,1.05,33.73,24.12,5.01,66.82,0.45,1.93,Feni_Feni
2023-05-15,4.43,34.07,22.48,2.5,65.55,0.45,3.09,Feni_Feni
2023-05-16,15.9,33.55,25.99,2.75,78.89,0.46,2.34,Feni_Feni
2023-05-17,27.05,30.97,25.68,2.49,88.36,0.5,1.49,Feni_Feni
2023-05-18,22.55,30.13,25.35,2.17,89.34,0.54,3.19,Feni_Feni
2023-05-19,3.87,30.31,24.58,1.81,87.4,0.54,3.5,Feni_Feni
2023-05-20,0.48,30.62,25.35,2.25,87.15,0.53,2.93,Feni_Feni
2023-05-21,2.78,31.88,24.45,2.24,83.48,0.52,4.06,Feni_Feni
2023-05-22,13.4,30.84,25.37,2.04,87.59,0.53,2.93,Feni_Feni
2023-05-23,20.22,30.57,25.56,1.6,89.8,0.55,2.63,Feni_Feni
2023-05-24,37.94,29.36,24.42,1.91,88.09,0.6,3.52,Feni_Feni
2023-05-25,15.27,30.44,23.77,1.67,87.37,0.62,4.21,Feni_Feni
2023-05-26,6.58,31.29,25.51,1.57,85.91,0.61,4.95,Feni_Feni
2023-05-27,12.93,31.21,24.91,1.5,84.09,0.61,5.03,Feni_Feni
2023-05-28,0.89,32.57,24.47,0.91,76.56,0.6,8.96,Feni_Feni
2023-05-29,2.66,33.7,25.96,1.03,72.84,0.59,9.67,Feni_Feni
2023-05-30,0.0,34.46,25.63,1.14,74.48,0.58,10.14,Feni_Feni
2023-05-31,0.03,34.09,26.6,1.17,79.12,0.57,8.34,Feni_Feni
2023-06-01,1.56,31.84,27.1,1.8,85.78,0.56,4.4,Feni_Feni
2023-06-02,0.54,31.02,26.62,1.75,88.45,0.56,3.36,Feni_Feni
2023-06-03,0.87,31.77,26.13,1.73,88.38,0.56,4.32,Feni_Feni
2023-06-04,2.69,31.82,26.23,1.26,86.51,0.56,4.21,Feni_Feni
2023-06-05,1.82,34.19,26.29,0.98,77.69,0.56,7.91,Feni_Feni
2023-06-06,0.91,34.34,27.09,1.35,74.92,0.55,6.43,Feni_Feni
2023-06-07,7.05,34.15,26.07,1.23,75.32,0.55,6.42,Feni_Feni
2023-06-08,51.54,32.57,26.91,1.02,84.23,0.6,4.75,Feni_Feni
2023-06-09,29.17,29.33,26.06,1.58,86.37,0.66,2.06,Feni_Feni
2023-06-10,20.47,31.96,26.03,1.58,83.97,0.67,6.04,Feni_Feni
2023-06-11,51.73,31.83,26.23,2.79,87.1,0.71,4.98,Feni_Feni
2023-06-12,23.22,30.96,26.71,2.58,90.93,0.73,2.39,Feni_Feni
2023-06-13,12.56,31.33,26.6,2.93,90.24,0.73,3.44,Feni_Feni
2023-06-14,18.39,31.32,27.44,4.13,89.02,0.74,3.28,Feni_Feni
2023-06-15,18.48,30.27,27.6,4.65,90.41,0.74,2.22,Feni_Feni
2023-06-16,20.03,30.97,27.1,4.01,91.48,0.76,2.43,Feni_Feni
2023-06-17,20.97,31.05,26.95,3.79,91.18,0.77,2.89,Feni_Feni
2023-06-18,58.02,30.71,26.53,2.97,91.82,0.82,2.05,Feni_Feni
2023-06-19,17.14,30.3,26.59,2.67,92.25,0.84,1.65,Feni_Feni
2023-06-20,17.68,31.79,25.77,2.43,88.97,0.83,4.48,Feni_Feni
2023-06-21,10.83,31.26,26.69,3.05,90.13,0.83,2.7,Feni_Feni
2023-06-22,10.62,31.24,25.81,2.77,89.18,0.83,3.39,Feni_Feni
2023-06-23,12.92,30.52,25.55,3.03,90.07,0.84,3.26,Feni_Feni
2023-06-24,23.15,32.12,25.88,3.76,89.76,0.84,4.33,Feni_Feni
2023-06-25,10.98,31.14,25.26,3.46,88.17,0.85,5.11,Feni_Feni
2023-06-26,22.38,30.19,25.62,3.84,89.29,0.85,4.17,Feni_Feni
2023-06-27,40.11,30.11,26.39,4.06,90.67,0.88,3.49,Feni_Feni
2023-06-28,27.38,30.59,26.21,3.2,91.24,0.9,2.23,Feni_Feni
2023-06-29,22.21,30.83,26.44,2.65,90.93,0.91,2.47,Feni_Feni
2023-06-30,35.04,31.22,26.15,2.05,90.41,0.91,2.62,Feni_Feni
2023-07-01,20.1,32.03,26.2,2.0,88.76,0.93,4.49,Feni_Feni
2023-07-02,10.32,30.96,26.47,1.99,90.84,0.92,2.26,Feni_Feni
2023-07-03,2.49,32.26,26.83,2.34,89.61,0.92,3.94,Feni_Feni
2023-07-04,3.21,32.58,26.35,1.74,86.43,0.91,5.86,Feni_Feni
2023-07-05,11.1,32.11,26.65,2.68,88.43,0.91,5.24,Feni_Feni
2023-07-06,12.66,31.0,26.98,4.26,89.51,0.91,3.96,Feni_Feni
2023-07-07,8.45,30.29,26.92,3.15,91.8,0.91,1.94,Feni_Feni
2023-07-08,6.99,30.53,26.55,2.64,89.69,0.9,3.1,Feni_Feni
2023-07-09,10.19,31.61,26.29,1.92,89.28,0.9,3.49,Feni_Feni
2023-07-10,19.55,31.61,26.51,2.67,89.34,0.91,4.05,Feni_Feni
2023-07-11,9.5,31.1,26.03,3.12,89.19,0.91,4.69,Feni_Feni
2023-07-12,16.74,30.06,25.87,2.78,90.57,0.92,1.98,Feni_Feni
2023-07-13,9.01,30.26,26.29,2.71,92.49,0.92,1.41,Feni_Feni
2023-07-14,13.05,29.96,26.66,3.24,94.64,0.92,0.99,Feni_Feni
2023-07-15,5.15,31.22,26.48,4.09,88.46,0.92,4.62,Feni_Feni
2023-07-16,7.31,30.75,26.34,3.74,90.38,0.91,2.81,Feni_Feni
2023-07-17,7.63,30.24,25.98,2.24,91.29,0.91,2.1,Feni_Feni
2023-07-18,4.37,31.29,26.38,2.5,89.31,0.91,4.43,Feni_Feni
2023-07-19,6.88,31.91,26.47,2.62,89.26,0.9,5.09,Feni_Feni
2023-07-20,3.75,32.25,26.57,2.43,89.56,0.9,4.67,Feni_Feni
2023-07-21,0.61,33.5,26.09,1.95,87.33,0.89,5.45,Feni_Feni
2023-07-22,1.16,32.63,26.46,2.22,87.89,0.88,6.27,Feni_Feni
2023-07-23,0.72,30.66,26.15,1.81,91.9,0.88,2.1,Feni_Feni
2023-07-24,0.43,33.86,26.25,1.49,85.48,0.87,7.73,Feni_Feni
2023-07-25,3.19,32.96,26.42,1.97,87.29,0.86,6.82,Feni_Feni
2023-07-26,10.33,31.64,26.65,2.65,90.1,0.86,3.42,Feni_Feni
2023-07-27,10.42,31.98,26.24,2.9,88.65,0.86,5.28,Feni_Feni
2023-07-28,12.2,31.6,26.55,2.94,88.31,0.87,5.3,Feni_Feni
2023-07-29,10.35,31.96,26.63,2.52,88.24,0.87,5.41,Feni_Feni
2023-07-30,0.87,33.38,26.66,1.39,85.11,0.86,7.3,Feni_Feni
2023-07-31,8.1,34.21,26.67,1.2,84.09,0.85,6.42,Feni_Feni
2023-08-01,64.93,33.18,26.66,4.37,87.61,0.88,4.93,Feni_Feni
2023-08-02,15.56,31.13,26.33,4.5,89.82,0.89,3.79,Feni_Feni
2023-08-03,37.34,31.1,26.48,3.25,90.87,0.91,2.56,Feni_Feni
2023-08-04,74.21,29.91,26.72,2.79,93.2,0.95,0.83,Feni_Feni
2023-08-05,16.24,30.96,26.23,3.1,90.87,0.96,2.4,Feni_Feni
2023-08-06,49.07,29.72,26.6,3.24,92.11,0.96,2.03,Feni_Feni
2023-08-07,112.11,28.84,26.74,4.11,94.23,1.0,0.7,Feni_Feni
2023-08-08,38.94,29.59,26.04,2.62,93.41,1.0,1.29,Feni_Feni
2023-08-09,9.07,31.34,25.36,1.85,89.88,0.99,2.88,Feni_Feni
2023-08-10,8.22,28.35,26.04,2.17,93.26,0.99,0.74,Feni_Feni
2023-08-11,13.53,31.01,25.62,2.27,90.31,0.99,2.59,Feni_Feni
2023-08-12,14.44,28.33,26.13,2.89,92.27,0.99,0.95,Feni_Feni
2023-08-13,16.67,30.91,25.97,1.67,90.72,0.99,2.17,Feni_Feni
2023-08-14,20.29,32.18,24.2,1.1,83.36,0.99,5.71,Feni_Feni
2023-08-15,17.65,31.71,25.87,1.53,89.91,0.98,3.0,Feni_Feni
2023-08-16,12.22,32.06,26.04,1.47,89.05,0.98,4.14,Feni_Feni
2023-08-17,14.86,31.63,26.5,1.6,90.25,0.98,3.38,Feni_Feni
2023-08-18,6.82,31.11,25.82,2.78,89.15,0.97,3.94,Feni_Feni
2023-08-19,4.5,31.07,25.58,2.68,91.26,0.97,3.22,Feni_Feni
2023-08-20,3.27,31.72,25.98,1.58,88.57,0.96,4.46,Feni_Feni
2023-08-21,6.46,30.07,25.63,1.52,89.96,0.96,2.48,Feni_Feni
2023-08-22,4.36,29.37,26.15,2.15,92.95,0.96,1.26,Feni_Feni
2023-08-23,12.1,29.32,26.14,2.38,92.58,0.96,1.77,Feni_Feni
2023-08-24,21.94,31.11,26.8,2.93,91.79,0.96,2.62,Feni_Feni
2023-08-25,17.58,30.62,25.86,2.67,92.17,0.97,2.53,Feni_Feni
2023-08-26,44.33,31.02,26.26,2.71,90.92,0.97,3.33,Feni_Feni
2023-08-27,40.34,30.91,26.39,2.24,91.99,0.99,2.4,Feni_Feni
2023-08-28,9.68,32.02,26.34,1.7,89.39,0.98,4.2,Feni_Feni
2023-08-29,10.95,32.94,26.06,1.07,85.1,0.98,5.81,Feni_Feni
2023-08-30,1.09,32.83,26.03,1.2,84.62,0.97,6.09,Feni_Feni
2023-08-31,20.52,30.49,26.96,1.54,90.79,0.97,1.91,Feni_Feni
2023-09-01,12.21,31.42,26.49,1.17,88.85,0.97,3.33,Feni_Feni
2023-09-02,12.81,33.17,26.87,0.73,83.98,0.97,6.21,Feni_Feni
2023-09-03,45.17,29.0,26.03,1.39,94.08,0.98,0.35,Feni_Feni
2023-09-04,18.18,31.47,25.49,1.07,86.42,0.99,3.1,Feni_Feni
2023-09-05,8.96,32.89,25.24,1.17,85.4,0.98,5.06,Feni_Feni
2023-09-06,2.84,30.91,26.42,1.46,91.77,0.98,1.82,Feni_Feni
2023-09-07,25.24,31.18,25.6,2.75,91.68,0.98,2.51,Feni_Feni
2023-09-08,37.64,29.18,26.57,2.89,94.14,0.99,0.73,Feni_Feni
2023-09-09,1.59,31.44,26.13,1.41,87.76,0.99,5.42,Feni_Feni
2023-09-10,6.34,31.93,25.95,1.02,85.04,0.98,5.17,Feni_Feni
2023-09-11,16.51,31.53,26.37,1.18,86.84,0.98,1.54,Feni_Feni
2023-09-12,17.25,31.48,26.2,1.4,88.29,0.98,4.83,Feni_Feni
2023-09-13,4.48,31.9,25.67,2.67,89.01,0.98,3.38,Feni_Feni
2023-09-14,7.97,30.02,25.93,3.13,92.49,0.97,2.26,Feni_Feni
2023-09-15,1.84,30.75,26.01,2.22,90.81,0.97,3.23,Feni_Feni
2023-09-16,5.58,32.61,25.6,1.04,84.85,0.96,7.23,Feni_Feni
2023-09-17,8.39,32.96,26.16,1.04,86.56,0.96,5.44,Feni_Feni
2023-09-18,50.33,30.58,26.54,1.18,88.82,0.97,1.15,Feni_Feni
2023-09-19,21.71,30.98,25.8,2.55,91.23,0.98,3.17,Feni_Feni
2023-09-20,23.17,29.2,26.29,3.39,93.53,0.98,0.93,Feni_Feni
2023-09-21,25.58,29.94,26.5,2.93,92.26,0.99,1.62,Feni_Feni
2023-09-22,13.49,30.41,26.17,2.36,91.39,0.99,2.49,Feni_Feni
2023-09-23,19.64,31.12,25.87,1.83,90.06,0.98,3.72,Feni_Feni
2023-09-24,4.22,31.12,24.94,1.73,89.41,0.98,5.33,Feni_Feni
2023-09-25,11.12,31.54,25.71,1.48,89.56,0.97,5.16,Feni_Feni
2023-09-26,9.11,32.33,26.2,0.69,83.77,0.97,4.74,Feni_Feni
2023-09-27,22.5,31.75,25.33,1.29,86.98,0.98,4.67,Feni_Feni
2023-09-28,9.24,32.38,24.9,1.36,87.94,0.97,4.57,Feni_Feni
2023-09-29,6.87,31.43,26.83,1.06,89.73,0.97,1.13,Feni_Feni
2023-09-30,3.92,30.74,25.83,2.5,91.1,0.97,3.14,Feni_Feni
2023-10-01,8.2,30.32,26.01,1.76,90.58,0.97,3.0,Feni_Feni
2023-10-02,12.38,30.87,25.79,2.55,92.19,0.97,2.56,Feni_Feni
2023-10-03,23.16,30.21,25.61,3.08,91.2,0.97,3.33,Feni_Feni
2023-10-04,37.44,29.15,25.27,3.18,92.89,0.98,1.62,Feni_Feni
2023-10-05,49.47,28.9,26.04,3.08,94.49,0.99,0.74,Feni_Feni
2023-10-06,15.34,30.11,25.73,2.98,91.68,0.99,2.39,Feni_Feni
2023-10-07,7.42,30.58,25.43,2.02,90.02,0.99,3.46,Feni_Feni
2023-10-08,11.34,30.53,25.57,2.04,90.33,0.98,3.49,Feni_Feni
2023-10-09,13.97,30.9,25.87,1.65,90.66,0.98,3.16,Feni_Feni
2023-10-10,0.47,32.08,26.22,0.75,81.94,0.98,6.94,Feni_Feni
2023-10-11,0.13,31.65,25.16,0.76,78.08,0.97,7.38,Feni_Feni
2023-10-12,11.75,31.34,25.03,0.91,84.34,0.97,4.88,Feni_Feni
2023-10-13,2.34,31.23,24.95,0.93,79.25,0.96,6.06,Feni_Feni
2023-10-14,0.01,30.51,24.02,0.85,73.41,0.96,6.57,Feni_Feni
2023-10-15,0.01,31.09,23.46,0.77,76.28,0.95,7.26,Feni_Feni
2023-10-16,0.0,30.98,22.48,0.98,79.28,0.94,7.15,Feni_Feni
2023-10-17,0.0,30.63,21.64,1.12,77.32,0.94,7.18,Feni_Feni
2023-10-18,0.02,30.26,22.37,0.95,77.74,0.93,6.8,Feni_Feni
2023-10-19,0.0,29.37,21.35,1.39,83.39,0.92,5.75,Feni_Feni
2023-10-20,0.0,29.58,21.37,1.52,86.49,0.92,5.98,Feni_Feni
2023-10-21,0.0,29.93,20.48,1.47,84.09,0.91,6.36,Feni_Feni
2023-10-22,4.07,31.13,21.28,0.92,79.12,0.9,6.57,Feni_Feni
2023-10-23,7.99,29.8,22.95,0.79,84.24,0.91,1.35,Feni_Feni
2023-10-24,12.0,27.53,22.71,2.15,90.95,0.91,2.08,Feni_Feni
2023-10-25,17.36,29.57,22.08,1.54,86.56,0.92,4.55,Feni_Feni
2023-10-26,4.41,30.11,23.85,0.35,77.5,0.92,6.24,Feni_Feni
2023-10-27,0.05,29.49,21.31,0.94,79.4,0.91,6.91,Feni_Feni
2023-10-28,0.0,28.98,20.85,1.62,82.74,0.9,6.02,Feni_Feni
2023-10-29,0.0,28.62,18.6,1.4,80.0,0.9,6.0,Feni_Feni
2023-10-30,0.0,29.26,19.9,1.3,82.15,0.89,5.01,Feni_Feni
2023-10-31,0.0,29.79,20.26,1.42,84.09,0.88,5.56,Feni_Feni
2023-11-01,0.0,30.12,21.4,1.37,84.45,0.88,5.23,Feni_Feni
2023-11-02,0.0,29.79,21.01,1.39,84.01,0.87,6.27,Feni_Feni
2023-11-03,0.0,29.04,20.8,1.38,84.43,0.87,5.37,Feni_Feni
2023-11-04,0.0,29.37,20.8,1.2,81.57,0.86,4.68,Feni_Feni
2023-11-05,0.11,28.76,20.94,1.58,84.41,0.86,4.47,Feni_Feni
2023-11-06,0.01,28.19,19.4,1.7,84.41,0.85,5.13,Feni_Feni
2023-11-07,0.0,27.24,18.13,1.48,82.37,0.85,4.98,Feni_Feni
2023-11-08,0.0,27.07,17.76,1.3,83.23,0.84,4.78,Feni_Feni
2023-11-09,0.0,27.31,17.77,1.55,84.48,0.84,4.9,Feni_Feni
2023-11-10,0.0,27.87,17.76,1.5,83.2,0.83,5.07,Feni_Feni
2023-11-11,0.0,28.08,18.06,1.38,81.63,0.83,5.46,Feni_Feni
2023-11-12,0.0,27.99,18.3,1.29,82.28,0.82,5.59,Feni_Feni
2023-11-13,0.0,27.98,17.48,1.2,82.37,0.82,5.55,Feni_Feni
2023-11-14,0.0,28.37,18.04,1.19,81.42,0.81,5.67,Feni_Feni
2023-11-15,0.0,28.76,18.87,1.17,80.16,0.81,4.89,Feni_Feni
2023-11-16,34.25,27.08,20.76,1.48,90.25,0.82,1.71,Feni_Feni
2023-11-17,98.22,24.84,21.77,2.25,95.18,0.89,0.4,Feni_Feni
2023-11-18,12.63,27.28,19.83,1.64,88.26,0.92,3.27,Feni_Feni
2023-11-19,2.54,28.75,19.86,0.9,84.8,0.91,4.73,Feni_Feni
2023-11-20,0.0,28.66,20.34,1.05,86.07,0.9,5.28,Feni_Feni
2023-11-21,0.14,27.0,21.12,1.18,83.07,0.89,3.15,Feni_Feni
2023-11-22,0.02,26.84,18.24,1.43,82.91,0.89,4.46,Feni_Feni
2023-11-23,0.0,26.29,16.17,1.43,83.28,0.88,3.84,Feni_Feni
2023-11-24,0.0,26.57,16.95,0.98,77.84,0.88,4.82,Feni_Feni
2023-11-25,0.0,26.8,15.99,1.15,75.66,0.87,4.56,Feni_Feni
2023-11-26,0.0,27.32,15.87,1.09,76.9,0.87,4.74,Feni_Feni
2023-11-27,0.0,28.94,17.17,1.0,78.1,0.86,5.11,Feni_Feni
2023-11-28,0.0,28.63,19.58,0.62,73.95,0.86,5.69,Feni_Feni
2023-11-29,0.0,25.95,17.36,0.76,78.19,0.86,2.23,Feni_Feni
2023-11-30,0.0,27.47,16.95,1.33,83.39,0.85,4.34,Feni_Feni
2023-12-01,0.0,27.1,16.29,1.43,84.62,0.85,4.21,Feni_Feni
2023-12-02,0.0,27.42,16.53,1.26,81.89,0.84,4.14,Feni_Feni
2023-12-03,0.0,27.67,17.82,1.3,86.25,0.84,4.14,Feni_Feni
2023-12-04,0.0,27.64,18.25,1.41,87.69,0.84,3.97,Feni_Feni
2023-12-05,0.14,25.02,20.02,1.48,88.98,0.83,1.59,Feni_Feni
2023-12-06,0.79,25.42,18.97,1.79,88.23,0.83,2.05,Feni_Feni
2023-12-07,7.75,23.67,20.02,2.03,93.7,0.83,0.65,Feni_Feni
2023-12-08,25.23,25.33,19.53,1.58,92.41,0.85,1.7,Feni_Feni
2023-12-09,3.67,24.97,17.35,1.83,89.84,0.86,2.59,Feni_Feni
2023-12-10,0.0,23.56,15.48,1.65,84.78,0.85,2.93,Feni_Feni
2023-12-11,0.0,23.42,13.16,1.63,85.38,0.85,2.89,Feni_Feni
2023-12-12,0.1,24.23,13.33,1.06,82.74,0.84,4.08,Feni_Feni
2023-12-13,0.0,23.66,13.04,1.41,83.02,0.84,2.98,Feni_Feni
2023-12-14,0.0,22.17,12.65,1.39,77.47,0.83,2.86,Feni_Feni
2023-12-15,0.0,22.71,11.23,1.43,82.16,0.83,2.86,Feni_Feni
2023-12-16,0.0,22.96,11.34,1.41,83.28,0.83,2.76,Feni_Feni
2023-12-17,0.0,23.59,11.79,1.36,82.2,0.82,3.11,Feni_Feni
2023-12-18,0.0,23.41,11.6,1.24,82.84,0.82,3.35,Feni_Feni
2023-12-19,0.0,23.54,12.73,1.45,85.75,0.82,3.01,Feni_Feni
2023-12-20,0.0,23.83,12.67,1.2,81.52,0.81,3.44,Feni_Feni
2023-12-21,0.0,24.88,13.47,0.8,75.23,0.81,3.74,Feni_Feni
2023-12-22,0.0,24.72,15.6,0.76,76.93,0.81,3.57,Feni_Feni
2023-12-23,0.0,25.26,15.53,0.92,78.63,0.8,3.1,Feni_Feni
2023-12-24,0.0,25.78,16.97,0.76,77.69,0.8,3.69,Feni_Feni
2023-12-25,0.0,25.35,17.8,0.7,78.28,0.8,3.47,Feni_Feni
2023-12-26,0.0,25.42,15.99,0.74,78.16,0.79,3.54,Feni_Feni
2023-12-27,0.0,25.65,16.09,0.64,76.38,0.79,3.84,Feni_Feni
2023-12-28,0.0,25.18,15.75,0.83,77.82,0.79,3.43,Feni_Feni
2023-12-29,0.0,25.03,15.01,1.03,78.07,0.78,3.57,Feni_Feni
2023-12-30,0.0,25.17,14.82,1.04,77.56,0.78,3.69,Feni_Feni
2023-12-31,0.0,24.75,13.98,1.38,82.68,0.78,3.33,Feni_Feni
