date,rainfall_mm,temp_max,temp_min,wind_speed,humidity,soil_moisture,evapotranspiration,station
2005-01-01,0.0,22.95,11.06,1.18,72.95,0.56,1.02,Jamuna_Jamalpur
2005-01-02,0.0,21.98,12.69,0.8,75.63,0.56,0.69,Jamuna_Jamalpur
2005-01-03,0.0,25.01,13.79,1.04,74.29,0.56,1.09,Jamuna_Jamalpur
2005-01-04,0.0,24.2,14.95,1.05,73.39,0.55,0.64,Jamuna_Jamalpur
2005-01-05,0.0,24.97,14.26,1.15,71.35,0.55,1.09,Jamuna_Jamalpur
2005-01-06,0.0,25.18,12.26,1.18,77.71,0.55,1.07,Jamuna_Jamalpur
2005-01-07,0.0,24.62,11.99,1.36,76.18,0.54,0.96,Jamuna_Jamalpur
2005-01-08,0.0,24.63,11.87,1.48,76.27,0.54,0.93,Jamuna_Jamalpur
2005-01-09,0.0,23.17,12.16,1.44,75.55,0.54,0.83,Jamuna_Jamalpur
2005-01-10,0.41,22.58,11.14,1.37,63.2,0.54,0.67,Jamuna_Jamalpur
2005-01-11,0.57,22.82,10.06,1.56,70.72,0.53,0.64,Jamuna_Jamalpur
2005-01-12,0.0,22.37,10.78,1.44,74.27,0.53,0.74,Jamuna_Jamalpur
2005-01-13,0.0,21.85,9.27,1.64,76.16,0.53,0.68,Jamuna_Jamalpur
2005-01-14,0.0,22.71,10.17,1.23,70.17,0.53,0.73,Jamuna_Jamalpur
2005-01-15,0.0,22.92,10.79,1.14,68.6,0.52,0.69,Jamuna_Jamalpur
2005-01-16,0.0,23.97,12.03,0.99,66.79,0.52,0.71,Jamuna_Jamalpur
2005-01-17,0.02,23.29,11.99,1.03,65.83,0.52,0.63,Jamuna_Jamalpur
2005-01-18,2.08,23.87,12.66,1.56,73.91,0.52,0.53,Jamuna_Jamalpur
2005-01-19,0.68,23.82,13.98,1.54,75.76,0.52,0.74,Jamuna_Jamalpur
2005-01-20,0.0,22.57,11.19,1.79,67.17,0.51,0.76,Jamuna_Jamalpur
2005-01-21,0.0,22.05,10.47,1.23,64.09,0.51,0.48,Jamuna_Jamalpur
2005-01-22,0.06,21.71,9.78,2.07,76.13,0.51,0.32,Jamuna_Jamalpur
2005-01-23,3.2,23.99,10.98,1.84,67.57,0.51,0.65,Jamuna_Jamalpur
2005-01-24,0.08,23.47,12.61,0.97,72.93,0.51,0.7,Jamuna_Jamalpur
2005-01-25,0.0,22.87,11.07,1.78,72.42,0.51,0.72,Jamuna_Jamalpur
2005-01-26,0.0,24.04,10.8,1.51,65.98,0.5,0.75,Jamuna_Jamalpur
2005-01-27,0.0,24.51,12.73,1.11,57.12,0.5,0.7,Jamuna_Jamalpur
2005-01-28,0.15,22.41,12.25,1.11,64.68,0.5,0.33,Jamuna_Jamalpur
2005-01-29,0.12,23.8,12.62,1.68,67.71,0.5,0.55,Jamuna_Jamalpur
2005-01-30,0.01,26.5,13.22,1.67,66.09,0.49,0.72,Jamuna_Jamalpur
2005-01-31,0.0,28.59,12.35,1.65,64.57,0.49,0.88,Jamuna_Jamalpur
2005-02-01,0.84,24.17,15.51,2.79,76.0,0.49,0.5,Jamuna_Jamalpur
2005-02-02,0.03,24.52,12.03,2.34,69.24,0.48,0.7,Jamuna_Jamalpur
2005-02-03,0.0,23.33,9.74,1.53,60.54,0.48,0.61,Jamuna_Jamalpur
2005-02-04,0.0,23.87,8.83,1.66,69.23,0.48,0.56,Jamuna_Jamalpur
2005-02-05,0.0,25.24,10.75,1.37,57.45,0.48,0.58,Jamuna_Jamalpur
2005-02-06,0.0,26.55,13.71,1.19,47.82,0.47,0.53,Jamuna_Jamalpur
2005-02-07,0.0,28.6,15.49,1.37,52.84,0.47,0.67,Jamuna_Jamalpur
2005-02-08,0.0,26.41,14.1,1.77,64.61,0.47,0.39,Jamuna_Jamalpur
2005-02-09,0.0,28.54,14.17,1.39,67.69,0.47,0.64,Jamuna_Jamalpur
2005-02-10,0.0,29.08,16.38,1.48,56.89,0.46,0.66,Jamuna_Jamalpur
2005-02-11,0.0,29.41,16.04,1.19,50.46,0.46,0.63,Jamuna_Jamalpur
2005-02-12,0.0,30.19,15.37,1.67,51.73,0.46,0.62,Jamuna_Jamalpur
2005-02-13,0.02,31.33,14.37,3.48,57.58,0.45,0.68,Jamuna_Jamalpur
2005-02-14,0.0,30.56,15.81,3.72,47.45,0.45,0.67,Jamuna_Jamalpur
2005-02-15,0.0,29.69,14.04,2.36,56.75,0.45,0.56,Jamuna_Jamalpur
2005-02-16,0.03,30.97,16.36,1.77,57.26,0.44,0.54,Jamuna_Jamalpur
2005-02-17,1.96,32.28,18.23,1.19,49.9,0.44,0.58,Jamuna_Jamalpur
2005-02-18,5.51,30.82,19.27,1.23,68.7,0.45,0.55,Jamuna_Jamalpur
2005-02-19,0.2,32.79,18.82,1.6,61.39,0.45,0.66,Jamuna_Jamalpur
2005-02-20,0.05,32.73,19.47,1.39,56.84,0.44,0.57,Jamuna_Jamalpur
2005-02-21,0.06,34.51,20.45,2.32,51.42,0.44,0.62,Jamuna_Jamalpur
2005-02-22,0.48,32.8,17.4,2.42,48.79,0.43,0.58,Jamuna_Jamalpur
2005-02-23,0.93,29.11,16.84,2.44,61.8,0.43,0.44,Jamuna_Jamalpur
2005-02-24,0.0,29.5,16.16,1.75,49.78,0.43,0.46,Jamuna_Jamalpur
2005-02-25,0.0,30.24,15.25,1.89,42.55,0.43,0.44,Jamuna_Jamalpur
2005-02-26,0.0,31.35,14.39,2.3,45.39,0.42,0.45,Jamuna_Jamalpur
2005-02-27,0.0,31.17,16.33,1.41,38.36,0.42,0.43,Jamuna_Jamalpur
2005-02-28,0.0,30.95,16.23,1.34,40.11,0.42,0.41,Jamuna_Jamalpur
2005-03-01,0.0,32.06,15.05,1.78,46.1,0.41,0.38,Jamuna_Jamalpur
2005-03-02,0.0,33.47,17.91,1.94,44.6,0.41,0.38,Jamuna_Jamalpur
2005-03-03,0.0,34.06,18.08,1.89,46.36,0.41,0.39,Jamuna_Jamalpur
2005-03-04,0.01,34.8,18.29,1.53,42.38,0.4,0.36,Jamuna_Jamalpur
2005-03-05,0.0,35.63,19.07,1.77,49.87,0.4,0.34,Jamuna_Jamalpur
2005-03-06,0.0,36.38,20.2,2.51,42.55,0.4,0.33,Jamuna_Jamalpur
2005-03-07,0.0,35.37,18.9,2.02,47.78,0.4,0.29,Jamuna_Jamalpur
2005-03-08,0.69,34.38,19.96,1.55,54.62,0.39,0.25,Jamuna_Jamalpur
2005-03-09,1.28,34.33,20.67,2.01,52.19,0.39,0.26,Jamuna_Jamalpur
2005-03-10,0.02,34.92,20.64,2.79,48.95,0.39,0.25,Jamuna_Jamalpur
2005-03-11,0.09,33.31,21.87,2.0,51.26,0.39,0.17,Jamuna_Jamalpur
2005-03-12,1.64,32.81,20.36,2.04,51.1,0.39,0.22,Jamuna_Jamalpur
2005-03-13,0.0,34.01,17.28,1.53,51.05,0.39,0.24,Jamuna_Jamalpur
2005-03-14,0.01,34.66,19.27,1.29,44.82,0.38,0.23,Jamuna_Jamalpur
2005-03-15,0.01,34.6,20.88,1.07,40.26,0.38,0.2,Jamuna_Jamalpur
2005-03-16,0.0,34.29,19.43,1.26,43.4,0.38,0.17,Jamuna_Jamalpur
2005-03-17,1.49,33.52,21.52,1.36,51.84,0.38,0.15,Jamuna_Jamalpur
2005-03-18,4.67,32.76,22.77,1.49,56.12,0.38,0.15,Jamuna_Jamalpur
2005-03-19,4.33,34.24,22.0,1.41,53.13,0.38,0.22,Jamuna_Jamalpur
2005-03-20,7.0,35.27,22.11,1.67,51.51,0.39,0.27,Jamuna_Jamalpur
2005-03-21,0.85,37.42,21.02,2.27,46.91,0.39,0.31,Jamuna_Jamalpur
2005-03-22,5.73,36.85,20.65,2.36,56.6,0.4,0.31,Jamuna_Jamalpur
2005-03-23,5.12,35.66,23.11,2.99,66.08,0.4,0.34,Jamuna_Jamalpur
2005-03-24,31.25,24.77,19.27,2.55,85.24,0.43,0.11,Jamuna_Jamalpur
2005-03-25,4.78,29.87,17.32,1.75,62.86,0.46,0.91,Jamuna_Jamalpur
2005-03-26,1.51,32.16,18.76,1.46,49.36,0.45,1.01,Jamuna_Jamalpur
2005-03-27,1.42,33.52,19.02,1.38,49.68,0.45,0.99,Jamuna_Jamalpur
2005-03-28,3.37,33.86,19.38,1.81,59.41,0.45,0.88,Jamuna_Jamalpur
2005-03-29,1.99,33.95,22.13,1.81,63.52,0.45,0.92,Jamuna_Jamalpur
2005-03-30,13.55,33.12,23.39,2.58,69.44,0.46,0.94,Jamuna_Jamalpur
2005-03-31,12.34,31.68,23.36,1.69,75.44,0.48,0.97,Jamuna_Jamalpur
2005-04-01,0.01,34.98,21.85,1.51,60.89,0.48,1.69,Jamuna_Jamalpur
2005-04-02,0.48,35.69,20.7,1.41,51.42,0.47,1.52,Jamuna_Jamalpur
2005-04-03,1.76,35.52,20.37,1.75,52.62,0.46,1.38,Jamuna_Jamalpur
2005-04-04,1.13,34.61,20.88,1.47,55.3,0.46,1.35,Jamuna_Jamalpur
2005-04-05,0.0,34.67,19.93,1.63,51.21,0.46,1.28,Jamuna_Jamalpur
2005-04-06,6.24,33.49,22.32,2.16,62.98,0.46,1.09,Jamuna_Jamalpur
2005-04-07,0.95,36.57,24.34,2.6,59.2,0.46,1.3,Jamuna_Jamalpur
2005-04-08,0.85,36.63,23.82,3.21,59.51,0.45,1.23,Jamuna_Jamalpur
2005-04-09,3.57,36.02,23.46,2.47,63.31,0.45,1.12,Jamuna_Jamalpur
2005-04-10,7.92,34.13,25.01,1.79,69.39,0.46,1.05,Jamuna_Jamalpur
2005-04-11,2.08,36.36,24.76,2.03,64.69,0.46,1.31,Jamuna_Jamalpur
2005-04-12,1.92,36.33,20.5,1.66,40.26,0.46,1.27,Jamuna_Jamalpur
2005-04-13,0.0,35.29,16.66,1.33,33.79,0.45,1.16,Jamuna_Jamalpur
2005-04-14,0.0,35.72,17.55,1.63,41.98,0.44,1.03,Jamuna_Jamalpur
2005-04-15,0.0,37.43,19.1,1.82,46.65,0.44,1.0,Jamuna_Jamalpur
2005-04-16,0.12,37.37,20.32,1.54,54.56,0.43,0.91,Jamuna_Jamalpur
2005-04-17,1.44,36.85,24.89,2.41,62.8,0.43,0.79,Jamuna_Jamalpur
2005-04-18,0.96,37.6,24.55,2.64,61.83,0.43,0.85,Jamuna_Jamalpur
2005-04-19,0.22,33.63,24.99,2.34,68.01,0.43,0.46,Jamuna_Jamalpur
2005-04-20,0.03,36.04,24.43,1.18,57.78,0.42,0.63,Jamuna_Jamalpur
2005-04-21,0.19,37.77,23.51,1.66,51.36,0.42,0.76,Jamuna_Jamalpur
2005-04-22,0.21,37.7,24.87,2.41,52.49,0.42,0.69,Jamuna_Jamalpur
2005-04-23,7.04,36.74,25.61,2.43,58.07,0.42,0.68,Jamuna_Jamalpur
2005-04-24,9.8,36.08,25.78,2.17,60.06,0.43,0.67,Jamuna_Jamalpur
2005-04-25,4.95,35.24,26.01,1.95,62.19,0.44,0.72,Jamuna_Jamalpur
2005-04-26,7.39,36.81,25.87,1.64,55.65,0.44,1.04,Jamuna_Jamalpur
2005-04-27,5.41,36.74,25.22,2.79,60.3,0.44,1.09,Jamuna_Jamalpur
2005-04-28,2.18,37.81,24.35,1.5,55.74,0.44,1.21,Jamuna_Jamalpur
2005-04-29,1.91,36.63,24.46,2.87,61.56,0.44,1.12,Jamuna_Jamalpur
2005-04-30,12.29,31.48,24.07,2.31,71.84,0.45,0.61,Jamuna_Jamalpur
2005-05-01,4.55,31.92,22.7,1.03,64.03,0.46,1.03,Jamuna_Jamalpur
2005-05-02,0.64,31.12,22.98,1.38,61.06,0.46,0.73,Jamuna_Jamalpur
2005-05-03,4.98,34.06,23.51,1.24,59.93,0.45,1.19,Jamuna_Jamalpur
2005-05-04,0.98,34.63,23.35,1.09,55.66,0.46,1.31,Jamuna_Jamalpur
2005-05-05,2.61,33.9,24.83,1.74,61.84,0.45,0.97,Jamuna_Jamalpur
2005-05-06,7.76,31.77,23.65,2.12,71.05,0.45,0.8,Jamuna_Jamalpur
2005-05-07,11.19,32.42,23.23,1.39,70.33,0.47,1.15,Jamuna_Jamalpur
2005-05-08,6.48,33.58,23.17,1.67,67.83,0.48,1.58,Jamuna_Jamalpur
2005-05-09,1.68,35.33,24.11,1.41,64.12,0.47,1.89,Jamuna_Jamalpur
2005-05-10,3.64,38.75,24.89,2.07,51.33,0.47,1.79,Jamuna_Jamalpur
2005-05-11,0.71,38.48,23.7,1.11,42.74,0.47,1.78,Jamuna_Jamalpur
2005-05-12,1.55,37.51,24.81,2.11,60.87,0.46,1.55,Jamuna_Jamalpur
2005-05-13,4.99,36.49,25.39,2.59,62.49,0.46,1.51,Jamuna_Jamalpur
2005-05-14,6.57,37.73,25.93,2.95,61.88,0.46,1.54,Jamuna_Jamalpur
2005-05-15,6.08,35.7,25.72,2.93,66.2,0.47,1.4,Jamuna_Jamalpur
2005-05-16,1.0,37.99,24.83,2.19,63.4,0.46,1.72,Jamuna_Jamalpur
2005-05-17,7.36,35.96,26.1,2.62,66.73,0.47,1.46,Jamuna_Jamalpur
2005-05-18,5.16,37.25,26.85,1.95,65.48,0.47,1.59,Jamuna_Jamalpur
2005-05-19,18.03,33.45,26.25,2.81,75.06,0.48,1.34,Jamuna_Jamalpur
2005-05-20,20.0,33.66,25.26,2.83,75.86,0.51,1.95,Jamuna_Jamalpur
2005-05-21,16.91,32.76,25.41,3.03,78.66,0.53,1.93,Jamuna_Jamalpur
2005-05-22,11.96,33.92,24.61,1.69,75.8,0.54,2.7,Jamuna_Jamalpur
2005-05-23,1.52,34.48,25.73,1.8,75.24,0.54,2.72,Jamuna_Jamalpur
2005-05-24,13.35,33.53,26.59,2.48,78.46,0.54,2.22,Jamuna_Jamalpur
2005-05-25,14.62,32.37,26.32,2.59,84.51,0.57,1.61,Jamuna_Jamalpur
2005-05-26,2.24,33.02,26.49,2.7,83.52,0.56,1.84,Jamuna_Jamalpur
2005-05-27,4.24,33.93,26.65,2.75,81.35,0.56,2.53,Jamuna_Jamalpur
2005-05-28,1.72,34.07,26.74,2.35,78.7,0.56,2.11,Jamuna_Jamalpur
2005-05-29,1.1,34.21,26.19,2.54,75.09,0.55,2.78,Jamuna_Jamalpur
2005-05-30,0.79,35.97,25.36,2.54,72.28,0.55,3.59,Jamuna_Jamalpur
2005-05-31,0.65,36.59,26.92,2.6,69.26,0.54,3.03,Jamuna_Jamalpur
2005-06-01,1.86,36.98,26.83,3.15,71.48,0.53,3.0,Jamuna_Jamalpur
2005-06-02,0.4,38.63,27.42,2.79,67.83,0.53,3.11,Jamuna_Jamalpur
2005-06-03,5.13,37.07,26.67,3.71,73.01,0.52,2.89,Jamuna_Jamalpur
2005-06-04,5.96,35.32,26.19,3.48,74.09,0.52,2.82,Jamuna_Jamalpur
2005-06-05,0.29,33.08,26.54,3.03,77.0,0.52,1.87,Jamuna_Jamalpur
2005-06-06,0.97,30.45,25.07,2.67,73.24,0.52,1.42,Jamuna_Jamalpur
2005-06-07,0.7,34.37,24.2,1.73,68.37,0.51,2.04,Jamuna_Jamalpur
2005-06-08,1.95,35.95,26.5,1.41,67.01,0.51,2.23,Jamuna_Jamalpur
2005-06-09,8.85,35.35,26.88,1.62,70.21,0.51,2.01,Jamuna_Jamalpur
2005-06-10,4.16,34.8,26.72,1.42,69.27,0.51,1.92,Jamuna_Jamalpur
2005-06-11,0.07,36.06,27.17,2.02,67.01,0.51,2.16,Jamuna_Jamalpur
2005-06-12,0.78,36.65,26.82,2.22,66.2,0.5,2.08,Jamuna_Jamalpur
2005-06-13,1.99,33.7,27.66,2.2,75.51,0.5,1.05,Jamuna_Jamalpur
2005-06-14,6.95,34.83,27.61,1.12,71.42,0.5,1.53,Jamuna_Jamalpur
2005-06-15,3.63,35.69,27.3,2.55,71.68,0.5,1.73,Jamuna_Jamalpur
2005-06-16,8.77,34.27,27.8,2.44,77.62,0.51,1.14,Jamuna_Jamalpur
2005-06-17,4.09,35.19,27.14,2.11,75.24,0.51,1.56,Jamuna_Jamalpur
2005-06-18,7.79,34.02,28.04,2.65,79.1,0.52,1.07,Jamuna_Jamalpur
2005-06-19,2.55,34.58,27.56,3.3,76.98,0.52,1.56,Jamuna_Jamalpur
2005-06-20,3.59,34.93,27.09,2.92,74.1,0.52,1.84,Jamuna_Jamalpur
2005-06-21,6.27,33.57,27.32,2.21,77.09,0.52,1.42,Jamuna_Jamalpur
2005-06-22,4.5,32.35,27.29,2.87,79.35,0.52,1.16,Jamuna_Jamalpur
2005-06-23,4.87,34.46,26.8,2.5,75.62,0.52,2.1,Jamuna_Jamalpur
2005-06-24,4.95,34.07,26.91,2.34,77.44,0.52,1.91,Jamuna_Jamalpur
2005-06-25,2.1,32.83,27.03,2.04,79.81,0.52,1.13,Jamuna_Jamalpur
2005-06-26,2.17,34.85,26.41,3.19,76.53,0.52,2.34,Jamuna_Jamalpur
2005-06-27,3.01,34.7,26.44,4.25,75.4,0.51,2.53,Jamuna_Jamalpur
2005-06-28,6.97,31.17,27.02,4.3,85.26,0.51,0.94,Jamuna_Jamalpur
2005-06-29,6.53,31.11,26.25,3.79,86.93,0.52,0.91,Jamuna_Jamalpur
2005-06-30,8.32,31.59,26.08,1.94,83.1,0.53,1.12,Jamuna_Jamalpur
2005-07-01,20.22,32.14,26.29,1.86,84.12,0.55,1.51,Jamuna_Jamalpur
2005-07-02,27.83,31.39,26.11,1.72,84.61,0.58,1.98,Jamuna_Jamalpur
2005-07-03,24.63,30.16,26.32,2.34,91.05,0.62,1.35,Jamuna_Jamalpur
2005-07-04,10.45,30.92,26.62,2.14,86.81,0.63,2.23,Jamuna_Jamalpur
2005-07-05,5.64,30.73,25.9,1.73,87.16,0.63,2.52,Jamuna_Jamalpur
2005-07-06,0.06,31.63,25.6,1.63,81.46,0.63,3.96,Jamuna_Jamalpur
2005-07-07,1.24,33.28,25.46,2.06,80.28,0.62,4.99,Jamuna_Jamalpur
2005-07-08,0.23,33.8,25.96,2.57,80.3,0.6,5.18,Jamuna_Jamalpur
2005-07-09,3.0,33.03,26.2,3.45,82.8,0.6,4.18,Jamuna_Jamalpur
2005-07-10,13.99,33.53,26.65,3.56,84.11,0.6,3.28,Jamuna_Jamalpur
2005-07-11,27.17,31.09,26.46,3.09,89.17,0.62,1.65,Jamuna_Jamalpur
2005-07-12,59.02,30.28,26.04,2.8,89.39,0.67,1.7,Jamuna_Jamalpur
2005-07-13,59.87,29.21,26.01,3.28,93.54,0.77,0.67,Jamuna_Jamalpur
2005-07-14,51.9,28.48,26.06,3.6,94.12,0.82,0.49,Jamuna_Jamalpur
2005-07-15,43.87,27.88,24.72,3.6,90.89,0.87,1.64,Jamuna_Jamalpur
2005-07-16,9.06,30.52,24.52,2.32,87.85,0.88,2.64,Jamuna_Jamalpur
2005-07-17,11.54,30.98,25.29,2.41,88.37,0.87,2.48,Jamuna_Jamalpur
2005-07-18,10.03,29.09,25.79,2.62,92.24,0.88,1.03,Jamuna_Jamalpur
2005-07-19,5.99,31.63,25.38,2.62,88.35,0.88,2.64,Jamuna_Jamalpur
2005-07-20,6.9,31.04,26.33,2.36,89.48,0.87,1.84,Jamuna_Jamalpur
2005-07-21,11.09,31.71,26.26,2.22,87.92,0.87,2.93,Jamuna_Jamalpur
2005-07-22,4.51,31.63,26.21,1.31,85.66,0.87,3.03,Jamuna_Jamalpur
2005-07-23,3.27,31.51,26.79,2.27,89.21,0.87,1.57,Jamuna_Jamalpur
2005-07-24,8.22,31.81,26.86,1.52,87.62,0.86,2.18,Jamuna_Jamalpur
2005-07-25,3.41,32.51,26.4,2.3,87.76,0.86,3.19,Jamuna_Jamalpur
2005-07-26,8.45,29.6,26.99,3.25,92.55,0.86,1.06,Jamuna_Jamalpur
2005-07-27,8.29,31.43,26.4,2.85,90.33,0.86,1.81,Jamuna_Jamalpur
2005-07-28,1.52,32.73,26.39,2.5,86.97,0.86,4.15,Jamuna_Jamalpur
2005-07-29,0.75,33.16,26.68,2.79,86.87,0.84,4.45,Jamuna_Jamalpur
2005-07-30,3.99,32.55,26.56,3.54,86.77,0.83,4.46,Jamuna_Jamalpur
2005-07-31,2.96,31.5,26.45,2.37,88.44,0.83,2.86,Jamuna_Jamalpur
2005-08-01,0.06,32.15,26.2,1.64,83.32,0.82,3.98,Jamuna_Jamalpur
2005-08-02,6.27,34.35,27.63,1.53,81.24,0.81,4.23,Jamuna_Jamalpur
2005-08-03,6.18,31.68,27.0,3.74,89.61,0.81,2.82,Jamuna_Jamalpur
2005-08-04,27.63,32.89,26.56,3.24,88.45,0.82,3.61,Jamuna_Jamalpur
2005-08-05,16.18,31.76,26.56,2.54,88.66,0.83,3.14,Jamuna_Jamalpur
2005-08-06,20.47,32.15,26.53,2.47,87.96,0.84,3.15,Jamuna_Jamalpur
2005-08-07,20.13,32.02,26.61,2.33,89.36,0.85,2.51,Jamuna_Jamalpur
2005-08-08,13.45,30.22,27.45,1.62,91.42,0.86,0.94,Jamuna_Jamalpur
2005-08-09,20.47,31.34,26.28,1.08,86.36,0.88,1.6,Jamuna_Jamalpur
2005-08-10,41.65,31.38,27.16,1.1,84.29,0.9,2.02,Jamuna_Jamalpur
2005-08-11,25.0,30.21,26.77,1.67,90.21,0.92,1.19,Jamuna_Jamalpur
2005-08-12,17.0,31.51,26.03,0.97,87.07,0.93,1.86,Jamuna_Jamalpur
2005-08-13,2.55,34.31,26.81,0.84,77.34,0.92,5.15,Jamuna_Jamalpur
2005-08-14,19.72,33.7,26.94,2.24,83.35,0.91,2.42,Jamuna_Jamalpur
2005-08-15,14.14,31.63,26.0,3.54,88.61,0.92,3.21,Jamuna_Jamalpur
2005-08-16,7.25,30.95,26.36,2.73,90.81,0.92,2.01,Jamuna_Jamalpur
2005-08-17,2.43,31.38,26.3,1.98,88.25,0.91,2.85,Jamuna_Jamalpur
2005-08-18,17.7,30.54,26.05,1.62,88.61,0.91,1.91,Jamuna_Jamalpur
2005-08-19,18.35,29.88,26.29,1.69,89.99,0.93,1.38,Jamuna_Jamalpur
2005-08-20,13.48,30.43,26.26,2.21,89.78,0.93,1.86,Jamuna_Jamalpur
2005-08-21,17.74,30.78,25.82,2.87,91.07,0.93,1.75,Jamuna_Jamalpur
2005-08-22,9.85,31.39,26.33,2.51,89.67,0.93,2.24,Jamuna_Jamalpur
2005-08-23,19.45,30.93,26.57,2.62,92.29,0.93,1.46,Jamuna_Jamalpur
2005-08-24,26.65,30.19,26.5,1.75,91.43,0.94,1.47,Jamuna_Jamalpur
2005-08-25,16.0,29.32,26.12,1.36,90.57,0.95,0.62,Jamuna_Jamalpur
2005-08-26,12.94,30.3,25.77,1.24,89.57,0.95,1.21,Jamuna_Jamalpur
2005-08-27,6.32,30.8,25.93,1.55,88.62,0.95,1.75,Jamuna_Jamalpur
2005-08-28,6.04,29.65,25.35,1.38,89.94,0.95,1.42,Jamuna_Jamalpur
2005-08-29,3.23,31.99,24.74,1.47,85.23,0.95,4.09,Jamuna_Jamalpur
2005-08-30,8.58,31.41,25.91,1.89,88.88,0.94,2.59,Jamuna_Jamalpur
2005-08-31,5.79,32.17,24.59,1.35,83.44,0.94,3.6,Jamuna_Jamalpur
2005-09-01,5.46,32.91,26.67,0.76,79.38,0.94,3.41,Jamuna_Jamalpur
2005-09-02,2.04,33.66,26.56,1.02,81.74,0.93,5.34,Jamuna_Jamalpur
2005-09-03,15.68,31.43,26.9,1.06,87.52,0.93,1.53,Jamuna_Jamalpur
2005-09-04,6.1,29.98,26.28,1.22,88.18,0.93,2.14,Jamuna_Jamalpur
2005-09-05,8.25,30.23,25.29,0.98,87.21,0.93,1.99,Jamuna_Jamalpur
2005-09-06,16.31,31.83,26.02,1.09,83.68,0.94,3.55,Jamuna_Jamalpur
2005-09-07,27.97,31.34,25.87,1.15,86.14,0.95,2.94,Jamuna_Jamalpur
2005-09-08,8.3,32.42,26.43,0.77,83.26,0.95,3.25,Jamuna_Jamalpur
2005-09-09,7.83,30.67,25.8,1.56,87.73,0.94,2.43,Jamuna_Jamalpur
2005-09-10,5.4,31.87,25.4,1.68,87.24,0.94,2.81,Jamuna_Jamalpur
2005-09-11,7.44,29.7,25.25,2.32,91.87,0.94,1.85,Jamuna_Jamalpur
2005-09-12,1.52,29.11,25.45,3.01,92.7,0.94,1.17,Jamuna_Jamalpur
2005-09-13,1.14,29.67,25.15,2.6,91.55,0.93,1.95,Jamuna_Jamalpur
2005-09-14,0.39,30.76,24.82,1.2,87.17,0.93,3.08,Jamuna_Jamalpur
2005-09-15,0.04,33.54,24.24,0.89,78.04,0.92,6.22,Jamuna_Jamalpur
2005-09-16,0.2,32.95,24.55,1.15,82.05,0.91,5.19,Jamuna_Jamalpur
2005-09-17,0.34,32.04,25.51,2.27,86.51,0.9,4.16,Jamuna_Jamalpur
2005-09-18,0.12,31.3,25.88,1.4,86.62,0.89,3.43,Jamuna_Jamalpur
2005-09-19,18.87,32.02,26.71,1.03,85.73,0.9,3.17,Jamuna_Jamalpur
2005-09-20,37.18,29.86,26.05,1.51,92.0,0.92,0.6,Jamuna_Jamalpur
2005-09-21,41.66,28.55,25.37,1.54,92.56,0.95,0.87,Jamuna_Jamalpur
2005-09-22,4.61,29.82,24.63,1.68,90.19,0.95,2.83,Jamuna_Jamalpur
2005-09-23,8.87,30.57,24.85,2.15,90.7,0.94,2.67,Jamuna_Jamalpur
2005-09-24,15.6,29.23,25.93,1.53,93.2,0.95,0.9,Jamuna_Jamalpur
2005-09-25,7.31,30.3,25.64,1.37,89.72,0.95,1.83,Jamuna_Jamalpur
2005-09-26,6.43,30.7,25.05,0.95,87.19,0.95,2.79,Jamuna_Jamalpur
2005-09-27,5.35,31.27,25.58,1.16,86.62,0.94,3.43,Jamuna_Jamalpur
2005-09-28,1.23,31.38,25.05,1.32,86.1,0.94,3.36,Jamuna_Jamalpur
2005-09-29,10.74,31.02,25.96,0.83,83.53,0.94,3.27,Jamuna_Jamalpur
2005-09-30,14.86,29.99,24.89,1.88,90.65,0.94,2.29,Jamuna_Jamalpur
2005-10-01,41.4,29.09,24.32,1.85,89.51,0.95,2.08,Jamuna_Jamalpur
2005-10-02,95.73,26.71,23.81,3.36,93.94,0.98,0.51,Jamuna_Jamalpur
2005-10-03,34.41,27.73,22.33,2.43,92.95,0.99,0.68,Jamuna_Jamalpur
2005-10-04,53.82,27.6,24.13,3.03,94.59,1.0,0.46,Jamuna_Jamalpur
2005-10-05,6.89,29.25,24.15,1.47,87.74,0.99,1.91,Jamuna_Jamalpur
2005-10-06,0.25,30.05,23.8,0.98,83.36,0.99,4.15,Jamuna_Jamalpur
2005-10-07,0.01,31.14,23.28,0.77,81.5,0.98,5.82,Jamuna_Jamalpur
2005-10-08,0.45,31.61,23.24,1.06,82.26,0.97,5.64,Jamuna_Jamalpur
2005-10-09,0.2,31.68,22.71,1.17,83.14,0.97,5.46,Jamuna_Jamalpur
2005-10-10,0.0,31.99,23.05,1.02,82.16,0.96,5.85,Jamuna_Jamalpur
2005-10-11,0.1,31.75,23.46,0.94,81.92,0.95,5.41,Jamuna_Jamalpur
2005-10-12,0.01,30.76,24.11,1.03,83.71,0.95,4.04,Jamuna_Jamalpur
2005-10-13,0.0,30.64,22.96,1.18,82.54,0.94,4.47,Jamuna_Jamalpur
2005-10-14,0.0,30.94,22.48,1.18,80.8,0.94,5.09,Jamuna_Jamalpur
2005-10-15,0.0,30.82,22.11,1.01,81.61,0.93,5.64,Jamuna_Jamalpur
2005-10-16,0.35,30.28,22.56,1.03,81.52,0.92,4.57,Jamuna_Jamalpur
2005-10-17,7.18,29.01,23.85,0.69,80.97,0.92,2.7,Jamuna_Jamalpur
2005-10-18,20.24,28.0,23.24,0.79,84.61,0.93,1.26,Jamuna_Jamalpur
2005-10-19,22.57,27.43,21.9,1.1,86.2,0.94,2.04,Jamuna_Jamalpur
2005-10-20,10.04,26.57,22.11,1.09,88.96,0.95,1.32,Jamuna_Jamalpur
2005-10-21,37.64,25.2,22.29,2.59,93.57,0.96,0.5,Jamuna_Jamalpur
2005-10-22,82.67,25.46,21.59,3.25,94.08,0.98,0.53,Jamuna_Jamalpur
2005-10-23,31.45,26.1,20.9,2.41,93.14,0.99,1.21,Jamuna_Jamalpur
2005-10-24,3.38,28.02,21.41,1.56,88.93,0.99,2.69,Jamuna_Jamalpur
2005-10-25,0.0,27.86,21.2,1.08,84.41,0.98,2.76,Jamuna_Jamalpur
2005-10-26,0.0,29.32,19.73,1.13,83.41,0.97,4.43,Jamuna_Jamalpur
2005-10-27,0.0,28.96,21.06,0.96,82.67,0.97,3.99,Jamuna_Jamalpur
2005-10-28,0.01,29.13,20.45,1.2,82.42,0.96,3.9,Jamuna_Jamalpur
2005-10-29,0.0,29.33,20.71,1.4,84.19,0.96,4.02,Jamuna_Jamalpur
2005-10-30,0.0,28.53,19.24,1.64,83.92,0.95,3.51,Jamuna_Jamalpur
2005-10-31,0.0,28.61,19.22,1.53,82.28,0.95,3.44,Jamuna_Jamalpur
2005-11-01,0.0,27.42,18.57,1.14,76.24,0.94,3.5,Jamuna_Jamalpur
2005-11-02,0.0,26.17,19.3,1.49,85.01,0.93,2.07,Jamuna_Jamalpur
2005-11-03,0.0,27.43,17.19,2.0,86.63,0.93,3.16,Jamuna_Jamalpur
2005-11-04,0.0,27.26,16.35,1.8,85.11,0.92,3.38,Jamuna_Jamalpur
2005-11-05,0.0,27.55,17.38,1.6,81.65,0.92,3.47,Jamuna_Jamalpur
2005-11-06,0.0,27.11,16.4,1.36,85.58,0.91,3.89,Jamuna_Jamalpur
2005-11-07,0.0,27.67,16.01,1.44,85.08,0.91,3.79,Jamuna_Jamalpur
2005-11-08,0.0,27.96,17.76,1.13,81.8,0.9,3.23,Jamuna_Jamalpur
2005-11-09,0.14,28.63,19.43,0.88,81.49,0.9,4.28,Jamuna_Jamalpur
2005-11-10,0.1,28.38,18.17,1.21,82.7,0.89,4.08,Jamuna_Jamalpur
2005-11-11,0.0,27.44,17.05,1.51,84.31,0.88,3.69,Jamuna_Jamalpur
2005-11-12,0.0,26.5,15.91,1.25,83.47,0.88,3.55,Jamuna_Jamalpur
2005-11-13,0.0,25.85,16.5,0.98,81.27,0.87,3.45,Jamuna_Jamalpur
2005-11-14,0.0,26.32,16.77,0.97,81.51,0.86,3.69,Jamuna_Jamalpur
2005-11-15,0.0,26.09,16.41,1.07,85.24,0.86,3.47,Jamuna_Jamalpur
2005-11-16,0.0,26.33,16.73,1.07,82.67,0.85,3.28,Jamuna_Jamalpur
2005-11-17,0.0,26.51,18.79,0.75,79.24,0.85,2.85,Jamuna_Jamalpur
2005-11-18,0.0,25.34,18.08,0.71,74.08,0.84,2.66,Jamuna_Jamalpur
2005-11-19,0.0,25.73,15.65,0.92,78.71,0.84,3.03,Jamuna_Jamalpur
2005-11-20,0.0,25.73,14.8,0.96,81.62,0.83,2.95,Jamuna_Jamalpur
2005-11-21,0.0,25.41,16.13,0.76,81.23,0.83,2.84,Jamuna_Jamalpur
2005-11-22,0.05,25.6,17.83,0.71,76.61,0.82,2.79,Jamuna_Jamalpur
2005-11-23,0.08,25.12,18.45,0.73,76.29,0.82,2.12,Jamuna_Jamalpur
2005-11-24,0.06,24.86,16.14,0.83,83.16,0.81,1.76,Jamuna_Jamalpur
2005-11-25,0.0,25.25,15.78,1.15,85.92,0.81,2.41,Jamuna_Jamalpur
2005-11-26,0.0,24.92,13.54,1.19,84.26,0.8,2.75,Jamuna_Jamalpur
2005-11-27,0.0,24.48,13.06,1.3,83.72,0.8,2.71,Jamuna_Jamalpur
2005-11-28,0.0,24.51,12.78,1.59,85.71,0.79,2.49,Jamuna_Jamalpur
2005-11-29,0.0,24.49,11.96,1.38,83.5,0.79,2.67,Jamuna_Jamalpur
2005-11-30,0.0,23.97,12.91,1.12,80.22,0.78,2.54,Jamuna_Jamalpur
2005-12-01,0.0,24.08,13.6,1.01,82.38,0.78,2.38,Jamuna_Jamalpur
2005-12-02,0.0,24.76,12.64,1.28,84.03,0.77,2.41,Jamuna_Jamalpur
2005-12-03,0.0,24.63,13.01,1.42,83.99,0.77,2.34,Jamuna_Jamalpur
2005-12-04,0.0,23.69,14.22,1.39,81.87,0.76,2.05,Jamuna_Jamalpur
2005-12-05,0.0,23.37,12.33,1.26,80.69,0.76,2.11,Jamuna_Jamalpur
2005-12-06,0.0,23.55,10.96,1.32,84.05,0.75,2.33,Jamuna_Jamalpur
2005-12-07,0.0,24.36,12.03,1.11,81.49,0.75,2.41,Jamuna_Jamalpur
2005-12-08,0.0,23.84,12.44,0.9,73.75,0.74,2.41,Jamuna_Jamalpur
2005-12-09,0.0,24.42,13.55,0.84,73.24,0.74,2.57,Jamuna_Jamalpur
2005-12-10,0.0,24.28,13.38,1.05,76.59,0.73,2.41,Jamuna_Jamalpur
2005-12-11,0.0,23.45,11.99,1.57,83.57,0.73,2.03,Jamuna_Jamalpur
2005-12-12,0.0,23.5,10.33,1.6,85.06,0.72,2.03,Jamuna_Jamalpur
2005-12-13,0.0,23.41,10.82,1.75,83.17,0.72,1.94,Jamuna_Jamalpur
2005-12-14,0.0,23.48,10.28,1.35,82.59,0.71,1.91,Jamuna_Jamalpur
2005-12-15,0.0,23.9,10.37,1.22,80.26,0.71,1.95,Jamuna_Jamalpur
2005-12-16,0.0,24.77,12.46,1.04,79.21,0.7,1.83,Jamuna_Jamalpur
2005-12-17,0.0,25.95,15.1,0.97,75.28,0.7,2.2,Jamuna_Jamalpur
2005-12-18,0.0,25.43,13.87,1.22,78.92,0.69,1.96,Jamuna_Jamalpur
2005-12-19,0.0,25.09,13.98,1.05,79.17,0.69,1.86,Jamuna_Jamalpur
2005-12-20,0.0,25.07,13.28,1.3,82.17,0.68,1.92,Jamuna_Jamalpur
2005-12-21,0.0,25.29,13.09,0.99,78.16,0.68,1.83,Jamuna_Jamalpur
2005-12-22,0.19,24.76,14.92,1.26,80.54,0.68,1.38,Jamuna_Jamalpur
2005-12-23,0.27,24.4,15.71,1.3,84.86,0.67,1.51,Jamuna_Jamalpur
2005-12-24,0.0,24.9,14.32,1.11,84.24,0.67,1.87,Jamuna_Jamalpur
2005-12-25,0.0,24.21,13.46,2.09,84.5,0.66,1.62,Jamuna_Jamalpur
2005-12-26,0.0,23.92,12.41,1.69,78.5,0.66,1.45,Jamuna_Jamalpur
2005-12-27,0.0,23.21,11.9,0.93,71.31,0.65,1.31,Jamuna_Jamalpur
2005-12-28,0.0,23.66,10.62,1.13,79.55,0.65,1.49,Jamuna_Jamalpur
2005-12-29,0.0,22.97,11.87,1.16,78.43,0.65,1.24,Jamuna_Jamalpur
2005-12-30,0.0,23.83,10.78,1.15,76.5,0.64,1.43,Jamuna_Jamalpur
2005-12-31,0.0,24.11,10.76,1.33,77.95,0.64,1.5,Jamuna_Jamalpur
2006-01-01,0.0,23.92,10.18,1.26,77.26,0.64,1.47,Jamuna_Jamalpur
2006-01-02,0.0,24.28,10.45,1.07,73.15,0.63,1.48,Jamuna_Jamalpur
2006-01-03,0.0,23.51,11.23,1.12,75.28,0.63,1.35,Jamuna_Jamalpur
2006-01-04,0.0,23.36,11.2,1.35,73.14,0.62,1.29,Jamuna_Jamalpur
2006-01-05,0.0,23.08,12.34,1.1,70.88,0.62,1.15,Jamuna_Jamalpur
2006-01-06,0.0,23.62,10.72,1.11,76.2,0.62,1.22,Jamuna_Jamalpur
2006-01-07,0.0,23.33,12.45,1.22,73.91,0.61,1.05,Jamuna_Jamalpur
2006-01-08,0.0,23.05,12.63,1.37,70.92,0.61,1.19,Jamuna_Jamalpur
2006-01-09,0.0,23.28,10.34,1.45,75.17,0.6,1.19,Jamuna_Jamalpur
2006-01-10,0.0,22.72,8.81,1.48,76.91,0.6,1.18,Jamuna_Jamalpur
2006-01-11,0.0,22.53,9.3,1.42,74.2,0.6,0.98,Jamuna_Jamalpur
2006-01-12,0.0,22.59,10.85,1.04,67.25,0.59,0.82,Jamuna_Jamalpur
2006-01-13,0.0,21.64,11.47,1.08,70.69,0.59,0.66,Jamuna_Jamalpur
2006-01-14,0.0,19.98,11.41,1.08,72.07,0.59,0.28,Jamuna_Jamalpur
2006-01-15,0.0,22.52,10.24,1.16,74.03,0.59,0.75,Jamuna_Jamalpur
2006-01-16,0.0,21.33,10.55,1.22,72.53,0.59,0.69,Jamuna_Jamalpur
2006-01-17,0.0,22.09,9.99,1.28,70.64,0.58,0.72,Jamuna_Jamalpur
2006-01-18,0.0,23.51,10.22,1.38,76.13,0.58,0.77,Jamuna_Jamalpur
2006-01-19,0.0,24.4,12.18,1.21,73.7,0.58,0.87,Jamuna_Jamalpur
2006-01-20,0.0,23.1,11.02,1.49,74.93,0.57,0.97,Jamuna_Jamalpur
2006-01-21,0.0,23.78,11.87,1.32,65.75,0.57,1.07,Jamuna_Jamalpur
2006-01-22,0.0,23.27,8.85,1.46,61.74,0.57,1.02,Jamuna_Jamalpur
2006-01-23,0.0,23.32,11.46,1.11,52.8,0.56,1.07,Jamuna_Jamalpur
2006-01-24,0.0,23.7,10.25,1.55,62.62,0.56,0.83,Jamuna_Jamalpur
2006-01-25,0.0,23.73,11.5,1.66,64.29,0.55,1.0,Jamuna_Jamalpur
2006-01-26,0.0,24.85,10.3,1.37,76.35,0.55,1.03,Jamuna_Jamalpur
2006-01-27,0.0,25.61,11.53,1.49,73.38,0.55,1.17,Jamuna_Jamalpur
2006-01-28,0.0,25.53,11.23,1.33,70.01,0.54,1.18,Jamuna_Jamalpur
2006-01-29,0.0,25.41,12.35,1.26,62.69,0.54,1.1,Jamuna_Jamalpur
2006-01-30,0.0,26.08,12.59,1.1,64.49,0.54,1.01,Jamuna_Jamalpur
2006-01-31,0.0,27.34,13.57,1.03,67.23,0.53,1.1,Jamuna_Jamalpur
2006-02-01,0.0,27.6,14.56,1.11,66.25,0.53,1.19,Jamuna_Jamalpur
2006-02-02,0.0,28.07,15.49,1.14,63.1,0.52,1.15,Jamuna_Jamalpur
2006-02-03,0.0,27.9,16.89,1.19,62.28,0.52,0.97,Jamuna_Jamalpur
2006-02-04,0.0,26.95,16.6,1.26,65.51,0.52,0.8,Jamuna_Jamalpur
2006-02-05,0.02,27.32,15.92,0.79,57.6,0.51,0.78,Jamuna_Jamalpur
2006-02-06,0.0,27.58,13.49,1.12,65.58,0.51,0.92,Jamuna_Jamalpur
2006-02-07,0.0,28.88,14.96,1.15,59.31,0.51,1.13,Jamuna_Jamalpur
2006-02-08,0.0,28.21,14.6,1.2,58.09,0.5,1.04,Jamuna_Jamalpur
2006-02-09,0.0,29.33,15.62,1.31,57.01,0.5,1.09,Jamuna_Jamalpur
2006-02-10,0.0,29.48,14.99,1.3,56.74,0.5,1.14,Jamuna_Jamalpur
2006-02-11,0.0,28.52,15.72,1.25,58.89,0.49,0.92,Jamuna_Jamalpur
2006-02-12,0.0,29.38,17.6,1.06,56.23,0.49,0.97,Jamuna_Jamalpur
2006-02-13,0.0,27.98,16.36,1.23,56.45,0.48,0.57,Jamuna_Jamalpur
2006-02-14,0.16,29.09,15.58,1.26,55.82,0.48,0.72,Jamuna_Jamalpur
2006-02-15,0.22,30.56,15.99,1.57,59.11,0.48,0.81,Jamuna_Jamalpur
2006-02-16,0.01,31.33,16.03,1.68,59.27,0.48,0.88,Jamuna_Jamalpur
2006-02-17,0.0,30.77,17.37,1.32,51.14,0.47,0.88,Jamuna_Jamalpur
2006-02-18,2.88,30.45,16.31,1.59,59.66,0.47,0.77,Jamuna_Jamalpur
2006-02-19,0.41,31.28,17.41,1.62,63.97,0.47,0.88,Jamuna_Jamalpur
2006-02-20,0.0,31.01,18.75,1.79,66.25,0.47,0.82,Jamuna_Jamalpur
2006-02-21,1.83,30.33,19.03,1.46,67.95,0.47,0.77,Jamuna_Jamalpur
2006-02-22,1.74,31.67,18.35,1.63,66.21,0.47,0.87,Jamuna_Jamalpur
2006-02-23,0.8,31.9,17.82,1.65,60.49,0.46,0.86,Jamuna_Jamalpur
2006-02-24,0.0,32.96,17.51,1.48,57.23,0.46,0.89,Jamuna_Jamalpur
2006-02-25,0.0,32.46,17.47,1.5,52.86,0.46,0.85,Jamuna_Jamalpur
2006-02-26,0.0,33.44,17.76,1.47,48.15,0.45,0.85,Jamuna_Jamalpur
2006-02-27,0.0,35.39,16.94,2.63,46.24,0.45,0.85,Jamuna_Jamalpur
2006-02-28,0.0,34.64,17.54,2.88,46.06,0.44,0.84,Jamuna_Jamalpur
2006-03-01,0.0,33.75,17.95,1.55,39.9,0.44,0.73,Jamuna_Jamalpur
2006-03-02,0.0,33.28,18.25,1.28,35.57,0.44,0.67,Jamuna_Jamalpur
2006-03-03,0.03,31.71,19.86,1.87,34.45,0.43,0.61,Jamuna_Jamalpur
2006-03-04,0.0,31.9,18.76,1.53,33.11,0.43,0.57,Jamuna_Jamalpur
2006-03-05,0.0,32.43,17.32,1.59,38.39,0.42,0.55,Jamuna_Jamalpur
2006-03-06,0.0,33.4,17.82,1.56,43.59,0.42,0.5,Jamuna_Jamalpur
2006-03-07,0.0,33.92,18.13,1.65,39.61,0.42,0.51,Jamuna_Jamalpur
2006-03-08,0.0,34.82,20.02,1.38,37.02,0.41,0.5,Jamuna_Jamalpur
2006-03-09,0.0,34.74,20.85,1.39,40.99,0.41,0.39,Jamuna_Jamalpur
2006-03-10,1.25,34.11,22.01,1.2,44.42,0.41,0.36,Jamuna_Jamalpur
2006-03-11,3.02,30.41,20.37,2.2,55.97,0.41,0.24,Jamuna_Jamalpur
2006-03-12,2.28,29.92,17.52,2.1,62.05,0.41,0.36,Jamuna_Jamalpur
2006-03-13,0.01,31.96,19.08,1.53,51.8,0.41,0.44,Jamuna_Jamalpur
2006-03-14,0.01,33.24,20.27,1.54,45.56,0.41,0.43,Jamuna_Jamalpur
2006-03-15,0.49,33.59,20.94,1.19,45.46,0.4,0.39,Jamuna_Jamalpur
2006-03-16,0.66,30.52,21.04,1.84,54.91,0.4,0.32,Jamuna_Jamalpur
2006-03-17,0.33,32.33,18.9,1.96,51.89,0.4,0.35,Jamuna_Jamalpur
2006-03-18,0.01,32.63,15.4,1.98,37.35,0.4,0.34,Jamuna_Jamalpur
2006-03-19,0.0,33.03,17.84,1.54,32.15,0.39,0.33,Jamuna_Jamalpur
2006-03-20,0.0,33.75,17.9,1.42,35.71,0.39,0.31,Jamuna_Jamalpur
2006-03-21,0.0,33.8,18.24,1.43,33.6,0.39,0.27,Jamuna_Jamalpur
2006-03-22,0.59,35.4,18.06,1.52,39.04,0.39,0.26,Jamuna_Jamalpur
2006-03-23,0.51,34.72,19.04,1.81,35.54,0.38,0.25,Jamuna_Jamalpur
2006-03-24,0.0,35.1,19.89,1.32,30.79,0.38,0.23,Jamuna_Jamalpur
2006-03-25,0.0,36.47,17.93,1.6,33.1,0.38,0.21,Jamuna_Jamalpur
2006-03-26,0.0,37.87,19.39,1.66,36.71,0.37,0.2,Jamuna_Jamalpur
2006-03-27,0.0,39.51,22.44,1.87,33.32,0.37,0.18,Jamuna_Jamalpur
2006-03-28,0.0,37.41,19.22,2.44,30.36,0.37,0.14,Jamuna_Jamalpur
2006-03-29,0.0,37.19,18.75,2.43,29.4,0.36,0.12,Jamuna_Jamalpur
2006-03-30,0.0,37.13,20.87,1.31,27.77,0.36,0.1,Jamuna_Jamalpur
2006-03-31,0.0,36.3,19.9,1.47,31.1,0.36,0.08,Jamuna_Jamalpur
2006-04-01,0.97,36.66,19.43,1.41,38.93,0.36,0.07,Jamuna_Jamalpur
2006-04-02,3.37,36.33,22.65,1.63,49.94,0.36,0.07,Jamuna_Jamalpur
2006-04-03,7.65,34.13,23.16,1.9,58.48,0.37,0.09,Jamuna_Jamalpur
2006-04-04,16.67,32.73,23.41,2.5,73.79,0.38,0.14,Jamuna_Jamalpur
2006-04-05,14.72,33.13,23.56,2.44,73.02,0.41,0.45,Jamuna_Jamalpur
2006-04-06,7.52,34.21,23.63,2.39,70.05,0.42,0.6,Jamuna_Jamalpur
2006-04-07,4.53,34.94,23.42,1.88,64.27,0.42,0.65,Jamuna_Jamalpur
2006-04-08,3.88,34.03,23.75,2.05,63.69,0.42,0.63,Jamuna_Jamalpur
2006-04-09,2.02,34.47,24.24,2.24,62.74,0.42,0.69,Jamuna_Jamalpur
2006-04-10,7.49,34.17,24.96,2.3,66.51,0.43,0.61,Jamuna_Jamalpur
2006-04-11,2.13,37.62,24.95,2.53,61.04,0.43,0.85,Jamuna_Jamalpur
2006-04-12,0.55,38.42,24.58,2.26,56.96,0.43,0.82,Jamuna_Jamalpur
2006-04-13,4.26,36.96,24.69,2.43,65.8,0.43,0.72,Jamuna_Jamalpur
2006-04-14,0.37,39.2,24.67,1.88,50.69,0.42,0.88,Jamuna_Jamalpur
2006-04-15,0.0,40.69,23.22,1.63,40.06,0.42,0.83,Jamuna_Jamalpur
2006-04-16,1.29,38.38,23.88,1.71,50.95,0.41,0.66,Jamuna_Jamalpur
2006-04-17,7.08,34.49,25.28,2.47,65.45,0.42,0.44,Jamuna_Jamalpur
2006-04-18,17.25,28.49,23.25,1.23,74.73,0.43,0.32,Jamuna_Jamalpur
2006-04-19,7.66,32.37,22.15,1.59,67.25,0.46,1.1,Jamuna_Jamalpur
2006-04-20,0.0,33.87,19.49,1.53,56.03,0.46,1.4,Jamuna_Jamalpur
2006-04-21,0.97,35.31,21.79,1.23,47.97,0.45,1.25,Jamuna_Jamalpur
2006-04-22,32.4,32.98,21.44,1.57,62.03,0.49,1.84,Jamuna_Jamalpur
2006-04-23,0.4,35.47,22.01,1.13,53.09,0.49,2.53,Jamuna_Jamalpur
2006-04-24,11.47,35.73,22.55,1.29,57.58,0.5,2.55,Jamuna_Jamalpur
2006-04-25,0.16,36.34,22.72,1.23,54.19,0.49,2.58,Jamuna_Jamalpur
2006-04-26,1.19,37.38,23.23,1.61,53.81,0.48,2.36,Jamuna_Jamalpur
2006-04-27,6.5,35.55,24.9,1.44,62.99,0.49,1.88,Jamuna_Jamalpur
2006-04-28,0.0,36.74,23.61,1.07,56.43,0.48,2.27,Jamuna_Jamalpur
2006-04-29,0.0,38.67,23.26,1.39,50.72,0.47,2.36,Jamuna_Jamalpur
2006-04-30,0.0,38.23,24.07,2.12,50.13,0.47,1.89,Jamuna_Jamalpur
2006-05-01,6.59,36.95,25.99,2.52,60.56,0.47,1.6,Jamuna_Jamalpur
2006-05-02,1.41,38.1,26.5,2.15,54.01,0.47,1.52,Jamuna_Jamalpur
2006-05-03,1.24,37.29,25.9,1.84,56.3,0.46,1.48,Jamuna_Jamalpur
2006-05-04,1.73,37.6,26.44,1.75,56.33,0.46,1.48,Jamuna_Jamalpur
2006-05-05,10.05,34.97,26.82,1.81,62.35,0.47,1.29,Jamuna_Jamalpur
2006-05-06,10.12,34.72,25.81,2.12,65.67,0.47,1.36,Jamuna_Jamalpur
2006-05-07,4.15,33.35,25.33,2.54,71.26,0.48,1.36,Jamuna_Jamalpur
2006-05-08,0.05,35.25,24.18,2.14,62.5,0.47,1.62,Jamuna_Jamalpur
2006-05-09,0.68,34.8,24.72,2.41,62.84,0.47,1.55,Jamuna_Jamalpur
2006-05-10,12.15,34.13,25.86,2.83,72.7,0.47,1.25,Jamuna_Jamalpur
2006-05-11,24.57,32.24,25.39,2.41,78.61,0.5,1.35,Jamuna_Jamalpur
2006-05-12,20.53,31.23,25.78,2.62,84.21,0.53,1.57,Jamuna_Jamalpur
2006-05-13,20.7,30.74,25.69,3.03,84.57,0.56,1.52,Jamuna_Jamalpur
2006-05-14,7.66,32.03,24.81,2.06,81.14,0.57,3.09,Jamuna_Jamalpur
2006-05-15,0.08,33.56,23.27,2.63,68.81,0.56,4.63,Jamuna_Jamalpur
2006-05-16,0.0,34.84,23.18,1.62,65.16,0.55,4.33,Jamuna_Jamalpur
2006-05-17,0.0,36.02,23.72,0.97,61.36,0.54,4.46,Jamuna_Jamalpur
2006-05-18,0.01,36.99,24.51,0.85,52.41,0.53,4.26,Jamuna_Jamalpur
2006-05-19,2.54,35.52,26.17,1.34,59.87,0.52,2.68,Jamuna_Jamalpur
2006-05-20,1.77,34.69,25.45,1.44,63.84,0.52,2.98,Jamuna_Jamalpur
2006-05-21,0.89,36.75,25.48,1.14,56.55,0.51,3.34,Jamuna_Jamalpur
2006-05-22,25.31,35.42,25.99,0.89,60.87,0.52,3.11,Jamuna_Jamalpur
2006-05-23,0.75,35.8,26.28,1.0,60.21,0.54,4.13,Jamuna_Jamalpur
2006-05-24,9.18,35.01,26.21,1.39,66.06,0.54,3.42,Jamuna_Jamalpur
2006-05-25,4.76,35.62,27.11,1.59,64.46,0.53,3.25,Jamuna_Jamalpur
2006-05-26,15.29,34.14,26.92,3.32,77.22,0.54,2.6,Jamuna_Jamalpur
2006-05-27,28.31,31.03,25.97,3.52,86.4,0.57,1.9,Jamuna_Jamalpur
2006-05-28,19.3,30.13,26.0,2.93,88.21,0.6,1.51,Jamuna_Jamalpur
2006-05-29,21.62,31.88,25.99,2.93,85.28,0.62,3.54,Jamuna_Jamalpur
2006-05-30,20.06,31.98,26.32,3.04,88.5,0.65,2.46,Jamuna_Jamalpur
2006-05-31,39.26,31.27,25.41,3.87,89.12,0.67,2.13,Jamuna_Jamalpur
2006-06-01,45.33,30.71,26.76,3.06,91.15,0.74,1.64,Jamuna_Jamalpur
2006-06-02,18.01,29.46,26.15,2.48,92.83,0.76,0.86,Jamuna_Jamalpur
2006-06-03,5.66,30.04,25.62,1.88,86.26,0.77,2.06,Jamuna_Jamalpur
2006-06-04,7.46,32.07,25.18,1.27,82.35,0.76,3.78,Jamuna_Jamalpur
2006-06-05,6.02,29.8,25.95,1.91,89.97,0.76,1.63,Jamuna_Jamalpur
2006-06-06,4.45,31.36,25.68,3.45,89.39,0.76,3.18,Jamuna_Jamalpur
2006-06-07,4.44,31.63,26.51,3.93,89.41,0.76,2.97,Jamuna_Jamalpur
2006-06-08,4.86,30.98,26.27,3.65,89.34,0.75,3.09,Jamuna_Jamalpur
2006-06-09,13.39,31.94,25.86,2.74,87.65,0.75,3.45,Jamuna_Jamalpur
2006-06-10,24.3,30.44,25.67,1.36,87.35,0.77,2.09,Jamuna_Jamalpur
2006-06-11,8.15,33.2,25.91,2.68,86.8,0.78,3.19,Jamuna_Jamalpur
2006-06-12,12.23,34.18,27.26,2.97,86.08,0.78,3.39,Jamuna_Jamalpur
2006-06-13,15.29,32.36,27.42,2.9,90.81,0.79,1.42,Jamuna_Jamalpur
2006-06-14,11.77,29.99,26.38,2.76,91.76,0.8,1.26,Jamuna_Jamalpur
2006-06-15,6.09,31.67,26.15,2.19,87.8,0.8,2.84,Jamuna_Jamalpur
2006-06-16,11.69,32.22,26.42,2.21,87.89,0.8,2.85,Jamuna_Jamalpur
2006-06-17,7.15,30.75,26.46,1.94,89.33,0.81,1.95,Jamuna_Jamalpur
2006-06-18,2.33,32.63,25.72,1.18,82.17,0.8,3.74,Jamuna_Jamalpur
2006-06-19,2.58,33.52,26.41,0.79,77.45,0.79,5.06,Jamuna_Jamalpur
2006-06-20,2.66,30.51,26.41,1.17,85.39,0.79,1.75,Jamuna_Jamalpur
2006-06-21,3.09,31.11,26.38,0.74,79.75,0.79,3.32,Jamuna_Jamalpur
2006-06-22,1.89,31.94,25.6,1.49,83.02,0.78,4.63,Jamuna_Jamalpur
2006-06-23,8.3,31.08,26.11,2.37,88.72,0.77,2.89,Jamuna_Jamalpur
2006-06-24,2.79,29.84,26.26,1.55,90.26,0.77,1.47,Jamuna_Jamalpur
2006-06-25,2.07,30.63,25.87,1.53,86.41,0.77,2.47,Jamuna_Jamalpur
2006-06-26,8.92,30.1,26.03,1.33,88.53,0.77,1.73,Jamuna_Jamalpur
2006-06-27,20.93,29.27,26.39,2.16,91.92,0.79,0.93,Jamuna_Jamalpur
2006-06-28,20.99,30.0,26.04,1.91,90.48,0.81,1.35,Jamuna_Jamalpur
2006-06-29,7.98,32.64,25.78,1.18,81.14,0.82,3.95,Jamuna_Jamalpur
2006-06-30,2.08,32.04,26.77,1.34,84.76,0.81,3.11,Jamuna_Jamalpur
2006-07-01,6.96,34.37,26.98,1.25,82.56,0.8,4.31,Jamuna_Jamalpur
2006-07-02,2.6,31.44,27.77,2.64,89.51,0.8,2.19,Jamuna_Jamalpur
2006-07-03,2.86,32.96,26.85,3.91,86.69,0.79,4.77,Jamuna_Jamalpur
2006-07-04,5.07,30.96,26.37,3.29,89.28,0.78,2.84,Jamuna_Jamalpur
2006-07-05,2.83,31.94,26.65,2.64,87.71,0.78,3.77,Jamuna_Jamalpur
2006-07-06,19.6,32.13,27.12,2.41,88.12,0.78,2.91,Jamuna_Jamalpur
2006-07-07,26.79,31.75,27.14,2.18,89.01,0.8,1.74,Jamuna_Jamalpur
2006-07-08,17.95,32.51,26.98,1.45,85.09,0.83,3.19,Jamuna_Jamalpur
2006-07-09,10.19,31.96,26.38,3.82,88.49,0.82,3.9,Jamuna_Jamalpur
2006-07-10,13.65,32.96,26.06,3.74,88.3,0.82,3.26,Jamuna_Jamalpur
2006-07-11,14.73,31.19,26.46,2.75,90.15,0.83,2.09,Jamuna_Jamalpur
2006-07-12,18.07,31.48,26.84,3.22,89.73,0.84,2.62,Jamuna_Jamalpur
2006-07-13,21.03,31.72,26.55,3.12,88.78,0.85,3.16,Jamuna_Jamalpur
2006-07-14,4.38,32.02,26.25,2.55,89.65,0.85,2.18,Jamuna_Jamalpur
2006-07-15,1.26,29.69,26.67,2.87,90.94,0.84,1.74,Jamuna_Jamalpur
2006-07-16,3.0,32.23,25.89,2.77,87.05,0.84,3.64,Jamuna_Jamalpur
2006-07-17,1.17,31.59,26.49,2.84,88.44,0.83,3.24,Jamuna_Jamalpur
2006-07-18,6.44,31.72,25.61,2.96,87.83,0.82,3.62,Jamuna_Jamalpur
2006-07-19,6.19,31.8,25.95,3.33,88.12,0.82,3.53,Jamuna_Jamalpur
2006-07-20,2.12,32.04,25.81,3.54,86.51,0.81,4.35,Jamuna_Jamalpur
2006-07-21,1.6,31.55,25.55,3.73,87.17,0.8,4.22,Jamuna_Jamalpur
2006-07-22,8.24,31.42,25.2,2.44,85.64,0.79,4.28,Jamuna_Jamalpur
2006-07-23,4.28,31.54,25.46,2.52,87.65,0.79,4.04,Jamuna_Jamalpur
2006-07-24,9.86,32.19,25.86,2.12,86.18,0.78,4.2,Jamuna_Jamalpur
2006-07-25,12.97,32.31,26.72,2.3,87.08,0.79,3.47,Jamuna_Jamalpur
2006-07-26,19.13,30.49,26.5,1.4,88.53,0.8,1.66,Jamuna_Jamalpur
2006-07-27,10.83,31.93,25.49,1.89,85.58,0.81,4.07,Jamuna_Jamalpur
2006-07-28,4.04,30.99,25.68,2.51,87.75,0.8,3.38,Jamuna_Jamalpur
2006-07-29,4.04,31.24,24.65,3.93,88.69,0.8,3.09,Jamuna_Jamalpur
2006-07-30,2.2,30.63,26.16,2.58,89.77,0.79,2.41,Jamuna_Jamalpur
2006-07-31,0.95,31.66,25.8,1.85,86.85,0.79,3.41,Jamuna_Jamalpur
2006-08-01,6.86,33.3,25.92,1.71,83.57,0.78,4.62,Jamuna_Jamalpur
2006-08-02,9.4,31.47,24.46,2.69,85.75,0.78,3.9,Jamuna_Jamalpur
2006-08-03,3.1,30.79,25.44,2.72,88.96,0.78,2.89,Jamuna_Jamalpur
2006-08-04,5.24,29.49,24.9,2.95,90.39,0.77,1.94,Jamuna_Jamalpur
2006-08-05,7.21,30.03,24.44,2.94,88.17,0.77,3.54,Jamuna_Jamalpur
2006-08-06,14.03,30.9,24.27,1.95,86.74,0.77,3.86,Jamuna_Jamalpur
2006-08-07,12.6,31.26,25.26,1.2,84.88,0.78,3.92,Jamuna_Jamalpur
2006-08-08,5.58,30.71,25.77,1.24,85.67,0.78,2.23,Jamuna_Jamalpur
2006-08-09,10.77,33.28,26.65,0.84,77.33,0.79,4.42,Jamuna_Jamalpur
2006-08-10,10.86,32.25,26.68,1.5,82.84,0.79,2.03,Jamuna_Jamalpur
2006-08-11,4.82,32.64,26.42,1.96,85.82,0.79,3.79,Jamuna_Jamalpur
2006-08-12,10.25,32.29,26.58,2.74,87.06,0.79,4.09,Jamuna_Jamalpur
2006-08-13,2.18,29.94,26.28,2.42,90.29,0.79,1.72,Jamuna_Jamalpur
2006-08-14,10.79,30.54,25.39,2.16,89.96,0.79,2.36,Jamuna_Jamalpur
2006-08-15,3.29,32.28,25.88,2.16,88.36,0.79,3.79,Jamuna_Jamalpur
2006-08-16,1.22,33.19,25.22,2.49,86.25,0.78,5.73,Jamuna_Jamalpur
2006-08-17,1.73,30.31,25.7,2.88,89.66,0.77,2.55,Jamuna_Jamalpur
2006-08-18,4.39,31.25,25.58,2.52,88.81,0.76,3.49,Jamuna_Jamalpur
2006-08-19,6.54,31.94,25.83,1.59,86.69,0.76,3.47,Jamuna_Jamalpur
2006-08-20,6.45,31.78,25.74,1.23,86.19,0.76,3.18,Jamuna_Jamalpur
2006-08-21,7.13,31.63,26.4,1.97,86.57,0.76,2.5,Jamuna_Jamalpur
2006-08-22,3.85,31.92,25.33,3.91,88.19,0.76,4.89,Jamuna_Jamalpur
2006-08-23,8.2,31.67,25.22,3.82,88.34,0.76,4.41,Jamuna_Jamalpur
2006-08-24,7.36,31.93,25.48,3.04,87.43,0.75,5.0,Jamuna_Jamalpur
2006-08-25,5.93,30.55,25.96,2.37,89.64,0.75,2.6,Jamuna_Jamalpur
2006-08-26,6.07,31.53,26.09,2.56,87.3,0.75,4.66,Jamuna_Jamalpur
2006-08-27,1.43,32.1,25.01,2.15,86.04,0.74,5.4,Jamuna_Jamalpur
2006-08-28,5.17,32.82,26.24,1.06,84.34,0.73,3.83,Jamuna_Jamalpur
2006-08-29,7.45,31.0,25.93,2.69,89.03,0.74,3.18,Jamuna_Jamalpur
2006-08-30,3.77,28.6,25.01,2.27,91.77,0.74,1.56,Jamuna_Jamalpur
2006-08-31,1.41,30.22,24.32,1.64,88.14,0.73,3.48,Jamuna_Jamalpur
2006-09-01,0.11,31.5,25.24,0.62,81.1,0.73,4.06,Jamuna_Jamalpur
2006-09-02,11.76,32.89,25.81,1.3,82.5,0.72,4.21,Jamuna_Jamalpur
2006-09-03,8.1,31.86,24.96,2.72,88.26,0.73,4.57,Jamuna_Jamalpur
2006-09-04,0.39,31.34,24.1,2.42,85.74,0.72,6.16,Jamuna_Jamalpur
2006-09-05,0.25,31.44,24.26,1.77,83.3,0.71,5.75,Jamuna_Jamalpur
2006-09-06,0.15,32.13,25.1,1.83,83.73,0.7,5.93,Jamuna_Jamalpur
2006-09-07,5.09,32.38,25.31,2.06,85.08,0.69,5.41,Jamuna_Jamalpur
2006-09-08,11.43,31.59,26.37,1.14,83.42,0.7,2.95,Jamuna_Jamalpur
2006-09-09,4.63,30.66,25.81,1.18,83.75,0.7,2.59,Jamuna_Jamalpur
2006-09-10,25.35,30.57,25.71,1.1,85.68,0.71,2.19,Jamuna_Jamalpur
2006-09-11,22.01,28.59,25.39,1.8,90.55,0.75,1.75,Jamuna_Jamalpur
2006-09-12,12.38,28.84,25.21,2.37,91.96,0.76,1.76,Jamuna_Jamalpur
2006-09-13,2.75,30.85,24.92,1.9,88.49,0.76,4.01,Jamuna_Jamalpur
2006-09-14,0.57,30.97,25.0,1.29,86.41,0.75,4.47,Jamuna_Jamalpur
2006-09-15,0.45,30.87,24.91,1.34,85.95,0.74,4.9,Jamuna_Jamalpur
2006-09-16,5.02,29.91,25.27,0.74,83.92,0.74,2.68,Jamuna_Jamalpur
2006-09-17,2.52,31.06,25.02,0.88,80.4,0.74,5.0,Jamuna_Jamalpur
2006-09-18,1.39,33.27,24.51,0.92,77.33,0.73,7.34,Jamuna_Jamalpur
2006-09-19,1.82,31.03,25.12,2.71,87.01,0.72,4.8,Jamuna_Jamalpur
2006-09-20,7.93,27.9,24.31,4.11,90.53,0.72,2.51,Jamuna_Jamalpur
2006-09-21,33.66,27.12,23.82,5.1,92.75,0.73,1.17,Jamuna_Jamalpur
2006-09-22,56.76,26.75,24.04,5.51,93.8,0.81,0.7,Jamuna_Jamalpur
2006-09-23,29.03,26.66,24.31,4.55,94.61,0.84,0.62,Jamuna_Jamalpur
2006-09-24,8.87,28.72,24.05,2.98,92.34,0.85,1.64,Jamuna_Jamalpur
2006-09-25,3.57,29.42,24.43,1.56,88.43,0.85,2.19,Jamuna_Jamalpur
2006-09-26,0.11,30.78,24.85,1.19,84.89,0.84,4.77,Jamuna_Jamalpur
2006-09-27,0.0,32.66,24.43,0.83,80.84,0.83,6.78,Jamuna_Jamalpur
2006-09-28,1.25,31.54,24.84,1.48,87.0,0.82,3.91,Jamuna_Jamalpur
2006-09-29,3.63,30.83,26.18,0.66,83.79,0.82,1.67,Jamuna_Jamalpur
2006-09-30,5.69,28.91,25.0,0.93,86.76,0.82,2.07,Jamuna_Jamalpur
2006-10-01,17.99,28.35,24.67,0.85,86.79,0.83,1.78,Jamuna_Jamalpur
2006-10-02,3.75,31.75,25.04,0.67,79.36,0.84,6.27,Jamuna_Jamalpur
2006-10-03,3.56,32.23,25.82,0.52,76.92,0.83,5.87,Jamuna_Jamalpur
2006-10-04,7.62,31.2,26.37,1.16,84.69,0.83,3.04,Jamuna_Jamalpur
2006-10-05,9.16,30.26,24.89,1.11,85.49,0.83,3.2,Jamuna_Jamalpur
2006-10-06,5.55,30.92,22.23,0.66,73.48,0.83,5.86,Jamuna_Jamalpur
2006-10-07,0.38,31.54,22.26,0.96,77.36,0.83,6.26,Jamuna_Jamalpur
2006-10-08,0.01,32.24,23.35,1.27,81.46,0.82,6.84,Jamuna_Jamalpur
2006-10-09,0.02,32.38,22.7,1.14,79.07,0.8,6.95,Jamuna_Jamalpur
2006-10-10,0.01,31.92,23.56,0.75,75.8,0.79,7.35,Jamuna_Jamalpur
2006-10-11,8.89,32.52,25.05,0.71,72.5,0.79,6.99,Jamuna_Jamalpur
2006-10-12,6.42,32.12,23.78,0.85,77.69,0.79,6.41,Jamuna_Jamalpur
2006-10-13,1.94,32.08,23.39,0.76,77.07,0.79,6.74,Jamuna_Jamalpur
2006-10-14,2.67,31.07,25.15,0.54,73.71,0.78,6.23,Jamuna_Jamalpur
2006-10-15,0.66,30.29,24.15,0.74,77.42,0.77,5.46,Jamuna_Jamalpur
2006-10-16,0.14,31.03,24.01,0.74,75.36,0.77,6.39,Jamuna_Jamalpur
2006-10-17,2.51,30.57,24.17,0.68,74.9,0.76,4.93,Jamuna_Jamalpur
2006-10-18,0.69,29.58,23.5,0.94,79.89,0.76,3.31,Jamuna_Jamalpur
2006-10-19,0.7,28.53,22.53,1.08,81.68,0.75,1.58,Jamuna_Jamalpur
2006-10-20,5.67,30.24,23.01,0.84,75.19,0.75,4.66,Jamuna_Jamalpur
2006-10-21,3.17,28.9,22.74,0.76,78.61,0.75,3.83,Jamuna_Jamalpur
2006-10-22,0.02,29.41,20.71,0.97,80.98,0.74,5.73,Jamuna_Jamalpur
2006-10-23,0.01,29.93,20.68,1.23,81.4,0.74,5.79,Jamuna_Jamalpur
2006-10-24,0.0,29.67,20.1,1.19,79.67,0.73,5.68,Jamuna_Jamalpur
2006-10-25,0.0,30.03,19.48,1.04,76.25,0.72,5.82,Jamuna_Jamalpur
2006-10-26,0.0,29.88,19.03,1.0,74.99,0.71,5.43,Jamuna_Jamalpur
2006-10-27,0.0,30.61,18.43,1.17,74.16,0.7,5.5,Jamuna_Jamalpur
2006-10-28,0.0,30.0,17.73,1.11,68.04,0.7,2.74,Jamuna_Jamalpur
2006-10-29,0.0,30.25,19.52,1.56,72.2,0.69,4.65,Jamuna_Jamalpur
2006-10-30,0.0,29.87,18.23,1.53,74.17,0.68,4.82,Jamuna_Jamalpur
2006-10-31,0.0,30.07,18.04,1.49,74.29,0.67,4.45,Jamuna_Jamalpur
2006-11-01,0.18,30.28,19.09,0.94,74.53,0.67,4.17,Jamuna_Jamalpur
2006-11-02,0.1,30.48,20.88,0.89,73.84,0.66,3.82,Jamuna_Jamalpur
2006-11-03,0.0,30.54,20.65,1.27,73.15,0.65,4.18,Jamuna_Jamalpur
2006-11-04,0.0,30.23,19.86,1.3,76.16,0.65,3.63,Jamuna_Jamalpur
2006-11-05,0.01,27.88,20.69,1.34,82.17,0.64,2.05,Jamuna_Jamalpur
2006-11-06,0.0,28.77,19.69,1.38,79.78,0.64,2.91,Jamuna_Jamalpur
2006-11-07,0.0,28.13,19.15,1.06,76.01,0.63,1.83,Jamuna_Jamalpur
2006-11-08,0.04,27.1,19.24,0.87,78.35,0.63,1.27,Jamuna_Jamalpur
2006-11-09,0.12,26.39,19.89,0.91,83.01,0.63,1.07,Jamuna_Jamalpur
2006-11-10,0.12,27.77,20.04,0.93,79.09,0.62,1.49,Jamuna_Jamalpur
2006-11-11,3.97,26.67,19.56,1.29,84.19,0.62,1.95,Jamuna_Jamalpur
2006-11-12,0.05,28.28,17.88,0.9,80.21,0.62,3.2,Jamuna_Jamalpur
2006-11-13,0.0,29.08,17.99,1.18,79.38,0.61,3.3,Jamuna_Jamalpur
2006-11-14,0.0,29.46,18.58,1.12,78.01,0.61,3.27,Jamuna_Jamalpur
2006-11-15,0.0,29.37,17.89,1.35,76.82,0.6,3.15,Jamuna_Jamalpur
2006-11-16,0.0,28.7,17.11,1.28,73.52,0.6,3.0,Jamuna_Jamalpur
2006-11-17,0.0,28.18,17.04,1.2,74.66,0.59,2.7,Jamuna_Jamalpur
2006-11-18,0.0,28.06,16.33,1.4,73.74,0.59,2.57,Jamuna_Jamalpur
2006-11-19,0.0,27.65,17.2,1.08,69.05,0.58,2.27,Jamuna_Jamalpur
2006-11-20,0.7,27.8,16.33,1.35,73.9,0.58,1.75,Jamuna_Jamalpur
2006-11-21,0.27,26.4,16.03,1.17,75.0,0.58,1.72,Jamuna_Jamalpur
2006-11-22,0.0,25.63,15.97,1.18,75.87,0.57,1.65,Jamuna_Jamalpur
2006-11-23,0.0,26.16,16.75,1.04,67.39,0.57,1.75,Jamuna_Jamalpur
2006-11-24,0.0,28.32,16.15,1.5,66.29,0.56,1.88,Jamuna_Jamalpur
2006-11-25,0.08,27.63,16.44,1.41,70.95,0.56,1.71,Jamuna_Jamalpur
2006-11-26,0.16,27.27,14.43,1.51,68.34,0.55,1.79,Jamuna_Jamalpur
2006-11-27,0.0,25.59,14.37,1.22,53.47,0.55,1.63,Jamuna_Jamalpur
2006-11-28,0.0,23.63,13.04,1.33,56.18,0.55,1.46,Jamuna_Jamalpur
2006-11-29,0.0,24.14,11.17,0.99,66.59,0.54,1.42,Jamuna_Jamalpur
2006-11-30,0.0,23.93,11.24,1.22,75.55,0.54,1.34,Jamuna_Jamalpur
2006-12-01,0.0,23.38,11.96,1.33,73.15,0.54,1.09,Jamuna_Jamalpur
2006-12-02,0.0,24.21,12.07,1.12,68.72,0.53,1.22,Jamuna_Jamalpur
2006-12-03,0.0,24.45,10.71,1.27,76.58,0.53,1.15,Jamuna_Jamalpur
2006-12-04,0.0,25.3,10.9,1.09,75.33,0.53,1.22,Jamuna_Jamalpur
2006-12-05,0.0,25.55,12.23,1.03,71.67,0.52,1.27,Jamuna_Jamalpur
2006-12-06,0.0,26.62,14.21,0.91,67.35,0.52,1.36,Jamuna_Jamalpur
2006-12-07,0.0,26.73,14.37,1.15,68.34,0.52,1.32,Jamuna_Jamalpur
2006-12-08,0.0,27.16,14.44,0.99,64.96,0.52,1.17,Jamuna_Jamalpur
2006-12-09,0.0,26.52,14.62,1.14,68.09,0.51,0.99,Jamuna_Jamalpur
2006-12-10,0.0,26.22,15.29,1.11,72.08,0.51,0.94,Jamuna_Jamalpur
2006-12-11,1.14,26.66,14.43,1.1,69.87,0.51,0.94,Jamuna_Jamalpur
2006-12-12,4.82,24.21,14.46,1.22,78.3,0.51,0.52,Jamuna_Jamalpur
2006-12-13,0.0,24.12,13.05,1.31,74.4,0.51,1.01,Jamuna_Jamalpur
2006-12-14,0.0,24.52,11.67,1.38,77.67,0.51,0.88,Jamuna_Jamalpur
2006-12-15,0.0,25.25,11.96,1.09,77.62,0.51,0.88,Jamuna_Jamalpur
2006-12-16,0.0,26.56,12.56,1.26,72.74,0.5,0.9,Jamuna_Jamalpur
2006-12-17,0.0,26.6,13.15,1.0,68.47,0.5,0.94,Jamuna_Jamalpur
2006-12-18,0.0,26.2,15.94,0.92,63.2,0.5,0.85,Jamuna_Jamalpur
2006-12-19,0.0,27.03,15.16,1.19,69.51,0.49,0.83,Jamuna_Jamalpur
2006-12-20,0.0,27.73,15.18,1.31,73.16,0.49,0.88,Jamuna_Jamalpur
2006-12-21,0.0,27.43,15.39,1.3,69.25,0.49,0.84,Jamuna_Jamalpur
2006-12-22,0.0,27.12,14.33,0.89,67.76,0.49,0.85,Jamuna_Jamalpur
2006-12-23,0.0,27.07,15.25,1.47,69.16,0.48,0.75,Jamuna_Jamalpur
2006-12-24,0.0,25.89,13.81,1.47,67.46,0.48,0.65,Jamuna_Jamalpur
2006-12-25,0.0,24.7,12.19,1.41,64.82,0.48,0.54,Jamuna_Jamalpur
2006-12-26,0.0,24.65,12.33,1.07,60.97,0.48,0.52,Jamuna_Jamalpur
2006-12-27,0.0,24.9,11.98,1.31,60.26,0.47,0.46,Jamuna_Jamalpur
2006-12-28,0.0,24.43,13.8,1.07,60.96,0.47,0.41,Jamuna_Jamalpur
2006-12-29,0.0,24.68,11.33,1.18,72.88,0.47,0.43,Jamuna_Jamalpur
2006-12-30,0.0,24.24,12.05,1.34,73.52,0.47,0.44,Jamuna_Jamalpur
2006-12-31,0.0,24.09,11.34,1.41,69.16,0.47,0.45,Jamuna_Jamalpur
2007-01-01,0.0,23.22,11.67,1.24,62.09,0.46,0.38,Jamuna_Jamalpur
2007-01-02,0.0,23.1,12.04,1.3,55.74,0.46,0.34,Jamuna_Jamalpur
2007-01-03,0.0,21.43,10.66,1.13,58.36,0.46,0.28,Jamuna_Jamalpur
2007-01-04,0.0,21.21,9.66,0.89,59.81,0.46,0.27,Jamuna_Jamalpur
2007-01-05,0.0,23.69,9.4,1.04,72.94,0.46,0.34,Jamuna_Jamalpur
2007-01-06,0.0,25.6,9.96,1.5,70.39,0.46,0.37,Jamuna_Jamalpur
2007-01-07,0.0,24.42,10.09,1.47,70.86,0.45,0.37,Jamuna_Jamalpur
2007-01-08,0.0,23.93,10.57,1.33,69.07,0.45,0.33,Jamuna_Jamalpur
2007-01-09,0.0,24.73,10.01,1.36,70.15,0.45,0.34,Jamuna_Jamalpur
2007-01-10,0.0,24.88,11.49,1.09,60.53,0.45,0.34,Jamuna_Jamalpur
2007-01-11,0.0,24.28,10.89,1.03,49.93,0.45,0.29,Jamuna_Jamalpur
2007-01-12,0.0,25.08,11.99,1.43,51.64,0.44,0.31,Jamuna_Jamalpur
2007-01-13,0.0,23.87,11.87,1.59,55.15,0.44,0.25,Jamuna_Jamalpur
2007-01-14,0.0,22.67,11.09,1.3,44.47,0.44,0.24,Jamuna_Jamalpur
2007-01-15,0.0,22.15,9.58,1.37,40.54,0.44,0.23,Jamuna_Jamalpur
2007-01-16,0.0,23.29,9.66,1.38,42.84,0.44,0.23,Jamuna_Jamalpur
2007-01-17,0.0,24.5,10.63,1.6,47.85,0.44,0.24,Jamuna_Jamalpur
2007-01-18,0.0,24.19,10.22,1.62,52.62,0.43,0.25,Jamuna_Jamalpur
2007-01-19,0.0,23.3,9.11,1.63,57.56,0.43,0.21,Jamuna_Jamalpur
2007-01-20,0.0,22.39,8.45,1.22,46.86,0.43,0.13,Jamuna_Jamalpur
2007-01-21,0.0,23.5,8.94,1.36,51.68,0.43,0.18,Jamuna_Jamalpur
2007-01-22,0.0,24.8,11.1,1.24,49.27,0.43,0.21,Jamuna_Jamalpur
2007-01-23,0.0,24.83,9.48,1.51,61.98,0.43,0.22,Jamuna_Jamalpur
2007-01-24,0.0,25.53,9.28,1.3,65.39,0.42,0.22,Jamuna_Jamalpur
2007-01-25,0.0,26.49,10.83,1.18,59.56,0.42,0.24,Jamuna_Jamalpur
2007-01-26,0.0,27.47,12.33,1.22,54.62,0.42,0.25,Jamuna_Jamalpur
2007-01-27,0.0,28.16,13.57,1.09,56.06,0.42,0.27,Jamuna_Jamalpur
2007-01-28,0.0,29.26,13.65,1.18,53.37,0.42,0.27,Jamuna_Jamalpur
2007-01-29,0.0,27.7,15.31,1.13,51.86,0.41,0.2,Jamuna_Jamalpur
2007-01-30,0.0,28.25,15.59,1.25,52.14,0.41,0.2,Jamuna_Jamalpur
2007-01-31,0.01,28.37,14.73,1.07,55.12,0.41,0.2,Jamuna_Jamalpur
2007-02-01,0.0,28.51,15.47,1.25,61.52,0.41,0.19,Jamuna_Jamalpur
2007-02-02,0.02,27.9,15.42,1.4,59.95,0.41,0.21,Jamuna_Jamalpur
2007-02-03,0.46,27.69,15.17,1.28,57.88,0.41,0.19,Jamuna_Jamalpur
2007-02-04,2.27,27.39,18.0,1.1,56.58,0.41,0.18,Jamuna_Jamalpur
2007-02-05,2.84,26.92,16.17,1.57,71.7,0.41,0.18,Jamuna_Jamalpur
2007-02-06,0.05,26.35,15.32,1.69,73.74,0.41,0.17,Jamuna_Jamalpur
2007-02-07,6.93,24.99,15.77,2.32,73.65,0.42,0.16,Jamuna_Jamalpur
2007-02-08,1.66,27.18,15.4,1.26,66.7,0.42,0.26,Jamuna_Jamalpur
2007-02-09,0.07,27.66,14.69,1.31,63.63,0.42,0.3,Jamuna_Jamalpur
2007-02-10,0.0,28.94,14.94,1.41,59.87,0.42,0.32,Jamuna_Jamalpur
2007-02-11,0.31,29.68,16.13,1.28,53.85,0.41,0.34,Jamuna_Jamalpur
2007-02-12,1.33,27.04,16.08,1.59,59.31,0.41,0.25,Jamuna_Jamalpur
2007-02-13,2.28,22.94,15.31,1.31,74.13,0.41,0.11,Jamuna_Jamalpur
2007-02-14,15.99,19.64,13.52,2.32,85.01,0.44,0.08,Jamuna_Jamalpur
2007-02-15,0.0,24.61,11.7,2.13,65.86,0.44,0.39,Jamuna_Jamalpur
2007-02-16,0.34,24.98,12.27,1.9,55.0,0.44,0.4,Jamuna_Jamalpur
2007-02-17,0.0,25.66,11.86,1.45,59.31,0.44,0.39,Jamuna_Jamalpur
2007-02-18,0.0,26.51,14.55,1.46,49.9,0.43,0.39,Jamuna_Jamalpur
2007-02-19,0.0,26.36,13.23,1.42,46.08,0.43,0.37,Jamuna_Jamalpur
2007-02-20,0.0,26.92,14.31,1.31,43.34,0.43,0.36,Jamuna_Jamalpur
2007-02-21,0.0,28.2,13.09,1.21,49.62,0.42,0.38,Jamuna_Jamalpur
2007-02-22,0.0,28.92,13.83,1.27,53.42,0.42,0.39,Jamuna_Jamalpur
2007-02-23,0.0,29.15,14.78,1.29,53.21,0.42,0.37,Jamuna_Jamalpur
2007-02-24,0.0,30.32,16.45,1.16,49.34,0.42,0.37,Jamuna_Jamalpur
2007-02-25,0.01,29.96,16.2,1.26,51.56,0.41,0.34,Jamuna_Jamalpur
2007-02-26,1.17,29.21,17.93,1.95,55.31,0.41,0.29,Jamuna_Jamalpur
2007-02-27,0.06,29.41,16.6,1.55,53.45,0.41,0.32,Jamuna_Jamalpur
2007-02-28,0.0,30.47,16.76,1.43,49.13,0.41,0.33,Jamuna_Jamalpur
2007-03-01,3.68,30.76,16.76,1.27,48.66,0.41,0.32,Jamuna_Jamalpur
2007-03-02,4.49,23.63,16.68,1.43,73.44,0.42,0.11,Jamuna_Jamalpur
2007-03-03,0.0,28.92,15.58,1.57,58.64,0.42,0.35,Jamuna_Jamalpur
2007-03-04,0.0,29.24,15.17,1.56,45.53,0.41,0.35,Jamuna_Jamalpur
2007-03-05,0.0,29.48,15.38,1.47,41.48,0.41,0.31,Jamuna_Jamalpur
2007-03-06,0.0,30.39,15.3,1.6,39.22,0.41,0.33,Jamuna_Jamalpur
2007-03-07,0.0,30.01,13.08,2.24,39.54,0.4,0.3,Jamuna_Jamalpur
2007-03-08,0.0,29.8,16.52,1.06,31.17,0.4,0.3,Jamuna_Jamalpur
2007-03-09,0.0,30.41,14.91,1.26,32.98,0.4,0.29,Jamuna_Jamalpur
2007-03-10,0.4,31.62,14.81,1.42,38.91,0.39,0.26,Jamuna_Jamalpur
2007-03-11,0.07,32.7,16.15,1.37,43.97,0.39,0.26,Jamuna_Jamalpur
2007-03-12,0.0,34.12,19.83,1.15,44.3,0.39,0.26,Jamuna_Jamalpur
2007-03-13,5.8,32.43,19.51,1.48,53.63,0.4,0.28,Jamuna_Jamalpur
2007-03-14,0.0,32.55,19.3,2.0,50.7,0.4,0.27,Jamuna_Jamalpur
2007-03-15,0.01,31.94,20.02,2.76,57.09,0.39,0.23,Jamuna_Jamalpur
2007-03-16,0.0,30.3,14.92,2.6,37.03,0.39,0.23,Jamuna_Jamalpur
2007-03-17,0.0,31.5,16.9,0.83,32.12,0.39,0.24,Jamuna_Jamalpur
2007-03-18,0.0,31.65,15.92,1.06,35.24,0.38,0.22,Jamuna_Jamalpur
2007-03-19,0.0,33.12,16.52,1.12,37.2,0.38,0.2,Jamuna_Jamalpur
2007-03-20,0.0,33.74,17.27,1.17,37.06,0.38,0.19,Jamuna_Jamalpur
2007-03-21,0.0,33.84,18.11,1.17,39.05,0.38,0.16,Jamuna_Jamalpur
2007-03-22,0.78,35.09,19.73,1.51,52.49,0.37,0.15,Jamuna_Jamalpur
2007-03-23,0.99,35.51,21.29,1.83,54.24,0.37,0.16,Jamuna_Jamalpur
2007-03-24,0.38,36.32,21.04,1.86,47.67,0.37,0.16,Jamuna_Jamalpur
2007-03-25,0.04,35.95,18.78,2.17,35.85,0.37,0.14,Jamuna_Jamalpur
2007-03-26,0.0,35.55,18.07,1.77,32.53,0.36,0.11,Jamuna_Jamalpur
2007-03-27,0.01,35.13,19.02,1.26,31.32,0.36,0.11,Jamuna_Jamalpur
2007-03-28,0.0,35.8,18.48,1.22,38.65,0.36,0.09,Jamuna_Jamalpur
2007-03-29,0.0,36.65,20.53,1.14,39.41,0.36,0.08,Jamuna_Jamalpur
2007-03-30,0.0,37.14,23.64,0.82,33.51,0.35,0.07,Jamuna_Jamalpur
2007-03-31,0.0,38.11,21.02,1.64,35.69,0.35,0.05,Jamuna_Jamalpur
2007-04-01,0.0,37.85,21.96,1.79,42.43,0.35,0.04,Jamuna_Jamalpur
2007-04-02,0.03,39.65,22.6,2.11,42.78,0.35,0.03,Jamuna_Jamalpur
2007-04-03,0.72,39.62,21.88,1.36,40.54,0.35,0.03,Jamuna_Jamalpur
2007-04-04,1.76,38.66,21.83,1.67,47.72,0.34,0.03,Jamuna_Jamalpur
2007-04-05,2.46,37.37,23.44,2.15,54.56,0.35,0.03,Jamuna_Jamalpur
2007-04-06,2.69,36.44,24.52,2.42,55.43,0.35,0.03,Jamuna_Jamalpur
2007-04-07,4.74,36.9,24.46,2.28,51.46,0.35,0.04,Jamuna_Jamalpur
2007-04-08,5.66,36.37,23.99,2.7,58.06,0.36,0.06,Jamuna_Jamalpur
2007-04-09,2.91,38.23,24.28,2.4,54.46,0.36,0.09,Jamuna_Jamalpur
2007-04-10,14.48,34.33,23.38,2.52,62.66,0.37,0.12,Jamuna_Jamalpur
2007-04-11,2.84,35.1,23.15,3.04,64.83,0.38,0.24,Jamuna_Jamalpur
2007-04-12,1.18,30.89,23.22,3.59,75.1,0.38,0.14,Jamuna_Jamalpur
2007-04-13,0.04,31.33,22.02,2.32,63.17,0.38,0.17,Jamuna_Jamalpur
2007-04-14,0.0,31.28,22.19,1.97,64.27,0.38,0.12,Jamuna_Jamalpur
2007-04-15,0.0,34.23,22.83,1.71,59.46,0.38,0.16,Jamuna_Jamalpur
2007-04-16,0.41,36.43,24.13,2.1,55.19,0.37,0.18,Jamuna_Jamalpur
2007-04-17,0.1,34.19,25.23,2.06,54.08,0.37,0.13,Jamuna_Jamalpur
2007-04-18,1.99,36.92,24.26,1.57,53.17,0.37,0.18,Jamuna_Jamalpur
2007-04-19,3.81,36.52,24.4,1.51,53.71,0.38,0.24,Jamuna_Jamalpur
2007-04-20,9.66,34.52,25.58,2.15,60.19,0.38,0.24,Jamuna_Jamalpur
2007-04-21,6.34,35.23,24.51,2.36,62.4,0.39,0.33,Jamuna_Jamalpur
2007-04-22,23.13,34.28,25.35,2.54,70.7,0.41,0.48,Jamuna_Jamalpur
2007-04-23,7.82,36.82,24.35,2.57,65.49,0.43,0.87,Jamuna_Jamalpur
2007-04-24,6.82,36.41,24.6,3.2,71.15,0.44,0.86,Jamuna_Jamalpur
2007-04-25,2.36,37.64,24.24,3.38,64.35,0.44,1.04,Jamuna_Jamalpur
2007-04-26,4.24,37.3,24.85,3.0,65.11,0.43,0.92,Jamuna_Jamalpur
2007-04-27,5.26,35.75,24.41,3.29,66.7,0.44,0.88,Jamuna_Jamalpur
2007-04-28,0.03,34.38,23.43,2.59,62.2,0.43,1.01,Jamuna_Jamalpur
2007-04-29,0.0,35.79,23.39,1.95,57.77,0.43,0.99,Jamuna_Jamalpur
2007-04-30,0.0,37.71,23.15,1.23,50.31,0.42,0.98,Jamuna_Jamalpur
2007-05-01,0.0,39.95,24.5,0.91,45.21,0.42,0.98,Jamuna_Jamalpur
2007-05-02,0.03,39.8,25.2,1.2,46.1,0.41,0.87,Jamuna_Jamalpur
2007-05-03,0.0,39.67,26.27,1.51,46.78,0.41,0.75,Jamuna_Jamalpur
2007-05-04,0.0,38.9,26.21,1.41,49.88,0.4,0.72,Jamuna_Jamalpur
2007-05-05,0.0,40.99,26.67,0.82,45.7,0.4,0.68,Jamuna_Jamalpur
2007-05-06,4.58,38.9,27.92,1.61,51.36,0.4,0.52,Jamuna_Jamalpur
2007-05-07,0.6,37.09,27.25,2.35,53.03,0.4,0.49,Jamuna_Jamalpur
2007-05-08,2.43,36.27,26.36,1.94,55.11,0.4,0.48,Jamuna_Jamalpur
2007-05-09,14.45,33.72,26.93,1.59,60.28,0.41,0.46,Jamuna_Jamalpur
2007-05-10,9.37,34.92,26.18,0.96,61.94,0.43,0.83,Jamuna_Jamalpur
2007-05-11,14.21,34.98,26.51,1.51,66.57,0.44,0.99,Jamuna_Jamalpur
2007-05-12,8.37,34.74,26.24,1.98,68.04,0.45,1.08,Jamuna_Jamalpur
2007-05-13,0.03,36.49,25.65,2.05,61.38,0.45,1.35,Jamuna_Jamalpur
2007-05-14,3.09,34.1,24.81,2.44,62.64,0.44,0.99,Jamuna_Jamalpur
2007-05-15,2.54,31.89,24.06,2.53,65.18,0.44,0.7,Jamuna_Jamalpur
2007-05-16,0.86,36.14,23.0,1.56,59.83,0.44,1.19,Jamuna_Jamalpur
2007-05-17,1.34,35.43,26.05,2.99,65.4,0.44,1.01,Jamuna_Jamalpur
2007-05-18,8.88,34.83,24.55,2.64,68.93,0.44,0.94,Jamuna_Jamalpur
2007-05-19,15.69,33.11,26.22,1.45,74.39,0.46,0.96,Jamuna_Jamalpur
2007-05-20,13.75,33.91,25.98,1.36,73.19,0.47,1.29,Jamuna_Jamalpur
2007-05-21,3.77,33.84,26.28,1.68,69.97,0.48,1.26,Jamuna_Jamalpur
2007-05-22,2.82,36.02,25.97,3.33,70.2,0.48,1.34,Jamuna_Jamalpur
2007-05-23,3.84,37.3,26.75,3.19,69.22,0.48,1.39,Jamuna_Jamalpur
2007-05-24,4.11,35.46,26.68,3.07,76.2,0.48,1.16,Jamuna_Jamalpur
2007-05-25,13.08,33.73,26.7,3.18,76.29,0.49,1.36,Jamuna_Jamalpur
2007-05-26,4.87,33.51,25.62,3.42,77.13,0.5,1.67,Jamuna_Jamalpur
2007-05-27,2.65,34.31,25.04,2.83,74.05,0.49,1.56,Jamuna_Jamalpur
2007-05-28,4.26,33.33,26.21,1.79,77.24,0.49,1.11,Jamuna_Jamalpur
2007-05-29,0.89,36.34,25.65,2.14,68.42,0.49,1.89,Jamuna_Jamalpur
2007-05-30,0.07,37.41,26.35,2.48,65.78,0.49,1.98,Jamuna_Jamalpur
2007-05-31,0.58,39.89,26.85,2.42,62.69,0.48,2.03,Jamuna_Jamalpur
2007-06-01,2.02,38.34,27.33,3.05,65.44,0.47,1.76,Jamuna_Jamalpur
2007-06-02,5.57,36.73,26.89,3.18,72.62,0.47,1.47,Jamuna_Jamalpur
2007-06-03,8.68,34.79,26.99,3.14,77.27,0.48,1.19,Jamuna_Jamalpur
2007-06-04,11.5,34.03,26.53,2.43,76.11,0.49,1.42,Jamuna_Jamalpur
2007-06-05,20.85,31.82,26.46,2.24,82.3,0.52,1.08,Jamuna_Jamalpur
2007-06-06,5.64,33.12,25.93,2.46,79.41,0.53,2.08,Jamuna_Jamalpur
2007-06-07,19.95,34.56,26.21,2.65,76.93,0.53,2.6,Jamuna_Jamalpur
2007-06-08,52.86,32.57,26.74,3.51,86.43,0.6,2.73,Jamuna_Jamalpur
2007-06-09,120.83,29.54,26.61,3.81,93.13,0.68,0.69,Jamuna_Jamalpur
2007-06-10,89.96,27.33,26.11,3.66,94.49,0.81,0.45,Jamuna_Jamalpur
2007-06-11,25.19,29.0,26.37,3.24,94.46,0.86,0.58,Jamuna_Jamalpur
2007-06-12,15.21,30.78,26.13,3.28,89.55,0.86,2.53,Jamuna_Jamalpur
2007-06-13,6.0,31.7,26.04,2.97,90.26,0.86,2.72,Jamuna_Jamalpur
2007-06-14,2.11,32.09,25.63,2.92,86.67,0.85,4.1,Jamuna_Jamalpur
2007-06-15,22.4,30.11,26.02,2.32,92.4,0.85,1.16,Jamuna_Jamalpur
2007-06-16,66.49,29.93,26.4,2.87,92.05,0.9,1.12,Jamuna_Jamalpur
2007-06-17,31.73,30.73,26.35,3.71,90.67,0.93,1.49,Jamuna_Jamalpur
2007-06-18,14.12,31.91,26.07,2.46,87.75,0.93,2.73,Jamuna_Jamalpur
2007-06-19,8.9,29.89,26.56,2.24,91.22,0.93,1.07,Jamuna_Jamalpur
2007-06-20,3.05,32.78,25.75,0.95,79.85,0.92,4.23,Jamuna_Jamalpur
2007-06-21,5.89,30.49,26.15,1.32,84.43,0.92,1.68,Jamuna_Jamalpur
2007-06-22,23.62,31.44,25.81,1.61,88.12,0.92,1.97,Jamuna_Jamalpur
2007-06-23,7.57,30.11,26.28,1.8,92.24,0.93,0.95,Jamuna_Jamalpur
2007-06-24,2.0,29.4,26.2,1.37,90.22,0.92,1.15,Jamuna_Jamalpur
2007-06-25,3.53,30.34,25.84,2.19,90.17,0.92,2.01,Jamuna_Jamalpur
2007-06-26,0.67,31.81,26.04,1.85,87.56,0.91,2.67,Jamuna_Jamalpur
2007-06-27,1.46,33.69,26.44,1.17,81.3,0.91,4.93,Jamuna_Jamalpur
2007-06-28,5.72,30.27,26.82,2.93,91.38,0.9,1.31,Jamuna_Jamalpur
2007-06-29,1.58,29.72,25.86,4.07,91.8,0.9,1.6,Jamuna_Jamalpur
2007-06-30,9.24,30.34,26.08,3.37,90.86,0.9,1.96,Jamuna_Jamalpur
2007-07-01,6.58,32.25,26.1,2.45,86.97,0.9,3.37,Jamuna_Jamalpur
2007-07-02,2.17,31.49,27.25,1.42,87.06,0.89,2.17,Jamuna_Jamalpur
2007-07-03,2.32,32.36,27.37,0.96,84.16,0.88,2.5,Jamuna_Jamalpur
2007-07-04,5.99,33.41,25.98,2.93,86.78,0.88,3.43,Jamuna_Jamalpur
2007-07-05,5.4,32.6,26.64,4.6,88.66,0.87,3.44,Jamuna_Jamalpur
2007-07-06,3.28,32.18,26.47,4.54,88.12,0.86,3.95,Jamuna_Jamalpur
2007-07-07,9.51,31.68,25.84,3.99,88.6,0.86,3.34,Jamuna_Jamalpur
2007-07-08,3.28,31.55,25.59,2.97,87.34,0.85,3.55,Jamuna_Jamalpur
2007-07-09,1.2,32.35,26.12,2.78,86.78,0.84,3.87,Jamuna_Jamalpur
2007-07-10,3.59,31.39,26.73,1.9,87.36,0.83,2.6,Jamuna_Jamalpur
2007-07-11,2.67,32.82,26.4,2.03,85.41,0.83,4.23,Jamuna_Jamalpur
2007-07-12,1.06,33.0,26.26,1.66,83.11,0.82,4.85,Jamuna_Jamalpur
2007-07-13,17.57,33.49,28.33,1.2,80.81,0.81,4.47,Jamuna_Jamalpur
2007-07-14,18.04,33.53,27.38,1.4,83.2,0.83,4.0,Jamuna_Jamalpur
2007-07-15,44.79,32.13,26.76,2.5,88.08,0.84,2.63,Jamuna_Jamalpur
2007-07-16,28.9,30.94,26.89,3.41,91.9,0.88,1.4,Jamuna_Jamalpur
2007-07-17,14.42,30.0,26.79,2.57,93.1,0.89,0.82,Jamuna_Jamalpur
2007-07-18,17.03,31.7,26.6,2.23,89.14,0.9,2.62,Jamuna_Jamalpur
2007-07-19,33.57,31.41,27.31,3.28,91.9,0.91,1.51,Jamuna_Jamalpur
2007-07-20,18.76,31.01,26.64,3.59,90.04,0.93,2.23,Jamuna_Jamalpur
2007-07-21,29.02,29.26,25.79,5.49,93.09,0.93,1.0,Jamuna_Jamalpur
2007-07-22,42.43,29.15,25.39,4.49,92.79,0.96,0.86,Jamuna_Jamalpur
2007-07-23,12.0,30.73,24.76,1.89,86.77,0.95,2.59,Jamuna_Jamalpur
2007-07-24,26.29,28.88,25.4,2.43,90.72,0.96,1.72,Jamuna_Jamalpur
2007-07-25,36.72,29.52,25.16,3.47,91.3,0.96,1.51,Jamuna_Jamalpur
2007-07-26,42.89,28.28,25.71,2.76,94.22,0.97,0.43,Jamuna_Jamalpur
2007-07-27,35.28,28.93,25.27,3.58,91.86,0.98,1.23,Jamuna_Jamalpur
2007-07-28,28.69,30.31,25.33,3.37,90.83,0.98,1.57,Jamuna_Jamalpur
2007-07-29,13.66,29.54,25.29,2.38,91.5,0.98,1.01,Jamuna_Jamalpur
2007-07-30,6.64,30.44,25.61,2.03,89.4,0.98,1.42,Jamuna_Jamalpur
2007-07-31,14.95,28.97,25.84,2.03,93.02,0.98,0.6,Jamuna_Jamalpur
2007-08-01,40.27,30.76,25.15,1.92,89.74,0.99,1.9,Jamuna_Jamalpur
2007-08-02,12.2,31.43,25.45,1.26,84.64,0.98,2.79,Jamuna_Jamalpur
2007-08-03,1.33,32.36,25.89,1.14,83.94,0.97,3.59,Jamuna_Jamalpur
2007-08-04,0.09,32.53,26.7,0.86,81.55,0.96,4.06,Jamuna_Jamalpur
2007-08-05,0.8,32.92,26.96,1.96,85.16,0.96,3.2,Jamuna_Jamalpur
2007-08-06,1.02,31.56,26.96,3.11,88.85,0.95,2.52,Jamuna_Jamalpur
2007-08-07,7.44,32.1,26.34,2.93,88.56,0.94,2.93,Jamuna_Jamalpur
2007-08-08,3.94,32.24,26.62,1.98,87.47,0.94,3.18,Jamuna_Jamalpur
2007-08-09,0.71,33.47,26.77,0.93,81.75,0.93,4.46,Jamuna_Jamalpur
2007-08-10,0.93,35.41,27.9,1.4,80.89,0.92,4.76,Jamuna_Jamalpur
2007-08-11,2.64,34.6,27.61,1.32,83.3,0.91,4.37,Jamuna_Jamalpur
2007-08-12,8.54,32.1,26.67,4.35,89.61,0.91,3.31,Jamuna_Jamalpur
2007-08-13,9.62,31.42,26.45,3.72,89.95,0.9,2.78,Jamuna_Jamalpur
2007-08-14,16.98,31.47,26.33,3.6,91.08,0.91,1.82,Jamuna_Jamalpur
2007-08-15,21.77,30.96,26.49,2.94,89.36,0.92,2.27,Jamuna_Jamalpur
2007-08-16,11.56,31.12,25.83,1.99,89.84,0.92,2.48,Jamuna_Jamalpur
2007-08-17,11.5,30.3,25.95,1.93,88.96,0.92,2.33,Jamuna_Jamalpur
2007-08-18,3.31,31.57,25.68,2.29,89.9,0.92,2.48,Jamuna_Jamalpur
2007-08-19,0.67,30.12,25.85,2.96,90.13,0.91,2.52,Jamuna_Jamalpur
2007-08-20,2.56,30.4,25.3,2.31,87.75,0.9,3.16,Jamuna_Jamalpur
2007-08-21,5.61,32.23,25.1,0.99,82.13,0.89,5.27,Jamuna_Jamalpur
2007-08-22,1.92,30.92,26.08,1.32,84.9,0.89,2.59,Jamuna_Jamalpur
2007-08-23,0.62,30.93,25.2,1.31,86.33,0.88,3.26,Jamuna_Jamalpur
2007-08-24,7.75,30.47,25.84,1.27,87.11,0.88,2.38,Jamuna_Jamalpur
2007-08-25,12.98,31.88,24.79,1.41,86.53,0.88,4.15,Jamuna_Jamalpur
2007-08-26,19.77,29.92,25.78,1.67,89.79,0.89,1.53,Jamuna_Jamalpur
2007-08-27,10.43,29.33,25.65,1.69,91.03,0.9,1.4,Jamuna_Jamalpur
2007-08-28,0.82,31.19,24.95,1.59,87.76,0.9,3.44,Jamuna_Jamalpur
2007-08-29,1.37,30.22,26.05,1.99,91.15,0.89,1.92,Jamuna_Jamalpur
2007-08-30,2.46,31.59,25.46,1.4,86.69,0.88,3.78,Jamuna_Jamalpur
2007-08-31,6.44,32.37,26.53,0.9,81.24,0.88,4.75,Jamuna_Jamalpur
2007-09-01,4.29,30.49,26.31,0.95,84.77,0.88,1.65,Jamuna_Jamalpur
2007-09-02,1.68,30.84,26.02,1.88,88.08,0.87,3.1,Jamuna_Jamalpur
2007-09-03,1.95,31.71,26.07,1.81,87.83,0.86,3.36,Jamuna_Jamalpur
2007-09-04,12.25,29.39,26.36,2.14,92.75,0.86,1.13,Jamuna_Jamalpur
2007-09-05,29.0,29.28,25.81,3.09,93.69,0.88,0.99,Jamuna_Jamalpur
2007-09-06,49.16,28.97,24.95,2.93,91.75,0.92,1.55,Jamuna_Jamalpur
2007-09-07,37.61,28.21,25.89,2.83,94.49,0.95,0.52,Jamuna_Jamalpur
2007-09-08,56.93,29.37,25.52,2.52,93.81,0.98,0.88,Jamuna_Jamalpur
2007-09-09,12.23,30.09,25.81,2.19,91.17,0.98,1.47,Jamuna_Jamalpur
2007-09-10,0.72,29.45,25.69,1.55,91.92,0.97,1.32,Jamuna_Jamalpur
2007-09-11,14.71,29.29,25.14,1.19,90.76,0.96,1.19,Jamuna_Jamalpur
2007-09-12,2.89,32.38,25.08,0.76,84.34,0.96,4.48,Jamuna_Jamalpur
2007-09-13,1.63,31.01,25.86,1.04,86.89,0.96,2.45,Jamuna_Jamalpur
2007-09-14,3.45,30.25,25.81,0.57,87.51,0.95,1.2,Jamuna_Jamalpur
2007-09-15,10.18,29.73,25.7,1.13,89.73,0.96,1.38,Jamuna_Jamalpur
2007-09-16,4.1,30.29,25.37,1.31,89.6,0.96,2.28,Jamuna_Jamalpur
2007-09-17,2.75,30.72,25.51,0.9,87.49,0.95,2.81,Jamuna_Jamalpur
2007-09-18,0.31,31.45,25.77,0.76,85.44,0.95,2.87,Jamuna_Jamalpur
2007-09-19,0.2,32.51,24.92,1.0,79.63,0.94,5.45,Jamuna_Jamalpur
2007-09-20,0.05,33.8,24.79,1.51,80.21,0.93,5.55,Jamuna_Jamalpur
2007-09-21,0.01,31.53,23.81,2.23,86.67,0.92,3.99,Jamuna_Jamalpur
2007-09-22,0.76,30.11,22.32,3.05,83.18,0.91,4.18,Jamuna_Jamalpur
2007-09-23,4.39,27.98,23.01,3.1,89.22,0.91,1.77,Jamuna_Jamalpur
2007-09-24,3.33,27.56,22.98,3.12,90.82,0.91,1.61,Jamuna_Jamalpur
2007-09-25,0.22,26.88,23.52,1.8,93.46,0.9,0.92,Jamuna_Jamalpur
2007-09-26,0.04,29.55,23.61,0.92,85.89,0.9,3.45,Jamuna_Jamalpur
2007-09-27,2.49,31.15,24.23,1.05,83.24,0.89,5.25,Jamuna_Jamalpur
2007-09-28,3.47,29.27,24.65,1.51,89.98,0.89,1.77,Jamuna_Jamalpur
2007-09-29,1.96,29.57,24.32,1.05,86.51,0.89,2.36,Jamuna_Jamalpur
2007-09-30,1.63,31.26,24.99,0.65,80.24,0.88,5.12,Jamuna_Jamalpur
2007-10-01,3.31,30.83,25.6,0.81,81.53,0.88,3.73,Jamuna_Jamalpur
2007-10-02,2.54,31.67,25.1,0.99,83.25,0.88,5.02,Jamuna_Jamalpur
2007-10-03,0.25,31.41,25.73,0.93,83.64,0.87,3.82,Jamuna_Jamalpur
2007-10-04,0.03,31.54,25.32,1.32,84.85,0.86,4.14,Jamuna_Jamalpur
2007-10-05,0.53,33.58,24.91,1.46,83.1,0.85,5.91,Jamuna_Jamalpur
2007-10-06,0.11,32.77,25.56,1.25,84.39,0.84,3.5,Jamuna_Jamalpur
2007-10-07,8.84,32.31,26.09,1.02,84.79,0.84,1.92,Jamuna_Jamalpur
2007-10-08,50.67,27.6,25.54,3.13,93.96,0.87,0.79,Jamuna_Jamalpur
2007-10-09,48.05,27.06,23.7,3.58,92.99,0.93,0.99,Jamuna_Jamalpur
2007-10-10,13.66,29.2,24.24,2.01,88.92,0.94,2.79,Jamuna_Jamalpur
2007-10-11,0.23,29.76,23.24,0.86,82.77,0.93,4.37,Jamuna_Jamalpur
2007-10-12,0.0,30.39,23.23,0.98,82.33,0.92,5.24,Jamuna_Jamalpur
2007-10-13,1.07,31.29,23.18,1.11,84.11,0.91,5.4,Jamuna_Jamalpur
2007-10-14,1.61,30.85,23.76,1.57,87.72,0.9,4.67,Jamuna_Jamalpur
2007-10-15,10.58,28.48,23.83,2.03,90.98,0.9,2.0,Jamuna_Jamalpur
2007-10-16,13.58,26.46,22.76,3.89,93.82,0.92,0.77,Jamuna_Jamalpur
2007-10-17,13.21,29.13,22.19,1.53,86.58,0.91,2.84,Jamuna_Jamalpur
2007-10-18,11.26,29.12,23.53,0.68,83.99,0.92,2.76,Jamuna_Jamalpur
2007-10-19,0.87,28.71,23.13,0.82,83.64,0.92,3.62,Jamuna_Jamalpur
2007-10-20,0.18,27.92,20.27,1.2,84.11,0.91,4.62,Jamuna_Jamalpur
2007-10-21,0.0,27.91,19.27,1.11,76.5,0.9,4.43,Jamuna_Jamalpur
2007-10-22,0.0,28.64,20.26,0.58,72.25,0.9,5.1,Jamuna_Jamalpur
2007-10-23,0.0,27.87,19.57,1.16,79.54,0.89,4.24,Jamuna_Jamalpur
2007-10-24,0.0,28.48,18.08,1.34,82.54,0.88,4.79,Jamuna_Jamalpur
2007-10-25,0.0,28.67,18.0,1.03,80.17,0.87,5.14,Jamuna_Jamalpur
2007-10-26,0.0,28.87,18.59,0.83,79.32,0.86,5.08,Jamuna_Jamalpur
2007-10-27,0.0,27.78,18.21,1.0,77.23,0.86,4.83,Jamuna_Jamalpur
2007-10-28,0.0,28.06,19.48,1.0,78.15,0.85,4.85,Jamuna_Jamalpur
2007-10-29,0.0,28.34,19.28,1.4,83.54,0.84,4.45,Jamuna_Jamalpur
2007-10-30,0.0,29.24,18.52,1.09,80.46,0.83,5.43,Jamuna_Jamalpur
2007-10-31,0.0,28.48,18.28,1.14,81.92,0.83,4.78,Jamuna_Jamalpur
2007-11-01,0.63,29.62,19.42,1.22,83.48,0.82,4.84,Jamuna_Jamalpur
2007-11-02,0.08,28.34,19.15,1.5,83.83,0.81,4.37,Jamuna_Jamalpur
2007-11-03,0.09,29.09,18.54,1.03,74.75,0.8,4.95,Jamuna_Jamalpur
2007-11-04,0.0,28.79,18.28,1.02,74.33,0.8,4.59,Jamuna_Jamalpur
2007-11-05,0.0,28.06,18.44,0.85,78.95,0.79,4.24,Jamuna_Jamalpur
2007-11-06,0.0,28.17,19.1,0.75,80.1,0.78,4.2,Jamuna_Jamalpur
2007-11-07,0.0,28.41,19.86,0.8,79.08,0.78,4.32,Jamuna_Jamalpur
2007-11-08,0.0,28.76,19.91,0.8,79.44,0.77,4.74,Jamuna_Jamalpur
2007-11-09,0.1,29.08,19.61,0.86,80.47,0.76,4.75,Jamuna_Jamalpur
2007-11-10,0.05,28.81,19.09,1.07,79.42,0.76,4.49,Jamuna_Jamalpur
2007-11-11,0.0,28.55,18.47,1.41,82.82,0.75,4.28,Jamuna_Jamalpur
2007-11-12,0.0,27.87,17.3,1.47,82.49,0.74,4.01,Jamuna_Jamalpur
2007-11-13,0.0,27.94,16.08,1.22,78.81,0.73,4.12,Jamuna_Jamalpur
2007-11-14,3.14,27.12,17.28,1.88,85.57,0.73,3.03,Jamuna_Jamalpur
2007-11-15,20.62,24.44,18.22,2.64,89.73,0.73,1.88,Jamuna_Jamalpur
2007-11-16,9.81,23.6,19.9,3.91,90.5,0.76,0.94,Jamuna_Jamalpur
2007-11-17,0.02,26.66,18.69,1.2,86.6,0.76,3.76,Jamuna_Jamalpur
2007-11-18,0.0,26.72,16.68,1.74,86.22,0.75,3.46,Jamuna_Jamalpur
2007-11-19,0.0,27.58,16.81,1.2,84.87,0.74,3.79,Jamuna_Jamalpur
2007-11-20,0.0,27.13,16.44,1.5,85.02,0.73,3.41,Jamuna_Jamalpur
2007-11-21,0.0,26.89,15.61,1.32,83.43,0.73,3.29,Jamuna_Jamalpur
2007-11-22,0.0,27.45,16.52,1.33,82.12,0.72,3.38,Jamuna_Jamalpur
2007-11-23,0.0,27.85,16.22,1.02,80.51,0.72,3.48,Jamuna_Jamalpur
2007-11-24,0.0,27.56,16.36,0.96,81.1,0.71,3.3,Jamuna_Jamalpur
2007-11-25,0.0,27.09,15.79,1.07,75.4,0.71,3.27,Jamuna_Jamalpur
2007-11-26,0.0,27.15,14.74,1.19,76.73,0.7,3.14,Jamuna_Jamalpur
2007-11-27,0.0,26.42,14.93,0.99,78.16,0.69,2.95,Jamuna_Jamalpur
2007-11-28,0.0,25.77,14.92,1.05,76.96,0.69,2.74,Jamuna_Jamalpur
2007-11-29,0.0,26.12,15.49,0.96,78.22,0.68,2.48,Jamuna_Jamalpur
2007-11-30,0.0,26.57,16.26,0.98,78.98,0.68,2.72,Jamuna_Jamalpur
2007-12-01,0.0,25.5,16.59,1.05,75.86,0.67,2.28,Jamuna_Jamalpur
2007-12-02,0.0,25.68,15.78,1.09,76.38,0.67,1.97,Jamuna_Jamalpur
2007-12-03,0.0,24.62,14.82,1.22,79.65,0.66,1.81,Jamuna_Jamalpur
2007-12-04,0.0,24.96,14.29,1.15,79.72,0.66,1.89,Jamuna_Jamalpur
2007-12-05,0.0,25.38,13.71,1.02,78.73,0.66,2.13,Jamuna_Jamalpur
2007-12-06,0.0,24.94,12.66,0.91,75.34,0.65,2.02,Jamuna_Jamalpur
2007-12-07,0.0,25.15,13.51,1.07,78.16,0.65,1.65,Jamuna_Jamalpur
2007-12-08,0.0,24.76,13.42,1.09,76.24,0.64,1.87,Jamuna_Jamalpur
2007-12-09,0.0,24.63,11.94,1.34,76.58,0.64,1.9,Jamuna_Jamalpur
2007-12-10,0.0,24.08,11.3,1.63,79.69,0.63,1.79,Jamuna_Jamalpur
2007-12-11,0.0,23.87,11.57,1.28,75.78,0.63,1.65,Jamuna_Jamalpur
2007-12-12,0.0,24.68,11.87,1.03,71.14,0.62,1.74,Jamuna_Jamalpur
2007-12-13,0.0,25.13,12.18,1.38,77.51,0.62,1.7,Jamuna_Jamalpur
2007-12-14,0.0,24.77,13.45,1.31,77.81,0.62,1.58,Jamuna_Jamalpur
2007-12-15,0.0,24.47,13.46,1.14,77.2,0.61,1.5,Jamuna_Jamalpur
2007-12-16,0.0,24.64,11.9,1.38,75.66,0.61,1.43,Jamuna_Jamalpur
2007-12-17,0.0,23.59,10.92,1.21,73.33,0.6,1.47,Jamuna_Jamalpur
2007-12-18,0.0,24.16,11.12,1.24,71.63,0.6,1.39,Jamuna_Jamalpur
2007-12-19,0.0,24.06,10.48,1.52,77.02,0.6,1.34,Jamuna_Jamalpur
2007-12-20,0.0,22.54,10.17,1.37,72.35,0.59,1.15,Jamuna_Jamalpur
2007-12-21,0.0,20.94,9.86,1.28,67.71,0.59,0.86,Jamuna_Jamalpur
2007-12-22,0.0,21.07,10.58,1.3,69.43,0.59,0.63,Jamuna_Jamalpur
2007-12-23,0.0,22.22,9.74,1.13,75.75,0.59,0.86,Jamuna_Jamalpur
2007-12-24,0.0,23.25,10.76,0.95,77.84,0.58,1.08,Jamuna_Jamalpur
2007-12-25,0.0,23.85,10.89,1.36,79.85,0.58,1.19,Jamuna_Jamalpur
2007-12-26,0.0,23.93,11.64,0.93,77.34,0.58,1.15,Jamuna_Jamalpur
2007-12-27,0.0,23.81,11.84,1.24,78.8,0.57,1.1,Jamuna_Jamalpur
2007-12-28,0.0,22.64,11.47,1.05,73.19,0.57,0.92,Jamuna_Jamalpur
2007-12-29,0.0,23.66,10.76,1.01,76.24,0.57,1.04,Jamuna_Jamalpur
2007-12-30,0.0,23.46,10.92,1.37,81.06,0.56,1.02,Jamuna_Jamalpur
2007-12-31,0.0,22.54,10.1,1.28,79.62,0.56,0.92,Jamuna_Jamalpur
2008-01-01,0.0,24.53,9.49,1.28,77.74,0.56,1.02,Jamuna_Jamalpur
2008-01-02,0.0,24.69,10.49,1.02,75.09,0.55,1.03,Jamuna_Jamalpur
2008-01-03,0.0,25.39,12.78,1.47,75.56,0.55,1.14,Jamuna_Jamalpur
2008-01-04,0.0,25.15,11.64,1.36,68.45,0.55,1.03,Jamuna_Jamalpur
2008-01-05,0.0,24.7,10.6,1.33,68.97,0.54,0.92,Jamuna_Jamalpur
2008-01-06,0.0,24.82,9.93,1.28,72.78,0.54,1.02,Jamuna_Jamalpur
2008-01-07,0.0,25.52,10.84,1.09,71.34,0.54,1.01,Jamuna_Jamalpur
2008-01-08,0.0,26.27,11.99,1.32,69.32,0.54,1.08,Jamuna_Jamalpur
2008-01-09,0.0,26.02,12.88,1.28,68.9,0.53,0.97,Jamuna_Jamalpur
2008-01-10,0.0,24.64,13.56,1.1,65.56,0.53,0.79,Jamuna_Jamalpur
2008-01-11,0.0,24.89,13.51,0.98,67.65,0.53,0.64,Jamuna_Jamalpur
2008-01-12,0.0,25.02,12.2,1.39,71.67,0.52,0.82,Jamuna_Jamalpur
2008-01-13,0.0,23.67,11.5,1.1,65.82,0.52,0.86,Jamuna_Jamalpur
2008-01-14,0.0,23.15,12.0,1.12,68.41,0.52,0.66,Jamuna_Jamalpur
2008-01-15,0.0,22.56,11.16,0.98,63.8,0.51,0.59,Jamuna_Jamalpur
2008-01-16,0.0,23.23,11.07,0.95,74.2,0.51,0.52,Jamuna_Jamalpur
2008-01-17,0.0,24.59,11.88,1.09,76.65,0.51,0.63,Jamuna_Jamalpur
2008-01-18,0.0,24.43,13.76,0.92,72.26,0.51,0.46,Jamuna_Jamalpur
2008-01-19,0.0,24.8,12.9,1.19,68.93,0.51,0.57,Jamuna_Jamalpur
2008-01-20,0.59,26.0,13.69,1.43,73.18,0.5,0.68,Jamuna_Jamalpur
2008-01-21,0.57,26.01,13.91,1.24,71.42,0.5,0.62,Jamuna_Jamalpur
2008-01-22,0.0,22.61,8.96,1.27,52.34,0.5,0.61,Jamuna_Jamalpur
2008-01-23,7.0,24.42,10.63,1.62,52.8,0.5,0.59,Jamuna_Jamalpur
2008-01-24,5.74,19.08,13.33,3.09,82.5,0.52,0.24,Jamuna_Jamalpur
2008-01-25,2.64,21.03,12.91,1.36,81.09,0.52,0.35,Jamuna_Jamalpur
2008-01-26,3.54,19.98,13.02,1.3,85.96,0.52,0.28,Jamuna_Jamalpur
2008-01-27,0.84,21.83,11.83,1.56,76.57,0.52,0.8,Jamuna_Jamalpur
2008-01-28,0.0,22.0,8.34,2.0,66.29,0.52,0.74,Jamuna_Jamalpur
2008-01-29,1.87,20.45,10.63,1.29,52.6,0.51,0.67,Jamuna_Jamalpur
2008-01-30,7.55,20.77,10.01,1.53,62.84,0.52,0.44,Jamuna_Jamalpur
2008-01-31,0.41,21.86,9.67,1.37,74.71,0.52,0.73,Jamuna_Jamalpur
2008-02-01,0.0,21.97,8.75,1.57,59.66,0.52,0.83,Jamuna_Jamalpur
2008-02-02,0.0,21.41,10.14,1.32,54.05,0.52,0.81,Jamuna_Jamalpur
2008-02-03,0.0,22.73,7.88,1.34,61.52,0.51,0.85,Jamuna_Jamalpur
2008-02-04,0.0,23.77,10.07,1.14,59.18,0.51,0.88,Jamuna_Jamalpur
2008-02-05,0.0,25.23,12.62,0.93,52.96,0.51,0.85,Jamuna_Jamalpur
2008-02-06,0.0,26.24,12.96,1.12,60.8,0.5,0.82,Jamuna_Jamalpur
2008-02-07,0.0,22.89,16.4,0.74,65.87,0.5,0.34,Jamuna_Jamalpur
2008-02-08,0.18,25.47,16.02,1.25,75.68,0.5,0.51,Jamuna_Jamalpur
2008-02-09,0.93,21.04,15.97,1.22,85.27,0.5,0.27,Jamuna_Jamalpur
2008-02-10,0.14,24.68,12.72,2.19,68.66,0.5,0.84,Jamuna_Jamalpur
2008-02-11,0.0,23.79,8.97,1.51,56.4,0.49,0.79,Jamuna_Jamalpur
2008-02-12,0.0,22.94,10.66,1.15,51.33,0.49,0.71,Jamuna_Jamalpur
2008-02-13,0.0,23.85,10.49,1.5,49.0,0.49,0.66,Jamuna_Jamalpur
2008-02-14,0.0,24.34,9.13,1.29,46.5,0.48,0.74,Jamuna_Jamalpur
2008-02-15,0.0,23.63,10.34,1.37,48.37,0.48,0.58,Jamuna_Jamalpur
2008-02-16,0.0,24.26,10.94,0.95,47.1,0.48,0.57,Jamuna_Jamalpur
2008-02-17,0.0,24.92,10.58,1.26,51.53,0.47,0.57,Jamuna_Jamalpur
2008-02-18,0.0,26.68,12.78,1.4,55.12,0.47,0.57,Jamuna_Jamalpur
2008-02-19,3.58,26.6,13.69,1.82,64.54,0.47,0.55,Jamuna_Jamalpur
2008-02-20,0.8,24.89,14.88,1.81,74.5,0.47,0.43,Jamuna_Jamalpur
2008-02-21,0.0,27.12,12.85,1.18,59.35,0.47,0.8,Jamuna_Jamalpur
2008-02-22,0.0,28.62,13.42,1.4,51.0,0.47,0.86,Jamuna_Jamalpur
2008-02-23,0.0,29.26,14.0,1.38,48.63,0.46,0.81,Jamuna_Jamalpur
2008-02-24,0.0,29.45,15.54,1.17,46.81,0.46,0.63,Jamuna_Jamalpur
2008-02-25,0.19,29.97,17.11,1.19,55.13,0.46,0.72,Jamuna_Jamalpur
2008-02-26,0.02,29.37,16.51,1.46,49.17,0.45,0.64,Jamuna_Jamalpur
2008-02-27,0.0,29.7,14.24,1.77,42.16,0.45,0.73,Jamuna_Jamalpur
2008-02-28,0.0,30.34,15.02,1.03,44.05,0.45,0.67,Jamuna_Jamalpur
2008-02-29,0.0,30.72,15.02,1.31,48.42,0.44,0.68,Jamuna_Jamalpur
2008-03-01,0.0,29.95,16.43,1.02,46.02,0.44,0.64,Jamuna_Jamalpur
2008-03-02,0.0,30.21,15.81,1.29,49.97,0.44,0.57,Jamuna_Jamalpur
2008-03-03,0.8,30.33,17.0,1.29,55.96,0.43,0.54,Jamuna_Jamalpur
2008-03-04,2.21,30.66,17.35,1.4,55.88,0.43,0.55,Jamuna_Jamalpur
2008-03-05,4.3,29.72,17.16,1.45,67.83,0.44,0.47,Jamuna_Jamalpur
2008-03-06,0.0,30.27,17.46,1.79,59.27,0.44,0.58,Jamuna_Jamalpur
2008-03-07,0.45,31.07,18.3,1.24,56.45,0.43,0.57,Jamuna_Jamalpur
2008-03-08,0.06,31.67,18.52,1.14,54.63,0.43,0.6,Jamuna_Jamalpur
2008-03-09,0.0,32.14,18.76,1.07,48.83,0.43,0.57,Jamuna_Jamalpur
2008-03-10,0.0,32.02,18.84,1.18,50.16,0.42,0.53,Jamuna_Jamalpur
2008-03-11,0.0,29.55,20.76,1.17,51.66,0.42,0.26,Jamuna_Jamalpur
2008-03-12,0.0,32.79,17.35,1.56,47.54,0.42,0.44,Jamuna_Jamalpur
2008-03-13,0.0,33.6,17.69,1.12,45.69,0.42,0.48,Jamuna_Jamalpur
2008-03-14,0.0,34.01,20.9,1.6,46.66,0.41,0.42,Jamuna_Jamalpur
2008-03-15,0.0,35.12,18.11,2.34,47.09,0.41,0.46,Jamuna_Jamalpur
2008-03-16,0.04,35.09,18.68,1.64,39.8,0.41,0.45,Jamuna_Jamalpur
2008-03-17,0.0,34.61,20.09,1.37,32.17,0.4,0.41,Jamuna_Jamalpur
2008-03-18,1.44,34.14,17.91,1.58,40.69,0.4,0.37,Jamuna_Jamalpur
2008-03-19,2.3,34.71,18.48,1.74,47.53,0.4,0.38,Jamuna_Jamalpur
2008-03-20,1.46,34.58,20.3,1.37,51.2,0.4,0.36,Jamuna_Jamalpur
2008-03-21,4.61,34.78,21.81,1.87,49.86,0.4,0.39,Jamuna_Jamalpur
2008-03-22,2.32,35.59,21.32,1.25,42.08,0.4,0.42,Jamuna_Jamalpur
2008-03-23,1.36,33.99,20.78,1.79,60.21,0.4,0.35,Jamuna_Jamalpur
2008-03-24,0.93,32.27,22.41,1.48,55.71,0.4,0.32,Jamuna_Jamalpur
2008-03-25,1.21,34.82,19.73,1.27,48.93,0.4,0.37,Jamuna_Jamalpur
2008-03-26,1.34,35.78,21.33,1.58,44.78,0.4,0.39,Jamuna_Jamalpur
2008-03-27,0.23,36.18,22.48,1.67,39.93,0.4,0.36,Jamuna_Jamalpur
2008-03-28,2.88,37.71,22.28,1.99,37.45,0.4,0.39,Jamuna_Jamalpur
2008-03-29,0.42,37.23,19.18,1.65,42.58,0.39,0.34,Jamuna_Jamalpur
2008-03-30,3.21,35.89,22.04,1.86,53.08,0.39,0.34,Jamuna_Jamalpur
2008-03-31,4.04,35.01,22.87,1.49,54.1,0.4,0.39,Jamuna_Jamalpur
2008-04-01,2.75,33.55,22.45,1.34,58.56,0.4,0.3,Jamuna_Jamalpur
2008-04-02,8.39,32.35,20.9,1.68,57.56,0.41,0.43,Jamuna_Jamalpur
2008-04-03,4.4,34.04,20.74,1.67,57.09,0.41,0.5,Jamuna_Jamalpur
2008-04-04,4.79,32.24,21.59,1.83,65.19,0.41,0.44,Jamuna_Jamalpur
2008-04-05,1.2,31.84,22.15,0.92,56.57,0.41,0.37,Jamuna_Jamalpur
2008-04-06,1.05,32.95,21.66,1.82,56.34,0.41,0.41,Jamuna_Jamalpur
2008-04-07,0.0,35.0,19.71,2.15,49.56,0.41,0.53,Jamuna_Jamalpur
2008-04-08,0.0,34.44,19.13,1.82,40.02,0.4,0.48,Jamuna_Jamalpur
2008-04-09,0.0,35.72,22.39,0.83,33.19,0.4,0.44,Jamuna_Jamalpur
2008-04-10,0.0,36.99,20.36,1.3,40.17,0.4,0.42,Jamuna_Jamalpur
2008-04-11,0.0,37.98,21.28,1.77,43.6,0.39,0.37,Jamuna_Jamalpur
2008-04-12,0.0,38.74,21.68,2.14,46.25,0.39,0.35,Jamuna_Jamalpur
2008-04-13,3.99,38.79,24.02,2.26,49.47,0.39,0.36,Jamuna_Jamalpur
2008-04-14,13.04,35.07,23.46,1.69,63.0,0.4,0.48,Jamuna_Jamalpur
2008-04-15,0.62,36.19,24.19,1.99,57.62,0.41,0.53,Jamuna_Jamalpur
2008-04-16,1.02,35.25,24.72,2.24,58.91,0.4,0.47,Jamuna_Jamalpur
2008-04-17,1.95,37.4,24.8,2.35,58.05,0.4,0.47,Jamuna_Jamalpur
2008-04-18,2.83,38.21,26.17,2.58,57.31,0.4,0.49,Jamuna_Jamalpur
2008-04-19,0.32,39.8,24.41,1.77,43.53,0.4,0.5,Jamuna_Jamalpur
2008-04-20,0.0,39.32,22.25,1.42,28.12,0.39,0.44,Jamuna_Jamalpur
2008-04-21,0.0,39.62,21.55,1.42,31.75,0.39,0.39,Jamuna_Jamalpur
2008-04-22,0.0,39.05,21.23,1.95,39.51,0.39,0.32,Jamuna_Jamalpur
2008-04-23,0.0,39.59,22.89,1.86,39.56,0.38,0.29,Jamuna_Jamalpur
2008-04-24,0.13,40.16,24.39,1.68,44.35,0.38,0.26,Jamuna_Jamalpur
2008-04-25,0.3,39.36,24.04,1.8,46.69,0.38,0.22,Jamuna_Jamalpur
2008-04-26,0.01,39.42,24.06,1.84,45.77,0.37,0.2,Jamuna_Jamalpur
2008-04-27,0.24,39.13,25.42,2.92,47.99,0.37,0.17,Jamuna_Jamalpur
2008-04-28,1.63,38.97,25.71,2.68,51.25,0.37,0.17,Jamuna_Jamalpur
2008-04-29,2.38,38.13,26.94,2.09,51.64,0.37,0.18,Jamuna_Jamalpur
2008-04-30,5.14,36.89,26.07,1.71,54.97,0.37,0.2,Jamuna_Jamalpur
2008-05-01,3.07,37.72,26.56,2.0,54.32,0.37,0.19,Jamuna_Jamalpur
2008-05-02,9.47,36.69,27.08,2.11,57.62,0.38,0.23,Jamuna_Jamalpur
2008-05-03,1.07,38.82,26.28,1.98,52.45,0.38,0.29,Jamuna_Jamalpur
2008-05-04,0.0,38.79,25.16,1.51,45.67,0.38,0.31,Jamuna_Jamalpur
2008-05-05,18.76,35.0,25.74,2.01,56.61,0.39,0.28,Jamuna_Jamalpur
2008-05-06,18.19,33.54,26.1,1.63,66.97,0.43,0.73,Jamuna_Jamalpur
2008-05-07,0.37,33.73,25.58,1.73,63.67,0.43,0.6,Jamuna_Jamalpur
2008-05-08,32.08,33.76,25.6,1.73,69.41,0.46,0.92,Jamuna_Jamalpur
2008-05-09,6.55,34.17,25.68,0.95,65.05,0.48,1.87,Jamuna_Jamalpur
2008-05-10,4.05,36.11,24.98,1.4,58.66,0.48,2.03,Jamuna_Jamalpur
2008-05-11,2.03,35.45,26.24,1.06,57.23,0.48,1.86,Jamuna_Jamalpur
2008-05-12,0.01,36.63,26.38,0.87,51.65,0.47,1.88,Jamuna_Jamalpur
2008-05-13,0.03,34.54,27.26,1.19,56.17,0.46,1.06,Jamuna_Jamalpur
2008-05-14,0.08,37.08,25.55,1.11,51.49,0.46,1.64,Jamuna_Jamalpur
2008-05-15,0.35,37.57,26.55,0.92,49.88,0.45,1.49,Jamuna_Jamalpur
2008-05-16,0.46,38.14,26.99,1.16,49.19,0.45,1.41,Jamuna_Jamalpur
2008-05-17,0.18,39.38,27.17,1.5,51.41,0.44,1.33,Jamuna_Jamalpur
2008-05-18,4.5,37.61,27.87,2.13,60.21,0.44,1.18,Jamuna_Jamalpur
2008-05-19,6.67,34.68,27.27,2.87,69.44,0.45,0.72,Jamuna_Jamalpur
2008-05-20,0.85,34.4,25.43,2.16,66.97,0.45,0.87,Jamuna_Jamalpur
2008-05-21,8.94,33.15,25.08,1.98,66.7,0.45,1.02,Jamuna_Jamalpur
2008-05-22,5.67,36.01,25.72,1.39,60.95,0.46,1.37,Jamuna_Jamalpur
2008-05-23,1.46,33.81,26.75,1.91,65.69,0.46,0.91,Jamuna_Jamalpur
2008-05-24,35.86,32.95,26.27,1.45,68.24,0.48,1.54,Jamuna_Jamalpur
2008-05-25,7.36,32.31,25.92,1.67,72.46,0.51,2.11,Jamuna_Jamalpur
2008-05-26,11.69,30.44,25.76,1.54,80.26,0.52,1.01,Jamuna_Jamalpur
2008-05-27,7.58,31.68,25.45,2.07,78.16,0.53,1.8,Jamuna_Jamalpur
2008-05-28,1.91,33.98,24.81,2.1,74.5,0.53,2.46,Jamuna_Jamalpur
2008-05-29,3.9,36.94,25.77,3.12,69.41,0.53,3.14,Jamuna_Jamalpur
2008-05-30,8.79,32.89,26.32,2.45,78.91,0.53,1.59,Jamuna_Jamalpur
2008-05-31,9.59,33.27,26.23,2.34,78.08,0.54,2.19,Jamuna_Jamalpur
2008-06-01,21.47,32.31,26.37,1.96,79.76,0.55,2.06,Jamuna_Jamalpur
2008-06-02,35.9,30.7,25.72,2.29,85.64,0.6,1.83,Jamuna_Jamalpur
2008-06-03,6.2,29.96,25.13,1.94,82.14,0.62,2.46,Jamuna_Jamalpur
2008-06-04,23.95,32.49,24.34,1.76,77.55,0.62,4.16,Jamuna_Jamalpur
2008-06-05,24.72,31.52,25.32,1.84,84.83,0.66,3.44,Jamuna_Jamalpur
2008-06-06,5.23,30.85,25.42,2.33,85.32,0.66,3.43,Jamuna_Jamalpur
2008-06-07,1.9,32.9,24.15,2.87,81.19,0.65,5.87,Jamuna_Jamalpur
2008-06-08,7.37,29.68,25.06,2.58,87.47,0.65,1.84,Jamuna_Jamalpur
2008-06-09,10.47,29.4,25.39,3.4,89.47,0.66,1.96,Jamuna_Jamalpur
2008-06-10,5.76,31.18,25.08,3.0,86.47,0.66,3.17,Jamuna_Jamalpur
2008-06-11,0.54,32.23,25.47,2.75,84.14,0.65,4.93,Jamuna_Jamalpur
2008-06-12,2.15,33.19,26.41,2.79,83.44,0.64,5.1,Jamuna_Jamalpur
2008-06-13,24.11,31.21,26.81,1.93,86.99,0.65,1.67,Jamuna_Jamalpur
2008-06-14,21.42,30.33,26.94,1.89,89.63,0.69,1.31,Jamuna_Jamalpur
2008-06-15,0.72,34.04,26.04,1.65,78.37,0.68,5.95,Jamuna_Jamalpur
2008-06-16,9.05,31.35,26.49,3.23,87.42,0.68,2.76,Jamuna_Jamalpur
2008-06-17,19.14,29.68,26.41,5.41,91.44,0.69,1.39,Jamuna_Jamalpur
2008-06-18,21.61,29.98,25.46,4.25,88.88,0.71,2.41,Jamuna_Jamalpur
2008-06-19,24.72,31.27,25.95,3.22,87.76,0.74,2.68,Jamuna_Jamalpur
2008-06-20,13.05,29.7,25.87,2.29,92.43,0.75,1.02,Jamuna_Jamalpur
2008-06-21,3.03,31.95,25.69,2.19,85.4,0.75,4.38,Jamuna_Jamalpur
2008-06-22,2.49,32.24,25.54,2.52,85.66,0.74,4.61,Jamuna_Jamalpur
2008-06-23,11.31,31.84,25.38,3.06,86.07,0.74,4.35,Jamuna_Jamalpur
2008-06-24,0.78,33.18,25.26,2.79,84.22,0.73,5.34,Jamuna_Jamalpur
2008-06-25,1.07,33.08,25.93,2.86,85.0,0.72,5.6,Jamuna_Jamalpur
2008-06-26,0.7,31.77,26.05,2.89,87.36,0.71,3.5,Jamuna_Jamalpur
2008-06-27,1.95,32.12,26.51,2.98,87.65,0.7,3.61,Jamuna_Jamalpur
2008-06-28,35.49,31.62,26.14,2.67,88.16,0.71,2.97,Jamuna_Jamalpur
2008-06-29,31.21,30.18,25.98,4.06,91.97,0.76,1.68,Jamuna_Jamalpur
2008-06-30,8.65,31.63,26.07,3.16,87.59,0.77,3.44,Jamuna_Jamalpur
2008-07-01,18.97,31.18,26.1,3.37,88.58,0.78,2.67,Jamuna_Jamalpur
2008-07-02,26.86,32.04,26.11,2.84,87.44,0.79,3.3,Jamuna_Jamalpur
2008-07-03,9.95,32.14,26.36,2.43,87.52,0.81,3.5,Jamuna_Jamalpur
2008-07-04,13.47,31.28,26.69,1.47,88.94,0.81,1.36,Jamuna_Jamalpur
2008-07-05,12.31,30.45,26.08,1.57,88.47,0.82,2.01,Jamuna_Jamalpur
2008-07-06,0.93,32.39,25.36,1.71,84.81,0.82,3.99,Jamuna_Jamalpur
2008-07-07,0.89,31.24,25.64,2.94,87.84,0.8,3.58,Jamuna_Jamalpur
2008-07-08,4.24,30.17,25.68,2.94,90.26,0.8,2.07,Jamuna_Jamalpur
2008-07-09,14.25,31.56,25.51,3.19,87.96,0.8,3.62,Jamuna_Jamalpur
2008-07-10,10.59,30.61,25.96,2.5,91.43,0.81,1.56,Jamuna_Jamalpur
2008-07-11,7.59,31.51,25.88,2.21,87.59,0.81,3.27,Jamuna_Jamalpur
2008-07-12,14.05,31.38,26.12,2.02,87.6,0.81,2.55,Jamuna_Jamalpur
2008-07-13,21.89,30.98,26.28,1.59,89.04,0.83,1.79,Jamuna_Jamalpur
2008-07-14,27.28,31.39,26.34,1.84,88.35,0.85,2.06,Jamuna_Jamalpur
2008-07-15,14.95,30.25,25.91,1.93,89.84,0.86,1.54,Jamuna_Jamalpur
2008-07-16,5.93,31.51,26.0,2.0,87.37,0.86,3.11,Jamuna_Jamalpur
2008-07-17,0.98,30.36,26.89,1.38,88.28,0.85,1.43,Jamuna_Jamalpur
2008-07-18,4.0,31.14,26.22,1.95,88.96,0.85,2.12,Jamuna_Jamalpur
2008-07-19,9.19,29.67,25.96,3.45,92.08,0.85,1.27,Jamuna_Jamalpur
2008-07-20,6.44,31.64,25.09,3.18,89.28,0.85,2.54,Jamuna_Jamalpur
2008-07-21,4.02,31.25,26.21,3.34,88.78,0.85,2.53,Jamuna_Jamalpur
2008-07-22,4.56,29.27,26.31,2.65,93.14,0.84,0.74,Jamuna_Jamalpur
2008-07-23,3.36,29.62,26.21,2.39,92.67,0.85,0.96,Jamuna_Jamalpur
2008-07-24,0.34,32.28,25.73,1.3,82.38,0.84,4.09,Jamuna_Jamalpur
2008-07-25,1.18,32.3,26.58,1.63,85.44,0.83,3.71,Jamuna_Jamalpur
2008-07-26,2.26,30.95,26.31,2.4,88.79,0.82,2.14,Jamuna_Jamalpur
2008-07-27,2.96,32.87,26.84,2.87,86.57,0.82,4.32,Jamuna_Jamalpur
2008-07-28,0.92,32.33,26.13,3.19,87.66,0.8,4.65,Jamuna_Jamalpur
2008-07-29,0.4,32.37,25.77,2.8,87.74,0.79,4.19,Jamuna_Jamalpur
2008-07-30,0.29,32.31,25.76,2.87,86.96,0.78,4.94,Jamuna_Jamalpur
2008-07-31,1.49,31.24,26.01,3.05,88.87,0.77,3.13,Jamuna_Jamalpur
2008-08-01,0.55,30.69,26.08,2.43,89.01,0.76,3.19,Jamuna_Jamalpur
2008-08-02,3.49,31.97,25.5,1.2,86.42,0.76,3.56,Jamuna_Jamalpur
2008-08-03,17.96,29.75,26.33,1.75,90.61,0.78,1.56,Jamuna_Jamalpur
2008-08-04,5.42,29.64,25.67,1.75,89.63,0.78,1.61,Jamuna_Jamalpur
2008-08-05,9.09,30.81,25.47,2.0,89.6,0.78,2.32,Jamuna_Jamalpur
2008-08-06,8.75,29.73,25.8,2.15,91.4,0.78,1.68,Jamuna_Jamalpur
2008-08-07,4.94,31.54,25.88,1.95,87.41,0.78,3.28,Jamuna_Jamalpur
2008-08-08,2.56,33.78,26.5,0.92,81.38,0.78,5.16,Jamuna_Jamalpur
2008-08-09,5.62,34.32,27.12,2.76,85.87,0.77,4.65,Jamuna_Jamalpur
2008-08-10,17.48,30.49,26.27,4.25,90.3,0.77,2.47,Jamuna_Jamalpur
2008-08-11,37.26,30.37,25.92,4.24,92.03,0.8,1.77,Jamuna_Jamalpur
2008-08-12,40.51,30.18,25.71,2.56,91.44,0.85,1.38,Jamuna_Jamalpur
2008-08-13,12.85,30.55,26.01,2.33,89.84,0.86,2.11,Jamuna_Jamalpur
2008-08-14,6.31,29.78,26.11,1.36,91.26,0.86,1.1,Jamuna_Jamalpur
2008-08-15,3.07,29.27,25.99,1.91,92.81,0.86,1.03,Jamuna_Jamalpur
2008-08-16,4.56,31.04,25.41,2.43,88.57,0.85,3.23,Jamuna_Jamalpur
2008-08-17,2.27,31.28,26.24,2.54,87.74,0.85,3.39,Jamuna_Jamalpur
2008-08-18,22.14,32.13,25.85,2.35,88.08,0.85,3.32,Jamuna_Jamalpur
2008-08-19,12.82,31.75,26.39,1.34,87.97,0.86,2.3,Jamuna_Jamalpur
2008-08-20,1.53,31.28,26.21,2.27,88.16,0.86,3.87,Jamuna_Jamalpur
2008-08-21,2.09,31.29,25.62,2.04,87.68,0.85,4.08,Jamuna_Jamalpur
2008-08-22,0.51,31.58,25.19,1.87,85.71,0.84,4.62,Jamuna_Jamalpur
2008-08-23,6.43,32.63,25.34,1.65,84.18,0.83,4.81,Jamuna_Jamalpur
2008-08-24,6.17,31.56,25.92,2.01,87.57,0.83,3.72,Jamuna_Jamalpur
2008-08-25,4.47,31.24,25.91,2.29,89.11,0.82,3.36,Jamuna_Jamalpur
2008-08-26,1.68,29.24,25.72,2.4,90.73,0.82,1.71,Jamuna_Jamalpur
2008-08-27,13.79,30.73,26.07,2.45,91.21,0.82,1.81,Jamuna_Jamalpur
2008-08-28,48.33,28.61,26.36,2.7,94.43,0.85,0.7,Jamuna_Jamalpur
2008-08-29,36.02,29.14,25.77,1.94,94.04,0.9,0.74,Jamuna_Jamalpur
2008-08-30,6.1,29.79,23.94,2.27,89.83,0.91,2.07,Jamuna_Jamalpur
2008-08-31,2.32,30.65,25.49,2.56,89.31,0.9,2.51,Jamuna_Jamalpur
2008-09-01,8.59,29.97,24.89,1.85,91.04,0.9,1.6,Jamuna_Jamalpur
2008-09-02,9.87,30.73,25.53,2.05,90.45,0.9,2.61,Jamuna_Jamalpur
2008-09-03,9.75,31.46,25.18,2.6,89.59,0.9,2.97,Jamuna_Jamalpur
2008-09-04,3.6,30.62,25.53,1.59,89.86,0.9,1.9,Jamuna_Jamalpur
2008-09-05,2.84,28.56,25.57,2.14,94.81,0.9,0.49,Jamuna_Jamalpur
2008-09-06,1.96,29.97,24.92,1.51,90.34,0.89,2.37,Jamuna_Jamalpur
2008-09-07,2.6,31.4,24.03,1.21,82.77,0.89,5.11,Jamuna_Jamalpur
2008-09-08,2.91,32.71,24.68,1.08,83.73,0.88,5.08,Jamuna_Jamalpur
2008-09-09,0.57,30.01,26.02,1.26,88.61,0.87,2.23,Jamuna_Jamalpur
2008-09-10,0.69,32.5,25.37,0.89,81.66,0.87,4.98,Jamuna_Jamalpur
2008-09-11,1.11,30.39,26.46,0.72,84.11,0.86,1.58,Jamuna_Jamalpur
2008-09-12,0.79,29.63,26.07,0.81,86.31,0.86,1.91,Jamuna_Jamalpur
2008-09-13,0.34,30.6,25.57,1.11,86.46,0.85,2.67,Jamuna_Jamalpur
2008-09-14,0.09,32.08,25.22,1.32,84.79,0.85,3.44,Jamuna_Jamalpur
2008-09-15,8.8,29.67,25.69,1.37,90.32,0.84,1.5,Jamuna_Jamalpur
2008-09-16,6.45,28.72,25.57,2.09,92.21,0.85,1.34,Jamuna_Jamalpur
2008-09-17,1.55,29.16,25.0,3.23,92.07,0.85,1.86,Jamuna_Jamalpur
2008-09-18,3.23,29.21,25.15,2.48,91.62,0.85,1.83,Jamuna_Jamalpur
2008-09-19,5.72,30.46,25.17,1.98,89.94,0.85,2.81,Jamuna_Jamalpur
2008-09-20,4.17,30.92,25.3,1.03,86.4,0.84,3.71,Jamuna_Jamalpur
2008-09-21,7.4,29.87,25.44,1.02,88.95,0.84,2.05,Jamuna_Jamalpur
2008-09-22,9.58,29.02,24.96,1.19,89.62,0.85,1.45,Jamuna_Jamalpur
2008-09-23,8.78,29.68,24.31,1.34,88.83,0.85,2.61,Jamuna_Jamalpur
2008-09-24,6.02,31.08,25.46,0.51,82.18,0.85,3.37,Jamuna_Jamalpur
2008-09-25,5.43,32.46,25.92,0.66,79.15,0.85,6.36,Jamuna_Jamalpur
2008-09-26,11.87,31.89,24.8,1.36,85.0,0.85,4.29,Jamuna_Jamalpur
2008-09-27,3.05,28.74,25.36,2.35,92.49,0.85,1.04,Jamuna_Jamalpur
2008-09-28,10.76,29.41,24.49,1.79,88.92,0.85,2.88,Jamuna_Jamalpur
2008-09-29,2.83,30.89,23.69,1.58,85.95,0.85,4.23,Jamuna_Jamalpur
2008-09-30,0.0,31.24,23.67,0.78,81.24,0.85,6.75,Jamuna_Jamalpur
2008-10-01,0.0,32.21,24.15,1.63,83.19,0.83,5.8,Jamuna_Jamalpur
2008-10-02,8.63,28.98,25.33,1.54,91.99,0.83,1.21,Jamuna_Jamalpur
2008-10-03,4.83,28.0,24.77,1.64,91.65,0.84,1.55,Jamuna_Jamalpur
2008-10-04,16.64,28.71,24.23,1.29,90.34,0.84,2.03,Jamuna_Jamalpur
2008-10-05,18.59,30.22,24.25,1.57,89.09,0.86,3.0,Jamuna_Jamalpur
2008-10-06,8.12,29.13,23.49,1.77,91.58,0.86,2.4,Jamuna_Jamalpur
2008-10-07,5.29,28.38,23.92,1.93,90.56,0.86,2.27,Jamuna_Jamalpur
2008-10-08,10.33,28.94,23.13,1.68,90.06,0.87,2.94,Jamuna_Jamalpur
2008-10-09,11.2,29.6,23.29,1.55,88.83,0.87,3.0,Jamuna_Jamalpur
2008-10-10,2.67,30.5,23.11,0.8,81.3,0.87,5.59,Jamuna_Jamalpur
2008-10-11,0.0,31.09,22.68,0.95,80.44,0.86,6.37,Jamuna_Jamalpur
2008-10-12,0.0,30.98,22.44,1.26,85.05,0.85,6.1,Jamuna_Jamalpur
2008-10-13,0.06,31.11,22.46,1.05,83.44,0.84,6.2,Jamuna_Jamalpur
2008-10-14,0.01,31.49,23.18,0.9,80.82,0.83,6.47,Jamuna_Jamalpur
2008-10-15,0.0,31.4,22.7,0.91,81.43,0.82,6.78,Jamuna_Jamalpur
2008-10-16,0.0,31.73,22.06,1.32,83.56,0.81,6.66,Jamuna_Jamalpur
2008-10-17,0.0,31.07,20.86,1.2,83.05,0.8,6.51,Jamuna_Jamalpur
2008-10-18,0.0,31.17,21.68,0.91,77.91,0.79,6.63,Jamuna_Jamalpur
2008-10-19,0.0,30.68,22.79,1.08,77.73,0.79,6.02,Jamuna_Jamalpur
2008-10-20,0.0,30.41,21.14,1.01,80.13,0.78,6.43,Jamuna_Jamalpur
2008-10-21,0.0,30.63,22.11,1.6,83.79,0.77,5.86,Jamuna_Jamalpur
2008-10-22,0.0,30.75,21.11,1.41,83.46,0.76,5.76,Jamuna_Jamalpur
2008-10-23,0.0,30.66,21.32,1.32,81.77,0.75,6.09,Jamuna_Jamalpur
2008-10-24,1.2,30.46,20.38,1.16,81.23,0.74,5.17,Jamuna_Jamalpur
2008-10-25,0.75,28.24,21.58,2.09,87.14,0.73,3.52,Jamuna_Jamalpur
2008-10-26,57.83,23.3,19.17,3.27,92.35,0.77,0.49,Jamuna_Jamalpur
2008-10-27,29.84,26.38,18.35,4.35,92.62,0.83,1.0,Jamuna_Jamalpur
2008-10-28,0.27,27.92,18.41,1.17,81.92,0.83,4.56,Jamuna_Jamalpur
2008-10-29,0.0,28.81,18.72,0.82,82.71,0.82,5.24,Jamuna_Jamalpur
2008-10-30,0.0,29.52,20.17,1.0,82.55,0.81,5.35,Jamuna_Jamalpur
2008-10-31,0.0,29.1,19.36,1.44,84.09,0.8,4.89,Jamuna_Jamalpur
2008-11-01,0.0,29.61,19.39,1.1,82.43,0.79,5.27,Jamuna_Jamalpur
2008-11-02,0.0,28.83,18.98,0.83,79.71,0.78,5.12,Jamuna_Jamalpur
2008-11-03,0.33,28.85,21.07,0.94,78.14,0.78,4.65,Jamuna_Jamalpur
2008-11-04,0.13,28.81,20.5,0.84,72.89,0.77,5.13,Jamuna_Jamalpur
2008-11-05,0.0,28.38,19.43,0.93,73.62,0.76,4.63,Jamuna_Jamalpur
2008-11-06,0.0,29.01,19.85,1.21,81.02,0.75,4.83,Jamuna_Jamalpur
2008-11-07,0.0,28.27,16.74,1.1,76.59,0.74,4.49,Jamuna_Jamalpur
2008-11-08,0.0,28.9,17.34,1.01,72.68,0.74,4.49,Jamuna_Jamalpur
2008-11-09,0.0,28.34,16.36,0.93,73.3,0.73,4.1,Jamuna_Jamalpur
2008-11-10,0.0,28.16,16.82,0.88,73.22,0.72,4.03,Jamuna_Jamalpur
2008-11-11,0.0,28.18,17.5,0.64,72.59,0.72,4.09,Jamuna_Jamalpur
2008-11-12,0.0,27.54,16.8,0.73,70.73,0.71,3.97,Jamuna_Jamalpur
2008-11-13,0.0,27.3,17.25,0.72,66.05,0.71,3.93,Jamuna_Jamalpur
2008-11-14,0.0,27.49,15.36,0.98,75.72,0.7,3.42,Jamuna_Jamalpur
2008-11-15,0.0,25.49,15.89,1.0,77.45,0.69,2.06,Jamuna_Jamalpur
2008-11-16,0.0,27.36,17.29,1.17,78.63,0.69,3.32,Jamuna_Jamalpur
2008-11-17,0.0,26.55,16.37,1.5,82.44,0.68,2.84,Jamuna_Jamalpur
2008-11-18,0.0,27.13,15.06,1.4,81.66,0.68,3.07,Jamuna_Jamalpur
2008-11-19,0.0,27.14,14.23,1.12,79.12,0.67,2.92,Jamuna_Jamalpur
2008-11-20,0.0,27.03,15.14,1.14,78.11,0.67,2.88,Jamuna_Jamalpur
2008-11-21,0.0,27.4,16.54,1.09,74.8,0.66,2.69,Jamuna_Jamalpur
2008-11-22,0.0,26.4,17.52,1.75,77.49,0.65,2.3,Jamuna_Jamalpur
2008-11-23,0.0,26.24,13.96,1.35,80.93,0.65,2.38,Jamuna_Jamalpur
2008-11-24,0.0,26.22,14.95,1.3,82.17,0.65,2.22,Jamuna_Jamalpur
2008-11-25,0.17,26.45,14.56,0.89,75.2,0.64,2.36,Jamuna_Jamalpur
2008-11-26,16.78,26.52,14.79,0.87,74.85,0.66,2.6,Jamuna_Jamalpur
2008-11-27,0.0,26.52,14.68,0.98,77.56,0.66,2.5,Jamuna_Jamalpur
2008-11-28,0.0,26.99,16.52,0.94,75.34,0.65,2.37,Jamuna_Jamalpur
2008-11-29,0.0,27.06,16.19,0.94,76.38,0.65,2.45,Jamuna_Jamalpur
2008-11-30,0.0,27.39,15.82,0.98,77.3,0.64,2.38,Jamuna_Jamalpur
2008-12-01,0.0,27.26,17.04,1.15,78.0,0.64,2.21,Jamuna_Jamalpur
2008-12-02,0.13,26.22,17.42,0.88,74.76,0.63,2.11,Jamuna_Jamalpur
2008-12-03,0.01,26.01,19.06,0.51,70.92,0.63,1.97,Jamuna_Jamalpur
2008-12-04,0.0,26.48,16.62,1.06,77.25,0.62,1.83,Jamuna_Jamalpur
2008-12-05,0.0,26.81,16.17,0.98,80.57,0.62,1.86,Jamuna_Jamalpur
2008-12-06,0.0,26.91,16.41,0.97,80.39,0.61,1.89,Jamuna_Jamalpur
2008-12-07,0.0,26.6,17.31,0.76,76.15,0.61,1.84,Jamuna_Jamalpur
2008-12-08,0.0,27.04,16.64,1.13,78.34,0.61,1.88,Jamuna_Jamalpur
2008-12-09,0.0,26.99,16.83,0.95,78.29,0.6,1.86,Jamuna_Jamalpur
2008-12-10,0.0,26.91,17.15,1.1,75.56,0.6,1.76,Jamuna_Jamalpur
2008-12-11,0.0,26.22,16.35,0.94,77.57,0.59,1.39,Jamuna_Jamalpur
2008-12-12,0.0,26.28,18.02,1.0,77.15,0.59,1.19,Jamuna_Jamalpur
2008-12-13,0.0,26.01,16.22,1.03,77.63,0.59,1.16,Jamuna_Jamalpur
2008-12-14,0.0,25.68,14.51,1.2,79.36,0.58,1.29,Jamuna_Jamalpur
2008-12-15,0.0,25.47,14.58,1.18,81.02,0.58,1.31,Jamuna_Jamalpur
2008-12-16,0.0,25.32,13.34,1.09,79.74,0.58,1.38,Jamuna_Jamalpur
2008-12-17,0.0,25.22,12.59,1.12,79.26,0.57,1.3,Jamuna_Jamalpur
2008-12-18,0.0,25.29,12.09,1.12,76.67,0.57,1.3,Jamuna_Jamalpur
2008-12-19,0.0,23.87,13.28,0.93,78.84,0.57,0.83,Jamuna_Jamalpur
2008-12-20,0.0,24.99,14.47,0.85,76.92,0.56,1.15,Jamuna_Jamalpur
2008-12-21,0.0,23.45,14.2,0.93,79.0,0.56,0.92,Jamuna_Jamalpur
2008-12-22,0.01,24.38,14.49,0.84,80.1,0.56,0.95,Jamuna_Jamalpur
2008-12-23,0.0,24.58,13.84,1.35,81.35,0.56,1.09,Jamuna_Jamalpur
2008-12-24,0.0,24.04,14.79,1.15,82.15,0.55,0.93,Jamuna_Jamalpur
2008-12-25,0.0,25.29,13.28,0.99,79.7,0.55,1.17,Jamuna_Jamalpur
2008-12-26,0.14,25.03,13.01,1.25,78.55,0.55,1.09,Jamuna_Jamalpur
2008-12-27,0.0,23.47,13.6,0.7,74.08,0.54,0.92,Jamuna_Jamalpur
2008-12-28,0.0,24.66,14.05,1.23,73.11,0.54,1.05,Jamuna_Jamalpur
2008-12-29,0.0,24.84,12.94,1.41,77.19,0.54,1.05,Jamuna_Jamalpur
2008-12-30,0.0,24.86,12.12,1.3,75.51,0.54,1.03,Jamuna_Jamalpur
2008-12-31,0.01,25.12,12.62,1.05,73.78,0.53,1.03,Jamuna_Jamalpur
2009-01-01,0.0,24.98,13.89,1.12,70.98,0.53,0.96,Jamuna_Jamalpur
2009-01-02,0.0,24.05,13.39,1.37,66.82,0.53,0.83,Jamuna_Jamalpur
2009-01-03,0.0,24.29,10.78,1.36,71.16,0.52,0.89,Jamuna_Jamalpur
2009-01-04,0.0,23.75,10.95,1.33,76.44,0.52,0.81,Jamuna_Jamalpur
2009-01-05,0.0,24.48,11.6,1.09,70.39,0.52,0.85,Jamuna_Jamalpur
2009-01-06,0.0,24.78,12.83,1.11,67.46,0.51,0.73,Jamuna_Jamalpur
2009-01-07,0.0,25.02,12.5,1.1,67.07,0.51,0.72,Jamuna_Jamalpur
2009-01-08,0.0,26.11,13.78,1.1,68.23,0.51,0.87,Jamuna_Jamalpur
2009-01-09,0.0,26.62,14.04,1.37,71.4,0.51,0.87,Jamuna_Jamalpur
2009-01-10,0.0,25.87,12.91,1.59,71.13,0.5,0.83,Jamuna_Jamalpur
2009-01-11,0.0,24.82,13.59,1.43,71.78,0.5,0.67,Jamuna_Jamalpur
2009-01-12,0.0,25.02,14.36,1.37,72.36,0.5,0.67,Jamuna_Jamalpur
2009-01-13,0.0,24.55,11.88,1.12,72.37,0.5,0.65,Jamuna_Jamalpur
2009-01-14,0.0,25.37,11.69,1.19,71.56,0.49,0.66,Jamuna_Jamalpur
2009-01-15,0.0,25.68,12.55,1.15,69.02,0.49,0.68,Jamuna_Jamalpur
2009-01-16,0.0,26.23,13.61,0.92,68.91,0.49,0.68,Jamuna_Jamalpur
2009-01-17,0.0,26.01,13.23,1.01,68.09,0.48,0.7,Jamuna_Jamalpur
2009-01-18,0.0,26.34,14.46,1.17,64.75,0.48,0.67,Jamuna_Jamalpur
2009-01-19,0.0,25.68,13.79,1.17,61.51,0.48,0.56,Jamuna_Jamalpur
2009-01-20,0.0,25.41,14.82,0.95,61.05,0.48,0.51,Jamuna_Jamalpur
2009-01-21,0.0,24.79,12.98,1.05,67.71,0.48,0.46,Jamuna_Jamalpur
2009-01-22,0.0,24.13,13.67,0.92,77.33,0.47,0.4,Jamuna_Jamalpur
2009-01-23,0.0,25.17,13.98,0.91,72.61,0.47,0.47,Jamuna_Jamalpur
2009-01-24,0.0,25.63,14.27,1.04,70.41,0.47,0.43,Jamuna_Jamalpur
2009-01-25,0.0,25.6,14.84,1.29,70.5,0.47,0.38,Jamuna_Jamalpur
2009-01-26,0.0,26.94,14.13,1.61,67.94,0.47,0.46,Jamuna_Jamalpur
2009-01-27,0.0,27.39,13.98,1.41,66.48,0.46,0.48,Jamuna_Jamalpur
2009-01-28,0.0,26.98,14.08,1.69,60.29,0.46,0.5,Jamuna_Jamalpur
2009-01-29,0.0,27.09,14.08,1.25,52.59,0.46,0.59,Jamuna_Jamalpur
2009-01-30,0.0,26.95,12.68,1.32,67.82,0.46,0.48,Jamuna_Jamalpur
2009-01-31,0.0,26.44,14.9,1.09,59.7,0.45,0.45,Jamuna_Jamalpur
2009-02-01,0.0,26.28,14.32,1.21,51.8,0.45,0.46,Jamuna_Jamalpur
2009-02-02,0.0,26.07,11.66,1.33,65.71,0.45,0.45,Jamuna_Jamalpur
2009-02-03,0.0,26.57,13.72,1.25,63.0,0.45,0.43,Jamuna_Jamalpur
2009-02-04,0.0,26.82,13.67,1.21,62.2,0.44,0.43,Jamuna_Jamalpur
2009-02-05,0.0,28.18,13.26,1.18,63.5,0.44,0.43,Jamuna_Jamalpur
2009-02-06,0.0,29.4,15.17,1.35,58.92,0.44,0.47,Jamuna_Jamalpur
2009-02-07,28.05,28.45,15.0,1.25,62.52,0.49,0.88,Jamuna_Jamalpur
2009-02-08,0.0,28.95,15.23,1.51,57.58,0.48,0.88,Jamuna_Jamalpur
2009-02-09,0.0,28.33,15.16,1.24,58.41,0.48,0.8,Jamuna_Jamalpur
2009-02-10,0.0,28.94,14.48,1.15,62.24,0.47,0.8,Jamuna_Jamalpur
2009-02-11,0.0,29.93,15.92,1.12,59.19,0.47,0.81,Jamuna_Jamalpur
2009-02-12,1.35,28.84,16.99,1.84,59.52,0.47,0.65,Jamuna_Jamalpur
2009-02-13,0.0,27.13,13.73,1.71,52.6,0.47,0.73,Jamuna_Jamalpur
2009-02-14,0.0,28.23,14.96,1.5,50.24,0.46,0.65,Jamuna_Jamalpur
2009-02-15,0.0,28.86,15.94,1.06,47.9,0.46,0.65,Jamuna_Jamalpur
2009-02-16,0.0,29.42,15.99,1.27,46.77,0.46,0.68,Jamuna_Jamalpur
2009-02-17,0.0,29.81,15.15,1.4,51.29,0.45,0.65,Jamuna_Jamalpur
2009-02-18,0.0,30.16,15.23,1.34,49.16,0.45,0.64,Jamuna_Jamalpur
2009-02-19,0.0,29.46,16.51,1.23,40.4,0.45,0.58,Jamuna_Jamalpur
2009-02-20,0.0,30.82,15.78,1.47,41.31,0.44,0.63,Jamuna_Jamalpur
2009-02-21,0.0,28.64,15.07,1.66,42.26,0.44,0.52,Jamuna_Jamalpur
2009-02-22,0.0,30.4,12.9,2.24,44.23,0.44,0.53,Jamuna_Jamalpur
2009-02-23,0.0,29.75,14.19,1.28,41.86,0.43,0.49,Jamuna_Jamalpur
2009-02-24,0.0,31.04,14.43,1.85,43.29,0.43,0.51,Jamuna_Jamalpur
2009-02-25,0.57,33.02,15.87,2.28,49.36,0.43,0.53,Jamuna_Jamalpur
2009-02-26,0.62,31.94,16.19,1.87,45.65,0.43,0.49,Jamuna_Jamalpur
2009-02-27,0.0,32.74,16.31,1.93,41.32,0.42,0.49,Jamuna_Jamalpur
2009-02-28,0.0,31.99,14.88,2.05,42.31,0.42,0.46,Jamuna_Jamalpur
2009-03-01,0.0,31.08,12.77,1.94,33.58,0.42,0.42,Jamuna_Jamalpur
2009-03-02,0.0,30.62,13.9,1.64,35.28,0.41,0.42,Jamuna_Jamalpur
2009-03-03,0.0,30.78,13.72,1.61,43.39,0.41,0.35,Jamuna_Jamalpur
2009-03-04,0.01,31.65,16.52,1.5,42.93,0.41,0.34,Jamuna_Jamalpur
2009-03-05,0.0,32.86,16.18,1.88,48.01,0.4,0.33,Jamuna_Jamalpur
2009-03-06,2.2,33.65,17.67,1.67,44.24,0.4,0.35,Jamuna_Jamalpur
2009-03-07,0.0,33.09,17.13,1.46,35.68,0.4,0.35,Jamuna_Jamalpur
2009-03-08,0.0,33.81,15.46,1.48,34.68,0.4,0.33,Jamuna_Jamalpur
2009-03-09,0.0,35.14,20.37,1.1,34.7,0.4,0.35,Jamuna_Jamalpur
2009-03-10,0.0,35.09,19.73,1.9,41.43,0.39,0.26,Jamuna_Jamalpur
2009-03-11,0.0,34.75,18.83,2.74,38.34,0.39,0.25,Jamuna_Jamalpur
2009-03-12,0.0,34.31,17.34,2.21,26.46,0.39,0.25,Jamuna_Jamalpur
2009-03-13,0.0,34.37,17.21,1.36,29.36,0.38,0.22,Jamuna_Jamalpur
2009-03-14,0.0,33.5,17.24,1.28,35.39,0.38,0.16,Jamuna_Jamalpur
2009-03-15,0.0,32.4,20.15,0.89,34.63,0.38,0.11,Jamuna_Jamalpur
2009-03-16,0.0,31.4,19.48,1.43,36.69,0.38,0.1,Jamuna_Jamalpur
2009-03-17,0.0,35.34,19.05,1.39,32.38,0.37,0.17,Jamuna_Jamalpur
2009-03-18,0.0,35.57,20.64,1.02,31.38,0.37,0.15,Jamuna_Jamalpur
2009-03-19,0.09,35.9,20.5,1.84,38.04,0.37,0.14,Jamuna_Jamalpur
2009-03-20,0.0,35.58,20.37,1.8,42.88,0.37,0.12,Jamuna_Jamalpur
2009-03-21,0.13,35.77,19.89,1.38,41.12,0.36,0.11,Jamuna_Jamalpur
2009-03-22,0.5,34.68,21.27,1.52,44.47,0.36,0.09,Jamuna_Jamalpur
2009-03-23,0.0,35.48,21.26,1.68,40.39,0.36,0.09,Jamuna_Jamalpur
2009-03-24,0.0,36.4,21.31,1.35,36.02,0.36,0.09,Jamuna_Jamalpur
2009-03-25,0.0,36.53,20.54,1.57,36.7,0.35,0.07,Jamuna_Jamalpur
2009-03-26,0.01,35.75,20.85,1.55,35.61,0.35,0.06,Jamuna_Jamalpur
2009-03-27,1.6,33.84,22.61,1.2,35.46,0.35,0.05,Jamuna_Jamalpur
2009-03-28,0.22,33.54,20.35,1.13,45.7,0.35,0.04,Jamuna_Jamalpur
2009-03-29,10.69,33.69,20.35,1.46,54.74,0.36,0.06,Jamuna_Jamalpur
2009-03-30,8.15,32.12,21.41,1.9,69.13,0.38,0.12,Jamuna_Jamalpur
2009-03-31,5.58,35.48,22.54,2.39,65.08,0.38,0.22,Jamuna_Jamalpur
2009-04-01,1.79,34.95,21.44,1.86,60.99,0.38,0.26,Jamuna_Jamalpur
2009-04-02,1.3,35.38,21.4,1.75,57.93,0.38,0.24,Jamuna_Jamalpur
2009-04-03,7.01,33.2,21.79,1.61,59.25,0.39,0.25,Jamuna_Jamalpur
2009-04-04,6.02,34.21,23.58,2.07,62.82,0.39,0.33,Jamuna_Jamalpur
2009-04-05,1.06,37.2,23.36,2.06,55.55,0.39,0.38,Jamuna_Jamalpur
2009-04-06,1.02,36.44,22.04,1.19,47.74,0.39,0.39,Jamuna_Jamalpur
2009-04-07,1.5,37.0,22.44,1.68,46.94,0.39,0.34,Jamuna_Jamalpur
2009-04-08,0.49,38.17,21.52,1.6,44.45,0.39,0.33,Jamuna_Jamalpur
2009-04-09,0.08,37.61,24.14,1.44,39.0,0.38,0.27,Jamuna_Jamalpur
2009-04-10,0.63,37.0,23.56,1.8,43.05,0.38,0.25,Jamuna_Jamalpur
2009-04-11,0.39,37.88,21.73,1.77,36.47,0.38,0.25,Jamuna_Jamalpur
2009-04-12,0.0,37.91,20.34,1.53,34.91,0.37,0.2,Jamuna_Jamalpur
2009-04-13,0.02,37.65,22.0,1.41,38.58,0.37,0.18,Jamuna_Jamalpur
2009-04-14,0.24,38.51,22.8,1.73,42.43,0.37,0.16,Jamuna_Jamalpur
2009-04-15,0.08,38.56,23.3,1.81,41.51,0.36,0.13,Jamuna_Jamalpur
2009-04-16,0.0,37.56,24.92,2.26,54.13,0.36,0.12,Jamuna_Jamalpur
2009-04-17,0.49,36.62,25.22,2.7,58.67,0.36,0.09,Jamuna_Jamalpur
2009-04-18,0.28,40.23,24.65,2.83,48.34,0.36,0.09,Jamuna_Jamalpur
2009-04-19,1.08,39.96,22.82,1.97,45.39,0.35,0.08,Jamuna_Jamalpur
2009-04-20,11.53,35.51,24.77,2.52,66.27,0.37,0.11,Jamuna_Jamalpur
2009-04-21,12.96,34.83,25.02,2.55,68.69,0.39,0.29,Jamuna_Jamalpur
2009-04-22,1.5,39.33,25.52,2.29,61.05,0.39,0.37,Jamuna_Jamalpur
2009-04-23,1.17,40.26,25.08,2.72,50.28,0.39,0.35,Jamuna_Jamalpur
2009-04-24,0.21,39.29,20.99,1.63,34.96,0.38,0.3,Jamuna_Jamalpur
2009-04-25,0.0,39.23,21.84,1.83,40.15,0.38,0.25,Jamuna_Jamalpur
2009-04-26,0.0,39.59,22.29,1.44,41.63,0.37,0.22,Jamuna_Jamalpur
2009-04-27,0.0,40.44,24.57,1.43,29.48,0.37,0.2,Jamuna_Jamalpur
2009-04-28,0.0,38.76,22.13,2.19,47.96,0.37,0.14,Jamuna_Jamalpur
2009-04-29,1.19,37.59,26.25,2.79,52.95,0.37,0.13,Jamuna_Jamalpur
2009-04-30,15.73,34.31,26.34,3.13,64.69,0.38,0.19,Jamuna_Jamalpur
2009-05-01,22.99,33.81,25.79,3.68,71.92,0.4,0.29,Jamuna_Jamalpur
2009-05-02,11.3,30.61,25.07,2.9,78.2,0.44,0.36,Jamuna_Jamalpur
2009-05-03,13.48,32.47,24.17,1.53,71.67,0.45,0.74,Jamuna_Jamalpur
2009-05-04,4.96,31.86,24.58,1.12,73.79,0.46,0.75,Jamuna_Jamalpur
2009-05-05,2.02,35.3,25.24,1.22,59.97,0.46,1.45,Jamuna_Jamalpur
2009-05-06,2.45,36.96,25.2,2.51,63.43,0.46,1.41,Jamuna_Jamalpur
2009-05-07,0.12,38.44,25.94,2.07,55.61,0.45,1.53,Jamuna_Jamalpur
2009-05-08,0.03,39.09,24.87,2.14,49.66,0.45,1.38,Jamuna_Jamalpur
2009-05-09,2.76,39.64,24.99,2.27,56.48,0.44,1.26,Jamuna_Jamalpur
2009-05-10,12.93,35.44,25.32,3.53,68.66,0.45,1.06,Jamuna_Jamalpur
2009-05-11,5.39,36.19,26.28,2.75,65.11,0.46,1.27,Jamuna_Jamalpur
2009-05-12,2.59,32.24,25.26,1.47,64.23,0.46,0.8,Jamuna_Jamalpur
2009-05-13,7.19,31.65,23.76,2.29,72.17,0.46,0.93,Jamuna_Jamalpur
2009-05-14,4.91,33.68,23.63,1.64,65.25,0.47,1.56,Jamuna_Jamalpur
2009-05-15,1.48,35.61,24.22,2.02,60.73,0.47,1.67,Jamuna_Jamalpur
2009-05-16,4.52,33.7,25.53,1.99,66.66,0.46,1.12,Jamuna_Jamalpur
2009-05-17,8.45,33.35,25.67,2.24,70.1,0.47,1.18,Jamuna_Jamalpur
2009-05-18,23.38,34.01,26.03,2.5,76.15,0.5,1.79,Jamuna_Jamalpur
2009-05-19,5.49,34.36,25.89,2.14,74.15,0.5,2.19,Jamuna_Jamalpur
2009-05-20,1.04,35.51,25.74,1.65,68.58,0.5,2.51,Jamuna_Jamalpur
2009-05-21,0.15,36.35,26.92,1.5,62.37,0.49,2.33,Jamuna_Jamalpur
2009-05-22,4.22,37.15,26.84,1.65,61.21,0.49,2.47,Jamuna_Jamalpur
2009-05-23,8.06,37.23,26.88,1.26,59.01,0.49,2.67,Jamuna_Jamalpur
2009-05-24,9.27,32.73,27.18,2.14,72.06,0.5,1.14,Jamuna_Jamalpur
2009-05-25,34.79,29.55,24.92,5.57,86.31,0.52,0.77,Jamuna_Jamalpur
2009-05-26,27.08,30.89,25.78,5.8,82.42,0.59,2.31,Jamuna_Jamalpur
2009-05-27,2.09,34.02,24.08,1.02,73.16,0.58,4.74,Jamuna_Jamalpur
2009-05-28,0.13,32.54,26.23,1.36,76.62,0.57,3.03,Jamuna_Jamalpur
2009-05-29,5.6,33.95,25.62,1.35,76.22,0.57,3.39,Jamuna_Jamalpur
2009-05-30,4.12,33.51,26.08,1.84,77.61,0.57,3.49,Jamuna_Jamalpur
2009-05-31,4.32,31.76,25.84,1.95,78.3,0.57,2.11,Jamuna_Jamalpur
2009-06-01,4.99,32.2,25.62,2.24,80.34,0.57,2.9,Jamuna_Jamalpur
2009-06-02,2.7,34.67,25.69,1.73,72.93,0.56,4.37,Jamuna_Jamalpur
2009-06-03,2.88,34.7,25.87,1.34,71.36,0.56,4.1,Jamuna_Jamalpur
2009-06-04,1.67,34.7,25.97,1.65,70.53,0.55,3.85,Jamuna_Jamalpur
2009-06-05,4.71,31.63,26.59,1.46,77.66,0.55,1.62,Jamuna_Jamalpur
2009-06-06,2.63,34.39,27.05,0.93,68.62,0.55,3.3,Jamuna_Jamalpur
2009-06-07,8.27,34.66,26.85,1.62,70.56,0.55,3.54,Jamuna_Jamalpur
2009-06-08,4.96,37.07,25.56,1.92,66.17,0.54,3.92,Jamuna_Jamalpur
2009-06-09,6.78,37.31,26.3,2.99,74.84,0.55,3.52,Jamuna_Jamalpur
2009-06-10,18.72,34.47,26.22,2.78,77.39,0.55,3.0,Jamuna_Jamalpur
2009-06-11,19.03,33.47,25.52,2.45,78.7,0.58,3.57,Jamuna_Jamalpur
2009-06-12,10.07,33.06,25.89,2.47,80.38,0.59,3.81,Jamuna_Jamalpur
2009-06-13,17.1,30.78,26.33,2.3,86.51,0.6,1.88,Jamuna_Jamalpur
2009-06-14,15.73,33.13,26.33,2.42,80.93,0.62,3.88,Jamuna_Jamalpur
2009-06-15,3.79,31.6,26.45,2.12,87.15,0.62,1.74,Jamuna_Jamalpur
2009-06-16,1.94,32.24,26.46,2.31,84.92,0.61,2.12,Jamuna_Jamalpur
2009-06-17,1.0,33.34,26.31,1.71,80.61,0.61,3.09,Jamuna_Jamalpur
2009-06-18,0.08,32.59,25.88,1.65,81.63,0.6,2.28,Jamuna_Jamalpur
2009-06-19,0.82,34.56,26.75,2.05,79.5,0.6,3.32,Jamuna_Jamalpur
2009-06-20,2.35,34.13,26.1,2.71,80.34,0.59,4.27,Jamuna_Jamalpur
2009-06-21,1.36,34.58,27.14,2.93,78.85,0.59,4.01,Jamuna_Jamalpur
2009-06-22,1.15,34.02,26.31,2.75,81.09,0.58,3.01,Jamuna_Jamalpur
2009-06-23,1.27,34.55,26.88,2.57,77.83,0.57,3.43,Jamuna_Jamalpur
2009-06-24,0.62,33.76,26.81,2.16,78.38,0.56,2.94,Jamuna_Jamalpur
2009-06-25,1.48,34.99,26.77,2.36,75.69,0.56,3.78,Jamuna_Jamalpur
2009-06-26,0.02,33.36,26.31,3.08,78.06,0.55,2.7,Jamuna_Jamalpur
2009-06-27,12.89,34.32,26.79,2.46,78.62,0.55,2.67,Jamuna_Jamalpur
2009-06-28,17.42,33.06,27.06,2.64,83.59,0.57,2.15,Jamuna_Jamalpur
2009-06-29,26.75,32.09,27.09,3.27,87.16,0.6,1.99,Jamuna_Jamalpur
2009-06-30,40.76,31.1,27.22,3.01,90.74,0.64,1.23,Jamuna_Jamalpur
2009-07-01,22.77,30.48,26.65,2.95,90.5,0.69,1.8,Jamuna_Jamalpur
2009-07-02,43.46,30.44,26.69,2.38,90.46,0.73,1.56,Jamuna_Jamalpur
2009-07-03,23.85,29.95,25.98,3.21,91.0,0.76,1.89,Jamuna_Jamalpur
2009-07-04,6.34,31.09,25.96,3.47,90.29,0.76,2.21,Jamuna_Jamalpur
2009-07-05,0.81,32.52,25.59,2.89,86.38,0.75,5.01,Jamuna_Jamalpur
2009-07-06,5.67,31.67,25.86,2.41,87.02,0.74,3.96,Jamuna_Jamalpur
2009-07-07,4.19,32.17,26.42,3.38,88.08,0.74,3.87,Jamuna_Jamalpur
2009-07-08,1.33,32.36,26.36,2.9,85.35,0.73,4.94,Jamuna_Jamalpur
2009-07-09,4.26,32.3,26.12,3.26,87.43,0.72,4.18,Jamuna_Jamalpur
2009-07-10,2.85,31.47,25.92,3.23,86.76,0.71,4.45,Jamuna_Jamalpur
2009-07-11,1.09,32.75,25.7,2.78,85.31,0.7,5.5,Jamuna_Jamalpur
2009-07-12,0.43,33.21,26.5,2.95,85.1,0.69,5.68,Jamuna_Jamalpur
2009-07-13,2.94,33.57,26.27,1.91,83.74,0.68,5.08,Jamuna_Jamalpur
2009-07-14,1.22,31.55,27.13,2.35,86.75,0.68,2.94,Jamuna_Jamalpur
2009-07-15,2.2,33.68,26.65,3.76,84.0,0.67,5.43,Jamuna_Jamalpur
2009-07-16,3.54,33.67,26.43,3.48,83.82,0.66,5.01,Jamuna_Jamalpur
2009-07-17,0.78,33.59,26.32,2.52,81.63,0.65,5.73,Jamuna_Jamalpur
2009-07-18,3.0,31.8,26.42,1.76,85.7,0.64,2.96,Jamuna_Jamalpur
2009-07-19,9.71,33.43,26.97,2.06,83.07,0.64,3.73,Jamuna_Jamalpur
2009-07-20,1.12,34.37,26.21,2.83,80.44,0.64,5.78,Jamuna_Jamalpur
2009-07-21,2.43,33.46,26.11,3.56,83.03,0.63,4.56,Jamuna_Jamalpur
2009-07-22,3.54,33.13,26.3,3.98,83.86,0.62,4.33,Jamuna_Jamalpur
2009-07-23,0.57,33.9,25.84,2.71,81.46,0.61,5.39,Jamuna_Jamalpur
2009-07-24,5.15,33.01,26.88,2.3,83.41,0.61,3.19,Jamuna_Jamalpur
2009-07-25,13.42,33.45,27.11,1.87,82.35,0.61,3.16,Jamuna_Jamalpur
2009-07-26,19.45,30.66,27.32,1.68,88.15,0.63,1.1,Jamuna_Jamalpur
2009-07-27,29.68,31.25,26.57,2.2,89.06,0.67,1.83,Jamuna_Jamalpur
2009-07-28,42.97,31.38,26.97,2.51,89.38,0.71,2.41,Jamuna_Jamalpur
2009-07-29,21.36,32.25,26.44,2.12,86.33,0.73,3.51,Jamuna_Jamalpur
2009-07-30,15.23,30.77,26.58,2.16,87.38,0.75,2.38,Jamuna_Jamalpur
2009-07-31,18.99,32.66,26.11,1.69,85.51,0.76,3.67,Jamuna_Jamalpur
2009-08-01,15.86,31.99,26.76,1.36,85.63,0.77,2.93,Jamuna_Jamalpur
2009-08-02,8.89,33.15,27.73,0.56,76.84,0.78,3.79,Jamuna_Jamalpur
2009-08-03,15.76,33.9,28.14,1.05,80.68,0.78,3.88,Jamuna_Jamalpur
2009-08-04,20.98,31.64,27.54,1.81,90.04,0.79,1.63,Jamuna_Jamalpur
2009-08-05,32.03,32.25,27.72,1.17,87.41,0.82,1.84,Jamuna_Jamalpur
2009-08-06,24.61,33.19,27.47,1.02,85.76,0.85,3.23,Jamuna_Jamalpur
2009-08-07,5.97,32.08,27.43,1.2,84.57,0.85,2.41,Jamuna_Jamalpur
2009-08-08,9.72,33.91,27.47,1.15,80.76,0.84,4.62,Jamuna_Jamalpur
2009-08-09,5.88,30.24,27.58,1.5,92.07,0.85,0.83,Jamuna_Jamalpur
2009-08-10,1.45,31.75,26.43,2.03,89.46,0.85,2.47,Jamuna_Jamalpur
2009-08-11,1.03,31.01,26.95,2.43,89.87,0.84,2.01,Jamuna_Jamalpur
2009-08-12,2.93,30.87,26.76,2.69,90.39,0.83,2.09,Jamuna_Jamalpur
2009-08-13,29.33,30.83,26.63,2.5,90.25,0.84,1.97,Jamuna_Jamalpur
2009-08-14,21.09,30.16,26.44,2.79,90.62,0.87,2.04,Jamuna_Jamalpur
2009-08-15,15.4,31.01,25.95,2.82,89.97,0.87,2.53,Jamuna_Jamalpur
2009-08-16,67.06,30.67,25.77,2.98,89.5,0.9,1.83,Jamuna_Jamalpur
2009-08-17,27.63,31.3,25.49,2.83,88.7,0.93,2.98,Jamuna_Jamalpur
2009-08-18,107.89,30.2,25.23,3.05,91.94,0.96,1.31,Jamuna_Jamalpur
2009-08-19,46.52,29.45,26.0,2.73,93.8,0.99,0.61,Jamuna_Jamalpur
2009-08-20,18.15,30.8,25.2,2.37,90.66,0.98,1.89,Jamuna_Jamalpur
2009-08-21,6.16,29.05,25.04,2.78,92.24,0.98,1.28,Jamuna_Jamalpur
2009-08-22,19.29,31.25,24.78,1.94,88.39,0.97,2.32,Jamuna_Jamalpur
2009-08-23,8.18,30.09,25.56,2.02,89.8,0.97,1.75,Jamuna_Jamalpur
2009-08-24,6.28,30.81,25.17,1.69,85.42,0.97,2.21,Jamuna_Jamalpur
2009-08-25,1.23,30.56,25.55,1.87,87.44,0.96,2.31,Jamuna_Jamalpur
2009-08-26,16.48,29.9,25.14,2.36,90.56,0.96,1.6,Jamuna_Jamalpur
2009-08-27,6.84,29.09,25.24,3.89,92.74,0.96,1.24,Jamuna_Jamalpur
2009-08-28,4.76,29.48,24.77,2.06,90.29,0.96,1.67,Jamuna_Jamalpur
2009-08-29,1.05,31.73,24.76,1.3,85.44,0.95,4.26,Jamuna_Jamalpur
2009-08-30,12.85,32.17,26.52,0.72,81.32,0.95,2.66,Jamuna_Jamalpur
2009-08-31,6.2,30.22,26.62,0.84,85.92,0.95,1.58,Jamuna_Jamalpur
2009-09-01,0.29,33.06,26.25,0.94,80.22,0.94,5.54,Jamuna_Jamalpur
2009-09-02,3.82,32.62,26.26,0.58,80.32,0.94,5.18,Jamuna_Jamalpur
2009-09-03,4.02,32.54,26.75,1.4,85.47,0.93,3.03,Jamuna_Jamalpur
2009-09-04,3.68,30.73,25.9,2.36,90.97,0.93,1.93,Jamuna_Jamalpur
2009-09-05,6.83,29.14,25.28,3.2,91.71,0.93,1.45,Jamuna_Jamalpur
2009-09-06,3.94,29.58,25.22,3.08,91.7,0.93,1.45,Jamuna_Jamalpur
2009-09-07,5.44,30.92,25.14,2.29,89.63,0.92,2.57,Jamuna_Jamalpur
2009-09-08,6.95,30.48,25.82,3.73,89.83,0.92,2.64,Jamuna_Jamalpur
2009-09-09,9.86,28.3,24.84,2.98,91.6,0.92,1.41,Jamuna_Jamalpur
2009-09-10,9.22,30.18,23.8,1.41,85.69,0.92,3.42,Jamuna_Jamalpur
2009-09-11,9.8,30.66,23.57,1.36,84.96,0.92,3.99,Jamuna_Jamalpur
2009-09-12,0.0,32.42,25.01,0.86,79.81,0.91,6.27,Jamuna_Jamalpur
2009-09-13,0.0,32.65,25.97,1.02,79.43,0.9,5.66,Jamuna_Jamalpur
2009-09-14,1.54,31.3,26.46,1.06,83.88,0.9,2.85,Jamuna_Jamalpur
2009-09-15,3.73,30.48,25.72,1.14,86.25,0.9,2.41,Jamuna_Jamalpur
2009-09-16,7.44,31.05,25.07,1.34,85.03,0.9,3.61,Jamuna_Jamalpur
2009-09-17,7.35,28.95,24.94,1.76,90.5,0.9,1.65,Jamuna_Jamalpur
2009-09-18,5.91,30.11,24.42,2.34,90.47,0.89,2.89,Jamuna_Jamalpur
2009-09-19,6.32,28.47,25.47,2.03,90.97,0.9,1.25,Jamuna_Jamalpur
2009-09-20,14.03,29.69,24.89,1.84,90.3,0.89,2.72,Jamuna_Jamalpur
2009-09-21,58.51,29.75,24.4,1.81,90.96,0.93,2.04,Jamuna_Jamalpur
2009-09-22,13.04,29.85,24.37,1.91,90.41,0.95,2.82,Jamuna_Jamalpur
2009-09-23,7.19,28.06,24.15,2.26,92.35,0.94,1.66,Jamuna_Jamalpur
2009-09-24,2.6,29.92,24.83,1.7,89.21,0.93,2.77,Jamuna_Jamalpur
2009-09-25,1.25,30.29,23.94,1.36,88.22,0.93,3.23,Jamuna_Jamalpur
2009-09-26,0.13,31.42,24.8,0.93,85.24,0.92,4.0,Jamuna_Jamalpur
2009-09-27,0.0,31.02,25.47,1.24,85.22,0.91,2.45,Jamuna_Jamalpur
2009-09-28,1.49,30.18,25.88,0.98,86.04,0.91,1.95,Jamuna_Jamalpur
2009-09-29,3.36,32.23,25.06,0.66,80.45,0.91,4.18,Jamuna_Jamalpur
2009-09-30,0.34,30.36,25.73,1.59,89.74,0.9,2.8,Jamuna_Jamalpur
2009-10-01,0.0,32.7,24.96,1.13,84.32,0.9,4.97,Jamuna_Jamalpur
2009-10-02,1.3,32.4,25.79,0.62,78.5,0.89,2.89,Jamuna_Jamalpur
2009-10-03,11.72,30.3,25.57,1.08,84.86,0.89,1.5,Jamuna_Jamalpur
2009-10-04,18.14,30.16,24.75,2.87,90.84,0.9,2.19,Jamuna_Jamalpur
2009-10-05,15.13,29.74,24.56,1.53,89.75,0.92,1.95,Jamuna_Jamalpur
2009-10-06,18.01,29.39,24.87,1.88,91.86,0.92,1.79,Jamuna_Jamalpur
2009-10-07,41.98,28.34,25.49,2.25,95.0,0.94,0.48,Jamuna_Jamalpur
2009-10-08,24.59,28.69,25.18,2.87,95.05,0.96,0.56,Jamuna_Jamalpur
2009-10-09,5.25,30.28,23.58,2.08,87.65,0.96,3.52,Jamuna_Jamalpur
2009-10-10,0.23,29.99,21.13,1.04,79.57,0.95,4.88,Jamuna_Jamalpur
2009-10-11,0.0,30.66,23.22,0.73,79.4,0.94,6.06,Jamuna_Jamalpur
2009-10-12,0.0,30.56,22.52,1.17,82.8,0.93,5.22,Jamuna_Jamalpur
2009-10-13,0.0,31.24,22.01,1.0,81.77,0.92,5.88,Jamuna_Jamalpur
2009-10-14,0.0,30.83,22.05,1.28,84.1,0.92,5.52,Jamuna_Jamalpur
2009-10-15,0.54,30.21,22.58,0.97,83.39,0.91,3.88,Jamuna_Jamalpur
2009-10-16,1.01,30.91,24.19,0.67,78.14,0.91,5.19,Jamuna_Jamalpur
2009-10-17,3.89,30.16,22.49,1.26,85.15,0.9,5.02,Jamuna_Jamalpur
2009-10-18,0.61,30.44,23.03,0.96,83.32,0.9,5.05,Jamuna_Jamalpur
2009-10-19,0.04,29.23,20.84,1.12,80.35,0.89,5.04,Jamuna_Jamalpur
2009-10-20,0.0,28.76,18.8,0.91,74.27,0.88,5.07,Jamuna_Jamalpur
2009-10-21,0.0,29.66,18.69,1.09,75.91,0.87,5.46,Jamuna_Jamalpur
2009-10-22,0.0,29.7,19.11,1.19,82.75,0.86,5.38,Jamuna_Jamalpur
2009-10-23,0.0,28.87,18.96,1.42,83.97,0.85,4.99,Jamuna_Jamalpur
2009-10-24,0.0,28.51,19.32,1.39,83.35,0.85,4.73,Jamuna_Jamalpur
2009-10-25,0.0,28.53,19.26,1.3,80.39,0.84,5.02,Jamuna_Jamalpur
2009-10-26,0.0,28.69,18.28,1.51,84.22,0.83,4.76,Jamuna_Jamalpur
2009-10-27,0.0,28.47,17.97,1.55,85.07,0.82,4.64,Jamuna_Jamalpur
2009-10-28,0.0,28.47,18.37,1.56,85.49,0.81,4.42,Jamuna_Jamalpur
2009-10-29,0.0,29.2,18.06,1.41,84.21,0.81,5.04,Jamuna_Jamalpur
2009-10-30,0.0,27.74,18.45,1.56,84.65,0.8,3.36,Jamuna_Jamalpur
2009-10-31,0.0,27.68,19.6,1.36,84.4,0.79,3.27,Jamuna_Jamalpur
2009-11-01,0.0,27.44,18.2,1.1,85.17,0.79,3.09,Jamuna_Jamalpur
2009-11-02,0.0,26.64,19.29,1.11,86.41,0.78,1.77,Jamuna_Jamalpur
2009-11-03,0.0,28.96,19.25,1.19,83.9,0.78,4.74,Jamuna_Jamalpur
2009-11-04,0.0,28.59,19.88,1.26,80.96,0.77,4.36,Jamuna_Jamalpur
2009-11-05,0.0,28.45,20.64,0.99,78.34,0.76,3.79,Jamuna_Jamalpur
2009-11-06,0.0,30.12,20.24,1.03,80.23,0.76,4.94,Jamuna_Jamalpur
2009-11-07,0.0,29.09,19.25,1.32,81.23,0.75,4.57,Jamuna_Jamalpur
2009-11-08,0.0,29.13,18.44,1.32,81.4,0.74,4.53,Jamuna_Jamalpur
2009-11-09,0.0,28.67,18.23,1.2,77.68,0.73,4.05,Jamuna_Jamalpur
2009-11-10,0.0,27.19,19.21,0.8,76.05,0.73,2.92,Jamuna_Jamalpur
2009-11-11,0.0,26.99,17.77,1.05,80.42,0.72,2.48,Jamuna_Jamalpur
2009-11-12,0.0,28.5,18.51,1.05,80.29,0.72,3.07,Jamuna_Jamalpur
2009-11-13,0.0,28.45,18.83,1.07,79.55,0.71,3.08,Jamuna_Jamalpur
2009-11-14,0.1,28.61,21.58,1.08,81.06,0.71,3.01,Jamuna_Jamalpur
2009-11-15,0.21,28.01,20.15,1.59,84.64,0.7,2.81,Jamuna_Jamalpur
2009-11-16,3.66,28.03,19.58,1.66,86.16,0.7,2.62,Jamuna_Jamalpur
2009-11-17,0.53,24.95,19.88,1.5,87.5,0.7,1.77,Jamuna_Jamalpur
2009-11-18,0.05,25.4,18.48,1.01,84.96,0.69,2.38,Jamuna_Jamalpur
2009-11-19,0.0,26.41,17.03,1.38,83.3,0.68,2.54,Jamuna_Jamalpur
2009-11-20,0.0,25.66,15.08,1.47,76.13,0.68,2.56,Jamuna_Jamalpur
2009-11-21,0.0,24.78,12.63,1.29,75.41,0.67,2.56,Jamuna_Jamalpur
2009-11-22,0.0,25.22,14.03,0.99,81.47,0.67,2.44,Jamuna_Jamalpur
2009-11-23,0.0,25.55,14.68,1.17,81.05,0.66,2.63,Jamuna_Jamalpur
2009-11-24,0.0,25.52,15.53,1.31,80.61,0.66,2.43,Jamuna_Jamalpur
2009-11-25,0.0,25.27,14.48,1.51,80.68,0.65,2.34,Jamuna_Jamalpur
2009-11-26,0.0,25.68,14.48,1.41,81.87,0.65,2.37,Jamuna_Jamalpur
2009-11-27,0.0,25.38,14.44,1.27,80.52,0.64,2.08,Jamuna_Jamalpur
2009-11-28,0.0,25.89,13.94,0.99,80.6,0.64,2.36,Jamuna_Jamalpur
2009-11-29,0.0,25.98,14.73,0.86,79.71,0.64,2.28,Jamuna_Jamalpur
2009-11-30,0.0,26.11,15.34,0.86,78.96,0.63,2.33,Jamuna_Jamalpur
2009-12-01,0.0,26.66,15.94,0.9,77.46,0.63,2.25,Jamuna_Jamalpur
2009-12-02,0.0,25.94,16.33,0.81,77.31,0.62,2.09,Jamuna_Jamalpur
2009-12-03,0.0,26.45,15.78,0.92,79.77,0.62,2.03,Jamuna_Jamalpur
2009-12-04,0.0,25.46,16.55,1.08,82.55,0.61,1.77,Jamuna_Jamalpur
2009-12-05,0.0,25.28,16.13,1.06,80.48,0.61,1.59,Jamuna_Jamalpur
2009-12-06,0.0,24.51,15.71,1.02,76.11,0.61,1.11,Jamuna_Jamalpur
2009-12-07,0.0,23.94,14.43,0.96,73.57,0.6,1.27,Jamuna_Jamalpur
2009-12-08,0.0,24.8,13.41,1.22,73.42,0.6,1.4,Jamuna_Jamalpur
2009-12-09,0.0,24.47,12.83,1.2,80.8,0.6,1.33,Jamuna_Jamalpur
2009-12-10,0.0,23.74,12.4,1.3,81.37,0.59,1.29,Jamuna_Jamalpur
2009-12-11,0.0,22.82,12.13,1.18,81.68,0.59,1.01,Jamuna_Jamalpur
2009-12-12,0.0,23.56,12.28,1.13,82.01,0.59,1.23,Jamuna_Jamalpur
2009-12-13,0.0,25.04,12.33,1.04,78.02,0.58,1.43,Jamuna_Jamalpur
2009-12-14,0.0,25.0,14.14,1.06,76.75,0.58,1.38,Jamuna_Jamalpur
2009-12-15,0.0,24.89,13.85,1.16,77.93,0.58,1.26,Jamuna_Jamalpur
2009-12-16,0.0,24.86,15.3,0.94,75.51,0.57,1.13,Jamuna_Jamalpur
2009-12-17,0.0,25.61,14.66,1.01,73.33,0.57,1.24,Jamuna_Jamalpur
2009-12-18,0.0,25.35,15.68,1.02,72.79,0.57,1.18,Jamuna_Jamalpur
2009-12-19,4.27,25.37,17.2,1.26,76.3,0.57,1.16,Jamuna_Jamalpur
2009-12-20,0.0,25.08,14.15,1.47,73.35,0.57,1.29,Jamuna_Jamalpur
2009-12-21,0.0,24.23,11.42,1.56,76.64,0.56,1.18,Jamuna_Jamalpur
2009-12-22,0.0,23.85,11.71,1.4,80.41,0.56,1.11,Jamuna_Jamalpur
2009-12-23,0.0,23.8,11.86,1.43,77.36,0.56,1.01,Jamuna_Jamalpur
2009-12-24,0.0,22.68,12.21,1.25,74.54,0.55,0.93,Jamuna_Jamalpur
2009-12-25,0.35,22.12,10.39,1.25,76.71,0.55,0.78,Jamuna_Jamalpur
2009-12-26,0.0,21.96,11.71,1.01,76.39,0.55,0.81,Jamuna_Jamalpur
2009-12-27,0.0,22.55,10.86,1.08,77.98,0.55,0.93,Jamuna_Jamalpur
2009-12-28,0.0,22.83,11.31,1.46,77.11,0.54,0.89,Jamuna_Jamalpur
2009-12-29,0.0,22.14,10.28,1.12,71.25,0.54,0.8,Jamuna_Jamalpur
2009-12-30,0.03,22.9,9.72,1.22,77.56,0.54,0.85,Jamuna_Jamalpur
2009-12-31,0.3,19.07,11.87,1.67,81.47,0.54,0.31,Jamuna_Jamalpur
2010-01-01,0.01,22.0,9.91,1.46,76.26,0.54,0.75,Jamuna_Jamalpur
2010-01-02,0.0,23.57,8.69,1.29,76.18,0.53,0.89,Jamuna_Jamalpur
2010-01-03,0.0,24.6,9.41,1.71,74.69,0.53,0.95,Jamuna_Jamalpur
2010-01-04,0.0,22.49,8.93,1.5,69.83,0.53,0.79,Jamuna_Jamalpur
2010-01-05,0.0,22.86,10.49,1.42,68.19,0.52,0.81,Jamuna_Jamalpur
2010-01-06,0.0,23.61,9.13,1.24,73.67,0.52,0.83,Jamuna_Jamalpur
2010-01-07,0.0,25.46,9.99,1.21,71.39,0.52,0.92,Jamuna_Jamalpur
2010-01-08,0.0,25.97,11.59,1.21,69.48,0.51,0.94,Jamuna_Jamalpur
2010-01-09,0.0,24.29,11.0,1.44,65.78,0.51,0.69,Jamuna_Jamalpur
2010-01-10,0.0,24.39,10.42,1.25,65.22,0.51,0.67,Jamuna_Jamalpur
2010-01-11,0.0,22.99,10.62,1.35,61.57,0.51,0.58,Jamuna_Jamalpur
2010-01-12,0.0,22.72,9.94,1.17,60.58,0.5,0.64,Jamuna_Jamalpur
2010-01-13,0.0,23.38,8.96,1.26,68.94,0.5,0.62,Jamuna_Jamalpur
2010-01-14,0.0,24.04,12.14,1.88,68.97,0.5,0.58,Jamuna_Jamalpur
2010-01-15,0.0,25.54,11.38,1.94,68.06,0.49,0.71,Jamuna_Jamalpur
2010-01-16,0.0,25.5,10.76,1.44,72.57,0.49,0.73,Jamuna_Jamalpur
2010-01-17,0.0,26.28,11.39,1.15,70.95,0.49,0.76,Jamuna_Jamalpur
2010-01-18,0.0,26.04,11.81,1.42,69.43,0.49,0.64,Jamuna_Jamalpur
2010-01-19,0.0,25.31,12.68,1.61,64.73,0.48,0.56,Jamuna_Jamalpur
2010-01-20,0.0,26.06,10.43,1.88,67.9,0.48,0.63,Jamuna_Jamalpur
2010-01-21,0.0,26.02,10.28,1.88,71.22,0.48,0.66,Jamuna_Jamalpur
2010-01-22,0.0,26.63,10.93,1.4,68.43,0.47,0.64,Jamuna_Jamalpur
2010-01-23,0.0,26.32,11.58,1.42,64.46,0.47,0.62,Jamuna_Jamalpur
2010-01-24,0.0,26.5,12.04,1.19,61.12,0.47,0.61,Jamuna_Jamalpur
2010-01-25,0.0,27.59,12.92,1.23,59.57,0.47,0.62,Jamuna_Jamalpur
2010-01-26,0.0,27.03,12.51,1.39,57.93,0.46,0.54,Jamuna_Jamalpur
2010-01-27,0.0,26.92,12.4,1.4,58.38,0.46,0.55,Jamuna_Jamalpur
2010-01-28,0.0,26.14,11.81,1.66,60.16,0.46,0.46,Jamuna_Jamalpur
2010-01-29,0.0,26.58,11.45,1.46,60.26,0.46,0.49,Jamuna_Jamalpur
2010-01-30,0.0,25.77,13.05,1.39,57.2,0.45,0.39,Jamuna_Jamalpur
2010-01-31,0.0,26.1,13.12,1.23,56.07,0.45,0.43,Jamuna_Jamalpur
2010-02-01,0.0,26.23,12.42,1.4,60.44,0.45,0.42,Jamuna_Jamalpur
2010-02-02,0.0,26.74,12.49,1.23,52.76,0.45,0.41,Jamuna_Jamalpur
2010-02-03,0.0,26.18,13.59,1.53,41.77,0.44,0.4,Jamuna_Jamalpur
2010-02-04,0.0,26.38,12.01,1.44,42.82,0.44,0.39,Jamuna_Jamalpur
2010-02-05,0.0,25.88,13.41,1.49,43.63,0.44,0.36,Jamuna_Jamalpur
2010-02-06,0.0,26.21,12.03,1.29,44.43,0.44,0.37,Jamuna_Jamalpur
2010-02-07,0.0,26.89,10.22,1.47,57.36,0.43,0.37,Jamuna_Jamalpur
2010-02-08,0.0,27.71,12.73,1.23,53.31,0.43,0.36,Jamuna_Jamalpur
2010-02-09,0.0,26.32,13.96,1.24,53.23,0.43,0.24,Jamuna_Jamalpur
2010-02-10,0.0,28.97,17.24,1.56,50.39,0.43,0.33,Jamuna_Jamalpur
2010-02-11,0.0,29.89,15.05,1.56,54.15,0.43,0.38,Jamuna_Jamalpur
2010-02-12,0.0,30.08,14.57,1.45,45.9,0.42,0.39,Jamuna_Jamalpur
2010-02-13,0.0,28.94,14.25,2.04,52.52,0.42,0.31,Jamuna_Jamalpur
2010-02-14,0.0,29.09,14.64,2.09,56.79,0.42,0.31,Jamuna_Jamalpur
2010-02-15,0.0,29.42,14.89,1.57,47.28,0.41,0.3,Jamuna_Jamalpur
2010-02-16,0.43,28.61,15.86,1.55,51.25,0.41,0.23,Jamuna_Jamalpur
2010-02-17,0.16,29.85,17.87,1.86,62.74,0.41,0.27,Jamuna_Jamalpur
2010-02-18,0.0,28.87,14.81,2.79,50.24,0.41,0.3,Jamuna_Jamalpur
2010-02-19,0.0,28.72,11.25,1.62,37.35,0.41,0.26,Jamuna_Jamalpur
2010-02-20,0.0,28.63,14.86,1.33,36.44,0.4,0.24,Jamuna_Jamalpur
2010-02-21,0.0,28.08,15.52,1.22,38.63,0.4,0.22,Jamuna_Jamalpur
2010-02-22,0.0,29.02,15.37,1.3,44.92,0.4,0.2,Jamuna_Jamalpur
2010-02-23,0.21,29.48,16.27,1.56,48.24,0.4,0.2,Jamuna_Jamalpur
2010-02-24,0.22,31.1,16.76,1.82,45.41,0.4,0.22,Jamuna_Jamalpur
2010-02-25,4.29,30.99,17.98,1.06,47.99,0.4,0.25,Jamuna_Jamalpur
2010-02-26,0.0,31.25,17.25,1.38,45.42,0.4,0.26,Jamuna_Jamalpur
2010-02-27,0.0,29.82,16.75,1.4,46.0,0.4,0.22,Jamuna_Jamalpur
2010-02-28,0.0,31.01,17.39,1.24,48.35,0.39,0.23,Jamuna_Jamalpur
2010-03-01,0.0,31.84,18.14,1.45,54.14,0.39,0.22,Jamuna_Jamalpur
2010-03-02,0.0,33.28,19.17,2.04,50.02,0.39,0.21,Jamuna_Jamalpur
2010-03-03,0.0,34.56,16.57,2.14,41.26,0.39,0.22,Jamuna_Jamalpur
2010-03-04,0.0,34.34,18.15,2.04,39.18,0.38,0.21,Jamuna_Jamalpur
2010-03-05,0.0,35.36,19.3,2.68,41.9,0.38,0.19,Jamuna_Jamalpur
2010-03-06,0.0,34.62,17.85,2.29,46.32,0.38,0.18,Jamuna_Jamalpur
2010-03-07,0.0,34.87,18.19,2.54,39.98,0.38,0.16,Jamuna_Jamalpur
2010-03-08,0.0,35.03,18.06,2.41,39.16,0.37,0.14,Jamuna_Jamalpur
2010-03-09,0.0,34.73,19.82,1.97,32.76,0.37,0.13,Jamuna_Jamalpur
2010-03-10,0.0,33.89,18.85,1.76,29.59,0.37,0.11,Jamuna_Jamalpur
2010-03-11,0.0,33.2,16.92,1.67,34.28,0.36,0.09,Jamuna_Jamalpur
2010-03-12,0.0,34.12,18.68,1.81,34.1,0.36,0.08,Jamuna_Jamalpur
2010-03-13,0.0,34.01,19.88,1.57,25.39,0.36,0.07,Jamuna_Jamalpur
2010-03-14,0.0,34.94,17.47,1.66,27.46,0.36,0.06,Jamuna_Jamalpur
2010-03-15,3.41,34.32,18.9,1.54,38.35,0.36,0.05,Jamuna_Jamalpur
2010-03-16,0.6,34.9,19.26,1.91,45.99,0.36,0.06,Jamuna_Jamalpur
2010-03-17,0.0,36.43,19.85,1.36,43.25,0.36,0.06,Jamuna_Jamalpur
2010-03-18,0.0,38.04,21.33,1.41,39.25,0.35,0.06,Jamuna_Jamalpur
2010-03-19,0.0,36.97,21.8,1.45,38.04,0.35,0.04,Jamuna_Jamalpur
2010-03-20,0.0,37.92,21.95,1.38,34.07,0.35,0.03,Jamuna_Jamalpur
2010-03-21,0.0,37.74,23.2,1.33,29.3,0.35,0.03,Jamuna_Jamalpur
2010-03-22,0.0,38.11,21.48,1.8,32.95,0.34,0.02,Jamuna_Jamalpur
2010-03-23,0.0,39.51,21.96,2.48,46.26,0.34,0.02,Jamuna_Jamalpur
2010-03-24,0.27,39.22,22.43,2.61,51.57,0.34,0.01,Jamuna_Jamalpur
2010-03-25,0.0,38.82,23.23,2.86,53.39,0.34,0.01,Jamuna_Jamalpur
2010-03-26,0.02,38.13,23.99,2.53,51.86,0.34,0.01,Jamuna_Jamalpur
2010-03-27,0.36,37.53,24.54,2.83,56.05,0.34,0.0,Jamuna_Jamalpur
2010-03-28,2.6,38.57,24.48,3.47,57.94,0.34,0.0,Jamuna_Jamalpur
2010-03-29,2.04,37.81,24.92,2.6,50.25,0.34,0.01,Jamuna_Jamalpur
2010-03-30,3.05,37.61,22.12,2.25,57.49,0.34,0.01,Jamuna_Jamalpur
2010-03-31,4.28,38.56,22.74,2.33,55.27,0.35,0.02,Jamuna_Jamalpur
2010-04-01,0.71,39.87,21.77,2.35,42.13,0.35,0.03,Jamuna_Jamalpur
2010-04-02,1.25,39.01,24.23,2.54,57.85,0.34,0.03,Jamuna_Jamalpur
2010-04-03,1.06,39.91,24.83,2.48,51.69,0.34,0.02,Jamuna_Jamalpur
2010-04-04,0.59,37.96,24.91,2.18,54.8,0.34,0.02,Jamuna_Jamalpur
2010-04-05,1.0,40.29,26.28,2.58,43.19,0.34,0.02,Jamuna_Jamalpur
2010-04-06,0.3,40.95,22.09,2.06,36.69,0.34,0.01,Jamuna_Jamalpur
2010-04-07,0.16,40.34,22.74,1.13,37.62,0.34,0.01,Jamuna_Jamalpur
2010-04-08,0.0,39.81,23.84,1.89,39.99,0.34,0.01,Jamuna_Jamalpur
2010-04-09,0.01,39.53,23.37,1.5,36.92,0.34,0.0,Jamuna_Jamalpur
2010-04-10,0.9,41.11,24.53,2.12,43.47,0.33,0.0,Jamuna_Jamalpur
2010-04-11,0.37,41.34,24.21,2.63,50.96,0.33,0.0,Jamuna_Jamalpur
2010-04-12,1.54,40.15,26.62,2.49,54.02,0.33,0.0,Jamuna_Jamalpur
2010-04-13,9.18,36.54,26.62,2.72,62.53,0.34,0.0,Jamuna_Jamalpur
2010-04-14,5.9,35.55,26.23,2.64,66.43,0.36,0.04,Jamuna_Jamalpur
2010-04-15,8.59,34.67,26.29,2.4,67.59,0.36,0.08,Jamuna_Jamalpur
2010-04-16,5.37,35.94,24.96,2.07,61.32,0.37,0.16,Jamuna_Jamalpur
2010-04-17,11.68,36.44,25.45,2.86,60.19,0.38,0.23,Jamuna_Jamalpur
2010-04-18,6.5,35.16,25.2,3.32,70.8,0.39,0.29,Jamuna_Jamalpur
2010-04-19,5.92,38.7,26.1,3.38,63.39,0.4,0.39,Jamuna_Jamalpur
2010-04-20,3.52,41.08,26.21,3.57,56.92,0.4,0.5,Jamuna_Jamalpur
2010-04-21,3.83,40.22,26.47,3.28,60.69,0.4,0.47,Jamuna_Jamalpur
2010-04-22,1.08,40.39,27.05,3.7,58.31,0.4,0.49,Jamuna_Jamalpur
2010-04-23,0.92,39.89,27.17,3.67,54.22,0.39,0.42,Jamuna_Jamalpur
2010-04-24,4.34,39.06,26.83,3.03,54.82,0.39,0.41,Jamuna_Jamalpur
2010-04-25,4.17,38.86,26.86,3.26,56.11,0.4,0.47,Jamuna_Jamalpur
2010-04-26,7.42,36.61,26.17,3.66,65.95,0.4,0.45,Jamuna_Jamalpur
2010-04-27,0.82,34.21,23.21,3.9,65.04,0.4,0.4,Jamuna_Jamalpur
2010-04-28,3.5,35.79,22.97,2.06,56.54,0.4,0.46,Jamuna_Jamalpur
2010-04-29,10.49,31.51,25.04,2.05,73.04,0.41,0.3,Jamuna_Jamalpur
2010-04-30,11.36,32.05,24.74,2.1,76.73,0.43,0.49,Jamuna_Jamalpur
2010-05-01,9.85,32.43,23.98,1.91,74.85,0.44,0.58,Jamuna_Jamalpur
2010-05-02,11.65,32.23,25.12,2.11,77.39,0.46,0.56,Jamuna_Jamalpur
2010-05-03,1.17,31.14,24.94,1.67,76.29,0.46,0.51,Jamuna_Jamalpur
2010-05-04,0.3,33.61,23.65,2.04,72.48,0.46,0.66,Jamuna_Jamalpur
2010-05-05,3.01,33.45,24.68,1.73,70.23,0.46,0.76,Jamuna_Jamalpur
2010-05-06,3.58,29.42,25.23,0.96,79.83,0.46,0.34,Jamuna_Jamalpur
2010-05-07,8.2,34.38,25.02,0.64,63.87,0.47,1.44,Jamuna_Jamalpur
2010-05-08,8.01,33.23,25.36,1.17,66.72,0.48,1.3,Jamuna_Jamalpur
2010-05-09,5.06,37.69,25.17,1.77,63.17,0.48,1.78,Jamuna_Jamalpur
2010-05-10,1.94,39.27,26.05,2.05,61.83,0.48,1.89,Jamuna_Jamalpur
2010-05-11,1.14,40.25,27.32,3.36,63.42,0.47,1.84,Jamuna_Jamalpur
2010-05-12,6.23,39.14,27.44,3.32,64.71,0.47,1.58,Jamuna_Jamalpur
2010-05-13,5.32,38.52,27.24,3.54,67.15,0.47,1.5,Jamuna_Jamalpur
2010-05-14,4.51,37.8,26.73,3.43,69.16,0.47,1.57,Jamuna_Jamalpur
2010-05-15,2.61,37.8,26.21,2.8,68.03,0.47,1.58,Jamuna_Jamalpur
2010-05-16,3.33,38.05,26.82,2.39,63.88,0.47,1.52,Jamuna_Jamalpur
2010-05-17,7.24,35.74,26.92,2.09,69.43,0.47,1.3,Jamuna_Jamalpur
2010-05-18,1.77,36.66,26.3,1.94,64.07,0.47,1.59,Jamuna_Jamalpur
2010-05-19,5.97,36.99,27.26,3.47,65.17,0.47,1.53,Jamuna_Jamalpur
2010-05-20,45.23,32.52,26.97,4.09,82.65,0.5,0.7,Jamuna_Jamalpur
2010-05-21,29.4,31.15,26.44,2.93,85.83,0.57,1.78,Jamuna_Jamalpur
2010-05-22,8.85,32.66,25.17,2.35,80.41,0.59,4.05,Jamuna_Jamalpur
2010-05-23,0.55,32.78,25.06,2.13,78.83,0.58,3.38,Jamuna_Jamalpur
2010-05-24,5.76,32.17,25.0,3.95,84.71,0.57,2.77,Jamuna_Jamalpur
2010-05-25,13.46,32.38,23.0,1.91,79.5,0.58,3.28,Jamuna_Jamalpur
2010-05-26,12.13,34.48,25.06,2.22,81.69,0.58,3.52,Jamuna_Jamalpur
2010-05-27,10.47,34.67,24.28,1.81,76.31,0.59,4.73,Jamuna_Jamalpur
2010-05-28,2.91,31.73,25.05,3.52,81.83,0.59,3.42,Jamuna_Jamalpur
2010-05-29,0.47,29.4,23.71,2.24,82.72,0.59,2.3,Jamuna_Jamalpur
2010-05-30,13.21,33.75,25.41,1.55,79.35,0.59,3.7,Jamuna_Jamalpur
2010-05-31,14.51,33.2,26.26,2.5,84.33,0.61,3.38,Jamuna_Jamalpur
2010-06-01,9.5,34.7,25.72,3.38,81.41,0.61,4.47,Jamuna_Jamalpur
2010-06-02,13.74,35.3,26.83,2.95,82.37,0.61,4.13,Jamuna_Jamalpur
2010-06-03,41.9,32.22,26.92,3.25,88.2,0.64,2.53,Jamuna_Jamalpur
2010-06-04,45.35,30.92,26.61,3.08,91.55,0.7,1.59,Jamuna_Jamalpur
2010-06-05,16.21,32.78,26.62,3.76,88.09,0.73,3.83,Jamuna_Jamalpur
2010-06-06,14.24,34.04,25.61,3.73,87.01,0.73,3.87,Jamuna_Jamalpur
2010-06-07,8.15,33.67,27.08,3.03,85.7,0.73,4.11,Jamuna_Jamalpur
2010-06-08,2.66,33.1,26.6,2.7,85.51,0.73,4.74,Jamuna_Jamalpur
2010-06-09,2.03,31.38,26.78,1.75,87.78,0.72,2.46,Jamuna_Jamalpur
2010-06-10,1.16,30.75,26.64,2.11,88.14,0.71,2.48,Jamuna_Jamalpur
2010-06-11,9.48,31.22,25.71,1.97,86.46,0.71,3.36,Jamuna_Jamalpur
2010-06-12,10.49,30.35,26.13,2.3,88.73,0.72,2.46,Jamuna_Jamalpur
2010-06-13,7.81,29.64,25.47,2.48,89.56,0.72,2.09,Jamuna_Jamalpur
2010-06-14,3.97,31.87,25.94,2.53,87.99,0.72,2.38,Jamuna_Jamalpur
2010-06-15,15.03,32.89,25.99,1.66,84.76,0.72,4.26,Jamuna_Jamalpur
2010-06-16,15.44,32.6,26.09,2.24,84.56,0.74,4.61,Jamuna_Jamalpur
2010-06-17,8.52,30.59,26.78,2.79,90.38,0.74,1.73,Jamuna_Jamalpur
2010-06-18,12.0,31.88,26.08,2.26,87.45,0.74,3.6,Jamuna_Jamalpur
2010-06-19,19.07,32.04,26.1,1.59,85.96,0.76,3.8,Jamuna_Jamalpur
2010-06-20,20.37,31.24,26.67,2.05,87.72,0.77,2.51,Jamuna_Jamalpur
2010-06-21,11.79,31.42,26.36,2.3,88.91,0.78,2.37,Jamuna_Jamalpur
2010-06-22,7.28,31.29,27.07,2.27,89.5,0.78,1.94,Jamuna_Jamalpur
2010-06-23,6.56,30.78,26.76,2.13,90.91,0.79,1.18,Jamuna_Jamalpur
2010-06-24,3.29,31.22,26.19,1.72,87.11,0.78,2.6,Jamuna_Jamalpur
2010-06-25,7.68,31.6,26.1,3.16,89.01,0.78,3.05,Jamuna_Jamalpur
2010-06-26,27.83,29.53,26.38,4.72,92.5,0.79,1.36,Jamuna_Jamalpur
2010-06-27,42.76,30.67,26.81,3.35,92.15,0.83,1.26,Jamuna_Jamalpur
2010-06-28,21.44,30.9,26.4,2.46,92.12,0.86,1.44,Jamuna_Jamalpur
2010-06-29,16.62,30.86,27.08,1.9,90.19,0.87,1.52,Jamuna_Jamalpur
2010-06-30,4.39,31.64,26.6,2.21,89.38,0.87,2.95,Jamuna_Jamalpur
2010-07-01,7.69,29.57,26.3,2.45,92.39,0.87,1.09,Jamuna_Jamalpur
2010-07-02,4.64,31.47,25.54,2.49,89.47,0.86,2.8,Jamuna_Jamalpur
2010-07-03,8.38,32.06,25.8,2.53,87.3,0.86,3.5,Jamuna_Jamalpur
2010-07-04,3.84,31.52,26.2,1.8,86.11,0.86,3.21,Jamuna_Jamalpur
2010-07-05,11.62,30.14,26.38,1.63,87.83,0.85,1.72,Jamuna_Jamalpur
2010-07-06,7.89,31.88,25.59,2.62,87.08,0.86,3.51,Jamuna_Jamalpur
2010-07-07,5.37,32.02,26.13,2.83,87.31,0.85,3.42,Jamuna_Jamalpur
2010-07-08,4.85,31.77,25.61,2.81,86.82,0.84,3.7,Jamuna_Jamalpur
2010-07-09,13.96,31.13,26.43,2.42,86.18,0.84,2.85,Jamuna_Jamalpur
2010-07-10,10.47,32.76,26.75,2.66,87.63,0.84,3.13,Jamuna_Jamalpur
2010-07-11,9.12,32.27,27.05,2.26,89.32,0.85,2.14,Jamuna_Jamalpur
2010-07-12,4.84,31.69,26.7,2.39,87.47,0.84,2.88,Jamuna_Jamalpur
2010-07-13,12.65,32.32,26.19,2.26,86.7,0.84,3.3,Jamuna_Jamalpur
2010-07-14,2.3,32.63,26.74,2.75,86.78,0.84,4.22,Jamuna_Jamalpur
2010-07-15,0.38,32.18,26.8,2.32,86.83,0.83,3.45,Jamuna_Jamalpur
2010-07-16,0.75,31.63,26.17,1.94,87.02,0.82,3.1,Jamuna_Jamalpur
2010-07-17,3.58,31.89,26.89,2.02,86.72,0.81,2.69,Jamuna_Jamalpur
2010-07-18,3.85,31.47,26.81,2.21,86.19,0.81,2.65,Jamuna_Jamalpur
2010-07-19,7.53,31.54,26.57,1.81,86.16,0.81,2.99,Jamuna_Jamalpur
2010-07-20,2.41,31.13,26.57,2.43,88.28,0.8,2.72,Jamuna_Jamalpur
2010-07-21,4.98,32.0,26.37,2.21,87.31,0.8,3.31,Jamuna_Jamalpur
2010-07-22,2.14,32.22,26.58,2.02,86.76,0.79,3.39,Jamuna_Jamalpur
2010-07-23,10.21,32.24,26.66,1.96,87.23,0.79,3.22,Jamuna_Jamalpur
2010-07-24,8.12,32.49,27.0,2.34,87.11,0.79,3.73,Jamuna_Jamalpur
2010-07-25,6.83,32.34,26.34,3.77,87.23,0.79,4.02,Jamuna_Jamalpur
2010-07-26,3.5,30.62,26.25,4.12,89.52,0.78,2.51,Jamuna_Jamalpur
2010-07-27,1.41,30.4,25.73,1.58,86.99,0.78,1.6,Jamuna_Jamalpur
2010-07-28,3.27,33.58,25.52,1.64,82.83,0.77,5.34,Jamuna_Jamalpur
2010-07-29,10.69,30.27,26.43,1.75,89.57,0.77,1.77,Jamuna_Jamalpur
2010-07-30,11.71,29.27,25.54,3.29,92.34,0.78,1.4,Jamuna_Jamalpur
2010-07-31,9.87,30.2,25.2,2.41,88.88,0.78,2.83,Jamuna_Jamalpur
2010-08-01,5.93,30.8,25.41,2.24,87.81,0.78,3.26,Jamuna_Jamalpur
2010-08-02,3.69,31.42,25.61,2.0,86.37,0.78,3.98,Jamuna_Jamalpur
2010-08-03,0.55,31.26,25.59,2.11,87.03,0.77,4.17,Jamuna_Jamalpur
2010-08-04,2.52,32.32,25.67,2.07,85.45,0.76,4.71,Jamuna_Jamalpur
2010-08-05,4.54,32.96,26.16,2.78,87.15,0.76,4.66,Jamuna_Jamalpur
2010-08-06,3.09,31.89,25.79,2.22,86.49,0.75,4.17,Jamuna_Jamalpur
2010-08-07,0.51,32.22,25.76,1.47,84.29,0.74,4.39,Jamuna_Jamalpur
2010-08-08,1.08,32.3,25.87,1.31,81.83,0.73,4.56,Jamuna_Jamalpur
2010-08-09,0.57,33.71,26.68,1.17,76.43,0.72,6.3,Jamuna_Jamalpur
2010-08-10,16.4,33.28,27.0,0.84,76.14,0.72,4.39,Jamuna_Jamalpur
2010-08-11,7.89,33.65,28.07,0.79,76.27,0.73,4.48,Jamuna_Jamalpur
2010-08-12,8.27,29.78,26.96,1.76,91.12,0.74,0.97,Jamuna_Jamalpur
2010-08-13,3.28,31.12,26.45,2.08,88.75,0.73,2.98,Jamuna_Jamalpur
2010-08-14,6.92,31.47,26.03,2.17,87.76,0.73,3.65,Jamuna_Jamalpur
2010-08-15,6.92,32.56,25.78,2.48,86.03,0.73,5.1,Jamuna_Jamalpur
2010-08-16,6.82,32.09,25.94,2.47,86.79,0.73,4.45,Jamuna_Jamalpur
2010-08-17,47.34,32.18,26.25,2.99,87.17,0.74,3.96,Jamuna_Jamalpur
2010-08-18,22.55,32.07,26.14,2.7,87.36,0.79,4.03,Jamuna_Jamalpur
2010-08-19,14.35,29.88,26.46,1.89,89.44,0.79,1.58,Jamuna_Jamalpur
2010-08-20,10.29,31.5,26.02,2.2,88.04,0.8,3.67,Jamuna_Jamalpur
2010-08-21,9.1,29.97,26.3,2.52,89.7,0.8,1.99,Jamuna_Jamalpur
2010-08-22,21.78,29.82,25.92,2.46,91.18,0.81,1.38,Jamuna_Jamalpur
2010-08-23,14.06,31.57,25.76,1.52,86.58,0.83,3.67,Jamuna_Jamalpur
2010-08-24,10.25,32.35,26.61,1.17,84.51,0.83,3.61,Jamuna_Jamalpur
2010-08-25,4.23,31.24,26.42,1.12,85.36,0.83,2.44,Jamuna_Jamalpur
2010-08-26,4.63,31.59,26.48,1.76,87.15,0.83,2.71,Jamuna_Jamalpur
2010-08-27,2.22,30.37,25.97,1.92,89.69,0.82,2.31,Jamuna_Jamalpur
2010-08-28,4.43,30.35,26.21,1.62,88.86,0.82,2.31,Jamuna_Jamalpur
2010-08-29,3.38,31.5,25.37,1.58,87.16,0.81,3.99,Jamuna_Jamalpur
2010-08-30,3.12,31.99,25.73,2.12,87.15,0.81,4.77,Jamuna_Jamalpur
2010-08-31,0.69,30.54,25.82,2.48,89.96,0.8,2.57,Jamuna_Jamalpur
2010-09-01,7.07,31.23,26.1,1.96,88.07,0.8,3.65,Jamuna_Jamalpur
2010-09-02,4.28,31.67,26.05,1.74,87.28,0.8,4.16,Jamuna_Jamalpur
2010-09-03,5.76,30.75,25.37,1.28,88.99,0.79,2.24,Jamuna_Jamalpur
2010-09-04,3.0,31.46,25.38,1.94,87.14,0.79,4.48,Jamuna_Jamalpur
2010-09-05,2.51,32.28,25.87,2.16,87.03,0.78,4.95,Jamuna_Jamalpur
2010-09-06,8.09,31.75,26.19,2.12,87.46,0.78,4.58,Jamuna_Jamalpur
2010-09-07,7.01,32.0,25.75,2.31,87.98,0.78,4.56,Jamuna_Jamalpur
2010-09-08,3.76,31.17,25.63,2.31,88.48,0.77,3.51,Jamuna_Jamalpur
2010-09-09,6.53,30.51,26.18,1.64,89.49,0.77,2.19,Jamuna_Jamalpur
2010-09-10,20.01,29.83,25.93,1.78,91.4,0.78,1.45,Jamuna_Jamalpur
2010-09-11,42.91,29.14,25.91,1.91,91.93,0.82,1.11,Jamuna_Jamalpur
2010-09-12,14.75,31.11,24.89,1.32,85.23,0.85,4.69,Jamuna_Jamalpur
2010-09-13,5.76,31.11,25.43,1.4,86.02,0.84,3.82,Jamuna_Jamalpur
2010-09-14,12.03,29.44,25.3,1.97,91.32,0.84,1.97,Jamuna_Jamalpur
2010-09-15,10.63,28.32,25.29,1.75,92.48,0.85,1.4,Jamuna_Jamalpur
2010-09-16,4.05,29.79,24.68,1.96,90.33,0.85,2.89,Jamuna_Jamalpur
2010-09-17,11.88,30.88,24.22,1.9,89.34,0.85,3.88,Jamuna_Jamalpur
2010-09-18,4.57,29.01,24.92,1.87,93.17,0.85,1.37,Jamuna_Jamalpur
2010-09-19,10.69,29.98,25.59,1.29,89.23,0.85,2.64,Jamuna_Jamalpur
2010-09-20,6.89,29.18,25.13,1.5,90.52,0.86,2.13,Jamuna_Jamalpur
2010-09-21,14.03,28.92,24.61,1.54,90.62,0.86,1.85,Jamuna_Jamalpur
2010-09-22,2.24,31.39,24.13,0.99,83.82,0.86,5.37,Jamuna_Jamalpur
2010-09-23,5.09,31.65,24.78,0.88,83.29,0.85,4.53,Jamuna_Jamalpur
2010-09-24,14.77,31.2,25.53,1.17,85.69,0.86,3.03,Jamuna_Jamalpur
2010-09-25,15.9,28.74,24.93,1.68,91.83,0.87,1.44,Jamuna_Jamalpur
2010-09-26,3.72,29.46,24.91,1.35,90.73,0.87,1.94,Jamuna_Jamalpur
2010-09-27,5.39,31.07,24.44,1.83,87.33,0.87,3.95,Jamuna_Jamalpur
2010-09-28,4.04,31.13,24.19,1.19,84.5,0.87,4.68,Jamuna_Jamalpur
2010-09-29,0.37,31.6,23.65,1.43,83.13,0.86,5.66,Jamuna_Jamalpur
2010-09-30,0.46,31.54,23.33,1.13,83.84,0.85,6.12,Jamuna_Jamalpur
2010-10-01,6.92,31.87,24.49,0.97,82.81,0.84,5.33,Jamuna_Jamalpur
2010-10-02,2.62,32.71,24.73,1.01,81.36,0.84,6.3,Jamuna_Jamalpur
2010-10-03,0.0,32.66,24.59,0.93,82.81,0.83,6.12,Jamuna_Jamalpur
2010-10-04,0.0,31.25,25.2,0.78,83.9,0.82,3.69,Jamuna_Jamalpur
2010-10-05,7.32,31.37,25.29,0.92,85.0,0.82,3.04,Jamuna_Jamalpur
2010-10-06,7.26,28.16,23.85,1.7,88.68,0.82,2.27,Jamuna_Jamalpur
2010-10-07,28.61,26.65,22.64,3.19,91.82,0.84,1.14,Jamuna_Jamalpur
2010-10-08,87.19,25.78,22.63,3.61,92.9,0.91,0.62,Jamuna_Jamalpur
2010-10-09,5.3,28.88,21.03,1.99,87.0,0.93,3.88,Jamuna_Jamalpur
2010-10-10,4.8,29.77,21.69,0.93,77.75,0.91,4.82,Jamuna_Jamalpur
2010-10-11,1.11,30.41,21.44,1.01,77.48,0.91,5.49,Jamuna_Jamalpur
2010-10-12,0.0,31.2,20.52,1.24,81.08,0.9,6.15,Jamuna_Jamalpur
2010-10-13,0.0,31.07,22.22,1.16,83.82,0.89,5.04,Jamuna_Jamalpur
2010-10-14,2.59,30.34,23.66,1.19,86.45,0.88,3.42,Jamuna_Jamalpur
2010-10-15,2.13,27.27,24.71,1.24,93.7,0.89,0.57,Jamuna_Jamalpur
2010-10-16,2.83,28.54,24.3,1.06,89.86,0.88,0.99,Jamuna_Jamalpur
2010-10-17,5.26,29.63,23.88,0.82,88.07,0.88,2.59,Jamuna_Jamalpur
2010-10-18,1.42,31.31,23.29,0.93,86.13,0.88,4.7,Jamuna_Jamalpur
2010-10-19,0.0,32.29,23.27,1.1,84.35,0.87,5.8,Jamuna_Jamalpur
2010-10-20,0.02,31.21,24.14,1.02,84.28,0.86,4.49,Jamuna_Jamalpur
2010-10-21,13.21,30.06,24.06,1.42,83.64,0.86,4.32,Jamuna_Jamalpur
2010-10-22,6.04,28.25,23.69,1.79,89.64,0.87,2.55,Jamuna_Jamalpur
2010-10-23,0.09,29.93,23.03,1.44,87.06,0.86,4.24,Jamuna_Jamalpur
2010-10-24,0.77,29.68,22.26,1.19,84.12,0.85,4.82,Jamuna_Jamalpur
2010-10-25,0.49,30.02,22.73,1.14,80.71,0.85,5.07,Jamuna_Jamalpur
2010-10-26,0.02,29.9,21.58,1.33,82.98,0.84,4.88,Jamuna_Jamalpur
2010-10-27,0.0,28.71,20.6,1.69,83.48,0.83,4.24,Jamuna_Jamalpur
2010-10-28,0.0,28.35,19.16,1.27,81.23,0.82,4.46,Jamuna_Jamalpur
2010-10-29,0.0,28.44,18.6,1.24,81.52,0.81,4.99,Jamuna_Jamalpur
2010-10-30,0.0,29.29,17.52,1.15,83.05,0.81,5.04,Jamuna_Jamalpur
2010-10-31,0.01,29.07,20.79,0.96,82.81,0.8,3.77,Jamuna_Jamalpur
2010-11-01,1.02,27.63,20.94,1.52,83.38,0.79,2.73,Jamuna_Jamalpur
2010-11-02,0.56,27.82,20.19,0.89,80.17,0.79,3.86,Jamuna_Jamalpur
2010-11-03,0.01,28.96,19.44,1.22,83.0,0.78,4.95,Jamuna_Jamalpur
2010-11-04,0.0,29.1,19.28,1.08,83.02,0.78,5.04,Jamuna_Jamalpur
2010-11-05,0.0,29.49,19.66,1.2,84.09,0.77,4.66,Jamuna_Jamalpur
2010-11-06,0.0,29.76,20.27,0.94,80.5,0.76,5.0,Jamuna_Jamalpur
2010-11-07,0.0,30.35,20.56,0.99,80.12,0.75,5.39,Jamuna_Jamalpur
2010-11-08,0.0,29.88,20.55,1.03,81.3,0.74,5.03,Jamuna_Jamalpur
2010-11-09,0.0,29.12,19.89,0.84,80.13,0.74,4.84,Jamuna_Jamalpur
2010-11-10,0.0,28.64,19.58,1.01,81.0,0.73,4.25,Jamuna_Jamalpur
2010-11-11,0.0,28.1,19.46,1.0,78.75,0.72,4.16,Jamuna_Jamalpur
2010-11-12,0.04,27.92,19.46,0.78,77.29,0.71,4.12,Jamuna_Jamalpur
2010-11-13,0.02,28.14,19.04,1.02,77.6,0.71,3.94,Jamuna_Jamalpur
2010-11-14,0.01,28.21,18.95,0.79,79.46,0.7,3.9,Jamuna_Jamalpur
2010-11-15,0.0,28.55,18.61,0.93,81.66,0.7,3.73,Jamuna_Jamalpur
2010-11-16,0.0,28.53,19.34,0.95,77.48,0.69,3.65,Jamuna_Jamalpur
2010-11-17,0.01,27.78,18.97,0.93,76.64,0.68,3.16,Jamuna_Jamalpur
2010-11-18,0.05,27.81,19.21,1.09,82.42,0.68,2.61,Jamuna_Jamalpur
2010-11-19,0.82,27.63,19.81,1.1,83.92,0.68,2.42,Jamuna_Jamalpur
2010-11-20,0.91,27.7,19.29,1.27,80.84,0.67,2.49,Jamuna_Jamalpur
2010-11-21,0.12,26.2,16.64,1.42,73.65,0.67,2.74,Jamuna_Jamalpur
2010-11-22,0.0,25.92,14.36,1.19,69.82,0.66,2.5,Jamuna_Jamalpur
2010-11-23,0.0,26.1,15.13,0.97,80.27,0.66,2.57,Jamuna_Jamalpur
2010-11-24,0.0,27.17,16.14,1.07,80.21,0.65,2.83,Jamuna_Jamalpur
2010-11-25,0.0,26.81,16.66,1.0,82.28,0.65,2.51,Jamuna_Jamalpur
2010-11-26,0.0,26.92,17.62,1.15,82.81,0.64,2.38,Jamuna_Jamalpur
2010-11-27,0.0,26.69,17.41,1.03,81.28,0.64,2.1,Jamuna_Jamalpur
2010-11-28,0.0,26.92,18.32,0.96,82.2,0.63,2.07,Jamuna_Jamalpur
2010-11-29,0.0,26.63,17.62,1.19,79.24,0.63,2.2,Jamuna_Jamalpur
2010-11-30,0.0,25.49,16.55,1.19,73.78,0.62,2.16,Jamuna_Jamalpur
2010-12-01,0.0,25.27,12.76,1.44,77.59,0.62,1.99,Jamuna_Jamalpur
2010-12-02,0.0,26.02,13.2,1.12,75.41,0.61,2.2,Jamuna_Jamalpur
2010-12-03,0.0,26.53,13.42,1.04,74.02,0.61,2.14,Jamuna_Jamalpur
2010-12-04,0.02,26.89,13.86,1.12,76.12,0.6,2.07,Jamuna_Jamalpur
2010-12-05,0.0,27.51,14.35,1.08,72.96,0.6,2.17,Jamuna_Jamalpur
2010-12-06,0.08,26.9,16.5,1.09,72.43,0.6,1.31,Jamuna_Jamalpur
2010-12-07,0.14,25.86,17.5,1.62,74.83,0.59,1.09,Jamuna_Jamalpur
2010-12-08,6.16,22.01,17.97,1.25,83.76,0.59,0.41,Jamuna_Jamalpur
2010-12-09,23.53,22.6,17.98,0.68,91.65,0.63,0.34,Jamuna_Jamalpur
2010-12-10,0.41,27.12,16.82,1.74,82.33,0.63,2.13,Jamuna_Jamalpur
2010-12-11,0.1,26.01,15.48,2.01,80.56,0.63,1.85,Jamuna_Jamalpur
2010-12-12,0.0,23.61,14.28,2.19,74.0,0.62,1.5,Jamuna_Jamalpur
2010-12-13,0.0,23.81,12.63,1.5,73.73,0.62,1.36,Jamuna_Jamalpur
2010-12-14,0.0,23.09,12.46,1.31,74.57,0.61,1.26,Jamuna_Jamalpur
2010-12-15,0.0,22.28,12.06,0.95,72.27,0.61,1.21,Jamuna_Jamalpur
2010-12-16,0.0,24.14,10.77,1.19,79.4,0.6,1.33,Jamuna_Jamalpur
2010-12-17,0.0,24.12,11.55,0.97,76.96,0.6,1.51,Jamuna_Jamalpur
2010-12-18,0.0,23.65,13.17,1.09,73.08,0.6,1.42,Jamuna_Jamalpur
2010-12-19,0.0,23.97,12.31,1.43,73.26,0.59,1.4,Jamuna_Jamalpur
2010-12-20,0.0,23.5,10.85,1.49,77.13,0.59,1.18,Jamuna_Jamalpur
2010-12-21,0.0,23.12,9.95,1.29,79.01,0.59,1.23,Jamuna_Jamalpur
2010-12-22,0.0,22.93,10.64,1.22,76.7,0.58,1.2,Jamuna_Jamalpur
2010-12-23,0.0,23.17,12.54,0.97,72.47,0.58,1.11,Jamuna_Jamalpur
2010-12-24,0.0,22.89,12.49,1.04,68.24,0.58,0.92,Jamuna_Jamalpur
2010-12-25,0.0,22.9,10.33,1.33,70.42,0.57,0.97,Jamuna_Jamalpur
2010-12-26,0.0,23.6,9.52,1.29,79.58,0.57,1.13,Jamuna_Jamalpur
2010-12-27,0.0,23.67,10.2,1.34,78.98,0.57,1.1,Jamuna_Jamalpur
2010-12-28,0.0,23.44,11.32,1.23,77.99,0.57,1.04,Jamuna_Jamalpur
2010-12-29,0.0,23.65,11.12,1.14,77.89,0.56,1.09,Jamuna_Jamalpur
2010-12-30,0.0,24.39,11.34,0.84,74.11,0.56,1.08,Jamuna_Jamalpur
2010-12-31,0.0,24.14,12.48,0.88,72.69,0.56,1.08,Jamuna_Jamalpur
2011-01-01,0.56,23.34,14.42,1.16,78.01,0.55,0.65,Jamuna_Jamalpur
2011-01-02,0.0,22.15,11.08,1.37,76.25,0.55,0.9,Jamuna_Jamalpur
2011-01-03,0.0,22.71,10.31,1.08,75.42,0.54,0.87,Jamuna_Jamalpur
2011-01-04,0.0,23.09,10.11,1.28,79.19,0.54,0.92,Jamuna_Jamalpur
2011-01-05,0.0,23.4,9.61,1.49,78.21,0.54,0.9,Jamuna_Jamalpur
2011-01-06,0.0,23.9,9.75,1.85,78.64,0.54,0.88,Jamuna_Jamalpur
2011-01-07,0.0,24.14,10.39,1.81,77.4,0.53,0.87,Jamuna_Jamalpur
2011-01-08,0.0,24.46,9.95,1.37,74.36,0.53,0.92,Jamuna_Jamalpur
2011-01-09,0.0,25.14,12.3,1.46,72.31,0.53,0.97,Jamuna_Jamalpur
2011-01-10,0.0,22.65,9.27,1.69,65.79,0.52,0.71,Jamuna_Jamalpur
2011-01-11,0.0,21.86,8.75,1.18,60.37,0.52,0.74,Jamuna_Jamalpur
2011-01-12,0.0,20.94,8.79,1.12,58.05,0.52,0.57,Jamuna_Jamalpur
2011-01-13,0.0,20.29,8.48,1.02,61.87,0.51,0.53,Jamuna_Jamalpur
2011-01-14,0.0,21.66,8.56,1.23,62.18,0.51,0.51,Jamuna_Jamalpur
2011-01-15,0.0,22.61,9.12,1.11,64.09,0.51,0.57,Jamuna_Jamalpur
2011-01-16,0.48,21.84,10.56,1.51,72.96,0.51,0.32,Jamuna_Jamalpur
2011-01-17,0.0,21.38,9.57,1.8,58.52,0.51,0.56,Jamuna_Jamalpur
2011-01-18,0.0,20.58,9.71,1.2,47.5,0.5,0.5,Jamuna_Jamalpur
2011-01-19,0.01,22.64,7.02,1.63,61.93,0.5,0.51,Jamuna_Jamalpur
2011-01-20,0.0,22.75,9.25,1.63,65.41,0.5,0.56,Jamuna_Jamalpur
2011-01-21,0.0,21.8,7.8,1.28,72.12,0.5,0.53,Jamuna_Jamalpur
2011-01-22,0.0,22.18,8.97,1.23,67.38,0.49,0.51,Jamuna_Jamalpur
2011-01-23,0.0,22.46,10.74,1.1,62.23,0.49,0.47,Jamuna_Jamalpur
2011-01-24,0.0,23.19,10.13,1.26,67.65,0.49,0.47,Jamuna_Jamalpur
2011-01-25,0.0,24.47,11.76,1.37,68.14,0.49,0.49,Jamuna_Jamalpur
2011-01-26,0.0,26.18,12.11,1.43,64.16,0.48,0.64,Jamuna_Jamalpur
2011-01-27,0.0,25.97,15.08,1.42,56.91,0.48,0.56,Jamuna_Jamalpur
2011-01-28,0.0,25.36,11.84,1.48,52.46,0.48,0.63,Jamuna_Jamalpur
2011-01-29,0.0,24.97,9.02,1.41,63.6,0.48,0.59,Jamuna_Jamalpur
2011-01-30,0.0,25.83,11.02,1.28,63.48,0.47,0.57,Jamuna_Jamalpur
2011-01-31,0.0,26.15,13.62,1.53,63.96,0.47,0.5,Jamuna_Jamalpur
2011-02-01,0.0,26.23,13.09,1.66,56.47,0.47,0.54,Jamuna_Jamalpur
2011-02-02,0.0,25.96,12.72,1.41,62.13,0.47,0.49,Jamuna_Jamalpur
2011-02-03,0.0,27.79,12.39,1.49,71.79,0.46,0.58,Jamuna_Jamalpur
2011-02-04,0.0,27.97,12.24,1.18,64.98,0.46,0.6,Jamuna_Jamalpur
2011-02-05,0.0,28.38,14.64,1.15,58.2,0.46,0.61,Jamuna_Jamalpur
2011-02-06,0.0,27.94,14.3,1.19,58.14,0.45,0.52,Jamuna_Jamalpur
2011-02-07,0.0,27.97,15.55,1.23,56.57,0.45,0.48,Jamuna_Jamalpur
2011-02-08,0.0,28.65,14.61,1.3,50.51,0.45,0.43,Jamuna_Jamalpur
2011-02-09,0.0,29.5,14.19,1.56,50.49,0.45,0.48,Jamuna_Jamalpur
2011-02-10,0.0,28.69,13.1,1.64,41.78,0.44,0.52,Jamuna_Jamalpur
2011-02-11,0.0,27.61,14.27,1.29,37.55,0.44,0.44,Jamuna_Jamalpur
2011-02-12,0.0,27.36,13.36,1.26,46.19,0.44,0.39,Jamuna_Jamalpur
2011-02-13,0.0,27.46,12.84,1.41,50.87,0.44,0.37,Jamuna_Jamalpur
2011-02-14,0.0,28.21,13.89,1.23,51.82,0.43,0.37,Jamuna_Jamalpur
2011-02-15,0.0,31.27,14.92,1.87,55.21,0.43,0.4,Jamuna_Jamalpur
2011-02-16,4.56,30.71,17.53,1.89,70.39,0.43,0.37,Jamuna_Jamalpur
2011-02-17,1.17,29.19,15.46,2.25,68.74,0.44,0.43,Jamuna_Jamalpur
2011-02-18,0.0,28.14,14.69,2.29,58.59,0.43,0.42,Jamuna_Jamalpur
2011-02-19,0.0,28.8,16.42,1.28,51.97,0.43,0.43,Jamuna_Jamalpur
2011-02-20,0.0,29.21,15.62,1.62,48.59,0.43,0.43,Jamuna_Jamalpur
2011-02-21,0.09,26.34,15.84,1.71,48.05,0.42,0.25,Jamuna_Jamalpur
2011-02-22,0.0,28.98,14.33,1.77,48.6,0.42,0.38,Jamuna_Jamalpur
2011-02-23,0.0,29.42,13.97,1.66,47.23,0.42,0.39,Jamuna_Jamalpur
2011-02-24,0.0,30.0,14.44,1.59,48.31,0.42,0.38,Jamuna_Jamalpur
2011-02-25,0.0,30.62,14.27,1.64,48.56,0.41,0.38,Jamuna_Jamalpur
2011-02-26,0.0,31.26,16.01,1.98,48.31,0.41,0.36,Jamuna_Jamalpur
2011-02-27,0.0,31.2,15.84,2.35,48.76,0.41,0.33,Jamuna_Jamalpur
2011-02-28,0.0,30.24,13.35,1.91,42.49,0.41,0.33,Jamuna_Jamalpur
2011-03-01,0.0,31.16,13.71,1.54,45.51,0.4,0.34,Jamuna_Jamalpur
2011-03-02,0.0,32.01,15.05,1.83,45.08,0.4,0.31,Jamuna_Jamalpur
2011-03-03,0.0,32.08,16.25,1.61,43.27,0.4,0.29,Jamuna_Jamalpur
2011-03-04,0.0,33.2,17.74,2.0,42.75,0.39,0.26,Jamuna_Jamalpur
2011-03-05,0.0,34.73,18.0,2.84,45.02,0.39,0.26,Jamuna_Jamalpur
2011-03-06,0.0,34.19,17.97,2.86,39.07,0.39,0.26,Jamuna_Jamalpur
2011-03-07,0.0,32.28,15.61,2.22,36.18,0.39,0.21,Jamuna_Jamalpur
2011-03-08,0.0,32.58,16.22,1.66,39.23,0.38,0.19,Jamuna_Jamalpur
2011-03-09,0.75,34.54,17.98,1.76,37.78,0.38,0.19,Jamuna_Jamalpur
2011-03-10,1.35,34.84,20.51,1.37,42.41,0.38,0.19,Jamuna_Jamalpur
2011-03-11,0.87,35.15,20.71,1.37,45.17,0.38,0.19,Jamuna_Jamalpur
2011-03-12,0.31,32.66,21.17,1.52,58.42,0.38,0.17,Jamuna_Jamalpur
2011-03-13,0.0,32.93,18.25,1.73,36.7,0.38,0.16,Jamuna_Jamalpur
2011-03-14,0.0,33.6,17.21,1.59,37.58,0.37,0.15,Jamuna_Jamalpur
2011-03-15,0.0,33.71,17.54,1.43,45.17,0.37,0.14,Jamuna_Jamalpur
2011-03-16,0.0,35.39,18.08,1.49,42.67,0.37,0.13,Jamuna_Jamalpur
2011-03-17,0.13,33.65,19.12,2.39,54.63,0.37,0.11,Jamuna_Jamalpur
2011-03-18,2.47,32.62,20.45,3.53,60.93,0.37,0.09,Jamuna_Jamalpur
2011-03-19,0.48,36.1,20.88,3.4,55.59,0.37,0.12,Jamuna_Jamalpur
2011-03-20,0.1,37.65,22.94,4.0,56.61,0.36,0.12,Jamuna_Jamalpur
2011-03-21,0.92,37.48,23.41,3.3,50.65,0.36,0.11,Jamuna_Jamalpur
2011-03-22,0.06,36.27,19.17,1.81,45.47,0.36,0.09,Jamuna_Jamalpur
2011-03-23,0.02,36.03,21.62,2.1,52.38,0.36,0.08,Jamuna_Jamalpur
2011-03-24,0.0,36.73,18.78,1.67,40.86,0.35,0.07,Jamuna_Jamalpur
2011-03-25,0.75,36.78,21.17,1.4,35.07,0.35,0.06,Jamuna_Jamalpur
2011-03-26,2.8,36.11,21.79,1.38,42.86,0.35,0.05,Jamuna_Jamalpur
2011-03-27,0.15,33.66,21.97,2.31,55.82,0.35,0.04,Jamuna_Jamalpur
2011-03-28,1.75,28.16,20.54,1.01,61.03,0.35,0.03,Jamuna_Jamalpur
2011-03-29,0.36,32.29,19.68,1.81,56.9,0.35,0.05,Jamuna_Jamalpur
2011-03-30,5.41,32.54,20.72,1.85,62.38,0.35,0.04,Jamuna_Jamalpur
2011-03-31,4.59,32.45,23.22,1.95,67.37,0.37,0.07,Jamuna_Jamalpur
2011-04-01,1.39,34.35,20.74,1.52,55.54,0.37,0.11,Jamuna_Jamalpur
2011-04-02,4.42,34.47,21.57,2.12,60.6,0.37,0.12,Jamuna_Jamalpur
2011-04-03,5.31,32.95,22.15,2.27,65.88,0.37,0.13,Jamuna_Jamalpur
2011-04-04,1.74,35.11,22.55,1.58,55.46,0.37,0.17,Jamuna_Jamalpur
2011-04-05,4.33,32.86,22.91,1.52,55.46,0.38,0.17,Jamuna_Jamalpur
2011-04-06,0.0,36.34,20.8,1.79,49.0,0.38,0.21,Jamuna_Jamalpur
2011-04-07,0.0,36.02,21.23,1.7,33.92,0.37,0.16,Jamuna_Jamalpur
2011-04-08,0.0,37.47,19.4,1.49,31.4,0.37,0.16,Jamuna_Jamalpur
2011-04-09,0.0,37.42,20.93,1.8,42.67,0.37,0.13,Jamuna_Jamalpur
2011-04-10,0.04,33.37,23.49,1.69,53.4,0.36,0.06,Jamuna_Jamalpur
2011-04-11,0.0,37.0,22.09,1.45,46.26,0.36,0.12,Jamuna_Jamalpur
2011-04-12,0.0,37.51,22.69,1.43,42.38,0.36,0.09,Jamuna_Jamalpur
2011-04-13,0.08,38.34,24.01,1.82,44.09,0.36,0.07,Jamuna_Jamalpur
2011-04-14,4.54,37.53,25.57,0.92,45.25,0.36,0.08,Jamuna_Jamalpur
2011-04-15,1.4,36.13,23.97,1.2,47.8,0.36,0.1,Jamuna_Jamalpur
2011-04-16,35.7,34.7,23.45,0.85,49.8,0.39,0.27,Jamuna_Jamalpur
2011-04-17,9.18,35.35,22.89,1.43,56.16,0.43,0.92,Jamuna_Jamalpur
2011-04-18,2.27,34.1,24.59,1.58,60.52,0.43,0.61,Jamuna_Jamalpur
2011-04-19,4.41,33.8,25.99,1.65,64.13,0.43,0.59,Jamuna_Jamalpur
2011-04-20,4.25,34.57,25.1,1.91,63.16,0.43,0.79,Jamuna_Jamalpur
2011-04-21,0.51,37.0,24.65,2.71,58.65,0.43,0.97,Jamuna_Jamalpur
2011-04-22,0.68,36.97,24.84,1.67,56.55,0.42,0.87,Jamuna_Jamalpur
2011-04-23,0.01,34.25,23.17,2.36,49.09,0.42,0.65,Jamuna_Jamalpur
2011-04-24,1.82,35.67,23.36,2.03,54.27,0.42,0.75,Jamuna_Jamalpur
2011-04-25,1.64,31.9,23.75,1.7,63.55,0.42,0.47,Jamuna_Jamalpur
2011-04-26,0.21,31.42,23.53,1.55,58.73,0.42,0.36,Jamuna_Jamalpur
2011-04-27,1.79,33.61,22.28,2.02,54.7,0.41,0.52,Jamuna_Jamalpur
2011-04-28,10.56,33.15,23.04,0.78,58.69,0.42,0.68,Jamuna_Jamalpur
2011-04-29,3.06,34.73,22.81,1.39,54.46,0.43,0.93,Jamuna_Jamalpur
2011-04-30,0.15,35.18,23.6,1.75,58.54,0.42,0.85,Jamuna_Jamalpur
2011-05-01,5.73,34.91,24.84,2.41,62.64,0.42,0.76,Jamuna_Jamalpur
2011-05-02,7.77,35.8,24.83,3.45,65.75,0.43,0.84,Jamuna_Jamalpur
2011-05-03,12.86,35.2,24.92,2.89,69.31,0.44,0.91,Jamuna_Jamalpur
2011-05-04,5.41,32.07,24.68,1.78,72.33,0.45,0.67,Jamuna_Jamalpur
2011-05-05,5.21,33.58,22.85,2.05,69.99,0.46,1.13,Jamuna_Jamalpur
2011-05-06,2.52,35.2,24.7,2.16,64.77,0.45,1.33,Jamuna_Jamalpur
2011-05-07,4.65,35.29,24.82,1.67,64.75,0.45,1.43,Jamuna_Jamalpur
2011-05-08,3.52,36.28,25.43,1.37,60.32,0.45,1.52,Jamuna_Jamalpur
2011-05-09,10.33,35.68,26.76,0.92,52.77,0.46,1.61,Jamuna_Jamalpur
2011-05-10,18.94,35.05,24.29,2.29,64.26,0.48,1.71,Jamuna_Jamalpur
2011-05-11,11.85,33.32,25.09,2.2,74.02,0.5,1.67,Jamuna_Jamalpur
2011-05-12,0.52,35.87,25.52,2.16,67.82,0.49,2.25,Jamuna_Jamalpur
2011-05-13,8.49,34.15,26.13,2.48,71.84,0.49,1.6,Jamuna_Jamalpur
2011-05-14,21.74,34.21,26.07,1.91,74.24,0.52,2.55,Jamuna_Jamalpur
2011-05-15,11.6,34.21,25.45,2.36,73.19,0.53,2.64,Jamuna_Jamalpur
2011-05-16,4.96,33.87,25.36,2.12,72.43,0.53,3.03,Jamuna_Jamalpur
2011-05-17,1.27,34.43,25.32,1.29,67.03,0.53,2.75,Jamuna_Jamalpur
2011-05-18,11.59,33.81,26.62,1.19,71.9,0.53,2.52,Jamuna_Jamalpur
2011-05-19,11.63,32.97,26.49,0.94,72.68,0.54,2.73,Jamuna_Jamalpur
2011-05-20,5.61,31.34,26.1,1.22,74.65,0.54,1.97,Jamuna_Jamalpur
2011-05-21,23.52,33.24,25.95,2.78,82.86,0.56,2.51,Jamuna_Jamalpur
2011-05-22,14.28,32.89,26.06,2.41,81.71,0.59,3.26,Jamuna_Jamalpur
2011-05-23,12.54,32.41,26.1,2.12,83.0,0.6,3.07,Jamuna_Jamalpur
2011-05-24,3.73,33.7,25.66,2.0,76.32,0.6,4.8,Jamuna_Jamalpur
2011-05-25,3.71,32.31,25.81,2.01,80.41,0.59,3.17,Jamuna_Jamalpur
2011-05-26,0.51,33.46,25.3,2.06,76.76,0.58,4.15,Jamuna_Jamalpur
2011-05-27,1.86,32.16,26.06,1.99,79.01,0.58,2.83,Jamuna_Jamalpur
2011-05-28,2.22,33.53,24.82,1.88,77.37,0.57,4.08,Jamuna_Jamalpur
2011-05-29,4.47,32.26,26.08,1.99,78.71,0.57,2.86,Jamuna_Jamalpur
2011-05-30,11.28,32.4,25.82,1.91,84.26,0.57,2.42,Jamuna_Jamalpur
2011-05-31,18.49,33.19,26.51,1.31,79.58,0.59,3.53,Jamuna_Jamalpur
2011-06-01,10.96,31.58,25.64,3.01,83.75,0.6,2.88,Jamuna_Jamalpur
2011-06-02,8.55,30.98,25.07,3.15,86.63,0.61,2.33,Jamuna_Jamalpur
2011-06-03,1.72,31.39,25.83,2.65,84.78,0.61,3.03,Jamuna_Jamalpur
2011-06-04,1.35,33.6,25.96,2.63,80.38,0.6,4.47,Jamuna_Jamalpur
2011-06-05,1.01,33.24,25.81,2.4,80.18,0.59,3.76,Jamuna_Jamalpur
2011-06-06,0.12,34.14,25.35,1.95,78.51,0.58,4.47,Jamuna_Jamalpur
2011-06-07,3.1,33.66,26.06,2.08,79.4,0.58,3.55,Jamuna_Jamalpur
2011-06-08,4.25,32.77,25.74,1.49,77.92,0.57,4.08,Jamuna_Jamalpur
2011-06-09,0.48,35.69,25.71,1.21,68.37,0.57,4.75,Jamuna_Jamalpur
2011-06-10,0.0,35.69,26.41,1.91,69.48,0.55,4.18,Jamuna_Jamalpur
2011-06-11,6.05,34.75,27.06,2.77,77.75,0.55,3.0,Jamuna_Jamalpur
2011-06-12,6.67,33.13,26.28,2.58,76.19,0.55,2.57,Jamuna_Jamalpur
2011-06-13,1.34,34.94,24.52,1.76,66.27,0.55,3.91,Jamuna_Jamalpur
2011-06-14,5.42,31.85,25.82,2.04,79.33,0.55,1.63,Jamuna_Jamalpur
2011-06-15,14.94,31.52,25.75,2.15,86.81,0.57,1.37,Jamuna_Jamalpur
2011-06-16,6.91,34.14,26.09,3.09,82.97,0.57,2.59,Jamuna_Jamalpur
2011-06-17,16.6,32.79,25.3,5.73,84.49,0.57,2.39,Jamuna_Jamalpur
2011-06-18,10.24,31.57,26.55,5.29,87.0,0.6,2.52,Jamuna_Jamalpur
2011-06-19,4.27,31.01,25.83,3.74,86.55,0.6,2.14,Jamuna_Jamalpur
2011-06-20,5.54,33.16,26.24,2.98,81.87,0.59,3.91,Jamuna_Jamalpur
2011-06-21,0.43,32.95,26.43,2.56,80.63,0.59,3.99,Jamuna_Jamalpur
2011-06-22,3.61,33.75,26.32,2.32,79.73,0.58,4.09,Jamuna_Jamalpur
2011-06-23,20.27,33.43,27.21,1.8,82.03,0.59,2.9,Jamuna_Jamalpur
2011-06-24,16.23,32.18,27.29,1.29,83.8,0.62,1.96,Jamuna_Jamalpur
2011-06-25,2.35,33.99,26.85,1.27,77.85,0.61,4.25,Jamuna_Jamalpur
2011-06-26,20.6,31.36,26.78,2.3,87.46,0.61,1.79,Jamuna_Jamalpur
2011-06-27,22.3,31.02,26.47,2.41,88.03,0.65,2.3,Jamuna_Jamalpur
2011-06-28,21.42,30.49,25.81,3.31,89.23,0.67,2.5,Jamuna_Jamalpur
2011-06-29,16.71,31.39,26.34,2.64,86.81,0.69,3.03,Jamuna_Jamalpur
2011-06-30,36.68,30.57,26.46,2.85,91.33,0.71,1.53,Jamuna_Jamalpur
2011-07-01,22.06,30.03,26.47,2.35,90.57,0.75,1.61,Jamuna_Jamalpur
2011-07-02,31.3,30.82,26.16,2.98,90.74,0.77,1.58,Jamuna_Jamalpur
2011-07-03,6.03,30.48,25.94,2.47,89.11,0.79,2.26,Jamuna_Jamalpur
2011-07-04,1.7,30.05,25.54,2.62,88.0,0.78,2.71,Jamuna_Jamalpur
2011-07-05,0.81,31.14,24.67,2.58,86.1,0.77,4.11,Jamuna_Jamalpur
2011-07-06,0.86,31.58,24.8,2.85,85.57,0.76,5.31,Jamuna_Jamalpur
2011-07-07,6.11,32.11,25.15,3.03,85.6,0.74,5.0,Jamuna_Jamalpur
2011-07-08,5.45,31.6,25.48,2.91,85.55,0.74,4.43,Jamuna_Jamalpur
2011-07-09,5.2,31.96,25.73,2.44,84.83,0.73,4.95,Jamuna_Jamalpur
2011-07-10,4.13,33.03,26.06,1.73,83.94,0.73,5.14,Jamuna_Jamalpur
2011-07-11,2.75,32.88,27.23,1.24,85.04,0.72,3.21,Jamuna_Jamalpur
2011-07-12,1.72,30.17,26.81,2.17,91.27,0.72,1.19,Jamuna_Jamalpur
2011-07-13,1.84,32.54,25.35,2.95,85.03,0.71,5.55,Jamuna_Jamalpur
2011-07-14,6.13,32.34,26.12,3.21,87.27,0.71,4.59,Jamuna_Jamalpur
2011-07-15,6.7,29.96,26.62,2.96,88.61,0.71,2.73,Jamuna_Jamalpur
2011-07-16,2.65,31.4,26.05,2.44,87.04,0.7,3.45,Jamuna_Jamalpur
2011-07-17,1.76,32.57,25.23,3.14,85.07,0.7,5.48,Jamuna_Jamalpur
2011-07-18,7.05,31.3,26.42,3.12,90.01,0.69,2.4,Jamuna_Jamalpur
2011-07-19,27.95,30.2,26.68,2.02,90.43,0.71,1.06,Jamuna_Jamalpur
2011-07-20,10.01,30.05,26.47,2.16,89.73,0.73,1.83,Jamuna_Jamalpur
2011-07-21,9.59,31.13,26.25,3.44,88.66,0.73,3.36,Jamuna_Jamalpur
2011-07-22,10.86,30.03,25.74,4.23,90.91,0.74,2.02,Jamuna_Jamalpur
2011-07-23,1.88,30.94,25.19,3.03,88.34,0.74,3.65,Jamuna_Jamalpur
2011-07-24,2.98,31.58,25.25,2.18,84.76,0.73,4.85,Jamuna_Jamalpur
2011-07-25,5.26,32.24,25.88,1.2,84.26,0.72,3.72,Jamuna_Jamalpur
2011-07-26,9.23,31.86,26.05,1.74,85.31,0.72,3.72,Jamuna_Jamalpur
2011-07-27,4.51,31.79,25.97,2.1,86.23,0.72,3.94,Jamuna_Jamalpur
2011-07-28,13.0,32.26,26.03,1.94,85.12,0.72,4.4,Jamuna_Jamalpur
2011-07-29,6.79,31.45,26.48,1.81,84.43,0.73,3.67,Jamuna_Jamalpur
2011-07-30,2.69,32.74,26.29,1.65,83.4,0.72,4.92,Jamuna_Jamalpur
2011-07-31,0.86,33.46,26.55,1.31,80.49,0.71,5.43,Jamuna_Jamalpur
2011-08-01,4.73,34.68,28.08,0.61,72.93,0.7,6.57,Jamuna_Jamalpur
2011-08-02,12.74,34.81,28.45,1.25,77.26,0.7,3.73,Jamuna_Jamalpur
2011-08-03,12.94,30.31,27.25,2.17,89.97,0.72,1.43,Jamuna_Jamalpur
2011-08-04,20.62,31.7,26.46,2.51,86.9,0.72,4.56,Jamuna_Jamalpur
2011-08-05,45.15,30.78,26.87,2.5,90.69,0.78,1.67,Jamuna_Jamalpur
2011-08-06,22.17,29.1,26.39,2.29,93.03,0.8,0.72,Jamuna_Jamalpur
2011-08-07,14.37,29.79,26.72,3.48,93.42,0.82,0.99,Jamuna_Jamalpur
2011-08-08,61.94,29.14,25.92,3.94,92.42,0.84,1.29,Jamuna_Jamalpur
2011-08-09,112.7,29.85,25.33,2.46,91.73,0.92,1.4,Jamuna_Jamalpur
2011-08-10,56.28,29.63,25.68,2.76,90.64,0.98,1.59,Jamuna_Jamalpur
2011-08-11,2.2,30.46,25.02,3.23,89.27,0.97,2.66,Jamuna_Jamalpur
2011-08-12,2.6,29.35,25.28,2.96,91.71,0.95,1.34,Jamuna_Jamalpur
2011-08-13,17.4,30.15,25.35,3.37,91.06,0.95,1.58,Jamuna_Jamalpur
2011-08-14,16.42,28.85,25.02,2.55,91.75,0.96,1.22,Jamuna_Jamalpur
2011-08-15,10.24,30.56,25.24,2.23,89.18,0.96,2.2,Jamuna_Jamalpur
2011-08-16,117.88,28.39,25.39,4.02,94.29,0.99,0.37,Jamuna_Jamalpur
2011-08-17,22.34,27.89,24.39,2.65,92.2,0.99,0.84,Jamuna_Jamalpur
2011-08-18,14.65,30.37,24.33,2.19,89.26,0.99,2.02,Jamuna_Jamalpur
2011-08-19,6.81,30.36,24.93,1.84,87.39,0.98,2.35,Jamuna_Jamalpur
2011-08-20,0.62,32.01,25.04,0.99,81.92,0.97,3.98,Jamuna_Jamalpur
2011-08-21,3.04,31.17,25.79,1.42,88.45,0.97,1.84,Jamuna_Jamalpur
2011-08-22,2.01,30.91,25.97,1.3,88.63,0.96,2.34,Jamuna_Jamalpur
2011-08-23,12.99,29.71,25.96,1.62,91.03,0.96,1.18,Jamuna_Jamalpur
2011-08-24,18.16,28.44,25.87,2.07,94.54,0.97,0.51,Jamuna_Jamalpur
2011-08-25,7.37,30.4,25.25,2.14,90.42,0.97,2.1,Jamuna_Jamalpur
2011-08-26,2.46,30.19,24.94,2.25,90.45,0.96,2.17,Jamuna_Jamalpur
2011-08-27,0.15,29.66,25.02,1.79,91.2,0.96,1.42,Jamuna_Jamalpur
2011-08-28,0.13,30.46,25.02,2.17,89.67,0.95,3.02,Jamuna_Jamalpur
2011-08-29,0.61,32.7,24.91,1.4,85.76,0.94,4.47,Jamuna_Jamalpur
2011-08-30,8.14,33.21,26.04,1.17,84.0,0.94,4.92,Jamuna_Jamalpur
2011-08-31,3.96,32.55,25.73,1.72,87.04,0.93,4.49,Jamuna_Jamalpur
2011-09-01,1.71,30.96,25.5,2.46,88.1,0.92,4.05,Jamuna_Jamalpur
2011-09-02,0.52,30.66,25.05,1.96,88.2,0.91,3.58,Jamuna_Jamalpur
2011-09-03,0.05,30.96,24.09,2.18,86.5,0.91,4.47,Jamuna_Jamalpur
2011-09-04,1.35,32.11,24.89,1.87,86.78,0.9,4.41,Jamuna_Jamalpur
2011-09-05,2.01,31.27,25.82,1.81,88.8,0.89,3.3,Jamuna_Jamalpur
2011-09-06,11.14,30.48,25.75,2.08,89.99,0.89,2.45,Jamuna_Jamalpur
2011-09-07,9.62,29.47,25.75,2.29,92.59,0.9,1.19,Jamuna_Jamalpur
2011-09-08,3.51,30.47,25.43,3.42,91.35,0.9,2.29,Jamuna_Jamalpur
2011-09-09,2.15,28.82,25.47,3.3,93.21,0.89,1.29,Jamuna_Jamalpur
2011-09-10,3.55,28.84,25.3,2.5,92.22,0.89,1.67,Jamuna_Jamalpur
2011-09-11,1.28,31.49,24.82,1.46,85.52,0.88,4.16,Jamuna_Jamalpur
2011-09-12,0.02,32.85,26.08,0.6,81.72,0.87,5.25,Jamuna_Jamalpur
2011-09-13,10.56,33.2,27.13,1.07,83.55,0.87,3.11,Jamuna_Jamalpur
2011-09-14,16.63,28.62,25.41,2.03,92.69,0.89,0.85,Jamuna_Jamalpur
2011-09-15,12.83,28.92,24.73,3.23,92.49,0.89,1.75,Jamuna_Jamalpur
2011-09-16,47.17,29.06,25.53,3.01,93.35,0.91,1.13,Jamuna_Jamalpur
2011-09-17,57.28,28.84,25.15,3.2,94.07,0.95,0.89,Jamuna_Jamalpur
2011-09-18,34.97,29.65,25.66,3.08,92.5,0.97,1.37,Jamuna_Jamalpur
2011-09-19,11.23,31.15,25.28,2.0,89.26,0.97,2.45,Jamuna_Jamalpur
2011-09-20,5.3,30.14,25.68,1.26,89.92,0.96,1.7,Jamuna_Jamalpur
2011-09-21,2.25,29.76,25.06,1.94,90.37,0.96,2.28,Jamuna_Jamalpur
2011-09-22,2.26,28.63,25.48,1.92,92.71,0.95,0.95,Jamuna_Jamalpur
2011-09-23,5.9,29.76,25.21,3.21,91.18,0.95,2.13,Jamuna_Jamalpur
2011-09-24,5.04,30.45,25.19,3.06,89.91,0.95,2.94,Jamuna_Jamalpur
2011-09-25,2.78,30.47,25.13,2.72,89.52,0.94,3.43,Jamuna_Jamalpur
2011-09-26,16.65,29.85,24.85,2.42,90.35,0.94,2.36,Jamuna_Jamalpur
2011-09-27,7.44,31.02,25.61,1.88,87.69,0.94,3.48,Jamuna_Jamalpur
2011-09-28,2.52,31.67,24.91,1.22,85.42,0.94,4.58,Jamuna_Jamalpur
2011-09-29,0.0,31.37,24.18,1.55,84.5,0.93,5.07,Jamuna_Jamalpur
2011-09-30,0.0,32.07,23.92,1.75,85.56,0.92,4.88,Jamuna_Jamalpur
2011-10-01,0.04,32.14,24.54,1.88,86.3,0.91,4.96,Jamuna_Jamalpur
2011-10-02,0.85,31.41,24.8,1.4,85.01,0.9,4.41,Jamuna_Jamalpur
2011-10-03,1.25,31.04,24.09,1.33,83.56,0.9,4.09,Jamuna_Jamalpur
2011-10-04,0.12,31.66,24.56,0.7,78.05,0.89,6.55,Jamuna_Jamalpur
2011-10-05,0.02,31.91,25.08,0.93,79.31,0.88,5.57,Jamuna_Jamalpur
2011-10-06,0.0,32.13,24.6,0.71,77.94,0.87,6.6,Jamuna_Jamalpur
2011-10-07,0.27,32.07,24.62,0.83,78.63,0.86,6.4,Jamuna_Jamalpur
2011-10-08,0.54,32.3,23.79,0.89,79.43,0.85,6.28,Jamuna_Jamalpur
2011-10-09,0.56,31.41,23.55,1.01,81.5,0.84,5.57,Jamuna_Jamalpur
2011-10-10,0.36,31.75,23.47,0.95,81.9,0.84,5.89,Jamuna_Jamalpur
2011-10-11,0.04,31.73,23.37,1.19,82.84,0.83,6.33,Jamuna_Jamalpur
2011-10-12,0.0,30.79,22.68,1.45,82.91,0.82,5.77,Jamuna_Jamalpur
2011-10-13,0.0,30.53,22.33,1.3,83.81,0.81,5.63,Jamuna_Jamalpur
2011-10-14,0.0,29.84,22.1,1.12,81.01,0.8,5.66,Jamuna_Jamalpur
2011-10-15,0.0,30.58,23.4,0.57,78.25,0.79,5.59,Jamuna_Jamalpur
2011-10-16,0.01,30.88,23.65,0.8,79.27,0.78,6.03,Jamuna_Jamalpur
2011-10-17,0.05,30.67,23.36,1.09,80.25,0.77,5.2,Jamuna_Jamalpur
2011-10-18,1.89,29.85,23.29,1.5,86.47,0.77,4.39,Jamuna_Jamalpur
2011-10-19,1.99,30.5,23.19,0.99,84.77,0.76,5.57,Jamuna_Jamalpur
2011-10-20,0.0,30.27,22.89,1.26,85.7,0.76,5.11,Jamuna_Jamalpur
2011-10-21,2.88,28.72,24.39,0.76,85.03,0.75,2.02,Jamuna_Jamalpur
2011-10-22,1.76,29.55,22.75,0.8,76.21,0.75,4.76,Jamuna_Jamalpur
2011-10-23,0.11,29.73,22.19,0.67,74.38,0.74,5.63,Jamuna_Jamalpur
2011-10-24,0.0,29.83,21.57,1.28,79.23,0.73,5.21,Jamuna_Jamalpur
2011-10-25,0.0,30.19,20.65,1.24,80.74,0.72,5.46,Jamuna_Jamalpur
2011-10-26,0.0,29.66,20.54,1.4,80.72,0.72,5.07,Jamuna_Jamalpur
2011-10-27,0.0,29.86,21.38,0.91,76.56,0.71,4.69,Jamuna_Jamalpur
2011-10-28,0.0,29.68,20.47,1.05,76.17,0.7,4.57,Jamuna_Jamalpur
2011-10-29,0.0,29.69,19.71,1.19,79.04,0.69,4.71,Jamuna_Jamalpur
2011-10-30,0.0,27.89,19.8,1.3,82.72,0.69,4.03,Jamuna_Jamalpur
2011-10-31,0.0,27.95,19.78,1.43,81.79,0.68,3.89,Jamuna_Jamalpur
2011-11-01,0.0,27.71,18.5,1.23,79.54,0.67,3.59,Jamuna_Jamalpur
2011-11-02,0.0,27.97,19.01,0.95,73.23,0.67,3.67,Jamuna_Jamalpur
2011-11-03,0.0,28.09,17.39,0.81,69.12,0.66,3.47,Jamuna_Jamalpur
2011-11-04,0.0,28.21,17.62,0.82,72.57,0.65,3.61,Jamuna_Jamalpur
2011-11-05,0.0,28.72,17.39,0.97,77.51,0.65,3.53,Jamuna_Jamalpur
2011-11-06,0.0,28.04,18.09,0.87,75.87,0.64,3.44,Jamuna_Jamalpur
2011-11-07,0.0,28.02,18.02,0.86,74.37,0.64,3.55,Jamuna_Jamalpur
2011-11-08,0.0,28.94,16.25,1.3,77.84,0.63,3.61,Jamuna_Jamalpur
2011-11-09,0.0,28.88,15.67,1.2,75.72,0.62,3.38,Jamuna_Jamalpur
2011-11-10,0.0,28.52,16.0,1.12,74.14,0.62,3.36,Jamuna_Jamalpur
2011-11-11,0.06,28.01,17.33,0.95,73.23,0.61,2.88,Jamuna_Jamalpur
2011-11-12,0.13,27.64,18.16,1.2,75.5,0.61,2.39,Jamuna_Jamalpur
2011-11-13,0.0,27.86,18.72,1.12,77.32,0.6,2.36,Jamuna_Jamalpur
2011-11-14,0.0,27.6,18.74,1.04,79.28,0.6,2.42,Jamuna_Jamalpur
2011-11-15,0.0,27.65,18.6,1.13,77.18,0.6,2.45,Jamuna_Jamalpur
2011-11-16,2.3,27.36,20.28,0.82,70.8,0.59,2.17,Jamuna_Jamalpur
2011-11-17,0.47,26.74,18.41,0.92,74.18,0.59,2.02,Jamuna_Jamalpur
2011-11-18,0.0,26.9,16.33,0.94,76.76,0.59,2.08,Jamuna_Jamalpur
2011-11-19,0.0,27.33,16.5,0.97,75.86,0.58,2.03,Jamuna_Jamalpur
2011-11-20,0.0,28.0,15.96,0.96,75.44,0.58,2.41,Jamuna_Jamalpur
2011-11-21,0.0,28.34,17.38,0.9,72.18,0.57,2.54,Jamuna_Jamalpur
2011-11-22,0.0,29.14,16.46,0.99,72.36,0.57,2.58,Jamuna_Jamalpur
2011-11-23,0.0,29.14,15.68,1.45,73.76,0.56,2.32,Jamuna_Jamalpur
2011-11-24,0.0,29.12,17.07,1.05,72.29,0.56,2.34,Jamuna_Jamalpur
2011-11-25,0.0,28.69,17.56,0.97,72.28,0.55,2.28,Jamuna_Jamalpur
2011-11-26,0.0,27.89,16.16,1.06,74.36,0.55,2.02,Jamuna_Jamalpur
2011-11-27,0.0,26.93,15.93,1.24,76.23,0.54,1.84,Jamuna_Jamalpur
2011-11-28,0.0,26.59,16.05,1.47,75.9,0.54,1.68,Jamuna_Jamalpur
2011-11-29,0.0,26.46,15.2,1.46,72.23,0.54,1.44,Jamuna_Jamalpur
2011-11-30,0.0,26.4,15.22,1.29,73.87,0.53,1.37,Jamuna_Jamalpur
2011-12-01,0.0,28.54,16.98,1.06,75.81,0.53,1.61,Jamuna_Jamalpur
2011-12-02,0.0,28.6,17.17,1.05,78.16,0.53,1.68,Jamuna_Jamalpur
2011-12-03,0.03,27.5,17.81,1.13,76.53,0.52,1.43,Jamuna_Jamalpur
2011-12-04,0.02,27.3,18.1,0.99,73.33,0.52,1.25,Jamuna_Jamalpur
2011-12-05,0.0,27.14,17.09,1.14,72.76,0.52,1.09,Jamuna_Jamalpur
2011-12-06,0.0,27.69,16.13,1.32,78.01,0.51,1.2,Jamuna_Jamalpur
2011-12-07,0.0,27.9,15.92,1.05,77.91,0.51,1.22,Jamuna_Jamalpur
2011-12-08,0.0,28.0,16.14,1.23,78.15,0.51,1.23,Jamuna_Jamalpur
2011-12-09,0.0,27.11,15.98,1.26,79.17,0.5,1.11,Jamuna_Jamalpur
2011-12-10,0.0,26.35,15.56,1.21,72.89,0.5,1.03,Jamuna_Jamalpur
2011-12-11,0.0,25.68,16.79,1.05,69.92,0.5,0.8,Jamuna_Jamalpur
2011-12-12,0.0,25.78,14.45,1.48,70.39,0.49,0.81,Jamuna_Jamalpur
2011-12-13,0.0,23.96,13.08,1.53,71.39,0.49,0.64,Jamuna_Jamalpur
2011-12-14,0.0,23.13,11.87,1.22,75.7,0.49,0.61,Jamuna_Jamalpur
2011-12-15,0.0,23.31,11.35,1.17,77.11,0.49,0.63,Jamuna_Jamalpur
2011-12-16,0.0,23.7,11.2,1.19,76.48,0.49,0.67,Jamuna_Jamalpur
2011-12-17,0.0,23.27,11.0,1.25,77.34,0.48,0.62,Jamuna_Jamalpur
2011-12-18,0.0,23.85,10.36,1.26,75.08,0.48,0.6,Jamuna_Jamalpur
2011-12-19,0.0,23.79,10.4,1.23,74.04,0.48,0.62,Jamuna_Jamalpur
2011-12-20,0.0,24.04,10.63,1.45,73.78,0.48,0.61,Jamuna_Jamalpur
2011-12-21,0.0,24.03,9.83,1.47,72.18,0.47,0.57,Jamuna_Jamalpur
2011-12-22,0.0,24.08,9.6,1.46,71.26,0.47,0.58,Jamuna_Jamalpur
2011-12-23,0.0,23.4,9.4,1.3,70.56,0.47,0.54,Jamuna_Jamalpur
2011-12-24,0.0,22.44,10.21,1.29,70.0,0.47,0.35,Jamuna_Jamalpur
2011-12-25,0.0,25.61,9.46,1.23,71.52,0.47,0.56,Jamuna_Jamalpur
2011-12-26,0.0,26.1,11.15,1.25,67.92,0.46,0.55,Jamuna_Jamalpur
2011-12-27,0.0,26.67,13.96,1.09,57.25,0.46,0.53,Jamuna_Jamalpur
2011-12-28,0.0,28.3,14.19,1.22,60.72,0.46,0.6,Jamuna_Jamalpur
2011-12-29,0.0,27.88,13.61,1.44,69.5,0.46,0.57,Jamuna_Jamalpur
2011-12-30,0.0,27.56,12.94,1.55,67.31,0.45,0.52,Jamuna_Jamalpur
2011-12-31,0.0,27.13,11.86,1.5,65.63,0.45,0.52,Jamuna_Jamalpur
2012-01-01,0.01,26.88,13.58,1.27,63.97,0.45,0.37,Jamuna_Jamalpur
2012-01-02,3.16,21.55,14.25,1.48,74.52,0.45,0.16,Jamuna_Jamalpur
2012-01-03,0.76,24.16,12.93,1.45,74.74,0.45,0.36,Jamuna_Jamalpur
2012-01-04,0.0,24.65,13.2,1.32,66.1,0.45,0.39,Jamuna_Jamalpur
2012-01-05,0.0,24.98,13.35,1.08,63.56,0.45,0.37,Jamuna_Jamalpur
2012-01-06,0.08,24.82,13.67,0.89,64.63,0.45,0.35,Jamuna_Jamalpur
2012-01-07,0.01,25.5,14.09,1.13,69.92,0.45,0.36,Jamuna_Jamalpur
2012-01-08,0.45,25.91,13.03,1.13,66.81,0.44,0.36,Jamuna_Jamalpur
2012-01-09,0.61,26.47,13.66,1.46,65.26,0.44,0.32,Jamuna_Jamalpur
2012-01-10,0.42,25.82,15.38,1.14,67.03,0.44,0.37,Jamuna_Jamalpur
2012-01-11,0.01,24.25,13.7,2.11,70.1,0.44,0.32,Jamuna_Jamalpur
2012-01-12,0.0,23.24,10.6,2.16,64.54,0.44,0.29,Jamuna_Jamalpur
2012-01-13,0.0,21.32,7.93,1.98,61.54,0.44,0.23,Jamuna_Jamalpur
2012-01-14,0.0,21.18,9.09,1.76,61.94,0.43,0.2,Jamuna_Jamalpur
2012-01-15,0.04,22.62,8.31,1.15,53.7,0.43,0.23,Jamuna_Jamalpur
2012-01-16,0.0,23.59,9.26,1.24,62.01,0.43,0.24,Jamuna_Jamalpur
2012-01-17,0.0,24.63,10.77,1.26,54.85,0.43,0.22,Jamuna_Jamalpur
2012-01-18,0.1,26.0,15.08,1.26,53.39,0.43,0.22,Jamuna_Jamalpur
2012-01-19,4.86,25.49,12.61,1.48,59.08,0.43,0.26,Jamuna_Jamalpur
2012-01-20,3.31,23.42,12.0,1.36,66.32,0.44,0.22,Jamuna_Jamalpur
2012-01-21,0.0,24.37,13.5,1.9,64.9,0.44,0.26,Jamuna_Jamalpur
2012-01-22,0.0,21.56,9.07,1.4,60.52,0.43,0.22,Jamuna_Jamalpur
2012-01-23,0.0,22.4,8.53,1.62,61.74,0.43,0.2,Jamuna_Jamalpur
2012-01-24,0.0,22.6,9.39,1.4,48.73,0.43,0.2,Jamuna_Jamalpur
2012-01-25,0.0,23.19,10.93,1.21,46.52,0.43,0.19,Jamuna_Jamalpur
2012-01-26,0.0,24.3,10.05,1.28,48.56,0.43,0.23,Jamuna_Jamalpur
2012-01-27,0.0,24.09,11.82,1.39,50.69,0.43,0.21,Jamuna_Jamalpur
2012-01-28,0.0,24.69,11.95,1.32,49.71,0.42,0.23,Jamuna_Jamalpur
2012-01-29,0.0,24.71,10.59,1.82,54.39,0.42,0.23,Jamuna_Jamalpur
2012-01-30,0.0,26.11,11.42,1.94,55.68,0.42,0.24,Jamuna_Jamalpur
2012-01-31,0.0,25.59,10.27,1.92,52.74,0.42,0.22,Jamuna_Jamalpur
2012-02-01,0.0,25.65,11.1,2.09,46.72,0.42,0.2,Jamuna_Jamalpur
2012-02-02,0.0,23.82,8.74,1.58,47.03,0.41,0.17,Jamuna_Jamalpur
2012-02-03,0.0,25.53,10.47,1.42,51.81,0.41,0.18,Jamuna_Jamalpur
2012-02-04,0.0,26.73,11.44,1.4,52.71,0.41,0.21,Jamuna_Jamalpur
2012-02-05,0.0,27.73,13.27,1.55,49.32,0.41,0.19,Jamuna_Jamalpur
2012-02-06,0.0,27.66,13.55,1.5,47.79,0.41,0.17,Jamuna_Jamalpur
2012-02-07,0.0,27.96,12.92,1.37,51.12,0.4,0.2,Jamuna_Jamalpur
2012-02-08,0.0,26.61,13.54,1.43,50.69,0.4,0.13,Jamuna_Jamalpur
2012-02-09,0.54,25.88,15.61,1.77,60.31,0.4,0.13,Jamuna_Jamalpur
2012-02-10,0.0,26.12,10.03,2.35,42.51,0.4,0.18,Jamuna_Jamalpur
2012-02-11,0.0,25.14,9.23,1.8,39.3,0.4,0.15,Jamuna_Jamalpur
2012-02-12,0.0,23.7,10.21,1.46,43.28,0.4,0.12,Jamuna_Jamalpur
2012-02-13,0.0,27.62,11.79,1.13,43.04,0.39,0.16,Jamuna_Jamalpur
2012-02-14,0.0,28.38,14.68,1.3,41.08,0.39,0.15,Jamuna_Jamalpur
2012-02-15,0.0,29.8,17.11,1.21,45.27,0.39,0.15,Jamuna_Jamalpur
2012-02-16,0.0,29.86,17.11,1.52,51.06,0.39,0.14,Jamuna_Jamalpur
2012-02-17,0.0,30.57,16.99,1.52,51.22,0.39,0.15,Jamuna_Jamalpur
2012-02-18,0.0,30.02,14.73,1.84,49.08,0.38,0.15,Jamuna_Jamalpur
2012-02-19,0.0,29.06,13.39,1.65,36.8,0.38,0.13,Jamuna_Jamalpur
2012-02-20,0.0,28.39,14.24,1.38,33.64,0.38,0.11,Jamuna_Jamalpur
2012-02-21,0.0,28.83,13.34,1.55,43.22,0.38,0.11,Jamuna_Jamalpur
2012-02-22,0.0,30.58,15.2,1.45,45.44,0.38,0.11,Jamuna_Jamalpur
2012-02-23,0.0,32.1,15.26,1.71,45.22,0.37,0.11,Jamuna_Jamalpur
2012-02-24,0.0,32.34,15.78,1.76,39.92,0.37,0.1,Jamuna_Jamalpur
2012-02-25,0.0,33.7,16.08,1.93,39.3,0.37,0.1,Jamuna_Jamalpur
2012-02-26,0.0,33.78,15.12,2.44,37.7,0.37,0.1,Jamuna_Jamalpur
2012-02-27,0.0,30.9,13.68,1.68,33.16,0.36,0.08,Jamuna_Jamalpur
2012-02-28,0.0,30.47,13.47,1.45,27.61,0.36,0.06,Jamuna_Jamalpur
2012-02-29,25.67,29.64,16.42,1.72,47.32,0.4,0.25,Jamuna_Jamalpur
2012-03-01,0.03,31.45,16.35,1.41,50.66,0.41,0.32,Jamuna_Jamalpur
2012-03-02,0.0,30.75,17.21,1.59,34.49,0.4,0.27,Jamuna_Jamalpur
2012-03-03,0.02,30.91,14.8,1.6,33.49,0.4,0.25,Jamuna_Jamalpur
2012-03-04,0.29,30.72,17.51,1.72,38.58,0.4,0.21,Jamuna_Jamalpur
2012-03-05,0.0,31.8,16.95,1.76,45.31,0.39,0.21,Jamuna_Jamalpur
2012-03-06,0.0,33.62,17.57,1.81,45.53,0.39,0.2,Jamuna_Jamalpur
2012-03-07,0.15,34.23,19.13,1.65,41.93,0.39,0.2,Jamuna_Jamalpur
2012-03-08,0.93,33.33,19.63,1.68,38.17,0.39,0.19,Jamuna_Jamalpur
2012-03-09,0.0,33.17,17.39,1.12,33.27,0.38,0.18,Jamuna_Jamalpur
2012-03-10,0.01,33.27,18.24,1.57,39.32,0.38,0.16,Jamuna_Jamalpur
2012-03-11,0.0,34.09,17.34,1.85,32.36,0.38,0.16,Jamuna_Jamalpur
2012-03-12,0.0,33.95,15.71,1.83,26.03,0.37,0.14,Jamuna_Jamalpur
2012-03-13,0.04,33.25,19.68,2.06,31.86,0.37,0.14,Jamuna_Jamalpur
2012-03-14,1.04,31.71,18.44,2.16,54.65,0.37,0.1,Jamuna_Jamalpur
2012-03-15,0.0,31.31,18.23,1.96,41.1,0.37,0.09,Jamuna_Jamalpur
2012-03-16,0.0,31.66,17.17,1.73,34.26,0.37,0.08,Jamuna_Jamalpur
2012-03-17,0.0,32.82,17.72,1.3,33.1,0.36,0.08,Jamuna_Jamalpur
2012-03-18,0.86,32.12,17.84,2.04,45.63,0.36,0.06,Jamuna_Jamalpur
2012-03-19,0.0,34.25,20.47,1.36,46.57,0.36,0.07,Jamuna_Jamalpur
2012-03-20,0.0,34.36,21.44,1.12,50.39,0.36,0.06,Jamuna_Jamalpur
2012-03-21,0.04,36.77,22.58,1.89,43.3,0.36,0.06,Jamuna_Jamalpur
2012-03-22,0.1,37.56,20.0,2.32,32.72,0.35,0.05,Jamuna_Jamalpur
2012-03-23,0.0,34.84,17.35,1.19,24.14,0.35,0.04,Jamuna_Jamalpur
2012-03-24,0.0,34.92,16.55,1.45,26.56,0.35,0.03,Jamuna_Jamalpur
2012-03-25,0.0,35.49,17.4,1.58,32.84,0.35,0.02,Jamuna_Jamalpur
2012-03-26,0.0,36.14,19.26,1.74,38.82,0.35,0.02,Jamuna_Jamalpur
2012-03-27,0.0,37.11,20.04,1.59,34.33,0.34,0.02,Jamuna_Jamalpur
2012-03-28,0.0,37.64,20.18,1.83,32.27,0.34,0.01,Jamuna_Jamalpur
2012-03-29,0.0,38.87,21.56,2.06,27.64,0.34,0.01,Jamuna_Jamalpur
2012-03-30,0.0,38.33,20.66,1.37,26.75,0.34,0.0,Jamuna_Jamalpur
2012-03-31,0.12,37.21,23.13,1.46,39.85,0.34,0.0,Jamuna_Jamalpur
2012-04-01,0.68,38.95,23.83,1.49,32.02,0.34,0.0,Jamuna_Jamalpur
2012-04-02,0.0,38.44,24.42,1.07,32.72,0.33,0.0,Jamuna_Jamalpur
2012-04-03,0.01,39.1,25.16,1.39,33.57,0.33,0.0,Jamuna_Jamalpur
2012-04-04,0.61,38.67,25.98,1.73,39.03,0.33,0.0,Jamuna_Jamalpur
2012-04-05,1.6,37.79,24.2,1.81,43.97,0.33,0.0,Jamuna_Jamalpur
2012-04-06,12.06,28.89,23.95,2.29,71.6,0.35,0.01,Jamuna_Jamalpur
2012-04-07,3.17,31.73,22.15,3.18,68.55,0.36,0.05,Jamuna_Jamalpur
2012-04-08,14.49,32.79,21.56,2.73,68.55,0.37,0.09,Jamuna_Jamalpur
2012-04-09,15.63,31.92,23.65,2.34,74.72,0.39,0.21,Jamuna_Jamalpur
2012-04-10,5.34,31.82,20.53,2.16,70.42,0.41,0.36,Jamuna_Jamalpur
2012-04-11,9.87,31.38,22.89,1.74,74.78,0.41,0.31,Jamuna_Jamalpur
2012-04-12,9.38,32.95,23.01,2.38,72.93,0.43,0.54,Jamuna_Jamalpur
2012-04-13,4.56,34.82,22.91,2.69,69.26,0.43,0.79,Jamuna_Jamalpur
2012-04-14,1.83,36.85,23.01,2.03,61.17,0.43,0.96,Jamuna_Jamalpur
2012-04-15,15.07,35.53,23.39,1.8,60.69,0.44,1.02,Jamuna_Jamalpur
2012-04-16,8.17,35.74,22.98,1.61,56.83,0.45,1.29,Jamuna_Jamalpur
2012-04-17,7.33,35.96,22.24,1.71,53.08,0.46,1.5,Jamuna_Jamalpur
2012-04-18,4.82,36.74,21.88,2.12,59.4,0.46,1.31,Jamuna_Jamalpur
2012-04-19,11.41,36.6,23.31,2.11,65.46,0.47,1.46,Jamuna_Jamalpur
2012-04-20,15.48,34.94,24.56,1.87,68.25,0.48,1.67,Jamuna_Jamalpur
2012-04-21,4.96,32.79,25.1,2.27,73.44,0.49,1.49,Jamuna_Jamalpur
2012-04-22,1.43,38.04,24.02,3.12,56.02,0.49,2.28,Jamuna_Jamalpur
2012-04-23,0.49,38.74,21.85,3.13,46.01,0.48,2.24,Jamuna_Jamalpur
2012-04-24,0.87,38.75,24.36,2.61,58.38,0.47,1.85,Jamuna_Jamalpur
2012-04-25,3.07,37.88,24.38,2.54,61.62,0.47,1.7,Jamuna_Jamalpur
2012-04-26,4.06,35.94,24.69,2.84,65.9,0.47,1.54,Jamuna_Jamalpur
2012-04-27,1.24,39.05,25.58,2.61,56.12,0.46,1.68,Jamuna_Jamalpur
2012-04-28,0.68,39.13,25.14,2.37,54.39,0.46,1.55,Jamuna_Jamalpur
2012-04-29,2.8,39.27,25.01,2.54,49.06,0.45,1.53,Jamuna_Jamalpur
2012-04-30,14.95,37.74,24.88,2.46,62.88,0.47,1.42,Jamuna_Jamalpur
2012-05-01,12.62,34.06,25.18,3.16,73.4,0.48,1.54,Jamuna_Jamalpur
2012-05-02,6.85,34.65,25.21,2.5,70.81,0.49,1.82,Jamuna_Jamalpur
2012-05-03,1.95,35.25,25.7,2.0,64.08,0.48,2.11,Jamuna_Jamalpur
2012-05-04,0.62,31.47,24.38,2.03,69.14,0.48,1.18,Jamuna_Jamalpur
2012-05-05,0.0,32.57,23.03,1.29,60.31,0.48,0.99,Jamuna_Jamalpur
2012-05-06,0.0,37.29,22.45,1.57,51.46,0.47,1.86,Jamuna_Jamalpur
2012-05-07,0.0,38.36,22.62,1.33,46.34,0.46,1.82,Jamuna_Jamalpur
2012-05-08,0.0,37.98,23.49,1.55,49.17,0.46,1.56,Jamuna_Jamalpur
2012-05-09,0.17,36.72,26.58,2.11,55.48,0.45,1.2,Jamuna_Jamalpur
2012-05-10,2.08,34.66,26.7,1.83,64.18,0.45,0.73,Jamuna_Jamalpur
2012-05-11,2.19,35.91,26.59,2.03,62.28,0.45,1.09,Jamuna_Jamalpur
2012-05-12,20.69,34.89,26.33,2.76,67.46,0.46,1.26,Jamuna_Jamalpur
2012-05-13,7.59,36.49,25.88,3.01,69.78,0.48,1.65,Jamuna_Jamalpur
2012-05-14,2.2,39.95,26.06,2.91,61.72,0.48,2.1,Jamuna_Jamalpur
2012-05-15,5.19,40.05,26.88,2.55,61.49,0.47,1.95,Jamuna_Jamalpur
2012-05-16,4.63,37.9,26.52,3.03,63.26,0.48,1.92,Jamuna_Jamalpur
2012-05-17,3.08,37.53,25.83,3.23,64.88,0.47,1.76,Jamuna_Jamalpur
2012-05-18,0.45,36.34,25.92,2.29,65.3,0.47,1.45,Jamuna_Jamalpur
2012-05-19,5.9,33.03,27.25,1.92,72.22,0.47,0.79,Jamuna_Jamalpur
2012-05-20,5.64,35.98,26.17,1.94,68.56,0.48,1.7,Jamuna_Jamalpur
2012-05-21,0.54,36.41,26.47,2.35,65.64,0.47,1.78,Jamuna_Jamalpur
2012-05-22,2.35,39.07,26.97,3.03,61.51,0.47,1.72,Jamuna_Jamalpur
2012-05-23,2.79,38.9,27.1,2.93,62.93,0.47,1.4,Jamuna_Jamalpur
2012-05-24,10.42,37.21,27.07,3.47,67.38,0.47,1.37,Jamuna_Jamalpur
2012-05-25,6.58,36.19,26.88,3.03,71.02,0.48,1.58,Jamuna_Jamalpur
2012-05-26,4.78,35.52,27.51,2.38,68.92,0.48,1.4,Jamuna_Jamalpur
2012-05-27,3.09,34.62,27.35,2.55,71.03,0.48,1.23,Jamuna_Jamalpur
2012-05-28,0.78,35.25,27.99,2.22,68.79,0.48,1.16,Jamuna_Jamalpur
2012-05-29,2.19,34.1,27.47,1.57,69.62,0.48,0.91,Jamuna_Jamalpur
2012-05-30,3.98,34.02,27.34,2.07,71.59,0.48,1.0,Jamuna_Jamalpur
2012-05-31,2.12,35.04,27.27,1.71,72.84,0.48,1.19,Jamuna_Jamalpur
2012-06-01,15.21,32.65,27.21,1.97,80.22,0.49,0.79,Jamuna_Jamalpur
2012-06-02,13.57,35.44,26.63,2.94,75.99,0.51,2.19,Jamuna_Jamalpur
2012-06-03,12.18,36.7,27.37,4.23,75.84,0.52,2.07,Jamuna_Jamalpur
2012-06-04,17.07,36.35,27.88,3.7,79.27,0.54,2.1,Jamuna_Jamalpur
2012-06-05,4.31,35.9,27.49,3.52,75.09,0.54,3.06,Jamuna_Jamalpur
2012-06-06,0.98,35.02,26.64,2.76,75.6,0.53,2.74,Jamuna_Jamalpur
2012-06-07,1.66,34.13,26.77,2.53,76.99,0.53,1.88,Jamuna_Jamalpur
2012-06-08,1.72,36.03,27.4,1.14,69.82,0.52,2.81,Jamuna_Jamalpur
2012-06-09,3.82,36.31,27.43,1.99,70.29,0.52,2.41,Jamuna_Jamalpur
2012-06-10,3.06,35.55,27.89,2.7,72.32,0.52,2.14,Jamuna_Jamalpur
2012-06-11,9.36,36.26,27.08,3.48,71.91,0.52,2.45,Jamuna_Jamalpur
2012-06-12,5.32,34.6,26.91,2.5,74.98,0.52,2.0,Jamuna_Jamalpur
2012-06-13,1.1,36.07,27.41,3.01,71.92,0.52,2.21,Jamuna_Jamalpur
2012-06-14,8.57,37.08,27.54,3.92,70.77,0.52,2.33,Jamuna_Jamalpur
2012-06-15,9.24,34.08,27.36,4.21,80.92,0.53,1.56,Jamuna_Jamalpur
2012-06-16,10.67,31.32,27.09,4.12,87.97,0.54,0.93,Jamuna_Jamalpur
2012-06-17,18.22,31.95,26.21,2.56,83.53,0.55,1.66,Jamuna_Jamalpur
2012-06-18,9.24,33.58,26.0,1.75,77.65,0.57,3.49,Jamuna_Jamalpur
2012-06-19,2.76,34.32,26.5,2.22,76.89,0.57,4.04,Jamuna_Jamalpur
2012-06-20,5.52,33.36,26.49,3.08,83.48,0.56,2.54,Jamuna_Jamalpur
2012-06-21,5.47,31.95,27.45,3.2,87.56,0.56,1.02,Jamuna_Jamalpur
2012-06-22,4.87,32.3,26.62,3.79,84.48,0.56,2.28,Jamuna_Jamalpur
2012-06-23,17.51,31.79,26.71,3.99,85.94,0.58,1.86,Jamuna_Jamalpur
2012-06-24,22.01,31.15,26.94,3.43,88.53,0.6,1.4,Jamuna_Jamalpur
2012-06-25,26.74,33.63,26.31,4.74,83.53,0.63,3.13,Jamuna_Jamalpur
2012-06-26,19.64,33.65,26.34,4.09,83.5,0.66,3.54,Jamuna_Jamalpur
2012-06-27,6.3,33.16,26.7,3.35,84.47,0.66,2.85,Jamuna_Jamalpur
2012-06-28,1.53,33.46,26.5,3.18,84.24,0.65,3.38,Jamuna_Jamalpur
2012-06-29,0.0,33.1,26.41,2.53,81.02,0.64,4.8,Jamuna_Jamalpur
2012-06-30,0.09,33.76,26.68,2.06,79.3,0.63,5.17,Jamuna_Jamalpur
2012-07-01,9.99,31.74,27.03,1.87,85.97,0.62,1.98,Jamuna_Jamalpur
2012-07-02,10.2,33.12,26.09,2.52,82.83,0.63,4.01,Jamuna_Jamalpur
2012-07-03,9.03,33.29,25.5,3.25,84.05,0.64,4.43,Jamuna_Jamalpur
2012-07-04,11.9,31.44,26.14,3.21,86.89,0.64,2.68,Jamuna_Jamalpur
2012-07-05,22.46,32.46,26.09,3.3,86.46,0.66,3.18,Jamuna_Jamalpur
2012-07-06,11.81,33.1,26.29,3.26,85.28,0.67,4.27,Jamuna_Jamalpur
2012-07-07,7.76,31.98,26.41,2.61,85.2,0.67,3.69,Jamuna_Jamalpur
2012-07-08,1.99,32.37,26.49,2.87,85.91,0.67,3.22,Jamuna_Jamalpur
2012-07-09,21.5,32.92,26.31,3.57,84.83,0.67,4.49,Jamuna_Jamalpur
2012-07-10,8.72,32.79,25.99,2.39,84.66,0.68,4.54,Jamuna_Jamalpur
2012-07-11,11.69,32.6,26.22,2.35,84.63,0.68,3.9,Jamuna_Jamalpur
2012-07-12,17.29,33.05,27.2,2.09,87.13,0.7,2.81,Jamuna_Jamalpur
2012-07-13,32.12,30.65,27.67,2.07,90.05,0.72,0.95,Jamuna_Jamalpur
2012-07-14,23.98,30.93,26.91,2.22,90.41,0.75,1.29,Jamuna_Jamalpur
2012-07-15,14.06,30.05,26.83,3.27,91.18,0.77,1.27,Jamuna_Jamalpur
2012-07-16,16.58,30.21,26.3,2.97,91.07,0.78,1.06,Jamuna_Jamalpur
2012-07-17,12.31,30.83,26.44,2.11,89.47,0.8,1.37,Jamuna_Jamalpur
2012-07-18,8.43,32.17,26.88,1.69,86.34,0.8,2.0,Jamuna_Jamalpur
2012-07-19,6.55,32.58,26.86,1.37,86.85,0.8,2.81,Jamuna_Jamalpur
2012-07-20,5.22,32.15,25.76,2.91,89.25,0.8,2.88,Jamuna_Jamalpur
2012-07-21,4.24,31.29,26.19,3.21,88.91,0.79,2.6,Jamuna_Jamalpur
2012-07-22,7.32,31.82,26.2,3.1,87.6,0.79,3.18,Jamuna_Jamalpur
2012-07-23,13.5,32.24,26.59,3.05,87.53,0.79,3.78,Jamuna_Jamalpur
2012-07-24,11.08,29.7,26.6,2.54,91.74,0.8,1.17,Jamuna_Jamalpur
2012-07-25,2.88,31.85,26.41,2.24,88.37,0.8,2.44,Jamuna_Jamalpur
2012-07-26,0.8,32.82,26.34,2.61,87.56,0.79,4.01,Jamuna_Jamalpur
2012-07-27,4.94,31.66,25.98,3.69,89.03,0.78,3.15,Jamuna_Jamalpur
2012-07-28,6.3,30.63,26.21,3.47,91.31,0.78,1.83,Jamuna_Jamalpur
2012-07-29,5.91,31.2,26.34,2.69,89.93,0.78,1.97,Jamuna_Jamalpur
2012-07-30,1.96,32.15,26.13,3.14,86.2,0.78,5.0,Jamuna_Jamalpur
2012-07-31,0.39,32.1,25.83,3.11,87.49,0.76,4.46,Jamuna_Jamalpur
2012-08-01,4.03,31.39,26.03,2.28,88.04,0.75,2.81,Jamuna_Jamalpur
2012-08-02,4.7,29.62,26.79,1.65,91.92,0.76,1.05,Jamuna_Jamalpur
2012-08-03,1.36,31.6,26.23,2.04,88.24,0.75,2.8,Jamuna_Jamalpur
2012-08-04,7.61,30.86,25.97,2.32,89.93,0.75,2.1,Jamuna_Jamalpur
2012-08-05,25.95,31.3,26.2,2.91,89.0,0.76,2.12,Jamuna_Jamalpur
2012-08-06,5.2,32.4,26.05,2.87,88.21,0.78,3.43,Jamuna_Jamalpur
2012-08-07,2.83,31.39,26.34,2.14,88.33,0.77,3.14,Jamuna_Jamalpur
2012-08-08,2.82,30.47,26.4,1.36,89.96,0.77,1.58,Jamuna_Jamalpur
2012-08-09,3.31,31.1,26.1,1.27,88.16,0.77,2.09,Jamuna_Jamalpur
2012-08-10,8.82,31.91,26.22,2.59,88.78,0.76,3.0,Jamuna_Jamalpur
2012-08-11,4.52,31.14,25.79,2.49,87.54,0.76,3.3,Jamuna_Jamalpur
2012-08-12,20.77,31.11,25.8,1.13,86.84,0.77,2.58,Jamuna_Jamalpur
2012-08-13,12.98,30.91,26.13,0.98,88.94,0.79,1.67,Jamuna_Jamalpur
2012-08-14,1.74,32.31,26.13,1.28,83.68,0.79,4.36,Jamuna_Jamalpur
2012-08-15,1.12,32.29,27.21,0.92,85.02,0.78,2.57,Jamuna_Jamalpur
2012-08-16,6.13,30.18,27.13,0.96,88.2,0.78,1.23,Jamuna_Jamalpur
2012-08-17,3.3,32.62,26.81,2.16,85.86,0.78,4.43,Jamuna_Jamalpur
2012-08-18,0.09,33.14,26.06,2.08,85.31,0.77,5.31,Jamuna_Jamalpur
2012-08-19,2.32,32.04,26.05,2.3,86.66,0.76,3.85,Jamuna_Jamalpur
2012-08-20,13.35,30.72,26.44,2.86,89.78,0.76,2.14,Jamuna_Jamalpur
2012-08-21,24.38,30.24,26.2,2.05,89.92,0.78,1.38,Jamuna_Jamalpur
2012-08-22,20.43,29.87,26.35,1.78,89.49,0.8,1.2,Jamuna_Jamalpur
2012-08-23,11.65,29.87,26.7,1.34,91.85,0.82,0.83,Jamuna_Jamalpur
2012-08-24,7.94,30.25,26.25,0.84,87.7,0.82,1.52,Jamuna_Jamalpur
2012-08-25,0.76,31.49,26.05,1.25,87.86,0.82,2.4,Jamuna_Jamalpur
2012-08-26,1.91,29.57,26.42,1.54,91.75,0.81,1.33,Jamuna_Jamalpur
2012-08-27,1.39,30.64,25.8,1.79,89.38,0.81,2.65,Jamuna_Jamalpur
2012-08-28,0.63,31.24,26.4,1.54,87.66,0.8,3.17,Jamuna_Jamalpur
2012-08-29,0.88,30.31,26.79,1.32,90.18,0.8,1.34,Jamuna_Jamalpur
2012-08-30,1.02,30.6,26.59,1.75,89.75,0.8,1.75,Jamuna_Jamalpur
2012-08-31,0.08,31.68,26.03,2.05,86.94,0.79,3.97,Jamuna_Jamalpur
2012-09-01,0.16,30.42,26.62,1.51,89.68,0.78,1.89,Jamuna_Jamalpur
2012-09-02,17.72,31.31,26.54,0.96,87.01,0.79,1.36,Jamuna_Jamalpur
2012-09-03,15.82,30.17,26.6,1.29,92.55,0.81,0.72,Jamuna_Jamalpur
2012-09-04,5.36,30.14,25.53,2.46,89.02,0.81,2.48,Jamuna_Jamalpur
2012-09-05,4.02,29.17,24.81,2.44,92.03,0.81,1.81,Jamuna_Jamalpur
2012-09-06,8.61,30.41,24.68,2.23,89.16,0.81,3.08,Jamuna_Jamalpur
2012-09-07,0.8,32.11,25.3,1.22,83.42,0.81,4.63,Jamuna_Jamalpur
2012-09-08,3.09,31.45,26.15,1.52,89.37,0.8,1.88,Jamuna_Jamalpur
2012-09-09,5.33,28.34,25.74,2.0,93.12,0.8,0.69,Jamuna_Jamalpur
2012-09-10,15.57,30.22,25.46,2.57,91.66,0.81,2.27,Jamuna_Jamalpur
2012-09-11,19.6,29.66,25.75,2.3,92.68,0.83,1.62,Jamuna_Jamalpur
2012-09-12,19.09,29.7,25.78,2.17,91.88,0.84,1.47,Jamuna_Jamalpur
2012-09-13,5.72,29.48,25.87,2.53,92.05,0.85,1.64,Jamuna_Jamalpur
2012-09-14,33.67,28.88,25.98,2.44,93.99,0.87,0.88,Jamuna_Jamalpur
2012-09-15,40.47,29.48,25.46,2.56,92.24,0.9,1.58,Jamuna_Jamalpur
2012-09-16,35.66,29.75,25.17,2.35,92.52,0.93,1.45,Jamuna_Jamalpur
2012-09-17,5.75,30.11,25.3,1.92,92.34,0.93,1.32,Jamuna_Jamalpur
2012-09-18,9.15,29.8,25.92,1.92,92.55,0.92,1.47,Jamuna_Jamalpur
2012-09-19,15.35,30.11,26.05,2.28,92.52,0.93,1.32,Jamuna_Jamalpur
2012-09-20,8.24,30.41,26.28,2.53,91.84,0.93,1.59,Jamuna_Jamalpur
2012-09-21,5.81,30.16,26.45,2.06,91.06,0.93,1.45,Jamuna_Jamalpur
2012-09-22,8.98,29.7,26.55,1.85,92.14,0.93,0.91,Jamuna_Jamalpur
2012-09-23,8.87,30.72,25.53,1.52,87.41,0.93,2.42,Jamuna_Jamalpur
2012-09-24,3.06,30.48,24.19,1.46,86.14,0.93,3.43,Jamuna_Jamalpur
2012-09-25,0.28,31.54,23.42,1.08,83.35,0.92,4.96,Jamuna_Jamalpur
2012-09-26,2.4,31.43,23.99,1.04,86.01,0.91,3.58,Jamuna_Jamalpur
2012-09-27,1.64,32.26,24.92,1.18,84.55,0.91,2.4,Jamuna_Jamalpur
2012-09-28,0.05,31.54,25.14,1.36,85.63,0.9,3.66,Jamuna_Jamalpur
2012-09-29,0.26,30.92,24.58,1.41,86.33,0.9,2.9,Jamuna_Jamalpur
2012-09-30,2.01,29.68,25.38,1.51,90.64,0.9,2.04,Jamuna_Jamalpur
2012-10-01,9.94,30.25,25.5,1.62,90.1,0.9,2.0,Jamuna_Jamalpur
2012-10-02,7.3,29.97,25.87,1.8,92.14,0.9,1.38,Jamuna_Jamalpur
2012-10-03,8.52,30.3,25.68,2.12,92.35,0.9,1.67,Jamuna_Jamalpur
2012-10-04,10.56,27.71,25.29,1.75,94.45,0.91,0.55,Jamuna_Jamalpur
2012-10-05,6.51,30.4,23.22,1.6,87.45,0.91,4.03,Jamuna_Jamalpur
2012-10-06,1.6,29.86,21.86,0.93,77.96,0.9,5.12,Jamuna_Jamalpur
2012-10-07,0.0,30.26,23.78,0.87,79.73,0.89,4.2,Jamuna_Jamalpur
2012-10-08,0.41,31.82,23.85,1.21,83.57,0.89,5.11,Jamuna_Jamalpur
2012-10-09,41.79,30.59,23.2,1.51,87.46,0.9,1.77,Jamuna_Jamalpur
2012-10-10,8.35,31.01,22.7,1.18,84.2,0.92,3.77,Jamuna_Jamalpur
2012-10-11,4.97,29.78,23.46,1.69,86.44,0.91,3.31,Jamuna_Jamalpur
2012-10-12,0.67,29.82,21.8,1.97,86.37,0.9,4.5,Jamuna_Jamalpur
2012-10-13,0.41,28.67,19.21,1.72,84.15,0.9,3.98,Jamuna_Jamalpur
2012-10-14,0.33,28.61,20.1,1.38,84.03,0.89,3.99,Jamuna_Jamalpur
2012-10-15,0.18,28.94,19.12,1.55,84.62,0.88,4.4,Jamuna_Jamalpur
2012-10-16,0.0,29.45,18.9,1.69,83.83,0.88,4.82,Jamuna_Jamalpur
2012-10-17,0.0,30.87,20.65,1.66,81.43,0.87,5.45,Jamuna_Jamalpur
2012-10-18,0.0,29.67,20.45,2.03,83.47,0.86,4.84,Jamuna_Jamalpur
2012-10-19,0.0,29.05,19.18,1.82,84.95,0.85,4.55,Jamuna_Jamalpur
2012-10-20,0.0,28.68,18.0,1.83,85.42,0.84,4.44,Jamuna_Jamalpur
2012-10-21,0.0,28.73,17.78,1.93,84.79,0.83,4.6,Jamuna_Jamalpur
2012-10-22,0.0,27.75,17.92,1.73,87.09,0.82,3.63,Jamuna_Jamalpur
2012-10-23,0.0,28.66,17.87,1.62,84.75,0.82,4.82,Jamuna_Jamalpur
2012-10-24,0.0,27.11,15.95,1.75,84.24,0.81,4.19,Jamuna_Jamalpur
2012-10-25,0.0,27.22,16.98,1.37,82.85,0.8,4.14,Jamuna_Jamalpur
2012-10-26,0.0,27.01,16.05,1.89,80.99,0.79,4.04,Jamuna_Jamalpur
2012-10-27,0.0,27.01,14.92,2.02,80.18,0.78,4.08,Jamuna_Jamalpur
2012-10-28,0.0,28.63,16.0,1.75,82.5,0.78,4.79,Jamuna_Jamalpur
2012-10-29,0.0,29.27,17.09,1.89,83.57,0.77,4.65,Jamuna_Jamalpur
2012-10-30,0.0,30.44,17.76,1.45,82.28,0.76,5.34,Jamuna_Jamalpur
2012-10-31,0.0,29.87,18.34,1.41,82.29,0.75,5.04,Jamuna_Jamalpur
2012-11-01,0.0,29.3,17.74,1.55,79.84,0.74,4.71,Jamuna_Jamalpur
2012-11-02,0.0,27.4,15.26,1.43,72.86,0.73,4.36,Jamuna_Jamalpur
2012-11-03,0.04,25.64,16.28,1.34,75.74,0.73,2.42,Jamuna_Jamalpur
2012-11-04,5.61,27.18,16.51,1.06,76.6,0.73,3.39,Jamuna_Jamalpur
2012-11-05,17.44,26.58,19.31,0.79,83.02,0.74,1.62,Jamuna_Jamalpur
2012-11-06,10.97,26.06,20.46,1.07,90.62,0.76,1.03,Jamuna_Jamalpur
2012-11-07,0.19,26.03,17.17,1.76,84.65,0.75,3.07,Jamuna_Jamalpur
2012-11-08,0.02,25.85,14.79,1.13,80.43,0.75,3.67,Jamuna_Jamalpur
2012-11-09,0.0,25.84,15.96,1.23,81.0,0.74,2.36,Jamuna_Jamalpur
2012-11-10,0.0,26.41,14.93,1.22,77.14,0.73,3.12,Jamuna_Jamalpur
2012-11-11,0.0,26.84,15.38,1.33,83.0,0.73,3.35,Jamuna_Jamalpur
2012-11-12,0.0,26.81,16.75,1.08,81.1,0.72,3.41,Jamuna_Jamalpur
2012-11-13,0.0,27.65,18.63,1.04,80.35,0.72,3.47,Jamuna_Jamalpur
2012-11-14,0.0,26.57,15.28,1.36,78.1,0.71,3.29,Jamuna_Jamalpur
2012-11-15,0.0,27.06,13.76,1.39,77.01,0.7,3.52,Jamuna_Jamalpur
2012-11-16,0.0,28.18,13.97,0.95,77.16,0.7,3.51,Jamuna_Jamalpur
2012-11-17,0.0,28.6,16.94,0.94,81.0,0.69,3.44,Jamuna_Jamalpur
2012-11-18,0.0,29.16,16.94,1.39,81.02,0.69,3.46,Jamuna_Jamalpur
2012-11-19,0.0,28.08,15.13,1.84,76.89,0.68,2.97,Jamuna_Jamalpur
2012-11-20,0.0,26.6,15.87,2.38,80.36,0.67,2.81,Jamuna_Jamalpur
2012-11-21,0.0,26.69,14.51,2.06,74.79,0.67,2.79,Jamuna_Jamalpur
2012-11-22,0.0,24.17,12.12,1.89,76.39,0.66,2.14,Jamuna_Jamalpur
2012-11-23,0.0,24.39,11.15,1.73,74.89,0.65,1.87,Jamuna_Jamalpur
2012-11-24,0.0,23.68,10.91,1.61,76.52,0.65,1.72,Jamuna_Jamalpur
2012-11-25,0.0,22.81,10.0,1.5,75.52,0.65,1.41,Jamuna_Jamalpur
2012-11-26,0.0,24.13,12.62,1.49,75.11,0.64,1.71,Jamuna_Jamalpur
2012-11-27,0.0,23.94,10.24,1.58,75.99,0.64,1.66,Jamuna_Jamalpur
2012-11-28,0.0,22.51,10.82,1.55,76.72,0.63,1.47,Jamuna_Jamalpur
2012-11-29,0.0,23.74,10.05,1.3,76.5,0.63,1.65,Jamuna_Jamalpur
2012-11-30,0.0,23.78,11.85,1.11,72.87,0.63,1.58,Jamuna_Jamalpur
2012-12-01,0.0,25.16,12.31,1.26,71.68,0.62,1.71,Jamuna_Jamalpur
2012-12-02,0.0,25.41,12.28,1.52,68.0,0.62,1.72,Jamuna_Jamalpur
2012-12-03,0.0,24.16,10.13,1.67,71.99,0.61,1.64,Jamuna_Jamalpur
2012-12-04,0.0,24.17,10.77,1.24,70.04,0.61,1.45,Jamuna_Jamalpur
2012-12-05,0.0,23.8,11.79,0.94,69.06,0.61,1.21,Jamuna_Jamalpur
2012-12-06,0.0,24.24,12.25,1.04,72.22,0.6,1.22,Jamuna_Jamalpur
2012-12-07,0.0,23.14,11.37,0.96,74.89,0.6,0.88,Jamuna_Jamalpur
2012-12-08,0.0,23.23,11.83,1.01,73.01,0.6,0.91,Jamuna_Jamalpur
2012-12-09,0.0,23.78,11.69,1.08,72.91,0.6,0.89,Jamuna_Jamalpur
2012-12-10,0.0,22.72,11.78,0.91,70.42,0.59,0.83,Jamuna_Jamalpur
2012-12-11,0.0,24.76,13.07,0.97,65.98,0.59,1.07,Jamuna_Jamalpur
2012-12-12,0.68,24.46,15.4,1.12,72.74,0.59,0.92,Jamuna_Jamalpur
2012-12-13,0.0,23.86,12.77,1.36,72.24,0.59,1.23,Jamuna_Jamalpur
2012-12-14,0.0,24.72,11.2,1.43,70.79,0.58,1.16,Jamuna_Jamalpur
2012-12-15,0.0,25.43,12.5,1.4,63.86,0.58,1.35,Jamuna_Jamalpur
2012-12-16,0.0,24.63,10.3,1.9,72.43,0.57,1.22,Jamuna_Jamalpur
2012-12-17,0.0,23.37,10.06,1.55,78.5,0.57,0.98,Jamuna_Jamalpur
2012-12-18,0.0,22.71,11.9,1.13,75.31,0.57,0.99,Jamuna_Jamalpur
2012-12-19,0.0,22.17,11.2,1.3,75.15,0.57,0.7,Jamuna_Jamalpur
2012-12-20,0.0,21.94,9.79,1.49,70.37,0.56,0.88,Jamuna_Jamalpur
2012-12-21,0.0,20.3,7.62,1.57,67.0,0.56,0.76,Jamuna_Jamalpur
2012-12-22,0.0,21.52,6.35,1.62,70.78,0.56,0.85,Jamuna_Jamalpur
2012-12-23,0.03,24.2,7.91,1.4,76.36,0.55,0.93,Jamuna_Jamalpur
2012-12-24,0.1,23.53,10.16,1.35,77.24,0.55,1.02,Jamuna_Jamalpur
2012-12-25,0.0,22.56,7.73,1.63,66.15,0.55,0.95,Jamuna_Jamalpur
2012-12-26,0.01,20.29,6.17,1.64,66.7,0.54,0.77,Jamuna_Jamalpur
2012-12-27,0.0,21.61,5.4,1.28,69.18,0.54,0.76,Jamuna_Jamalpur
2012-12-28,0.0,22.38,8.43,1.16,69.07,0.54,0.86,Jamuna_Jamalpur
2012-12-29,0.0,22.06,8.33,1.26,65.37,0.54,0.78,Jamuna_Jamalpur
2012-12-30,0.0,21.65,7.94,1.44,64.09,0.53,0.74,Jamuna_Jamalpur
2012-12-31,2.28,21.02,8.13,1.27,62.59,0.53,0.68,Jamuna_Jamalpur
2013-01-01,0.0,23.27,10.01,1.47,66.44,0.53,0.67,Jamuna_Jamalpur
2013-01-02,0.0,24.26,9.11,1.58,65.81,0.53,0.76,Jamuna_Jamalpur
2013-01-03,0.05,20.46,12.99,0.87,71.59,0.53,0.23,Jamuna_Jamalpur
2013-01-04,0.0,23.06,10.28,1.83,71.61,0.52,0.68,Jamuna_Jamalpur
2013-01-05,0.0,21.5,6.73,1.62,61.18,0.52,0.61,Jamuna_Jamalpur
2013-01-06,0.0,21.28,6.38,1.63,57.47,0.52,0.54,Jamuna_Jamalpur
2013-01-07,0.0,20.77,7.13,2.47,55.06,0.52,0.56,Jamuna_Jamalpur
2013-01-08,0.0,18.56,2.74,2.17,56.97,0.51,0.47,Jamuna_Jamalpur
2013-01-09,0.0,17.69,2.38,1.95,58.53,0.51,0.44,Jamuna_Jamalpur
2013-01-10,0.0,18.05,4.65,1.64,59.36,0.51,0.36,Jamuna_Jamalpur
2013-01-11,0.0,18.7,6.37,1.23,67.91,0.51,0.32,Jamuna_Jamalpur
2013-01-12,0.0,22.41,9.06,1.09,65.46,0.5,0.52,Jamuna_Jamalpur
2013-01-13,0.0,23.44,8.96,1.03,64.6,0.5,0.54,Jamuna_Jamalpur
2013-01-14,0.0,23.83,10.83,1.28,60.24,0.5,0.53,Jamuna_Jamalpur
2013-01-15,0.0,23.99,10.19,1.47,63.34,0.5,0.52,Jamuna_Jamalpur
2013-01-16,0.0,24.74,10.55,1.11,64.4,0.49,0.54,Jamuna_Jamalpur
2013-01-17,0.0,25.7,12.53,1.23,59.77,0.49,0.5,Jamuna_Jamalpur
2013-01-18,0.0,27.19,14.27,1.09,60.29,0.49,0.6,Jamuna_Jamalpur
2013-01-19,0.0,27.72,15.67,1.36,62.37,0.49,0.64,Jamuna_Jamalpur
2013-01-20,0.0,26.1,13.45,2.68,69.73,0.48,0.58,Jamuna_Jamalpur
2013-01-21,0.0,24.59,8.83,2.49,57.31,0.48,0.59,Jamuna_Jamalpur
2013-01-22,0.0,25.63,7.12,2.34,51.27,0.48,0.56,Jamuna_Jamalpur
2013-01-23,0.0,25.53,6.42,2.36,48.89,0.47,0.53,Jamuna_Jamalpur
2013-01-24,0.0,24.57,5.87,2.73,49.87,0.47,0.48,Jamuna_Jamalpur
2013-01-25,0.0,22.9,4.87,2.29,50.09,0.47,0.43,Jamuna_Jamalpur
2013-01-26,0.0,23.36,5.36,2.48,52.87,0.47,0.41,Jamuna_Jamalpur
2013-01-27,0.0,23.21,6.35,2.01,56.5,0.46,0.4,Jamuna_Jamalpur
2013-01-28,0.0,24.7,8.25,1.84,55.23,0.46,0.35,Jamuna_Jamalpur
2013-01-29,0.0,25.61,8.94,2.03,53.54,0.46,0.41,Jamuna_Jamalpur
2013-01-30,0.0,25.22,8.73,1.7,52.45,0.46,0.38,Jamuna_Jamalpur
2013-01-31,0.0,26.05,9.82,1.37,50.98,0.46,0.33,Jamuna_Jamalpur
2013-02-01,0.0,21.29,11.98,1.46,60.02,0.45,0.12,Jamuna_Jamalpur
2013-02-02,0.0,26.82,10.52,1.51,55.38,0.45,0.41,Jamuna_Jamalpur
2013-02-03,0.0,27.29,13.07,1.73,48.31,0.45,0.42,Jamuna_Jamalpur
2013-02-04,0.0,29.05,11.58,1.42,49.56,0.45,0.48,Jamuna_Jamalpur
2013-02-05,0.0,30.91,15.03,1.44,53.73,0.44,0.54,Jamuna_Jamalpur
2013-02-06,0.0,31.45,15.19,1.93,52.44,0.44,0.52,Jamuna_Jamalpur
2013-02-07,0.0,31.44,16.84,2.62,52.84,0.44,0.47,Jamuna_Jamalpur
2013-02-08,0.01,26.16,16.39,2.89,56.2,0.43,0.27,Jamuna_Jamalpur
2013-02-09,0.0,27.55,10.62,2.36,41.44,0.43,0.39,Jamuna_Jamalpur
2013-02-10,0.0,28.72,9.86,2.62,43.41,0.43,0.36,Jamuna_Jamalpur
2013-02-11,0.0,29.07,10.17,2.0,41.42,0.43,0.36,Jamuna_Jamalpur
2013-02-12,0.0,29.1,10.4,1.89,40.58,0.42,0.31,Jamuna_Jamalpur
2013-02-13,0.0,30.88,12.68,2.39,42.23,0.42,0.34,Jamuna_Jamalpur
2013-02-14,0.0,30.87,13.37,2.65,40.99,0.42,0.35,Jamuna_Jamalpur
2013-02-15,0.0,30.72,12.36,2.16,40.19,0.41,0.32,Jamuna_Jamalpur
2013-02-16,0.29,31.53,13.48,2.49,44.69,0.41,0.28,Jamuna_Jamalpur
2013-02-17,11.48,24.59,15.06,2.83,72.24,0.42,0.12,Jamuna_Jamalpur
2013-02-18,1.53,25.94,13.53,2.57,64.15,0.43,0.36,Jamuna_Jamalpur
2013-02-19,0.0,26.57,11.47,2.22,54.09,0.43,0.4,Jamuna_Jamalpur
2013-02-20,0.0,28.24,12.58,2.72,52.56,0.42,0.4,Jamuna_Jamalpur
2013-02-21,0.0,29.76,13.4,2.52,49.99,0.42,0.39,Jamuna_Jamalpur
2013-02-22,0.0,31.48,13.31,2.53,48.56,0.42,0.4,Jamuna_Jamalpur
2013-02-23,0.0,33.67,14.38,2.22,45.91,0.41,0.4,Jamuna_Jamalpur
2013-02-24,0.0,32.66,15.25,2.76,41.15,0.41,0.37,Jamuna_Jamalpur
2013-02-25,0.0,32.86,16.81,3.37,44.76,0.41,0.36,Jamuna_Jamalpur
2013-02-26,0.0,31.84,15.31,2.39,47.4,0.4,0.32,Jamuna_Jamalpur
2013-02-27,0.0,32.09,15.02,2.17,47.45,0.4,0.31,Jamuna_Jamalpur
2013-02-28,0.0,33.03,14.7,2.59,40.61,0.4,0.28,Jamuna_Jamalpur
2013-03-01,0.0,31.41,15.03,2.65,37.75,0.4,0.26,Jamuna_Jamalpur
2013-03-02,0.0,31.76,13.59,1.59,40.45,0.39,0.25,Jamuna_Jamalpur
2013-03-03,0.0,32.12,14.8,1.62,42.8,0.39,0.24,Jamuna_Jamalpur
2013-03-04,0.0,32.26,14.84,1.67,40.46,0.39,0.2,Jamuna_Jamalpur
2013-03-05,0.0,33.54,17.65,1.38,39.08,0.39,0.22,Jamuna_Jamalpur
2013-03-06,0.0,32.97,17.48,1.49,43.53,0.38,0.18,Jamuna_Jamalpur
2013-03-07,0.0,33.15,16.91,1.57,41.51,0.38,0.18,Jamuna_Jamalpur
2013-03-08,0.0,34.08,16.61,2.26,38.46,0.38,0.18,Jamuna_Jamalpur
2013-03-09,0.0,33.34,17.45,2.32,37.55,0.38,0.15,Jamuna_Jamalpur
2013-03-10,0.0,34.26,16.9,1.33,33.29,0.37,0.15,Jamuna_Jamalpur
2013-03-11,0.0,34.67,19.36,1.28,32.08,0.37,0.14,Jamuna_Jamalpur
2013-03-12,0.1,34.39,18.83,1.3,38.31,0.37,0.12,Jamuna_Jamalpur
2013-03-13,4.47,33.12,18.6,1.36,57.48,0.37,0.12,Jamuna_Jamalpur
2013-03-14,1.37,34.03,20.68,1.36,56.35,0.37,0.14,Jamuna_Jamalpur
2013-03-15,0.78,34.74,22.38,1.21,45.3,0.37,0.13,Jamuna_Jamalpur
2013-03-16,0.99,36.56,20.7,2.27,38.64,0.37,0.15,Jamuna_Jamalpur
2013-03-17,0.09,36.18,20.44,2.75,35.46,0.37,0.13,Jamuna_Jamalpur
2013-03-18,0.5,33.59,18.75,2.48,38.87,0.36,0.1,Jamuna_Jamalpur
2013-03-19,0.0,34.22,16.64,1.7,35.26,0.36,0.1,Jamuna_Jamalpur
2013-03-20,0.0,34.51,18.2,1.66,41.88,0.36,0.08,Jamuna_Jamalpur
2013-03-21,0.98,35.16,20.62,1.61,43.75,0.36,0.07,Jamuna_Jamalpur
2013-03-22,1.92,34.48,21.19,1.3,40.66,0.36,0.08,Jamuna_Jamalpur
2013-03-23,0.43,34.73,19.55,1.21,44.96,0.36,0.06,Jamuna_Jamalpur
2013-03-24,0.14,36.15,19.99,1.67,41.41,0.35,0.07,Jamuna_Jamalpur
2013-03-25,0.0,37.17,21.02,2.19,35.99,0.35,0.05,Jamuna_Jamalpur
2013-03-26,0.0,37.24,20.19,2.53,32.23,0.35,0.04,Jamuna_Jamalpur
2013-03-27,0.0,36.95,20.39,1.55,26.32,0.35,0.03,Jamuna_Jamalpur
2013-03-28,0.0,36.54,20.18,1.37,29.95,0.34,0.02,Jamuna_Jamalpur
2013-03-29,0.0,37.01,21.48,2.38,34.77,0.34,0.01,Jamuna_Jamalpur
2013-03-30,0.25,38.31,23.06,2.45,39.98,0.34,0.01,Jamuna_Jamalpur
2013-03-31,0.87,38.21,23.91,1.6,34.44,0.34,0.01,Jamuna_Jamalpur
2013-04-01,1.23,37.44,23.03,1.34,33.64,0.34,0.01,Jamuna_Jamalpur
2013-04-02,0.13,38.38,22.84,1.31,32.3,0.34,0.01,Jamuna_Jamalpur
2013-04-03,0.01,39.32,22.3,1.93,38.74,0.34,0.0,Jamuna_Jamalpur
2013-04-04,0.0,40.11,23.49,3.74,30.65,0.33,0.0,Jamuna_Jamalpur
2013-04-05,0.0,39.46,23.31,3.08,22.27,0.33,0.0,Jamuna_Jamalpur
2013-04-06,0.0,38.97,21.21,2.83,18.76,0.33,0.0,Jamuna_Jamalpur
2013-04-07,0.0,38.74,21.08,1.48,19.67,0.33,0.0,Jamuna_Jamalpur
2013-04-08,0.0,39.3,19.84,1.35,32.65,0.33,0.0,Jamuna_Jamalpur
2013-04-09,0.0,39.61,22.17,1.95,43.26,0.33,0.0,Jamuna_Jamalpur
2013-04-10,0.2,40.27,23.6,2.16,44.78,0.33,0.0,Jamuna_Jamalpur
2013-04-11,0.1,39.99,24.66,2.38,45.19,0.33,0.0,Jamuna_Jamalpur
2013-04-12,0.0,40.75,24.88,2.29,42.26,0.33,0.0,Jamuna_Jamalpur
2013-04-13,0.0,41.61,26.66,2.39,39.04,0.33,0.0,Jamuna_Jamalpur
2013-04-14,0.35,39.17,25.49,1.86,42.75,0.33,0.0,Jamuna_Jamalpur
2013-04-15,8.66,35.49,25.22,2.65,52.19,0.34,0.0,Jamuna_Jamalpur
2013-04-16,12.15,30.39,22.82,3.02,70.26,0.35,0.02,Jamuna_Jamalpur
2013-04-17,2.04,32.96,22.64,2.25,60.38,0.36,0.07,Jamuna_Jamalpur
2013-04-18,0.53,35.88,23.81,1.53,55.69,0.36,0.09,Jamuna_Jamalpur
2013-04-19,6.17,31.03,23.87,1.71,67.18,0.36,0.05,Jamuna_Jamalpur
2013-04-20,2.84,28.93,23.22,1.87,74.3,0.37,0.05,Jamuna_Jamalpur
2013-04-21,2.51,28.14,22.43,1.53,77.03,0.38,0.05,Jamuna_Jamalpur
2013-04-22,2.89,31.29,21.2,0.98,67.72,0.38,0.16,Jamuna_Jamalpur
2013-04-23,0.18,33.69,21.44,1.59,56.56,0.38,0.22,Jamuna_Jamalpur
2013-04-24,0.08,35.87,22.79,1.84,52.17,0.37,0.2,Jamuna_Jamalpur
2013-04-25,0.3,36.72,23.68,1.63,44.03,0.37,0.19,Jamuna_Jamalpur
2013-04-26,0.84,37.94,26.18,1.36,42.16,0.37,0.17,Jamuna_Jamalpur
2013-04-27,17.21,36.75,25.59,1.73,57.49,0.38,0.17,Jamuna_Jamalpur
2013-04-28,5.5,37.68,24.64,1.76,60.35,0.4,0.5,Jamuna_Jamalpur
2013-04-29,4.86,38.35,25.4,1.86,59.35,0.4,0.51,Jamuna_Jamalpur
2013-04-30,5.65,39.26,25.42,2.01,57.7,0.4,0.56,Jamuna_Jamalpur
2013-05-01,7.18,39.42,25.72,2.57,59.32,0.4,0.6,Jamuna_Jamalpur
2013-05-02,2.72,41.01,26.42,3.01,56.84,0.41,0.73,Jamuna_Jamalpur
2013-05-03,1.26,40.07,26.88,2.95,54.3,0.41,0.68,Jamuna_Jamalpur
2013-05-04,19.12,35.68,26.52,3.76,67.02,0.42,0.65,Jamuna_Jamalpur
2013-05-05,29.26,30.99,25.35,3.44,80.22,0.46,0.69,Jamuna_Jamalpur
2013-05-06,21.6,32.0,23.66,2.29,81.18,0.49,0.87,Jamuna_Jamalpur
2013-05-07,13.34,32.87,21.51,1.92,75.97,0.52,1.98,Jamuna_Jamalpur
2013-05-08,13.28,33.69,23.46,1.34,70.12,0.53,2.56,Jamuna_Jamalpur
2013-05-09,7.29,35.11,24.05,1.39,75.11,0.53,2.83,Jamuna_Jamalpur
2013-05-10,11.64,35.24,26.44,1.85,75.0,0.54,2.72,Jamuna_Jamalpur
2013-05-11,15.09,35.74,26.74,2.08,73.97,0.54,3.18,Jamuna_Jamalpur
2013-05-12,14.48,34.16,26.23,2.44,77.97,0.56,2.95,Jamuna_Jamalpur
2013-05-13,11.94,32.4,25.51,2.14,81.68,0.57,2.44,Jamuna_Jamalpur
2013-05-14,6.48,33.3,25.0,2.18,75.8,0.58,4.11,Jamuna_Jamalpur
2013-05-15,2.91,33.41,25.01,2.23,75.68,0.57,4.23,Jamuna_Jamalpur
2013-05-16,9.35,33.7,24.94,1.58,72.48,0.57,3.44,Jamuna_Jamalpur
2013-05-17,4.04,33.92,23.31,1.76,72.7,0.57,3.93,Jamuna_Jamalpur
2013-05-18,6.7,34.03,26.06,2.59,78.52,0.57,3.61,Jamuna_Jamalpur
2013-05-19,4.17,34.75,26.38,2.41,77.81,0.57,3.64,Jamuna_Jamalpur
2013-05-20,6.95,32.52,26.73,2.34,82.48,0.57,2.25,Jamuna_Jamalpur
2013-05-21,2.05,31.63,26.73,2.73,85.81,0.57,2.1,Jamuna_Jamalpur
2013-05-22,3.6,33.89,26.68,2.13,78.25,0.56,3.63,Jamuna_Jamalpur
2013-05-23,8.1,32.66,26.5,2.09,85.2,0.56,2.06,Jamuna_Jamalpur
2013-05-24,6.9,33.36,26.13,1.97,77.17,0.57,3.77,Jamuna_Jamalpur
2013-05-25,1.38,35.22,26.68,1.62,76.86,0.57,4.21,Jamuna_Jamalpur
2013-05-26,0.2,31.92,27.07,2.66,84.75,0.56,1.54,Jamuna_Jamalpur
2013-05-27,6.21,32.26,26.65,1.92,81.7,0.56,1.75,Jamuna_Jamalpur
2013-05-28,6.0,32.66,25.94,2.14,81.85,0.56,2.7,Jamuna_Jamalpur
2013-05-29,23.2,33.47,25.95,2.46,83.91,0.57,2.32,Jamuna_Jamalpur
2013-05-30,10.67,31.86,25.52,5.05,82.36,0.6,3.5,Jamuna_Jamalpur
2013-05-31,16.94,30.86,24.72,5.68,85.67,0.61,3.11,Jamuna_Jamalpur
2013-06-01,6.28,32.17,24.68,1.81,81.92,0.61,3.14,Jamuna_Jamalpur
2013-06-02,1.87,32.33,25.88,1.58,81.32,0.61,3.23,Jamuna_Jamalpur
2013-06-03,0.03,34.5,26.1,1.46,77.38,0.6,4.66,Jamuna_Jamalpur
2013-06-04,2.94,33.96,26.93,1.7,77.41,0.59,3.77,Jamuna_Jamalpur
2013-06-05,8.22,32.48,27.16,1.99,83.82,0.6,1.96,Jamuna_Jamalpur
2013-06-06,8.49,30.8,27.31,1.69,85.76,0.6,1.46,Jamuna_Jamalpur
2013-06-07,17.13,29.87,26.25,2.16,90.01,0.62,1.16,Jamuna_Jamalpur
2013-06-08,6.46,29.96,25.78,1.66,90.71,0.63,1.32,Jamuna_Jamalpur
2013-06-09,3.22,32.52,26.43,2.16,85.96,0.63,3.08,Jamuna_Jamalpur
2013-06-10,0.19,32.74,26.74,2.01,84.34,0.62,3.39,Jamuna_Jamalpur
2013-06-11,0.01,32.18,27.25,2.52,85.83,0.62,2.88,Jamuna_Jamalpur
2013-06-12,4.34,34.61,26.06,2.97,79.8,0.61,5.71,Jamuna_Jamalpur
2013-06-13,4.71,32.96,25.9,2.62,81.62,0.6,3.68,Jamuna_Jamalpur
2013-06-14,8.88,32.89,26.21,2.92,85.66,0.6,2.93,Jamuna_Jamalpur
2013-06-15,2.69,32.55,26.42,1.73,83.4,0.61,2.54,Jamuna_Jamalpur
2013-06-16,0.28,33.96,26.71,1.52,78.64,0.6,3.94,Jamuna_Jamalpur
2013-06-17,0.23,35.2,27.23,2.19,76.07,0.59,4.36,Jamuna_Jamalpur
2013-06-18,1.77,33.34,27.48,1.75,80.41,0.59,1.83,Jamuna_Jamalpur
2013-06-19,9.71,32.52,28.03,1.36,84.03,0.59,1.08,Jamuna_Jamalpur
2013-06-20,10.69,32.59,27.3,1.29,83.24,0.61,2.29,Jamuna_Jamalpur
2013-06-21,3.3,32.93,27.24,0.72,81.92,0.61,2.12,Jamuna_Jamalpur
2013-06-22,6.5,32.65,27.39,1.53,85.74,0.61,1.97,Jamuna_Jamalpur
2013-06-23,6.16,32.29,27.34,1.99,84.34,0.61,2.38,Jamuna_Jamalpur
2013-06-24,5.92,33.33,26.73,2.79,85.2,0.61,3.11,Jamuna_Jamalpur
2013-06-25,14.59,30.77,26.5,3.35,90.3,0.62,1.55,Jamuna_Jamalpur
2013-06-26,12.43,32.61,26.6,3.4,87.31,0.64,2.9,Jamuna_Jamalpur
2013-06-27,33.06,31.15,26.69,3.33,90.77,0.66,1.5,Jamuna_Jamalpur
2013-06-28,40.57,30.79,27.08,2.85,92.21,0.71,1.15,Jamuna_Jamalpur
2013-06-29,25.06,31.36,27.04,2.18,91.44,0.75,1.29,Jamuna_Jamalpur
2013-06-30,12.81,32.47,26.8,2.34,87.61,0.76,2.56,Jamuna_Jamalpur
2013-07-01,3.19,32.63,26.69,2.63,88.34,0.76,2.85,Jamuna_Jamalpur
2013-07-02,6.74,30.32,26.68,2.75,91.02,0.75,1.47,Jamuna_Jamalpur
2013-07-03,17.54,31.35,25.96,2.22,88.05,0.77,2.49,Jamuna_Jamalpur
2013-07-04,10.1,31.62,26.49,2.47,88.45,0.77,2.99,Jamuna_Jamalpur
2013-07-05,25.2,32.76,26.5,3.14,87.23,0.78,3.61,Jamuna_Jamalpur
2013-07-06,41.9,31.54,26.41,2.7,89.28,0.82,2.01,Jamuna_Jamalpur
2013-07-07,14.59,31.93,26.37,2.22,86.26,0.84,2.97,Jamuna_Jamalpur
2013-07-08,4.03,31.5,26.46,3.23,86.58,0.83,3.18,Jamuna_Jamalpur
2013-07-09,7.63,31.82,26.58,3.26,87.6,0.82,3.13,Jamuna_Jamalpur
2013-07-10,4.18,31.63,26.59,2.55,87.74,0.82,2.83,Jamuna_Jamalpur
2013-07-11,3.33,31.46,26.11,3.1,88.88,0.82,2.88,Jamuna_Jamalpur
2013-07-12,3.07,30.3,26.04,3.3,91.46,0.81,1.79,Jamuna_Jamalpur
2013-07-13,3.67,31.55,25.98,3.09,88.04,0.81,3.47,Jamuna_Jamalpur
2013-07-14,1.49,31.64,26.01,2.55,87.21,0.8,3.18,Jamuna_Jamalpur
2013-07-15,1.58,32.13,26.16,2.61,87.07,0.79,4.03,Jamuna_Jamalpur
2013-07-16,2.41,32.39,26.47,2.26,85.91,0.78,4.25,Jamuna_Jamalpur
2013-07-17,3.66,31.85,26.74,2.78,88.02,0.77,2.85,Jamuna_Jamalpur
2013-07-18,1.45,32.18,26.15,3.28,87.5,0.77,3.79,Jamuna_Jamalpur
2013-07-19,8.31,32.77,26.27,3.33,87.04,0.76,4.51,Jamuna_Jamalpur
2013-07-20,9.77,31.36,26.57,2.59,89.29,0.76,2.34,Jamuna_Jamalpur
2013-07-21,3.4,32.27,26.48,2.22,87.37,0.76,3.78,Jamuna_Jamalpur
2013-07-22,1.4,32.75,26.79,1.97,84.41,0.76,3.46,Jamuna_Jamalpur
2013-07-23,1.44,30.93,27.02,2.07,90.22,0.75,1.51,Jamuna_Jamalpur
2013-07-24,1.61,32.75,26.57,2.54,86.5,0.74,4.38,Jamuna_Jamalpur
2013-07-25,3.62,32.73,26.37,2.71,87.03,0.73,4.11,Jamuna_Jamalpur
2013-07-26,6.78,31.79,26.74,4.61,89.72,0.73,3.08,Jamuna_Jamalpur
2013-07-27,34.02,30.14,26.19,3.86,89.9,0.74,2.43,Jamuna_Jamalpur
2013-07-28,17.74,31.8,26.17,2.92,87.58,0.78,3.45,Jamuna_Jamalpur
2013-07-29,0.25,32.28,25.85,2.5,88.18,0.77,3.53,Jamuna_Jamalpur
2013-07-30,1.98,32.61,25.87,3.04,86.45,0.76,4.73,Jamuna_Jamalpur
2013-07-31,7.13,30.01,26.23,3.0,90.41,0.76,1.82,Jamuna_Jamalpur
2013-08-01,2.66,29.5,25.94,2.53,90.73,0.76,1.42,Jamuna_Jamalpur
2013-08-02,2.29,29.93,25.83,2.06,89.41,0.76,1.92,Jamuna_Jamalpur
2013-08-03,1.34,30.16,26.07,0.78,86.54,0.75,1.9,Jamuna_Jamalpur
2013-08-04,2.92,32.1,26.48,1.13,84.47,0.75,2.59,Jamuna_Jamalpur
2013-08-05,2.45,30.25,26.4,2.46,90.48,0.75,1.79,Jamuna_Jamalpur
2013-08-06,17.0,29.54,25.77,3.51,91.71,0.75,1.57,Jamuna_Jamalpur
2013-08-07,31.82,30.83,25.86,3.11,89.99,0.78,2.22,Jamuna_Jamalpur
2013-08-08,13.33,30.95,26.03,2.84,89.56,0.8,2.48,Jamuna_Jamalpur
2013-08-09,7.99,29.24,26.08,2.04,91.75,0.8,1.2,Jamuna_Jamalpur
2013-08-10,8.51,31.81,25.92,1.83,87.5,0.8,3.41,Jamuna_Jamalpur
2013-08-11,7.17,29.59,26.27,0.94,91.74,0.81,0.55,Jamuna_Jamalpur
2013-08-12,3.94,30.59,25.68,1.99,89.06,0.81,1.9,Jamuna_Jamalpur
2013-08-13,1.18,29.99,26.14,1.43,87.85,0.8,1.87,Jamuna_Jamalpur
2013-08-14,6.91,30.43,26.15,1.28,88.24,0.8,1.69,Jamuna_Jamalpur
2013-08-15,15.18,30.62,26.24,1.23,89.76,0.82,1.35,Jamuna_Jamalpur
2013-08-16,8.55,30.63,25.92,1.22,84.45,0.82,2.7,Jamuna_Jamalpur
2013-08-17,4.48,32.43,25.14,1.57,84.03,0.82,4.45,Jamuna_Jamalpur
2013-08-18,3.86,29.04,26.23,2.46,93.12,0.81,0.96,Jamuna_Jamalpur
2013-08-19,3.61,29.62,25.37,2.68,90.56,0.81,1.93,Jamuna_Jamalpur
2013-08-20,19.05,28.93,25.16,4.08,91.81,0.82,1.43,Jamuna_Jamalpur
2013-08-21,7.9,29.19,25.56,3.45,92.97,0.83,1.39,Jamuna_Jamalpur
2013-08-22,0.73,31.24,25.46,2.44,87.96,0.83,3.55,Jamuna_Jamalpur
2013-08-23,1.61,31.97,25.06,2.02,87.25,0.82,4.7,Jamuna_Jamalpur
2013-08-24,0.54,32.21,26.35,2.03,87.28,0.81,3.92,Jamuna_Jamalpur
2013-08-25,2.03,32.26,26.7,1.53,88.22,0.8,2.61,Jamuna_Jamalpur
2013-08-26,11.2,33.37,27.26,1.11,86.66,0.8,1.49,Jamuna_Jamalpur
2013-08-27,15.47,28.45,26.06,2.37,93.2,0.82,0.69,Jamuna_Jamalpur
2013-08-28,10.66,30.18,25.44,3.25,90.97,0.83,2.1,Jamuna_Jamalpur
2013-08-29,3.79,30.2,25.74,2.5,90.43,0.83,2.16,Jamuna_Jamalpur
2013-08-30,14.56,31.53,25.28,2.84,89.54,0.82,3.54,Jamuna_Jamalpur
2013-08-31,12.28,30.1,26.1,2.13,92.25,0.84,1.02,Jamuna_Jamalpur
2013-09-01,4.66,31.72,26.43,2.71,90.83,0.84,2.22,Jamuna_Jamalpur
2013-09-02,8.33,30.68,26.86,2.67,92.2,0.84,1.74,Jamuna_Jamalpur
2013-09-03,6.28,29.76,26.08,2.61,92.1,0.84,1.35,Jamuna_Jamalpur
2013-09-04,4.9,29.63,26.06,1.94,91.34,0.84,1.24,Jamuna_Jamalpur
2013-09-05,1.56,32.22,25.73,2.51,86.18,0.84,4.62,Jamuna_Jamalpur
2013-09-06,0.66,32.13,25.66,1.8,86.18,0.83,4.22,Jamuna_Jamalpur
2013-09-07,1.34,28.89,25.83,1.22,91.35,0.82,0.99,Jamuna_Jamalpur
2013-09-08,3.61,29.29,24.95,1.63,90.07,0.82,1.83,Jamuna_Jamalpur
2013-09-09,1.54,31.37,25.08,0.78,82.81,0.82,4.77,Jamuna_Jamalpur
2013-09-10,1.24,30.27,25.24,1.27,87.41,0.81,3.35,Jamuna_Jamalpur
2013-09-11,0.64,30.89,25.12,0.98,84.17,0.8,3.63,Jamuna_Jamalpur
2013-09-12,0.13,31.76,24.91,0.77,83.09,0.8,5.05,Jamuna_Jamalpur
2013-09-13,5.56,33.45,26.58,0.79,78.66,0.79,3.04,Jamuna_Jamalpur
2013-09-14,3.13,32.9,27.08,0.86,80.94,0.8,4.32,Jamuna_Jamalpur
2013-09-15,2.44,32.31,25.76,0.51,81.56,0.79,5.1,Jamuna_Jamalpur
2013-09-16,0.95,32.44,26.16,1.09,84.15,0.78,2.78,Jamuna_Jamalpur
2013-09-17,4.54,29.72,26.37,1.15,90.48,0.78,1.5,Jamuna_Jamalpur
2013-09-18,10.41,30.22,26.1,1.51,91.39,0.79,1.24,Jamuna_Jamalpur
2013-09-19,0.96,31.04,25.75,2.3,91.25,0.79,2.39,Jamuna_Jamalpur
2013-09-20,0.39,31.14,25.35,1.77,88.95,0.78,3.76,Jamuna_Jamalpur
2013-09-21,0.34,30.47,25.86,1.02,86.63,0.78,2.98,Jamuna_Jamalpur
2013-09-22,0.51,32.73,25.62,0.88,82.07,0.77,6.72,Jamuna_Jamalpur
2013-09-23,0.21,32.62,26.33,1.0,82.29,0.76,5.9,Jamuna_Jamalpur
2013-09-24,5.48,32.91,26.85,0.72,81.23,0.75,4.87,Jamuna_Jamalpur
2013-09-25,8.76,31.95,26.8,0.93,83.75,0.76,1.97,Jamuna_Jamalpur
2013-09-26,2.11,31.31,26.05,0.79,82.08,0.76,4.01,Jamuna_Jamalpur
2013-09-27,1.97,30.83,26.18,0.97,83.66,0.76,2.49,Jamuna_Jamalpur
2013-09-28,23.68,28.62,25.53,2.08,92.91,0.76,1.01,Jamuna_Jamalpur
2013-09-29,30.11,27.73,24.99,2.2,93.67,0.81,0.9,Jamuna_Jamalpur
2013-09-30,6.74,28.11,23.43,2.64,91.07,0.82,1.9,Jamuna_Jamalpur
2013-10-01,4.34,28.42,22.97,1.6,91.04,0.81,1.42,Jamuna_Jamalpur
2013-10-02,1.25,32.45,23.88,0.84,79.72,0.81,5.65,Jamuna_Jamalpur
2013-10-03,8.29,28.71,24.97,2.82,90.51,0.81,1.84,Jamuna_Jamalpur
2013-10-04,10.56,27.57,24.55,2.48,93.03,0.82,1.0,Jamuna_Jamalpur
2013-10-05,36.77,28.24,24.72,1.86,93.8,0.83,0.71,Jamuna_Jamalpur
2013-10-06,23.56,28.95,24.46,1.31,89.96,0.87,1.95,Jamuna_Jamalpur
2013-10-07,2.24,29.14,23.57,0.93,85.29,0.87,2.77,Jamuna_Jamalpur
2013-10-08,0.02,28.66,22.76,1.99,87.53,0.86,3.19,Jamuna_Jamalpur
2013-10-09,0.0,29.05,21.11,1.96,82.88,0.85,4.91,Jamuna_Jamalpur
2013-10-10,0.0,31.15,23.95,0.65,80.97,0.85,5.11,Jamuna_Jamalpur
2013-10-11,0.0,30.75,22.75,1.15,80.36,0.84,4.87,Jamuna_Jamalpur
2013-10-12,2.71,29.89,23.63,1.23,87.73,0.83,2.37,Jamuna_Jamalpur
2013-10-13,2.66,30.01,24.84,1.33,85.75,0.83,1.63,Jamuna_Jamalpur
2013-10-14,29.93,30.7,24.31,2.04,89.03,0.84,2.77,Jamuna_Jamalpur
2013-10-15,48.46,30.02,25.1,1.8,90.51,0.89,2.43,Jamuna_Jamalpur
2013-10-16,16.92,30.23,24.52,1.17,88.26,0.9,3.43,Jamuna_Jamalpur
2013-10-17,8.56,30.83,24.64,1.24,87.07,0.9,3.83,Jamuna_Jamalpur
2013-10-18,0.34,31.68,24.72,0.93,83.69,0.9,6.02,Jamuna_Jamalpur
2013-10-19,0.91,31.4,23.24,1.12,82.71,0.89,5.85,Jamuna_Jamalpur
2013-10-20,2.69,30.32,23.23,0.81,80.58,0.88,4.8,Jamuna_Jamalpur
2013-10-21,10.62,29.81,23.71,0.73,79.42,0.88,3.9,Jamuna_Jamalpur
2013-10-22,9.43,28.59,22.8,1.17,85.91,0.89,2.54,Jamuna_Jamalpur
2013-10-23,0.06,28.93,23.05,0.9,85.17,0.88,4.21,Jamuna_Jamalpur
2013-10-24,1.38,29.81,22.3,0.97,83.82,0.87,5.23,Jamuna_Jamalpur
2013-10-25,7.8,27.4,21.92,1.32,89.48,0.87,1.51,Jamuna_Jamalpur
2013-10-26,5.48,27.99,21.86,1.29,86.3,0.88,2.83,Jamuna_Jamalpur
2013-10-27,0.18,27.5,21.63,1.66,87.12,0.87,3.23,Jamuna_Jamalpur
2013-10-28,0.04,27.48,19.71,1.53,85.08,0.86,4.05,Jamuna_Jamalpur
2013-10-29,0.05,28.29,19.8,1.73,84.72,0.85,3.3,Jamuna_Jamalpur
2013-10-30,0.02,28.55,19.96,0.66,73.76,0.85,4.05,Jamuna_Jamalpur
2013-10-31,0.0,28.01,18.62,1.05,78.37,0.84,3.1,Jamuna_Jamalpur
2013-11-01,0.0,28.01,18.81,0.98,80.92,0.84,3.22,Jamuna_Jamalpur
2013-11-02,0.0,27.64,18.65,1.23,82.86,0.83,3.04,Jamuna_Jamalpur
2013-11-03,0.0,28.2,19.49,0.84,80.39,0.83,3.85,Jamuna_Jamalpur
2013-11-04,0.0,27.67,19.04,1.32,83.35,0.82,3.71,Jamuna_Jamalpur
2013-11-05,0.0,27.67,17.81,1.15,83.92,0.81,4.08,Jamuna_Jamalpur
2013-11-06,0.0,27.45,18.13,1.07,83.9,0.8,3.72,Jamuna_Jamalpur
2013-11-07,0.0,28.28,18.31,0.94,81.71,0.8,4.44,Jamuna_Jamalpur
2013-11-08,0.0,28.69,18.69,1.14,83.8,0.79,4.57,Jamuna_Jamalpur
2013-11-09,0.0,28.88,18.07,1.18,83.82,0.79,4.61,Jamuna_Jamalpur
2013-11-10,0.0,28.87,18.65,1.81,86.36,0.78,4.31,Jamuna_Jamalpur
2013-11-11,0.0,28.08,16.52,1.9,84.11,0.77,3.94,Jamuna_Jamalpur
2013-11-12,0.0,27.48,14.96,1.82,83.44,0.76,3.82,Jamuna_Jamalpur
2013-11-13,0.0,26.86,14.45,1.58,83.32,0.76,3.7,Jamuna_Jamalpur
2013-11-14,0.0,28.06,15.73,1.33,82.22,0.75,4.16,Jamuna_Jamalpur
2013-11-15,0.0,28.5,15.01,1.35,78.54,0.74,4.15,Jamuna_Jamalpur
2013-11-16,0.0,27.58,14.74,1.7,81.36,0.74,3.78,Jamuna_Jamalpur
2013-11-17,0.0,27.01,15.34,2.01,82.08,0.73,3.1,Jamuna_Jamalpur
2013-11-18,0.0,27.62,15.96,1.64,79.43,0.72,3.5,Jamuna_Jamalpur
2013-11-19,0.0,26.72,14.7,1.39,79.08,0.72,3.36,Jamuna_Jamalpur
2013-11-20,0.0,26.38,14.78,1.43,81.96,0.71,3.04,Jamuna_Jamalpur
2013-11-21,0.0,26.82,14.72,1.16,80.17,0.7,3.18,Jamuna_Jamalpur
2013-11-22,0.0,27.25,16.07,1.41,85.34,0.7,3.13,Jamuna_Jamalpur
2013-11-23,0.0,25.95,15.29,1.41,79.58,0.69,2.84,Jamuna_Jamalpur
2013-11-24,0.0,26.41,14.38,1.42,82.48,0.69,2.6,Jamuna_Jamalpur
2013-11-25,0.0,27.21,15.75,1.32,82.82,0.68,2.83,Jamuna_Jamalpur
2013-11-26,0.0,27.42,16.67,1.14,80.81,0.68,2.87,Jamuna_Jamalpur
2013-11-27,0.0,27.76,17.24,0.81,78.05,0.67,2.9,Jamuna_Jamalpur
2013-11-28,0.0,27.75,17.96,0.87,80.74,0.67,2.82,Jamuna_Jamalpur
2013-11-29,0.0,27.32,19.29,1.29,82.99,0.66,2.46,Jamuna_Jamalpur
2013-11-30,0.0,26.73,16.98,1.44,82.9,0.66,2.08,Jamuna_Jamalpur
2013-12-01,0.0,27.32,15.44,1.68,80.03,0.65,2.1,Jamuna_Jamalpur
2013-12-02,0.0,27.46,15.94,1.56,83.46,0.65,2.3,Jamuna_Jamalpur
2013-12-03,0.0,27.46,16.98,1.03,82.77,0.64,2.25,Jamuna_Jamalpur
2013-12-04,0.0,28.11,16.94,1.46,83.13,0.64,2.43,Jamuna_Jamalpur
2013-12-05,0.0,27.17,16.19,1.8,80.4,0.63,2.21,Jamuna_Jamalpur
2013-12-06,0.0,27.15,15.28,1.56,79.92,0.63,2.07,Jamuna_Jamalpur
2013-12-07,0.0,26.92,16.81,1.48,80.2,0.62,2.1,Jamuna_Jamalpur
2013-12-08,0.0,27.23,16.5,1.33,79.31,0.62,2.06,Jamuna_Jamalpur
2013-12-09,0.0,26.51,16.32,0.89,80.1,0.61,2.02,Jamuna_Jamalpur
2013-12-10,0.0,26.78,16.23,1.24,80.24,0.61,1.99,Jamuna_Jamalpur
2013-12-11,0.0,25.11,14.46,1.33,76.94,0.6,1.52,Jamuna_Jamalpur
2013-12-12,0.0,24.12,13.07,1.29,70.52,0.6,1.17,Jamuna_Jamalpur
2013-12-13,0.0,23.6,12.07,1.13,69.36,0.6,1.06,Jamuna_Jamalpur
2013-12-14,0.0,24.43,12.67,1.17,69.73,0.59,1.25,Jamuna_Jamalpur
2013-12-15,0.0,24.73,13.17,1.49,72.84,0.59,1.39,Jamuna_Jamalpur
2013-12-16,0.0,24.24,12.14,1.07,64.95,0.59,1.31,Jamuna_Jamalpur
2013-12-17,0.0,24.09,10.73,1.17,67.11,0.58,1.25,Jamuna_Jamalpur
2013-12-18,0.0,23.04,11.17,1.21,71.4,0.58,0.86,Jamuna_Jamalpur
2013-12-19,0.0,23.21,11.66,1.2,75.0,0.58,0.9,Jamuna_Jamalpur
2013-12-20,0.24,23.39,12.32,1.1,75.32,0.58,0.9,Jamuna_Jamalpur
2013-12-21,0.05,24.31,12.67,1.12,75.99,0.57,1.05,Jamuna_Jamalpur
2013-12-22,0.2,23.98,12.93,1.14,75.2,0.57,0.97,Jamuna_Jamalpur
2013-12-23,0.16,24.3,12.53,1.18,74.66,0.57,0.91,Jamuna_Jamalpur
2013-12-24,0.0,23.78,14.85,1.11,77.07,0.56,0.95,Jamuna_Jamalpur
2013-12-25,0.0,21.92,11.31,1.29,76.71,0.56,0.91,Jamuna_Jamalpur
2013-12-26,0.0,21.83,10.38,1.17,75.53,0.56,0.82,Jamuna_Jamalpur
2013-12-27,0.0,21.88,11.22,1.0,71.88,0.55,0.81,Jamuna_Jamalpur
2013-12-28,0.0,22.74,11.48,0.96,67.29,0.55,0.87,Jamuna_Jamalpur
2013-12-29,0.0,21.77,11.86,1.05,70.44,0.55,0.76,Jamuna_Jamalpur
2013-12-30,0.0,23.2,10.17,1.53,77.01,0.55,0.92,Jamuna_Jamalpur
2013-12-31,0.0,24.33,10.32,1.34,79.01,0.54,0.99,Jamuna_Jamalpur
2014-01-01,0.0,24.91,11.22,1.6,73.82,0.54,1.0,Jamuna_Jamalpur
2014-01-02,0.0,24.49,11.84,1.89,77.09,0.54,0.86,Jamuna_Jamalpur
2014-01-03,0.0,21.46,9.68,1.64,73.51,0.53,0.75,Jamuna_Jamalpur
2014-01-04,0.0,22.78,9.31,1.58,76.25,0.53,0.68,Jamuna_Jamalpur
2014-01-05,0.0,22.93,10.68,1.12,75.08,0.53,0.68,Jamuna_Jamalpur
2014-01-06,0.0,22.49,12.27,1.48,76.46,0.53,0.59,Jamuna_Jamalpur
2014-01-07,0.0,22.2,10.05,1.57,73.71,0.52,0.69,Jamuna_Jamalpur
2014-01-08,0.0,21.51,9.12,1.59,61.32,0.52,0.67,Jamuna_Jamalpur
2014-01-09,0.0,22.37,8.38,1.36,70.48,0.52,0.67,Jamuna_Jamalpur
2014-01-10,0.0,23.4,10.24,1.32,71.47,0.52,0.69,Jamuna_Jamalpur
2014-01-11,0.04,24.24,12.07,2.11,74.69,0.51,0.63,Jamuna_Jamalpur
2014-01-12,0.04,23.68,13.18,2.07,74.19,0.51,0.69,Jamuna_Jamalpur
2014-01-13,0.0,25.04,11.28,1.76,73.81,0.51,0.74,Jamuna_Jamalpur
2014-01-14,0.0,25.24,11.9,1.53,77.98,0.51,0.72,Jamuna_Jamalpur
2014-01-15,0.0,24.7,11.72,1.49,72.85,0.5,0.72,Jamuna_Jamalpur
2014-01-16,0.0,23.36,11.4,1.26,67.52,0.5,0.65,Jamuna_Jamalpur
2014-01-17,0.0,25.79,11.16,1.13,65.5,0.5,0.75,Jamuna_Jamalpur
2014-01-18,0.0,27.81,12.88,1.64,72.4,0.49,0.73,Jamuna_Jamalpur
2014-01-19,0.09,26.67,15.87,1.5,71.65,0.49,0.69,Jamuna_Jamalpur
2014-01-20,0.0,24.68,11.21,1.74,69.23,0.49,0.65,Jamuna_Jamalpur
2014-01-21,0.0,25.84,11.47,1.21,69.96,0.49,0.65,Jamuna_Jamalpur
2014-01-22,0.0,27.18,14.05,1.25,64.02,0.48,0.71,Jamuna_Jamalpur
2014-01-23,0.0,27.88,15.76,1.27,56.92,0.48,0.73,Jamuna_Jamalpur
2014-01-24,0.0,26.43,13.38,1.62,66.89,0.48,0.64,Jamuna_Jamalpur
2014-01-25,0.0,26.88,13.23,1.86,63.93,0.47,0.65,Jamuna_Jamalpur
2014-01-26,0.0,25.59,11.27,2.09,62.74,0.47,0.6,Jamuna_Jamalpur
2014-01-27,0.0,24.77,9.99,1.96,62.13,0.47,0.5,Jamuna_Jamalpur
2014-01-28,0.0,24.75,8.85,1.59,58.84,0.47,0.51,Jamuna_Jamalpur
2014-01-29,0.0,27.15,11.49,1.41,57.87,0.46,0.52,Jamuna_Jamalpur
2014-01-30,0.0,27.8,13.88,1.48,61.29,0.46,0.53,Jamuna_Jamalpur
2014-01-31,0.0,27.97,11.78,1.69,58.66,0.46,0.58,Jamuna_Jamalpur
2014-02-01,0.0,27.98,10.93,2.0,56.9,0.45,0.56,Jamuna_Jamalpur
2014-02-02,0.0,26.96,9.19,2.21,51.82,0.45,0.48,Jamuna_Jamalpur
2014-02-03,0.0,26.0,9.35,2.18,55.94,0.45,0.41,Jamuna_Jamalpur
2014-02-04,0.0,25.92,10.21,1.44,52.8,0.45,0.4,Jamuna_Jamalpur
2014-02-05,0.0,26.51,12.77,1.28,52.05,0.44,0.36,Jamuna_Jamalpur
2014-02-06,0.0,27.59,13.66,1.6,53.34,0.44,0.38,Jamuna_Jamalpur
2014-02-07,0.0,28.21,15.54,1.25,49.48,0.44,0.45,Jamuna_Jamalpur
2014-02-08,0.0,29.7,15.65,2.03,56.65,0.44,0.43,Jamuna_Jamalpur
2014-02-09,0.0,29.78,14.91,2.28,52.68,0.43,0.47,Jamuna_Jamalpur
2014-02-10,0.02,27.83,13.82,2.0,51.19,0.43,0.41,Jamuna_Jamalpur
2014-02-11,0.0,28.02,13.68,1.92,46.81,0.43,0.36,Jamuna_Jamalpur
2014-02-12,0.0,28.07,12.57,2.4,45.68,0.43,0.36,Jamuna_Jamalpur
2014-02-13,0.0,27.14,12.69,1.54,36.71,0.42,0.35,Jamuna_Jamalpur
2014-02-14,0.01,27.88,13.28,1.55,37.86,0.42,0.33,Jamuna_Jamalpur
2014-02-15,22.43,21.34,13.56,1.97,72.37,0.44,0.14,Jamuna_Jamalpur
2014-02-16,1.82,25.32,15.12,1.85,72.46,0.46,0.46,Jamuna_Jamalpur
2014-02-17,8.27,24.63,13.06,2.51,67.68,0.47,0.57,Jamuna_Jamalpur
2014-02-18,0.0,25.25,9.62,1.49,55.03,0.46,0.63,Jamuna_Jamalpur
2014-02-19,0.0,27.38,12.13,1.28,52.68,0.46,0.68,Jamuna_Jamalpur
2014-02-20,0.0,28.43,13.32,1.22,51.53,0.46,0.71,Jamuna_Jamalpur
2014-02-21,0.0,28.31,14.52,1.23,43.83,0.45,0.61,Jamuna_Jamalpur
2014-02-22,0.0,28.87,14.38,1.33,42.52,0.45,0.58,Jamuna_Jamalpur
2014-02-23,0.08,29.94,15.11,1.95,56.91,0.45,0.59,Jamuna_Jamalpur
2014-02-24,0.0,29.28,16.71,2.13,62.61,0.44,0.58,Jamuna_Jamalpur
2014-02-25,0.0,29.25,14.96,1.71,50.36,0.44,0.62,Jamuna_Jamalpur
2014-02-26,0.0,29.59,15.28,1.55,45.26,0.44,0.55,Jamuna_Jamalpur
2014-02-27,0.01,30.17,16.39,1.72,53.15,0.43,0.54,Jamuna_Jamalpur
2014-02-28,2.84,28.16,17.35,1.79,68.15,0.44,0.3,Jamuna_Jamalpur
2014-03-01,0.08,29.83,17.57,1.49,65.94,0.43,0.47,Jamuna_Jamalpur
2014-03-02,0.01,27.74,15.88,2.16,71.5,0.43,0.34,Jamuna_Jamalpur
2014-03-03,0.01,30.36,16.17,1.83,60.11,0.43,0.51,Jamuna_Jamalpur
2014-03-04,0.0,29.88,16.41,1.86,47.98,0.43,0.48,Jamuna_Jamalpur
2014-03-05,0.0,30.48,16.39,2.62,41.22,0.42,0.49,Jamuna_Jamalpur
2014-03-06,0.0,30.34,13.71,1.99,42.47,0.42,0.44,Jamuna_Jamalpur
2014-03-07,0.0,30.26,14.8,1.9,45.9,0.42,0.43,Jamuna_Jamalpur
2014-03-08,0.0,30.97,14.95,1.95,41.78,0.41,0.42,Jamuna_Jamalpur
2014-03-09,0.0,30.84,14.85,1.43,36.9,0.41,0.41,Jamuna_Jamalpur
2014-03-10,0.0,32.08,16.21,1.57,36.77,0.41,0.36,Jamuna_Jamalpur
2014-03-11,0.0,32.83,15.84,2.15,42.64,0.4,0.37,Jamuna_Jamalpur
2014-03-12,0.0,32.69,18.1,1.41,41.41,0.4,0.34,Jamuna_Jamalpur
2014-03-13,0.0,32.55,19.68,1.3,48.56,0.4,0.25,Jamuna_Jamalpur
2014-03-14,0.0,33.05,19.3,1.57,46.08,0.4,0.31,Jamuna_Jamalpur
2014-03-15,0.0,33.77,16.96,1.74,37.24,0.39,0.31,Jamuna_Jamalpur
2014-03-16,0.0,34.14,17.63,1.51,37.12,0.39,0.28,Jamuna_Jamalpur
2014-03-17,0.0,34.09,18.11,1.44,36.29,0.39,0.26,Jamuna_Jamalpur
2014-03-18,0.0,34.87,20.91,1.14,37.9,0.38,0.24,Jamuna_Jamalpur
2014-03-19,0.23,36.89,20.55,1.99,43.1,0.38,0.23,Jamuna_Jamalpur
2014-03-20,0.27,35.13,20.73,1.81,39.93,0.38,0.2,Jamuna_Jamalpur
2014-03-21,0.0,34.44,17.87,1.55,37.48,0.38,0.2,Jamuna_Jamalpur
2014-03-22,1.16,34.83,19.41,1.35,35.81,0.37,0.19,Jamuna_Jamalpur
2014-03-23,3.11,32.09,19.31,1.7,51.87,0.38,0.15,Jamuna_Jamalpur
2014-03-24,6.07,31.82,20.37,1.19,52.59,0.38,0.19,Jamuna_Jamalpur
2014-03-25,1.22,34.13,20.22,1.62,49.34,0.38,0.23,Jamuna_Jamalpur
2014-03-26,1.78,35.46,21.59,1.45,44.3,0.38,0.24,Jamuna_Jamalpur
2014-03-27,0.1,37.55,21.77,1.88,46.46,0.38,0.24,Jamuna_Jamalpur
2014-03-28,0.0,38.12,21.08,1.97,42.31,0.38,0.21,Jamuna_Jamalpur
2014-03-29,0.0,39.56,20.71,2.87,34.43,0.37,0.19,Jamuna_Jamalpur
2014-03-30,0.0,40.39,21.61,3.36,33.96,0.37,0.17,Jamuna_Jamalpur
2014-03-31,0.0,38.29,22.31,2.68,32.39,0.36,0.12,Jamuna_Jamalpur
2014-04-01,0.0,38.5,20.38,1.98,30.67,0.36,0.11,Jamuna_Jamalpur
2014-04-02,0.0,38.38,22.16,1.72,27.26,0.36,0.09,Jamuna_Jamalpur
2014-04-03,3.74,38.07,20.85,1.53,39.49,0.36,0.08,Jamuna_Jamalpur
2014-04-04,12.81,33.35,22.9,1.99,64.63,0.38,0.15,Jamuna_Jamalpur
2014-04-05,0.38,34.2,22.48,1.37,52.01,0.38,0.22,Jamuna_Jamalpur
2014-04-06,0.04,36.14,22.75,1.59,48.86,0.38,0.2,Jamuna_Jamalpur
2014-04-07,0.64,36.18,23.51,1.91,53.33,0.37,0.19,Jamuna_Jamalpur
2014-04-08,0.7,37.96,23.97,2.23,56.07,0.37,0.19,Jamuna_Jamalpur
2014-04-09,1.37,38.34,24.74,2.47,57.35,0.37,0.18,Jamuna_Jamalpur
2014-04-10,0.14,38.32,22.52,1.87,37.37,0.37,0.17,Jamuna_Jamalpur
2014-04-11,0.0,38.39,19.48,1.71,34.18,0.36,0.14,Jamuna_Jamalpur
2014-04-12,0.0,38.3,20.09,1.58,35.49,0.36,0.11,Jamuna_Jamalpur
2014-04-13,0.0,37.94,22.23,1.44,40.45,0.36,0.09,Jamuna_Jamalpur
2014-04-14,0.0,38.66,25.15,1.05,37.37,0.36,0.09,Jamuna_Jamalpur
2014-04-15,0.0,39.22,25.48,1.42,36.75,0.35,0.07,Jamuna_Jamalpur
2014-04-16,0.0,39.42,23.92,1.5,38.23,0.35,0.05,Jamuna_Jamalpur
2014-04-17,0.0,40.53,25.73,1.37,35.84,0.35,0.04,Jamuna_Jamalpur
2014-04-18,0.43,40.5,24.41,1.53,39.57,0.35,0.04,Jamuna_Jamalpur
2014-04-19,0.24,40.49,24.38,1.55,36.44,0.34,0.03,Jamuna_Jamalpur
2014-04-20,0.0,41.17,27.25,2.24,31.84,0.34,0.02,Jamuna_Jamalpur
2014-04-21,0.0,40.72,26.57,2.03,27.74,0.34,0.01,Jamuna_Jamalpur
2014-04-22,0.0,41.73,24.54,2.22,26.17,0.34,0.01,Jamuna_Jamalpur
2014-04-23,0.0,42.49,26.13,2.38,25.56,0.34,0.0,Jamuna_Jamalpur
2014-04-24,0.0,42.31,24.54,2.44,25.08,0.33,0.0,Jamuna_Jamalpur
2014-04-25,0.0,42.71,25.14,1.94,29.25,0.33,0.0,Jamuna_Jamalpur
2014-04-26,0.35,41.56,25.67,2.19,45.38,0.33,0.0,Jamuna_Jamalpur
2014-04-27,10.63,38.16,27.12,1.9,50.63,0.34,0.01,Jamuna_Jamalpur
2014-04-28,8.48,38.37,25.65,1.82,53.64,0.36,0.08,Jamuna_Jamalpur
2014-04-29,1.1,39.24,26.44,2.45,51.28,0.36,0.08,Jamuna_Jamalpur
2014-04-30,0.73,39.28,26.62,2.19,52.07,0.36,0.07,Jamuna_Jamalpur
2014-05-01,12.86,35.95,27.33,2.57,61.9,0.36,0.06,Jamuna_Jamalpur
2014-05-02,6.59,36.4,25.29,2.29,64.85,0.38,0.24,Jamuna_Jamalpur
2014-05-03,1.4,36.08,26.24,2.16,57.9,0.38,0.22,Jamuna_Jamalpur
2014-05-04,4.57,33.95,25.7,2.11,60.72,0.38,0.19,Jamuna_Jamalpur
2014-05-05,2.41,33.3,25.5,1.23,64.5,0.38,0.16,Jamuna_Jamalpur
2014-05-06,2.96,34.12,25.34,1.39,60.09,0.39,0.22,Jamuna_Jamalpur
2014-05-07,7.5,38.27,24.77,2.96,57.54,0.39,0.33,Jamuna_Jamalpur
2014-05-08,7.23,37.41,25.31,3.34,65.03,0.4,0.36,Jamuna_Jamalpur
2014-05-09,1.28,42.84,26.55,3.58,52.84,0.4,0.58,Jamuna_Jamalpur
2014-05-10,0.87,41.68,27.88,3.41,49.43,0.39,0.46,Jamuna_Jamalpur
2014-05-11,1.94,39.96,27.19,4.31,52.88,0.39,0.46,Jamuna_Jamalpur
2014-05-12,1.57,39.23,26.79,2.68,59.83,0.39,0.39,Jamuna_Jamalpur
2014-05-13,1.18,41.27,27.31,2.97,55.66,0.39,0.39,Jamuna_Jamalpur
2014-05-14,0.26,41.96,27.51,3.04,50.69,0.38,0.38,Jamuna_Jamalpur
2014-05-15,0.46,41.66,27.57,2.8,48.35,0.38,0.34,Jamuna_Jamalpur
2014-05-16,0.07,41.85,26.56,2.66,45.13,0.38,0.3,Jamuna_Jamalpur
2014-05-17,6.16,41.4,26.92,2.34,49.88,0.37,0.26,Jamuna_Jamalpur
2014-05-18,5.4,40.2,26.48,2.1,56.08,0.39,0.4,Jamuna_Jamalpur
2014-05-19,0.0,41.56,27.94,2.7,49.74,0.38,0.39,Jamuna_Jamalpur
2014-05-20,0.0,41.13,28.53,2.67,49.28,0.38,0.31,Jamuna_Jamalpur
2014-05-21,1.49,41.34,28.14,3.27,50.11,0.38,0.28,Jamuna_Jamalpur
2014-05-22,19.72,38.25,28.27,2.74,58.28,0.39,0.39,Jamuna_Jamalpur
2014-05-23,14.14,36.82,27.44,1.88,59.0,0.42,0.72,Jamuna_Jamalpur
2014-05-24,5.75,35.25,27.23,1.45,62.63,0.43,0.7,Jamuna_Jamalpur
2014-05-25,4.46,34.2,26.98,1.75,66.24,0.43,0.55,Jamuna_Jamalpur
2014-05-26,17.7,31.91,26.07,0.86,75.18,0.45,0.55,Jamuna_Jamalpur
2014-05-27,24.41,31.5,26.77,1.82,79.52,0.48,0.66,Jamuna_Jamalpur
2014-05-28,15.35,33.16,26.06,3.36,80.2,0.5,1.33,Jamuna_Jamalpur
2014-05-29,2.98,33.92,26.3,2.97,73.11,0.51,2.07,Jamuna_Jamalpur
2014-05-30,21.24,34.48,26.73,1.56,70.72,0.52,2.21,Jamuna_Jamalpur
2014-05-31,15.55,33.85,27.23,1.79,77.85,0.55,2.75,Jamuna_Jamalpur
2014-06-01,1.87,33.93,26.24,2.35,75.52,0.54,3.21,Jamuna_Jamalpur
2014-06-02,3.44,33.62,26.64,1.82,77.65,0.54,2.44,Jamuna_Jamalpur
2014-06-03,0.91,34.12,26.97,2.1,77.05,0.53,2.54,Jamuna_Jamalpur
2014-06-04,0.14,35.84,27.26,2.05,72.4,0.53,2.94,Jamuna_Jamalpur
2014-06-05,0.15,36.44,27.71,2.41,70.48,0.52,2.69,Jamuna_Jamalpur
2014-06-06,1.67,36.34,27.72,2.81,73.1,0.51,2.24,Jamuna_Jamalpur
2014-06-07,0.44,36.0,27.48,3.07,72.6,0.51,2.32,Jamuna_Jamalpur
2014-06-08,3.71,34.95,28.37,3.49,73.23,0.5,1.71,Jamuna_Jamalpur
2014-06-09,4.7,34.98,27.7,3.07,77.46,0.51,1.72,Jamuna_Jamalpur
2014-06-10,26.2,34.81,27.59,2.56,77.86,0.52,1.9,Jamuna_Jamalpur
2014-06-11,15.33,34.57,27.39,2.8,82.1,0.56,2.67,Jamuna_Jamalpur
2014-06-12,7.77,36.09,27.56,2.47,76.19,0.56,3.75,Jamuna_Jamalpur
2014-06-13,10.95,34.99,28.06,2.43,81.28,0.57,2.67,Jamuna_Jamalpur
2014-06-14,0.24,34.86,27.92,1.91,73.63,0.56,2.48,Jamuna_Jamalpur
2014-06-15,1.26,34.68,26.72,1.53,71.87,0.56,2.76,Jamuna_Jamalpur
2014-06-16,23.98,34.88,27.35,1.62,78.22,0.57,2.94,Jamuna_Jamalpur
2014-06-17,10.72,34.28,27.54,1.32,81.08,0.59,2.87,Jamuna_Jamalpur
2014-06-18,18.3,31.94,27.44,1.99,84.29,0.6,2.22,Jamuna_Jamalpur
2014-06-19,21.44,31.32,26.77,2.43,85.47,0.62,2.95,Jamuna_Jamalpur
2014-06-20,56.16,31.71,26.64,2.53,89.42,0.67,2.0,Jamuna_Jamalpur
2014-06-21,74.87,30.45,27.33,2.51,91.99,0.76,0.96,Jamuna_Jamalpur
2014-06-22,45.42,31.8,27.3,3.28,90.65,0.82,1.74,Jamuna_Jamalpur
2014-06-23,30.82,32.35,27.05,2.64,89.53,0.86,1.67,Jamuna_Jamalpur
2014-06-24,0.92,32.38,26.72,3.08,88.81,0.85,3.24,Jamuna_Jamalpur
2014-06-25,0.48,33.45,26.6,1.79,83.55,0.84,4.29,Jamuna_Jamalpur
2014-06-26,3.02,30.94,27.4,1.74,89.71,0.83,1.61,Jamuna_Jamalpur
2014-06-27,6.28,31.27,26.71,2.44,89.84,0.83,1.79,Jamuna_Jamalpur
2014-06-28,35.64,31.85,26.93,2.82,88.33,0.85,1.91,Jamuna_Jamalpur
2014-06-29,23.6,31.91,26.82,2.22,88.38,0.88,2.17,Jamuna_Jamalpur
2014-06-30,12.62,31.03,27.61,1.64,89.3,0.88,1.1,Jamuna_Jamalpur
2014-07-01,12.23,31.76,27.18,2.05,90.48,0.89,1.23,Jamuna_Jamalpur
2014-07-02,6.48,32.29,26.24,3.21,88.24,0.89,3.25,Jamuna_Jamalpur
2014-07-03,3.42,31.33,26.52,4.02,88.75,0.88,3.23,Jamuna_Jamalpur
2014-07-04,10.37,29.69,25.47,3.76,92.46,0.87,1.17,Jamuna_Jamalpur
2014-07-05,13.46,31.17,26.09,3.69,90.71,0.88,2.28,Jamuna_Jamalpur
2014-07-06,3.59,32.17,26.26,2.89,88.85,0.88,2.5,Jamuna_Jamalpur
2014-07-07,7.96,31.95,26.77,3.36,89.0,0.87,2.93,Jamuna_Jamalpur
2014-07-08,11.99,32.21,27.02,3.38,89.73,0.88,2.24,Jamuna_Jamalpur
2014-07-09,25.05,32.89,27.12,2.36,86.94,0.88,2.99,Jamuna_Jamalpur
2014-07-10,10.21,31.02,27.45,2.46,91.09,0.89,1.22,Jamuna_Jamalpur
2014-07-11,5.02,30.93,26.52,2.12,85.45,0.89,2.63,Jamuna_Jamalpur
2014-07-12,4.81,32.05,27.4,1.37,84.68,0.88,2.31,Jamuna_Jamalpur
2014-07-13,6.75,33.13,27.6,1.36,85.5,0.88,2.21,Jamuna_Jamalpur
2014-07-14,7.91,31.27,27.0,2.77,90.5,0.88,1.55,Jamuna_Jamalpur
2014-07-15,2.72,29.9,27.11,3.21,91.97,0.88,1.28,Jamuna_Jamalpur
2014-07-16,3.73,29.96,26.63,2.94,91.71,0.88,1.32,Jamuna_Jamalpur
2014-07-17,10.5,31.79,26.55,3.04,89.3,0.88,2.26,Jamuna_Jamalpur
2014-07-18,6.79,31.85,26.76,2.51,88.33,0.88,2.99,Jamuna_Jamalpur
2014-07-19,0.45,32.29,26.66,2.58,87.15,0.87,3.14,Jamuna_Jamalpur
2014-07-20,1.16,30.95,27.04,3.28,88.57,0.86,2.54,Jamuna_Jamalpur
2014-07-21,3.31,30.92,26.17,4.97,89.55,0.85,2.88,Jamuna_Jamalpur
2014-07-22,0.82,31.26,25.92,3.81,89.61,0.85,2.78,Jamuna_Jamalpur
2014-07-23,5.24,30.79,25.8,2.42,89.27,0.84,2.29,Jamuna_Jamalpur
2014-07-24,5.07,31.2,25.89,1.9,86.94,0.84,2.97,Jamuna_Jamalpur
2014-07-25,2.56,31.01,26.36,1.32,86.33,0.84,2.23,Jamuna_Jamalpur
2014-07-26,23.05,30.29,27.52,1.16,87.34,0.84,1.11,Jamuna_Jamalpur
2014-07-27,20.69,29.35,26.19,0.7,89.5,0.87,1.04,Jamuna_Jamalpur
2014-07-28,8.15,32.43,26.1,1.22,82.62,0.87,3.29,Jamuna_Jamalpur
2014-07-29,2.78,30.39,26.31,2.09,87.74,0.87,2.18,Jamuna_Jamalpur
2014-07-30,1.24,32.36,25.66,2.2,85.51,0.86,4.29,Jamuna_Jamalpur
2014-07-31,1.88,32.16,26.42,1.99,87.61,0.85,3.09,Jamuna_Jamalpur
2014-08-01,1.32,31.89,26.83,2.11,87.69,0.84,3.16,Jamuna_Jamalpur
2014-08-02,3.61,31.76,27.08,1.53,88.23,0.83,2.27,Jamuna_Jamalpur
2014-08-03,4.34,30.4,26.68,3.06,90.75,0.83,1.77,Jamuna_Jamalpur
2014-08-04,2.85,32.29,25.66,4.19,87.91,0.83,4.22,Jamuna_Jamalpur
2014-08-05,6.23,32.03,26.21,3.5,87.64,0.82,3.85,Jamuna_Jamalpur
2014-08-06,4.94,31.49,26.24,2.24,86.9,0.82,3.63,Jamuna_Jamalpur
2014-08-07,12.5,31.55,26.12,2.57,88.27,0.82,3.02,Jamuna_Jamalpur
2014-08-08,4.78,33.01,26.43,1.93,85.49,0.82,4.22,Jamuna_Jamalpur
2014-08-09,3.25,32.29,26.67,2.72,88.28,0.8,3.64,Jamuna_Jamalpur
2014-08-10,4.04,31.97,25.99,3.46,87.91,0.8,4.15,Jamuna_Jamalpur
2014-08-11,4.52,32.09,25.87,3.16,87.43,0.79,4.17,Jamuna_Jamalpur
2014-08-12,2.39,32.4,26.43,3.16,87.02,0.78,4.87,Jamuna_Jamalpur
2014-08-13,14.68,30.25,26.91,2.94,93.79,0.79,0.6,Jamuna_Jamalpur
2014-08-14,29.41,29.3,26.87,3.03,93.66,0.81,0.9,Jamuna_Jamalpur
2014-08-15,39.09,29.35,26.0,1.9,94.52,0.85,0.48,Jamuna_Jamalpur
2014-08-16,25.68,30.48,25.68,0.92,85.42,0.88,2.14,Jamuna_Jamalpur
2014-08-17,6.05,30.9,25.73,1.87,90.22,0.88,1.9,Jamuna_Jamalpur
2014-08-18,24.75,31.84,26.1,2.8,88.61,0.89,2.91,Jamuna_Jamalpur
2014-08-19,27.52,30.96,26.44,2.61,91.41,0.91,1.44,Jamuna_Jamalpur
2014-08-20,14.65,31.44,26.8,1.95,89.03,0.91,2.06,Jamuna_Jamalpur
2014-08-21,4.11,31.09,26.48,1.66,87.35,0.91,1.89,Jamuna_Jamalpur
2014-08-22,9.92,30.8,26.48,2.41,91.64,0.91,1.56,Jamuna_Jamalpur
2014-08-23,24.39,29.44,26.27,2.67,92.22,0.92,0.93,Jamuna_Jamalpur
2014-08-24,32.68,28.98,26.21,2.6,95.21,0.94,0.36,Jamuna_Jamalpur
2014-08-25,41.81,29.0,26.12,2.3,93.46,0.96,0.61,Jamuna_Jamalpur
2014-08-26,6.85,29.17,25.82,1.91,93.82,0.96,0.7,Jamuna_Jamalpur
2014-08-27,7.02,30.11,25.36,1.45,90.68,0.96,1.33,Jamuna_Jamalpur
2014-08-28,4.18,30.89,25.42,1.17,88.03,0.96,2.19,Jamuna_Jamalpur
2014-08-29,0.1,32.11,26.13,0.88,82.99,0.95,1.97,Jamuna_Jamalpur
2014-08-30,10.37,31.1,26.63,1.39,89.69,0.95,1.73,Jamuna_Jamalpur
2014-08-31,12.38,28.8,25.64,2.93,91.36,0.95,1.45,Jamuna_Jamalpur
2014-09-01,0.63,28.88,24.76,2.82,90.64,0.95,1.96,Jamuna_Jamalpur
2014-09-02,0.11,31.03,24.68,2.43,88.57,0.94,3.62,Jamuna_Jamalpur
2014-09-03,0.25,30.47,24.97,1.65,88.56,0.93,2.73,Jamuna_Jamalpur
2014-09-04,3.11,28.51,25.6,1.78,90.89,0.93,1.42,Jamuna_Jamalpur
2014-09-05,2.95,30.09,25.21,1.75,89.01,0.92,2.28,Jamuna_Jamalpur
2014-09-06,4.42,31.68,25.18,2.16,88.32,0.92,3.56,Jamuna_Jamalpur
2014-09-07,1.67,29.58,25.5,1.77,91.02,0.91,1.76,Jamuna_Jamalpur
2014-09-08,1.07,29.39,25.14,2.0,91.17,0.91,1.72,Jamuna_Jamalpur
2014-09-09,1.38,31.27,25.26,2.2,87.38,0.9,4.47,Jamuna_Jamalpur
2014-09-10,15.77,29.57,25.39,1.89,90.22,0.9,1.59,Jamuna_Jamalpur
2014-09-11,7.28,30.37,25.71,1.72,89.03,0.91,2.56,Jamuna_Jamalpur
2014-09-12,2.65,30.14,25.66,1.62,89.5,0.91,1.98,Jamuna_Jamalpur
2014-09-13,7.56,29.94,25.38,1.61,89.9,0.91,2.1,Jamuna_Jamalpur
2014-09-14,15.6,30.28,25.65,1.35,88.81,0.92,1.96,Jamuna_Jamalpur
2014-09-15,10.44,31.24,25.19,1.34,86.09,0.92,3.43,Jamuna_Jamalpur
2014-09-16,1.89,32.14,25.95,0.88,82.21,0.91,4.95,Jamuna_Jamalpur
2014-09-17,0.0,32.81,26.34,0.89,79.78,0.9,5.58,Jamuna_Jamalpur
2014-09-18,19.27,33.31,26.77,1.16,82.88,0.9,3.81,Jamuna_Jamalpur
2014-09-19,52.31,29.07,26.04,2.08,93.44,0.93,0.79,Jamuna_Jamalpur
2014-09-20,47.9,28.66,25.54,2.55,92.66,0.96,1.17,Jamuna_Jamalpur
2014-09-21,62.68,28.82,26.07,3.67,94.93,0.98,0.42,Jamuna_Jamalpur
2014-09-22,59.15,29.05,25.95,3.47,95.46,0.99,0.29,Jamuna_Jamalpur
2014-09-23,14.05,29.68,25.56,1.84,88.8,0.99,1.89,Jamuna_Jamalpur
2014-09-24,20.03,30.99,24.21,1.81,88.25,0.99,2.87,Jamuna_Jamalpur
2014-09-25,15.12,30.98,25.7,2.09,89.41,0.99,2.26,Jamuna_Jamalpur
2014-09-26,10.35,30.12,25.51,2.13,89.94,0.98,1.97,Jamuna_Jamalpur
2014-09-27,8.16,31.31,24.1,1.74,84.82,0.98,3.32,Jamuna_Jamalpur
2014-09-28,3.16,31.53,23.35,1.68,85.33,0.97,3.59,Jamuna_Jamalpur
2014-09-29,0.44,31.16,24.16,0.79,79.74,0.97,4.56,Jamuna_Jamalpur
2014-09-30,0.0,32.12,25.16,0.75,75.42,0.96,5.67,Jamuna_Jamalpur
2014-10-01,0.0,31.76,24.64,1.15,80.57,0.95,4.9,Jamuna_Jamalpur
2014-10-02,0.0,32.3,26.27,0.82,76.18,0.94,5.78,Jamuna_Jamalpur
2014-10-03,0.16,31.56,25.05,0.68,76.1,0.94,5.51,Jamuna_Jamalpur
2014-10-04,0.62,31.81,25.1,1.02,79.41,0.93,4.98,Jamuna_Jamalpur
2014-10-05,0.0,32.03,23.9,0.94,82.77,0.92,5.58,Jamuna_Jamalpur
2014-10-06,0.88,32.25,24.63,0.86,82.06,0.92,5.33,Jamuna_Jamalpur
2014-10-07,1.3,31.14,25.74,0.83,79.71,0.91,4.32,Jamuna_Jamalpur
2014-10-08,2.18,31.77,25.43,0.75,77.71,0.91,4.89,Jamuna_Jamalpur
2014-10-09,0.05,32.88,25.35,0.7,74.19,0.9,6.93,Jamuna_Jamalpur
2014-10-10,1.48,31.76,25.75,0.82,74.97,0.89,5.88,Jamuna_Jamalpur
2014-10-11,1.79,30.73,25.01,1.3,83.17,0.89,4.87,Jamuna_Jamalpur
2014-10-12,16.36,27.32,24.68,0.98,89.22,0.89,1.3,Jamuna_Jamalpur
2014-10-13,6.15,30.43,24.23,0.9,82.95,0.9,3.66,Jamuna_Jamalpur
2014-10-14,1.56,28.99,24.63,1.26,90.46,0.89,1.8,Jamuna_Jamalpur
2014-10-15,7.01,30.69,24.72,1.33,87.92,0.89,3.47,Jamuna_Jamalpur
2014-10-16,0.34,29.29,23.03,1.64,85.34,0.89,4.6,Jamuna_Jamalpur
2014-10-17,0.0,27.75,20.71,1.4,85.37,0.88,3.97,Jamuna_Jamalpur
2014-10-18,0.01,29.4,19.75,1.3,82.54,0.87,5.06,Jamuna_Jamalpur
2014-10-19,0.0,28.91,20.24,1.18,75.64,0.86,5.25,Jamuna_Jamalpur
2014-10-20,0.0,29.28,20.03,1.16,74.24,0.85,5.17,Jamuna_Jamalpur
2014-10-21,0.0,30.31,19.88,0.94,77.12,0.85,5.7,Jamuna_Jamalpur
2014-10-22,0.0,29.88,21.64,0.86,74.77,0.84,5.93,Jamuna_Jamalpur
2014-10-23,0.0,30.43,21.79,0.78,72.69,0.83,6.25,Jamuna_Jamalpur
2014-10-24,0.02,30.0,22.43,0.66,67.43,0.82,6.27,Jamuna_Jamalpur
2014-10-25,0.02,28.32,22.2,0.79,78.33,0.81,3.49,Jamuna_Jamalpur
2014-10-26,0.08,26.71,22.72,0.91,84.41,0.81,1.31,Jamuna_Jamalpur
2014-10-27,0.01,26.77,21.58,0.75,83.99,0.81,2.49,Jamuna_Jamalpur
2014-10-28,0.15,27.61,20.08,0.89,81.91,0.8,4.96,Jamuna_Jamalpur
2014-10-29,0.09,28.31,18.78,0.95,80.45,0.79,5.2,Jamuna_Jamalpur
2014-10-30,0.0,28.38,19.89,1.21,81.84,0.79,4.37,Jamuna_Jamalpur
2014-10-31,0.0,28.97,19.52,0.81,81.1,0.78,5.41,Jamuna_Jamalpur
2014-11-01,0.0,29.48,20.95,0.9,81.26,0.77,5.24,Jamuna_Jamalpur
2014-11-02,0.0,29.63,21.03,1.13,84.39,0.76,5.07,Jamuna_Jamalpur
2014-11-03,0.0,29.26,20.61,1.09,84.97,0.75,5.18,Jamuna_Jamalpur
2014-11-04,0.0,29.24,19.62,0.81,77.78,0.75,5.05,Jamuna_Jamalpur
2014-11-05,0.0,29.0,19.69,1.07,79.02,0.74,5.1,Jamuna_Jamalpur
2014-11-06,0.0,29.63,19.33,1.31,82.52,0.73,4.86,Jamuna_Jamalpur
2014-11-07,0.0,30.24,20.13,0.98,79.22,0.72,4.95,Jamuna_Jamalpur
2014-11-08,0.0,30.94,21.59,0.87,73.34,0.72,5.04,Jamuna_Jamalpur
2014-11-09,0.0,30.18,22.2,0.76,74.81,0.71,4.68,Jamuna_Jamalpur
2014-11-10,0.0,28.35,19.95,1.44,78.42,0.7,4.1,Jamuna_Jamalpur
2014-11-11,0.0,28.49,18.84,0.72,75.61,0.7,3.49,Jamuna_Jamalpur
2014-11-12,0.0,28.23,19.36,0.92,76.62,0.69,3.3,Jamuna_Jamalpur
2014-11-13,0.0,28.09,19.48,0.91,72.89,0.68,3.13,Jamuna_Jamalpur
2014-11-14,0.0,27.55,17.11,1.18,68.88,0.68,2.53,Jamuna_Jamalpur
2014-11-15,0.0,26.51,17.49,0.8,67.21,0.67,2.08,Jamuna_Jamalpur
2014-11-16,0.0,26.77,16.64,1.02,70.9,0.67,2.51,Jamuna_Jamalpur
2014-11-17,0.0,26.98,18.02,0.93,70.25,0.66,2.68,Jamuna_Jamalpur
2014-11-18,0.0,27.39,16.87,1.16,75.97,0.66,2.88,Jamuna_Jamalpur
2014-11-19,0.0,27.7,17.34,1.3,80.63,0.65,2.88,Jamuna_Jamalpur
2014-11-20,0.0,26.82,16.42,1.25,74.23,0.65,2.6,Jamuna_Jamalpur
2014-11-21,0.0,26.85,17.01,1.12,67.71,0.64,2.33,Jamuna_Jamalpur
2014-11-22,0.0,26.37,15.85,0.85,62.65,0.64,2.06,Jamuna_Jamalpur
2014-11-23,0.0,25.55,15.5,0.83,61.84,0.64,1.86,Jamuna_Jamalpur
2014-11-24,0.0,26.12,14.81,1.01,65.5,0.63,1.97,Jamuna_Jamalpur
2014-11-25,0.0,26.24,14.39,1.17,75.91,0.63,1.97,Jamuna_Jamalpur
2014-11-26,0.0,25.41,15.55,0.85,70.91,0.62,1.9,Jamuna_Jamalpur
2014-11-27,0.0,25.23,16.53,0.68,67.17,0.62,1.93,Jamuna_Jamalpur
2014-11-28,0.01,25.52,15.21,0.85,67.62,0.61,1.9,Jamuna_Jamalpur
2014-11-29,0.0,25.28,15.11,0.88,66.37,0.61,1.61,Jamuna_Jamalpur
2014-11-30,0.0,25.81,14.6,1.1,72.09,0.61,1.77,Jamuna_Jamalpur
2014-12-01,0.0,26.65,15.5,0.97,74.17,0.6,2.04,Jamuna_Jamalpur
2014-12-02,0.0,26.92,17.23,0.79,76.01,0.6,2.06,Jamuna_Jamalpur
2014-12-03,0.0,26.26,17.02,0.87,71.18,0.6,1.89,Jamuna_Jamalpur
2014-12-04,0.0,26.72,16.96,0.92,75.41,0.59,1.81,Jamuna_Jamalpur
2014-12-05,0.0,27.38,18.3,0.91,79.84,0.59,1.82,Jamuna_Jamalpur
2014-12-06,0.0,26.32,16.03,1.31,76.72,0.58,1.72,Jamuna_Jamalpur
2014-12-07,0.0,24.68,13.5,1.49,68.8,0.58,1.58,Jamuna_Jamalpur
2014-12-08,0.0,24.55,13.4,0.97,64.76,0.58,1.39,Jamuna_Jamalpur
2014-12-09,0.0,24.52,14.39,0.81,63.17,0.57,1.25,Jamuna_Jamalpur
2014-12-10,0.0,23.47,13.06,0.75,60.93,0.57,1.12,Jamuna_Jamalpur
2014-12-11,0.0,23.24,12.47,1.07,63.37,0.57,1.05,Jamuna_Jamalpur
2014-12-12,0.38,21.86,11.95,1.01,69.0,0.56,0.72,Jamuna_Jamalpur
2014-12-13,0.0,22.75,11.88,0.94,76.0,0.56,0.68,Jamuna_Jamalpur
2014-12-14,0.0,23.41,15.02,0.65,73.38,0.56,0.52,Jamuna_Jamalpur
2014-12-15,0.0,28.37,15.23,1.11,70.26,0.56,1.41,Jamuna_Jamalpur
2014-12-16,0.0,25.81,14.53,2.02,77.79,0.55,1.32,Jamuna_Jamalpur
2014-12-17,0.0,23.62,12.34,2.61,69.52,0.55,1.19,Jamuna_Jamalpur
2014-12-18,0.0,22.91,9.13,1.36,67.83,0.54,1.0,Jamuna_Jamalpur
2014-12-19,0.0,24.85,10.64,0.99,67.98,0.54,1.14,Jamuna_Jamalpur
2014-12-20,0.0,25.29,12.76,1.05,76.01,0.54,1.01,Jamuna_Jamalpur
2014-12-21,0.0,24.8,12.7,0.89,74.53,0.54,0.98,Jamuna_Jamalpur
2014-12-22,0.0,25.4,12.15,1.24,76.7,0.53,1.1,Jamuna_Jamalpur
2014-12-23,0.0,25.62,12.52,1.1,73.65,0.53,1.1,Jamuna_Jamalpur
2014-12-24,0.0,26.04,13.03,1.11,73.81,0.53,1.07,Jamuna_Jamalpur
2014-12-25,0.0,24.6,11.78,1.43,69.55,0.52,0.94,Jamuna_Jamalpur
2014-12-26,0.0,22.75,9.02,1.32,65.78,0.52,0.83,Jamuna_Jamalpur
2014-12-27,0.0,22.32,10.08,1.03,63.17,0.52,0.72,Jamuna_Jamalpur
2014-12-28,0.0,25.19,9.88,1.13,69.95,0.52,0.86,Jamuna_Jamalpur
2014-12-29,0.0,24.74,12.38,0.88,75.09,0.51,0.79,Jamuna_Jamalpur
2014-12-30,0.0,25.72,12.4,1.02,73.08,0.51,0.83,Jamuna_Jamalpur
2014-12-31,0.0,25.61,13.04,0.91,72.31,0.51,0.73,Jamuna_Jamalpur
2015-01-01,0.0,26.17,15.85,0.93,68.53,0.51,0.58,Jamuna_Jamalpur
2015-01-02,1.06,28.73,16.37,0.93,73.6,0.5,0.96,Jamuna_Jamalpur
2015-01-03,0.71,27.8,17.67,1.24,74.59,0.5,0.75,Jamuna_Jamalpur
2015-01-04,5.5,23.71,17.36,1.8,85.54,0.51,0.36,Jamuna_Jamalpur
2015-01-05,0.02,24.8,14.1,2.18,71.78,0.51,0.87,Jamuna_Jamalpur
2015-01-06,0.0,23.55,11.89,1.06,65.36,0.5,0.72,Jamuna_Jamalpur
2015-01-07,0.0,23.07,11.47,1.12,62.21,0.5,0.54,Jamuna_Jamalpur
2015-01-08,0.0,23.52,12.82,1.09,63.42,0.5,0.54,Jamuna_Jamalpur
2015-01-09,0.0,24.43,11.31,1.46,68.23,0.5,0.58,Jamuna_Jamalpur
2015-01-10,0.0,23.44,10.47,1.4,62.05,0.49,0.62,Jamuna_Jamalpur
2015-01-11,0.0,23.73,9.5,1.31,56.25,0.49,0.59,Jamuna_Jamalpur
2015-01-12,0.0,24.95,10.46,1.09,64.5,0.49,0.64,Jamuna_Jamalpur
2015-01-13,0.0,25.88,12.62,1.16,72.73,0.49,0.63,Jamuna_Jamalpur
2015-01-14,0.0,26.62,12.31,1.18,65.66,0.48,0.66,Jamuna_Jamalpur
2015-01-15,0.0,27.88,14.85,0.91,60.0,0.48,0.73,Jamuna_Jamalpur
2015-01-16,0.0,27.35,13.89,0.96,59.14,0.48,0.66,Jamuna_Jamalpur
2015-01-17,3.25,26.72,12.54,1.87,65.96,0.48,0.55,Jamuna_Jamalpur
2015-01-18,1.28,24.01,9.78,1.96,62.69,0.48,0.52,Jamuna_Jamalpur
2015-01-19,0.0,24.05,9.91,1.36,59.9,0.48,0.53,Jamuna_Jamalpur
2015-01-20,0.0,24.66,10.11,1.29,56.95,0.47,0.52,Jamuna_Jamalpur
2015-01-21,0.0,25.54,10.07,1.19,59.94,0.47,0.51,Jamuna_Jamalpur
2015-01-22,0.0,26.78,12.31,1.09,60.12,0.47,0.56,Jamuna_Jamalpur
2015-01-23,0.0,26.81,14.48,1.32,53.12,0.47,0.51,Jamuna_Jamalpur
2015-01-24,0.0,26.91,13.68,1.49,61.22,0.46,0.5,Jamuna_Jamalpur
2015-01-25,0.0,26.01,12.14,1.41,57.62,0.46,0.53,Jamuna_Jamalpur
2015-01-26,0.0,26.33,11.81,1.35,49.05,0.46,0.47,Jamuna_Jamalpur
2015-01-27,0.0,26.53,13.78,1.32,56.24,0.46,0.4,Jamuna_Jamalpur
2015-01-28,0.0,28.06,13.93,1.6,65.87,0.45,0.46,Jamuna_Jamalpur
2015-01-29,0.0,28.07,13.96,1.52,62.58,0.45,0.47,Jamuna_Jamalpur
2015-01-30,0.3,25.67,13.6,2.38,64.22,0.45,0.37,Jamuna_Jamalpur
2015-01-31,0.0,23.58,9.64,1.42,49.88,0.45,0.35,Jamuna_Jamalpur
2015-02-01,0.0,24.35,9.7,1.66,49.11,0.44,0.31,Jamuna_Jamalpur
2015-02-02,0.0,26.61,10.62,1.14,53.85,0.44,0.39,Jamuna_Jamalpur
2015-02-03,0.0,28.93,14.22,1.08,56.48,0.44,0.45,Jamuna_Jamalpur
2015-02-04,0.0,28.88,14.12,1.57,50.82,0.44,0.38,Jamuna_Jamalpur
2015-02-05,0.0,28.49,15.22,1.56,49.29,0.43,0.36,Jamuna_Jamalpur
2015-02-06,0.0,26.44,11.42,1.65,44.57,0.43,0.33,Jamuna_Jamalpur
2015-02-07,0.0,25.8,10.82,1.32,44.01,0.43,0.26,Jamuna_Jamalpur
2015-02-08,0.0,27.52,14.56,1.04,43.23,0.43,0.31,Jamuna_Jamalpur
2015-02-09,0.0,26.46,14.96,1.3,53.75,0.43,0.21,Jamuna_Jamalpur
2015-02-10,0.0,27.38,14.98,1.64,54.04,0.42,0.25,Jamuna_Jamalpur
2015-02-11,0.0,27.57,12.86,1.6,43.44,0.42,0.29,Jamuna_Jamalpur
2015-02-12,0.0,27.89,11.89,1.46,42.74,0.42,0.3,Jamuna_Jamalpur
2015-02-13,0.0,28.27,14.04,1.69,50.34,0.42,0.26,Jamuna_Jamalpur
2015-02-14,0.04,27.56,15.06,1.2,46.2,0.41,0.25,Jamuna_Jamalpur
2015-02-15,0.43,28.1,14.62,1.32,46.65,0.41,0.22,Jamuna_Jamalpur
2015-02-16,0.0,29.21,15.1,1.37,53.77,0.41,0.25,Jamuna_Jamalpur
2015-02-17,0.0,29.86,15.71,1.17,49.72,0.41,0.25,Jamuna_Jamalpur
2015-02-18,2.77,29.81,17.62,1.39,51.87,0.41,0.25,Jamuna_Jamalpur
2015-02-19,15.88,27.74,17.87,1.72,69.6,0.43,0.3,Jamuna_Jamalpur
2015-02-20,0.45,28.67,16.45,1.33,63.9,0.44,0.43,Jamuna_Jamalpur
2015-02-21,1.07,29.97,17.49,1.53,57.07,0.43,0.42,Jamuna_Jamalpur
2015-02-22,0.46,31.42,18.25,1.33,52.94,0.43,0.47,Jamuna_Jamalpur
2015-02-23,0.0,31.77,17.6,1.57,56.73,0.43,0.48,Jamuna_Jamalpur
2015-02-24,0.29,32.73,19.08,1.65,51.42,0.42,0.46,Jamuna_Jamalpur
2015-02-25,0.0,32.13,19.16,1.41,54.3,0.42,0.43,Jamuna_Jamalpur
2015-02-26,0.01,32.79,19.18,2.05,56.41,0.42,0.41,Jamuna_Jamalpur
2015-02-27,0.46,32.83,18.69,2.03,59.1,0.42,0.41,Jamuna_Jamalpur
2015-02-28,0.0,33.45,18.78,1.38,52.08,0.41,0.38,Jamuna_Jamalpur
2015-03-01,0.0,33.61,21.81,1.33,54.75,0.41,0.36,Jamuna_Jamalpur
2015-03-02,0.27,33.33,22.8,1.7,52.21,0.41,0.34,Jamuna_Jamalpur
2015-03-03,0.12,31.13,19.1,3.08,52.17,0.41,0.3,Jamuna_Jamalpur
2015-03-04,6.15,28.77,18.62,3.09,57.81,0.41,0.28,Jamuna_Jamalpur
2015-03-05,0.01,30.31,16.68,2.63,45.08,0.41,0.38,Jamuna_Jamalpur
2015-03-06,0.0,29.64,14.0,1.98,39.0,0.41,0.33,Jamuna_Jamalpur
2015-03-07,0.0,30.81,14.42,2.03,41.27,0.4,0.31,Jamuna_Jamalpur
2015-03-08,0.0,31.94,15.61,1.61,42.66,0.4,0.32,Jamuna_Jamalpur
2015-03-09,0.0,33.99,17.42,1.77,38.0,0.4,0.31,Jamuna_Jamalpur
2015-03-10,0.0,35.94,16.64,2.57,37.17,0.4,0.32,Jamuna_Jamalpur
2015-03-11,0.0,33.68,16.27,2.5,31.23,0.39,0.27,Jamuna_Jamalpur
2015-03-12,0.0,33.96,14.06,2.05,33.75,0.39,0.24,Jamuna_Jamalpur
2015-03-13,0.0,34.7,15.36,2.16,34.28,0.39,0.21,Jamuna_Jamalpur
2015-03-14,0.0,35.98,18.76,2.86,40.84,0.38,0.2,Jamuna_Jamalpur
2015-03-15,0.0,36.16,20.32,2.7,39.69,0.38,0.18,Jamuna_Jamalpur
2015-03-16,0.01,35.79,19.97,3.22,42.02,0.38,0.15,Jamuna_Jamalpur
2015-03-17,0.06,36.01,20.73,2.88,43.42,0.37,0.15,Jamuna_Jamalpur
2015-03-18,0.0,35.61,21.23,2.14,42.61,0.37,0.13,Jamuna_Jamalpur
2015-03-19,0.0,34.49,19.43,2.24,36.81,0.37,0.11,Jamuna_Jamalpur
2015-03-20,0.0,34.14,18.46,1.14,29.78,0.36,0.11,Jamuna_Jamalpur
2015-03-21,0.0,35.58,18.51,1.69,32.85,0.36,0.09,Jamuna_Jamalpur
2015-03-22,0.0,35.94,19.27,1.31,35.35,0.36,0.08,Jamuna_Jamalpur
2015-03-23,0.0,37.05,22.3,1.36,35.2,0.36,0.07,Jamuna_Jamalpur
2015-03-24,0.0,37.36,20.65,1.15,38.03,0.35,0.06,Jamuna_Jamalpur
2015-03-25,0.0,37.44,23.29,1.33,41.33,0.35,0.04,Jamuna_Jamalpur
2015-03-26,0.21,35.88,22.67,1.79,48.9,0.35,0.03,Jamuna_Jamalpur
2015-03-27,1.71,35.8,23.19,1.55,48.64,0.35,0.03,Jamuna_Jamalpur
2015-03-28,0.45,34.34,24.78,2.0,50.28,0.35,0.02,Jamuna_Jamalpur
2015-03-29,0.11,34.72,24.45,1.99,54.74,0.35,0.03,Jamuna_Jamalpur
2015-03-30,2.85,34.64,23.67,1.76,53.22,0.35,0.02,Jamuna_Jamalpur
2015-03-31,5.68,32.66,24.02,2.03,60.93,0.36,0.04,Jamuna_Jamalpur
2015-04-01,2.24,35.43,22.51,2.82,54.46,0.36,0.06,Jamuna_Jamalpur
2015-04-02,24.77,33.06,22.6,2.82,69.54,0.39,0.27,Jamuna_Jamalpur
2015-04-03,3.14,35.62,21.6,1.66,62.58,0.4,0.46,Jamuna_Jamalpur
2015-04-04,15.25,37.18,23.85,2.67,62.15,0.4,0.45,Jamuna_Jamalpur
2015-04-05,19.15,31.58,24.0,2.39,74.98,0.45,0.73,Jamuna_Jamalpur
2015-04-06,1.16,32.83,23.9,1.26,63.71,0.45,1.04,Jamuna_Jamalpur
2015-04-07,1.93,34.18,22.05,1.85,63.27,0.45,1.06,Jamuna_Jamalpur
2015-04-08,5.13,33.79,22.96,1.84,67.5,0.45,1.06,Jamuna_Jamalpur
2015-04-09,0.06,36.17,23.01,2.43,59.25,0.44,1.18,Jamuna_Jamalpur
2015-04-10,0.0,37.04,21.19,2.24,50.55,0.44,1.2,Jamuna_Jamalpur
2015-04-11,0.99,36.23,21.66,2.01,58.36,0.43,0.99,Jamuna_Jamalpur
2015-04-12,5.75,31.48,24.39,1.84,69.31,0.44,0.51,Jamuna_Jamalpur
2015-04-13,2.12,29.4,24.56,1.18,71.25,0.44,0.34,Jamuna_Jamalpur
2015-04-14,0.0,35.26,22.99,1.5,56.11,0.44,0.91,Jamuna_Jamalpur
2015-04-15,0.0,33.06,23.64,1.32,53.82,0.43,0.51,Jamuna_Jamalpur
2015-04-16,0.0,34.3,23.76,2.18,57.48,0.43,0.59,Jamuna_Jamalpur
2015-04-17,0.45,35.92,23.56,2.79,54.44,0.43,0.77,Jamuna_Jamalpur
2015-04-18,15.68,33.74,23.1,2.25,64.55,0.44,0.95,Jamuna_Jamalpur
2015-04-19,26.13,34.45,23.49,2.72,71.92,0.48,1.93,Jamuna_Jamalpur
2015-04-20,16.05,33.29,24.44,2.56,72.53,0.49,1.63,Jamuna_Jamalpur
2015-04-21,7.79,34.73,24.49,2.66,71.77,0.51,2.2,Jamuna_Jamalpur
2015-04-22,18.95,34.51,25.3,3.52,76.46,0.53,2.2,Jamuna_Jamalpur
2015-04-23,9.87,34.08,25.19,3.35,76.41,0.54,2.94,Jamuna_Jamalpur
2015-04-24,17.85,30.73,24.48,2.87,80.5,0.54,1.87,Jamuna_Jamalpur
2015-04-25,16.8,28.62,22.79,1.84,82.54,0.58,1.47,Jamuna_Jamalpur
2015-04-26,0.07,28.21,21.14,1.49,78.01,0.57,1.81,Jamuna_Jamalpur
2015-04-27,0.74,30.43,21.33,1.24,71.24,0.57,3.51,Jamuna_Jamalpur
2015-04-28,1.98,31.75,21.78,1.75,70.14,0.56,3.74,Jamuna_Jamalpur
2015-04-29,4.06,31.49,23.1,1.8,77.65,0.56,2.84,Jamuna_Jamalpur
2015-04-30,0.62,33.23,22.73,1.23,73.17,0.55,4.16,Jamuna_Jamalpur
2015-05-01,3.94,33.85,23.84,1.68,70.46,0.55,3.93,Jamuna_Jamalpur
2015-05-02,3.69,33.66,24.62,2.65,75.44,0.54,2.74,Jamuna_Jamalpur
2015-05-03,0.78,34.15,24.44,2.14,73.54,0.54,3.2,Jamuna_Jamalpur
2015-05-04,0.34,36.62,24.65,2.2,65.56,0.53,3.47,Jamuna_Jamalpur
2015-05-05,0.59,34.68,24.64,2.14,66.13,0.52,2.24,Jamuna_Jamalpur
2015-05-06,0.7,35.22,24.75,2.5,68.02,0.52,2.67,Jamuna_Jamalpur
2015-05-07,12.09,35.02,24.75,2.41,70.49,0.52,2.38,Jamuna_Jamalpur
2015-05-08,7.38,28.96,24.38,2.1,84.04,0.54,0.88,Jamuna_Jamalpur
2015-05-09,0.04,33.54,23.46,1.94,73.64,0.53,2.82,Jamuna_Jamalpur
2015-05-10,22.47,32.64,25.47,2.32,80.44,0.55,1.96,Jamuna_Jamalpur
2015-05-11,22.86,30.26,25.73,2.18,87.54,0.58,1.41,Jamuna_Jamalpur
2015-05-12,2.9,32.44,24.55,1.59,82.81,0.59,2.45,Jamuna_Jamalpur
2015-05-13,0.89,33.76,24.79,1.8,75.01,0.58,4.37,Jamuna_Jamalpur
2015-05-14,2.09,35.38,25.37,2.11,73.36,0.57,4.64,Jamuna_Jamalpur
2015-05-15,7.03,36.57,26.0,2.82,74.0,0.57,3.93,Jamuna_Jamalpur
2015-05-16,12.13,31.42,25.93,2.47,81.29,0.58,2.05,Jamuna_Jamalpur
2015-05-17,3.44,32.47,25.51,2.01,77.11,0.58,2.99,Jamuna_Jamalpur
2015-05-18,0.4,33.94,23.71,2.17,72.41,0.57,4.82,Jamuna_Jamalpur
2015-05-19,0.66,34.09,25.08,1.93,74.13,0.56,4.3,Jamuna_Jamalpur
2015-05-20,4.9,35.17,25.46,1.3,70.62,0.56,4.1,Jamuna_Jamalpur
2015-05-21,3.21,35.78,26.77,2.03,67.97,0.55,4.04,Jamuna_Jamalpur
2015-05-22,8.41,37.28,26.13,3.03,72.25,0.55,3.93,Jamuna_Jamalpur
2015-05-23,4.33,38.27,26.52,3.38,71.16,0.55,4.22,Jamuna_Jamalpur
2015-05-24,20.66,34.51,27.07,3.97,81.14,0.57,3.54,Jamuna_Jamalpur
2015-05-25,8.08,34.34,26.39,3.4,79.07,0.57,3.69,Jamuna_Jamalpur
2015-05-26,17.05,33.63,26.26,3.34,80.82,0.59,4.01,Jamuna_Jamalpur
2015-05-27,27.13,31.95,25.69,2.84,85.54,0.61,3.37,Jamuna_Jamalpur
2015-05-28,13.04,33.3,25.79,2.96,83.0,0.63,4.22,Jamuna_Jamalpur
2015-05-29,2.19,33.45,26.27,2.78,82.39,0.62,4.41,Jamuna_Jamalpur
2015-05-30,15.35,33.52,26.74,2.46,83.23,0.63,3.95,Jamuna_Jamalpur
2015-05-31,4.12,33.38,26.69,3.08,81.69,0.63,4.34,Jamuna_Jamalpur
2015-06-01,4.09,32.39,26.34,2.96,83.8,0.62,2.77,Jamuna_Jamalpur
2015-06-02,2.73,33.36,26.29,2.64,80.59,0.62,3.73,Jamuna_Jamalpur
2015-06-03,2.11,32.68,25.83,1.87,81.71,0.61,3.0,Jamuna_Jamalpur
2015-06-04,0.08,34.95,26.32,2.0,74.91,0.61,4.97,Jamuna_Jamalpur
2015-06-05,0.01,35.75,26.68,2.38,72.33,0.6,5.12,Jamuna_Jamalpur
2015-06-06,0.14,33.06,26.52,2.84,79.39,0.59,3.2,Jamuna_Jamalpur
2015-06-07,0.66,35.6,26.61,3.35,76.26,0.58,4.02,Jamuna_Jamalpur
2015-06-08,0.73,35.46,26.91,3.18,75.29,0.57,3.63,Jamuna_Jamalpur
2015-06-09,6.39,35.75,27.24,3.96,76.51,0.57,3.58,Jamuna_Jamalpur
2015-06-10,47.13,32.69,27.25,3.85,86.34,0.6,1.9,Jamuna_Jamalpur
2015-06-11,53.44,31.56,26.83,2.94,90.67,0.69,1.84,Jamuna_Jamalpur
2015-06-12,45.95,30.87,26.6,3.1,91.09,0.73,1.18,Jamuna_Jamalpur
2015-06-13,21.14,30.75,26.01,2.91,89.04,0.76,1.97,Jamuna_Jamalpur
2015-06-14,15.71,30.22,25.59,2.11,88.35,0.77,1.89,Jamuna_Jamalpur
2015-06-15,19.78,31.53,25.89,2.07,85.78,0.78,3.47,Jamuna_Jamalpur
2015-06-16,23.44,31.37,25.67,2.69,87.61,0.8,3.34,Jamuna_Jamalpur
2015-06-17,6.8,31.78,25.88,2.37,86.08,0.8,4.26,Jamuna_Jamalpur
2015-06-18,9.4,30.43,25.56,2.55,86.99,0.79,3.5,Jamuna_Jamalpur
2015-06-19,1.19,32.89,24.91,1.87,83.17,0.79,5.2,Jamuna_Jamalpur
2015-06-20,2.0,32.34,26.18,2.34,86.04,0.78,4.51,Jamuna_Jamalpur
2015-06-21,4.01,31.73,26.28,2.64,87.56,0.77,3.59,Jamuna_Jamalpur
2015-06-22,15.56,32.29,26.19,4.09,87.84,0.77,3.92,Jamuna_Jamalpur
2015-06-23,25.13,31.48,26.41,3.8,90.15,0.78,2.78,Jamuna_Jamalpur
2015-06-24,29.51,31.89,26.51,3.97,90.47,0.81,1.81,Jamuna_Jamalpur
2015-06-25,23.05,31.59,26.8,2.61,89.12,0.83,2.36,Jamuna_Jamalpur
2015-06-26,51.56,30.49,26.71,2.76,92.27,0.87,1.09,Jamuna_Jamalpur
2015-06-27,9.87,29.41,25.95,4.46,92.0,0.89,1.68,Jamuna_Jamalpur
2015-06-28,12.72,30.75,25.47,3.04,89.52,0.89,2.03,Jamuna_Jamalpur
2015-06-29,5.58,31.5,25.68,2.54,87.04,0.89,3.36,Jamuna_Jamalpur
2015-06-30,7.75,32.3,25.63,2.87,85.44,0.88,3.8,Jamuna_Jamalpur
2015-07-01,0.26,32.43,26.22,2.69,86.06,0.87,4.25,Jamuna_Jamalpur
2015-07-02,2.36,32.65,26.48,2.43,85.97,0.85,4.23,Jamuna_Jamalpur
2015-07-03,1.84,32.46,26.71,2.37,87.69,0.85,2.8,Jamuna_Jamalpur
2015-07-04,0.85,32.89,26.9,2.72,86.27,0.84,3.56,Jamuna_Jamalpur
2015-07-05,3.88,30.04,27.29,2.7,92.15,0.83,1.14,Jamuna_Jamalpur
2015-07-06,12.91,31.33,27.03,0.99,89.19,0.83,0.86,Jamuna_Jamalpur
2015-07-07,20.5,31.76,26.68,1.28,87.44,0.86,1.87,Jamuna_Jamalpur
2015-07-08,10.8,32.14,27.21,0.79,83.63,0.86,1.7,Jamuna_Jamalpur
2015-07-09,16.17,29.66,26.5,4.07,92.51,0.87,1.05,Jamuna_Jamalpur
2015-07-10,9.17,31.51,25.64,3.43,88.22,0.87,2.23,Jamuna_Jamalpur
2015-07-11,2.6,32.07,25.75,2.81,87.42,0.87,3.59,Jamuna_Jamalpur
2015-07-12,1.26,32.72,26.34,2.17,86.11,0.86,4.08,Jamuna_Jamalpur
2015-07-13,1.29,33.04,26.75,2.14,85.15,0.85,4.25,Jamuna_Jamalpur
2015-07-14,13.87,32.19,27.38,2.35,90.05,0.84,1.82,Jamuna_Jamalpur
2015-07-15,51.1,29.85,27.6,3.06,93.93,0.88,0.63,Jamuna_Jamalpur
2015-07-16,24.37,29.46,26.68,1.32,91.36,0.91,0.86,Jamuna_Jamalpur
2015-07-17,4.23,31.15,25.94,2.2,87.24,0.91,2.18,Jamuna_Jamalpur
2015-07-18,6.99,31.25,25.45,1.93,88.2,0.9,1.98,Jamuna_Jamalpur
2015-07-19,17.03,31.26,25.61,2.87,88.91,0.91,2.65,Jamuna_Jamalpur
2015-07-20,31.07,28.91,25.92,2.48,91.5,0.92,0.97,Jamuna_Jamalpur
2015-07-21,13.02,30.95,25.62,2.16,90.05,0.92,1.85,Jamuna_Jamalpur
2015-07-22,20.43,29.79,26.38,2.3,91.93,0.93,1.02,Jamuna_Jamalpur
2015-07-23,10.53,30.6,25.87,2.47,91.3,0.93,1.49,Jamuna_Jamalpur
2015-07-24,20.95,29.73,26.07,2.08,92.63,0.94,0.91,Jamuna_Jamalpur
2015-07-25,5.1,30.57,25.59,2.15,89.23,0.94,1.97,Jamuna_Jamalpur
2015-07-26,0.87,30.49,24.52,3.41,90.29,0.93,2.03,Jamuna_Jamalpur
2015-07-27,1.55,31.17,25.37,1.49,86.68,0.92,1.85,Jamuna_Jamalpur
2015-07-28,0.38,32.72,26.03,1.27,84.54,0.92,2.42,Jamuna_Jamalpur
2015-07-29,0.23,30.82,26.35,1.26,87.52,0.91,1.5,Jamuna_Jamalpur
2015-07-30,13.58,31.88,26.47,1.96,83.88,0.91,2.43,Jamuna_Jamalpur
2015-07-31,38.89,29.1,26.19,5.4,90.82,0.93,0.84,Jamuna_Jamalpur
2015-08-01,49.5,28.5,25.47,4.25,93.75,0.96,0.54,Jamuna_Jamalpur
2015-08-02,3.54,30.23,24.68,3.7,90.29,0.96,1.94,Jamuna_Jamalpur
2015-08-03,5.06,30.59,24.55,2.49,88.77,0.95,2.44,Jamuna_Jamalpur
2015-08-04,5.33,31.03,25.75,2.06,87.81,0.95,1.91,Jamuna_Jamalpur
2015-08-05,3.32,31.4,25.91,2.19,87.03,0.94,2.62,Jamuna_Jamalpur
2015-08-06,2.22,31.0,26.01,1.91,87.78,0.93,1.79,Jamuna_Jamalpur
2015-08-07,2.29,31.27,26.46,1.51,88.21,0.93,2.02,Jamuna_Jamalpur
2015-08-08,7.51,30.71,26.17,0.8,84.69,0.93,1.62,Jamuna_Jamalpur
2015-08-09,11.6,31.88,26.52,1.98,88.12,0.93,2.71,Jamuna_Jamalpur
2015-08-10,7.02,29.88,26.72,1.91,90.17,0.93,1.04,Jamuna_Jamalpur
2015-08-11,5.15,32.81,26.45,1.41,83.61,0.93,3.59,Jamuna_Jamalpur
2015-08-12,1.65,31.82,26.36,1.87,88.74,0.92,2.55,Jamuna_Jamalpur
2015-08-13,2.16,32.39,26.09,2.05,87.57,0.91,3.88,Jamuna_Jamalpur
2015-08-14,3.64,31.98,26.64,2.46,88.93,0.91,3.0,Jamuna_Jamalpur
2015-08-15,9.31,30.77,27.22,2.79,90.88,0.9,1.62,Jamuna_Jamalpur
2015-08-16,11.54,31.63,26.59,3.18,90.44,0.91,2.47,Jamuna_Jamalpur
2015-08-17,7.74,32.28,26.25,3.37,89.35,0.91,3.23,Jamuna_Jamalpur
2015-08-18,12.44,30.49,26.38,3.5,92.38,0.91,1.35,Jamuna_Jamalpur
2015-08-19,17.48,30.68,27.03,3.14,92.19,0.91,1.24,Jamuna_Jamalpur
2015-08-20,27.27,30.22,26.94,2.37,93.83,0.92,0.84,Jamuna_Jamalpur
2015-08-21,32.53,30.32,26.83,1.5,90.29,0.95,1.09,Jamuna_Jamalpur
2015-08-22,9.0,31.1,25.74,1.19,85.05,0.95,2.34,Jamuna_Jamalpur
2015-08-23,5.8,31.1,25.61,2.01,88.17,0.94,2.86,Jamuna_Jamalpur
2015-08-24,1.57,31.57,25.88,1.84,87.68,0.93,3.07,Jamuna_Jamalpur
2015-08-25,0.86,31.06,26.5,1.85,90.42,0.93,1.94,Jamuna_Jamalpur
2015-08-26,2.08,30.81,26.02,1.92,90.1,0.92,2.18,Jamuna_Jamalpur
2015-08-27,5.15,31.1,25.91,2.11,90.26,0.92,2.43,Jamuna_Jamalpur
2015-08-28,8.19,30.91,25.86,3.05,90.56,0.92,2.79,Jamuna_Jamalpur
2015-08-29,21.48,31.18,26.03,2.97,91.03,0.92,2.03,Jamuna_Jamalpur
2015-08-30,43.02,29.96,26.67,2.67,93.12,0.94,0.96,Jamuna_Jamalpur
2015-08-31,34.68,29.98,26.73,2.5,93.89,0.97,0.78,Jamuna_Jamalpur
2015-09-01,14.75,29.03,26.18,2.5,95.11,0.96,0.33,Jamuna_Jamalpur
2015-09-02,7.96,29.77,25.57,2.0,91.92,0.96,1.33,Jamuna_Jamalpur
2015-09-03,6.79,28.97,25.68,1.24,90.51,0.96,0.8,Jamuna_Jamalpur
2015-09-04,19.47,29.19,25.33,1.6,90.74,0.97,0.86,Jamuna_Jamalpur
2015-09-05,14.45,29.8,25.54,1.5,90.7,0.97,1.27,Jamuna_Jamalpur
2015-09-06,8.63,31.73,25.21,1.78,88.73,0.97,2.55,Jamuna_Jamalpur
2015-09-07,1.79,32.21,25.33,2.02,87.7,0.96,2.94,Jamuna_Jamalpur
2015-09-08,17.69,31.47,25.49,1.82,88.26,0.96,2.44,Jamuna_Jamalpur
2015-09-09,0.63,32.6,25.29,1.16,82.97,0.96,3.98,Jamuna_Jamalpur
2015-09-10,1.72,31.97,26.49,0.98,83.15,0.95,2.09,Jamuna_Jamalpur
2015-09-11,16.13,30.68,26.13,1.19,88.72,0.95,1.49,Jamuna_Jamalpur
2015-09-12,4.94,32.42,25.64,1.1,84.04,0.95,4.4,Jamuna_Jamalpur
2015-09-13,0.89,31.63,25.97,1.19,85.93,0.94,2.8,Jamuna_Jamalpur
2015-09-14,3.07,31.03,25.67,1.59,90.47,0.94,2.11,Jamuna_Jamalpur
2015-09-15,7.01,29.88,25.93,1.21,89.76,0.94,1.22,Jamuna_Jamalpur
2015-09-16,3.96,31.04,25.54,1.49,88.97,0.94,2.63,Jamuna_Jamalpur
2015-09-17,0.0,32.93,26.3,0.83,81.84,0.93,4.86,Jamuna_Jamalpur
2015-09-18,0.51,34.72,27.92,0.51,77.16,0.92,4.69,Jamuna_Jamalpur
2015-09-19,6.28,30.39,25.66,1.98,91.96,0.92,0.76,Jamuna_Jamalpur
2015-09-20,47.01,28.15,25.3,3.53,94.46,0.94,0.9,Jamuna_Jamalpur
2015-09-21,37.73,30.0,25.57,3.61,93.39,0.97,1.15,Jamuna_Jamalpur
2015-09-22,16.79,30.19,26.09,2.37,92.52,0.97,1.03,Jamuna_Jamalpur
2015-09-23,22.17,30.25,26.11,1.93,91.47,0.97,1.74,Jamuna_Jamalpur
2015-09-24,2.63,28.95,25.71,2.58,93.81,0.97,1.01,Jamuna_Jamalpur
2015-09-25,0.03,31.48,25.12,2.05,87.12,0.96,3.69,Jamuna_Jamalpur
2015-09-26,0.0,31.8,23.78,1.15,76.93,0.96,4.83,Jamuna_Jamalpur
2015-09-27,0.0,31.84,23.46,0.96,75.7,0.95,5.79,Jamuna_Jamalpur
2015-09-28,0.0,31.68,25.63,0.91,77.19,0.94,5.36,Jamuna_Jamalpur
2015-09-29,0.0,32.52,25.49,1.0,79.37,0.93,5.51,Jamuna_Jamalpur
2015-09-30,0.0,32.62,25.27,1.35,84.07,0.92,4.97,Jamuna_Jamalpur
2015-10-01,0.07,32.36,25.81,1.14,82.88,0.92,4.57,Jamuna_Jamalpur
2015-10-02,1.23,31.55,26.63,1.2,83.4,0.91,2.94,Jamuna_Jamalpur
2015-10-03,0.62,32.63,25.57,1.08,78.11,0.9,5.64,Jamuna_Jamalpur
2015-10-04,0.01,33.15,24.96,0.88,73.41,0.9,6.96,Jamuna_Jamalpur
2015-10-05,3.22,32.54,23.49,0.92,79.79,0.89,5.85,Jamuna_Jamalpur
2015-10-06,6.25,32.84,26.45,0.76,76.56,0.89,4.2,Jamuna_Jamalpur
2015-10-07,4.53,30.26,25.63,1.2,86.7,0.89,2.46,Jamuna_Jamalpur
2015-10-08,3.63,30.31,25.42,1.57,88.18,0.89,4.1,Jamuna_Jamalpur
2015-10-09,0.86,31.67,24.94,1.53,84.41,0.88,5.17,Jamuna_Jamalpur
2015-10-10,1.23,31.79,23.32,1.42,83.0,0.87,5.16,Jamuna_Jamalpur
2015-10-11,4.61,30.32,23.51,1.5,83.63,0.86,4.37,Jamuna_Jamalpur
2015-10-12,2.81,29.03,21.79,1.77,86.02,0.86,3.84,Jamuna_Jamalpur
2015-10-13,3.76,28.28,22.34,1.56,87.91,0.85,3.41,Jamuna_Jamalpur
2015-10-14,5.44,28.2,21.97,1.82,89.14,0.85,2.45,Jamuna_Jamalpur
2015-10-15,2.97,27.91,23.16,1.31,87.03,0.85,2.3,Jamuna_Jamalpur
2015-10-16,3.16,29.44,22.19,1.05,83.01,0.85,4.4,Jamuna_Jamalpur
2015-10-17,0.26,30.31,23.32,0.71,76.91,0.84,6.19,Jamuna_Jamalpur
2015-10-18,0.0,30.5,24.12,0.93,76.3,0.83,5.87,Jamuna_Jamalpur
2015-10-19,0.0,30.43,23.68,0.94,77.63,0.82,5.7,Jamuna_Jamalpur
2015-10-20,0.0,30.75,24.2,0.86,75.47,0.81,5.95,Jamuna_Jamalpur
2015-10-21,0.0,30.29,23.23,0.86,76.18,0.8,5.59,Jamuna_Jamalpur
2015-10-22,4.28,30.17,22.89,1.15,79.97,0.8,4.28,Jamuna_Jamalpur
2015-10-23,1.31,30.13,22.77,1.28,79.05,0.8,4.28,Jamuna_Jamalpur
2015-10-24,0.0,29.61,21.02,0.73,69.95,0.79,5.34,Jamuna_Jamalpur
2015-10-25,0.0,29.83,20.64,0.79,75.67,0.78,5.54,Jamuna_Jamalpur
2015-10-26,0.0,29.76,21.91,0.64,74.64,0.77,5.92,Jamuna_Jamalpur
2015-10-27,0.0,29.32,21.1,0.81,75.77,0.76,4.93,Jamuna_Jamalpur
2015-10-28,0.0,29.39,21.6,0.86,76.16,0.76,5.33,Jamuna_Jamalpur
2015-10-29,0.0,29.76,22.65,0.64,73.02,0.75,5.79,Jamuna_Jamalpur
2015-10-30,0.0,28.7,21.32,0.8,75.37,0.74,4.31,Jamuna_Jamalpur
2015-10-31,0.1,28.04,21.75,1.39,81.32,0.73,3.78,Jamuna_Jamalpur
2015-11-01,0.11,28.4,21.8,1.23,85.13,0.73,4.15,Jamuna_Jamalpur
2015-11-02,0.17,27.93,20.26,0.84,82.49,0.72,4.1,Jamuna_Jamalpur
2015-11-03,0.07,28.77,20.93,0.81,77.02,0.71,4.75,Jamuna_Jamalpur
2015-11-04,0.04,28.92,20.6,1.27,77.16,0.71,4.18,Jamuna_Jamalpur
2015-11-05,1.14,28.69,20.54,1.05,75.95,0.7,3.44,Jamuna_Jamalpur
2015-11-06,0.09,29.46,20.44,0.79,71.21,0.7,3.96,Jamuna_Jamalpur
2015-11-07,0.0,29.44,21.08,0.82,67.58,0.69,3.91,Jamuna_Jamalpur
2015-11-08,0.0,29.34,18.7,1.28,74.23,0.68,4.04,Jamuna_Jamalpur
2015-11-09,0.0,28.9,18.49,0.68,76.57,0.68,3.97,Jamuna_Jamalpur
2015-11-10,0.0,29.01,19.58,0.81,73.61,0.67,3.79,Jamuna_Jamalpur
2015-11-11,0.0,28.95,20.17,0.57,72.57,0.66,3.84,Jamuna_Jamalpur
2015-11-12,0.0,28.6,19.4,0.72,73.03,0.66,3.53,Jamuna_Jamalpur
2015-11-13,0.0,28.56,19.35,0.9,71.0,0.65,3.54,Jamuna_Jamalpur
2015-11-14,0.0,28.3,20.58,0.82,68.67,0.65,3.52,Jamuna_Jamalpur
2015-11-15,0.0,28.23,18.78,1.0,70.95,0.64,3.12,Jamuna_Jamalpur
2015-11-16,0.0,28.05,18.42,1.17,71.42,0.64,2.82,Jamuna_Jamalpur
2015-11-17,0.0,28.76,19.41,1.18,71.27,0.63,2.55,Jamuna_Jamalpur
2015-11-18,0.0,28.23,18.45,1.33,78.0,0.63,2.14,Jamuna_Jamalpur
2015-11-19,0.0,28.83,18.04,1.0,74.47,0.62,2.79,Jamuna_Jamalpur
2015-11-20,0.0,28.8,17.87,0.96,75.44,0.62,2.91,Jamuna_Jamalpur
2015-11-21,0.0,29.32,18.76,0.65,70.46,0.61,3.12,Jamuna_Jamalpur
2015-11-22,0.0,29.13,19.51,0.44,70.38,0.6,3.12,Jamuna_Jamalpur
2015-11-23,0.0,28.88,18.21,0.68,73.65,0.6,2.88,Jamuna_Jamalpur
2015-11-24,0.0,28.24,18.28,0.7,70.93,0.59,2.81,Jamuna_Jamalpur
2015-11-25,0.0,27.69,18.66,0.78,72.07,0.59,2.44,Jamuna_Jamalpur
2015-11-26,0.0,27.96,17.28,0.85,72.16,0.59,2.55,Jamuna_Jamalpur
2015-11-27,0.0,27.6,18.79,0.98,70.58,0.58,2.33,Jamuna_Jamalpur
2015-11-28,0.0,27.68,17.13,0.85,70.63,0.58,2.17,Jamuna_Jamalpur
2015-11-29,0.0,29.05,18.26,1.01,74.11,0.57,2.29,Jamuna_Jamalpur
2015-11-30,0.0,28.61,18.42,0.99,76.01,0.57,2.21,Jamuna_Jamalpur
2015-12-01,0.0,28.67,18.82,0.74,70.92,0.56,1.98,Jamuna_Jamalpur
2015-12-02,0.0,27.68,17.48,1.08,73.33,0.56,1.66,Jamuna_Jamalpur
2015-12-03,0.8,26.74,17.6,1.27,77.43,0.56,1.11,Jamuna_Jamalpur
2015-12-04,0.04,26.96,17.24,0.93,73.87,0.55,1.58,Jamuna_Jamalpur
2015-12-05,0.0,26.97,16.98,0.95,68.58,0.55,1.4,Jamuna_Jamalpur
2015-12-06,0.0,27.68,16.61,0.85,70.15,0.55,1.53,Jamuna_Jamalpur
2015-12-07,0.01,26.61,17.22,0.81,73.87,0.54,1.37,Jamuna_Jamalpur
2015-12-08,0.05,26.97,16.92,0.66,69.9,0.54,1.48,Jamuna_Jamalpur
2015-12-09,0.0,27.12,17.9,0.87,66.9,0.54,1.45,Jamuna_Jamalpur
2015-12-10,0.0,26.38,16.3,1.2,65.89,0.53,1.14,Jamuna_Jamalpur
2015-12-11,0.0,27.11,15.38,1.28,61.35,0.53,1.09,Jamuna_Jamalpur
2015-12-12,0.06,26.87,14.42,1.62,71.89,0.53,0.91,Jamuna_Jamalpur
2015-12-13,0.48,27.13,16.09,1.14,74.51,0.53,0.92,Jamuna_Jamalpur
2015-12-14,0.0,25.32,15.27,1.45,60.62,0.52,0.93,Jamuna_Jamalpur
2015-12-15,0.0,23.71,12.99,1.61,56.69,0.52,0.82,Jamuna_Jamalpur
2015-12-16,0.0,23.71,11.66,1.14,50.78,0.52,0.84,Jamuna_Jamalpur
2015-12-17,0.0,23.73,12.86,0.76,53.91,0.51,0.77,Jamuna_Jamalpur
2015-12-18,0.1,21.22,11.89,1.23,69.42,0.51,0.61,Jamuna_Jamalpur
2015-12-19,0.01,23.0,9.85,1.13,59.52,0.51,0.67,Jamuna_Jamalpur
2015-12-20,0.0,23.52,11.27,1.07,52.62,0.51,0.67,Jamuna_Jamalpur
2015-12-21,0.0,23.01,10.03,0.87,52.72,0.5,0.65,Jamuna_Jamalpur
2015-12-22,0.0,23.85,11.38,0.94,51.3,0.5,0.74,Jamuna_Jamalpur
2015-12-23,0.0,24.14,11.12,0.83,56.13,0.5,0.74,Jamuna_Jamalpur
2015-12-24,0.0,24.5,12.05,0.97,58.56,0.5,0.68,Jamuna_Jamalpur
2015-12-25,0.0,24.57,11.71,1.73,64.14,0.49,0.61,Jamuna_Jamalpur
2015-12-26,0.0,24.48,10.34,1.26,56.88,0.49,0.67,Jamuna_Jamalpur
2015-12-27,0.0,24.75,11.13,1.04,65.61,0.49,0.65,Jamuna_Jamalpur
2015-12-28,0.0,25.09,12.8,1.03,60.12,0.49,0.6,Jamuna_Jamalpur
2015-12-29,0.0,25.61,12.2,1.05,55.1,0.48,0.56,Jamuna_Jamalpur
2015-12-30,0.0,25.57,13.28,1.03,59.85,0.48,0.55,Jamuna_Jamalpur
2015-12-31,0.0,26.66,14.45,1.14,63.14,0.48,0.61,Jamuna_Jamalpur
2016-01-01,0.0,26.6,13.65,1.16,63.61,0.48,0.59,Jamuna_Jamalpur
2016-01-02,0.0,26.99,14.72,1.1,62.4,0.48,0.62,Jamuna_Jamalpur
2016-01-03,0.0,26.22,13.86,1.21,57.25,0.47,0.51,Jamuna_Jamalpur
2016-01-04,0.0,26.29,13.63,0.99,50.63,0.47,0.55,Jamuna_Jamalpur
2016-01-05,0.0,25.74,14.24,0.85,47.09,0.47,0.49,Jamuna_Jamalpur
2016-01-06,0.0,25.91,14.4,1.03,52.18,0.47,0.51,Jamuna_Jamalpur
2016-01-07,0.0,27.18,13.88,1.15,50.79,0.46,0.47,Jamuna_Jamalpur
2016-01-08,0.0,25.94,13.2,1.37,57.28,0.46,0.33,Jamuna_Jamalpur
2016-01-09,0.0,26.45,12.95,2.0,63.53,0.46,0.36,Jamuna_Jamalpur
2016-01-10,0.0,25.68,13.94,0.86,51.98,0.46,0.38,Jamuna_Jamalpur
2016-01-11,0.0,24.91,12.08,1.28,52.72,0.46,0.36,Jamuna_Jamalpur
2016-01-12,0.0,24.61,12.28,1.25,52.13,0.45,0.32,Jamuna_Jamalpur
2016-01-13,0.0,24.7,13.39,0.96,55.52,0.45,0.32,Jamuna_Jamalpur
2016-01-14,0.0,25.66,13.81,1.39,53.71,0.45,0.31,Jamuna_Jamalpur
2016-01-15,0.0,25.45,13.27,1.43,55.64,0.45,0.29,Jamuna_Jamalpur
2016-01-16,0.0,26.34,13.82,1.37,54.09,0.45,0.29,Jamuna_Jamalpur
2016-01-17,0.0,26.14,13.51,1.11,49.46,0.45,0.31,Jamuna_Jamalpur
2016-01-18,0.0,25.76,12.35,0.97,49.21,0.44,0.28,Jamuna_Jamalpur
2016-01-19,0.35,26.7,14.06,1.16,49.58,0.44,0.28,Jamuna_Jamalpur
2016-01-20,103.39,19.63,13.89,1.5,81.36,0.5,0.16,Jamuna_Jamalpur
2016-01-21,0.29,22.01,12.68,1.24,79.74,0.52,0.44,Jamuna_Jamalpur
2016-01-22,0.0,22.86,9.76,1.79,63.23,0.52,0.78,Jamuna_Jamalpur
2016-01-23,0.0,22.31,8.84,1.65,53.4,0.51,0.67,Jamuna_Jamalpur
2016-01-24,0.0,22.17,8.83,1.2,49.58,0.51,0.6,Jamuna_Jamalpur
2016-01-25,0.0,22.84,9.54,1.35,49.02,0.5,0.64,Jamuna_Jamalpur
2016-01-26,0.0,22.3,9.82,1.07,49.55,0.5,0.47,Jamuna_Jamalpur
2016-01-27,0.04,22.7,9.14,1.26,51.49,0.5,0.54,Jamuna_Jamalpur
2016-01-28,0.02,24.46,10.09,1.42,57.71,0.49,0.52,Jamuna_Jamalpur
2016-01-29,0.0,25.01,11.76,1.32,56.73,0.49,0.51,Jamuna_Jamalpur
2016-01-30,0.0,25.45,13.98,1.05,48.27,0.49,0.5,Jamuna_Jamalpur
2016-01-31,0.0,26.25,12.76,1.53,57.89,0.49,0.48,Jamuna_Jamalpur
2016-02-01,0.0,27.24,13.29,1.64,63.69,0.49,0.6,Jamuna_Jamalpur
2016-02-02,0.0,27.93,13.57,1.73,61.59,0.48,0.63,Jamuna_Jamalpur
2016-02-03,0.0,27.56,15.56,1.41,51.2,0.48,0.63,Jamuna_Jamalpur
2016-02-04,0.0,27.1,14.12,1.18,43.99,0.48,0.65,Jamuna_Jamalpur
2016-02-05,0.0,25.94,14.0,1.1,37.31,0.47,0.57,Jamuna_Jamalpur
2016-02-06,0.0,27.24,12.93,0.95,39.32,0.47,0.53,Jamuna_Jamalpur
2016-02-07,0.0,25.52,14.66,0.85,43.58,0.47,0.32,Jamuna_Jamalpur
2016-02-08,0.26,28.05,13.36,1.45,50.12,0.47,0.49,Jamuna_Jamalpur
2016-02-09,0.28,27.39,15.79,1.82,64.66,0.46,0.51,Jamuna_Jamalpur
2016-02-10,0.06,27.47,15.62,1.54,58.9,0.46,0.51,Jamuna_Jamalpur
2016-02-11,0.03,29.21,14.73,1.72,48.92,0.46,0.53,Jamuna_Jamalpur
2016-02-12,2.07,29.5,16.98,1.45,49.08,0.46,0.52,Jamuna_Jamalpur
2016-02-13,0.0,29.33,14.35,1.17,44.39,0.46,0.59,Jamuna_Jamalpur
2016-02-14,0.0,29.89,14.3,1.41,47.64,0.45,0.53,Jamuna_Jamalpur
2016-02-15,0.0,30.99,17.03,1.38,50.64,0.45,0.58,Jamuna_Jamalpur
2016-02-16,0.0,32.48,18.48,1.36,44.49,0.45,0.62,Jamuna_Jamalpur
2016-02-17,0.0,32.05,18.07,1.45,47.9,0.44,0.56,Jamuna_Jamalpur
2016-02-18,0.0,32.59,19.07,1.84,50.57,0.44,0.56,Jamuna_Jamalpur
2016-02-19,0.0,32.98,17.8,1.47,52.25,0.44,0.53,Jamuna_Jamalpur
2016-02-20,0.0,34.14,19.07,1.84,51.04,0.43,0.5,Jamuna_Jamalpur
2016-02-21,0.0,34.78,19.59,3.56,46.3,0.43,0.56,Jamuna_Jamalpur
2016-02-22,0.0,32.48,18.43,2.62,42.2,0.43,0.52,Jamuna_Jamalpur
2016-02-23,0.0,32.82,16.92,2.01,40.03,0.42,0.47,Jamuna_Jamalpur
2016-02-24,4.78,31.89,17.4,1.3,30.84,0.42,0.45,Jamuna_Jamalpur
2016-02-25,1.27,31.12,18.29,1.39,51.69,0.43,0.46,Jamuna_Jamalpur
2016-02-26,0.0,31.42,16.4,1.3,60.57,0.43,0.36,Jamuna_Jamalpur
2016-02-27,0.01,31.27,19.56,1.33,57.98,0.42,0.36,Jamuna_Jamalpur
2016-02-28,0.0,33.29,20.05,0.63,48.24,0.42,0.5,Jamuna_Jamalpur
2016-02-29,0.03,33.19,21.2,0.79,44.99,0.42,0.42,Jamuna_Jamalpur
2016-03-01,0.0,33.5,20.23,1.37,45.41,0.41,0.41,Jamuna_Jamalpur
2016-03-02,0.0,33.77,20.09,1.64,50.37,0.41,0.39,Jamuna_Jamalpur
2016-03-03,0.0,34.23,20.71,1.44,47.87,0.41,0.37,Jamuna_Jamalpur
2016-03-04,0.01,34.77,17.93,1.36,38.67,0.4,0.34,Jamuna_Jamalpur
2016-03-05,0.01,34.86,19.05,1.53,40.27,0.4,0.33,Jamuna_Jamalpur
2016-03-06,0.0,36.27,20.3,1.68,42.48,0.4,0.32,Jamuna_Jamalpur
2016-03-07,1.83,34.23,20.98,1.76,40.13,0.4,0.3,Jamuna_Jamalpur
2016-03-08,0.0,35.06,19.68,2.21,46.89,0.4,0.29,Jamuna_Jamalpur
2016-03-09,0.0,35.92,20.97,2.7,48.89,0.39,0.29,Jamuna_Jamalpur
2016-03-10,0.0,36.25,21.23,2.38,43.04,0.39,0.26,Jamuna_Jamalpur
2016-03-11,0.0,36.56,21.6,2.01,41.11,0.39,0.25,Jamuna_Jamalpur
2016-03-12,0.0,36.08,21.85,1.91,42.13,0.38,0.19,Jamuna_Jamalpur
2016-03-13,1.05,37.38,19.81,2.66,43.01,0.38,0.21,Jamuna_Jamalpur
2016-03-14,0.0,35.35,20.81,2.65,43.52,0.38,0.17,Jamuna_Jamalpur
2016-03-15,0.0,34.34,21.2,1.99,47.65,0.38,0.15,Jamuna_Jamalpur
2016-03-16,0.16,34.96,21.87,2.4,41.46,0.37,0.16,Jamuna_Jamalpur
2016-03-17,0.01,33.62,18.46,1.6,32.84,0.37,0.13,Jamuna_Jamalpur
2016-03-18,0.0,34.48,19.35,1.35,29.39,0.37,0.13,Jamuna_Jamalpur
2016-03-19,2.47,35.47,19.52,2.35,48.77,0.37,0.11,Jamuna_Jamalpur
2016-03-20,2.91,35.28,22.46,1.79,59.53,0.37,0.13,Jamuna_Jamalpur
2016-03-21,3.08,36.89,22.81,2.38,53.5,0.37,0.16,Jamuna_Jamalpur
2016-03-22,0.13,37.29,21.16,2.23,36.93,0.37,0.15,Jamuna_Jamalpur
2016-03-23,0.0,36.54,19.16,1.51,35.58,0.37,0.13,Jamuna_Jamalpur
2016-03-24,0.0,35.88,17.81,1.13,33.66,0.36,0.1,Jamuna_Jamalpur
2016-03-25,0.0,36.87,20.78,1.14,32.37,0.36,0.1,Jamuna_Jamalpur
2016-03-26,0.0,36.98,21.5,1.46,40.13,0.36,0.07,Jamuna_Jamalpur
2016-03-27,3.89,36.56,24.83,2.43,53.9,0.36,0.07,Jamuna_Jamalpur
2016-03-28,25.68,31.56,23.57,2.58,77.34,0.39,0.16,Jamuna_Jamalpur
2016-03-29,2.55,34.94,21.82,2.32,65.61,0.41,0.41,Jamuna_Jamalpur
2016-03-30,3.1,34.52,23.19,2.1,65.1,0.41,0.43,Jamuna_Jamalpur
2016-03-31,21.76,29.82,23.29,2.33,77.62,0.42,0.25,Jamuna_Jamalpur
2016-04-01,21.28,26.46,21.17,2.31,82.65,0.47,0.25,Jamuna_Jamalpur
2016-04-02,0.13,33.43,19.34,1.59,66.75,0.47,1.4,Jamuna_Jamalpur
2016-04-03,7.35,33.75,22.69,2.0,71.06,0.47,1.25,Jamuna_Jamalpur
2016-04-04,10.38,32.67,24.0,2.04,76.23,0.49,1.23,Jamuna_Jamalpur
2016-04-05,4.72,36.44,24.46,3.11,68.53,0.48,1.75,Jamuna_Jamalpur
2016-04-06,4.02,37.36,24.12,2.74,66.21,0.49,1.76,Jamuna_Jamalpur
2016-04-07,0.36,38.33,24.37,3.02,62.53,0.48,1.89,Jamuna_Jamalpur
2016-04-08,3.12,38.93,25.09,2.87,57.72,0.48,1.91,Jamuna_Jamalpur
2016-04-09,0.77,39.49,23.83,2.66,55.4,0.47,1.79,Jamuna_Jamalpur
2016-04-10,0.01,40.87,22.19,2.1,42.35,0.46,1.69,Jamuna_Jamalpur
2016-04-11,0.01,40.15,23.32,2.83,53.25,0.46,1.5,Jamuna_Jamalpur
2016-04-12,0.97,40.46,23.07,2.55,50.77,0.45,1.37,Jamuna_Jamalpur
2016-04-13,1.17,39.8,22.45,3.01,36.41,0.45,1.38,Jamuna_Jamalpur
2016-04-14,9.36,37.97,21.03,1.86,53.06,0.46,1.34,Jamuna_Jamalpur
2016-04-15,7.56,36.66,24.25,2.7,67.45,0.46,1.34,Jamuna_Jamalpur
2016-04-16,13.59,37.74,25.75,2.88,67.77,0.47,1.45,Jamuna_Jamalpur
2016-04-17,8.83,34.6,25.03,2.9,75.04,0.49,1.53,Jamuna_Jamalpur
2016-04-18,9.47,34.69,25.5,2.14,75.39,0.49,1.21,Jamuna_Jamalpur
2016-04-19,3.51,38.6,25.35,2.61,65.29,0.49,2.14,Jamuna_Jamalpur
2016-04-20,2.08,37.31,25.15,3.35,66.93,0.49,1.83,Jamuna_Jamalpur
2016-04-21,4.17,39.15,25.16,3.77,62.41,0.49,2.04,Jamuna_Jamalpur
2016-04-22,1.94,39.1,25.51,3.36,61.51,0.48,1.96,Jamuna_Jamalpur
2016-04-23,1.24,39.91,25.51,3.34,62.04,0.48,1.96,Jamuna_Jamalpur
2016-04-24,0.94,41.14,26.26,2.88,51.8,0.47,1.88,Jamuna_Jamalpur
2016-04-25,1.94,39.76,23.43,2.97,54.73,0.47,1.72,Jamuna_Jamalpur
2016-04-26,0.52,38.92,25.48,2.78,60.06,0.46,1.54,Jamuna_Jamalpur
2016-04-27,1.16,38.41,25.72,2.7,61.26,0.46,1.39,Jamuna_Jamalpur
2016-04-28,8.31,38.76,25.48,3.31,63.15,0.46,1.45,Jamuna_Jamalpur
2016-04-29,4.37,38.48,25.58,3.17,63.37,0.46,1.56,Jamuna_Jamalpur
2016-04-30,0.41,39.22,25.72,2.95,60.06,0.46,1.5,Jamuna_Jamalpur
2016-05-01,4.64,37.62,25.25,2.89,61.82,0.46,1.34,Jamuna_Jamalpur
2016-05-02,2.48,33.44,24.91,3.22,72.59,0.46,0.82,Jamuna_Jamalpur
2016-05-03,1.3,34.77,22.77,2.14,65.9,0.46,1.13,Jamuna_Jamalpur
2016-05-04,19.79,30.55,24.41,1.99,78.7,0.48,0.63,Jamuna_Jamalpur
2016-05-05,8.64,33.66,24.5,1.52,68.5,0.49,1.65,Jamuna_Jamalpur
2016-05-06,10.16,35.08,24.02,2.11,65.98,0.5,2.11,Jamuna_Jamalpur
2016-05-07,19.39,33.01,24.14,2.19,75.1,0.51,1.96,Jamuna_Jamalpur
2016-05-08,17.07,33.52,23.73,1.45,72.78,0.54,3.08,Jamuna_Jamalpur
2016-05-09,7.68,34.19,24.4,1.44,68.47,0.54,3.1,Jamuna_Jamalpur
2016-05-10,2.1,35.61,25.34,1.47,67.37,0.54,3.11,Jamuna_Jamalpur
2016-05-11,6.34,35.74,26.08,0.98,65.19,0.54,3.25,Jamuna_Jamalpur
2016-05-12,7.31,35.25,25.87,1.51,66.48,0.54,3.19,Jamuna_Jamalpur
2016-05-13,23.61,32.48,25.51,2.63,80.15,0.56,2.41,Jamuna_Jamalpur
2016-05-14,21.79,33.72,25.23,2.59,79.75,0.58,3.49,Jamuna_Jamalpur
2016-05-15,15.79,33.56,25.91,3.09,82.66,0.6,3.61,Jamuna_Jamalpur
2016-05-16,14.1,35.42,26.24,3.19,77.69,0.6,4.54,Jamuna_Jamalpur
2016-05-17,20.67,35.32,25.99,3.17,78.88,0.62,4.35,Jamuna_Jamalpur
2016-05-18,16.82,33.81,26.35,3.27,80.03,0.63,4.81,Jamuna_Jamalpur
2016-05-19,50.73,30.9,25.74,2.78,87.28,0.68,3.15,Jamuna_Jamalpur
2016-05-20,3.45,30.57,24.73,2.59,87.43,0.7,4.04,Jamuna_Jamalpur
2016-05-21,16.98,31.31,24.46,2.58,87.57,0.7,2.23,Jamuna_Jamalpur
2016-05-22,2.21,33.46,25.77,1.26,77.74,0.7,6.59,Jamuna_Jamalpur
2016-05-23,0.65,33.25,25.13,1.78,80.98,0.68,5.47,Jamuna_Jamalpur
2016-05-24,6.48,33.85,27.14,1.35,81.42,0.68,4.25,Jamuna_Jamalpur
2016-05-25,8.63,35.01,26.95,1.87,73.42,0.68,5.89,Jamuna_Jamalpur
2016-05-26,15.06,33.79,25.77,1.77,79.43,0.68,5.43,Jamuna_Jamalpur
2016-05-27,22.81,32.4,26.09,1.69,82.74,0.7,4.22,Jamuna_Jamalpur
2016-05-28,37.6,32.05,25.75,1.61,84.3,0.73,3.84,Jamuna_Jamalpur
2016-05-29,11.77,33.2,25.84,0.82,79.11,0.75,5.63,Jamuna_Jamalpur
2016-05-30,2.45,33.56,26.21,1.17,73.78,0.74,6.23,Jamuna_Jamalpur
2016-05-31,13.47,33.6,26.05,0.95,77.41,0.74,5.64,Jamuna_Jamalpur
2016-06-01,7.37,32.83,26.11,1.57,79.69,0.74,5.53,Jamuna_Jamalpur
2016-06-02,1.59,33.18,25.47,1.77,80.9,0.73,6.01,Jamuna_Jamalpur
2016-06-03,0.31,33.57,25.94,1.72,80.06,0.72,6.61,Jamuna_Jamalpur
2016-06-04,0.34,33.46,25.83,1.57,80.25,0.7,6.5,Jamuna_Jamalpur
2016-06-05,0.14,33.34,26.03,1.92,82.06,0.69,6.24,Jamuna_Jamalpur
2016-06-06,4.62,30.32,26.81,2.35,88.89,0.68,1.94,Jamuna_Jamalpur
2016-06-07,14.38,31.48,26.36,2.3,87.73,0.69,2.99,Jamuna_Jamalpur
2016-06-08,12.69,32.25,26.08,2.28,87.11,0.7,4.1,Jamuna_Jamalpur
2016-06-09,4.56,31.32,26.41,2.63,88.0,0.7,4.19,Jamuna_Jamalpur
2016-06-10,4.59,34.49,26.41,1.49,81.55,0.7,4.02,Jamuna_Jamalpur
2016-06-11,3.17,36.49,26.96,1.2,75.15,0.69,6.78,Jamuna_Jamalpur
2016-06-12,12.9,32.24,27.97,2.68,90.33,0.69,2.46,Jamuna_Jamalpur
2016-06-13,15.28,31.06,26.55,2.91,91.15,0.71,1.95,Jamuna_Jamalpur
2016-06-14,3.43,32.31,26.6,2.1,85.68,0.71,3.25,Jamuna_Jamalpur
2016-06-15,16.15,30.48,26.86,1.68,90.25,0.72,1.06,Jamuna_Jamalpur
2016-06-16,19.7,32.58,26.76,2.35,85.76,0.74,3.68,Jamuna_Jamalpur
2016-06-17,2.9,29.99,26.86,2.12,89.97,0.74,1.46,Jamuna_Jamalpur
2016-06-18,10.67,31.49,26.55,3.0,89.12,0.74,3.09,Jamuna_Jamalpur
2016-06-19,10.93,32.05,26.36,2.85,87.05,0.74,4.09,Jamuna_Jamalpur
2016-06-20,15.27,32.4,26.48,2.77,85.68,0.75,4.0,Jamuna_Jamalpur
2016-06-21,8.07,31.28,26.61,2.59,87.79,0.75,2.25,Jamuna_Jamalpur
2016-06-22,17.03,31.62,26.71,2.84,87.62,0.76,2.63,Jamuna_Jamalpur
2016-06-23,15.27,30.26,26.28,2.34,89.67,0.77,1.38,Jamuna_Jamalpur
2016-06-24,18.21,30.86,26.34,2.09,87.99,0.79,2.05,Jamuna_Jamalpur
2016-06-25,11.13,31.45,26.26,1.57,85.79,0.79,2.59,Jamuna_Jamalpur
2016-06-26,13.52,32.2,26.17,1.32,84.19,0.79,3.02,Jamuna_Jamalpur
2016-06-27,22.23,32.05,27.03,2.14,87.24,0.81,2.79,Jamuna_Jamalpur
2016-06-28,5.23,32.96,26.55,2.31,85.35,0.81,4.71,Jamuna_Jamalpur
2016-06-29,1.85,31.05,27.18,1.98,86.54,0.8,2.88,Jamuna_Jamalpur
2016-06-30,2.95,32.16,27.41,2.06,87.11,0.79,2.81,Jamuna_Jamalpur
2016-07-01,6.39,32.38,26.74,2.61,88.87,0.79,2.77,Jamuna_Jamalpur
2016-07-02,30.49,29.98,26.87,3.04,92.34,0.8,1.16,Jamuna_Jamalpur
2016-07-03,46.15,30.21,26.67,3.71,92.14,0.85,1.18,Jamuna_Jamalpur
2016-07-04,46.85,30.41,26.41,3.49,90.62,0.88,1.68,Jamuna_Jamalpur
2016-07-05,51.98,31.6,26.49,3.62,89.95,0.92,2.09,Jamuna_Jamalpur
2016-07-06,24.58,31.76,26.36,2.51,88.67,0.93,2.34,Jamuna_Jamalpur
2016-07-07,7.78,32.39,26.48,2.35,88.18,0.93,2.69,Jamuna_Jamalpur
2016-07-08,3.85,30.42,26.88,2.44,89.69,0.92,1.67,Jamuna_Jamalpur
2016-07-09,8.16,30.84,26.55,3.07,90.2,0.91,2.04,Jamuna_Jamalpur
2016-07-10,11.89,31.86,26.24,2.89,89.2,0.91,2.47,Jamuna_Jamalpur
2016-07-11,7.89,31.92,26.0,3.12,88.63,0.91,2.59,Jamuna_Jamalpur
2016-07-12,9.27,31.07,26.52,3.25,90.88,0.91,1.86,Jamuna_Jamalpur
2016-07-13,17.68,32.53,26.26,2.57,87.47,0.91,3.05,Jamuna_Jamalpur
2016-07-14,9.58,31.86,26.86,2.36,89.54,0.91,1.81,Jamuna_Jamalpur
2016-07-15,16.17,31.63,26.94,3.23,90.59,0.91,1.95,Jamuna_Jamalpur
2016-07-16,28.2,30.43,26.61,4.31,92.08,0.92,1.14,Jamuna_Jamalpur
2016-07-17,70.37,31.07,26.07,3.5,89.44,0.95,1.91,Jamuna_Jamalpur
2016-07-18,41.65,31.55,25.98,3.71,90.39,0.97,1.56,Jamuna_Jamalpur
2016-07-19,17.87,31.17,26.07,2.79,90.69,0.97,1.38,Jamuna_Jamalpur
2016-07-20,12.04,29.72,26.95,2.47,93.2,0.97,0.63,Jamuna_Jamalpur
2016-07-21,14.55,30.93,26.61,2.98,91.33,0.97,0.99,Jamuna_Jamalpur
2016-07-22,17.16,30.54,26.08,3.04,90.32,0.97,1.63,Jamuna_Jamalpur
2016-07-23,15.48,29.97,25.66,2.42,91.65,0.97,1.17,Jamuna_Jamalpur
2016-07-24,16.04,30.16,25.53,2.77,91.3,0.97,1.44,Jamuna_Jamalpur
2016-07-25,32.38,29.99,25.74,3.01,91.79,0.97,1.04,Jamuna_Jamalpur
2016-07-26,14.24,30.28,25.23,2.5,89.31,0.98,1.66,Jamuna_Jamalpur
2016-07-27,2.09,31.46,24.49,1.57,86.0,0.97,2.98,Jamuna_Jamalpur
2016-07-28,4.64,31.74,25.96,1.44,85.76,0.96,2.58,Jamuna_Jamalpur
2016-07-29,10.88,32.0,26.32,1.3,84.96,0.96,2.36,Jamuna_Jamalpur
2016-07-30,13.62,31.12,26.48,1.4,86.66,0.96,1.63,Jamuna_Jamalpur
2016-07-31,11.79,30.07,26.12,1.09,86.45,0.96,0.91,Jamuna_Jamalpur
2016-08-01,13.66,30.0,26.59,1.53,88.98,0.96,1.02,Jamuna_Jamalpur
2016-08-02,32.52,29.02,25.9,2.21,91.69,0.97,0.81,Jamuna_Jamalpur
2016-08-03,5.29,32.37,25.72,2.37,87.24,0.97,2.6,Jamuna_Jamalpur
2016-08-04,4.52,31.67,26.46,2.39,89.09,0.96,1.79,Jamuna_Jamalpur
2016-08-05,7.3,31.15,26.31,2.86,91.31,0.96,1.36,Jamuna_Jamalpur
2016-08-06,8.52,29.15,26.14,3.07,93.82,0.95,0.7,Jamuna_Jamalpur
2016-08-07,4.55,29.24,26.2,2.86,92.61,0.95,0.96,Jamuna_Jamalpur
2016-08-08,2.96,30.66,26.0,2.07,89.16,0.95,1.64,Jamuna_Jamalpur
2016-08-09,3.89,30.93,26.15,3.69,90.55,0.95,2.21,Jamuna_Jamalpur
2016-08-10,11.65,29.84,25.77,5.12,92.52,0.94,1.33,Jamuna_Jamalpur
2016-08-11,8.68,31.52,25.61,4.0,89.8,0.95,2.34,Jamuna_Jamalpur
2016-08-12,3.13,31.5,26.2,2.28,88.34,0.94,2.67,Jamuna_Jamalpur
2016-08-13,10.63,32.4,26.38,1.98,87.86,0.93,2.95,Jamuna_Jamalpur
2016-08-14,14.26,30.47,26.93,1.51,90.96,0.94,1.0,Jamuna_Jamalpur
2016-08-15,9.63,32.51,26.0,1.43,86.91,0.94,2.74,Jamuna_Jamalpur
2016-08-16,8.93,30.67,26.89,1.54,89.83,0.94,1.28,Jamuna_Jamalpur
2016-08-17,9.74,31.41,25.7,4.09,89.59,0.94,2.08,Jamuna_Jamalpur
2016-08-18,3.22,30.12,26.51,2.78,91.99,0.93,1.21,Jamuna_Jamalpur
2016-08-19,0.98,31.86,26.07,1.8,87.68,0.93,2.88,Jamuna_Jamalpur
2016-08-20,0.44,32.3,25.73,1.41,85.42,0.92,2.86,Jamuna_Jamalpur
2016-08-21,7.51,31.58,27.31,2.19,91.95,0.92,1.38,Jamuna_Jamalpur
2016-08-22,7.12,31.24,25.28,3.85,88.32,0.92,3.21,Jamuna_Jamalpur
2016-08-23,0.36,32.0,25.19,1.23,82.83,0.91,4.43,Jamuna_Jamalpur
2016-08-24,0.04,32.64,27.05,0.52,74.59,0.9,3.44,Jamuna_Jamalpur
2016-08-25,3.63,34.15,27.14,1.0,79.54,0.9,3.47,Jamuna_Jamalpur
2016-08-26,9.88,30.48,27.34,1.09,89.07,0.9,0.99,Jamuna_Jamalpur
2016-08-27,3.13,32.81,26.65,1.03,82.49,0.9,3.97,Jamuna_Jamalpur
2016-08-28,3.73,31.86,26.48,1.54,87.69,0.9,2.75,Jamuna_Jamalpur
2016-08-29,5.71,30.86,26.21,1.68,86.9,0.89,2.27,Jamuna_Jamalpur
2016-08-30,12.47,31.94,25.81,1.74,85.5,0.89,3.02,Jamuna_Jamalpur
2016-08-31,8.72,30.23,26.32,2.02,90.94,0.9,1.55,Jamuna_Jamalpur
2016-09-01,6.56,30.0,26.25,2.43,92.88,0.9,1.39,Jamuna_Jamalpur
2016-09-02,27.43,31.29,26.08,2.17,90.3,0.91,2.22,Jamuna_Jamalpur
2016-09-03,50.09,31.44,26.57,1.24,86.95,0.93,2.42,Jamuna_Jamalpur
2016-09-04,28.84,30.66,26.83,1.55,90.02,0.96,1.38,Jamuna_Jamalpur
2016-09-05,6.95,31.42,26.38,2.26,90.06,0.95,2.07,Jamuna_Jamalpur
2016-09-06,5.57,31.61,25.87,3.44,89.87,0.94,3.33,Jamuna_Jamalpur
2016-09-07,4.44,31.38,25.81,2.72,89.48,0.94,2.49,Jamuna_Jamalpur
2016-09-08,1.21,31.58,25.89,2.16,88.12,0.93,3.8,Jamuna_Jamalpur
2016-09-09,1.95,31.53,25.84,2.01,87.73,0.92,3.95,Jamuna_Jamalpur
2016-09-10,5.61,30.79,25.89,1.75,88.93,0.92,2.42,Jamuna_Jamalpur
2016-09-11,5.05,28.14,25.69,1.62,90.7,0.92,1.15,Jamuna_Jamalpur
2016-09-12,7.89,28.83,25.66,1.02,92.02,0.92,0.78,Jamuna_Jamalpur
2016-09-13,24.61,28.83,25.31,1.54,93.11,0.93,0.75,Jamuna_Jamalpur
2016-09-14,8.03,29.14,24.78,1.39,90.14,0.94,1.49,Jamuna_Jamalpur
2016-09-15,26.11,30.67,24.99,1.48,88.15,0.94,2.43,Jamuna_Jamalpur
2016-09-16,5.55,30.53,25.03,1.19,88.44,0.94,2.18,Jamuna_Jamalpur
2016-09-17,3.63,30.05,25.46,1.34,89.19,0.94,1.68,Jamuna_Jamalpur
2016-09-18,68.34,30.37,25.8,1.07,88.58,0.96,1.67,Jamuna_Jamalpur
2016-09-19,38.07,30.97,25.43,1.25,88.22,0.99,2.36,Jamuna_Jamalpur
2016-09-20,25.76,30.14,25.66,1.24,90.66,0.98,1.28,Jamuna_Jamalpur
2016-09-21,10.61,29.77,25.56,0.73,86.45,0.98,1.49,Jamuna_Jamalpur
2016-09-22,3.69,31.0,25.03,0.86,84.59,0.98,2.04,Jamuna_Jamalpur
2016-09-23,16.43,28.87,25.45,1.16,89.19,0.98,1.16,Jamuna_Jamalpur
2016-09-24,19.34,29.67,25.09,1.88,91.17,0.98,1.35,Jamuna_Jamalpur
2016-09-25,24.78,29.7,25.36,1.44,90.95,0.98,1.29,Jamuna_Jamalpur
2016-09-26,30.95,29.73,25.19,1.16,90.06,0.99,1.26,Jamuna_Jamalpur
2016-09-27,8.4,31.35,25.9,0.64,83.68,0.99,3.3,Jamuna_Jamalpur
2016-09-28,6.64,32.83,25.9,0.8,83.93,0.98,4.53,Jamuna_Jamalpur
2016-09-29,9.41,31.71,26.19,1.0,87.1,0.98,1.59,Jamuna_Jamalpur
2016-09-30,0.51,30.51,26.87,0.96,85.77,0.98,1.75,Jamuna_Jamalpur
2016-10-01,0.24,32.01,25.51,1.08,82.2,0.97,3.94,Jamuna_Jamalpur
2016-10-02,0.96,31.95,26.6,0.94,82.0,0.97,3.94,Jamuna_Jamalpur
2016-10-03,3.79,32.74,25.5,1.06,84.51,0.96,4.4,Jamuna_Jamalpur
2016-10-04,0.45,32.25,26.52,0.86,81.02,0.96,4.02,Jamuna_Jamalpur
2016-10-05,1.56,31.66,26.81,0.91,83.88,0.95,3.39,Jamuna_Jamalpur
2016-10-06,4.6,28.96,26.2,1.18,91.61,0.95,0.58,Jamuna_Jamalpur
2016-10-07,2.88,31.41,25.56,1.07,83.32,0.95,3.21,Jamuna_Jamalpur
2016-10-08,8.76,30.57,25.1,1.37,87.99,0.95,3.31,Jamuna_Jamalpur
2016-10-09,10.89,29.96,25.31,1.31,88.77,0.95,2.02,Jamuna_Jamalpur
2016-10-10,33.55,28.7,24.89,1.47,92.57,0.96,0.94,Jamuna_Jamalpur
2016-10-11,30.76,29.64,24.85,2.47,91.83,0.97,1.99,Jamuna_Jamalpur
2016-10-12,36.36,28.9,24.2,2.59,92.21,0.98,1.52,Jamuna_Jamalpur
2016-10-13,3.89,30.62,23.95,0.75,75.28,0.98,4.17,Jamuna_Jamalpur
2016-10-14,2.27,30.34,22.57,1.16,74.38,0.97,4.26,Jamuna_Jamalpur
2016-10-15,0.05,30.14,20.84,1.53,82.17,0.96,4.13,Jamuna_Jamalpur
2016-10-16,0.0,31.52,21.73,1.35,83.59,0.96,5.28,Jamuna_Jamalpur
2016-10-17,0.0,32.0,22.43,1.49,84.34,0.95,5.09,Jamuna_Jamalpur
2016-10-18,0.0,32.1,23.09,1.4,82.18,0.94,5.36,Jamuna_Jamalpur
2016-10-19,0.0,31.39,23.11,1.43,83.36,0.93,5.16,Jamuna_Jamalpur
2016-10-20,0.0,30.55,21.59,1.47,81.24,0.93,4.9,Jamuna_Jamalpur
2016-10-21,0.0,30.06,20.78,1.36,80.97,0.92,4.63,Jamuna_Jamalpur
2016-10-22,0.0,29.85,21.46,1.22,79.42,0.91,4.68,Jamuna_Jamalpur
2016-10-23,0.0,29.81,20.83,1.24,81.95,0.9,4.79,Jamuna_Jamalpur
2016-10-24,0.0,30.03,21.1,1.43,84.06,0.9,4.81,Jamuna_Jamalpur
2016-10-25,0.0,30.44,21.81,0.83,81.9,0.89,5.34,Jamuna_Jamalpur
2016-10-26,0.52,30.52,22.58,0.77,79.66,0.88,5.49,Jamuna_Jamalpur
2016-10-27,5.37,28.76,23.93,0.76,79.83,0.88,3.06,Jamuna_Jamalpur
2016-10-28,10.51,29.59,23.07,0.84,82.32,0.89,3.32,Jamuna_Jamalpur
2016-10-29,0.44,29.9,21.89,1.49,82.87,0.88,4.55,Jamuna_Jamalpur
2016-10-30,1.52,29.06,20.37,1.04,83.51,0.87,3.28,Jamuna_Jamalpur
2016-10-31,0.23,30.46,22.07,1.05,83.63,0.87,4.49,Jamuna_Jamalpur
2016-11-01,0.03,30.78,22.15,0.91,81.81,0.86,5.17,Jamuna_Jamalpur
2016-11-02,0.02,30.9,22.75,0.85,81.8,0.85,4.95,Jamuna_Jamalpur
2016-11-03,0.27,31.02,22.71,1.02,82.64,0.85,4.52,Jamuna_Jamalpur
2016-11-04,0.42,29.08,23.53,0.98,85.06,0.84,2.18,Jamuna_Jamalpur
2016-11-05,1.36,26.89,21.31,1.32,87.29,0.84,2.77,Jamuna_Jamalpur
2016-11-06,7.88,27.88,20.92,1.66,85.97,0.84,2.83,Jamuna_Jamalpur
2016-11-07,0.56,28.13,20.0,1.98,87.5,0.83,3.51,Jamuna_Jamalpur
2016-11-08,0.0,27.62,18.62,1.33,83.22,0.83,3.84,Jamuna_Jamalpur
2016-11-09,0.0,27.82,18.79,0.99,81.66,0.82,4.02,Jamuna_Jamalpur
2016-11-10,0.0,27.91,20.32,1.17,82.53,0.81,3.71,Jamuna_Jamalpur
2016-11-11,0.0,27.21,19.56,1.06,78.45,0.8,3.68,Jamuna_Jamalpur
2016-11-12,0.0,27.83,18.5,0.76,74.36,0.8,4.12,Jamuna_Jamalpur
2016-11-13,0.0,28.05,19.49,0.98,79.21,0.79,3.74,Jamuna_Jamalpur
2016-11-14,0.0,26.83,18.04,1.35,78.12,0.79,3.29,Jamuna_Jamalpur
2016-11-15,0.0,26.64,15.43,1.43,77.61,0.78,3.16,Jamuna_Jamalpur
2016-11-16,0.0,27.37,15.32,1.39,76.58,0.77,3.39,Jamuna_Jamalpur
2016-11-17,0.0,27.09,14.56,1.57,79.52,0.77,3.46,Jamuna_Jamalpur
2016-11-18,0.0,27.43,15.12,1.48,83.94,0.76,3.61,Jamuna_Jamalpur
2016-11-19,0.0,27.34,15.14,1.05,80.44,0.75,3.91,Jamuna_Jamalpur
2016-11-20,0.0,27.22,17.21,0.78,76.75,0.75,3.75,Jamuna_Jamalpur
2016-11-21,0.0,26.84,16.68,0.75,80.15,0.74,3.52,Jamuna_Jamalpur
2016-11-22,0.0,26.66,17.14,1.01,80.48,0.73,3.5,Jamuna_Jamalpur
2016-11-23,0.0,26.71,17.02,0.9,80.61,0.73,3.2,Jamuna_Jamalpur
2016-11-24,0.0,26.3,17.07,0.92,82.46,0.72,2.96,Jamuna_Jamalpur
2016-11-25,0.0,26.46,17.96,0.79,78.97,0.72,2.93,Jamuna_Jamalpur
2016-11-26,0.0,27.45,17.63,0.86,77.55,0.71,3.08,Jamuna_Jamalpur
2016-11-27,0.0,26.77,19.41,0.71,78.84,0.71,2.6,Jamuna_Jamalpur
2016-11-28,0.0,25.14,18.87,0.61,80.8,0.7,1.67,Jamuna_Jamalpur
2016-11-29,0.0,27.03,17.99,0.66,80.1,0.7,2.85,Jamuna_Jamalpur
2016-11-30,0.0,27.09,19.03,0.63,78.11,0.69,2.78,Jamuna_Jamalpur
2016-12-01,0.0,27.11,17.65,0.85,78.67,0.69,2.76,Jamuna_Jamalpur
2016-12-02,0.0,27.38,17.86,0.96,78.12,0.68,2.69,Jamuna_Jamalpur
2016-12-03,0.0,27.22,17.24,1.2,82.15,0.68,2.63,Jamuna_Jamalpur
2016-12-04,0.0,27.73,16.57,1.42,82.33,0.67,2.6,Jamuna_Jamalpur
2016-12-05,0.0,27.51,15.21,1.19,79.61,0.67,2.43,Jamuna_Jamalpur
2016-12-06,0.0,27.62,16.21,0.89,78.96,0.66,2.37,Jamuna_Jamalpur
2016-12-07,0.0,26.34,15.77,0.95,77.86,0.66,2.26,Jamuna_Jamalpur
2016-12-08,0.0,27.22,15.77,0.86,75.15,0.65,2.38,Jamuna_Jamalpur
2016-12-09,0.0,26.98,14.42,1.37,81.07,0.65,2.17,Jamuna_Jamalpur
2016-12-10,0.0,26.62,13.51,1.36,80.98,0.64,2.13,Jamuna_Jamalpur
2016-12-11,0.0,25.95,13.37,1.27,79.55,0.64,2.03,Jamuna_Jamalpur
2016-12-12,0.0,25.11,12.04,1.41,78.53,0.63,1.88,Jamuna_Jamalpur
2016-12-13,0.0,24.41,11.09,1.46,76.79,0.63,1.61,Jamuna_Jamalpur
2016-12-14,0.0,24.75,12.4,1.41,80.45,0.62,1.58,Jamuna_Jamalpur
2016-12-15,0.0,25.03,12.28,1.35,80.93,0.62,1.59,Jamuna_Jamalpur
2016-12-16,0.0,25.91,13.81,1.1,81.14,0.62,1.72,Jamuna_Jamalpur
2016-12-17,0.0,25.78,15.61,1.03,81.56,0.61,1.59,Jamuna_Jamalpur
2016-12-18,0.0,25.42,15.53,0.94,80.75,0.61,1.46,Jamuna_Jamalpur
2016-12-19,0.0,24.45,15.28,1.11,80.59,0.6,1.25,Jamuna_Jamalpur
2016-12-20,0.0,24.06,13.06,1.32,72.38,0.6,1.2,Jamuna_Jamalpur
2016-12-21,0.0,24.02,13.64,0.94,66.45,0.6,1.06,Jamuna_Jamalpur
2016-12-22,0.0,25.81,13.38,1.21,76.75,0.6,1.27,Jamuna_Jamalpur
2016-12-23,0.0,25.46,16.6,0.81,77.58,0.59,1.26,Jamuna_Jamalpur
2016-12-24,0.0,26.16,16.41,0.85,77.56,0.59,1.35,Jamuna_Jamalpur
2016-12-25,0.16,25.96,16.7,0.74,73.02,0.58,1.12,Jamuna_Jamalpur
2016-12-26,1.14,25.89,16.77,1.09,78.56,0.58,0.96,Jamuna_Jamalpur
2016-12-27,0.01,26.06,15.33,1.31,80.0,0.58,1.29,Jamuna_Jamalpur
2016-12-28,0.05,25.56,13.0,1.24,76.85,0.58,1.37,Jamuna_Jamalpur
2016-12-29,0.0,25.68,13.68,1.09,75.67,0.57,1.36,Jamuna_Jamalpur
2016-12-30,0.0,25.36,14.16,1.13,76.54,0.57,1.24,Jamuna_Jamalpur
2016-12-31,0.0,25.54,15.22,0.76,74.04,0.57,1.19,Jamuna_Jamalpur
2017-01-01,0.0,25.5,15.55,1.0,72.11,0.56,1.08,Jamuna_Jamalpur
2017-01-02,0.0,26.55,15.03,1.05,71.29,0.56,1.35,Jamuna_Jamalpur
2017-01-03,0.0,26.52,15.69,1.36,75.07,0.56,1.21,Jamuna_Jamalpur
2017-01-04,0.0,25.95,13.85,1.69,76.21,0.55,1.19,Jamuna_Jamalpur
2017-01-05,0.0,25.48,13.27,1.48,68.91,0.55,1.05,Jamuna_Jamalpur
2017-01-06,0.0,25.5,12.29,1.35,64.78,0.54,1.05,Jamuna_Jamalpur
2017-01-07,0.0,25.2,12.67,1.18,63.22,0.54,1.11,Jamuna_Jamalpur
2017-01-08,0.0,26.41,12.54,1.31,63.07,0.54,1.12,Jamuna_Jamalpur
2017-01-09,0.0,25.84,13.29,1.24,65.95,0.53,1.08,Jamuna_Jamalpur
2017-01-10,0.13,25.34,13.75,1.86,70.57,0.53,0.91,Jamuna_Jamalpur
2017-01-11,0.02,24.24,12.1,1.43,76.58,0.53,0.83,Jamuna_Jamalpur
2017-01-12,0.07,23.86,10.35,1.99,62.93,0.52,0.82,Jamuna_Jamalpur
2017-01-13,0.0,22.22,8.19,1.8,53.03,0.52,0.72,Jamuna_Jamalpur
2017-01-14,0.01,21.92,7.09,1.4,55.7,0.52,0.68,Jamuna_Jamalpur
2017-01-15,0.0,23.68,8.34,1.57,61.68,0.51,0.7,Jamuna_Jamalpur
2017-01-16,0.0,24.14,9.64,1.45,56.66,0.51,0.7,Jamuna_Jamalpur
2017-01-17,0.0,24.33,11.93,0.98,51.97,0.51,0.6,Jamuna_Jamalpur
2017-01-18,0.0,25.75,12.28,1.41,57.87,0.51,0.71,Jamuna_Jamalpur
2017-01-19,0.0,26.94,12.72,1.54,59.93,0.5,0.81,Jamuna_Jamalpur
2017-01-20,0.0,26.36,11.54,1.34,56.57,0.5,0.74,Jamuna_Jamalpur
2017-01-21,0.0,26.35,12.3,1.24,54.54,0.5,0.7,Jamuna_Jamalpur
2017-01-22,0.0,27.23,11.27,1.58,62.88,0.49,0.72,Jamuna_Jamalpur
2017-01-23,0.0,26.18,12.95,1.27,56.8,0.49,0.67,Jamuna_Jamalpur
2017-01-24,0.0,27.47,14.26,0.73,54.14,0.49,0.74,Jamuna_Jamalpur
2017-01-25,0.0,28.18,13.38,1.11,61.8,0.48,0.77,Jamuna_Jamalpur
2017-01-26,0.0,28.57,13.78,0.88,55.3,0.48,0.79,Jamuna_Jamalpur
2017-01-27,0.0,28.97,15.57,0.98,55.88,0.48,0.64,Jamuna_Jamalpur
2017-01-28,0.33,26.95,15.07,1.75,66.54,0.48,0.6,Jamuna_Jamalpur
2017-01-29,0.13,25.73,12.15,1.63,63.23,0.47,0.63,Jamuna_Jamalpur
2017-01-30,0.0,26.42,13.22,1.42,58.52,0.47,0.59,Jamuna_Jamalpur
2017-01-31,0.0,26.37,14.09,1.25,54.62,0.47,0.52,Jamuna_Jamalpur
2017-02-01,0.0,26.87,14.22,1.16,52.63,0.47,0.54,Jamuna_Jamalpur
2017-02-02,0.0,26.7,12.93,1.73,54.29,0.46,0.51,Jamuna_Jamalpur
2017-02-03,0.03,26.42,12.9,1.21,56.56,0.46,0.5,Jamuna_Jamalpur
2017-02-04,0.0,28.63,13.26,1.17,56.11,0.46,0.56,Jamuna_Jamalpur
2017-02-05,0.0,30.19,14.37,1.19,52.88,0.46,0.65,Jamuna_Jamalpur
2017-02-06,0.0,29.72,15.97,1.2,50.25,0.45,0.57,Jamuna_Jamalpur
2017-02-07,0.0,29.47,14.82,1.84,53.9,0.45,0.49,Jamuna_Jamalpur
2017-02-08,0.0,28.75,13.47,1.48,48.39,0.45,0.53,Jamuna_Jamalpur
2017-02-09,0.0,28.81,14.34,1.4,41.32,0.44,0.45,Jamuna_Jamalpur
2017-02-10,0.0,29.11,12.85,1.68,45.07,0.44,0.43,Jamuna_Jamalpur
2017-02-11,0.0,29.16,14.54,1.03,46.65,0.44,0.43,Jamuna_Jamalpur
2017-02-12,0.0,30.53,15.39,1.41,46.11,0.44,0.47,Jamuna_Jamalpur
2017-02-13,0.0,29.61,17.36,1.23,48.37,0.43,0.4,Jamuna_Jamalpur
2017-02-14,0.0,30.13,17.66,1.4,51.74,0.43,0.39,Jamuna_Jamalpur
2017-02-15,0.0,30.19,16.05,1.49,48.09,0.43,0.38,Jamuna_Jamalpur
2017-02-16,0.0,30.34,17.5,1.16,44.6,0.42,0.37,Jamuna_Jamalpur
2017-02-17,0.0,31.14,16.23,1.16,44.27,0.42,0.4,Jamuna_Jamalpur
2017-02-18,0.0,31.48,17.08,1.18,45.2,0.42,0.37,Jamuna_Jamalpur
2017-02-19,0.0,31.08,17.6,1.32,46.6,0.42,0.32,Jamuna_Jamalpur
2017-02-20,0.36,30.33,18.08,2.07,59.73,0.41,0.27,Jamuna_Jamalpur
2017-02-21,1.25,32.59,16.84,2.94,61.6,0.41,0.35,Jamuna_Jamalpur
2017-02-22,10.54,32.82,19.39,2.48,68.79,0.42,0.39,Jamuna_Jamalpur
2017-02-23,1.5,32.26,17.62,2.17,48.5,0.43,0.5,Jamuna_Jamalpur
2017-02-24,0.13,30.67,13.02,1.88,35.47,0.42,0.44,Jamuna_Jamalpur
2017-02-25,0.0,28.99,12.68,1.33,31.51,0.42,0.38,Jamuna_Jamalpur
2017-02-26,0.0,29.95,16.01,1.0,30.01,0.42,0.38,Jamuna_Jamalpur
2017-02-27,0.0,30.3,13.59,1.58,37.03,0.42,0.35,Jamuna_Jamalpur
2017-02-28,0.0,30.68,13.69,1.28,39.66,0.41,0.33,Jamuna_Jamalpur
2017-03-01,0.0,31.71,16.46,0.99,31.54,0.41,0.33,Jamuna_Jamalpur
2017-03-02,0.0,33.94,15.75,2.08,39.2,0.41,0.32,Jamuna_Jamalpur
2017-03-03,0.0,34.8,17.23,1.8,47.51,0.4,0.31,Jamuna_Jamalpur
2017-03-04,0.02,33.76,18.33,2.06,48.22,0.4,0.26,Jamuna_Jamalpur
2017-03-05,5.81,31.95,18.86,1.65,57.84,0.41,0.26,Jamuna_Jamalpur
2017-03-06,0.3,33.04,18.72,1.5,48.4,0.41,0.36,Jamuna_Jamalpur
2017-03-07,8.12,31.66,17.58,1.04,44.87,0.42,0.44,Jamuna_Jamalpur
2017-03-08,0.62,31.53,16.8,1.66,45.08,0.41,0.37,Jamuna_Jamalpur
2017-03-09,0.56,30.11,17.92,1.55,58.44,0.41,0.29,Jamuna_Jamalpur
2017-03-10,1.62,32.27,19.34,2.28,62.25,0.41,0.36,Jamuna_Jamalpur
2017-03-11,39.5,28.84,21.01,2.75,81.4,0.45,0.43,Jamuna_Jamalpur
2017-03-12,1.0,29.99,19.03,2.5,53.87,0.48,1.08,Jamuna_Jamalpur
2017-03-13,0.0,29.6,13.67,1.87,34.62,0.47,1.06,Jamuna_Jamalpur
2017-03-14,0.0,30.44,17.08,1.28,30.66,0.46,1.0,Jamuna_Jamalpur
2017-03-15,0.0,29.81,15.76,1.11,35.68,0.46,0.8,Jamuna_Jamalpur
2017-03-16,0.0,31.1,16.12,1.35,34.24,0.45,0.88,Jamuna_Jamalpur
2017-03-17,0.0,32.04,16.46,1.87,40.42,0.45,0.83,Jamuna_Jamalpur
2017-03-18,5.69,31.09,17.28,2.18,64.99,0.45,0.72,Jamuna_Jamalpur
2017-03-19,0.24,31.4,17.34,1.88,58.2,0.45,0.9,Jamuna_Jamalpur
2017-03-20,4.45,28.94,17.56,2.79,59.59,0.45,0.68,Jamuna_Jamalpur
2017-03-21,7.64,29.8,16.82,1.3,65.03,0.46,0.93,Jamuna_Jamalpur
2017-03-22,2.09,31.33,17.93,1.65,56.44,0.46,0.99,Jamuna_Jamalpur
2017-03-23,0.0,32.14,19.23,1.7,61.2,0.46,0.96,Jamuna_Jamalpur
2017-03-24,0.71,34.03,21.21,2.09,60.86,0.45,0.94,Jamuna_Jamalpur
2017-03-25,56.25,30.82,21.72,2.22,81.21,0.51,1.22,Jamuna_Jamalpur
2017-03-26,7.9,30.37,20.85,1.61,79.94,0.54,2.05,Jamuna_Jamalpur
2017-03-27,0.48,32.5,21.46,1.89,72.45,0.54,2.61,Jamuna_Jamalpur
2017-03-28,11.49,32.47,22.88,2.69,77.51,0.54,2.27,Jamuna_Jamalpur
2017-03-29,30.16,30.72,23.33,2.5,83.37,0.57,2.22,Jamuna_Jamalpur
2017-03-30,5.1,34.67,23.65,2.93,78.1,0.58,3.34,Jamuna_Jamalpur
2017-03-31,11.18,32.39,24.03,2.85,81.73,0.59,3.0,Jamuna_Jamalpur
2017-04-01,11.36,33.63,23.72,3.15,78.4,0.59,3.31,Jamuna_Jamalpur
2017-04-02,12.68,33.52,23.52,3.62,80.76,0.6,3.61,Jamuna_Jamalpur
2017-04-03,10.93,33.6,23.95,3.66,82.62,0.61,3.35,Jamuna_Jamalpur
2017-04-04,10.21,30.91,23.69,3.28,83.06,0.61,2.97,Jamuna_Jamalpur
2017-04-05,12.1,30.27,23.26,2.24,84.38,0.62,2.82,Jamuna_Jamalpur
2017-04-06,5.32,31.05,23.03,1.99,82.32,0.62,3.74,Jamuna_Jamalpur
2017-04-07,3.45,33.63,23.03,2.57,78.81,0.62,3.98,Jamuna_Jamalpur
2017-04-08,4.61,34.03,24.41,2.71,78.1,0.62,4.27,Jamuna_Jamalpur
2017-04-09,3.64,35.53,23.72,2.6,68.87,0.61,4.45,Jamuna_Jamalpur
2017-04-10,0.05,34.74,20.19,1.97,64.22,0.6,4.43,Jamuna_Jamalpur
2017-04-11,0.53,34.19,18.61,1.5,55.83,0.59,4.29,Jamuna_Jamalpur
2017-04-12,0.0,32.92,20.0,1.92,70.74,0.58,3.68,Jamuna_Jamalpur
2017-04-13,0.0,34.15,21.13,1.94,68.74,0.57,3.71,Jamuna_Jamalpur
2017-04-14,0.0,34.16,21.83,1.86,65.3,0.56,3.7,Jamuna_Jamalpur
2017-04-15,3.51,33.77,20.83,2.7,70.19,0.56,3.36,Jamuna_Jamalpur
2017-04-16,83.18,29.15,22.44,1.63,84.28,0.64,2.68,Jamuna_Jamalpur
2017-04-17,0.03,31.77,19.54,1.18,71.85,0.67,6.56,Jamuna_Jamalpur
2017-04-18,0.0,32.2,21.15,1.89,75.41,0.65,5.71,Jamuna_Jamalpur
2017-04-19,31.44,30.53,24.17,2.7,86.58,0.66,2.58,Jamuna_Jamalpur
2017-04-20,38.5,29.29,25.0,2.69,88.82,0.71,1.83,Jamuna_Jamalpur
2017-04-21,47.38,27.62,24.48,3.03,93.34,0.76,0.76,Jamuna_Jamalpur
2017-04-22,52.45,28.78,24.78,3.33,92.33,0.81,1.26,Jamuna_Jamalpur
2017-04-23,19.52,30.1,23.81,1.28,84.61,0.84,3.14,Jamuna_Jamalpur
2017-04-24,27.36,30.87,24.04,2.64,87.81,0.85,3.01,Jamuna_Jamalpur
2017-04-25,31.83,32.52,24.67,3.22,87.52,0.86,3.6,Jamuna_Jamalpur
2017-04-26,17.97,32.18,25.44,3.04,88.25,0.87,3.2,Jamuna_Jamalpur
2017-04-27,12.92,31.55,25.35,2.88,86.99,0.87,3.32,Jamuna_Jamalpur
2017-04-28,2.37,31.27,24.21,2.43,86.32,0.86,3.8,Jamuna_Jamalpur
2017-04-29,11.64,30.87,24.1,2.78,87.07,0.86,3.33,Jamuna_Jamalpur
2017-04-30,7.3,31.2,24.39,2.22,86.21,0.86,3.68,Jamuna_Jamalpur
2017-05-01,22.3,29.45,24.46,1.82,86.17,0.86,2.12,Jamuna_Jamalpur
2017-05-02,19.28,30.76,23.38,1.24,80.97,0.87,4.22,Jamuna_Jamalpur
2017-05-03,0.05,31.1,22.59,1.79,82.44,0.86,4.09,Jamuna_Jamalpur
2017-05-04,14.16,31.71,24.11,2.06,85.06,0.86,3.57,Jamuna_Jamalpur
2017-05-05,3.4,32.48,24.72,2.45,83.71,0.86,3.97,Jamuna_Jamalpur
2017-05-06,7.1,31.17,24.66,2.42,87.51,0.85,3.48,Jamuna_Jamalpur
2017-05-07,11.75,30.2,24.87,2.66,88.45,0.85,3.05,Jamuna_Jamalpur
2017-05-08,24.33,32.13,24.86,1.73,84.98,0.86,3.35,Jamuna_Jamalpur
2017-05-09,13.74,30.76,25.01,1.61,87.02,0.87,2.21,Jamuna_Jamalpur
2017-05-10,3.37,29.81,24.55,1.22,83.53,0.87,2.12,Jamuna_Jamalpur
2017-05-11,1.51,32.07,23.78,1.86,82.74,0.86,3.69,Jamuna_Jamalpur
2017-05-12,2.3,31.97,25.06,1.09,79.02,0.85,4.28,Jamuna_Jamalpur
2017-05-13,6.46,31.96,24.99,1.55,82.7,0.85,3.75,Jamuna_Jamalpur
2017-05-14,17.88,32.37,25.08,1.63,85.01,0.85,3.86,Jamuna_Jamalpur
2017-05-15,16.96,31.97,25.53,1.82,86.16,0.86,3.38,Jamuna_Jamalpur
2017-05-16,72.71,30.86,26.07,1.5,86.21,0.9,2.5,Jamuna_Jamalpur
2017-05-17,4.46,31.93,25.54,1.08,82.17,0.91,3.86,Jamuna_Jamalpur
2017-05-18,2.06,32.32,25.6,1.61,84.48,0.9,4.07,Jamuna_Jamalpur
2017-05-19,13.98,32.48,26.77,1.92,85.11,0.89,2.97,Jamuna_Jamalpur
2017-05-20,16.8,32.54,25.95,2.16,86.42,0.9,3.4,Jamuna_Jamalpur
2017-05-21,12.14,32.28,26.17,2.16,87.12,0.9,3.33,Jamuna_Jamalpur
2017-05-22,13.87,32.27,26.44,2.17,86.9,0.9,2.94,Jamuna_Jamalpur
2017-05-23,20.23,31.38,26.52,1.9,88.08,0.91,2.12,Jamuna_Jamalpur
2017-05-24,20.6,31.89,27.12,1.62,88.18,0.91,1.74,Jamuna_Jamalpur
2017-05-25,9.13,32.69,26.56,2.16,86.59,0.91,2.88,Jamuna_Jamalpur
2017-05-26,13.31,32.29,26.54,1.84,82.98,0.91,3.12,Jamuna_Jamalpur
2017-05-27,16.15,32.97,25.78,1.16,78.0,0.91,3.7,Jamuna_Jamalpur
2017-05-28,5.38,32.48,26.21,1.24,79.35,0.91,3.18,Jamuna_Jamalpur
2017-05-29,1.46,32.33,26.87,1.39,81.98,0.9,2.35,Jamuna_Jamalpur
2017-05-30,9.4,28.95,25.44,4.36,91.48,0.9,1.01,Jamuna_Jamalpur
2017-05-31,11.37,30.87,24.23,1.88,86.93,0.9,2.79,Jamuna_Jamalpur
2017-06-01,29.57,31.45,26.29,3.18,90.0,0.92,2.45,Jamuna_Jamalpur
2017-06-02,41.24,31.51,26.73,3.64,90.21,0.93,1.78,Jamuna_Jamalpur
2017-06-03,33.99,33.86,26.56,3.06,87.15,0.94,2.63,Jamuna_Jamalpur
2017-06-04,20.88,32.68,27.28,2.92,90.5,0.94,1.92,Jamuna_Jamalpur
2017-06-05,21.81,31.24,26.79,3.1,92.45,0.95,1.31,Jamuna_Jamalpur
2017-06-06,3.68,32.21,26.53,1.83,88.02,0.94,2.22,Jamuna_Jamalpur
2017-06-07,0.49,32.26,26.98,1.44,85.59,0.94,2.02,Jamuna_Jamalpur
2017-06-08,5.03,33.49,27.05,1.37,83.04,0.93,3.01,Jamuna_Jamalpur
2017-06-09,0.72,32.9,26.78,1.5,85.82,0.93,3.09,Jamuna_Jamalpur
2017-06-10,3.83,33.15,26.67,1.39,84.13,0.92,3.34,Jamuna_Jamalpur
2017-06-11,28.3,29.71,26.32,2.68,92.32,0.92,0.83,Jamuna_Jamalpur
2017-06-12,42.97,28.9,26.24,4.28,91.8,0.94,0.59,Jamuna_Jamalpur
2017-06-13,18.15,32.63,26.16,2.24,87.69,0.95,1.77,Jamuna_Jamalpur
2017-06-14,24.91,30.52,26.58,2.84,90.88,0.96,1.18,Jamuna_Jamalpur
2017-06-15,7.24,30.06,26.26,2.94,91.11,0.96,1.27,Jamuna_Jamalpur
2017-06-16,101.59,28.14,25.48,4.3,93.68,0.97,0.61,Jamuna_Jamalpur
2017-06-17,16.38,31.29,26.2,2.58,89.0,0.98,1.5,Jamuna_Jamalpur
2017-06-18,33.51,32.22,26.16,3.07,91.16,0.98,1.51,Jamuna_Jamalpur
2017-06-19,65.1,29.57,26.96,3.36,94.48,0.99,0.49,Jamuna_Jamalpur
2017-06-20,31.35,29.42,26.38,1.82,92.6,1.0,0.53,Jamuna_Jamalpur
2017-06-21,20.07,30.88,25.71,1.54,86.89,0.99,1.7,Jamuna_Jamalpur
2017-06-22,30.76,30.97,26.27,1.81,90.44,1.0,1.07,Jamuna_Jamalpur
2017-06-23,8.0,31.52,26.52,1.83,88.45,0.99,1.55,Jamuna_Jamalpur
2017-06-24,4.77,31.62,26.2,1.83,89.01,0.99,1.56,Jamuna_Jamalpur
2017-06-25,3.61,31.06,26.21,2.49,89.67,0.98,1.87,Jamuna_Jamalpur
2017-06-26,4.36,31.59,26.27,2.36,89.84,0.97,1.77,Jamuna_Jamalpur
2017-06-27,0.72,31.48,26.35,2.53,89.79,0.97,2.18,Jamuna_Jamalpur
2017-06-28,1.34,31.64,26.08,2.96,89.1,0.96,2.48,Jamuna_Jamalpur
2017-06-29,4.17,30.95,26.74,2.43,90.73,0.95,1.64,Jamuna_Jamalpur
2017-06-30,13.57,30.95,26.82,2.53,91.34,0.95,1.56,Jamuna_Jamalpur
2017-07-01,22.23,30.28,27.0,2.71,93.78,0.96,0.57,Jamuna_Jamalpur
2017-07-02,29.8,30.68,26.29,2.16,90.88,0.97,1.21,Jamuna_Jamalpur
2017-07-03,53.82,29.92,26.82,3.06,93.37,0.98,0.72,Jamuna_Jamalpur
2017-07-04,24.26,30.63,26.78,2.82,92.55,0.99,1.03,Jamuna_Jamalpur
2017-07-05,10.96,30.82,26.8,2.97,91.71,0.98,1.03,Jamuna_Jamalpur
2017-07-06,10.67,30.42,26.61,2.9,91.35,0.98,0.84,Jamuna_Jamalpur
2017-07-07,7.79,29.21,26.6,1.9,92.82,0.98,0.44,Jamuna_Jamalpur
2017-07-08,11.04,30.5,26.3,2.82,91.35,0.98,1.26,Jamuna_Jamalpur
2017-07-09,16.34,29.8,26.49,2.86,92.15,0.98,0.71,Jamuna_Jamalpur
2017-07-10,23.22,30.13,26.22,2.49,92.47,0.98,0.73,Jamuna_Jamalpur
2017-07-11,28.43,29.24,26.21,2.32,94.04,0.99,0.43,Jamuna_Jamalpur
2017-07-12,31.66,29.52,25.63,2.43,92.33,0.99,0.77,Jamuna_Jamalpur
2017-07-13,3.87,31.27,25.35,2.33,89.76,0.98,1.96,Jamuna_Jamalpur
2017-07-14,3.38,30.99,25.67,2.17,90.48,0.98,1.59,Jamuna_Jamalpur
2017-07-15,0.81,31.62,25.43,1.91,86.93,0.97,2.61,Jamuna_Jamalpur
2017-07-16,2.18,31.68,26.4,1.36,86.73,0.96,1.74,Jamuna_Jamalpur
2017-07-17,2.39,32.15,26.61,0.92,84.31,0.96,0.92,Jamuna_Jamalpur
2017-07-18,3.47,32.47,27.11,1.52,86.22,0.96,2.01,Jamuna_Jamalpur
2017-07-19,16.53,29.36,26.5,3.58,93.72,0.96,0.62,Jamuna_Jamalpur
2017-07-20,32.33,28.97,26.02,3.46,93.5,0.96,0.68,Jamuna_Jamalpur
2017-07-21,16.65,30.59,26.03,2.54,92.32,0.97,0.78,Jamuna_Jamalpur
2017-07-22,7.95,29.67,26.6,2.37,91.97,0.97,0.78,Jamuna_Jamalpur
2017-07-23,22.33,30.54,26.44,3.53,92.08,0.97,1.36,Jamuna_Jamalpur
2017-07-24,37.42,28.74,25.8,4.95,93.84,0.98,0.66,Jamuna_Jamalpur
2017-07-25,100.87,28.82,25.18,4.13,92.93,1.0,0.69,Jamuna_Jamalpur
2017-07-26,34.45,30.25,25.19,2.61,90.11,1.0,1.38,Jamuna_Jamalpur
2017-07-27,4.49,31.21,25.25,1.83,88.87,0.99,1.57,Jamuna_Jamalpur
2017-07-28,7.86,30.35,26.34,1.53,89.93,0.99,0.78,Jamuna_Jamalpur
2017-07-29,16.46,30.22,26.75,1.45,91.31,0.99,0.77,Jamuna_Jamalpur
2017-07-30,33.51,32.01,26.25,1.35,85.66,0.99,2.13,Jamuna_Jamalpur
2017-07-31,15.63,32.51,26.01,1.65,85.8,0.99,2.43,Jamuna_Jamalpur
2017-08-01,3.28,31.72,26.5,2.49,89.72,0.98,1.88,Jamuna_Jamalpur
2017-08-02,7.44,31.27,26.78,2.52,90.47,0.97,1.68,Jamuna_Jamalpur
2017-08-03,27.65,32.02,26.58,1.89,88.87,0.97,1.94,Jamuna_Jamalpur
2017-08-04,23.83,31.56,26.93,1.03,87.49,0.98,1.19,Jamuna_Jamalpur
2017-08-05,7.81,30.79,27.18,1.46,90.21,0.98,0.74,Jamuna_Jamalpur
2017-08-06,4.36,31.59,26.88,2.14,90.0,0.97,1.82,Jamuna_Jamalpur
2017-08-07,7.18,31.96,26.4,2.52,88.51,0.97,2.5,Jamuna_Jamalpur
2017-08-08,11.12,32.29,26.21,2.59,88.67,0.96,2.55,Jamuna_Jamalpur
2017-08-09,32.44,30.27,26.62,3.0,91.49,0.97,1.25,Jamuna_Jamalpur
2017-08-10,36.43,30.1,26.61,3.35,93.22,0.98,0.73,Jamuna_Jamalpur
2017-08-11,102.69,28.65,26.55,3.65,95.34,1.0,0.25,Jamuna_Jamalpur
2017-08-12,116.26,29.75,26.59,2.92,94.13,1.0,0.27,Jamuna_Jamalpur
2017-08-13,82.82,29.11,25.92,2.95,92.53,1.0,0.62,Jamuna_Jamalpur
2017-08-14,29.07,30.55,25.81,1.8,90.15,1.0,1.19,Jamuna_Jamalpur
2017-08-15,10.89,31.54,25.96,2.02,89.46,1.0,1.57,Jamuna_Jamalpur
2017-08-16,4.74,30.85,26.65,2.21,92.19,0.99,0.98,Jamuna_Jamalpur
2017-08-17,3.02,31.62,25.95,2.47,89.66,0.99,2.04,Jamuna_Jamalpur
2017-08-18,3.54,29.82,26.13,2.11,91.13,0.98,1.21,Jamuna_Jamalpur
2017-08-19,1.94,30.72,25.26,1.85,89.02,0.97,1.97,Jamuna_Jamalpur
2017-08-20,2.93,30.77,25.74,1.61,87.41,0.97,2.21,Jamuna_Jamalpur
2017-08-21,7.39,31.55,26.01,1.26,84.87,0.97,2.89,Jamuna_Jamalpur
2017-08-22,16.96,32.51,26.43,0.91,80.85,0.97,2.78,Jamuna_Jamalpur
2017-08-23,55.77,29.98,26.31,0.88,88.39,0.98,0.5,Jamuna_Jamalpur
2017-08-24,23.94,30.88,26.63,1.12,87.67,0.99,1.3,Jamuna_Jamalpur
2017-08-25,2.97,31.01,25.91,1.29,88.12,0.98,2.09,Jamuna_Jamalpur
2017-08-26,24.0,29.8,26.45,1.52,92.08,0.98,0.93,Jamuna_Jamalpur
2017-08-27,39.13,30.99,26.13,2.45,89.94,0.99,1.74,Jamuna_Jamalpur
2017-08-28,8.83,30.09,26.08,1.88,92.09,0.99,0.99,Jamuna_Jamalpur
2017-08-29,9.2,30.77,25.25,1.88,90.47,0.98,1.89,Jamuna_Jamalpur
2017-08-30,4.95,31.09,26.06,1.39,89.01,0.98,2.1,Jamuna_Jamalpur
2017-08-31,5.7,30.68,26.05,1.5,90.07,0.98,1.8,Jamuna_Jamalpur
2017-09-01,11.92,30.21,25.95,1.98,92.66,0.97,1.05,Jamuna_Jamalpur
2017-09-02,35.94,30.54,25.99,2.41,90.46,0.98,1.85,Jamuna_Jamalpur
2017-09-03,26.08,30.33,25.82,1.7,91.05,0.99,1.58,Jamuna_Jamalpur
2017-09-04,6.48,30.77,25.99,1.94,90.24,0.98,1.33,Jamuna_Jamalpur
2017-09-05,5.62,31.5,25.89,1.93,89.65,0.98,2.23,Jamuna_Jamalpur
2017-09-06,6.15,30.61,26.0,1.29,90.13,0.97,1.5,Jamuna_Jamalpur
2017-09-07,10.56,31.98,25.76,1.58,84.82,0.97,3.35,Jamuna_Jamalpur
2017-09-08,14.3,30.78,25.89,2.17,90.75,0.97,1.71,Jamuna_Jamalpur
2017-09-09,20.77,29.43,25.35,3.03,91.33,0.97,1.72,Jamuna_Jamalpur
2017-09-10,32.2,30.18,25.06,2.4,93.73,0.98,0.91,Jamuna_Jamalpur
2017-09-11,13.54,28.83,25.54,1.59,92.67,0.99,0.74,Jamuna_Jamalpur
2017-09-12,4.19,29.32,25.51,1.49,91.4,0.98,1.14,Jamuna_Jamalpur
2017-09-13,4.43,31.48,25.03,1.23,86.58,0.98,3.75,Jamuna_Jamalpur
2017-09-14,10.57,30.64,25.95,1.41,89.62,0.97,1.88,Jamuna_Jamalpur
2017-09-15,2.43,31.87,25.46,1.11,83.69,0.97,4.12,Jamuna_Jamalpur
2017-09-16,0.48,33.41,27.32,0.7,79.53,0.96,4.94,Jamuna_Jamalpur
2017-09-17,8.26,34.01,27.27,1.36,85.81,0.96,1.85,Jamuna_Jamalpur
2017-09-18,20.25,29.55,26.1,1.96,89.53,0.96,1.47,Jamuna_Jamalpur
2017-09-19,44.5,29.3,26.37,2.17,91.64,0.97,0.98,Jamuna_Jamalpur
2017-09-20,28.3,30.25,25.83,2.13,92.08,0.98,1.44,Jamuna_Jamalpur
2017-09-21,12.37,30.87,25.64,1.68,90.35,0.98,2.07,Jamuna_Jamalpur
2017-09-22,10.02,29.73,26.42,1.44,91.44,0.98,1.14,Jamuna_Jamalpur
2017-09-23,3.38,31.42,25.7,1.41,88.8,0.98,1.96,Jamuna_Jamalpur
2017-09-24,2.46,32.42,26.3,1.09,86.3,0.97,3.74,Jamuna_Jamalpur
2017-09-25,0.92,32.98,26.67,0.82,80.48,0.97,4.81,Jamuna_Jamalpur
2017-09-26,0.23,32.91,27.44,0.6,79.75,0.96,4.25,Jamuna_Jamalpur
2017-09-27,2.92,32.38,26.85,0.93,83.19,0.96,3.44,Jamuna_Jamalpur
2017-09-28,11.86,31.24,26.38,0.69,85.34,0.96,0.97,Jamuna_Jamalpur
2017-09-29,45.46,29.16,25.59,2.96,92.65,0.98,1.75,Jamuna_Jamalpur
2017-09-30,65.87,28.03,25.58,2.07,94.42,0.99,0.51,Jamuna_Jamalpur
2017-10-01,18.27,29.27,25.41,1.5,91.47,0.99,1.47,Jamuna_Jamalpur
2017-10-02,19.77,29.37,24.62,1.44,91.57,0.99,1.23,Jamuna_Jamalpur
2017-10-03,8.06,30.85,24.9,0.94,84.62,0.99,2.5,Jamuna_Jamalpur
2017-10-04,0.3,31.86,24.66,0.87,80.43,0.98,4.64,Jamuna_Jamalpur
2017-10-05,0.11,31.04,25.18,1.28,88.49,0.98,1.87,Jamuna_Jamalpur
2017-10-06,1.91,29.74,25.73,1.12,90.86,0.97,1.32,Jamuna_Jamalpur
2017-10-07,2.96,29.45,25.56,1.45,91.45,0.97,1.68,Jamuna_Jamalpur
2017-10-08,2.89,29.36,25.05,1.79,90.99,0.97,2.23,Jamuna_Jamalpur
2017-10-09,2.81,28.89,24.39,1.97,91.91,0.97,1.67,Jamuna_Jamalpur
2017-10-10,1.14,30.83,24.27,1.44,85.59,0.96,4.0,Jamuna_Jamalpur
2017-10-11,0.21,31.66,24.71,0.99,85.11,0.96,4.81,Jamuna_Jamalpur
2017-10-12,0.23,31.48,25.58,1.21,86.13,0.95,4.11,Jamuna_Jamalpur
2017-10-13,5.6,30.05,25.51,2.14,91.4,0.95,2.25,Jamuna_Jamalpur
2017-10-14,8.38,30.79,25.21,1.75,90.75,0.95,2.17,Jamuna_Jamalpur
2017-10-15,6.76,31.73,24.71,1.03,82.01,0.94,4.06,Jamuna_Jamalpur
2017-10-16,1.29,32.1,24.22,0.76,71.88,0.94,5.57,Jamuna_Jamalpur
2017-10-17,0.35,32.67,23.08,1.12,79.83,0.93,5.22,Jamuna_Jamalpur
2017-10-18,2.75,31.09,24.5,1.82,89.13,0.93,3.43,Jamuna_Jamalpur
2017-10-19,1.56,28.58,25.0,1.83,92.19,0.92,1.51,Jamuna_Jamalpur
2017-10-20,97.82,26.85,24.56,3.16,95.29,0.95,0.33,Jamuna_Jamalpur
2017-10-21,86.84,26.64,21.97,4.79,94.62,1.0,0.32,Jamuna_Jamalpur
2017-10-22,5.41,28.45,20.98,2.64,88.2,0.99,2.53,Jamuna_Jamalpur
2017-10-23,9.95,29.07,21.41,1.51,88.14,0.99,2.56,Jamuna_Jamalpur
2017-10-24,0.02,28.91,21.19,1.51,90.24,0.98,2.57,Jamuna_Jamalpur
2017-10-25,0.01,29.66,21.68,1.07,82.0,0.97,3.68,Jamuna_Jamalpur
2017-10-26,0.0,29.91,20.0,0.99,75.86,0.97,4.12,Jamuna_Jamalpur
2017-10-27,0.0,28.68,20.2,0.83,75.95,0.96,3.82,Jamuna_Jamalpur
2017-10-28,0.0,29.03,20.06,0.74,72.54,0.96,4.69,Jamuna_Jamalpur
2017-10-29,0.36,28.36,19.8,1.27,81.82,0.95,3.49,Jamuna_Jamalpur
2017-10-30,16.46,26.15,19.78,2.01,90.89,0.95,1.74,Jamuna_Jamalpur
2017-10-31,1.42,26.8,18.5,0.75,78.83,0.95,3.97,Jamuna_Jamalpur
2017-11-01,0.0,27.41,18.47,0.75,76.52,0.95,4.26,Jamuna_Jamalpur
2017-11-02,0.0,28.98,18.64,0.99,77.48,0.94,4.23,Jamuna_Jamalpur
2017-11-03,0.0,28.67,18.75,0.99,78.98,0.93,4.02,Jamuna_Jamalpur
2017-11-04,0.0,29.22,18.94,1.09,80.9,0.93,3.68,Jamuna_Jamalpur
2017-11-05,0.0,29.07,20.97,0.96,80.34,0.92,3.91,Jamuna_Jamalpur
2017-11-06,0.0,29.64,20.12,0.86,81.92,0.92,4.33,Jamuna_Jamalpur
2017-11-07,0.0,29.49,19.94,0.86,80.0,0.91,4.45,Jamuna_Jamalpur
2017-11-08,0.0,28.93,19.48,0.7,77.3,0.9,4.17,Jamuna_Jamalpur
2017-11-09,0.0,28.27,18.99,0.69,72.66,0.9,4.05,Jamuna_Jamalpur
2017-11-10,0.0,28.64,19.73,0.8,71.23,0.89,4.2,Jamuna_Jamalpur
2017-11-11,0.0,29.06,18.03,0.99,73.36,0.89,4.12,Jamuna_Jamalpur
2017-11-12,0.0,29.0,18.21,0.98,76.99,0.88,4.3,Jamuna_Jamalpur
2017-11-13,0.0,28.36,17.97,0.92,75.91,0.88,4.02,Jamuna_Jamalpur
2017-11-14,0.01,28.56,18.19,0.94,76.6,0.87,3.7,Jamuna_Jamalpur
2017-11-15,1.47,26.53,19.33,1.57,89.2,0.86,1.53,Jamuna_Jamalpur
2017-11-16,8.13,25.94,18.48,0.86,80.82,0.86,1.49,Jamuna_Jamalpur
2017-11-17,6.25,27.84,19.98,1.02,81.64,0.87,2.92,Jamuna_Jamalpur
2017-11-18,2.99,28.88,20.96,0.86,81.98,0.87,3.28,Jamuna_Jamalpur
2017-11-19,0.0,28.49,20.09,1.12,82.97,0.86,3.71,Jamuna_Jamalpur
2017-11-20,0.0,27.94,20.07,0.93,83.15,0.86,2.76,Jamuna_Jamalpur
2017-11-21,0.0,26.29,17.69,1.5,81.23,0.85,2.44,Jamuna_Jamalpur
2017-11-22,0.0,25.72,14.85,1.35,75.98,0.85,2.51,Jamuna_Jamalpur
2017-11-23,0.0,24.54,13.33,1.51,77.25,0.84,2.11,Jamuna_Jamalpur
2017-11-24,0.0,24.44,13.2,1.6,81.56,0.83,2.12,Jamuna_Jamalpur
2017-11-25,0.0,25.62,13.25,1.2,74.5,0.83,2.58,Jamuna_Jamalpur
2017-11-26,0.0,25.56,14.45,1.3,83.87,0.82,2.49,Jamuna_Jamalpur
2017-11-27,0.03,25.46,15.62,1.05,78.94,0.82,2.68,Jamuna_Jamalpur
2017-11-28,0.0,23.77,14.9,0.79,75.33,0.81,1.16,Jamuna_Jamalpur
2017-11-29,0.0,24.72,14.31,0.96,78.74,0.81,2.03,Jamuna_Jamalpur
2017-11-30,0.0,25.08,14.29,1.07,81.89,0.8,2.62,Jamuna_Jamalpur
2017-12-01,0.0,25.38,14.46,0.99,82.22,0.8,2.66,Jamuna_Jamalpur
2017-12-02,0.0,25.89,15.19,0.89,80.22,0.79,2.7,Jamuna_Jamalpur
2017-12-03,0.0,24.92,15.42,0.96,81.66,0.79,2.78,Jamuna_Jamalpur
2017-12-04,0.0,25.15,14.95,0.97,82.47,0.78,2.63,Jamuna_Jamalpur
2017-12-05,0.0,25.34,15.39,0.64,81.67,0.78,2.52,Jamuna_Jamalpur
2017-12-06,0.0,24.91,15.5,0.62,82.15,0.77,2.46,Jamuna_Jamalpur
2017-12-07,0.0,26.28,15.75,0.78,81.16,0.77,2.82,Jamuna_Jamalpur
2017-12-08,0.11,25.77,17.35,1.31,86.29,0.76,2.33,Jamuna_Jamalpur
2017-12-09,7.2,23.47,16.69,1.06,90.44,0.76,0.99,Jamuna_Jamalpur
2017-12-10,27.57,24.36,19.1,1.47,93.7,0.79,0.58,Jamuna_Jamalpur
2017-12-11,20.78,25.54,19.47,1.71,90.36,0.82,1.04,Jamuna_Jamalpur
2017-12-12,0.05,26.05,18.39,1.2,84.45,0.82,1.81,Jamuna_Jamalpur
2017-12-13,0.0,25.54,17.06,1.06,79.07,0.81,1.52,Jamuna_Jamalpur
2017-12-14,0.0,25.38,15.91,1.04,78.42,0.8,1.92,Jamuna_Jamalpur
2017-12-15,0.0,23.94,13.8,0.91,77.59,0.8,1.58,Jamuna_Jamalpur
2017-12-16,0.0,23.83,13.91,0.95,72.96,0.79,1.7,Jamuna_Jamalpur
2017-12-17,0.0,23.88,13.61,0.94,83.77,0.79,1.59,Jamuna_Jamalpur
2017-12-18,0.0,23.67,13.83,0.92,86.42,0.79,1.67,Jamuna_Jamalpur
2017-12-19,0.0,23.32,14.96,0.99,86.87,0.78,1.34,Jamuna_Jamalpur
2017-12-20,0.0,24.37,15.02,0.96,87.02,0.78,1.65,Jamuna_Jamalpur
2017-12-21,0.0,24.36,16.76,1.06,86.38,0.77,1.63,Jamuna_Jamalpur
2017-12-22,0.0,24.12,16.39,0.8,82.26,0.77,1.78,Jamuna_Jamalpur
2017-12-23,0.0,24.09,16.57,0.69,78.64,0.77,1.79,Jamuna_Jamalpur
2017-12-24,0.0,24.68,14.12,1.1,81.57,0.76,1.91,Jamuna_Jamalpur
2017-12-25,0.0,24.9,14.64,1.12,86.25,0.76,1.87,Jamuna_Jamalpur
2017-12-26,0.0,24.8,15.35,1.36,83.43,0.75,1.87,Jamuna_Jamalpur
2017-12-27,0.0,24.14,12.41,1.51,78.52,0.75,1.89,Jamuna_Jamalpur
2017-12-28,0.0,24.76,12.51,1.21,83.86,0.74,1.77,Jamuna_Jamalpur
2017-12-29,0.0,24.16,13.52,0.92,83.64,0.74,1.79,Jamuna_Jamalpur
2017-12-30,0.0,25.94,14.1,0.88,74.21,0.73,2.21,Jamuna_Jamalpur
2017-12-31,0.0,25.96,14.39,1.03,76.13,0.73,2.13,Jamuna_Jamalpur
2018-01-01,0.0,24.72,15.0,1.08,80.64,0.72,1.77,Jamuna_Jamalpur
2018-01-02,0.06,24.01,15.29,1.11,84.15,0.72,1.32,Jamuna_Jamalpur
2018-01-03,0.47,22.03,11.64,2.09,77.8,0.71,1.27,Jamuna_Jamalpur
2018-01-04,0.1,21.16,8.96,1.02,74.87,0.71,1.36,Jamuna_Jamalpur
2018-01-05,0.0,21.63,9.25,1.62,79.45,0.71,1.26,Jamuna_Jamalpur
2018-01-06,0.0,20.08,8.11,1.53,72.16,0.7,1.16,Jamuna_Jamalpur
2018-01-07,0.0,19.36,6.99,1.36,66.13,0.7,1.04,Jamuna_Jamalpur
2018-01-08,0.0,19.55,7.99,0.87,63.68,0.69,1.05,Jamuna_Jamalpur
2018-01-09,0.0,20.05,8.21,1.05,68.34,0.69,1.09,Jamuna_Jamalpur
2018-01-10,0.0,19.69,7.42,1.28,71.92,0.69,0.92,Jamuna_Jamalpur
2018-01-11,0.0,19.94,8.35,1.05,72.14,0.68,0.96,Jamuna_Jamalpur
2018-01-12,0.0,21.8,9.84,1.08,75.18,0.68,1.04,Jamuna_Jamalpur
2018-01-13,0.0,21.43,11.0,0.87,78.74,0.68,1.02,Jamuna_Jamalpur
2018-01-14,0.0,21.79,11.11,1.28,80.55,0.67,0.85,Jamuna_Jamalpur
2018-01-15,0.0,22.02,9.69,1.43,73.59,0.67,0.97,Jamuna_Jamalpur
2018-01-16,0.0,22.71,11.12,1.21,69.17,0.66,1.06,Jamuna_Jamalpur
2018-01-17,0.0,23.67,11.04,1.34,74.8,0.66,1.11,Jamuna_Jamalpur
2018-01-18,0.0,23.89,11.41,1.29,70.26,0.66,1.29,Jamuna_Jamalpur
2018-01-19,0.0,22.7,10.68,1.42,64.93,0.65,1.24,Jamuna_Jamalpur
2018-01-20,0.0,22.47,10.28,1.16,60.73,0.65,1.04,Jamuna_Jamalpur
2018-01-21,0.0,22.91,12.12,1.07,65.29,0.64,1.08,Jamuna_Jamalpur
2018-01-22,0.0,23.65,10.5,1.15,68.55,0.64,1.09,Jamuna_Jamalpur
2018-01-23,0.0,23.95,11.15,1.42,68.03,0.64,1.14,Jamuna_Jamalpur
2018-01-24,0.0,23.2,12.26,1.2,66.69,0.63,1.14,Jamuna_Jamalpur
2018-01-25,0.0,24.48,11.97,1.39,66.54,0.63,1.31,Jamuna_Jamalpur
2018-01-26,0.0,23.26,10.93,1.49,66.17,0.62,1.25,Jamuna_Jamalpur
2018-01-27,0.0,21.45,9.11,1.53,64.39,0.62,1.23,Jamuna_Jamalpur
2018-01-28,0.0,20.75,9.51,0.97,56.51,0.61,1.0,Jamuna_Jamalpur
2018-01-29,0.0,20.98,10.3,1.0,54.74,0.61,0.92,Jamuna_Jamalpur
2018-01-30,0.0,21.26,10.29,1.05,57.29,0.61,0.77,Jamuna_Jamalpur
2018-01-31,0.0,22.14,9.06,1.73,70.33,0.6,0.77,Jamuna_Jamalpur
2018-02-01,0.0,23.79,11.51,0.99,71.02,0.6,0.97,Jamuna_Jamalpur
2018-02-02,0.0,23.9,13.26,1.02,68.76,0.6,1.04,Jamuna_Jamalpur
2018-02-03,0.0,24.63,13.37,1.2,72.6,0.59,1.1,Jamuna_Jamalpur
2018-02-04,0.0,25.44,12.51,1.81,72.21,0.59,1.18,Jamuna_Jamalpur
2018-02-05,0.0,25.95,12.97,1.62,75.31,0.59,1.27,Jamuna_Jamalpur
2018-02-06,0.0,25.59,13.15,1.38,67.84,0.58,1.33,Jamuna_Jamalpur
2018-02-07,0.0,26.75,12.45,1.59,62.33,0.58,1.48,Jamuna_Jamalpur
2018-02-08,0.0,26.48,15.23,1.82,68.32,0.57,1.23,Jamuna_Jamalpur
2018-02-09,0.0,27.07,12.51,1.79,69.8,0.57,1.41,Jamuna_Jamalpur
2018-02-10,0.0,26.34,15.07,1.21,57.43,0.56,1.08,Jamuna_Jamalpur
2018-02-11,0.0,26.69,14.47,0.94,43.06,0.56,1.17,Jamuna_Jamalpur
2018-02-12,0.0,28.04,12.56,1.38,53.82,0.55,1.59,Jamuna_Jamalpur
2018-02-13,0.0,28.89,12.82,1.58,57.79,0.55,1.55,Jamuna_Jamalpur
2018-02-14,0.0,26.52,15.02,1.95,71.54,0.54,1.26,Jamuna_Jamalpur
2018-02-15,0.0,26.79,13.19,1.48,59.03,0.54,1.48,Jamuna_Jamalpur
2018-02-16,0.0,27.58,12.89,1.55,53.42,0.54,1.46,Jamuna_Jamalpur
2018-02-17,0.0,26.85,13.87,1.31,51.51,0.53,1.25,Jamuna_Jamalpur
2018-02-18,0.0,27.21,15.33,1.36,56.33,0.53,1.17,Jamuna_Jamalpur
2018-02-19,0.0,28.01,14.29,1.25,55.93,0.52,1.2,Jamuna_Jamalpur
2018-02-20,0.0,28.37,15.16,1.27,59.92,0.52,1.22,Jamuna_Jamalpur
2018-02-21,0.0,29.07,17.24,1.01,54.02,0.52,1.42,Jamuna_Jamalpur
2018-02-22,0.0,29.19,16.67,1.0,51.28,0.51,1.34,Jamuna_Jamalpur
2018-02-23,0.02,30.17,19.19,1.29,52.06,0.51,1.22,Jamuna_Jamalpur
2018-02-24,0.31,30.51,17.71,1.6,65.17,0.5,1.25,Jamuna_Jamalpur
2018-02-25,0.04,31.47,17.79,1.54,64.24,0.5,1.25,Jamuna_Jamalpur
2018-02-26,25.38,28.6,17.98,1.62,74.07,0.52,1.08,Jamuna_Jamalpur
2018-02-27,6.35,28.49,17.12,1.22,69.04,0.54,1.54,Jamuna_Jamalpur
2018-02-28,0.01,29.43,17.24,1.31,64.41,0.54,1.94,Jamuna_Jamalpur
2018-03-01,0.0,29.85,19.9,1.02,56.71,0.53,1.82,Jamuna_Jamalpur
2018-03-02,0.16,30.24,18.48,1.7,60.75,0.52,1.63,Jamuna_Jamalpur
2018-03-03,0.0,31.9,17.35,2.18,61.2,0.52,1.8,Jamuna_Jamalpur
2018-03-04,0.0,32.57,16.1,1.83,61.81,0.51,1.82,Jamuna_Jamalpur
2018-03-05,0.03,32.65,17.71,1.88,63.82,0.51,1.54,Jamuna_Jamalpur
2018-03-06,0.0,32.15,18.81,2.01,53.96,0.5,1.61,Jamuna_Jamalpur
2018-03-07,0.0,31.6,15.93,1.11,43.84,0.5,1.69,Jamuna_Jamalpur
2018-03-08,0.0,31.91,16.12,1.24,44.23,0.49,1.45,Jamuna_Jamalpur
2018-03-09,0.0,32.52,18.11,1.52,48.94,0.49,1.39,Jamuna_Jamalpur
2018-03-10,0.0,32.13,18.75,1.39,40.13,0.48,1.39,Jamuna_Jamalpur
2018-03-11,0.0,32.33,16.64,1.57,41.72,0.48,1.27,Jamuna_Jamalpur
2018-03-12,0.07,33.04,16.3,1.62,49.06,0.47,1.24,Jamuna_Jamalpur
2018-03-13,0.02,32.57,18.03,1.53,53.39,0.47,1.13,Jamuna_Jamalpur
2018-03-14,0.0,32.06,17.83,1.65,62.26,0.46,1.03,Jamuna_Jamalpur
2018-03-15,0.01,32.93,19.02,1.45,61.52,0.46,1.02,Jamuna_Jamalpur
2018-03-16,0.33,34.4,20.88,2.34,55.02,0.46,1.03,Jamuna_Jamalpur
2018-03-17,0.18,34.36,19.52,1.84,52.61,0.45,1.04,Jamuna_Jamalpur
2018-03-18,0.0,34.06,19.88,1.45,42.32,0.45,1.0,Jamuna_Jamalpur
2018-03-19,0.0,34.48,17.47,1.23,38.3,0.44,0.98,Jamuna_Jamalpur
2018-03-20,0.0,34.13,18.84,1.02,35.0,0.44,0.88,Jamuna_Jamalpur
2018-03-21,0.0,34.21,18.27,1.48,41.04,0.44,0.76,Jamuna_Jamalpur
2018-03-22,0.02,34.88,19.39,1.72,48.29,0.43,0.74,Jamuna_Jamalpur
2018-03-23,0.25,34.97,20.72,1.66,53.76,0.43,0.69,Jamuna_Jamalpur
2018-03-24,0.23,34.77,22.01,2.05,61.28,0.43,0.66,Jamuna_Jamalpur
2018-03-25,5.25,33.87,22.06,1.31,59.47,0.43,0.72,Jamuna_Jamalpur
2018-03-26,5.84,34.16,22.31,1.82,56.76,0.43,0.69,Jamuna_Jamalpur
2018-03-27,8.45,32.31,21.49,1.83,68.14,0.44,0.81,Jamuna_Jamalpur
2018-03-28,1.21,33.7,20.63,1.79,62.84,0.44,0.82,Jamuna_Jamalpur
2018-03-29,1.97,33.81,22.13,2.45,63.76,0.44,0.85,Jamuna_Jamalpur
2018-03-30,6.49,33.61,21.7,2.87,69.34,0.45,0.82,Jamuna_Jamalpur
2018-03-31,38.42,29.77,20.9,2.19,75.98,0.49,0.88,Jamuna_Jamalpur
2018-04-01,3.71,32.35,19.49,1.15,59.24,0.51,1.88,Jamuna_Jamalpur
2018-04-02,0.32,32.77,20.38,1.33,59.93,0.5,1.67,Jamuna_Jamalpur
2018-04-03,0.0,34.73,21.55,1.02,55.16,0.49,2.12,Jamuna_Jamalpur
2018-04-04,0.02,34.57,20.3,1.19,57.21,0.49,2.14,Jamuna_Jamalpur
2018-04-05,4.27,31.74,21.77,1.83,59.69,0.49,1.18,Jamuna_Jamalpur
2018-04-06,31.07,28.76,21.17,2.0,77.69,0.52,1.34,Jamuna_Jamalpur
2018-04-07,1.77,30.48,21.26,1.45,73.46,0.53,1.62,Jamuna_Jamalpur
2018-04-08,7.09,28.8,22.76,0.86,77.81,0.54,0.97,Jamuna_Jamalpur
2018-04-09,1.11,31.23,21.23,1.5,75.78,0.54,2.48,Jamuna_Jamalpur
2018-04-10,7.76,31.21,22.73,1.3,72.36,0.54,2.47,Jamuna_Jamalpur
2018-04-11,15.02,30.98,22.0,1.8,73.89,0.54,2.44,Jamuna_Jamalpur
2018-04-12,11.97,31.79,21.58,1.89,73.68,0.56,3.19,Jamuna_Jamalpur
2018-04-13,3.45,32.14,21.68,1.53,71.88,0.56,3.62,Jamuna_Jamalpur
2018-04-14,9.19,33.53,22.91,2.03,72.1,0.56,3.63,Jamuna_Jamalpur
2018-04-15,2.73,33.47,22.53,1.8,71.44,0.56,3.92,Jamuna_Jamalpur
2018-04-16,6.89,33.5,22.07,1.68,69.22,0.56,3.53,Jamuna_Jamalpur
2018-04-17,12.38,32.32,22.97,1.57,72.27,0.57,2.49,Jamuna_Jamalpur
2018-04-18,5.53,32.0,22.86,1.76,76.07,0.57,3.53,Jamuna_Jamalpur
2018-04-19,13.2,31.58,23.32,2.37,81.19,0.58,3.33,Jamuna_Jamalpur
2018-04-20,8.49,32.52,23.86,2.64,80.76,0.58,3.74,Jamuna_Jamalpur
2018-04-21,24.23,32.36,24.48,2.55,84.18,0.6,3.44,Jamuna_Jamalpur
2018-04-22,5.16,32.79,24.78,2.36,81.6,0.61,4.22,Jamuna_Jamalpur
2018-04-23,0.33,33.29,24.32,2.07,76.87,0.6,4.9,Jamuna_Jamalpur
2018-04-24,4.37,33.04,23.91,2.25,75.88,0.59,4.45,Jamuna_Jamalpur
2018-04-25,8.89,32.41,22.8,2.37,77.4,0.59,3.88,Jamuna_Jamalpur
2018-04-26,11.84,30.95,23.11,1.5,77.14,0.61,2.64,Jamuna_Jamalpur
2018-04-27,6.02,28.03,22.99,1.73,83.46,0.61,1.29,Jamuna_Jamalpur
2018-04-28,24.48,30.69,21.2,1.55,77.5,0.62,2.79,Jamuna_Jamalpur
2018-04-29,125.63,28.0,23.53,2.59,87.46,0.71,1.63,Jamuna_Jamalpur
2018-04-30,73.83,28.54,22.5,2.45,91.7,0.8,1.53,Jamuna_Jamalpur
2018-05-01,28.61,29.21,23.21,1.84,88.49,0.85,2.46,Jamuna_Jamalpur
2018-05-02,5.38,29.33,22.29,1.85,85.43,0.84,2.59,Jamuna_Jamalpur
2018-05-03,10.25,29.14,22.82,1.66,86.02,0.84,2.71,Jamuna_Jamalpur
2018-05-04,40.32,28.87,23.19,1.34,86.0,0.87,1.92,Jamuna_Jamalpur
2018-05-05,12.25,30.7,23.16,1.58,84.16,0.88,3.33,Jamuna_Jamalpur
2018-05-06,18.55,31.05,24.53,2.33,87.46,0.88,2.96,Jamuna_Jamalpur
2018-05-07,20.03,32.09,25.11,2.88,88.9,0.89,3.15,Jamuna_Jamalpur
2018-05-08,11.88,32.36,25.14,2.52,87.44,0.89,3.21,Jamuna_Jamalpur
2018-05-09,19.0,31.85,25.73,2.66,88.57,0.89,3.19,Jamuna_Jamalpur
2018-05-10,13.33,30.77,24.81,2.62,88.56,0.89,2.83,Jamuna_Jamalpur
2018-05-11,3.54,29.98,23.73,1.99,87.46,0.89,3.08,Jamuna_Jamalpur
2018-05-12,2.04,30.44,23.43,1.82,87.59,0.88,2.96,Jamuna_Jamalpur
2018-05-13,1.21,30.92,23.38,1.96,84.76,0.87,3.62,Jamuna_Jamalpur
2018-05-14,1.48,29.51,24.41,1.55,85.99,0.87,2.46,Jamuna_Jamalpur
2018-05-15,21.21,30.11,23.87,1.3,81.74,0.87,2.98,Jamuna_Jamalpur
2018-05-16,25.28,29.27,24.04,1.69,88.5,0.9,2.32,Jamuna_Jamalpur
2018-05-17,5.15,29.19,23.17,1.83,85.57,0.89,3.02,Jamuna_Jamalpur
2018-05-18,3.37,30.91,23.66,1.28,82.43,0.89,4.27,Jamuna_Jamalpur
2018-05-19,3.95,30.99,23.9,1.13,82.41,0.88,4.41,Jamuna_Jamalpur
2018-05-20,14.02,31.68,24.6,1.38,82.71,0.87,4.05,Jamuna_Jamalpur
2018-05-21,6.25,31.4,24.96,1.88,85.65,0.87,3.75,Jamuna_Jamalpur
2018-05-22,3.18,30.97,25.37,1.72,86.27,0.86,3.1,Jamuna_Jamalpur
2018-05-23,9.29,29.7,25.74,2.31,90.49,0.86,1.92,Jamuna_Jamalpur
2018-05-24,25.36,29.24,25.62,2.36,91.97,0.88,0.93,Jamuna_Jamalpur
2018-05-25,28.33,30.29,25.79,2.97,91.52,0.9,1.67,Jamuna_Jamalpur
2018-05-26,30.68,30.26,26.28,2.45,91.48,0.91,1.16,Jamuna_Jamalpur
2018-05-27,25.36,31.49,25.83,2.05,88.61,0.93,2.48,Jamuna_Jamalpur
2018-05-28,18.42,31.69,26.24,2.4,88.5,0.93,2.71,Jamuna_Jamalpur
2018-05-29,37.08,32.21,25.5,1.46,82.74,0.94,3.06,Jamuna_Jamalpur
2018-05-30,17.8,33.54,24.73,1.22,77.35,0.94,4.41,Jamuna_Jamalpur
2018-05-31,46.63,30.94,26.1,2.19,89.77,0.95,1.65,Jamuna_Jamalpur
2018-06-01,15.08,30.26,25.72,2.23,90.81,0.96,1.84,Jamuna_Jamalpur
2018-06-02,10.07,29.56,24.79,1.57,89.19,0.96,1.54,Jamuna_Jamalpur
2018-06-03,8.25,30.51,25.25,1.51,87.63,0.95,1.65,Jamuna_Jamalpur
2018-06-04,9.51,30.15,26.03,1.95,91.08,0.95,1.35,Jamuna_Jamalpur
2018-06-05,5.16,32.44,26.27,1.18,84.49,0.95,2.13,Jamuna_Jamalpur
2018-06-06,5.46,32.94,26.3,1.25,84.29,0.95,3.59,Jamuna_Jamalpur
2018-06-07,16.03,31.82,26.73,1.72,83.57,0.94,2.75,Jamuna_Jamalpur
2018-06-08,7.12,30.64,26.29,1.22,85.4,0.95,1.57,Jamuna_Jamalpur
2018-06-09,2.28,32.36,27.18,0.73,79.67,0.94,2.36,Jamuna_Jamalpur
2018-06-10,14.9,32.81,26.4,1.99,86.82,0.94,2.26,Jamuna_Jamalpur
2018-06-11,14.2,32.96,26.74,2.47,83.56,0.94,2.68,Jamuna_Jamalpur
2018-06-12,6.28,32.72,27.44,1.4,84.7,0.94,2.69,Jamuna_Jamalpur
2018-06-13,14.9,31.87,27.42,2.31,89.91,0.94,1.71,Jamuna_Jamalpur
2018-06-14,20.08,31.99,27.2,2.41,90.16,0.94,1.34,Jamuna_Jamalpur
2018-06-15,24.25,31.82,26.97,3.16,91.8,0.95,1.45,Jamuna_Jamalpur
2018-06-16,11.62,30.07,26.37,2.98,92.69,0.95,0.78,Jamuna_Jamalpur
2018-06-17,13.15,31.16,26.24,2.38,90.48,0.95,0.74,Jamuna_Jamalpur
2018-06-18,14.54,32.24,26.93,2.09,88.72,0.95,1.95,Jamuna_Jamalpur
2018-06-19,34.48,31.42,27.07,2.21,91.03,0.97,1.08,Jamuna_Jamalpur
2018-06-20,14.36,30.45,26.67,1.87,90.72,0.97,1.11,Jamuna_Jamalpur
2018-06-21,4.21,30.18,26.86,1.93,92.37,0.96,0.74,Jamuna_Jamalpur
2018-06-22,5.0,31.7,26.57,2.27,88.76,0.96,2.08,Jamuna_Jamalpur
2018-06-23,13.71,31.77,26.57,2.31,89.17,0.96,2.17,Jamuna_Jamalpur
2018-06-24,29.56,31.17,26.44,2.47,90.28,0.97,1.76,Jamuna_Jamalpur
2018-06-25,44.39,32.05,26.6,1.9,89.25,0.98,1.73,Jamuna_Jamalpur
2018-06-26,31.93,31.86,26.37,2.13,89.73,0.98,1.75,Jamuna_Jamalpur
2018-06-27,9.12,30.87,26.1,3.59,91.03,0.98,1.45,Jamuna_Jamalpur
2018-06-28,8.33,30.32,26.22,2.84,91.99,0.97,1.22,Jamuna_Jamalpur
2018-06-29,2.31,31.65,25.78,2.36,87.23,0.97,2.51,Jamuna_Jamalpur
2018-06-30,5.0,30.67,26.59,2.69,89.97,0.96,1.43,Jamuna_Jamalpur
2018-07-01,29.71,29.43,26.69,2.93,93.7,0.96,0.56,Jamuna_Jamalpur
2018-07-02,38.08,30.81,26.65,3.2,91.72,0.98,1.23,Jamuna_Jamalpur
2018-07-03,57.74,29.79,26.75,3.14,92.64,0.99,0.81,Jamuna_Jamalpur
2018-07-04,16.48,30.79,26.32,3.15,91.81,0.99,1.15,Jamuna_Jamalpur
2018-07-05,8.83,31.35,26.46,2.14,89.44,0.99,1.35,Jamuna_Jamalpur
2018-07-06,2.16,32.33,26.53,1.87,87.42,0.98,2.11,Jamuna_Jamalpur
2018-07-07,1.58,31.71,26.73,1.98,87.84,0.97,1.78,Jamuna_Jamalpur
2018-07-08,3.88,31.98,26.96,3.03,89.61,0.96,2.26,Jamuna_Jamalpur
2018-07-09,1.8,31.85,26.59,2.91,89.44,0.96,2.28,Jamuna_Jamalpur
2018-07-10,5.01,31.6,26.57,2.71,89.15,0.95,2.62,Jamuna_Jamalpur
2018-07-11,1.16,31.52,26.86,2.19,88.08,0.94,2.49,Jamuna_Jamalpur
2018-07-12,3.63,29.76,26.94,2.53,91.01,0.94,1.27,Jamuna_Jamalpur
2018-07-13,2.19,31.34,26.42,1.78,88.15,0.93,1.74,Jamuna_Jamalpur
2018-07-14,3.6,32.65,26.79,1.52,84.31,0.93,3.07,Jamuna_Jamalpur
2018-07-15,1.68,33.25,26.88,2.28,86.97,0.92,3.0,Jamuna_Jamalpur
2018-07-16,6.71,32.24,27.01,3.2,90.2,0.92,2.1,Jamuna_Jamalpur
2018-07-17,6.8,31.43,26.53,3.4,89.39,0.91,2.17,Jamuna_Jamalpur
2018-07-18,2.63,32.64,26.64,2.23,86.78,0.91,3.17,Jamuna_Jamalpur
2018-07-19,0.1,34.56,27.42,1.02,80.46,0.9,3.16,Jamuna_Jamalpur
2018-07-20,4.02,34.0,28.36,1.72,86.39,0.89,1.36,Jamuna_Jamalpur
2018-07-21,9.37,31.67,26.21,3.77,89.45,0.9,2.46,Jamuna_Jamalpur
2018-07-22,20.9,31.7,26.33,4.6,89.97,0.9,2.46,Jamuna_Jamalpur
2018-07-23,43.22,31.0,26.04,3.14,90.45,0.92,1.93,Jamuna_Jamalpur
2018-07-24,36.79,30.07,26.6,2.05,92.36,0.94,0.81,Jamuna_Jamalpur
2018-07-25,35.98,31.64,26.19,2.15,89.82,0.96,1.94,Jamuna_Jamalpur
2018-07-26,21.56,31.64,25.99,2.33,89.27,0.96,2.26,Jamuna_Jamalpur
2018-07-27,28.78,30.66,26.44,1.74,90.41,0.97,1.1,Jamuna_Jamalpur
2018-07-28,18.11,31.22,26.15,2.56,89.61,0.97,1.66,Jamuna_Jamalpur
2018-07-29,25.81,29.84,26.56,2.55,92.45,0.97,0.94,Jamuna_Jamalpur
2018-07-30,27.51,29.6,26.59,1.98,91.67,0.98,0.65,Jamuna_Jamalpur
2018-07-31,10.89,30.19,25.95,2.8,91.45,0.98,1.42,Jamuna_Jamalpur
2018-08-01,16.03,31.82,25.63,1.92,88.61,0.97,2.02,Jamuna_Jamalpur
2018-08-02,19.9,30.7,26.06,2.46,90.97,0.98,1.54,Jamuna_Jamalpur
2018-08-03,10.56,30.53,25.83,2.58,90.7,0.97,1.34,Jamuna_Jamalpur
2018-08-04,11.76,31.04,26.64,2.3,90.92,0.97,1.16,Jamuna_Jamalpur
2018-08-05,5.75,31.58,26.57,1.54,88.43,0.97,1.45,Jamuna_Jamalpur
2018-08-06,7.26,28.95,26.7,1.5,89.65,0.97,0.71,Jamuna_Jamalpur
2018-08-07,8.26,29.86,26.39,2.0,90.97,0.97,0.86,Jamuna_Jamalpur
2018-08-08,0.78,28.83,25.28,2.07,90.96,0.96,1.15,Jamuna_Jamalpur
2018-08-09,0.53,30.58,25.62,1.9,88.98,0.96,1.8,Jamuna_Jamalpur
2018-08-10,2.73,32.04,26.15,1.74,86.98,0.95,2.77,Jamuna_Jamalpur
2018-08-11,4.31,30.36,26.51,1.72,90.43,0.95,1.11,Jamuna_Jamalpur
2018-08-12,4.47,30.57,26.52,2.14,90.3,0.95,1.48,Jamuna_Jamalpur
2018-08-13,3.89,32.08,25.82,1.87,87.99,0.94,2.59,Jamuna_Jamalpur
2018-08-14,1.97,32.31,26.18,1.68,87.81,0.93,2.95,Jamuna_Jamalpur
2018-08-15,23.47,30.48,26.85,2.09,91.37,0.94,1.02,Jamuna_Jamalpur
2018-08-16,11.49,30.78,26.56,1.54,88.23,0.94,1.44,Jamuna_Jamalpur
2018-08-17,7.4,31.9,26.36,1.59,86.32,0.95,2.4,Jamuna_Jamalpur
2018-08-18,1.38,32.57,26.98,1.08,84.35,0.94,2.46,Jamuna_Jamalpur
2018-08-19,2.27,34.3,27.78,1.78,85.68,0.93,3.03,Jamuna_Jamalpur
2018-08-20,11.94,31.64,26.68,2.02,89.74,0.93,1.76,Jamuna_Jamalpur
2018-08-21,11.0,31.52,26.43,2.28,89.75,0.93,2.18,Jamuna_Jamalpur
2018-08-22,7.02,31.67,26.71,2.37,89.28,0.93,2.61,Jamuna_Jamalpur
2018-08-23,16.65,32.16,26.84,2.51,89.47,0.93,2.7,Jamuna_Jamalpur
2018-08-24,16.37,30.38,26.84,1.72,92.19,0.94,1.01,Jamuna_Jamalpur
2018-08-25,16.27,30.64,26.23,1.84,90.43,0.94,1.5,Jamuna_Jamalpur
2018-08-26,8.09,30.17,26.66,2.15,88.83,0.94,2.39,Jamuna_Jamalpur
2018-08-27,2.97,30.07,26.24,2.36,91.55,0.94,1.49,Jamuna_Jamalpur
2018-08-28,4.9,30.94,25.73,2.7,90.5,0.93,2.37,Jamuna_Jamalpur
2018-08-29,3.16,31.85,25.99,2.35,88.36,0.93,3.44,Jamuna_Jamalpur
2018-08-30,4.99,31.47,26.42,2.49,88.91,0.92,2.88,Jamuna_Jamalpur
2018-08-31,5.79,31.99,26.33,2.25,88.3,0.92,3.46,Jamuna_Jamalpur
2018-09-01,19.01,30.62,26.69,2.29,91.26,0.92,2.0,Jamuna_Jamalpur
2018-09-02,22.89,31.37,25.87,2.7,88.65,0.93,3.38,Jamuna_Jamalpur
2018-09-03,15.65,31.02,26.07,2.32,89.39,0.93,2.52,Jamuna_Jamalpur
2018-09-04,13.15,32.77,26.65,1.04,83.46,0.93,3.89,Jamuna_Jamalpur
2018-09-05,9.05,31.95,26.94,1.68,85.31,0.93,2.84,Jamuna_Jamalpur
2018-09-06,1.19,31.32,25.37,3.36,88.34,0.92,3.89,Jamuna_Jamalpur
2018-09-07,0.89,31.45,25.61,3.01,88.33,0.91,3.92,Jamuna_Jamalpur
2018-09-08,0.41,31.89,25.14,1.89,86.8,0.9,4.5,Jamuna_Jamalpur
2018-09-09,2.84,30.92,26.25,2.11,89.21,0.9,2.85,Jamuna_Jamalpur
2018-09-10,11.65,29.74,25.64,2.04,90.96,0.9,1.38,Jamuna_Jamalpur
2018-09-11,33.63,30.47,25.87,2.27,91.19,0.92,1.99,Jamuna_Jamalpur
2018-09-12,33.69,30.47,25.81,2.26,91.27,0.93,1.49,Jamuna_Jamalpur
2018-09-13,78.76,29.81,26.16,2.09,92.98,0.96,0.63,Jamuna_Jamalpur
2018-09-14,27.99,29.77,25.7,1.31,91.22,0.99,1.01,Jamuna_Jamalpur
2018-09-15,2.27,30.91,25.96,0.68,85.45,0.98,2.4,Jamuna_Jamalpur
2018-09-16,0.53,32.31,25.06,1.22,84.69,0.97,3.64,Jamuna_Jamalpur
2018-09-17,0.1,32.68,25.31,1.37,84.27,0.96,4.42,Jamuna_Jamalpur
2018-09-18,0.0,32.32,25.36,1.37,84.14,0.95,4.18,Jamuna_Jamalpur
2018-09-19,1.09,32.55,25.73,1.28,86.58,0.95,3.22,Jamuna_Jamalpur
2018-09-20,11.21,28.95,26.22,1.24,91.79,0.95,0.52,Jamuna_Jamalpur
2018-09-21,2.18,29.98,25.44,1.86,91.02,0.95,2.04,Jamuna_Jamalpur
2018-09-22,0.06,31.42,25.07,0.91,84.05,0.94,4.74,Jamuna_Jamalpur
2018-09-23,0.01,31.47,24.93,1.23,83.66,0.93,5.04,Jamuna_Jamalpur
2018-09-24,0.78,30.84,25.55,1.97,87.86,0.93,3.25,Jamuna_Jamalpur
2018-09-25,2.83,30.34,25.63,2.25,90.16,0.92,1.81,Jamuna_Jamalpur
2018-09-26,2.21,30.0,24.88,1.77,89.54,0.92,2.34,Jamuna_Jamalpur
2018-09-27,4.86,31.7,23.9,1.15,82.89,0.92,4.02,Jamuna_Jamalpur
2018-09-28,1.12,31.07,25.38,1.17,85.4,0.91,3.0,Jamuna_Jamalpur
2018-09-29,0.46,31.93,25.1,1.04,82.63,0.91,4.43,Jamuna_Jamalpur
2018-09-30,0.2,32.15,24.85,1.31,81.42,0.9,4.84,Jamuna_Jamalpur
2018-10-01,0.12,32.25,24.69,1.06,75.4,0.89,5.94,Jamuna_Jamalpur
2018-10-02,0.01,31.6,23.96,1.39,77.46,0.88,5.34,Jamuna_Jamalpur
2018-10-03,3.09,31.07,23.79,1.37,80.59,0.87,4.84,Jamuna_Jamalpur
2018-10-04,9.25,31.46,23.16,1.25,79.68,0.87,5.09,Jamuna_Jamalpur
2018-10-05,2.15,31.21,23.37,0.83,78.25,0.87,5.97,Jamuna_Jamalpur
2018-10-06,4.43,31.12,24.2,0.69,73.94,0.86,5.65,Jamuna_Jamalpur
2018-10-07,1.48,31.07,24.2,0.73,69.68,0.86,6.1,Jamuna_Jamalpur
2018-10-08,0.09,30.98,24.09,0.9,69.83,0.85,6.02,Jamuna_Jamalpur
2018-10-09,0.34,30.06,23.12,1.43,77.1,0.84,5.03,Jamuna_Jamalpur
2018-10-10,6.1,27.73,21.64,2.21,88.31,0.83,3.42,Jamuna_Jamalpur
2018-10-11,11.64,25.41,22.53,2.47,94.01,0.84,0.64,Jamuna_Jamalpur
2018-10-12,5.06,26.22,22.12,2.46,92.9,0.85,1.2,Jamuna_Jamalpur
2018-10-13,3.58,25.48,21.48,1.8,92.44,0.85,1.44,Jamuna_Jamalpur
2018-10-14,17.78,28.59,20.59,1.48,85.92,0.85,3.98,Jamuna_Jamalpur
2018-10-15,2.14,29.56,20.76,1.5,81.95,0.85,4.38,Jamuna_Jamalpur
2018-10-16,0.0,28.99,20.56,0.77,69.91,0.85,5.76,Jamuna_Jamalpur
2018-10-17,0.0,28.94,20.82,0.72,68.75,0.84,5.76,Jamuna_Jamalpur
2018-10-18,0.47,29.0,20.44,1.42,79.81,0.83,4.3,Jamuna_Jamalpur
2018-10-19,0.82,29.28,20.57,1.33,81.48,0.82,4.19,Jamuna_Jamalpur
2018-10-20,0.0,29.52,20.94,1.13,80.39,0.81,4.47,Jamuna_Jamalpur
2018-10-21,0.0,30.12,21.44,0.93,75.1,0.81,5.49,Jamuna_Jamalpur
2018-10-22,0.0,30.3,20.95,1.08,76.88,0.8,5.44,Jamuna_Jamalpur
2018-10-23,0.0,29.65,21.25,1.13,78.78,0.79,5.37,Jamuna_Jamalpur
2018-10-24,0.0,29.56,20.82,1.13,73.53,0.78,5.27,Jamuna_Jamalpur
2018-10-25,0.0,28.92,19.7,1.27,72.47,0.77,5.18,Jamuna_Jamalpur
2018-10-26,0.0,29.63,19.18,1.0,73.19,0.77,5.53,Jamuna_Jamalpur
2018-10-27,1.06,28.55,20.87,1.19,75.15,0.76,4.47,Jamuna_Jamalpur
2018-10-28,0.7,27.06,20.09,1.77,85.64,0.75,2.3,Jamuna_Jamalpur
2018-10-29,0.09,27.88,19.35,1.54,84.12,0.75,4.67,Jamuna_Jamalpur
2018-10-30,0.31,28.54,19.35,1.46,85.02,0.74,4.84,Jamuna_Jamalpur
2018-10-31,0.06,28.87,20.06,1.44,87.7,0.73,4.15,Jamuna_Jamalpur
2018-11-01,0.0,29.9,20.3,0.88,80.24,0.72,5.3,Jamuna_Jamalpur
2018-11-02,0.06,29.33,22.05,0.6,74.3,0.71,5.17,Jamuna_Jamalpur
2018-11-03,0.33,28.95,20.69,0.98,76.04,0.71,4.61,Jamuna_Jamalpur
2018-11-04,0.7,28.7,19.78,1.65,83.85,0.7,3.46,Jamuna_Jamalpur
2018-11-05,0.93,29.07,20.28,1.65,85.62,0.7,3.19,Jamuna_Jamalpur
2018-11-06,3.51,28.34,20.78,1.6,79.7,0.69,3.1,Jamuna_Jamalpur
2018-11-07,0.03,28.24,18.76,0.96,69.91,0.69,3.47,Jamuna_Jamalpur
2018-11-08,0.0,27.96,16.73,1.23,75.25,0.68,3.68,Jamuna_Jamalpur
2018-11-09,0.0,27.39,17.5,0.8,74.98,0.68,3.7,Jamuna_Jamalpur
2018-11-10,0.0,27.08,16.99,0.8,69.17,0.67,3.51,Jamuna_Jamalpur
2018-11-11,0.0,27.71,18.06,0.93,74.29,0.66,3.53,Jamuna_Jamalpur
2018-11-12,0.0,27.81,17.89,0.92,74.47,0.66,3.64,Jamuna_Jamalpur
2018-11-13,0.0,27.8,18.04,0.94,70.26,0.65,3.46,Jamuna_Jamalpur
2018-11-14,0.0,27.56,17.85,1.02,70.5,0.65,2.9,Jamuna_Jamalpur
2018-11-15,0.0,27.16,17.26,1.47,79.61,0.64,2.0,Jamuna_Jamalpur
2018-11-16,0.0,28.0,16.95,1.33,74.31,0.64,2.46,Jamuna_Jamalpur
2018-11-17,0.0,26.82,18.39,1.15,71.47,0.63,2.4,Jamuna_Jamalpur
2018-11-18,0.0,26.38,15.19,0.94,68.37,0.63,2.73,Jamuna_Jamalpur
2018-11-19,0.0,26.19,13.99,1.09,68.07,0.62,2.53,Jamuna_Jamalpur
2018-11-20,0.0,25.83,16.02,0.73,65.31,0.62,2.35,Jamuna_Jamalpur
2018-11-21,0.0,26.48,15.57,0.99,72.31,0.61,2.15,Jamuna_Jamalpur
2018-11-22,0.0,27.36,15.92,0.95,76.98,0.61,2.38,Jamuna_Jamalpur
2018-11-23,0.0,26.11,16.77,0.78,78.56,0.61,2.02,Jamuna_Jamalpur
2018-11-24,0.0,27.28,17.98,0.45,70.68,0.6,2.57,Jamuna_Jamalpur
2018-11-25,0.0,26.93,15.87,0.92,76.84,0.6,2.34,Jamuna_Jamalpur
2018-11-26,0.0,26.36,15.76,1.09,77.99,0.59,2.24,Jamuna_Jamalpur
2018-11-27,0.0,27.39,15.57,1.14,76.58,0.59,2.34,Jamuna_Jamalpur
2018-11-28,0.0,27.42,15.63,0.75,71.42,0.58,2.37,Jamuna_Jamalpur
2018-11-29,0.0,27.3,16.83,0.59,65.69,0.58,2.29,Jamuna_Jamalpur
2018-11-30,0.0,26.56,15.77,0.61,62.97,0.58,2.2,Jamuna_Jamalpur
2018-12-01,0.0,26.56,15.96,0.78,62.65,0.57,2.07,Jamuna_Jamalpur
2018-12-02,0.0,26.64,15.57,1.15,67.29,0.57,1.97,Jamuna_Jamalpur
2018-12-03,0.0,26.22,17.57,0.7,63.29,0.56,1.77,Jamuna_Jamalpur
2018-12-04,0.0,26.6,16.4,1.11,70.29,0.56,1.8,Jamuna_Jamalpur
2018-12-05,0.0,25.17,15.88,1.12,78.2,0.55,0.95,Jamuna_Jamalpur
2018-12-06,0.0,26.56,15.65,1.18,74.29,0.55,1.55,Jamuna_Jamalpur
2018-12-07,0.0,25.92,15.67,1.18,68.81,0.55,1.43,Jamuna_Jamalpur
2018-12-08,0.0,25.64,13.43,1.46,72.59,0.54,1.3,Jamuna_Jamalpur
2018-12-09,0.0,25.94,14.05,1.03,73.29,0.54,1.47,Jamuna_Jamalpur
2018-12-10,0.0,26.77,14.96,0.76,66.15,0.54,1.56,Jamuna_Jamalpur
2018-12-11,0.0,26.54,14.03,1.0,66.8,0.53,1.35,Jamuna_Jamalpur
2018-12-12,0.0,26.47,14.26,0.87,65.53,0.53,1.33,Jamuna_Jamalpur
2018-12-13,0.0,27.19,14.17,1.03,67.46,0.53,1.31,Jamuna_Jamalpur
2018-12-14,0.0,26.54,14.84,1.44,71.84,0.52,1.18,Jamuna_Jamalpur
2018-12-15,0.0,26.68,12.45,1.19,63.68,0.52,1.17,Jamuna_Jamalpur
2018-12-16,0.0,26.78,15.03,1.18,67.71,0.52,1.02,Jamuna_Jamalpur
2018-12-17,1.74,24.63,16.15,0.94,74.73,0.52,0.53,Jamuna_Jamalpur
2018-12-18,13.76,20.37,16.15,2.58,91.3,0.53,0.2,Jamuna_Jamalpur
2018-12-19,0.05,23.6,12.71,2.17,76.11,0.54,1.1,Jamuna_Jamalpur
2018-12-20,0.0,24.29,11.4,1.24,77.94,0.53,1.04,Jamuna_Jamalpur
2018-12-21,0.0,24.11,13.08,1.06,75.55,0.53,1.07,Jamuna_Jamalpur
2018-12-22,0.0,24.65,12.25,1.18,71.27,0.53,0.97,Jamuna_Jamalpur
2018-12-23,0.0,25.65,12.33,0.84,71.54,0.52,1.08,Jamuna_Jamalpur
2018-12-24,0.0,25.34,13.43,0.81,71.77,0.52,1.02,Jamuna_Jamalpur
2018-12-25,0.0,23.4,11.92,1.17,62.99,0.52,0.71,Jamuna_Jamalpur
2018-12-26,0.0,22.91,10.93,1.07,58.38,0.51,0.68,Jamuna_Jamalpur
2018-12-27,0.0,22.66,10.05,1.5,59.37,0.51,0.61,Jamuna_Jamalpur
2018-12-28,0.0,22.25,9.69,1.61,54.22,0.51,0.59,Jamuna_Jamalpur
2018-12-29,0.01,22.48,7.68,1.25,57.95,0.51,0.54,Jamuna_Jamalpur
2018-12-30,0.0,25.3,8.89,1.22,63.49,0.5,0.81,Jamuna_Jamalpur
2018-12-31,0.0,25.62,10.52,1.16,65.49,0.5,0.77,Jamuna_Jamalpur
2019-01-01,0.0,25.7,11.44,1.18,63.35,0.5,0.8,Jamuna_Jamalpur
2019-01-02,0.0,25.22,10.94,1.1,63.9,0.5,0.76,Jamuna_Jamalpur
2019-01-03,0.0,24.95,12.21,1.27,62.11,0.49,0.69,Jamuna_Jamalpur
2019-01-04,0.0,23.77,11.6,0.97,62.79,0.49,0.48,Jamuna_Jamalpur
2019-01-05,0.0,24.92,9.57,1.14,68.64,0.49,0.61,Jamuna_Jamalpur
2019-01-06,0.0,25.81,11.97,0.97,61.56,0.49,0.68,Jamuna_Jamalpur
2019-01-07,0.0,26.53,11.89,0.91,57.99,0.48,0.67,Jamuna_Jamalpur
2019-01-08,0.0,26.55,12.46,1.58,59.45,0.48,0.59,Jamuna_Jamalpur
2019-01-09,0.0,25.29,14.22,1.02,59.44,0.48,0.48,Jamuna_Jamalpur
2019-01-10,0.0,24.16,12.91,1.12,57.82,0.48,0.44,Jamuna_Jamalpur
2019-01-11,0.0,24.62,10.97,1.1,64.39,0.47,0.44,Jamuna_Jamalpur
2019-01-12,0.0,25.5,11.49,0.76,64.42,0.47,0.5,Jamuna_Jamalpur
2019-01-13,0.0,26.69,12.82,0.82,58.68,0.47,0.56,Jamuna_Jamalpur
2019-01-14,0.0,25.7,13.19,1.22,59.83,0.47,0.46,Jamuna_Jamalpur
2019-01-15,0.0,24.92,11.05,1.58,54.78,0.47,0.36,Jamuna_Jamalpur
2019-01-16,0.0,25.8,10.27,0.85,51.82,0.46,0.41,Jamuna_Jamalpur
2019-01-17,0.0,26.06,11.47,1.33,56.87,0.46,0.41,Jamuna_Jamalpur
2019-01-18,0.0,25.37,11.98,1.11,54.76,0.46,0.35,Jamuna_Jamalpur
2019-01-19,0.0,25.56,13.11,1.03,57.74,0.46,0.34,Jamuna_Jamalpur
2019-01-20,0.0,26.06,12.73,1.09,63.35,0.46,0.39,Jamuna_Jamalpur
2019-01-21,0.0,27.14,13.62,1.13,60.24,0.45,0.43,Jamuna_Jamalpur
2019-01-22,0.0,27.79,13.42,0.96,56.57,0.45,0.45,Jamuna_Jamalpur
2019-01-23,0.0,27.68,13.87,0.89,52.68,0.45,0.43,Jamuna_Jamalpur
2019-01-24,0.0,28.29,14.31,1.5,58.2,0.45,0.37,Jamuna_Jamalpur
2019-01-25,0.0,28.85,14.45,1.15,56.99,0.44,0.42,Jamuna_Jamalpur
2019-01-26,0.0,29.36,15.05,1.5,60.25,0.44,0.41,Jamuna_Jamalpur
2019-01-27,0.0,28.54,14.97,1.84,59.47,0.44,0.37,Jamuna_Jamalpur
2019-01-28,0.0,27.87,14.6,2.24,57.93,0.44,0.35,Jamuna_Jamalpur
2019-01-29,0.12,26.02,12.81,2.82,46.48,0.43,0.28,Jamuna_Jamalpur
2019-01-30,0.0,24.28,9.09,1.26,48.6,0.43,0.28,Jamuna_Jamalpur
2019-01-31,0.0,27.19,10.57,1.28,52.62,0.43,0.31,Jamuna_Jamalpur
2019-02-01,0.0,27.37,12.26,1.34,55.73,0.43,0.29,Jamuna_Jamalpur
2019-02-02,0.0,27.21,12.79,1.1,50.71,0.43,0.3,Jamuna_Jamalpur
2019-02-03,0.0,27.79,15.03,0.88,41.9,0.42,0.28,Jamuna_Jamalpur
2019-02-04,0.0,27.25,14.89,1.35,38.87,0.42,0.25,Jamuna_Jamalpur
2019-02-05,0.0,27.78,13.99,1.18,39.02,0.42,0.26,Jamuna_Jamalpur
2019-02-06,0.0,27.04,16.01,0.86,36.76,0.42,0.23,Jamuna_Jamalpur
2019-02-07,0.0,28.03,13.45,1.17,45.1,0.41,0.24,Jamuna_Jamalpur
2019-02-08,0.25,29.58,15.29,1.22,52.84,0.41,0.24,Jamuna_Jamalpur
2019-02-09,4.43,27.27,16.96,3.07,71.27,0.42,0.26,Jamuna_Jamalpur
2019-02-10,0.04,26.08,12.38,1.96,54.75,0.42,0.26,Jamuna_Jamalpur
2019-02-11,0.03,27.08,10.58,1.13,50.57,0.41,0.27,Jamuna_Jamalpur
2019-02-12,0.0,28.61,12.36,1.36,56.13,0.41,0.26,Jamuna_Jamalpur
2019-02-13,0.0,29.49,14.52,1.29,52.06,0.41,0.26,Jamuna_Jamalpur
2019-02-14,0.0,30.98,17.36,1.15,45.64,0.41,0.26,Jamuna_Jamalpur
2019-02-15,0.0,30.47,18.23,1.38,44.35,0.4,0.22,Jamuna_Jamalpur
2019-02-16,5.46,27.44,18.15,1.86,57.13,0.4,0.16,Jamuna_Jamalpur
2019-02-17,2.71,26.86,16.13,2.23,59.63,0.41,0.2,Jamuna_Jamalpur
2019-02-18,0.05,25.25,13.69,1.53,50.96,0.41,0.17,Jamuna_Jamalpur
2019-02-19,0.01,29.0,14.34,1.65,41.85,0.41,0.24,Jamuna_Jamalpur
2019-02-20,0.0,30.46,14.32,1.84,54.21,0.41,0.24,Jamuna_Jamalpur
2019-02-21,0.0,29.79,15.27,1.66,50.22,0.4,0.25,Jamuna_Jamalpur
2019-02-22,0.0,30.13,16.17,1.26,47.94,0.4,0.21,Jamuna_Jamalpur
2019-02-23,0.0,31.67,17.0,1.82,52.65,0.4,0.21,Jamuna_Jamalpur
2019-02-24,0.0,31.69,16.33,1.77,39.69,0.4,0.25,Jamuna_Jamalpur
2019-02-25,1.85,29.16,16.26,1.37,39.18,0.4,0.2,Jamuna_Jamalpur
2019-02-26,3.75,29.2,16.09,1.67,58.57,0.4,0.2,Jamuna_Jamalpur
2019-02-27,5.2,26.83,15.58,2.39,76.65,0.4,0.16,Jamuna_Jamalpur
2019-02-28,13.26,25.43,15.48,2.16,78.97,0.42,0.12,Jamuna_Jamalpur
2019-03-01,0.0,27.01,11.34,1.94,45.09,0.43,0.44,Jamuna_Jamalpur
2019-03-02,0.0,28.51,11.91,1.39,38.44,0.42,0.45,Jamuna_Jamalpur
2019-03-03,0.0,28.87,13.59,1.74,47.52,0.42,0.36,Jamuna_Jamalpur
2019-03-04,0.1,28.2,15.52,2.03,57.61,0.42,0.32,Jamuna_Jamalpur
2019-03-05,7.09,26.58,17.68,1.95,79.65,0.42,0.25,Jamuna_Jamalpur
2019-03-06,0.75,29.36,15.7,1.4,64.05,0.43,0.41,Jamuna_Jamalpur
2019-03-07,0.0,29.98,15.75,1.73,41.34,0.42,0.46,Jamuna_Jamalpur
2019-03-08,0.0,29.6,15.62,2.02,37.15,0.42,0.43,Jamuna_Jamalpur
2019-03-09,0.0,30.46,16.31,1.41,35.68,0.42,0.41,Jamuna_Jamalpur
2019-03-10,0.0,31.62,14.97,1.8,50.4,0.41,0.36,Jamuna_Jamalpur
2019-03-11,0.0,31.68,18.26,1.35,58.12,0.41,0.39,Jamuna_Jamalpur
2019-03-12,0.0,35.37,17.95,2.21,39.49,0.41,0.43,Jamuna_Jamalpur
2019-03-13,0.0,35.55,18.56,1.7,39.0,0.4,0.38,Jamuna_Jamalpur
2019-03-14,0.0,35.68,18.83,1.34,36.62,0.4,0.35,Jamuna_Jamalpur
2019-03-15,0.0,34.95,20.98,1.89,44.2,0.4,0.28,Jamuna_Jamalpur
2019-03-16,0.0,36.23,22.53,2.79,44.5,0.39,0.33,Jamuna_Jamalpur
2019-03-17,0.53,35.73,19.61,1.77,38.41,0.39,0.28,Jamuna_Jamalpur
2019-03-18,1.21,30.6,19.66,1.33,37.96,0.39,0.2,Jamuna_Jamalpur
2019-03-19,0.34,33.24,18.32,1.68,43.98,0.39,0.23,Jamuna_Jamalpur
2019-03-20,0.0,33.85,17.87,1.4,34.82,0.39,0.23,Jamuna_Jamalpur
2019-03-21,0.56,36.14,18.3,1.67,38.07,0.38,0.23,Jamuna_Jamalpur
2019-03-22,1.42,35.01,19.53,1.71,56.35,0.38,0.19,Jamuna_Jamalpur
2019-03-23,0.56,35.92,20.9,2.02,44.63,0.38,0.23,Jamuna_Jamalpur
2019-03-24,0.0,35.26,18.59,1.48,30.47,0.38,0.19,Jamuna_Jamalpur
2019-03-25,0.0,35.89,17.25,1.93,35.64,0.37,0.17,Jamuna_Jamalpur
2019-03-26,0.79,35.13,19.22,1.85,42.93,0.37,0.13,Jamuna_Jamalpur
2019-03-27,2.9,33.58,20.55,1.98,45.72,0.37,0.14,Jamuna_Jamalpur
2019-03-28,0.0,34.44,21.1,1.34,48.59,0.37,0.16,Jamuna_Jamalpur
2019-03-29,0.01,35.49,20.67,1.67,49.44,0.37,0.13,Jamuna_Jamalpur
2019-03-30,0.5,34.43,23.49,1.59,54.73,0.37,0.11,Jamuna_Jamalpur
2019-03-31,4.79,35.65,23.54,2.56,59.94,0.37,0.12,Jamuna_Jamalpur
2019-04-01,20.07,32.01,24.3,3.13,74.1,0.4,0.3,Jamuna_Jamalpur
2019-04-02,3.89,33.02,22.73,2.24,68.17,0.41,0.37,Jamuna_Jamalpur
2019-04-03,0.87,33.88,21.69,2.69,66.11,0.41,0.44,Jamuna_Jamalpur
2019-04-04,0.41,34.29,21.77,2.5,62.14,0.4,0.41,Jamuna_Jamalpur
2019-04-05,1.17,34.23,23.48,2.14,64.24,0.4,0.38,Jamuna_Jamalpur
2019-04-06,9.18,32.84,23.45,2.25,67.13,0.4,0.28,Jamuna_Jamalpur
2019-04-07,4.91,30.99,22.67,1.51,69.65,0.42,0.37,Jamuna_Jamalpur
2019-04-08,0.45,34.33,21.49,1.85,62.63,0.42,0.56,Jamuna_Jamalpur
2019-04-09,15.77,32.05,23.45,1.55,71.07,0.43,0.6,Jamuna_Jamalpur
2019-04-10,2.32,33.41,21.52,1.37,65.51,0.44,0.87,Jamuna_Jamalpur
2019-04-11,0.27,34.47,22.18,1.74,64.06,0.43,0.9,Jamuna_Jamalpur
2019-04-12,0.64,34.75,23.49,1.72,59.75,0.43,0.81,Jamuna_Jamalpur
2019-04-13,2.61,36.57,23.41,1.44,57.19,0.43,0.87,Jamuna_Jamalpur
2019-04-14,1.43,37.34,23.87,2.36,58.37,0.43,0.88,Jamuna_Jamalpur
2019-04-15,3.64,36.62,24.42,2.26,64.27,0.43,0.81,Jamuna_Jamalpur
2019-04-16,11.6,35.16,24.44,2.08,68.72,0.44,0.87,Jamuna_Jamalpur
2019-04-17,5.51,37.29,24.94,1.95,61.6,0.45,1.12,Jamuna_Jamalpur
2019-04-18,0.0,36.96,22.39,2.45,46.77,0.44,1.11,Jamuna_Jamalpur
2019-04-19,0.1,37.78,24.55,1.64,44.02,0.43,1.0,Jamuna_Jamalpur
2019-04-20,0.02,37.01,23.32,1.64,43.63,0.43,0.91,Jamuna_Jamalpur
2019-04-21,3.21,36.71,24.79,1.54,49.08,0.43,0.94,Jamuna_Jamalpur
2019-04-22,1.08,35.8,23.48,1.28,53.28,0.42,0.86,Jamuna_Jamalpur
2019-04-23,0.19,36.89,22.94,1.22,48.29,0.42,0.85,Jamuna_Jamalpur
2019-04-24,0.42,37.95,23.74,1.51,49.15,0.42,0.72,Jamuna_Jamalpur
2019-04-25,0.1,38.87,25.49,0.95,46.64,0.41,0.71,Jamuna_Jamalpur
2019-04-26,0.12,39.34,26.17,1.84,47.4,0.41,0.58,Jamuna_Jamalpur
2019-04-27,7.09,38.43,26.18,2.03,56.68,0.41,0.57,Jamuna_Jamalpur
2019-04-28,17.3,38.76,26.47,2.52,63.07,0.43,0.91,Jamuna_Jamalpur
2019-04-29,15.84,37.39,25.91,2.41,66.5,0.45,1.26,Jamuna_Jamalpur
2019-04-30,8.29,37.21,25.76,2.43,67.2,0.46,1.33,Jamuna_Jamalpur
2019-05-01,19.51,36.35,25.94,3.15,68.68,0.47,1.33,Jamuna_Jamalpur
2019-05-02,15.59,35.35,25.36,2.62,69.96,0.5,1.85,Jamuna_Jamalpur
2019-05-03,13.98,29.87,25.19,3.06,81.65,0.51,0.9,Jamuna_Jamalpur
2019-05-04,58.52,28.34,23.19,5.43,87.99,0.57,0.73,Jamuna_Jamalpur
2019-05-05,0.9,34.93,21.66,2.44,72.4,0.6,4.99,Jamuna_Jamalpur
2019-05-06,1.5,36.87,24.01,2.25,67.14,0.59,4.99,Jamuna_Jamalpur
2019-05-07,0.01,35.94,22.76,2.16,73.13,0.57,4.27,Jamuna_Jamalpur
2019-05-08,0.31,37.56,24.31,2.07,70.01,0.56,4.04,Jamuna_Jamalpur
2019-05-09,3.59,36.71,24.57,2.22,75.71,0.56,3.22,Jamuna_Jamalpur
2019-05-10,4.59,36.51,25.96,2.35,75.39,0.55,3.38,Jamuna_Jamalpur
2019-05-11,10.16,35.64,26.64,2.13,77.68,0.56,2.91,Jamuna_Jamalpur
2019-05-12,6.58,34.99,27.06,2.59,75.29,0.56,2.91,Jamuna_Jamalpur
2019-05-13,4.93,35.97,26.13,2.35,72.42,0.56,3.23,Jamuna_Jamalpur
2019-05-14,13.55,34.02,25.92,1.67,71.87,0.57,3.57,Jamuna_Jamalpur
2019-05-15,5.71,33.83,25.72,1.97,73.98,0.57,3.45,Jamuna_Jamalpur
2019-05-16,3.33,33.68,24.61,1.74,73.05,0.57,3.4,Jamuna_Jamalpur
2019-05-17,10.35,35.56,25.26,1.94,73.69,0.57,3.36,Jamuna_Jamalpur
2019-05-18,11.73,36.92,25.87,2.11,73.67,0.58,3.79,Jamuna_Jamalpur
2019-05-19,48.81,32.75,26.47,1.79,82.72,0.64,4.02,Jamuna_Jamalpur
2019-05-20,4.22,33.08,26.09,2.35,81.12,0.64,4.17,Jamuna_Jamalpur
2019-05-21,8.44,32.91,25.55,2.38,82.33,0.64,3.62,Jamuna_Jamalpur
2019-05-22,18.12,32.83,26.02,2.7,83.53,0.65,3.99,Jamuna_Jamalpur
2019-05-23,43.57,30.88,26.1,2.49,87.71,0.68,2.44,Jamuna_Jamalpur
2019-05-24,39.54,32.43,26.38,2.4,87.69,0.73,3.49,Jamuna_Jamalpur
2019-05-25,26.41,31.3,26.6,2.55,89.26,0.75,2.56,Jamuna_Jamalpur
2019-05-26,5.61,32.61,25.68,2.59,85.08,0.77,4.41,Jamuna_Jamalpur
2019-05-27,8.9,32.8,25.77,2.68,86.7,0.76,3.97,Jamuna_Jamalpur
2019-05-28,9.94,32.37,26.17,2.53,85.91,0.76,4.02,Jamuna_Jamalpur
2019-05-29,11.25,33.01,25.93,2.17,85.07,0.76,4.31,Jamuna_Jamalpur
2019-05-30,5.18,32.85,26.56,3.25,84.07,0.76,5.1,Jamuna_Jamalpur
2019-05-31,31.02,32.83,26.23,2.5,84.61,0.76,3.94,Jamuna_Jamalpur
2019-06-01,47.34,32.39,26.23,2.01,85.54,0.8,3.14,Jamuna_Jamalpur
2019-06-02,116.57,30.62,26.2,2.12,88.49,0.9,1.47,Jamuna_Jamalpur
2019-06-03,53.58,30.62,25.23,1.79,87.74,0.94,2.11,Jamuna_Jamalpur
2019-06-04,22.34,32.33,25.43,1.81,87.04,0.94,2.77,Jamuna_Jamalpur
2019-06-05,29.15,31.15,26.09,2.66,89.56,0.94,2.38,Jamuna_Jamalpur
2019-06-06,13.18,29.58,25.16,2.54,91.85,0.94,1.05,Jamuna_Jamalpur
2019-06-07,6.62,29.45,25.84,2.54,91.6,0.94,1.16,Jamuna_Jamalpur
2019-06-08,8.61,30.98,25.57,2.25,88.75,0.94,2.5,Jamuna_Jamalpur
2019-06-09,1.51,31.99,26.12,2.04,87.83,0.93,2.93,Jamuna_Jamalpur
2019-06-10,4.74,33.13,26.26,1.87,86.59,0.92,3.5,Jamuna_Jamalpur
2019-06-11,2.55,32.1,26.61,1.94,87.32,0.92,2.83,Jamuna_Jamalpur
2019-06-12,0.61,33.54,26.41,1.2,81.54,0.91,3.69,Jamuna_Jamalpur
2019-06-13,0.09,34.44,28.8,0.86,77.67,0.9,3.4,Jamuna_Jamalpur
2019-06-14,42.77,33.22,28.14,1.4,82.73,0.91,2.19,Jamuna_Jamalpur
2019-06-15,28.36,31.82,27.42,2.59,90.54,0.93,1.7,Jamuna_Jamalpur
2019-06-16,28.82,32.17,27.24,3.51,91.02,0.95,2.06,Jamuna_Jamalpur
2019-06-17,22.53,31.89,27.19,3.08,92.23,0.94,1.31,Jamuna_Jamalpur
2019-06-18,9.96,32.36,27.26,2.24,88.36,0.95,2.2,Jamuna_Jamalpur
2019-06-19,0.63,33.67,26.72,1.06,84.0,0.94,3.36,Jamuna_Jamalpur
2019-06-20,16.63,30.48,27.16,1.5,90.42,0.94,0.84,Jamuna_Jamalpur
2019-06-21,5.01,31.79,26.18,1.97,86.97,0.94,2.28,Jamuna_Jamalpur
2019-06-22,8.31,31.85,26.57,2.81,89.11,0.93,2.38,Jamuna_Jamalpur
2019-06-23,2.47,32.88,26.94,1.8,85.03,0.93,3.51,Jamuna_Jamalpur
2019-06-24,4.2,32.11,27.39,2.08,86.65,0.92,2.47,Jamuna_Jamalpur
2019-06-25,9.07,32.69,27.35,3.01,88.49,0.92,2.45,Jamuna_Jamalpur
2019-06-26,18.16,32.24,27.3,3.92,91.46,0.92,1.39,Jamuna_Jamalpur
2019-06-27,58.68,29.99,27.42,3.45,94.65,0.95,0.31,Jamuna_Jamalpur
2019-06-28,38.8,31.63,27.22,3.44,92.8,0.97,1.14,Jamuna_Jamalpur
2019-06-29,32.34,31.69,27.38,2.32,90.76,0.98,1.29,Jamuna_Jamalpur
2019-06-30,10.71,32.36,26.89,1.54,87.27,0.98,2.02,Jamuna_Jamalpur
2019-07-01,5.7,32.21,27.61,1.71,87.62,0.97,1.76,Jamuna_Jamalpur
2019-07-02,0.4,31.94,25.93,3.83,89.35,0.96,2.1,Jamuna_Jamalpur
2019-07-03,2.17,30.67,27.03,3.16,89.75,0.95,1.53,Jamuna_Jamalpur
2019-07-04,8.7,32.32,26.72,2.33,87.87,0.95,2.63,Jamuna_Jamalpur
2019-07-05,12.24,31.19,27.56,2.48,90.67,0.95,1.39,Jamuna_Jamalpur
2019-07-06,24.77,30.49,26.96,3.76,91.98,0.95,1.38,Jamuna_Jamalpur
2019-07-07,15.85,31.93,26.47,3.35,90.45,0.96,1.79,Jamuna_Jamalpur
2019-07-08,63.91,31.74,27.05,3.12,91.4,0.97,1.24,Jamuna_Jamalpur
2019-07-09,84.68,30.74,26.91,3.42,93.66,0.99,0.43,Jamuna_Jamalpur
2019-07-10,102.12,29.82,26.99,3.12,94.58,1.0,0.29,Jamuna_Jamalpur
2019-07-11,77.93,29.44,26.9,3.12,95.29,1.0,0.19,Jamuna_Jamalpur
2019-07-12,32.1,29.1,26.5,3.43,95.31,1.0,0.16,Jamuna_Jamalpur
2019-07-13,67.19,29.72,26.46,2.67,94.68,1.0,0.25,Jamuna_Jamalpur
2019-07-14,54.79,28.88,26.51,2.98,94.79,1.0,0.18,Jamuna_Jamalpur
2019-07-15,103.35,30.56,26.77,3.13,94.16,1.0,0.3,Jamuna_Jamalpur
2019-07-16,16.05,31.15,26.51,2.61,92.06,1.0,0.68,Jamuna_Jamalpur
2019-07-17,21.07,31.75,26.87,1.81,88.0,1.0,1.25,Jamuna_Jamalpur
2019-07-18,4.16,33.09,26.63,1.47,84.21,0.99,2.13,Jamuna_Jamalpur
2019-07-19,10.77,32.09,26.26,1.94,88.23,0.99,2.06,Jamuna_Jamalpur
2019-07-20,6.79,32.19,26.22,1.91,87.51,0.98,2.05,Jamuna_Jamalpur
2019-07-21,5.3,31.56,27.14,2.18,88.9,0.98,1.67,Jamuna_Jamalpur
2019-07-22,16.72,30.23,27.04,2.82,92.01,0.98,1.06,Jamuna_Jamalpur
2019-07-23,53.5,30.22,26.39,3.46,91.62,0.99,1.11,Jamuna_Jamalpur
2019-07-24,28.72,30.03,26.31,2.7,91.85,0.99,0.91,Jamuna_Jamalpur
2019-07-25,21.38,30.62,26.38,1.64,88.67,0.99,1.29,Jamuna_Jamalpur
2019-07-26,24.08,30.87,26.0,2.54,90.54,0.99,1.36,Jamuna_Jamalpur
2019-07-27,24.38,31.47,26.24,3.98,90.8,0.99,1.67,Jamuna_Jamalpur
2019-07-28,5.23,31.62,25.97,3.33,90.05,0.98,1.8,Jamuna_Jamalpur
2019-07-29,3.24,31.17,25.56,3.62,91.03,0.97,1.8,Jamuna_Jamalpur
2019-07-30,5.52,30.32,25.8,2.74,90.62,0.97,1.6,Jamuna_Jamalpur
2019-07-31,6.03,30.74,25.99,2.54,90.69,0.96,1.29,Jamuna_Jamalpur
2019-08-01,4.2,31.36,25.96,2.54,88.98,0.96,2.32,Jamuna_Jamalpur
2019-08-02,7.24,31.57,25.91,2.54,89.28,0.96,2.59,Jamuna_Jamalpur
2019-08-03,3.19,31.43,26.01,2.27,89.33,0.95,2.54,Jamuna_Jamalpur
2019-08-04,2.23,32.15,26.14,1.85,87.02,0.94,2.55,Jamuna_Jamalpur
2019-08-05,0.6,34.17,27.66,0.72,81.39,0.93,3.29,Jamuna_Jamalpur
2019-08-06,4.93,30.94,28.53,1.85,91.25,0.93,1.0,Jamuna_Jamalpur
2019-08-07,8.85,32.37,26.26,4.35,90.55,0.93,2.34,Jamuna_Jamalpur
2019-08-08,23.27,30.92,25.48,4.73,91.11,0.93,2.11,Jamuna_Jamalpur
2019-08-09,5.42,32.1,26.02,2.54,88.26,0.94,2.97,Jamuna_Jamalpur
2019-08-10,14.96,32.83,26.72,1.39,84.57,0.93,3.65,Jamuna_Jamalpur
2019-08-11,1.01,32.54,27.25,0.96,83.01,0.93,2.24,Jamuna_Jamalpur
2019-08-12,7.22,33.04,27.22,2.39,88.95,0.92,2.39,Jamuna_Jamalpur
2019-08-13,21.73,29.97,26.42,3.87,92.68,0.93,1.28,Jamuna_Jamalpur
2019-08-14,29.11,30.56,26.1,3.53,91.56,0.95,1.76,Jamuna_Jamalpur
2019-08-15,15.12,30.62,26.15,2.54,91.18,0.95,1.84,Jamuna_Jamalpur
2019-08-16,16.03,30.23,26.63,2.3,92.65,0.95,1.0,Jamuna_Jamalpur
2019-08-17,10.44,31.39,26.57,1.86,89.19,0.95,2.25,Jamuna_Jamalpur
2019-08-18,8.77,30.72,26.44,2.98,90.49,0.95,2.28,Jamuna_Jamalpur
2019-08-19,1.7,32.03,25.52,2.02,87.07,0.94,3.65,Jamuna_Jamalpur
2019-08-20,0.41,32.19,26.31,1.73,86.22,0.93,3.76,Jamuna_Jamalpur
2019-08-21,0.24,32.15,26.74,1.46,85.63,0.92,2.75,Jamuna_Jamalpur
2019-08-22,4.26,32.57,27.0,1.08,82.91,0.92,2.6,Jamuna_Jamalpur
2019-08-23,9.3,30.14,26.52,1.75,91.4,0.92,1.14,Jamuna_Jamalpur
2019-08-24,11.79,29.48,26.21,1.64,91.5,0.92,1.2,Jamuna_Jamalpur
2019-08-25,10.55,31.53,25.82,1.76,88.31,0.93,2.76,Jamuna_Jamalpur
2019-08-26,3.12,30.54,26.02,1.97,89.32,0.92,2.47,Jamuna_Jamalpur
2019-08-27,0.34,32.5,25.61,2.01,86.97,0.91,4.0,Jamuna_Jamalpur
2019-08-28,2.77,30.69,26.16,1.87,90.91,0.91,2.02,Jamuna_Jamalpur
2019-08-29,7.47,31.53,26.48,1.06,86.62,0.91,1.87,Jamuna_Jamalpur
2019-08-30,13.44,33.28,26.85,0.98,81.78,0.91,4.34,Jamuna_Jamalpur
2019-08-31,2.5,33.21,27.72,0.51,77.13,0.91,3.05,Jamuna_Jamalpur
2019-09-01,8.92,33.32,27.25,1.32,87.62,0.91,2.85,Jamuna_Jamalpur
2019-09-02,5.39,32.06,26.79,2.06,89.37,0.91,2.91,Jamuna_Jamalpur
2019-09-03,10.92,29.5,26.57,1.46,89.04,0.91,1.16,Jamuna_Jamalpur
2019-09-04,9.64,29.27,26.12,1.96,92.03,0.91,1.06,Jamuna_Jamalpur
2019-09-05,6.69,31.62,25.33,2.16,88.81,0.91,3.29,Jamuna_Jamalpur
2019-09-06,1.44,31.42,25.84,2.47,89.37,0.9,3.62,Jamuna_Jamalpur
2019-09-07,3.38,31.21,26.0,2.79,90.75,0.9,3.04,Jamuna_Jamalpur
2019-09-08,6.55,31.79,26.43,3.04,89.86,0.89,3.14,Jamuna_Jamalpur
2019-09-09,4.52,32.48,26.16,2.34,89.03,0.89,3.95,Jamuna_Jamalpur
2019-09-10,13.23,30.98,27.09,2.08,90.12,0.89,1.92,Jamuna_Jamalpur
2019-09-11,9.95,31.68,27.16,2.48,90.75,0.89,2.49,Jamuna_Jamalpur
2019-09-12,24.55,29.7,26.31,3.31,93.52,0.9,1.3,Jamuna_Jamalpur
2019-09-13,46.91,30.64,25.96,2.67,90.77,0.93,2.48,Jamuna_Jamalpur
2019-09-14,20.18,31.28,25.7,2.36,89.12,0.95,3.2,Jamuna_Jamalpur
2019-09-15,9.11,31.69,26.0,2.02,88.64,0.94,3.3,Jamuna_Jamalpur
2019-09-16,23.56,29.68,26.55,2.05,91.93,0.95,1.24,Jamuna_Jamalpur
2019-09-17,25.18,30.78,25.78,1.32,87.24,0.95,2.15,Jamuna_Jamalpur
2019-09-18,13.44,32.64,24.81,0.9,79.11,0.96,5.18,Jamuna_Jamalpur
2019-09-19,3.86,33.33,25.27,0.9,78.45,0.95,6.18,Jamuna_Jamalpur
2019-09-20,2.67,32.53,26.83,0.75,78.82,0.94,4.34,Jamuna_Jamalpur
2019-09-21,2.43,32.19,26.23,0.69,80.18,0.94,4.36,Jamuna_Jamalpur
2019-09-22,13.74,32.13,26.65,0.82,80.65,0.94,3.28,Jamuna_Jamalpur
2019-09-23,17.76,28.64,25.7,1.26,89.27,0.95,1.3,Jamuna_Jamalpur
2019-09-24,46.34,27.53,24.66,1.81,93.52,0.96,0.57,Jamuna_Jamalpur
2019-09-25,35.1,26.67,23.95,1.51,92.89,0.97,0.79,Jamuna_Jamalpur
2019-09-26,8.85,29.84,23.71,0.97,85.72,0.97,2.46,Jamuna_Jamalpur
2019-09-27,9.08,29.85,24.07,0.69,83.38,0.97,2.69,Jamuna_Jamalpur
2019-09-28,10.87,28.83,24.06,0.69,85.14,0.97,1.54,Jamuna_Jamalpur
2019-09-29,24.72,26.51,23.21,0.92,87.61,0.97,0.64,Jamuna_Jamalpur
2019-09-30,16.13,26.58,22.4,1.63,93.45,0.97,0.54,Jamuna_Jamalpur
2019-10-01,34.98,28.07,24.24,2.62,93.15,0.98,1.25,Jamuna_Jamalpur
2019-10-02,3.43,30.11,24.03,1.73,86.88,0.98,3.42,Jamuna_Jamalpur
2019-10-03,1.4,30.56,23.86,1.18,85.66,0.97,3.56,Jamuna_Jamalpur
2019-10-04,11.84,29.67,23.89,1.48,90.29,0.97,2.12,Jamuna_Jamalpur
2019-10-05,12.07,30.17,23.83,1.04,85.53,0.97,2.87,Jamuna_Jamalpur
2019-10-06,8.36,29.61,24.93,0.99,86.4,0.97,1.86,Jamuna_Jamalpur
2019-10-07,11.05,27.96,24.78,1.05,91.16,0.97,0.68,Jamuna_Jamalpur
2019-10-08,25.48,28.01,24.45,0.84,89.38,0.98,0.91,Jamuna_Jamalpur
2019-10-09,40.11,28.54,23.59,0.75,86.56,0.98,1.84,Jamuna_Jamalpur
2019-10-10,22.57,29.22,22.73,0.84,85.29,0.99,3.7,Jamuna_Jamalpur
2019-10-11,2.29,29.91,23.72,0.68,82.13,0.98,4.48,Jamuna_Jamalpur
2019-10-12,0.12,30.36,23.83,0.77,75.81,0.97,5.26,Jamuna_Jamalpur
2019-10-13,0.0,29.87,22.55,1.22,81.21,0.97,4.67,Jamuna_Jamalpur
2019-10-14,0.0,30.59,21.35,1.29,83.85,0.96,5.02,Jamuna_Jamalpur
2019-10-15,0.19,30.54,22.14,1.07,81.64,0.96,5.08,Jamuna_Jamalpur
2019-10-16,1.44,30.35,24.03,0.88,80.21,0.95,4.41,Jamuna_Jamalpur
2019-10-17,0.95,31.2,24.44,0.87,81.01,0.95,5.07,Jamuna_Jamalpur
2019-10-18,0.0,30.96,23.05,1.32,81.59,0.94,4.77,Jamuna_Jamalpur
2019-10-19,0.0,30.49,22.46,1.51,82.14,0.93,4.67,Jamuna_Jamalpur
2019-10-20,0.0,29.55,22.73,1.44,85.46,0.92,3.91,Jamuna_Jamalpur
2019-10-21,0.6,28.81,22.14,1.6,89.49,0.92,3.15,Jamuna_Jamalpur
2019-10-22,0.46,28.27,22.39,1.48,87.08,0.91,3.55,Jamuna_Jamalpur
2019-10-23,0.44,27.49,20.6,1.02,81.75,0.91,3.63,Jamuna_Jamalpur
2019-10-24,30.56,23.23,20.74,0.99,90.07,0.92,0.63,Jamuna_Jamalpur
2019-10-25,69.47,25.4,20.11,2.1,93.09,0.95,0.85,Jamuna_Jamalpur
2019-10-26,119.5,26.98,21.87,1.26,92.81,0.99,0.99,Jamuna_Jamalpur
2019-10-27,2.2,27.41,21.04,1.23,87.84,0.99,2.89,Jamuna_Jamalpur
2019-10-28,0.01,26.68,19.58,1.51,87.02,0.98,2.64,Jamuna_Jamalpur
2019-10-29,0.0,28.3,19.39,1.17,88.41,0.97,3.01,Jamuna_Jamalpur
2019-10-30,0.0,29.02,21.49,0.97,84.97,0.97,3.85,Jamuna_Jamalpur
2019-10-31,0.0,28.97,21.71,0.92,83.08,0.96,4.01,Jamuna_Jamalpur
2019-11-01,0.0,28.71,21.95,1.22,85.72,0.96,3.79,Jamuna_Jamalpur
2019-11-02,0.0,29.35,20.65,1.07,86.53,0.95,3.93,Jamuna_Jamalpur
2019-11-03,0.0,28.87,21.12,0.85,83.82,0.95,3.8,Jamuna_Jamalpur
2019-11-04,0.0,29.16,21.62,0.86,82.1,0.94,4.19,Jamuna_Jamalpur
2019-11-05,0.24,28.65,21.39,0.98,81.98,0.93,3.9,Jamuna_Jamalpur
2019-11-06,0.08,28.48,20.5,1.0,79.45,0.93,3.63,Jamuna_Jamalpur
2019-11-07,0.0,29.18,18.8,0.98,77.16,0.92,3.87,Jamuna_Jamalpur
2019-11-08,0.46,28.95,20.01,1.05,84.61,0.92,2.4,Jamuna_Jamalpur
2019-11-09,8.51,24.65,21.32,2.22,95.27,0.92,0.33,Jamuna_Jamalpur
2019-11-10,5.69,24.12,20.95,2.96,93.63,0.92,0.34,Jamuna_Jamalpur
2019-11-11,1.15,27.71,19.88,1.65,86.34,0.92,2.83,Jamuna_Jamalpur
2019-11-12,0.03,27.56,19.69,1.12,84.28,0.92,2.94,Jamuna_Jamalpur
2019-11-13,0.0,27.78,18.54,1.12,83.26,0.91,3.39,Jamuna_Jamalpur
2019-11-14,0.0,28.24,19.69,0.94,83.18,0.91,3.66,Jamuna_Jamalpur
2019-11-15,0.0,28.21,19.62,0.81,80.27,0.9,4.03,Jamuna_Jamalpur
2019-11-16,0.0,27.9,20.14,0.71,81.12,0.9,3.5,Jamuna_Jamalpur
2019-11-17,0.0,26.51,19.37,1.15,84.57,0.89,2.61,Jamuna_Jamalpur
2019-11-18,0.0,26.32,18.83,0.61,77.68,0.89,2.87,Jamuna_Jamalpur
2019-11-19,0.05,26.44,18.52,0.89,79.82,0.88,2.35,Jamuna_Jamalpur
2019-11-20,0.01,25.48,16.67,0.84,78.27,0.88,2.39,Jamuna_Jamalpur
2019-11-21,0.0,26.84,16.55,0.88,79.9,0.87,3.02,Jamuna_Jamalpur
2019-11-22,0.0,25.8,17.0,0.67,81.57,0.87,2.97,Jamuna_Jamalpur
2019-11-23,0.0,25.98,18.24,0.71,79.91,0.86,2.56,Jamuna_Jamalpur
2019-11-24,0.0,25.81,17.75,0.7,79.99,0.86,2.55,Jamuna_Jamalpur
2019-11-25,0.0,25.02,18.0,0.88,86.15,0.85,1.5,Jamuna_Jamalpur
2019-11-26,0.0,26.87,17.75,0.83,83.79,0.85,2.9,Jamuna_Jamalpur
2019-11-27,0.0,26.76,17.49,0.65,82.44,0.84,3.13,Jamuna_Jamalpur
2019-11-28,0.0,27.89,17.44,0.91,81.23,0.84,3.17,Jamuna_Jamalpur
2019-11-29,0.0,27.22,17.31,0.96,80.92,0.83,3.0,Jamuna_Jamalpur
2019-11-30,0.0,25.97,17.7,1.04,83.53,0.83,2.49,Jamuna_Jamalpur
2019-12-01,0.0,24.71,16.14,1.22,82.4,0.82,2.24,Jamuna_Jamalpur
2019-12-02,0.0,24.75,16.01,1.01,78.38,0.82,2.4,Jamuna_Jamalpur
2019-12-03,0.0,24.16,14.56,1.26,84.19,0.81,2.2,Jamuna_Jamalpur
2019-12-04,0.0,24.9,14.56,1.1,82.22,0.8,2.61,Jamuna_Jamalpur
2019-12-05,0.0,26.14,12.98,1.25,80.93,0.8,2.51,Jamuna_Jamalpur
2019-12-06,0.0,25.63,14.71,1.2,75.36,0.79,2.79,Jamuna_Jamalpur
2019-12-07,0.0,25.14,14.56,0.97,76.99,0.79,2.32,Jamuna_Jamalpur
2019-12-08,0.0,25.87,16.4,0.96,73.85,0.78,2.67,Jamuna_Jamalpur
2019-12-09,0.0,24.14,14.9,0.88,81.46,0.78,1.99,Jamuna_Jamalpur
2019-12-10,0.0,23.27,15.27,1.08,80.63,0.77,1.87,Jamuna_Jamalpur
2019-12-11,0.0,23.47,14.02,1.1,78.66,0.77,1.75,Jamuna_Jamalpur
2019-12-12,0.0,23.01,14.34,1.0,78.45,0.77,1.22,Jamuna_Jamalpur
2019-12-13,0.0,23.82,14.05,0.86,78.98,0.76,2.0,Jamuna_Jamalpur
2019-12-14,0.0,24.87,14.56,1.05,79.52,0.76,2.19,Jamuna_Jamalpur
2019-12-15,0.15,24.16,15.28,1.17,84.63,0.75,1.98,Jamuna_Jamalpur
2019-12-16,0.0,24.1,15.77,1.14,81.38,0.75,2.15,Jamuna_Jamalpur
2019-12-17,0.0,22.57,13.95,1.24,86.7,0.74,1.62,Jamuna_Jamalpur
2019-12-18,0.0,21.23,11.09,1.74,87.18,0.74,1.5,Jamuna_Jamalpur
2019-12-19,0.0,20.43,9.05,1.43,88.23,0.73,1.45,Jamuna_Jamalpur
2019-12-20,0.0,20.3,9.28,1.16,84.82,0.73,1.31,Jamuna_Jamalpur
2019-12-21,0.0,19.59,10.25,1.06,86.54,0.73,1.03,Jamuna_Jamalpur
2019-12-22,0.0,20.21,10.69,0.93,84.88,0.72,1.33,Jamuna_Jamalpur
2019-12-23,0.0,21.15,10.37,1.45,83.62,0.72,1.27,Jamuna_Jamalpur
2019-12-24,0.0,21.75,9.83,1.48,82.92,0.72,1.37,Jamuna_Jamalpur
2019-12-25,0.0,20.23,10.0,1.03,79.19,0.71,1.28,Jamuna_Jamalpur
2019-12-26,0.02,22.08,10.26,1.15,75.64,0.71,1.61,Jamuna_Jamalpur
2019-12-27,3.41,19.68,10.59,1.56,81.9,0.71,0.86,Jamuna_Jamalpur
2019-12-28,0.44,20.94,7.64,1.83,82.53,0.71,1.21,Jamuna_Jamalpur
2019-12-29,0.26,22.75,7.82,1.4,82.33,0.7,1.48,Jamuna_Jamalpur
2019-12-30,0.0,23.11,9.1,1.17,78.84,0.7,1.44,Jamuna_Jamalpur
2019-12-31,0.0,23.16,10.66,1.22,79.22,0.69,1.43,Jamuna_Jamalpur
2020-01-01,0.58,24.51,15.1,1.06,78.61,0.69,1.28,Jamuna_Jamalpur
2020-01-02,1.61,25.09,15.93,1.15,80.69,0.69,1.17,Jamuna_Jamalpur
2020-01-03,26.85,19.76,15.81,0.97,91.57,0.71,0.12,Jamuna_Jamalpur
2020-01-04,3.48,21.9,14.59,0.9,84.96,0.72,1.1,Jamuna_Jamalpur
2020-01-05,1.74,20.85,12.0,1.72,83.39,0.72,0.96,Jamuna_Jamalpur
2020-01-06,0.14,19.66,8.5,1.51,82.18,0.72,1.06,Jamuna_Jamalpur
2020-01-07,0.05,20.81,8.13,1.3,78.93,0.71,1.21,Jamuna_Jamalpur
2020-01-08,0.01,20.51,10.82,0.8,72.78,0.71,0.89,Jamuna_Jamalpur
2020-01-09,1.38,20.34,12.83,1.5,86.13,0.71,0.62,Jamuna_Jamalpur
2020-01-10,0.07,20.85,11.97,1.45,85.32,0.71,1.15,Jamuna_Jamalpur
2020-01-11,0.01,20.81,9.66,1.93,85.07,0.7,1.12,Jamuna_Jamalpur
2020-01-12,0.0,22.14,8.92,1.53,83.18,0.7,1.26,Jamuna_Jamalpur
2020-01-13,0.0,22.16,9.38,1.12,81.54,0.69,1.22,Jamuna_Jamalpur
2020-01-14,0.0,22.51,10.34,1.09,80.72,0.69,1.29,Jamuna_Jamalpur
2020-01-15,0.0,22.71,12.06,1.08,80.36,0.68,1.21,Jamuna_Jamalpur
2020-01-16,0.0,23.93,12.64,0.97,71.83,0.68,1.33,Jamuna_Jamalpur
2020-01-17,0.0,25.21,13.76,1.13,75.31,0.67,1.33,Jamuna_Jamalpur
2020-01-18,0.0,25.38,15.74,1.23,78.52,0.67,1.27,Jamuna_Jamalpur
2020-01-19,0.24,25.14,14.42,1.67,82.78,0.67,1.38,Jamuna_Jamalpur
2020-01-20,0.0,20.48,11.96,2.0,79.52,0.66,1.09,Jamuna_Jamalpur
2020-01-21,0.0,20.45,8.27,1.47,74.66,0.66,1.07,Jamuna_Jamalpur
2020-01-22,0.0,20.73,9.33,1.2,68.0,0.65,1.17,Jamuna_Jamalpur
2020-01-23,0.0,20.63,10.0,1.44,71.42,0.65,0.97,Jamuna_Jamalpur
2020-01-24,0.0,19.93,9.06,1.18,69.03,0.65,1.0,Jamuna_Jamalpur
2020-01-25,0.0,22.19,10.38,1.01,67.01,0.64,1.19,Jamuna_Jamalpur
2020-01-26,0.0,21.06,9.83,1.48,73.54,0.64,0.96,Jamuna_Jamalpur
2020-01-27,0.0,20.82,9.36,1.46,75.3,0.63,0.9,Jamuna_Jamalpur
2020-01-28,0.0,21.8,9.45,1.39,76.47,0.63,0.9,Jamuna_Jamalpur
2020-01-29,0.25,20.59,12.46,1.02,77.77,0.63,0.5,Jamuna_Jamalpur
2020-01-30,0.55,23.1,11.79,1.15,81.12,0.63,0.95,Jamuna_Jamalpur
2020-01-31,0.17,22.39,13.07,1.7,75.93,0.62,1.18,Jamuna_Jamalpur
2020-02-01,0.0,22.66,10.27,1.25,65.33,0.62,1.38,Jamuna_Jamalpur
2020-02-02,0.0,21.81,8.86,1.91,68.38,0.61,1.23,Jamuna_Jamalpur
2020-02-03,0.0,20.98,8.51,1.42,66.41,0.61,1.2,Jamuna_Jamalpur
2020-02-04,0.0,22.57,9.91,1.36,64.36,0.6,1.19,Jamuna_Jamalpur
2020-02-05,0.0,22.36,10.31,1.64,66.29,0.6,1.21,Jamuna_Jamalpur
2020-02-06,0.0,23.39,10.0,1.55,67.52,0.59,1.38,Jamuna_Jamalpur
2020-02-07,0.0,23.48,12.08,1.24,58.12,0.59,1.37,Jamuna_Jamalpur
2020-02-08,0.0,24.77,12.27,1.26,64.06,0.59,1.4,Jamuna_Jamalpur
2020-02-09,0.0,24.76,12.4,1.97,67.03,0.58,1.33,Jamuna_Jamalpur
2020-02-10,0.01,23.6,9.27,1.62,61.95,0.58,1.27,Jamuna_Jamalpur
2020-02-11,0.0,23.81,9.54,1.76,63.67,0.57,1.15,Jamuna_Jamalpur
2020-02-12,0.0,24.08,9.04,1.93,62.75,0.57,1.17,Jamuna_Jamalpur
2020-02-13,0.0,24.46,10.16,1.59,60.64,0.56,1.2,Jamuna_Jamalpur
2020-02-14,0.0,24.85,12.57,1.25,62.0,0.56,1.05,Jamuna_Jamalpur
2020-02-15,0.0,25.52,12.76,1.52,74.51,0.55,1.1,Jamuna_Jamalpur
2020-02-16,0.0,26.33,15.58,0.93,64.58,0.55,1.28,Jamuna_Jamalpur
2020-02-17,0.0,26.65,14.81,1.22,58.18,0.55,1.43,Jamuna_Jamalpur
2020-02-18,0.01,26.31,13.64,1.39,64.79,0.54,1.18,Jamuna_Jamalpur
2020-02-19,0.02,27.01,15.73,0.94,58.63,0.54,1.28,Jamuna_Jamalpur
2020-02-20,0.0,26.87,15.69,1.1,54.58,0.53,0.96,Jamuna_Jamalpur
2020-02-21,0.0,29.28,14.4,1.19,59.53,0.53,1.6,Jamuna_Jamalpur
2020-02-22,0.0,28.62,16.82,1.18,68.15,0.53,1.19,Jamuna_Jamalpur
2020-02-23,0.27,29.71,17.43,1.08,59.52,0.52,1.44,Jamuna_Jamalpur
2020-02-24,0.14,28.69,17.86,0.94,59.21,0.52,1.42,Jamuna_Jamalpur
2020-02-25,1.88,25.09,16.77,1.46,68.88,0.52,0.56,Jamuna_Jamalpur
2020-02-26,1.87,25.74,16.7,1.21,68.89,0.52,1.08,Jamuna_Jamalpur
2020-02-27,0.57,26.3,15.38,1.08,66.02,0.52,1.32,Jamuna_Jamalpur
2020-02-28,0.0,28.56,14.58,1.08,58.85,0.51,1.66,Jamuna_Jamalpur
2020-02-29,0.0,29.74,15.79,1.24,59.19,0.5,1.68,Jamuna_Jamalpur
2020-03-01,0.0,29.79,17.03,1.42,59.87,0.5,1.54,Jamuna_Jamalpur
2020-03-02,0.11,29.66,18.16,1.41,57.12,0.49,1.25,Jamuna_Jamalpur
2020-03-03,3.17,29.06,18.16,1.39,63.68,0.49,1.16,Jamuna_Jamalpur
2020-03-04,10.62,28.15,17.87,1.64,67.88,0.5,0.96,Jamuna_Jamalpur
2020-03-05,5.07,28.53,18.11,1.3,67.2,0.51,1.29,Jamuna_Jamalpur
2020-03-06,11.01,27.68,18.53,1.19,68.54,0.52,1.28,Jamuna_Jamalpur
2020-03-07,4.01,27.47,17.8,1.63,77.2,0.52,1.24,Jamuna_Jamalpur
2020-03-08,2.14,29.09,18.35,1.67,73.09,0.52,1.78,Jamuna_Jamalpur
2020-03-09,0.0,28.62,15.38,1.72,57.95,0.52,2.03,Jamuna_Jamalpur
2020-03-10,0.01,29.39,18.07,1.4,47.08,0.51,1.97,Jamuna_Jamalpur
2020-03-11,0.0,29.44,17.62,1.59,51.73,0.51,1.79,Jamuna_Jamalpur
2020-03-12,0.0,31.59,18.11,1.27,58.31,0.5,1.79,Jamuna_Jamalpur
2020-03-13,0.04,33.32,19.83,1.28,57.05,0.49,1.91,Jamuna_Jamalpur
2020-03-14,0.7,32.43,19.79,2.16,64.04,0.49,1.5,Jamuna_Jamalpur
2020-03-15,1.17,30.5,18.42,3.0,62.78,0.49,1.47,Jamuna_Jamalpur
2020-03-16,0.0,31.86,17.43,2.08,59.53,0.48,1.57,Jamuna_Jamalpur
2020-03-17,0.0,31.07,16.62,1.89,53.06,0.48,1.45,Jamuna_Jamalpur
2020-03-18,0.0,31.07,18.41,1.64,46.95,0.47,1.35,Jamuna_Jamalpur
2020-03-19,0.0,32.17,19.75,1.35,41.74,0.47,1.27,Jamuna_Jamalpur
2020-03-20,0.08,31.94,18.58,1.31,48.43,0.46,1.15,Jamuna_Jamalpur
2020-03-21,0.44,32.57,20.92,1.25,44.29,0.46,1.1,Jamuna_Jamalpur
2020-03-22,13.39,28.37,20.33,1.11,59.13,0.47,0.89,Jamuna_Jamalpur
2020-03-23,0.11,30.1,18.19,1.22,56.2,0.47,1.4,Jamuna_Jamalpur
2020-03-24,0.05,31.43,19.8,0.96,49.9,0.47,1.42,Jamuna_Jamalpur
2020-03-25,0.0,33.0,21.05,1.1,47.2,0.46,1.42,Jamuna_Jamalpur
2020-03-26,0.0,34.07,21.29,1.47,47.71,0.46,1.21,Jamuna_Jamalpur
2020-03-27,0.0,35.17,21.15,1.69,47.09,0.45,1.26,Jamuna_Jamalpur
2020-03-28,0.0,36.54,21.65,2.44,50.6,0.45,1.27,Jamuna_Jamalpur
2020-03-29,0.0,36.22,20.47,2.85,47.0,0.44,1.23,Jamuna_Jamalpur
2020-03-30,0.0,35.83,18.2,2.25,40.07,0.44,1.04,Jamuna_Jamalpur
2020-03-31,0.0,35.1,20.15,1.38,33.86,0.43,0.93,Jamuna_Jamalpur
2020-04-01,0.0,35.91,21.16,1.47,34.92,0.43,0.87,Jamuna_Jamalpur
2020-04-02,0.0,37.47,20.69,1.98,47.13,0.42,0.82,Jamuna_Jamalpur
2020-04-03,0.34,36.82,23.8,2.08,52.78,0.42,0.78,Jamuna_Jamalpur
2020-04-04,0.32,36.05,20.44,1.59,48.78,0.42,0.74,Jamuna_Jamalpur
2020-04-05,0.01,36.35,20.54,1.57,47.89,0.41,0.67,Jamuna_Jamalpur
2020-04-06,0.01,36.34,19.69,1.84,48.01,0.41,0.6,Jamuna_Jamalpur
2020-04-07,0.01,37.52,20.51,2.28,45.06,0.4,0.58,Jamuna_Jamalpur
2020-04-08,0.08,37.96,22.8,2.08,52.54,0.4,0.52,Jamuna_Jamalpur
2020-04-09,1.17,36.25,22.76,1.87,55.68,0.4,0.46,Jamuna_Jamalpur
2020-04-10,0.58,37.34,22.34,1.7,52.01,0.4,0.46,Jamuna_Jamalpur
2020-04-11,8.32,35.6,22.73,1.8,53.24,0.4,0.44,Jamuna_Jamalpur
2020-04-12,9.05,33.06,21.59,1.41,55.21,0.42,0.58,Jamuna_Jamalpur
2020-04-13,3.67,36.43,21.53,1.31,48.36,0.42,0.75,Jamuna_Jamalpur
2020-04-14,3.75,36.59,24.2,1.2,50.28,0.42,0.68,Jamuna_Jamalpur
2020-04-15,82.9,31.58,24.23,1.17,71.35,0.48,1.02,Jamuna_Jamalpur
2020-04-16,12.04,30.84,22.52,1.12,72.13,0.56,3.4,Jamuna_Jamalpur
2020-04-17,20.05,31.93,22.52,2.27,77.27,0.58,3.41,Jamuna_Jamalpur
2020-04-18,11.83,31.24,23.95,2.2,81.4,0.59,2.39,Jamuna_Jamalpur
2020-04-19,4.56,33.12,24.07,2.41,77.33,0.59,4.53,Jamuna_Jamalpur
2020-04-20,24.14,31.58,23.61,2.06,80.75,0.6,3.2,Jamuna_Jamalpur
2020-04-21,15.31,28.4,21.54,1.76,87.12,0.62,1.6,Jamuna_Jamalpur
2020-04-22,4.24,29.54,20.93,1.05,72.4,0.62,4.51,Jamuna_Jamalpur
2020-04-23,9.29,29.82,20.63,1.88,78.55,0.62,3.38,Jamuna_Jamalpur
2020-04-24,26.88,28.66,21.77,2.2,82.88,0.65,3.17,Jamuna_Jamalpur
2020-04-25,4.37,29.13,20.45,1.51,80.2,0.66,4.45,Jamuna_Jamalpur
2020-04-26,9.09,29.61,20.88,1.62,80.92,0.65,3.45,Jamuna_Jamalpur
2020-04-27,9.94,28.91,21.76,1.54,82.12,0.66,3.06,Jamuna_Jamalpur
2020-04-28,16.07,28.07,21.64,1.76,85.16,0.67,2.55,Jamuna_Jamalpur
2020-04-29,14.54,28.43,21.58,1.62,84.34,0.69,3.73,Jamuna_Jamalpur
2020-04-30,4.0,30.28,21.86,1.66,81.11,0.68,4.43,Jamuna_Jamalpur
2020-05-01,4.64,29.88,22.21,1.63,80.33,0.68,4.37,Jamuna_Jamalpur
2020-05-02,18.61,29.7,22.84,1.29,82.17,0.69,2.66,Jamuna_Jamalpur
2020-05-03,19.24,29.95,22.23,1.61,83.62,0.71,4.64,Jamuna_Jamalpur
2020-05-04,2.27,30.85,22.77,1.4,79.37,0.71,5.44,Jamuna_Jamalpur
2020-05-05,14.89,32.14,23.35,1.55,78.1,0.7,5.18,Jamuna_Jamalpur
2020-05-06,44.59,29.9,24.37,0.96,78.41,0.74,3.82,Jamuna_Jamalpur
2020-05-07,16.26,30.78,22.19,1.09,74.95,0.76,5.29,Jamuna_Jamalpur
2020-05-08,4.5,30.72,23.14,1.2,74.48,0.76,5.66,Jamuna_Jamalpur
2020-05-09,19.02,31.48,22.85,1.38,78.41,0.77,5.1,Jamuna_Jamalpur
2020-05-10,2.69,32.17,24.33,1.15,75.42,0.76,5.05,Jamuna_Jamalpur
2020-05-11,10.88,32.2,25.34,0.75,72.62,0.76,4.72,Jamuna_Jamalpur
2020-05-12,1.88,32.3,25.64,1.34,73.02,0.76,6.32,Jamuna_Jamalpur
2020-05-13,4.02,32.4,24.42,2.13,81.8,0.75,5.29,Jamuna_Jamalpur
2020-05-14,6.52,31.82,24.51,2.03,83.28,0.74,4.84,Jamuna_Jamalpur
2020-05-15,13.54,31.93,24.95,1.5,81.72,0.74,4.69,Jamuna_Jamalpur
2020-05-16,28.73,32.78,25.1,2.24,84.41,0.76,4.28,Jamuna_Jamalpur
2020-05-17,22.61,33.14,25.54,2.06,82.76,0.78,4.91,Jamuna_Jamalpur
2020-05-18,7.54,32.93,24.9,1.75,83.14,0.78,4.88,Jamuna_Jamalpur
2020-05-19,13.8,31.72,25.04,1.7,84.7,0.79,2.75,Jamuna_Jamalpur
2020-05-20,24.04,31.03,22.81,3.67,84.84,0.79,2.98,Jamuna_Jamalpur
2020-05-21,112.14,28.63,24.57,7.24,90.57,0.87,1.56,Jamuna_Jamalpur
2020-05-22,15.45,29.07,24.16,3.04,86.79,0.89,2.48,Jamuna_Jamalpur
2020-05-23,2.22,32.92,23.83,1.96,85.3,0.88,4.09,Jamuna_Jamalpur
2020-05-24,95.25,32.64,25.99,3.56,88.66,0.91,2.59,Jamuna_Jamalpur
2020-05-25,68.48,32.77,26.41,4.12,89.37,0.97,2.28,Jamuna_Jamalpur
2020-05-26,46.03,32.29,26.2,4.3,89.67,0.97,2.23,Jamuna_Jamalpur
2020-05-27,43.15,31.01,25.87,3.18,90.28,0.98,1.67,Jamuna_Jamalpur
2020-05-28,17.6,30.19,25.28,1.32,86.86,0.98,2.12,Jamuna_Jamalpur
2020-05-29,18.48,30.57,24.93,1.41,84.26,0.98,2.18,Jamuna_Jamalpur
2020-05-30,25.9,30.95,24.59,2.16,88.21,0.98,1.79,Jamuna_Jamalpur
2020-05-31,25.41,29.52,25.29,1.39,88.3,0.98,1.37,Jamuna_Jamalpur
2020-06-01,18.33,31.5,24.84,2.15,87.81,0.98,1.68,Jamuna_Jamalpur
2020-06-02,13.15,30.42,26.09,2.29,91.27,0.98,0.79,Jamuna_Jamalpur
2020-06-03,11.54,29.23,26.12,2.48,92.18,0.98,0.58,Jamuna_Jamalpur
2020-06-04,22.93,31.14,25.77,2.29,90.29,0.98,1.21,Jamuna_Jamalpur
2020-06-05,22.97,30.76,25.7,2.13,89.56,0.98,1.75,Jamuna_Jamalpur
2020-06-06,36.61,30.27,26.43,2.66,92.03,0.99,0.85,Jamuna_Jamalpur
2020-06-07,29.47,32.09,25.5,1.41,85.82,0.99,2.38,Jamuna_Jamalpur
2020-06-08,40.54,31.38,26.13,1.74,87.84,0.99,1.7,Jamuna_Jamalpur
2020-06-09,4.64,31.55,25.88,1.39,84.94,0.98,1.99,Jamuna_Jamalpur
2020-06-10,6.06,31.13,26.19,1.57,88.75,0.98,1.38,Jamuna_Jamalpur
2020-06-11,4.75,29.53,26.01,2.4,93.48,0.97,0.78,Jamuna_Jamalpur
2020-06-12,7.76,30.16,26.24,2.67,92.28,0.97,0.89,Jamuna_Jamalpur
2020-06-13,42.86,29.5,26.85,2.99,95.15,0.99,0.36,Jamuna_Jamalpur
2020-06-14,11.0,30.69,26.49,2.52,92.31,0.99,1.04,Jamuna_Jamalpur
2020-06-15,17.13,31.46,26.52,2.23,90.45,0.98,1.56,Jamuna_Jamalpur
2020-06-16,21.49,29.65,26.93,2.39,91.08,0.98,0.94,Jamuna_Jamalpur
2020-06-17,39.91,31.1,26.08,2.52,91.78,0.99,1.25,Jamuna_Jamalpur
2020-06-18,16.95,30.77,26.38,3.12,91.67,0.99,1.19,Jamuna_Jamalpur
2020-06-19,14.75,31.68,26.52,2.73,89.45,0.98,1.86,Jamuna_Jamalpur
2020-06-20,14.13,31.29,26.78,2.41,89.79,0.98,1.65,Jamuna_Jamalpur
2020-06-21,5.82,31.2,26.48,3.1,90.17,0.98,2.04,Jamuna_Jamalpur
2020-06-22,3.67,31.21,25.93,3.12,89.33,0.97,2.34,Jamuna_Jamalpur
2020-06-23,5.5,32.15,26.26,2.42,88.09,0.96,2.68,Jamuna_Jamalpur
2020-06-24,7.16,31.65,27.06,2.34,88.71,0.96,1.91,Jamuna_Jamalpur
2020-06-25,20.43,29.74,26.97,3.03,93.37,0.96,0.69,Jamuna_Jamalpur
2020-06-26,34.1,29.07,26.99,3.65,94.42,0.97,0.36,Jamuna_Jamalpur
2020-06-27,29.37,30.33,26.47,3.23,91.61,0.98,0.85,Jamuna_Jamalpur
2020-06-28,15.48,30.36,26.46,2.59,92.57,0.98,0.78,Jamuna_Jamalpur
2020-06-29,11.77,31.16,26.11,2.13,87.65,0.98,1.99,Jamuna_Jamalpur
2020-06-30,6.67,31.87,25.47,1.8,86.51,0.97,2.49,Jamuna_Jamalpur
2020-07-01,6.86,30.86,26.53,2.12,90.8,0.97,1.13,Jamuna_Jamalpur
2020-07-02,26.57,30.12,27.14,2.35,92.98,0.97,0.61,Jamuna_Jamalpur
2020-07-03,11.73,30.73,27.2,1.61,89.15,0.98,0.96,Jamuna_Jamalpur
2020-07-04,6.91,30.39,26.49,1.6,90.8,0.97,0.73,Jamuna_Jamalpur
2020-07-05,3.8,31.06,26.62,3.13,90.78,0.97,1.58,Jamuna_Jamalpur
2020-07-06,11.68,29.23,25.78,3.71,92.56,0.97,0.92,Jamuna_Jamalpur
2020-07-07,6.77,32.13,24.97,3.37,91.0,0.96,1.87,Jamuna_Jamalpur
2020-07-08,11.59,31.23,27.05,2.44,89.97,0.96,1.64,Jamuna_Jamalpur
2020-07-09,38.98,30.9,26.93,3.1,92.75,0.96,1.12,Jamuna_Jamalpur
2020-07-10,44.41,30.81,27.18,3.78,93.13,0.99,0.7,Jamuna_Jamalpur
2020-07-11,43.23,29.12,27.14,3.26,94.39,0.99,0.4,Jamuna_Jamalpur
2020-07-12,20.24,31.0,26.59,2.39,91.23,0.99,0.98,Jamuna_Jamalpur
2020-07-13,16.12,31.85,26.75,1.79,89.73,0.99,1.28,Jamuna_Jamalpur
2020-07-14,22.24,29.39,27.02,2.42,92.43,0.99,0.78,Jamuna_Jamalpur
2020-07-15,1.95,31.9,26.2,2.68,89.2,0.98,1.89,Jamuna_Jamalpur
2020-07-16,2.13,31.81,26.52,2.09,87.55,0.97,2.28,Jamuna_Jamalpur
2020-07-17,3.57,31.83,26.76,2.18,87.89,0.97,2.35,Jamuna_Jamalpur
2020-07-18,16.48,30.93,26.98,2.4,90.28,0.96,1.49,Jamuna_Jamalpur
2020-07-19,33.57,30.46,26.9,3.14,93.15,0.97,0.87,Jamuna_Jamalpur
2020-07-20,47.77,29.2,26.88,3.45,94.59,0.98,0.38,Jamuna_Jamalpur
2020-07-21,41.52,28.96,26.62,2.84,94.93,0.99,0.34,Jamuna_Jamalpur
2020-07-22,16.96,29.77,25.97,2.15,92.2,0.99,0.77,Jamuna_Jamalpur
2020-07-23,25.07,30.83,25.59,2.69,90.9,0.99,1.25,Jamuna_Jamalpur
2020-07-24,8.7,31.27,26.23,2.63,90.63,0.99,1.39,Jamuna_Jamalpur
2020-07-25,4.2,31.83,25.78,1.91,88.19,0.98,2.25,Jamuna_Jamalpur
2020-07-26,7.93,32.43,26.38,1.6,86.75,0.97,2.59,Jamuna_Jamalpur
2020-07-27,23.24,30.44,26.93,2.61,93.49,0.98,0.76,Jamuna_Jamalpur
2020-07-28,21.38,30.85,25.74,1.71,88.92,0.98,1.42,Jamuna_Jamalpur
2020-07-29,23.74,30.83,26.57,2.32,91.31,0.98,1.0,Jamuna_Jamalpur
2020-07-30,8.43,30.53,26.67,2.46,91.98,0.98,0.8,Jamuna_Jamalpur
2020-07-31,16.2,31.52,26.29,1.77,88.63,0.98,1.61,Jamuna_Jamalpur
2020-08-01,3.25,33.05,26.63,0.85,80.91,0.98,3.97,Jamuna_Jamalpur
2020-08-02,17.51,32.92,27.08,0.97,85.19,0.97,2.55,Jamuna_Jamalpur
2020-08-03,17.01,34.23,27.82,0.73,80.39,0.97,3.77,Jamuna_Jamalpur
2020-08-04,6.55,34.15,26.92,1.69,86.53,0.97,1.1,Jamuna_Jamalpur
2020-08-05,5.44,31.98,26.43,3.0,89.45,0.97,1.9,Jamuna_Jamalpur
2020-08-06,9.9,30.57,25.94,3.23,91.04,0.96,1.68,Jamuna_Jamalpur
2020-08-07,4.47,31.66,26.9,2.89,90.12,0.96,1.99,Jamuna_Jamalpur
2020-08-08,1.67,32.18,27.29,2.58,89.68,0.95,2.11,Jamuna_Jamalpur
2020-08-09,5.36,30.95,26.85,2.84,90.91,0.95,1.8,Jamuna_Jamalpur
2020-08-10,7.43,32.47,26.56,1.84,88.18,0.94,3.11,Jamuna_Jamalpur
2020-08-11,17.57,31.5,27.06,1.96,89.61,0.95,2.03,Jamuna_Jamalpur
2020-08-12,15.27,32.44,27.26,2.33,88.9,0.95,2.52,Jamuna_Jamalpur
2020-08-13,6.67,32.26,26.95,2.3,88.31,0.95,3.02,Jamuna_Jamalpur
2020-08-14,4.42,32.95,26.69,1.62,85.38,0.94,3.56,Jamuna_Jamalpur
2020-08-15,6.25,31.11,26.61,3.0,90.45,0.93,1.95,Jamuna_Jamalpur
2020-08-16,8.85,29.54,26.13,3.83,92.42,0.93,1.37,Jamuna_Jamalpur
2020-08-17,11.02,30.74,26.12,3.07,91.42,0.93,1.61,Jamuna_Jamalpur
2020-08-18,8.42,32.31,25.89,2.83,89.05,0.93,3.14,Jamuna_Jamalpur
2020-08-19,6.04,31.72,26.21,3.66,89.99,0.93,3.06,Jamuna_Jamalpur
2020-08-20,15.6,28.64,24.98,4.2,92.32,0.93,1.24,Jamuna_Jamalpur
2020-08-21,7.49,28.89,25.05,3.29,91.89,0.93,1.62,Jamuna_Jamalpur
2020-08-22,20.57,28.56,25.37,2.62,93.32,0.94,0.8,Jamuna_Jamalpur
2020-08-23,9.3,31.52,24.48,1.55,87.49,0.94,3.16,Jamuna_Jamalpur
2020-08-24,6.34,31.82,25.74,1.37,85.75,0.93,3.05,Jamuna_Jamalpur
2020-08-25,2.06,31.96,26.51,1.4,86.62,0.93,2.41,Jamuna_Jamalpur
2020-08-26,0.74,31.66,25.72,3.49,89.16,0.92,3.51,Jamuna_Jamalpur
2020-08-27,6.64,30.7,25.9,2.96,90.54,0.91,2.51,Jamuna_Jamalpur
2020-08-28,8.65,31.3,25.45,2.17,87.58,0.91,3.92,Jamuna_Jamalpur
2020-08-29,8.02,31.69,26.44,2.02,87.84,0.91,3.54,Jamuna_Jamalpur
2020-08-30,7.69,31.76,26.3,2.0,88.34,0.91,3.12,Jamuna_Jamalpur
2020-08-31,38.94,29.67,26.83,1.35,90.62,0.92,1.1,Jamuna_Jamalpur
2020-09-01,27.48,30.93,26.04,1.77,91.93,0.94,1.57,Jamuna_Jamalpur
2020-09-02,6.36,31.78,25.11,1.86,87.75,0.94,3.65,Jamuna_Jamalpur
2020-09-03,4.92,32.03,25.37,1.59,85.9,0.94,3.94,Jamuna_Jamalpur
2020-09-04,3.24,32.51,25.87,1.34,83.51,0.93,4.8,Jamuna_Jamalpur
2020-09-05,10.17,31.8,26.71,1.88,87.36,0.92,2.81,Jamuna_Jamalpur
2020-09-06,21.84,31.06,26.69,2.28,91.17,0.93,1.82,Jamuna_Jamalpur
2020-09-07,2.92,30.72,26.69,2.15,91.44,0.93,1.84,Jamuna_Jamalpur
2020-09-08,12.03,30.67,26.17,1.89,90.69,0.93,1.66,Jamuna_Jamalpur
2020-09-09,3.54,31.3,25.66,1.63,89.22,0.93,2.66,Jamuna_Jamalpur
2020-09-10,10.61,29.38,26.78,2.02,92.54,0.93,1.18,Jamuna_Jamalpur
2020-09-11,21.08,30.43,26.34,1.9,91.15,0.94,1.27,Jamuna_Jamalpur
2020-09-12,21.89,29.53,26.31,1.62,92.02,0.95,0.92,Jamuna_Jamalpur
2020-09-13,18.28,30.58,26.53,1.78,90.25,0.95,2.05,Jamuna_Jamalpur
2020-09-14,12.17,29.99,26.31,1.7,92.14,0.95,0.99,Jamuna_Jamalpur
2020-09-15,17.06,29.49,26.19,1.43,91.77,0.96,1.13,Jamuna_Jamalpur
2020-09-16,19.91,29.88,26.18,2.13,92.71,0.96,1.28,Jamuna_Jamalpur
2020-09-17,27.05,29.34,26.18,1.7,92.94,0.97,0.55,Jamuna_Jamalpur
2020-09-18,10.21,31.95,25.59,1.06,85.71,0.97,3.57,Jamuna_Jamalpur
2020-09-19,3.52,33.99,26.06,0.95,84.57,0.97,4.39,Jamuna_Jamalpur
2020-09-20,0.71,32.69,27.0,1.57,84.36,0.96,2.59,Jamuna_Jamalpur
2020-09-21,19.34,31.18,26.68,3.07,90.94,0.96,2.07,Jamuna_Jamalpur
2020-09-22,35.8,29.96,26.42,3.12,93.66,0.97,0.99,Jamuna_Jamalpur
2020-09-23,33.04,28.92,26.6,2.76,95.23,0.98,0.41,Jamuna_Jamalpur
2020-09-24,18.16,29.77,26.27,2.59,93.51,0.98,1.17,Jamuna_Jamalpur
2020-09-25,42.87,29.52,26.39,2.6,94.72,0.99,0.6,Jamuna_Jamalpur
2020-09-26,55.07,29.13,26.22,3.3,93.99,0.99,0.86,Jamuna_Jamalpur
2020-09-27,17.71,30.13,25.98,2.77,91.52,0.99,1.61,Jamuna_Jamalpur
2020-09-28,2.96,30.84,25.48,1.4,88.08,0.99,2.73,Jamuna_Jamalpur
2020-09-29,0.08,31.36,25.44,0.91,84.92,0.98,3.67,Jamuna_Jamalpur
2020-09-30,5.15,31.55,25.87,0.94,85.64,0.98,3.13,Jamuna_Jamalpur
2020-10-01,29.0,31.37,26.63,0.79,85.61,0.98,2.63,Jamuna_Jamalpur
2020-10-02,12.52,30.05,26.49,0.78,87.51,0.98,1.29,Jamuna_Jamalpur
2020-10-03,12.34,30.92,26.04,0.76,85.23,0.98,2.3,Jamuna_Jamalpur
2020-10-04,4.45,30.29,26.09,1.21,88.44,0.98,1.36,Jamuna_Jamalpur
2020-10-05,16.52,29.75,25.73,1.27,89.64,0.98,1.17,Jamuna_Jamalpur
2020-10-06,65.98,28.3,25.47,1.81,92.26,0.99,0.89,Jamuna_Jamalpur
2020-10-07,64.66,29.96,24.26,1.42,88.86,1.0,2.25,Jamuna_Jamalpur
2020-10-08,21.47,30.81,24.75,1.11,86.17,1.0,2.68,Jamuna_Jamalpur
2020-10-09,0.18,32.38,25.69,0.94,84.45,0.99,4.24,Jamuna_Jamalpur
2020-10-10,0.0,32.15,25.5,1.25,85.99,0.98,4.27,Jamuna_Jamalpur
2020-10-11,0.68,32.25,25.46,1.09,85.21,0.98,4.8,Jamuna_Jamalpur
2020-10-12,1.13,32.37,24.95,0.78,82.07,0.97,5.69,Jamuna_Jamalpur
2020-10-13,2.37,32.24,25.82,0.87,82.94,0.97,4.03,Jamuna_Jamalpur
2020-10-14,1.94,32.88,25.89,0.65,79.59,0.96,5.16,Jamuna_Jamalpur
2020-10-15,0.28,32.13,25.67,0.92,82.71,0.96,5.07,Jamuna_Jamalpur
2020-10-16,0.23,32.97,25.9,0.84,80.45,0.95,6.07,Jamuna_Jamalpur
2020-10-17,0.01,32.43,25.0,1.0,84.48,0.95,5.7,Jamuna_Jamalpur
2020-10-18,0.0,32.17,24.71,0.9,82.1,0.94,5.43,Jamuna_Jamalpur
2020-10-19,0.07,31.69,26.01,0.61,75.27,0.93,5.93,Jamuna_Jamalpur
2020-10-20,0.14,31.98,24.43,0.8,76.0,0.92,5.67,Jamuna_Jamalpur
2020-10-21,6.41,30.67,24.54,1.33,87.28,0.92,3.61,Jamuna_Jamalpur
2020-10-22,12.28,27.81,23.91,2.01,93.12,0.92,1.04,Jamuna_Jamalpur
2020-10-23,106.85,27.69,23.05,2.95,92.0,0.95,1.17,Jamuna_Jamalpur
2020-10-24,32.67,28.64,23.42,2.11,91.14,0.99,1.91,Jamuna_Jamalpur
2020-10-25,7.03,28.53,22.46,1.42,88.47,0.98,2.43,Jamuna_Jamalpur
2020-10-26,1.16,30.01,23.2,0.75,82.38,0.97,4.13,Jamuna_Jamalpur
2020-10-27,0.0,29.75,21.59,1.05,82.04,0.97,4.37,Jamuna_Jamalpur
2020-10-28,0.0,30.77,21.91,1.03,84.25,0.96,4.53,Jamuna_Jamalpur
2020-10-29,0.21,30.99,22.31,1.08,85.47,0.95,4.0,Jamuna_Jamalpur
2020-10-30,0.2,32.19,22.44,1.28,83.72,0.95,4.83,Jamuna_Jamalpur
2020-10-31,1.88,29.05,24.12,1.45,91.65,0.94,1.16,Jamuna_Jamalpur
2020-11-01,3.51,29.0,23.01,1.03,86.08,0.94,2.83,Jamuna_Jamalpur
2020-11-02,1.23,29.64,23.22,0.64,82.24,0.94,3.98,Jamuna_Jamalpur
2020-11-03,0.04,29.83,22.34,0.8,81.54,0.93,3.7,Jamuna_Jamalpur
2020-11-04,0.0,27.03,19.85,1.23,82.29,0.93,2.48,Jamuna_Jamalpur
2020-11-05,0.0,27.77,17.97,1.01,72.84,0.92,3.23,Jamuna_Jamalpur
2020-11-06,0.0,26.77,16.53,1.19,72.89,0.92,3.22,Jamuna_Jamalpur
2020-11-07,0.0,27.92,15.48,1.16,76.65,0.91,3.47,Jamuna_Jamalpur
2020-11-08,0.0,28.57,18.04,1.03,80.66,0.91,3.84,Jamuna_Jamalpur
2020-11-09,0.0,28.45,18.25,0.86,79.42,0.9,4.06,Jamuna_Jamalpur
2020-11-10,0.0,28.9,19.09,0.88,75.61,0.9,4.47,Jamuna_Jamalpur
2020-11-11,0.0,28.85,17.81,1.13,78.99,0.89,4.01,Jamuna_Jamalpur
2020-11-12,0.0,29.15,17.78,1.03,82.71,0.88,3.94,Jamuna_Jamalpur
2020-11-13,0.0,29.43,18.74,1.12,82.99,0.88,4.07,Jamuna_Jamalpur
2020-11-14,0.0,28.87,18.64,1.29,85.19,0.87,3.86,Jamuna_Jamalpur
2020-11-15,0.0,28.43,18.6,1.03,84.24,0.86,3.69,Jamuna_Jamalpur
2020-11-16,0.0,28.43,19.13,0.91,84.48,0.86,3.49,Jamuna_Jamalpur
2020-11-17,0.01,27.13,20.01,1.43,86.52,0.85,3.04,Jamuna_Jamalpur
2020-11-18,0.0,26.8,18.79,1.38,81.53,0.85,3.03,Jamuna_Jamalpur
2020-11-19,0.0,25.46,18.29,1.12,83.85,0.84,2.09,Jamuna_Jamalpur
2020-11-20,0.07,26.83,18.52,1.53,87.98,0.84,2.25,Jamuna_Jamalpur
2020-11-21,0.42,26.51,18.75,0.99,87.45,0.83,2.54,Jamuna_Jamalpur
2020-11-22,0.11,24.31,16.15,1.49,76.29,0.83,2.43,Jamuna_Jamalpur
2020-11-23,0.0,23.94,12.48,1.39,75.72,0.82,2.43,Jamuna_Jamalpur
2020-11-24,0.0,24.73,13.1,0.98,82.85,0.81,2.48,Jamuna_Jamalpur
2020-11-25,0.0,25.81,13.88,0.94,82.05,0.81,2.86,Jamuna_Jamalpur
2020-11-26,0.0,25.33,14.73,1.06,86.52,0.8,1.69,Jamuna_Jamalpur
2020-11-27,0.0,25.16,16.67,1.36,86.54,0.8,1.86,Jamuna_Jamalpur
2020-11-28,0.0,26.81,16.2,1.6,85.46,0.79,2.89,Jamuna_Jamalpur
2020-11-29,0.0,26.03,15.09,1.33,85.95,0.79,2.85,Jamuna_Jamalpur
2020-11-30,0.0,26.56,15.28,1.16,84.46,0.78,2.81,Jamuna_Jamalpur
2020-12-01,0.0,26.05,16.43,0.92,81.92,0.78,2.77,Jamuna_Jamalpur
2020-12-02,0.0,25.55,16.91,0.64,77.11,0.77,2.69,Jamuna_Jamalpur
2020-12-03,0.0,25.27,16.63,0.67,74.06,0.77,2.51,Jamuna_Jamalpur
2020-12-04,0.0,24.63,16.55,0.77,77.36,0.76,2.27,Jamuna_Jamalpur
2020-12-05,0.0,24.17,15.25,0.98,81.34,0.76,1.62,Jamuna_Jamalpur
2020-12-06,0.0,23.95,15.06,1.13,83.63,0.75,1.35,Jamuna_Jamalpur
2020-12-07,0.0,23.48,14.72,1.12,88.03,0.75,1.19,Jamuna_Jamalpur
2020-12-08,0.0,23.78,14.83,0.82,84.64,0.75,1.6,Jamuna_Jamalpur
2020-12-09,0.01,24.0,15.61,0.63,82.35,0.74,2.02,Jamuna_Jamalpur
2020-12-10,0.02,23.69,16.0,0.57,82.45,0.74,2.15,Jamuna_Jamalpur
2020-12-11,0.08,22.95,15.5,0.58,82.23,0.74,1.55,Jamuna_Jamalpur
2020-12-12,0.0,22.26,14.92,0.63,81.95,0.73,1.42,Jamuna_Jamalpur
2020-12-13,0.0,23.41,15.21,0.81,82.89,0.73,1.49,Jamuna_Jamalpur
2020-12-14,0.0,23.85,13.77,0.95,84.35,0.73,1.57,Jamuna_Jamalpur
2020-12-15,0.0,23.25,13.76,1.07,83.11,0.72,1.73,Jamuna_Jamalpur
2020-12-16,0.0,23.61,13.97,1.2,81.15,0.72,1.7,Jamuna_Jamalpur
2020-12-17,0.0,22.88,14.37,1.33,83.72,0.71,1.52,Jamuna_Jamalpur
2020-12-18,0.0,21.28,12.31,1.21,75.36,0.71,1.57,Jamuna_Jamalpur
2020-12-19,0.0,19.83,9.6,1.22,70.31,0.7,1.52,Jamuna_Jamalpur
2020-12-20,0.0,21.34,8.56,1.14,81.11,0.7,1.29,Jamuna_Jamalpur
2020-12-21,0.0,22.18,10.47,0.99,82.61,0.7,1.38,Jamuna_Jamalpur
2020-12-22,0.0,22.83,11.94,0.71,78.27,0.69,1.58,Jamuna_Jamalpur
2020-12-23,0.26,23.19,11.91,0.84,79.71,0.69,1.6,Jamuna_Jamalpur
2020-12-24,0.0,23.91,12.45,1.01,81.99,0.68,1.63,Jamuna_Jamalpur
2020-12-25,0.0,23.14,12.0,1.22,80.73,0.68,1.56,Jamuna_Jamalpur
2020-12-26,0.0,22.64,11.22,1.2,76.96,0.68,1.4,Jamuna_Jamalpur
2020-12-27,0.0,22.09,10.44,1.21,77.91,0.67,1.24,Jamuna_Jamalpur
2020-12-28,0.0,22.6,11.64,1.04,73.26,0.67,1.3,Jamuna_Jamalpur
2020-12-29,0.0,22.24,12.09,1.11,71.73,0.67,1.12,Jamuna_Jamalpur
2020-12-30,0.0,23.17,10.72,1.33,79.31,0.66,1.46,Jamuna_Jamalpur
2020-12-31,0.0,23.54,10.93,1.16,79.44,0.66,1.49,Jamuna_Jamalpur
2021-01-01,0.0,23.77,11.5,1.06,79.9,0.65,1.54,Jamuna_Jamalpur
2021-01-02,0.0,23.55,11.69,0.98,77.87,0.65,1.51,Jamuna_Jamalpur
2021-01-03,0.0,24.7,12.99,0.92,74.94,0.65,1.51,Jamuna_Jamalpur
2021-01-04,0.0,25.05,13.42,0.78,76.01,0.64,1.47,Jamuna_Jamalpur
2021-01-05,0.0,25.66,14.36,0.92,76.16,0.64,1.63,Jamuna_Jamalpur
2021-01-06,0.0,25.87,15.21,0.9,77.12,0.63,1.56,Jamuna_Jamalpur
2021-01-07,0.0,26.19,15.41,1.21,75.5,0.63,1.31,Jamuna_Jamalpur
2021-01-08,0.0,25.46,14.3,1.12,78.3,0.63,1.24,Jamuna_Jamalpur
2021-01-09,0.0,24.67,15.34,0.75,74.32,0.62,1.26,Jamuna_Jamalpur
2021-01-10,0.0,24.26,13.91,1.18,80.06,0.62,1.01,Jamuna_Jamalpur
2021-01-11,0.0,24.8,17.02,0.97,81.11,0.62,0.97,Jamuna_Jamalpur
2021-01-12,0.0,23.68,15.05,1.27,79.8,0.61,1.25,Jamuna_Jamalpur
2021-01-13,0.0,21.32,12.34,1.23,66.55,0.61,1.15,Jamuna_Jamalpur
2021-01-14,0.0,21.48,9.78,1.24,67.57,0.6,1.04,Jamuna_Jamalpur
2021-01-15,0.0,21.76,11.14,1.21,73.37,0.6,0.93,Jamuna_Jamalpur
2021-01-16,0.0,21.78,11.41,1.17,73.15,0.6,0.94,Jamuna_Jamalpur
2021-01-17,0.0,22.46,11.55,1.07,76.6,0.59,0.88,Jamuna_Jamalpur
2021-01-18,0.0,23.31,11.57,1.29,81.92,0.59,0.95,Jamuna_Jamalpur
2021-01-19,0.0,21.74,13.43,1.3,81.92,0.59,0.69,Jamuna_Jamalpur
2021-01-20,0.31,21.74,14.18,1.35,79.16,0.59,0.55,Jamuna_Jamalpur
2021-01-21,0.05,23.0,12.65,1.23,68.82,0.58,0.95,Jamuna_Jamalpur
2021-01-22,0.01,22.3,10.44,1.24,70.38,0.58,0.91,Jamuna_Jamalpur
2021-01-23,0.0,22.71,11.85,1.15,76.35,0.58,1.02,Jamuna_Jamalpur
2021-01-24,0.0,23.05,11.73,0.83,71.46,0.57,1.03,Jamuna_Jamalpur
2021-01-25,0.0,22.55,10.7,1.14,69.79,0.57,1.01,Jamuna_Jamalpur
2021-01-26,0.0,23.3,12.78,1.35,65.07,0.57,1.05,Jamuna_Jamalpur
2021-01-27,0.0,23.1,9.71,1.51,65.25,0.56,1.1,Jamuna_Jamalpur
2021-01-28,0.0,24.25,8.8,1.57,67.69,0.56,1.1,Jamuna_Jamalpur
2021-01-29,0.0,24.57,9.52,1.54,65.98,0.55,1.12,Jamuna_Jamalpur
2021-01-30,0.0,23.05,9.89,1.81,60.37,0.55,0.88,Jamuna_Jamalpur
2021-01-31,0.0,21.91,6.91,1.53,57.55,0.55,0.89,Jamuna_Jamalpur
2021-02-01,0.0,22.93,8.36,1.55,59.64,0.54,0.89,Jamuna_Jamalpur
2021-02-02,0.0,23.44,8.94,1.5,56.83,0.54,0.8,Jamuna_Jamalpur
2021-02-03,0.0,25.41,9.92,1.48,59.55,0.54,1.04,Jamuna_Jamalpur
2021-02-04,0.0,27.2,12.08,1.56,62.52,0.53,1.14,Jamuna_Jamalpur
2021-02-05,0.0,26.93,12.15,1.27,62.75,0.53,1.22,Jamuna_Jamalpur
2021-02-06,0.0,27.2,13.34,1.77,65.0,0.52,1.13,Jamuna_Jamalpur
2021-02-07,0.08,24.64,12.99,1.55,68.48,0.52,0.95,Jamuna_Jamalpur
2021-02-08,0.0,26.2,12.75,1.63,58.65,0.52,1.05,Jamuna_Jamalpur
2021-02-09,0.0,26.67,11.18,1.47,54.41,0.51,1.02,Jamuna_Jamalpur
2021-02-10,0.0,27.13,13.86,1.06,48.67,0.51,0.97,Jamuna_Jamalpur
2021-02-11,0.0,26.46,15.73,0.99,49.4,0.51,0.76,Jamuna_Jamalpur
2021-02-12,0.0,27.08,14.48,0.96,50.56,0.5,0.81,Jamuna_Jamalpur
2021-02-13,0.0,27.13,15.49,0.9,52.18,0.5,0.81,Jamuna_Jamalpur
2021-02-14,0.0,27.29,15.96,0.98,52.58,0.5,0.78,Jamuna_Jamalpur
2021-02-15,0.0,27.81,16.65,1.02,45.21,0.49,0.89,Jamuna_Jamalpur
2021-02-16,0.0,28.07,15.34,1.0,41.8,0.49,0.83,Jamuna_Jamalpur
2021-02-17,0.0,28.14,14.57,1.25,49.41,0.49,0.8,Jamuna_Jamalpur
2021-02-18,0.0,30.53,15.91,1.85,59.91,0.48,0.99,Jamuna_Jamalpur
2021-02-19,0.0,29.39,16.97,1.29,59.88,0.48,0.77,Jamuna_Jamalpur
2021-02-20,0.0,28.54,17.75,1.4,57.11,0.48,0.59,Jamuna_Jamalpur
2021-02-21,0.0,30.2,15.34,1.38,47.17,0.47,0.92,Jamuna_Jamalpur
2021-02-22,0.0,29.86,15.01,1.51,44.01,0.47,0.81,Jamuna_Jamalpur
2021-02-23,0.0,30.27,16.51,1.47,42.48,0.47,0.74,Jamuna_Jamalpur
2021-02-24,0.0,30.09,17.62,1.16,43.63,0.46,0.73,Jamuna_Jamalpur
2021-02-25,0.0,30.71,17.94,1.35,44.61,0.46,0.68,Jamuna_Jamalpur
2021-02-26,0.03,32.04,15.95,1.76,48.24,0.46,0.78,Jamuna_Jamalpur
2021-02-27,0.0,31.38,15.6,1.86,54.81,0.45,0.72,Jamuna_Jamalpur
2021-02-28,0.0,33.22,17.21,1.56,47.75,0.45,0.8,Jamuna_Jamalpur
2021-03-01,0.0,33.68,17.98,1.43,51.78,0.45,0.77,Jamuna_Jamalpur
2021-03-02,0.0,32.41,17.92,1.87,42.69,0.44,0.7,Jamuna_Jamalpur
2021-03-03,0.0,31.97,17.72,1.52,35.58,0.44,0.69,Jamuna_Jamalpur
2021-03-04,0.0,31.18,18.8,1.45,30.22,0.43,0.58,Jamuna_Jamalpur
2021-03-05,0.01,32.61,15.91,1.64,39.48,0.43,0.55,Jamuna_Jamalpur
2021-03-06,1.59,31.65,18.42,1.53,62.1,0.43,0.5,Jamuna_Jamalpur
2021-03-07,0.38,32.49,18.04,1.71,59.78,0.43,0.57,Jamuna_Jamalpur
2021-03-08,0.78,31.29,18.65,1.56,58.24,0.43,0.46,Jamuna_Jamalpur
2021-03-09,0.4,33.59,19.22,2.09,58.48,0.42,0.51,Jamuna_Jamalpur
2021-03-10,1.12,33.58,18.93,1.55,55.83,0.42,0.5,Jamuna_Jamalpur
2021-03-11,0.56,33.08,19.87,1.7,61.87,0.42,0.48,Jamuna_Jamalpur
2021-03-12,0.08,34.47,19.48,1.56,53.64,0.42,0.5,Jamuna_Jamalpur
2021-03-13,1.36,33.62,21.3,1.71,46.03,0.41,0.43,Jamuna_Jamalpur
2021-03-14,2.64,32.52,19.59,1.79,52.83,0.42,0.45,Jamuna_Jamalpur
2021-03-15,0.05,32.84,20.36,1.18,44.85,0.41,0.46,Jamuna_Jamalpur
2021-03-16,0.0,34.43,20.86,1.31,37.31,0.41,0.48,Jamuna_Jamalpur
2021-03-17,0.0,34.74,20.99,1.37,34.23,0.41,0.42,Jamuna_Jamalpur
2021-03-18,0.0,35.11,21.24,0.95,31.75,0.4,0.41,Jamuna_Jamalpur
2021-03-19,0.0,35.15,20.43,1.18,34.69,0.4,0.34,Jamuna_Jamalpur
2021-03-20,0.0,35.26,21.99,1.61,37.99,0.4,0.32,Jamuna_Jamalpur
2021-03-21,0.0,36.76,21.95,2.0,42.36,0.39,0.34,Jamuna_Jamalpur
2021-03-22,0.0,37.62,21.49,1.71,33.63,0.39,0.32,Jamuna_Jamalpur
2021-03-23,0.0,37.5,21.39,1.68,32.39,0.39,0.29,Jamuna_Jamalpur
2021-03-24,0.0,38.14,23.77,2.42,38.58,0.38,0.23,Jamuna_Jamalpur
2021-03-25,0.0,37.09,21.71,2.99,34.36,0.38,0.23,Jamuna_Jamalpur
2021-03-26,0.0,37.4,20.92,2.81,28.65,0.38,0.2,Jamuna_Jamalpur
2021-03-27,0.0,36.53,18.89,1.78,26.75,0.37,0.17,Jamuna_Jamalpur
2021-03-28,0.0,36.75,21.53,0.96,25.83,0.37,0.15,Jamuna_Jamalpur
2021-03-29,1.14,36.66,20.96,1.66,46.43,0.37,0.13,Jamuna_Jamalpur
2021-03-30,5.9,34.81,22.97,1.68,57.34,0.38,0.15,Jamuna_Jamalpur
2021-03-31,1.88,36.89,23.0,2.25,59.11,0.38,0.19,Jamuna_Jamalpur
2021-04-01,1.01,37.23,22.58,2.0,51.36,0.38,0.2,Jamuna_Jamalpur
2021-04-02,0.9,36.75,21.75,2.01,45.9,0.37,0.19,Jamuna_Jamalpur
2021-04-03,0.1,37.25,21.48,1.79,49.29,0.37,0.15,Jamuna_Jamalpur
2021-04-04,1.76,37.75,20.17,1.68,45.67,0.37,0.14,Jamuna_Jamalpur
2021-04-05,3.36,36.15,21.41,1.56,50.41,0.37,0.18,Jamuna_Jamalpur
2021-04-06,4.72,36.8,22.38,1.14,39.28,0.38,0.24,Jamuna_Jamalpur
2021-04-07,0.15,36.81,22.31,1.99,47.27,0.38,0.18,Jamuna_Jamalpur
2021-04-08,2.12,36.13,23.36,2.06,55.76,0.37,0.18,Jamuna_Jamalpur
2021-04-09,17.04,32.84,24.31,1.73,66.5,0.39,0.24,Jamuna_Jamalpur
2021-04-10,3.76,37.28,23.45,2.17,55.96,0.4,0.46,Jamuna_Jamalpur
2021-04-11,0.44,37.86,23.73,1.98,50.26,0.4,0.47,Jamuna_Jamalpur
2021-04-12,0.14,38.94,23.61,1.83,43.96,0.4,0.42,Jamuna_Jamalpur
2021-04-13,0.15,39.45,24.57,1.86,40.48,0.39,0.38,Jamuna_Jamalpur
2021-04-14,0.22,38.59,23.07,1.32,41.7,0.39,0.33,Jamuna_Jamalpur
2021-04-15,0.12,36.7,24.73,2.18,52.53,0.39,0.24,Jamuna_Jamalpur
2021-04-16,6.34,35.23,24.57,3.0,56.17,0.39,0.28,Jamuna_Jamalpur
2021-04-17,8.43,34.48,22.9,2.55,59.55,0.4,0.4,Jamuna_Jamalpur
2021-04-18,17.37,33.67,22.62,1.77,60.56,0.42,0.66,Jamuna_Jamalpur
2021-04-19,1.36,37.77,22.8,2.03,45.76,0.43,0.84,Jamuna_Jamalpur
2021-04-20,5.45,37.01,20.78,1.85,52.88,0.43,0.8,Jamuna_Jamalpur
2021-04-21,4.14,35.85,23.6,2.71,65.12,0.43,0.68,Jamuna_Jamalpur
2021-04-22,13.06,34.09,24.39,1.77,65.29,0.44,0.78,Jamuna_Jamalpur
2021-04-23,0.45,36.56,22.9,1.89,48.31,0.44,1.09,Jamuna_Jamalpur
2021-04-24,0.0,37.91,21.84,1.63,43.35,0.43,1.04,Jamuna_Jamalpur
2021-04-25,0.0,38.54,22.24,1.74,45.25,0.43,0.96,Jamuna_Jamalpur
2021-04-26,0.0,39.19,23.53,1.64,45.31,0.42,0.85,Jamuna_Jamalpur
2021-04-27,0.09,38.18,26.08,1.92,49.68,0.42,0.69,Jamuna_Jamalpur
2021-04-28,1.21,38.68,25.64,2.41,50.83,0.42,0.72,Jamuna_Jamalpur
2021-04-29,5.55,36.26,25.29,1.36,56.42,0.42,0.65,Jamuna_Jamalpur
2021-04-30,4.39,36.79,25.64,1.31,52.55,0.43,0.76,Jamuna_Jamalpur
2021-05-01,0.94,35.98,24.94,1.69,57.72,0.42,0.61,Jamuna_Jamalpur
2021-05-02,1.81,36.83,25.69,1.83,51.61,0.42,0.71,Jamuna_Jamalpur
2021-05-03,9.59,34.62,25.56,2.27,61.94,0.43,0.61,Jamuna_Jamalpur
2021-05-04,32.64,28.93,23.75,1.57,77.54,0.46,0.48,Jamuna_Jamalpur
2021-05-05,17.09,29.28,23.3,0.86,72.62,0.5,1.04,Jamuna_Jamalpur
2021-05-06,16.84,31.13,23.25,1.34,71.83,0.52,2.03,Jamuna_Jamalpur
2021-05-07,13.98,32.04,22.88,1.89,73.12,0.54,2.45,Jamuna_Jamalpur
2021-05-08,29.95,30.93,23.25,1.9,76.7,0.56,2.71,Jamuna_Jamalpur
2021-05-09,9.52,31.68,23.23,1.66,74.98,0.58,3.52,Jamuna_Jamalpur
2021-05-10,26.32,31.84,23.73,1.53,73.23,0.6,3.71,Jamuna_Jamalpur
2021-05-11,17.94,30.94,23.75,1.2,75.56,0.62,3.81,Jamuna_Jamalpur
2021-05-12,17.64,29.81,24.33,0.78,76.76,0.63,3.1,Jamuna_Jamalpur
2021-05-13,8.35,30.68,23.37,1.28,77.79,0.64,3.29,Jamuna_Jamalpur
2021-05-14,16.57,30.97,24.57,1.27,76.99,0.65,4.33,Jamuna_Jamalpur
2021-05-15,1.6,34.08,23.71,2.21,75.13,0.65,5.9,Jamuna_Jamalpur
2021-05-16,21.95,33.43,25.15,1.4,77.7,0.66,4.94,Jamuna_Jamalpur
2021-05-17,15.4,33.78,24.98,1.98,80.9,0.67,4.83,Jamuna_Jamalpur
2021-05-18,9.14,33.65,26.08,1.87,80.35,0.67,5.19,Jamuna_Jamalpur
2021-05-19,4.1,34.23,26.08,1.99,76.56,0.67,6.21,Jamuna_Jamalpur
2021-05-20,17.45,33.65,26.06,1.69,80.81,0.67,3.8,Jamuna_Jamalpur
2021-05-21,2.49,31.91,26.05,1.32,84.77,0.68,2.8,Jamuna_Jamalpur
2021-05-22,7.5,32.01,26.97,1.57,85.08,0.68,2.56,Jamuna_Jamalpur
2021-05-23,0.58,34.43,27.01,0.86,74.33,0.67,6.17,Jamuna_Jamalpur
2021-05-24,0.43,35.18,26.05,1.44,74.27,0.66,5.85,Jamuna_Jamalpur
2021-05-25,27.89,32.23,26.89,1.6,86.49,0.67,2.55,Jamuna_Jamalpur
2021-05-26,25.9,31.72,25.52,4.22,85.18,0.71,5.03,Jamuna_Jamalpur
2021-05-27,21.6,29.19,24.71,4.47,88.59,0.72,2.26,Jamuna_Jamalpur
2021-05-28,16.41,32.67,25.68,2.69,84.45,0.74,4.08,Jamuna_Jamalpur
2021-05-29,8.86,32.85,26.12,1.79,83.38,0.74,4.97,Jamuna_Jamalpur
2021-05-30,8.51,32.86,26.38,2.06,84.37,0.74,4.95,Jamuna_Jamalpur
2021-05-31,35.34,29.56,26.89,3.12,93.19,0.75,0.83,Jamuna_Jamalpur
2021-06-01,16.39,31.68,26.3,2.09,87.56,0.78,2.83,Jamuna_Jamalpur
2021-06-02,5.7,30.34,26.5,1.76,87.64,0.79,2.18,Jamuna_Jamalpur
2021-06-03,0.87,31.85,25.74,1.68,86.47,0.78,2.77,Jamuna_Jamalpur
2021-06-04,6.65,32.65,26.7,2.05,86.11,0.77,2.83,Jamuna_Jamalpur
2021-06-05,23.92,32.01,27.06,2.92,88.8,0.79,2.02,Jamuna_Jamalpur
2021-06-06,32.57,31.89,26.62,2.48,88.31,0.82,1.95,Jamuna_Jamalpur
2021-06-07,7.67,33.37,26.96,3.35,87.4,0.82,3.52,Jamuna_Jamalpur
2021-06-08,18.42,31.81,27.14,2.36,90.15,0.83,2.24,Jamuna_Jamalpur
2021-06-09,22.75,29.31,26.29,2.69,93.09,0.85,0.9,Jamuna_Jamalpur
2021-06-10,10.71,30.14,25.5,1.57,86.82,0.85,1.74,Jamuna_Jamalpur
2021-06-11,22.94,29.68,25.72,2.19,90.32,0.87,1.6,Jamuna_Jamalpur
2021-06-12,29.04,29.15,25.43,2.93,92.61,0.89,0.98,Jamuna_Jamalpur
2021-06-13,3.99,30.88,25.91,2.34,90.28,0.89,1.77,Jamuna_Jamalpur
2021-06-14,14.76,31.06,26.25,3.25,92.15,0.9,1.16,Jamuna_Jamalpur
2021-06-15,7.7,32.0,26.35,3.48,88.62,0.89,3.31,Jamuna_Jamalpur
2021-06-16,16.94,31.54,25.81,2.48,88.93,0.9,2.42,Jamuna_Jamalpur
2021-06-17,10.96,30.67,25.22,4.24,88.49,0.9,3.28,Jamuna_Jamalpur
2021-06-18,21.01,30.12,24.28,3.07,89.16,0.9,2.55,Jamuna_Jamalpur
2021-06-19,47.93,29.42,25.35,2.63,91.24,0.93,1.37,Jamuna_Jamalpur
2021-06-20,12.3,29.38,24.79,2.54,91.6,0.93,1.18,Jamuna_Jamalpur
2021-06-21,9.16,31.39,25.09,2.44,89.23,0.93,2.78,Jamuna_Jamalpur
2021-06-22,13.09,31.23,25.88,2.55,90.2,0.93,1.72,Jamuna_Jamalpur
2021-06-23,3.65,30.9,24.54,2.56,87.77,0.92,2.88,Jamuna_Jamalpur
2021-06-24,4.69,31.77,25.51,2.35,86.68,0.91,3.47,Jamuna_Jamalpur
2021-06-25,5.68,31.15,26.21,2.62,87.32,0.91,3.11,Jamuna_Jamalpur
2021-06-26,8.77,31.71,25.86,2.98,88.2,0.9,3.09,Jamuna_Jamalpur
2021-06-27,8.54,31.74,26.3,2.61,87.56,0.9,3.32,Jamuna_Jamalpur
2021-06-28,32.47,31.11,26.38,3.59,89.38,0.91,2.3,Jamuna_Jamalpur
2021-06-29,24.37,30.58,26.62,3.84,92.1,0.92,1.19,Jamuna_Jamalpur
2021-06-30,54.03,29.89,27.25,3.34,94.29,0.95,0.48,Jamuna_Jamalpur
2021-07-01,27.15,31.82,26.92,2.87,89.56,0.96,1.92,Jamuna_Jamalpur
2021-07-02,29.62,28.85,26.63,2.93,93.29,0.97,0.52,Jamuna_Jamalpur
2021-07-03,24.0,30.86,26.41,2.34,91.48,0.97,1.13,Jamuna_Jamalpur
2021-07-04,4.76,31.8,26.56,1.34,81.88,0.97,2.81,Jamuna_Jamalpur
2021-07-05,7.84,31.65,26.1,1.25,83.11,0.96,2.31,Jamuna_Jamalpur
2021-07-06,13.54,31.29,26.65,1.82,88.08,0.96,1.39,Jamuna_Jamalpur
2021-07-07,30.56,31.38,27.25,2.57,92.3,0.97,1.11,Jamuna_Jamalpur
2021-07-08,5.03,31.07,26.48,2.68,90.2,0.97,1.87,Jamuna_Jamalpur
2021-07-09,0.66,31.8,26.27,2.36,87.43,0.96,2.66,Jamuna_Jamalpur
2021-07-10,3.08,29.82,26.76,2.09,90.97,0.95,1.04,Jamuna_Jamalpur
2021-07-11,2.55,30.96,26.11,1.08,82.18,0.95,0.86,Jamuna_Jamalpur
2021-07-12,1.31,33.44,25.73,1.06,78.65,0.94,3.02,Jamuna_Jamalpur
2021-07-13,5.32,30.3,26.1,2.43,90.18,0.94,1.85,Jamuna_Jamalpur
2021-07-14,3.59,31.52,26.33,2.18,87.64,0.94,2.31,Jamuna_Jamalpur
2021-07-15,1.84,31.65,25.95,1.82,85.31,0.93,2.58,Jamuna_Jamalpur
2021-07-16,7.6,29.17,25.94,2.4,90.3,0.93,1.25,Jamuna_Jamalpur
2021-07-17,3.15,31.69,25.17,2.26,88.12,0.92,2.79,Jamuna_Jamalpur
2021-07-18,8.66,30.93,26.24,2.18,89.56,0.92,2.06,Jamuna_Jamalpur
2021-07-19,10.44,30.32,25.98,2.19,92.11,0.92,1.09,Jamuna_Jamalpur
2021-07-20,32.72,32.09,25.98,2.07,87.2,0.93,2.73,Jamuna_Jamalpur
2021-07-21,22.11,32.55,26.22,1.66,86.46,0.94,2.94,Jamuna_Jamalpur
2021-07-22,12.71,32.43,27.2,1.37,85.26,0.94,2.32,Jamuna_Jamalpur
2021-07-23,8.33,30.41,26.43,3.88,92.13,0.94,1.38,Jamuna_Jamalpur
2021-07-24,16.78,31.53,26.45,4.24,90.38,0.94,2.02,Jamuna_Jamalpur
2021-07-25,4.33,32.37,26.4,2.44,88.23,0.94,2.91,Jamuna_Jamalpur
2021-07-26,4.33,33.44,27.4,1.13,83.52,0.93,3.98,Jamuna_Jamalpur
2021-07-27,7.54,30.34,27.21,1.42,88.28,0.93,1.05,Jamuna_Jamalpur
2021-07-28,4.73,32.77,27.46,2.88,87.75,0.92,2.03,Jamuna_Jamalpur
2021-07-29,10.98,30.53,26.44,6.07,89.7,0.92,2.38,Jamuna_Jamalpur
2021-07-30,16.29,30.86,26.2,4.99,91.43,0.92,1.5,Jamuna_Jamalpur
2021-07-31,11.39,31.3,26.2,2.63,89.67,0.93,1.84,Jamuna_Jamalpur
2021-08-01,18.05,31.89,26.12,2.65,89.39,0.93,2.7,Jamuna_Jamalpur
2021-08-02,53.54,31.9,26.53,1.63,88.35,0.96,2.15,Jamuna_Jamalpur
2021-08-03,6.8,31.1,26.89,0.8,87.31,0.96,1.26,Jamuna_Jamalpur
2021-08-04,32.76,29.41,26.4,1.49,90.37,0.96,0.78,Jamuna_Jamalpur
2021-08-05,4.06,33.38,26.11,1.19,83.83,0.96,3.9,Jamuna_Jamalpur
2021-08-06,11.51,33.97,26.88,2.28,84.28,0.96,3.2,Jamuna_Jamalpur
2021-08-07,24.64,30.9,26.22,2.08,90.12,0.96,1.39,Jamuna_Jamalpur
2021-08-08,25.69,32.21,26.58,1.78,87.76,0.96,2.74,Jamuna_Jamalpur
2021-08-09,30.78,31.92,26.76,2.45,88.91,0.97,2.62,Jamuna_Jamalpur
2021-08-10,26.21,31.43,27.13,2.95,91.13,0.97,1.65,Jamuna_Jamalpur
2021-08-11,10.88,30.39,27.42,2.49,92.97,0.97,0.75,Jamuna_Jamalpur
2021-08-12,19.5,29.65,27.11,3.23,93.18,0.97,0.78,Jamuna_Jamalpur
2021-08-13,19.64,29.75,26.62,3.72,93.18,0.98,0.84,Jamuna_Jamalpur
2021-08-14,44.43,31.84,26.33,3.04,90.87,0.99,1.62,Jamuna_Jamalpur
2021-08-15,11.6,30.22,26.76,2.2,91.84,0.98,1.05,Jamuna_Jamalpur
2021-08-16,5.34,31.69,25.56,2.27,87.09,0.98,2.54,Jamuna_Jamalpur
2021-08-17,6.8,31.09,26.21,2.69,90.16,0.97,1.96,Jamuna_Jamalpur
2021-08-18,12.5,29.35,26.01,2.5,93.59,0.97,0.77,Jamuna_Jamalpur
2021-08-19,5.99,29.69,25.69,2.6,91.85,0.97,1.34,Jamuna_Jamalpur
2021-08-20,6.44,30.51,25.14,2.54,90.68,0.97,1.89,Jamuna_Jamalpur
2021-08-21,3.07,30.62,25.58,1.93,87.22,0.96,2.86,Jamuna_Jamalpur
2021-08-22,6.08,30.07,26.11,2.95,88.15,0.96,2.31,Jamuna_Jamalpur
2021-08-23,30.15,30.82,25.62,2.03,89.31,0.96,1.84,Jamuna_Jamalpur
2021-08-24,8.25,31.52,26.47,2.71,91.05,0.96,1.9,Jamuna_Jamalpur
2021-08-25,16.18,30.59,27.02,2.8,92.71,0.96,1.13,Jamuna_Jamalpur
2021-08-26,20.35,30.16,26.56,2.51,93.0,0.97,1.01,Jamuna_Jamalpur
2021-08-27,43.01,29.32,25.81,2.87,92.86,0.98,1.21,Jamuna_Jamalpur
2021-08-28,8.84,30.72,25.38,1.99,90.52,0.98,1.82,Jamuna_Jamalpur
2021-08-29,3.46,30.9,24.87,2.22,90.66,0.97,2.4,Jamuna_Jamalpur
2021-08-30,6.11,29.51,25.56,1.72,90.1,0.97,1.61,Jamuna_Jamalpur
2021-08-31,8.29,28.38,25.31,1.22,90.22,0.97,0.9,Jamuna_Jamalpur
2021-09-01,4.66,29.08,25.23,1.2,92.17,0.96,0.9,Jamuna_Jamalpur
2021-09-02,8.68,28.82,25.67,1.31,88.16,0.96,1.38,Jamuna_Jamalpur
2021-09-03,0.03,31.95,24.2,1.0,81.23,0.96,5.17,Jamuna_Jamalpur
2021-09-04,2.05,32.78,25.35,1.06,81.78,0.95,4.81,Jamuna_Jamalpur
2021-09-05,0.98,32.76,26.56,1.0,80.62,0.94,4.65,Jamuna_Jamalpur
2021-09-06,15.46,30.39,26.67,1.95,91.08,0.95,1.3,Jamuna_Jamalpur
2021-09-07,8.04,29.71,25.88,2.14,91.94,0.95,1.29,Jamuna_Jamalpur
2021-09-08,2.21,30.65,25.0,1.65,87.99,0.94,3.45,Jamuna_Jamalpur
2021-09-09,1.68,30.67,25.74,1.01,86.79,0.94,1.9,Jamuna_Jamalpur
2021-09-10,3.49,32.05,26.11,1.5,89.35,0.93,2.32,Jamuna_Jamalpur
2021-09-11,24.87,31.75,25.78,0.85,85.63,0.94,1.19,Jamuna_Jamalpur
2021-09-12,1.49,32.06,26.14,1.78,86.83,0.94,3.22,Jamuna_Jamalpur
2021-09-13,4.01,29.84,25.82,3.06,92.26,0.94,1.66,Jamuna_Jamalpur
2021-09-14,6.82,28.47,25.84,2.67,93.6,0.94,0.74,Jamuna_Jamalpur
2021-09-15,8.7,31.69,25.11,1.46,87.7,0.94,3.19,Jamuna_Jamalpur
2021-09-16,26.46,30.88,26.16,0.83,89.37,0.94,1.08,Jamuna_Jamalpur
2021-09-17,13.55,30.03,25.43,1.51,91.03,0.95,2.02,Jamuna_Jamalpur
2021-09-18,25.31,28.21,25.58,1.76,94.66,0.96,0.42,Jamuna_Jamalpur
2021-09-19,3.12,31.43,24.57,1.54,89.05,0.96,3.75,Jamuna_Jamalpur
2021-09-20,0.66,30.68,24.62,1.98,90.79,0.95,3.01,Jamuna_Jamalpur
2021-09-21,3.14,30.44,24.53,1.73,89.32,0.94,2.95,Jamuna_Jamalpur
2021-09-22,6.47,30.08,24.63,1.88,90.39,0.94,2.55,Jamuna_Jamalpur
2021-09-23,2.89,30.95,24.01,1.33,84.87,0.94,3.53,Jamuna_Jamalpur
2021-09-24,0.08,32.51,25.33,0.71,77.8,0.93,6.28,Jamuna_Jamalpur
2021-09-25,0.37,32.7,25.7,1.13,80.53,0.92,5.16,Jamuna_Jamalpur
2021-09-26,4.35,32.29,26.11,1.34,85.49,0.92,3.59,Jamuna_Jamalpur
2021-09-27,5.04,31.08,26.68,1.74,87.59,0.91,2.32,Jamuna_Jamalpur
2021-09-28,2.37,29.46,25.62,1.3,88.92,0.91,1.51,Jamuna_Jamalpur
2021-09-29,1.59,28.21,25.09,1.76,91.76,0.91,1.52,Jamuna_Jamalpur
2021-09-30,1.64,30.07,24.96,0.94,86.7,0.91,2.39,Jamuna_Jamalpur
2021-10-01,0.12,28.56,25.09,0.91,86.79,0.9,1.49,Jamuna_Jamalpur
2021-10-02,7.94,30.47,24.03,1.27,86.49,0.9,3.01,Jamuna_Jamalpur
2021-10-03,27.52,30.9,25.33,1.91,90.41,0.91,2.5,Jamuna_Jamalpur
2021-10-04,58.82,28.13,26.1,2.36,95.39,0.95,0.37,Jamuna_Jamalpur
2021-10-05,18.99,28.96,25.2,1.56,92.49,0.96,0.86,Jamuna_Jamalpur
2021-10-06,6.89,30.35,24.15,1.08,87.49,0.96,3.41,Jamuna_Jamalpur
2021-10-07,6.83,31.31,24.32,1.18,86.87,0.95,3.49,Jamuna_Jamalpur
2021-10-08,16.41,31.57,25.15,1.11,86.5,0.96,3.91,Jamuna_Jamalpur
2021-10-09,30.48,31.32,25.6,0.87,86.45,0.96,3.07,Jamuna_Jamalpur
2021-10-10,2.3,31.99,25.48,1.06,84.37,0.96,4.6,Jamuna_Jamalpur
2021-10-11,0.0,32.41,24.25,1.42,84.74,0.95,5.28,Jamuna_Jamalpur
2021-10-12,0.01,32.86,24.64,1.54,86.32,0.94,4.62,Jamuna_Jamalpur
2021-10-13,0.13,32.05,25.86,0.98,85.85,0.94,3.03,Jamuna_Jamalpur
2021-10-14,0.62,32.28,26.94,0.59,82.14,0.93,2.72,Jamuna_Jamalpur
2021-10-15,2.41,33.23,26.42,0.9,80.72,0.93,2.53,Jamuna_Jamalpur
2021-10-16,1.88,31.31,25.83,1.76,86.5,0.93,3.48,Jamuna_Jamalpur
2021-10-17,6.67,29.47,25.34,1.95,90.51,0.93,1.51,Jamuna_Jamalpur
2021-10-18,13.63,27.09,24.54,3.24,94.21,0.93,0.63,Jamuna_Jamalpur
2021-10-19,28.38,27.55,24.85,2.99,94.45,0.94,0.74,Jamuna_Jamalpur
2021-10-20,33.75,28.28,24.89,2.16,94.36,0.96,0.81,Jamuna_Jamalpur
2021-10-21,6.3,26.28,20.56,2.04,92.1,0.97,1.09,Jamuna_Jamalpur
2021-10-22,7.11,27.98,19.07,1.12,83.03,0.96,3.54,Jamuna_Jamalpur
2021-10-23,0.0,27.77,20.42,0.68,79.36,0.95,3.88,Jamuna_Jamalpur
2021-10-24,0.0,29.09,21.04,0.78,77.54,0.95,4.64,Jamuna_Jamalpur
2021-10-25,0.04,28.37,21.81,0.68,78.07,0.94,4.37,Jamuna_Jamalpur
2021-10-26,0.34,28.86,21.56,0.75,80.39,0.94,4.45,Jamuna_Jamalpur
2021-10-27,0.0,29.41,21.66,0.52,77.18,0.93,4.99,Jamuna_Jamalpur
2021-10-28,0.0,29.62,21.2,0.95,82.03,0.93,4.7,Jamuna_Jamalpur
2021-10-29,0.0,29.48,20.85,1.43,83.94,0.92,4.33,Jamuna_Jamalpur
2021-10-30,0.0,27.91,19.69,1.46,86.5,0.91,3.7,Jamuna_Jamalpur
2021-10-31,0.0,26.77,18.86,1.43,82.32,0.91,3.49,Jamuna_Jamalpur
2021-11-01,0.0,26.29,17.75,0.51,72.94,0.9,4.06,Jamuna_Jamalpur
2021-11-02,0.0,26.84,17.89,1.06,76.04,0.89,3.57,Jamuna_Jamalpur
2021-11-03,0.0,27.07,18.34,1.09,81.27,0.89,3.93,Jamuna_Jamalpur
2021-11-04,0.0,26.94,18.41,0.91,77.57,0.88,3.73,Jamuna_Jamalpur
2021-11-05,0.0,25.89,17.23,0.97,77.74,0.87,3.69,Jamuna_Jamalpur
2021-11-06,0.0,26.63,17.04,1.03,78.9,0.87,3.52,Jamuna_Jamalpur
2021-11-07,0.0,26.34,17.16,0.96,80.8,0.86,3.5,Jamuna_Jamalpur
2021-11-08,0.0,26.86,16.48,0.91,77.04,0.85,4.2,Jamuna_Jamalpur
2021-11-09,0.0,26.0,16.0,1.0,77.19,0.85,3.53,Jamuna_Jamalpur
2021-11-10,0.0,26.58,17.15,0.94,81.97,0.84,3.59,Jamuna_Jamalpur
2021-11-11,0.0,26.44,18.44,0.62,77.77,0.84,3.79,Jamuna_Jamalpur
2021-11-12,0.0,26.57,19.81,0.89,81.36,0.83,2.96,Jamuna_Jamalpur
2021-11-13,0.26,25.68,19.39,1.12,85.99,0.83,2.59,Jamuna_Jamalpur
2021-11-14,1.45,24.8,20.48,0.62,89.96,0.82,1.37,Jamuna_Jamalpur
2021-11-15,0.6,24.19,18.83,0.79,88.28,0.82,1.99,Jamuna_Jamalpur
2021-11-16,0.08,25.46,17.53,1.24,83.57,0.82,3.06,Jamuna_Jamalpur
2021-11-17,0.0,26.74,15.1,1.19,81.04,0.81,3.58,Jamuna_Jamalpur
2021-11-18,0.0,26.26,15.24,1.04,80.89,0.8,3.03,Jamuna_Jamalpur
2021-11-19,0.0,25.77,16.09,0.76,81.14,0.8,3.18,Jamuna_Jamalpur
2021-11-20,0.0,25.64,17.99,0.98,83.89,0.79,2.56,Jamuna_Jamalpur
2021-11-21,0.0,25.31,18.14,1.18,83.85,0.79,2.26,Jamuna_Jamalpur
2021-11-22,0.0,26.18,17.23,1.59,88.89,0.78,2.12,Jamuna_Jamalpur
2021-11-23,0.0,24.96,16.68,1.02,81.79,0.78,2.46,Jamuna_Jamalpur
2021-11-24,0.0,24.71,14.27,1.1,74.75,0.77,2.68,Jamuna_Jamalpur
2021-11-25,0.0,24.65,14.5,0.92,71.21,0.77,2.58,Jamuna_Jamalpur
2021-11-26,0.0,24.52,13.42,0.98,73.71,0.76,2.66,Jamuna_Jamalpur
2021-11-27,0.0,25.24,13.21,1.11,74.36,0.76,2.62,Jamuna_Jamalpur
2021-11-28,0.0,25.2,14.16,0.96,71.83,0.75,2.83,Jamuna_Jamalpur
2021-11-29,0.0,25.04,14.61,0.82,76.4,0.74,3.0,Jamuna_Jamalpur
2021-11-30,0.0,25.25,13.13,0.95,77.46,0.74,2.67,Jamuna_Jamalpur
2021-12-01,0.0,26.13,14.77,1.0,77.59,0.73,2.84,Jamuna_Jamalpur
2021-12-02,0.0,26.21,14.97,1.19,77.88,0.73,2.49,Jamuna_Jamalpur
2021-12-03,0.03,26.0,15.67,1.12,80.56,0.72,2.35,Jamuna_Jamalpur
2021-12-04,0.16,25.58,17.04,1.11,83.58,0.72,1.9,Jamuna_Jamalpur
2021-12-05,0.13,26.04,17.71,1.06,86.29,0.71,1.84,Jamuna_Jamalpur
2021-12-06,15.29,23.59,19.32,1.79,91.84,0.72,0.77,Jamuna_Jamalpur
2021-12-07,1.16,25.88,17.61,1.57,86.43,0.73,2.0,Jamuna_Jamalpur
2021-12-08,0.31,26.08,16.19,1.18,85.33,0.72,2.13,Jamuna_Jamalpur
2021-12-09,0.05,26.99,15.33,1.2,82.81,0.72,2.39,Jamuna_Jamalpur
2021-12-10,0.02,24.16,16.37,1.43,82.19,0.71,1.76,Jamuna_Jamalpur
2021-12-11,0.16,24.37,13.67,1.38,78.45,0.71,1.55,Jamuna_Jamalpur
2021-12-12,0.0,23.37,11.75,1.32,73.76,0.71,1.77,Jamuna_Jamalpur
2021-12-13,0.0,23.31,11.33,0.96,77.5,0.7,1.75,Jamuna_Jamalpur
2021-12-14,0.0,24.18,13.07,1.17,80.79,0.7,1.86,Jamuna_Jamalpur
2021-12-15,0.0,22.62,12.2,1.06,80.47,0.69,1.57,Jamuna_Jamalpur
2021-12-16,0.0,23.43,12.71,0.97,76.6,0.69,1.5,Jamuna_Jamalpur
2021-12-17,0.0,24.12,11.87,1.02,75.85,0.68,1.77,Jamuna_Jamalpur
2021-12-18,0.0,24.88,13.0,1.09,74.66,0.68,1.74,Jamuna_Jamalpur
2021-12-19,0.0,22.34,11.43,1.55,81.72,0.68,1.38,Jamuna_Jamalpur
2021-12-20,0.0,22.56,8.14,1.29,79.65,0.67,1.33,Jamuna_Jamalpur
2021-12-21,0.0,22.95,10.82,1.13,83.53,0.67,1.29,Jamuna_Jamalpur
2021-12-22,0.08,22.51,14.91,0.94,82.01,0.66,1.09,Jamuna_Jamalpur
2021-12-23,0.02,23.67,14.75,0.96,79.85,0.66,1.43,Jamuna_Jamalpur
2021-12-24,0.0,23.58,12.61,1.18,79.57,0.66,1.42,Jamuna_Jamalpur
2021-12-25,0.0,23.42,13.12,0.93,73.08,0.65,1.33,Jamuna_Jamalpur
2021-12-26,0.0,23.87,13.06,1.06,71.31,0.65,1.46,Jamuna_Jamalpur
2021-12-27,0.0,23.19,12.37,0.94,73.51,0.65,1.28,Jamuna_Jamalpur
2021-12-28,0.0,23.36,13.02,0.99,74.5,0.64,1.27,Jamuna_Jamalpur
2021-12-29,0.28,22.61,12.7,1.37,78.12,0.64,1.05,Jamuna_Jamalpur
2021-12-30,0.21,23.86,14.18,1.35,78.96,0.64,0.69,Jamuna_Jamalpur
2021-12-31,0.05,23.83,12.57,1.61,79.04,0.63,1.37,Jamuna_Jamalpur
2022-01-01,0.0,23.36,13.24,1.55,81.68,0.63,0.95,Jamuna_Jamalpur
2022-01-02,0.0,23.45,11.09,1.33,81.07,0.62,1.24,Jamuna_Jamalpur
2022-01-03,0.0,23.34,12.75,1.37,81.39,0.62,1.13,Jamuna_Jamalpur
2022-01-04,0.0,23.01,11.14,1.17,79.29,0.62,1.18,Jamuna_Jamalpur
2022-01-05,0.0,23.34,11.98,1.13,75.35,0.61,1.17,Jamuna_Jamalpur
2022-01-06,0.0,24.71,13.17,1.18,75.79,0.61,1.25,Jamuna_Jamalpur
2022-01-07,0.0,24.69,13.96,1.19,77.69,0.61,1.25,Jamuna_Jamalpur
2022-01-08,0.0,25.38,13.76,1.31,80.93,0.6,1.31,Jamuna_Jamalpur
2022-01-09,0.0,25.33,13.83,0.97,79.85,0.6,1.24,Jamuna_Jamalpur
2022-01-10,0.0,25.56,16.23,1.14,79.62,0.6,1.16,Jamuna_Jamalpur
2022-01-11,1.21,25.28,15.41,1.11,82.7,0.59,0.94,Jamuna_Jamalpur
2022-01-12,5.92,23.56,16.29,1.06,82.97,0.59,0.82,Jamuna_Jamalpur
2022-01-13,9.65,21.97,14.45,1.36,82.1,0.61,0.77,Jamuna_Jamalpur
2022-01-14,3.9,21.1,12.16,1.08,74.83,0.61,0.71,Jamuna_Jamalpur
2022-01-15,0.01,23.85,12.26,1.76,77.27,0.61,1.19,Jamuna_Jamalpur
2022-01-16,0.0,23.09,10.88,1.89,77.57,0.6,1.09,Jamuna_Jamalpur
2022-01-17,0.0,24.38,10.55,1.45,79.58,0.6,1.02,Jamuna_Jamalpur
2022-01-18,0.0,24.15,12.68,1.22,75.41,0.6,1.08,Jamuna_Jamalpur
2022-01-19,0.0,23.66,15.14,0.93,72.84,0.59,1.05,Jamuna_Jamalpur
2022-01-20,0.04,21.66,13.43,1.02,79.01,0.59,0.72,Jamuna_Jamalpur
2022-01-21,0.01,22.62,13.35,1.07,68.34,0.59,0.94,Jamuna_Jamalpur
2022-01-22,0.02,22.77,11.11,1.27,71.07,0.58,0.9,Jamuna_Jamalpur
2022-01-23,0.17,23.06,12.53,1.31,76.62,0.58,0.79,Jamuna_Jamalpur
2022-01-24,0.75,22.65,14.36,1.46,82.05,0.58,0.79,Jamuna_Jamalpur
2022-01-25,0.1,23.38,14.43,0.97,79.15,0.58,0.95,Jamuna_Jamalpur
2022-01-26,0.72,22.55,14.06,1.2,78.92,0.57,0.77,Jamuna_Jamalpur
2022-01-27,0.22,21.39,10.98,2.01,73.24,0.57,0.97,Jamuna_Jamalpur
2022-01-28,0.31,20.14,8.43,1.82,72.09,0.57,0.86,Jamuna_Jamalpur
2022-01-29,0.0,20.92,9.21,1.27,72.27,0.56,0.83,Jamuna_Jamalpur
2022-01-30,0.0,20.97,8.25,1.65,69.94,0.56,0.81,Jamuna_Jamalpur
2022-01-31,0.0,21.84,10.19,1.33,69.02,0.56,0.79,Jamuna_Jamalpur
2022-02-01,0.26,22.13,9.55,1.68,72.63,0.55,0.79,Jamuna_Jamalpur
2022-02-02,0.05,22.85,11.02,1.14,65.37,0.55,0.8,Jamuna_Jamalpur
2022-02-03,0.12,23.74,11.37,1.75,72.31,0.55,0.76,Jamuna_Jamalpur
2022-02-04,27.43,21.51,13.85,2.92,83.83,0.56,0.3,Jamuna_Jamalpur
2022-02-05,6.24,20.72,11.77,2.18,78.91,0.59,1.02,Jamuna_Jamalpur
2022-02-06,4.65,20.8,9.36,1.31,73.1,0.59,1.12,Jamuna_Jamalpur
2022-02-07,0.47,21.45,9.23,1.33,66.98,0.59,1.21,Jamuna_Jamalpur
2022-02-08,0.0,21.86,11.15,1.08,62.84,0.59,1.13,Jamuna_Jamalpur
2022-02-09,0.0,23.47,10.96,1.12,62.28,0.58,1.25,Jamuna_Jamalpur
2022-02-10,2.77,18.55,11.98,1.28,81.91,0.58,0.28,Jamuna_Jamalpur
2022-02-11,0.3,23.36,12.79,1.8,75.62,0.58,1.32,Jamuna_Jamalpur
2022-02-12,0.03,22.87,10.61,1.58,65.88,0.58,1.28,Jamuna_Jamalpur
2022-02-13,0.0,24.8,10.06,1.41,65.05,0.57,1.44,Jamuna_Jamalpur
2022-02-14,0.0,25.32,11.16,1.17,61.96,0.57,1.53,Jamuna_Jamalpur
2022-02-15,0.0,26.17,12.0,1.24,60.5,0.56,1.68,Jamuna_Jamalpur
2022-02-16,0.0,25.01,12.36,1.26,58.69,0.55,1.44,Jamuna_Jamalpur
2022-02-17,0.0,25.57,12.91,1.59,57.49,0.55,1.32,Jamuna_Jamalpur
2022-02-18,0.0,25.92,12.34,1.53,57.65,0.55,1.47,Jamuna_Jamalpur
2022-02-19,0.0,25.93,12.08,1.96,58.86,0.54,1.49,Jamuna_Jamalpur
2022-02-20,0.4,24.63,11.5,2.24,74.16,0.54,0.9,Jamuna_Jamalpur
2022-02-21,0.62,24.83,12.47,1.7,69.75,0.53,1.21,Jamuna_Jamalpur
2022-02-22,0.14,26.27,12.31,1.59,62.02,0.53,1.41,Jamuna_Jamalpur
2022-02-23,0.02,27.17,14.76,1.32,62.49,0.53,1.45,Jamuna_Jamalpur
2022-02-24,0.01,28.28,15.0,1.55,66.77,0.52,1.35,Jamuna_Jamalpur
2022-02-25,6.46,25.54,16.91,1.46,79.18,0.53,0.79,Jamuna_Jamalpur
2022-02-26,2.29,27.66,15.96,1.55,74.43,0.53,1.38,Jamuna_Jamalpur
2022-02-27,0.01,27.92,15.66,1.37,62.42,0.52,1.54,Jamuna_Jamalpur
2022-02-28,0.07,28.96,17.24,1.92,66.8,0.52,1.5,Jamuna_Jamalpur
2022-03-01,0.0,29.64,15.01,1.64,55.82,0.51,1.76,Jamuna_Jamalpur
2022-03-02,0.0,29.55,16.02,1.62,51.46,0.51,1.65,Jamuna_Jamalpur
2022-03-03,0.0,30.1,16.27,1.6,50.74,0.5,1.62,Jamuna_Jamalpur
2022-03-04,0.0,29.88,15.14,1.67,51.88,0.5,1.5,Jamuna_Jamalpur
2022-03-05,0.0,30.81,14.97,1.76,57.4,0.49,1.5,Jamuna_Jamalpur
2022-03-06,0.0,31.54,18.24,1.14,50.21,0.49,1.45,Jamuna_Jamalpur
2022-03-07,0.0,33.76,16.6,1.16,51.84,0.48,1.57,Jamuna_Jamalpur
2022-03-08,0.0,33.34,17.46,1.23,49.59,0.48,1.46,Jamuna_Jamalpur
2022-03-09,0.0,33.63,19.54,1.13,44.89,0.47,1.39,Jamuna_Jamalpur
2022-03-10,0.0,33.47,18.88,1.21,41.23,0.47,1.34,Jamuna_Jamalpur
2022-03-11,0.0,33.03,19.13,1.2,41.46,0.46,1.2,Jamuna_Jamalpur
2022-03-12,0.0,33.38,19.67,1.28,41.81,0.46,1.15,Jamuna_Jamalpur
2022-03-13,0.0,33.77,18.5,1.61,44.4,0.46,1.08,Jamuna_Jamalpur
2022-03-14,0.0,34.21,19.17,1.27,44.62,0.45,0.93,Jamuna_Jamalpur
2022-03-15,0.0,35.31,20.4,1.14,42.16,0.45,1.02,Jamuna_Jamalpur
2022-03-16,0.0,35.32,20.08,1.35,42.5,0.44,0.91,Jamuna_Jamalpur
2022-03-17,0.0,35.68,19.28,1.4,45.19,0.44,0.91,Jamuna_Jamalpur
2022-03-18,0.0,36.19,20.31,1.31,49.04,0.44,0.89,Jamuna_Jamalpur
2022-03-19,0.0,36.92,20.9,1.72,48.18,0.43,0.85,Jamuna_Jamalpur
2022-03-20,0.0,35.74,20.02,2.21,52.39,0.43,0.75,Jamuna_Jamalpur
2022-03-21,0.16,35.38,19.16,2.19,53.14,0.42,0.65,Jamuna_Jamalpur
2022-03-22,0.03,35.91,21.29,1.84,54.54,0.42,0.63,Jamuna_Jamalpur
2022-03-23,0.0,37.03,22.38,1.73,51.76,0.42,0.61,Jamuna_Jamalpur
2022-03-24,0.0,36.41,21.59,2.61,50.03,0.41,0.6,Jamuna_Jamalpur
2022-03-25,0.77,36.1,21.22,3.32,59.02,0.41,0.49,Jamuna_Jamalpur
2022-03-26,2.58,37.47,23.07,2.63,56.39,0.41,0.57,Jamuna_Jamalpur
2022-03-27,1.51,35.8,20.08,1.63,55.34,0.41,0.5,Jamuna_Jamalpur
2022-03-28,0.39,34.65,22.66,2.59,61.66,0.41,0.47,Jamuna_Jamalpur
2022-03-29,0.85,34.45,22.56,3.08,64.0,0.41,0.44,Jamuna_Jamalpur
2022-03-30,1.97,33.98,23.32,2.86,66.15,0.4,0.4,Jamuna_Jamalpur
2022-03-31,6.1,34.74,23.6,2.52,66.97,0.41,0.41,Jamuna_Jamalpur
2022-04-01,9.19,34.93,24.15,2.59,68.46,0.42,0.53,Jamuna_Jamalpur
2022-04-02,8.47,34.12,24.85,2.42,70.87,0.43,0.6,Jamuna_Jamalpur
2022-04-03,5.81,34.07,23.93,2.59,67.62,0.43,0.69,Jamuna_Jamalpur
2022-04-04,11.51,35.63,24.1,3.63,64.75,0.45,0.89,Jamuna_Jamalpur
2022-04-05,9.87,35.28,23.21,2.32,67.37,0.46,1.07,Jamuna_Jamalpur
2022-04-06,0.94,35.68,22.63,2.49,64.72,0.46,1.22,Jamuna_Jamalpur
2022-04-07,1.26,36.25,23.87,2.51,62.28,0.45,1.2,Jamuna_Jamalpur
2022-04-08,0.35,36.86,22.92,1.75,56.16,0.45,1.15,Jamuna_Jamalpur
2022-04-09,2.4,36.37,23.15,1.84,57.37,0.45,1.11,Jamuna_Jamalpur
2022-04-10,3.23,36.24,22.95,2.58,61.88,0.44,1.09,Jamuna_Jamalpur
2022-04-11,7.77,34.93,24.3,2.08,66.14,0.45,1.06,Jamuna_Jamalpur
2022-04-12,2.14,34.87,24.03,1.87,67.61,0.45,1.08,Jamuna_Jamalpur
2022-04-13,20.31,34.66,24.65,2.16,72.56,0.47,1.11,Jamuna_Jamalpur
2022-04-14,4.24,37.13,24.9,1.81,64.85,0.48,1.23,Jamuna_Jamalpur
2022-04-15,2.09,38.88,24.46,2.22,54.67,0.48,1.81,Jamuna_Jamalpur
2022-04-16,3.06,36.44,24.0,2.26,64.43,0.47,1.61,Jamuna_Jamalpur
2022-04-17,4.86,37.52,24.71,2.71,63.32,0.47,1.54,Jamuna_Jamalpur
2022-04-18,4.19,35.61,24.59,2.98,68.13,0.48,1.63,Jamuna_Jamalpur
2022-04-19,7.94,35.24,24.14,2.51,68.06,0.48,1.41,Jamuna_Jamalpur
2022-04-20,14.92,32.22,24.4,2.04,74.59,0.49,1.35,Jamuna_Jamalpur
2022-04-21,2.62,32.77,22.5,1.06,68.58,0.5,2.06,Jamuna_Jamalpur
2022-04-22,14.89,33.86,24.44,1.92,70.08,0.51,1.84,Jamuna_Jamalpur
2022-04-23,7.83,36.12,24.41,2.1,67.71,0.52,2.46,Jamuna_Jamalpur
2022-04-24,4.96,37.44,23.28,2.06,63.32,0.52,2.72,Jamuna_Jamalpur
2022-04-25,0.31,38.05,22.27,1.8,61.21,0.51,2.67,Jamuna_Jamalpur
2022-04-26,0.29,36.95,24.58,2.12,66.16,0.5,2.44,Jamuna_Jamalpur
2022-04-27,3.17,37.06,25.15,2.19,66.88,0.5,2.18,Jamuna_Jamalpur
2022-04-28,3.17,36.11,25.28,2.14,68.59,0.5,2.04,Jamuna_Jamalpur
2022-04-29,5.11,36.33,24.72,1.9,63.94,0.5,2.19,Jamuna_Jamalpur
2022-04-30,11.86,35.33,25.12,2.21,69.12,0.51,1.95,Jamuna_Jamalpur
2022-05-01,1.65,35.16,24.25,1.77,65.21,0.51,2.42,Jamuna_Jamalpur
2022-05-02,2.34,36.06,24.72,1.82,64.57,0.5,2.44,Jamuna_Jamalpur
2022-05-03,6.33,32.71,24.04,2.2,69.47,0.5,1.51,Jamuna_Jamalpur
2022-05-04,2.58,33.47,24.16,1.32,68.67,0.5,2.26,Jamuna_Jamalpur
2022-05-05,9.25,32.17,24.33,1.37,71.72,0.51,1.89,Jamuna_Jamalpur
2022-05-06,22.9,32.24,24.25,1.53,73.76,0.53,2.04,Jamuna_Jamalpur
2022-05-07,4.58,34.0,25.04,1.11,64.71,0.54,3.29,Jamuna_Jamalpur
2022-05-08,0.37,35.35,24.6,1.33,61.26,0.53,3.52,Jamuna_Jamalpur
2022-05-09,1.59,34.19,25.12,2.42,68.07,0.52,2.61,Jamuna_Jamalpur
2022-05-10,15.72,31.17,24.43,1.9,80.62,0.53,1.87,Jamuna_Jamalpur
2022-05-11,11.56,33.26,25.26,2.82,80.76,0.54,2.89,Jamuna_Jamalpur
2022-05-12,23.0,32.93,25.94,3.25,81.8,0.56,2.84,Jamuna_Jamalpur
2022-05-13,42.66,32.72,26.01,3.62,85.15,0.6,3.16,Jamuna_Jamalpur
2022-05-14,21.64,34.23,26.25,3.64,83.33,0.64,5.01,Jamuna_Jamalpur
2022-05-15,14.18,33.72,26.81,3.49,84.0,0.65,5.25,Jamuna_Jamalpur
2022-05-16,19.34,31.85,26.62,2.98,86.15,0.66,3.59,Jamuna_Jamalpur
2022-05-17,33.02,32.2,26.37,3.3,86.05,0.69,3.44,Jamuna_Jamalpur
2022-05-18,59.59,29.38,25.87,3.36,90.96,0.75,1.59,Jamuna_Jamalpur
2022-05-19,42.5,32.59,25.78,3.11,85.83,0.78,3.96,Jamuna_Jamalpur
2022-05-20,35.76,31.13,25.65,2.96,88.26,0.82,2.81,Jamuna_Jamalpur
2022-05-21,34.08,31.6,25.38,2.32,88.38,0.85,3.27,Jamuna_Jamalpur
2022-05-22,16.71,32.2,25.53,1.27,83.63,0.87,3.79,Jamuna_Jamalpur
2022-05-23,28.83,31.09,25.29,1.83,85.51,0.87,2.87,Jamuna_Jamalpur
2022-05-24,4.6,32.88,24.71,1.02,79.87,0.88,4.97,Jamuna_Jamalpur
2022-05-25,3.37,31.71,26.49,0.97,77.12,0.87,2.82,Jamuna_Jamalpur
2022-05-26,3.29,31.91,25.39,1.83,79.16,0.86,4.3,Jamuna_Jamalpur
2022-05-27,2.17,32.28,24.65,1.57,77.28,0.85,4.31,Jamuna_Jamalpur
2022-05-28,2.21,32.22,24.86,1.27,77.49,0.84,5.16,Jamuna_Jamalpur
2022-05-29,12.56,30.88,25.51,2.21,87.05,0.84,2.78,Jamuna_Jamalpur
2022-05-30,1.58,31.3,25.3,2.24,87.52,0.84,3.45,Jamuna_Jamalpur
2022-05-31,2.34,30.58,25.64,2.02,87.19,0.83,2.79,Jamuna_Jamalpur
2022-06-01,2.78,30.85,25.52,2.07,88.15,0.82,2.62,Jamuna_Jamalpur
2022-06-02,5.41,29.7,26.05,2.27,87.84,0.82,1.98,Jamuna_Jamalpur
2022-06-03,14.59,30.81,26.08,2.66,88.38,0.83,2.58,Jamuna_Jamalpur
2022-06-04,30.15,30.53,25.49,3.15,88.31,0.84,2.01,Jamuna_Jamalpur
2022-06-05,25.76,31.42,25.2,2.85,87.03,0.86,2.82,Jamuna_Jamalpur
2022-06-06,13.65,31.54,25.53,2.94,88.0,0.87,3.12,Jamuna_Jamalpur
2022-06-07,39.19,31.78,26.33,2.56,87.06,0.89,2.5,Jamuna_Jamalpur
2022-06-08,26.73,30.87,26.41,2.41,89.73,0.9,1.71,Jamuna_Jamalpur
2022-06-09,27.67,30.71,26.55,2.95,92.62,0.92,1.02,Jamuna_Jamalpur
2022-06-10,30.93,29.12,24.87,3.44,91.88,0.93,1.02,Jamuna_Jamalpur
2022-06-11,2.21,31.51,24.32,3.08,89.39,0.93,2.55,Jamuna_Jamalpur
2022-06-12,28.37,31.47,26.03,3.22,89.95,0.93,2.02,Jamuna_Jamalpur
2022-06-13,19.13,31.85,26.48,3.3,90.56,0.94,1.68,Jamuna_Jamalpur
2022-06-14,22.16,31.42,26.79,3.38,91.79,0.94,1.54,Jamuna_Jamalpur
2022-06-15,16.75,29.77,26.66,3.97,93.23,0.94,0.79,Jamuna_Jamalpur
2022-06-16,60.81,30.14,26.0,4.56,91.97,0.96,0.9,Jamuna_Jamalpur
2022-06-17,48.66,28.68,25.95,4.21,94.37,0.97,0.35,Jamuna_Jamalpur
2022-06-18,38.96,30.03,26.12,4.64,91.58,0.98,1.03,Jamuna_Jamalpur
2022-06-19,33.02,29.48,25.69,3.36,92.0,0.98,1.0,Jamuna_Jamalpur
2022-06-20,19.49,30.33,25.4,2.51,90.43,0.99,1.28,Jamuna_Jamalpur
2022-06-21,7.64,29.99,25.15,2.67,91.27,0.98,1.21,Jamuna_Jamalpur
2022-06-22,2.79,31.04,25.44,2.23,87.53,0.97,2.08,Jamuna_Jamalpur
2022-06-23,25.23,30.87,24.91,2.18,88.44,0.97,1.97,Jamuna_Jamalpur
2022-06-24,9.03,31.04,26.18,2.74,90.37,0.97,1.66,Jamuna_Jamalpur
2022-06-25,3.99,31.49,25.38,2.76,89.04,0.96,2.42,Jamuna_Jamalpur
2022-06-26,10.01,31.28,25.86,2.7,89.62,0.96,2.07,Jamuna_Jamalpur
2022-06-27,6.69,31.18,26.14,2.44,88.36,0.96,2.17,Jamuna_Jamalpur
2022-06-28,10.47,28.76,26.32,2.96,91.41,0.95,1.19,Jamuna_Jamalpur
2022-06-29,10.65,29.17,25.07,1.75,88.42,0.95,0.92,Jamuna_Jamalpur
2022-06-30,9.88,30.17,24.7,2.02,88.92,0.95,1.67,Jamuna_Jamalpur
2022-07-01,6.78,31.67,25.78,2.28,88.53,0.95,2.46,Jamuna_Jamalpur
2022-07-02,7.62,31.34,26.39,2.44,87.95,0.95,2.63,Jamuna_Jamalpur
2022-07-03,2.43,31.59,25.96,2.25,88.62,0.94,2.58,Jamuna_Jamalpur
2022-07-04,1.59,31.89,26.25,2.24,88.68,0.93,2.57,Jamuna_Jamalpur
2022-07-05,0.59,31.68,26.03,1.95,87.17,0.92,2.73,Jamuna_Jamalpur
2022-07-06,8.21,29.93,25.93,2.4,90.49,0.92,1.9,Jamuna_Jamalpur
2022-07-07,0.23,32.21,25.16,2.11,87.49,0.91,3.35,Jamuna_Jamalpur
2022-07-08,1.29,31.55,25.77,2.4,88.33,0.9,2.88,Jamuna_Jamalpur
2022-07-09,1.41,31.93,25.37,2.11,85.54,0.9,3.83,Jamuna_Jamalpur
2022-07-10,2.52,32.3,24.96,2.78,87.74,0.89,3.65,Jamuna_Jamalpur
2022-07-11,2.69,30.84,25.64,2.88,88.52,0.88,3.03,Jamuna_Jamalpur
2022-07-12,0.15,32.22,25.65,2.68,86.33,0.87,4.31,Jamuna_Jamalpur
2022-07-13,0.28,32.97,26.1,2.38,86.51,0.85,4.17,Jamuna_Jamalpur
2022-07-14,0.6,33.76,26.51,2.35,85.86,0.84,3.9,Jamuna_Jamalpur
2022-07-15,6.26,31.57,26.63,2.16,88.59,0.84,2.16,Jamuna_Jamalpur
2022-07-16,2.95,32.96,26.22,2.71,86.48,0.83,4.21,Jamuna_Jamalpur
2022-07-17,7.99,32.66,26.3,2.57,86.56,0.83,4.3,Jamuna_Jamalpur
2022-07-18,1.26,32.28,26.2,2.69,86.05,0.82,4.75,Jamuna_Jamalpur
2022-07-19,6.83,32.24,26.18,3.17,87.42,0.81,4.02,Jamuna_Jamalpur
2022-07-20,6.02,31.39,26.65,2.76,90.62,0.8,2.34,Jamuna_Jamalpur
2022-07-21,3.49,31.92,26.47,2.28,87.86,0.8,3.18,Jamuna_Jamalpur
2022-07-22,0.88,32.14,26.11,2.5,87.01,0.79,3.6,Jamuna_Jamalpur
2022-07-23,29.92,30.46,26.47,1.89,90.68,0.79,1.39,Jamuna_Jamalpur
2022-07-24,12.88,29.45,25.76,2.74,92.48,0.83,1.22,Jamuna_Jamalpur
2022-07-25,14.2,30.23,25.08,1.85,87.34,0.84,2.75,Jamuna_Jamalpur
2022-07-26,11.24,31.02,24.57,1.65,85.16,0.84,3.69,Jamuna_Jamalpur
2022-07-27,5.63,31.56,25.46,1.72,84.17,0.83,3.88,Jamuna_Jamalpur
2022-07-28,6.57,31.08,25.82,2.2,87.99,0.83,2.79,Jamuna_Jamalpur
2022-07-29,4.92,31.93,25.33,1.98,85.37,0.83,3.18,Jamuna_Jamalpur
2022-07-30,9.96,31.44,26.55,1.62,87.83,0.83,1.86,Jamuna_Jamalpur
2022-07-31,27.43,28.77,27.0,2.52,93.1,0.85,0.84,Jamuna_Jamalpur
2022-08-01,31.79,31.07,26.51,1.51,90.08,0.87,1.53,Jamuna_Jamalpur
2022-08-02,12.88,32.35,26.23,1.37,85.43,0.89,3.32,Jamuna_Jamalpur
2022-08-03,4.88,30.85,26.33,1.76,85.99,0.88,2.5,Jamuna_Jamalpur
2022-08-04,14.58,31.1,25.6,1.35,85.29,0.88,2.29,Jamuna_Jamalpur
2022-08-05,16.27,32.51,27.12,1.14,83.92,0.89,3.06,Jamuna_Jamalpur
2022-08-06,6.4,30.66,26.66,1.27,88.47,0.89,1.77,Jamuna_Jamalpur
2022-08-07,11.67,33.15,26.29,1.1,80.5,0.89,4.41,Jamuna_Jamalpur
2022-08-08,6.63,31.47,26.3,3.14,87.96,0.89,3.3,Jamuna_Jamalpur
2022-08-09,2.2,31.47,25.76,3.14,87.98,0.88,3.4,Jamuna_Jamalpur
2022-08-10,1.37,30.13,25.61,3.94,90.35,0.87,2.05,Jamuna_Jamalpur
2022-08-11,0.44,31.74,25.73,3.74,88.31,0.86,4.44,Jamuna_Jamalpur
2022-08-12,0.18,32.21,25.2,1.63,86.75,0.85,3.9,Jamuna_Jamalpur
2022-08-13,5.11,32.27,26.07,3.07,89.27,0.84,3.32,Jamuna_Jamalpur
2022-08-14,11.93,31.41,24.94,4.65,88.3,0.84,3.92,Jamuna_Jamalpur
2022-08-15,3.52,31.8,25.3,2.99,88.11,0.84,4.18,Jamuna_Jamalpur
2022-08-16,1.09,32.26,25.52,1.7,85.84,0.83,4.43,Jamuna_Jamalpur
2022-08-17,0.48,32.93,25.92,1.32,81.67,0.82,4.72,Jamuna_Jamalpur
2022-08-18,1.02,34.86,27.69,0.76,74.64,0.8,4.83,Jamuna_Jamalpur
2022-08-19,10.11,32.09,26.23,2.92,86.07,0.8,4.14,Jamuna_Jamalpur
2022-08-20,23.63,31.5,25.94,3.64,87.66,0.81,4.01,Jamuna_Jamalpur
2022-08-21,12.6,31.74,25.21,2.24,87.11,0.83,4.41,Jamuna_Jamalpur
2022-08-22,0.82,32.35,25.84,1.6,86.0,0.82,4.5,Jamuna_Jamalpur
2022-08-23,11.06,31.15,26.4,1.56,88.08,0.82,1.89,Jamuna_Jamalpur
2022-08-24,7.52,31.4,25.42,2.63,88.51,0.82,3.8,Jamuna_Jamalpur
2022-08-25,0.88,32.09,24.81,1.61,84.03,0.81,5.67,Jamuna_Jamalpur
2022-08-26,0.2,32.63,25.96,1.71,84.48,0.8,5.27,Jamuna_Jamalpur
2022-08-27,5.64,30.56,25.58,2.68,89.63,0.79,3.22,Jamuna_Jamalpur
2022-08-28,8.22,31.46,25.78,2.66,87.53,0.79,4.47,Jamuna_Jamalpur
2022-08-29,27.2,31.44,25.63,1.93,87.19,0.81,3.76,Jamuna_Jamalpur
2022-08-30,10.58,31.1,26.36,2.08,82.56,0.82,4.0,Jamuna_Jamalpur
2022-08-31,9.01,32.03,24.84,1.99,86.41,0.81,4.56,Jamuna_Jamalpur
2022-09-01,27.14,27.54,25.11,3.02,91.98,0.82,1.39,Jamuna_Jamalpur
2022-09-02,9.77,31.17,25.01,2.81,89.72,0.84,3.02,Jamuna_Jamalpur
2022-09-03,19.09,31.63,26.23,2.49,89.63,0.84,3.06,Jamuna_Jamalpur
2022-09-04,28.61,30.42,26.93,2.03,92.55,0.88,1.24,Jamuna_Jamalpur
2022-09-05,4.3,29.19,26.69,1.71,92.22,0.88,1.18,Jamuna_Jamalpur
2022-09-06,10.31,29.61,26.46,1.6,90.62,0.88,1.76,Jamuna_Jamalpur
2022-09-07,1.13,31.68,25.32,1.25,86.08,0.88,3.91,Jamuna_Jamalpur
2022-09-08,3.89,32.65,25.94,0.97,84.29,0.87,3.28,Jamuna_Jamalpur
2022-09-09,13.24,33.01,26.14,1.05,83.33,0.87,4.17,Jamuna_Jamalpur
2022-09-10,9.09,30.28,26.15,2.28,89.89,0.87,2.67,Jamuna_Jamalpur
2022-09-11,11.93,28.9,25.01,2.58,90.75,0.88,2.01,Jamuna_Jamalpur
2022-09-12,10.85,27.91,24.71,3.07,93.58,0.88,1.13,Jamuna_Jamalpur
2022-09-13,59.46,28.84,25.56,2.49,94.8,0.91,0.59,Jamuna_Jamalpur
2022-09-14,27.81,28.89,25.17,2.08,91.47,0.95,1.48,Jamuna_Jamalpur
2022-09-15,28.72,29.54,24.97,2.39,92.86,0.95,1.75,Jamuna_Jamalpur
2022-09-16,25.13,29.2,24.61,1.69,92.89,0.96,1.35,Jamuna_Jamalpur
2022-09-17,7.13,30.93,25.23,1.58,89.36,0.96,2.45,Jamuna_Jamalpur
2022-09-18,5.33,31.92,25.42,1.26,86.54,0.95,3.71,Jamuna_Jamalpur
2022-09-19,18.43,30.83,26.15,1.89,90.44,0.96,2.01,Jamuna_Jamalpur
2022-09-20,10.05,30.88,25.67,2.73,91.1,0.96,2.47,Jamuna_Jamalpur
2022-09-21,1.15,30.77,25.36,2.76,90.58,0.95,3.21,Jamuna_Jamalpur
2022-09-22,1.64,31.14,25.38,2.16,89.45,0.94,3.2,Jamuna_Jamalpur
2022-09-23,5.48,29.14,25.8,1.69,91.38,0.94,1.18,Jamuna_Jamalpur
2022-09-24,11.92,29.74,25.59,1.9,90.52,0.94,2.13,Jamuna_Jamalpur
2022-09-25,7.36,29.6,24.85,1.46,86.92,0.94,1.63,Jamuna_Jamalpur
2022-09-26,4.45,31.13,24.74,0.79,83.14,0.94,3.5,Jamuna_Jamalpur
2022-09-27,3.59,29.57,25.84,0.76,88.04,0.94,1.86,Jamuna_Jamalpur
2022-09-28,3.28,29.47,25.0,0.99,86.83,0.93,2.72,Jamuna_Jamalpur
2022-09-29,9.42,32.88,25.37,0.63,79.3,0.94,2.4,Jamuna_Jamalpur
2022-09-30,0.12,33.33,24.92,1.22,81.97,0.93,5.48,Jamuna_Jamalpur
2022-10-01,1.68,33.05,25.82,0.85,79.58,0.92,3.9,Jamuna_Jamalpur
2022-10-02,11.92,32.39,26.25,0.98,86.31,0.92,1.36,Jamuna_Jamalpur
2022-10-03,20.03,28.7,25.68,1.62,93.11,0.94,0.88,Jamuna_Jamalpur
2022-10-04,7.29,29.95,24.89,1.69,90.07,0.94,1.78,Jamuna_Jamalpur
2022-10-05,5.29,30.61,24.95,1.19,86.97,0.94,2.87,Jamuna_Jamalpur
2022-10-06,2.27,30.62,24.88,1.64,88.63,0.93,3.24,Jamuna_Jamalpur
2022-10-07,0.88,30.2,25.18,1.69,88.13,0.93,3.72,Jamuna_Jamalpur
2022-10-08,2.15,30.27,24.34,1.66,88.92,0.92,3.34,Jamuna_Jamalpur
2022-10-09,5.77,29.8,24.69,2.02,90.49,0.92,2.35,Jamuna_Jamalpur
2022-10-10,9.97,29.69,24.77,1.94,91.24,0.92,2.35,Jamuna_Jamalpur
2022-10-11,14.88,29.95,25.01,2.07,92.59,0.92,1.33,Jamuna_Jamalpur
2022-10-12,17.8,27.37,24.95,1.84,94.13,0.93,0.86,Jamuna_Jamalpur
2022-10-13,26.42,28.69,24.73,1.04,90.35,0.95,1.03,Jamuna_Jamalpur
2022-10-14,4.9,29.93,23.94,1.16,88.05,0.95,3.42,Jamuna_Jamalpur
2022-10-15,0.39,30.17,22.54,1.26,83.86,0.94,4.95,Jamuna_Jamalpur
2022-10-16,0.1,31.34,22.1,1.39,82.67,0.93,5.45,Jamuna_Jamalpur
2022-10-17,2.59,31.73,22.62,1.34,84.25,0.92,5.21,Jamuna_Jamalpur
2022-10-18,0.0,31.23,22.77,1.15,84.46,0.92,5.63,Jamuna_Jamalpur
2022-10-19,0.0,29.92,22.63,1.36,85.1,0.91,4.85,Jamuna_Jamalpur
2022-10-20,0.0,30.83,21.66,1.52,84.88,0.9,4.86,Jamuna_Jamalpur
2022-10-21,0.0,31.58,21.58,1.15,80.37,0.9,5.77,Jamuna_Jamalpur
2022-10-22,0.0,31.61,21.01,1.05,76.78,0.89,5.9,Jamuna_Jamalpur
2022-10-23,3.67,28.52,21.5,1.51,87.64,0.88,1.99,Jamuna_Jamalpur
2022-10-24,94.49,24.43,21.18,2.7,92.95,0.91,0.46,Jamuna_Jamalpur
2022-10-25,18.31,26.73,19.77,2.25,86.14,0.96,2.67,Jamuna_Jamalpur
2022-10-26,5.98,27.72,19.64,1.21,83.81,0.95,3.13,Jamuna_Jamalpur
2022-10-27,0.01,28.83,20.33,0.88,74.59,0.94,4.56,Jamuna_Jamalpur
2022-10-28,0.0,28.87,18.48,1.01,77.47,0.93,4.37,Jamuna_Jamalpur
2022-10-29,0.0,28.47,19.4,1.02,78.71,0.93,4.11,Jamuna_Jamalpur
2022-10-30,0.0,29.26,19.6,0.98,79.25,0.92,4.45,Jamuna_Jamalpur
2022-10-31,0.0,29.96,21.18,0.81,82.59,0.91,4.83,Jamuna_Jamalpur
2022-11-01,0.0,29.93,20.58,1.1,82.58,0.91,4.59,Jamuna_Jamalpur
2022-11-02,0.0,28.65,20.96,1.16,82.25,0.9,3.8,Jamuna_Jamalpur
2022-11-03,0.0,28.34,20.4,1.1,81.34,0.9,4.21,Jamuna_Jamalpur
2022-11-04,0.0,28.74,19.28,0.83,77.88,0.89,4.43,Jamuna_Jamalpur
2022-11-05,0.0,28.93,19.51,1.02,78.67,0.88,3.94,Jamuna_Jamalpur
2022-11-06,0.06,28.72,20.31,0.84,75.72,0.87,4.52,Jamuna_Jamalpur
2022-11-07,0.05,28.07,19.39,1.19,76.29,0.87,3.69,Jamuna_Jamalpur
2022-11-08,0.0,27.93,18.4,1.02,70.86,0.86,3.96,Jamuna_Jamalpur
2022-11-09,0.0,27.76,18.93,0.86,71.71,0.85,4.01,Jamuna_Jamalpur
2022-11-10,0.0,27.47,19.12,0.73,74.69,0.85,4.25,Jamuna_Jamalpur
2022-11-11,0.0,27.47,19.33,0.94,77.22,0.84,4.02,Jamuna_Jamalpur
2022-11-12,0.0,27.77,18.91,1.11,81.06,0.83,3.54,Jamuna_Jamalpur
2022-11-13,0.0,25.97,16.73,1.05,79.47,0.83,3.3,Jamuna_Jamalpur
2022-11-14,0.07,26.95,16.2,0.85,76.35,0.82,3.71,Jamuna_Jamalpur
2022-11-15,0.0,27.23,17.92,0.72,77.5,0.82,3.92,Jamuna_Jamalpur
2022-11-16,0.0,26.95,17.25,1.06,81.32,0.81,3.68,Jamuna_Jamalpur
2022-11-17,0.0,27.27,17.24,0.96,74.64,0.8,3.57,Jamuna_Jamalpur
2022-11-18,0.0,26.56,16.32,1.16,77.4,0.8,3.37,Jamuna_Jamalpur
2022-11-19,0.0,26.68,14.99,0.95,75.47,0.79,3.57,Jamuna_Jamalpur
2022-11-20,0.0,27.26,15.47,0.94,73.71,0.78,3.51,Jamuna_Jamalpur
2022-11-21,1.98,25.99,16.17,1.28,77.04,0.78,3.25,Jamuna_Jamalpur
2022-11-22,0.0,26.06,14.96,1.34,82.66,0.77,3.03,Jamuna_Jamalpur
2022-11-23,0.0,25.9,15.58,1.37,84.06,0.77,2.99,Jamuna_Jamalpur
2022-11-24,0.0,26.94,15.22,1.18,82.2,0.76,3.29,Jamuna_Jamalpur
2022-11-25,0.0,26.62,15.54,0.92,80.45,0.76,3.04,Jamuna_Jamalpur
2022-11-26,0.0,26.01,16.03,0.64,75.75,0.75,3.12,Jamuna_Jamalpur
2022-11-27,0.0,25.53,16.07,0.83,73.67,0.74,3.09,Jamuna_Jamalpur
2022-11-28,0.0,26.03,14.82,0.88,74.84,0.74,3.02,Jamuna_Jamalpur
2022-11-29,0.0,27.05,15.67,0.9,67.63,0.73,3.0,Jamuna_Jamalpur
2022-11-30,0.0,27.2,15.96,1.04,72.1,0.73,2.82,Jamuna_Jamalpur
2022-12-01,0.0,27.06,15.89,1.41,80.9,0.72,2.65,Jamuna_Jamalpur
2022-12-02,0.0,26.56,14.75,1.37,84.53,0.72,2.62,Jamuna_Jamalpur
2022-12-03,0.0,26.08,14.79,1.24,82.79,0.71,2.55,Jamuna_Jamalpur
2022-12-04,0.0,26.4,15.27,0.88,79.4,0.71,2.59,Jamuna_Jamalpur
2022-12-05,0.0,26.98,15.26,1.22,80.5,0.7,2.63,Jamuna_Jamalpur
2022-12-06,0.0,26.32,14.9,1.22,82.18,0.7,2.48,Jamuna_Jamalpur
2022-12-07,0.0,25.38,13.79,1.31,82.86,0.69,2.14,Jamuna_Jamalpur
2022-12-08,0.0,26.05,14.41,1.03,82.0,0.69,2.18,Jamuna_Jamalpur
2022-12-09,0.0,24.75,14.6,0.97,80.39,0.68,2.04,Jamuna_Jamalpur
2022-12-10,0.0,26.06,14.62,0.66,75.7,0.68,2.22,Jamuna_Jamalpur
2022-12-11,0.0,25.69,15.43,1.23,80.7,0.67,1.95,Jamuna_Jamalpur
2022-12-12,0.0,24.68,14.67,0.91,79.12,0.67,1.5,Jamuna_Jamalpur
2022-12-13,0.0,24.14,14.69,0.7,76.9,0.67,1.45,Jamuna_Jamalpur
2022-12-14,0.0,23.85,14.67,0.7,80.81,0.66,1.11,Jamuna_Jamalpur
2022-12-15,0.0,23.94,15.36,1.03,75.83,0.66,1.39,Jamuna_Jamalpur
2022-12-16,0.0,23.38,13.67,1.04,73.66,0.66,1.06,Jamuna_Jamalpur
2022-12-17,0.0,24.85,13.11,0.95,78.19,0.65,1.28,Jamuna_Jamalpur
2022-12-18,0.0,24.51,13.66,0.95,79.25,0.65,1.56,Jamuna_Jamalpur
2022-12-19,0.0,24.99,14.6,0.82,75.46,0.64,1.63,Jamuna_Jamalpur
2022-12-20,0.0,24.99,15.39,0.76,78.1,0.64,1.44,Jamuna_Jamalpur
2022-12-21,0.0,24.4,14.27,1.09,76.77,0.64,1.3,Jamuna_Jamalpur
2022-12-22,0.0,24.78,14.1,1.11,75.77,0.63,1.38,Jamuna_Jamalpur
2022-12-23,0.0,24.19,13.23,1.07,65.49,0.63,1.32,Jamuna_Jamalpur
2022-12-24,0.0,24.08,13.54,0.95,64.02,0.63,1.26,Jamuna_Jamalpur
2022-12-25,0.03,22.71,16.07,1.24,73.6,0.62,0.65,Jamuna_Jamalpur
2022-12-26,1.34,23.74,15.5,1.1,78.57,0.62,0.7,Jamuna_Jamalpur
2022-12-27,3.65,23.12,15.22,1.41,81.73,0.62,0.78,Jamuna_Jamalpur
2022-12-28,0.04,21.09,12.95,0.9,69.88,0.62,0.91,Jamuna_Jamalpur
2022-12-29,0.0,22.4,9.03,1.21,73.74,0.62,1.08,Jamuna_Jamalpur
2022-12-30,0.0,22.08,10.83,1.17,76.34,0.61,0.97,Jamuna_Jamalpur
2022-12-31,0.0,21.82,11.83,0.77,74.95,0.61,0.85,Jamuna_Jamalpur
2023-01-01,0.0,22.46,11.9,1.04,75.41,0.61,0.88,Jamuna_Jamalpur
2023-01-02,0.0,23.13,12.03,1.08,76.19,0.61,1.1,Jamuna_Jamalpur
2023-01-03,0.0,23.6,11.36,1.28,80.79,0.6,1.21,Jamuna_Jamalpur
2023-01-04,0.0,23.05,10.56,1.63,81.52,0.6,1.06,Jamuna_Jamalpur
2023-01-05,0.0,23.33,9.62,1.69,80.61,0.6,1.11,Jamuna_Jamalpur
2023-01-06,0.0,24.36,9.46,1.81,78.35,0.59,1.15,Jamuna_Jamalpur
2023-01-07,0.0,25.26,10.36,1.25,77.29,0.59,1.2,Jamuna_Jamalpur
2023-01-08,0.0,25.16,10.68,1.1,76.27,0.58,1.12,Jamuna_Jamalpur
2023-01-09,0.0,25.75,11.49,1.2,75.18,0.58,1.26,Jamuna_Jamalpur
2023-01-10,0.0,25.68,11.75,1.54,73.46,0.58,1.26,Jamuna_Jamalpur
2023-01-11,0.0,23.6,10.98,1.28,70.31,0.57,1.0,Jamuna_Jamalpur
2023-01-12,0.0,23.08,10.64,1.08,69.59,0.57,0.93,Jamuna_Jamalpur
2023-01-13,0.0,23.12,9.79,1.25,66.3,0.57,0.76,Jamuna_Jamalpur
2023-01-14,0.0,23.69,10.67,1.59,73.03,0.56,0.75,Jamuna_Jamalpur
2023-01-15,0.0,23.24,12.8,1.44,68.31,0.56,0.9,Jamuna_Jamalpur
2023-01-16,0.0,22.04,12.98,1.24,62.23,0.56,0.79,Jamuna_Jamalpur
2023-01-17,0.0,21.19,10.39,1.35,56.25,0.55,0.8,Jamuna_Jamalpur
2023-01-18,0.0,20.87,9.94,1.14,52.81,0.55,0.71,Jamuna_Jamalpur
2023-01-19,0.0,21.3,8.92,1.29,58.75,0.55,0.74,Jamuna_Jamalpur
2023-01-20,0.0,22.52,10.46,1.07,63.6,0.54,0.7,Jamuna_Jamalpur
2023-01-21,1.02,23.11,11.12,1.04,65.97,0.54,0.77,Jamuna_Jamalpur
2023-01-22,0.0,23.74,11.17,0.97,63.25,0.54,0.86,Jamuna_Jamalpur
2023-01-23,0.0,23.87,11.4,1.21,69.82,0.54,0.78,Jamuna_Jamalpur
2023-01-24,0.0,25.77,13.14,1.08,68.87,0.54,0.93,Jamuna_Jamalpur
2023-01-25,0.0,26.27,14.28,1.17,65.38,0.53,0.91,Jamuna_Jamalpur
2023-01-26,0.0,26.62,13.73,1.13,70.23,0.53,0.92,Jamuna_Jamalpur
2023-01-27,0.0,26.69,15.84,1.12,70.45,0.53,0.95,Jamuna_Jamalpur
2023-01-28,0.0,26.49,15.02,1.33,71.82,0.52,0.96,Jamuna_Jamalpur
2023-01-29,0.0,27.03,12.94,1.11,66.21,0.52,0.97,Jamuna_Jamalpur
2023-01-30,0.0,28.86,14.7,1.14,71.11,0.52,1.02,Jamuna_Jamalpur
2023-01-31,0.0,27.03,16.62,1.09,63.75,0.51,0.86,Jamuna_Jamalpur
2023-02-01,0.0,26.94,14.85,2.05,62.45,0.51,0.86,Jamuna_Jamalpur
2023-02-02,0.0,26.37,10.65,1.78,60.0,0.51,0.98,Jamuna_Jamalpur
2023-02-03,0.0,26.77,12.63,1.39,60.38,0.5,0.94,Jamuna_Jamalpur
2023-02-04,0.0,25.93,11.98,1.62,63.73,0.5,0.76,Jamuna_Jamalpur
2023-02-05,0.0,26.11,13.63,1.27,54.97,0.49,0.75,Jamuna_Jamalpur
2023-02-06,0.0,26.37,13.87,1.31,50.57,0.49,0.71,Jamuna_Jamalpur
2023-02-07,0.0,26.74,14.89,1.59,50.35,0.49,0.79,Jamuna_Jamalpur
2023-02-08,0.0,27.9,13.71,1.69,63.54,0.49,0.8,Jamuna_Jamalpur
2023-02-09,0.0,27.5,14.96,1.32,63.19,0.48,0.8,Jamuna_Jamalpur
2023-02-10,0.0,26.45,13.65,1.34,53.74,0.48,0.73,Jamuna_Jamalpur
2023-02-11,0.0,28.27,12.76,1.58,50.75,0.48,0.73,Jamuna_Jamalpur
2023-02-12,0.0,28.9,14.09,2.0,55.22,0.47,0.77,Jamuna_Jamalpur
2023-02-13,0.0,26.59,10.3,2.21,40.86,0.47,0.71,Jamuna_Jamalpur
2023-02-14,0.0,28.11,12.84,1.38,40.19,0.47,0.72,Jamuna_Jamalpur
2023-02-15,0.0,27.07,13.98,1.28,48.99,0.46,0.54,Jamuna_Jamalpur
2023-02-16,0.0,29.0,15.33,1.07,51.43,0.46,0.65,Jamuna_Jamalpur
2023-02-17,0.0,28.82,16.06,1.13,49.66,0.46,0.62,Jamuna_Jamalpur
2023-02-18,0.0,28.89,17.68,0.79,45.46,0.45,0.55,Jamuna_Jamalpur
2023-02-19,0.0,29.06,17.05,1.06,48.81,0.45,0.53,Jamuna_Jamalpur
2023-02-20,0.03,29.69,17.62,1.45,55.69,0.45,0.51,Jamuna_Jamalpur
2023-02-21,0.37,30.26,17.53,1.92,62.04,0.45,0.54,Jamuna_Jamalpur
2023-02-22,2.57,32.03,17.44,2.14,66.59,0.45,0.61,Jamuna_Jamalpur
2023-02-23,0.83,31.56,15.9,1.77,48.58,0.45,0.66,Jamuna_Jamalpur
2023-02-24,2.84,31.14,16.55,1.47,58.35,0.45,0.65,Jamuna_Jamalpur
2023-02-25,0.05,31.2,16.79,1.48,50.98,0.44,0.69,Jamuna_Jamalpur
2023-02-26,0.11,32.08,16.11,1.61,46.16,0.44,0.69,Jamuna_Jamalpur
2023-02-27,0.0,31.17,17.62,1.52,40.84,0.44,0.59,Jamuna_Jamalpur
2023-02-28,0.0,31.01,15.77,1.53,43.71,0.43,0.54,Jamuna_Jamalpur
2023-03-01,0.0,31.14,16.53,1.73,50.38,0.43,0.51,Jamuna_Jamalpur
2023-03-02,0.0,32.04,18.49,1.33,48.49,0.43,0.5,Jamuna_Jamalpur
2023-03-03,0.0,32.46,20.49,1.37,42.7,0.42,0.52,Jamuna_Jamalpur
2023-03-04,0.0,33.64,18.87,1.31,47.74,0.42,0.49,Jamuna_Jamalpur
2023-03-05,0.0,33.37,19.47,1.41,48.9,0.42,0.48,Jamuna_Jamalpur
2023-03-06,0.03,34.11,18.57,2.24,40.98,0.42,0.5,Jamuna_Jamalpur
2023-03-07,0.0,33.83,17.39,2.15,37.84,0.41,0.46,Jamuna_Jamalpur
2023-03-08,0.0,33.62,20.03,1.68,36.33,0.41,0.4,Jamuna_Jamalpur
2023-03-09,0.0,33.73,20.53,1.98,42.41,0.41,0.36,Jamuna_Jamalpur
2023-03-10,0.0,31.56,18.79,2.0,42.77,0.4,0.25,Jamuna_Jamalpur
2023-03-11,0.0,34.79,18.63,1.73,41.43,0.4,0.34,Jamuna_Jamalpur
2023-03-12,0.07,34.96,21.07,1.77,41.82,0.4,0.33,Jamuna_Jamalpur
2023-03-13,0.06,35.51,20.33,1.62,40.13,0.39,0.32,Jamuna_Jamalpur
2023-03-14,0.21,33.55,21.25,1.51,41.18,0.39,0.23,Jamuna_Jamalpur
2023-03-15,0.5,34.06,21.6,1.11,46.07,0.39,0.26,Jamuna_Jamalpur
2023-03-16,7.44,32.5,19.21,1.84,65.94,0.4,0.21,Jamuna_Jamalpur
2023-03-17,3.66,29.01,20.92,1.38,68.13,0.4,0.2,Jamuna_Jamalpur
2023-03-18,9.54,30.94,19.74,1.04,61.8,0.41,0.33,Jamuna_Jamalpur
2023-03-19,27.51,25.48,20.6,1.83,80.68,0.44,0.13,Jamuna_Jamalpur
2023-03-20,24.85,26.57,19.8,2.31,81.91,0.48,0.51,Jamuna_Jamalpur
2023-03-21,13.42,28.36,18.67,1.45,70.38,0.52,1.37,Jamuna_Jamalpur
2023-03-22,4.93,28.56,19.73,1.45,65.84,0.52,1.78,Jamuna_Jamalpur
2023-03-23,0.0,29.96,18.05,1.46,56.05,0.51,2.12,Jamuna_Jamalpur
2023-03-24,0.94,30.8,17.39,1.52,65.8,0.51,1.97,Jamuna_Jamalpur
2023-03-25,5.64,31.43,18.74,1.64,66.62,0.51,1.77,Jamuna_Jamalpur
2023-03-26,0.53,33.6,19.61,2.06,64.58,0.5,1.96,Jamuna_Jamalpur
2023-03-27,0.29,33.54,21.4,1.91,63.53,0.5,1.98,Jamuna_Jamalpur
2023-03-28,1.57,34.19,20.8,1.65,58.96,0.49,1.79,Jamuna_Jamalpur
2023-03-29,8.86,31.86,20.95,1.73,67.19,0.5,1.54,Jamuna_Jamalpur
2023-03-30,11.26,30.22,20.62,2.03,72.59,0.51,1.57,Jamuna_Jamalpur
2023-03-31,17.31,29.07,20.57,1.83,80.13,0.53,1.33,Jamuna_Jamalpur
2023-04-01,17.22,27.82,21.1,1.21,78.4,0.55,1.4,Jamuna_Jamalpur
2023-04-02,16.51,28.38,19.69,1.52,73.33,0.57,2.66,Jamuna_Jamalpur
2023-04-03,0.4,31.91,19.49,1.85,65.41,0.57,4.1,Jamuna_Jamalpur
2023-04-04,0.71,33.36,21.28,2.11,67.08,0.56,3.72,Jamuna_Jamalpur
2023-04-05,1.5,33.86,20.82,1.8,68.76,0.55,3.5,Jamuna_Jamalpur
2023-04-06,0.1,33.73,21.29,1.69,62.97,0.54,3.44,Jamuna_Jamalpur
2023-04-07,0.1,35.01,18.95,1.49,52.37,0.53,3.2,Jamuna_Jamalpur
2023-04-08,0.0,35.73,19.43,1.39,51.58,0.53,3.02,Jamuna_Jamalpur
2023-04-09,0.0,35.52,21.08,1.29,44.41,0.52,2.8,Jamuna_Jamalpur
2023-04-10,0.0,36.25,20.96,1.61,47.18,0.51,2.71,Jamuna_Jamalpur
2023-04-11,0.0,36.71,21.84,1.47,44.63,0.5,2.48,Jamuna_Jamalpur
2023-04-12,0.0,36.77,20.04,1.29,41.66,0.5,2.32,Jamuna_Jamalpur
2023-04-13,0.0,37.62,21.27,1.67,40.12,0.49,2.23,Jamuna_Jamalpur
2023-04-14,0.0,38.76,21.62,1.49,46.78,0.48,2.04,Jamuna_Jamalpur
2023-04-15,0.0,38.85,23.08,1.11,48.05,0.48,1.87,Jamuna_Jamalpur
2023-04-16,0.0,38.85,23.2,1.54,45.64,0.47,1.57,Jamuna_Jamalpur
2023-04-17,0.0,40.1,23.14,2.15,52.83,0.46,1.68,Jamuna_Jamalpur
2023-04-18,0.01,39.69,25.15,2.51,59.45,0.46,1.44,Jamuna_Jamalpur
2023-04-19,0.1,40.1,25.14,2.76,57.56,0.45,1.46,Jamuna_Jamalpur
2023-04-20,1.16,39.75,25.57,3.0,59.32,0.45,1.32,Jamuna_Jamalpur
2023-04-21,4.61,37.81,24.77,2.25,60.82,0.45,1.03,Jamuna_Jamalpur
2023-04-22,3.47,36.52,24.36,2.05,58.86,0.45,1.25,Jamuna_Jamalpur
2023-04-23,2.24,30.06,22.8,1.55,60.71,0.45,0.63,Jamuna_Jamalpur
2023-04-24,0.03,35.12,20.54,0.93,52.42,0.45,1.27,Jamuna_Jamalpur
2023-04-25,1.1,35.12,22.66,1.16,51.86,0.44,1.04,Jamuna_Jamalpur
2023-04-26,1.24,35.96,23.79,1.24,50.02,0.44,1.04,Jamuna_Jamalpur
2023-04-27,0.38,37.0,24.24,1.26,48.32,0.44,1.04,Jamuna_Jamalpur
2023-04-28,1.7,34.53,22.78,1.36,52.07,0.43,0.75,Jamuna_Jamalpur
2023-04-29,4.32,35.4,23.81,2.02,56.9,0.43,0.74,Jamuna_Jamalpur
2023-04-30,6.85,33.35,23.96,1.76,63.03,0.44,0.64,Jamuna_Jamalpur
2023-05-01,4.1,31.35,24.27,1.34,67.83,0.45,0.48,Jamuna_Jamalpur
2023-05-02,0.83,34.05,23.98,1.23,56.47,0.45,1.01,Jamuna_Jamalpur
2023-05-03,0.72,35.8,23.91,1.74,53.99,0.44,1.11,Jamuna_Jamalpur
2023-05-04,24.14,32.19,24.66,1.6,74.12,0.46,0.82,Jamuna_Jamalpur
2023-05-05,24.34,32.08,23.71,1.79,74.03,0.49,1.52,Jamuna_Jamalpur
2023-05-06,1.27,35.79,23.51,2.05,65.48,0.51,2.74,Jamuna_Jamalpur
2023-05-07,0.74,36.85,23.31,2.01,59.41,0.5,2.44,Jamuna_Jamalpur
2023-05-08,0.0,38.57,23.04,1.76,48.86,0.49,2.45,Jamuna_Jamalpur
2023-05-09,0.0,38.56,23.23,1.54,47.8,0.48,1.86,Jamuna_Jamalpur
2023-05-10,0.01,39.68,24.3,1.66,50.33,0.47,1.92,Jamuna_Jamalpur
2023-05-11,8.69,36.75,25.65,1.91,61.0,0.47,1.56,Jamuna_Jamalpur
2023-05-12,28.97,33.98,24.55,1.73,67.44,0.51,2.22,Jamuna_Jamalpur
2023-05-13,0.1,37.12,23.59,1.92,57.69,0.51,3.19,Jamuna_Jamalpur
2023-05-14,0.0,37.44,24.71,2.38,56.22,0.5,2.79,Jamuna_Jamalpur
2023-05-15,0.47,35.58,23.14,2.26,56.67,0.49,2.38,Jamuna_Jamalpur
2023-05-16,14.66,35.18,24.9,2.76,68.44,0.5,2.07,Jamuna_Jamalpur
2023-05-17,29.52,33.48,25.2,2.97,78.93,0.53,2.34,Jamuna_Jamalpur
2023-05-18,35.6,31.78,25.47,1.98,83.08,0.58,2.92,Jamuna_Jamalpur
2023-05-19,22.91,32.23,25.04,2.58,84.57,0.62,3.85,Jamuna_Jamalpur
2023-05-20,7.5,33.77,25.59,2.44,80.09,0.62,4.95,Jamuna_Jamalpur
2023-05-21,19.47,32.33,24.77,2.79,82.45,0.62,4.2,Jamuna_Jamalpur
2023-05-22,17.02,31.55,25.3,2.85,84.78,0.64,3.83,Jamuna_Jamalpur
2023-05-23,22.39,31.14,25.02,1.97,86.87,0.66,2.52,Jamuna_Jamalpur
2023-05-24,23.78,30.75,24.49,1.41,83.79,0.68,3.82,Jamuna_Jamalpur
2023-05-25,2.7,31.2,23.27,1.95,83.12,0.69,4.88,Jamuna_Jamalpur
2023-05-26,21.76,31.6,25.1,1.45,82.4,0.7,5.06,Jamuna_Jamalpur
2023-05-27,9.57,31.66,24.77,1.52,79.24,0.7,4.81,Jamuna_Jamalpur
2023-05-28,1.32,32.46,24.6,0.75,73.07,0.69,6.53,Jamuna_Jamalpur
2023-05-29,0.01,33.82,25.85,0.8,65.88,0.68,7.26,Jamuna_Jamalpur
2023-05-30,0.0,35.34,27.31,0.76,59.93,0.67,7.36,Jamuna_Jamalpur
2023-05-31,0.0,35.48,26.25,1.36,68.66,0.65,6.73,Jamuna_Jamalpur
2023-06-01,0.13,35.14,27.21,2.0,75.63,0.64,5.25,Jamuna_Jamalpur
2023-06-02,0.45,36.56,26.23,2.12,68.87,0.63,6.19,Jamuna_Jamalpur
2023-06-03,0.3,34.94,26.49,2.3,78.45,0.62,4.82,Jamuna_Jamalpur
2023-06-04,1.13,34.86,26.21,2.13,77.33,0.61,5.06,Jamuna_Jamalpur
2023-06-05,1.54,33.92,25.42,1.7,78.54,0.6,4.0,Jamuna_Jamalpur
2023-06-06,0.17,35.17,26.2,1.6,71.31,0.59,4.74,Jamuna_Jamalpur
2023-06-07,0.02,35.77,27.14,1.61,72.94,0.58,4.38,Jamuna_Jamalpur
2023-06-08,4.79,34.55,27.18,1.46,73.12,0.58,3.18,Jamuna_Jamalpur
2023-06-09,21.58,31.76,26.52,1.27,78.0,0.6,2.02,Jamuna_Jamalpur
2023-06-10,8.64,34.27,25.71,1.18,75.64,0.61,4.85,Jamuna_Jamalpur
2023-06-11,7.52,33.91,26.26,1.77,77.95,0.61,4.68,Jamuna_Jamalpur
2023-06-12,11.74,31.65,26.41,2.47,88.31,0.61,2.06,Jamuna_Jamalpur
2023-06-13,6.49,34.65,25.67,2.38,81.31,0.62,4.79,Jamuna_Jamalpur
2023-06-14,29.17,33.12,27.45,3.42,87.12,0.64,2.83,Jamuna_Jamalpur
2023-06-15,43.07,34.72,27.33,4.61,87.6,0.69,4.17,Jamuna_Jamalpur
2023-06-16,104.62,34.23,27.21,4.45,88.5,0.78,3.49,Jamuna_Jamalpur
2023-06-17,24.76,33.5,26.92,4.34,89.51,0.81,3.34,Jamuna_Jamalpur
2023-06-18,38.69,31.74,26.89,3.99,90.42,0.83,1.98,Jamuna_Jamalpur
2023-06-19,23.25,32.09,26.72,2.92,88.7,0.85,2.78,Jamuna_Jamalpur
2023-06-20,15.59,30.95,26.5,3.39,90.52,0.86,1.78,Jamuna_Jamalpur
2023-06-21,39.12,29.86,26.86,2.96,93.12,0.88,0.9,Jamuna_Jamalpur
2023-06-22,11.44,29.46,26.41,2.62,92.36,0.89,0.91,Jamuna_Jamalpur
2023-06-23,3.41,32.08,25.92,2.28,87.78,0.89,3.23,Jamuna_Jamalpur
2023-06-24,2.01,31.98,26.1,3.14,87.44,0.88,3.95,Jamuna_Jamalpur
2023-06-25,0.21,31.78,25.55,3.34,86.7,0.86,4.19,Jamuna_Jamalpur
2023-06-26,1.71,31.76,25.59,3.68,87.96,0.85,3.95,Jamuna_Jamalpur
2023-06-27,15.75,30.53,25.75,3.52,91.44,0.85,1.63,Jamuna_Jamalpur
2023-06-28,26.03,31.22,25.74,3.22,89.64,0.87,2.15,Jamuna_Jamalpur
2023-06-29,26.95,29.65,26.24,2.76,91.96,0.89,1.23,Jamuna_Jamalpur
2023-06-30,25.4,31.44,25.92,2.67,91.56,0.9,1.57,Jamuna_Jamalpur
2023-07-01,78.63,31.65,26.61,2.29,89.0,0.94,1.91,Jamuna_Jamalpur
2023-07-02,34.13,31.77,26.75,2.63,91.36,0.95,1.41,Jamuna_Jamalpur
2023-07-03,42.88,30.11,27.39,2.21,92.25,0.97,0.71,Jamuna_Jamalpur
2023-07-04,20.84,31.9,26.55,1.08,88.09,0.97,1.65,Jamuna_Jamalpur
2023-07-05,9.21,31.75,26.78,1.83,87.22,0.97,2.22,Jamuna_Jamalpur
2023-07-06,8.06,30.66,26.63,2.65,91.61,0.96,1.2,Jamuna_Jamalpur
2023-07-07,7.85,31.22,26.51,3.22,91.41,0.96,1.51,Jamuna_Jamalpur
2023-07-08,8.11,32.23,26.72,2.89,89.12,0.96,2.52,Jamuna_Jamalpur
2023-07-09,9.44,32.22,26.1,2.5,87.51,0.95,2.83,Jamuna_Jamalpur
2023-07-10,5.73,32.73,26.74,2.27,88.13,0.95,2.52,Jamuna_Jamalpur
2023-07-11,17.39,32.06,27.36,2.99,89.38,0.95,2.26,Jamuna_Jamalpur
2023-07-12,10.06,31.25,26.04,3.15,88.19,0.94,2.57,Jamuna_Jamalpur
2023-07-13,12.09,31.55,26.5,2.89,89.24,0.94,2.49,Jamuna_Jamalpur
2023-07-14,23.45,31.56,26.45,2.0,87.25,0.94,2.23,Jamuna_Jamalpur
2023-07-15,6.24,31.85,26.17,3.06,89.03,0.94,2.57,Jamuna_Jamalpur
2023-07-16,1.92,31.09,25.42,4.0,90.33,0.93,2.21,Jamuna_Jamalpur
2023-07-17,1.22,30.67,25.92,3.0,90.16,0.92,2.51,Jamuna_Jamalpur
2023-07-18,0.15,32.5,25.58,2.18,86.74,0.91,3.45,Jamuna_Jamalpur
2023-07-19,0.37,32.99,26.17,2.11,87.31,0.91,3.65,Jamuna_Jamalpur
2023-07-20,0.15,32.7,26.57,2.39,87.25,0.9,3.69,Jamuna_Jamalpur
2023-07-21,7.03,31.09,26.84,1.51,88.35,0.89,1.56,Jamuna_Jamalpur
2023-07-22,3.11,30.7,26.4,2.05,89.01,0.89,2.23,Jamuna_Jamalpur
2023-07-23,1.02,32.97,26.03,1.57,83.92,0.88,4.11,Jamuna_Jamalpur
2023-07-24,2.06,31.92,27.0,1.37,86.62,0.87,2.32,Jamuna_Jamalpur
2023-07-25,2.04,31.65,26.94,1.62,85.43,0.87,3.02,Jamuna_Jamalpur
2023-07-26,2.48,32.73,26.01,2.29,86.37,0.86,4.39,Jamuna_Jamalpur
2023-07-27,5.04,32.69,26.39,2.39,86.95,0.85,3.96,Jamuna_Jamalpur
2023-07-28,9.14,32.73,26.81,2.45,86.74,0.85,4.08,Jamuna_Jamalpur
2023-07-29,6.58,33.04,26.55,2.49,87.27,0.84,3.95,Jamuna_Jamalpur
2023-07-30,3.05,33.24,27.05,1.28,80.85,0.84,4.82,Jamuna_Jamalpur
2023-07-31,1.47,34.44,28.64,0.56,75.3,0.82,5.34,Jamuna_Jamalpur
2023-08-01,7.14,33.89,28.04,1.84,83.09,0.82,3.56,Jamuna_Jamalpur
2023-08-02,6.83,32.69,26.61,4.85,88.53,0.81,3.72,Jamuna_Jamalpur
2023-08-03,7.42,32.47,26.15,3.26,88.64,0.81,3.59,Jamuna_Jamalpur
2023-08-04,16.1,31.9,26.81,3.07,88.52,0.82,3.08,Jamuna_Jamalpur
2023-08-05,6.72,31.38,26.0,2.61,87.43,0.82,3.87,Jamuna_Jamalpur
2023-08-06,27.03,31.73,26.55,3.14,89.5,0.82,3.0,Jamuna_Jamalpur
2023-08-07,65.52,31.05,26.9,2.52,92.06,0.86,1.53,Jamuna_Jamalpur
2023-08-08,49.49,30.05,26.94,2.01,91.67,0.93,1.05,Jamuna_Jamalpur
2023-08-09,16.28,31.65,26.42,2.49,90.91,0.93,2.17,Jamuna_Jamalpur
2023-08-10,2.02,31.68,26.51,2.67,89.26,0.92,2.29,Jamuna_Jamalpur
2023-08-11,13.43,31.63,26.4,2.09,89.13,0.92,2.2,Jamuna_Jamalpur
2023-08-12,34.5,31.29,26.73,2.54,91.06,0.93,1.9,Jamuna_Jamalpur
2023-08-13,46.55,29.42,26.32,1.88,87.86,0.96,0.86,Jamuna_Jamalpur
2023-08-14,9.85,31.9,25.1,1.42,84.88,0.96,2.9,Jamuna_Jamalpur
2023-08-15,12.51,32.52,26.18,1.55,85.87,0.95,2.66,Jamuna_Jamalpur
2023-08-16,13.45,31.72,27.01,1.64,88.86,0.95,1.58,Jamuna_Jamalpur
2023-08-17,9.72,33.16,27.16,1.24,84.09,0.95,3.54,Jamuna_Jamalpur
2023-08-18,10.14,32.24,26.91,2.19,87.55,0.95,2.98,Jamuna_Jamalpur
2023-08-19,3.21,31.91,25.97,2.39,89.8,0.94,2.92,Jamuna_Jamalpur
2023-08-20,1.25,32.18,26.25,1.93,87.53,0.93,3.65,Jamuna_Jamalpur
2023-08-21,3.96,30.95,26.4,1.77,88.37,0.93,2.27,Jamuna_Jamalpur
2023-08-22,10.2,31.13,26.73,2.73,91.16,0.92,2.12,Jamuna_Jamalpur
2023-08-23,21.22,30.35,26.45,2.77,90.98,0.94,1.74,Jamuna_Jamalpur
2023-08-24,44.56,30.23,26.35,2.23,91.62,0.95,1.38,Jamuna_Jamalpur
2023-08-25,27.86,31.02,26.23,1.4,89.58,0.96,2.02,Jamuna_Jamalpur
2023-08-26,31.97,31.13,25.72,2.26,90.65,0.97,1.99,Jamuna_Jamalpur
2023-08-27,22.09,31.19,26.34,2.57,90.39,0.97,1.58,Jamuna_Jamalpur
2023-08-28,4.31,32.08,26.49,1.64,86.51,0.97,2.66,Jamuna_Jamalpur
2023-08-29,0.65,32.87,25.92,0.79,76.98,0.96,4.75,Jamuna_Jamalpur
2023-08-30,0.29,33.44,26.21,0.86,76.43,0.95,5.53,Jamuna_Jamalpur
2023-08-31,0.4,33.65,26.38,0.88,77.08,0.94,5.09,Jamuna_Jamalpur
2023-09-01,0.89,33.34,26.76,1.05,79.47,0.93,4.42,Jamuna_Jamalpur
2023-09-02,2.51,33.53,27.25,0.97,80.31,0.93,4.52,Jamuna_Jamalpur
2023-09-03,14.91,34.16,27.76,1.24,81.08,0.93,3.46,Jamuna_Jamalpur
2023-09-04,12.67,31.05,26.42,1.63,87.52,0.93,2.17,Jamuna_Jamalpur
2023-09-05,2.59,34.42,26.28,1.08,78.57,0.93,4.54,Jamuna_Jamalpur
2023-09-06,1.78,32.01,27.4,1.3,83.15,0.92,3.08,Jamuna_Jamalpur
2023-09-07,19.33,30.0,26.44,2.54,89.79,0.92,1.87,Jamuna_Jamalpur
2023-09-08,13.82,29.86,26.22,3.05,92.94,0.93,1.39,Jamuna_Jamalpur
2023-09-09,3.78,31.37,25.74,1.39,86.0,0.93,3.61,Jamuna_Jamalpur
2023-09-10,6.59,32.39,26.42,1.27,83.76,0.92,4.1,Jamuna_Jamalpur
2023-09-11,6.0,32.7,26.43,1.31,85.25,0.92,3.96,Jamuna_Jamalpur
2023-09-12,6.73,31.54,26.5,1.15,86.45,0.92,2.54,Jamuna_Jamalpur
2023-09-13,5.03,30.13,26.75,1.47,89.52,0.92,1.34,Jamuna_Jamalpur
2023-09-14,6.91,30.85,26.12,2.78,90.2,0.91,3.6,Jamuna_Jamalpur
2023-09-15,8.33,30.89,25.91,2.31,90.21,0.92,2.55,Jamuna_Jamalpur
2023-09-16,0.09,32.11,25.28,1.32,85.19,0.91,4.86,Jamuna_Jamalpur
2023-09-17,0.35,33.55,26.81,0.81,79.52,0.9,5.65,Jamuna_Jamalpur
2023-09-18,3.85,30.89,26.7,1.74,90.59,0.89,2.02,Jamuna_Jamalpur
2023-09-19,12.35,29.26,25.91,2.28,91.68,0.9,1.67,Jamuna_Jamalpur
2023-09-20,18.74,28.91,25.07,3.12,93.31,0.91,1.33,Jamuna_Jamalpur
2023-09-21,28.54,29.03,26.0,3.0,94.42,0.92,0.79,Jamuna_Jamalpur
2023-09-22,26.13,29.19,25.74,2.19,93.2,0.94,1.19,Jamuna_Jamalpur
2023-09-23,21.46,30.11,25.35,2.12,91.73,0.95,1.86,Jamuna_Jamalpur
2023-09-24,38.87,29.27,25.92,2.31,92.92,0.96,1.08,Jamuna_Jamalpur
2023-09-25,14.76,29.6,26.02,1.67,90.72,0.97,1.37,Jamuna_Jamalpur
2023-09-26,6.38,31.11,25.45,0.88,86.26,0.96,2.65,Jamuna_Jamalpur
2023-09-27,2.56,31.9,25.47,0.77,83.6,0.96,3.87,Jamuna_Jamalpur
2023-09-28,0.7,32.57,25.94,0.78,82.33,0.95,4.22,Jamuna_Jamalpur
2023-09-29,10.82,29.56,26.21,1.46,92.15,0.95,0.89,Jamuna_Jamalpur
2023-09-30,5.6,29.13,26.08,1.55,92.72,0.95,0.85,Jamuna_Jamalpur
2023-10-01,6.03,30.29,25.68,1.21,89.95,0.95,2.02,Jamuna_Jamalpur
2023-10-02,8.88,30.49,25.41,1.71,90.94,0.95,2.23,Jamuna_Jamalpur
2023-10-03,9.49,30.41,25.56,2.6,90.87,0.95,3.14,Jamuna_Jamalpur
2023-10-04,21.54,28.29,24.26,3.49,93.71,0.95,1.11,Jamuna_Jamalpur
2023-10-05,98.72,27.12,23.94,3.85,95.58,0.98,0.28,Jamuna_Jamalpur
2023-10-06,124.98,27.9,25.37,3.4,94.66,1.0,0.55,Jamuna_Jamalpur
2023-10-07,13.88,31.16,25.79,2.57,92.28,0.99,1.76,Jamuna_Jamalpur
2023-10-08,5.29,30.62,24.37,1.17,86.61,0.99,3.6,Jamuna_Jamalpur
2023-10-09,4.96,31.2,25.02,1.23,87.54,0.98,2.88,Jamuna_Jamalpur
2023-10-10,8.78,31.13,25.56,0.64,80.24,0.98,3.83,Jamuna_Jamalpur
2023-10-11,1.95,31.18,25.09,0.94,80.65,0.98,3.9,Jamuna_Jamalpur
2023-10-12,1.9,31.29,24.44,0.86,76.39,0.97,4.44,Jamuna_Jamalpur
2023-10-13,0.47,30.92,24.14,0.66,71.4,0.97,5.09,Jamuna_Jamalpur
2023-10-14,0.23,30.57,22.94,0.94,72.66,0.96,4.81,Jamuna_Jamalpur
2023-10-15,0.01,30.48,22.27,0.88,74.94,0.95,5.12,Jamuna_Jamalpur
2023-10-16,0.0,30.48,21.62,0.83,73.28,0.95,5.31,Jamuna_Jamalpur
2023-10-17,0.03,30.8,22.37,0.77,74.35,0.94,5.86,Jamuna_Jamalpur
2023-10-18,0.18,29.78,22.82,1.01,80.13,0.93,4.85,Jamuna_Jamalpur
2023-10-19,0.05,29.09,22.28,1.04,79.89,0.93,4.83,Jamuna_Jamalpur
2023-10-20,0.0,29.57,21.23,1.08,80.81,0.92,5.2,Jamuna_Jamalpur
2023-10-21,0.0,29.92,20.49,0.99,75.72,0.92,5.26,Jamuna_Jamalpur
2023-10-22,0.01,29.25,19.56,0.96,73.22,0.91,4.54,Jamuna_Jamalpur
2023-10-23,1.24,29.45,21.46,0.85,77.15,0.9,3.63,Jamuna_Jamalpur
2023-10-24,2.68,26.32,23.0,1.27,90.56,0.9,0.7,Jamuna_Jamalpur
2023-10-25,0.48,29.57,21.44,1.24,84.82,0.9,4.82,Jamuna_Jamalpur
2023-10-26,0.52,29.5,21.93,0.94,81.6,0.89,4.89,Jamuna_Jamalpur
2023-10-27,0.12,28.93,21.34,0.9,79.42,0.89,4.98,Jamuna_Jamalpur
2023-10-28,0.0,28.48,19.57,1.48,79.78,0.88,4.21,Jamuna_Jamalpur
2023-10-29,0.0,28.6,19.22,1.03,76.45,0.87,4.75,Jamuna_Jamalpur
2023-10-30,0.0,29.01,20.25,0.79,75.0,0.86,4.71,Jamuna_Jamalpur
2023-10-31,0.0,28.21,20.23,1.06,78.53,0.86,3.4,Jamuna_Jamalpur
2023-11-01,0.0,30.05,19.49,1.08,75.03,0.85,4.99,Jamuna_Jamalpur
2023-11-02,0.0,29.2,21.17,0.93,78.27,0.84,4.88,Jamuna_Jamalpur
2023-11-03,0.0,28.27,21.17,1.0,77.02,0.84,4.1,Jamuna_Jamalpur
2023-11-04,0.0,28.94,20.94,0.96,75.42,0.83,4.18,Jamuna_Jamalpur
2023-11-05,0.03,28.39,20.57,0.97,76.18,0.82,3.77,Jamuna_Jamalpur
2023-11-06,0.0,28.13,18.29,1.29,79.64,0.82,4.17,Jamuna_Jamalpur
2023-11-07,0.0,27.59,18.24,1.24,82.28,0.81,4.14,Jamuna_Jamalpur
2023-11-08,0.0,27.0,17.89,1.17,80.66,0.8,3.62,Jamuna_Jamalpur
2023-11-09,0.0,27.34,18.31,1.12,79.01,0.79,3.58,Jamuna_Jamalpur
2023-11-10,0.0,28.09,17.51,1.19,80.32,0.79,4.09,Jamuna_Jamalpur
2023-11-11,0.0,28.41,17.62,1.21,80.6,0.78,4.17,Jamuna_Jamalpur
2023-11-12,0.0,28.45,17.79,1.16,81.24,0.77,4.34,Jamuna_Jamalpur
2023-11-13,0.0,27.91,17.34,0.92,77.0,0.77,4.19,Jamuna_Jamalpur
2023-11-14,0.0,27.54,17.94,0.86,74.05,0.76,3.86,Jamuna_Jamalpur
2023-11-15,0.0,27.79,17.3,0.83,68.42,0.75,4.44,Jamuna_Jamalpur
2023-11-16,2.23,27.73,17.73,1.3,81.45,0.75,2.66,Jamuna_Jamalpur
2023-11-17,8.74,25.88,20.78,2.31,89.85,0.75,1.82,Jamuna_Jamalpur
2023-11-18,0.6,26.99,19.17,0.93,82.82,0.75,3.37,Jamuna_Jamalpur
2023-11-19,0.67,27.62,18.03,0.92,82.52,0.74,3.74,Jamuna_Jamalpur
2023-11-20,0.0,27.65,18.96,0.85,83.11,0.74,3.76,Jamuna_Jamalpur
2023-11-21,0.0,27.24,19.4,1.29,83.73,0.73,3.52,Jamuna_Jamalpur
2023-11-22,0.0,25.85,17.09,1.09,78.76,0.73,2.54,Jamuna_Jamalpur
2023-11-23,0.0,26.61,15.65,0.99,77.61,0.72,3.05,Jamuna_Jamalpur
2023-11-24,0.0,26.85,17.25,0.69,76.3,0.72,3.35,Jamuna_Jamalpur
2023-11-25,0.0,27.48,17.61,0.95,76.12,0.71,3.41,Jamuna_Jamalpur
2023-11-26,0.0,26.81,15.04,1.13,74.71,0.7,3.21,Jamuna_Jamalpur
2023-11-27,0.0,27.18,16.98,1.15,76.45,0.7,2.37,Jamuna_Jamalpur
2023-11-28,0.0,27.75,17.69,1.08,74.92,0.69,2.98,Jamuna_Jamalpur
2023-11-29,0.0,27.77,17.79,0.91,74.66,0.69,2.87,Jamuna_Jamalpur
2023-11-30,0.0,28.11,17.12,0.87,75.92,0.68,3.1,Jamuna_Jamalpur
2023-12-01,0.0,27.71,16.2,1.17,77.24,0.68,2.88,Jamuna_Jamalpur
2023-12-02,0.0,27.83,17.81,0.98,74.17,0.67,2.5,Jamuna_Jamalpur
2023-12-03,0.0,28.21,16.72,1.21,76.95,0.67,2.76,Jamuna_Jamalpur
2023-12-04,0.0,28.02,16.17,1.1,78.17,0.66,2.71,Jamuna_Jamalpur
2023-12-05,0.01,27.36,18.53,0.78,75.93,0.66,2.15,Jamuna_Jamalpur
2023-12-06,0.19,27.65,18.3,0.81,76.7,0.65,1.92,Jamuna_Jamalpur
2023-12-07,21.29,22.46,19.54,0.84,88.48,0.66,0.55,Jamuna_Jamalpur
2023-12-08,18.85,24.58,18.05,1.29,89.43,0.69,1.33,Jamuna_Jamalpur
2023-12-09,5.06,24.2,16.23,1.8,87.0,0.7,1.7,Jamuna_Jamalpur
2023-12-10,0.0,23.74,14.2,1.09,79.45,0.7,1.8,Jamuna_Jamalpur
2023-12-11,0.01,24.3,14.07,1.16,79.99,0.69,1.95,Jamuna_Jamalpur
2023-12-12,0.04,24.83,13.6,1.12,81.09,0.69,1.98,Jamuna_Jamalpur
2023-12-13,0.03,23.5,14.51,1.33,78.16,0.68,1.66,Jamuna_Jamalpur
2023-12-14,0.0,21.85,12.6,0.79,70.55,0.68,1.39,Jamuna_Jamalpur
2023-12-15,0.0,23.47,11.94,1.11,69.47,0.68,1.68,Jamuna_Jamalpur
2023-12-16,0.0,23.62,12.36,1.09,74.61,0.67,1.67,Jamuna_Jamalpur
2023-12-17,0.0,23.85,13.43,0.88,74.9,0.67,1.7,Jamuna_Jamalpur
2023-12-18,0.0,23.67,13.18,0.93,79.46,0.66,1.62,Jamuna_Jamalpur
2023-12-19,0.0,24.43,12.27,1.2,81.21,0.66,1.68,Jamuna_Jamalpur
2023-12-20,0.0,23.84,12.38,0.87,80.17,0.66,1.64,Jamuna_Jamalpur
2023-12-21,0.0,23.93,14.15,1.0,76.67,0.65,1.43,Jamuna_Jamalpur
2023-12-22,0.0,24.27,15.35,1.13,77.36,0.65,1.57,Jamuna_Jamalpur
2023-12-23,0.0,23.71,15.59,1.28,83.82,0.64,0.77,Jamuna_Jamalpur
2023-12-24,0.03,24.44,14.51,1.12,80.89,0.64,1.4,Jamuna_Jamalpur
2023-12-25,0.0,24.81,15.66,0.54,76.56,0.64,1.47,Jamuna_Jamalpur
2023-12-26,0.0,24.74,16.19,0.63,74.25,0.64,1.39,Jamuna_Jamalpur
2023-12-27,0.0,25.14,14.4,0.91,76.32,0.63,1.59,Jamuna_Jamalpur
2023-12-28,0.0,24.7,14.78,0.93,76.73,0.63,1.54,Jamuna_Jamalpur
2023-12-29,0.49,25.94,15.44,0.63,73.49,0.62,1.73,Jamuna_Jamalpur
2023-12-30,0.35,25.8,15.24,0.89,74.44,0.62,1.6,Jamuna_Jamalpur
2023-12-31,3.39,24.17,13.69,1.57,81.83,0.62,1.13,Jamuna_Jamalpur
