date,rainfall_mm,temp_max,temp_min,wind_speed,humidity,soil_moisture,evapotranspiration,station
2005-01-01,0.0,23.55,13.01,1.3,72.59,0.56,1.94,Kirtankhola_Barishal
2005-01-02,0.0,23.5,14.99,1.26,75.06,0.56,1.47,Kirtankhola_Barishal
2005-01-03,0.0,23.74,16.08,1.34,75.61,0.55,1.32,Kirtankhola_Barishal
2005-01-04,0.0,22.31,16.45,1.98,82.83,0.55,0.61,Kirtankhola_Barishal
2005-01-05,0.0,25.11,14.41,3.07,78.99,0.55,2.03,Kirtankhola_Barishal
2005-01-06,0.0,24.58,13.18,2.29,74.08,0.55,2.13,Kirtankhola_Barishal
2005-01-07,0.0,24.26,13.26,2.33,78.02,0.54,1.82,Kirtankhola_Barishal
2005-01-08,0.0,24.43,12.89,2.28,75.97,0.54,1.83,Kirtankhola_Barishal
2005-01-09,0.0,23.39,12.82,2.06,69.87,0.54,1.73,Kirtankhola_Barishal
2005-01-10,0.0,24.01,13.55,1.05,61.24,0.53,1.91,Kirtankhola_Barishal
2005-01-11,3.94,23.87,15.51,2.44,84.41,0.54,1.37,Kirtankhola_Barishal
2005-01-12,4.51,23.59,15.07,3.47,76.01,0.54,1.84,Kirtankhola_Barishal
2005-01-13,0.0,22.37,12.15,3.06,74.31,0.54,1.54,Kirtankhola_Barishal
2005-01-14,0.0,22.75,11.74,2.28,74.19,0.53,1.5,Kirtankhola_Barishal
2005-01-15,0.0,23.26,11.92,2.12,68.72,0.53,1.54,Kirtankhola_Barishal
2005-01-16,0.0,23.88,14.16,1.62,64.65,0.53,1.42,Kirtankhola_Barishal
2005-01-17,0.0,24.18,13.66,1.34,62.59,0.52,1.61,Kirtankhola_Barishal
2005-01-18,0.01,24.82,14.91,1.04,66.22,0.52,1.54,Kirtankhola_Barishal
2005-01-19,0.22,24.12,14.9,1.45,73.22,0.52,1.35,Kirtankhola_Barishal
2005-01-20,0.0,23.84,13.69,2.34,72.68,0.52,1.5,Kirtankhola_Barishal
2005-01-21,0.0,22.59,11.57,3.34,67.52,0.51,1.37,Kirtankhola_Barishal
2005-01-22,0.0,23.9,10.96,2.65,68.68,0.51,1.36,Kirtankhola_Barishal
2005-01-23,0.0,25.14,12.12,1.62,65.08,0.51,1.51,Kirtankhola_Barishal
2005-01-24,0.0,25.18,14.31,1.25,67.27,0.5,1.4,Kirtankhola_Barishal
2005-01-25,0.0,23.94,14.2,2.8,71.41,0.5,1.19,Kirtankhola_Barishal
2005-01-26,0.0,24.64,12.7,2.63,70.15,0.5,1.25,Kirtankhola_Barishal
2005-01-27,0.0,25.31,13.72,2.14,66.12,0.49,1.29,Kirtankhola_Barishal
2005-01-28,0.04,24.28,14.65,2.49,65.09,0.49,0.84,Kirtankhola_Barishal
2005-01-29,0.13,24.81,15.61,3.05,66.85,0.49,0.99,Kirtankhola_Barishal
2005-01-30,0.0,26.21,14.39,3.14,65.76,0.49,1.23,Kirtankhola_Barishal
2005-01-31,0.0,28.23,14.53,2.28,64.46,0.48,1.31,Kirtankhola_Barishal
2005-02-01,0.03,27.49,15.14,3.08,68.32,0.48,1.22,Kirtankhola_Barishal
2005-02-02,0.0,25.72,15.9,3.5,70.26,0.48,1.01,Kirtankhola_Barishal
2005-02-03,0.0,24.15,12.97,3.5,58.9,0.48,0.9,Kirtankhola_Barishal
2005-02-04,0.0,24.92,11.33,3.02,59.92,0.47,0.87,Kirtankhola_Barishal
2005-02-05,0.0,25.77,11.97,1.99,57.77,0.47,0.86,Kirtankhola_Barishal
2005-02-06,0.0,27.81,13.88,1.33,56.84,0.47,0.91,Kirtankhola_Barishal
2005-02-07,0.0,29.49,16.15,1.24,58.95,0.47,1.03,Kirtankhola_Barishal
2005-02-08,0.0,29.62,16.75,1.96,57.82,0.46,0.97,Kirtankhola_Barishal
2005-02-09,0.0,29.21,16.72,2.35,63.6,0.46,0.91,Kirtankhola_Barishal
2005-02-10,0.0,29.11,17.28,2.52,60.68,0.46,0.89,Kirtankhola_Barishal
2005-02-11,0.0,29.32,16.26,1.72,53.77,0.46,0.87,Kirtankhola_Barishal
2005-02-12,0.0,31.93,18.89,1.45,55.43,0.45,0.94,Kirtankhola_Barishal
2005-02-13,0.0,32.25,18.46,2.7,70.18,0.45,0.9,Kirtankhola_Barishal
2005-02-14,0.0,32.07,19.5,2.59,62.05,0.45,0.91,Kirtankhola_Barishal
2005-02-15,0.0,31.4,18.69,2.69,70.35,0.44,0.8,Kirtankhola_Barishal
2005-02-16,0.01,30.68,20.48,3.71,76.98,0.44,0.68,Kirtankhola_Barishal
2005-02-17,0.23,30.94,21.56,2.87,79.08,0.44,0.62,Kirtankhola_Barishal
2005-02-18,0.14,31.43,21.92,2.86,76.06,0.44,0.64,Kirtankhola_Barishal
2005-02-19,0.06,33.31,21.59,1.95,72.27,0.44,0.71,Kirtankhola_Barishal
2005-02-20,0.02,33.42,21.51,1.52,68.82,0.43,0.6,Kirtankhola_Barishal
2005-02-21,0.01,34.79,22.2,1.75,60.31,0.43,0.63,Kirtankhola_Barishal
2005-02-22,0.02,31.76,21.08,1.89,54.16,0.43,0.51,Kirtankhola_Barishal
2005-02-23,0.0,32.21,19.38,1.08,54.02,0.43,0.54,Kirtankhola_Barishal
2005-02-24,0.0,30.35,19.25,1.89,57.65,0.43,0.43,Kirtankhola_Barishal
2005-02-25,0.0,30.65,17.6,1.86,45.16,0.42,0.44,Kirtankhola_Barishal
2005-02-26,0.0,32.44,19.91,1.43,43.02,0.42,0.47,Kirtankhola_Barishal
2005-02-27,0.0,31.5,18.37,1.61,42.04,0.42,0.41,Kirtankhola_Barishal
2005-02-28,0.0,31.97,19.96,1.42,42.25,0.42,0.41,Kirtankhola_Barishal
2005-03-01,0.0,33.54,20.43,1.0,43.92,0.41,0.39,Kirtankhola_Barishal
2005-03-02,0.0,34.97,21.08,1.86,55.94,0.41,0.38,Kirtankhola_Barishal
2005-03-03,0.0,35.01,21.47,2.02,65.57,0.41,0.35,Kirtankhola_Barishal
2005-03-04,0.0,35.43,21.94,2.64,67.32,0.41,0.32,Kirtankhola_Barishal
2005-03-05,0.0,33.95,23.3,3.21,69.27,0.41,0.25,Kirtankhola_Barishal
2005-03-06,0.0,34.48,23.88,3.58,68.71,0.4,0.24,Kirtankhola_Barishal
2005-03-07,0.01,34.21,23.49,3.09,68.8,0.4,0.23,Kirtankhola_Barishal
2005-03-08,0.07,33.64,23.27,2.0,68.97,0.4,0.17,Kirtankhola_Barishal
2005-03-09,0.02,34.06,23.45,1.48,61.07,0.4,0.19,Kirtankhola_Barishal
2005-03-10,0.0,34.48,23.82,2.58,61.12,0.4,0.16,Kirtankhola_Barishal
2005-03-11,3.38,30.34,24.38,1.16,64.01,0.4,0.07,Kirtankhola_Barishal
2005-03-12,4.37,29.26,21.06,2.02,69.87,0.41,0.09,Kirtankhola_Barishal
2005-03-13,0.0,32.25,20.35,1.87,57.59,0.41,0.25,Kirtankhola_Barishal
2005-03-14,0.03,32.44,20.74,2.01,53.3,0.41,0.23,Kirtankhola_Barishal
2005-03-15,0.04,32.61,21.93,2.25,59.5,0.4,0.23,Kirtankhola_Barishal
2005-03-16,0.0,31.91,21.85,2.45,64.09,0.4,0.19,Kirtankhola_Barishal
2005-03-17,0.0,33.16,21.93,2.03,61.95,0.4,0.2,Kirtankhola_Barishal
2005-03-18,0.07,33.73,22.93,2.1,63.63,0.4,0.17,Kirtankhola_Barishal
2005-03-19,0.06,34.6,23.0,2.07,62.95,0.4,0.16,Kirtankhola_Barishal
2005-03-20,0.16,35.13,23.78,3.47,64.69,0.39,0.14,Kirtankhola_Barishal
2005-03-21,0.07,34.81,24.0,4.36,69.73,0.39,0.11,Kirtankhola_Barishal
2005-03-22,2.87,34.5,24.37,3.97,70.57,0.39,0.1,Kirtankhola_Barishal
2005-03-23,14.4,31.34,25.51,4.25,77.21,0.41,0.17,Kirtankhola_Barishal
2005-03-24,23.01,29.03,23.57,3.77,80.58,0.44,0.27,Kirtankhola_Barishal
2005-03-25,4.43,31.18,23.71,2.38,69.79,0.46,1.2,Kirtankhola_Barishal
2005-03-26,0.35,31.23,21.62,2.55,71.34,0.45,1.11,Kirtankhola_Barishal
2005-03-27,5.16,33.95,22.07,2.72,69.81,0.45,1.17,Kirtankhola_Barishal
2005-03-28,9.82,32.39,23.44,3.17,75.09,0.46,1.39,Kirtankhola_Barishal
2005-03-29,0.0,32.82,23.52,3.34,72.5,0.46,1.5,Kirtankhola_Barishal
2005-03-30,6.76,32.74,24.03,2.68,74.23,0.46,1.24,Kirtankhola_Barishal
2005-03-31,2.3,33.57,23.3,1.84,72.6,0.46,1.65,Kirtankhola_Barishal
2005-04-01,0.13,34.09,23.42,0.96,66.72,0.46,1.73,Kirtankhola_Barishal
2005-04-02,0.13,34.69,24.42,1.09,55.48,0.45,1.37,Kirtankhola_Barishal
2005-04-03,0.0,36.02,23.2,1.27,48.58,0.45,1.49,Kirtankhola_Barishal
2005-04-04,0.39,35.44,23.05,1.44,61.23,0.44,1.21,Kirtankhola_Barishal
2005-04-05,0.0,34.03,23.54,2.31,67.83,0.44,1.01,Kirtankhola_Barishal
2005-04-06,0.0,34.29,23.74,2.38,68.82,0.43,0.94,Kirtankhola_Barishal
2005-04-07,0.0,34.12,23.45,3.34,71.4,0.43,0.76,Kirtankhola_Barishal
2005-04-08,0.0,34.22,24.46,3.58,71.22,0.43,0.67,Kirtankhola_Barishal
2005-04-09,0.53,33.5,24.71,3.58,76.54,0.42,0.53,Kirtankhola_Barishal
2005-04-10,11.46,33.04,25.83,3.18,80.21,0.43,0.44,Kirtankhola_Barishal
2005-04-11,7.4,30.43,25.7,2.28,81.82,0.46,0.46,Kirtankhola_Barishal
2005-04-12,0.72,35.3,25.02,1.76,70.4,0.45,1.56,Kirtankhola_Barishal
2005-04-13,0.0,35.76,23.7,1.46,59.86,0.45,1.59,Kirtankhola_Barishal
2005-04-14,0.0,36.34,22.69,2.07,65.42,0.44,1.31,Kirtankhola_Barishal
2005-04-15,0.0,36.45,24.12,2.28,67.08,0.44,1.12,Kirtankhola_Barishal
2005-04-16,0.0,34.37,25.23,3.04,72.59,0.43,0.66,Kirtankhola_Barishal
2005-04-17,0.09,31.62,26.31,2.91,80.95,0.43,0.3,Kirtankhola_Barishal
2005-04-18,0.19,31.29,25.65,2.53,81.08,0.43,0.28,Kirtankhola_Barishal
2005-04-19,0.12,31.73,25.48,1.25,74.42,0.43,0.25,Kirtankhola_Barishal
2005-04-20,0.01,35.81,25.68,0.84,58.49,0.43,0.52,Kirtankhola_Barishal
2005-04-21,0.0,36.67,25.55,1.84,57.26,0.42,0.75,Kirtankhola_Barishal
2005-04-22,0.0,35.24,25.53,2.5,68.54,0.42,0.51,Kirtankhola_Barishal
2005-04-23,0.09,35.28,25.22,2.46,71.28,0.42,0.43,Kirtankhola_Barishal
2005-04-24,0.11,36.52,25.42,2.68,68.83,0.42,0.47,Kirtankhola_Barishal
2005-04-25,0.59,34.46,26.32,2.23,69.76,0.41,0.3,Kirtankhola_Barishal
2005-04-26,1.53,35.63,26.82,2.26,69.4,0.41,0.42,Kirtankhola_Barishal
2005-04-27,3.2,35.73,26.3,3.19,69.28,0.41,0.43,Kirtankhola_Barishal
2005-04-28,5.0,36.76,26.85,3.58,67.62,0.42,0.53,Kirtankhola_Barishal
2005-04-29,16.82,30.99,26.11,2.94,79.59,0.43,0.24,Kirtankhola_Barishal
2005-04-30,9.67,30.2,25.44,1.84,75.15,0.46,0.56,Kirtankhola_Barishal
2005-05-01,1.05,33.14,24.56,1.0,65.36,0.46,1.41,Kirtankhola_Barishal
2005-05-02,0.33,31.98,26.1,0.98,65.23,0.46,0.87,Kirtankhola_Barishal
2005-05-03,3.02,32.38,25.44,1.33,65.82,0.45,1.22,Kirtankhola_Barishal
2005-05-04,0.2,34.75,25.99,1.43,63.17,0.45,1.6,Kirtankhola_Barishal
2005-05-05,1.86,32.12,27.3,2.61,74.21,0.45,0.52,Kirtankhola_Barishal
2005-05-06,2.09,32.92,26.11,2.35,70.2,0.45,1.01,Kirtankhola_Barishal
2005-05-07,3.11,33.27,25.07,2.24,67.62,0.45,1.23,Kirtankhola_Barishal
2005-05-08,0.51,34.27,25.6,2.57,69.34,0.45,1.22,Kirtankhola_Barishal
2005-05-09,1.15,36.27,26.51,2.54,68.8,0.44,1.19,Kirtankhola_Barishal
2005-05-10,0.18,37.75,27.59,3.36,66.64,0.44,1.14,Kirtankhola_Barishal
2005-05-11,0.01,34.21,27.71,2.6,73.46,0.43,0.64,Kirtankhola_Barishal
2005-05-12,0.36,35.43,27.19,2.45,70.12,0.43,0.81,Kirtankhola_Barishal
2005-05-13,2.72,34.93,26.59,2.53,71.39,0.43,0.77,Kirtankhola_Barishal
2005-05-14,2.67,36.03,26.97,3.16,71.47,0.43,0.81,Kirtankhola_Barishal
2005-05-15,1.2,35.57,27.23,4.01,73.85,0.43,0.73,Kirtankhola_Barishal
2005-05-16,1.93,36.4,27.58,3.53,72.3,0.43,0.78,Kirtankhola_Barishal
2005-05-17,8.18,34.95,27.43,3.45,78.94,0.44,0.65,Kirtankhola_Barishal
2005-05-18,7.45,35.26,27.45,3.08,76.52,0.45,1.03,Kirtankhola_Barishal
2005-05-19,2.02,32.39,27.97,2.72,78.92,0.45,0.55,Kirtankhola_Barishal
2005-05-20,5.21,33.14,27.17,2.42,75.31,0.45,0.97,Kirtankhola_Barishal
2005-05-21,4.82,33.34,26.51,2.61,76.52,0.46,1.0,Kirtankhola_Barishal
2005-05-22,6.08,33.74,26.96,4.13,75.71,0.46,1.26,Kirtankhola_Barishal
2005-05-23,0.33,33.31,26.98,3.25,77.07,0.46,1.06,Kirtankhola_Barishal
2005-05-24,2.13,33.47,27.72,3.04,79.09,0.46,0.85,Kirtankhola_Barishal
2005-05-25,3.4,33.03,28.01,3.61,78.8,0.46,0.83,Kirtankhola_Barishal
2005-05-26,0.02,33.41,28.26,3.33,78.36,0.46,0.8,Kirtankhola_Barishal
2005-05-27,0.13,33.71,27.76,3.04,79.79,0.46,0.82,Kirtankhola_Barishal
2005-05-28,0.17,33.95,27.86,3.01,75.62,0.45,0.85,Kirtankhola_Barishal
2005-05-29,0.0,34.12,27.67,2.44,72.65,0.45,0.86,Kirtankhola_Barishal
2005-05-30,0.0,36.54,27.67,2.25,69.25,0.45,1.18,Kirtankhola_Barishal
2005-05-31,0.0,36.48,28.03,3.09,70.27,0.44,0.96,Kirtankhola_Barishal
2005-06-01,0.0,35.69,28.53,3.66,72.08,0.44,0.77,Kirtankhola_Barishal
2005-06-02,0.0,34.12,28.84,3.41,75.39,0.44,0.5,Kirtankhola_Barishal
2005-06-03,0.19,35.88,28.38,3.67,72.83,0.43,0.74,Kirtankhola_Barishal
2005-06-04,2.13,35.03,27.82,3.06,76.1,0.43,0.6,Kirtankhola_Barishal
2005-06-05,7.85,31.38,27.04,3.09,83.85,0.44,0.27,Kirtankhola_Barishal
2005-06-06,3.69,31.13,26.73,2.23,79.68,0.45,0.49,Kirtankhola_Barishal
2005-06-07,0.0,35.65,27.07,1.73,69.77,0.45,1.2,Kirtankhola_Barishal
2005-06-08,0.01,34.06,28.42,1.6,73.14,0.45,0.6,Kirtankhola_Barishal
2005-06-09,7.97,33.61,28.44,1.95,77.33,0.45,0.5,Kirtankhola_Barishal
2005-06-10,5.31,34.76,27.9,2.52,73.88,0.46,1.06,Kirtankhola_Barishal
2005-06-11,0.0,32.87,28.55,2.89,76.39,0.46,0.78,Kirtankhola_Barishal
2005-06-12,0.0,35.77,28.08,2.48,74.26,0.45,1.22,Kirtankhola_Barishal
2005-06-13,0.17,33.15,28.75,2.85,79.03,0.45,0.53,Kirtankhola_Barishal
2005-06-14,7.99,33.83,28.41,2.34,78.4,0.45,0.51,Kirtankhola_Barishal
2005-06-15,9.32,33.51,27.88,2.69,78.55,0.47,0.98,Kirtankhola_Barishal
2005-06-16,4.48,33.16,28.81,2.93,80.33,0.48,0.78,Kirtankhola_Barishal
2005-06-17,0.4,33.72,28.67,3.02,78.76,0.47,1.14,Kirtankhola_Barishal
2005-06-18,0.81,33.4,28.83,3.67,80.64,0.47,0.81,Kirtankhola_Barishal
2005-06-19,0.3,33.9,28.78,5.05,76.12,0.47,1.33,Kirtankhola_Barishal
2005-06-20,0.41,33.21,28.46,3.95,77.2,0.46,1.02,Kirtankhola_Barishal
2005-06-21,0.65,33.61,28.48,3.45,75.48,0.46,1.03,Kirtankhola_Barishal
2005-06-22,1.78,32.19,28.33,4.09,80.12,0.46,0.61,Kirtankhola_Barishal
2005-06-23,3.17,32.17,28.44,3.26,81.48,0.46,0.53,Kirtankhola_Barishal
2005-06-24,11.11,31.27,28.22,3.86,87.16,0.48,0.4,Kirtankhola_Barishal
2005-06-25,3.78,31.99,28.14,5.83,81.7,0.49,0.9,Kirtankhola_Barishal
2005-06-26,2.25,32.17,28.14,5.48,80.8,0.49,1.1,Kirtankhola_Barishal
2005-06-27,14.84,31.22,27.76,4.09,85.38,0.49,0.68,Kirtankhola_Barishal
2005-06-28,27.79,30.96,27.53,4.85,85.55,0.53,1.2,Kirtankhola_Barishal
2005-06-29,32.61,31.59,27.18,4.56,84.67,0.58,2.29,Kirtankhola_Barishal
2005-06-30,40.92,29.01,27.09,3.56,90.62,0.63,0.84,Kirtankhola_Barishal
2005-07-01,34.97,30.11,26.79,3.59,89.58,0.68,1.22,Kirtankhola_Barishal
2005-07-02,39.98,29.53,26.4,3.23,90.17,0.73,1.0,Kirtankhola_Barishal
2005-07-03,41.2,29.05,27.12,4.29,92.12,0.79,0.6,Kirtankhola_Barishal
2005-07-04,26.72,29.03,27.02,2.4,90.98,0.8,0.65,Kirtankhola_Barishal
2005-07-05,51.49,29.56,26.92,2.87,90.41,0.88,0.69,Kirtankhola_Barishal
2005-07-06,0.36,30.85,26.18,2.2,86.03,0.86,3.22,Kirtankhola_Barishal
2005-07-07,0.16,31.2,26.5,2.36,86.42,0.85,3.62,Kirtankhola_Barishal
2005-07-08,0.42,30.96,26.1,4.13,86.18,0.83,3.53,Kirtankhola_Barishal
2005-07-09,4.41,30.49,26.68,5.17,88.27,0.83,1.95,Kirtankhola_Barishal
2005-07-10,4.35,31.24,26.81,5.07,85.61,0.83,3.21,Kirtankhola_Barishal
2005-07-11,4.65,30.93,26.86,4.07,87.9,0.82,2.22,Kirtankhola_Barishal
2005-07-12,10.24,30.8,26.71,3.92,86.08,0.83,2.68,Kirtankhola_Barishal
2005-07-13,21.59,29.47,26.89,4.25,90.11,0.84,1.06,Kirtankhola_Barishal
2005-07-14,59.09,28.49,26.89,4.35,92.32,0.9,0.43,Kirtankhola_Barishal
2005-07-15,19.42,27.03,25.61,3.46,89.87,0.93,0.48,Kirtankhola_Barishal
2005-07-16,5.28,29.69,25.5,2.81,87.2,0.93,1.46,Kirtankhola_Barishal
2005-07-17,0.7,30.18,25.58,2.34,88.05,0.92,1.47,Kirtankhola_Barishal
2005-07-18,0.2,31.02,26.32,2.61,87.11,0.91,2.09,Kirtankhola_Barishal
2005-07-19,0.18,30.44,26.56,2.52,88.93,0.9,1.39,Kirtankhola_Barishal
2005-07-20,2.13,30.87,27.19,2.5,89.11,0.9,1.54,Kirtankhola_Barishal
2005-07-21,5.24,29.44,26.99,2.01,93.2,0.9,0.45,Kirtankhola_Barishal
2005-07-22,1.27,31.79,26.63,2.14,87.34,0.9,2.25,Kirtankhola_Barishal
2005-07-23,1.34,31.14,26.97,3.17,88.83,0.89,2.2,Kirtankhola_Barishal
2005-07-24,2.51,30.77,27.03,4.85,87.9,0.88,2.72,Kirtankhola_Barishal
2005-07-25,2.1,30.98,27.18,5.22,88.07,0.88,2.91,Kirtankhola_Barishal
2005-07-26,3.96,30.41,27.62,5.4,89.38,0.87,2.08,Kirtankhola_Barishal
2005-07-27,10.75,31.2,27.46,4.47,89.32,0.87,2.28,Kirtankhola_Barishal
2005-07-28,3.64,30.79,27.14,4.03,89.17,0.87,2.57,Kirtankhola_Barishal
2005-07-29,2.74,30.47,27.32,5.04,90.19,0.86,1.69,Kirtankhola_Barishal
2005-07-30,2.73,30.54,27.09,5.64,88.55,0.86,2.58,Kirtankhola_Barishal
2005-07-31,2.4,31.25,27.19,3.71,87.2,0.85,3.28,Kirtankhola_Barishal
2005-08-01,0.71,31.79,27.18,2.81,86.94,0.85,3.46,Kirtankhola_Barishal
2005-08-02,1.29,31.0,26.85,2.63,88.64,0.84,1.9,Kirtankhola_Barishal
2005-08-03,5.06,31.35,26.76,3.38,89.17,0.83,2.3,Kirtankhola_Barishal
2005-08-04,4.21,31.11,27.62,4.75,87.52,0.84,2.65,Kirtankhola_Barishal
2005-08-05,16.55,30.64,27.29,4.09,89.26,0.84,1.41,Kirtankhola_Barishal
2005-08-06,29.88,31.23,27.14,4.37,87.91,0.87,2.3,Kirtankhola_Barishal
2005-08-07,9.31,30.44,27.37,3.68,88.73,0.88,1.76,Kirtankhola_Barishal
2005-08-08,16.07,30.98,27.18,3.59,91.32,0.89,1.19,Kirtankhola_Barishal
2005-08-09,12.66,31.94,26.0,2.86,86.68,0.9,2.7,Kirtankhola_Barishal
2005-08-10,9.0,30.9,27.36,2.61,89.38,0.9,1.69,Kirtankhola_Barishal
2005-08-11,6.84,29.46,26.69,2.8,89.28,0.9,0.78,Kirtankhola_Barishal
2005-08-12,3.7,32.94,26.56,1.21,82.03,0.9,3.22,Kirtankhola_Barishal
2005-08-13,1.52,29.48,27.05,2.85,91.81,0.9,0.74,Kirtankhola_Barishal
2005-08-14,5.74,28.82,27.17,3.95,92.04,0.9,0.56,Kirtankhola_Barishal
2005-08-15,2.61,30.55,27.09,4.51,88.41,0.9,2.23,Kirtankhola_Barishal
2005-08-16,2.98,29.49,26.99,3.53,90.88,0.89,1.26,Kirtankhola_Barishal
2005-08-17,2.74,30.56,26.82,1.63,89.45,0.89,1.43,Kirtankhola_Barishal
2005-08-18,13.99,30.74,26.58,2.59,90.64,0.9,1.96,Kirtankhola_Barishal
2005-08-19,6.61,31.01,27.21,4.22,90.04,0.9,2.7,Kirtankhola_Barishal
2005-08-20,18.89,31.22,26.96,3.68,90.64,0.9,1.74,Kirtankhola_Barishal
2005-08-21,31.57,30.53,26.97,4.84,90.07,0.93,1.89,Kirtankhola_Barishal
2005-08-22,29.97,30.67,27.26,4.34,89.32,0.96,1.74,Kirtankhola_Barishal
2005-08-23,24.2,30.02,27.16,3.76,92.19,0.96,1.01,Kirtankhola_Barishal
2005-08-24,39.58,28.59,26.78,3.41,93.39,0.97,0.45,Kirtankhola_Barishal
2005-08-25,19.31,30.11,26.35,3.23,90.59,0.98,1.29,Kirtankhola_Barishal
2005-08-26,3.75,30.58,26.6,2.07,89.62,0.97,1.43,Kirtankhola_Barishal
2005-08-27,6.07,30.18,26.14,3.25,89.79,0.97,1.64,Kirtankhola_Barishal
2005-08-28,22.94,30.23,25.82,2.63,88.73,0.97,2.02,Kirtankhola_Barishal
2005-08-29,18.85,30.93,26.14,1.78,87.9,0.98,2.15,Kirtankhola_Barishal
2005-08-30,4.93,31.12,26.44,1.3,86.76,0.98,2.37,Kirtankhola_Barishal
2005-08-31,2.16,31.38,26.67,1.14,85.69,0.97,1.99,Kirtankhola_Barishal
2005-09-01,2.38,31.58,27.11,1.43,85.24,0.97,2.44,Kirtankhola_Barishal
2005-09-02,7.27,31.09,26.98,1.37,84.96,0.97,2.21,Kirtankhola_Barishal
2005-09-03,7.44,29.76,26.7,1.95,89.54,0.97,1.49,Kirtankhola_Barishal
2005-09-04,0.23,30.15,26.55,1.02,86.77,0.96,1.98,Kirtankhola_Barishal
2005-09-05,0.82,31.69,26.55,0.83,84.15,0.96,3.33,Kirtankhola_Barishal
2005-09-06,1.19,31.15,26.59,1.3,83.83,0.95,2.77,Kirtankhola_Barishal
2005-09-07,5.09,29.48,27.23,1.17,87.21,0.95,1.16,Kirtankhola_Barishal
2005-09-08,8.72,29.63,26.42,0.98,85.42,0.96,1.32,Kirtankhola_Barishal
2005-09-09,3.92,29.2,26.53,2.06,89.77,0.96,1.35,Kirtankhola_Barishal
2005-09-10,10.74,28.66,26.28,2.21,92.11,0.96,0.8,Kirtankhola_Barishal
2005-09-11,9.54,28.43,26.42,4.13,93.63,0.97,0.54,Kirtankhola_Barishal
2005-09-12,6.64,28.5,26.88,5.68,92.13,0.97,1.29,Kirtankhola_Barishal
2005-09-13,1.94,28.02,26.17,3.86,92.68,0.97,0.83,Kirtankhola_Barishal
2005-09-14,1.05,29.65,25.84,1.64,90.44,0.96,1.55,Kirtankhola_Barishal
2005-09-15,7.91,31.81,25.21,1.6,86.44,0.96,3.77,Kirtankhola_Barishal
2005-09-16,11.92,30.07,26.3,2.38,89.6,0.97,1.03,Kirtankhola_Barishal
2005-09-17,16.06,28.27,26.03,3.96,92.02,0.97,1.02,Kirtankhola_Barishal
2005-09-18,1.27,30.37,26.96,3.37,89.32,0.97,2.48,Kirtankhola_Barishal
2005-09-19,13.73,31.5,26.37,1.51,84.26,0.97,3.58,Kirtankhola_Barishal
2005-09-20,20.36,29.62,25.73,3.26,89.88,0.98,1.88,Kirtankhola_Barishal
2005-09-21,8.1,28.91,26.1,2.54,91.36,0.98,1.15,Kirtankhola_Barishal
2005-09-22,2.02,28.59,25.71,2.19,91.16,0.98,0.93,Kirtankhola_Barishal
2005-09-23,1.76,29.61,25.6,2.51,90.19,0.97,2.17,Kirtankhola_Barishal
2005-09-24,13.43,29.09,26.02,2.35,93.16,0.98,0.94,Kirtankhola_Barishal
2005-09-25,4.04,30.72,25.83,1.02,84.59,0.98,3.11,Kirtankhola_Barishal
2005-09-26,1.06,31.52,26.78,0.73,85.53,0.97,3.81,Kirtankhola_Barishal
2005-09-27,2.94,29.86,26.57,2.01,90.59,0.97,1.71,Kirtankhola_Barishal
2005-09-28,2.56,29.95,26.01,1.8,90.26,0.97,1.33,Kirtankhola_Barishal
2005-09-29,6.05,28.75,26.09,1.69,92.33,0.97,0.69,Kirtankhola_Barishal
2005-09-30,11.23,28.24,25.68,2.45,93.39,0.97,0.53,Kirtankhola_Barishal
2005-10-01,41.62,27.92,25.97,4.26,92.78,0.99,0.65,Kirtankhola_Barishal
2005-10-02,28.05,28.2,26.31,3.99,90.99,0.99,0.65,Kirtankhola_Barishal
2005-10-03,22.37,29.0,26.39,4.28,90.44,0.99,1.31,Kirtankhola_Barishal
2005-10-04,30.75,28.63,25.63,2.99,90.67,1.0,0.91,Kirtankhola_Barishal
2005-10-05,2.8,30.47,25.13,1.32,84.92,0.99,4.38,Kirtankhola_Barishal
2005-10-06,0.0,30.39,24.88,0.94,81.82,0.99,4.61,Kirtankhola_Barishal
2005-10-07,0.03,30.64,25.66,1.08,79.8,0.98,4.56,Kirtankhola_Barishal
2005-10-08,0.25,30.67,24.93,1.68,83.21,0.98,4.37,Kirtankhola_Barishal
2005-10-09,0.56,30.87,24.62,1.87,83.9,0.97,4.12,Kirtankhola_Barishal
2005-10-10,0.5,30.2,25.34,1.15,82.19,0.96,3.05,Kirtankhola_Barishal
2005-10-11,0.9,29.91,26.52,0.73,80.32,0.96,2.28,Kirtankhola_Barishal
2005-10-12,0.14,29.21,25.35,2.29,88.36,0.96,2.34,Kirtankhola_Barishal
2005-10-13,0.2,30.2,24.84,2.06,86.01,0.95,3.87,Kirtankhola_Barishal
2005-10-14,0.44,30.88,25.43,1.56,82.65,0.94,4.36,Kirtankhola_Barishal
2005-10-15,0.02,30.37,25.26,0.93,82.0,0.94,4.47,Kirtankhola_Barishal
2005-10-16,0.37,30.44,25.04,1.03,83.82,0.93,4.36,Kirtankhola_Barishal
2005-10-17,1.92,29.96,25.17,1.08,82.7,0.93,3.7,Kirtankhola_Barishal
2005-10-18,3.88,29.19,25.33,1.65,86.51,0.93,2.34,Kirtankhola_Barishal
2005-10-19,9.02,28.2,24.45,1.82,84.56,0.93,2.1,Kirtankhola_Barishal
2005-10-20,49.91,26.59,23.89,2.45,90.09,0.96,0.74,Kirtankhola_Barishal
2005-10-21,27.8,27.19,25.28,3.55,91.73,0.99,0.78,Kirtankhola_Barishal
2005-10-22,13.8,27.41,25.09,2.32,90.9,0.99,0.71,Kirtankhola_Barishal
2005-10-23,26.31,26.52,24.67,2.05,91.41,0.99,0.5,Kirtankhola_Barishal
2005-10-24,9.77,28.94,24.85,1.44,83.17,0.99,2.91,Kirtankhola_Barishal
2005-10-25,0.0,28.87,23.33,2.09,85.18,0.99,3.62,Kirtankhola_Barishal
2005-10-26,0.0,29.15,23.32,1.83,85.19,0.98,4.1,Kirtankhola_Barishal
2005-10-27,4.08,28.71,23.4,2.19,86.25,0.98,3.25,Kirtankhola_Barishal
2005-10-28,0.83,28.23,23.71,1.93,88.39,0.98,2.1,Kirtankhola_Barishal
2005-10-29,0.12,27.6,24.19,2.13,87.12,0.97,1.65,Kirtankhola_Barishal
2005-10-30,0.55,29.19,23.25,2.08,85.16,0.97,3.84,Kirtankhola_Barishal
2005-10-31,0.6,28.68,22.2,2.43,83.6,0.96,3.68,Kirtankhola_Barishal
2005-11-01,0.12,27.36,20.89,2.29,82.01,0.95,3.1,Kirtankhola_Barishal
2005-11-02,0.37,27.0,20.99,2.81,83.76,0.95,3.44,Kirtankhola_Barishal
2005-11-03,0.0,27.93,19.6,2.98,87.65,0.94,3.76,Kirtankhola_Barishal
2005-11-04,0.0,27.2,19.32,2.91,86.12,0.93,3.97,Kirtankhola_Barishal
2005-11-05,0.0,27.56,18.56,2.65,85.57,0.92,4.04,Kirtankhola_Barishal
2005-11-06,0.0,26.83,19.06,3.17,86.49,0.92,3.87,Kirtankhola_Barishal
2005-11-07,0.0,27.2,18.81,2.45,85.42,0.91,3.93,Kirtankhola_Barishal
2005-11-08,1.03,27.85,19.23,1.21,82.15,0.9,4.25,Kirtankhola_Barishal
2005-11-09,3.48,27.21,21.33,1.85,86.02,0.9,2.71,Kirtankhola_Barishal
2005-11-10,0.12,28.42,22.08,2.45,86.38,0.9,4.2,Kirtankhola_Barishal
2005-11-11,0.0,27.93,20.73,2.63,87.77,0.89,4.4,Kirtankhola_Barishal
2005-11-12,0.0,26.65,19.0,2.63,85.57,0.88,4.14,Kirtankhola_Barishal
2005-11-13,0.0,25.37,17.71,2.18,82.62,0.88,3.71,Kirtankhola_Barishal
2005-11-14,0.0,25.65,17.98,2.25,81.9,0.87,3.67,Kirtankhola_Barishal
2005-11-15,0.0,25.61,17.55,2.14,83.42,0.86,3.83,Kirtankhola_Barishal
2005-11-16,0.0,26.07,17.98,1.87,83.05,0.86,3.9,Kirtankhola_Barishal
2005-11-17,0.0,27.0,19.38,1.34,79.92,0.85,4.04,Kirtankhola_Barishal
2005-11-18,0.0,26.82,19.16,1.0,73.3,0.85,4.45,Kirtankhola_Barishal
2005-11-19,0.0,26.2,17.55,1.64,74.89,0.84,4.23,Kirtankhola_Barishal
2005-11-20,0.0,25.95,17.18,1.73,80.58,0.84,3.74,Kirtankhola_Barishal
2005-11-21,0.0,25.08,17.87,1.37,80.54,0.83,2.62,Kirtankhola_Barishal
2005-11-22,0.0,25.53,19.22,1.04,70.86,0.83,3.22,Kirtankhola_Barishal
2005-11-23,0.0,26.1,18.35,0.83,72.75,0.82,3.88,Kirtankhola_Barishal
2005-11-24,0.0,25.94,18.61,1.55,80.04,0.82,3.19,Kirtankhola_Barishal
2005-11-25,0.0,25.19,16.96,2.46,86.2,0.81,3.0,Kirtankhola_Barishal
2005-11-26,0.0,24.91,16.33,2.43,85.53,0.81,3.15,Kirtankhola_Barishal
2005-11-27,0.0,24.66,15.52,2.16,84.23,0.8,3.27,Kirtankhola_Barishal
2005-11-28,0.0,24.62,15.33,2.73,86.29,0.8,3.16,Kirtankhola_Barishal
2005-11-29,0.0,24.83,15.37,2.52,81.77,0.79,3.38,Kirtankhola_Barishal
2005-11-30,0.0,23.74,15.27,2.25,82.03,0.79,2.34,Kirtankhola_Barishal
2005-12-01,0.0,23.77,15.2,2.24,83.39,0.78,2.7,Kirtankhola_Barishal
2005-12-02,0.0,24.93,15.53,2.26,85.33,0.78,2.91,Kirtankhola_Barishal
2005-12-03,0.0,24.9,15.56,2.47,85.72,0.77,3.14,Kirtankhola_Barishal
2005-12-04,0.0,24.48,16.25,2.79,84.38,0.77,3.11,Kirtankhola_Barishal
2005-12-05,0.0,23.96,14.51,2.84,78.51,0.76,2.97,Kirtankhola_Barishal
2005-12-06,0.0,22.91,12.32,2.77,83.71,0.76,2.52,Kirtankhola_Barishal
2005-12-07,0.0,23.71,13.19,2.33,86.07,0.75,2.65,Kirtankhola_Barishal
2005-12-08,0.0,23.62,13.5,1.79,82.56,0.75,2.71,Kirtankhola_Barishal
2005-12-09,0.0,23.72,13.91,2.1,83.32,0.74,2.67,Kirtankhola_Barishal
2005-12-10,0.0,23.37,13.5,2.11,83.26,0.74,2.75,Kirtankhola_Barishal
2005-12-11,0.0,23.17,13.46,2.45,85.04,0.73,2.7,Kirtankhola_Barishal
2005-12-12,0.0,23.27,13.05,2.87,84.42,0.73,2.79,Kirtankhola_Barishal
2005-12-13,0.0,23.25,12.93,2.9,84.6,0.72,2.74,Kirtankhola_Barishal
2005-12-14,0.0,22.8,12.32,2.76,85.75,0.72,2.45,Kirtankhola_Barishal
2005-12-15,0.0,22.92,12.95,1.72,83.54,0.71,1.98,Kirtankhola_Barishal
2005-12-16,0.0,24.21,16.09,1.37,83.73,0.71,1.83,Kirtankhola_Barishal
2005-12-17,0.0,24.99,16.2,1.71,86.33,0.71,2.2,Kirtankhola_Barishal
2005-12-18,0.0,24.81,16.7,1.82,85.03,0.71,2.18,Kirtankhola_Barishal
2005-12-19,0.0,24.61,16.04,1.91,85.18,0.7,2.57,Kirtankhola_Barishal
2005-12-20,0.0,24.45,15.71,2.23,86.89,0.7,2.33,Kirtankhola_Barishal
2005-12-21,0.0,24.67,15.91,1.38,81.03,0.69,2.16,Kirtankhola_Barishal
2005-12-22,1.31,23.82,18.04,1.33,83.38,0.69,1.43,Kirtankhola_Barishal
2005-12-23,1.07,21.71,17.99,1.99,88.43,0.69,0.71,Kirtankhola_Barishal
2005-12-24,0.0,24.66,16.72,2.0,85.33,0.69,2.78,Kirtankhola_Barishal
2005-12-25,0.0,24.52,15.4,3.24,84.79,0.68,2.79,Kirtankhola_Barishal
2005-12-26,0.0,23.68,14.73,2.86,81.97,0.68,2.35,Kirtankhola_Barishal
2005-12-27,0.0,23.55,13.57,2.38,79.02,0.67,2.27,Kirtankhola_Barishal
2005-12-28,0.0,23.63,12.44,2.3,77.06,0.67,2.4,Kirtankhola_Barishal
2005-12-29,0.0,23.79,12.9,1.9,76.62,0.66,2.07,Kirtankhola_Barishal
2005-12-30,0.0,23.28,12.85,2.34,79.47,0.66,2.04,Kirtankhola_Barishal
2005-12-31,0.0,23.42,12.09,2.3,78.45,0.66,2.3,Kirtankhola_Barishal
2006-01-01,0.0,23.24,11.93,2.2,76.95,0.65,2.31,Kirtankhola_Barishal
2006-01-02,0.0,23.36,11.96,1.79,75.55,0.65,2.33,Kirtankhola_Barishal
2006-01-03,0.0,22.5,13.75,1.78,78.4,0.64,1.48,Kirtankhola_Barishal
2006-01-04,0.0,21.97,13.19,2.56,82.59,0.64,1.24,Kirtankhola_Barishal
2006-01-05,0.0,22.35,12.97,2.65,80.87,0.64,1.44,Kirtankhola_Barishal
2006-01-06,0.0,21.27,12.4,2.33,80.53,0.64,0.91,Kirtankhola_Barishal
2006-01-07,0.0,22.17,13.43,2.43,83.38,0.63,1.38,Kirtankhola_Barishal
2006-01-08,0.0,22.27,13.64,2.83,78.72,0.63,1.6,Kirtankhola_Barishal
2006-01-09,0.0,22.45,11.66,2.95,78.56,0.63,1.76,Kirtankhola_Barishal
2006-01-10,0.0,22.36,10.53,2.78,79.75,0.62,1.9,Kirtankhola_Barishal
2006-01-11,0.0,21.93,10.18,2.35,78.31,0.62,1.71,Kirtankhola_Barishal
2006-01-12,0.0,22.41,10.86,2.2,76.65,0.61,1.5,Kirtankhola_Barishal
2006-01-13,0.0,22.59,10.73,1.89,69.1,0.61,1.59,Kirtankhola_Barishal
2006-01-14,0.0,23.3,12.52,1.24,64.55,0.61,1.67,Kirtankhola_Barishal
2006-01-15,0.0,23.16,13.41,1.78,69.42,0.61,1.71,Kirtankhola_Barishal
2006-01-16,0.0,23.16,12.21,1.3,69.93,0.6,1.68,Kirtankhola_Barishal
2006-01-17,0.0,25.15,14.44,0.99,67.31,0.6,2.07,Kirtankhola_Barishal
2006-01-18,0.0,26.71,15.38,1.53,74.32,0.59,2.26,Kirtankhola_Barishal
2006-01-19,0.0,26.0,17.2,1.13,68.75,0.59,2.22,Kirtankhola_Barishal
2006-01-20,0.0,25.66,17.05,1.25,70.26,0.59,2.43,Kirtankhola_Barishal
2006-01-21,0.0,25.2,13.83,1.62,67.26,0.58,2.59,Kirtankhola_Barishal
2006-01-22,0.0,24.82,15.47,1.38,60.26,0.58,2.47,Kirtankhola_Barishal
2006-01-23,0.0,24.09,12.28,1.88,58.95,0.57,2.41,Kirtankhola_Barishal
2006-01-24,0.0,24.01,12.54,2.49,67.73,0.57,1.96,Kirtankhola_Barishal
2006-01-25,0.0,23.94,14.03,3.74,69.78,0.56,2.06,Kirtankhola_Barishal
2006-01-26,0.0,24.17,11.64,2.68,67.48,0.56,2.04,Kirtankhola_Barishal
2006-01-27,0.0,24.3,11.83,2.21,74.03,0.55,2.02,Kirtankhola_Barishal
2006-01-28,0.0,24.97,12.64,2.06,72.63,0.55,2.23,Kirtankhola_Barishal
2006-01-29,0.0,24.85,12.97,1.69,70.15,0.55,2.15,Kirtankhola_Barishal
2006-01-30,0.0,25.34,13.39,1.8,65.1,0.54,1.91,Kirtankhola_Barishal
2006-01-31,0.0,26.08,13.77,1.5,65.92,0.54,1.9,Kirtankhola_Barishal
2006-02-01,0.0,26.63,14.61,1.27,64.41,0.54,2.22,Kirtankhola_Barishal
2006-02-02,0.0,27.38,15.64,1.09,62.71,0.53,2.17,Kirtankhola_Barishal
2006-02-03,0.0,27.63,17.27,1.25,62.22,0.53,2.31,Kirtankhola_Barishal
2006-02-04,0.0,27.48,16.95,1.11,66.94,0.53,1.59,Kirtankhola_Barishal
2006-02-05,0.0,27.22,16.47,1.7,62.86,0.52,2.06,Kirtankhola_Barishal
2006-02-06,0.0,26.76,14.89,1.5,61.16,0.52,1.78,Kirtankhola_Barishal
2006-02-07,0.0,28.61,16.12,1.32,61.74,0.51,2.28,Kirtankhola_Barishal
2006-02-08,0.0,28.3,18.1,0.84,63.73,0.51,2.03,Kirtankhola_Barishal
2006-02-09,0.0,28.11,15.79,1.45,54.12,0.51,1.76,Kirtankhola_Barishal
2006-02-10,0.0,28.48,16.44,1.18,54.21,0.5,1.84,Kirtankhola_Barishal
2006-02-11,0.0,28.03,16.04,1.83,57.95,0.5,1.73,Kirtankhola_Barishal
2006-02-12,0.0,28.79,16.0,1.6,58.95,0.5,1.74,Kirtankhola_Barishal
2006-02-13,0.0,28.79,18.07,1.33,62.3,0.49,1.54,Kirtankhola_Barishal
2006-02-14,0.0,29.3,17.53,2.42,72.89,0.49,1.68,Kirtankhola_Barishal
2006-02-15,0.0,30.46,18.76,2.73,75.98,0.49,1.69,Kirtankhola_Barishal
2006-02-16,0.0,30.2,20.95,4.03,78.35,0.48,1.5,Kirtankhola_Barishal
2006-02-17,0.04,31.52,21.4,2.29,75.89,0.48,1.62,Kirtankhola_Barishal
2006-02-18,0.0,30.79,20.89,1.88,75.31,0.48,1.47,Kirtankhola_Barishal
2006-02-19,0.02,31.47,20.96,1.78,73.52,0.47,1.55,Kirtankhola_Barishal
2006-02-20,0.0,30.92,21.22,2.11,74.48,0.47,1.35,Kirtankhola_Barishal
2006-02-21,0.02,31.52,21.24,2.12,74.05,0.47,1.32,Kirtankhola_Barishal
2006-02-22,0.03,32.63,20.94,2.19,72.72,0.46,1.36,Kirtankhola_Barishal
2006-02-23,0.01,33.53,20.67,1.89,68.74,0.46,1.42,Kirtankhola_Barishal
2006-02-24,0.0,33.9,20.69,2.16,69.44,0.46,1.35,Kirtankhola_Barishal
2006-02-25,0.0,34.16,20.81,1.81,66.76,0.45,1.27,Kirtankhola_Barishal
2006-02-26,0.0,34.83,20.62,2.17,64.88,0.45,1.22,Kirtankhola_Barishal
2006-02-27,0.0,34.78,20.64,2.94,68.12,0.45,1.1,Kirtankhola_Barishal
2006-02-28,0.0,34.81,21.98,2.0,68.84,0.44,0.99,Kirtankhola_Barishal
2006-03-01,0.0,34.71,21.92,1.75,65.2,0.44,0.92,Kirtankhola_Barishal
2006-03-02,0.0,34.22,21.87,1.2,59.77,0.44,0.77,Kirtankhola_Barishal
2006-03-03,0.0,32.57,20.58,1.61,48.1,0.44,0.78,Kirtankhola_Barishal
2006-03-04,0.01,32.31,19.53,1.44,48.86,0.43,0.74,Kirtankhola_Barishal
2006-03-05,1.07,30.83,22.96,2.91,58.76,0.43,0.46,Kirtankhola_Barishal
2006-03-06,0.0,32.85,21.92,2.05,63.78,0.43,0.7,Kirtankhola_Barishal
2006-03-07,0.0,34.16,22.88,1.63,60.74,0.43,0.68,Kirtankhola_Barishal
2006-03-08,0.0,34.61,22.59,0.99,53.38,0.43,0.65,Kirtankhola_Barishal
2006-03-09,0.0,35.58,22.2,1.13,45.62,0.42,0.61,Kirtankhola_Barishal
2006-03-10,0.0,33.56,23.96,0.93,50.58,0.42,0.35,Kirtankhola_Barishal
2006-03-11,0.0,31.56,23.11,1.97,50.83,0.42,0.28,Kirtankhola_Barishal
2006-03-12,0.02,31.77,20.28,2.06,54.32,0.42,0.43,Kirtankhola_Barishal
2006-03-13,0.0,32.43,22.31,1.03,55.02,0.42,0.44,Kirtankhola_Barishal
2006-03-14,0.0,33.11,21.97,1.5,54.67,0.41,0.4,Kirtankhola_Barishal
2006-03-15,0.0,33.85,22.16,1.81,60.45,0.41,0.38,Kirtankhola_Barishal
2006-03-16,0.0,32.52,22.5,2.19,61.77,0.41,0.3,Kirtankhola_Barishal
2006-03-17,0.0,33.12,22.92,2.05,56.28,0.41,0.3,Kirtankhola_Barishal
2006-03-18,0.0,33.24,21.76,2.03,44.86,0.41,0.29,Kirtankhola_Barishal
2006-03-19,0.0,33.14,19.13,2.39,37.84,0.4,0.27,Kirtankhola_Barishal
2006-03-20,0.0,33.68,18.46,2.22,36.38,0.4,0.24,Kirtankhola_Barishal
2006-03-21,0.0,34.4,20.86,1.4,42.2,0.4,0.21,Kirtankhola_Barishal
2006-03-22,0.0,35.32,22.8,3.22,63.65,0.4,0.17,Kirtankhola_Barishal
2006-03-23,0.01,35.53,23.29,1.97,63.52,0.39,0.18,Kirtankhola_Barishal
2006-03-24,0.0,35.58,21.62,1.83,58.32,0.39,0.17,Kirtankhola_Barishal
2006-03-25,0.0,36.54,21.9,2.42,60.83,0.39,0.14,Kirtankhola_Barishal
2006-03-26,0.0,37.03,23.34,3.43,62.86,0.39,0.12,Kirtankhola_Barishal
2006-03-27,0.0,38.12,23.88,3.03,64.38,0.39,0.1,Kirtankhola_Barishal
2006-03-28,0.0,36.94,24.77,1.51,57.44,0.39,0.08,Kirtankhola_Barishal
2006-03-29,0.0,36.48,23.69,1.53,48.07,0.38,0.07,Kirtankhola_Barishal
2006-03-30,0.0,37.13,24.12,2.0,54.58,0.38,0.06,Kirtankhola_Barishal
2006-03-31,2.54,36.75,24.3,2.77,59.87,0.38,0.05,Kirtankhola_Barishal
2006-04-01,2.23,34.82,24.54,3.12,66.42,0.39,0.06,Kirtankhola_Barishal
2006-04-02,0.02,34.79,23.93,3.37,70.64,0.39,0.05,Kirtankhola_Barishal
2006-04-03,0.39,33.35,24.64,4.31,72.13,0.38,0.04,Kirtankhola_Barishal
2006-04-04,4.4,32.79,25.4,4.67,72.29,0.39,0.04,Kirtankhola_Barishal
2006-04-05,11.76,32.82,25.94,4.12,74.06,0.4,0.1,Kirtankhola_Barishal
2006-04-06,7.3,33.1,25.61,3.24,75.02,0.42,0.32,Kirtankhola_Barishal
2006-04-07,0.12,34.85,24.71,3.23,70.88,0.41,0.37,Kirtankhola_Barishal
2006-04-08,0.08,34.82,25.13,3.59,72.19,0.41,0.29,Kirtankhola_Barishal
2006-04-09,0.08,34.21,25.37,3.74,71.35,0.41,0.24,Kirtankhola_Barishal
2006-04-10,0.0,34.35,25.46,4.17,71.63,0.4,0.2,Kirtankhola_Barishal
2006-04-11,0.01,35.12,26.25,4.85,71.5,0.4,0.19,Kirtankhola_Barishal
2006-04-12,0.0,33.79,26.85,3.88,72.41,0.4,0.13,Kirtankhola_Barishal
2006-04-13,0.73,34.29,26.62,3.43,73.0,0.4,0.13,Kirtankhola_Barishal
2006-04-14,0.51,36.27,25.65,2.87,69.34,0.4,0.15,Kirtankhola_Barishal
2006-04-15,0.0,35.21,26.99,2.67,67.24,0.4,0.12,Kirtankhola_Barishal
2006-04-16,0.02,34.34,25.96,2.94,70.67,0.39,0.1,Kirtankhola_Barishal
2006-04-17,5.99,32.49,26.55,2.43,71.84,0.39,0.06,Kirtankhola_Barishal
2006-04-18,2.4,31.52,25.72,2.32,71.57,0.41,0.14,Kirtankhola_Barishal
2006-04-19,2.63,34.19,24.87,1.32,64.29,0.41,0.31,Kirtankhola_Barishal
2006-04-20,0.0,35.46,23.98,1.39,54.13,0.4,0.3,Kirtankhola_Barishal
2006-04-21,0.0,36.27,24.72,1.24,52.04,0.4,0.26,Kirtankhola_Barishal
2006-04-22,0.1,37.01,25.36,2.54,56.65,0.4,0.2,Kirtankhola_Barishal
2006-04-23,1.52,37.14,25.54,2.15,58.43,0.39,0.17,Kirtankhola_Barishal
2006-04-24,2.16,38.04,25.57,2.35,60.34,0.39,0.15,Kirtankhola_Barishal
2006-04-25,5.75,36.77,26.21,2.37,61.73,0.4,0.2,Kirtankhola_Barishal
2006-04-26,0.0,36.0,26.59,2.46,63.33,0.4,0.17,Kirtankhola_Barishal
2006-04-27,0.13,35.92,26.57,2.78,63.45,0.4,0.15,Kirtankhola_Barishal
2006-04-28,2.37,35.96,26.78,1.66,61.7,0.39,0.14,Kirtankhola_Barishal
2006-04-29,0.32,36.98,27.06,1.39,58.25,0.39,0.15,Kirtankhola_Barishal
2006-04-30,1.75,36.13,27.1,2.83,61.57,0.39,0.13,Kirtankhola_Barishal
2006-05-01,0.0,36.76,27.63,3.33,64.93,0.39,0.11,Kirtankhola_Barishal
2006-05-02,0.01,37.29,26.21,2.92,64.99,0.39,0.09,Kirtankhola_Barishal
2006-05-03,0.41,36.34,27.2,3.01,65.68,0.39,0.06,Kirtankhola_Barishal
2006-05-04,0.83,34.38,27.02,2.8,67.23,0.39,0.05,Kirtankhola_Barishal
2006-05-05,0.04,34.97,27.02,2.66,66.03,0.39,0.04,Kirtankhola_Barishal
2006-05-06,11.87,33.68,27.71,3.22,73.84,0.39,0.03,Kirtankhola_Barishal
2006-05-07,17.12,30.85,27.08,3.27,80.03,0.43,0.28,Kirtankhola_Barishal
2006-05-08,1.23,31.97,26.8,2.42,68.62,0.43,0.54,Kirtankhola_Barishal
2006-05-09,1.16,32.19,27.23,2.82,75.19,0.43,0.35,Kirtankhola_Barishal
2006-05-10,3.07,32.52,27.02,3.55,75.63,0.43,0.38,Kirtankhola_Barishal
2006-05-11,18.75,32.63,27.03,3.68,76.86,0.44,0.56,Kirtankhola_Barishal
2006-05-12,30.76,31.12,27.03,3.76,84.74,0.49,0.92,Kirtankhola_Barishal
2006-05-13,12.42,31.82,26.8,3.29,81.31,0.52,3.29,Kirtankhola_Barishal
2006-05-14,8.31,31.77,26.57,2.55,82.05,0.52,2.38,Kirtankhola_Barishal
2006-05-15,8.6,29.38,26.31,3.39,86.25,0.53,1.25,Kirtankhola_Barishal
2006-05-16,0.33,30.9,25.55,2.79,78.58,0.53,3.41,Kirtankhola_Barishal
2006-05-17,0.32,34.92,25.59,1.45,69.6,0.52,5.96,Kirtankhola_Barishal
2006-05-18,0.0,35.48,26.39,1.84,67.17,0.51,5.37,Kirtankhola_Barishal
2006-05-19,2.1,36.04,26.34,2.38,66.46,0.5,4.5,Kirtankhola_Barishal
2006-05-20,3.45,34.92,26.47,2.2,69.49,0.5,3.62,Kirtankhola_Barishal
2006-05-21,4.17,35.38,27.37,1.61,67.97,0.49,3.74,Kirtankhola_Barishal
2006-05-22,0.16,36.6,27.29,1.52,64.38,0.49,4.12,Kirtankhola_Barishal
2006-05-23,0.6,36.12,27.62,1.93,63.78,0.48,3.45,Kirtankhola_Barishal
2006-05-24,5.64,34.5,27.65,1.86,67.72,0.48,2.48,Kirtankhola_Barishal
2006-05-25,8.03,31.28,27.8,1.62,77.63,0.48,0.92,Kirtankhola_Barishal
2006-05-26,60.67,29.6,27.32,4.06,89.62,0.54,0.89,Kirtankhola_Barishal
2006-05-27,73.25,29.05,27.31,4.34,91.07,0.68,0.63,Kirtankhola_Barishal
2006-05-28,23.26,28.6,27.26,4.51,91.77,0.73,0.57,Kirtankhola_Barishal
2006-05-29,20.19,29.31,27.06,4.67,91.36,0.74,0.72,Kirtankhola_Barishal
2006-05-30,21.97,29.77,26.96,4.43,91.41,0.76,0.75,Kirtankhola_Barishal
2006-05-31,6.02,30.41,27.15,3.45,90.82,0.76,1.35,Kirtankhola_Barishal
2006-06-01,8.39,30.15,27.64,3.25,90.74,0.77,1.09,Kirtankhola_Barishal
2006-06-02,9.09,30.02,27.01,2.03,89.38,0.77,1.17,Kirtankhola_Barishal
2006-06-03,3.03,30.0,26.81,1.66,88.65,0.77,1.25,Kirtankhola_Barishal
2006-06-04,8.84,29.53,26.32,2.06,88.58,0.78,1.31,Kirtankhola_Barishal
2006-06-05,10.7,30.11,27.13,3.15,88.11,0.79,1.69,Kirtankhola_Barishal
2006-06-06,16.59,30.33,27.49,5.48,87.93,0.8,1.94,Kirtankhola_Barishal
2006-06-07,21.14,31.42,27.47,5.14,86.94,0.81,3.0,Kirtankhola_Barishal
2006-06-08,19.21,30.43,27.32,4.6,87.16,0.84,2.41,Kirtankhola_Barishal
2006-06-09,33.29,30.25,27.14,4.03,89.65,0.86,1.47,Kirtankhola_Barishal
2006-06-10,41.5,29.05,27.1,4.77,91.62,0.9,0.84,Kirtankhola_Barishal
2006-06-11,2.7,31.46,27.26,4.16,89.45,0.9,2.1,Kirtankhola_Barishal
2006-06-12,0.87,31.67,27.87,4.14,90.8,0.89,1.72,Kirtankhola_Barishal
2006-06-13,4.69,30.75,27.71,3.37,91.26,0.89,1.07,Kirtankhola_Barishal
2006-06-14,9.02,29.77,27.47,2.87,91.7,0.9,0.8,Kirtankhola_Barishal
2006-06-15,0.74,30.21,27.0,2.58,93.07,0.9,0.91,Kirtankhola_Barishal
2006-06-16,3.23,30.18,27.18,2.72,93.2,0.89,0.88,Kirtankhola_Barishal
2006-06-17,2.88,29.88,27.3,2.23,92.0,0.89,0.93,Kirtankhola_Barishal
2006-06-18,0.39,31.0,27.29,1.11,89.49,0.89,1.26,Kirtankhola_Barishal
2006-06-19,1.29,31.46,26.86,1.05,86.1,0.89,1.52,Kirtankhola_Barishal
2006-06-20,10.6,30.41,26.87,1.86,89.14,0.89,1.53,Kirtankhola_Barishal
2006-06-21,12.48,30.17,26.6,2.83,88.89,0.9,1.97,Kirtankhola_Barishal
2006-06-22,2.61,29.68,26.5,3.19,89.79,0.9,1.29,Kirtankhola_Barishal
2006-06-23,3.62,29.48,26.97,3.37,90.55,0.89,1.1,Kirtankhola_Barishal
2006-06-24,6.77,29.78,26.64,2.28,88.76,0.9,1.21,Kirtankhola_Barishal
2006-06-25,3.07,30.36,26.48,1.32,87.27,0.9,1.43,Kirtankhola_Barishal
2006-06-26,5.2,30.0,26.42,1.89,88.17,0.89,1.48,Kirtankhola_Barishal
2006-06-27,5.03,30.83,26.69,2.66,87.4,0.89,2.17,Kirtankhola_Barishal
2006-06-28,3.53,29.58,26.82,2.67,91.34,0.89,0.84,Kirtankhola_Barishal
2006-06-29,1.42,29.86,26.99,2.82,92.33,0.89,0.74,Kirtankhola_Barishal
2006-06-30,1.12,30.44,27.92,4.3,91.38,0.89,1.39,Kirtankhola_Barishal
2006-07-01,0.83,30.82,27.7,3.19,91.53,0.88,1.02,Kirtankhola_Barishal
2006-07-02,4.71,30.93,28.13,6.02,88.13,0.88,2.36,Kirtankhola_Barishal
2006-07-03,19.9,30.65,27.59,5.96,88.33,0.89,1.91,Kirtankhola_Barishal
2006-07-04,22.38,30.77,27.43,4.54,87.98,0.91,1.94,Kirtankhola_Barishal
2006-07-05,9.34,30.41,27.02,3.49,89.28,0.91,1.19,Kirtankhola_Barishal
2006-07-06,24.14,30.91,27.27,3.3,89.93,0.92,1.11,Kirtankhola_Barishal
2006-07-07,17.87,31.65,27.68,2.84,89.91,0.93,1.4,Kirtankhola_Barishal
2006-07-08,17.41,30.12,27.25,3.21,92.07,0.94,0.62,Kirtankhola_Barishal
2006-07-09,63.89,30.06,27.13,5.4,91.39,0.97,0.74,Kirtankhola_Barishal
2006-07-10,44.24,30.49,27.25,4.42,90.07,0.98,0.91,Kirtankhola_Barishal
2006-07-11,19.77,30.12,26.77,5.36,92.27,0.99,0.54,Kirtankhola_Barishal
2006-07-12,4.33,29.89,27.11,3.75,91.76,0.98,0.86,Kirtankhola_Barishal
2006-07-13,1.27,28.58,26.72,3.27,91.14,0.98,0.68,Kirtankhola_Barishal
2006-07-14,4.82,29.95,26.79,3.12,91.97,0.98,0.67,Kirtankhola_Barishal
2006-07-15,1.84,30.37,27.12,3.26,90.22,0.97,1.26,Kirtankhola_Barishal
2006-07-16,4.33,31.02,26.83,3.52,88.96,0.97,1.89,Kirtankhola_Barishal
2006-07-17,2.09,30.28,26.37,4.12,87.62,0.96,2.03,Kirtankhola_Barishal
2006-07-18,3.6,30.27,26.93,4.08,89.57,0.95,1.68,Kirtankhola_Barishal
2006-07-19,9.28,30.04,26.6,3.8,89.88,0.95,1.37,Kirtankhola_Barishal
2006-07-20,18.31,29.59,26.51,4.76,90.24,0.96,1.09,Kirtankhola_Barishal
2006-07-21,5.83,30.32,26.33,4.59,87.18,0.96,2.11,Kirtankhola_Barishal
2006-07-22,8.04,29.97,25.64,3.6,87.37,0.95,1.93,Kirtankhola_Barishal
2006-07-23,6.75,30.12,25.52,2.7,88.27,0.95,1.53,Kirtankhola_Barishal
2006-07-24,2.81,31.38,26.15,3.09,87.26,0.95,2.38,Kirtankhola_Barishal
2006-07-25,5.72,30.42,26.52,2.61,89.7,0.94,1.39,Kirtankhola_Barishal
2006-07-26,8.45,29.88,26.89,2.2,89.72,0.94,1.2,Kirtankhola_Barishal
2006-07-27,8.45,28.97,26.55,3.56,92.18,0.94,0.72,Kirtankhola_Barishal
2006-07-28,10.39,28.73,26.79,4.21,92.9,0.95,0.61,Kirtankhola_Barishal
2006-07-29,11.03,29.42,26.82,4.47,90.89,0.96,0.89,Kirtankhola_Barishal
2006-07-30,8.1,29.91,26.49,4.14,89.92,0.96,1.46,Kirtankhola_Barishal
2006-07-31,1.87,29.87,26.79,2.99,90.51,0.95,1.23,Kirtankhola_Barishal
2006-08-01,2.89,30.46,26.36,4.37,90.11,0.95,1.66,Kirtankhola_Barishal
2006-08-02,1.04,29.94,26.4,6.04,88.47,0.94,2.31,Kirtankhola_Barishal
2006-08-03,2.12,28.9,26.13,5.5,90.05,0.93,1.4,Kirtankhola_Barishal
2006-08-04,6.17,27.36,25.78,4.58,91.82,0.93,0.62,Kirtankhola_Barishal
2006-08-05,10.32,28.26,25.17,3.26,88.95,0.94,1.37,Kirtankhola_Barishal
2006-08-06,15.91,29.41,25.02,2.6,88.48,0.95,1.49,Kirtankhola_Barishal
2006-08-07,11.56,30.4,25.53,2.11,89.03,0.95,1.76,Kirtankhola_Barishal
2006-08-08,14.75,30.26,26.41,1.79,89.71,0.96,1.2,Kirtankhola_Barishal
2006-08-09,17.72,31.45,26.26,1.43,87.36,0.96,1.6,Kirtankhola_Barishal
2006-08-10,15.88,29.01,26.81,3.34,94.64,0.97,0.36,Kirtankhola_Barishal
2006-08-11,7.23,30.67,26.81,3.89,90.41,0.97,1.78,Kirtankhola_Barishal
2006-08-12,3.6,30.15,26.77,5.13,89.9,0.96,2.31,Kirtankhola_Barishal
2006-08-13,4.29,30.27,26.35,3.6,89.95,0.96,1.9,Kirtankhola_Barishal
2006-08-14,1.18,28.99,26.09,2.19,92.66,0.95,0.73,Kirtankhola_Barishal
2006-08-15,4.9,29.02,26.42,2.8,92.76,0.95,0.95,Kirtankhola_Barishal
2006-08-16,2.91,29.26,26.18,5.11,92.0,0.95,1.11,Kirtankhola_Barishal
2006-08-17,8.91,28.63,26.33,4.97,92.31,0.95,0.97,Kirtankhola_Barishal
2006-08-18,8.43,28.81,26.51,3.62,92.62,0.96,0.92,Kirtankhola_Barishal
2006-08-19,3.45,30.6,26.15,2.22,90.29,0.95,2.03,Kirtankhola_Barishal
2006-08-20,2.34,29.13,26.31,1.85,92.5,0.95,0.96,Kirtankhola_Barishal
2006-08-21,8.38,28.51,26.15,3.05,92.32,0.95,0.81,Kirtankhola_Barishal
2006-08-22,30.44,29.75,26.48,5.19,90.35,0.96,1.92,Kirtankhola_Barishal
2006-08-23,24.78,29.57,26.13,4.89,90.4,0.98,1.75,Kirtankhola_Barishal
2006-08-24,16.17,29.87,26.33,4.06,91.19,0.98,1.57,Kirtankhola_Barishal
2006-08-25,8.26,30.29,26.01,2.78,90.1,0.98,1.98,Kirtankhola_Barishal
2006-08-26,6.74,29.64,26.33,3.36,90.68,0.98,1.95,Kirtankhola_Barishal
2006-08-27,3.48,30.84,26.25,2.55,89.73,0.97,2.6,Kirtankhola_Barishal
2006-08-28,14.54,29.6,26.4,2.64,90.82,0.97,1.37,Kirtankhola_Barishal
2006-08-29,8.31,29.66,26.48,5.58,90.73,0.97,1.84,Kirtankhola_Barishal
2006-08-30,4.85,28.52,26.43,3.6,91.96,0.97,0.97,Kirtankhola_Barishal
2006-08-31,4.04,28.74,25.84,1.56,90.23,0.97,0.97,Kirtankhola_Barishal
2006-09-01,2.13,29.55,25.57,1.35,89.09,0.97,1.11,Kirtankhola_Barishal
2006-09-02,12.0,29.95,25.81,2.33,91.01,0.96,1.16,Kirtankhola_Barishal
2006-09-03,11.4,28.43,25.49,3.69,90.68,0.98,1.55,Kirtankhola_Barishal
2006-09-04,1.01,29.38,25.44,4.41,87.86,0.97,3.03,Kirtankhola_Barishal
2006-09-05,0.36,30.22,25.2,2.23,86.53,0.96,3.59,Kirtankhola_Barishal
2006-09-06,0.03,31.38,24.76,1.46,84.64,0.95,4.54,Kirtankhola_Barishal
2006-09-07,0.03,31.24,25.25,2.2,86.34,0.94,4.43,Kirtankhola_Barishal
2006-09-08,1.19,31.87,25.47,2.25,87.06,0.93,4.22,Kirtankhola_Barishal
2006-09-09,2.11,31.01,26.42,2.06,88.87,0.92,2.73,Kirtankhola_Barishal
2006-09-10,11.22,29.05,26.5,2.29,92.11,0.92,0.95,Kirtankhola_Barishal
2006-09-11,22.86,28.42,25.97,2.69,92.98,0.95,0.64,Kirtankhola_Barishal
2006-09-12,2.65,29.85,25.68,2.48,88.4,0.95,2.29,Kirtankhola_Barishal
2006-09-13,0.79,29.32,26.37,1.93,90.52,0.95,1.1,Kirtankhola_Barishal
2006-09-14,5.38,29.38,26.41,1.56,88.46,0.94,1.36,Kirtankhola_Barishal
2006-09-15,3.31,29.38,26.47,1.7,87.94,0.95,1.61,Kirtankhola_Barishal
2006-09-16,4.77,29.74,26.05,1.54,88.67,0.94,1.81,Kirtankhola_Barishal
2006-09-17,3.95,30.29,26.31,1.45,86.48,0.94,2.46,Kirtankhola_Barishal
2006-09-18,7.84,31.25,25.51,2.18,86.71,0.94,3.7,Kirtankhola_Barishal
2006-09-19,16.96,30.21,25.96,3.34,87.43,0.95,2.94,Kirtankhola_Barishal
2006-09-20,45.02,27.91,26.23,5.02,91.25,0.97,0.84,Kirtankhola_Barishal
2006-09-21,103.49,27.92,26.76,6.54,91.36,0.99,0.48,Kirtankhola_Barishal
2006-09-22,90.0,28.05,26.87,5.7,92.98,1.0,0.12,Kirtankhola_Barishal
2006-09-23,39.48,28.45,26.77,5.05,91.51,1.0,0.36,Kirtankhola_Barishal
2006-09-24,13.04,28.77,26.37,3.3,91.06,1.0,0.54,Kirtankhola_Barishal
2006-09-25,13.48,29.81,26.0,2.38,88.89,1.0,1.77,Kirtankhola_Barishal
2006-09-26,0.2,30.83,25.74,1.06,83.99,0.99,4.83,Kirtankhola_Barishal
2006-09-27,0.07,30.05,25.15,1.56,86.2,0.99,2.21,Kirtankhola_Barishal
2006-09-28,2.65,29.66,26.06,1.54,89.46,0.99,1.16,Kirtankhola_Barishal
2006-09-29,5.18,28.72,26.04,1.42,92.5,0.99,0.44,Kirtankhola_Barishal
2006-09-30,3.85,28.83,25.66,1.76,89.45,0.99,1.44,Kirtankhola_Barishal
2006-10-01,1.77,29.26,25.96,0.94,83.55,0.98,2.0,Kirtankhola_Barishal
2006-10-02,0.45,31.31,26.02,0.93,82.09,0.98,4.96,Kirtankhola_Barishal
2006-10-03,1.55,31.03,26.07,1.43,86.6,0.97,3.18,Kirtankhola_Barishal
2006-10-04,4.96,29.94,25.92,1.55,88.22,0.97,1.72,Kirtankhola_Barishal
2006-10-05,3.65,29.41,25.93,1.43,90.09,0.97,1.4,Kirtankhola_Barishal
2006-10-06,8.72,30.95,25.51,1.49,80.4,0.98,4.12,Kirtankhola_Barishal
2006-10-07,1.03,31.01,24.75,0.95,77.61,0.97,5.47,Kirtankhola_Barishal
2006-10-08,0.0,31.21,24.37,1.47,82.3,0.96,4.96,Kirtankhola_Barishal
2006-10-09,0.74,31.17,25.42,1.71,83.33,0.95,4.03,Kirtankhola_Barishal
2006-10-10,2.23,30.97,24.79,1.59,82.13,0.95,4.73,Kirtankhola_Barishal
2006-10-11,0.36,31.61,25.47,1.1,78.86,0.94,7.04,Kirtankhola_Barishal
2006-10-12,1.2,31.92,25.14,1.36,83.31,0.93,6.71,Kirtankhola_Barishal
2006-10-13,5.74,30.11,25.57,1.95,86.28,0.93,3.94,Kirtankhola_Barishal
2006-10-14,3.29,28.9,25.94,1.44,84.73,0.93,2.25,Kirtankhola_Barishal
2006-10-15,0.77,29.53,25.91,0.89,79.4,0.92,3.42,Kirtankhola_Barishal
2006-10-16,0.2,29.76,25.3,1.07,78.57,0.92,4.05,Kirtankhola_Barishal
2006-10-17,0.54,29.43,25.28,1.5,82.66,0.91,2.57,Kirtankhola_Barishal
2006-10-18,0.64,27.92,24.02,1.81,86.38,0.91,1.53,Kirtankhola_Barishal
2006-10-19,0.32,27.47,23.54,1.29,83.88,0.91,1.59,Kirtankhola_Barishal
2006-10-20,1.81,27.8,23.78,1.73,84.82,0.91,1.71,Kirtankhola_Barishal
2006-10-21,0.06,29.2,22.16,1.58,80.77,0.9,5.37,Kirtankhola_Barishal
2006-10-22,0.0,29.12,22.32,2.01,83.12,0.89,5.3,Kirtankhola_Barishal
2006-10-23,0.0,29.45,21.84,2.3,83.05,0.88,5.47,Kirtankhola_Barishal
2006-10-24,0.0,28.86,21.35,2.32,83.43,0.88,5.43,Kirtankhola_Barishal
2006-10-25,0.0,28.93,21.14,2.66,85.24,0.87,4.71,Kirtankhola_Barishal
2006-10-26,0.0,29.69,21.45,2.22,83.63,0.86,5.6,Kirtankhola_Barishal
2006-10-27,0.03,29.7,21.86,2.09,82.54,0.85,5.62,Kirtankhola_Barishal
2006-10-28,0.06,27.72,22.55,2.01,86.57,0.85,2.66,Kirtankhola_Barishal
2006-10-29,0.0,29.25,21.8,2.27,82.85,0.84,5.19,Kirtankhola_Barishal
2006-10-30,0.03,28.04,20.66,2.48,82.94,0.83,3.94,Kirtankhola_Barishal
2006-10-31,0.16,29.01,21.74,2.46,81.84,0.83,4.76,Kirtankhola_Barishal
2006-11-01,0.22,28.47,21.19,1.99,84.0,0.82,3.87,Kirtankhola_Barishal
2006-11-02,0.07,29.62,21.69,2.27,83.25,0.82,5.59,Kirtankhola_Barishal
2006-11-03,0.0,29.59,21.61,2.09,83.51,0.81,5.45,Kirtankhola_Barishal
2006-11-04,0.0,29.58,21.37,2.11,81.22,0.8,5.77,Kirtankhola_Barishal
2006-11-05,0.0,28.48,20.91,2.4,84.09,0.79,5.0,Kirtankhola_Barishal
2006-11-06,0.01,28.03,21.69,2.98,84.73,0.79,4.53,Kirtankhola_Barishal
2006-11-07,0.01,26.21,21.71,2.83,88.41,0.78,2.22,Kirtankhola_Barishal
2006-11-08,1.96,26.98,20.73,1.29,83.56,0.78,2.68,Kirtankhola_Barishal
2006-11-09,2.79,26.13,22.32,1.44,84.34,0.78,1.48,Kirtankhola_Barishal
2006-11-10,0.85,26.72,21.76,2.15,88.05,0.78,2.43,Kirtankhola_Barishal
2006-11-11,0.03,27.38,21.8,2.38,86.53,0.78,3.82,Kirtankhola_Barishal
2006-11-12,0.0,26.27,21.04,2.57,86.7,0.77,3.13,Kirtankhola_Barishal
2006-11-13,0.0,27.35,19.95,2.38,83.97,0.76,3.99,Kirtankhola_Barishal
2006-11-14,0.0,27.71,20.31,1.73,81.17,0.76,4.12,Kirtankhola_Barishal
2006-11-15,0.0,27.81,19.36,2.27,80.68,0.75,5.1,Kirtankhola_Barishal
2006-11-16,0.0,27.35,19.5,1.94,78.09,0.74,4.83,Kirtankhola_Barishal
2006-11-17,0.0,26.63,18.3,2.2,81.05,0.74,4.77,Kirtankhola_Barishal
2006-11-18,0.0,26.95,18.15,2.3,77.76,0.73,4.9,Kirtankhola_Barishal
2006-11-19,0.0,26.62,17.63,1.71,73.4,0.72,4.32,Kirtankhola_Barishal
2006-11-20,0.0,27.76,18.91,1.05,72.48,0.72,4.27,Kirtankhola_Barishal
2006-11-21,0.0,26.85,17.58,1.77,76.01,0.71,4.45,Kirtankhola_Barishal
2006-11-22,0.0,26.26,17.49,1.47,70.01,0.71,4.58,Kirtankhola_Barishal
2006-11-23,0.0,26.56,18.62,0.92,67.5,0.7,4.81,Kirtankhola_Barishal
2006-11-24,0.0,27.73,20.94,0.62,63.84,0.7,5.39,Kirtankhola_Barishal
2006-11-25,0.0,27.35,17.86,1.31,71.01,0.69,4.27,Kirtankhola_Barishal
2006-11-26,0.13,26.85,18.18,1.41,70.97,0.69,3.82,Kirtankhola_Barishal
2006-11-27,0.0,26.06,18.28,1.96,73.27,0.68,3.92,Kirtankhola_Barishal
2006-11-28,0.0,24.45,15.31,2.11,70.86,0.68,3.62,Kirtankhola_Barishal
2006-11-29,0.0,23.75,14.49,2.28,75.14,0.67,3.37,Kirtankhola_Barishal
2006-11-30,0.0,23.6,14.23,2.38,78.24,0.67,3.14,Kirtankhola_Barishal
2006-12-01,0.0,23.38,14.12,2.63,80.05,0.66,2.87,Kirtankhola_Barishal
2006-12-02,0.0,23.44,13.66,2.72,76.45,0.66,3.13,Kirtankhola_Barishal
2006-12-03,0.0,23.3,12.59,2.62,74.79,0.65,2.77,Kirtankhola_Barishal
2006-12-04,0.0,23.96,13.35,1.96,77.96,0.65,2.79,Kirtankhola_Barishal
2006-12-05,0.0,24.23,14.26,1.63,79.15,0.65,2.53,Kirtankhola_Barishal
2006-12-06,0.0,24.99,14.57,1.49,76.77,0.64,3.09,Kirtankhola_Barishal
2006-12-07,0.0,25.13,15.43,1.74,74.15,0.64,3.16,Kirtankhola_Barishal
2006-12-08,0.0,25.85,15.67,1.33,73.07,0.63,3.17,Kirtankhola_Barishal
2006-12-09,0.0,25.9,16.81,1.45,74.67,0.63,3.0,Kirtankhola_Barishal
2006-12-10,0.0,25.29,16.39,1.64,78.08,0.62,2.55,Kirtankhola_Barishal
2006-12-11,0.0,25.43,16.32,1.28,73.99,0.62,2.72,Kirtankhola_Barishal
2006-12-12,0.0,25.93,17.51,0.91,75.89,0.62,2.79,Kirtankhola_Barishal
2006-12-13,0.0,23.87,15.8,3.03,81.55,0.61,2.43,Kirtankhola_Barishal
2006-12-14,0.0,22.57,12.82,2.65,73.89,0.61,2.54,Kirtankhola_Barishal
2006-12-15,0.0,23.21,13.0,2.4,82.13,0.6,2.31,Kirtankhola_Barishal
2006-12-16,0.0,24.54,14.22,1.36,80.36,0.6,2.55,Kirtankhola_Barishal
2006-12-17,0.0,25.3,15.1,1.4,80.49,0.6,2.95,Kirtankhola_Barishal
2006-12-18,0.01,24.97,16.37,1.43,81.26,0.59,2.92,Kirtankhola_Barishal
2006-12-19,0.0,25.51,17.79,0.91,72.8,0.59,2.99,Kirtankhola_Barishal
2006-12-20,0.0,26.16,16.87,1.23,74.2,0.59,3.04,Kirtankhola_Barishal
2006-12-21,0.0,26.06,17.27,1.08,77.7,0.58,2.96,Kirtankhola_Barishal
2006-12-22,0.0,26.05,17.66,0.81,73.12,0.58,3.18,Kirtankhola_Barishal
2006-12-23,0.0,25.25,16.57,1.59,75.31,0.57,2.37,Kirtankhola_Barishal
2006-12-24,0.0,25.03,15.22,3.01,76.71,0.57,2.63,Kirtankhola_Barishal
2006-12-25,0.0,23.84,13.09,2.49,71.55,0.57,2.19,Kirtankhola_Barishal
2006-12-26,0.0,24.02,12.65,1.49,63.73,0.56,1.98,Kirtankhola_Barishal
2006-12-27,0.0,24.67,14.45,0.96,59.89,0.56,2.05,Kirtankhola_Barishal
2006-12-28,0.0,24.72,15.14,1.55,70.23,0.56,1.97,Kirtankhola_Barishal
2006-12-29,0.0,24.45,13.89,2.27,71.03,0.55,1.99,Kirtankhola_Barishal
2006-12-30,0.0,23.1,13.45,2.13,79.33,0.55,1.47,Kirtankhola_Barishal
2006-12-31,0.0,22.91,12.88,2.09,77.21,0.55,1.44,Kirtankhola_Barishal
2007-01-01,0.0,23.56,12.39,1.77,66.91,0.54,1.9,Kirtankhola_Barishal
2007-01-02,0.0,23.41,13.29,1.94,66.16,0.54,1.74,Kirtankhola_Barishal
2007-01-03,0.0,22.49,11.61,2.55,69.05,0.54,1.63,Kirtankhola_Barishal
2007-01-04,0.0,20.95,10.63,2.43,70.14,0.54,1.21,Kirtankhola_Barishal
2007-01-05,0.0,22.19,10.81,2.18,73.13,0.53,1.22,Kirtankhola_Barishal
2007-01-06,0.0,23.42,11.25,2.38,77.36,0.53,1.12,Kirtankhola_Barishal
2007-01-07,0.0,23.82,11.39,2.64,74.7,0.53,1.65,Kirtankhola_Barishal
2007-01-08,0.0,23.13,11.59,2.73,73.45,0.53,1.44,Kirtankhola_Barishal
2007-01-09,0.0,23.44,11.08,2.53,68.1,0.52,1.38,Kirtankhola_Barishal
2007-01-10,0.0,23.79,12.01,1.75,65.04,0.52,1.41,Kirtankhola_Barishal
2007-01-11,0.0,24.19,11.82,2.01,64.09,0.52,1.41,Kirtankhola_Barishal
2007-01-12,0.0,24.33,11.72,2.47,64.13,0.51,1.38,Kirtankhola_Barishal
2007-01-13,0.0,24.16,12.93,1.64,67.81,0.51,1.1,Kirtankhola_Barishal
2007-01-14,0.0,23.41,13.45,1.94,68.9,0.51,1.04,Kirtankhola_Barishal
2007-01-15,0.0,22.9,11.89,1.9,60.01,0.51,1.03,Kirtankhola_Barishal
2007-01-16,0.01,23.57,12.5,1.6,54.66,0.5,1.07,Kirtankhola_Barishal
2007-01-17,0.01,24.61,12.73,2.33,59.62,0.5,1.17,Kirtankhola_Barishal
2007-01-18,0.0,24.31,11.87,3.02,60.63,0.5,1.2,Kirtankhola_Barishal
2007-01-19,0.0,23.69,11.25,2.47,62.27,0.49,0.95,Kirtankhola_Barishal
2007-01-20,0.0,24.42,13.07,1.24,54.93,0.49,1.03,Kirtankhola_Barishal
2007-01-21,0.0,25.09,14.34,1.07,55.82,0.49,1.11,Kirtankhola_Barishal
2007-01-22,0.0,25.51,15.08,1.61,56.37,0.49,1.08,Kirtankhola_Barishal
2007-01-23,0.0,25.12,13.01,2.83,55.7,0.48,1.06,Kirtankhola_Barishal
2007-01-24,0.0,24.96,11.17,2.38,64.44,0.48,0.91,Kirtankhola_Barishal
2007-01-25,0.0,25.23,12.13,1.69,63.85,0.48,0.82,Kirtankhola_Barishal
2007-01-26,0.0,25.89,13.2,1.38,59.63,0.48,0.79,Kirtankhola_Barishal
2007-01-27,0.0,27.21,14.89,1.27,55.57,0.48,0.91,Kirtankhola_Barishal
2007-01-28,0.0,28.14,16.11,1.46,55.08,0.47,1.0,Kirtankhola_Barishal
2007-01-29,0.0,27.83,16.85,1.22,66.39,0.47,0.82,Kirtankhola_Barishal
2007-01-30,0.0,26.23,17.91,1.52,78.84,0.47,0.54,Kirtankhola_Barishal
2007-01-31,0.0,28.54,17.48,1.63,74.19,0.47,0.82,Kirtankhola_Barishal
2007-02-01,0.2,29.29,17.6,1.17,74.63,0.47,0.77,Kirtankhola_Barishal
2007-02-02,0.07,27.85,18.39,1.58,77.04,0.47,0.79,Kirtankhola_Barishal
2007-02-03,0.16,27.59,18.63,1.64,75.16,0.46,0.76,Kirtankhola_Barishal
2007-02-04,6.3,27.33,19.17,2.48,79.19,0.46,0.64,Kirtankhola_Barishal
2007-02-05,19.14,25.76,18.87,3.39,86.29,0.5,0.66,Kirtankhola_Barishal
2007-02-06,8.58,26.73,17.58,2.25,81.32,0.51,1.28,Kirtankhola_Barishal
2007-02-07,11.05,25.08,18.42,2.43,85.02,0.52,1.23,Kirtankhola_Barishal
2007-02-08,1.62,26.12,18.19,1.63,83.56,0.52,1.68,Kirtankhola_Barishal
2007-02-09,0.23,26.81,18.55,1.03,72.75,0.52,2.03,Kirtankhola_Barishal
2007-02-10,0.0,28.23,16.69,1.71,61.89,0.51,2.17,Kirtankhola_Barishal
2007-02-11,0.0,28.76,17.31,1.31,58.76,0.51,2.28,Kirtankhola_Barishal
2007-02-12,0.0,28.26,17.05,1.82,73.58,0.5,1.8,Kirtankhola_Barishal
2007-02-13,3.19,26.17,17.63,1.17,74.83,0.5,1.46,Kirtankhola_Barishal
2007-02-14,19.52,24.12,17.3,3.11,84.6,0.53,0.53,Kirtankhola_Barishal
2007-02-15,0.02,25.27,14.35,2.28,67.71,0.53,2.64,Kirtankhola_Barishal
2007-02-16,0.0,24.66,14.41,1.28,57.39,0.53,2.47,Kirtankhola_Barishal
2007-02-17,0.0,25.61,14.46,1.66,62.52,0.52,2.18,Kirtankhola_Barishal
2007-02-18,0.0,26.23,15.35,2.19,61.89,0.52,2.25,Kirtankhola_Barishal
2007-02-19,0.0,25.98,15.14,2.54,61.49,0.51,1.87,Kirtankhola_Barishal
2007-02-20,0.0,26.44,14.17,2.61,56.43,0.51,1.93,Kirtankhola_Barishal
2007-02-21,0.0,27.03,14.55,2.2,56.01,0.5,1.82,Kirtankhola_Barishal
2007-02-22,0.0,27.54,14.35,1.64,53.52,0.5,1.78,Kirtankhola_Barishal
2007-02-23,0.0,27.56,15.4,1.6,57.38,0.49,1.56,Kirtankhola_Barishal
2007-02-24,0.0,28.75,17.68,1.32,52.99,0.49,1.65,Kirtankhola_Barishal
2007-02-25,0.0,29.7,18.69,0.92,58.67,0.49,1.71,Kirtankhola_Barishal
2007-02-26,0.31,28.96,18.41,1.47,58.49,0.48,1.51,Kirtankhola_Barishal
2007-02-27,0.65,28.73,17.3,1.98,61.16,0.48,1.51,Kirtankhola_Barishal
2007-02-28,0.0,29.06,17.8,1.77,56.91,0.48,1.42,Kirtankhola_Barishal
2007-03-01,0.29,30.94,18.91,1.16,55.46,0.47,1.49,Kirtankhola_Barishal
2007-03-02,2.42,29.12,19.53,2.02,71.83,0.47,1.09,Kirtankhola_Barishal
2007-03-03,0.26,28.9,18.77,2.31,65.8,0.47,1.33,Kirtankhola_Barishal
2007-03-04,0.0,28.99,16.54,2.22,53.6,0.47,1.29,Kirtankhola_Barishal
2007-03-05,0.0,29.26,16.32,2.07,51.17,0.46,1.21,Kirtankhola_Barishal
2007-03-06,0.0,29.56,16.17,2.01,47.61,0.46,1.17,Kirtankhola_Barishal
2007-03-07,0.0,29.41,15.98,1.9,42.17,0.46,1.09,Kirtankhola_Barishal
2007-03-08,0.0,29.46,16.72,1.05,39.95,0.45,1.05,Kirtankhola_Barishal
2007-03-09,0.0,30.01,16.52,1.76,44.34,0.45,0.97,Kirtankhola_Barishal
2007-03-10,0.0,30.64,16.98,1.49,48.25,0.45,0.89,Kirtankhola_Barishal
2007-03-11,0.03,32.15,19.37,1.49,65.59,0.44,0.81,Kirtankhola_Barishal
2007-03-12,0.0,33.76,21.31,1.15,56.46,0.44,0.94,Kirtankhola_Barishal
2007-03-13,0.01,32.77,20.63,1.63,55.4,0.44,0.79,Kirtankhola_Barishal
2007-03-14,0.0,32.78,20.84,2.35,54.74,0.43,0.73,Kirtankhola_Barishal
2007-03-15,0.0,32.56,21.38,1.93,57.5,0.43,0.64,Kirtankhola_Barishal
2007-03-16,0.0,31.2,19.99,3.07,44.83,0.43,0.65,Kirtankhola_Barishal
2007-03-17,0.0,31.13,17.92,1.86,41.29,0.43,0.58,Kirtankhola_Barishal
2007-03-18,0.0,31.19,18.19,1.58,46.72,0.42,0.54,Kirtankhola_Barishal
2007-03-19,0.0,32.83,20.42,1.23,60.08,0.42,0.55,Kirtankhola_Barishal
2007-03-20,0.0,33.01,21.88,1.85,67.57,0.42,0.47,Kirtankhola_Barishal
2007-03-21,0.0,32.65,22.47,2.67,71.58,0.42,0.38,Kirtankhola_Barishal
2007-03-22,0.05,32.64,23.1,3.35,72.68,0.41,0.35,Kirtankhola_Barishal
2007-03-23,0.01,33.51,23.31,3.03,71.08,0.41,0.36,Kirtankhola_Barishal
2007-03-24,0.0,34.31,23.9,2.41,70.25,0.41,0.36,Kirtankhola_Barishal
2007-03-25,0.0,35.15,23.45,1.44,60.75,0.41,0.37,Kirtankhola_Barishal
2007-03-26,0.0,35.87,22.08,1.27,53.52,0.41,0.36,Kirtankhola_Barishal
2007-03-27,0.0,35.57,23.01,0.96,49.83,0.4,0.31,Kirtankhola_Barishal
2007-03-28,8.08,35.12,21.95,0.98,45.18,0.42,0.55,Kirtankhola_Barishal
2007-03-29,0.0,36.09,23.11,1.2,54.13,0.41,0.47,Kirtankhola_Barishal
2007-03-30,0.0,36.04,22.51,2.06,56.72,0.41,0.43,Kirtankhola_Barishal
2007-03-31,0.0,35.68,22.75,2.64,59.55,0.41,0.36,Kirtankhola_Barishal
2007-04-01,0.0,35.27,23.43,3.22,64.8,0.4,0.27,Kirtankhola_Barishal
2007-04-02,0.0,35.75,23.8,3.48,69.92,0.4,0.23,Kirtankhola_Barishal
2007-04-03,0.0,35.5,24.91,3.81,72.05,0.4,0.18,Kirtankhola_Barishal
2007-04-04,0.0,33.97,25.09,3.8,73.25,0.4,0.15,Kirtankhola_Barishal
2007-04-05,0.0,34.52,24.59,3.44,70.26,0.4,0.16,Kirtankhola_Barishal
2007-04-06,0.0,34.91,24.22,3.46,68.51,0.39,0.15,Kirtankhola_Barishal
2007-04-07,0.0,34.43,24.62,3.75,69.18,0.39,0.12,Kirtankhola_Barishal
2007-04-08,0.0,33.88,25.13,4.42,70.15,0.39,0.1,Kirtankhola_Barishal
2007-04-09,1.1,34.74,25.96,4.38,68.78,0.39,0.1,Kirtankhola_Barishal
2007-04-10,5.76,33.83,25.14,3.81,71.08,0.4,0.13,Kirtankhola_Barishal
2007-04-11,12.39,32.14,24.47,3.97,77.03,0.41,0.2,Kirtankhola_Barishal
2007-04-12,14.62,31.52,24.73,3.39,78.7,0.43,0.4,Kirtankhola_Barishal
2007-04-13,6.02,30.87,24.75,1.98,73.65,0.45,0.83,Kirtankhola_Barishal
2007-04-14,0.0,31.36,24.24,1.38,70.21,0.44,0.71,Kirtankhola_Barishal
2007-04-15,0.0,31.05,24.75,1.1,70.68,0.44,0.49,Kirtankhola_Barishal
2007-04-16,0.0,32.8,24.69,2.1,69.65,0.43,0.61,Kirtankhola_Barishal
2007-04-17,0.0,35.06,24.05,2.03,64.38,0.43,0.98,Kirtankhola_Barishal
2007-04-18,0.52,36.12,24.46,1.83,64.08,0.43,0.87,Kirtankhola_Barishal
2007-04-19,0.21,35.53,24.43,2.34,65.24,0.42,0.73,Kirtankhola_Barishal
2007-04-20,0.77,33.75,25.6,3.03,69.95,0.42,0.5,Kirtankhola_Barishal
2007-04-21,3.44,33.84,25.8,3.62,71.63,0.42,0.48,Kirtankhola_Barishal
2007-04-22,12.1,31.08,26.48,4.22,81.35,0.43,0.24,Kirtankhola_Barishal
2007-04-23,13.7,33.49,26.32,4.28,78.04,0.46,1.24,Kirtankhola_Barishal
2007-04-24,3.21,34.03,26.7,4.57,76.24,0.46,1.55,Kirtankhola_Barishal
2007-04-25,2.13,34.43,26.32,3.86,71.78,0.46,1.61,Kirtankhola_Barishal
2007-04-26,0.92,34.76,25.89,3.49,73.12,0.45,1.43,Kirtankhola_Barishal
2007-04-27,2.59,33.85,25.61,3.3,71.07,0.45,1.11,Kirtankhola_Barishal
2007-04-28,8.52,31.88,25.24,2.2,75.83,0.46,1.27,Kirtankhola_Barishal
2007-04-29,0.04,34.73,25.47,1.76,66.84,0.46,2.01,Kirtankhola_Barishal
2007-04-30,0.0,36.66,25.71,1.11,59.38,0.45,1.93,Kirtankhola_Barishal
2007-05-01,0.0,38.25,25.14,1.61,55.01,0.44,1.71,Kirtankhola_Barishal
2007-05-02,0.04,37.7,27.17,1.43,54.73,0.44,1.4,Kirtankhola_Barishal
2007-05-03,0.88,36.36,27.27,1.98,62.74,0.43,1.08,Kirtankhola_Barishal
2007-05-04,1.2,36.46,27.19,1.59,63.97,0.43,1.04,Kirtankhola_Barishal
2007-05-05,0.02,35.83,27.18,1.83,65.16,0.43,0.85,Kirtankhola_Barishal
2007-05-06,0.23,36.53,27.82,2.21,62.56,0.43,0.81,Kirtankhola_Barishal
2007-05-07,0.4,34.01,27.81,2.09,65.54,0.42,0.56,Kirtankhola_Barishal
2007-05-08,0.44,33.77,26.72,2.06,65.56,0.42,0.51,Kirtankhola_Barishal
2007-05-09,11.7,32.72,26.71,1.9,73.94,0.43,0.43,Kirtankhola_Barishal
2007-05-10,10.61,32.61,26.65,2.03,72.27,0.45,1.14,Kirtankhola_Barishal
2007-05-11,0.72,33.59,27.15,2.55,72.96,0.45,1.16,Kirtankhola_Barishal
2007-05-12,0.73,32.45,27.43,1.52,72.84,0.45,0.66,Kirtankhola_Barishal
2007-05-13,0.36,34.25,26.82,1.79,65.45,0.44,1.0,Kirtankhola_Barishal
2007-05-14,24.63,29.2,25.38,4.6,79.66,0.46,0.39,Kirtankhola_Barishal
2007-05-15,9.6,32.87,24.27,3.81,75.0,0.5,3.01,Kirtankhola_Barishal
2007-05-16,2.82,32.99,26.65,2.2,74.61,0.49,2.58,Kirtankhola_Barishal
2007-05-17,4.64,29.71,26.74,3.45,82.96,0.49,1.01,Kirtankhola_Barishal
2007-05-18,7.28,30.61,26.16,2.32,81.12,0.5,1.46,Kirtankhola_Barishal
2007-05-19,16.93,30.66,26.29,1.29,82.08,0.51,1.48,Kirtankhola_Barishal
2007-05-20,19.12,31.89,26.73,2.17,83.83,0.54,2.65,Kirtankhola_Barishal
2007-05-21,12.46,30.61,26.92,1.97,85.46,0.56,2.09,Kirtankhola_Barishal
2007-05-22,0.79,33.31,26.92,3.17,81.08,0.56,4.39,Kirtankhola_Barishal
2007-05-23,0.17,32.09,27.6,3.42,84.37,0.55,2.27,Kirtankhola_Barishal
2007-05-24,3.96,31.44,27.3,3.52,88.25,0.54,1.67,Kirtankhola_Barishal
2007-05-25,3.55,31.24,26.9,3.14,85.83,0.55,2.16,Kirtankhola_Barishal
2007-05-26,0.28,31.23,26.75,3.52,82.82,0.54,3.18,Kirtankhola_Barishal
2007-05-27,3.67,32.29,26.48,2.78,83.81,0.54,3.18,Kirtankhola_Barishal
2007-05-28,6.05,31.8,27.27,2.04,84.64,0.55,2.18,Kirtankhola_Barishal
2007-05-29,0.0,32.75,26.45,1.47,81.1,0.55,2.78,Kirtankhola_Barishal
2007-05-30,0.0,32.78,27.16,1.84,82.09,0.54,2.98,Kirtankhola_Barishal
2007-05-31,0.0,33.81,27.49,2.63,77.6,0.53,4.05,Kirtankhola_Barishal
2007-06-01,0.13,32.06,27.7,2.95,82.03,0.53,2.15,Kirtankhola_Barishal
2007-06-02,0.65,32.12,27.86,3.17,81.7,0.53,2.22,Kirtankhola_Barishal
2007-06-03,8.55,32.01,27.8,3.18,84.49,0.53,1.66,Kirtankhola_Barishal
2007-06-04,11.21,32.54,27.14,1.86,82.91,0.55,3.4,Kirtankhola_Barishal
2007-06-05,5.58,31.07,27.57,2.5,83.64,0.55,1.8,Kirtankhola_Barishal
2007-06-06,1.19,31.31,27.19,3.04,83.47,0.55,2.3,Kirtankhola_Barishal
2007-06-07,16.76,31.27,27.3,3.3,82.61,0.55,2.38,Kirtankhola_Barishal
2007-06-08,63.64,31.08,27.33,4.48,86.37,0.65,2.6,Kirtankhola_Barishal
2007-06-09,7.71,31.1,27.8,4.64,86.89,0.66,2.64,Kirtankhola_Barishal
2007-06-10,37.4,29.4,27.55,4.37,91.29,0.69,0.67,Kirtankhola_Barishal
2007-06-11,53.45,30.11,27.57,3.44,92.82,0.76,0.53,Kirtankhola_Barishal
2007-06-12,69.64,30.4,27.05,2.4,89.52,0.83,1.26,Kirtankhola_Barishal
2007-06-13,25.62,29.03,26.43,3.15,90.94,0.88,0.62,Kirtankhola_Barishal
2007-06-14,2.95,31.22,26.07,4.05,86.19,0.87,3.07,Kirtankhola_Barishal
2007-06-15,44.44,29.42,26.99,4.3,92.79,0.89,0.47,Kirtankhola_Barishal
2007-06-16,33.67,29.7,27.06,3.94,91.17,0.94,0.76,Kirtankhola_Barishal
2007-06-17,32.01,29.78,27.28,3.33,91.23,0.96,0.78,Kirtankhola_Barishal
2007-06-18,19.16,29.44,26.87,2.83,92.49,0.97,0.52,Kirtankhola_Barishal
2007-06-19,1.36,30.38,26.74,1.81,90.04,0.96,1.07,Kirtankhola_Barishal
2007-06-20,2.22,31.31,26.62,1.28,85.62,0.96,1.68,Kirtankhola_Barishal
2007-06-21,1.52,31.39,27.12,2.74,87.99,0.95,1.7,Kirtankhola_Barishal
2007-06-22,5.04,30.12,27.44,3.39,90.23,0.95,0.82,Kirtankhola_Barishal
2007-06-23,8.06,30.2,26.91,3.18,89.57,0.95,0.99,Kirtankhola_Barishal
2007-06-24,9.09,29.79,26.73,2.25,88.85,0.96,0.93,Kirtankhola_Barishal
2007-06-25,4.69,30.3,26.95,2.12,88.86,0.96,1.12,Kirtankhola_Barishal
2007-06-26,0.91,30.95,26.83,2.59,88.31,0.95,1.72,Kirtankhola_Barishal
2007-06-27,1.67,30.8,27.27,3.32,89.25,0.94,1.26,Kirtankhola_Barishal
2007-06-28,15.57,30.37,27.9,6.39,88.99,0.94,1.23,Kirtankhola_Barishal
2007-06-29,17.99,29.71,27.99,6.25,89.22,0.96,0.78,Kirtankhola_Barishal
2007-06-30,24.25,29.61,27.22,4.08,91.15,0.97,0.55,Kirtankhola_Barishal
2007-07-01,42.98,30.29,26.75,3.66,91.97,0.98,0.68,Kirtankhola_Barishal
2007-07-02,26.43,29.08,27.17,3.53,93.44,0.99,0.28,Kirtankhola_Barishal
2007-07-03,11.23,28.91,27.03,3.74,93.64,0.99,0.29,Kirtankhola_Barishal
2007-07-04,29.67,29.19,26.95,5.51,93.97,0.99,0.23,Kirtankhola_Barishal
2007-07-05,57.01,30.96,27.03,4.06,90.88,1.0,0.67,Kirtankhola_Barishal
2007-07-06,21.14,29.65,26.98,5.1,91.09,1.0,0.71,Kirtankhola_Barishal
2007-07-07,20.21,28.8,26.39,4.84,92.2,1.0,0.39,Kirtankhola_Barishal
2007-07-08,15.02,30.06,26.09,4.21,89.49,1.0,0.93,Kirtankhola_Barishal
2007-07-09,7.43,31.18,26.13,2.39,88.5,0.99,1.38,Kirtankhola_Barishal
2007-07-10,5.58,30.33,26.62,2.49,90.27,0.99,0.8,Kirtankhola_Barishal
2007-07-11,0.33,30.57,26.54,2.26,88.52,0.98,1.44,Kirtankhola_Barishal
2007-07-12,0.14,32.13,26.82,1.61,86.07,0.98,2.37,Kirtankhola_Barishal
2007-07-13,0.45,31.0,27.8,2.82,91.09,0.97,1.21,Kirtankhola_Barishal
2007-07-14,1.17,30.93,27.48,3.49,91.2,0.96,1.29,Kirtankhola_Barishal
2007-07-15,18.83,29.95,27.54,5.3,92.56,0.96,0.68,Kirtankhola_Barishal
2007-07-16,32.6,30.24,27.29,5.24,91.05,0.99,0.92,Kirtankhola_Barishal
2007-07-17,24.48,30.38,27.42,4.15,92.82,0.99,0.51,Kirtankhola_Barishal
2007-07-18,35.56,30.13,26.87,4.17,91.46,1.0,0.53,Kirtankhola_Barishal
2007-07-19,71.91,29.89,27.53,4.64,93.83,1.0,0.2,Kirtankhola_Barishal
2007-07-20,48.17,28.8,26.59,4.73,93.58,1.0,0.12,Kirtankhola_Barishal
2007-07-21,46.97,28.81,26.66,4.76,92.28,1.0,0.22,Kirtankhola_Barishal
2007-07-22,17.92,28.27,26.13,4.99,92.2,1.0,0.29,Kirtankhola_Barishal
2007-07-23,14.91,29.6,25.84,3.48,90.85,1.0,0.56,Kirtankhola_Barishal
2007-07-24,15.48,29.28,25.96,3.97,90.87,1.0,0.66,Kirtankhola_Barishal
2007-07-25,13.3,29.39,26.28,4.61,90.63,1.0,0.73,Kirtankhola_Barishal
2007-07-26,30.35,29.0,26.21,3.91,92.02,1.0,0.46,Kirtankhola_Barishal
2007-07-27,38.71,27.87,25.99,4.06,93.27,1.0,0.17,Kirtankhola_Barishal
2007-07-28,15.44,27.87,25.85,3.48,91.86,1.0,0.35,Kirtankhola_Barishal
2007-07-29,5.58,28.49,25.8,2.63,91.82,1.0,0.34,Kirtankhola_Barishal
2007-07-30,0.76,30.82,26.19,2.44,87.99,0.99,1.51,Kirtankhola_Barishal
2007-07-31,7.01,30.48,25.82,2.62,88.68,0.99,1.47,Kirtankhola_Barishal
2007-08-01,10.07,30.48,26.26,2.53,88.89,0.99,1.37,Kirtankhola_Barishal
2007-08-02,6.38,28.5,25.98,1.83,91.07,0.99,0.5,Kirtankhola_Barishal
2007-08-03,0.16,29.7,26.19,1.76,89.53,0.98,1.02,Kirtankhola_Barishal
2007-08-04,0.35,30.86,26.72,3.32,89.05,0.98,2.24,Kirtankhola_Barishal
2007-08-05,0.75,30.87,26.81,4.77,89.81,0.97,2.08,Kirtankhola_Barishal
2007-08-06,5.29,30.29,27.28,5.18,89.05,0.96,1.93,Kirtankhola_Barishal
2007-08-07,5.96,30.67,26.76,3.8,88.41,0.96,2.02,Kirtankhola_Barishal
2007-08-08,5.32,31.49,26.59,2.48,88.43,0.96,2.07,Kirtankhola_Barishal
2007-08-09,0.34,32.69,26.45,1.15,84.23,0.95,3.57,Kirtankhola_Barishal
2007-08-10,6.8,31.84,27.21,1.5,87.14,0.94,1.77,Kirtankhola_Barishal
2007-08-11,43.35,30.95,27.56,4.77,92.72,0.97,0.63,Kirtankhola_Barishal
2007-08-12,10.05,29.45,27.31,4.4,92.64,0.98,0.76,Kirtankhola_Barishal
2007-08-13,33.95,29.27,26.83,5.32,91.97,0.99,0.65,Kirtankhola_Barishal
2007-08-14,20.69,30.13,26.58,5.88,90.85,0.99,0.97,Kirtankhola_Barishal
2007-08-15,27.25,30.36,26.92,2.55,91.64,1.0,0.7,Kirtankhola_Barishal
2007-08-16,2.62,29.45,26.84,2.79,93.62,0.99,0.47,Kirtankhola_Barishal
2007-08-17,11.3,29.68,26.2,2.18,91.08,0.99,0.84,Kirtankhola_Barishal
2007-08-18,8.98,29.02,26.6,3.04,92.41,0.99,0.41,Kirtankhola_Barishal
2007-08-19,1.08,28.87,26.41,4.13,91.0,0.99,0.72,Kirtankhola_Barishal
2007-08-20,1.37,29.53,26.15,3.15,89.45,0.99,1.45,Kirtankhola_Barishal
2007-08-21,0.7,30.68,26.04,1.77,87.0,0.98,2.57,Kirtankhola_Barishal
2007-08-22,0.89,30.27,26.08,1.69,88.63,0.97,1.86,Kirtankhola_Barishal
2007-08-23,5.81,29.95,26.12,1.72,89.76,0.97,1.47,Kirtankhola_Barishal
2007-08-24,20.97,28.51,25.85,2.07,92.14,0.98,0.6,Kirtankhola_Barishal
2007-08-25,8.89,27.91,25.93,3.01,92.6,0.98,0.48,Kirtankhola_Barishal
2007-08-26,32.24,29.52,25.68,2.76,92.13,0.99,0.8,Kirtankhola_Barishal
2007-08-27,16.81,29.19,25.67,2.75,90.24,1.0,1.12,Kirtankhola_Barishal
2007-08-28,1.06,29.96,25.45,2.18,89.8,0.99,1.67,Kirtankhola_Barishal
2007-08-29,2.01,29.25,26.17,2.26,91.28,0.99,0.85,Kirtankhola_Barishal
2007-08-30,2.32,30.67,25.83,1.74,88.45,0.98,2.43,Kirtankhola_Barishal
2007-08-31,3.53,30.55,25.87,1.87,88.2,0.98,2.62,Kirtankhola_Barishal
2007-09-01,2.32,30.47,26.15,2.34,88.19,0.97,2.55,Kirtankhola_Barishal
2007-09-02,5.65,30.7,26.87,3.63,89.1,0.97,2.43,Kirtankhola_Barishal
2007-09-03,12.94,29.71,26.95,2.52,91.39,0.97,0.8,Kirtankhola_Barishal
2007-09-04,10.0,28.97,26.7,3.03,92.52,0.98,0.64,Kirtankhola_Barishal
2007-09-05,30.97,28.58,26.78,4.99,93.3,0.98,0.52,Kirtankhola_Barishal
2007-09-06,43.84,28.65,27.21,5.79,93.26,1.0,0.32,Kirtankhola_Barishal
2007-09-07,64.01,28.31,26.69,5.39,92.79,1.0,0.3,Kirtankhola_Barishal
2007-09-08,33.87,28.7,26.82,4.12,93.24,1.0,0.32,Kirtankhola_Barishal
2007-09-09,11.05,28.97,26.48,2.83,94.25,1.0,0.27,Kirtankhola_Barishal
2007-09-10,4.66,29.58,26.62,2.78,92.55,1.0,0.76,Kirtankhola_Barishal
2007-09-11,1.79,29.96,26.55,2.6,92.83,1.0,0.91,Kirtankhola_Barishal
2007-09-12,1.4,29.91,25.82,1.68,90.66,0.99,1.26,Kirtankhola_Barishal
2007-09-13,0.45,29.21,26.03,1.78,89.21,0.99,1.52,Kirtankhola_Barishal
2007-09-14,0.3,28.93,25.91,2.19,90.94,0.99,1.07,Kirtankhola_Barishal
2007-09-15,2.09,29.1,26.2,1.94,91.26,0.99,0.84,Kirtankhola_Barishal
2007-09-16,1.83,28.9,26.33,1.43,90.85,0.99,0.79,Kirtankhola_Barishal
2007-09-17,6.13,29.96,26.36,0.85,85.88,0.98,1.49,Kirtankhola_Barishal
2007-09-18,12.8,29.87,26.01,1.36,87.24,0.99,1.32,Kirtankhola_Barishal
2007-09-19,7.19,30.45,25.98,1.29,87.32,0.99,2.1,Kirtankhola_Barishal
2007-09-20,9.51,29.95,26.18,2.23,88.74,0.99,0.87,Kirtankhola_Barishal
2007-09-21,1.12,28.49,26.31,4.29,91.37,0.99,0.77,Kirtankhola_Barishal
2007-09-22,1.75,27.9,25.79,5.81,89.57,0.98,1.0,Kirtankhola_Barishal
2007-09-23,27.23,27.49,26.21,5.99,91.67,0.99,0.43,Kirtankhola_Barishal
2007-09-24,9.08,28.31,26.31,4.57,92.36,0.99,0.62,Kirtankhola_Barishal
2007-09-25,4.05,27.87,25.38,2.42,91.22,0.99,0.55,Kirtankhola_Barishal
2007-09-26,0.0,30.37,25.26,1.45,84.67,0.99,3.92,Kirtankhola_Barishal
2007-09-27,0.0,30.38,25.41,1.96,87.99,0.98,3.86,Kirtankhola_Barishal
2007-09-28,0.0,29.7,25.22,2.07,89.14,0.97,3.05,Kirtankhola_Barishal
2007-09-29,4.78,29.23,25.66,1.15,88.52,0.97,1.95,Kirtankhola_Barishal
2007-09-30,6.74,29.38,25.83,0.6,83.61,0.97,1.59,Kirtankhola_Barishal
2007-10-01,0.3,30.39,25.19,0.86,84.5,0.97,3.8,Kirtankhola_Barishal
2007-10-02,0.43,30.21,25.57,1.19,87.13,0.96,2.91,Kirtankhola_Barishal
2007-10-03,0.23,29.51,25.87,1.39,88.62,0.96,1.94,Kirtankhola_Barishal
2007-10-04,0.0,29.51,26.27,1.38,88.33,0.96,1.6,Kirtankhola_Barishal
2007-10-05,0.0,30.74,25.48,1.85,87.24,0.95,2.8,Kirtankhola_Barishal
2007-10-06,12.87,29.74,25.93,1.58,89.7,0.95,1.48,Kirtankhola_Barishal
2007-10-07,48.79,28.67,26.17,3.08,94.55,0.98,0.43,Kirtankhola_Barishal
2007-10-08,117.08,27.9,25.56,3.06,91.45,1.0,0.67,Kirtankhola_Barishal
2007-10-09,24.99,29.35,25.29,3.16,87.76,1.0,1.51,Kirtankhola_Barishal
2007-10-10,0.65,29.51,24.53,1.74,86.45,1.0,3.02,Kirtankhola_Barishal
2007-10-11,2.38,30.18,24.93,0.98,81.15,0.99,4.94,Kirtankhola_Barishal
2007-10-12,0.32,30.56,24.81,0.81,78.03,0.99,5.2,Kirtankhola_Barishal
2007-10-13,0.98,30.89,24.57,1.19,82.36,0.98,5.19,Kirtankhola_Barishal
2007-10-14,2.38,27.72,25.44,1.91,90.39,0.98,1.01,Kirtankhola_Barishal
2007-10-15,32.08,26.98,25.18,3.57,92.49,0.99,0.56,Kirtankhola_Barishal
2007-10-16,85.5,27.54,25.82,4.82,92.92,1.0,0.32,Kirtankhola_Barishal
2007-10-17,3.9,27.46,24.87,1.89,90.42,1.0,0.79,Kirtankhola_Barishal
2007-10-18,5.46,27.85,24.33,1.14,84.71,1.0,1.43,Kirtankhola_Barishal
2007-10-19,5.16,28.01,24.08,1.57,83.01,1.0,1.78,Kirtankhola_Barishal
2007-10-20,3.91,28.83,23.48,1.58,86.12,1.0,2.6,Kirtankhola_Barishal
2007-10-21,0.23,27.77,22.09,2.37,80.73,0.99,3.15,Kirtankhola_Barishal
2007-10-22,0.0,28.02,21.12,2.3,81.8,0.98,3.5,Kirtankhola_Barishal
2007-10-23,0.0,27.3,20.34,2.85,86.01,0.98,3.34,Kirtankhola_Barishal
2007-10-24,0.0,27.95,19.87,2.54,85.28,0.97,3.76,Kirtankhola_Barishal
2007-10-25,0.0,27.83,19.54,2.57,85.27,0.96,3.93,Kirtankhola_Barishal
2007-10-26,0.0,27.86,18.67,2.35,82.41,0.96,4.16,Kirtankhola_Barishal
2007-10-27,0.0,27.15,18.71,1.89,80.33,0.95,4.23,Kirtankhola_Barishal
2007-10-28,0.0,27.28,19.5,1.81,80.82,0.94,4.42,Kirtankhola_Barishal
2007-10-29,0.0,27.65,19.47,2.29,85.53,0.93,4.28,Kirtankhola_Barishal
2007-10-30,0.0,29.1,20.2,1.85,85.81,0.92,4.57,Kirtankhola_Barishal
2007-10-31,3.63,28.47,22.42,2.4,85.03,0.92,4.05,Kirtankhola_Barishal
2007-11-01,0.05,28.08,21.52,2.15,86.56,0.92,3.08,Kirtankhola_Barishal
2007-11-02,1.79,28.36,21.99,2.11,85.76,0.91,3.92,Kirtankhola_Barishal
2007-11-03,7.84,28.12,21.35,1.64,80.92,0.91,3.92,Kirtankhola_Barishal
2007-11-04,0.0,29.32,20.5,1.79,82.17,0.91,4.67,Kirtankhola_Barishal
2007-11-05,0.0,28.6,20.83,1.17,76.8,0.9,4.47,Kirtankhola_Barishal
2007-11-06,0.0,28.66,23.12,0.96,70.97,0.89,4.75,Kirtankhola_Barishal
2007-11-07,0.0,28.95,22.24,1.0,75.65,0.89,4.79,Kirtankhola_Barishal
2007-11-08,0.2,28.33,21.86,1.79,82.35,0.88,4.11,Kirtankhola_Barishal
2007-11-09,0.55,28.6,21.38,1.7,83.51,0.87,4.5,Kirtankhola_Barishal
2007-11-10,2.78,27.91,21.57,2.11,85.5,0.87,3.68,Kirtankhola_Barishal
2007-11-11,0.0,28.42,21.05,2.18,84.26,0.86,4.58,Kirtankhola_Barishal
2007-11-12,0.0,28.1,20.13,2.7,84.36,0.86,4.66,Kirtankhola_Barishal
2007-11-13,0.0,27.24,18.51,2.35,80.51,0.85,4.51,Kirtankhola_Barishal
2007-11-14,0.77,27.17,18.24,1.67,79.95,0.85,4.06,Kirtankhola_Barishal
2007-11-15,54.7,26.55,22.1,5.01,90.02,0.88,0.98,Kirtankhola_Barishal
2007-11-16,12.78,26.53,21.34,5.04,88.7,0.92,2.69,Kirtankhola_Barishal
2007-11-17,0.0,25.86,19.33,1.41,83.92,0.91,4.12,Kirtankhola_Barishal
2007-11-18,0.0,26.43,19.19,2.78,87.89,0.9,3.69,Kirtankhola_Barishal
2007-11-19,0.0,26.61,18.45,2.75,89.02,0.89,3.62,Kirtankhola_Barishal
2007-11-20,0.0,26.21,17.71,2.67,88.2,0.89,3.48,Kirtankhola_Barishal
2007-11-21,0.0,25.91,17.55,2.49,86.28,0.88,3.5,Kirtankhola_Barishal
2007-11-22,0.0,26.3,17.77,2.64,87.93,0.87,3.37,Kirtankhola_Barishal
2007-11-23,0.0,27.02,18.07,2.37,88.49,0.87,3.55,Kirtankhola_Barishal
2007-11-24,0.0,26.9,19.05,2.34,88.72,0.86,3.52,Kirtankhola_Barishal
2007-11-25,0.0,26.64,18.52,2.39,85.02,0.85,3.7,Kirtankhola_Barishal
2007-11-26,0.0,26.04,16.86,2.33,83.68,0.85,3.53,Kirtankhola_Barishal
2007-11-27,0.0,25.21,16.41,2.02,83.89,0.84,3.27,Kirtankhola_Barishal
2007-11-28,0.0,24.77,16.33,1.74,82.56,0.84,3.22,Kirtankhola_Barishal
2007-11-29,0.0,25.52,16.81,1.34,80.95,0.83,3.07,Kirtankhola_Barishal
2007-11-30,0.0,26.06,18.72,1.1,80.03,0.83,3.77,Kirtankhola_Barishal
2007-12-01,0.0,26.0,18.72,0.88,71.86,0.83,3.87,Kirtankhola_Barishal
2007-12-02,0.0,25.88,18.16,1.45,74.24,0.82,3.18,Kirtankhola_Barishal
2007-12-03,0.0,24.62,18.35,1.29,77.86,0.82,2.42,Kirtankhola_Barishal
2007-12-04,0.0,24.45,16.01,2.27,82.62,0.81,2.48,Kirtankhola_Barishal
2007-12-05,0.0,24.65,15.92,2.82,86.99,0.81,2.71,Kirtankhola_Barishal
2007-12-06,0.0,24.86,15.49,2.29,84.66,0.8,2.92,Kirtankhola_Barishal
2007-12-07,0.0,25.21,15.65,2.09,84.03,0.8,2.93,Kirtankhola_Barishal
2007-12-08,0.0,24.65,16.1,1.81,82.17,0.79,2.3,Kirtankhola_Barishal
2007-12-09,0.0,23.66,15.03,2.6,83.69,0.79,2.57,Kirtankhola_Barishal
2007-12-10,0.0,23.7,13.82,2.69,83.42,0.78,2.73,Kirtankhola_Barishal
2007-12-11,0.0,23.59,13.88,2.19,82.38,0.78,2.76,Kirtankhola_Barishal
2007-12-12,0.0,23.46,13.39,2.4,82.3,0.77,2.67,Kirtankhola_Barishal
2007-12-13,0.0,24.23,13.63,2.41,84.67,0.77,2.53,Kirtankhola_Barishal
2007-12-14,0.0,24.22,14.36,2.6,85.02,0.76,2.47,Kirtankhola_Barishal
2007-12-15,0.0,23.81,15.98,3.11,85.49,0.76,2.28,Kirtankhola_Barishal
2007-12-16,0.0,23.71,14.97,3.18,83.48,0.75,2.26,Kirtankhola_Barishal
2007-12-17,0.0,22.63,12.95,2.76,78.64,0.75,2.17,Kirtankhola_Barishal
2007-12-18,0.0,23.04,11.53,2.74,82.84,0.74,2.4,Kirtankhola_Barishal
2007-12-19,0.0,23.12,11.74,2.81,84.37,0.74,2.31,Kirtankhola_Barishal
2007-12-20,0.0,22.13,11.56,2.6,81.34,0.73,2.14,Kirtankhola_Barishal
2007-12-21,0.0,21.75,11.13,1.84,76.36,0.73,1.93,Kirtankhola_Barishal
2007-12-22,0.0,22.95,13.6,1.02,65.96,0.73,1.87,Kirtankhola_Barishal
2007-12-23,0.0,23.32,13.83,1.05,70.26,0.72,2.17,Kirtankhola_Barishal
2007-12-24,0.0,22.26,13.54,1.8,78.89,0.72,1.72,Kirtankhola_Barishal
2007-12-25,0.0,23.03,12.78,2.18,82.58,0.72,2.05,Kirtankhola_Barishal
2007-12-26,0.0,22.99,13.51,2.09,83.04,0.71,2.01,Kirtankhola_Barishal
2007-12-27,0.0,23.36,12.95,2.13,83.05,0.71,2.02,Kirtankhola_Barishal
2007-12-28,0.0,22.34,12.95,2.04,82.79,0.71,1.78,Kirtankhola_Barishal
2007-12-29,0.0,22.5,12.68,2.04,81.75,0.7,1.68,Kirtankhola_Barishal
2007-12-30,0.0,22.49,12.2,2.36,85.49,0.7,1.89,Kirtankhola_Barishal
2007-12-31,0.0,21.27,12.8,2.66,85.15,0.69,1.43,Kirtankhola_Barishal
2008-01-01,0.0,22.95,11.63,2.48,82.94,0.69,1.97,Kirtankhola_Barishal
2008-01-02,0.0,21.16,13.25,1.98,86.87,0.69,0.79,Kirtankhola_Barishal
2008-01-03,0.0,23.83,14.07,1.67,81.59,0.69,2.22,Kirtankhola_Barishal
2008-01-04,0.0,23.96,13.29,2.54,82.38,0.68,2.19,Kirtankhola_Barishal
2008-01-05,0.0,23.38,11.79,2.63,76.14,0.68,2.04,Kirtankhola_Barishal
2008-01-06,0.0,23.17,11.12,2.42,77.75,0.67,2.04,Kirtankhola_Barishal
2008-01-07,0.0,23.95,11.97,2.01,80.37,0.67,2.11,Kirtankhola_Barishal
2008-01-08,0.0,24.34,12.74,2.26,80.34,0.66,2.16,Kirtankhola_Barishal
2008-01-09,0.0,24.65,12.55,2.22,80.13,0.66,2.1,Kirtankhola_Barishal
2008-01-10,0.0,24.31,13.27,1.72,75.48,0.65,1.93,Kirtankhola_Barishal
2008-01-11,0.0,25.09,15.27,1.28,71.09,0.65,2.04,Kirtankhola_Barishal
2008-01-12,0.0,24.72,15.63,1.15,71.65,0.65,2.36,Kirtankhola_Barishal
2008-01-13,0.0,23.59,13.95,2.3,76.57,0.64,2.06,Kirtankhola_Barishal
2008-01-14,0.0,22.92,12.26,2.06,68.19,0.64,2.0,Kirtankhola_Barishal
2008-01-15,0.0,22.45,12.11,2.07,68.18,0.64,1.7,Kirtankhola_Barishal
2008-01-16,0.0,22.9,12.67,1.76,69.93,0.63,1.6,Kirtankhola_Barishal
2008-01-17,0.0,23.34,12.79,1.75,76.58,0.63,1.52,Kirtankhola_Barishal
2008-01-18,0.0,24.16,14.46,1.15,74.82,0.62,1.55,Kirtankhola_Barishal
2008-01-19,0.0,25.22,16.64,1.39,75.38,0.62,2.12,Kirtankhola_Barishal
2008-01-20,0.0,25.23,17.16,1.99,84.69,0.62,2.33,Kirtankhola_Barishal
2008-01-21,0.56,25.51,17.92,1.22,83.65,0.61,1.97,Kirtankhola_Barishal
2008-01-22,0.0,23.4,14.46,2.45,77.97,0.61,1.82,Kirtankhola_Barishal
2008-01-23,0.0,23.88,12.01,2.63,66.93,0.61,1.95,Kirtankhola_Barishal
2008-01-24,0.43,23.09,13.91,2.17,74.22,0.6,1.82,Kirtankhola_Barishal
2008-01-25,4.44,23.29,14.77,3.28,84.62,0.6,1.72,Kirtankhola_Barishal
2008-01-26,15.77,21.24,15.93,3.33,89.65,0.62,0.58,Kirtankhola_Barishal
2008-01-27,11.88,18.69,15.44,1.95,82.29,0.65,0.47,Kirtankhola_Barishal
2008-01-28,0.0,21.87,11.5,1.87,70.86,0.64,2.25,Kirtankhola_Barishal
2008-01-29,0.0,21.44,11.68,1.29,60.37,0.64,2.17,Kirtankhola_Barishal
2008-01-30,0.06,23.18,13.58,1.74,65.43,0.63,2.16,Kirtankhola_Barishal
2008-01-31,0.5,21.71,14.64,1.62,77.38,0.63,1.53,Kirtankhola_Barishal
2008-02-01,0.0,22.57,13.56,2.74,73.47,0.62,2.15,Kirtankhola_Barishal
2008-02-02,0.0,21.54,11.27,2.66,66.75,0.62,2.15,Kirtankhola_Barishal
2008-02-03,0.0,21.57,10.06,2.55,70.22,0.61,2.15,Kirtankhola_Barishal
2008-02-04,0.0,22.67,10.94,2.09,68.51,0.61,2.29,Kirtankhola_Barishal
2008-02-05,0.0,24.22,12.6,1.6,67.0,0.6,2.44,Kirtankhola_Barishal
2008-02-06,0.0,25.71,14.41,1.27,68.61,0.6,2.57,Kirtankhola_Barishal
2008-02-07,0.0,26.95,17.79,0.71,66.69,0.59,2.75,Kirtankhola_Barishal
2008-02-08,0.0,27.54,17.13,1.3,78.13,0.59,2.86,Kirtankhola_Barishal
2008-02-09,0.96,24.02,18.45,1.38,88.97,0.59,1.08,Kirtankhola_Barishal
2008-02-10,7.78,23.01,16.07,1.87,80.08,0.6,0.9,Kirtankhola_Barishal
2008-02-11,0.0,23.81,12.97,2.44,64.85,0.6,2.8,Kirtankhola_Barishal
2008-02-12,0.0,22.89,12.11,2.5,66.11,0.59,2.56,Kirtankhola_Barishal
2008-02-13,0.0,23.19,12.65,2.66,63.3,0.58,2.57,Kirtankhola_Barishal
2008-02-14,0.0,23.83,12.26,2.51,58.0,0.58,2.81,Kirtankhola_Barishal
2008-02-15,0.0,23.27,11.31,2.23,60.18,0.57,2.62,Kirtankhola_Barishal
2008-02-16,0.0,23.75,11.99,1.32,59.56,0.57,2.44,Kirtankhola_Barishal
2008-02-17,0.0,24.92,16.1,1.04,65.47,0.56,2.66,Kirtankhola_Barishal
2008-02-18,0.0,26.27,16.75,2.08,83.01,0.56,2.64,Kirtankhola_Barishal
2008-02-19,1.8,26.68,17.75,2.04,81.53,0.55,2.79,Kirtankhola_Barishal
2008-02-20,5.91,24.9,17.83,1.37,79.9,0.56,1.94,Kirtankhola_Barishal
2008-02-21,0.0,25.53,16.3,1.92,71.31,0.56,3.02,Kirtankhola_Barishal
2008-02-22,0.0,26.73,14.62,1.55,61.35,0.55,3.25,Kirtankhola_Barishal
2008-02-23,0.0,27.47,14.96,1.54,59.03,0.54,3.33,Kirtankhola_Barishal
2008-02-24,0.0,28.78,16.74,1.46,71.33,0.54,3.23,Kirtankhola_Barishal
2008-02-25,0.0,27.97,17.5,1.93,77.19,0.53,2.94,Kirtankhola_Barishal
2008-02-26,0.0,28.37,18.63,1.02,70.56,0.53,2.85,Kirtankhola_Barishal
2008-02-27,0.0,28.5,17.05,2.21,60.91,0.52,2.86,Kirtankhola_Barishal
2008-02-28,0.0,27.86,14.45,1.86,54.99,0.52,2.83,Kirtankhola_Barishal
2008-02-29,0.0,28.95,16.21,1.47,52.3,0.51,2.73,Kirtankhola_Barishal
2008-03-01,0.0,28.59,17.15,1.11,58.21,0.51,2.72,Kirtankhola_Barishal
2008-03-02,0.0,28.2,19.07,1.79,79.97,0.5,1.97,Kirtankhola_Barishal
2008-03-03,0.46,29.55,20.68,1.54,75.51,0.5,2.36,Kirtankhola_Barishal
2008-03-04,6.4,29.4,19.62,2.14,78.85,0.5,1.96,Kirtankhola_Barishal
2008-03-05,1.39,29.16,19.52,2.09,78.3,0.51,2.29,Kirtankhola_Barishal
2008-03-06,0.15,28.83,20.2,1.78,78.53,0.5,2.28,Kirtankhola_Barishal
2008-03-07,0.0,30.42,21.32,1.22,75.14,0.5,2.4,Kirtankhola_Barishal
2008-03-08,0.0,30.68,20.82,1.64,74.51,0.49,2.41,Kirtankhola_Barishal
2008-03-09,0.0,31.32,20.88,1.41,69.03,0.49,2.27,Kirtankhola_Barishal
2008-03-10,0.0,31.21,20.23,1.26,66.68,0.48,1.96,Kirtankhola_Barishal
2008-03-11,0.0,31.41,21.98,1.11,65.22,0.48,1.61,Kirtankhola_Barishal
2008-03-12,0.0,31.81,21.46,1.1,62.55,0.47,1.59,Kirtankhola_Barishal
2008-03-13,0.0,32.89,20.92,1.6,70.47,0.47,1.72,Kirtankhola_Barishal
2008-03-14,0.0,31.11,22.43,1.44,67.01,0.47,0.93,Kirtankhola_Barishal
2008-03-15,0.0,33.56,23.44,1.54,57.95,0.47,1.49,Kirtankhola_Barishal
2008-03-16,0.0,34.32,20.92,1.56,57.17,0.46,1.65,Kirtankhola_Barishal
2008-03-17,0.0,34.33,22.38,1.51,57.54,0.46,1.72,Kirtankhola_Barishal
2008-03-18,0.0,34.58,21.9,2.14,60.85,0.45,1.58,Kirtankhola_Barishal
2008-03-19,0.22,35.0,22.74,3.18,69.47,0.45,1.39,Kirtankhola_Barishal
2008-03-20,0.34,33.61,23.13,2.9,72.48,0.45,1.07,Kirtankhola_Barishal
2008-03-21,0.02,34.23,24.2,3.33,69.17,0.45,1.11,Kirtankhola_Barishal
2008-03-22,0.35,33.74,24.18,2.57,68.73,0.44,1.07,Kirtankhola_Barishal
2008-03-23,1.06,33.59,24.65,2.17,69.66,0.44,0.89,Kirtankhola_Barishal
2008-03-24,0.08,29.92,25.36,1.83,67.25,0.44,0.5,Kirtankhola_Barishal
2008-03-25,0.0,34.36,24.01,2.11,63.54,0.44,1.07,Kirtankhola_Barishal
2008-03-26,0.0,32.51,23.88,2.29,70.08,0.43,0.62,Kirtankhola_Barishal
2008-03-27,0.1,34.42,24.34,2.47,69.34,0.43,0.74,Kirtankhola_Barishal
2008-03-28,0.49,35.73,24.7,2.75,67.02,0.43,0.83,Kirtankhola_Barishal
2008-03-29,0.17,33.64,24.68,3.16,71.2,0.43,0.58,Kirtankhola_Barishal
2008-03-30,0.25,34.09,24.34,2.61,68.64,0.43,0.63,Kirtankhola_Barishal
2008-03-31,0.06,33.59,23.9,2.84,70.39,0.42,0.55,Kirtankhola_Barishal
2008-04-01,0.11,34.17,25.06,1.82,64.01,0.42,0.53,Kirtankhola_Barishal
2008-04-02,0.83,34.39,24.15,2.38,60.7,0.42,0.6,Kirtankhola_Barishal
2008-04-03,8.41,33.16,24.03,2.34,68.25,0.43,0.65,Kirtankhola_Barishal
2008-04-04,2.32,32.4,24.2,1.4,68.57,0.43,0.65,Kirtankhola_Barishal
2008-04-05,0.27,32.64,24.15,2.27,63.23,0.43,0.57,Kirtankhola_Barishal
2008-04-06,0.29,33.94,23.1,3.04,57.38,0.43,0.7,Kirtankhola_Barishal
2008-04-07,0.0,34.39,21.74,2.92,55.92,0.42,0.67,Kirtankhola_Barishal
2008-04-08,0.0,33.67,22.1,2.55,47.32,0.42,0.52,Kirtankhola_Barishal
2008-04-09,0.0,33.28,22.87,1.98,46.33,0.42,0.44,Kirtankhola_Barishal
2008-04-10,0.0,32.73,24.11,1.0,49.24,0.42,0.31,Kirtankhola_Barishal
2008-04-11,0.0,34.49,23.98,1.85,59.4,0.41,0.32,Kirtankhola_Barishal
2008-04-12,0.0,37.41,23.41,2.49,57.65,0.41,0.49,Kirtankhola_Barishal
2008-04-13,0.89,35.28,24.8,3.23,69.84,0.41,0.32,Kirtankhola_Barishal
2008-04-14,2.12,35.44,24.74,2.65,68.79,0.41,0.37,Kirtankhola_Barishal
2008-04-15,0.06,35.44,25.07,3.11,67.73,0.41,0.36,Kirtankhola_Barishal
2008-04-16,0.0,34.71,25.02,2.76,69.36,0.41,0.3,Kirtankhola_Barishal
2008-04-17,0.12,35.7,26.13,2.73,68.36,0.4,0.28,Kirtankhola_Barishal
2008-04-18,0.18,36.06,26.07,3.03,69.6,0.4,0.24,Kirtankhola_Barishal
2008-04-19,0.0,36.5,26.27,2.49,68.64,0.4,0.23,Kirtankhola_Barishal
2008-04-20,0.0,37.67,26.42,2.27,62.05,0.4,0.24,Kirtankhola_Barishal
2008-04-21,0.0,39.25,25.05,2.15,58.9,0.4,0.23,Kirtankhola_Barishal
2008-04-22,0.0,38.57,25.65,2.11,60.06,0.39,0.17,Kirtankhola_Barishal
2008-04-23,0.0,38.2,25.89,2.68,60.5,0.39,0.14,Kirtankhola_Barishal
2008-04-24,0.0,38.06,25.43,3.16,63.07,0.39,0.11,Kirtankhola_Barishal
2008-04-25,0.0,37.52,25.42,3.26,62.43,0.39,0.09,Kirtankhola_Barishal
2008-04-26,0.0,37.35,25.64,3.78,63.89,0.39,0.07,Kirtankhola_Barishal
2008-04-27,0.0,36.05,26.39,4.26,67.1,0.38,0.05,Kirtankhola_Barishal
2008-04-28,0.03,36.18,26.77,3.56,67.09,0.38,0.04,Kirtankhola_Barishal
2008-04-29,0.1,35.91,27.8,3.25,66.92,0.38,0.04,Kirtankhola_Barishal
2008-04-30,0.0,36.36,26.93,2.46,66.99,0.38,0.04,Kirtankhola_Barishal
2008-05-01,0.0,35.86,27.27,2.87,66.54,0.38,0.03,Kirtankhola_Barishal
2008-05-02,0.65,35.98,27.37,3.29,68.24,0.38,0.02,Kirtankhola_Barishal
2008-05-03,2.43,35.14,26.21,2.2,69.24,0.38,0.02,Kirtankhola_Barishal
2008-05-04,1.91,36.45,26.52,2.08,64.38,0.38,0.03,Kirtankhola_Barishal
2008-05-05,6.5,34.79,27.65,2.59,68.44,0.39,0.04,Kirtankhola_Barishal
2008-05-06,9.66,34.48,26.82,2.6,69.65,0.4,0.18,Kirtankhola_Barishal
2008-05-07,1.23,32.56,27.2,2.57,72.37,0.4,0.1,Kirtankhola_Barishal
2008-05-08,5.13,32.48,27.0,2.4,74.09,0.41,0.14,Kirtankhola_Barishal
2008-05-09,3.51,32.18,25.61,1.13,72.82,0.41,0.2,Kirtankhola_Barishal
2008-05-10,0.72,32.59,26.76,1.01,72.2,0.41,0.16,Kirtankhola_Barishal
2008-05-11,1.64,35.23,27.4,1.59,68.91,0.41,0.28,Kirtankhola_Barishal
2008-05-12,0.15,33.88,28.11,1.9,68.05,0.41,0.19,Kirtankhola_Barishal
2008-05-13,0.02,35.26,27.01,1.79,63.91,0.41,0.2,Kirtankhola_Barishal
2008-05-14,0.1,36.24,27.78,1.92,62.42,0.4,0.26,Kirtankhola_Barishal
2008-05-15,0.73,36.62,27.62,1.88,63.43,0.4,0.21,Kirtankhola_Barishal
2008-05-16,5.79,32.25,28.21,2.57,73.86,0.4,0.09,Kirtankhola_Barishal
2008-05-17,9.03,35.07,27.97,2.76,73.4,0.42,0.3,Kirtankhola_Barishal
2008-05-18,5.15,34.06,28.12,3.5,77.21,0.43,0.32,Kirtankhola_Barishal
2008-05-19,8.82,32.46,28.16,4.02,78.42,0.44,0.29,Kirtankhola_Barishal
2008-05-20,1.33,35.37,28.1,3.42,68.08,0.44,0.83,Kirtankhola_Barishal
2008-05-21,0.01,36.16,27.76,3.06,66.23,0.43,0.78,Kirtankhola_Barishal
2008-05-22,0.4,34.89,27.69,2.62,66.34,0.43,0.63,Kirtankhola_Barishal
2008-05-23,1.18,33.37,27.56,2.33,68.96,0.43,0.39,Kirtankhola_Barishal
2008-05-24,3.23,33.82,27.33,2.75,70.79,0.43,0.47,Kirtankhola_Barishal
2008-05-25,14.6,30.73,27.17,1.87,78.32,0.44,0.43,Kirtankhola_Barishal
2008-05-26,5.11,30.83,27.03,2.48,78.29,0.46,0.53,Kirtankhola_Barishal
2008-05-27,7.57,30.85,27.05,3.47,82.51,0.46,0.51,Kirtankhola_Barishal
2008-05-28,4.55,32.26,27.23,3.04,79.63,0.47,0.78,Kirtankhola_Barishal
2008-05-29,0.94,34.31,27.31,3.21,75.56,0.47,1.36,Kirtankhola_Barishal
2008-05-30,2.57,32.69,27.9,2.52,81.71,0.47,0.65,Kirtankhola_Barishal
2008-05-31,2.1,32.1,27.65,3.24,80.73,0.47,0.68,Kirtankhola_Barishal
2008-06-01,4.16,32.68,27.28,3.06,76.85,0.47,1.02,Kirtankhola_Barishal
2008-06-02,12.19,31.3,27.28,2.37,83.16,0.48,0.67,Kirtankhola_Barishal
2008-06-03,12.23,31.27,26.99,1.14,77.25,0.51,1.75,Kirtankhola_Barishal
2008-06-04,6.2,31.36,27.06,2.23,77.87,0.51,1.67,Kirtankhola_Barishal
2008-06-05,13.06,30.73,26.72,3.01,86.89,0.53,1.14,Kirtankhola_Barishal
2008-06-06,3.52,30.4,26.23,2.34,81.25,0.53,1.87,Kirtankhola_Barishal
2008-06-07,11.13,29.28,26.79,4.33,88.17,0.54,1.11,Kirtankhola_Barishal
2008-06-08,2.09,29.3,26.35,3.44,88.68,0.54,1.22,Kirtankhola_Barishal
2008-06-09,15.39,29.22,26.56,4.19,86.03,0.55,1.51,Kirtankhola_Barishal
2008-06-10,18.43,29.7,26.87,4.23,88.16,0.59,1.85,Kirtankhola_Barishal
2008-06-11,1.46,30.81,27.47,4.04,87.21,0.58,2.71,Kirtankhola_Barishal
2008-06-12,1.89,31.92,27.36,3.92,85.09,0.58,4.25,Kirtankhola_Barishal
2008-06-13,0.0,31.81,27.43,3.22,84.22,0.57,3.89,Kirtankhola_Barishal
2008-06-14,0.71,31.64,27.29,1.86,85.74,0.56,2.67,Kirtankhola_Barishal
2008-06-15,4.17,31.97,27.14,3.34,86.7,0.56,2.31,Kirtankhola_Barishal
2008-06-16,16.09,30.04,27.43,6.71,87.13,0.57,1.69,Kirtankhola_Barishal
2008-06-17,52.47,30.17,26.88,6.73,86.5,0.63,2.07,Kirtankhola_Barishal
2008-06-18,20.75,30.71,26.65,6.06,85.64,0.68,3.11,Kirtankhola_Barishal
2008-06-19,11.14,30.83,26.75,4.72,86.78,0.68,2.97,Kirtankhola_Barishal
2008-06-20,5.7,29.75,26.67,4.36,89.67,0.69,1.49,Kirtankhola_Barishal
2008-06-21,2.77,31.58,26.56,3.44,85.92,0.68,3.88,Kirtankhola_Barishal
2008-06-22,9.17,31.93,26.27,3.49,83.96,0.68,4.29,Kirtankhola_Barishal
2008-06-23,9.54,30.55,25.96,4.13,84.84,0.68,3.89,Kirtankhola_Barishal
2008-06-24,0.17,31.9,26.44,4.08,83.71,0.68,5.05,Kirtankhola_Barishal
2008-06-25,0.04,31.48,26.79,4.36,84.78,0.67,4.27,Kirtankhola_Barishal
2008-06-26,1.2,31.16,26.99,4.17,87.81,0.66,3.01,Kirtankhola_Barishal
2008-06-27,4.87,29.9,27.21,3.73,91.01,0.66,1.5,Kirtankhola_Barishal
2008-06-28,13.57,29.68,26.78,3.78,90.42,0.67,1.48,Kirtankhola_Barishal
2008-06-29,28.61,28.88,26.9,5.25,91.4,0.7,0.85,Kirtankhola_Barishal
2008-06-30,19.32,30.71,26.52,3.83,87.29,0.74,2.6,Kirtankhola_Barishal
2008-07-01,26.04,30.23,26.68,4.87,88.41,0.75,2.18,Kirtankhola_Barishal
2008-07-02,30.21,30.71,26.68,3.63,88.88,0.79,1.86,Kirtankhola_Barishal
2008-07-03,23.61,30.29,26.75,4.92,89.68,0.81,1.8,Kirtankhola_Barishal
2008-07-04,21.2,30.23,26.83,4.96,89.92,0.82,1.57,Kirtankhola_Barishal
2008-07-05,15.61,29.47,26.72,3.22,91.05,0.84,0.97,Kirtankhola_Barishal
2008-07-06,14.9,29.88,26.5,2.68,89.44,0.84,1.07,Kirtankhola_Barishal
2008-07-07,44.13,28.27,26.33,4.47,92.93,0.88,0.52,Kirtankhola_Barishal
2008-07-08,27.09,29.62,26.03,3.67,91.11,0.92,1.33,Kirtankhola_Barishal
2008-07-09,6.38,29.31,26.16,4.05,90.65,0.91,1.42,Kirtankhola_Barishal
2008-07-10,7.76,29.76,26.53,4.08,91.26,0.92,1.28,Kirtankhola_Barishal
2008-07-11,7.37,29.22,26.58,4.13,90.86,0.91,1.22,Kirtankhola_Barishal
2008-07-12,28.11,30.34,26.33,2.72,89.98,0.93,1.31,Kirtankhola_Barishal
2008-07-13,30.67,30.64,26.2,3.34,90.12,0.95,1.31,Kirtankhola_Barishal
2008-07-14,57.77,29.61,26.21,4.25,91.36,0.98,0.71,Kirtankhola_Barishal
2008-07-15,11.69,29.67,26.28,3.87,90.76,0.98,0.93,Kirtankhola_Barishal
2008-07-16,4.07,30.67,25.9,3.28,89.89,0.97,1.35,Kirtankhola_Barishal
2008-07-17,4.17,30.82,26.47,2.54,90.47,0.97,1.15,Kirtankhola_Barishal
2008-07-18,8.31,31.37,26.61,3.06,88.47,0.97,1.62,Kirtankhola_Barishal
2008-07-19,0.41,29.59,26.28,4.86,89.58,0.96,1.37,Kirtankhola_Barishal
2008-07-20,2.87,30.21,26.4,4.6,89.2,0.95,1.92,Kirtankhola_Barishal
2008-07-21,5.34,30.71,26.03,3.85,87.45,0.95,2.09,Kirtankhola_Barishal
2008-07-22,1.22,30.77,26.54,4.19,87.7,0.94,2.21,Kirtankhola_Barishal
2008-07-23,1.09,30.89,26.58,3.37,88.79,0.93,1.71,Kirtankhola_Barishal
2008-07-24,3.4,30.75,26.62,3.11,90.96,0.93,1.29,Kirtankhola_Barishal
2008-07-25,4.99,29.66,26.81,3.71,92.45,0.93,0.86,Kirtankhola_Barishal
2008-07-26,5.92,29.71,26.6,2.68,91.95,0.93,0.78,Kirtankhola_Barishal
2008-07-27,3.74,30.17,26.87,4.46,90.21,0.93,1.42,Kirtankhola_Barishal
2008-07-28,1.25,29.15,26.97,5.31,89.91,0.92,1.08,Kirtankhola_Barishal
2008-07-29,2.01,29.98,26.82,4.33,90.35,0.92,1.67,Kirtankhola_Barishal
2008-07-30,3.52,29.33,26.9,4.48,90.45,0.92,1.14,Kirtankhola_Barishal
2008-07-31,2.71,30.41,26.96,3.98,89.19,0.91,1.85,Kirtankhola_Barishal
2008-08-01,0.13,29.1,26.9,3.57,90.43,0.91,1.19,Kirtankhola_Barishal
2008-08-02,0.12,29.95,26.59,2.96,89.65,0.9,1.61,Kirtankhola_Barishal
2008-08-03,0.52,28.68,26.48,3.3,90.19,0.9,1.01,Kirtankhola_Barishal
2008-08-04,7.24,30.36,26.14,3.45,89.38,0.89,1.75,Kirtankhola_Barishal
2008-08-05,14.62,29.08,26.41,3.7,91.0,0.91,0.93,Kirtankhola_Barishal
2008-08-06,10.12,29.06,26.39,2.91,92.86,0.91,0.67,Kirtankhola_Barishal
2008-08-07,3.79,28.88,26.32,2.39,91.57,0.92,0.89,Kirtankhola_Barishal
2008-08-08,4.75,31.11,26.09,2.04,89.59,0.91,1.7,Kirtankhola_Barishal
2008-08-09,3.18,29.34,26.61,4.0,90.97,0.91,1.41,Kirtankhola_Barishal
2008-08-10,10.42,29.26,26.85,6.3,90.92,0.91,1.48,Kirtankhola_Barishal
2008-08-11,31.32,29.68,26.79,5.41,91.39,0.93,1.22,Kirtankhola_Barishal
2008-08-12,35.56,29.43,26.27,3.98,92.02,0.96,0.88,Kirtankhola_Barishal
2008-08-13,15.98,30.04,26.47,2.87,91.75,0.98,0.89,Kirtankhola_Barishal
2008-08-14,12.87,30.0,26.26,2.69,92.18,0.98,0.84,Kirtankhola_Barishal
2008-08-15,15.68,28.91,26.17,3.2,93.64,0.98,0.39,Kirtankhola_Barishal
2008-08-16,16.64,28.41,26.06,4.76,93.28,0.98,0.57,Kirtankhola_Barishal
2008-08-17,20.94,29.31,26.29,3.58,91.03,0.99,0.73,Kirtankhola_Barishal
2008-08-18,31.06,29.98,26.41,3.94,91.21,0.98,1.04,Kirtankhola_Barishal
2008-08-19,36.91,29.83,26.29,2.38,92.13,0.99,0.72,Kirtankhola_Barishal
2008-08-20,1.39,29.66,25.86,2.99,91.83,0.99,1.12,Kirtankhola_Barishal
2008-08-21,1.03,30.33,25.78,2.61,88.09,0.99,2.06,Kirtankhola_Barishal
2008-08-22,0.19,30.16,25.84,2.58,88.06,0.98,2.2,Kirtankhola_Barishal
2008-08-23,1.24,30.21,26.01,2.87,88.58,0.97,2.1,Kirtankhola_Barishal
2008-08-24,5.45,29.91,26.11,3.12,89.21,0.97,2.15,Kirtankhola_Barishal
2008-08-25,6.9,30.54,26.1,3.32,87.39,0.97,2.66,Kirtankhola_Barishal
2008-08-26,0.67,30.45,25.85,3.06,86.7,0.96,2.6,Kirtankhola_Barishal
2008-08-27,4.74,30.73,26.38,3.8,87.8,0.95,2.79,Kirtankhola_Barishal
2008-08-28,51.62,30.0,26.95,3.51,91.2,0.97,1.09,Kirtankhola_Barishal
2008-08-29,30.02,29.79,26.5,3.97,91.68,0.99,0.91,Kirtankhola_Barishal
2008-08-30,10.89,29.0,25.77,2.7,90.44,0.99,0.85,Kirtankhola_Barishal
2008-08-31,0.18,30.08,25.61,1.98,88.52,0.98,1.88,Kirtankhola_Barishal
2008-09-01,1.1,30.31,25.73,2.23,88.81,0.98,1.91,Kirtankhola_Barishal
2008-09-02,3.13,29.29,26.25,2.66,90.89,0.98,1.06,Kirtankhola_Barishal
2008-09-03,8.82,28.88,25.8,2.66,90.5,0.98,0.81,Kirtankhola_Barishal
2008-09-04,8.7,29.88,25.62,2.97,89.47,0.98,1.56,Kirtankhola_Barishal
2008-09-05,1.94,28.84,26.06,2.4,91.35,0.98,0.93,Kirtankhola_Barishal
2008-09-06,1.16,29.31,25.88,1.17,88.98,0.97,1.33,Kirtankhola_Barishal
2008-09-07,2.24,29.51,25.44,1.71,88.46,0.97,1.92,Kirtankhola_Barishal
2008-09-08,4.16,28.57,25.64,2.06,91.74,0.97,0.78,Kirtankhola_Barishal
2008-09-09,1.56,29.87,25.77,2.47,89.25,0.97,1.95,Kirtankhola_Barishal
2008-09-10,1.62,29.59,26.26,1.88,89.62,0.96,1.33,Kirtankhola_Barishal
2008-09-11,7.23,30.49,26.06,1.93,87.94,0.96,2.28,Kirtankhola_Barishal
2008-09-12,5.32,30.59,26.31,1.21,86.51,0.96,1.91,Kirtankhola_Barishal
2008-09-13,7.78,29.75,25.98,1.17,85.54,0.96,1.61,Kirtankhola_Barishal
2008-09-14,7.56,28.4,25.89,2.77,91.87,0.97,0.71,Kirtankhola_Barishal
2008-09-15,7.43,28.81,26.37,2.89,92.25,0.97,0.78,Kirtankhola_Barishal
2008-09-16,11.42,28.51,26.61,5.63,92.18,0.97,0.77,Kirtankhola_Barishal
2008-09-17,5.42,28.58,26.81,5.32,92.17,0.97,0.83,Kirtankhola_Barishal
2008-09-18,3.51,29.06,26.85,3.27,91.71,0.97,1.09,Kirtankhola_Barishal
2008-09-19,3.16,29.16,26.28,1.95,89.83,0.97,1.05,Kirtankhola_Barishal
2008-09-20,4.99,30.8,25.93,1.54,87.2,0.97,2.9,Kirtankhola_Barishal
2008-09-21,4.37,29.76,25.71,1.96,88.21,0.97,2.21,Kirtankhola_Barishal
2008-09-22,8.81,28.12,25.77,1.71,88.94,0.97,1.2,Kirtankhola_Barishal
2008-09-23,8.51,29.54,25.76,2.51,88.4,0.97,2.32,Kirtankhola_Barishal
2008-09-24,5.15,29.54,25.71,2.5,89.26,0.97,2.3,Kirtankhola_Barishal
2008-09-25,4.57,29.84,26.27,2.7,89.42,0.97,2.47,Kirtankhola_Barishal
2008-09-26,8.39,28.57,26.28,4.01,92.78,0.97,0.77,Kirtankhola_Barishal
2008-09-27,9.88,27.63,25.3,4.66,93.94,0.97,0.52,Kirtankhola_Barishal
2008-09-28,2.61,30.33,24.96,3.13,87.12,0.97,3.51,Kirtankhola_Barishal
2008-09-29,0.45,30.33,24.68,2.32,87.3,0.96,4.14,Kirtankhola_Barishal
2008-09-30,0.0,30.63,24.94,1.01,80.28,0.95,6.2,Kirtankhola_Barishal
2008-10-01,3.44,31.06,24.73,2.02,85.66,0.94,4.18,Kirtankhola_Barishal
2008-10-02,26.27,28.45,25.37,1.79,91.58,0.96,0.56,Kirtankhola_Barishal
2008-10-03,6.85,30.28,25.11,1.16,83.35,0.97,4.31,Kirtankhola_Barishal
2008-10-04,0.53,30.16,25.11,1.69,85.8,0.96,4.42,Kirtankhola_Barishal
2008-10-05,7.77,28.87,25.08,1.68,88.37,0.96,2.21,Kirtankhola_Barishal
2008-10-06,21.34,29.0,25.13,2.18,90.22,0.97,1.45,Kirtankhola_Barishal
2008-10-07,7.92,28.74,24.89,2.08,88.23,0.97,2.07,Kirtankhola_Barishal
2008-10-08,5.16,28.76,25.1,1.44,84.91,0.97,2.32,Kirtankhola_Barishal
2008-10-09,4.06,29.73,25.51,1.32,85.63,0.97,2.57,Kirtankhola_Barishal
2008-10-10,0.76,29.94,25.93,0.7,79.16,0.97,2.91,Kirtankhola_Barishal
2008-10-11,0.0,30.36,25.51,1.15,76.86,0.96,4.56,Kirtankhola_Barishal
2008-10-12,0.0,30.62,24.24,1.92,82.91,0.95,5.02,Kirtankhola_Barishal
2008-10-13,0.0,30.93,23.58,1.55,81.15,0.95,5.66,Kirtankhola_Barishal
2008-10-14,0.0,31.18,23.99,1.64,80.9,0.93,6.15,Kirtankhola_Barishal
2008-10-15,0.0,31.2,23.92,1.67,82.01,0.93,5.9,Kirtankhola_Barishal
2008-10-16,0.0,31.03,24.08,2.22,83.93,0.92,5.73,Kirtankhola_Barishal
2008-10-17,0.0,30.65,23.49,2.49,83.83,0.91,5.75,Kirtankhola_Barishal
2008-10-18,0.0,30.83,22.9,2.01,82.3,0.9,5.66,Kirtankhola_Barishal
2008-10-19,0.0,30.61,23.29,2.15,80.2,0.89,5.74,Kirtankhola_Barishal
2008-10-20,0.0,30.51,23.36,1.42,78.6,0.88,6.11,Kirtankhola_Barishal
2008-10-21,0.21,30.13,24.07,2.13,82.84,0.87,5.6,Kirtankhola_Barishal
2008-10-22,1.1,30.2,23.52,2.52,85.21,0.86,5.35,Kirtankhola_Barishal
2008-10-23,0.78,29.47,23.81,1.7,82.95,0.86,4.05,Kirtankhola_Barishal
2008-10-24,9.73,28.37,25.26,1.22,84.01,0.87,1.34,Kirtankhola_Barishal
2008-10-25,23.59,26.29,24.84,4.36,91.82,0.88,1.16,Kirtankhola_Barishal
2008-10-26,93.76,26.79,25.37,5.53,91.85,0.96,0.59,Kirtankhola_Barishal
2008-10-27,29.18,27.1,22.39,6.96,86.55,0.99,2.67,Kirtankhola_Barishal
2008-10-28,0.01,27.3,21.17,2.37,80.96,0.97,3.91,Kirtankhola_Barishal
2008-10-29,0.0,27.61,19.59,1.81,78.99,0.96,4.33,Kirtankhola_Barishal
2008-10-30,0.0,28.33,20.03,1.77,77.75,0.96,4.58,Kirtankhola_Barishal
2008-10-31,0.0,28.6,20.1,2.34,83.72,0.95,4.37,Kirtankhola_Barishal
2008-11-01,0.0,28.67,20.52,2.01,84.97,0.94,4.61,Kirtankhola_Barishal
2008-11-02,0.0,28.83,20.55,1.34,77.55,0.93,5.24,Kirtankhola_Barishal
2008-11-03,0.0,28.87,22.27,0.84,72.2,0.92,6.18,Kirtankhola_Barishal
2008-11-04,0.56,28.67,20.6,1.22,76.57,0.92,5.38,Kirtankhola_Barishal
2008-11-05,3.64,28.68,21.26,1.07,75.82,0.91,5.05,Kirtankhola_Barishal
2008-11-06,0.36,28.44,21.15,1.9,82.42,0.91,4.6,Kirtankhola_Barishal
2008-11-07,0.0,28.94,21.27,2.14,83.75,0.9,4.93,Kirtankhola_Barishal
2008-11-08,0.0,28.25,20.34,2.39,83.52,0.89,4.71,Kirtankhola_Barishal
2008-11-09,0.0,27.9,18.8,2.29,83.99,0.88,4.43,Kirtankhola_Barishal
2008-11-10,0.0,27.6,19.1,1.81,81.83,0.88,4.5,Kirtankhola_Barishal
2008-11-11,0.0,27.53,19.24,1.36,78.54,0.87,4.7,Kirtankhola_Barishal
2008-11-12,0.0,27.2,19.06,1.32,75.83,0.86,4.59,Kirtankhola_Barishal
2008-11-13,0.0,26.37,18.89,1.38,72.79,0.86,4.25,Kirtankhola_Barishal
2008-11-14,0.0,26.86,18.58,1.53,79.32,0.85,3.53,Kirtankhola_Barishal
2008-11-15,0.0,26.57,19.12,1.8,80.98,0.85,4.39,Kirtankhola_Barishal
2008-11-16,0.0,26.6,19.96,1.97,83.37,0.84,3.47,Kirtankhola_Barishal
2008-11-17,0.0,24.98,19.05,2.6,87.7,0.84,2.67,Kirtankhola_Barishal
2008-11-18,0.0,26.36,18.07,2.71,85.64,0.83,3.98,Kirtankhola_Barishal
2008-11-19,0.0,26.42,17.79,2.39,83.58,0.83,3.87,Kirtankhola_Barishal
2008-11-20,0.0,26.3,17.3,1.97,82.09,0.82,3.93,Kirtankhola_Barishal
2008-11-21,0.0,27.13,18.95,1.49,79.31,0.81,3.96,Kirtankhola_Barishal
2008-11-22,0.0,26.5,19.14,2.43,85.6,0.81,3.09,Kirtankhola_Barishal
2008-11-23,0.0,25.35,17.36,3.05,82.62,0.8,3.79,Kirtankhola_Barishal
2008-11-24,0.0,25.12,15.62,2.38,84.18,0.8,3.29,Kirtankhola_Barishal
2008-11-25,0.0,25.38,16.38,1.78,80.61,0.79,3.53,Kirtankhola_Barishal
2008-11-26,0.0,25.72,16.67,1.67,77.54,0.79,3.41,Kirtankhola_Barishal
2008-11-27,0.0,25.98,16.37,1.68,76.64,0.78,3.93,Kirtankhola_Barishal
2008-11-28,0.0,25.96,17.23,1.31,74.2,0.78,3.6,Kirtankhola_Barishal
2008-11-29,0.0,25.69,17.57,1.44,76.42,0.77,3.29,Kirtankhola_Barishal
2008-11-30,0.0,26.6,17.39,1.25,77.31,0.77,4.17,Kirtankhola_Barishal
2008-12-01,0.0,26.5,19.57,1.02,79.9,0.76,4.08,Kirtankhola_Barishal
2008-12-02,0.0,26.24,19.2,0.99,79.03,0.76,4.47,Kirtankhola_Barishal
2008-12-03,0.0,25.89,19.43,0.82,75.59,0.75,3.67,Kirtankhola_Barishal
2008-12-04,0.0,26.18,17.86,1.71,77.81,0.74,3.45,Kirtankhola_Barishal
2008-12-05,0.0,26.34,17.3,1.54,82.12,0.74,3.42,Kirtankhola_Barishal
2008-12-06,0.0,26.73,17.91,0.99,76.96,0.74,4.08,Kirtankhola_Barishal
2008-12-07,0.0,26.43,18.69,0.67,73.68,0.73,3.9,Kirtankhola_Barishal
2008-12-08,0.0,26.21,18.02,1.16,80.08,0.73,3.38,Kirtankhola_Barishal
2008-12-09,0.0,26.36,18.36,1.14,80.63,0.72,3.93,Kirtankhola_Barishal
2008-12-10,0.0,26.22,19.23,0.96,76.74,0.72,3.01,Kirtankhola_Barishal
2008-12-11,0.0,26.65,19.27,1.11,77.09,0.71,3.22,Kirtankhola_Barishal
2008-12-12,0.0,26.53,18.19,1.59,82.59,0.71,2.85,Kirtankhola_Barishal
2008-12-13,0.0,26.18,17.36,2.08,80.74,0.7,2.95,Kirtankhola_Barishal
2008-12-14,0.0,25.32,16.56,2.17,80.22,0.7,2.58,Kirtankhola_Barishal
2008-12-15,0.0,24.87,15.77,2.31,82.56,0.69,2.25,Kirtankhola_Barishal
2008-12-16,0.0,24.22,14.7,2.13,80.43,0.69,2.44,Kirtankhola_Barishal
2008-12-17,0.0,24.05,14.5,1.92,79.9,0.69,2.4,Kirtankhola_Barishal
2008-12-18,0.0,24.22,14.47,1.82,80.27,0.68,2.43,Kirtankhola_Barishal
2008-12-19,0.0,24.19,14.78,1.07,78.32,0.68,2.5,Kirtankhola_Barishal
2008-12-20,0.0,24.24,17.09,1.04,75.76,0.67,2.42,Kirtankhola_Barishal
2008-12-21,0.0,24.14,16.32,1.01,77.63,0.67,2.56,Kirtankhola_Barishal
2008-12-22,0.0,24.41,15.85,1.46,80.97,0.67,2.48,Kirtankhola_Barishal
2008-12-23,0.0,24.07,15.57,1.91,82.55,0.66,2.14,Kirtankhola_Barishal
2008-12-24,0.0,23.58,15.03,2.3,83.34,0.66,1.87,Kirtankhola_Barishal
2008-12-25,0.0,24.09,14.61,1.95,80.3,0.66,2.2,Kirtankhola_Barishal
2008-12-26,0.0,24.25,13.93,1.45,76.74,0.65,2.19,Kirtankhola_Barishal
2008-12-27,0.0,22.65,12.84,1.61,74.43,0.65,1.66,Kirtankhola_Barishal
2008-12-28,0.0,23.18,14.33,1.86,74.14,0.65,1.84,Kirtankhola_Barishal
2008-12-29,0.0,24.22,14.23,2.1,79.34,0.64,2.33,Kirtankhola_Barishal
2008-12-30,0.0,23.93,13.87,2.43,77.25,0.64,2.32,Kirtankhola_Barishal
2008-12-31,47.39,23.97,13.69,1.88,73.89,0.69,2.08,Kirtankhola_Barishal
2009-01-01,0.0,23.72,13.48,2.03,73.83,0.68,1.91,Kirtankhola_Barishal
2009-01-02,0.0,23.91,12.95,2.28,74.91,0.68,1.95,Kirtankhola_Barishal
2009-01-03,0.0,22.69,11.67,2.71,75.61,0.67,2.04,Kirtankhola_Barishal
2009-01-04,0.0,22.88,12.26,2.21,78.67,0.67,1.87,Kirtankhola_Barishal
2009-01-05,0.0,23.83,12.9,1.4,73.33,0.66,1.79,Kirtankhola_Barishal
2009-01-06,0.0,24.99,15.43,0.78,68.03,0.66,1.99,Kirtankhola_Barishal
2009-01-07,0.0,24.33,15.33,1.61,73.71,0.65,1.95,Kirtankhola_Barishal
2009-01-08,0.0,25.18,14.62,1.66,74.47,0.65,2.19,Kirtankhola_Barishal
2009-01-09,0.0,25.54,16.11,1.63,77.93,0.65,2.24,Kirtankhola_Barishal
2009-01-10,0.0,24.68,15.03,2.24,78.24,0.64,2.27,Kirtankhola_Barishal
2009-01-11,0.0,24.72,15.22,1.81,77.27,0.64,2.0,Kirtankhola_Barishal
2009-01-12,0.0,24.48,15.11,2.44,79.06,0.63,2.06,Kirtankhola_Barishal
2009-01-13,0.0,24.25,14.21,2.52,75.41,0.63,2.14,Kirtankhola_Barishal
2009-01-14,0.0,23.76,13.3,1.54,73.33,0.63,1.79,Kirtankhola_Barishal
2009-01-15,0.0,24.5,13.88,1.2,69.67,0.62,2.04,Kirtankhola_Barishal
2009-01-16,0.0,24.5,15.13,1.28,68.64,0.62,1.98,Kirtankhola_Barishal
2009-01-17,0.0,24.85,15.58,0.93,65.89,0.61,2.25,Kirtankhola_Barishal
2009-01-18,0.0,25.03,15.83,1.03,67.09,0.61,2.15,Kirtankhola_Barishal
2009-01-19,0.0,25.48,16.14,1.11,67.57,0.61,2.08,Kirtankhola_Barishal
2009-01-20,0.0,24.84,15.26,1.38,68.54,0.6,1.97,Kirtankhola_Barishal
2009-01-21,0.0,25.07,15.15,1.48,69.63,0.6,2.39,Kirtankhola_Barishal
2009-01-22,0.0,23.82,13.47,1.53,69.44,0.59,2.02,Kirtankhola_Barishal
2009-01-23,0.0,23.55,14.05,1.45,73.43,0.59,1.52,Kirtankhola_Barishal
2009-01-24,0.0,24.92,15.57,1.23,75.76,0.59,1.77,Kirtankhola_Barishal
2009-01-25,0.0,25.76,17.51,1.14,80.92,0.58,1.76,Kirtankhola_Barishal
2009-01-26,0.0,26.66,17.67,2.01,86.87,0.58,2.23,Kirtankhola_Barishal
2009-01-27,0.0,26.52,18.57,1.92,87.23,0.58,2.18,Kirtankhola_Barishal
2009-01-28,0.0,27.43,18.57,1.33,81.08,0.57,2.49,Kirtankhola_Barishal
2009-01-29,0.0,26.7,16.58,2.27,73.27,0.57,2.59,Kirtankhola_Barishal
2009-01-30,0.0,26.01,14.26,2.33,63.79,0.56,2.56,Kirtankhola_Barishal
2009-01-31,0.0,25.65,14.54,1.86,67.71,0.56,2.15,Kirtankhola_Barishal
2009-02-01,13.22,25.57,14.71,1.75,66.92,0.58,2.42,Kirtankhola_Barishal
2009-02-02,0.0,25.55,13.56,2.53,64.2,0.57,2.7,Kirtankhola_Barishal
2009-02-03,0.0,25.63,13.76,2.18,62.62,0.57,2.5,Kirtankhola_Barishal
2009-02-04,0.0,25.85,14.7,1.79,63.69,0.56,2.4,Kirtankhola_Barishal
2009-02-05,0.0,25.96,14.13,1.74,64.25,0.55,2.42,Kirtankhola_Barishal
2009-02-06,0.0,27.29,14.94,1.9,63.19,0.55,2.5,Kirtankhola_Barishal
2009-02-07,0.0,27.91,15.17,1.37,57.43,0.54,2.69,Kirtankhola_Barishal
2009-02-08,0.0,27.67,15.25,1.97,59.43,0.54,2.58,Kirtankhola_Barishal
2009-02-09,43.87,26.73,15.18,2.34,67.04,0.6,2.87,Kirtankhola_Barishal
2009-02-10,0.0,27.14,15.21,1.78,62.08,0.59,3.04,Kirtankhola_Barishal
2009-02-11,0.0,28.4,16.76,1.13,58.4,0.58,2.99,Kirtankhola_Barishal
2009-02-12,0.31,27.34,17.45,1.75,79.84,0.58,2.28,Kirtankhola_Barishal
2009-02-13,0.0,26.61,18.8,1.59,74.78,0.57,2.6,Kirtankhola_Barishal
2009-02-14,0.0,27.0,15.47,2.23,65.0,0.57,3.12,Kirtankhola_Barishal
2009-02-15,0.0,27.77,15.86,1.9,65.49,0.56,3.11,Kirtankhola_Barishal
2009-02-16,0.0,27.82,15.34,2.7,62.06,0.55,3.19,Kirtankhola_Barishal
2009-02-17,0.0,28.21,15.57,2.59,60.21,0.55,3.33,Kirtankhola_Barishal
2009-02-18,0.0,28.68,15.33,2.27,56.85,0.54,3.28,Kirtankhola_Barishal
2009-02-19,0.0,28.67,15.72,1.53,54.34,0.53,3.02,Kirtankhola_Barishal
2009-02-20,0.0,29.08,15.75,1.77,53.76,0.53,3.05,Kirtankhola_Barishal
2009-02-21,0.0,28.76,16.72,1.18,50.82,0.52,2.9,Kirtankhola_Barishal
2009-02-22,0.0,29.46,16.28,2.23,64.42,0.52,3.05,Kirtankhola_Barishal
2009-02-23,0.0,30.31,17.79,1.87,70.9,0.51,2.94,Kirtankhola_Barishal
2009-02-24,0.0,31.0,19.03,2.16,75.92,0.51,2.45,Kirtankhola_Barishal
2009-02-25,0.0,30.86,21.52,2.84,82.18,0.51,2.47,Kirtankhola_Barishal
2009-02-26,0.0,31.27,21.72,1.96,78.37,0.5,2.39,Kirtankhola_Barishal
2009-02-27,0.0,32.46,20.61,1.96,71.44,0.5,2.64,Kirtankhola_Barishal
2009-02-28,0.06,32.06,20.83,1.98,65.53,0.49,2.47,Kirtankhola_Barishal
2009-03-01,0.0,31.14,18.04,1.9,52.77,0.49,2.28,Kirtankhola_Barishal
2009-03-02,0.0,30.8,17.13,1.49,47.26,0.48,2.24,Kirtankhola_Barishal
2009-03-03,0.0,31.24,19.98,2.2,69.44,0.48,1.79,Kirtankhola_Barishal
2009-03-04,0.08,31.54,20.37,2.69,69.26,0.47,1.77,Kirtankhola_Barishal
2009-03-05,0.0,32.83,20.52,2.84,71.22,0.47,1.77,Kirtankhola_Barishal
2009-03-06,0.0,32.84,22.64,2.28,76.48,0.47,1.63,Kirtankhola_Barishal
2009-03-07,0.0,32.89,22.34,2.07,72.32,0.46,1.64,Kirtankhola_Barishal
2009-03-08,0.0,34.12,21.3,2.15,67.98,0.46,1.58,Kirtankhola_Barishal
2009-03-09,0.0,33.78,22.09,1.22,64.47,0.46,1.22,Kirtankhola_Barishal
2009-03-10,0.0,34.68,23.48,1.8,59.97,0.46,1.08,Kirtankhola_Barishal
2009-03-11,0.11,34.03,23.47,1.55,52.65,0.45,1.07,Kirtankhola_Barishal
2009-03-12,0.18,33.29,22.81,1.74,44.05,0.45,1.17,Kirtankhola_Barishal
2009-03-13,0.0,33.86,19.15,1.79,40.97,0.45,1.18,Kirtankhola_Barishal
2009-03-14,0.0,34.22,18.7,1.65,39.31,0.44,0.88,Kirtankhola_Barishal
2009-03-15,0.0,34.28,20.34,1.39,40.37,0.44,0.86,Kirtankhola_Barishal
2009-03-16,0.0,29.47,22.16,0.81,44.39,0.44,0.33,Kirtankhola_Barishal
2009-03-17,0.0,33.96,22.66,1.18,47.07,0.44,0.76,Kirtankhola_Barishal
2009-03-18,0.0,34.13,21.4,1.66,64.24,0.43,0.69,Kirtankhola_Barishal
2009-03-19,0.0,34.37,22.58,1.92,63.27,0.43,0.76,Kirtankhola_Barishal
2009-03-20,0.0,34.97,22.7,1.96,63.86,0.43,0.72,Kirtankhola_Barishal
2009-03-21,0.0,35.94,22.02,2.09,54.93,0.43,0.75,Kirtankhola_Barishal
2009-03-22,0.37,33.69,23.79,1.33,61.2,0.42,0.54,Kirtankhola_Barishal
2009-03-23,0.02,34.24,23.93,1.41,57.39,0.42,0.55,Kirtankhola_Barishal
2009-03-24,0.0,35.61,23.51,1.08,52.39,0.42,0.65,Kirtankhola_Barishal
2009-03-25,0.0,35.73,22.57,1.96,55.73,0.42,0.56,Kirtankhola_Barishal
2009-03-26,0.0,35.5,23.87,2.26,58.17,0.41,0.46,Kirtankhola_Barishal
2009-03-27,5.83,32.4,24.16,2.21,67.46,0.42,0.38,Kirtankhola_Barishal
2009-03-28,2.73,32.07,23.53,1.79,71.12,0.42,0.44,Kirtankhola_Barishal
2009-03-29,1.54,33.75,24.07,3.03,67.37,0.42,0.56,Kirtankhola_Barishal
2009-03-30,4.04,32.93,24.13,2.6,74.4,0.43,0.38,Kirtankhola_Barishal
2009-03-31,10.43,33.5,23.9,3.34,75.87,0.43,0.53,Kirtankhola_Barishal
2009-04-01,24.64,30.72,24.4,3.32,79.73,0.48,1.35,Kirtankhola_Barishal
2009-04-02,0.18,32.95,24.49,2.38,71.68,0.48,2.45,Kirtankhola_Barishal
2009-04-03,0.24,33.31,24.0,2.88,72.56,0.47,1.95,Kirtankhola_Barishal
2009-04-04,0.19,34.24,24.56,3.14,72.79,0.46,1.72,Kirtankhola_Barishal
2009-04-05,0.0,34.36,25.17,3.25,71.67,0.46,1.52,Kirtankhola_Barishal
2009-04-06,0.85,34.05,25.15,2.42,72.45,0.45,1.28,Kirtankhola_Barishal
2009-04-07,1.13,34.72,25.08,2.3,70.9,0.45,1.35,Kirtankhola_Barishal
2009-04-08,0.0,35.87,24.97,2.55,67.01,0.45,1.37,Kirtankhola_Barishal
2009-04-09,2.52,36.0,25.97,2.01,59.25,0.44,1.17,Kirtankhola_Barishal
2009-04-10,0.0,36.25,24.93,1.72,55.93,0.44,1.39,Kirtankhola_Barishal
2009-04-11,0.0,36.1,25.52,2.49,61.7,0.44,1.1,Kirtankhola_Barishal
2009-04-12,0.0,36.51,25.1,2.04,61.62,0.43,1.07,Kirtankhola_Barishal
2009-04-13,0.0,36.5,24.87,1.72,60.23,0.43,0.94,Kirtankhola_Barishal
2009-04-14,0.0,36.85,25.17,1.64,58.82,0.42,0.82,Kirtankhola_Barishal
2009-04-15,0.01,35.27,26.02,3.08,68.89,0.42,0.59,Kirtankhola_Barishal
2009-04-16,7.02,32.06,27.11,3.73,79.51,0.42,0.26,Kirtankhola_Barishal
2009-04-17,28.79,29.37,26.68,3.24,85.83,0.46,0.37,Kirtankhola_Barishal
2009-04-18,8.21,34.46,25.91,3.53,78.56,0.49,2.8,Kirtankhola_Barishal
2009-04-19,0.0,35.76,26.27,4.24,76.73,0.48,3.04,Kirtankhola_Barishal
2009-04-20,0.0,34.34,26.63,4.44,76.89,0.47,2.27,Kirtankhola_Barishal
2009-04-21,0.01,34.77,27.19,4.7,74.36,0.47,1.98,Kirtankhola_Barishal
2009-04-22,0.0,34.06,27.83,5.05,77.89,0.46,1.4,Kirtankhola_Barishal
2009-04-23,0.0,33.23,27.57,3.84,80.0,0.46,0.93,Kirtankhola_Barishal
2009-04-24,0.0,36.27,26.38,1.6,68.08,0.46,1.72,Kirtankhola_Barishal
2009-04-25,0.0,36.35,24.84,2.35,65.98,0.45,1.66,Kirtankhola_Barishal
2009-04-26,0.0,37.59,25.11,2.61,66.07,0.45,1.5,Kirtankhola_Barishal
2009-04-27,0.0,37.92,25.11,2.41,65.62,0.44,1.29,Kirtankhola_Barishal
2009-04-28,0.0,34.97,26.26,3.53,72.74,0.44,0.87,Kirtankhola_Barishal
2009-04-29,0.0,34.73,26.05,3.77,72.08,0.43,0.79,Kirtankhola_Barishal
2009-04-30,0.08,34.34,27.21,4.2,68.83,0.43,0.68,Kirtankhola_Barishal
2009-05-01,0.78,34.02,27.44,4.1,70.2,0.43,0.56,Kirtankhola_Barishal
2009-05-02,12.99,30.87,26.79,3.37,78.16,0.44,0.3,Kirtankhola_Barishal
2009-05-03,25.23,31.16,26.17,1.99,81.09,0.48,1.07,Kirtankhola_Barishal
2009-05-04,4.25,32.11,25.87,2.01,78.15,0.5,2.12,Kirtankhola_Barishal
2009-05-05,0.05,32.14,26.24,1.83,78.03,0.49,1.91,Kirtankhola_Barishal
2009-05-06,0.88,33.05,26.68,2.43,79.44,0.48,1.75,Kirtankhola_Barishal
2009-05-07,0.61,33.95,26.99,2.88,74.59,0.48,2.05,Kirtankhola_Barishal
2009-05-08,0.0,35.35,26.5,2.74,72.48,0.47,2.38,Kirtankhola_Barishal
2009-05-09,0.0,34.83,26.92,3.42,74.66,0.47,1.66,Kirtankhola_Barishal
2009-05-10,0.95,34.19,27.52,3.79,77.35,0.47,1.38,Kirtankhola_Barishal
2009-05-11,7.96,33.39,26.84,2.64,77.9,0.47,1.37,Kirtankhola_Barishal
2009-05-12,4.0,33.78,26.28,1.44,70.71,0.48,1.66,Kirtankhola_Barishal
2009-05-13,2.81,32.79,26.51,2.47,74.27,0.48,1.44,Kirtankhola_Barishal
2009-05-14,6.64,31.26,26.62,2.14,81.95,0.49,1.05,Kirtankhola_Barishal
2009-05-15,2.31,31.86,26.73,2.09,78.48,0.49,1.34,Kirtankhola_Barishal
2009-05-16,5.24,32.92,26.82,2.81,77.27,0.49,2.05,Kirtankhola_Barishal
2009-05-17,5.33,33.64,26.35,2.64,74.35,0.49,2.7,Kirtankhola_Barishal
2009-05-18,21.39,31.9,27.05,3.52,83.66,0.51,1.56,Kirtankhola_Barishal
2009-05-19,16.02,31.25,26.9,2.76,83.46,0.54,2.87,Kirtankhola_Barishal
2009-05-20,0.04,33.32,26.83,1.85,76.89,0.54,5.28,Kirtankhola_Barishal
2009-05-21,0.0,34.86,26.47,1.86,72.95,0.53,6.52,Kirtankhola_Barishal
2009-05-22,0.54,34.98,26.85,2.07,73.13,0.51,5.44,Kirtankhola_Barishal
2009-05-23,2.09,33.75,27.66,3.57,75.27,0.51,3.25,Kirtankhola_Barishal
2009-05-24,18.8,29.39,27.0,4.35,86.37,0.52,0.73,Kirtankhola_Barishal
2009-05-25,46.12,30.46,26.96,9.38,85.94,0.58,2.05,Kirtankhola_Barishal
2009-05-26,35.44,31.0,27.62,6.32,86.2,0.65,2.82,Kirtankhola_Barishal
2009-05-27,20.88,31.95,26.91,2.13,86.3,0.68,3.23,Kirtankhola_Barishal
2009-05-28,0.05,31.81,26.15,2.38,83.16,0.67,5.05,Kirtankhola_Barishal
2009-05-29,1.9,32.48,26.76,1.74,82.19,0.65,4.48,Kirtankhola_Barishal
2009-05-30,2.62,30.91,26.66,2.29,82.41,0.65,3.51,Kirtankhola_Barishal
2009-05-31,6.13,30.73,26.74,2.92,85.02,0.65,2.78,Kirtankhola_Barishal
2009-06-01,11.99,30.4,26.56,3.1,88.35,0.66,2.41,Kirtankhola_Barishal
2009-06-02,5.45,31.83,27.02,2.48,84.82,0.67,3.41,Kirtankhola_Barishal
2009-06-03,7.69,33.12,27.1,1.39,80.94,0.67,5.06,Kirtankhola_Barishal
2009-06-04,5.57,30.76,27.26,2.19,87.78,0.67,2.49,Kirtankhola_Barishal
2009-06-05,3.68,29.86,26.34,2.09,85.37,0.67,2.85,Kirtankhola_Barishal
2009-06-06,30.66,30.98,25.96,3.74,87.57,0.68,2.64,Kirtankhola_Barishal
2009-06-07,17.03,30.88,26.41,4.49,87.63,0.73,1.98,Kirtankhola_Barishal
2009-06-08,19.04,32.5,27.21,3.35,87.41,0.74,2.16,Kirtankhola_Barishal
2009-06-09,10.81,31.99,27.32,4.03,87.2,0.75,3.72,Kirtankhola_Barishal
2009-06-10,5.31,31.47,26.54,3.71,85.61,0.74,4.15,Kirtankhola_Barishal
2009-06-11,16.84,31.93,26.34,3.4,84.5,0.76,3.68,Kirtankhola_Barishal
2009-06-12,3.2,31.24,26.79,3.02,85.97,0.75,3.06,Kirtankhola_Barishal
2009-06-13,5.21,29.88,27.35,2.64,89.73,0.76,1.13,Kirtankhola_Barishal
2009-06-14,1.82,30.29,26.96,2.66,89.41,0.76,1.41,Kirtankhola_Barishal
2009-06-15,0.39,31.2,27.65,2.58,88.79,0.75,1.61,Kirtankhola_Barishal
2009-06-16,0.21,31.35,27.8,2.45,88.83,0.75,1.33,Kirtankhola_Barishal
2009-06-17,0.33,32.53,27.43,1.44,84.15,0.74,2.48,Kirtankhola_Barishal
2009-06-18,0.24,30.81,27.31,2.13,88.57,0.74,1.57,Kirtankhola_Barishal
2009-06-19,0.22,30.95,27.28,2.88,88.09,0.73,1.82,Kirtankhola_Barishal
2009-06-20,0.64,31.92,27.49,3.81,84.74,0.73,3.11,Kirtankhola_Barishal
2009-06-21,0.24,31.96,27.68,3.87,82.47,0.72,4.22,Kirtankhola_Barishal
2009-06-22,0.0,31.96,28.08,3.77,86.57,0.71,2.85,Kirtankhola_Barishal
2009-06-23,0.43,32.16,28.16,3.56,85.68,0.7,3.63,Kirtankhola_Barishal
2009-06-24,1.32,31.96,27.96,3.44,84.62,0.7,3.37,Kirtankhola_Barishal
2009-06-25,1.72,31.78,27.71,4.0,84.61,0.69,4.29,Kirtankhola_Barishal
2009-06-26,0.1,31.14,27.39,3.94,84.11,0.68,3.21,Kirtankhola_Barishal
2009-06-27,11.82,32.48,27.93,4.2,84.86,0.68,3.67,Kirtankhola_Barishal
2009-06-28,26.31,31.4,27.94,4.26,86.55,0.72,2.17,Kirtankhola_Barishal
2009-06-29,21.4,30.96,28.05,4.87,88.08,0.74,1.77,Kirtankhola_Barishal
2009-06-30,41.48,31.24,27.92,4.64,87.92,0.79,1.61,Kirtankhola_Barishal
2009-07-01,89.07,30.91,27.73,3.85,89.71,0.85,1.21,Kirtankhola_Barishal
2009-07-02,70.6,30.2,27.19,3.81,91.17,0.94,0.64,Kirtankhola_Barishal
2009-07-03,49.45,29.47,26.93,4.52,90.07,0.97,0.84,Kirtankhola_Barishal
2009-07-04,11.53,30.15,26.75,4.79,87.28,0.97,1.58,Kirtankhola_Barishal
2009-07-05,9.86,30.72,26.7,2.78,88.44,0.96,1.51,Kirtankhola_Barishal
2009-07-06,26.98,29.94,27.07,3.84,91.75,0.96,0.81,Kirtankhola_Barishal
2009-07-07,29.91,29.85,26.96,3.57,90.3,0.98,1.05,Kirtankhola_Barishal
2009-07-08,10.86,30.37,26.75,4.07,90.18,0.98,1.16,Kirtankhola_Barishal
2009-07-09,11.68,30.5,26.57,4.18,89.31,0.97,1.49,Kirtankhola_Barishal
2009-07-10,11.57,30.03,26.07,4.31,89.36,0.97,1.38,Kirtankhola_Barishal
2009-07-11,9.08,30.68,26.27,3.62,89.26,0.97,1.35,Kirtankhola_Barishal
2009-07-12,2.87,30.76,26.65,2.81,89.67,0.97,1.66,Kirtankhola_Barishal
2009-07-13,1.16,31.11,26.72,2.67,88.94,0.96,2.06,Kirtankhola_Barishal
2009-07-14,2.91,30.6,27.21,4.6,89.18,0.95,1.99,Kirtankhola_Barishal
2009-07-15,28.66,30.75,27.28,5.41,89.36,0.95,1.67,Kirtankhola_Barishal
2009-07-16,34.32,30.7,27.01,4.43,88.72,0.98,1.48,Kirtankhola_Barishal
2009-07-17,5.37,30.75,26.52,3.21,88.76,0.97,1.96,Kirtankhola_Barishal
2009-07-18,0.52,30.47,26.51,3.88,90.29,0.96,1.95,Kirtankhola_Barishal
2009-07-19,0.78,29.5,27.2,4.53,90.57,0.95,1.13,Kirtankhola_Barishal
2009-07-20,0.78,30.37,26.98,5.88,89.38,0.95,1.98,Kirtankhola_Barishal
2009-07-21,10.79,28.74,26.87,4.78,91.28,0.94,0.84,Kirtankhola_Barishal
2009-07-22,29.1,29.58,26.82,5.31,90.72,0.97,1.01,Kirtankhola_Barishal
2009-07-23,4.98,30.45,26.33,3.42,89.64,0.97,1.74,Kirtankhola_Barishal
2009-07-24,2.35,32.12,26.54,2.21,86.7,0.96,2.13,Kirtankhola_Barishal
2009-07-25,2.31,31.12,27.42,2.2,89.9,0.95,1.51,Kirtankhola_Barishal
2009-07-26,4.95,31.47,27.43,1.04,86.21,0.95,1.33,Kirtankhola_Barishal
2009-07-27,51.96,30.63,27.33,3.83,89.98,0.97,0.88,Kirtankhola_Barishal
2009-07-28,69.25,30.15,27.17,3.93,91.41,1.0,0.74,Kirtankhola_Barishal
2009-07-29,78.95,29.96,27.28,3.31,92.21,1.0,0.36,Kirtankhola_Barishal
2009-07-30,42.74,30.11,26.94,2.9,92.41,1.0,0.39,Kirtankhola_Barishal
2009-07-31,50.32,31.14,26.6,2.68,91.03,1.0,0.56,Kirtankhola_Barishal
2009-08-01,3.5,31.4,26.61,1.57,87.59,1.0,1.35,Kirtankhola_Barishal
2009-08-02,1.63,32.78,27.49,1.52,86.79,0.99,1.79,Kirtankhola_Barishal
2009-08-03,2.48,32.06,27.73,1.78,88.34,0.99,1.47,Kirtankhola_Barishal
2009-08-04,19.88,31.5,28.08,2.06,89.23,0.99,1.15,Kirtankhola_Barishal
2009-08-05,22.55,30.88,28.13,1.71,92.62,1.0,0.5,Kirtankhola_Barishal
2009-08-06,29.5,29.95,27.57,1.87,91.48,1.0,0.3,Kirtankhola_Barishal
2009-08-07,23.7,30.08,27.29,3.77,92.93,1.0,0.31,Kirtankhola_Barishal
2009-08-08,17.67,32.46,27.02,1.95,86.88,1.0,1.59,Kirtankhola_Barishal
2009-08-09,9.38,31.58,27.78,2.42,90.11,1.0,1.33,Kirtankhola_Barishal
2009-08-10,5.83,31.07,27.39,4.11,90.75,0.99,1.51,Kirtankhola_Barishal
2009-08-11,0.14,30.77,27.22,4.26,90.15,0.98,1.96,Kirtankhola_Barishal
2009-08-12,2.74,30.61,26.9,3.63,90.0,0.98,1.96,Kirtankhola_Barishal
2009-08-13,14.99,30.25,26.81,3.77,90.54,0.98,1.7,Kirtankhola_Barishal
2009-08-14,13.54,30.06,26.87,3.58,90.71,0.98,1.36,Kirtankhola_Barishal
2009-08-15,37.2,28.76,26.91,3.82,92.98,1.0,0.39,Kirtankhola_Barishal
2009-08-16,25.75,29.42,26.87,3.1,91.03,1.0,0.57,Kirtankhola_Barishal
2009-08-17,4.64,29.41,25.97,3.02,88.59,0.99,1.13,Kirtankhola_Barishal
2009-08-18,26.92,30.17,25.96,3.63,88.99,1.0,1.29,Kirtankhola_Barishal
2009-08-19,16.32,29.15,26.26,3.45,91.69,1.0,0.83,Kirtankhola_Barishal
2009-08-20,42.22,28.78,26.12,3.6,92.02,1.0,0.34,Kirtankhola_Barishal
2009-08-21,16.12,27.87,25.57,3.19,92.94,1.0,0.23,Kirtankhola_Barishal
2009-08-22,18.68,29.18,25.33,2.14,90.5,1.0,0.68,Kirtankhola_Barishal
2009-08-23,4.15,29.41,25.63,1.57,87.92,1.0,1.04,Kirtankhola_Barishal
2009-08-24,25.38,28.14,25.88,2.99,91.6,1.0,0.45,Kirtankhola_Barishal
2009-08-25,10.88,27.93,26.26,4.67,91.48,1.0,0.45,Kirtankhola_Barishal
2009-08-26,33.22,29.03,26.36,5.28,90.8,1.0,0.79,Kirtankhola_Barishal
2009-08-27,27.46,27.71,26.62,4.91,92.92,1.0,0.21,Kirtankhola_Barishal
2009-08-28,2.83,29.34,26.56,3.17,91.86,1.0,0.78,Kirtankhola_Barishal
2009-08-29,1.36,30.42,26.43,1.62,87.44,0.99,2.07,Kirtankhola_Barishal
2009-08-30,28.61,30.83,25.78,0.95,85.98,0.99,1.52,Kirtankhola_Barishal
2009-08-31,55.57,30.87,26.1,1.17,86.67,1.0,1.65,Kirtankhola_Barishal
2009-09-01,0.01,29.36,26.06,1.92,90.51,1.0,1.02,Kirtankhola_Barishal
2009-09-02,7.53,30.39,25.73,1.96,90.05,0.99,1.94,Kirtankhola_Barishal
2009-09-03,11.71,28.55,26.36,3.09,93.05,1.0,0.71,Kirtankhola_Barishal
2009-09-04,5.71,28.9,27.15,4.14,94.65,0.99,0.4,Kirtankhola_Barishal
2009-09-05,16.85,28.91,27.16,5.71,93.43,1.0,0.59,Kirtankhola_Barishal
2009-09-06,11.06,29.02,26.69,4.21,93.79,1.0,0.54,Kirtankhola_Barishal
2009-09-07,9.42,29.11,26.33,3.34,93.11,0.99,0.9,Kirtankhola_Barishal
2009-09-08,23.55,28.09,26.07,3.66,93.83,1.0,0.21,Kirtankhola_Barishal
2009-09-09,6.89,28.47,26.03,3.39,91.55,1.0,0.65,Kirtankhola_Barishal
2009-09-10,8.51,28.91,25.48,1.53,88.11,1.0,1.16,Kirtankhola_Barishal
2009-09-11,3.01,31.0,25.52,1.35,85.5,0.99,3.04,Kirtankhola_Barishal
2009-09-12,0.59,31.4,25.83,1.47,86.56,0.99,2.76,Kirtankhola_Barishal
2009-09-13,3.48,31.68,26.13,1.61,87.04,0.98,2.32,Kirtankhola_Barishal
2009-09-14,18.91,30.58,26.84,1.73,89.18,0.99,1.05,Kirtankhola_Barishal
2009-09-15,18.74,31.9,26.11,1.63,81.63,0.99,3.29,Kirtankhola_Barishal
2009-09-16,3.95,30.42,26.49,1.78,86.91,0.99,1.99,Kirtankhola_Barishal
2009-09-17,5.24,30.45,26.41,1.93,87.71,0.99,2.1,Kirtankhola_Barishal
2009-09-18,3.29,29.99,26.87,3.06,89.84,0.98,2.13,Kirtankhola_Barishal
2009-09-19,8.31,30.32,26.37,2.65,86.79,0.98,2.71,Kirtankhola_Barishal
2009-09-20,6.54,29.38,25.89,2.46,89.36,0.98,2.04,Kirtankhola_Barishal
2009-09-21,7.85,29.45,25.55,2.57,90.27,0.98,1.59,Kirtankhola_Barishal
2009-09-22,5.52,28.69,25.38,2.74,89.67,0.98,1.56,Kirtankhola_Barishal
2009-09-23,14.9,29.7,25.51,2.55,87.87,0.98,2.77,Kirtankhola_Barishal
2009-09-24,5.74,28.77,26.07,2.72,92.04,0.98,0.95,Kirtankhola_Barishal
2009-09-25,0.31,29.99,26.65,1.68,87.45,0.98,1.98,Kirtankhola_Barishal
2009-09-26,0.01,30.87,26.11,1.26,85.0,0.97,3.1,Kirtankhola_Barishal
2009-09-27,0.04,30.56,26.5,1.8,87.2,0.96,2.0,Kirtankhola_Barishal
2009-09-28,0.36,30.53,25.93,2.48,88.29,0.96,2.86,Kirtankhola_Barishal
2009-09-29,0.92,30.01,26.47,2.67,90.61,0.95,2.28,Kirtankhola_Barishal
2009-09-30,0.28,29.23,26.72,2.76,90.87,0.95,1.72,Kirtankhola_Barishal
2009-10-01,0.04,29.59,26.66,2.27,89.09,0.95,1.86,Kirtankhola_Barishal
2009-10-02,14.31,30.98,27.06,0.92,84.31,0.94,2.1,Kirtankhola_Barishal
2009-10-03,17.38,30.76,25.96,1.6,87.36,0.97,2.21,Kirtankhola_Barishal
2009-10-04,25.72,27.87,26.02,3.99,93.85,0.97,0.66,Kirtankhola_Barishal
2009-10-05,23.42,29.77,26.15,3.02,91.12,0.99,1.92,Kirtankhola_Barishal
2009-10-06,18.88,29.4,26.41,3.28,91.75,0.99,1.19,Kirtankhola_Barishal
2009-10-07,7.58,29.18,26.91,3.19,92.88,0.99,0.68,Kirtankhola_Barishal
2009-10-08,25.32,29.4,26.64,3.71,92.48,0.99,0.96,Kirtankhola_Barishal
2009-10-09,18.13,29.38,26.1,1.63,86.41,1.0,1.41,Kirtankhola_Barishal
2009-10-10,2.83,29.53,23.95,1.66,80.01,0.99,2.2,Kirtankhola_Barishal
2009-10-11,0.28,30.6,23.43,1.4,77.22,0.99,4.65,Kirtankhola_Barishal
2009-10-12,0.0,30.52,23.26,1.71,80.26,0.98,4.58,Kirtankhola_Barishal
2009-10-13,0.0,30.75,23.47,1.85,82.57,0.98,4.8,Kirtankhola_Barishal
2009-10-14,0.02,30.4,23.25,2.01,83.4,0.97,4.53,Kirtankhola_Barishal
2009-10-15,5.55,29.99,24.43,1.5,83.98,0.96,3.53,Kirtankhola_Barishal
2009-10-16,15.43,29.45,25.47,2.21,87.85,0.97,2.34,Kirtankhola_Barishal
2009-10-17,7.63,30.69,25.86,1.15,83.92,0.97,4.78,Kirtankhola_Barishal
2009-10-18,1.3,30.5,24.58,1.35,82.48,0.97,4.84,Kirtankhola_Barishal
2009-10-19,0.39,30.45,22.71,1.67,80.44,0.96,4.89,Kirtankhola_Barishal
2009-10-20,0.0,29.22,20.65,1.94,76.68,0.95,5.01,Kirtankhola_Barishal
2009-10-21,0.0,28.9,20.17,1.99,78.54,0.94,4.86,Kirtankhola_Barishal
2009-10-22,0.0,29.16,19.8,2.3,82.66,0.93,4.64,Kirtankhola_Barishal
2009-10-23,0.0,29.08,20.47,1.92,80.85,0.92,5.12,Kirtankhola_Barishal
2009-10-24,0.0,28.77,21.07,1.78,81.35,0.92,4.98,Kirtankhola_Barishal
2009-10-25,0.0,28.73,21.29,2.39,84.25,0.91,4.9,Kirtankhola_Barishal
2009-10-26,0.0,28.33,20.86,2.74,84.59,0.9,4.69,Kirtankhola_Barishal
2009-10-27,0.0,28.31,20.57,2.54,84.64,0.89,4.84,Kirtankhola_Barishal
2009-10-28,0.0,27.55,20.77,2.57,88.43,0.89,3.25,Kirtankhola_Barishal
2009-10-29,0.0,28.81,20.93,2.3,86.09,0.88,4.63,Kirtankhola_Barishal
2009-10-30,0.0,28.52,20.38,2.53,85.38,0.87,4.96,Kirtankhola_Barishal
2009-10-31,0.0,28.49,19.95,2.31,85.39,0.86,4.97,Kirtankhola_Barishal
2009-11-01,0.0,29.08,20.45,1.76,83.52,0.86,5.36,Kirtankhola_Barishal
2009-11-02,0.0,28.95,20.9,1.79,87.15,0.85,4.28,Kirtankhola_Barishal
2009-11-03,0.0,28.05,22.66,1.46,82.71,0.85,2.59,Kirtankhola_Barishal
2009-11-04,0.0,27.98,24.39,0.98,76.08,0.84,1.92,Kirtankhola_Barishal
2009-11-05,0.0,29.82,23.6,0.77,72.32,0.84,4.85,Kirtankhola_Barishal
2009-11-06,0.0,29.79,23.02,1.59,81.41,0.83,5.02,Kirtankhola_Barishal
2009-11-07,0.0,29.32,22.15,2.01,84.35,0.83,5.04,Kirtankhola_Barishal
2009-11-08,0.0,28.74,21.23,2.44,83.97,0.82,5.18,Kirtankhola_Barishal
2009-11-09,0.0,28.55,20.6,2.61,83.53,0.81,5.0,Kirtankhola_Barishal
2009-11-10,0.0,28.18,20.23,1.97,78.75,0.8,4.78,Kirtankhola_Barishal
2009-11-11,0.0,28.26,21.41,1.54,76.48,0.8,4.76,Kirtankhola_Barishal
2009-11-12,0.0,28.95,21.07,2.07,81.37,0.79,4.62,Kirtankhola_Barishal
2009-11-13,0.0,28.5,20.48,2.24,80.22,0.79,4.63,Kirtankhola_Barishal
2009-11-14,0.01,29.51,21.62,1.15,77.2,0.78,5.29,Kirtankhola_Barishal
2009-11-15,0.52,29.77,23.08,0.97,80.28,0.77,5.63,Kirtankhola_Barishal
2009-11-16,8.84,29.68,24.06,1.03,81.81,0.77,3.76,Kirtankhola_Barishal
2009-11-17,10.3,28.34,22.91,1.53,86.35,0.79,3.49,Kirtankhola_Barishal
2009-11-18,0.91,28.15,21.25,1.21,83.24,0.79,4.37,Kirtankhola_Barishal
2009-11-19,5.68,26.49,21.71,1.69,83.63,0.79,2.83,Kirtankhola_Barishal
2009-11-20,0.15,26.53,20.09,2.6,81.53,0.78,4.16,Kirtankhola_Barishal
2009-11-21,0.0,24.54,16.26,3.15,76.47,0.78,3.91,Kirtankhola_Barishal
2009-11-22,0.0,23.78,14.29,1.94,68.72,0.77,3.62,Kirtankhola_Barishal
2009-11-23,0.0,24.73,15.86,1.84,77.11,0.76,3.53,Kirtankhola_Barishal
2009-11-24,0.0,24.95,17.24,2.12,81.02,0.76,3.44,Kirtankhola_Barishal
2009-11-25,0.0,25.13,17.23,2.63,83.96,0.75,3.54,Kirtankhola_Barishal
2009-11-26,0.0,25.51,16.24,2.26,81.04,0.75,3.61,Kirtankhola_Barishal
2009-11-27,0.0,25.32,15.55,2.15,80.14,0.74,3.45,Kirtankhola_Barishal
2009-11-28,0.0,25.18,15.56,2.24,80.18,0.74,3.29,Kirtankhola_Barishal
2009-11-29,0.0,25.31,15.83,1.12,71.15,0.73,3.74,Kirtankhola_Barishal
2009-11-30,0.0,25.43,17.06,0.92,63.8,0.73,4.3,Kirtankhola_Barishal
2009-12-01,0.0,25.99,19.24,0.63,61.67,0.72,4.36,Kirtankhola_Barishal
2009-12-02,0.0,25.39,17.48,1.12,70.63,0.71,3.96,Kirtankhola_Barishal
2009-12-03,0.0,25.63,17.83,1.68,74.55,0.71,3.78,Kirtankhola_Barishal
2009-12-04,0.0,24.91,16.68,1.6,79.28,0.71,2.99,Kirtankhola_Barishal
2009-12-05,0.0,24.78,17.43,1.34,77.1,0.7,3.02,Kirtankhola_Barishal
2009-12-06,0.0,25.2,16.92,1.13,75.35,0.7,2.39,Kirtankhola_Barishal
2009-12-07,0.0,24.63,15.82,1.44,73.75,0.69,2.44,Kirtankhola_Barishal
2009-12-08,0.0,24.72,15.12,2.17,76.92,0.69,2.62,Kirtankhola_Barishal
2009-12-09,0.0,24.55,14.31,2.37,79.71,0.69,2.88,Kirtankhola_Barishal
2009-12-10,0.0,23.52,13.97,2.06,81.35,0.68,2.32,Kirtankhola_Barishal
2009-12-11,0.0,23.39,14.66,1.42,78.93,0.68,2.44,Kirtankhola_Barishal
2009-12-12,0.0,23.99,14.96,1.38,79.53,0.67,2.66,Kirtankhola_Barishal
2009-12-13,0.0,24.75,15.34,1.35,77.06,0.67,2.93,Kirtankhola_Barishal
2009-12-14,0.0,25.01,15.58,1.42,74.82,0.67,2.94,Kirtankhola_Barishal
2009-12-15,0.0,24.69,15.22,1.84,78.54,0.66,2.5,Kirtankhola_Barishal
2009-12-16,0.0,25.14,16.08,1.54,76.03,0.66,2.44,Kirtankhola_Barishal
2009-12-17,0.0,25.25,17.18,1.64,74.55,0.65,2.36,Kirtankhola_Barishal
2009-12-18,0.0,25.58,16.62,1.92,77.28,0.65,2.75,Kirtankhola_Barishal
2009-12-19,0.01,25.38,16.66,1.78,81.46,0.65,2.43,Kirtankhola_Barishal
2009-12-20,0.0,25.06,16.49,2.99,83.24,0.64,2.53,Kirtankhola_Barishal
2009-12-21,0.0,23.9,13.81,2.96,73.34,0.64,2.7,Kirtankhola_Barishal
2009-12-22,0.0,22.78,12.62,2.5,77.51,0.63,2.18,Kirtankhola_Barishal
2009-12-23,0.0,23.37,14.47,2.58,80.75,0.63,2.0,Kirtankhola_Barishal
2009-12-24,0.0,22.73,12.58,2.32,75.77,0.62,1.82,Kirtankhola_Barishal
2009-12-25,0.0,21.83,11.4,2.34,73.2,0.62,1.95,Kirtankhola_Barishal
2009-12-26,0.0,21.87,11.16,2.22,73.2,0.62,1.92,Kirtankhola_Barishal
2009-12-27,0.0,22.17,11.04,2.39,74.09,0.61,1.96,Kirtankhola_Barishal
2009-12-28,0.0,22.39,11.26,2.36,76.31,0.61,1.79,Kirtankhola_Barishal
2009-12-29,0.0,21.91,10.88,2.14,71.28,0.61,1.73,Kirtankhola_Barishal
2009-12-30,0.0,22.5,10.91,1.78,71.79,0.6,1.85,Kirtankhola_Barishal
2009-12-31,0.0,22.48,12.24,2.35,77.81,0.6,1.69,Kirtankhola_Barishal
2010-01-01,0.0,21.75,11.64,3.19,79.46,0.6,1.83,Kirtankhola_Barishal
2010-01-02,0.0,22.92,11.39,2.9,80.89,0.59,1.89,Kirtankhola_Barishal
2010-01-03,0.0,23.48,11.3,2.51,80.84,0.59,1.93,Kirtankhola_Barishal
2010-01-04,0.0,22.49,10.97,2.08,72.4,0.59,1.94,Kirtankhola_Barishal
2010-01-05,0.0,22.52,11.73,2.84,76.43,0.58,1.74,Kirtankhola_Barishal
2010-01-06,0.0,22.61,11.0,2.82,76.74,0.58,1.98,Kirtankhola_Barishal
2010-01-07,0.0,23.69,10.88,2.36,75.05,0.58,2.23,Kirtankhola_Barishal
2010-01-08,0.0,24.0,11.5,1.95,74.35,0.57,2.27,Kirtankhola_Barishal
2010-01-09,0.0,23.65,11.97,2.33,70.99,0.57,2.06,Kirtankhola_Barishal
2010-01-10,0.0,23.78,11.5,2.37,69.28,0.57,1.87,Kirtankhola_Barishal
2010-01-11,0.0,23.15,11.4,2.5,69.37,0.56,1.68,Kirtankhola_Barishal
2010-01-12,0.0,22.48,10.74,2.47,69.15,0.56,1.56,Kirtankhola_Barishal
2010-01-13,0.0,23.28,11.5,2.26,69.09,0.55,1.74,Kirtankhola_Barishal
2010-01-14,0.0,23.6,14.0,2.5,71.64,0.55,1.32,Kirtankhola_Barishal
2010-01-15,0.0,24.69,13.81,3.56,73.62,0.55,1.91,Kirtankhola_Barishal
2010-01-16,0.0,23.65,12.87,2.77,71.06,0.54,1.45,Kirtankhola_Barishal
2010-01-17,0.0,24.72,12.68,2.03,72.1,0.54,1.92,Kirtankhola_Barishal
2010-01-18,0.0,24.29,12.66,2.18,74.0,0.54,1.49,Kirtankhola_Barishal
2010-01-19,0.0,23.65,13.53,2.18,71.08,0.54,1.51,Kirtankhola_Barishal
2010-01-20,0.0,24.19,12.1,2.82,72.46,0.53,1.72,Kirtankhola_Barishal
2010-01-21,0.0,24.99,12.1,2.95,72.18,0.53,1.79,Kirtankhola_Barishal
2010-01-22,0.0,25.36,11.98,2.24,69.74,0.52,2.0,Kirtankhola_Barishal
2010-01-23,0.0,25.48,12.2,2.21,66.53,0.52,1.86,Kirtankhola_Barishal
2010-01-24,0.0,25.66,12.42,1.74,67.22,0.52,1.86,Kirtankhola_Barishal
2010-01-25,0.0,26.82,13.67,1.41,59.64,0.51,1.99,Kirtankhola_Barishal
2010-01-26,0.0,26.69,14.16,1.45,57.99,0.51,1.7,Kirtankhola_Barishal
2010-01-27,0.0,25.8,13.04,2.43,63.74,0.51,1.59,Kirtankhola_Barishal
2010-01-28,0.0,25.74,12.76,2.89,60.76,0.5,1.56,Kirtankhola_Barishal
2010-01-29,0.0,25.72,12.57,2.46,59.98,0.5,1.49,Kirtankhola_Barishal
2010-01-30,0.0,25.39,12.02,1.99,59.61,0.5,1.18,Kirtankhola_Barishal
2010-01-31,0.0,25.5,13.08,2.14,60.24,0.49,1.21,Kirtankhola_Barishal
2010-02-01,0.0,26.0,13.14,2.82,59.37,0.49,1.25,Kirtankhola_Barishal
2010-02-02,0.0,25.56,12.25,2.05,55.45,0.49,1.14,Kirtankhola_Barishal
2010-02-03,0.0,26.45,13.56,2.31,56.6,0.48,1.24,Kirtankhola_Barishal
2010-02-04,0.0,26.15,12.87,2.63,54.52,0.48,1.2,Kirtankhola_Barishal
2010-02-05,0.0,26.56,13.25,2.19,52.01,0.48,1.16,Kirtankhola_Barishal
2010-02-06,0.0,25.48,12.9,2.62,52.52,0.48,0.9,Kirtankhola_Barishal
2010-02-07,0.0,27.02,12.92,1.7,52.63,0.47,1.06,Kirtankhola_Barishal
2010-02-08,0.0,27.47,14.31,1.29,55.36,0.47,0.93,Kirtankhola_Barishal
2010-02-09,0.0,29.03,17.19,0.85,62.42,0.47,1.0,Kirtankhola_Barishal
2010-02-10,0.0,29.55,17.22,1.04,59.81,0.47,0.97,Kirtankhola_Barishal
2010-02-11,0.0,28.91,16.73,2.36,61.1,0.46,0.88,Kirtankhola_Barishal
2010-02-12,0.0,29.46,16.84,2.6,51.57,0.46,1.04,Kirtankhola_Barishal
2010-02-13,0.0,28.59,15.85,1.96,54.37,0.46,0.85,Kirtankhola_Barishal
2010-02-14,0.0,29.28,17.86,1.36,57.11,0.46,0.86,Kirtankhola_Barishal
2010-02-15,0.01,28.84,19.3,1.35,60.58,0.45,0.75,Kirtankhola_Barishal
2010-02-16,0.07,28.83,18.57,1.39,55.59,0.45,0.58,Kirtankhola_Barishal
2010-02-17,1.4,30.08,19.63,1.64,62.81,0.45,0.73,Kirtankhola_Barishal
2010-02-18,0.03,29.79,18.96,2.43,61.11,0.45,0.79,Kirtankhola_Barishal
2010-02-19,0.0,29.11,16.73,1.97,45.92,0.45,0.81,Kirtankhola_Barishal
2010-02-20,0.0,29.12,16.09,1.48,45.99,0.44,0.7,Kirtankhola_Barishal
2010-02-21,0.0,28.35,15.33,1.7,48.29,0.44,0.63,Kirtankhola_Barishal
2010-02-22,0.0,29.24,15.59,1.69,49.55,0.44,0.61,Kirtankhola_Barishal
2010-02-23,2.9,29.36,16.41,1.59,52.92,0.44,0.59,Kirtankhola_Barishal
2010-02-24,0.17,31.06,18.26,2.02,61.88,0.44,0.69,Kirtankhola_Barishal
2010-02-25,6.8,29.65,20.68,1.42,77.93,0.45,0.56,Kirtankhola_Barishal
2010-02-26,1.71,30.0,21.66,1.25,67.25,0.45,0.8,Kirtankhola_Barishal
2010-02-27,0.0,30.04,18.44,1.28,51.78,0.45,0.8,Kirtankhola_Barishal
2010-02-28,0.0,31.61,18.69,1.12,49.23,0.44,0.86,Kirtankhola_Barishal
2010-03-01,0.0,32.58,21.16,1.69,54.57,0.44,0.81,Kirtankhola_Barishal
2010-03-02,0.0,33.59,19.14,2.5,56.13,0.44,0.8,Kirtankhola_Barishal
2010-03-03,0.0,32.71,20.21,3.07,73.11,0.43,0.65,Kirtankhola_Barishal
2010-03-04,0.0,33.3,21.86,2.9,70.96,0.43,0.67,Kirtankhola_Barishal
2010-03-05,0.0,32.89,22.7,3.46,74.06,0.43,0.57,Kirtankhola_Barishal
2010-03-06,0.0,32.64,23.75,2.82,74.33,0.43,0.51,Kirtankhola_Barishal
2010-03-07,0.0,34.25,23.49,2.06,71.11,0.42,0.58,Kirtankhola_Barishal
2010-03-08,0.0,34.61,22.39,1.33,60.9,0.42,0.55,Kirtankhola_Barishal
2010-03-09,0.0,34.29,21.52,2.15,47.68,0.42,0.51,Kirtankhola_Barishal
2010-03-10,0.0,33.83,20.38,2.39,44.63,0.42,0.44,Kirtankhola_Barishal
2010-03-11,0.0,33.76,19.53,1.58,42.81,0.41,0.4,Kirtankhola_Barishal
2010-03-12,0.0,34.49,20.87,1.35,39.27,0.41,0.38,Kirtankhola_Barishal
2010-03-13,0.0,34.01,21.95,1.62,39.31,0.41,0.31,Kirtankhola_Barishal
2010-03-14,0.0,35.33,20.97,2.61,62.78,0.41,0.31,Kirtankhola_Barishal
2010-03-15,2.25,34.63,23.02,2.7,66.57,0.41,0.27,Kirtankhola_Barishal
2010-03-16,1.06,34.65,24.19,1.49,65.92,0.41,0.3,Kirtankhola_Barishal
2010-03-17,0.0,36.32,24.28,0.97,53.57,0.41,0.3,Kirtankhola_Barishal
2010-03-18,0.0,37.14,23.43,1.37,44.27,0.4,0.28,Kirtankhola_Barishal
2010-03-19,0.0,36.42,22.65,1.49,42.94,0.4,0.26,Kirtankhola_Barishal
2010-03-20,0.0,37.19,23.73,1.31,40.58,0.4,0.23,Kirtankhola_Barishal
2010-03-21,0.0,37.63,23.93,1.42,43.76,0.4,0.22,Kirtankhola_Barishal
2010-03-22,0.0,35.85,23.84,3.85,65.82,0.39,0.15,Kirtankhola_Barishal
2010-03-23,0.0,34.07,25.04,4.68,73.02,0.39,0.11,Kirtankhola_Barishal
2010-03-24,0.0,34.55,26.04,4.46,68.8,0.39,0.1,Kirtankhola_Barishal
2010-03-25,0.0,33.9,25.4,4.0,69.04,0.39,0.09,Kirtankhola_Barishal
2010-03-26,0.0,34.68,25.14,3.68,70.12,0.39,0.08,Kirtankhola_Barishal
2010-03-27,0.03,33.47,25.19,4.5,73.18,0.39,0.07,Kirtankhola_Barishal
2010-03-28,2.49,32.92,26.14,5.17,72.2,0.39,0.06,Kirtankhola_Barishal
2010-03-29,4.3,33.8,26.46,5.16,72.9,0.4,0.13,Kirtankhola_Barishal
2010-03-30,1.95,33.97,25.71,5.03,76.3,0.4,0.13,Kirtankhola_Barishal
2010-03-31,2.36,34.08,25.98,6.31,76.77,0.4,0.14,Kirtankhola_Barishal
2010-04-01,1.09,35.68,26.54,5.27,73.58,0.4,0.19,Kirtankhola_Barishal
2010-04-02,0.22,33.85,26.75,5.25,75.16,0.4,0.14,Kirtankhola_Barishal
2010-04-03,0.18,34.52,26.37,4.2,71.77,0.4,0.14,Kirtankhola_Barishal
2010-04-04,0.0,34.63,26.0,3.76,71.93,0.39,0.12,Kirtankhola_Barishal
2010-04-05,0.0,35.76,25.83,3.59,72.89,0.39,0.12,Kirtankhola_Barishal
2010-04-06,0.0,36.29,25.9,3.15,71.46,0.39,0.11,Kirtankhola_Barishal
2010-04-07,0.0,37.5,25.88,2.54,67.03,0.39,0.11,Kirtankhola_Barishal
2010-04-08,0.0,37.95,25.27,2.08,59.8,0.39,0.11,Kirtankhola_Barishal
2010-04-09,0.0,37.67,25.26,3.56,67.21,0.39,0.08,Kirtankhola_Barishal
2010-04-10,0.0,37.11,26.54,4.69,71.45,0.38,0.06,Kirtankhola_Barishal
2010-04-11,0.0,34.9,27.26,4.34,72.49,0.38,0.04,Kirtankhola_Barishal
2010-04-12,0.0,34.7,27.62,4.09,69.9,0.38,0.04,Kirtankhola_Barishal
2010-04-13,0.0,32.6,27.53,4.19,72.51,0.38,0.02,Kirtankhola_Barishal
2010-04-14,0.06,32.0,27.37,3.44,73.59,0.38,0.02,Kirtankhola_Barishal
2010-04-15,0.34,33.39,27.13,2.35,71.2,0.38,0.02,Kirtankhola_Barishal
2010-04-16,0.36,37.11,26.04,2.49,65.72,0.38,0.04,Kirtankhola_Barishal
2010-04-17,0.59,35.56,25.92,4.23,69.59,0.38,0.03,Kirtankhola_Barishal
2010-04-18,1.88,34.35,27.42,5.45,70.91,0.38,0.03,Kirtankhola_Barishal
2010-04-19,0.0,34.65,28.17,6.58,70.03,0.38,0.03,Kirtankhola_Barishal
2010-04-20,0.05,35.5,28.06,6.77,72.0,0.38,0.03,Kirtankhola_Barishal
2010-04-21,0.08,35.38,28.43,6.54,73.15,0.38,0.03,Kirtankhola_Barishal
2010-04-22,0.0,34.87,28.41,5.9,70.45,0.38,0.02,Kirtankhola_Barishal
2010-04-23,0.0,34.95,27.99,4.96,68.67,0.38,0.02,Kirtankhola_Barishal
2010-04-24,1.43,35.23,27.78,4.58,68.07,0.38,0.02,Kirtankhola_Barishal
2010-04-25,4.9,33.78,27.49,5.23,72.75,0.39,0.03,Kirtankhola_Barishal
2010-04-26,4.77,31.99,26.77,4.2,77.61,0.39,0.03,Kirtankhola_Barishal
2010-04-27,2.67,35.79,26.21,2.21,69.41,0.39,0.13,Kirtankhola_Barishal
2010-04-28,1.79,35.26,25.96,2.54,69.49,0.39,0.11,Kirtankhola_Barishal
2010-04-29,4.31,33.15,26.71,2.02,73.79,0.4,0.07,Kirtankhola_Barishal
2010-04-30,4.08,34.6,26.82,2.02,69.61,0.4,0.15,Kirtankhola_Barishal
2010-05-01,2.41,33.58,26.91,2.05,71.82,0.4,0.14,Kirtankhola_Barishal
2010-05-02,1.86,32.42,27.24,2.6,76.5,0.4,0.09,Kirtankhola_Barishal
2010-05-03,6.76,32.86,26.39,2.36,77.22,0.41,0.11,Kirtankhola_Barishal
2010-05-04,5.87,33.14,26.53,1.38,70.3,0.42,0.23,Kirtankhola_Barishal
2010-05-05,5.72,32.23,26.27,2.05,73.26,0.42,0.25,Kirtankhola_Barishal
2010-05-06,3.01,32.91,26.04,1.64,71.94,0.43,0.45,Kirtankhola_Barishal
2010-05-07,1.55,33.03,26.04,1.72,68.58,0.43,0.46,Kirtankhola_Barishal
2010-05-08,2.85,33.78,26.53,2.79,69.79,0.43,0.54,Kirtankhola_Barishal
2010-05-09,1.22,36.57,27.13,4.0,70.99,0.43,0.71,Kirtankhola_Barishal
2010-05-10,2.55,37.09,28.14,4.38,72.27,0.43,0.71,Kirtankhola_Barishal
2010-05-11,0.0,35.94,28.56,4.2,74.3,0.42,0.5,Kirtankhola_Barishal
2010-05-12,0.0,34.47,28.41,4.64,76.85,0.42,0.37,Kirtankhola_Barishal
2010-05-13,0.0,34.46,28.31,4.36,77.6,0.42,0.29,Kirtankhola_Barishal
2010-05-14,4.11,34.54,28.09,4.04,77.52,0.42,0.3,Kirtankhola_Barishal
2010-05-15,3.22,34.19,27.39,3.45,75.52,0.43,0.42,Kirtankhola_Barishal
2010-05-16,0.07,35.05,27.21,3.06,73.9,0.43,0.48,Kirtankhola_Barishal
2010-05-17,0.09,36.31,27.59,2.69,70.77,0.42,0.5,Kirtankhola_Barishal
2010-05-18,0.0,36.54,27.58,2.99,68.75,0.42,0.52,Kirtankhola_Barishal
2010-05-19,1.06,35.19,28.91,4.91,68.98,0.42,0.35,Kirtankhola_Barishal
2010-05-20,22.41,31.92,28.58,5.22,79.7,0.43,0.21,Kirtankhola_Barishal
2010-05-21,35.18,29.87,26.93,4.05,88.38,0.5,0.59,Kirtankhola_Barishal
2010-05-22,39.57,29.53,26.34,3.02,88.43,0.56,1.44,Kirtankhola_Barishal
2010-05-23,18.24,29.4,26.21,3.39,88.6,0.59,1.94,Kirtankhola_Barishal
2010-05-24,14.03,29.88,26.23,3.66,90.16,0.61,1.7,Kirtankhola_Barishal
2010-05-25,2.11,33.41,25.48,1.97,80.31,0.6,6.86,Kirtankhola_Barishal
2010-05-26,17.76,31.45,28.27,3.9,89.24,0.6,1.8,Kirtankhola_Barishal
2010-05-27,20.55,31.35,28.08,4.85,88.23,0.64,2.72,Kirtankhola_Barishal
2010-05-28,44.5,29.48,27.21,5.02,86.64,0.69,2.18,Kirtankhola_Barishal
2010-05-29,6.61,31.0,27.23,2.9,88.75,0.7,2.02,Kirtankhola_Barishal
2010-05-30,17.74,30.27,27.08,3.61,88.6,0.71,1.68,Kirtankhola_Barishal
2010-05-31,24.57,30.41,27.34,4.04,88.38,0.74,1.66,Kirtankhola_Barishal
2010-06-01,4.58,30.9,27.22,3.99,89.11,0.74,2.53,Kirtankhola_Barishal
2010-06-02,5.16,31.03,28.05,3.78,90.95,0.74,1.97,Kirtankhola_Barishal
2010-06-03,20.74,30.11,27.92,4.16,91.19,0.76,1.29,Kirtankhola_Barishal
2010-06-04,32.51,30.42,28.18,4.4,92.5,0.79,0.97,Kirtankhola_Barishal
2010-06-05,31.74,30.11,27.88,5.11,91.35,0.84,1.29,Kirtankhola_Barishal
2010-06-06,18.49,30.53,27.89,4.54,92.12,0.86,1.24,Kirtankhola_Barishal
2010-06-07,1.59,30.19,28.02,3.76,92.48,0.85,0.92,Kirtankhola_Barishal
2010-06-08,2.33,31.25,27.79,3.17,90.3,0.85,1.82,Kirtankhola_Barishal
2010-06-09,0.5,31.09,27.5,2.67,89.11,0.84,1.67,Kirtankhola_Barishal
2010-06-10,0.53,30.67,27.34,2.68,88.42,0.84,1.5,Kirtankhola_Barishal
2010-06-11,3.53,31.5,27.25,2.59,85.09,0.83,2.94,Kirtankhola_Barishal
2010-06-12,27.42,29.45,27.17,3.04,88.61,0.85,1.26,Kirtankhola_Barishal
2010-06-13,36.95,29.74,26.97,3.72,91.33,0.88,0.86,Kirtankhola_Barishal
2010-06-14,42.64,30.09,27.47,3.73,90.35,0.92,0.86,Kirtankhola_Barishal
2010-06-15,17.59,30.05,27.28,4.45,91.5,0.94,0.8,Kirtankhola_Barishal
2010-06-16,7.34,30.08,27.27,5.28,89.56,0.94,1.13,Kirtankhola_Barishal
2010-06-17,61.22,30.08,27.26,2.9,90.84,0.96,0.62,Kirtankhola_Barishal
2010-06-18,47.4,28.88,26.65,2.87,93.4,0.99,0.2,Kirtankhola_Barishal
2010-06-19,11.84,30.94,26.49,3.95,89.66,0.99,1.05,Kirtankhola_Barishal
2010-06-20,11.22,30.7,27.14,3.45,91.01,0.98,1.08,Kirtankhola_Barishal
2010-06-21,9.42,30.74,26.73,3.43,90.18,0.98,1.29,Kirtankhola_Barishal
2010-06-22,4.79,31.02,27.01,3.14,90.48,0.98,1.32,Kirtankhola_Barishal
2010-06-23,3.51,29.9,27.46,3.19,92.41,0.98,0.84,Kirtankhola_Barishal
2010-06-24,7.56,30.35,26.95,3.74,90.14,0.97,1.83,Kirtankhola_Barishal
2010-06-25,24.48,29.77,27.1,5.55,92.7,0.98,0.91,Kirtankhola_Barishal
2010-06-26,42.79,30.24,27.29,5.7,90.8,0.99,1.12,Kirtankhola_Barishal
2010-06-27,18.52,30.65,27.33,5.36,90.82,0.99,1.13,Kirtankhola_Barishal
2010-06-28,14.79,30.61,27.37,4.18,90.25,0.99,0.96,Kirtankhola_Barishal
2010-06-29,40.25,30.57,27.65,3.51,91.89,0.99,0.61,Kirtankhola_Barishal
2010-06-30,25.67,29.35,27.63,2.81,94.22,1.0,0.18,Kirtankhola_Barishal
2010-07-01,2.07,30.07,27.34,3.81,89.66,0.99,0.79,Kirtankhola_Barishal
2010-07-02,2.61,30.6,27.35,4.04,90.51,0.99,0.97,Kirtankhola_Barishal
2010-07-03,1.74,30.56,27.03,3.57,87.85,0.98,1.7,Kirtankhola_Barishal
2010-07-04,1.62,30.32,26.4,2.73,88.47,0.98,1.76,Kirtankhola_Barishal
2010-07-05,2.13,29.52,26.22,2.62,88.43,0.97,1.27,Kirtankhola_Barishal
2010-07-06,7.29,30.06,26.34,3.81,87.48,0.97,1.57,Kirtankhola_Barishal
2010-07-07,9.46,30.53,26.63,3.56,87.22,0.97,1.76,Kirtankhola_Barishal
2010-07-08,2.82,30.35,26.55,3.32,87.3,0.96,1.75,Kirtankhola_Barishal
2010-07-09,4.13,30.67,26.89,3.71,89.16,0.96,1.63,Kirtankhola_Barishal
2010-07-10,13.34,30.92,26.83,3.18,90.26,0.96,1.28,Kirtankhola_Barishal
2010-07-11,32.43,29.55,27.24,3.86,93.64,0.97,0.42,Kirtankhola_Barishal
2010-07-12,15.22,29.61,26.96,3.22,92.27,0.99,0.57,Kirtankhola_Barishal
2010-07-13,5.6,30.38,26.5,3.12,90.48,0.98,1.05,Kirtankhola_Barishal
2010-07-14,4.66,30.66,26.72,3.59,89.22,0.98,1.52,Kirtankhola_Barishal
2010-07-15,1.47,30.59,26.51,3.1,87.63,0.97,2.06,Kirtankhola_Barishal
2010-07-16,0.33,30.9,26.37,2.76,88.12,0.96,1.79,Kirtankhola_Barishal
2010-07-17,1.57,31.64,26.61,2.5,87.09,0.95,2.25,Kirtankhola_Barishal
2010-07-18,6.13,31.39,26.97,2.64,87.78,0.95,2.01,Kirtankhola_Barishal
2010-07-19,12.56,31.02,26.84,3.17,87.65,0.95,1.89,Kirtankhola_Barishal
2010-07-20,13.61,30.05,26.7,3.46,90.5,0.95,1.1,Kirtankhola_Barishal
2010-07-21,4.75,29.84,27.0,3.34,91.18,0.95,0.9,Kirtankhola_Barishal
2010-07-22,7.59,30.14,27.3,3.54,91.03,0.95,1.29,Kirtankhola_Barishal
2010-07-23,42.13,30.0,27.29,3.13,92.85,0.97,0.56,Kirtankhola_Barishal
2010-07-24,10.55,30.18,27.06,4.05,91.5,0.99,1.28,Kirtankhola_Barishal
2010-07-25,5.53,29.24,27.4,5.67,91.88,0.98,0.72,Kirtankhola_Barishal
2010-07-26,13.79,30.12,27.17,5.16,90.42,0.98,1.14,Kirtankhola_Barishal
2010-07-27,4.05,30.41,26.7,3.2,90.98,0.98,1.23,Kirtankhola_Barishal
2010-07-28,0.64,31.19,26.46,2.39,88.03,0.97,2.03,Kirtankhola_Barishal
2010-07-29,7.2,29.1,26.67,3.78,93.05,0.97,0.53,Kirtankhola_Barishal
2010-07-30,39.65,28.73,27.1,4.17,93.89,0.98,0.32,Kirtankhola_Barishal
2010-07-31,22.24,29.03,26.57,3.26,92.1,0.99,0.44,Kirtankhola_Barishal
2010-08-01,5.98,28.53,26.63,3.23,94.14,0.99,0.28,Kirtankhola_Barishal
2010-08-02,1.47,29.83,26.41,3.03,90.33,0.99,1.4,Kirtankhola_Barishal
2010-08-03,0.29,30.04,26.52,3.44,90.99,0.98,1.43,Kirtankhola_Barishal
2010-08-04,4.27,29.92,26.54,4.25,90.61,0.97,1.47,Kirtankhola_Barishal
2010-08-05,11.86,29.2,26.85,3.85,90.71,0.98,0.79,Kirtankhola_Barishal
2010-08-06,5.45,30.35,26.64,3.61,87.4,0.98,1.8,Kirtankhola_Barishal
2010-08-07,1.48,30.37,26.03,2.31,86.06,0.97,2.12,Kirtankhola_Barishal
2010-08-08,5.72,31.87,25.9,1.17,84.02,0.96,2.85,Kirtankhola_Barishal
2010-08-09,3.28,31.26,26.3,1.47,84.8,0.96,1.91,Kirtankhola_Barishal
2010-08-10,7.14,31.07,26.44,1.61,86.5,0.96,1.59,Kirtankhola_Barishal
2010-08-11,15.81,30.32,27.12,1.65,88.07,0.97,1.08,Kirtankhola_Barishal
2010-08-12,13.15,29.78,26.82,2.26,90.85,0.97,0.73,Kirtankhola_Barishal
2010-08-13,11.41,30.52,27.03,2.86,89.92,0.98,1.17,Kirtankhola_Barishal
2010-08-14,12.21,29.12,26.51,2.02,91.38,0.98,0.48,Kirtankhola_Barishal
2010-08-15,2.44,29.56,26.31,3.12,89.1,0.98,1.42,Kirtankhola_Barishal
2010-08-16,5.09,30.37,26.3,3.13,89.39,0.97,1.4,Kirtankhola_Barishal
2010-08-17,5.5,30.87,26.24,3.14,87.28,0.97,2.53,Kirtankhola_Barishal
2010-08-18,3.44,30.71,26.1,2.94,88.04,0.96,2.37,Kirtankhola_Barishal
2010-08-19,21.12,29.84,26.45,3.21,88.28,0.97,1.63,Kirtankhola_Barishal
2010-08-20,35.3,30.34,26.42,2.98,89.24,0.98,1.59,Kirtankhola_Barishal
2010-08-21,18.31,30.82,26.06,2.72,88.96,0.99,2.02,Kirtankhola_Barishal
2010-08-22,3.95,31.04,25.98,2.03,87.34,0.98,2.1,Kirtankhola_Barishal
2010-08-23,2.24,31.19,26.15,1.47,85.8,0.97,2.43,Kirtankhola_Barishal
2010-08-24,20.21,30.44,26.51,1.51,88.21,0.98,1.47,Kirtankhola_Barishal
2010-08-25,8.91,30.57,26.11,1.81,87.85,0.98,2.24,Kirtankhola_Barishal
2010-08-26,20.35,29.88,26.33,2.75,91.01,0.98,1.28,Kirtankhola_Barishal
2010-08-27,5.08,30.13,26.31,3.42,89.83,0.98,1.54,Kirtankhola_Barishal
2010-08-28,14.99,29.51,26.26,2.51,90.08,0.98,1.08,Kirtankhola_Barishal
2010-08-29,3.51,30.47,26.1,2.45,87.58,0.98,2.78,Kirtankhola_Barishal
2010-08-30,7.48,30.67,26.14,3.05,88.35,0.97,2.39,Kirtankhola_Barishal
2010-08-31,6.99,30.5,26.76,3.66,87.99,0.97,2.61,Kirtankhola_Barishal
2010-09-01,4.77,30.83,26.62,2.83,87.82,0.97,2.83,Kirtankhola_Barishal
2010-09-02,0.55,30.32,26.48,2.48,89.05,0.96,2.11,Kirtankhola_Barishal
2010-09-03,3.17,30.04,26.7,1.9,88.22,0.96,1.83,Kirtankhola_Barishal
2010-09-04,3.48,30.48,26.84,2.97,89.01,0.95,2.1,Kirtankhola_Barishal
2010-09-05,4.03,31.39,27.18,3.34,86.98,0.95,3.27,Kirtankhola_Barishal
2010-09-06,3.49,30.79,26.78,3.34,87.44,0.94,3.41,Kirtankhola_Barishal
2010-09-07,3.88,30.93,27.43,3.6,88.58,0.94,2.49,Kirtankhola_Barishal
2010-09-08,8.48,30.33,27.26,4.03,89.12,0.93,2.4,Kirtankhola_Barishal
2010-09-09,14.87,30.88,27.26,2.96,89.22,0.95,2.13,Kirtankhola_Barishal
2010-09-10,10.56,30.35,27.15,2.47,88.59,0.95,1.42,Kirtankhola_Barishal
2010-09-11,7.38,30.11,26.88,2.05,88.12,0.95,1.57,Kirtankhola_Barishal
2010-09-12,3.06,30.63,26.39,1.9,86.35,0.95,2.65,Kirtankhola_Barishal
2010-09-13,8.57,29.11,25.86,2.3,90.02,0.95,1.49,Kirtankhola_Barishal
2010-09-14,15.91,29.71,25.77,2.89,89.09,0.96,2.17,Kirtankhola_Barishal
2010-09-15,24.22,27.99,26.49,3.23,91.53,0.97,0.69,Kirtankhola_Barishal
2010-09-16,1.44,29.39,26.52,3.57,89.27,0.97,2.03,Kirtankhola_Barishal
2010-09-17,11.02,28.55,26.56,3.68,91.06,0.97,1.23,Kirtankhola_Barishal
2010-09-18,19.89,29.04,26.48,3.46,91.05,0.98,1.23,Kirtankhola_Barishal
2010-09-19,8.9,28.29,25.86,2.58,92.15,0.98,0.46,Kirtankhola_Barishal
2010-09-20,3.0,28.81,25.62,1.58,87.14,0.98,1.29,Kirtankhola_Barishal
2010-09-21,5.27,29.42,25.32,1.42,86.83,0.98,1.23,Kirtankhola_Barishal
2010-09-22,1.26,30.85,25.99,1.15,84.53,0.98,4.04,Kirtankhola_Barishal
2010-09-23,0.78,30.76,25.57,1.36,86.81,0.97,3.33,Kirtankhola_Barishal
2010-09-24,3.35,29.16,26.08,2.18,89.7,0.97,1.31,Kirtankhola_Barishal
2010-09-25,10.52,28.8,26.0,2.32,89.45,0.97,1.16,Kirtankhola_Barishal
2010-09-26,8.57,29.73,26.37,2.17,87.34,0.98,1.69,Kirtankhola_Barishal
2010-09-27,1.38,30.44,25.62,2.2,88.0,0.97,2.9,Kirtankhola_Barishal
2010-09-28,4.7,29.72,26.0,0.93,84.29,0.97,1.92,Kirtankhola_Barishal
2010-09-29,7.42,29.26,26.04,1.32,87.47,0.97,1.39,Kirtankhola_Barishal
2010-09-30,0.21,29.39,25.66,1.25,87.62,0.97,1.86,Kirtankhola_Barishal
2010-10-01,0.44,31.02,25.9,1.06,83.62,0.96,4.42,Kirtankhola_Barishal
2010-10-02,0.0,31.73,25.06,1.17,81.54,0.96,5.54,Kirtankhola_Barishal
2010-10-03,0.0,31.36,25.48,1.4,83.3,0.95,3.67,Kirtankhola_Barishal
2010-10-04,0.0,30.54,26.11,1.0,84.17,0.94,2.57,Kirtankhola_Barishal
2010-10-05,6.45,30.49,26.26,2.2,85.66,0.94,2.08,Kirtankhola_Barishal
2010-10-06,54.24,27.52,25.66,3.38,90.95,0.96,0.66,Kirtankhola_Barishal
2010-10-07,91.59,27.56,25.11,5.5,93.51,0.99,0.37,Kirtankhola_Barishal
2010-10-08,90.24,28.71,26.64,4.79,93.65,1.0,0.19,Kirtankhola_Barishal
2010-10-09,7.01,27.97,24.6,3.57,91.5,1.0,0.86,Kirtankhola_Barishal
2010-10-10,1.9,29.47,24.47,1.2,78.27,1.0,3.1,Kirtankhola_Barishal
2010-10-11,0.0,30.28,24.42,1.74,79.52,0.99,3.87,Kirtankhola_Barishal
2010-10-12,0.01,29.47,23.97,2.34,85.58,0.99,2.71,Kirtankhola_Barishal
2010-10-13,2.36,29.51,24.18,2.14,88.99,0.98,2.18,Kirtankhola_Barishal
2010-10-14,8.16,31.31,25.79,1.07,83.2,0.98,2.01,Kirtankhola_Barishal
2010-10-15,2.01,29.42,25.87,3.26,89.88,0.98,2.06,Kirtankhola_Barishal
2010-10-16,2.0,29.19,26.52,2.04,88.3,0.98,1.24,Kirtankhola_Barishal
2010-10-17,0.08,30.47,26.26,0.78,79.82,0.98,3.88,Kirtankhola_Barishal
2010-10-18,0.19,30.31,25.26,2.17,86.52,0.97,3.4,Kirtankhola_Barishal
2010-10-19,0.72,31.13,25.13,1.78,87.39,0.96,3.43,Kirtankhola_Barishal
2010-10-20,0.67,31.04,26.23,1.35,85.78,0.96,2.69,Kirtankhola_Barishal
2010-10-21,0.18,30.5,25.95,1.91,84.19,0.95,4.4,Kirtankhola_Barishal
2010-10-22,0.15,30.22,25.68,1.67,86.61,0.95,3.37,Kirtankhola_Barishal
2010-10-23,2.5,28.82,25.87,2.19,90.72,0.94,1.78,Kirtankhola_Barishal
2010-10-24,5.34,29.71,25.0,1.78,85.16,0.94,3.51,Kirtankhola_Barishal
2010-10-25,3.75,29.56,24.63,1.68,84.62,0.94,3.59,Kirtankhola_Barishal
2010-10-26,0.23,30.27,23.76,1.81,83.88,0.93,5.15,Kirtankhola_Barishal
2010-10-27,0.04,29.41,23.68,2.1,84.77,0.93,4.13,Kirtankhola_Barishal
2010-10-28,0.0,28.77,22.31,2.26,82.28,0.92,4.6,Kirtankhola_Barishal
2010-10-29,0.0,27.88,21.47,2.68,85.05,0.91,4.41,Kirtankhola_Barishal
2010-10-30,0.0,29.22,20.98,1.88,85.4,0.9,4.68,Kirtankhola_Barishal
2010-10-31,1.57,29.31,23.75,1.56,85.04,0.9,3.94,Kirtankhola_Barishal
2010-11-01,22.13,28.56,23.97,2.4,89.31,0.91,2.24,Kirtankhola_Barishal
2010-11-02,6.18,28.46,22.49,3.14,87.09,0.92,3.47,Kirtankhola_Barishal
2010-11-03,0.01,28.93,22.64,2.32,83.75,0.91,4.91,Kirtankhola_Barishal
2010-11-04,0.0,28.9,22.82,2.61,84.53,0.9,4.85,Kirtankhola_Barishal
2010-11-05,0.0,29.67,20.92,1.67,81.87,0.89,5.41,Kirtankhola_Barishal
2010-11-06,0.0,30.17,22.04,1.32,79.43,0.89,5.44,Kirtankhola_Barishal
2010-11-07,0.0,30.17,23.24,1.48,81.49,0.88,5.41,Kirtankhola_Barishal
2010-11-08,0.0,29.48,22.6,1.86,83.59,0.87,4.67,Kirtankhola_Barishal
2010-11-09,0.0,28.8,21.53,2.09,81.85,0.86,4.94,Kirtankhola_Barishal
2010-11-10,0.0,28.85,21.58,0.86,74.46,0.86,6.1,Kirtankhola_Barishal
2010-11-11,0.0,28.48,23.38,0.79,63.03,0.85,5.93,Kirtankhola_Barishal
2010-11-12,0.0,28.57,23.82,0.51,58.95,0.84,6.27,Kirtankhola_Barishal
2010-11-13,0.0,28.68,24.34,0.77,62.79,0.84,5.64,Kirtankhola_Barishal
2010-11-14,0.0,28.58,22.57,0.77,66.43,0.83,5.99,Kirtankhola_Barishal
2010-11-15,0.0,28.39,22.16,1.27,70.23,0.83,5.13,Kirtankhola_Barishal
2010-11-16,0.0,28.14,21.06,1.29,74.21,0.82,4.61,Kirtankhola_Barishal
2010-11-17,0.0,28.07,21.87,0.97,72.8,0.81,4.11,Kirtankhola_Barishal
2010-11-18,0.1,28.2,21.73,1.59,78.09,0.81,4.31,Kirtankhola_Barishal
2010-11-19,0.83,28.47,22.75,1.04,80.33,0.8,3.95,Kirtankhola_Barishal
2010-11-20,7.36,28.57,22.56,1.08,80.9,0.81,3.42,Kirtankhola_Barishal
2010-11-21,1.14,27.7,20.9,2.09,83.32,0.81,3.58,Kirtankhola_Barishal
2010-11-22,0.0,26.38,18.01,2.52,72.71,0.8,4.15,Kirtankhola_Barishal
2010-11-23,0.0,25.45,17.11,1.8,72.35,0.79,3.33,Kirtankhola_Barishal
2010-11-24,0.0,26.35,18.2,1.57,75.01,0.79,3.85,Kirtankhola_Barishal
2010-11-25,0.0,26.76,19.55,1.66,78.58,0.78,3.8,Kirtankhola_Barishal
2010-11-26,0.0,27.42,19.49,1.48,79.93,0.78,3.58,Kirtankhola_Barishal
2010-11-27,0.0,27.72,20.37,1.12,78.68,0.77,3.93,Kirtankhola_Barishal
2010-11-28,0.0,27.67,21.32,0.9,78.63,0.77,3.8,Kirtankhola_Barishal
2010-11-29,0.0,26.98,20.49,1.92,83.97,0.76,3.58,Kirtankhola_Barishal
2010-11-30,0.0,26.09,18.8,2.48,81.4,0.75,3.57,Kirtankhola_Barishal
2010-12-01,0.0,24.38,16.04,2.84,77.57,0.75,3.68,Kirtankhola_Barishal
2010-12-02,0.0,24.9,14.76,2.27,79.5,0.74,3.41,Kirtankhola_Barishal
2010-12-03,0.0,25.61,15.36,2.27,77.78,0.74,3.6,Kirtankhola_Barishal
2010-12-04,17.3,26.21,16.37,1.63,80.51,0.76,3.35,Kirtankhola_Barishal
2010-12-05,0.0,26.26,17.64,1.86,83.77,0.75,3.05,Kirtankhola_Barishal
2010-12-06,0.02,25.45,19.41,2.45,87.31,0.75,1.71,Kirtankhola_Barishal
2010-12-07,0.23,25.02,18.57,2.87,88.01,0.74,1.84,Kirtankhola_Barishal
2010-12-08,7.81,25.17,19.39,2.42,88.59,0.74,1.89,Kirtankhola_Barishal
2010-12-09,18.82,25.54,20.54,1.81,93.19,0.77,1.01,Kirtankhola_Barishal
2010-12-10,12.05,26.73,21.47,2.06,90.79,0.78,2.18,Kirtankhola_Barishal
2010-12-11,0.92,25.8,18.47,3.09,83.19,0.79,3.11,Kirtankhola_Barishal
2010-12-12,0.0,24.64,16.72,2.29,76.14,0.78,2.67,Kirtankhola_Barishal
2010-12-13,0.0,23.8,17.03,2.45,76.59,0.77,2.59,Kirtankhola_Barishal
2010-12-14,0.0,23.86,15.33,2.06,79.49,0.77,2.22,Kirtankhola_Barishal
2010-12-15,0.0,22.45,13.58,2.58,78.61,0.76,2.36,Kirtankhola_Barishal
2010-12-16,0.0,22.64,12.38,1.98,79.7,0.76,2.04,Kirtankhola_Barishal
2010-12-17,0.0,23.05,13.75,1.67,78.95,0.75,2.37,Kirtankhola_Barishal
2010-12-18,0.0,23.4,14.74,1.94,79.3,0.75,2.39,Kirtankhola_Barishal
2010-12-19,0.0,23.38,13.31,2.5,81.19,0.74,2.5,Kirtankhola_Barishal
2010-12-20,0.0,22.97,12.58,2.93,81.1,0.74,2.33,Kirtankhola_Barishal
2010-12-21,0.0,21.99,11.42,2.53,82.9,0.73,1.97,Kirtankhola_Barishal
2010-12-22,0.0,22.13,11.89,2.16,80.99,0.73,1.93,Kirtankhola_Barishal
2010-12-23,0.0,22.26,12.15,1.97,76.37,0.73,1.75,Kirtankhola_Barishal
2010-12-24,0.0,22.92,13.27,1.77,72.91,0.72,1.79,Kirtankhola_Barishal
2010-12-25,0.0,22.85,12.91,2.31,73.61,0.72,2.07,Kirtankhola_Barishal
2010-12-26,0.0,22.85,12.54,2.36,75.24,0.72,2.25,Kirtankhola_Barishal
2010-12-27,0.0,22.69,11.87,2.13,78.21,0.71,2.11,Kirtankhola_Barishal
2010-12-28,0.0,22.74,12.47,2.06,78.43,0.71,2.19,Kirtankhola_Barishal
2010-12-29,0.0,22.76,12.5,1.93,78.26,0.7,2.12,Kirtankhola_Barishal
2010-12-30,0.0,23.77,13.69,1.34,77.36,0.7,2.34,Kirtankhola_Barishal
2010-12-31,0.0,23.43,14.29,1.3,78.59,0.7,2.15,Kirtankhola_Barishal
2011-01-01,0.0,24.78,15.56,1.17,79.93,0.69,2.03,Kirtankhola_Barishal
2011-01-02,0.0,22.86,14.57,2.92,83.18,0.69,1.98,Kirtankhola_Barishal
2011-01-03,0.0,21.25,11.82,2.82,76.02,0.68,2.09,Kirtankhola_Barishal
2011-01-04,0.0,21.39,10.8,2.14,79.98,0.68,1.68,Kirtankhola_Barishal
2011-01-05,0.0,22.24,12.76,2.4,82.05,0.67,1.69,Kirtankhola_Barishal
2011-01-06,0.0,22.64,13.46,3.03,81.41,0.67,1.63,Kirtankhola_Barishal
2011-01-07,0.0,23.18,11.92,2.66,82.97,0.67,2.03,Kirtankhola_Barishal
2011-01-08,0.0,22.31,11.51,1.98,81.08,0.66,1.94,Kirtankhola_Barishal
2011-01-09,0.0,23.03,15.27,1.83,81.45,0.66,1.45,Kirtankhola_Barishal
2011-01-10,0.0,22.53,12.83,2.93,74.01,0.66,2.09,Kirtankhola_Barishal
2011-01-11,0.0,20.74,9.49,2.55,72.56,0.65,1.64,Kirtankhola_Barishal
2011-01-12,0.0,20.63,9.65,2.19,69.11,0.65,1.42,Kirtankhola_Barishal
2011-01-13,0.0,20.0,9.98,2.0,72.24,0.65,1.05,Kirtankhola_Barishal
2011-01-14,0.0,22.11,10.64,2.34,70.41,0.64,1.66,Kirtankhola_Barishal
2011-01-15,0.0,23.15,11.9,1.46,67.14,0.64,1.74,Kirtankhola_Barishal
2011-01-16,0.0,24.13,13.78,2.24,78.21,0.63,1.62,Kirtankhola_Barishal
2011-01-17,0.47,22.26,12.77,2.48,74.22,0.63,1.74,Kirtankhola_Barishal
2011-01-18,0.0,20.54,9.98,1.59,55.23,0.63,1.77,Kirtankhola_Barishal
2011-01-19,0.0,23.07,13.55,2.3,67.59,0.62,1.93,Kirtankhola_Barishal
2011-01-20,0.0,23.08,15.1,1.71,78.09,0.62,2.03,Kirtankhola_Barishal
2011-01-21,0.0,22.19,11.86,2.16,71.4,0.61,1.79,Kirtankhola_Barishal
2011-01-22,0.0,21.78,11.18,2.03,69.44,0.61,1.69,Kirtankhola_Barishal
2011-01-23,0.0,22.54,11.67,2.0,69.03,0.61,1.74,Kirtankhola_Barishal
2011-01-24,0.0,23.35,12.91,1.55,67.57,0.6,1.81,Kirtankhola_Barishal
2011-01-25,0.0,25.49,14.74,1.38,67.82,0.6,2.2,Kirtankhola_Barishal
2011-01-26,0.0,25.51,14.31,1.87,71.0,0.6,2.3,Kirtankhola_Barishal
2011-01-27,0.0,25.97,15.12,1.7,71.73,0.59,2.34,Kirtankhola_Barishal
2011-01-28,0.0,24.89,15.25,2.82,70.99,0.59,2.47,Kirtankhola_Barishal
2011-01-29,0.0,24.53,13.01,2.16,66.43,0.58,2.44,Kirtankhola_Barishal
2011-01-30,0.0,24.76,13.84,1.7,65.33,0.58,2.31,Kirtankhola_Barishal
2011-01-31,0.0,26.35,16.33,1.36,68.67,0.57,2.38,Kirtankhola_Barishal
2011-02-01,0.0,25.31,15.2,1.93,71.2,0.57,2.39,Kirtankhola_Barishal
2011-02-02,0.0,24.81,13.4,2.54,64.42,0.56,2.33,Kirtankhola_Barishal
2011-02-03,0.0,25.35,13.47,2.0,69.48,0.56,2.11,Kirtankhola_Barishal
2011-02-04,0.0,26.15,14.63,1.42,67.04,0.55,2.39,Kirtankhola_Barishal
2011-02-05,0.0,26.34,15.59,1.23,60.65,0.55,2.65,Kirtankhola_Barishal
2011-02-06,0.0,26.72,16.14,0.97,63.78,0.55,2.69,Kirtankhola_Barishal
2011-02-07,0.0,27.07,16.99,0.95,66.39,0.54,2.32,Kirtankhola_Barishal
2011-02-08,0.0,28.12,17.31,1.05,70.11,0.54,2.52,Kirtankhola_Barishal
2011-02-09,0.0,28.88,17.38,1.3,68.08,0.53,2.42,Kirtankhola_Barishal
2011-02-10,0.0,27.81,16.25,2.08,57.02,0.53,2.8,Kirtankhola_Barishal
2011-02-11,0.0,27.06,14.28,1.89,50.26,0.52,2.6,Kirtankhola_Barishal
2011-02-12,0.0,27.19,16.24,1.24,47.86,0.52,2.31,Kirtankhola_Barishal
2011-02-13,0.0,28.02,16.09,1.22,58.94,0.51,2.44,Kirtankhola_Barishal
2011-02-14,0.0,29.27,18.69,1.44,73.21,0.51,2.21,Kirtankhola_Barishal
2011-02-15,0.0,29.62,18.99,2.46,80.13,0.51,2.1,Kirtankhola_Barishal
2011-02-16,0.0,29.28,19.55,2.65,80.16,0.5,2.0,Kirtankhola_Barishal
2011-02-17,0.2,28.29,18.35,2.51,77.77,0.5,1.95,Kirtankhola_Barishal
2011-02-18,1.59,26.88,17.9,1.78,72.84,0.5,1.39,Kirtankhola_Barishal
2011-02-19,0.03,28.26,18.54,1.48,63.1,0.49,1.78,Kirtankhola_Barishal
2011-02-20,0.0,28.63,18.4,2.05,62.67,0.49,1.75,Kirtankhola_Barishal
2011-02-21,0.0,28.67,18.45,3.79,59.23,0.49,1.8,Kirtankhola_Barishal
2011-02-22,0.0,28.48,18.39,3.53,53.27,0.48,1.72,Kirtankhola_Barishal
2011-02-23,0.0,28.89,15.26,2.86,53.45,0.48,1.58,Kirtankhola_Barishal
2011-02-24,0.0,28.74,15.47,2.73,54.76,0.47,1.44,Kirtankhola_Barishal
2011-02-25,0.0,29.47,15.36,1.89,49.07,0.47,1.45,Kirtankhola_Barishal
2011-02-26,0.0,30.1,16.31,1.78,51.4,0.47,1.36,Kirtankhola_Barishal
2011-02-27,0.0,30.57,17.29,3.45,57.38,0.47,1.31,Kirtankhola_Barishal
2011-02-28,0.0,29.71,17.07,3.24,48.87,0.46,1.32,Kirtankhola_Barishal
2011-03-01,0.0,29.94,14.93,2.88,44.75,0.46,1.23,Kirtankhola_Barishal
2011-03-02,0.0,30.88,15.51,2.66,49.21,0.46,1.16,Kirtankhola_Barishal
2011-03-03,0.0,31.66,17.01,2.14,48.12,0.45,1.12,Kirtankhola_Barishal
2011-03-04,0.0,33.0,19.24,1.6,46.67,0.45,1.11,Kirtankhola_Barishal
2011-03-05,0.0,34.51,20.9,1.33,46.91,0.45,1.04,Kirtankhola_Barishal
2011-03-06,0.0,34.69,21.4,2.09,54.68,0.44,1.01,Kirtankhola_Barishal
2011-03-07,0.0,33.23,19.04,1.87,41.12,0.44,0.98,Kirtankhola_Barishal
2011-03-08,0.0,32.95,20.13,1.63,38.79,0.44,0.88,Kirtankhola_Barishal
2011-03-09,0.0,35.13,19.55,2.0,60.35,0.43,0.88,Kirtankhola_Barishal
2011-03-10,0.0,34.84,21.1,2.29,61.31,0.43,0.79,Kirtankhola_Barishal
2011-03-11,0.16,33.98,21.34,2.05,65.75,0.43,0.62,Kirtankhola_Barishal
2011-03-12,0.27,34.03,22.49,1.65,61.02,0.43,0.64,Kirtankhola_Barishal
2011-03-13,0.0,33.12,21.11,1.63,55.57,0.42,0.61,Kirtankhola_Barishal
2011-03-14,0.0,33.31,22.07,1.83,61.74,0.42,0.54,Kirtankhola_Barishal
2011-03-15,0.19,31.47,22.98,1.17,62.25,0.42,0.33,Kirtankhola_Barishal
2011-03-16,1.54,29.88,23.03,2.47,68.7,0.42,0.22,Kirtankhola_Barishal
2011-03-17,0.0,30.81,22.07,4.39,68.0,0.42,0.38,Kirtankhola_Barishal
2011-03-18,0.0,30.39,22.87,5.1,65.5,0.42,0.35,Kirtankhola_Barishal
2011-03-19,0.0,31.59,23.66,5.93,69.76,0.42,0.34,Kirtankhola_Barishal
2011-03-20,0.0,31.53,24.61,5.59,70.38,0.42,0.32,Kirtankhola_Barishal
2011-03-21,0.0,32.77,24.68,5.37,70.82,0.41,0.33,Kirtankhola_Barishal
2011-03-22,0.0,32.21,24.25,3.85,71.43,0.41,0.3,Kirtankhola_Barishal
2011-03-23,0.0,33.87,23.1,2.67,67.85,0.41,0.36,Kirtankhola_Barishal
2011-03-24,0.19,34.2,22.65,3.03,69.12,0.41,0.32,Kirtankhola_Barishal
2011-03-25,0.05,33.89,22.91,2.78,67.74,0.41,0.29,Kirtankhola_Barishal
2011-03-26,2.79,33.78,23.97,2.98,68.18,0.41,0.25,Kirtankhola_Barishal
2011-03-27,1.98,32.26,24.18,1.77,66.9,0.41,0.29,Kirtankhola_Barishal
2011-03-28,0.19,31.9,24.65,1.66,62.56,0.41,0.26,Kirtankhola_Barishal
2011-03-29,4.31,31.7,23.29,2.78,70.72,0.41,0.25,Kirtankhola_Barishal
2011-03-30,12.36,30.61,23.46,3.55,76.15,0.42,0.33,Kirtankhola_Barishal
2011-03-31,18.15,30.35,24.16,4.18,78.6,0.45,0.65,Kirtankhola_Barishal
2011-04-01,14.22,31.3,22.91,2.45,75.83,0.47,1.75,Kirtankhola_Barishal
2011-04-02,1.97,31.71,23.48,2.9,74.57,0.47,1.84,Kirtankhola_Barishal
2011-04-03,1.2,32.43,22.97,2.31,73.25,0.47,1.69,Kirtankhola_Barishal
2011-04-04,0.0,33.26,23.49,2.11,70.97,0.46,1.66,Kirtankhola_Barishal
2011-04-05,0.97,33.45,23.72,1.57,68.9,0.46,1.43,Kirtankhola_Barishal
2011-04-06,0.0,34.84,23.14,1.56,59.06,0.45,1.63,Kirtankhola_Barishal
2011-04-07,0.0,35.12,22.83,2.13,59.81,0.45,1.51,Kirtankhola_Barishal
2011-04-08,0.0,35.6,22.84,2.59,61.5,0.44,1.28,Kirtankhola_Barishal
2011-04-09,0.0,35.23,24.01,2.48,64.34,0.44,1.01,Kirtankhola_Barishal
2011-04-10,0.0,33.5,23.62,1.65,65.71,0.43,0.7,Kirtankhola_Barishal
2011-04-11,0.01,35.83,23.53,1.26,62.65,0.43,0.87,Kirtankhola_Barishal
2011-04-12,0.0,36.66,23.99,1.82,59.11,0.43,0.88,Kirtankhola_Barishal
2011-04-13,0.0,36.46,25.2,2.82,61.11,0.42,0.7,Kirtankhola_Barishal
2011-04-14,0.17,35.15,25.21,2.87,64.46,0.42,0.56,Kirtankhola_Barishal
2011-04-15,0.37,34.97,25.61,2.27,63.75,0.42,0.53,Kirtankhola_Barishal
2011-04-16,0.13,34.44,25.67,1.97,64.38,0.42,0.42,Kirtankhola_Barishal
2011-04-17,0.19,35.26,25.42,2.18,63.36,0.41,0.43,Kirtankhola_Barishal
2011-04-18,0.17,33.89,25.66,2.39,67.7,0.41,0.31,Kirtankhola_Barishal
2011-04-19,1.06,31.5,26.4,1.71,71.26,0.41,0.17,Kirtankhola_Barishal
2011-04-20,3.67,33.46,25.73,2.69,70.23,0.41,0.33,Kirtankhola_Barishal
2011-04-21,6.69,31.02,25.91,2.41,78.18,0.43,0.24,Kirtankhola_Barishal
2011-04-22,1.36,32.93,25.34,2.39,72.1,0.43,0.51,Kirtankhola_Barishal
2011-04-23,0.79,33.72,25.58,1.98,62.26,0.43,0.48,Kirtankhola_Barishal
2011-04-24,2.7,33.83,24.55,2.99,68.67,0.42,0.54,Kirtankhola_Barishal
2011-04-25,30.66,30.82,24.76,2.58,76.87,0.45,0.52,Kirtankhola_Barishal
2011-04-26,7.22,31.37,24.03,2.03,73.44,0.48,2.13,Kirtankhola_Barishal
2011-04-27,4.55,30.13,24.27,2.18,76.4,0.48,1.67,Kirtankhola_Barishal
2011-04-28,3.21,31.84,25.07,1.64,71.91,0.48,1.95,Kirtankhola_Barishal
2011-04-29,7.51,31.99,24.4,1.74,72.52,0.48,2.33,Kirtankhola_Barishal
2011-04-30,0.89,32.08,25.31,2.37,72.33,0.48,2.26,Kirtankhola_Barishal
2011-05-01,1.94,32.63,25.24,3.18,73.88,0.48,2.21,Kirtankhola_Barishal
2011-05-02,1.87,32.88,25.8,3.84,74.4,0.47,1.91,Kirtankhola_Barishal
2011-05-03,3.53,32.76,26.4,4.14,75.78,0.47,1.57,Kirtankhola_Barishal
2011-05-04,5.33,32.67,26.26,3.06,77.08,0.48,1.73,Kirtankhola_Barishal
2011-05-05,21.05,31.03,25.35,2.2,79.49,0.5,2.2,Kirtankhola_Barishal
2011-05-06,16.96,31.71,25.6,1.95,77.93,0.53,4.04,Kirtankhola_Barishal
2011-05-07,2.56,32.25,25.74,2.51,78.45,0.53,4.43,Kirtankhola_Barishal
2011-05-08,0.46,33.25,26.42,1.38,73.76,0.52,3.86,Kirtankhola_Barishal
2011-05-09,0.14,35.29,25.9,2.5,70.36,0.51,4.96,Kirtankhola_Barishal
2011-05-10,1.45,34.3,26.55,3.24,73.65,0.5,3.27,Kirtankhola_Barishal
2011-05-11,13.98,33.27,27.3,3.52,81.41,0.51,2.35,Kirtankhola_Barishal
2011-05-12,15.3,33.77,27.32,2.9,78.7,0.53,4.16,Kirtankhola_Barishal
2011-05-13,2.09,34.15,26.89,2.92,76.65,0.53,5.17,Kirtankhola_Barishal
2011-05-14,9.16,30.23,26.53,2.2,85.29,0.54,1.51,Kirtankhola_Barishal
2011-05-15,0.16,33.03,26.07,2.82,79.23,0.53,4.68,Kirtankhola_Barishal
2011-05-16,0.0,31.86,26.77,1.91,78.33,0.53,3.13,Kirtankhola_Barishal
2011-05-17,0.82,31.87,26.94,1.57,80.81,0.52,2.51,Kirtankhola_Barishal
2011-05-18,7.86,32.92,26.94,2.26,80.37,0.52,2.85,Kirtankhola_Barishal
2011-05-19,22.38,32.03,27.06,2.49,82.9,0.55,3.48,Kirtankhola_Barishal
2011-05-20,2.49,30.7,26.97,2.67,86.16,0.56,1.9,Kirtankhola_Barishal
2011-05-21,14.69,31.54,27.33,4.37,84.89,0.56,2.83,Kirtankhola_Barishal
2011-05-22,20.67,30.31,27.33,3.87,88.86,0.6,1.79,Kirtankhola_Barishal
2011-05-23,10.8,32.01,27.11,3.22,86.59,0.61,3.96,Kirtankhola_Barishal
2011-05-24,10.2,32.43,26.62,2.51,86.33,0.62,3.9,Kirtankhola_Barishal
2011-05-25,15.61,31.47,27.44,2.11,86.26,0.63,2.97,Kirtankhola_Barishal
2011-05-26,8.57,30.77,26.92,2.75,87.38,0.64,2.28,Kirtankhola_Barishal
2011-05-27,0.63,30.96,26.3,2.4,81.17,0.64,4.61,Kirtankhola_Barishal
2011-05-28,0.76,31.42,26.49,2.41,82.57,0.63,5.03,Kirtankhola_Barishal
2011-05-29,4.68,30.44,26.52,2.88,86.3,0.62,2.58,Kirtankhola_Barishal
2011-05-30,9.97,31.25,27.32,3.12,87.75,0.63,2.33,Kirtankhola_Barishal
2011-05-31,21.49,31.04,27.38,3.96,88.24,0.65,2.16,Kirtankhola_Barishal
2011-06-01,10.35,30.36,27.35,3.74,87.57,0.68,2.27,Kirtankhola_Barishal
2011-06-02,0.88,31.06,27.11,2.99,85.72,0.67,3.13,Kirtankhola_Barishal
2011-06-03,1.79,31.78,26.38,2.37,83.28,0.66,5.0,Kirtankhola_Barishal
2011-06-04,0.63,31.04,26.49,2.09,85.76,0.65,3.29,Kirtankhola_Barishal
2011-06-05,1.42,31.61,26.76,2.3,84.59,0.65,3.72,Kirtankhola_Barishal
2011-06-06,3.52,31.89,27.01,1.91,83.65,0.64,4.25,Kirtankhola_Barishal
2011-06-07,21.81,29.65,26.78,2.5,89.0,0.67,1.24,Kirtankhola_Barishal
2011-06-08,17.27,29.38,26.1,1.83,89.37,0.7,1.13,Kirtankhola_Barishal
2011-06-09,1.21,31.82,25.59,2.44,82.71,0.7,3.7,Kirtankhola_Barishal
2011-06-10,1.2,30.97,27.27,2.61,88.51,0.69,1.61,Kirtankhola_Barishal
2011-06-11,3.36,31.07,27.2,2.92,88.17,0.69,2.2,Kirtankhola_Barishal
2011-06-12,7.74,30.61,26.78,2.38,86.98,0.69,2.22,Kirtankhola_Barishal
2011-06-13,4.51,32.16,26.19,1.83,79.93,0.69,5.53,Kirtankhola_Barishal
2011-06-14,14.85,29.99,25.92,3.14,89.02,0.7,1.19,Kirtankhola_Barishal
2011-06-15,13.99,30.93,27.11,3.54,86.61,0.71,3.08,Kirtankhola_Barishal
2011-06-16,32.76,30.1,26.48,4.27,90.11,0.74,1.25,Kirtankhola_Barishal
2011-06-17,70.76,29.6,27.43,6.4,90.75,0.81,0.75,Kirtankhola_Barishal
2011-06-18,26.42,29.76,27.06,5.63,91.48,0.87,1.02,Kirtankhola_Barishal
2011-06-19,6.76,30.75,27.47,4.93,90.6,0.87,1.94,Kirtankhola_Barishal
2011-06-20,2.72,31.26,27.19,3.83,88.66,0.86,2.88,Kirtankhola_Barishal
2011-06-21,2.9,31.24,26.92,2.99,87.47,0.85,3.16,Kirtankhola_Barishal
2011-06-22,0.31,31.39,26.37,2.88,86.62,0.84,3.54,Kirtankhola_Barishal
2011-06-23,1.21,31.87,27.09,2.48,87.59,0.83,2.93,Kirtankhola_Barishal
2011-06-24,4.43,31.56,27.23,2.11,90.05,0.83,1.58,Kirtankhola_Barishal
2011-06-25,9.6,31.16,26.9,2.58,88.05,0.83,2.45,Kirtankhola_Barishal
2011-06-26,18.38,30.61,26.62,3.35,88.6,0.85,1.66,Kirtankhola_Barishal
2011-06-27,20.56,30.61,26.73,3.41,89.47,0.86,1.51,Kirtankhola_Barishal
2011-06-28,47.83,29.06,26.76,4.3,93.29,0.9,0.42,Kirtankhola_Barishal
2011-06-29,37.23,29.34,26.9,3.65,92.78,0.95,0.54,Kirtankhola_Barishal
2011-06-30,35.54,29.55,27.06,3.58,93.31,0.96,0.45,Kirtankhola_Barishal
2011-07-01,41.93,30.11,26.71,4.05,90.93,0.98,0.88,Kirtankhola_Barishal
2011-07-02,52.49,29.67,25.84,3.72,91.22,0.99,0.49,Kirtankhola_Barishal
2011-07-03,7.49,29.25,26.1,2.61,89.74,0.99,0.62,Kirtankhola_Barishal
2011-07-04,3.39,28.69,25.99,3.96,89.79,0.99,0.89,Kirtankhola_Barishal
2011-07-05,4.75,29.48,26.17,4.92,88.34,0.98,1.46,Kirtankhola_Barishal
2011-07-06,3.5,29.76,26.02,4.36,88.11,0.98,1.56,Kirtankhola_Barishal
2011-07-07,8.43,29.58,26.23,4.19,89.73,0.97,1.11,Kirtankhola_Barishal
2011-07-08,4.42,30.34,26.11,3.45,88.64,0.97,1.83,Kirtankhola_Barishal
2011-07-09,3.52,30.66,25.9,3.15,88.76,0.96,1.91,Kirtankhola_Barishal
2011-07-10,5.51,31.59,26.26,2.23,87.31,0.96,2.2,Kirtankhola_Barishal
2011-07-11,8.15,31.24,27.26,1.94,88.85,0.96,1.4,Kirtankhola_Barishal
2011-07-12,1.12,30.11,27.1,4.25,87.98,0.95,2.33,Kirtankhola_Barishal
2011-07-13,2.54,30.61,26.86,4.7,87.64,0.94,2.42,Kirtankhola_Barishal
2011-07-14,7.76,30.62,27.22,4.5,89.48,0.94,1.95,Kirtankhola_Barishal
2011-07-15,12.52,29.68,26.95,3.35,90.57,0.94,1.05,Kirtankhola_Barishal
2011-07-16,10.97,29.9,26.8,3.9,88.62,0.95,1.39,Kirtankhola_Barishal
2011-07-17,2.81,30.93,26.65,4.3,89.77,0.94,1.75,Kirtankhola_Barishal
2011-07-18,15.57,30.27,27.21,4.68,90.01,0.94,1.55,Kirtankhola_Barishal
2011-07-19,50.14,29.83,27.18,3.51,92.84,0.96,0.55,Kirtankhola_Barishal
2011-07-20,36.45,29.78,26.93,3.78,91.85,0.99,0.68,Kirtankhola_Barishal
2011-07-21,67.66,29.01,26.8,4.27,92.64,0.99,0.33,Kirtankhola_Barishal
2011-07-22,22.89,29.67,26.48,4.73,90.02,1.0,0.62,Kirtankhola_Barishal
2011-07-23,9.5,29.87,26.22,2.73,88.67,1.0,0.95,Kirtankhola_Barishal
2011-07-24,0.91,30.02,25.8,1.9,85.44,0.99,1.35,Kirtankhola_Barishal
2011-07-25,1.25,30.27,26.04,2.05,85.45,0.98,1.63,Kirtankhola_Barishal
2011-07-26,0.8,30.32,26.41,2.22,88.71,0.98,1.24,Kirtankhola_Barishal
2011-07-27,0.55,30.67,26.16,2.05,86.84,0.97,1.75,Kirtankhola_Barishal
2011-07-28,0.63,31.3,25.9,1.82,85.22,0.96,2.45,Kirtankhola_Barishal
2011-07-29,0.55,31.16,26.49,2.28,86.67,0.95,2.57,Kirtankhola_Barishal
2011-07-30,1.6,31.37,26.5,2.29,86.0,0.95,2.42,Kirtankhola_Barishal
2011-07-31,2.16,33.06,26.85,1.35,82.37,0.94,3.62,Kirtankhola_Barishal
2011-08-01,3.28,32.8,27.05,1.63,84.18,0.93,2.75,Kirtankhola_Barishal
2011-08-02,19.56,31.34,27.76,3.09,86.95,0.93,2.41,Kirtankhola_Barishal
2011-08-03,23.48,30.81,27.4,4.84,89.58,0.95,1.95,Kirtankhola_Barishal
2011-08-04,41.07,30.96,27.06,3.41,88.98,0.97,1.7,Kirtankhola_Barishal
2011-08-05,49.46,29.44,26.87,4.82,92.35,0.99,0.69,Kirtankhola_Barishal
2011-08-06,41.61,30.68,27.07,3.79,91.29,1.0,0.96,Kirtankhola_Barishal
2011-08-07,87.34,28.99,27.31,3.9,94.48,1.0,0.12,Kirtankhola_Barishal
2011-08-08,47.78,28.53,26.78,4.03,93.74,1.0,0.13,Kirtankhola_Barishal
2011-08-09,101.36,28.81,26.67,3.5,94.86,1.0,0.07,Kirtankhola_Barishal
2011-08-10,37.59,29.1,26.63,3.0,93.37,1.0,0.17,Kirtankhola_Barishal
2011-08-11,10.16,28.8,26.11,3.2,92.31,1.0,0.24,Kirtankhola_Barishal
2011-08-12,14.59,28.23,26.12,5.21,92.4,1.0,0.26,Kirtankhola_Barishal
2011-08-13,17.51,29.12,26.44,3.87,92.19,1.0,0.38,Kirtankhola_Barishal
2011-08-14,20.31,28.98,26.21,3.48,91.91,1.0,0.5,Kirtankhola_Barishal
2011-08-15,10.79,29.28,26.23,2.95,91.5,1.0,0.57,Kirtankhola_Barishal
2011-08-16,22.97,28.59,26.26,2.89,91.88,1.0,0.24,Kirtankhola_Barishal
2011-08-17,26.97,27.49,25.34,2.81,93.03,1.0,0.13,Kirtankhola_Barishal
2011-08-18,6.24,28.98,24.84,3.19,90.03,1.0,0.82,Kirtankhola_Barishal
2011-08-19,5.62,29.59,25.36,1.72,87.82,1.0,1.24,Kirtankhola_Barishal
2011-08-20,5.08,29.94,25.34,1.77,88.12,0.99,1.53,Kirtankhola_Barishal
2011-08-21,16.45,29.39,25.57,2.06,90.42,0.99,0.88,Kirtankhola_Barishal
2011-08-22,6.88,30.13,25.68,2.48,89.08,0.99,1.58,Kirtankhola_Barishal
2011-08-23,7.26,30.42,25.55,2.91,90.13,0.99,1.35,Kirtankhola_Barishal
2011-08-24,7.5,29.55,25.97,2.8,89.78,0.99,1.36,Kirtankhola_Barishal
2011-08-25,3.69,28.72,26.29,2.84,92.48,0.98,0.65,Kirtankhola_Barishal
2011-08-26,14.22,29.76,25.86,2.26,89.6,0.99,1.4,Kirtankhola_Barishal
2011-08-27,1.76,29.09,25.94,2.54,91.42,0.98,1.11,Kirtankhola_Barishal
2011-08-28,0.98,28.65,25.92,2.75,91.61,0.98,1.11,Kirtankhola_Barishal
2011-08-29,0.66,28.21,26.03,2.67,92.98,0.98,0.76,Kirtankhola_Barishal
2011-08-30,1.95,29.16,26.46,3.43,92.17,0.97,1.16,Kirtankhola_Barishal
2011-08-31,6.26,29.16,26.42,3.3,92.91,0.97,1.04,Kirtankhola_Barishal
2011-09-01,2.6,28.61,26.28,3.47,92.59,0.97,1.01,Kirtankhola_Barishal
2011-09-02,11.34,28.77,25.86,2.71,90.09,0.97,1.09,Kirtankhola_Barishal
2011-09-03,10.27,29.54,25.8,3.64,89.23,0.97,2.12,Kirtankhola_Barishal
2011-09-04,3.57,28.77,26.33,3.69,92.11,0.97,0.89,Kirtankhola_Barishal
2011-09-05,4.63,30.15,26.34,3.13,90.65,0.97,1.9,Kirtankhola_Barishal
2011-09-06,15.8,28.62,26.38,3.04,93.33,0.97,0.47,Kirtankhola_Barishal
2011-09-07,59.22,28.44,26.22,3.99,93.37,0.99,0.45,Kirtankhola_Barishal
2011-09-08,42.0,28.63,26.63,4.53,93.54,1.0,0.43,Kirtankhola_Barishal
2011-09-09,13.91,28.14,26.3,4.74,94.36,1.0,0.22,Kirtankhola_Barishal
2011-09-10,3.33,29.92,26.05,2.83,89.76,1.0,1.73,Kirtankhola_Barishal
2011-09-11,0.57,30.85,26.01,1.28,85.1,0.99,2.69,Kirtankhola_Barishal
2011-09-12,0.86,31.07,26.33,1.54,89.06,0.99,1.62,Kirtankhola_Barishal
2011-09-13,1.66,31.58,27.16,1.71,88.66,0.98,1.14,Kirtankhola_Barishal
2011-09-14,12.59,28.73,26.79,3.84,90.38,0.99,1.75,Kirtankhola_Barishal
2011-09-15,22.01,28.31,26.61,4.19,93.21,0.99,0.43,Kirtankhola_Barishal
2011-09-16,41.34,28.82,26.79,4.27,93.64,1.0,0.42,Kirtankhola_Barishal
2011-09-17,27.29,28.9,26.68,3.74,94.33,1.0,0.27,Kirtankhola_Barishal
2011-09-18,13.03,29.08,26.9,3.0,93.47,1.0,0.3,Kirtankhola_Barishal
2011-09-19,5.45,29.66,26.23,2.48,90.84,1.0,1.12,Kirtankhola_Barishal
2011-09-20,3.87,29.82,26.17,3.45,91.54,0.99,1.43,Kirtankhola_Barishal
2011-09-21,5.84,29.0,26.06,2.97,92.79,0.99,0.71,Kirtankhola_Barishal
2011-09-22,11.01,30.0,26.62,4.31,88.89,0.99,2.12,Kirtankhola_Barishal
2011-09-23,10.16,29.14,26.47,5.15,89.27,0.99,1.7,Kirtankhola_Barishal
2011-09-24,10.97,30.12,26.34,4.03,88.8,0.99,2.45,Kirtankhola_Barishal
2011-09-25,3.86,30.25,26.14,3.43,86.7,0.99,3.01,Kirtankhola_Barishal
2011-09-26,4.11,30.59,25.76,2.68,87.12,0.98,3.6,Kirtankhola_Barishal
2011-09-27,3.74,30.44,25.78,2.42,88.29,0.97,3.37,Kirtankhola_Barishal
2011-09-28,0.57,31.59,26.13,1.2,83.64,0.97,5.6,Kirtankhola_Barishal
2011-09-29,3.85,30.87,25.26,1.82,86.96,0.96,3.36,Kirtankhola_Barishal
2011-09-30,6.33,31.65,25.31,1.85,85.38,0.96,4.34,Kirtankhola_Barishal
2011-10-01,0.85,31.39,25.62,2.4,86.17,0.95,3.9,Kirtankhola_Barishal
2011-10-02,4.78,30.97,25.43,2.39,85.69,0.94,4.33,Kirtankhola_Barishal
2011-10-03,7.81,31.15,25.03,1.58,82.5,0.94,4.21,Kirtankhola_Barishal
2011-10-04,8.91,31.14,25.24,1.34,81.59,0.94,4.58,Kirtankhola_Barishal
2011-10-05,1.78,31.02,25.88,2.06,87.33,0.94,4.25,Kirtankhola_Barishal
2011-10-06,4.66,31.09,25.97,1.13,80.92,0.94,4.64,Kirtankhola_Barishal
2011-10-07,2.47,30.62,25.7,1.1,84.34,0.93,3.74,Kirtankhola_Barishal
2011-10-08,4.53,30.49,26.56,0.96,80.97,0.93,3.43,Kirtankhola_Barishal
2011-10-09,2.79,31.25,26.41,0.76,77.3,0.93,5.42,Kirtankhola_Barishal
2011-10-10,0.04,31.34,26.0,1.01,78.94,0.92,5.06,Kirtankhola_Barishal
2011-10-11,0.01,31.26,26.18,1.48,80.83,0.91,4.36,Kirtankhola_Barishal
2011-10-12,0.0,31.22,25.09,2.56,84.27,0.91,5.46,Kirtankhola_Barishal
2011-10-13,0.0,30.44,23.07,2.31,83.11,0.9,5.5,Kirtankhola_Barishal
2011-10-14,0.0,30.71,23.86,1.57,80.89,0.89,5.52,Kirtankhola_Barishal
2011-10-15,0.0,31.35,25.5,0.98,78.96,0.88,6.02,Kirtankhola_Barishal
2011-10-16,0.0,31.46,26.52,0.62,74.59,0.87,6.82,Kirtankhola_Barishal
2011-10-17,2.71,30.67,25.91,1.96,82.38,0.87,4.61,Kirtankhola_Barishal
2011-10-18,4.52,27.46,25.62,2.93,90.12,0.87,1.51,Kirtankhola_Barishal
2011-10-19,2.64,27.28,24.64,5.28,88.38,0.87,1.86,Kirtankhola_Barishal
2011-10-20,0.12,27.63,24.77,4.35,89.86,0.86,2.83,Kirtankhola_Barishal
2011-10-21,1.78,28.54,24.74,1.59,86.62,0.86,2.01,Kirtankhola_Barishal
2011-10-22,7.46,28.81,24.76,1.19,82.87,0.86,2.88,Kirtankhola_Barishal
2011-10-23,5.78,29.4,24.42,1.0,79.45,0.87,5.49,Kirtankhola_Barishal
2011-10-24,0.0,29.66,23.56,2.23,81.26,0.86,5.37,Kirtankhola_Barishal
2011-10-25,0.0,29.29,22.47,2.17,82.51,0.85,4.36,Kirtankhola_Barishal
2011-10-26,0.0,29.76,22.9,1.62,78.22,0.84,5.4,Kirtankhola_Barishal
2011-10-27,0.0,29.61,22.79,1.68,77.48,0.84,5.52,Kirtankhola_Barishal
2011-10-28,0.0,29.1,21.83,2.01,79.14,0.83,5.43,Kirtankhola_Barishal
2011-10-29,0.0,29.07,21.16,1.81,78.27,0.82,5.52,Kirtankhola_Barishal
2011-10-30,0.0,28.27,20.46,1.89,80.82,0.82,5.34,Kirtankhola_Barishal
2011-10-31,0.0,27.97,20.83,1.93,79.93,0.81,5.07,Kirtankhola_Barishal
2011-11-01,0.0,27.84,20.53,1.85,76.91,0.8,4.61,Kirtankhola_Barishal
2011-11-02,0.0,27.68,19.78,1.87,74.4,0.79,4.94,Kirtankhola_Barishal
2011-11-03,0.0,27.8,19.82,1.48,73.11,0.79,4.7,Kirtankhola_Barishal
2011-11-04,0.0,27.48,20.95,1.52,75.23,0.78,3.92,Kirtankhola_Barishal
2011-11-05,0.22,28.11,20.7,1.49,76.43,0.78,4.27,Kirtankhola_Barishal
2011-11-06,0.88,27.78,20.12,1.47,78.57,0.77,4.27,Kirtankhola_Barishal
2011-11-07,0.04,27.77,21.46,1.59,76.25,0.77,4.69,Kirtankhola_Barishal
2011-11-08,0.0,27.85,19.6,2.1,80.8,0.76,5.21,Kirtankhola_Barishal
2011-11-09,0.0,28.68,18.91,1.72,79.16,0.75,5.68,Kirtankhola_Barishal
2011-11-10,0.0,28.95,19.15,0.94,71.33,0.74,6.41,Kirtankhola_Barishal
2011-11-11,0.0,28.19,19.47,0.9,70.36,0.74,6.33,Kirtankhola_Barishal
2011-11-12,0.0,28.03,22.15,1.09,74.22,0.73,5.72,Kirtankhola_Barishal
2011-11-13,0.0,28.32,22.11,0.9,75.13,0.73,6.09,Kirtankhola_Barishal
2011-11-14,0.0,28.06,22.11,0.83,70.82,0.72,5.81,Kirtankhola_Barishal
2011-11-15,0.09,28.07,21.16,0.59,71.36,0.71,5.33,Kirtankhola_Barishal
2011-11-16,0.14,28.5,21.6,0.83,65.55,0.71,5.17,Kirtankhola_Barishal
2011-11-17,0.0,27.62,20.36,1.48,73.78,0.7,4.83,Kirtankhola_Barishal
2011-11-18,0.0,26.97,18.65,1.64,75.77,0.7,4.41,Kirtankhola_Barishal
2011-11-19,0.0,26.92,18.75,1.3,73.93,0.69,4.17,Kirtankhola_Barishal
2011-11-20,0.0,27.65,19.47,1.05,70.22,0.69,4.75,Kirtankhola_Barishal
2011-11-21,0.0,27.54,19.55,1.08,72.13,0.68,4.71,Kirtankhola_Barishal
2011-11-22,0.0,27.42,18.88,1.31,71.67,0.68,4.96,Kirtankhola_Barishal
2011-11-23,0.0,27.65,18.17,1.26,71.11,0.67,5.09,Kirtankhola_Barishal
2011-11-24,0.0,27.74,17.52,1.75,74.91,0.66,4.9,Kirtankhola_Barishal
2011-11-25,0.0,27.81,18.38,2.17,78.29,0.66,4.85,Kirtankhola_Barishal
2011-11-26,0.0,27.0,17.78,2.09,78.41,0.65,4.37,Kirtankhola_Barishal
2011-11-27,0.0,26.07,17.03,2.03,79.2,0.65,4.05,Kirtankhola_Barishal
2011-11-28,0.0,25.69,16.71,2.38,80.16,0.64,3.5,Kirtankhola_Barishal
2011-11-29,0.0,25.92,16.37,1.66,73.28,0.64,3.45,Kirtankhola_Barishal
2011-11-30,0.0,25.68,16.49,2.21,76.43,0.63,3.15,Kirtankhola_Barishal
2011-12-01,0.0,26.45,16.71,1.44,76.11,0.63,3.34,Kirtankhola_Barishal
2011-12-02,0.0,27.26,17.93,1.09,74.86,0.62,4.28,Kirtankhola_Barishal
2011-12-03,0.0,26.43,18.94,1.32,79.07,0.62,3.47,Kirtankhola_Barishal
2011-12-04,0.0,27.05,19.58,1.25,78.33,0.61,3.5,Kirtankhola_Barishal
2011-12-05,0.0,26.6,20.47,0.89,75.23,0.61,3.5,Kirtankhola_Barishal
2011-12-06,0.0,26.57,17.81,1.77,78.98,0.61,3.45,Kirtankhola_Barishal
2011-12-07,0.0,26.9,17.32,1.76,78.73,0.6,3.46,Kirtankhola_Barishal
2011-12-08,0.0,26.77,17.14,1.66,78.5,0.6,3.5,Kirtankhola_Barishal
2011-12-09,0.0,26.4,17.16,1.43,77.63,0.59,3.29,Kirtankhola_Barishal
2011-12-10,0.0,26.22,16.56,1.08,72.08,0.59,3.22,Kirtankhola_Barishal
2011-12-11,0.0,26.07,16.76,1.14,69.19,0.59,2.96,Kirtankhola_Barishal
2011-12-12,0.0,25.39,16.88,2.41,77.95,0.58,2.6,Kirtankhola_Barishal
2011-12-13,0.0,23.81,14.84,2.93,77.68,0.58,2.45,Kirtankhola_Barishal
2011-12-14,0.0,23.54,14.12,2.63,78.85,0.57,2.23,Kirtankhola_Barishal
2011-12-15,0.0,23.01,13.09,2.49,76.31,0.57,2.28,Kirtankhola_Barishal
2011-12-16,0.0,23.51,12.73,2.41,76.14,0.57,2.36,Kirtankhola_Barishal
2011-12-17,0.0,22.57,12.25,2.38,77.63,0.56,2.11,Kirtankhola_Barishal
2011-12-18,0.0,22.88,12.16,2.25,77.34,0.56,2.11,Kirtankhola_Barishal
2011-12-19,0.0,22.41,11.87,2.07,75.59,0.56,2.08,Kirtankhola_Barishal
2011-12-20,0.0,22.82,11.75,2.42,76.31,0.55,2.14,Kirtankhola_Barishal
2011-12-21,0.0,22.9,11.95,2.46,79.98,0.55,1.71,Kirtankhola_Barishal
2011-12-22,0.0,23.56,11.87,2.67,74.3,0.55,2.14,Kirtankhola_Barishal
2011-12-23,0.0,22.36,10.63,2.42,75.83,0.54,1.81,Kirtankhola_Barishal
2011-12-24,0.0,22.44,12.62,2.09,71.15,0.54,1.39,Kirtankhola_Barishal
2011-12-25,0.0,24.37,12.72,1.47,67.51,0.54,2.26,Kirtankhola_Barishal
2011-12-26,0.0,25.37,13.54,1.23,66.03,0.54,2.22,Kirtankhola_Barishal
2011-12-27,0.0,26.72,14.72,1.14,69.18,0.53,2.49,Kirtankhola_Barishal
2011-12-28,0.01,25.14,18.89,1.12,75.18,0.53,1.68,Kirtankhola_Barishal
2011-12-29,0.16,26.83,18.63,1.21,74.66,0.53,2.39,Kirtankhola_Barishal
2011-12-30,0.0,27.31,16.55,2.11,71.23,0.52,2.45,Kirtankhola_Barishal
2011-12-31,0.0,26.43,14.8,2.32,66.22,0.52,2.2,Kirtankhola_Barishal
2012-01-01,0.0,26.95,15.09,1.6,63.89,0.51,2.17,Kirtankhola_Barishal
2012-01-02,0.73,26.86,17.43,1.44,67.77,0.51,1.76,Kirtankhola_Barishal
2012-01-03,0.12,25.45,17.51,1.99,77.74,0.51,1.36,Kirtankhola_Barishal
2012-01-04,0.0,24.9,15.67,1.81,73.89,0.51,1.32,Kirtankhola_Barishal
2012-01-05,0.13,25.12,15.83,1.2,72.26,0.5,1.33,Kirtankhola_Barishal
2012-01-06,3.12,25.03,16.18,1.08,73.46,0.5,1.26,Kirtankhola_Barishal
2012-01-07,2.88,24.93,16.44,1.1,73.29,0.51,1.06,Kirtankhola_Barishal
2012-01-08,0.1,26.0,16.24,1.32,70.31,0.51,1.62,Kirtankhola_Barishal
2012-01-09,3.48,26.35,16.93,1.04,71.64,0.51,1.37,Kirtankhola_Barishal
2012-01-10,1.21,23.88,17.53,1.61,79.25,0.51,0.82,Kirtankhola_Barishal
2012-01-11,0.01,25.16,16.11,2.52,74.27,0.51,1.41,Kirtankhola_Barishal
2012-01-12,0.0,23.87,14.3,3.41,68.9,0.5,1.23,Kirtankhola_Barishal
2012-01-13,0.0,21.34,10.71,3.13,65.33,0.5,0.95,Kirtankhola_Barishal
2012-01-14,0.0,21.82,10.86,3.0,70.64,0.5,0.75,Kirtankhola_Barishal
2012-01-15,0.0,22.76,10.32,2.45,62.05,0.49,0.92,Kirtankhola_Barishal
2012-01-16,0.0,23.4,11.25,2.02,60.98,0.49,0.87,Kirtankhola_Barishal
2012-01-17,0.0,25.54,13.95,1.27,61.27,0.49,1.06,Kirtankhola_Barishal
2012-01-18,0.0,26.57,15.58,1.61,77.84,0.49,1.05,Kirtankhola_Barishal
2012-01-19,0.0,27.42,17.26,1.15,72.96,0.48,1.18,Kirtankhola_Barishal
2012-01-20,0.0,26.65,15.85,1.41,75.71,0.48,1.05,Kirtankhola_Barishal
2012-01-21,0.0,25.33,15.97,2.12,72.84,0.48,0.89,Kirtankhola_Barishal
2012-01-22,0.0,23.46,12.79,2.83,63.77,0.48,0.8,Kirtankhola_Barishal
2012-01-23,0.0,23.55,11.04,2.72,57.64,0.47,0.72,Kirtankhola_Barishal
2012-01-24,0.0,23.7,11.45,2.23,60.88,0.47,0.69,Kirtankhola_Barishal
2012-01-25,0.0,23.98,11.42,2.19,59.59,0.47,0.65,Kirtankhola_Barishal
2012-01-26,0.0,24.93,12.35,1.87,57.6,0.47,0.71,Kirtankhola_Barishal
2012-01-27,0.0,25.49,14.34,2.02,59.25,0.47,0.73,Kirtankhola_Barishal
2012-01-28,0.0,25.51,13.44,3.02,57.54,0.46,0.74,Kirtankhola_Barishal
2012-01-29,0.0,25.0,13.39,3.28,57.79,0.46,0.66,Kirtankhola_Barishal
2012-01-30,0.0,26.53,13.57,3.66,57.08,0.46,0.72,Kirtankhola_Barishal
2012-01-31,0.0,25.98,12.3,3.45,52.88,0.46,0.69,Kirtankhola_Barishal
2012-02-01,0.0,25.71,11.96,3.18,55.91,0.46,0.59,Kirtankhola_Barishal
2012-02-02,0.0,24.85,12.57,3.19,50.82,0.45,0.56,Kirtankhola_Barishal
2012-02-03,0.0,25.33,11.7,2.48,52.85,0.45,0.52,Kirtankhola_Barishal
2012-02-04,0.0,26.51,12.59,2.47,55.2,0.45,0.54,Kirtankhola_Barishal
2012-02-05,0.0,28.05,13.74,2.17,51.97,0.45,0.57,Kirtankhola_Barishal
2012-02-06,0.0,28.96,14.65,1.34,50.3,0.45,0.56,Kirtankhola_Barishal
2012-02-07,0.0,28.5,17.08,1.56,51.21,0.44,0.55,Kirtankhola_Barishal
2012-02-08,0.0,29.68,17.17,1.22,54.61,0.44,0.53,Kirtankhola_Barishal
2012-02-09,0.0,28.7,18.86,2.05,67.56,0.44,0.45,Kirtankhola_Barishal
2012-02-10,0.0,26.84,15.87,2.7,54.92,0.44,0.45,Kirtankhola_Barishal
2012-02-11,0.0,26.3,13.05,2.44,48.87,0.44,0.43,Kirtankhola_Barishal
2012-02-12,0.0,26.1,12.58,2.25,47.59,0.43,0.39,Kirtankhola_Barishal
2012-02-13,0.0,27.99,13.46,2.22,46.89,0.43,0.41,Kirtankhola_Barishal
2012-02-14,0.0,28.64,15.42,1.93,45.58,0.43,0.38,Kirtankhola_Barishal
2012-02-15,0.0,30.31,17.51,1.56,50.63,0.43,0.38,Kirtankhola_Barishal
2012-02-16,1.28,30.7,18.75,1.65,57.39,0.43,0.39,Kirtankhola_Barishal
2012-02-17,0.0,29.75,18.13,2.95,59.71,0.43,0.37,Kirtankhola_Barishal
2012-02-18,0.0,30.26,18.37,2.37,57.45,0.42,0.37,Kirtankhola_Barishal
2012-02-19,0.0,29.61,15.96,2.18,45.89,0.42,0.35,Kirtankhola_Barishal
2012-02-20,0.0,29.3,16.19,1.6,43.01,0.42,0.34,Kirtankhola_Barishal
2012-02-21,0.0,30.42,17.24,1.38,45.43,0.42,0.32,Kirtankhola_Barishal
2012-02-22,0.0,31.51,18.31,1.25,52.3,0.42,0.33,Kirtankhola_Barishal
2012-02-23,0.0,32.88,18.87,1.0,49.88,0.41,0.33,Kirtankhola_Barishal
2012-02-24,0.0,33.17,19.49,1.39,49.5,0.41,0.32,Kirtankhola_Barishal
2012-02-25,0.0,33.61,19.2,1.51,35.53,0.41,0.3,Kirtankhola_Barishal
2012-02-26,0.0,33.42,17.94,1.92,42.08,0.41,0.26,Kirtankhola_Barishal
2012-02-27,0.0,31.98,17.85,1.83,40.48,0.41,0.24,Kirtankhola_Barishal
2012-02-28,0.0,31.72,17.43,2.22,46.77,0.4,0.2,Kirtankhola_Barishal
2012-02-29,6.08,30.61,20.63,3.12,77.61,0.41,0.17,Kirtankhola_Barishal
2012-03-01,0.25,31.71,20.68,2.3,68.28,0.41,0.29,Kirtankhola_Barishal
2012-03-02,6.03,30.93,19.67,2.74,71.12,0.41,0.22,Kirtankhola_Barishal
2012-03-03,6.15,30.55,21.62,1.5,70.07,0.43,0.41,Kirtankhola_Barishal
2012-03-04,0.02,32.35,20.44,1.46,54.84,0.42,0.5,Kirtankhola_Barishal
2012-03-05,0.0,32.42,19.47,3.08,61.55,0.42,0.39,Kirtankhola_Barishal
2012-03-06,0.0,33.6,21.05,3.32,71.11,0.42,0.34,Kirtankhola_Barishal
2012-03-07,0.0,32.92,22.02,3.39,75.26,0.41,0.29,Kirtankhola_Barishal
2012-03-08,0.0,33.38,22.41,2.86,71.74,0.41,0.27,Kirtankhola_Barishal
2012-03-09,0.0,32.67,21.75,2.41,70.32,0.41,0.25,Kirtankhola_Barishal
2012-03-10,0.0,33.43,22.1,1.01,60.59,0.41,0.25,Kirtankhola_Barishal
2012-03-11,0.0,33.81,20.95,2.71,47.99,0.4,0.23,Kirtankhola_Barishal
2012-03-12,0.0,33.95,18.76,2.34,35.88,0.4,0.22,Kirtankhola_Barishal
2012-03-13,0.0,34.45,20.21,1.09,34.84,0.4,0.18,Kirtankhola_Barishal
2012-03-14,0.0,33.95,19.39,1.95,50.72,0.4,0.15,Kirtankhola_Barishal
2012-03-15,0.0,32.32,19.89,2.17,44.41,0.4,0.13,Kirtankhola_Barishal
2012-03-16,0.0,32.85,19.83,1.41,40.79,0.39,0.12,Kirtankhola_Barishal
2012-03-17,0.11,33.43,20.32,1.9,47.81,0.39,0.12,Kirtankhola_Barishal
2012-03-18,6.1,30.98,22.56,1.81,72.44,0.4,0.08,Kirtankhola_Barishal
2012-03-19,0.84,32.77,22.93,2.33,71.03,0.4,0.14,Kirtankhola_Barishal
2012-03-20,0.33,33.35,23.5,2.3,73.37,0.4,0.13,Kirtankhola_Barishal
2012-03-21,0.0,35.3,24.1,2.59,70.71,0.4,0.13,Kirtankhola_Barishal
2012-03-22,0.0,35.37,23.28,3.56,68.83,0.39,0.11,Kirtankhola_Barishal
2012-03-23,0.0,35.39,23.87,1.62,62.64,0.39,0.11,Kirtankhola_Barishal
2012-03-24,0.0,34.82,23.23,2.19,63.09,0.39,0.08,Kirtankhola_Barishal
2012-03-25,0.0,35.03,21.34,2.84,63.38,0.39,0.07,Kirtankhola_Barishal
2012-03-26,0.0,35.5,23.28,2.87,63.46,0.38,0.06,Kirtankhola_Barishal
2012-03-27,0.0,35.5,23.39,3.19,60.48,0.38,0.05,Kirtankhola_Barishal
2012-03-28,0.0,36.45,23.93,3.47,57.69,0.38,0.04,Kirtankhola_Barishal
2012-03-29,0.0,37.04,23.72,3.53,60.94,0.38,0.03,Kirtankhola_Barishal
2012-03-30,0.0,35.26,24.69,2.44,65.13,0.38,0.02,Kirtankhola_Barishal
2012-03-31,0.0,33.21,24.45,1.29,62.9,0.38,0.01,Kirtankhola_Barishal
2012-04-01,0.0,36.79,24.56,1.96,52.02,0.38,0.02,Kirtankhola_Barishal
2012-04-02,0.0,34.78,26.03,1.84,56.32,0.38,0.01,Kirtankhola_Barishal
2012-04-03,0.0,35.63,25.29,2.29,60.63,0.38,0.01,Kirtankhola_Barishal
2012-04-04,0.0,36.08,24.96,3.12,60.87,0.37,0.01,Kirtankhola_Barishal
2012-04-05,1.5,33.35,24.49,2.57,67.91,0.37,0.01,Kirtankhola_Barishal
2012-04-06,13.28,28.78,24.31,2.83,79.47,0.39,0.03,Kirtankhola_Barishal
2012-04-07,4.53,31.5,23.69,2.18,74.18,0.41,0.13,Kirtankhola_Barishal
2012-04-08,17.64,32.16,23.67,3.71,77.42,0.42,0.19,Kirtankhola_Barishal
2012-04-09,31.7,30.82,25.35,4.59,80.75,0.46,0.77,Kirtankhola_Barishal
2012-04-10,24.94,29.93,24.26,2.77,84.01,0.51,1.93,Kirtankhola_Barishal
2012-04-11,6.57,29.8,24.92,3.04,81.39,0.52,2.48,Kirtankhola_Barishal
2012-04-12,12.36,31.63,25.01,3.28,80.01,0.52,3.08,Kirtankhola_Barishal
2012-04-13,13.12,28.84,24.71,3.02,87.65,0.54,1.46,Kirtankhola_Barishal
2012-04-14,0.06,32.12,24.14,1.54,79.5,0.54,4.33,Kirtankhola_Barishal
2012-04-15,0.03,33.06,24.03,1.93,76.09,0.53,5.23,Kirtankhola_Barishal
2012-04-16,0.03,33.45,24.78,2.2,75.06,0.52,5.09,Kirtankhola_Barishal
2012-04-17,0.0,33.95,25.24,2.36,73.86,0.51,4.63,Kirtankhola_Barishal
2012-04-18,0.06,34.83,25.69,3.26,74.69,0.5,4.25,Kirtankhola_Barishal
2012-04-19,0.11,34.52,25.43,3.65,76.05,0.49,3.32,Kirtankhola_Barishal
2012-04-20,0.55,33.89,26.42,3.2,75.8,0.49,2.82,Kirtankhola_Barishal
2012-04-21,4.89,34.1,25.9,2.5,74.8,0.49,3.09,Kirtankhola_Barishal
2012-04-22,2.04,36.56,25.91,3.25,72.33,0.49,3.32,Kirtankhola_Barishal
2012-04-23,0.12,35.45,25.92,3.7,72.34,0.48,2.96,Kirtankhola_Barishal
2012-04-24,0.09,34.45,26.42,3.47,74.46,0.48,2.3,Kirtankhola_Barishal
2012-04-25,1.19,35.13,26.13,3.52,72.36,0.47,2.41,Kirtankhola_Barishal
2012-04-26,4.11,33.21,26.36,2.89,72.53,0.47,1.77,Kirtankhola_Barishal
2012-04-27,0.14,35.39,27.23,4.19,70.49,0.47,2.2,Kirtankhola_Barishal
2012-04-28,2.02,35.65,27.16,4.67,73.1,0.47,1.97,Kirtankhola_Barishal
2012-04-29,7.6,35.81,27.57,4.18,72.19,0.47,2.2,Kirtankhola_Barishal
2012-04-30,10.1,34.52,26.78,4.44,74.45,0.48,2.59,Kirtankhola_Barishal
2012-05-01,36.15,31.84,27.21,4.33,81.26,0.52,2.31,Kirtankhola_Barishal
2012-05-02,15.0,32.14,26.65,3.33,82.86,0.55,3.61,Kirtankhola_Barishal
2012-05-03,17.29,32.08,26.09,2.16,83.15,0.57,3.97,Kirtankhola_Barishal
2012-05-04,7.57,30.18,25.63,1.37,78.09,0.58,3.91,Kirtankhola_Barishal
2012-05-05,0.0,30.3,25.1,0.85,74.67,0.57,3.31,Kirtankhola_Barishal
2012-05-06,0.0,34.22,24.71,1.28,66.39,0.56,6.57,Kirtankhola_Barishal
2012-05-07,0.0,35.61,24.81,1.22,67.51,0.55,7.43,Kirtankhola_Barishal
2012-05-08,0.0,34.46,25.58,2.09,71.18,0.54,6.47,Kirtankhola_Barishal
2012-05-09,0.3,33.01,26.21,2.23,74.54,0.53,5.02,Kirtankhola_Barishal
2012-05-10,0.39,32.77,26.44,2.17,77.22,0.52,3.93,Kirtankhola_Barishal
2012-05-11,0.59,32.24,26.59,2.39,77.11,0.52,3.24,Kirtankhola_Barishal
2012-05-12,3.3,32.2,26.43,2.69,79.62,0.52,2.76,Kirtankhola_Barishal
2012-05-13,3.97,31.48,27.28,2.87,84.28,0.52,1.56,Kirtankhola_Barishal
2012-05-14,0.58,32.75,27.58,3.39,84.04,0.52,2.14,Kirtankhola_Barishal
2012-05-15,1.05,32.93,27.93,3.34,81.09,0.52,2.31,Kirtankhola_Barishal
2012-05-16,1.53,33.37,26.85,2.87,78.8,0.52,3.11,Kirtankhola_Barishal
2012-05-17,2.73,34.8,27.74,2.87,77.34,0.51,3.22,Kirtankhola_Barishal
2012-05-18,6.0,31.65,27.46,2.26,83.6,0.52,1.59,Kirtankhola_Barishal
2012-05-19,1.93,33.92,27.36,2.98,77.24,0.52,3.41,Kirtankhola_Barishal
2012-05-20,5.41,32.39,27.13,2.19,82.86,0.52,2.21,Kirtankhola_Barishal
2012-05-21,1.21,33.08,27.27,2.07,80.27,0.52,2.59,Kirtankhola_Barishal
2012-05-22,0.0,33.97,27.28,2.91,79.97,0.51,2.87,Kirtankhola_Barishal
2012-05-23,0.01,33.53,28.12,3.55,80.86,0.51,2.48,Kirtankhola_Barishal
2012-05-24,0.14,32.5,27.92,3.71,81.91,0.51,1.82,Kirtankhola_Barishal
2012-05-25,0.78,32.44,27.81,3.02,80.91,0.5,1.96,Kirtankhola_Barishal
2012-05-26,0.1,32.71,27.46,2.34,83.09,0.5,1.61,Kirtankhola_Barishal
2012-05-27,1.34,32.31,27.76,2.77,84.14,0.5,1.37,Kirtankhola_Barishal
2012-05-28,2.74,32.78,27.69,2.78,81.56,0.5,1.81,Kirtankhola_Barishal
2012-05-29,2.31,34.22,27.55,1.99,76.19,0.5,2.65,Kirtankhola_Barishal
2012-05-30,8.43,32.77,27.82,1.81,81.02,0.51,1.62,Kirtankhola_Barishal
2012-05-31,7.85,33.62,27.72,2.86,78.29,0.51,2.46,Kirtankhola_Barishal
2012-06-01,30.55,32.34,28.02,3.16,83.51,0.54,2.64,Kirtankhola_Barishal
2012-06-02,12.06,32.45,27.6,3.51,85.0,0.58,3.21,Kirtankhola_Barishal
2012-06-03,2.1,31.64,28.34,5.2,87.94,0.57,2.04,Kirtankhola_Barishal
2012-06-04,5.23,32.5,28.98,5.18,84.41,0.57,2.36,Kirtankhola_Barishal
2012-06-05,8.44,31.36,28.57,3.68,89.24,0.58,1.63,Kirtankhola_Barishal
2012-06-06,0.9,31.93,28.51,3.59,87.43,0.58,2.12,Kirtankhola_Barishal
2012-06-07,0.65,32.29,28.24,3.0,84.47,0.57,2.66,Kirtankhola_Barishal
2012-06-08,0.45,34.17,28.19,2.09,79.45,0.57,3.88,Kirtankhola_Barishal
2012-06-09,0.04,32.72,28.44,2.77,82.1,0.56,2.34,Kirtankhola_Barishal
2012-06-10,0.08,33.58,27.92,3.59,78.63,0.55,4.18,Kirtankhola_Barishal
2012-06-11,0.0,32.63,27.87,3.86,81.73,0.54,3.71,Kirtankhola_Barishal
2012-06-12,0.06,33.73,27.38,3.08,79.93,0.54,4.89,Kirtankhola_Barishal
2012-06-13,1.12,31.74,27.94,2.73,84.81,0.53,1.54,Kirtankhola_Barishal
2012-06-14,3.61,31.75,28.23,4.41,84.21,0.54,1.5,Kirtankhola_Barishal
2012-06-15,15.57,31.03,28.29,4.87,86.72,0.55,1.06,Kirtankhola_Barishal
2012-06-16,33.64,30.46,27.35,4.22,87.92,0.6,1.18,Kirtankhola_Barishal
2012-06-17,10.56,31.35,26.89,2.65,85.66,0.62,2.63,Kirtankhola_Barishal
2012-06-18,1.69,32.69,26.55,2.53,82.81,0.61,5.08,Kirtankhola_Barishal
2012-06-19,7.14,32.01,26.72,3.05,83.71,0.6,4.17,Kirtankhola_Barishal
2012-06-20,16.3,31.99,27.33,4.48,86.19,0.62,2.97,Kirtankhola_Barishal
2012-06-21,26.26,31.19,27.23,4.84,87.25,0.65,3.04,Kirtankhola_Barishal
2012-06-22,21.95,30.67,27.22,5.11,88.48,0.67,2.45,Kirtankhola_Barishal
2012-06-23,40.22,30.26,27.24,6.06,88.69,0.71,2.09,Kirtankhola_Barishal
2012-06-24,57.02,30.09,26.94,5.86,90.48,0.78,1.15,Kirtankhola_Barishal
2012-06-25,11.19,29.46,26.77,5.73,91.33,0.8,0.97,Kirtankhola_Barishal
2012-06-26,4.54,30.6,26.93,5.02,89.51,0.8,1.69,Kirtankhola_Barishal
2012-06-27,1.32,30.09,27.13,4.06,91.1,0.79,1.17,Kirtankhola_Barishal
2012-06-28,2.07,31.92,27.08,3.05,86.9,0.79,2.98,Kirtankhola_Barishal
2012-06-29,0.05,31.96,26.78,2.12,86.54,0.78,3.2,Kirtankhola_Barishal
2012-06-30,0.13,31.65,26.9,2.83,86.93,0.77,3.35,Kirtankhola_Barishal
2012-07-01,2.14,31.12,26.54,3.63,85.7,0.76,4.17,Kirtankhola_Barishal
2012-07-02,15.05,30.52,26.63,4.57,85.94,0.77,3.46,Kirtankhola_Barishal
2012-07-03,4.17,31.06,26.64,4.84,85.61,0.77,4.01,Kirtankhola_Barishal
2012-07-04,7.19,31.04,26.69,4.29,86.58,0.76,3.19,Kirtankhola_Barishal
2012-07-05,11.1,31.02,26.92,4.35,87.59,0.77,3.18,Kirtankhola_Barishal
2012-07-06,11.87,31.29,26.6,3.81,87.92,0.77,3.31,Kirtankhola_Barishal
2012-07-07,13.77,30.1,26.81,2.99,90.11,0.79,1.47,Kirtankhola_Barishal
2012-07-08,7.76,30.78,26.17,3.94,87.43,0.79,3.15,Kirtankhola_Barishal
2012-07-09,11.77,30.7,26.46,4.45,87.39,0.79,3.23,Kirtankhola_Barishal
2012-07-10,23.57,30.54,26.5,4.13,88.59,0.81,2.36,Kirtankhola_Barishal
2012-07-11,9.16,30.97,26.22,3.28,88.22,0.81,2.74,Kirtankhola_Barishal
2012-07-12,12.71,31.48,26.76,3.51,88.67,0.82,2.58,Kirtankhola_Barishal
2012-07-13,26.0,30.79,27.12,3.57,89.81,0.83,1.6,Kirtankhola_Barishal
2012-07-14,23.65,29.71,27.11,4.3,92.64,0.86,0.69,Kirtankhola_Barishal
2012-07-15,28.23,30.12,26.71,4.92,89.32,0.88,1.55,Kirtankhola_Barishal
2012-07-16,33.25,30.19,26.74,4.62,88.62,0.9,1.69,Kirtankhola_Barishal
2012-07-17,31.98,29.73,26.56,5.12,91.88,0.92,0.88,Kirtankhola_Barishal
2012-07-18,36.45,29.45,26.88,4.24,92.6,0.94,0.64,Kirtankhola_Barishal
2012-07-19,3.93,30.62,26.6,2.99,88.98,0.95,1.78,Kirtankhola_Barishal
2012-07-20,5.13,30.31,26.35,3.62,89.91,0.94,1.8,Kirtankhola_Barishal
2012-07-21,5.25,30.37,26.42,5.4,89.59,0.94,2.09,Kirtankhola_Barishal
2012-07-22,10.79,30.61,26.94,4.98,88.7,0.93,2.18,Kirtankhola_Barishal
2012-07-23,21.25,30.25,26.9,4.55,91.22,0.94,1.15,Kirtankhola_Barishal
2012-07-24,13.15,29.88,26.79,3.97,91.27,0.95,1.05,Kirtankhola_Barishal
2012-07-25,5.76,30.17,26.71,3.3,89.78,0.95,1.86,Kirtankhola_Barishal
2012-07-26,13.74,29.91,26.54,4.72,89.47,0.94,1.71,Kirtankhola_Barishal
2012-07-27,27.47,30.03,26.48,5.05,90.25,0.95,1.57,Kirtankhola_Barishal
2012-07-28,28.84,28.76,26.7,5.52,92.92,0.96,0.65,Kirtankhola_Barishal
2012-07-29,15.19,29.53,26.31,3.88,92.91,0.97,0.63,Kirtankhola_Barishal
2012-07-30,4.28,29.29,26.04,3.93,91.25,0.97,0.97,Kirtankhola_Barishal
2012-07-31,9.41,29.27,26.19,4.99,90.2,0.96,1.21,Kirtankhola_Barishal
2012-08-01,7.44,30.34,25.99,3.97,88.85,0.96,1.9,Kirtankhola_Barishal
2012-08-02,1.96,29.02,26.21,3.58,92.33,0.96,0.82,Kirtankhola_Barishal
2012-08-03,1.71,29.45,26.04,3.89,91.56,0.95,1.45,Kirtankhola_Barishal
2012-08-04,11.08,29.37,26.48,5.15,91.84,0.95,1.52,Kirtankhola_Barishal
2012-08-05,19.7,29.92,26.64,4.39,90.28,0.96,1.73,Kirtankhola_Barishal
2012-08-06,7.84,30.18,26.7,4.47,89.59,0.96,1.95,Kirtankhola_Barishal
2012-08-07,7.03,29.54,26.61,3.48,91.99,0.96,0.84,Kirtankhola_Barishal
2012-08-08,18.78,29.87,26.57,3.07,92.44,0.96,0.79,Kirtankhola_Barishal
2012-08-09,15.41,30.4,26.36,2.32,88.63,0.97,1.7,Kirtankhola_Barishal
2012-08-10,4.33,30.19,25.77,3.73,89.2,0.96,2.15,Kirtankhola_Barishal
2012-08-11,38.84,29.62,26.19,4.23,90.24,0.97,1.46,Kirtankhola_Barishal
2012-08-12,33.58,29.34,26.29,3.4,91.2,0.99,0.97,Kirtankhola_Barishal
2012-08-13,44.37,29.21,26.15,3.29,92.91,0.99,0.43,Kirtankhola_Barishal
2012-08-14,7.78,30.52,26.06,3.34,90.42,0.99,1.06,Kirtankhola_Barishal
2012-08-15,6.63,29.82,26.36,3.15,90.18,0.99,1.06,Kirtankhola_Barishal
2012-08-16,2.22,30.53,25.83,2.55,88.9,0.98,1.94,Kirtankhola_Barishal
2012-08-17,2.69,30.17,26.4,3.66,89.24,0.98,2.25,Kirtankhola_Barishal
2012-08-18,2.42,30.02,26.26,4.12,89.44,0.97,2.49,Kirtankhola_Barishal
2012-08-19,18.12,29.75,26.4,4.1,90.97,0.97,1.46,Kirtankhola_Barishal
2012-08-20,26.23,29.48,26.37,4.81,90.67,0.98,1.45,Kirtankhola_Barishal
2012-08-21,12.0,30.21,26.61,4.52,90.83,0.98,1.7,Kirtankhola_Barishal
2012-08-22,14.46,30.18,26.34,3.47,91.01,0.98,1.68,Kirtankhola_Barishal
2012-08-23,18.69,29.24,26.32,2.51,92.95,0.99,0.59,Kirtankhola_Barishal
2012-08-24,2.45,30.05,26.44,1.5,90.64,0.99,0.92,Kirtankhola_Barishal
2012-08-25,12.77,29.55,26.6,1.87,91.14,0.99,0.85,Kirtankhola_Barishal
2012-08-26,1.36,29.13,26.33,3.02,92.21,0.98,0.81,Kirtankhola_Barishal
2012-08-27,3.52,29.8,26.24,2.97,90.74,0.98,1.55,Kirtankhola_Barishal
2012-08-28,9.31,29.73,26.33,2.25,90.19,0.98,1.4,Kirtankhola_Barishal
2012-08-29,10.68,30.42,26.2,2.24,89.44,0.98,1.94,Kirtankhola_Barishal
2012-08-30,4.04,30.33,26.39,3.01,89.13,0.98,2.22,Kirtankhola_Barishal
2012-08-31,7.73,30.52,26.38,3.15,89.35,0.97,2.31,Kirtankhola_Barishal
2012-09-01,9.46,30.57,26.1,2.8,89.6,0.97,2.04,Kirtankhola_Barishal
2012-09-02,7.55,29.63,26.84,2.46,91.45,0.97,1.1,Kirtankhola_Barishal
2012-09-03,16.42,28.53,26.54,4.27,92.1,0.97,0.81,Kirtankhola_Barishal
2012-09-04,36.02,28.11,26.5,5.33,92.43,0.99,0.48,Kirtankhola_Barishal
2012-09-05,26.89,29.14,26.27,4.66,91.74,0.99,0.93,Kirtankhola_Barishal
2012-09-06,35.44,28.17,25.82,2.31,91.22,1.0,0.46,Kirtankhola_Barishal
2012-09-07,0.07,32.68,25.23,0.94,81.89,0.99,3.9,Kirtankhola_Barishal
2012-09-08,1.12,29.7,26.59,1.78,91.4,0.99,0.7,Kirtankhola_Barishal
2012-09-09,13.64,28.91,26.74,4.0,92.02,0.99,0.71,Kirtankhola_Barishal
2012-09-10,17.65,29.49,26.89,3.88,91.46,0.99,1.04,Kirtankhola_Barishal
2012-09-11,11.49,29.46,26.54,3.94,91.09,0.99,1.21,Kirtankhola_Barishal
2012-09-12,27.21,29.55,26.26,3.8,91.34,1.0,1.29,Kirtankhola_Barishal
2012-09-13,17.47,29.41,26.17,3.48,92.64,1.0,1.01,Kirtankhola_Barishal
2012-09-14,15.52,29.07,26.14,3.05,92.62,1.0,0.7,Kirtankhola_Barishal
2012-09-15,11.1,28.17,26.37,2.99,93.42,1.0,0.45,Kirtankhola_Barishal
2012-09-16,13.56,29.1,26.2,3.73,91.13,1.0,1.26,Kirtankhola_Barishal
2012-09-17,8.96,29.36,26.24,3.7,92.25,0.99,1.38,Kirtankhola_Barishal
2012-09-18,5.18,29.6,26.46,3.73,91.58,0.99,1.9,Kirtankhola_Barishal
2012-09-19,0.44,29.92,25.85,3.53,89.77,0.99,2.62,Kirtankhola_Barishal
2012-09-20,1.73,30.29,26.07,3.76,90.09,0.98,2.94,Kirtankhola_Barishal
2012-09-21,2.52,30.27,25.98,3.84,89.21,0.97,3.53,Kirtankhola_Barishal
2012-09-22,3.97,30.52,26.18,3.43,89.13,0.96,3.68,Kirtankhola_Barishal
2012-09-23,5.46,30.27,25.96,2.64,90.05,0.96,2.21,Kirtankhola_Barishal
2012-09-24,4.97,30.43,26.49,1.07,85.65,0.96,2.15,Kirtankhola_Barishal
2012-09-25,2.25,30.6,25.27,1.24,81.47,0.96,2.68,Kirtankhola_Barishal
2012-09-26,2.8,31.84,25.41,0.93,81.84,0.96,4.04,Kirtankhola_Barishal
2012-09-27,1.19,31.43,25.74,0.97,83.0,0.95,3.07,Kirtankhola_Barishal
2012-09-28,0.01,30.77,26.77,1.09,87.1,0.95,1.87,Kirtankhola_Barishal
2012-09-29,0.06,29.62,26.89,2.03,89.93,0.94,1.56,Kirtankhola_Barishal
2012-09-30,0.04,29.81,26.43,1.75,91.17,0.94,1.37,Kirtankhola_Barishal
2012-10-01,0.7,29.62,26.5,1.76,87.8,0.94,2.1,Kirtankhola_Barishal
2012-10-02,1.23,29.55,26.42,2.54,91.58,0.93,1.42,Kirtankhola_Barishal
2012-10-03,4.69,29.32,26.41,3.18,92.62,0.93,1.13,Kirtankhola_Barishal
2012-10-04,14.59,28.51,26.47,3.43,92.53,0.94,0.71,Kirtankhola_Barishal
2012-10-05,10.24,29.16,26.6,2.73,93.45,0.96,0.7,Kirtankhola_Barishal
2012-10-06,4.07,29.86,25.45,1.21,85.88,0.96,3.0,Kirtankhola_Barishal
2012-10-07,0.0,29.2,26.12,1.54,84.54,0.95,2.18,Kirtankhola_Barishal
2012-10-08,0.37,29.56,25.54,1.45,85.32,0.95,1.82,Kirtankhola_Barishal
2012-10-09,0.86,30.76,25.35,1.1,83.48,0.94,3.09,Kirtankhola_Barishal
2012-10-10,4.62,29.72,25.84,1.69,88.21,0.94,1.51,Kirtankhola_Barishal
2012-10-11,8.39,27.99,25.24,4.0,92.09,0.95,0.92,Kirtankhola_Barishal
2012-10-12,1.71,30.28,24.42,2.31,87.85,0.95,4.08,Kirtankhola_Barishal
2012-10-13,2.77,30.11,24.3,1.87,85.69,0.94,4.49,Kirtankhola_Barishal
2012-10-14,0.59,29.62,24.08,1.47,84.7,0.93,4.45,Kirtankhola_Barishal
2012-10-15,1.16,30.52,23.15,1.53,81.76,0.93,5.59,Kirtankhola_Barishal
2012-10-16,0.0,30.05,22.4,2.39,81.67,0.92,5.51,Kirtankhola_Barishal
2012-10-17,0.0,30.52,22.54,1.57,82.08,0.91,6.13,Kirtankhola_Barishal
2012-10-18,0.0,30.79,23.55,1.66,83.18,0.9,5.74,Kirtankhola_Barishal
2012-10-19,0.0,30.39,22.74,1.89,83.76,0.89,5.35,Kirtankhola_Barishal
2012-10-20,0.0,29.92,22.87,2.36,82.36,0.88,5.47,Kirtankhola_Barishal
2012-10-21,0.0,29.37,21.29,2.56,83.15,0.87,5.61,Kirtankhola_Barishal
2012-10-22,0.0,29.11,20.86,2.57,84.29,0.86,5.45,Kirtankhola_Barishal
2012-10-23,0.0,28.75,20.7,2.24,84.59,0.86,5.32,Kirtankhola_Barishal
2012-10-24,0.0,28.3,19.85,2.27,80.9,0.85,5.32,Kirtankhola_Barishal
2012-10-25,0.0,28.16,18.86,1.76,78.86,0.84,5.28,Kirtankhola_Barishal
2012-10-26,0.0,28.49,19.84,2.69,81.98,0.84,5.06,Kirtankhola_Barishal
2012-10-27,0.0,27.51,17.02,2.69,80.27,0.83,4.99,Kirtankhola_Barishal
2012-10-28,0.0,28.04,17.0,2.46,82.82,0.82,5.14,Kirtankhola_Barishal
2012-10-29,0.0,29.32,18.57,2.48,84.17,0.82,5.36,Kirtankhola_Barishal
2012-10-30,0.0,29.53,19.65,2.23,84.01,0.81,5.42,Kirtankhola_Barishal
2012-10-31,0.0,29.96,19.74,1.66,84.36,0.8,5.77,Kirtankhola_Barishal
2012-11-01,0.0,29.75,21.67,1.75,81.14,0.79,5.46,Kirtankhola_Barishal
2012-11-02,0.01,29.0,20.0,1.71,77.95,0.79,5.44,Kirtankhola_Barishal
2012-11-03,0.71,25.84,20.92,2.22,77.52,0.78,2.82,Kirtankhola_Barishal
2012-11-04,1.97,28.31,21.06,1.2,73.11,0.78,3.83,Kirtankhola_Barishal
2012-11-05,10.75,28.86,22.74,1.28,82.17,0.78,3.75,Kirtankhola_Barishal
2012-11-06,23.69,29.0,23.65,2.38,87.77,0.81,3.56,Kirtankhola_Barishal
2012-11-07,7.1,28.44,23.09,1.66,87.34,0.82,3.82,Kirtankhola_Barishal
2012-11-08,0.08,27.36,21.76,1.77,84.9,0.81,3.82,Kirtankhola_Barishal
2012-11-09,0.0,27.16,20.41,1.99,77.75,0.8,4.4,Kirtankhola_Barishal
2012-11-10,0.0,25.89,18.26,2.26,78.46,0.8,3.7,Kirtankhola_Barishal
2012-11-11,0.0,26.22,16.32,1.97,78.63,0.79,4.3,Kirtankhola_Barishal
2012-11-12,0.0,26.31,16.87,1.54,78.83,0.79,4.8,Kirtankhola_Barishal
2012-11-13,0.0,26.78,17.32,1.92,81.66,0.78,4.44,Kirtankhola_Barishal
2012-11-14,0.0,26.59,16.81,1.86,78.94,0.77,4.54,Kirtankhola_Barishal
2012-11-15,0.0,26.79,17.19,2.07,81.43,0.77,4.7,Kirtankhola_Barishal
2012-11-16,0.0,27.39,17.51,2.04,80.62,0.76,4.71,Kirtankhola_Barishal
2012-11-17,0.0,28.76,19.66,1.37,81.07,0.75,5.57,Kirtankhola_Barishal
2012-11-18,0.0,29.65,20.73,1.26,82.22,0.75,5.13,Kirtankhola_Barishal
2012-11-19,0.16,28.62,21.17,1.8,82.06,0.74,5.14,Kirtankhola_Barishal
2012-11-20,0.08,27.55,20.86,2.04,82.63,0.74,4.39,Kirtankhola_Barishal
2012-11-21,0.01,27.75,20.4,2.1,80.62,0.73,4.87,Kirtankhola_Barishal
2012-11-22,0.0,26.29,17.81,2.8,79.61,0.72,4.37,Kirtankhola_Barishal
2012-11-23,0.0,25.21,15.54,2.59,75.48,0.72,3.75,Kirtankhola_Barishal
2012-11-24,0.0,25.66,14.72,2.24,75.38,0.71,3.57,Kirtankhola_Barishal
2012-11-25,0.0,24.74,14.64,2.1,74.31,0.71,3.36,Kirtankhola_Barishal
2012-11-26,0.0,25.15,13.91,2.29,74.77,0.7,3.23,Kirtankhola_Barishal
2012-11-27,0.0,24.57,13.9,2.03,75.22,0.7,3.19,Kirtankhola_Barishal
2012-11-28,0.0,24.22,13.91,2.22,76.02,0.69,3.23,Kirtankhola_Barishal
2012-11-29,0.0,23.91,13.24,2.18,75.78,0.69,3.07,Kirtankhola_Barishal
2012-11-30,0.0,24.6,13.27,1.87,75.37,0.68,2.92,Kirtankhola_Barishal
2012-12-01,0.0,25.31,14.22,1.94,77.33,0.68,3.24,Kirtankhola_Barishal
2012-12-02,0.0,24.38,14.08,2.43,76.7,0.67,2.87,Kirtankhola_Barishal
2012-12-03,0.0,23.18,13.23,2.68,79.19,0.67,2.33,Kirtankhola_Barishal
2012-12-04,0.0,24.59,12.88,2.08,77.12,0.67,2.91,Kirtankhola_Barishal
2012-12-05,0.0,24.52,13.64,1.94,77.62,0.66,2.17,Kirtankhola_Barishal
2012-12-06,0.0,24.43,12.2,1.69,71.92,0.66,2.32,Kirtankhola_Barishal
2012-12-07,0.0,24.08,12.99,1.48,70.95,0.66,2.17,Kirtankhola_Barishal
2012-12-08,0.0,24.13,12.81,1.56,69.92,0.65,2.27,Kirtankhola_Barishal
2012-12-09,0.0,24.47,13.24,1.35,67.56,0.65,2.27,Kirtankhola_Barishal
2012-12-10,0.0,24.83,13.94,1.3,66.01,0.65,2.51,Kirtankhola_Barishal
2012-12-11,0.0,25.4,15.28,1.25,69.33,0.64,2.48,Kirtankhola_Barishal
2012-12-12,0.84,25.67,17.75,1.44,86.29,0.64,2.08,Kirtankhola_Barishal
2012-12-13,0.0,25.45,16.81,1.78,84.89,0.64,2.8,Kirtankhola_Barishal
2012-12-14,0.0,25.37,15.88,2.05,80.43,0.63,2.59,Kirtankhola_Barishal
2012-12-15,0.0,25.04,15.55,2.49,81.87,0.63,2.44,Kirtankhola_Barishal
2012-12-16,0.0,24.33,13.65,2.67,76.8,0.62,2.4,Kirtankhola_Barishal
2012-12-17,0.0,24.1,13.11,2.38,78.61,0.62,2.33,Kirtankhola_Barishal
2012-12-18,0.0,23.67,14.3,2.0,75.86,0.61,2.22,Kirtankhola_Barishal
2012-12-19,0.0,23.47,13.58,1.28,73.41,0.61,2.11,Kirtankhola_Barishal
2012-12-20,0.0,22.98,12.82,1.66,70.51,0.61,2.15,Kirtankhola_Barishal
2012-12-21,0.0,23.04,12.59,2.13,72.99,0.6,2.27,Kirtankhola_Barishal
2012-12-22,0.0,21.45,10.35,2.88,75.63,0.6,1.94,Kirtankhola_Barishal
2012-12-23,0.0,21.91,9.3,2.59,78.02,0.6,1.92,Kirtankhola_Barishal
2012-12-24,0.0,22.29,11.05,2.16,79.09,0.59,2.01,Kirtankhola_Barishal
2012-12-25,0.0,21.95,10.36,2.23,70.53,0.59,1.93,Kirtankhola_Barishal
2012-12-26,0.0,21.05,9.82,2.38,75.24,0.59,1.64,Kirtankhola_Barishal
2012-12-27,0.0,19.9,8.77,2.46,74.26,0.58,1.49,Kirtankhola_Barishal
2012-12-28,0.0,20.59,9.13,1.73,71.12,0.58,1.67,Kirtankhola_Barishal
2012-12-29,0.0,21.33,9.98,1.64,67.15,0.58,1.82,Kirtankhola_Barishal
2012-12-30,0.0,22.11,9.8,2.04,71.52,0.58,1.91,Kirtankhola_Barishal
2012-12-31,0.0,22.12,10.36,1.79,63.49,0.57,1.97,Kirtankhola_Barishal
2013-01-01,0.0,22.99,12.16,1.58,64.88,0.57,1.95,Kirtankhola_Barishal
2013-01-02,0.0,24.03,13.64,1.21,67.51,0.57,2.02,Kirtankhola_Barishal
2013-01-03,0.28,22.53,16.81,1.21,80.38,0.56,1.08,Kirtankhola_Barishal
2013-01-04,0.0,24.49,15.46,1.51,81.84,0.56,1.95,Kirtankhola_Barishal
2013-01-05,0.0,23.25,12.19,2.3,71.57,0.56,1.89,Kirtankhola_Barishal
2013-01-06,0.0,23.07,10.92,2.35,67.15,0.55,1.7,Kirtankhola_Barishal
2013-01-07,0.0,22.73,11.7,2.22,69.75,0.55,1.52,Kirtankhola_Barishal
2013-01-08,0.0,20.4,10.9,3.2,63.2,0.55,1.45,Kirtankhola_Barishal
2013-01-09,0.0,19.28,7.28,2.89,65.79,0.54,1.26,Kirtankhola_Barishal
2013-01-10,0.0,20.11,8.12,2.2,65.75,0.54,1.2,Kirtankhola_Barishal
2013-01-11,0.0,20.32,9.77,1.75,66.23,0.54,1.08,Kirtankhola_Barishal
2013-01-12,0.0,20.73,11.36,1.9,67.72,0.54,1.16,Kirtankhola_Barishal
2013-01-13,0.0,22.43,11.47,1.31,62.01,0.53,1.29,Kirtankhola_Barishal
2013-01-14,0.0,24.1,12.64,1.12,60.86,0.53,1.5,Kirtankhola_Barishal
2013-01-15,0.0,24.04,13.68,1.3,61.89,0.53,1.62,Kirtankhola_Barishal
2013-01-16,0.0,24.85,13.73,1.12,61.44,0.52,1.6,Kirtankhola_Barishal
2013-01-17,0.0,26.03,14.5,1.16,61.54,0.52,1.38,Kirtankhola_Barishal
2013-01-18,0.0,26.58,14.93,1.19,62.52,0.52,1.71,Kirtankhola_Barishal
2013-01-19,0.0,27.25,17.39,0.83,60.5,0.52,1.68,Kirtankhola_Barishal
2013-01-20,0.0,25.69,15.5,1.7,72.0,0.51,1.38,Kirtankhola_Barishal
2013-01-21,0.0,24.9,14.69,3.02,66.94,0.51,1.37,Kirtankhola_Barishal
2013-01-22,0.0,24.61,11.4,3.25,58.58,0.51,1.44,Kirtankhola_Barishal
2013-01-23,0.0,24.85,9.79,2.84,56.67,0.5,1.38,Kirtankhola_Barishal
2013-01-24,0.0,24.77,9.2,3.02,55.35,0.5,1.29,Kirtankhola_Barishal
2013-01-25,0.0,23.72,9.25,3.34,53.64,0.5,1.16,Kirtankhola_Barishal
2013-01-26,0.0,23.28,8.57,3.17,55.54,0.49,0.98,Kirtankhola_Barishal
2013-01-27,0.0,23.45,9.25,2.87,59.72,0.49,0.89,Kirtankhola_Barishal
2013-01-28,0.0,23.28,12.0,2.96,60.5,0.49,0.64,Kirtankhola_Barishal
2013-01-29,0.0,25.29,11.72,2.07,52.86,0.49,1.01,Kirtankhola_Barishal
2013-01-30,0.0,24.65,10.56,1.77,51.59,0.48,0.94,Kirtankhola_Barishal
2013-01-31,0.0,25.45,12.12,1.69,53.3,0.48,0.89,Kirtankhola_Barishal
2013-02-01,0.0,24.95,14.47,1.75,60.47,0.48,0.44,Kirtankhola_Barishal
2013-02-02,0.0,26.06,12.75,1.46,58.23,0.48,0.84,Kirtankhola_Barishal
2013-02-03,0.0,27.35,14.36,1.7,53.79,0.48,1.02,Kirtankhola_Barishal
2013-02-04,0.0,27.7,14.96,1.44,49.21,0.47,1.02,Kirtankhola_Barishal
2013-02-05,0.0,29.07,16.83,1.52,49.1,0.47,1.15,Kirtankhola_Barishal
2013-02-06,0.0,30.52,16.14,1.73,52.15,0.47,1.18,Kirtankhola_Barishal
2013-02-07,0.0,30.01,17.11,2.01,56.65,0.46,0.96,Kirtankhola_Barishal
2013-02-08,0.0,28.62,17.26,2.98,63.76,0.46,0.8,Kirtankhola_Barishal
2013-02-09,0.0,28.06,16.04,3.42,44.69,0.46,0.93,Kirtankhola_Barishal
2013-02-10,0.0,27.74,12.3,3.0,47.91,0.46,0.8,Kirtankhola_Barishal
2013-02-11,0.0,28.04,12.45,2.27,44.65,0.45,0.77,Kirtankhola_Barishal
2013-02-12,0.0,28.36,13.67,2.33,46.22,0.45,0.61,Kirtankhola_Barishal
2013-02-13,0.0,28.18,14.52,2.25,46.19,0.45,0.55,Kirtankhola_Barishal
2013-02-14,0.0,29.59,15.27,2.25,45.51,0.45,0.69,Kirtankhola_Barishal
2013-02-15,0.0,29.79,15.98,2.33,47.48,0.45,0.73,Kirtankhola_Barishal
2013-02-16,0.0,30.7,15.85,2.75,47.8,0.44,0.67,Kirtankhola_Barishal
2013-02-17,0.59,29.93,18.18,2.87,59.57,0.44,0.47,Kirtankhola_Barishal
2013-02-18,4.2,26.41,17.57,2.51,67.95,0.45,0.54,Kirtankhola_Barishal
2013-02-19,0.0,27.03,14.44,2.77,56.08,0.45,0.61,Kirtankhola_Barishal
2013-02-20,0.0,28.33,14.79,3.03,54.17,0.44,0.6,Kirtankhola_Barishal
2013-02-21,0.0,28.85,14.81,3.12,53.5,0.44,0.58,Kirtankhola_Barishal
2013-02-22,0.0,30.63,16.05,3.29,51.26,0.44,0.63,Kirtankhola_Barishal
2013-02-23,0.0,32.01,16.44,2.4,48.94,0.43,0.61,Kirtankhola_Barishal
2013-02-24,0.0,32.68,16.93,2.08,46.15,0.43,0.62,Kirtankhola_Barishal
2013-02-25,0.0,31.74,17.48,2.48,52.46,0.43,0.51,Kirtankhola_Barishal
2013-02-26,0.0,31.55,18.83,3.32,51.48,0.43,0.5,Kirtankhola_Barishal
2013-02-27,0.0,31.57,17.24,2.45,47.99,0.42,0.45,Kirtankhola_Barishal
2013-02-28,0.0,32.41,16.59,2.15,44.19,0.42,0.46,Kirtankhola_Barishal
2013-03-01,0.0,31.9,17.21,2.7,44.12,0.42,0.41,Kirtankhola_Barishal
2013-03-02,0.0,31.2,15.39,2.31,42.3,0.42,0.37,Kirtankhola_Barishal
2013-03-03,0.0,32.74,16.97,1.52,40.28,0.41,0.37,Kirtankhola_Barishal
2013-03-04,0.0,32.77,17.66,1.7,42.92,0.41,0.32,Kirtankhola_Barishal
2013-03-05,0.0,33.18,17.95,1.66,44.23,0.41,0.33,Kirtankhola_Barishal
2013-03-06,0.0,32.55,18.03,2.03,50.85,0.41,0.26,Kirtankhola_Barishal
2013-03-07,0.0,33.49,17.92,1.82,49.11,0.41,0.28,Kirtankhola_Barishal
2013-03-08,0.0,33.47,18.96,1.54,44.82,0.4,0.25,Kirtankhola_Barishal
2013-03-09,0.0,32.92,18.57,1.76,48.3,0.4,0.22,Kirtankhola_Barishal
2013-03-10,0.0,33.74,19.23,2.27,63.62,0.4,0.22,Kirtankhola_Barishal
2013-03-11,0.0,33.25,20.88,2.71,69.76,0.4,0.18,Kirtankhola_Barishal
2013-03-12,0.01,32.96,21.52,3.27,73.0,0.4,0.15,Kirtankhola_Barishal
2013-03-13,0.02,32.78,22.52,2.8,72.36,0.4,0.14,Kirtankhola_Barishal
2013-03-14,0.01,32.92,22.68,2.27,71.4,0.4,0.11,Kirtankhola_Barishal
2013-03-15,0.0,32.06,23.44,1.62,66.89,0.39,0.08,Kirtankhola_Barishal
2013-03-16,0.01,35.21,23.32,2.45,62.61,0.39,0.14,Kirtankhola_Barishal
2013-03-17,2.31,34.44,23.25,1.95,63.46,0.39,0.12,Kirtankhola_Barishal
2013-03-18,0.23,33.11,21.43,1.89,53.95,0.39,0.14,Kirtankhola_Barishal
2013-03-19,0.0,33.45,21.68,3.54,63.13,0.39,0.11,Kirtankhola_Barishal
2013-03-20,0.0,34.17,22.02,2.96,65.47,0.39,0.1,Kirtankhola_Barishal
2013-03-21,0.0,35.25,22.52,3.29,64.95,0.39,0.09,Kirtankhola_Barishal
2013-03-22,0.16,34.81,23.16,3.45,65.52,0.39,0.07,Kirtankhola_Barishal
2013-03-23,1.6,34.19,23.58,2.77,69.36,0.39,0.06,Kirtankhola_Barishal
2013-03-24,0.0,36.1,23.96,2.16,64.32,0.39,0.07,Kirtankhola_Barishal
2013-03-25,0.0,36.8,25.09,3.77,60.39,0.38,0.07,Kirtankhola_Barishal
2013-03-26,0.0,36.68,24.58,3.03,65.86,0.38,0.05,Kirtankhola_Barishal
2013-03-27,0.0,36.37,25.33,2.93,66.01,0.38,0.04,Kirtankhola_Barishal
2013-03-28,0.0,37.98,23.59,2.48,61.19,0.38,0.04,Kirtankhola_Barishal
2013-03-29,0.0,37.35,24.85,2.42,55.12,0.38,0.03,Kirtankhola_Barishal
2013-03-30,0.02,36.84,24.44,3.12,58.48,0.38,0.02,Kirtankhola_Barishal
2013-03-31,0.03,36.69,25.0,3.24,60.44,0.38,0.02,Kirtankhola_Barishal
2013-04-01,2.08,35.79,24.79,2.63,66.02,0.37,0.02,Kirtankhola_Barishal
2013-04-02,0.83,36.19,25.29,2.35,62.28,0.38,0.02,Kirtankhola_Barishal
2013-04-03,0.01,38.35,25.52,3.11,57.68,0.38,0.02,Kirtankhola_Barishal
2013-04-04,0.03,39.02,26.02,4.06,55.47,0.37,0.02,Kirtankhola_Barishal
2013-04-05,0.07,38.62,26.24,3.54,52.87,0.37,0.02,Kirtankhola_Barishal
2013-04-06,0.0,37.35,24.71,3.46,59.95,0.37,0.01,Kirtankhola_Barishal
2013-04-07,0.0,36.3,23.84,3.85,65.42,0.37,0.01,Kirtankhola_Barishal
2013-04-08,0.0,36.95,24.23,4.16,66.48,0.37,0.01,Kirtankhola_Barishal
2013-04-09,0.0,36.65,25.0,4.1,67.33,0.37,0.01,Kirtankhola_Barishal
2013-04-10,0.0,36.4,25.01,4.08,67.27,0.37,0.0,Kirtankhola_Barishal
2013-04-11,0.0,36.74,25.84,4.42,65.26,0.37,0.0,Kirtankhola_Barishal
2013-04-12,0.0,36.64,26.03,3.93,63.6,0.37,0.0,Kirtankhola_Barishal
2013-04-13,0.0,37.25,25.89,3.95,63.0,0.37,0.0,Kirtankhola_Barishal
2013-04-14,0.02,37.89,25.58,3.59,59.47,0.37,0.0,Kirtankhola_Barishal
2013-04-15,0.12,36.86,25.64,3.09,61.27,0.37,0.0,Kirtankhola_Barishal
2013-04-16,6.19,35.77,25.49,2.96,66.93,0.37,0.0,Kirtankhola_Barishal
2013-04-17,29.61,32.7,25.93,3.9,77.59,0.42,0.35,Kirtankhola_Barishal
2013-04-18,2.05,33.21,25.34,3.15,73.18,0.43,0.66,Kirtankhola_Barishal
2013-04-19,1.46,32.43,24.79,2.54,74.04,0.42,0.36,Kirtankhola_Barishal
2013-04-20,1.09,32.39,24.9,1.25,65.51,0.42,0.39,Kirtankhola_Barishal
2013-04-21,0.37,31.63,24.79,1.91,63.94,0.42,0.27,Kirtankhola_Barishal
2013-04-22,0.37,33.18,23.96,2.11,63.07,0.42,0.39,Kirtankhola_Barishal
2013-04-23,0.17,34.68,23.02,2.1,61.88,0.41,0.47,Kirtankhola_Barishal
2013-04-24,0.03,34.96,24.24,1.78,62.67,0.41,0.38,Kirtankhola_Barishal
2013-04-25,0.0,35.68,25.27,2.38,61.36,0.41,0.32,Kirtankhola_Barishal
2013-04-26,0.0,36.71,25.79,3.06,59.75,0.4,0.27,Kirtankhola_Barishal
2013-04-27,1.47,34.04,26.39,3.95,69.44,0.4,0.15,Kirtankhola_Barishal
2013-04-28,2.28,35.17,26.48,4.04,72.39,0.4,0.23,Kirtankhola_Barishal
2013-04-29,0.04,35.28,27.15,4.69,70.81,0.4,0.21,Kirtankhola_Barishal
2013-04-30,0.06,36.11,27.14,4.42,70.3,0.4,0.18,Kirtankhola_Barishal
2013-05-01,0.01,35.88,27.0,5.08,72.24,0.4,0.15,Kirtankhola_Barishal
2013-05-02,0.03,35.52,27.68,5.83,72.66,0.4,0.12,Kirtankhola_Barishal
2013-05-03,0.79,35.24,27.81,5.84,72.26,0.4,0.11,Kirtankhola_Barishal
2013-05-04,20.75,34.51,27.32,5.24,74.25,0.41,0.13,Kirtankhola_Barishal
2013-05-05,52.21,29.85,26.67,4.45,83.5,0.49,1.39,Kirtankhola_Barishal
2013-05-06,25.19,30.58,26.37,4.75,84.23,0.53,2.1,Kirtankhola_Barishal
2013-05-07,44.2,30.59,25.24,4.79,84.0,0.59,3.06,Kirtankhola_Barishal
2013-05-08,9.72,31.76,26.9,5.0,85.4,0.6,4.91,Kirtankhola_Barishal
2013-05-09,11.31,31.88,27.32,4.6,86.79,0.61,4.41,Kirtankhola_Barishal
2013-05-10,1.49,30.87,27.33,4.49,87.93,0.6,3.13,Kirtankhola_Barishal
2013-05-11,1.83,31.24,27.23,3.85,88.16,0.59,3.28,Kirtankhola_Barishal
2013-05-12,10.19,31.43,26.56,3.16,86.65,0.6,3.86,Kirtankhola_Barishal
2013-05-13,8.57,30.3,25.96,4.0,83.97,0.61,2.85,Kirtankhola_Barishal
2013-05-14,2.4,30.93,25.23,3.08,79.49,0.6,5.61,Kirtankhola_Barishal
2013-05-15,50.64,29.56,26.13,2.94,86.97,0.62,2.17,Kirtankhola_Barishal
2013-05-16,80.89,28.45,25.31,4.59,90.14,0.77,1.21,Kirtankhola_Barishal
2013-05-17,2.77,31.43,25.52,3.39,87.47,0.78,4.51,Kirtankhola_Barishal
2013-05-18,0.81,30.92,26.73,4.11,88.07,0.76,4.02,Kirtankhola_Barishal
2013-05-19,1.55,30.52,26.92,3.86,89.02,0.74,3.21,Kirtankhola_Barishal
2013-05-20,13.34,30.2,26.95,4.21,89.21,0.74,2.18,Kirtankhola_Barishal
2013-05-21,48.29,28.88,27.01,3.93,93.08,0.8,0.64,Kirtankhola_Barishal
2013-05-22,22.88,29.35,27.19,3.82,91.54,0.84,1.1,Kirtankhola_Barishal
2013-05-23,21.77,29.5,27.22,4.26,91.59,0.86,0.9,Kirtankhola_Barishal
2013-05-24,16.88,29.4,27.13,4.72,93.13,0.88,0.81,Kirtankhola_Barishal
2013-05-25,5.53,30.27,27.55,4.37,91.49,0.88,1.32,Kirtankhola_Barishal
2013-05-26,0.3,30.1,26.86,4.62,89.36,0.87,2.27,Kirtankhola_Barishal
2013-05-27,3.88,29.89,26.33,2.69,87.16,0.87,2.46,Kirtankhola_Barishal
2013-05-28,11.24,30.17,26.03,3.52,88.78,0.87,2.16,Kirtankhola_Barishal
2013-05-29,25.37,29.02,26.73,6.4,91.8,0.89,0.99,Kirtankhola_Barishal
2013-05-30,48.04,29.21,26.38,7.42,88.1,0.92,1.45,Kirtankhola_Barishal
2013-05-31,30.1,29.37,26.55,6.38,90.42,0.96,1.8,Kirtankhola_Barishal
2013-06-01,2.77,30.48,26.26,3.15,89.46,0.95,2.41,Kirtankhola_Barishal
2013-06-02,0.36,30.92,25.88,1.94,88.0,0.94,2.65,Kirtankhola_Barishal
2013-06-03,1.04,31.17,26.12,1.82,88.03,0.93,1.93,Kirtankhola_Barishal
2013-06-04,0.29,29.89,26.4,1.87,90.99,0.93,1.08,Kirtankhola_Barishal
2013-06-05,1.18,30.37,26.49,2.6,90.95,0.92,1.35,Kirtankhola_Barishal
2013-06-06,9.07,30.07,26.85,3.05,89.94,0.92,1.42,Kirtankhola_Barishal
2013-06-07,21.34,28.71,26.42,2.87,90.65,0.94,0.81,Kirtankhola_Barishal
2013-06-08,14.97,29.35,26.65,3.24,92.12,0.95,0.72,Kirtankhola_Barishal
2013-06-09,7.17,29.93,27.22,3.52,91.44,0.96,0.78,Kirtankhola_Barishal
2013-06-10,1.24,29.3,26.93,2.86,92.79,0.95,0.59,Kirtankhola_Barishal
2013-06-11,3.41,29.66,26.87,2.74,90.69,0.95,0.86,Kirtankhola_Barishal
2013-06-12,4.25,29.5,26.74,4.67,89.3,0.95,1.31,Kirtankhola_Barishal
2013-06-13,4.19,30.2,26.69,5.21,86.77,0.95,2.57,Kirtankhola_Barishal
2013-06-14,7.94,29.79,26.96,4.67,90.12,0.95,1.25,Kirtankhola_Barishal
2013-06-15,2.63,30.73,26.92,3.24,87.35,0.94,1.9,Kirtankhola_Barishal
2013-06-16,1.34,32.18,26.89,2.31,84.06,0.93,3.25,Kirtankhola_Barishal
2013-06-17,0.04,32.16,26.39,2.33,85.85,0.92,3.2,Kirtankhola_Barishal
2013-06-18,0.38,31.93,26.56,2.63,86.54,0.91,2.68,Kirtankhola_Barishal
2013-06-19,6.4,31.82,27.45,2.47,87.51,0.91,1.85,Kirtankhola_Barishal
2013-06-20,13.93,31.23,27.47,2.17,88.2,0.92,1.72,Kirtankhola_Barishal
2013-06-21,6.31,29.67,27.08,2.72,90.23,0.92,0.88,Kirtankhola_Barishal
2013-06-22,10.23,31.53,26.87,3.37,86.26,0.92,2.65,Kirtankhola_Barishal
2013-06-23,3.5,31.16,27.22,4.07,86.28,0.92,2.82,Kirtankhola_Barishal
2013-06-24,16.38,30.78,27.67,5.16,88.34,0.91,2.0,Kirtankhola_Barishal
2013-06-25,43.69,31.06,27.79,5.52,87.79,0.95,1.68,Kirtankhola_Barishal
2013-06-26,31.59,31.03,27.37,5.36,87.38,0.97,1.8,Kirtankhola_Barishal
2013-06-27,48.66,30.41,27.41,5.47,89.25,0.99,0.93,Kirtankhola_Barishal
2013-06-28,42.26,29.92,27.53,4.45,92.52,0.99,0.37,Kirtankhola_Barishal
2013-06-29,65.24,29.15,27.01,5.24,93.59,1.0,0.17,Kirtankhola_Barishal
2013-06-30,26.51,30.6,27.0,4.53,90.1,1.0,0.66,Kirtankhola_Barishal
2013-07-01,1.26,30.91,26.67,3.96,89.01,0.99,1.39,Kirtankhola_Barishal
2013-07-02,5.48,30.44,26.87,3.89,88.25,0.99,1.28,Kirtankhola_Barishal
2013-07-03,26.95,30.51,26.67,3.69,89.08,0.99,0.95,Kirtankhola_Barishal
2013-07-04,15.45,30.26,26.55,3.82,88.41,0.99,1.39,Kirtankhola_Barishal
2013-07-05,3.04,30.22,26.5,3.78,89.25,0.99,1.46,Kirtankhola_Barishal
2013-07-06,2.7,30.53,26.41,3.53,88.35,0.98,1.52,Kirtankhola_Barishal
2013-07-07,2.26,30.55,26.3,3.0,88.34,0.97,1.6,Kirtankhola_Barishal
2013-07-08,4.02,30.68,26.44,3.56,86.98,0.97,2.04,Kirtankhola_Barishal
2013-07-09,6.33,29.65,26.71,3.14,91.33,0.96,0.77,Kirtankhola_Barishal
2013-07-10,8.21,30.19,26.76,4.31,88.76,0.96,1.71,Kirtankhola_Barishal
2013-07-11,9.27,29.94,26.85,5.59,89.57,0.96,1.59,Kirtankhola_Barishal
2013-07-12,25.94,29.49,26.9,5.17,90.35,0.97,1.04,Kirtankhola_Barishal
2013-07-13,23.91,28.76,26.46,4.05,91.62,0.99,0.58,Kirtankhola_Barishal
2013-07-14,8.14,30.84,26.4,3.84,89.28,0.98,1.35,Kirtankhola_Barishal
2013-07-15,1.4,30.86,26.63,3.61,88.07,0.97,1.94,Kirtankhola_Barishal
2013-07-16,6.31,30.38,26.9,3.65,90.02,0.97,1.42,Kirtankhola_Barishal
2013-07-17,7.85,30.32,26.9,4.94,88.24,0.97,1.93,Kirtankhola_Barishal
2013-07-18,6.38,30.18,26.74,5.03,87.64,0.96,1.92,Kirtankhola_Barishal
2013-07-19,8.66,31.09,27.1,4.67,88.72,0.96,1.84,Kirtankhola_Barishal
2013-07-20,7.58,30.75,27.3,4.06,89.1,0.96,1.72,Kirtankhola_Barishal
2013-07-21,5.95,30.73,27.24,3.97,89.15,0.95,1.93,Kirtankhola_Barishal
2013-07-22,0.79,30.66,27.16,4.39,88.96,0.94,2.22,Kirtankhola_Barishal
2013-07-23,2.19,30.55,27.37,4.58,90.16,0.94,1.74,Kirtankhola_Barishal
2013-07-24,4.27,29.44,27.1,3.77,91.38,0.93,0.91,Kirtankhola_Barishal
2013-07-25,7.92,30.45,27.03,3.79,90.92,0.93,1.3,Kirtankhola_Barishal
2013-07-26,36.99,30.07,27.06,6.16,91.71,0.96,0.92,Kirtankhola_Barishal
2013-07-27,54.47,29.25,26.83,4.54,92.77,0.98,0.52,Kirtankhola_Barishal
2013-07-28,75.64,29.19,26.88,3.78,91.6,1.0,0.36,Kirtankhola_Barishal
2013-07-29,16.13,30.39,26.28,3.62,90.14,1.0,0.95,Kirtankhola_Barishal
2013-07-30,12.27,29.4,26.17,4.92,91.01,0.99,0.9,Kirtankhola_Barishal
2013-07-31,19.99,29.06,26.32,4.58,89.67,1.0,0.96,Kirtankhola_Barishal
2013-08-01,16.07,29.52,26.19,4.11,90.35,0.99,1.01,Kirtankhola_Barishal
2013-08-02,5.05,29.47,26.17,3.01,89.64,0.99,1.0,Kirtankhola_Barishal
2013-08-03,0.49,31.08,26.26,1.95,87.09,0.99,1.7,Kirtankhola_Barishal
2013-08-04,1.42,30.35,26.52,2.76,88.25,0.98,1.32,Kirtankhola_Barishal
2013-08-05,5.21,29.56,26.79,4.39,89.75,0.98,0.95,Kirtankhola_Barishal
2013-08-06,12.14,29.72,26.91,5.0,90.73,0.98,0.91,Kirtankhola_Barishal
2013-08-07,16.09,30.02,26.74,4.32,90.24,0.99,1.14,Kirtankhola_Barishal
2013-08-08,7.41,30.16,26.59,4.0,88.1,0.98,1.55,Kirtankhola_Barishal
2013-08-09,9.93,29.5,26.48,3.08,89.83,0.98,1.07,Kirtankhola_Barishal
2013-08-10,12.14,28.44,26.59,4.04,93.14,0.98,0.42,Kirtankhola_Barishal
2013-08-11,23.33,29.1,26.25,3.13,88.46,0.99,0.7,Kirtankhola_Barishal
2013-08-12,10.7,30.17,25.95,2.7,86.94,0.99,1.46,Kirtankhola_Barishal
2013-08-13,3.18,30.0,26.12,2.13,88.03,0.99,1.37,Kirtankhola_Barishal
2013-08-14,5.09,30.32,26.06,2.09,87.14,0.98,1.73,Kirtankhola_Barishal
2013-08-15,25.41,29.2,26.57,2.24,91.08,0.99,0.62,Kirtankhola_Barishal
2013-08-16,17.42,28.82,26.39,2.29,91.91,0.99,0.46,Kirtankhola_Barishal
2013-08-17,15.42,29.5,26.46,2.3,90.66,0.99,0.59,Kirtankhola_Barishal
2013-08-18,27.52,28.33,26.85,6.08,93.23,1.0,0.22,Kirtankhola_Barishal
2013-08-19,40.36,29.48,26.26,2.55,88.83,1.0,0.55,Kirtankhola_Barishal
2013-08-20,31.16,28.82,26.52,5.1,91.33,1.0,0.45,Kirtankhola_Barishal
2013-08-21,12.22,28.64,26.72,4.69,92.24,1.0,0.33,Kirtankhola_Barishal
2013-08-22,4.35,30.03,26.48,3.6,88.69,1.0,1.46,Kirtankhola_Barishal
2013-08-23,2.18,30.22,26.1,2.9,88.33,0.99,1.96,Kirtankhola_Barishal
2013-08-24,2.47,31.31,26.4,2.66,88.11,0.99,2.01,Kirtankhola_Barishal
2013-08-25,0.08,31.48,26.17,2.53,87.6,0.98,2.9,Kirtankhola_Barishal
2013-08-26,5.31,29.26,26.94,3.75,92.35,0.97,0.92,Kirtankhola_Barishal
2013-08-27,33.36,30.09,26.45,3.99,89.18,0.98,1.68,Kirtankhola_Barishal
2013-08-28,25.15,29.51,26.39,4.45,91.16,0.99,1.31,Kirtankhola_Barishal
2013-08-29,14.55,29.81,26.42,3.83,90.45,0.99,1.45,Kirtankhola_Barishal
2013-08-30,8.65,30.24,26.11,3.49,89.42,0.99,1.93,Kirtankhola_Barishal
2013-08-31,17.59,30.7,26.34,3.52,89.71,0.99,1.84,Kirtankhola_Barishal
2013-09-01,25.38,30.9,26.62,3.71,91.03,0.99,1.51,Kirtankhola_Barishal
2013-09-02,34.15,29.74,26.57,4.7,91.24,1.0,1.31,Kirtankhola_Barishal
2013-09-03,12.91,29.71,26.33,4.78,89.89,1.0,1.89,Kirtankhola_Barishal
2013-09-04,3.19,29.91,26.28,3.62,91.98,0.99,1.15,Kirtankhola_Barishal
2013-09-05,4.88,29.38,26.81,3.1,92.34,0.99,0.84,Kirtankhola_Barishal
2013-09-06,4.41,30.69,26.5,2.77,89.55,0.99,2.14,Kirtankhola_Barishal
2013-09-07,2.9,28.75,25.94,3.16,89.92,0.98,1.1,Kirtankhola_Barishal
2013-09-08,14.97,28.53,25.68,2.53,90.92,0.98,0.76,Kirtankhola_Barishal
2013-09-09,18.22,28.4,25.84,2.36,92.0,0.99,0.58,Kirtankhola_Barishal
2013-09-10,4.81,30.04,25.39,1.36,86.32,0.99,2.47,Kirtankhola_Barishal
2013-09-11,12.51,30.18,25.9,0.96,85.71,0.99,1.97,Kirtankhola_Barishal
2013-09-12,2.93,30.81,25.83,1.21,82.8,0.99,2.7,Kirtankhola_Barishal
2013-09-13,24.13,30.88,25.99,1.14,84.55,0.98,1.8,Kirtankhola_Barishal
2013-09-14,29.68,29.47,26.19,1.83,89.69,1.0,0.88,Kirtankhola_Barishal
2013-09-15,4.11,29.93,25.87,1.84,88.01,0.99,1.74,Kirtankhola_Barishal
2013-09-16,9.95,30.02,25.99,1.66,87.62,0.99,2.08,Kirtankhola_Barishal
2013-09-17,19.32,29.79,25.3,1.52,87.53,0.99,1.82,Kirtankhola_Barishal
2013-09-18,6.82,29.23,26.1,2.89,90.3,0.99,1.69,Kirtankhola_Barishal
2013-09-19,4.08,29.56,26.43,3.81,90.12,0.99,2.2,Kirtankhola_Barishal
2013-09-20,2.35,30.35,26.33,2.99,87.96,0.98,3.1,Kirtankhola_Barishal
2013-09-21,1.28,31.24,25.75,1.86,85.52,0.98,4.14,Kirtankhola_Barishal
2013-09-22,2.21,31.4,25.73,2.01,85.08,0.97,4.35,Kirtankhola_Barishal
2013-09-23,5.31,32.16,26.04,1.45,83.93,0.96,5.3,Kirtankhola_Barishal
2013-09-24,4.29,31.9,26.56,1.66,84.39,0.96,4.04,Kirtankhola_Barishal
2013-09-25,6.09,31.54,26.93,1.63,81.39,0.96,2.48,Kirtankhola_Barishal
2013-09-26,4.96,30.0,26.58,1.38,85.07,0.96,1.88,Kirtankhola_Barishal
2013-09-27,9.2,29.88,26.15,1.42,87.61,0.96,1.18,Kirtankhola_Barishal
2013-09-28,20.74,29.09,25.72,1.65,87.81,0.98,1.01,Kirtankhola_Barishal
2013-09-29,26.37,28.43,26.4,3.35,91.79,0.98,0.77,Kirtankhola_Barishal
2013-09-30,32.98,27.89,26.25,3.34,92.1,0.99,0.75,Kirtankhola_Barishal
2013-10-01,9.23,29.15,26.73,2.79,91.85,0.99,0.64,Kirtankhola_Barishal
2013-10-02,6.54,30.67,26.21,1.4,85.78,0.99,1.98,Kirtankhola_Barishal
2013-10-03,20.44,27.02,25.37,3.13,93.21,0.99,0.35,Kirtankhola_Barishal
2013-10-04,24.56,27.97,25.21,3.12,91.11,1.0,0.89,Kirtankhola_Barishal
2013-10-05,12.59,29.04,25.61,2.83,90.61,1.0,0.88,Kirtankhola_Barishal
2013-10-06,14.66,27.95,25.8,1.62,89.89,1.0,0.7,Kirtankhola_Barishal
2013-10-07,6.05,29.39,25.37,1.05,85.03,1.0,1.62,Kirtankhola_Barishal
2013-10-08,8.98,29.82,25.06,1.36,88.54,1.0,1.65,Kirtankhola_Barishal
2013-10-09,5.53,27.88,24.47,2.17,87.92,1.0,0.95,Kirtankhola_Barishal
2013-10-10,0.27,30.37,24.73,1.0,77.64,0.99,3.77,Kirtankhola_Barishal
2013-10-11,0.0,30.24,24.82,1.72,86.02,0.99,3.27,Kirtankhola_Barishal
2013-10-12,1.74,28.38,25.94,2.96,90.55,0.98,0.95,Kirtankhola_Barishal
2013-10-13,1.3,29.85,26.38,4.16,88.31,0.98,3.07,Kirtankhola_Barishal
2013-10-14,0.31,30.44,26.11,3.22,86.31,0.97,4.2,Kirtankhola_Barishal
2013-10-15,1.29,30.3,25.22,2.26,86.81,0.96,4.31,Kirtankhola_Barishal
2013-10-16,0.68,30.55,24.87,1.64,85.74,0.96,5.4,Kirtankhola_Barishal
2013-10-17,0.01,31.11,24.5,1.06,82.34,0.95,7.05,Kirtankhola_Barishal
2013-10-18,0.0,31.75,24.52,1.17,83.39,0.94,6.9,Kirtankhola_Barishal
2013-10-19,3.13,31.05,25.81,0.92,82.57,0.93,5.08,Kirtankhola_Barishal
2013-10-20,4.25,29.66,25.4,2.31,86.78,0.93,3.23,Kirtankhola_Barishal
2013-10-21,7.58,28.81,24.6,1.83,86.89,0.93,2.81,Kirtankhola_Barishal
2013-10-22,11.23,27.87,24.5,1.54,84.53,0.94,1.93,Kirtankhola_Barishal
2013-10-23,1.19,28.57,23.78,1.45,80.5,0.94,3.44,Kirtankhola_Barishal
2013-10-24,2.37,28.34,24.51,1.25,82.89,0.94,2.24,Kirtankhola_Barishal
2013-10-25,20.92,27.1,23.75,1.81,87.95,0.94,1.44,Kirtankhola_Barishal
2013-10-26,36.56,25.72,23.28,3.35,92.41,0.97,0.41,Kirtankhola_Barishal
2013-10-27,26.28,27.18,23.47,2.8,90.79,0.99,1.56,Kirtankhola_Barishal
2013-10-28,0.01,28.69,22.75,1.57,85.16,0.98,5.05,Kirtankhola_Barishal
2013-10-29,0.01,29.04,22.45,1.56,83.5,0.97,4.64,Kirtankhola_Barishal
2013-10-30,0.01,29.0,21.91,1.34,77.57,0.97,4.59,Kirtankhola_Barishal
2013-10-31,0.0,28.76,20.42,1.2,74.39,0.96,4.9,Kirtankhola_Barishal
2013-11-01,0.0,28.46,20.27,1.52,78.88,0.96,3.9,Kirtankhola_Barishal
2013-11-02,0.0,28.3,19.89,1.31,76.19,0.95,4.21,Kirtankhola_Barishal
2013-11-03,0.0,28.78,21.03,1.51,79.69,0.94,4.07,Kirtankhola_Barishal
2013-11-04,0.0,28.41,20.88,1.87,83.91,0.94,3.74,Kirtankhola_Barishal
2013-11-05,0.0,27.65,20.73,2.25,85.14,0.93,3.75,Kirtankhola_Barishal
2013-11-06,0.0,27.61,19.46,1.13,78.11,0.92,4.63,Kirtankhola_Barishal
2013-11-07,0.0,28.59,19.71,0.82,70.54,0.92,5.8,Kirtankhola_Barishal
2013-11-08,0.0,28.24,19.3,1.58,77.3,0.91,4.77,Kirtankhola_Barishal
2013-11-09,0.0,28.32,19.19,2.02,81.89,0.9,4.6,Kirtankhola_Barishal
2013-11-10,0.0,28.24,19.58,2.72,86.04,0.9,4.37,Kirtankhola_Barishal
2013-11-11,0.0,27.83,19.75,2.95,85.93,0.89,4.27,Kirtankhola_Barishal
2013-11-12,0.0,27.54,18.14,3.05,85.57,0.88,4.16,Kirtankhola_Barishal
2013-11-13,0.0,26.2,16.76,3.1,84.9,0.87,3.9,Kirtankhola_Barishal
2013-11-14,0.0,26.9,16.81,2.67,86.16,0.87,3.9,Kirtankhola_Barishal
2013-11-15,0.0,27.84,18.6,2.15,84.33,0.86,4.39,Kirtankhola_Barishal
2013-11-16,0.0,28.36,19.76,2.55,82.93,0.85,4.67,Kirtankhola_Barishal
2013-11-17,0.0,26.97,17.89,2.97,84.52,0.85,4.07,Kirtankhola_Barishal
2013-11-18,0.0,27.21,17.28,2.19,84.29,0.84,4.17,Kirtankhola_Barishal
2013-11-19,0.0,26.26,17.02,2.07,82.35,0.84,4.11,Kirtankhola_Barishal
2013-11-20,0.0,25.86,16.11,1.99,81.45,0.83,3.83,Kirtankhola_Barishal
2013-11-21,0.0,25.92,16.63,2.19,82.08,0.82,3.63,Kirtankhola_Barishal
2013-11-22,0.0,26.28,16.64,2.18,84.14,0.82,3.79,Kirtankhola_Barishal
2013-11-23,0.0,26.42,17.6,2.28,84.62,0.81,3.9,Kirtankhola_Barishal
2013-11-24,0.0,25.04,16.68,2.24,79.1,0.81,3.14,Kirtankhola_Barishal
2013-11-25,0.0,25.95,16.31,2.01,83.02,0.8,3.6,Kirtankhola_Barishal
2013-11-26,0.0,26.35,16.9,1.73,80.56,0.79,3.87,Kirtankhola_Barishal
2013-11-27,0.0,26.76,17.64,1.33,82.21,0.79,3.89,Kirtankhola_Barishal
2013-11-28,0.0,26.82,18.18,1.7,83.59,0.78,3.78,Kirtankhola_Barishal
2013-11-29,0.0,26.85,19.07,1.85,84.78,0.78,3.44,Kirtankhola_Barishal
2013-11-30,0.0,26.62,18.48,1.98,84.74,0.77,3.41,Kirtankhola_Barishal
2013-12-01,0.0,26.62,17.97,2.66,84.69,0.77,3.39,Kirtankhola_Barishal
2013-12-02,0.0,26.21,16.04,2.4,83.92,0.76,3.44,Kirtankhola_Barishal
2013-12-03,0.0,26.38,16.16,1.73,82.9,0.76,3.53,Kirtankhola_Barishal
2013-12-04,0.0,26.86,17.04,1.7,82.81,0.75,3.86,Kirtankhola_Barishal
2013-12-05,0.0,26.28,17.95,2.13,84.1,0.75,3.48,Kirtankhola_Barishal
2013-12-06,0.0,25.97,16.36,2.16,81.09,0.74,3.35,Kirtankhola_Barishal
2013-12-07,0.0,26.3,16.43,1.44,80.4,0.74,3.55,Kirtankhola_Barishal
2013-12-08,0.0,25.9,17.2,1.59,80.54,0.73,3.26,Kirtankhola_Barishal
2013-12-09,0.0,26.16,17.51,1.04,80.02,0.73,3.72,Kirtankhola_Barishal
2013-12-10,0.0,25.67,18.27,0.93,78.34,0.72,3.01,Kirtankhola_Barishal
2013-12-11,0.0,25.61,16.61,1.73,79.96,0.72,3.41,Kirtankhola_Barishal
2013-12-12,0.0,24.38,15.26,2.01,78.17,0.71,2.6,Kirtankhola_Barishal
2013-12-13,0.0,24.42,15.53,1.12,67.82,0.71,2.67,Kirtankhola_Barishal
2013-12-14,0.0,24.7,15.65,1.11,66.9,0.71,2.81,Kirtankhola_Barishal
2013-12-15,0.0,24.11,14.82,1.97,75.45,0.7,2.43,Kirtankhola_Barishal
2013-12-16,0.0,24.05,12.89,2.16,74.95,0.7,2.87,Kirtankhola_Barishal
2013-12-17,0.0,24.24,13.23,1.34,66.01,0.69,2.91,Kirtankhola_Barishal
2013-12-18,0.0,23.81,14.29,1.44,69.66,0.69,2.49,Kirtankhola_Barishal
2013-12-19,0.0,24.04,16.85,1.34,77.16,0.68,2.14,Kirtankhola_Barishal
2013-12-20,0.06,24.28,17.13,1.65,79.07,0.68,2.34,Kirtankhola_Barishal
2013-12-21,0.0,24.89,16.53,1.1,75.65,0.68,2.6,Kirtankhola_Barishal
2013-12-22,0.0,24.71,16.9,0.9,74.18,0.67,2.51,Kirtankhola_Barishal
2013-12-23,0.0,25.06,16.36,0.8,73.48,0.67,2.64,Kirtankhola_Barishal
2013-12-24,0.0,24.63,17.22,1.4,78.29,0.66,2.61,Kirtankhola_Barishal
2013-12-25,0.0,23.07,14.42,2.29,81.44,0.66,2.25,Kirtankhola_Barishal
2013-12-26,0.0,21.98,12.07,2.07,80.22,0.66,1.99,Kirtankhola_Barishal
2013-12-27,0.0,21.83,11.97,1.96,76.68,0.65,1.94,Kirtankhola_Barishal
2013-12-28,0.0,22.56,12.51,1.52,73.57,0.65,2.06,Kirtankhola_Barishal
2013-12-29,0.0,22.99,14.16,1.97,73.89,0.65,1.99,Kirtankhola_Barishal
2013-12-30,0.0,22.68,12.63,2.98,78.45,0.64,2.11,Kirtankhola_Barishal
2013-12-31,0.0,22.62,11.63,2.51,80.86,0.64,2.03,Kirtankhola_Barishal
2014-01-01,0.0,23.45,12.12,2.44,82.19,0.63,2.23,Kirtankhola_Barishal
2014-01-02,0.0,24.18,12.68,2.42,80.13,0.63,2.1,Kirtankhola_Barishal
2014-01-03,0.0,21.97,13.46,2.71,80.4,0.62,1.9,Kirtankhola_Barishal
2014-01-04,0.0,21.56,10.99,2.59,75.47,0.62,1.78,Kirtankhola_Barishal
2014-01-05,0.0,21.74,10.59,1.71,74.44,0.62,1.51,Kirtankhola_Barishal
2014-01-06,0.0,23.12,13.28,1.58,78.86,0.62,1.83,Kirtankhola_Barishal
2014-01-07,0.0,22.7,13.43,2.28,82.48,0.61,1.69,Kirtankhola_Barishal
2014-01-08,0.0,22.22,11.48,2.66,73.01,0.61,2.14,Kirtankhola_Barishal
2014-01-09,0.0,21.56,9.79,2.49,71.27,0.6,1.78,Kirtankhola_Barishal
2014-01-10,0.0,22.5,10.43,2.05,73.87,0.6,1.92,Kirtankhola_Barishal
2014-01-11,0.0,24.51,13.34,0.97,66.54,0.6,2.32,Kirtankhola_Barishal
2014-01-12,0.0,22.59,12.97,2.21,83.51,0.59,1.32,Kirtankhola_Barishal
2014-01-13,0.0,24.19,13.73,2.79,80.24,0.59,2.16,Kirtankhola_Barishal
2014-01-14,0.0,23.53,12.58,1.89,76.28,0.59,1.92,Kirtankhola_Barishal
2014-01-15,0.0,23.39,13.4,1.07,73.6,0.58,1.99,Kirtankhola_Barishal
2014-01-16,0.0,22.69,12.59,1.12,72.27,0.58,2.0,Kirtankhola_Barishal
2014-01-17,0.0,23.73,12.35,1.91,75.13,0.58,1.96,Kirtankhola_Barishal
2014-01-18,0.0,25.02,14.0,1.61,74.14,0.57,2.19,Kirtankhola_Barishal
2014-01-19,0.0,26.23,13.94,1.56,74.19,0.57,2.26,Kirtankhola_Barishal
2014-01-20,0.0,25.27,15.44,2.6,77.03,0.56,2.18,Kirtankhola_Barishal
2014-01-21,0.0,22.86,12.06,2.11,69.69,0.56,1.52,Kirtankhola_Barishal
2014-01-22,0.0,26.41,14.09,1.22,65.65,0.56,2.5,Kirtankhola_Barishal
2014-01-23,0.0,26.79,14.72,1.61,67.67,0.55,2.6,Kirtankhola_Barishal
2014-01-24,0.0,25.18,13.53,1.74,69.49,0.55,2.18,Kirtankhola_Barishal
2014-01-25,0.0,25.98,14.38,2.38,72.08,0.54,2.2,Kirtankhola_Barishal
2014-01-26,0.0,25.03,14.15,3.1,69.98,0.54,2.26,Kirtankhola_Barishal
2014-01-27,0.0,24.43,12.09,2.74,67.39,0.53,1.99,Kirtankhola_Barishal
2014-01-28,0.0,23.24,11.28,2.48,67.23,0.53,1.4,Kirtankhola_Barishal
2014-01-29,0.0,25.24,12.22,2.43,62.94,0.53,2.01,Kirtankhola_Barishal
2014-01-30,0.0,25.76,12.23,1.98,64.86,0.52,1.93,Kirtankhola_Barishal
2014-01-31,0.0,25.86,12.26,2.02,67.91,0.52,1.9,Kirtankhola_Barishal
2014-02-01,0.0,26.13,12.24,2.64,66.37,0.52,1.79,Kirtankhola_Barishal
2014-02-02,0.0,26.04,12.31,2.98,61.63,0.51,1.88,Kirtankhola_Barishal
2014-02-03,0.0,26.05,11.54,2.65,61.36,0.51,1.76,Kirtankhola_Barishal
2014-02-04,0.0,25.69,13.05,1.24,55.67,0.51,1.61,Kirtankhola_Barishal
2014-02-05,0.0,26.06,14.29,1.41,54.4,0.5,1.32,Kirtankhola_Barishal
2014-02-06,0.0,27.78,15.7,1.22,56.16,0.5,1.62,Kirtankhola_Barishal
2014-02-07,0.0,27.46,15.52,1.35,56.91,0.5,1.7,Kirtankhola_Barishal
2014-02-08,0.0,30.14,17.15,2.32,71.07,0.49,1.69,Kirtankhola_Barishal
2014-02-09,0.0,29.0,19.61,1.58,79.2,0.49,1.44,Kirtankhola_Barishal
2014-02-10,0.0,28.93,20.05,1.07,77.54,0.49,1.65,Kirtankhola_Barishal
2014-02-11,0.0,28.15,19.88,1.11,74.04,0.48,1.44,Kirtankhola_Barishal
2014-02-12,0.0,28.04,17.78,1.69,58.41,0.48,1.33,Kirtankhola_Barishal
2014-02-13,0.0,27.79,16.01,1.76,53.59,0.48,1.37,Kirtankhola_Barishal
2014-02-14,0.0,28.81,16.07,1.17,52.94,0.47,1.48,Kirtankhola_Barishal
2014-02-15,0.0,27.95,17.7,2.13,68.19,0.47,1.09,Kirtankhola_Barishal
2014-02-16,3.37,25.9,18.58,2.07,79.71,0.47,0.63,Kirtankhola_Barishal
2014-02-17,12.03,24.26,15.38,3.36,76.49,0.49,0.54,Kirtankhola_Barishal
2014-02-18,0.0,25.38,12.34,2.44,57.2,0.49,1.52,Kirtankhola_Barishal
2014-02-19,0.0,26.64,13.17,2.3,59.21,0.49,1.43,Kirtankhola_Barishal
2014-02-20,0.0,28.06,14.23,1.3,53.87,0.48,1.5,Kirtankhola_Barishal
2014-02-21,0.0,28.29,15.04,1.42,52.4,0.48,1.53,Kirtankhola_Barishal
2014-02-22,0.0,29.0,15.98,1.28,62.17,0.47,1.3,Kirtankhola_Barishal
2014-02-23,0.0,29.21,17.5,1.5,58.89,0.47,1.16,Kirtankhola_Barishal
2014-02-24,0.0,29.22,17.95,1.84,64.43,0.47,1.16,Kirtankhola_Barishal
2014-02-25,0.0,29.39,18.3,2.06,61.99,0.46,1.17,Kirtankhola_Barishal
2014-02-26,0.0,29.45,17.99,1.61,51.26,0.46,1.05,Kirtankhola_Barishal
2014-02-27,0.0,30.91,18.18,1.39,56.3,0.46,1.14,Kirtankhola_Barishal
2014-02-28,0.0,30.13,19.07,2.03,58.42,0.46,1.02,Kirtankhola_Barishal
2014-03-01,0.0,30.34,18.72,2.21,63.82,0.45,0.98,Kirtankhola_Barishal
2014-03-02,0.0,31.25,18.5,2.29,58.83,0.45,1.0,Kirtankhola_Barishal
2014-03-03,0.0,30.17,18.87,2.29,62.46,0.45,0.8,Kirtankhola_Barishal
2014-03-04,0.0,27.46,18.84,2.45,50.55,0.44,0.46,Kirtankhola_Barishal
2014-03-05,0.0,30.44,16.77,2.11,52.08,0.44,0.79,Kirtankhola_Barishal
2014-03-06,0.0,30.34,17.61,1.52,48.75,0.44,0.77,Kirtankhola_Barishal
2014-03-07,0.0,29.9,17.57,1.9,46.78,0.44,0.7,Kirtankhola_Barishal
2014-03-08,0.0,30.28,17.28,1.85,45.08,0.43,0.68,Kirtankhola_Barishal
2014-03-09,0.0,30.71,17.91,1.4,40.47,0.43,0.65,Kirtankhola_Barishal
2014-03-10,0.0,32.09,18.22,1.6,40.02,0.43,0.65,Kirtankhola_Barishal
2014-03-11,0.0,32.69,18.67,1.53,44.19,0.43,0.6,Kirtankhola_Barishal
2014-03-12,0.0,32.23,19.7,1.63,52.04,0.42,0.49,Kirtankhola_Barishal
2014-03-13,0.0,32.91,22.04,1.51,60.89,0.42,0.4,Kirtankhola_Barishal
2014-03-14,0.0,33.6,22.16,1.39,52.3,0.42,0.52,Kirtankhola_Barishal
2014-03-15,0.0,34.12,20.63,1.62,47.03,0.42,0.5,Kirtankhola_Barishal
2014-03-16,0.0,34.15,19.6,1.7,39.01,0.42,0.48,Kirtankhola_Barishal
2014-03-17,0.0,34.45,19.64,1.68,43.37,0.41,0.44,Kirtankhola_Barishal
2014-03-18,0.0,34.73,20.75,2.31,63.4,0.41,0.38,Kirtankhola_Barishal
2014-03-19,0.17,34.92,22.88,2.9,67.65,0.41,0.32,Kirtankhola_Barishal
2014-03-20,1.34,34.08,23.3,2.58,67.23,0.41,0.31,Kirtankhola_Barishal
2014-03-21,0.1,34.48,22.18,2.05,64.47,0.41,0.31,Kirtankhola_Barishal
2014-03-22,0.36,34.95,21.72,2.84,60.12,0.4,0.31,Kirtankhola_Barishal
2014-03-23,6.8,31.13,23.19,2.73,69.8,0.41,0.25,Kirtankhola_Barishal
2014-03-24,2.48,32.81,22.89,2.18,70.54,0.41,0.37,Kirtankhola_Barishal
2014-03-25,2.56,34.46,22.72,2.01,65.11,0.42,0.47,Kirtankhola_Barishal
2014-03-26,0.0,34.85,23.39,2.37,62.27,0.41,0.44,Kirtankhola_Barishal
2014-03-27,0.0,36.34,24.08,2.74,64.93,0.41,0.42,Kirtankhola_Barishal
2014-03-28,0.0,37.97,24.92,2.73,64.29,0.41,0.4,Kirtankhola_Barishal
2014-03-29,0.0,38.15,24.74,3.07,62.47,0.4,0.36,Kirtankhola_Barishal
2014-03-30,0.0,39.57,25.17,3.54,60.88,0.4,0.32,Kirtankhola_Barishal
2014-03-31,0.0,37.88,25.15,3.18,66.73,0.4,0.24,Kirtankhola_Barishal
2014-04-01,0.01,36.14,25.24,3.18,67.29,0.4,0.18,Kirtankhola_Barishal
2014-04-02,0.03,36.82,25.13,2.41,61.99,0.39,0.18,Kirtankhola_Barishal
2014-04-03,1.59,35.8,24.55,2.8,65.2,0.39,0.14,Kirtankhola_Barishal
2014-04-04,2.27,34.35,24.62,2.41,67.46,0.4,0.15,Kirtankhola_Barishal
2014-04-05,0.16,35.5,24.3,2.17,66.82,0.4,0.16,Kirtankhola_Barishal
2014-04-06,1.02,35.25,24.42,2.93,67.05,0.39,0.15,Kirtankhola_Barishal
2014-04-07,0.22,35.86,24.95,3.88,70.88,0.39,0.13,Kirtankhola_Barishal
2014-04-08,0.04,34.96,26.3,4.41,71.32,0.39,0.1,Kirtankhola_Barishal
2014-04-09,0.03,33.84,27.02,3.5,70.12,0.39,0.08,Kirtankhola_Barishal
2014-04-10,0.04,34.9,26.18,2.04,66.31,0.39,0.07,Kirtankhola_Barishal
2014-04-11,0.0,36.99,24.34,2.38,58.34,0.39,0.1,Kirtankhola_Barishal
2014-04-12,0.0,36.41,25.57,2.3,55.74,0.39,0.08,Kirtankhola_Barishal
2014-04-13,0.0,37.04,24.7,1.9,53.44,0.38,0.07,Kirtankhola_Barishal
2014-04-14,0.0,37.61,25.7,1.87,51.21,0.38,0.06,Kirtankhola_Barishal
2014-04-15,0.0,38.92,25.37,1.97,51.93,0.38,0.05,Kirtankhola_Barishal
2014-04-16,0.0,38.93,25.52,2.98,52.63,0.38,0.04,Kirtankhola_Barishal
2014-04-17,0.0,38.2,27.27,3.51,55.95,0.38,0.03,Kirtankhola_Barishal
2014-04-18,0.0,38.6,26.25,2.62,58.32,0.38,0.02,Kirtankhola_Barishal
2014-04-19,0.0,39.66,27.02,1.89,53.9,0.37,0.02,Kirtankhola_Barishal
2014-04-20,0.05,39.51,27.77,1.76,47.01,0.37,0.02,Kirtankhola_Barishal
2014-04-21,0.0,39.24,28.2,1.54,48.84,0.37,0.01,Kirtankhola_Barishal
2014-04-22,0.0,40.6,27.03,1.41,46.66,0.37,0.01,Kirtankhola_Barishal
2014-04-23,0.0,40.93,27.13,2.14,50.13,0.37,0.01,Kirtankhola_Barishal
2014-04-24,0.0,40.64,27.56,2.87,49.79,0.37,0.01,Kirtankhola_Barishal
2014-04-25,0.26,39.88,27.52,3.49,58.23,0.37,0.0,Kirtankhola_Barishal
2014-04-26,0.25,39.04,27.78,3.23,60.82,0.37,0.0,Kirtankhola_Barishal
2014-04-27,0.04,39.19,27.58,3.46,61.76,0.37,0.0,Kirtankhola_Barishal
2014-04-28,0.39,36.13,27.46,3.35,65.49,0.37,0.0,Kirtankhola_Barishal
2014-04-29,1.07,37.08,26.85,3.54,67.4,0.37,0.0,Kirtankhola_Barishal
2014-04-30,3.43,36.56,27.12,3.38,68.09,0.38,0.0,Kirtankhola_Barishal
2014-05-01,2.4,35.72,27.38,3.58,69.19,0.38,0.0,Kirtankhola_Barishal
2014-05-02,3.91,31.25,27.18,2.98,78.45,0.39,0.01,Kirtankhola_Barishal
2014-05-03,4.5,33.13,26.58,2.84,72.38,0.39,0.02,Kirtankhola_Barishal
2014-05-04,11.13,33.68,26.31,3.06,72.63,0.4,0.15,Kirtankhola_Barishal
2014-05-05,7.35,32.18,27.19,2.6,75.43,0.41,0.16,Kirtankhola_Barishal
2014-05-06,5.62,35.68,26.36,2.27,66.63,0.42,0.47,Kirtankhola_Barishal
2014-05-07,3.49,36.34,26.61,4.18,66.66,0.42,0.61,Kirtankhola_Barishal
2014-05-08,2.34,34.2,27.06,5.15,72.37,0.42,0.41,Kirtankhola_Barishal
2014-05-09,1.24,33.97,28.33,5.89,76.17,0.42,0.26,Kirtankhola_Barishal
2014-05-10,4.83,35.84,28.27,4.88,72.47,0.42,0.36,Kirtankhola_Barishal
2014-05-11,6.66,33.23,27.73,4.34,77.31,0.43,0.38,Kirtankhola_Barishal
2014-05-12,4.57,33.88,28.01,3.72,77.05,0.43,0.62,Kirtankhola_Barishal
2014-05-13,0.42,36.19,27.66,3.61,74.48,0.43,0.67,Kirtankhola_Barishal
2014-05-14,1.47,34.07,28.2,3.39,74.79,0.43,0.42,Kirtankhola_Barishal
2014-05-15,9.12,35.78,28.0,3.31,71.53,0.43,0.71,Kirtankhola_Barishal
2014-05-16,5.32,36.79,27.41,3.02,68.28,0.44,1.37,Kirtankhola_Barishal
2014-05-17,0.01,36.67,27.58,3.0,66.7,0.44,1.13,Kirtankhola_Barishal
2014-05-18,0.0,37.63,27.49,2.81,65.37,0.43,1.0,Kirtankhola_Barishal
2014-05-19,0.0,37.46,28.16,2.99,67.29,0.43,0.7,Kirtankhola_Barishal
2014-05-20,0.0,36.79,28.05,3.2,67.72,0.42,0.64,Kirtankhola_Barishal
2014-05-21,0.0,36.84,27.8,3.79,68.48,0.42,0.57,Kirtankhola_Barishal
2014-05-22,0.0,36.79,27.66,3.04,65.4,0.42,0.53,Kirtankhola_Barishal
2014-05-23,0.23,33.63,28.15,2.45,68.9,0.42,0.29,Kirtankhola_Barishal
2014-05-24,3.87,31.18,27.8,3.03,79.74,0.42,0.11,Kirtankhola_Barishal
2014-05-25,25.15,31.01,27.44,2.42,85.74,0.45,0.24,Kirtankhola_Barishal
2014-05-26,18.16,32.07,27.56,2.65,81.71,0.48,1.11,Kirtankhola_Barishal
2014-05-27,19.2,31.85,27.97,3.43,82.0,0.51,1.94,Kirtankhola_Barishal
2014-05-28,18.91,32.59,27.6,4.65,80.76,0.53,3.2,Kirtankhola_Barishal
2014-05-29,9.27,31.78,27.87,2.69,83.66,0.55,2.81,Kirtankhola_Barishal
2014-05-30,16.65,31.88,27.32,2.77,85.48,0.55,2.52,Kirtankhola_Barishal
2014-05-31,46.02,30.87,27.28,3.23,86.73,0.62,1.99,Kirtankhola_Barishal
2014-06-01,16.63,31.97,27.17,3.26,83.67,0.65,4.23,Kirtankhola_Barishal
2014-06-02,6.1,31.98,27.33,3.25,83.19,0.64,4.76,Kirtankhola_Barishal
2014-06-03,3.53,32.64,27.31,3.21,83.02,0.63,5.3,Kirtankhola_Barishal
2014-06-04,2.81,33.32,27.54,3.06,83.25,0.63,5.45,Kirtankhola_Barishal
2014-06-05,1.77,32.61,27.95,2.81,84.87,0.62,4.0,Kirtankhola_Barishal
2014-06-06,0.23,32.94,27.83,2.95,84.85,0.61,4.55,Kirtankhola_Barishal
2014-06-07,0.0,33.19,28.25,3.47,81.4,0.6,6.11,Kirtankhola_Barishal
2014-06-08,0.09,32.54,28.45,4.17,83.49,0.59,3.97,Kirtankhola_Barishal
2014-06-09,0.21,32.96,28.45,4.6,83.92,0.59,4.38,Kirtankhola_Barishal
2014-06-10,24.15,32.66,28.34,4.05,85.6,0.59,3.38,Kirtankhola_Barishal
2014-06-11,56.7,32.17,28.03,4.03,86.24,0.69,2.98,Kirtankhola_Barishal
2014-06-12,5.62,33.27,27.81,3.07,86.31,0.7,4.45,Kirtankhola_Barishal
2014-06-13,2.79,31.98,28.55,2.58,89.45,0.69,1.89,Kirtankhola_Barishal
2014-06-14,2.48,33.04,28.28,2.34,82.15,0.68,3.42,Kirtankhola_Barishal
2014-06-15,1.31,32.68,27.91,2.29,83.66,0.68,2.93,Kirtankhola_Barishal
2014-06-16,1.57,32.68,28.07,2.31,84.05,0.67,3.83,Kirtankhola_Barishal
2014-06-17,6.23,31.68,28.24,2.05,87.04,0.67,2.06,Kirtankhola_Barishal
2014-06-18,28.14,29.89,27.87,3.51,89.94,0.7,1.26,Kirtankhola_Barishal
2014-06-19,21.17,30.71,27.27,3.18,90.28,0.73,1.6,Kirtankhola_Barishal
2014-06-20,52.85,30.06,27.81,5.04,92.26,0.77,0.71,Kirtankhola_Barishal
2014-06-21,103.29,29.33,27.57,5.07,93.02,0.89,0.42,Kirtankhola_Barishal
2014-06-22,48.63,29.85,27.68,4.94,92.47,0.95,0.52,Kirtankhola_Barishal
2014-06-23,56.14,29.87,27.52,3.86,92.05,0.97,0.51,Kirtankhola_Barishal
2014-06-24,16.34,29.83,27.45,4.21,91.27,0.97,0.71,Kirtankhola_Barishal
2014-06-25,6.0,30.28,27.26,3.04,87.31,0.97,1.58,Kirtankhola_Barishal
2014-06-26,8.56,30.43,27.03,3.64,90.19,0.97,1.26,Kirtankhola_Barishal
2014-06-27,8.14,30.8,26.78,3.79,87.95,0.96,2.03,Kirtankhola_Barishal
2014-06-28,12.6,31.39,26.88,3.57,88.65,0.96,2.07,Kirtankhola_Barishal
2014-06-29,42.97,31.16,27.68,3.92,91.73,0.97,0.92,Kirtankhola_Barishal
2014-06-30,32.39,30.46,27.33,2.72,91.77,0.98,0.52,Kirtankhola_Barishal
2014-07-01,6.5,30.86,26.83,4.34,88.8,0.98,1.42,Kirtankhola_Barishal
2014-07-02,10.43,29.8,26.92,3.77,91.05,0.98,0.75,Kirtankhola_Barishal
2014-07-03,24.51,29.8,27.14,5.7,90.54,0.98,0.8,Kirtankhola_Barishal
2014-07-04,42.86,30.16,27.09,5.31,91.0,0.99,0.79,Kirtankhola_Barishal
2014-07-05,57.21,30.6,27.1,4.2,91.56,1.0,0.65,Kirtankhola_Barishal
2014-07-06,14.16,31.09,26.89,3.21,90.52,1.0,1.07,Kirtankhola_Barishal
2014-07-07,0.09,30.34,27.06,3.77,89.96,0.99,1.12,Kirtankhola_Barishal
2014-07-08,0.34,30.52,27.13,3.76,90.19,0.98,1.09,Kirtankhola_Barishal
2014-07-09,2.47,31.24,27.17,3.5,88.62,0.98,1.77,Kirtankhola_Barishal
2014-07-10,2.41,30.71,27.58,3.55,87.64,0.97,2.0,Kirtankhola_Barishal
2014-07-11,7.89,31.68,27.52,2.65,86.8,0.97,2.12,Kirtankhola_Barishal
2014-07-12,4.82,31.66,27.69,3.16,88.71,0.96,1.75,Kirtankhola_Barishal
2014-07-13,3.92,30.63,27.61,3.2,90.03,0.96,0.89,Kirtankhola_Barishal
2014-07-14,12.99,30.91,27.75,4.57,90.13,0.96,1.39,Kirtankhola_Barishal
2014-07-15,9.19,30.54,27.73,5.0,89.03,0.96,1.22,Kirtankhola_Barishal
2014-07-16,18.85,30.85,27.65,4.9,89.45,0.97,1.32,Kirtankhola_Barishal
2014-07-17,27.31,29.86,27.33,3.93,91.42,0.98,0.62,Kirtankhola_Barishal
2014-07-18,16.62,30.83,27.31,3.54,90.6,0.98,1.03,Kirtankhola_Barishal
2014-07-19,8.03,31.82,27.62,2.91,90.13,0.98,1.26,Kirtankhola_Barishal
2014-07-20,15.32,30.76,27.35,4.13,89.35,0.98,1.31,Kirtankhola_Barishal
2014-07-21,42.78,28.85,27.24,6.72,90.86,0.99,0.67,Kirtankhola_Barishal
2014-07-22,17.47,28.98,26.5,4.6,92.31,0.99,0.35,Kirtankhola_Barishal
2014-07-23,7.27,28.79,26.26,2.93,91.9,0.99,0.35,Kirtankhola_Barishal
2014-07-24,12.36,29.88,26.04,2.6,88.87,0.99,1.03,Kirtankhola_Barishal
2014-07-25,9.28,30.14,25.98,2.3,88.75,0.99,1.23,Kirtankhola_Barishal
2014-07-26,9.17,30.48,26.12,2.25,91.09,0.99,1.05,Kirtankhola_Barishal
2014-07-27,7.05,29.37,26.71,3.28,92.71,0.99,0.68,Kirtankhola_Barishal
2014-07-28,9.7,30.24,26.5,3.53,91.82,0.99,1.01,Kirtankhola_Barishal
2014-07-29,7.58,29.81,26.81,4.1,92.1,0.99,1.05,Kirtankhola_Barishal
2014-07-30,6.23,30.43,26.95,3.67,90.97,0.98,1.62,Kirtankhola_Barishal
2014-07-31,7.72,30.68,27.12,3.4,90.83,0.98,1.58,Kirtankhola_Barishal
2014-08-01,3.7,30.52,27.11,2.48,90.05,0.97,1.39,Kirtankhola_Barishal
2014-08-02,5.14,30.71,27.07,2.71,90.17,0.97,1.64,Kirtankhola_Barishal
2014-08-03,8.87,29.98,26.35,4.09,90.32,0.97,1.57,Kirtankhola_Barishal
2014-08-04,19.54,28.77,27.46,5.95,92.98,0.98,0.61,Kirtankhola_Barishal
2014-08-05,14.3,30.13,27.4,4.52,91.31,0.98,1.26,Kirtankhola_Barishal
2014-08-06,6.82,30.19,26.87,2.62,90.03,0.98,1.35,Kirtankhola_Barishal
2014-08-07,14.5,30.22,26.56,2.54,90.57,0.98,1.08,Kirtankhola_Barishal
2014-08-08,9.25,30.9,26.59,2.69,88.54,0.98,2.11,Kirtankhola_Barishal
2014-08-09,8.67,30.43,26.79,3.95,88.57,0.98,2.05,Kirtankhola_Barishal
2014-08-10,8.15,30.34,26.51,4.79,88.56,0.97,2.05,Kirtankhola_Barishal
2014-08-11,13.17,30.7,26.24,4.26,87.51,0.97,2.19,Kirtankhola_Barishal
2014-08-12,27.01,31.14,26.96,4.24,88.88,0.97,1.89,Kirtankhola_Barishal
2014-08-13,43.95,30.93,27.21,4.68,90.28,0.99,1.26,Kirtankhola_Barishal
2014-08-14,58.07,29.44,27.29,4.64,92.67,1.0,0.33,Kirtankhola_Barishal
2014-08-15,33.24,29.9,27.23,4.13,91.9,1.0,0.4,Kirtankhola_Barishal
2014-08-16,49.0,29.34,27.02,3.63,92.89,1.0,0.23,Kirtankhola_Barishal
2014-08-17,11.16,29.71,26.24,2.77,90.54,1.0,0.63,Kirtankhola_Barishal
2014-08-18,11.29,30.31,26.07,2.95,89.33,1.0,1.34,Kirtankhola_Barishal
2014-08-19,6.44,30.67,26.57,3.22,89.31,0.99,1.43,Kirtankhola_Barishal
2014-08-20,20.99,30.03,26.65,2.65,87.97,1.0,1.47,Kirtankhola_Barishal
2014-08-21,9.52,30.77,26.57,2.89,89.45,1.0,1.29,Kirtankhola_Barishal
2014-08-22,13.87,29.61,26.83,4.32,89.65,0.99,1.22,Kirtankhola_Barishal
2014-08-23,8.87,30.39,26.62,4.02,88.78,0.99,1.72,Kirtankhola_Barishal
2014-08-24,6.12,30.64,26.41,3.53,88.21,0.99,2.18,Kirtankhola_Barishal
2014-08-25,5.76,30.27,26.36,3.07,89.14,0.98,2.27,Kirtankhola_Barishal
2014-08-26,4.98,30.5,26.07,2.06,87.64,0.98,2.43,Kirtankhola_Barishal
2014-08-27,5.25,29.0,25.85,1.84,90.14,0.97,1.07,Kirtankhola_Barishal
2014-08-28,8.13,30.22,26.24,2.45,89.24,0.97,2.2,Kirtankhola_Barishal
2014-08-29,1.13,30.63,26.24,2.09,89.11,0.97,2.42,Kirtankhola_Barishal
2014-08-30,6.83,28.47,26.64,2.74,93.1,0.96,0.68,Kirtankhola_Barishal
2014-08-31,28.0,28.82,26.06,3.99,90.85,0.98,0.94,Kirtankhola_Barishal
2014-09-01,11.44,29.02,26.59,4.51,90.43,0.99,1.6,Kirtankhola_Barishal
2014-09-02,2.07,28.51,25.89,2.66,91.18,0.98,0.96,Kirtankhola_Barishal
2014-09-03,0.97,30.42,25.79,2.31,86.94,0.97,2.81,Kirtankhola_Barishal
2014-09-04,4.57,28.96,25.98,2.54,91.58,0.97,1.1,Kirtankhola_Barishal
2014-09-05,9.39,30.02,25.96,3.09,88.88,0.97,2.34,Kirtankhola_Barishal
2014-09-06,3.04,30.36,26.4,3.79,87.93,0.97,3.1,Kirtankhola_Barishal
2014-09-07,3.13,29.76,26.66,3.67,90.2,0.96,1.57,Kirtankhola_Barishal
2014-09-08,8.92,30.48,26.45,3.43,87.99,0.96,2.77,Kirtankhola_Barishal
2014-09-09,5.06,30.3,26.19,3.04,86.91,0.96,3.11,Kirtankhola_Barishal
2014-09-10,1.03,30.31,26.23,2.76,86.25,0.95,3.57,Kirtankhola_Barishal
2014-09-11,5.55,30.34,26.18,2.69,86.75,0.94,3.47,Kirtankhola_Barishal
2014-09-12,10.49,29.49,26.41,2.15,88.67,0.95,1.55,Kirtankhola_Barishal
2014-09-13,6.4,30.01,26.04,2.31,88.17,0.95,2.6,Kirtankhola_Barishal
2014-09-14,1.65,30.5,26.31,2.27,86.93,0.94,3.28,Kirtankhola_Barishal
2014-09-15,5.43,29.85,26.35,2.19,87.69,0.94,2.85,Kirtankhola_Barishal
2014-09-16,0.86,31.36,26.42,1.59,84.07,0.93,4.51,Kirtankhola_Barishal
2014-09-17,0.12,31.89,26.3,1.31,82.23,0.92,5.02,Kirtankhola_Barishal
2014-09-18,6.71,31.19,27.13,1.9,86.91,0.92,2.77,Kirtankhola_Barishal
2014-09-19,27.43,28.74,27.29,4.1,91.29,0.94,0.71,Kirtankhola_Barishal
2014-09-20,78.89,29.22,26.85,4.65,90.76,0.98,1.03,Kirtankhola_Barishal
2014-09-21,32.87,29.08,27.17,4.77,91.02,1.0,0.8,Kirtankhola_Barishal
2014-09-22,31.14,29.99,26.97,4.47,90.69,1.0,1.31,Kirtankhola_Barishal
2014-09-23,22.22,28.74,26.39,2.83,90.41,1.0,0.65,Kirtankhola_Barishal
2014-09-24,2.7,29.95,25.83,2.16,89.59,0.99,1.42,Kirtankhola_Barishal
2014-09-25,6.04,29.46,26.17,2.88,89.82,0.99,1.59,Kirtankhola_Barishal
2014-09-26,6.92,29.36,26.12,3.28,91.31,0.99,1.24,Kirtankhola_Barishal
2014-09-27,3.16,31.2,25.71,1.71,84.13,0.99,3.42,Kirtankhola_Barishal
2014-09-28,0.12,31.73,24.92,1.15,78.15,0.98,5.72,Kirtankhola_Barishal
2014-09-29,0.01,31.34,24.72,1.17,81.73,0.97,4.99,Kirtankhola_Barishal
2014-09-30,0.16,32.1,25.94,0.77,77.01,0.97,5.86,Kirtankhola_Barishal
2014-10-01,0.36,31.28,25.51,1.15,80.23,0.96,4.63,Kirtankhola_Barishal
2014-10-02,0.56,31.86,26.23,0.8,78.89,0.95,5.65,Kirtankhola_Barishal
2014-10-03,5.46,31.2,25.8,1.07,80.17,0.95,4.91,Kirtankhola_Barishal
2014-10-04,1.36,31.17,25.38,1.21,79.75,0.94,4.8,Kirtankhola_Barishal
2014-10-05,2.53,31.14,25.53,1.03,79.38,0.94,4.75,Kirtankhola_Barishal
2014-10-06,0.55,31.06,25.94,0.88,80.88,0.93,4.21,Kirtankhola_Barishal
2014-10-07,2.13,30.2,25.63,1.07,85.16,0.93,3.76,Kirtankhola_Barishal
2014-10-08,1.04,31.18,25.79,0.95,80.03,0.92,6.02,Kirtankhola_Barishal
2014-10-09,2.43,31.66,25.84,1.2,80.61,0.91,6.75,Kirtankhola_Barishal
2014-10-10,4.46,31.33,26.22,1.36,81.75,0.91,6.03,Kirtankhola_Barishal
2014-10-11,23.83,29.4,25.99,2.05,87.89,0.92,2.55,Kirtankhola_Barishal
2014-10-12,26.04,29.82,25.94,2.44,88.2,0.95,2.98,Kirtankhola_Barishal
2014-10-13,18.3,30.23,26.03,2.12,88.17,0.96,3.07,Kirtankhola_Barishal
2014-10-14,9.88,29.07,25.83,2.21,89.76,0.97,2.1,Kirtankhola_Barishal
2014-10-15,3.2,30.63,25.37,1.35,85.56,0.96,4.64,Kirtankhola_Barishal
2014-10-16,3.01,29.63,25.37,1.17,86.71,0.96,2.73,Kirtankhola_Barishal
2014-10-17,0.0,29.61,24.68,2.34,84.73,0.95,4.4,Kirtankhola_Barishal
2014-10-18,0.0,28.91,23.37,1.84,81.18,0.94,4.49,Kirtankhola_Barishal
2014-10-19,0.0,29.54,21.78,1.73,78.2,0.93,5.35,Kirtankhola_Barishal
2014-10-20,0.0,29.03,21.39,1.95,74.1,0.93,5.12,Kirtankhola_Barishal
2014-10-21,0.0,29.56,21.6,1.69,78.51,0.92,5.43,Kirtankhola_Barishal
2014-10-22,0.0,29.61,21.34,1.58,78.76,0.91,5.85,Kirtankhola_Barishal
2014-10-23,0.0,29.41,21.13,1.54,77.73,0.9,5.67,Kirtankhola_Barishal
2014-10-24,0.0,28.97,21.1,1.51,75.66,0.89,5.58,Kirtankhola_Barishal
2014-10-25,0.01,29.17,22.38,1.19,71.86,0.89,5.97,Kirtankhola_Barishal
2014-10-26,0.03,28.51,22.15,1.8,80.46,0.88,3.8,Kirtankhola_Barishal
2014-10-27,0.05,27.76,21.16,2.03,84.3,0.87,3.9,Kirtankhola_Barishal
2014-10-28,1.49,26.22,22.41,1.07,78.75,0.87,2.94,Kirtankhola_Barishal
2014-10-29,0.23,27.72,21.67,1.93,80.3,0.86,4.9,Kirtankhola_Barishal
2014-10-30,0.0,28.2,20.32,1.88,78.44,0.85,5.35,Kirtankhola_Barishal
2014-10-31,0.0,28.38,20.28,1.56,78.51,0.85,5.39,Kirtankhola_Barishal
2014-11-01,0.0,28.64,21.2,1.5,78.32,0.84,5.45,Kirtankhola_Barishal
2014-11-02,0.0,28.85,21.08,1.54,79.36,0.83,5.16,Kirtankhola_Barishal
2014-11-03,0.0,28.48,20.48,1.61,84.44,0.83,5.36,Kirtankhola_Barishal
2014-11-04,0.0,29.16,20.58,1.35,83.42,0.82,5.84,Kirtankhola_Barishal
2014-11-05,0.0,29.14,21.77,1.56,80.43,0.81,5.14,Kirtankhola_Barishal
2014-11-06,0.0,29.08,21.11,2.12,80.9,0.81,5.51,Kirtankhola_Barishal
2014-11-07,0.0,29.62,21.21,1.64,80.74,0.8,5.46,Kirtankhola_Barishal
2014-11-08,0.48,30.29,22.26,1.61,82.29,0.79,5.49,Kirtankhola_Barishal
2014-11-09,0.06,30.28,24.51,0.92,84.78,0.79,4.68,Kirtankhola_Barishal
2014-11-10,0.0,28.84,21.99,1.78,81.01,0.78,5.34,Kirtankhola_Barishal
2014-11-11,0.0,27.61,20.8,1.5,78.06,0.78,3.88,Kirtankhola_Barishal
2014-11-12,0.0,28.46,21.63,1.27,71.34,0.77,5.03,Kirtankhola_Barishal
2014-11-13,0.0,28.59,20.35,1.78,77.45,0.76,4.74,Kirtankhola_Barishal
2014-11-14,0.0,27.58,19.84,1.95,74.88,0.76,4.75,Kirtankhola_Barishal
2014-11-15,0.0,26.91,17.99,1.32,65.3,0.75,4.64,Kirtankhola_Barishal
2014-11-16,0.0,27.05,19.07,1.12,60.05,0.74,4.25,Kirtankhola_Barishal
2014-11-17,0.0,26.91,18.27,1.13,68.55,0.74,3.96,Kirtankhola_Barishal
2014-11-18,0.0,27.13,18.78,1.6,78.59,0.73,4.37,Kirtankhola_Barishal
2014-11-19,0.0,26.85,18.3,1.67,78.88,0.73,4.37,Kirtankhola_Barishal
2014-11-20,0.0,26.18,17.33,1.77,78.24,0.72,4.04,Kirtankhola_Barishal
2014-11-21,0.0,25.84,17.07,1.79,76.25,0.72,3.67,Kirtankhola_Barishal
2014-11-22,0.0,26.15,16.71,1.44,69.28,0.71,4.02,Kirtankhola_Barishal
2014-11-23,0.0,25.89,15.68,1.44,64.55,0.71,3.42,Kirtankhola_Barishal
2014-11-24,0.0,25.87,16.18,1.76,66.94,0.71,3.63,Kirtankhola_Barishal
2014-11-25,0.0,25.27,15.34,1.9,73.67,0.7,3.28,Kirtankhola_Barishal
2014-11-26,0.0,24.82,14.58,1.37,68.04,0.7,3.36,Kirtankhola_Barishal
2014-11-27,0.0,24.49,14.71,1.31,64.36,0.69,3.14,Kirtankhola_Barishal
2014-11-28,0.0,25.14,16.3,1.33,66.75,0.69,3.02,Kirtankhola_Barishal
2014-11-29,0.0,25.4,15.44,1.19,65.56,0.68,3.24,Kirtankhola_Barishal
2014-11-30,0.0,26.01,16.66,1.22,65.83,0.68,3.2,Kirtankhola_Barishal
2014-12-01,0.0,26.04,17.18,1.04,71.43,0.67,3.05,Kirtankhola_Barishal
2014-12-02,0.0,25.6,18.36,1.04,71.33,0.67,2.85,Kirtankhola_Barishal
2014-12-03,0.0,25.53,16.27,0.98,68.49,0.67,3.04,Kirtankhola_Barishal
2014-12-04,0.0,26.07,18.58,0.67,65.57,0.66,3.56,Kirtankhola_Barishal
2014-12-05,0.0,26.48,18.63,0.81,70.93,0.66,3.67,Kirtankhola_Barishal
2014-12-06,0.0,26.13,17.2,1.37,78.31,0.65,3.29,Kirtankhola_Barishal
2014-12-07,0.0,25.4,16.31,1.97,79.96,0.65,2.9,Kirtankhola_Barishal
2014-12-08,0.0,24.55,14.92,1.53,70.4,0.64,2.96,Kirtankhola_Barishal
2014-12-09,0.0,24.65,15.18,1.1,66.31,0.64,2.82,Kirtankhola_Barishal
2014-12-10,0.0,24.32,16.56,1.21,61.44,0.64,2.68,Kirtankhola_Barishal
2014-12-11,0.0,24.14,15.03,1.67,71.6,0.63,2.32,Kirtankhola_Barishal
2014-12-12,0.09,22.12,13.35,2.52,77.73,0.63,2.29,Kirtankhola_Barishal
2014-12-13,0.0,23.4,13.5,1.83,76.95,0.62,2.45,Kirtankhola_Barishal
2014-12-14,0.0,24.6,15.48,1.4,77.23,0.62,2.7,Kirtankhola_Barishal
2014-12-15,0.0,25.31,16.06,1.35,78.31,0.62,2.67,Kirtankhola_Barishal
2014-12-16,0.0,25.59,15.02,1.98,78.28,0.61,2.88,Kirtankhola_Barishal
2014-12-17,0.0,24.48,15.47,3.02,78.35,0.61,2.57,Kirtankhola_Barishal
2014-12-18,0.0,22.44,11.24,2.61,73.06,0.6,2.34,Kirtankhola_Barishal
2014-12-19,0.0,23.63,11.72,2.27,76.8,0.6,2.33,Kirtankhola_Barishal
2014-12-20,0.0,24.36,12.85,1.59,74.73,0.6,2.42,Kirtankhola_Barishal
2014-12-21,0.0,24.15,14.36,1.28,69.03,0.59,2.53,Kirtankhola_Barishal
2014-12-22,0.0,23.89,13.37,1.52,72.02,0.59,2.33,Kirtankhola_Barishal
2014-12-23,0.0,23.98,13.16,1.5,73.19,0.59,2.37,Kirtankhola_Barishal
2014-12-24,0.0,24.39,13.87,1.52,71.87,0.58,2.5,Kirtankhola_Barishal
2014-12-25,0.0,24.03,12.89,2.02,74.45,0.58,2.23,Kirtankhola_Barishal
2014-12-26,0.0,22.7,11.28,2.22,70.46,0.58,2.13,Kirtankhola_Barishal
2014-12-27,0.0,22.12,10.93,2.11,72.33,0.57,1.89,Kirtankhola_Barishal
2014-12-28,0.0,23.35,11.01,2.11,73.86,0.57,2.05,Kirtankhola_Barishal
2014-12-29,0.0,21.26,12.39,1.81,74.72,0.57,0.92,Kirtankhola_Barishal
2014-12-30,0.0,22.65,13.86,1.47,71.18,0.56,1.2,Kirtankhola_Barishal
2014-12-31,0.04,23.26,17.12,1.48,71.35,0.56,1.39,Kirtankhola_Barishal
2015-01-01,2.92,24.29,17.69,2.12,83.45,0.56,1.34,Kirtankhola_Barishal
2015-01-02,0.3,27.4,18.84,1.63,81.73,0.56,2.63,Kirtankhola_Barishal
2015-01-03,0.54,27.84,20.61,0.85,78.67,0.56,2.39,Kirtankhola_Barishal
2015-01-04,1.13,27.14,19.49,1.76,85.63,0.56,2.35,Kirtankhola_Barishal
2015-01-05,0.0,24.71,16.85,2.09,76.27,0.55,2.29,Kirtankhola_Barishal
2015-01-06,0.0,23.38,13.95,1.9,69.04,0.55,2.11,Kirtankhola_Barishal
2015-01-07,0.0,22.99,13.46,1.73,68.52,0.54,1.38,Kirtankhola_Barishal
2015-01-08,0.0,23.32,13.64,1.31,63.79,0.54,1.4,Kirtankhola_Barishal
2015-01-09,0.0,23.5,13.65,1.26,63.65,0.54,1.47,Kirtankhola_Barishal
2015-01-10,0.0,23.8,13.13,1.81,70.56,0.54,1.64,Kirtankhola_Barishal
2015-01-11,0.0,23.69,11.64,2.34,65.62,0.53,1.77,Kirtankhola_Barishal
2015-01-12,0.0,23.62,11.11,1.67,60.15,0.53,1.62,Kirtankhola_Barishal
2015-01-13,0.0,24.67,11.8,1.75,62.51,0.53,1.76,Kirtankhola_Barishal
2015-01-14,0.0,25.44,12.52,1.27,61.39,0.52,1.88,Kirtankhola_Barishal
2015-01-15,0.0,25.93,13.33,1.41,58.91,0.52,1.94,Kirtankhola_Barishal
2015-01-16,0.07,25.78,14.96,1.16,58.31,0.52,1.7,Kirtankhola_Barishal
2015-01-17,1.76,25.56,14.46,2.01,68.63,0.51,1.44,Kirtankhola_Barishal
2015-01-18,0.0,24.08,12.61,2.07,64.51,0.51,1.43,Kirtankhola_Barishal
2015-01-19,0.0,23.36,12.14,1.22,60.56,0.51,1.29,Kirtankhola_Barishal
2015-01-20,0.0,24.03,11.83,1.85,67.42,0.51,1.24,Kirtankhola_Barishal
2015-01-21,0.0,25.02,11.97,1.46,61.96,0.5,1.38,Kirtankhola_Barishal
2015-01-22,0.0,25.68,13.18,1.15,59.55,0.5,1.44,Kirtankhola_Barishal
2015-01-23,0.0,25.65,14.34,1.28,55.62,0.5,1.31,Kirtankhola_Barishal
2015-01-24,0.0,26.35,13.65,1.96,62.11,0.49,1.28,Kirtankhola_Barishal
2015-01-25,0.0,26.05,14.87,1.84,61.95,0.49,1.37,Kirtankhola_Barishal
2015-01-26,0.0,25.72,13.68,1.93,54.02,0.49,1.17,Kirtankhola_Barishal
2015-01-27,0.0,26.34,14.78,1.57,53.28,0.49,1.18,Kirtankhola_Barishal
2015-01-28,0.0,27.84,15.89,1.78,65.02,0.48,1.17,Kirtankhola_Barishal
2015-01-29,0.0,27.94,16.05,2.02,64.15,0.48,1.22,Kirtankhola_Barishal
2015-01-30,0.0,25.93,15.53,2.41,71.98,0.48,0.9,Kirtankhola_Barishal
2015-01-31,0.0,24.37,13.41,2.67,56.6,0.48,0.93,Kirtankhola_Barishal
2015-02-01,0.0,24.72,12.19,2.38,51.37,0.47,0.83,Kirtankhola_Barishal
2015-02-02,0.0,25.46,12.33,1.97,54.12,0.47,0.86,Kirtankhola_Barishal
2015-02-03,0.0,27.46,13.78,1.54,53.62,0.47,0.94,Kirtankhola_Barishal
2015-02-04,0.0,28.17,15.65,1.2,48.25,0.47,0.91,Kirtankhola_Barishal
2015-02-05,0.0,27.59,17.11,1.09,46.66,0.46,0.74,Kirtankhola_Barishal
2015-02-06,0.0,26.69,15.92,1.67,51.6,0.46,0.73,Kirtankhola_Barishal
2015-02-07,0.0,24.82,14.97,1.59,45.95,0.46,0.52,Kirtankhola_Barishal
2015-02-08,0.0,24.68,15.64,1.28,46.27,0.46,0.38,Kirtankhola_Barishal
2015-02-09,0.0,27.06,16.63,1.43,52.41,0.46,0.57,Kirtankhola_Barishal
2015-02-10,0.0,27.33,16.99,1.78,55.5,0.46,0.53,Kirtankhola_Barishal
2015-02-11,0.0,26.84,16.86,1.96,50.72,0.45,0.62,Kirtankhola_Barishal
2015-02-12,0.0,27.42,16.24,1.53,43.24,0.45,0.62,Kirtankhola_Barishal
2015-02-13,0.0,28.07,15.35,1.61,55.71,0.45,0.63,Kirtankhola_Barishal
2015-02-14,0.0,27.25,17.35,1.31,66.26,0.45,0.66,Kirtankhola_Barishal
2015-02-15,3.12,27.23,18.32,1.57,74.23,0.45,0.49,Kirtankhola_Barishal
2015-02-16,0.15,28.76,19.09,0.9,66.31,0.45,0.74,Kirtankhola_Barishal
2015-02-17,0.04,29.69,18.6,1.09,60.8,0.45,0.77,Kirtankhola_Barishal
2015-02-18,0.44,29.22,18.26,1.94,72.34,0.44,0.64,Kirtankhola_Barishal
2015-02-19,5.4,28.16,19.9,1.67,76.75,0.45,0.61,Kirtankhola_Barishal
2015-02-20,0.09,30.14,19.4,1.16,70.27,0.45,0.84,Kirtankhola_Barishal
2015-02-21,0.48,30.03,18.66,1.69,66.02,0.45,0.77,Kirtankhola_Barishal
2015-02-22,0.31,30.43,18.98,1.9,68.54,0.44,0.72,Kirtankhola_Barishal
2015-02-23,0.98,30.82,20.31,1.88,71.8,0.44,0.7,Kirtankhola_Barishal
2015-02-24,0.0,31.17,20.26,2.21,68.0,0.44,0.73,Kirtankhola_Barishal
2015-02-25,0.0,31.57,20.3,2.4,70.09,0.44,0.66,Kirtankhola_Barishal
2015-02-26,0.0,30.87,20.89,2.49,72.15,0.43,0.58,Kirtankhola_Barishal
2015-02-27,0.0,31.77,20.51,3.2,71.29,0.43,0.54,Kirtankhola_Barishal
2015-02-28,0.0,32.57,20.69,1.89,67.47,0.43,0.58,Kirtankhola_Barishal
2015-03-01,0.0,34.07,21.02,1.37,60.83,0.43,0.61,Kirtankhola_Barishal
2015-03-02,0.0,34.43,20.83,1.93,52.65,0.42,0.58,Kirtankhola_Barishal
2015-03-03,0.55,32.27,20.3,2.28,52.91,0.42,0.46,Kirtankhola_Barishal
2015-03-04,13.84,27.42,20.79,2.15,66.69,0.43,0.25,Kirtankhola_Barishal
2015-03-05,2.89,30.58,20.92,1.61,57.99,0.45,0.81,Kirtankhola_Barishal
2015-03-06,0.0,30.28,16.61,2.64,48.83,0.44,0.83,Kirtankhola_Barishal
2015-03-07,0.0,30.46,16.53,2.69,45.38,0.44,0.74,Kirtankhola_Barishal
2015-03-08,0.0,31.38,17.52,2.35,45.22,0.43,0.68,Kirtankhola_Barishal
2015-03-09,0.0,32.9,18.13,2.21,45.61,0.43,0.68,Kirtankhola_Barishal
2015-03-10,0.0,33.79,19.35,2.03,42.25,0.43,0.64,Kirtankhola_Barishal
2015-03-11,0.0,33.1,19.52,2.63,44.7,0.42,0.56,Kirtankhola_Barishal
2015-03-12,0.0,33.45,16.32,2.57,38.58,0.42,0.53,Kirtankhola_Barishal
2015-03-13,0.0,33.7,17.23,2.21,38.74,0.42,0.46,Kirtankhola_Barishal
2015-03-14,0.0,35.28,20.02,1.91,50.55,0.42,0.44,Kirtankhola_Barishal
2015-03-15,0.0,35.16,21.77,1.77,50.13,0.41,0.4,Kirtankhola_Barishal
2015-03-16,0.0,34.86,22.77,2.7,48.54,0.41,0.36,Kirtankhola_Barishal
2015-03-17,0.0,34.08,22.33,2.32,49.26,0.41,0.31,Kirtankhola_Barishal
2015-03-18,0.0,34.84,22.38,1.43,55.14,0.41,0.29,Kirtankhola_Barishal
2015-03-19,0.0,34.13,22.79,1.95,51.92,0.4,0.26,Kirtankhola_Barishal
2015-03-20,0.0,33.53,21.36,2.01,40.47,0.4,0.24,Kirtankhola_Barishal
2015-03-21,0.0,34.97,21.24,1.94,34.63,0.4,0.23,Kirtankhola_Barishal
2015-03-22,0.0,35.23,20.01,1.59,36.54,0.4,0.2,Kirtankhola_Barishal
2015-03-23,0.02,36.26,21.15,2.14,47.57,0.4,0.18,Kirtankhola_Barishal
2015-03-24,0.28,35.19,22.76,2.27,61.55,0.39,0.14,Kirtankhola_Barishal
2015-03-25,4.7,34.28,23.76,2.35,64.56,0.39,0.11,Kirtankhola_Barishal
2015-03-26,6.17,33.44,23.25,2.12,66.89,0.41,0.28,Kirtankhola_Barishal
2015-03-27,0.0,34.05,23.37,2.4,63.87,0.41,0.29,Kirtankhola_Barishal
2015-03-28,0.17,33.34,24.12,2.49,66.81,0.4,0.21,Kirtankhola_Barishal
2015-03-29,1.47,33.49,24.03,2.33,65.22,0.4,0.21,Kirtankhola_Barishal
2015-03-30,1.17,33.55,23.64,2.75,70.69,0.4,0.21,Kirtankhola_Barishal
2015-03-31,4.89,30.41,24.76,2.15,76.99,0.41,0.09,Kirtankhola_Barishal
2015-04-01,0.78,33.56,23.31,3.11,69.86,0.41,0.3,Kirtankhola_Barishal
2015-04-02,10.62,33.36,24.61,4.05,75.94,0.42,0.4,Kirtankhola_Barishal
2015-04-03,5.02,34.11,25.16,3.51,76.68,0.43,0.62,Kirtankhola_Barishal
2015-04-04,5.02,33.45,25.8,4.64,76.81,0.43,0.73,Kirtankhola_Barishal
2015-04-05,11.72,32.02,25.25,3.55,78.85,0.44,0.87,Kirtankhola_Barishal
2015-04-06,31.84,31.52,25.19,1.62,80.68,0.48,1.51,Kirtankhola_Barishal
2015-04-07,17.12,32.05,24.65,1.73,79.76,0.51,2.79,Kirtankhola_Barishal
2015-04-08,1.99,33.0,23.53,1.35,73.02,0.52,4.35,Kirtankhola_Barishal
2015-04-09,0.94,33.83,24.13,2.58,74.76,0.5,3.57,Kirtankhola_Barishal
2015-04-10,0.72,34.3,24.11,2.64,73.07,0.5,3.77,Kirtankhola_Barishal
2015-04-11,0.08,33.34,23.97,2.33,73.9,0.49,3.14,Kirtankhola_Barishal
2015-04-12,0.08,32.56,25.56,1.46,69.14,0.48,1.77,Kirtankhola_Barishal
2015-04-13,0.26,33.23,25.04,1.37,67.19,0.48,2.14,Kirtankhola_Barishal
2015-04-14,0.2,30.99,25.09,1.34,70.12,0.48,1.09,Kirtankhola_Barishal
2015-04-15,0.1,32.33,25.17,1.79,71.81,0.47,1.36,Kirtankhola_Barishal
2015-04-16,0.01,33.65,24.68,1.5,61.81,0.47,1.75,Kirtankhola_Barishal
2015-04-17,0.12,33.45,25.0,2.34,61.6,0.47,1.93,Kirtankhola_Barishal
2015-04-18,2.84,33.22,24.83,3.93,72.02,0.47,1.93,Kirtankhola_Barishal
2015-04-19,1.97,33.55,25.37,3.3,73.86,0.47,2.06,Kirtankhola_Barishal
2015-04-20,0.35,34.26,25.65,3.02,71.54,0.46,2.09,Kirtankhola_Barishal
2015-04-21,1.46,34.27,26.18,4.52,74.54,0.46,1.73,Kirtankhola_Barishal
2015-04-22,6.99,31.96,26.69,4.74,80.31,0.46,1.14,Kirtankhola_Barishal
2015-04-23,11.48,31.75,26.39,4.17,82.08,0.48,1.06,Kirtankhola_Barishal
2015-04-24,38.5,28.69,24.53,2.74,85.94,0.51,1.14,Kirtankhola_Barishal
2015-04-25,2.46,29.54,24.31,2.53,80.02,0.53,2.36,Kirtankhola_Barishal
2015-04-26,1.91,31.29,24.18,1.52,71.31,0.52,3.77,Kirtankhola_Barishal
2015-04-27,3.04,31.79,24.35,2.08,71.24,0.52,3.95,Kirtankhola_Barishal
2015-04-28,3.61,31.65,23.67,2.12,74.11,0.52,3.48,Kirtankhola_Barishal
2015-04-29,11.13,30.69,24.97,3.24,81.49,0.53,2.38,Kirtankhola_Barishal
2015-04-30,6.21,28.98,24.72,3.12,84.11,0.53,1.41,Kirtankhola_Barishal
2015-05-01,7.29,32.2,25.64,2.47,81.7,0.54,3.41,Kirtankhola_Barishal
2015-05-02,1.81,30.52,25.77,2.89,85.88,0.54,2.04,Kirtankhola_Barishal
2015-05-03,0.83,32.15,25.1,2.18,80.87,0.53,3.22,Kirtankhola_Barishal
2015-05-04,0.53,33.69,25.05,1.82,75.45,0.53,4.16,Kirtankhola_Barishal
2015-05-05,0.02,32.24,25.65,2.16,77.33,0.52,2.53,Kirtankhola_Barishal
2015-05-06,0.35,32.12,25.45,1.96,76.51,0.52,2.63,Kirtankhola_Barishal
2015-05-07,1.54,32.76,25.94,2.47,77.42,0.51,2.18,Kirtankhola_Barishal
2015-05-08,1.53,33.01,25.09,2.14,74.67,0.51,3.12,Kirtankhola_Barishal
2015-05-09,0.96,32.66,24.88,2.55,79.1,0.51,2.53,Kirtankhola_Barishal
2015-05-10,7.49,32.33,26.51,2.6,83.04,0.51,1.67,Kirtankhola_Barishal
2015-05-11,19.85,29.99,26.65,2.1,87.6,0.54,0.91,Kirtankhola_Barishal
2015-05-12,5.71,31.78,26.18,2.35,84.43,0.55,2.97,Kirtankhola_Barishal
2015-05-13,0.5,33.71,25.79,2.58,78.92,0.54,5.0,Kirtankhola_Barishal
2015-05-14,0.21,31.93,26.51,2.51,81.83,0.54,2.67,Kirtankhola_Barishal
2015-05-15,2.97,33.95,26.93,2.88,80.87,0.53,3.42,Kirtankhola_Barishal
2015-05-16,2.49,31.87,26.94,2.47,81.99,0.53,2.36,Kirtankhola_Barishal
2015-05-17,4.19,33.1,26.9,1.88,77.34,0.53,2.79,Kirtankhola_Barishal
2015-05-18,2.57,33.18,26.03,3.1,77.74,0.53,4.17,Kirtankhola_Barishal
2015-05-19,0.07,33.56,26.88,2.29,75.67,0.53,4.66,Kirtankhola_Barishal
2015-05-20,0.08,34.57,26.79,1.72,71.96,0.52,3.98,Kirtankhola_Barishal
2015-05-21,0.22,32.71,27.75,1.93,77.25,0.51,2.1,Kirtankhola_Barishal
2015-05-22,0.66,35.59,27.58,3.13,77.32,0.51,3.22,Kirtankhola_Barishal
2015-05-23,6.5,35.19,28.16,4.0,79.9,0.51,2.31,Kirtankhola_Barishal
2015-05-24,17.88,32.48,28.51,4.32,85.46,0.53,1.29,Kirtankhola_Barishal
2015-05-25,3.43,32.6,27.93,4.41,82.2,0.54,2.48,Kirtankhola_Barishal
2015-05-26,0.74,32.88,27.73,3.84,80.2,0.54,3.18,Kirtankhola_Barishal
2015-05-27,0.68,31.83,27.59,3.66,81.89,0.53,1.86,Kirtankhola_Barishal
2015-05-28,0.66,32.24,27.62,4.06,83.49,0.53,1.89,Kirtankhola_Barishal
2015-05-29,0.37,33.81,27.91,3.73,79.14,0.52,3.04,Kirtankhola_Barishal
2015-05-30,1.14,32.79,28.32,2.74,79.91,0.52,1.63,Kirtankhola_Barishal
2015-05-31,0.44,33.49,28.1,3.83,76.97,0.52,2.46,Kirtankhola_Barishal
2015-06-01,0.89,32.73,28.18,3.83,78.77,0.51,1.63,Kirtankhola_Barishal
2015-06-02,0.55,33.85,27.71,3.37,76.19,0.51,2.31,Kirtankhola_Barishal
2015-06-03,0.93,34.3,27.86,3.01,76.43,0.51,2.2,Kirtankhola_Barishal
2015-06-04,1.22,34.29,27.81,2.18,75.35,0.5,2.02,Kirtankhola_Barishal
2015-06-05,7.52,33.1,27.84,2.71,79.93,0.51,1.38,Kirtankhola_Barishal
2015-06-06,8.58,32.42,27.6,3.43,81.79,0.52,1.59,Kirtankhola_Barishal
2015-06-07,5.19,31.91,27.88,3.59,81.12,0.53,1.13,Kirtankhola_Barishal
2015-06-08,5.26,32.45,28.19,3.75,80.57,0.53,1.27,Kirtankhola_Barishal
2015-06-09,3.59,32.7,28.52,4.88,80.0,0.53,1.39,Kirtankhola_Barishal
2015-06-10,7.12,32.12,28.53,4.63,82.8,0.53,1.14,Kirtankhola_Barishal
2015-06-11,21.57,31.23,28.34,4.32,87.98,0.55,0.72,Kirtankhola_Barishal
2015-06-12,21.7,30.66,27.58,3.41,88.46,0.59,0.94,Kirtankhola_Barishal
2015-06-13,19.72,30.51,26.77,3.82,86.07,0.61,1.9,Kirtankhola_Barishal
2015-06-14,22.23,30.58,26.37,2.89,87.65,0.63,2.01,Kirtankhola_Barishal
2015-06-15,18.26,30.05,27.08,3.27,87.47,0.66,1.97,Kirtankhola_Barishal
2015-06-16,30.41,29.36,26.88,3.03,90.04,0.68,0.81,Kirtankhola_Barishal
2015-06-17,9.62,30.1,26.66,2.19,86.66,0.69,1.58,Kirtankhola_Barishal
2015-06-18,1.98,30.37,26.66,2.41,86.91,0.69,1.76,Kirtankhola_Barishal
2015-06-19,1.2,31.81,27.03,3.33,84.42,0.68,4.58,Kirtankhola_Barishal
2015-06-20,6.55,31.5,27.54,4.8,85.03,0.67,4.08,Kirtankhola_Barishal
2015-06-21,73.21,31.27,27.38,4.39,86.63,0.69,3.0,Kirtankhola_Barishal
2015-06-22,55.22,31.64,27.27,5.06,87.02,0.74,2.79,Kirtankhola_Barishal
2015-06-23,57.43,30.62,27.22,5.57,89.47,0.81,1.35,Kirtankhola_Barishal
2015-06-24,123.89,32.01,27.21,4.28,90.18,0.89,1.22,Kirtankhola_Barishal
2015-06-25,80.48,30.59,27.54,3.82,91.46,0.95,0.78,Kirtankhola_Barishal
2015-06-26,90.85,30.35,27.1,4.5,91.22,0.99,0.79,Kirtankhola_Barishal
2015-06-27,33.02,29.13,26.93,5.19,91.89,1.0,0.44,Kirtankhola_Barishal
2015-06-28,26.77,30.0,26.46,3.87,88.78,0.99,1.02,Kirtankhola_Barishal
2015-06-29,9.89,29.7,25.72,3.75,88.0,0.99,1.57,Kirtankhola_Barishal
2015-06-30,0.91,30.74,25.59,2.96,87.64,0.98,1.85,Kirtankhola_Barishal
2015-07-01,7.08,30.86,26.0,3.4,88.73,0.97,1.85,Kirtankhola_Barishal
2015-07-02,21.61,29.63,26.31,3.79,92.03,0.98,0.94,Kirtankhola_Barishal
2015-07-03,10.9,31.21,26.78,3.37,90.3,0.98,1.57,Kirtankhola_Barishal
2015-07-04,2.26,31.12,26.88,3.06,89.82,0.98,1.72,Kirtankhola_Barishal
2015-07-05,2.03,31.59,27.31,1.69,89.01,0.97,1.46,Kirtankhola_Barishal
2015-07-06,2.38,30.84,27.07,2.45,90.49,0.96,1.44,Kirtankhola_Barishal
2015-07-07,37.06,30.09,27.04,1.75,91.35,0.97,0.77,Kirtankhola_Barishal
2015-07-08,51.83,29.92,27.0,2.54,93.42,0.99,0.23,Kirtankhola_Barishal
2015-07-09,150.38,29.33,27.05,4.47,93.01,1.0,0.23,Kirtankhola_Barishal
2015-07-10,17.87,30.43,26.77,4.1,91.43,1.0,0.63,Kirtankhola_Barishal
2015-07-11,7.99,29.82,26.8,3.27,93.05,1.0,0.54,Kirtankhola_Barishal
2015-07-12,1.34,30.94,26.45,2.73,88.64,0.99,1.46,Kirtankhola_Barishal
2015-07-13,1.0,31.65,26.14,2.45,88.24,0.98,1.86,Kirtankhola_Barishal
2015-07-14,3.44,31.36,27.19,2.8,90.04,0.98,1.49,Kirtankhola_Barishal
2015-07-15,26.56,30.16,27.76,3.71,92.77,0.99,0.55,Kirtankhola_Barishal
2015-07-16,122.91,29.02,27.37,3.12,92.92,1.0,0.25,Kirtankhola_Barishal
2015-07-17,34.46,28.4,27.17,3.53,93.13,1.0,0.15,Kirtankhola_Barishal
2015-07-18,46.7,29.13,26.76,3.73,92.43,1.0,0.25,Kirtankhola_Barishal
2015-07-19,41.89,29.5,26.19,3.43,91.17,1.0,0.36,Kirtankhola_Barishal
2015-07-20,11.35,29.86,26.12,3.42,88.88,1.0,0.94,Kirtankhola_Barishal
2015-07-21,25.74,29.47,26.45,3.1,90.04,1.0,0.75,Kirtankhola_Barishal
2015-07-22,28.19,29.4,26.72,3.26,91.6,1.0,0.57,Kirtankhola_Barishal
2015-07-23,25.58,29.43,26.73,4.38,92.72,1.0,0.51,Kirtankhola_Barishal
2015-07-24,78.22,28.08,26.55,4.23,94.78,1.0,0.13,Kirtankhola_Barishal
2015-07-25,70.21,28.31,26.48,5.52,94.78,1.0,0.09,Kirtankhola_Barishal
2015-07-26,84.09,28.44,26.44,4.41,92.57,1.0,0.19,Kirtankhola_Barishal
2015-07-27,66.78,27.55,25.66,5.35,94.66,1.0,0.09,Kirtankhola_Barishal
2015-07-28,56.46,28.31,25.83,4.78,91.0,1.0,0.26,Kirtankhola_Barishal
2015-07-29,47.76,29.5,26.18,4.83,93.24,1.0,0.24,Kirtankhola_Barishal
2015-07-30,33.39,28.46,25.75,8.48,92.85,1.0,0.21,Kirtankhola_Barishal
2015-07-31,40.3,28.76,26.81,5.5,93.14,1.0,0.23,Kirtankhola_Barishal
2015-08-01,33.76,28.52,26.15,6.35,91.17,1.0,0.47,Kirtankhola_Barishal
2015-08-02,28.21,28.48,25.97,4.46,91.2,1.0,0.46,Kirtankhola_Barishal
2015-08-03,4.72,29.57,25.82,3.33,90.01,1.0,1.14,Kirtankhola_Barishal
2015-08-04,1.18,30.15,25.55,2.78,88.65,0.99,1.62,Kirtankhola_Barishal
2015-08-05,5.57,30.65,26.05,2.29,88.44,0.99,1.82,Kirtankhola_Barishal
2015-08-06,11.0,30.87,26.31,1.62,87.84,0.98,1.4,Kirtankhola_Barishal
2015-08-07,2.9,31.37,26.62,1.94,87.55,0.98,1.86,Kirtankhola_Barishal
2015-08-08,0.84,30.49,26.48,1.86,87.02,0.98,1.57,Kirtankhola_Barishal
2015-08-09,1.45,30.08,26.27,2.34,87.15,0.97,1.68,Kirtankhola_Barishal
2015-08-10,5.31,30.33,26.39,2.46,88.63,0.96,1.67,Kirtankhola_Barishal
2015-08-11,16.98,29.94,26.78,2.53,90.14,0.97,1.03,Kirtankhola_Barishal
2015-08-12,6.14,29.78,27.13,3.13,90.84,0.97,0.88,Kirtankhola_Barishal
2015-08-13,7.45,30.45,27.15,3.25,90.01,0.97,1.42,Kirtankhola_Barishal
2015-08-14,15.95,30.92,26.76,2.69,88.62,0.97,1.72,Kirtankhola_Barishal
2015-08-15,29.62,30.56,27.06,3.15,90.4,0.98,1.32,Kirtankhola_Barishal
2015-08-16,42.94,29.53,26.8,4.1,91.45,0.99,0.84,Kirtankhola_Barishal
2015-08-17,36.6,29.98,26.66,4.4,90.85,1.0,1.04,Kirtankhola_Barishal
2015-08-18,23.64,30.19,26.57,4.25,90.31,1.0,1.07,Kirtankhola_Barishal
2015-08-19,24.3,30.5,26.53,4.12,91.36,1.0,1.15,Kirtankhola_Barishal
2015-08-20,23.29,29.75,27.02,3.31,93.4,1.0,0.53,Kirtankhola_Barishal
2015-08-21,24.45,29.23,26.25,2.19,91.52,1.0,0.54,Kirtankhola_Barishal
2015-08-22,12.46,30.38,25.9,2.25,90.51,1.0,1.14,Kirtankhola_Barishal
2015-08-23,8.69,29.24,26.23,2.42,91.21,1.0,0.74,Kirtankhola_Barishal
2015-08-24,0.55,30.12,26.08,2.15,89.1,0.99,1.56,Kirtankhola_Barishal
2015-08-25,1.85,29.26,26.71,2.65,91.27,0.99,0.88,Kirtankhola_Barishal
2015-08-26,1.0,29.45,26.69,3.09,90.62,0.98,1.28,Kirtankhola_Barishal
2015-08-27,6.41,30.1,26.74,3.94,89.42,0.98,1.61,Kirtankhola_Barishal
2015-08-28,20.46,29.84,26.97,4.55,90.92,0.98,1.37,Kirtankhola_Barishal
2015-08-29,23.34,30.54,26.67,4.08,89.37,0.99,1.92,Kirtankhola_Barishal
2015-08-30,19.53,30.13,27.07,3.9,91.86,0.99,1.08,Kirtankhola_Barishal
2015-08-31,41.07,29.32,27.26,3.9,93.69,0.99,0.46,Kirtankhola_Barishal
2015-09-01,31.71,29.15,26.52,1.72,92.67,1.0,0.43,Kirtankhola_Barishal
2015-09-02,33.06,29.56,26.17,2.03,90.02,1.0,1.07,Kirtankhola_Barishal
2015-09-03,11.2,29.8,26.32,2.84,89.58,1.0,0.99,Kirtankhola_Barishal
2015-09-04,3.44,30.16,26.1,2.04,89.63,1.0,1.47,Kirtankhola_Barishal
2015-09-05,3.82,30.89,25.99,1.62,87.42,0.99,2.16,Kirtankhola_Barishal
2015-09-06,3.47,31.12,26.29,1.73,87.95,0.99,2.63,Kirtankhola_Barishal
2015-09-07,8.05,30.49,26.24,2.21,88.97,0.99,1.72,Kirtankhola_Barishal
2015-09-08,7.5,31.04,26.17,1.6,86.31,0.99,2.63,Kirtankhola_Barishal
2015-09-09,1.04,32.35,26.56,1.13,83.2,0.98,3.38,Kirtankhola_Barishal
2015-09-10,11.4,30.41,27.27,1.55,84.79,0.98,1.61,Kirtankhola_Barishal
2015-09-11,7.92,30.15,26.72,1.78,88.9,0.98,1.17,Kirtankhola_Barishal
2015-09-12,6.06,32.46,26.32,1.05,80.83,0.98,4.22,Kirtankhola_Barishal
2015-09-13,13.45,30.55,26.46,1.49,87.91,0.98,1.66,Kirtankhola_Barishal
2015-09-14,7.22,29.96,26.67,2.9,89.47,0.98,1.89,Kirtankhola_Barishal
2015-09-15,12.43,30.09,27.09,4.02,88.82,0.98,2.13,Kirtankhola_Barishal
2015-09-16,5.16,30.69,27.15,2.62,89.25,0.98,2.12,Kirtankhola_Barishal
2015-09-17,0.52,32.13,27.1,0.88,81.12,0.97,3.83,Kirtankhola_Barishal
2015-09-18,3.34,32.55,26.95,1.34,83.07,0.97,2.58,Kirtankhola_Barishal
2015-09-19,44.39,28.28,26.86,3.19,91.93,0.98,0.67,Kirtankhola_Barishal
2015-09-20,64.49,28.82,26.86,5.35,92.41,1.0,0.44,Kirtankhola_Barishal
2015-09-21,39.76,29.2,27.32,4.1,92.47,1.0,0.41,Kirtankhola_Barishal
2015-09-22,23.83,30.05,26.9,3.39,91.68,1.0,0.77,Kirtankhola_Barishal
2015-09-23,35.06,30.61,27.08,3.42,90.05,1.0,1.31,Kirtankhola_Barishal
2015-09-24,18.2,30.32,26.37,2.58,90.3,1.0,1.5,Kirtankhola_Barishal
2015-09-25,0.57,31.12,25.63,1.52,85.19,0.99,3.8,Kirtankhola_Barishal
2015-09-26,0.38,31.52,25.13,1.0,77.44,0.99,4.8,Kirtankhola_Barishal
2015-09-27,0.18,31.5,25.55,0.71,72.18,0.98,5.59,Kirtankhola_Barishal
2015-09-28,0.01,31.21,25.19,1.3,73.93,0.97,4.78,Kirtankhola_Barishal
2015-09-29,0.01,31.58,24.93,1.4,78.78,0.97,4.72,Kirtankhola_Barishal
2015-09-30,0.2,31.98,26.26,1.25,75.52,0.96,4.36,Kirtankhola_Barishal
2015-10-01,2.43,31.79,26.6,1.22,82.81,0.95,3.34,Kirtankhola_Barishal
2015-10-02,6.14,29.81,26.81,1.89,90.56,0.95,1.29,Kirtankhola_Barishal
2015-10-03,5.12,30.63,26.22,1.53,86.03,0.96,2.75,Kirtankhola_Barishal
2015-10-04,3.74,31.53,26.32,0.66,79.0,0.95,3.36,Kirtankhola_Barishal
2015-10-05,8.22,30.51,26.91,1.1,83.57,0.95,1.83,Kirtankhola_Barishal
2015-10-06,1.89,30.55,26.86,1.07,81.9,0.95,3.33,Kirtankhola_Barishal
2015-10-07,48.07,28.4,26.52,2.19,91.26,0.96,0.48,Kirtankhola_Barishal
2015-10-08,72.76,28.31,26.78,3.58,94.53,1.0,0.26,Kirtankhola_Barishal
2015-10-09,13.87,30.26,25.61,4.2,89.67,1.0,2.09,Kirtankhola_Barishal
2015-10-10,15.35,31.25,26.18,1.69,85.69,1.0,4.08,Kirtankhola_Barishal
2015-10-11,14.03,30.09,25.63,1.49,83.97,1.0,3.25,Kirtankhola_Barishal
2015-10-12,11.54,29.63,25.25,1.72,83.98,0.99,3.74,Kirtankhola_Barishal
2015-10-13,16.77,28.54,24.66,1.88,87.7,0.99,1.73,Kirtankhola_Barishal
2015-10-14,10.1,28.48,23.6,2.05,85.59,0.99,2.84,Kirtankhola_Barishal
2015-10-15,1.16,28.87,24.28,1.72,84.36,0.99,3.28,Kirtankhola_Barishal
2015-10-16,0.11,30.07,24.35,0.95,80.04,0.98,5.83,Kirtankhola_Barishal
2015-10-17,0.19,30.25,24.6,1.09,80.51,0.98,5.65,Kirtankhola_Barishal
2015-10-18,0.02,30.16,23.69,1.5,80.05,0.97,4.95,Kirtankhola_Barishal
2015-10-19,0.0,30.14,23.77,1.38,79.88,0.96,5.16,Kirtankhola_Barishal
2015-10-20,0.0,30.24,23.52,1.22,77.06,0.95,5.61,Kirtankhola_Barishal
2015-10-21,0.0,30.18,24.1,0.93,74.41,0.95,5.55,Kirtankhola_Barishal
2015-10-22,0.0,30.14,24.38,0.97,72.25,0.94,4.72,Kirtankhola_Barishal
2015-10-23,0.1,30.3,24.9,0.9,73.55,0.93,5.44,Kirtankhola_Barishal
2015-10-24,0.0,29.84,23.27,1.46,77.04,0.92,5.25,Kirtankhola_Barishal
2015-10-25,0.0,28.96,22.05,1.53,72.69,0.91,5.25,Kirtankhola_Barishal
2015-10-26,0.0,28.69,21.49,1.5,70.35,0.91,5.36,Kirtankhola_Barishal
2015-10-27,0.0,28.56,20.13,1.6,77.25,0.9,5.08,Kirtankhola_Barishal
2015-10-28,0.0,28.13,21.16,1.28,74.34,0.89,5.07,Kirtankhola_Barishal
2015-10-29,0.01,29.86,23.17,1.0,71.1,0.88,5.04,Kirtankhola_Barishal
2015-10-30,1.77,28.61,24.17,0.95,77.32,0.88,4.78,Kirtankhola_Barishal
2015-10-31,6.14,26.15,23.37,2.13,87.12,0.88,1.5,Kirtankhola_Barishal
2015-11-01,10.7,26.08,23.05,1.89,86.3,0.89,1.12,Kirtankhola_Barishal
2015-11-02,3.32,28.11,23.16,1.3,83.43,0.89,4.43,Kirtankhola_Barishal
2015-11-03,0.03,28.88,22.2,0.86,80.47,0.89,6.07,Kirtankhola_Barishal
2015-11-04,0.0,29.19,22.5,0.8,74.7,0.88,6.31,Kirtankhola_Barishal
2015-11-05,0.0,29.03,22.22,1.12,73.59,0.87,5.55,Kirtankhola_Barishal
2015-11-06,0.0,29.25,22.21,1.22,73.86,0.86,5.4,Kirtankhola_Barishal
2015-11-07,0.0,28.96,20.96,1.91,79.27,0.85,4.83,Kirtankhola_Barishal
2015-11-08,0.01,28.22,19.73,2.47,77.6,0.85,4.55,Kirtankhola_Barishal
2015-11-09,0.0,27.48,19.03,1.76,75.6,0.84,4.76,Kirtankhola_Barishal
2015-11-10,0.0,27.8,19.27,1.45,78.36,0.84,4.41,Kirtankhola_Barishal
2015-11-11,0.01,28.04,20.2,1.12,74.7,0.83,5.36,Kirtankhola_Barishal
2015-11-12,0.0,27.72,19.45,1.92,80.34,0.82,4.55,Kirtankhola_Barishal
2015-11-13,0.0,27.24,19.04,1.68,78.51,0.82,4.49,Kirtankhola_Barishal
2015-11-14,0.0,27.49,20.2,1.12,75.56,0.81,4.26,Kirtankhola_Barishal
2015-11-15,0.01,27.95,21.09,0.76,74.38,0.81,4.47,Kirtankhola_Barishal
2015-11-16,0.0,27.7,21.19,0.97,71.16,0.8,4.61,Kirtankhola_Barishal
2015-11-17,0.3,26.54,21.09,1.18,73.73,0.8,1.73,Kirtankhola_Barishal
2015-11-18,1.75,27.14,21.56,0.74,77.4,0.8,2.24,Kirtankhola_Barishal
2015-11-19,0.0,27.17,19.46,2.18,80.75,0.79,4.04,Kirtankhola_Barishal
2015-11-20,0.07,27.46,18.34,1.65,78.93,0.79,4.37,Kirtankhola_Barishal
2015-11-21,0.0,27.79,18.76,1.69,77.77,0.78,4.61,Kirtankhola_Barishal
2015-11-22,0.0,27.21,17.97,1.66,77.49,0.77,4.64,Kirtankhola_Barishal
2015-11-23,0.0,27.04,18.16,1.7,73.87,0.77,4.42,Kirtankhola_Barishal
2015-11-24,0.0,26.51,18.05,1.4,70.4,0.76,4.23,Kirtankhola_Barishal
2015-11-25,0.0,26.76,19.35,0.79,70.28,0.76,4.31,Kirtankhola_Barishal
2015-11-26,0.0,26.85,19.45,0.94,69.68,0.75,4.21,Kirtankhola_Barishal
2015-11-27,0.0,26.82,19.95,0.89,65.38,0.74,4.38,Kirtankhola_Barishal
2015-11-28,0.0,26.93,19.43,1.17,72.83,0.74,3.54,Kirtankhola_Barishal
2015-11-29,0.0,26.84,18.62,1.35,75.62,0.73,3.9,Kirtankhola_Barishal
2015-11-30,0.0,26.49,18.9,1.41,80.99,0.73,3.05,Kirtankhola_Barishal
2015-12-01,0.0,26.66,19.18,1.36,79.92,0.73,2.88,Kirtankhola_Barishal
2015-12-02,0.0,26.34,21.4,0.92,78.28,0.72,2.18,Kirtankhola_Barishal
2015-12-03,0.0,26.22,21.25,1.55,82.96,0.72,2.19,Kirtankhola_Barishal
2015-12-04,0.0,26.52,20.15,1.31,81.62,0.71,3.51,Kirtankhola_Barishal
2015-12-05,0.0,26.41,19.29,1.33,74.86,0.71,3.54,Kirtankhola_Barishal
2015-12-06,0.0,26.03,18.54,1.22,71.12,0.71,3.09,Kirtankhola_Barishal
2015-12-07,0.0,25.77,19.24,0.73,73.67,0.7,2.89,Kirtankhola_Barishal
2015-12-08,0.0,25.41,19.25,0.99,77.13,0.7,2.08,Kirtankhola_Barishal
2015-12-09,0.0,25.78,18.42,1.36,75.55,0.69,3.08,Kirtankhola_Barishal
2015-12-10,0.0,25.79,16.68,1.33,73.14,0.69,3.35,Kirtankhola_Barishal
2015-12-11,0.0,26.04,19.06,1.04,71.72,0.68,3.07,Kirtankhola_Barishal
2015-12-12,0.01,26.32,19.08,1.39,83.24,0.68,2.88,Kirtankhola_Barishal
2015-12-13,0.22,27.04,19.83,1.08,83.76,0.68,3.05,Kirtankhola_Barishal
2015-12-14,0.07,26.08,19.4,1.06,79.41,0.67,2.82,Kirtankhola_Barishal
2015-12-15,1.43,23.75,17.64,1.42,79.43,0.67,1.61,Kirtankhola_Barishal
2015-12-16,0.01,23.67,14.56,2.24,71.33,0.67,2.71,Kirtankhola_Barishal
2015-12-17,0.0,23.41,14.42,1.62,62.0,0.66,2.75,Kirtankhola_Barishal
2015-12-18,1.93,19.28,16.04,1.19,73.63,0.66,0.82,Kirtankhola_Barishal
2015-12-19,0.0,21.94,14.59,2.06,71.16,0.66,2.13,Kirtankhola_Barishal
2015-12-20,0.0,22.56,12.98,1.42,60.6,0.66,2.46,Kirtankhola_Barishal
2015-12-21,0.0,22.73,14.2,1.44,60.98,0.65,2.21,Kirtankhola_Barishal
2015-12-22,0.0,22.79,13.96,1.61,66.49,0.65,2.42,Kirtankhola_Barishal
2015-12-23,0.0,23.63,14.14,1.87,69.82,0.64,2.54,Kirtankhola_Barishal
2015-12-24,0.0,22.92,14.0,1.9,68.86,0.64,2.13,Kirtankhola_Barishal
2015-12-25,0.0,22.43,14.02,2.76,77.68,0.64,1.56,Kirtankhola_Barishal
2015-12-26,0.0,22.66,11.81,2.55,69.52,0.63,2.39,Kirtankhola_Barishal
2015-12-27,0.0,22.6,10.7,2.08,67.33,0.63,2.24,Kirtankhola_Barishal
2015-12-28,0.0,23.44,12.8,1.57,66.89,0.62,2.13,Kirtankhola_Barishal
2015-12-29,0.0,23.5,13.68,1.12,56.46,0.62,2.22,Kirtankhola_Barishal
2015-12-30,0.0,23.91,15.93,0.67,56.83,0.62,1.67,Kirtankhola_Barishal
2015-12-31,0.0,24.33,16.45,0.81,64.1,0.62,1.64,Kirtankhola_Barishal
2016-01-01,0.0,24.54,14.05,1.3,70.63,0.61,2.44,Kirtankhola_Barishal
2016-01-02,0.0,24.76,14.36,1.41,68.74,0.61,2.57,Kirtankhola_Barishal
2016-01-03,0.0,23.87,14.62,1.1,62.56,0.6,2.2,Kirtankhola_Barishal
2016-01-04,0.0,23.76,14.29,1.21,65.25,0.6,2.09,Kirtankhola_Barishal
2016-01-05,0.0,23.64,14.2,1.06,62.46,0.6,2.15,Kirtankhola_Barishal
2016-01-06,0.0,23.66,14.54,1.31,63.42,0.59,1.76,Kirtankhola_Barishal
2016-01-07,0.01,24.69,13.46,1.47,66.26,0.59,2.2,Kirtankhola_Barishal
2016-01-08,0.01,24.65,16.36,1.07,65.09,0.59,1.95,Kirtankhola_Barishal
2016-01-09,0.02,25.27,15.35,1.66,82.61,0.58,2.26,Kirtankhola_Barishal
2016-01-10,0.06,25.39,17.5,0.76,75.11,0.58,2.3,Kirtankhola_Barishal
2016-01-11,0.01,24.3,14.92,1.68,64.74,0.58,2.22,Kirtankhola_Barishal
2016-01-12,0.0,23.72,14.1,1.51,58.8,0.57,1.86,Kirtankhola_Barishal
2016-01-13,0.0,23.75,15.65,0.72,58.72,0.57,1.79,Kirtankhola_Barishal
2016-01-14,0.0,24.11,14.72,1.22,61.09,0.57,1.91,Kirtankhola_Barishal
2016-01-15,0.0,24.33,15.27,1.39,59.52,0.56,1.8,Kirtankhola_Barishal
2016-01-16,0.0,25.63,16.02,0.91,64.43,0.56,1.91,Kirtankhola_Barishal
2016-01-17,0.14,24.98,15.88,1.24,66.72,0.55,1.91,Kirtankhola_Barishal
2016-01-18,0.0,24.4,14.72,1.43,57.1,0.55,1.84,Kirtankhola_Barishal
2016-01-19,0.0,25.68,15.68,1.1,58.14,0.55,1.97,Kirtankhola_Barishal
2016-01-20,0.02,26.23,17.13,0.81,63.96,0.54,1.97,Kirtankhola_Barishal
2016-01-21,1.73,20.09,15.77,2.53,87.28,0.54,0.41,Kirtankhola_Barishal
2016-01-22,0.15,22.8,12.01,2.49,70.25,0.54,1.78,Kirtankhola_Barishal
2016-01-23,0.0,23.18,11.96,2.25,66.96,0.54,1.8,Kirtankhola_Barishal
2016-01-24,0.0,22.44,10.75,2.37,60.73,0.54,1.67,Kirtankhola_Barishal
2016-01-25,0.0,23.32,10.73,1.29,53.72,0.53,1.72,Kirtankhola_Barishal
2016-01-26,0.0,23.21,12.72,1.3,53.18,0.53,1.57,Kirtankhola_Barishal
2016-01-27,0.0,23.49,15.25,1.02,63.28,0.53,1.47,Kirtankhola_Barishal
2016-01-28,0.0,25.21,16.14,1.32,82.4,0.52,1.34,Kirtankhola_Barishal
2016-01-29,0.0,26.66,17.26,0.98,69.29,0.52,1.77,Kirtankhola_Barishal
2016-01-30,0.0,25.95,15.79,1.12,57.56,0.52,1.47,Kirtankhola_Barishal
2016-01-31,0.0,27.41,16.66,1.3,73.16,0.51,1.53,Kirtankhola_Barishal
2016-02-01,0.07,27.4,18.4,1.33,77.16,0.51,1.71,Kirtankhola_Barishal
2016-02-02,0.01,28.56,18.04,1.31,69.98,0.51,1.83,Kirtankhola_Barishal
2016-02-03,0.0,27.41,19.12,0.86,60.96,0.5,1.67,Kirtankhola_Barishal
2016-02-04,0.0,26.34,15.99,1.85,61.7,0.5,1.54,Kirtankhola_Barishal
2016-02-05,0.0,26.03,14.39,2.03,56.32,0.5,1.41,Kirtankhola_Barishal
2016-02-06,0.0,27.06,14.46,1.48,51.92,0.49,1.37,Kirtankhola_Barishal
2016-02-07,0.0,28.71,16.12,1.03,54.3,0.49,1.44,Kirtankhola_Barishal
2016-02-08,0.0,27.51,17.39,1.89,76.56,0.49,1.09,Kirtankhola_Barishal
2016-02-09,0.79,27.54,18.53,2.08,79.47,0.49,1.14,Kirtankhola_Barishal
2016-02-10,0.04,28.22,18.76,1.77,76.03,0.48,1.26,Kirtankhola_Barishal
2016-02-11,0.02,29.01,17.91,2.12,72.3,0.48,1.26,Kirtankhola_Barishal
2016-02-12,1.68,29.2,19.75,2.97,80.35,0.48,0.96,Kirtankhola_Barishal
2016-02-13,0.45,29.98,19.25,1.32,72.75,0.48,1.4,Kirtankhola_Barishal
2016-02-14,0.01,30.57,19.66,1.4,72.74,0.47,1.26,Kirtankhola_Barishal
2016-02-15,0.0,31.32,20.82,0.93,61.72,0.47,1.34,Kirtankhola_Barishal
2016-02-16,0.0,32.26,20.44,1.13,51.48,0.47,1.3,Kirtankhola_Barishal
2016-02-17,0.0,32.5,21.01,1.36,55.67,0.46,1.24,Kirtankhola_Barishal
2016-02-18,0.0,32.85,21.85,1.27,63.82,0.46,1.26,Kirtankhola_Barishal
2016-02-19,0.0,33.17,20.95,2.74,68.87,0.46,1.18,Kirtankhola_Barishal
2016-02-20,0.0,33.27,21.61,2.8,69.4,0.46,1.07,Kirtankhola_Barishal
2016-02-21,0.0,33.81,22.61,3.1,73.32,0.45,1.02,Kirtankhola_Barishal
2016-02-22,0.9,33.09,23.53,2.31,75.34,0.45,0.93,Kirtankhola_Barishal
2016-02-23,0.87,31.7,22.73,2.45,76.28,0.45,0.78,Kirtankhola_Barishal
2016-02-24,18.1,29.84,23.18,2.68,80.12,0.47,0.61,Kirtankhola_Barishal
2016-02-25,33.14,27.72,22.31,1.34,81.91,0.53,1.82,Kirtankhola_Barishal
2016-02-26,2.58,29.74,21.48,1.4,71.92,0.53,2.95,Kirtankhola_Barishal
2016-02-27,2.01,29.26,21.27,1.32,71.38,0.53,2.48,Kirtankhola_Barishal
2016-02-28,0.0,30.74,20.36,1.38,70.0,0.52,3.29,Kirtankhola_Barishal
2016-02-29,0.0,31.19,20.99,1.55,65.8,0.51,3.08,Kirtankhola_Barishal
2016-03-01,0.0,31.63,20.95,1.71,63.26,0.5,2.8,Kirtankhola_Barishal
2016-03-02,0.0,31.95,20.88,1.56,65.52,0.5,2.69,Kirtankhola_Barishal
2016-03-03,0.0,32.59,20.73,1.82,60.99,0.49,2.57,Kirtankhola_Barishal
2016-03-04,0.0,32.65,20.82,2.06,65.56,0.49,2.33,Kirtankhola_Barishal
2016-03-05,0.0,33.75,21.05,1.67,66.73,0.48,2.08,Kirtankhola_Barishal
2016-03-06,0.0,34.56,22.44,1.43,62.11,0.48,1.96,Kirtankhola_Barishal
2016-03-07,0.48,33.16,21.83,1.33,59.24,0.47,1.84,Kirtankhola_Barishal
2016-03-08,0.0,33.78,22.13,1.8,61.59,0.47,1.75,Kirtankhola_Barishal
2016-03-09,0.0,34.44,22.36,2.4,64.47,0.47,1.61,Kirtankhola_Barishal
2016-03-10,0.0,34.62,23.59,1.91,64.66,0.46,1.51,Kirtankhola_Barishal
2016-03-11,0.0,34.35,23.51,1.77,64.63,0.46,1.16,Kirtankhola_Barishal
2016-03-12,0.0,32.41,24.05,2.26,64.38,0.46,0.72,Kirtankhola_Barishal
2016-03-13,0.0,36.13,23.27,2.11,62.37,0.45,1.42,Kirtankhola_Barishal
2016-03-14,0.0,34.02,22.83,1.77,51.23,0.45,1.01,Kirtankhola_Barishal
2016-03-15,0.0,33.87,21.84,2.0,53.23,0.45,1.07,Kirtankhola_Barishal
2016-03-16,0.03,33.61,21.99,1.87,63.4,0.44,0.98,Kirtankhola_Barishal
2016-03-17,0.23,33.78,22.75,1.75,63.06,0.44,0.93,Kirtankhola_Barishal
2016-03-18,0.2,34.23,21.44,2.12,65.47,0.44,0.9,Kirtankhola_Barishal
2016-03-19,2.97,33.75,23.29,2.51,71.1,0.44,0.69,Kirtankhola_Barishal
2016-03-20,6.42,32.96,24.77,2.39,74.53,0.45,0.81,Kirtankhola_Barishal
2016-03-21,10.57,34.42,24.53,3.06,74.37,0.46,1.33,Kirtankhola_Barishal
2016-03-22,6.36,34.12,24.36,2.61,74.16,0.47,2.0,Kirtankhola_Barishal
2016-03-23,0.43,34.13,24.07,2.62,73.0,0.46,1.84,Kirtankhola_Barishal
2016-03-24,0.09,35.16,22.48,1.39,62.08,0.46,2.0,Kirtankhola_Barishal
2016-03-25,0.0,35.98,21.45,2.05,60.14,0.45,1.66,Kirtankhola_Barishal
2016-03-26,0.0,34.92,23.02,2.54,63.93,0.45,1.25,Kirtankhola_Barishal
2016-03-27,0.01,33.54,23.72,3.7,74.7,0.44,0.94,Kirtankhola_Barishal
2016-03-28,9.26,32.53,25.05,3.77,75.33,0.44,0.71,Kirtankhola_Barishal
2016-03-29,6.11,32.69,24.02,2.95,74.06,0.46,1.57,Kirtankhola_Barishal
2016-03-30,2.88,32.16,24.87,3.15,73.83,0.46,1.42,Kirtankhola_Barishal
2016-03-31,16.26,28.97,23.7,2.65,86.19,0.47,0.4,Kirtankhola_Barishal
2016-04-01,20.52,27.9,23.56,2.2,86.64,0.52,0.87,Kirtankhola_Barishal
2016-04-02,3.1,30.9,23.4,2.03,80.92,0.52,2.98,Kirtankhola_Barishal
2016-04-03,2.16,32.09,24.49,3.1,80.16,0.52,3.04,Kirtankhola_Barishal
2016-04-04,0.89,32.24,25.28,3.87,78.48,0.51,2.85,Kirtankhola_Barishal
2016-04-05,0.28,32.32,25.81,4.3,78.57,0.5,2.69,Kirtankhola_Barishal
2016-04-06,0.29,34.48,25.59,4.09,79.02,0.5,3.02,Kirtankhola_Barishal
2016-04-07,0.01,34.08,25.48,3.96,78.07,0.49,2.94,Kirtankhola_Barishal
2016-04-08,0.03,33.55,25.34,2.83,76.53,0.49,2.42,Kirtankhola_Barishal
2016-04-09,0.0,35.91,25.07,3.27,73.51,0.48,2.98,Kirtankhola_Barishal
2016-04-10,0.0,37.65,25.94,3.42,71.46,0.47,2.95,Kirtankhola_Barishal
2016-04-11,0.27,35.64,25.88,3.81,75.27,0.47,2.34,Kirtankhola_Barishal
2016-04-12,0.52,36.45,26.65,3.84,74.46,0.47,2.31,Kirtankhola_Barishal
2016-04-13,1.02,36.99,26.36,3.94,72.06,0.46,2.26,Kirtankhola_Barishal
2016-04-14,4.05,34.93,26.08,4.44,76.78,0.46,1.76,Kirtankhola_Barishal
2016-04-15,7.11,34.82,26.16,4.38,77.62,0.47,2.04,Kirtankhola_Barishal
2016-04-16,2.09,34.48,27.06,5.54,77.22,0.47,2.11,Kirtankhola_Barishal
2016-04-17,0.01,34.45,26.94,4.41,73.88,0.47,2.16,Kirtankhola_Barishal
2016-04-18,0.01,34.8,27.19,4.53,73.89,0.46,1.87,Kirtankhola_Barishal
2016-04-19,0.0,35.85,27.09,4.79,71.13,0.46,2.16,Kirtankhola_Barishal
2016-04-20,0.0,34.64,26.93,4.7,71.83,0.46,1.7,Kirtankhola_Barishal
2016-04-21,0.02,34.72,26.8,5.44,73.12,0.45,1.7,Kirtankhola_Barishal
2016-04-22,0.05,34.78,27.49,5.61,73.52,0.45,1.53,Kirtankhola_Barishal
2016-04-23,0.04,34.82,27.27,5.76,74.65,0.44,1.36,Kirtankhola_Barishal
2016-04-24,0.09,35.91,27.76,4.89,73.15,0.44,1.35,Kirtankhola_Barishal
2016-04-25,0.08,35.17,27.33,4.62,72.47,0.44,1.11,Kirtankhola_Barishal
2016-04-26,0.03,34.91,26.75,3.73,73.47,0.44,0.94,Kirtankhola_Barishal
2016-04-27,0.03,33.44,26.85,3.3,75.62,0.43,0.59,Kirtankhola_Barishal
2016-04-28,0.12,34.77,26.18,3.5,74.69,0.43,0.71,Kirtankhola_Barishal
2016-04-29,0.29,34.57,27.16,3.54,76.05,0.43,0.56,Kirtankhola_Barishal
2016-04-30,0.05,34.04,26.52,3.28,74.31,0.43,0.54,Kirtankhola_Barishal
2016-05-01,2.91,36.09,27.25,4.08,70.02,0.43,0.85,Kirtankhola_Barishal
2016-05-02,10.88,33.74,26.63,3.15,75.87,0.44,0.91,Kirtankhola_Barishal
2016-05-03,8.06,34.14,26.0,2.12,74.48,0.46,1.46,Kirtankhola_Barishal
2016-05-04,7.3,32.1,26.25,1.99,78.24,0.47,0.91,Kirtankhola_Barishal
2016-05-05,4.3,35.68,26.39,1.98,67.83,0.46,1.97,Kirtankhola_Barishal
2016-05-06,8.0,34.77,26.07,2.05,72.61,0.47,2.0,Kirtankhola_Barishal
2016-05-07,8.66,31.88,26.07,1.48,77.6,0.48,1.12,Kirtankhola_Barishal
2016-05-08,8.71,32.91,26.1,1.39,72.7,0.49,1.86,Kirtankhola_Barishal
2016-05-09,8.12,30.86,26.49,1.35,78.39,0.5,1.18,Kirtankhola_Barishal
2016-05-10,0.65,32.85,26.02,1.43,74.16,0.5,1.86,Kirtankhola_Barishal
2016-05-11,0.43,35.91,26.24,1.6,68.84,0.49,2.96,Kirtankhola_Barishal
2016-05-12,0.95,35.4,26.56,2.28,70.35,0.49,2.74,Kirtankhola_Barishal
2016-05-13,16.39,32.28,27.0,2.82,83.12,0.49,1.1,Kirtankhola_Barishal
2016-05-14,21.35,33.08,27.1,3.11,83.18,0.54,3.34,Kirtankhola_Barishal
2016-05-15,14.36,32.45,26.59,3.43,84.32,0.56,4.01,Kirtankhola_Barishal
2016-05-16,1.04,33.52,27.55,4.16,80.18,0.55,5.14,Kirtankhola_Barishal
2016-05-17,3.22,33.4,27.34,3.88,81.6,0.54,3.72,Kirtankhola_Barishal
2016-05-18,22.65,32.72,27.37,3.85,83.4,0.55,2.77,Kirtankhola_Barishal
2016-05-19,45.97,30.11,26.69,3.8,86.16,0.61,3.0,Kirtankhola_Barishal
2016-05-20,153.53,28.38,26.88,4.85,92.2,0.76,0.71,Kirtankhola_Barishal
2016-05-21,192.77,28.75,25.58,5.67,93.33,0.92,0.33,Kirtankhola_Barishal
2016-05-22,2.64,33.09,25.57,2.41,82.37,0.92,4.0,Kirtankhola_Barishal
2016-05-23,5.09,31.66,27.29,2.2,87.03,0.9,2.37,Kirtankhola_Barishal
2016-05-24,2.23,33.49,27.47,1.25,80.9,0.89,3.7,Kirtankhola_Barishal
2016-05-25,4.42,33.62,27.28,2.14,79.25,0.87,4.64,Kirtankhola_Barishal
2016-05-26,23.69,32.57,27.21,2.46,83.31,0.89,3.4,Kirtankhola_Barishal
2016-05-27,10.12,32.08,26.53,2.41,84.1,0.9,3.86,Kirtankhola_Barishal
2016-05-28,30.84,31.86,26.41,2.41,85.11,0.91,3.27,Kirtankhola_Barishal
2016-05-29,13.22,32.23,26.56,1.58,83.61,0.93,3.27,Kirtankhola_Barishal
2016-05-30,2.03,32.01,26.64,1.82,84.13,0.92,3.44,Kirtankhola_Barishal
2016-05-31,10.32,30.77,27.08,2.68,88.01,0.91,1.84,Kirtankhola_Barishal
2016-06-01,9.35,30.51,26.69,2.41,86.48,0.92,2.05,Kirtankhola_Barishal
2016-06-02,2.04,31.72,26.29,2.22,85.49,0.92,3.42,Kirtankhola_Barishal
2016-06-03,1.79,32.02,26.58,2.01,83.77,0.91,3.94,Kirtankhola_Barishal
2016-06-04,6.39,31.35,26.51,2.36,85.15,0.9,3.32,Kirtankhola_Barishal
2016-06-05,15.56,30.98,27.01,2.85,88.39,0.91,1.55,Kirtankhola_Barishal
2016-06-06,24.1,30.03,27.36,4.1,88.1,0.93,1.71,Kirtankhola_Barishal
2016-06-07,18.47,29.02,27.22,4.0,92.97,0.94,0.48,Kirtankhola_Barishal
2016-06-08,17.94,30.03,26.99,3.93,90.65,0.96,0.86,Kirtankhola_Barishal
2016-06-09,11.55,28.96,27.23,4.42,92.17,0.96,0.64,Kirtankhola_Barishal
2016-06-10,8.78,30.25,26.83,3.47,91.76,0.96,0.81,Kirtankhola_Barishal
2016-06-11,15.6,30.63,27.97,2.8,92.18,0.96,0.54,Kirtankhola_Barishal
2016-06-12,19.78,29.99,27.64,3.8,93.74,0.97,0.47,Kirtankhola_Barishal
2016-06-13,19.13,29.48,27.3,3.53,94.3,0.98,0.36,Kirtankhola_Barishal
2016-06-14,6.18,30.33,26.97,2.59,92.4,0.98,0.67,Kirtankhola_Barishal
2016-06-15,4.19,29.36,26.95,3.4,92.77,0.98,0.42,Kirtankhola_Barishal
2016-06-16,2.52,30.37,26.63,3.6,88.86,0.98,1.57,Kirtankhola_Barishal
2016-06-17,15.79,30.38,26.82,3.56,87.97,0.98,1.82,Kirtankhola_Barishal
2016-06-18,6.4,30.72,26.73,4.23,88.57,0.98,1.63,Kirtankhola_Barishal
2016-06-19,7.12,30.89,26.83,3.71,86.25,0.97,2.03,Kirtankhola_Barishal
2016-06-20,21.73,31.03,26.53,2.68,86.61,0.98,1.6,Kirtankhola_Barishal
2016-06-21,13.57,30.94,26.91,2.76,87.49,0.98,1.51,Kirtankhola_Barishal
2016-06-22,6.9,30.12,27.01,2.03,88.81,0.98,0.79,Kirtankhola_Barishal
2016-06-23,5.37,31.04,26.98,1.79,87.62,0.98,1.21,Kirtankhola_Barishal
2016-06-24,4.96,31.19,27.06,2.3,87.43,0.97,1.44,Kirtankhola_Barishal
2016-06-25,1.41,31.74,27.09,1.98,84.55,0.97,2.05,Kirtankhola_Barishal
2016-06-26,2.87,31.84,27.38,2.5,85.35,0.96,2.45,Kirtankhola_Barishal
2016-06-27,11.34,31.46,27.45,3.38,86.74,0.96,2.21,Kirtankhola_Barishal
2016-06-28,8.68,31.49,27.55,3.4,87.79,0.96,2.05,Kirtankhola_Barishal
2016-06-29,5.29,31.72,27.5,2.64,87.26,0.95,1.9,Kirtankhola_Barishal
2016-06-30,4.17,31.24,27.48,2.89,87.49,0.95,1.61,Kirtankhola_Barishal
2016-07-01,23.75,30.58,27.63,4.12,90.36,0.95,1.02,Kirtankhola_Barishal
2016-07-02,49.63,30.07,27.89,4.8,91.28,0.98,0.54,Kirtankhola_Barishal
2016-07-03,255.08,30.05,27.6,5.45,91.86,1.0,0.44,Kirtankhola_Barishal
2016-07-04,119.18,29.4,27.3,5.17,93.12,1.0,0.12,Kirtankhola_Barishal
2016-07-05,110.29,29.34,27.35,4.14,93.6,1.0,0.12,Kirtankhola_Barishal
2016-07-06,45.46,30.62,27.14,3.94,90.55,1.0,0.46,Kirtankhola_Barishal
2016-07-07,30.51,30.78,27.2,3.1,90.18,1.0,0.59,Kirtankhola_Barishal
2016-07-08,15.82,30.54,27.01,2.98,88.99,1.0,0.9,Kirtankhola_Barishal
2016-07-09,12.85,29.74,27.04,4.72,91.25,1.0,0.52,Kirtankhola_Barishal
2016-07-10,18.07,30.41,26.73,3.79,87.98,1.0,1.1,Kirtankhola_Barishal
2016-07-11,10.02,30.26,26.97,3.86,89.5,0.99,0.98,Kirtankhola_Barishal
2016-07-12,26.22,30.65,27.02,4.13,89.28,0.99,1.16,Kirtankhola_Barishal
2016-07-13,43.43,30.83,26.85,3.17,89.53,1.0,0.83,Kirtankhola_Barishal
2016-07-14,28.64,30.67,26.94,3.22,89.96,1.0,0.63,Kirtankhola_Barishal
2016-07-15,39.34,29.97,27.08,4.23,92.7,1.0,0.37,Kirtankhola_Barishal
2016-07-16,70.9,28.54,26.62,4.98,92.74,1.0,0.15,Kirtankhola_Barishal
2016-07-17,84.09,30.01,26.7,4.28,90.61,1.0,0.34,Kirtankhola_Barishal
2016-07-18,48.22,29.31,26.67,3.89,91.56,1.0,0.26,Kirtankhola_Barishal
2016-07-19,50.9,30.24,26.38,3.57,89.38,1.0,0.42,Kirtankhola_Barishal
2016-07-20,15.64,31.04,27.13,2.94,90.47,1.0,0.58,Kirtankhola_Barishal
2016-07-21,6.7,31.04,27.0,3.49,87.94,1.0,1.14,Kirtankhola_Barishal
2016-07-22,12.44,29.57,26.79,3.88,88.84,0.99,0.84,Kirtankhola_Barishal
2016-07-23,21.65,29.89,26.62,3.74,88.72,1.0,0.8,Kirtankhola_Barishal
2016-07-24,27.33,28.8,26.49,3.62,91.1,1.0,0.3,Kirtankhola_Barishal
2016-07-25,45.25,28.47,26.32,4.1,92.37,1.0,0.21,Kirtankhola_Barishal
2016-07-26,31.29,29.76,25.62,3.03,87.79,1.0,0.7,Kirtankhola_Barishal
2016-07-27,3.31,31.38,25.33,1.5,83.02,0.99,2.03,Kirtankhola_Barishal
2016-07-28,3.64,31.0,26.15,1.84,86.78,0.99,1.43,Kirtankhola_Barishal
2016-07-29,7.7,30.23,26.48,1.55,86.53,0.99,0.83,Kirtankhola_Barishal
2016-07-30,21.39,30.09,26.37,1.78,87.11,0.99,0.84,Kirtankhola_Barishal
2016-07-31,10.24,29.32,26.23,1.7,88.38,0.99,0.57,Kirtankhola_Barishal
2016-08-01,65.29,29.5,26.37,3.91,88.77,1.0,0.59,Kirtankhola_Barishal
2016-08-02,29.7,29.21,26.73,4.03,90.41,1.0,0.43,Kirtankhola_Barishal
2016-08-03,12.47,30.36,26.8,3.56,90.39,1.0,0.9,Kirtankhola_Barishal
2016-08-04,10.28,30.02,27.07,5.11,90.6,1.0,0.99,Kirtankhola_Barishal
2016-08-05,19.32,28.9,27.26,4.65,91.1,0.99,0.5,Kirtankhola_Barishal
2016-08-06,60.55,30.28,27.02,4.4,90.9,1.0,0.62,Kirtankhola_Barishal
2016-08-07,44.04,29.79,26.81,3.77,92.12,1.0,0.4,Kirtankhola_Barishal
2016-08-08,13.31,30.13,26.64,2.69,90.9,1.0,0.7,Kirtankhola_Barishal
2016-08-09,89.79,28.87,26.45,4.79,92.12,1.0,0.35,Kirtankhola_Barishal
2016-08-10,81.84,27.92,26.86,6.03,94.2,1.0,0.08,Kirtankhola_Barishal
2016-08-11,39.3,30.17,27.0,3.72,91.74,1.0,0.36,Kirtankhola_Barishal
2016-08-12,42.88,30.87,26.86,2.83,89.49,1.0,0.75,Kirtankhola_Barishal
2016-08-13,16.11,31.15,27.11,2.76,89.3,1.0,0.93,Kirtankhola_Barishal
2016-08-14,23.08,30.36,26.8,2.14,89.2,1.0,0.69,Kirtankhola_Barishal
2016-08-15,7.8,31.34,26.99,1.72,88.0,1.0,1.3,Kirtankhola_Barishal
2016-08-16,5.73,30.69,27.01,2.27,88.44,0.99,1.09,Kirtankhola_Barishal
2016-08-17,29.99,28.97,26.77,5.67,92.63,1.0,0.42,Kirtankhola_Barishal
2016-08-18,21.27,30.53,26.82,3.95,88.68,1.0,1.28,Kirtankhola_Barishal
2016-08-19,10.41,31.21,26.5,2.25,87.51,1.0,1.81,Kirtankhola_Barishal
2016-08-20,15.31,32.29,26.09,1.76,85.62,0.99,2.72,Kirtankhola_Barishal
2016-08-21,272.1,27.86,25.88,5.78,93.0,1.0,0.11,Kirtankhola_Barishal
2016-08-22,36.17,30.3,25.91,3.55,86.76,1.0,0.99,Kirtankhola_Barishal
2016-08-23,0.52,31.04,25.27,1.52,84.7,1.0,2.4,Kirtankhola_Barishal
2016-08-24,5.28,31.03,26.33,1.42,85.77,0.99,1.9,Kirtankhola_Barishal
2016-08-25,13.25,31.33,26.43,1.28,86.69,0.99,1.41,Kirtankhola_Barishal
2016-08-26,9.81,29.38,26.6,1.45,89.68,0.99,0.79,Kirtankhola_Barishal
2016-08-27,11.32,30.92,26.27,1.42,84.06,0.99,1.85,Kirtankhola_Barishal
2016-08-28,34.3,29.5,26.9,1.57,88.02,1.0,0.76,Kirtankhola_Barishal
2016-08-29,19.32,31.4,26.61,1.64,85.23,1.0,2.16,Kirtankhola_Barishal
2016-08-30,3.47,30.71,26.81,2.73,87.62,0.99,1.76,Kirtankhola_Barishal
2016-08-31,15.52,30.69,27.12,3.44,88.33,0.99,1.68,Kirtankhola_Barishal
2016-09-01,58.63,29.92,27.08,3.23,91.15,1.0,0.67,Kirtankhola_Barishal
2016-09-02,54.81,30.08,26.88,3.05,91.3,1.0,0.56,Kirtankhola_Barishal
2016-09-03,38.94,30.3,27.13,1.95,89.45,1.0,0.92,Kirtankhola_Barishal
2016-09-04,38.76,30.43,26.57,2.74,90.27,1.0,1.0,Kirtankhola_Barishal
2016-09-05,13.94,30.05,26.63,3.82,91.62,1.0,0.85,Kirtankhola_Barishal
2016-09-06,30.93,29.75,26.78,5.11,92.08,1.0,0.73,Kirtankhola_Barishal
2016-09-07,7.2,30.61,26.49,2.99,87.26,1.0,2.03,Kirtankhola_Barishal
2016-09-08,2.7,30.53,26.66,3.06,87.48,0.99,2.19,Kirtankhola_Barishal
2016-09-09,3.26,30.42,26.65,2.9,87.53,0.99,2.38,Kirtankhola_Barishal
2016-09-10,9.16,31.06,26.55,2.31,85.5,0.98,3.0,Kirtankhola_Barishal
2016-09-11,13.46,29.95,26.63,2.17,88.29,0.98,1.55,Kirtankhola_Barishal
2016-09-12,25.68,30.76,26.47,2.0,87.03,0.99,1.95,Kirtankhola_Barishal
2016-09-13,9.0,28.81,26.28,2.32,89.46,0.99,1.17,Kirtankhola_Barishal
2016-09-14,22.89,30.41,26.45,1.89,85.17,0.99,2.16,Kirtankhola_Barishal
2016-09-15,1.19,31.35,26.36,1.6,84.95,0.99,3.1,Kirtankhola_Barishal
2016-09-16,4.07,31.75,25.72,1.5,84.14,0.98,4.27,Kirtankhola_Barishal
2016-09-17,5.0,29.52,26.28,1.68,89.56,0.98,1.36,Kirtankhola_Barishal
2016-09-18,2.47,31.22,26.4,1.54,86.18,0.98,3.09,Kirtankhola_Barishal
2016-09-19,3.16,31.15,26.27,1.35,85.73,0.97,3.12,Kirtankhola_Barishal
2016-09-20,14.77,29.94,26.62,1.25,86.51,0.98,1.39,Kirtankhola_Barishal
2016-09-21,17.33,30.45,26.78,1.71,86.27,0.98,2.24,Kirtankhola_Barishal
2016-09-22,10.05,29.32,26.48,1.84,86.46,0.98,1.59,Kirtankhola_Barishal
2016-09-23,15.84,29.72,26.29,2.28,88.55,0.98,1.76,Kirtankhola_Barishal
2016-09-24,23.74,30.31,26.82,2.6,89.89,0.99,1.49,Kirtankhola_Barishal
2016-09-25,13.43,30.61,26.49,1.97,88.41,0.99,1.75,Kirtankhola_Barishal
2016-09-26,19.8,30.18,26.74,1.27,83.84,0.99,1.86,Kirtankhola_Barishal
2016-09-27,27.03,31.15,26.28,1.07,83.9,1.0,3.47,Kirtankhola_Barishal
2016-09-28,68.35,29.61,26.04,1.86,89.04,1.0,1.12,Kirtankhola_Barishal
2016-09-29,23.92,30.83,26.44,2.03,86.68,1.0,2.2,Kirtankhola_Barishal
2016-09-30,3.07,30.87,25.97,1.53,86.28,1.0,2.62,Kirtankhola_Barishal
2016-10-01,3.67,30.7,27.03,1.4,86.81,0.99,1.74,Kirtankhola_Barishal
2016-10-02,6.44,31.44,27.05,0.89,81.04,0.99,2.26,Kirtankhola_Barishal
2016-10-03,11.45,30.96,26.61,1.3,85.21,0.99,2.17,Kirtankhola_Barishal
2016-10-04,16.11,31.03,26.81,1.33,85.52,1.0,1.94,Kirtankhola_Barishal
2016-10-05,19.01,29.32,26.2,1.72,90.6,1.0,0.81,Kirtankhola_Barishal
2016-10-06,26.66,29.06,26.19,1.76,89.68,1.0,0.85,Kirtankhola_Barishal
2016-10-07,37.28,29.79,26.58,2.18,89.54,1.0,1.26,Kirtankhola_Barishal
2016-10-08,14.26,29.36,26.47,2.03,89.72,1.0,0.94,Kirtankhola_Barishal
2016-10-09,13.51,29.52,26.61,1.98,89.57,1.0,1.03,Kirtankhola_Barishal
2016-10-10,49.83,28.26,26.14,3.02,92.33,1.0,0.44,Kirtankhola_Barishal
2016-10-11,168.41,28.57,26.61,3.56,93.7,1.0,0.26,Kirtankhola_Barishal
2016-10-12,53.66,28.7,26.82,3.75,92.74,1.0,0.55,Kirtankhola_Barishal
2016-10-13,32.38,30.62,25.48,1.21,80.16,1.0,3.4,Kirtankhola_Barishal
2016-10-14,14.17,29.96,25.0,1.23,82.38,1.0,2.46,Kirtankhola_Barishal
2016-10-15,4.07,29.86,24.51,2.41,85.46,1.0,3.01,Kirtankhola_Barishal
2016-10-16,0.02,30.44,22.86,2.34,84.98,0.99,3.85,Kirtankhola_Barishal
2016-10-17,0.0,30.61,23.29,2.48,85.95,0.98,4.21,Kirtankhola_Barishal
2016-10-18,0.0,30.99,23.1,1.81,84.63,0.98,5.05,Kirtankhola_Barishal
2016-10-19,0.01,31.06,23.81,1.94,85.18,0.97,5.03,Kirtankhola_Barishal
2016-10-20,0.0,30.82,23.29,2.03,82.38,0.96,5.14,Kirtankhola_Barishal
2016-10-21,0.0,30.34,22.45,1.96,79.43,0.95,5.25,Kirtankhola_Barishal
2016-10-22,0.0,29.76,22.16,2.1,79.76,0.95,4.92,Kirtankhola_Barishal
2016-10-23,0.0,28.7,21.74,2.07,81.95,0.94,3.97,Kirtankhola_Barishal
2016-10-24,0.0,29.31,21.8,2.43,85.73,0.93,4.66,Kirtankhola_Barishal
2016-10-25,0.03,29.81,21.69,1.82,84.38,0.92,5.11,Kirtankhola_Barishal
2016-10-26,1.75,29.5,23.52,1.48,85.57,0.91,3.82,Kirtankhola_Barishal
2016-10-27,10.51,30.17,25.75,1.15,81.89,0.92,4.27,Kirtankhola_Barishal
2016-10-28,3.48,29.78,25.33,1.14,82.62,0.92,4.31,Kirtankhola_Barishal
2016-10-29,12.3,29.84,25.29,1.16,83.51,0.92,3.84,Kirtankhola_Barishal
2016-10-30,3.22,29.14,24.82,1.61,85.29,0.92,3.76,Kirtankhola_Barishal
2016-10-31,4.47,30.02,24.63,1.03,80.41,0.92,5.48,Kirtankhola_Barishal
2016-11-01,0.19,30.22,23.66,1.34,83.95,0.91,5.22,Kirtankhola_Barishal
2016-11-02,0.66,30.63,24.1,1.17,83.43,0.91,4.73,Kirtankhola_Barishal
2016-11-03,1.73,29.89,25.36,0.97,82.15,0.9,2.45,Kirtankhola_Barishal
2016-11-04,28.94,29.14,23.44,1.07,83.07,0.91,1.94,Kirtankhola_Barishal
2016-11-05,220.73,26.06,22.49,3.49,92.21,0.97,0.44,Kirtankhola_Barishal
2016-11-06,26.96,28.32,23.62,3.09,90.66,1.0,2.4,Kirtankhola_Barishal
2016-11-07,31.03,27.03,22.07,2.98,88.93,1.0,1.85,Kirtankhola_Barishal
2016-11-08,0.21,27.4,20.27,1.9,83.48,0.99,2.82,Kirtankhola_Barishal
2016-11-09,0.0,26.85,19.02,1.76,81.84,0.99,3.09,Kirtankhola_Barishal
2016-11-10,0.0,27.09,18.67,1.59,80.86,0.98,3.93,Kirtankhola_Barishal
2016-11-11,0.0,26.93,18.62,1.23,76.88,0.98,3.7,Kirtankhola_Barishal
2016-11-12,0.0,27.34,19.53,1.16,79.88,0.97,3.44,Kirtankhola_Barishal
2016-11-13,0.0,27.42,19.18,1.77,83.17,0.97,3.27,Kirtankhola_Barishal
2016-11-14,0.0,27.56,19.94,2.32,85.58,0.96,3.14,Kirtankhola_Barishal
2016-11-15,0.0,26.82,18.53,2.19,81.55,0.96,3.01,Kirtankhola_Barishal
2016-11-16,0.0,26.63,17.28,2.46,84.66,0.95,2.98,Kirtankhola_Barishal
2016-11-17,0.0,26.32,16.73,2.6,82.95,0.95,3.26,Kirtankhola_Barishal
2016-11-18,0.0,26.05,16.11,2.59,84.15,0.94,3.18,Kirtankhola_Barishal
2016-11-19,0.0,26.2,16.21,2.18,84.41,0.93,3.31,Kirtankhola_Barishal
2016-11-20,0.0,25.97,16.19,1.82,81.05,0.93,3.21,Kirtankhola_Barishal
2016-11-21,0.0,25.98,16.25,1.84,81.98,0.92,3.02,Kirtankhola_Barishal
2016-11-22,0.0,25.84,16.83,1.87,82.07,0.91,3.23,Kirtankhola_Barishal
2016-11-23,0.0,25.92,17.47,1.36,79.27,0.91,3.4,Kirtankhola_Barishal
2016-11-24,0.0,25.88,17.87,1.47,80.25,0.9,3.06,Kirtankhola_Barishal
2016-11-25,0.0,25.85,17.24,1.56,80.56,0.9,3.06,Kirtankhola_Barishal
2016-11-26,0.0,26.09,17.97,1.29,79.07,0.89,2.99,Kirtankhola_Barishal
2016-11-27,0.76,26.08,18.66,1.03,78.4,0.89,2.75,Kirtankhola_Barishal
2016-11-28,2.49,26.89,21.18,0.68,71.98,0.88,3.67,Kirtankhola_Barishal
2016-11-29,0.09,26.48,19.78,1.08,77.15,0.88,3.36,Kirtankhola_Barishal
2016-11-30,0.0,26.67,19.12,1.02,79.02,0.87,3.39,Kirtankhola_Barishal
2016-12-01,0.0,26.8,19.39,0.86,76.53,0.87,3.59,Kirtankhola_Barishal
2016-12-02,0.0,26.81,18.91,1.29,80.43,0.86,3.29,Kirtankhola_Barishal
2016-12-03,0.0,26.13,18.12,2.07,87.26,0.86,3.04,Kirtankhola_Barishal
2016-12-04,0.0,26.66,17.7,2.5,87.12,0.85,3.06,Kirtankhola_Barishal
2016-12-05,0.0,25.81,16.92,2.42,86.6,0.85,2.8,Kirtankhola_Barishal
2016-12-06,0.0,26.57,16.65,2.03,85.02,0.84,2.98,Kirtankhola_Barishal
2016-12-07,0.0,26.35,16.18,1.73,81.5,0.84,3.14,Kirtankhola_Barishal
2016-12-08,0.0,26.28,15.77,2.1,83.84,0.83,2.97,Kirtankhola_Barishal
2016-12-09,0.0,25.91,15.97,2.33,85.16,0.83,2.81,Kirtankhola_Barishal
2016-12-10,0.0,25.23,15.55,2.62,84.39,0.82,2.64,Kirtankhola_Barishal
2016-12-11,0.0,24.95,15.38,2.25,84.12,0.82,2.68,Kirtankhola_Barishal
2016-12-12,0.0,24.43,15.06,2.32,83.39,0.81,2.49,Kirtankhola_Barishal
2016-12-13,0.0,23.5,13.77,2.49,81.91,0.81,2.25,Kirtankhola_Barishal
2016-12-14,0.0,23.3,13.25,2.39,81.93,0.8,2.09,Kirtankhola_Barishal
2016-12-15,1.62,23.65,13.51,2.44,83.92,0.8,1.94,Kirtankhola_Barishal
2016-12-16,0.0,23.46,13.5,2.28,84.09,0.8,1.96,Kirtankhola_Barishal
2016-12-17,0.0,24.23,14.04,1.46,82.16,0.79,2.24,Kirtankhola_Barishal
2016-12-18,0.0,24.24,14.21,1.21,75.61,0.79,2.3,Kirtankhola_Barishal
2016-12-19,0.0,23.83,14.73,1.67,81.01,0.79,1.92,Kirtankhola_Barishal
2016-12-20,0.0,23.74,14.48,1.89,82.91,0.78,1.94,Kirtankhola_Barishal
2016-12-21,0.0,22.9,13.91,1.87,76.29,0.78,1.72,Kirtankhola_Barishal
2016-12-22,0.0,23.67,13.52,1.65,79.06,0.77,1.65,Kirtankhola_Barishal
2016-12-23,0.0,24.13,14.98,1.05,75.17,0.77,1.82,Kirtankhola_Barishal
2016-12-24,0.0,25.17,15.78,0.84,76.01,0.77,2.23,Kirtankhola_Barishal
2016-12-25,0.0,25.81,17.01,0.83,76.06,0.76,2.6,Kirtankhola_Barishal
2016-12-26,0.0,25.78,17.12,1.02,76.51,0.76,2.42,Kirtankhola_Barishal
2016-12-27,0.0,24.82,16.49,1.86,83.1,0.76,1.92,Kirtankhola_Barishal
2016-12-28,0.0,24.01,14.79,2.41,85.29,0.75,2.13,Kirtankhola_Barishal
2016-12-29,0.0,24.16,14.41,1.79,83.26,0.75,2.2,Kirtankhola_Barishal
2016-12-30,0.0,24.05,15.17,1.17,78.69,0.74,2.12,Kirtankhola_Barishal
2016-12-31,0.0,24.09,14.75,1.26,73.73,0.74,2.09,Kirtankhola_Barishal
2017-01-01,0.0,24.35,15.81,1.43,74.85,0.73,2.03,Kirtankhola_Barishal
2017-01-02,0.0,24.71,14.98,1.57,74.83,0.73,2.2,Kirtankhola_Barishal
2017-01-03,0.0,24.89,14.38,1.78,78.57,0.73,2.17,Kirtankhola_Barishal
2017-01-04,0.01,24.47,15.16,2.07,81.99,0.72,2.17,Kirtankhola_Barishal
2017-01-05,0.04,24.32,14.14,2.15,78.81,0.72,2.13,Kirtankhola_Barishal
2017-01-06,0.02,24.0,13.2,2.39,75.13,0.71,2.16,Kirtankhola_Barishal
2017-01-07,0.0,23.79,12.86,2.01,74.0,0.71,2.18,Kirtankhola_Barishal
2017-01-08,0.0,24.18,12.49,2.17,72.7,0.7,2.11,Kirtankhola_Barishal
2017-01-09,0.0,24.55,13.28,2.06,74.85,0.7,2.24,Kirtankhola_Barishal
2017-01-10,0.0,24.93,14.02,1.97,77.25,0.69,2.26,Kirtankhola_Barishal
2017-01-11,0.0,23.3,13.81,2.49,81.76,0.69,1.9,Kirtankhola_Barishal
2017-01-12,0.0,22.91,13.42,2.72,76.72,0.68,1.93,Kirtankhola_Barishal
2017-01-13,0.0,22.13,12.04,3.01,71.76,0.68,1.86,Kirtankhola_Barishal
2017-01-14,0.68,20.97,10.07,2.93,67.73,0.68,1.75,Kirtankhola_Barishal
2017-01-15,0.0,21.57,8.91,2.46,72.27,0.67,1.64,Kirtankhola_Barishal
2017-01-16,0.0,22.57,10.26,2.33,71.66,0.67,1.75,Kirtankhola_Barishal
2017-01-17,0.0,23.1,11.16,1.97,67.19,0.66,1.71,Kirtankhola_Barishal
2017-01-18,0.0,23.5,12.17,2.32,71.05,0.66,1.76,Kirtankhola_Barishal
2017-01-19,0.0,24.49,11.9,2.61,77.25,0.65,2.12,Kirtankhola_Barishal
2017-01-20,0.0,24.23,12.14,2.47,72.67,0.65,2.08,Kirtankhola_Barishal
2017-01-21,0.0,23.97,12.03,2.37,69.97,0.65,2.1,Kirtankhola_Barishal
2017-01-22,0.0,24.12,12.13,2.24,69.86,0.64,2.01,Kirtankhola_Barishal
2017-01-23,0.0,23.72,11.93,2.02,67.35,0.64,1.96,Kirtankhola_Barishal
2017-01-24,0.0,24.45,13.67,1.94,67.34,0.63,1.96,Kirtankhola_Barishal
2017-01-25,0.0,25.17,13.67,1.61,68.74,0.63,2.38,Kirtankhola_Barishal
2017-01-26,0.0,25.99,14.98,0.98,64.3,0.62,2.61,Kirtankhola_Barishal
2017-01-27,0.0,27.26,17.11,1.16,70.79,0.62,2.43,Kirtankhola_Barishal
2017-01-28,0.0,26.36,15.56,1.44,69.69,0.61,2.26,Kirtankhola_Barishal
2017-01-29,0.0,24.72,14.82,2.27,73.78,0.61,2.5,Kirtankhola_Barishal
2017-01-30,0.0,24.93,13.85,1.4,68.05,0.6,2.52,Kirtankhola_Barishal
2017-01-31,0.0,24.93,14.01,1.26,63.96,0.6,2.25,Kirtankhola_Barishal
2017-02-01,0.0,25.92,15.42,1.06,63.31,0.6,2.49,Kirtankhola_Barishal
2017-02-02,0.0,24.97,13.5,2.26,70.8,0.59,2.2,Kirtankhola_Barishal
2017-02-03,0.0,23.97,14.36,2.07,66.72,0.59,2.2,Kirtankhola_Barishal
2017-02-04,0.0,25.69,13.15,1.57,67.45,0.58,2.56,Kirtankhola_Barishal
2017-02-05,0.0,27.45,16.88,1.09,65.29,0.58,3.24,Kirtankhola_Barishal
2017-02-06,0.0,27.98,16.37,1.29,72.54,0.57,3.27,Kirtankhola_Barishal
2017-02-07,0.0,27.54,15.73,1.41,70.68,0.57,2.77,Kirtankhola_Barishal
2017-02-08,0.0,26.84,16.01,1.63,64.94,0.56,2.97,Kirtankhola_Barishal
2017-02-09,0.0,27.23,15.39,1.36,54.57,0.56,2.97,Kirtankhola_Barishal
2017-02-10,0.0,27.78,15.48,1.13,59.45,0.55,2.83,Kirtankhola_Barishal
2017-02-11,0.0,27.59,17.12,0.98,64.01,0.55,2.43,Kirtankhola_Barishal
2017-02-12,0.0,28.04,17.67,1.19,58.76,0.54,2.5,Kirtankhola_Barishal
2017-02-13,0.0,27.46,15.97,1.38,60.31,0.54,2.34,Kirtankhola_Barishal
2017-02-14,0.0,28.48,17.93,1.62,62.43,0.54,2.55,Kirtankhola_Barishal
2017-02-15,0.0,28.05,17.76,1.92,62.8,0.53,2.63,Kirtankhola_Barishal
2017-02-16,0.0,28.1,16.92,1.38,56.65,0.53,2.49,Kirtankhola_Barishal
2017-02-17,0.0,28.24,16.95,1.28,54.71,0.52,2.56,Kirtankhola_Barishal
2017-02-18,0.0,29.54,18.1,1.03,64.06,0.52,2.71,Kirtankhola_Barishal
2017-02-19,0.0,29.2,18.31,1.57,69.81,0.51,2.26,Kirtankhola_Barishal
2017-02-20,0.0,28.93,19.14,2.92,79.22,0.51,2.02,Kirtankhola_Barishal
2017-02-21,0.01,29.32,20.8,3.94,81.69,0.51,2.06,Kirtankhola_Barishal
2017-02-22,0.02,29.82,21.75,4.07,78.28,0.5,2.23,Kirtankhola_Barishal
2017-02-23,2.64,30.03,21.55,2.48,80.56,0.5,1.84,Kirtankhola_Barishal
2017-02-24,0.16,30.01,17.57,1.45,56.83,0.5,2.51,Kirtankhola_Barishal
2017-02-25,2.2,28.76,17.13,1.45,50.37,0.5,2.33,Kirtankhola_Barishal
2017-02-26,0.0,29.66,16.57,1.67,53.28,0.49,2.33,Kirtankhola_Barishal
2017-02-27,0.0,30.18,16.28,1.58,54.55,0.49,2.13,Kirtankhola_Barishal
2017-02-28,0.0,30.13,17.41,1.68,48.98,0.48,2.0,Kirtankhola_Barishal
2017-03-01,0.0,31.29,18.79,1.22,56.79,0.48,1.98,Kirtankhola_Barishal
2017-03-02,0.0,32.74,18.03,2.08,64.48,0.48,1.94,Kirtankhola_Barishal
2017-03-03,0.0,32.73,19.97,2.97,70.32,0.47,1.74,Kirtankhola_Barishal
2017-03-04,0.0,31.71,20.17,2.16,72.67,0.47,1.47,Kirtankhola_Barishal
2017-03-05,3.05,31.81,20.52,3.21,75.38,0.47,1.37,Kirtankhola_Barishal
2017-03-06,39.58,28.65,22.06,1.98,84.64,0.51,1.46,Kirtankhola_Barishal
2017-03-07,10.03,30.21,21.89,0.91,73.91,0.55,4.26,Kirtankhola_Barishal
2017-03-08,18.82,30.1,22.45,1.48,76.48,0.55,3.56,Kirtankhola_Barishal
2017-03-09,4.27,28.44,21.51,2.18,80.34,0.57,3.69,Kirtankhola_Barishal
2017-03-10,15.85,29.87,21.48,2.53,83.98,0.57,3.49,Kirtankhola_Barishal
2017-03-11,82.94,28.42,23.73,3.94,90.41,0.65,1.49,Kirtankhola_Barishal
2017-03-12,49.16,26.76,22.69,2.19,79.45,0.75,2.48,Kirtankhola_Barishal
2017-03-13,2.83,27.26,19.51,1.98,67.81,0.75,4.1,Kirtankhola_Barishal
2017-03-14,0.0,27.66,17.28,1.65,54.36,0.73,4.61,Kirtankhola_Barishal
2017-03-15,0.0,27.26,18.14,1.51,52.53,0.72,4.6,Kirtankhola_Barishal
2017-03-16,0.0,27.67,17.53,1.47,53.13,0.71,4.91,Kirtankhola_Barishal
2017-03-17,0.0,28.26,16.59,1.56,67.12,0.7,5.07,Kirtankhola_Barishal
2017-03-18,4.98,28.72,19.77,2.54,86.39,0.69,3.95,Kirtankhola_Barishal
2017-03-19,4.32,29.87,20.95,1.56,80.12,0.69,5.22,Kirtankhola_Barishal
2017-03-20,16.08,25.78,21.08,1.3,82.5,0.7,2.1,Kirtankhola_Barishal
2017-03-21,1.68,27.51,18.84,1.29,68.66,0.71,4.82,Kirtankhola_Barishal
2017-03-22,1.08,28.56,20.73,1.38,72.36,0.7,5.03,Kirtankhola_Barishal
2017-03-23,0.0,29.63,21.75,1.37,77.33,0.69,5.57,Kirtankhola_Barishal
2017-03-24,0.04,29.98,21.57,2.49,84.13,0.68,5.42,Kirtankhola_Barishal
2017-03-25,0.49,29.6,22.33,2.31,86.77,0.67,4.51,Kirtankhola_Barishal
2017-03-26,0.06,30.21,22.44,1.71,83.11,0.66,5.4,Kirtankhola_Barishal
2017-03-27,0.07,30.61,22.78,2.45,86.63,0.65,5.51,Kirtankhola_Barishal
2017-03-28,0.07,30.1,23.05,3.08,85.79,0.65,5.43,Kirtankhola_Barishal
2017-03-29,0.8,30.15,24.61,4.41,83.26,0.64,5.5,Kirtankhola_Barishal
2017-03-30,0.45,30.71,25.04,5.04,82.93,0.63,6.01,Kirtankhola_Barishal
2017-03-31,0.09,30.62,24.69,4.06,83.52,0.62,6.03,Kirtankhola_Barishal
2017-04-01,1.19,30.44,24.25,4.06,83.19,0.61,5.88,Kirtankhola_Barishal
2017-04-02,2.76,30.5,24.7,5.18,82.53,0.61,5.5,Kirtankhola_Barishal
2017-04-03,5.2,28.74,25.39,4.8,86.99,0.61,2.46,Kirtankhola_Barishal
2017-04-04,11.94,30.22,25.02,4.77,86.35,0.62,4.32,Kirtankhola_Barishal
2017-04-05,35.4,29.6,24.54,3.5,86.81,0.65,3.07,Kirtankhola_Barishal
2017-04-06,33.02,29.75,24.17,2.15,88.45,0.7,3.37,Kirtankhola_Barishal
2017-04-07,11.3,31.11,24.45,2.32,87.81,0.72,3.86,Kirtankhola_Barishal
2017-04-08,0.86,31.0,25.16,2.3,88.17,0.72,4.24,Kirtankhola_Barishal
2017-04-09,0.26,32.08,24.34,2.25,85.66,0.7,5.69,Kirtankhola_Barishal
2017-04-10,0.17,31.79,24.22,1.9,83.2,0.69,5.92,Kirtankhola_Barishal
2017-04-11,0.34,32.23,24.09,1.67,81.31,0.68,6.73,Kirtankhola_Barishal
2017-04-12,0.0,31.9,23.88,1.45,77.6,0.67,6.74,Kirtankhola_Barishal
2017-04-13,0.0,32.16,23.26,1.38,74.41,0.66,7.05,Kirtankhola_Barishal
2017-04-14,0.0,31.63,22.41,2.13,78.13,0.65,6.34,Kirtankhola_Barishal
2017-04-15,0.17,31.38,22.86,3.32,82.24,0.64,6.31,Kirtankhola_Barishal
2017-04-16,4.7,31.01,24.66,1.59,78.14,0.64,5.47,Kirtankhola_Barishal
2017-04-17,0.31,32.01,22.32,2.42,76.6,0.64,7.17,Kirtankhola_Barishal
2017-04-18,2.03,31.54,24.17,2.83,81.97,0.63,6.38,Kirtankhola_Barishal
2017-04-19,48.42,30.57,25.75,4.49,86.11,0.65,3.16,Kirtankhola_Barishal
2017-04-20,61.25,30.09,26.09,4.4,87.88,0.74,2.83,Kirtankhola_Barishal
2017-04-21,96.25,29.34,25.81,4.19,89.14,0.83,1.81,Kirtankhola_Barishal
2017-04-22,89.84,28.9,26.0,4.86,90.39,0.92,1.37,Kirtankhola_Barishal
2017-04-23,46.72,29.8,25.99,4.28,90.15,0.96,1.95,Kirtankhola_Barishal
2017-04-24,37.13,29.63,25.95,4.7,90.91,0.97,2.01,Kirtankhola_Barishal
2017-04-25,19.94,30.36,26.5,5.01,90.87,0.97,2.03,Kirtankhola_Barishal
2017-04-26,2.74,29.63,26.29,4.68,91.32,0.96,1.7,Kirtankhola_Barishal
2017-04-27,1.0,29.0,25.66,3.07,91.43,0.95,1.48,Kirtankhola_Barishal
2017-04-28,0.48,29.21,25.17,2.5,90.43,0.95,1.53,Kirtankhola_Barishal
2017-04-29,0.42,30.55,24.84,2.7,90.89,0.94,2.41,Kirtankhola_Barishal
2017-04-30,0.81,28.9,25.64,2.77,93.2,0.94,0.97,Kirtankhola_Barishal
2017-05-01,5.48,29.37,25.54,2.24,90.61,0.94,1.15,Kirtankhola_Barishal
2017-05-02,7.43,30.24,24.86,1.57,84.57,0.94,2.78,Kirtankhola_Barishal
2017-05-03,4.67,31.37,24.12,1.58,81.98,0.94,3.98,Kirtankhola_Barishal
2017-05-04,0.02,31.59,24.6,1.71,82.47,0.93,4.15,Kirtankhola_Barishal
2017-05-05,0.1,31.65,24.44,2.92,87.3,0.92,3.67,Kirtankhola_Barishal
2017-05-06,0.31,30.8,25.49,3.08,87.05,0.91,3.28,Kirtankhola_Barishal
2017-05-07,0.44,29.34,24.99,2.41,89.39,0.9,1.94,Kirtankhola_Barishal
2017-05-08,0.26,30.33,25.34,2.03,86.86,0.9,2.41,Kirtankhola_Barishal
2017-05-09,4.61,29.78,25.51,1.43,86.43,0.89,1.41,Kirtankhola_Barishal
2017-05-10,15.71,31.68,25.69,1.09,80.08,0.91,3.12,Kirtankhola_Barishal
2017-05-11,8.52,31.61,25.8,2.01,84.9,0.91,3.51,Kirtankhola_Barishal
2017-05-12,1.54,33.3,25.19,1.15,77.03,0.9,5.77,Kirtankhola_Barishal
2017-05-13,1.6,32.46,25.77,1.92,82.12,0.89,4.76,Kirtankhola_Barishal
2017-05-14,7.57,32.25,25.64,2.14,85.7,0.89,4.13,Kirtankhola_Barishal
2017-05-15,19.05,31.02,26.66,3.29,89.55,0.9,1.97,Kirtankhola_Barishal
2017-05-16,29.49,30.83,27.09,2.73,87.58,0.92,2.37,Kirtankhola_Barishal
2017-05-17,30.82,31.87,26.76,1.53,83.81,0.95,2.8,Kirtankhola_Barishal
2017-05-18,11.34,31.39,26.94,1.74,89.01,0.95,1.82,Kirtankhola_Barishal
2017-05-19,17.53,30.76,27.26,2.13,92.32,0.96,0.95,Kirtankhola_Barishal
2017-05-20,1.59,31.35,26.61,2.29,89.08,0.96,1.84,Kirtankhola_Barishal
2017-05-21,0.4,30.92,27.16,2.52,89.42,0.95,1.54,Kirtankhola_Barishal
2017-05-22,0.31,31.4,26.74,2.54,89.09,0.94,1.87,Kirtankhola_Barishal
2017-05-23,0.7,31.91,26.85,2.26,87.35,0.94,2.39,Kirtankhola_Barishal
2017-05-24,0.03,32.28,27.73,2.42,86.09,0.93,2.51,Kirtankhola_Barishal
2017-05-25,0.02,32.19,27.54,2.19,85.94,0.92,2.43,Kirtankhola_Barishal
2017-05-26,0.72,32.26,27.47,1.32,83.37,0.91,2.79,Kirtankhola_Barishal
2017-05-27,1.71,31.39,27.25,1.53,85.94,0.91,1.86,Kirtankhola_Barishal
2017-05-28,3.18,32.75,27.58,1.13,74.97,0.9,2.96,Kirtankhola_Barishal
2017-05-29,20.55,30.08,26.56,1.91,82.94,0.91,0.86,Kirtankhola_Barishal
2017-05-30,53.9,29.06,26.35,4.81,92.73,0.94,0.54,Kirtankhola_Barishal
2017-05-31,29.01,30.5,27.58,3.34,92.61,0.96,0.69,Kirtankhola_Barishal
2017-06-01,82.24,30.67,28.05,4.09,92.8,0.98,0.49,Kirtankhola_Barishal
2017-06-02,77.01,29.84,27.95,4.23,92.51,1.0,0.24,Kirtankhola_Barishal
2017-06-03,67.39,30.91,27.73,4.22,91.87,1.0,0.43,Kirtankhola_Barishal
2017-06-04,23.44,30.15,28.14,3.74,93.71,1.0,0.27,Kirtankhola_Barishal
2017-06-05,11.25,29.91,27.76,3.43,93.84,1.0,0.28,Kirtankhola_Barishal
2017-06-06,21.59,31.37,27.82,1.6,86.83,1.0,0.42,Kirtankhola_Barishal
2017-06-07,2.73,33.29,27.24,1.61,79.44,1.0,1.71,Kirtankhola_Barishal
2017-06-08,6.45,31.06,27.65,1.8,87.45,0.99,0.74,Kirtankhola_Barishal
2017-06-09,5.7,30.68,27.21,1.88,87.63,0.99,1.0,Kirtankhola_Barishal
2017-06-10,8.54,29.76,27.52,2.4,92.28,0.99,0.34,Kirtankhola_Barishal
2017-06-11,38.04,29.53,27.24,5.35,92.77,1.0,0.33,Kirtankhola_Barishal
2017-06-12,131.76,28.2,26.55,7.19,94.08,1.0,0.12,Kirtankhola_Barishal
2017-06-13,21.39,29.59,27.94,4.55,94.37,1.0,0.1,Kirtankhola_Barishal
2017-06-14,4.44,30.09,27.81,3.53,92.56,1.0,0.31,Kirtankhola_Barishal
2017-06-15,38.68,28.68,26.98,5.68,92.06,1.0,0.27,Kirtankhola_Barishal
2017-06-16,30.28,29.84,26.97,3.44,92.22,1.0,0.33,Kirtankhola_Barishal
2017-06-17,30.75,30.48,26.51,3.49,90.41,1.0,0.52,Kirtankhola_Barishal
2017-06-18,29.23,29.72,27.34,4.22,94.04,1.0,0.18,Kirtankhola_Barishal
2017-06-19,56.65,29.0,27.62,4.78,94.49,1.0,0.11,Kirtankhola_Barishal
2017-06-20,42.69,28.81,26.8,3.15,93.11,1.0,0.14,Kirtankhola_Barishal
2017-06-21,43.49,28.82,26.36,2.59,92.44,1.0,0.16,Kirtankhola_Barishal
2017-06-22,14.97,30.03,26.56,2.49,91.0,1.0,0.37,Kirtankhola_Barishal
2017-06-23,14.25,29.81,26.82,1.92,89.35,1.0,0.43,Kirtankhola_Barishal
2017-06-24,3.3,30.33,26.69,2.98,88.54,1.0,1.26,Kirtankhola_Barishal
2017-06-25,9.25,30.43,26.76,4.4,88.51,0.99,1.58,Kirtankhola_Barishal
2017-06-26,17.29,30.55,26.85,3.98,89.44,0.99,1.37,Kirtankhola_Barishal
2017-06-27,7.59,29.37,26.94,3.19,91.45,0.99,0.49,Kirtankhola_Barishal
2017-06-28,14.6,30.02,27.28,3.6,91.56,0.99,0.54,Kirtankhola_Barishal
2017-06-29,15.68,30.37,27.41,3.7,90.23,0.99,0.88,Kirtankhola_Barishal
2017-06-30,20.43,30.18,27.42,4.19,91.62,0.99,0.57,Kirtankhola_Barishal
2017-07-01,60.26,29.34,27.65,4.35,93.39,1.0,0.26,Kirtankhola_Barishal
2017-07-02,42.44,31.14,27.24,4.21,90.29,1.0,0.7,Kirtankhola_Barishal
2017-07-03,148.44,29.44,27.24,4.48,92.84,1.0,0.17,Kirtankhola_Barishal
2017-07-04,112.06,28.88,27.23,4.02,94.32,1.0,0.06,Kirtankhola_Barishal
2017-07-05,19.88,30.32,27.11,4.11,91.37,1.0,0.49,Kirtankhola_Barishal
2017-07-06,13.35,30.81,26.71,3.48,88.86,1.0,1.14,Kirtankhola_Barishal
2017-07-07,13.38,30.91,26.81,2.81,88.31,1.0,1.38,Kirtankhola_Barishal
2017-07-08,4.25,30.21,26.68,3.9,90.21,0.99,1.18,Kirtankhola_Barishal
2017-07-09,4.75,30.62,26.8,4.24,88.24,0.99,1.63,Kirtankhola_Barishal
2017-07-10,21.05,29.98,27.05,4.08,89.86,0.99,0.98,Kirtankhola_Barishal
2017-07-11,87.01,29.45,27.16,3.25,92.38,1.0,0.35,Kirtankhola_Barishal
2017-07-12,62.15,29.63,27.01,4.06,90.96,1.0,0.51,Kirtankhola_Barishal
2017-07-13,18.96,28.9,26.46,3.02,92.36,1.0,0.29,Kirtankhola_Barishal
2017-07-14,21.85,28.76,26.3,3.18,92.59,1.0,0.23,Kirtankhola_Barishal
2017-07-15,10.72,29.69,26.13,2.39,90.07,1.0,0.64,Kirtankhola_Barishal
2017-07-16,6.97,28.88,26.51,2.26,91.81,1.0,0.32,Kirtankhola_Barishal
2017-07-17,6.16,30.31,26.4,2.47,91.38,0.99,0.61,Kirtankhola_Barishal
2017-07-18,13.91,29.38,26.95,2.57,91.56,0.99,0.42,Kirtankhola_Barishal
2017-07-19,66.53,28.94,26.96,5.41,92.73,0.99,0.32,Kirtankhola_Barishal
2017-07-20,214.35,29.08,26.89,4.21,92.65,1.0,0.1,Kirtankhola_Barishal
2017-07-21,165.32,29.79,26.76,3.68,93.56,1.0,0.13,Kirtankhola_Barishal
2017-07-22,32.64,29.28,26.88,2.7,90.88,1.0,0.31,Kirtankhola_Barishal
2017-07-23,78.78,28.52,26.58,4.6,93.95,1.0,0.1,Kirtankhola_Barishal
2017-07-24,262.46,28.44,26.86,5.8,93.44,1.0,0.08,Kirtankhola_Barishal
2017-07-25,88.39,28.68,26.63,4.65,92.03,1.0,0.19,Kirtankhola_Barishal
2017-07-26,71.71,29.6,26.35,2.68,90.72,1.0,0.37,Kirtankhola_Barishal
2017-07-27,44.18,29.47,25.98,1.95,90.61,1.0,0.34,Kirtankhola_Barishal
2017-07-28,35.58,30.94,26.4,1.86,90.1,1.0,0.67,Kirtankhola_Barishal
2017-07-29,7.5,29.56,26.55,1.98,91.14,1.0,0.34,Kirtankhola_Barishal
2017-07-30,8.85,30.71,26.65,2.05,87.55,1.0,1.09,Kirtankhola_Barishal
2017-07-31,5.67,31.06,26.37,2.05,87.77,0.99,1.28,Kirtankhola_Barishal
2017-08-01,6.4,31.06,26.94,2.48,88.45,0.99,1.22,Kirtankhola_Barishal
2017-08-02,17.51,31.3,27.23,1.99,89.04,0.99,1.11,Kirtankhola_Barishal
2017-08-03,37.65,31.24,27.27,1.58,90.44,1.0,0.78,Kirtankhola_Barishal
2017-08-04,21.2,31.72,27.12,1.44,88.88,1.0,0.9,Kirtankhola_Barishal
2017-08-05,29.06,30.17,27.4,3.45,90.28,1.0,0.78,Kirtankhola_Barishal
2017-08-06,47.56,30.73,26.9,2.92,88.66,1.0,0.87,Kirtankhola_Barishal
2017-08-07,69.62,30.26,27.1,3.84,89.35,1.0,0.63,Kirtankhola_Barishal
2017-08-08,48.82,29.95,26.89,3.78,90.35,1.0,0.47,Kirtankhola_Barishal
2017-08-09,59.35,30.47,27.41,3.86,89.87,1.0,0.62,Kirtankhola_Barishal
2017-08-10,73.93,29.83,27.23,4.66,91.04,1.0,0.43,Kirtankhola_Barishal
2017-08-11,91.52,29.72,27.07,4.35,92.72,1.0,0.2,Kirtankhola_Barishal
2017-08-12,118.17,29.44,27.29,3.73,94.03,1.0,0.11,Kirtankhola_Barishal
2017-08-13,81.82,29.17,26.72,2.81,92.46,1.0,0.17,Kirtankhola_Barishal
2017-08-14,33.57,30.52,26.48,2.65,89.81,1.0,0.65,Kirtankhola_Barishal
2017-08-15,52.55,30.93,26.5,2.75,89.94,1.0,0.67,Kirtankhola_Barishal
2017-08-16,75.65,29.57,26.58,3.22,92.81,1.0,0.24,Kirtankhola_Barishal
2017-08-17,25.35,29.78,26.16,3.19,89.45,1.0,0.91,Kirtankhola_Barishal
2017-08-18,6.32,29.29,26.61,4.0,91.03,1.0,0.75,Kirtankhola_Barishal
2017-08-19,6.65,30.11,26.49,3.51,89.37,0.99,1.58,Kirtankhola_Barishal
2017-08-20,1.77,30.14,26.54,2.18,87.68,0.99,1.29,Kirtankhola_Barishal
2017-08-21,3.6,30.72,26.7,1.16,84.63,0.98,2.06,Kirtankhola_Barishal
2017-08-22,61.56,30.69,26.44,1.24,85.8,0.99,1.28,Kirtankhola_Barishal
2017-08-23,21.74,31.2,26.61,1.82,86.22,1.0,1.9,Kirtankhola_Barishal
2017-08-24,20.43,30.44,26.64,2.13,89.01,1.0,0.82,Kirtankhola_Barishal
2017-08-25,22.9,30.17,26.72,2.54,89.18,1.0,1.09,Kirtankhola_Barishal
2017-08-26,34.38,29.67,27.08,2.72,92.18,1.0,0.38,Kirtankhola_Barishal
2017-08-27,47.65,29.51,26.36,3.49,90.05,1.0,0.8,Kirtankhola_Barishal
2017-08-28,28.4,29.76,26.98,3.21,90.46,1.0,0.67,Kirtankhola_Barishal
2017-08-29,28.24,29.96,26.97,3.07,90.17,1.0,0.63,Kirtankhola_Barishal
2017-08-30,20.28,30.42,26.55,1.61,88.24,1.0,0.97,Kirtankhola_Barishal
2017-08-31,44.41,28.97,26.79,2.41,91.34,1.0,0.45,Kirtankhola_Barishal
2017-09-01,70.31,28.19,26.76,2.91,94.27,1.0,0.11,Kirtankhola_Barishal
2017-09-02,67.69,29.71,26.33,3.35,91.31,1.0,0.57,Kirtankhola_Barishal
2017-09-03,25.3,30.39,26.54,3.13,90.58,1.0,0.99,Kirtankhola_Barishal
2017-09-04,8.63,30.21,26.61,1.66,89.87,1.0,0.94,Kirtankhola_Barishal
2017-09-05,18.74,31.62,26.72,1.35,85.95,1.0,1.73,Kirtankhola_Barishal
2017-09-06,17.28,31.0,26.7,1.41,88.32,1.0,1.52,Kirtankhola_Barishal
2017-09-07,7.92,29.49,26.81,2.21,88.36,1.0,0.83,Kirtankhola_Barishal
2017-09-08,14.21,30.8,26.55,2.31,87.84,1.0,1.39,Kirtankhola_Barishal
2017-09-09,31.31,29.79,26.5,2.61,90.6,1.0,0.92,Kirtankhola_Barishal
2017-09-10,49.66,28.7,26.63,2.93,91.83,1.0,0.38,Kirtankhola_Barishal
2017-09-11,44.56,30.04,26.24,2.47,90.1,1.0,0.92,Kirtankhola_Barishal
2017-09-12,50.84,30.22,26.15,1.87,89.12,1.0,1.24,Kirtankhola_Barishal
2017-09-13,22.25,28.32,26.25,2.19,92.55,1.0,0.31,Kirtankhola_Barishal
2017-09-14,16.43,30.02,26.18,1.79,88.49,1.0,1.27,Kirtankhola_Barishal
2017-09-15,1.29,31.84,26.53,0.93,82.2,1.0,3.87,Kirtankhola_Barishal
2017-09-16,32.04,31.53,26.32,1.31,86.68,0.99,2.27,Kirtankhola_Barishal
2017-09-17,26.31,29.15,26.51,2.55,93.29,1.0,0.43,Kirtankhola_Barishal
2017-09-18,26.97,29.88,26.36,2.25,88.64,1.0,1.16,Kirtankhola_Barishal
2017-09-19,73.11,28.93,26.75,3.05,92.75,1.0,0.25,Kirtankhola_Barishal
2017-09-20,65.69,29.38,26.72,2.81,92.62,1.0,0.51,Kirtankhola_Barishal
2017-09-21,22.19,30.03,26.99,2.55,91.27,1.0,0.65,Kirtankhola_Barishal
2017-09-22,6.95,30.59,26.38,1.8,88.77,1.0,1.73,Kirtankhola_Barishal
2017-09-23,2.37,31.53,26.64,1.51,87.18,1.0,2.46,Kirtankhola_Barishal
2017-09-24,2.93,31.51,26.51,1.27,83.57,0.99,2.9,Kirtankhola_Barishal
2017-09-25,5.43,30.98,26.17,1.42,86.56,0.99,2.1,Kirtankhola_Barishal
2017-09-26,16.66,30.4,26.4,1.26,88.07,1.0,1.05,Kirtankhola_Barishal
2017-09-27,32.14,32.25,26.87,0.85,79.41,1.0,2.77,Kirtankhola_Barishal
2017-09-28,22.83,29.14,26.47,1.98,88.83,1.0,0.91,Kirtankhola_Barishal
2017-09-29,86.13,28.71,26.22,2.73,92.32,1.0,0.4,Kirtankhola_Barishal
2017-09-30,44.23,30.04,26.74,2.7,91.08,1.0,0.78,Kirtankhola_Barishal
2017-10-01,18.6,30.06,26.58,1.37,88.7,1.0,1.15,Kirtankhola_Barishal
2017-10-02,13.65,29.64,26.38,1.63,90.64,1.0,0.92,Kirtankhola_Barishal
2017-10-03,8.18,30.27,26.63,0.95,84.07,1.0,2.12,Kirtankhola_Barishal
2017-10-04,2.71,31.0,25.96,0.85,82.67,1.0,2.86,Kirtankhola_Barishal
2017-10-05,7.51,30.52,26.46,1.19,84.98,0.99,1.33,Kirtankhola_Barishal
2017-10-06,5.17,30.57,26.51,1.54,86.86,0.99,2.1,Kirtankhola_Barishal
2017-10-07,17.41,28.28,26.28,2.26,91.7,0.99,0.91,Kirtankhola_Barishal
2017-10-08,76.31,27.8,26.15,2.78,91.87,1.0,0.57,Kirtankhola_Barishal
2017-10-09,57.14,28.25,26.47,3.75,92.18,1.0,0.34,Kirtankhola_Barishal
2017-10-10,6.51,30.35,26.24,1.75,86.96,1.0,2.55,Kirtankhola_Barishal
2017-10-11,0.37,31.26,25.4,1.4,85.98,1.0,3.9,Kirtankhola_Barishal
2017-10-12,0.61,30.17,25.98,2.2,90.0,0.99,2.27,Kirtankhola_Barishal
2017-10-13,0.61,30.55,25.81,2.2,88.27,0.99,3.72,Kirtankhola_Barishal
2017-10-14,0.08,31.17,25.56,1.67,85.66,0.98,5.28,Kirtankhola_Barishal
2017-10-15,1.12,31.47,25.73,1.0,81.72,0.97,5.95,Kirtankhola_Barishal
2017-10-16,0.01,31.14,25.15,1.99,81.36,0.97,4.54,Kirtankhola_Barishal
2017-10-17,0.7,30.54,24.13,1.84,83.05,0.96,3.97,Kirtankhola_Barishal
2017-10-18,21.01,28.74,25.88,1.96,90.79,0.96,0.9,Kirtankhola_Barishal
2017-10-19,91.72,28.22,26.69,3.21,92.66,0.98,0.77,Kirtankhola_Barishal
2017-10-20,75.48,28.04,26.79,4.88,92.76,1.0,0.33,Kirtankhola_Barishal
2017-10-21,201.3,27.86,26.37,7.16,92.0,1.0,0.25,Kirtankhola_Barishal
2017-10-22,4.38,28.63,23.63,2.49,86.85,1.0,2.61,Kirtankhola_Barishal
2017-10-23,0.85,29.76,23.29,1.17,80.22,1.0,4.28,Kirtankhola_Barishal
2017-10-24,0.25,29.78,22.49,1.26,83.08,0.99,4.47,Kirtankhola_Barishal
2017-10-25,3.25,29.94,23.86,1.08,81.49,0.99,4.2,Kirtankhola_Barishal
2017-10-26,1.16,28.97,22.22,1.74,82.51,0.98,3.25,Kirtankhola_Barishal
2017-10-27,0.0,27.98,20.12,2.06,77.03,0.98,3.51,Kirtankhola_Barishal
2017-10-28,0.02,28.28,20.61,1.97,79.66,0.97,3.43,Kirtankhola_Barishal
2017-10-29,6.93,28.19,22.05,1.49,77.71,0.97,2.83,Kirtankhola_Barishal
2017-10-30,17.7,26.16,21.75,1.64,78.34,0.98,2.28,Kirtankhola_Barishal
2017-10-31,0.19,26.39,21.31,1.75,80.9,0.98,2.94,Kirtankhola_Barishal
2017-11-01,0.67,27.09,21.1,1.7,80.93,0.97,3.78,Kirtankhola_Barishal
2017-11-02,0.07,28.23,20.05,1.87,82.27,0.96,4.04,Kirtankhola_Barishal
2017-11-03,0.01,28.36,20.36,2.22,83.47,0.96,4.03,Kirtankhola_Barishal
2017-11-04,0.02,30.07,21.49,1.36,77.85,0.95,5.4,Kirtankhola_Barishal
2017-11-05,0.21,29.92,22.75,1.37,81.24,0.94,5.05,Kirtankhola_Barishal
2017-11-06,0.01,29.19,21.62,1.84,83.16,0.93,4.68,Kirtankhola_Barishal
2017-11-07,0.0,28.68,20.7,1.95,82.51,0.92,4.42,Kirtankhola_Barishal
2017-11-08,2.13,28.57,20.47,1.73,81.05,0.92,4.11,Kirtankhola_Barishal
2017-11-09,0.0,28.42,20.7,1.32,76.35,0.91,4.81,Kirtankhola_Barishal
2017-11-10,0.0,27.95,19.32,1.92,78.72,0.9,4.4,Kirtankhola_Barishal
2017-11-11,0.0,28.17,19.13,1.84,79.91,0.9,4.37,Kirtankhola_Barishal
2017-11-12,0.0,28.28,19.74,2.17,82.13,0.89,4.08,Kirtankhola_Barishal
2017-11-13,0.01,28.23,20.29,2.02,85.57,0.88,4.35,Kirtankhola_Barishal
2017-11-14,0.01,28.05,19.74,1.83,84.37,0.88,3.57,Kirtankhola_Barishal
2017-11-15,11.47,26.09,21.56,2.46,90.83,0.88,0.91,Kirtankhola_Barishal
2017-11-16,4.41,28.11,22.09,2.71,91.38,0.89,1.77,Kirtankhola_Barishal
2017-11-17,1.13,28.26,22.65,1.69,86.4,0.89,3.38,Kirtankhola_Barishal
2017-11-18,2.83,28.87,23.23,1.36,86.62,0.88,3.43,Kirtankhola_Barishal
2017-11-19,0.34,28.65,22.48,1.88,87.34,0.88,3.95,Kirtankhola_Barishal
2017-11-20,0.0,28.25,21.04,2.47,84.43,0.87,4.09,Kirtankhola_Barishal
2017-11-21,0.01,27.54,19.48,2.47,85.31,0.87,3.3,Kirtankhola_Barishal
2017-11-22,0.0,26.27,16.49,2.32,78.03,0.86,3.36,Kirtankhola_Barishal
2017-11-23,0.0,25.48,15.19,2.32,75.75,0.85,3.04,Kirtankhola_Barishal
2017-11-24,0.0,24.88,14.9,2.27,82.6,0.85,2.94,Kirtankhola_Barishal
2017-11-25,0.0,25.59,15.6,2.15,75.91,0.84,3.12,Kirtankhola_Barishal
2017-11-26,0.0,25.27,14.58,2.04,77.54,0.84,2.86,Kirtankhola_Barishal
2017-11-27,0.0,24.99,14.68,1.75,80.05,0.83,2.96,Kirtankhola_Barishal
2017-11-28,0.0,25.37,15.84,1.35,73.87,0.83,2.71,Kirtankhola_Barishal
2017-11-29,0.0,25.01,15.44,1.9,75.26,0.83,2.3,Kirtankhola_Barishal
2017-11-30,0.0,24.93,15.38,2.06,82.69,0.82,2.62,Kirtankhola_Barishal
2017-12-01,0.0,25.3,15.29,1.69,80.17,0.82,3.25,Kirtankhola_Barishal
2017-12-02,0.0,25.56,16.22,1.52,77.38,0.81,3.35,Kirtankhola_Barishal
2017-12-03,0.0,24.64,16.01,1.86,76.79,0.81,3.24,Kirtankhola_Barishal
2017-12-04,0.0,24.63,15.41,1.79,75.86,0.8,3.19,Kirtankhola_Barishal
2017-12-05,0.0,25.17,16.25,1.31,74.65,0.79,3.22,Kirtankhola_Barishal
2017-12-06,0.0,24.57,15.88,1.35,74.19,0.79,3.11,Kirtankhola_Barishal
2017-12-07,0.0,25.16,16.88,1.28,74.81,0.79,2.59,Kirtankhola_Barishal
2017-12-08,7.65,22.98,19.29,1.74,83.89,0.78,0.67,Kirtankhola_Barishal
2017-12-09,51.14,25.33,19.47,1.6,93.25,0.83,0.63,Kirtankhola_Barishal
2017-12-10,31.51,26.63,21.83,3.1,93.62,0.88,1.19,Kirtankhola_Barishal
2017-12-11,26.78,26.2,20.96,2.74,92.84,0.91,1.3,Kirtankhola_Barishal
2017-12-12,1.01,26.3,19.7,1.38,86.88,0.91,2.26,Kirtankhola_Barishal
2017-12-13,0.0,26.08,19.0,1.38,85.54,0.9,2.3,Kirtankhola_Barishal
2017-12-14,0.01,26.09,18.09,1.49,83.8,0.9,2.09,Kirtankhola_Barishal
2017-12-15,0.0,25.01,16.87,2.0,81.39,0.89,2.11,Kirtankhola_Barishal
2017-12-16,0.0,24.79,15.21,1.82,79.76,0.89,2.21,Kirtankhola_Barishal
2017-12-17,0.0,23.81,14.99,1.93,83.94,0.88,1.78,Kirtankhola_Barishal
2017-12-18,0.0,23.58,14.95,1.86,87.38,0.88,1.79,Kirtankhola_Barishal
2017-12-19,0.0,23.89,15.95,1.24,83.48,0.87,2.14,Kirtankhola_Barishal
2017-12-20,0.0,24.69,16.04,0.82,78.96,0.87,2.38,Kirtankhola_Barishal
2017-12-21,0.01,24.84,15.81,0.9,79.38,0.86,2.28,Kirtankhola_Barishal
2017-12-22,0.0,24.24,16.12,1.22,79.28,0.86,1.95,Kirtankhola_Barishal
2017-12-23,0.0,24.29,15.98,1.83,81.83,0.86,1.98,Kirtankhola_Barishal
2017-12-24,0.0,24.32,15.42,2.04,84.23,0.85,1.82,Kirtankhola_Barishal
2017-12-25,0.0,23.77,14.08,2.02,84.83,0.85,1.69,Kirtankhola_Barishal
2017-12-26,0.0,24.46,15.99,2.57,87.29,0.84,1.67,Kirtankhola_Barishal
2017-12-27,0.0,24.08,14.04,2.87,86.05,0.84,1.85,Kirtankhola_Barishal
2017-12-28,0.02,24.69,14.09,2.0,87.8,0.84,2.05,Kirtankhola_Barishal
2017-12-29,0.02,24.27,14.65,1.75,88.5,0.83,1.95,Kirtankhola_Barishal
2017-12-30,0.01,24.94,14.92,1.87,85.14,0.83,2.09,Kirtankhola_Barishal
2017-12-31,0.0,24.57,14.48,1.8,83.45,0.82,2.02,Kirtankhola_Barishal
2018-01-01,0.88,23.64,15.39,1.16,80.56,0.82,1.49,Kirtankhola_Barishal
2018-01-02,1.9,21.85,16.49,2.74,88.18,0.82,0.65,Kirtankhola_Barishal
2018-01-03,0.25,23.22,13.82,2.55,81.89,0.82,1.7,Kirtankhola_Barishal
2018-01-04,0.35,20.84,11.65,2.42,79.16,0.81,1.5,Kirtankhola_Barishal
2018-01-05,0.0,21.27,10.4,2.38,83.03,0.81,1.39,Kirtankhola_Barishal
2018-01-06,0.0,21.46,10.42,2.37,79.09,0.8,1.52,Kirtankhola_Barishal
2018-01-07,0.0,20.47,9.92,2.48,75.34,0.8,1.43,Kirtankhola_Barishal
2018-01-08,0.0,19.46,9.51,2.49,72.77,0.79,1.34,Kirtankhola_Barishal
2018-01-09,0.0,19.43,8.85,2.35,76.89,0.79,1.3,Kirtankhola_Barishal
2018-01-10,0.0,19.79,8.83,2.23,76.92,0.79,1.29,Kirtankhola_Barishal
2018-01-11,0.0,19.25,9.43,1.99,80.18,0.78,0.9,Kirtankhola_Barishal
2018-01-12,0.0,20.6,10.47,1.53,79.6,0.78,1.05,Kirtankhola_Barishal
2018-01-13,0.0,20.76,11.44,1.11,78.79,0.78,1.08,Kirtankhola_Barishal
2018-01-14,0.0,21.12,11.84,1.92,86.06,0.77,1.0,Kirtankhola_Barishal
2018-01-15,0.0,21.44,11.53,1.88,82.66,0.77,1.12,Kirtankhola_Barishal
2018-01-16,0.0,21.87,11.39,2.09,80.12,0.77,1.31,Kirtankhola_Barishal
2018-01-17,0.0,22.59,12.11,1.94,79.44,0.76,1.55,Kirtankhola_Barishal
2018-01-18,0.0,23.0,11.78,1.95,79.13,0.76,1.51,Kirtankhola_Barishal
2018-01-19,0.0,22.72,11.51,1.91,77.4,0.75,1.72,Kirtankhola_Barishal
2018-01-20,0.0,22.25,11.34,1.76,71.47,0.75,1.7,Kirtankhola_Barishal
2018-01-21,0.0,22.58,11.95,1.97,73.78,0.74,1.79,Kirtankhola_Barishal
2018-01-22,0.0,22.44,11.34,1.78,73.44,0.74,1.66,Kirtankhola_Barishal
2018-01-23,0.0,22.86,11.74,1.41,69.68,0.74,1.63,Kirtankhola_Barishal
2018-01-24,0.0,22.83,13.52,1.13,67.08,0.73,1.88,Kirtankhola_Barishal
2018-01-25,0.0,23.76,15.02,1.13,71.85,0.73,1.57,Kirtankhola_Barishal
2018-01-26,0.0,23.22,12.36,1.97,73.45,0.72,2.24,Kirtankhola_Barishal
2018-01-27,0.0,22.38,12.69,1.92,72.44,0.72,1.84,Kirtankhola_Barishal
2018-01-28,0.0,21.56,10.88,2.38,70.92,0.71,1.91,Kirtankhola_Barishal
2018-01-29,0.0,22.25,12.44,1.83,64.73,0.71,1.99,Kirtankhola_Barishal
2018-01-30,0.0,22.87,12.91,1.26,62.76,0.7,2.07,Kirtankhola_Barishal
2018-01-31,0.0,23.57,13.91,1.38,71.28,0.7,2.02,Kirtankhola_Barishal
2018-02-01,0.0,24.45,14.99,0.99,72.02,0.69,2.13,Kirtankhola_Barishal
2018-02-02,0.0,24.44,15.92,1.01,71.55,0.69,2.08,Kirtankhola_Barishal
2018-02-03,0.0,25.21,16.33,1.0,75.44,0.69,2.12,Kirtankhola_Barishal
2018-02-04,0.0,26.0,15.58,1.78,81.62,0.68,2.42,Kirtankhola_Barishal
2018-02-05,0.0,25.88,17.55,1.09,80.42,0.68,2.26,Kirtankhola_Barishal
2018-02-06,0.0,26.02,17.06,1.08,77.07,0.67,2.57,Kirtankhola_Barishal
2018-02-07,0.0,26.58,17.27,1.25,75.39,0.67,2.92,Kirtankhola_Barishal
2018-02-08,0.0,26.2,18.54,1.4,79.9,0.66,2.28,Kirtankhola_Barishal
2018-02-09,0.0,26.82,18.3,1.3,75.32,0.66,2.99,Kirtankhola_Barishal
2018-02-10,0.24,25.12,18.25,1.13,81.81,0.65,1.29,Kirtankhola_Barishal
2018-02-11,0.0,25.02,16.55,1.93,68.05,0.65,1.4,Kirtankhola_Barishal
2018-02-12,0.0,25.83,14.61,2.25,65.08,0.65,2.76,Kirtankhola_Barishal
2018-02-13,0.0,25.95,14.98,2.19,70.95,0.64,2.25,Kirtankhola_Barishal
2018-02-14,0.0,25.57,17.05,1.99,69.78,0.64,2.06,Kirtankhola_Barishal
2018-02-15,0.0,25.89,16.24,2.02,71.79,0.63,3.02,Kirtankhola_Barishal
2018-02-16,0.0,25.73,14.04,2.39,65.47,0.62,3.07,Kirtankhola_Barishal
2018-02-17,0.0,26.1,14.67,1.38,61.21,0.62,2.84,Kirtankhola_Barishal
2018-02-18,0.0,27.02,16.55,1.07,62.95,0.61,3.06,Kirtankhola_Barishal
2018-02-19,0.0,27.69,17.73,0.92,61.74,0.61,3.14,Kirtankhola_Barishal
2018-02-20,0.0,28.16,18.2,0.99,67.37,0.6,3.22,Kirtankhola_Barishal
2018-02-21,0.0,28.72,19.31,0.61,62.39,0.6,3.48,Kirtankhola_Barishal
2018-02-22,0.23,28.92,19.14,0.9,68.74,0.59,3.78,Kirtankhola_Barishal
2018-02-23,0.0,29.92,19.62,1.42,69.84,0.59,3.89,Kirtankhola_Barishal
2018-02-24,0.0,30.62,19.18,1.64,76.74,0.58,3.85,Kirtankhola_Barishal
2018-02-25,0.01,30.79,18.97,1.92,75.12,0.57,3.98,Kirtankhola_Barishal
2018-02-26,2.46,29.74,20.35,1.51,76.73,0.57,3.49,Kirtankhola_Barishal
2018-02-27,0.55,29.98,20.56,1.1,74.04,0.57,3.98,Kirtankhola_Barishal
2018-02-28,0.04,29.92,20.49,1.17,74.11,0.56,3.94,Kirtankhola_Barishal
2018-03-01,0.03,30.43,21.49,0.98,72.03,0.55,3.87,Kirtankhola_Barishal
2018-03-02,0.01,30.73,21.22,1.11,68.47,0.55,3.94,Kirtankhola_Barishal
2018-03-03,0.0,31.16,20.06,2.96,76.19,0.54,3.86,Kirtankhola_Barishal
2018-03-04,0.0,31.24,21.57,2.9,81.15,0.54,3.8,Kirtankhola_Barishal
2018-03-05,0.0,31.68,21.41,1.65,77.83,0.53,3.49,Kirtankhola_Barishal
2018-03-06,0.0,32.73,21.63,1.48,64.28,0.52,3.81,Kirtankhola_Barishal
2018-03-07,0.0,31.38,21.05,1.99,57.64,0.52,3.74,Kirtankhola_Barishal
2018-03-08,0.0,30.93,18.81,1.95,49.35,0.51,3.77,Kirtankhola_Barishal
2018-03-09,0.0,31.35,19.29,1.51,49.77,0.51,3.07,Kirtankhola_Barishal
2018-03-10,0.0,32.02,19.64,1.23,54.79,0.5,3.16,Kirtankhola_Barishal
2018-03-11,0.0,32.35,20.29,1.39,64.89,0.5,3.02,Kirtankhola_Barishal
2018-03-12,0.0,33.16,20.18,2.7,68.26,0.49,2.87,Kirtankhola_Barishal
2018-03-13,0.04,32.48,21.92,1.82,72.24,0.49,2.4,Kirtankhola_Barishal
2018-03-14,0.19,32.84,21.53,2.21,73.02,0.48,2.39,Kirtankhola_Barishal
2018-03-15,0.21,33.14,21.49,2.83,72.71,0.48,2.27,Kirtankhola_Barishal
2018-03-16,0.31,32.58,22.82,2.52,74.72,0.47,1.72,Kirtankhola_Barishal
2018-03-17,0.31,33.31,24.26,2.7,67.08,0.47,1.77,Kirtankhola_Barishal
2018-03-18,0.01,32.94,22.56,2.01,66.29,0.47,1.92,Kirtankhola_Barishal
2018-03-19,0.0,34.47,22.92,1.38,63.83,0.46,1.97,Kirtankhola_Barishal
2018-03-20,0.0,34.46,22.39,1.19,55.46,0.46,1.94,Kirtankhola_Barishal
2018-03-21,0.0,33.55,21.74,2.15,62.71,0.46,1.59,Kirtankhola_Barishal
2018-03-22,0.0,34.66,22.31,1.77,64.63,0.45,1.53,Kirtankhola_Barishal
2018-03-23,0.15,33.18,23.18,2.76,69.32,0.45,1.16,Kirtankhola_Barishal
2018-03-24,0.11,33.44,23.38,2.07,72.23,0.45,1.14,Kirtankhola_Barishal
2018-03-25,0.07,34.12,23.93,1.58,66.98,0.44,1.2,Kirtankhola_Barishal
2018-03-26,0.16,33.78,25.03,2.25,65.74,0.44,1.05,Kirtankhola_Barishal
2018-03-27,0.71,34.25,23.91,2.53,69.01,0.44,1.0,Kirtankhola_Barishal
2018-03-28,0.43,33.76,24.41,2.74,70.55,0.44,0.85,Kirtankhola_Barishal
2018-03-29,0.19,33.26,24.25,2.98,72.05,0.44,0.77,Kirtankhola_Barishal
2018-03-30,1.25,33.19,23.68,2.82,73.34,0.43,0.65,Kirtankhola_Barishal
2018-03-31,9.59,28.93,23.54,1.57,79.38,0.44,0.34,Kirtankhola_Barishal
2018-04-01,4.7,29.3,23.41,1.13,73.22,0.46,0.44,Kirtankhola_Barishal
2018-04-02,0.28,29.92,22.3,2.46,72.56,0.46,0.61,Kirtankhola_Barishal
2018-04-03,0.49,32.7,22.72,1.78,63.41,0.45,1.25,Kirtankhola_Barishal
2018-04-04,0.56,33.96,23.24,1.73,63.35,0.45,1.37,Kirtankhola_Barishal
2018-04-05,0.51,31.18,23.24,2.44,71.9,0.45,0.74,Kirtankhola_Barishal
2018-04-06,11.33,32.01,23.22,1.85,76.79,0.45,0.91,Kirtankhola_Barishal
2018-04-07,20.56,30.03,24.57,1.44,79.72,0.49,1.32,Kirtankhola_Barishal
2018-04-08,16.27,29.35,24.08,2.03,81.58,0.52,1.64,Kirtankhola_Barishal
2018-04-09,15.73,30.34,23.68,1.79,79.57,0.52,2.65,Kirtankhola_Barishal
2018-04-10,17.76,31.01,23.56,1.9,78.44,0.56,4.45,Kirtankhola_Barishal
2018-04-11,2.41,31.66,23.33,2.43,76.89,0.55,5.55,Kirtankhola_Barishal
2018-04-12,2.71,32.81,23.53,1.94,75.32,0.54,5.83,Kirtankhola_Barishal
2018-04-13,4.91,31.9,24.04,1.98,76.4,0.54,5.21,Kirtankhola_Barishal
2018-04-14,4.61,32.7,24.11,2.01,78.63,0.54,5.42,Kirtankhola_Barishal
2018-04-15,9.65,32.94,24.06,2.28,79.8,0.54,5.66,Kirtankhola_Barishal
2018-04-16,5.72,33.81,24.7,1.32,74.4,0.55,6.92,Kirtankhola_Barishal
2018-04-17,8.43,33.41,24.49,2.11,76.5,0.54,6.15,Kirtankhola_Barishal
2018-04-18,16.5,31.37,24.48,2.68,81.41,0.57,5.56,Kirtankhola_Barishal
2018-04-19,37.58,30.4,24.89,2.96,87.49,0.6,4.3,Kirtankhola_Barishal
2018-04-20,15.57,31.44,25.14,3.78,84.88,0.62,5.65,Kirtankhola_Barishal
2018-04-21,8.93,31.54,26.08,4.54,85.13,0.62,5.37,Kirtankhola_Barishal
2018-04-22,7.0,31.39,25.99,3.07,86.27,0.62,4.55,Kirtankhola_Barishal
2018-04-23,12.74,31.59,25.54,1.53,84.67,0.63,4.19,Kirtankhola_Barishal
2018-04-24,7.29,32.82,25.48,1.33,79.49,0.64,6.66,Kirtankhola_Barishal
2018-04-25,0.28,31.79,24.83,2.16,81.28,0.63,6.86,Kirtankhola_Barishal
2018-04-26,6.41,30.37,24.53,1.89,84.8,0.62,4.14,Kirtankhola_Barishal
2018-04-27,6.63,30.05,24.64,1.18,79.05,0.63,3.2,Kirtankhola_Barishal
2018-04-28,8.94,31.76,24.43,1.95,76.49,0.64,5.71,Kirtankhola_Barishal
2018-04-29,9.82,31.19,25.11,3.2,80.2,0.64,5.87,Kirtankhola_Barishal
2018-04-30,39.88,29.97,25.0,3.12,85.12,0.68,3.13,Kirtankhola_Barishal
2018-05-01,19.85,30.19,25.35,1.34,82.15,0.71,3.24,Kirtankhola_Barishal
2018-05-02,4.31,30.74,24.4,2.11,84.92,0.71,4.63,Kirtankhola_Barishal
2018-05-03,16.11,29.61,24.83,1.91,85.94,0.72,3.21,Kirtankhola_Barishal
2018-05-04,13.34,30.77,24.7,2.67,83.77,0.72,4.58,Kirtankhola_Barishal
2018-05-05,36.02,31.11,24.99,3.42,85.57,0.76,4.02,Kirtankhola_Barishal
2018-05-06,10.78,31.43,26.18,4.17,84.4,0.77,4.81,Kirtankhola_Barishal
2018-05-07,8.91,31.35,26.7,4.63,88.16,0.77,3.88,Kirtankhola_Barishal
2018-05-08,4.72,32.24,26.58,4.18,86.09,0.76,4.87,Kirtankhola_Barishal
2018-05-09,4.89,29.92,26.5,3.52,90.53,0.76,2.33,Kirtankhola_Barishal
2018-05-10,15.11,30.8,25.62,2.47,88.43,0.76,3.21,Kirtankhola_Barishal
2018-05-11,32.55,30.81,25.06,2.48,89.19,0.78,2.78,Kirtankhola_Barishal
2018-05-12,15.84,30.35,25.0,1.72,84.17,0.81,3.67,Kirtankhola_Barishal
2018-05-13,20.84,30.57,25.26,2.61,84.53,0.83,3.33,Kirtankhola_Barishal
2018-05-14,11.99,29.27,25.49,2.05,85.36,0.83,1.72,Kirtankhola_Barishal
2018-05-15,11.39,30.62,24.66,2.41,82.29,0.83,3.5,Kirtankhola_Barishal
2018-05-16,42.74,29.12,24.72,2.26,87.49,0.86,1.47,Kirtankhola_Barishal
2018-05-17,33.48,30.38,24.95,1.96,84.84,0.89,2.95,Kirtankhola_Barishal
2018-05-18,29.79,30.8,25.32,2.71,86.91,0.91,2.68,Kirtankhola_Barishal
2018-05-19,38.32,30.83,25.43,2.56,87.5,0.94,2.45,Kirtankhola_Barishal
2018-05-20,17.17,31.42,25.32,2.55,86.94,0.94,2.74,Kirtankhola_Barishal
2018-05-21,19.36,30.69,25.43,2.8,87.93,0.95,2.46,Kirtankhola_Barishal
2018-05-22,4.37,30.5,26.01,2.75,86.99,0.94,2.73,Kirtankhola_Barishal
2018-05-23,38.17,30.12,26.33,2.7,90.18,0.96,1.29,Kirtankhola_Barishal
2018-05-24,16.57,29.95,26.24,2.53,90.34,0.97,1.02,Kirtankhola_Barishal
2018-05-25,10.9,30.05,26.55,3.26,90.48,0.97,1.13,Kirtankhola_Barishal
2018-05-26,9.04,29.94,27.07,2.61,90.98,0.97,0.75,Kirtankhola_Barishal
2018-05-27,1.29,30.1,26.77,2.14,90.26,0.97,1.08,Kirtankhola_Barishal
2018-05-28,0.43,31.16,26.33,1.98,89.5,0.96,2.04,Kirtankhola_Barishal
2018-05-29,8.3,31.38,26.23,1.91,85.23,0.96,1.77,Kirtankhola_Barishal
2018-05-30,17.67,32.54,25.57,2.4,83.53,0.96,2.94,Kirtankhola_Barishal
2018-05-31,17.69,29.91,27.3,3.37,91.88,0.97,0.64,Kirtankhola_Barishal
2018-06-01,15.3,29.46,26.35,2.38,86.45,0.98,0.78,Kirtankhola_Barishal
2018-06-02,35.15,29.48,26.22,1.76,87.02,0.98,0.75,Kirtankhola_Barishal
2018-06-03,15.86,30.78,26.49,2.18,88.2,0.99,1.3,Kirtankhola_Barishal
2018-06-04,19.88,30.69,27.14,2.01,89.89,0.99,0.61,Kirtankhola_Barishal
2018-06-05,46.8,29.17,26.35,1.93,88.22,0.99,0.67,Kirtankhola_Barishal
2018-06-06,9.57,30.57,27.04,1.44,86.91,0.99,0.82,Kirtankhola_Barishal
2018-06-07,8.68,31.26,26.88,1.23,85.07,0.99,1.05,Kirtankhola_Barishal
2018-06-08,8.26,30.44,27.46,1.41,88.96,0.99,0.59,Kirtankhola_Barishal
2018-06-09,49.83,29.59,26.88,1.94,89.98,0.99,0.54,Kirtankhola_Barishal
2018-06-10,82.02,29.02,26.96,3.86,93.03,1.0,0.22,Kirtankhola_Barishal
2018-06-11,99.93,28.86,27.95,5.39,94.82,1.0,0.06,Kirtankhola_Barishal
2018-06-12,100.97,28.84,27.63,4.66,94.36,1.0,0.08,Kirtankhola_Barishal
2018-06-13,77.05,29.11,27.39,4.46,93.64,1.0,0.13,Kirtankhola_Barishal
2018-06-14,13.36,30.93,27.48,3.72,93.2,1.0,0.23,Kirtankhola_Barishal
2018-06-15,10.58,29.85,28.0,4.12,92.28,1.0,0.43,Kirtankhola_Barishal
2018-06-16,18.78,30.55,27.61,3.37,90.76,1.0,0.54,Kirtankhola_Barishal
2018-06-17,21.44,31.86,27.51,2.78,88.49,1.0,0.86,Kirtankhola_Barishal
2018-06-18,10.69,31.81,27.02,2.53,87.99,0.99,1.24,Kirtankhola_Barishal
2018-06-19,25.71,30.45,27.63,2.83,91.45,1.0,0.73,Kirtankhola_Barishal
2018-06-20,12.85,29.86,27.35,2.01,92.28,1.0,0.32,Kirtankhola_Barishal
2018-06-21,12.11,30.04,26.86,2.42,90.17,0.99,0.6,Kirtankhola_Barishal
2018-06-22,27.5,29.96,27.24,2.56,90.8,1.0,0.54,Kirtankhola_Barishal
2018-06-23,55.61,29.61,26.96,3.2,91.16,1.0,0.32,Kirtankhola_Barishal
2018-06-24,124.12,28.97,27.0,3.69,94.04,1.0,0.06,Kirtankhola_Barishal
2018-06-25,43.44,30.44,27.13,3.35,91.24,1.0,0.39,Kirtankhola_Barishal
2018-06-26,30.61,29.14,26.57,2.37,91.0,1.0,0.38,Kirtankhola_Barishal
2018-06-27,13.53,30.05,26.49,5.4,89.31,1.0,0.91,Kirtankhola_Barishal
2018-06-28,22.15,29.7,26.7,4.22,88.74,1.0,0.96,Kirtankhola_Barishal
2018-06-29,7.71,29.93,26.36,3.71,89.71,1.0,0.84,Kirtankhola_Barishal
2018-06-30,22.84,30.58,26.36,3.89,88.88,0.99,0.95,Kirtankhola_Barishal
2018-07-01,8.06,29.9,26.85,3.45,89.82,0.99,0.64,Kirtankhola_Barishal
2018-07-02,20.06,30.54,26.95,4.25,89.97,0.99,1.1,Kirtankhola_Barishal
2018-07-03,116.0,29.23,26.91,4.54,92.54,1.0,0.27,Kirtankhola_Barishal
2018-07-04,120.7,29.04,26.69,3.77,93.06,1.0,0.17,Kirtankhola_Barishal
2018-07-05,24.17,31.07,26.47,2.51,88.2,1.0,0.67,Kirtankhola_Barishal
2018-07-06,24.89,30.8,26.59,2.48,88.55,1.0,1.06,Kirtankhola_Barishal
2018-07-07,9.1,30.44,26.91,3.16,88.79,1.0,0.96,Kirtankhola_Barishal
2018-07-08,4.89,30.63,27.46,4.68,88.52,0.99,1.28,Kirtankhola_Barishal
2018-07-09,7.74,30.65,27.17,3.84,88.58,0.99,1.42,Kirtankhola_Barishal
2018-07-10,24.91,30.71,27.19,3.74,89.62,0.99,1.3,Kirtankhola_Barishal
2018-07-11,11.63,30.82,27.03,3.02,89.27,0.99,1.26,Kirtankhola_Barishal
2018-07-12,4.61,31.03,27.13,3.26,88.91,0.99,1.35,Kirtankhola_Barishal
2018-07-13,6.14,30.82,27.21,2.75,90.22,0.98,0.92,Kirtankhola_Barishal
2018-07-14,2.74,31.01,27.31,3.52,89.6,0.98,1.39,Kirtankhola_Barishal
2018-07-15,11.79,30.94,27.24,4.56,89.37,0.97,1.16,Kirtankhola_Barishal
2018-07-16,28.72,30.87,27.53,4.76,88.6,0.98,1.54,Kirtankhola_Barishal
2018-07-17,37.39,31.03,27.17,3.84,88.43,0.99,1.34,Kirtankhola_Barishal
2018-07-18,21.49,31.6,27.44,2.51,87.68,0.99,1.49,Kirtankhola_Barishal
2018-07-19,2.42,33.09,27.18,1.48,85.43,0.99,2.02,Kirtankhola_Barishal
2018-07-20,13.01,31.7,27.7,2.87,89.32,0.98,1.15,Kirtankhola_Barishal
2018-07-21,52.63,29.86,27.65,6.43,91.64,0.99,0.58,Kirtankhola_Barishal
2018-07-22,31.73,30.01,27.42,6.35,89.31,0.99,1.04,Kirtankhola_Barishal
2018-07-23,44.88,30.75,26.9,3.8,91.56,1.0,0.61,Kirtankhola_Barishal
2018-07-24,87.85,30.48,27.01,2.98,92.49,1.0,0.3,Kirtankhola_Barishal
2018-07-25,95.72,29.07,26.81,2.92,93.71,1.0,0.12,Kirtankhola_Barishal
2018-07-26,164.32,28.65,26.13,3.3,93.72,1.0,0.09,Kirtankhola_Barishal
2018-07-27,97.59,29.31,26.68,3.59,91.84,1.0,0.21,Kirtankhola_Barishal
2018-07-28,98.88,29.18,26.41,3.11,92.56,1.0,0.13,Kirtankhola_Barishal
2018-07-29,111.99,29.71,26.51,3.43,91.5,1.0,0.32,Kirtankhola_Barishal
2018-07-30,30.93,30.46,26.57,2.91,90.3,1.0,0.61,Kirtankhola_Barishal
2018-07-31,54.2,29.65,25.95,2.44,89.81,1.0,0.48,Kirtankhola_Barishal
2018-08-01,58.92,28.99,26.0,4.76,91.5,1.0,0.36,Kirtankhola_Barishal
2018-08-02,35.26,30.02,26.09,4.13,89.71,1.0,0.61,Kirtankhola_Barishal
2018-08-03,38.15,30.15,26.39,3.77,89.78,1.0,0.64,Kirtankhola_Barishal
2018-08-04,17.67,31.11,26.55,2.17,88.31,1.0,0.92,Kirtankhola_Barishal
2018-08-05,13.65,30.59,26.73,2.68,90.29,1.0,1.16,Kirtankhola_Barishal
2018-08-06,15.0,29.4,26.95,2.72,90.93,0.99,0.65,Kirtankhola_Barishal
2018-08-07,5.47,29.74,26.81,4.09,89.49,0.99,1.29,Kirtankhola_Barishal
2018-08-08,4.9,30.4,26.62,3.5,88.2,0.99,1.55,Kirtankhola_Barishal
2018-08-09,3.77,30.92,26.68,2.85,87.2,0.98,1.91,Kirtankhola_Barishal
2018-08-10,2.78,31.5,26.53,2.04,86.74,0.98,2.05,Kirtankhola_Barishal
2018-08-11,3.93,29.93,26.71,2.98,89.87,0.97,1.12,Kirtankhola_Barishal
2018-08-12,4.34,31.49,26.83,2.9,87.13,0.97,2.38,Kirtankhola_Barishal
2018-08-13,7.0,30.42,26.94,2.74,89.94,0.96,1.28,Kirtankhola_Barishal
2018-08-14,12.1,30.8,27.1,3.38,91.02,0.97,1.24,Kirtankhola_Barishal
2018-08-15,3.33,30.53,27.22,4.79,89.01,0.96,2.01,Kirtankhola_Barishal
2018-08-16,5.37,30.71,27.12,3.62,89.3,0.96,2.02,Kirtankhola_Barishal
2018-08-17,10.71,30.64,26.5,1.74,88.03,0.96,1.42,Kirtankhola_Barishal
2018-08-18,8.42,30.51,26.87,1.47,88.56,0.96,1.23,Kirtankhola_Barishal
2018-08-19,46.5,29.69,27.12,2.97,90.82,0.98,1.09,Kirtankhola_Barishal
2018-08-20,62.36,30.54,27.48,4.5,90.69,1.0,1.31,Kirtankhola_Barishal
2018-08-21,16.06,30.47,27.29,3.74,90.44,1.0,0.89,Kirtankhola_Barishal
2018-08-22,10.63,31.06,27.26,2.97,89.37,0.99,1.49,Kirtankhola_Barishal
2018-08-23,16.1,30.76,27.0,2.38,90.57,0.99,1.13,Kirtankhola_Barishal
2018-08-24,14.86,29.61,27.14,2.62,91.45,0.99,0.55,Kirtankhola_Barishal
2018-08-25,16.54,30.58,26.82,3.01,89.48,0.99,1.37,Kirtankhola_Barishal
2018-08-26,9.72,30.92,26.56,2.74,87.18,0.99,2.15,Kirtankhola_Barishal
2018-08-27,9.67,30.36,27.19,4.29,88.84,0.99,1.8,Kirtankhola_Barishal
2018-08-28,14.94,29.95,27.09,3.6,90.18,0.99,1.19,Kirtankhola_Barishal
2018-08-29,14.05,30.94,26.85,3.67,88.44,0.99,2.11,Kirtankhola_Barishal
2018-08-30,20.98,29.5,26.72,2.94,90.34,0.99,0.89,Kirtankhola_Barishal
2018-08-31,21.73,31.2,26.93,2.46,88.95,0.99,1.73,Kirtankhola_Barishal
2018-09-01,35.29,30.26,26.94,3.54,91.06,1.0,1.07,Kirtankhola_Barishal
2018-09-02,29.76,29.69,26.96,3.76,90.43,1.0,0.85,Kirtankhola_Barishal
2018-09-03,17.95,30.5,26.82,2.43,89.53,1.0,1.25,Kirtankhola_Barishal
2018-09-04,27.44,31.05,26.37,1.54,86.48,1.0,2.24,Kirtankhola_Barishal
2018-09-05,17.78,29.72,26.63,3.98,89.59,1.0,1.4,Kirtankhola_Barishal
2018-09-06,22.75,29.36,26.55,6.11,89.42,1.0,1.47,Kirtankhola_Barishal
2018-09-07,11.75,29.94,26.29,4.07,87.48,0.99,2.05,Kirtankhola_Barishal
2018-09-08,5.32,30.75,26.05,2.79,86.4,0.99,2.57,Kirtankhola_Barishal
2018-09-09,3.39,29.86,26.09,2.16,87.91,0.99,1.55,Kirtankhola_Barishal
2018-09-10,7.48,30.6,26.42,2.82,87.1,0.98,2.45,Kirtankhola_Barishal
2018-09-11,17.55,30.73,26.32,2.94,88.6,0.98,2.46,Kirtankhola_Barishal
2018-09-12,41.73,29.66,26.55,2.23,91.44,0.99,0.7,Kirtankhola_Barishal
2018-09-13,25.63,29.96,26.41,1.94,90.82,0.99,0.76,Kirtankhola_Barishal
2018-09-14,13.71,30.49,26.68,1.57,86.42,1.0,1.24,Kirtankhola_Barishal
2018-09-15,2.03,31.51,26.73,0.73,81.02,0.99,2.1,Kirtankhola_Barishal
2018-09-16,2.48,30.22,26.17,1.45,86.5,0.99,1.4,Kirtankhola_Barishal
2018-09-17,1.04,31.35,25.81,1.43,86.39,0.99,1.95,Kirtankhola_Barishal
2018-09-18,0.75,30.92,26.64,1.61,86.38,0.98,1.54,Kirtankhola_Barishal
2018-09-19,1.56,30.17,26.82,1.48,88.54,0.98,1.12,Kirtankhola_Barishal
2018-09-20,13.38,30.0,27.14,4.12,88.87,0.98,1.57,Kirtankhola_Barishal
2018-09-21,10.29,29.73,26.48,3.91,91.24,0.98,1.54,Kirtankhola_Barishal
2018-09-22,0.67,31.23,26.1,1.02,82.6,0.98,4.44,Kirtankhola_Barishal
2018-09-23,1.3,30.59,25.95,1.76,86.89,0.97,2.5,Kirtankhola_Barishal
2018-09-24,3.66,30.82,25.3,1.84,84.78,0.97,3.6,Kirtankhola_Barishal
2018-09-25,15.39,30.62,26.26,2.08,87.84,0.97,2.53,Kirtankhola_Barishal
2018-09-26,13.39,31.08,26.54,1.72,86.88,0.97,2.95,Kirtankhola_Barishal
2018-09-27,10.79,30.27,26.62,1.5,88.19,0.97,1.56,Kirtankhola_Barishal
2018-09-28,8.86,31.12,26.16,1.0,82.42,0.97,3.02,Kirtankhola_Barishal
2018-09-29,2.93,31.35,26.05,1.02,81.75,0.97,3.27,Kirtankhola_Barishal
2018-09-30,1.27,31.58,26.35,1.22,82.83,0.96,3.17,Kirtankhola_Barishal
2018-10-01,1.3,31.94,26.02,1.45,81.6,0.96,4.31,Kirtankhola_Barishal
2018-10-02,0.01,31.45,24.99,1.57,77.79,0.95,4.45,Kirtankhola_Barishal
2018-10-03,0.06,31.75,25.15,1.48,78.95,0.94,5.45,Kirtankhola_Barishal
2018-10-04,0.24,32.11,25.11,1.38,76.86,0.93,5.86,Kirtankhola_Barishal
2018-10-05,0.25,31.87,25.48,0.88,74.12,0.92,6.73,Kirtankhola_Barishal
2018-10-06,0.82,31.96,25.56,0.95,73.87,0.92,6.4,Kirtankhola_Barishal
2018-10-07,0.14,31.19,25.13,1.05,72.82,0.91,6.34,Kirtankhola_Barishal
2018-10-08,0.1,31.35,25.26,1.08,73.36,0.9,6.51,Kirtankhola_Barishal
2018-10-09,15.89,29.78,25.25,1.6,81.7,0.9,4.86,Kirtankhola_Barishal
2018-10-10,52.07,26.55,25.2,3.14,89.6,0.92,0.85,Kirtankhola_Barishal
2018-10-11,96.45,27.82,25.36,3.57,91.52,0.98,0.63,Kirtankhola_Barishal
2018-10-12,32.34,29.01,25.91,2.92,88.01,0.99,2.67,Kirtankhola_Barishal
2018-10-13,4.1,28.51,25.8,3.44,89.19,0.98,1.32,Kirtankhola_Barishal
2018-10-14,8.56,29.11,24.66,2.63,87.35,0.98,2.61,Kirtankhola_Barishal
2018-10-15,0.88,29.98,22.94,1.21,75.59,0.97,5.2,Kirtankhola_Barishal
2018-10-16,0.03,29.43,22.49,1.34,74.7,0.96,5.0,Kirtankhola_Barishal
2018-10-17,0.0,29.36,22.49,1.1,70.92,0.96,5.82,Kirtankhola_Barishal
2018-10-18,0.2,29.93,22.31,0.94,72.33,0.95,6.25,Kirtankhola_Barishal
2018-10-19,0.38,30.07,23.0,0.82,75.61,0.94,5.59,Kirtankhola_Barishal
2018-10-20,0.06,30.03,23.32,0.91,73.19,0.93,5.22,Kirtankhola_Barishal
2018-10-21,0.37,30.04,23.74,1.33,75.57,0.93,4.98,Kirtankhola_Barishal
2018-10-22,0.03,29.95,22.89,1.46,75.74,0.92,5.17,Kirtankhola_Barishal
2018-10-23,0.05,29.61,22.17,1.79,80.14,0.91,4.93,Kirtankhola_Barishal
2018-10-24,0.02,29.45,21.65,1.78,79.44,0.9,4.84,Kirtankhola_Barishal
2018-10-25,0.0,29.23,21.76,1.86,74.46,0.9,4.99,Kirtankhola_Barishal
2018-10-26,0.0,28.97,19.69,1.92,71.74,0.89,5.16,Kirtankhola_Barishal
2018-10-27,0.09,29.19,20.15,1.25,70.08,0.88,5.93,Kirtankhola_Barishal
2018-10-28,2.84,28.59,22.23,1.71,77.24,0.87,2.73,Kirtankhola_Barishal
2018-10-29,8.59,27.13,23.26,2.05,85.12,0.87,2.53,Kirtankhola_Barishal
2018-10-30,8.34,24.93,22.75,2.46,90.05,0.89,0.87,Kirtankhola_Barishal
2018-10-31,2.05,28.27,22.73,1.32,81.5,0.89,4.02,Kirtankhola_Barishal
2018-11-01,0.01,29.65,22.8,1.61,82.29,0.88,5.73,Kirtankhola_Barishal
2018-11-02,0.93,29.19,22.41,1.07,81.25,0.87,6.3,Kirtankhola_Barishal
2018-11-03,3.06,29.03,22.37,1.17,83.03,0.87,5.56,Kirtankhola_Barishal
2018-11-04,1.0,29.65,22.29,1.12,79.96,0.86,5.82,Kirtankhola_Barishal
2018-11-05,2.03,29.12,22.3,1.74,86.22,0.86,4.27,Kirtankhola_Barishal
2018-11-06,7.01,29.11,22.39,1.57,83.81,0.86,4.1,Kirtankhola_Barishal
2018-11-07,6.57,28.61,22.58,1.76,85.0,0.86,3.4,Kirtankhola_Barishal
2018-11-08,0.11,28.01,20.13,2.02,78.02,0.86,4.11,Kirtankhola_Barishal
2018-11-09,0.0,27.26,19.36,1.53,70.08,0.85,4.44,Kirtankhola_Barishal
2018-11-10,0.0,27.52,20.54,0.79,62.92,0.84,4.8,Kirtankhola_Barishal
2018-11-11,0.0,27.6,20.35,1.57,71.49,0.84,4.66,Kirtankhola_Barishal
2018-11-12,0.0,26.78,18.16,1.61,76.01,0.83,4.37,Kirtankhola_Barishal
2018-11-13,0.0,27.34,19.41,1.45,72.19,0.83,4.68,Kirtankhola_Barishal
2018-11-14,0.0,27.78,19.67,0.95,67.07,0.82,4.8,Kirtankhola_Barishal
2018-11-15,0.0,28.57,19.83,0.89,70.44,0.81,4.62,Kirtankhola_Barishal
2018-11-16,0.0,28.75,20.07,1.09,73.24,0.81,4.3,Kirtankhola_Barishal
2018-11-17,0.0,28.0,19.9,1.65,76.53,0.8,4.14,Kirtankhola_Barishal
2018-11-18,0.03,26.9,18.72,1.78,80.73,0.8,3.55,Kirtankhola_Barishal
2018-11-19,0.0,26.5,17.83,1.98,75.52,0.79,3.88,Kirtankhola_Barishal
2018-11-20,0.0,26.07,18.46,1.28,68.56,0.79,2.82,Kirtankhola_Barishal
2018-11-21,0.0,26.15,18.68,1.68,72.8,0.78,3.73,Kirtankhola_Barishal
2018-11-22,0.0,25.95,17.67,1.56,72.8,0.78,3.53,Kirtankhola_Barishal
2018-11-23,0.0,25.87,18.07,1.25,73.74,0.77,3.2,Kirtankhola_Barishal
2018-11-24,0.0,26.17,17.44,1.51,76.57,0.77,3.68,Kirtankhola_Barishal
2018-11-25,0.0,25.97,18.29,1.2,73.48,0.76,4.0,Kirtankhola_Barishal
2018-11-26,0.0,26.02,17.87,1.0,73.81,0.76,4.38,Kirtankhola_Barishal
2018-11-27,0.0,26.18,19.91,0.89,73.35,0.75,4.3,Kirtankhola_Barishal
2018-11-28,0.0,26.5,18.5,0.93,77.75,0.74,4.24,Kirtankhola_Barishal
2018-11-29,0.0,26.44,18.12,1.01,70.53,0.74,4.42,Kirtankhola_Barishal
2018-11-30,0.0,25.6,18.07,1.04,67.01,0.73,3.86,Kirtankhola_Barishal
2018-12-01,0.0,25.74,18.17,0.97,63.36,0.73,3.47,Kirtankhola_Barishal
2018-12-02,0.0,25.82,17.51,1.27,66.4,0.72,3.61,Kirtankhola_Barishal
2018-12-03,0.0,25.39,17.45,1.73,70.15,0.72,3.54,Kirtankhola_Barishal
2018-12-04,0.0,25.39,16.19,1.71,72.51,0.71,3.49,Kirtankhola_Barishal
2018-12-05,0.0,25.29,15.68,1.88,76.34,0.71,3.4,Kirtankhola_Barishal
2018-12-06,0.0,24.02,17.68,1.8,77.47,0.7,1.77,Kirtankhola_Barishal
2018-12-07,0.0,24.75,15.09,1.82,73.1,0.7,2.93,Kirtankhola_Barishal
2018-12-08,0.0,24.38,14.24,2.2,74.8,0.7,2.63,Kirtankhola_Barishal
2018-12-09,0.0,24.38,13.66,1.59,74.77,0.69,3.12,Kirtankhola_Barishal
2018-12-10,0.0,25.06,14.77,1.45,72.55,0.69,3.27,Kirtankhola_Barishal
2018-12-11,0.0,25.71,15.86,0.98,67.87,0.68,3.47,Kirtankhola_Barishal
2018-12-12,0.0,25.19,16.32,1.2,70.39,0.68,3.2,Kirtankhola_Barishal
2018-12-13,0.0,25.06,15.49,1.55,70.6,0.67,2.9,Kirtankhola_Barishal
2018-12-14,0.0,24.9,15.38,1.94,72.44,0.67,2.81,Kirtankhola_Barishal
2018-12-15,0.0,24.36,16.29,2.34,69.69,0.66,2.41,Kirtankhola_Barishal
2018-12-16,0.36,23.27,17.26,2.85,75.44,0.66,2.0,Kirtankhola_Barishal
2018-12-17,15.14,22.71,17.82,3.27,87.53,0.67,0.98,Kirtankhola_Barishal
2018-12-18,12.84,25.25,18.79,2.55,90.21,0.68,2.09,Kirtankhola_Barishal
2018-12-19,1.22,23.12,15.82,3.48,83.75,0.7,2.59,Kirtankhola_Barishal
2018-12-20,0.0,21.9,12.86,2.34,77.74,0.69,2.32,Kirtankhola_Barishal
2018-12-21,0.01,22.06,11.92,1.74,78.46,0.68,2.28,Kirtankhola_Barishal
2018-12-22,0.0,22.36,12.4,2.2,79.52,0.68,2.14,Kirtankhola_Barishal
2018-12-23,0.0,22.74,12.51,2.07,78.21,0.67,2.41,Kirtankhola_Barishal
2018-12-24,0.0,22.99,12.81,1.67,76.77,0.67,2.44,Kirtankhola_Barishal
2018-12-25,0.0,22.85,12.81,1.47,71.99,0.67,2.1,Kirtankhola_Barishal
2018-12-26,0.0,21.79,11.78,1.98,67.57,0.66,1.91,Kirtankhola_Barishal
2018-12-27,0.0,21.63,10.48,1.84,65.92,0.66,1.74,Kirtankhola_Barishal
2018-12-28,0.0,21.96,10.57,2.34,65.56,0.65,2.04,Kirtankhola_Barishal
2018-12-29,0.0,21.2,9.57,2.36,67.01,0.65,2.0,Kirtankhola_Barishal
2018-12-30,0.0,22.96,10.07,2.77,76.67,0.65,2.21,Kirtankhola_Barishal
2018-12-31,0.0,23.65,11.58,1.56,75.78,0.64,2.49,Kirtankhola_Barishal
2019-01-01,0.0,24.61,13.36,1.49,71.31,0.64,2.77,Kirtankhola_Barishal
2019-01-02,0.0,23.82,13.6,1.39,68.85,0.63,2.67,Kirtankhola_Barishal
2019-01-03,0.0,24.09,14.16,1.27,64.79,0.63,2.65,Kirtankhola_Barishal
2019-01-04,0.0,22.64,11.06,2.21,70.13,0.62,2.01,Kirtankhola_Barishal
2019-01-05,0.0,23.31,10.97,2.08,70.48,0.62,2.3,Kirtankhola_Barishal
2019-01-06,0.0,23.95,12.6,1.38,65.37,0.62,2.64,Kirtankhola_Barishal
2019-01-07,0.0,24.77,13.94,1.3,61.92,0.61,2.69,Kirtankhola_Barishal
2019-01-08,0.0,24.75,13.72,1.57,67.51,0.61,2.56,Kirtankhola_Barishal
2019-01-09,0.0,24.16,13.89,1.27,64.01,0.6,2.24,Kirtankhola_Barishal
2019-01-10,0.0,23.23,13.74,1.64,69.43,0.6,2.07,Kirtankhola_Barishal
2019-01-11,0.0,22.92,11.67,1.84,61.79,0.6,2.15,Kirtankhola_Barishal
2019-01-12,0.0,23.32,11.96,1.31,59.37,0.59,1.99,Kirtankhola_Barishal
2019-01-13,0.0,24.31,12.91,1.33,63.64,0.59,2.28,Kirtankhola_Barishal
2019-01-14,0.0,24.06,12.77,1.62,68.65,0.59,2.01,Kirtankhola_Barishal
2019-01-15,0.0,23.55,12.98,2.56,69.06,0.58,1.85,Kirtankhola_Barishal
2019-01-16,0.0,23.02,11.43,1.92,63.86,0.58,1.98,Kirtankhola_Barishal
2019-01-17,0.0,23.7,11.9,1.47,63.82,0.57,2.18,Kirtankhola_Barishal
2019-01-18,0.0,23.79,12.42,1.22,63.12,0.57,1.86,Kirtankhola_Barishal
2019-01-19,0.0,23.59,12.02,1.71,63.0,0.57,1.51,Kirtankhola_Barishal
2019-01-20,0.0,23.33,12.17,1.57,62.63,0.56,1.52,Kirtankhola_Barishal
2019-01-21,0.0,24.68,12.85,1.48,63.76,0.56,1.84,Kirtankhola_Barishal
2019-01-22,0.0,25.67,14.75,1.12,60.16,0.56,2.28,Kirtankhola_Barishal
2019-01-23,0.0,25.75,15.86,1.04,61.91,0.55,2.23,Kirtankhola_Barishal
2019-01-24,0.0,26.42,14.5,1.35,61.96,0.55,2.25,Kirtankhola_Barishal
2019-01-25,0.0,26.45,14.87,1.43,61.05,0.55,2.06,Kirtankhola_Barishal
2019-01-26,0.0,27.34,14.76,1.4,62.51,0.54,2.3,Kirtankhola_Barishal
2019-01-27,0.0,27.13,16.56,1.07,59.05,0.54,2.23,Kirtankhola_Barishal
2019-01-28,0.0,25.71,15.67,1.94,69.9,0.53,1.78,Kirtankhola_Barishal
2019-01-29,0.0,25.17,15.82,2.97,66.61,0.53,1.95,Kirtankhola_Barishal
2019-01-30,0.0,23.52,11.11,2.6,58.8,0.53,1.91,Kirtankhola_Barishal
2019-01-31,0.0,25.01,11.74,1.62,57.53,0.52,2.05,Kirtankhola_Barishal
2019-02-01,0.0,26.66,13.89,1.45,55.06,0.52,2.18,Kirtankhola_Barishal
2019-02-02,0.0,26.56,14.05,1.31,64.45,0.52,2.03,Kirtankhola_Barishal
2019-02-03,0.0,26.42,14.99,1.76,61.27,0.51,1.83,Kirtankhola_Barishal
2019-02-04,0.0,26.65,13.97,2.12,55.79,0.51,1.82,Kirtankhola_Barishal
2019-02-05,0.0,26.96,13.48,1.75,51.28,0.5,1.75,Kirtankhola_Barishal
2019-02-06,0.0,26.53,15.51,1.02,46.91,0.5,1.62,Kirtankhola_Barishal
2019-02-07,0.0,27.53,16.19,1.4,61.75,0.5,1.53,Kirtankhola_Barishal
2019-02-08,0.0,28.38,16.24,1.52,60.1,0.49,1.4,Kirtankhola_Barishal
2019-02-09,0.06,28.67,17.11,2.23,65.8,0.49,1.39,Kirtankhola_Barishal
2019-02-10,0.03,26.1,15.2,3.34,62.29,0.49,1.29,Kirtankhola_Barishal
2019-02-11,0.0,25.97,12.11,2.67,49.9,0.48,1.27,Kirtankhola_Barishal
2019-02-12,0.0,26.82,13.16,1.99,52.12,0.48,1.22,Kirtankhola_Barishal
2019-02-13,0.0,27.75,14.47,1.75,52.85,0.48,1.22,Kirtankhola_Barishal
2019-02-14,0.0,29.36,16.07,1.51,46.49,0.47,1.25,Kirtankhola_Barishal
2019-02-15,0.0,30.34,16.82,1.57,50.7,0.47,1.26,Kirtankhola_Barishal
2019-02-16,0.03,28.91,17.85,1.63,55.45,0.47,1.04,Kirtankhola_Barishal
2019-02-17,7.82,26.63,18.6,1.82,70.69,0.47,0.64,Kirtankhola_Barishal
2019-02-18,0.79,27.14,17.03,1.32,69.18,0.48,1.27,Kirtankhola_Barishal
2019-02-19,0.66,29.14,18.61,1.63,74.21,0.48,1.41,Kirtankhola_Barishal
2019-02-20,0.02,30.26,18.36,1.85,72.73,0.47,1.31,Kirtankhola_Barishal
2019-02-21,0.22,31.48,19.97,1.15,67.63,0.47,1.36,Kirtankhola_Barishal
2019-02-22,0.34,31.57,19.11,1.99,70.86,0.47,1.26,Kirtankhola_Barishal
2019-02-23,0.35,30.64,20.71,2.59,77.53,0.46,1.09,Kirtankhola_Barishal
2019-02-24,1.1,30.99,20.9,1.62,72.69,0.46,1.09,Kirtankhola_Barishal
2019-02-25,40.33,26.71,21.69,1.15,81.66,0.48,0.61,Kirtankhola_Barishal
2019-02-26,53.0,27.09,20.67,1.62,79.42,0.54,1.37,Kirtankhola_Barishal
2019-02-27,8.99,28.13,20.62,1.9,79.37,0.56,3.15,Kirtankhola_Barishal
2019-02-28,62.72,25.91,20.1,1.6,86.22,0.64,1.93,Kirtankhola_Barishal
2019-03-01,1.64,25.08,17.48,2.75,74.37,0.65,3.69,Kirtankhola_Barishal
2019-03-02,0.0,25.4,13.86,2.66,57.21,0.63,4.46,Kirtankhola_Barishal
2019-03-03,0.0,26.14,14.71,2.06,55.27,0.62,4.32,Kirtankhola_Barishal
2019-03-04,1.12,26.69,17.22,1.68,72.08,0.61,3.97,Kirtankhola_Barishal
2019-03-05,15.46,26.85,20.8,3.97,89.0,0.62,2.37,Kirtankhola_Barishal
2019-03-06,0.97,28.5,21.25,0.97,76.29,0.63,4.5,Kirtankhola_Barishal
2019-03-07,0.09,28.03,20.95,0.72,74.46,0.62,4.83,Kirtankhola_Barishal
2019-03-08,0.0,27.39,19.25,1.7,69.63,0.61,4.94,Kirtankhola_Barishal
2019-03-09,0.0,27.83,17.55,1.71,69.05,0.6,5.04,Kirtankhola_Barishal
2019-03-10,0.0,28.0,18.97,2.3,83.31,0.59,4.49,Kirtankhola_Barishal
2019-03-11,0.0,29.06,20.55,1.42,82.57,0.59,4.64,Kirtankhola_Barishal
2019-03-12,0.21,31.07,21.53,1.81,79.16,0.58,5.14,Kirtankhola_Barishal
2019-03-13,0.16,32.01,21.23,1.62,78.41,0.57,5.83,Kirtankhola_Barishal
2019-03-14,0.11,31.22,21.78,1.24,74.86,0.57,5.55,Kirtankhola_Barishal
2019-03-15,0.17,32.17,21.94,1.55,73.2,0.56,5.09,Kirtankhola_Barishal
2019-03-16,1.88,31.96,22.29,1.75,69.54,0.55,5.44,Kirtankhola_Barishal
2019-03-17,3.85,32.06,21.7,1.49,68.5,0.55,5.03,Kirtankhola_Barishal
2019-03-18,12.36,29.3,21.59,2.07,69.47,0.56,3.87,Kirtankhola_Barishal
2019-03-19,2.78,30.1,20.64,2.28,73.7,0.56,5.29,Kirtankhola_Barishal
2019-03-20,10.98,29.58,21.32,2.06,80.27,0.57,4.6,Kirtankhola_Barishal
2019-03-21,1.48,31.01,21.73,2.77,81.13,0.57,5.28,Kirtankhola_Barishal
2019-03-22,5.12,31.28,22.25,2.87,82.83,0.56,4.73,Kirtankhola_Barishal
2019-03-23,4.66,31.64,22.91,1.9,81.51,0.56,5.09,Kirtankhola_Barishal
2019-03-24,0.13,32.48,22.15,1.38,68.23,0.55,5.78,Kirtankhola_Barishal
2019-03-25,0.0,32.86,21.31,1.21,62.92,0.55,5.76,Kirtankhola_Barishal
2019-03-26,0.01,32.93,21.66,1.37,63.88,0.54,5.03,Kirtankhola_Barishal
2019-03-27,1.14,31.99,21.41,1.95,61.95,0.53,4.26,Kirtankhola_Barishal
2019-03-28,0.25,32.19,22.05,1.37,67.37,0.53,4.39,Kirtankhola_Barishal
2019-03-29,0.01,32.55,21.74,2.21,72.01,0.52,4.16,Kirtankhola_Barishal
2019-03-30,1.92,31.9,22.57,2.85,78.09,0.52,3.25,Kirtankhola_Barishal
2019-03-31,14.71,31.61,23.88,3.73,81.85,0.52,2.44,Kirtankhola_Barishal
2019-04-01,24.48,29.58,24.36,3.95,85.88,0.57,3.16,Kirtankhola_Barishal
2019-04-02,3.04,31.35,23.89,3.6,83.24,0.56,4.42,Kirtankhola_Barishal
2019-04-03,3.66,31.32,23.51,3.37,83.82,0.56,4.61,Kirtankhola_Barishal
2019-04-04,0.41,31.09,23.39,3.18,83.99,0.55,4.23,Kirtankhola_Barishal
2019-04-05,1.16,31.43,24.04,2.89,82.14,0.54,3.97,Kirtankhola_Barishal
2019-04-06,3.87,30.33,24.46,1.79,81.61,0.55,1.9,Kirtankhola_Barishal
2019-04-07,15.21,30.84,23.84,1.86,74.91,0.57,3.69,Kirtankhola_Barishal
2019-04-08,6.89,30.84,23.61,2.75,79.3,0.57,3.54,Kirtankhola_Barishal
2019-04-09,20.45,30.87,23.82,3.25,83.49,0.58,4.01,Kirtankhola_Barishal
2019-04-10,15.4,30.05,23.65,2.47,85.3,0.61,4.41,Kirtankhola_Barishal
2019-04-11,0.31,31.18,23.61,1.59,81.93,0.6,6.03,Kirtankhola_Barishal
2019-04-12,0.0,31.32,23.95,1.58,80.12,0.59,5.19,Kirtankhola_Barishal
2019-04-13,0.0,33.49,24.19,1.49,75.5,0.58,6.78,Kirtankhola_Barishal
2019-04-14,0.0,33.94,24.56,2.06,77.32,0.57,6.44,Kirtankhola_Barishal
2019-04-15,0.02,33.19,24.78,2.68,81.1,0.56,5.35,Kirtankhola_Barishal
2019-04-16,1.24,33.47,24.94,2.58,80.72,0.55,4.78,Kirtankhola_Barishal
2019-04-17,1.82,34.29,25.41,1.34,71.7,0.55,4.83,Kirtankhola_Barishal
2019-04-18,0.1,34.37,25.53,1.6,59.75,0.54,5.14,Kirtankhola_Barishal
2019-04-19,0.07,34.96,24.07,1.75,61.66,0.54,4.9,Kirtankhola_Barishal
2019-04-20,0.08,35.07,25.11,2.26,62.78,0.53,4.86,Kirtankhola_Barishal
2019-04-21,0.6,35.33,24.41,1.94,64.59,0.52,4.43,Kirtankhola_Barishal
2019-04-22,5.15,33.85,24.45,1.5,61.97,0.52,3.67,Kirtankhola_Barishal
2019-04-23,0.01,34.26,23.51,1.48,62.38,0.52,3.78,Kirtankhola_Barishal
2019-04-24,0.04,35.9,24.61,1.41,62.59,0.51,4.14,Kirtankhola_Barishal
2019-04-25,0.09,36.49,24.89,2.29,62.13,0.5,3.82,Kirtankhola_Barishal
2019-04-26,0.02,36.23,25.15,2.74,66.02,0.5,3.48,Kirtankhola_Barishal
2019-04-27,0.88,36.22,26.62,3.49,71.91,0.49,2.85,Kirtankhola_Barishal
2019-04-28,0.74,35.18,27.33,4.61,75.15,0.49,2.43,Kirtankhola_Barishal
2019-04-29,0.32,35.53,27.22,5.02,74.67,0.48,2.39,Kirtankhola_Barishal
2019-04-30,0.22,34.82,27.35,4.89,73.89,0.48,2.2,Kirtankhola_Barishal
2019-05-01,1.03,34.12,27.62,5.13,72.49,0.48,1.91,Kirtankhola_Barishal
2019-05-02,2.57,34.18,27.9,3.5,72.78,0.48,1.66,Kirtankhola_Barishal
2019-05-03,30.52,31.85,27.99,5.94,79.58,0.49,1.04,Kirtankhola_Barishal
2019-05-04,52.66,31.02,26.44,8.16,82.47,0.59,3.02,Kirtankhola_Barishal
2019-05-05,1.42,32.71,24.7,2.53,81.8,0.6,6.55,Kirtankhola_Barishal
2019-05-06,0.38,33.64,25.61,2.83,80.81,0.58,7.22,Kirtankhola_Barishal
2019-05-07,0.05,34.1,25.48,3.55,80.57,0.57,7.24,Kirtankhola_Barishal
2019-05-08,0.34,34.11,25.71,3.54,82.83,0.56,5.84,Kirtankhola_Barishal
2019-05-09,0.04,33.77,26.76,4.44,82.1,0.55,5.11,Kirtankhola_Barishal
2019-05-10,0.1,34.12,27.5,4.42,81.18,0.54,4.23,Kirtankhola_Barishal
2019-05-11,1.06,33.07,27.55,3.94,82.48,0.54,3.03,Kirtankhola_Barishal
2019-05-12,1.61,32.58,27.14,3.36,82.32,0.54,2.48,Kirtankhola_Barishal
2019-05-13,4.24,33.26,27.15,3.45,82.13,0.53,2.65,Kirtankhola_Barishal
2019-05-14,18.61,33.05,26.79,1.96,82.11,0.56,3.11,Kirtankhola_Barishal
2019-05-15,5.65,33.36,26.53,2.03,77.34,0.57,5.23,Kirtankhola_Barishal
2019-05-16,3.23,34.18,26.41,2.78,77.04,0.56,5.47,Kirtankhola_Barishal
2019-05-17,11.91,32.17,26.79,3.7,83.22,0.57,3.17,Kirtankhola_Barishal
2019-05-18,10.06,32.73,27.49,3.87,85.35,0.58,3.44,Kirtankhola_Barishal
2019-05-19,8.06,32.23,27.56,2.73,86.62,0.58,2.95,Kirtankhola_Barishal
2019-05-20,2.09,33.13,26.69,1.75,82.0,0.58,4.78,Kirtankhola_Barishal
2019-05-21,1.8,32.51,26.91,2.23,83.03,0.58,3.16,Kirtankhola_Barishal
2019-05-22,5.46,32.24,27.0,3.28,82.1,0.57,3.27,Kirtankhola_Barishal
2019-05-23,54.02,31.08,26.68,2.78,86.82,0.62,2.33,Kirtankhola_Barishal
2019-05-24,55.76,31.37,27.67,3.69,87.75,0.69,2.25,Kirtankhola_Barishal
2019-05-25,46.12,30.79,27.16,3.77,87.27,0.73,2.33,Kirtankhola_Barishal
2019-05-26,25.32,30.88,27.12,2.55,88.46,0.77,1.94,Kirtankhola_Barishal
2019-05-27,1.7,31.47,26.96,2.44,90.43,0.76,2.26,Kirtankhola_Barishal
2019-05-28,1.21,32.58,26.58,2.26,86.48,0.75,4.21,Kirtankhola_Barishal
2019-05-29,0.63,31.73,26.84,2.14,86.87,0.74,2.98,Kirtankhola_Barishal
2019-05-30,0.48,32.49,26.17,2.77,85.12,0.73,5.09,Kirtankhola_Barishal
2019-05-31,7.67,32.41,27.55,2.92,84.29,0.73,4.39,Kirtankhola_Barishal
2019-06-01,21.35,31.4,27.2,2.5,86.06,0.74,2.49,Kirtankhola_Barishal
2019-06-02,15.81,32.08,26.67,2.28,83.81,0.76,3.61,Kirtankhola_Barishal
2019-06-03,28.99,31.18,26.36,2.42,84.4,0.78,2.76,Kirtankhola_Barishal
2019-06-04,26.52,31.31,26.86,3.0,85.2,0.8,2.7,Kirtankhola_Barishal
2019-06-05,55.66,29.08,27.21,3.82,91.44,0.85,0.42,Kirtankhola_Barishal
2019-06-06,50.19,29.27,27.06,3.44,91.7,0.89,0.56,Kirtankhola_Barishal
2019-06-07,37.8,30.16,26.82,3.64,87.43,0.91,1.6,Kirtankhola_Barishal
2019-06-08,17.88,30.12,26.54,2.37,88.51,0.92,1.5,Kirtankhola_Barishal
2019-06-09,17.34,30.32,27.2,2.43,90.3,0.93,0.94,Kirtankhola_Barishal
2019-06-10,3.73,31.61,26.69,1.94,87.53,0.93,2.26,Kirtankhola_Barishal
2019-06-11,0.04,31.56,26.54,2.39,87.91,0.92,2.61,Kirtankhola_Barishal
2019-06-12,0.1,31.93,26.73,1.63,88.49,0.91,2.37,Kirtankhola_Barishal
2019-06-13,1.06,30.85,28.03,1.95,90.53,0.9,0.84,Kirtankhola_Barishal
2019-06-14,5.82,31.26,27.72,3.22,90.37,0.9,1.52,Kirtankhola_Barishal
2019-06-15,17.98,30.82,28.12,3.65,93.07,0.91,0.76,Kirtankhola_Barishal
2019-06-16,11.72,30.4,27.97,3.7,91.43,0.93,0.94,Kirtankhola_Barishal
2019-06-17,12.65,30.46,28.21,3.59,92.18,0.93,0.7,Kirtankhola_Barishal
2019-06-18,8.48,31.03,27.57,1.38,87.17,0.94,1.2,Kirtankhola_Barishal
2019-06-19,2.53,30.68,27.14,2.01,89.93,0.94,0.99,Kirtankhola_Barishal
2019-06-20,3.93,30.01,26.49,2.6,83.34,0.93,1.48,Kirtankhola_Barishal
2019-06-21,7.28,31.45,27.58,3.86,86.48,0.93,2.51,Kirtankhola_Barishal
2019-06-22,21.36,31.41,27.5,4.39,87.47,0.94,1.99,Kirtankhola_Barishal
2019-06-23,6.51,32.07,27.19,2.24,84.3,0.94,2.7,Kirtankhola_Barishal
2019-06-24,0.91,32.5,27.42,2.06,84.76,0.93,2.52,Kirtankhola_Barishal
2019-06-25,4.81,31.92,27.71,2.69,87.15,0.93,1.82,Kirtankhola_Barishal
2019-06-26,3.95,31.38,28.08,3.93,88.06,0.92,1.64,Kirtankhola_Barishal
2019-06-27,5.65,32.43,27.76,4.33,84.84,0.91,2.82,Kirtankhola_Barishal
2019-06-28,13.58,31.88,27.74,3.17,87.41,0.92,1.64,Kirtankhola_Barishal
2019-06-29,36.97,30.65,28.01,3.17,90.04,0.95,1.02,Kirtankhola_Barishal
2019-06-30,31.03,31.41,27.8,3.59,88.74,0.96,1.43,Kirtankhola_Barishal
2019-07-01,18.61,31.0,27.33,4.42,87.85,0.96,1.53,Kirtankhola_Barishal
2019-07-02,25.82,30.55,28.1,5.43,90.28,0.97,1.4,Kirtankhola_Barishal
2019-07-03,10.18,31.49,27.25,3.49,86.85,0.96,1.96,Kirtankhola_Barishal
2019-07-04,25.03,31.63,27.2,2.95,88.56,0.97,1.5,Kirtankhola_Barishal
2019-07-05,48.97,30.87,27.33,3.45,89.86,0.98,1.07,Kirtankhola_Barishal
2019-07-06,46.64,30.0,27.22,5.88,90.52,0.98,1.04,Kirtankhola_Barishal
2019-07-07,115.83,30.79,27.17,5.14,91.14,0.99,0.63,Kirtankhola_Barishal
2019-07-08,175.62,30.12,27.44,4.76,92.53,1.0,0.24,Kirtankhola_Barishal
2019-07-09,163.61,29.57,27.51,5.18,92.74,1.0,0.17,Kirtankhola_Barishal
2019-07-10,166.26,29.24,27.4,4.75,94.01,1.0,0.08,Kirtankhola_Barishal
2019-07-11,168.99,28.69,27.17,4.55,94.43,1.0,0.05,Kirtankhola_Barishal
2019-07-12,43.34,28.87,27.0,4.16,94.45,1.0,0.08,Kirtankhola_Barishal
2019-07-13,79.35,29.19,27.01,4.23,94.38,1.0,0.08,Kirtankhola_Barishal
2019-07-14,39.04,29.15,26.91,4.12,94.06,1.0,0.1,Kirtankhola_Barishal
2019-07-15,24.7,30.32,27.18,3.6,92.61,1.0,0.34,Kirtankhola_Barishal
2019-07-16,5.83,30.17,27.34,2.63,92.29,1.0,0.41,Kirtankhola_Barishal
2019-07-17,1.3,30.91,26.94,1.49,89.35,1.0,0.83,Kirtankhola_Barishal
2019-07-18,12.01,29.72,26.97,1.74,88.45,0.99,0.65,Kirtankhola_Barishal
2019-07-19,35.32,30.35,26.78,2.57,90.46,1.0,0.63,Kirtankhola_Barishal
2019-07-20,3.22,31.28,26.54,2.39,87.67,0.99,1.27,Kirtankhola_Barishal
2019-07-21,2.82,31.02,26.78,2.37,89.4,0.99,1.01,Kirtankhola_Barishal
2019-07-22,19.07,30.44,26.89,2.85,88.35,0.99,0.93,Kirtankhola_Barishal
2019-07-23,13.49,29.31,26.53,2.37,88.76,0.99,0.6,Kirtankhola_Barishal
2019-07-24,17.37,29.88,27.03,3.24,91.76,0.99,0.59,Kirtankhola_Barishal
2019-07-25,29.01,31.2,26.56,2.36,89.18,0.99,1.3,Kirtankhola_Barishal
2019-07-26,106.22,29.2,27.0,4.3,91.9,1.0,0.31,Kirtankhola_Barishal
2019-07-27,49.09,30.03,27.1,4.31,91.51,1.0,0.37,Kirtankhola_Barishal
2019-07-28,17.48,30.0,26.82,5.37,89.78,1.0,0.84,Kirtankhola_Barishal
2019-07-29,22.31,29.43,27.05,5.27,89.84,1.0,0.79,Kirtankhola_Barishal
2019-07-30,33.92,29.08,26.27,3.81,91.08,1.0,0.3,Kirtankhola_Barishal
2019-07-31,40.89,29.97,26.68,3.4,90.33,1.0,0.5,Kirtankhola_Barishal
2019-08-01,21.02,30.43,26.23,3.03,89.71,1.0,0.86,Kirtankhola_Barishal
2019-08-02,6.48,29.57,26.42,2.92,89.97,1.0,0.82,Kirtankhola_Barishal
2019-08-03,18.11,30.84,26.41,2.73,88.98,1.0,1.32,Kirtankhola_Barishal
2019-08-04,10.98,31.6,26.47,1.61,87.21,1.0,1.83,Kirtankhola_Barishal
2019-08-05,11.71,32.12,27.46,1.82,90.33,0.99,1.36,Kirtankhola_Barishal
2019-08-06,10.64,30.53,27.78,4.56,92.07,0.99,0.94,Kirtankhola_Barishal
2019-08-07,77.33,29.68,27.17,6.44,90.67,1.0,0.66,Kirtankhola_Barishal
2019-08-08,63.11,29.72,27.04,5.32,90.24,1.0,0.68,Kirtankhola_Barishal
2019-08-09,52.16,31.02,26.74,2.85,89.6,1.0,0.75,Kirtankhola_Barishal
2019-08-10,21.91,31.89,26.62,1.57,86.66,1.0,1.75,Kirtankhola_Barishal
2019-08-11,24.78,31.99,27.13,1.06,85.87,1.0,1.38,Kirtankhola_Barishal
2019-08-12,84.59,29.39,27.24,3.83,92.03,1.0,0.27,Kirtankhola_Barishal
2019-08-13,116.39,29.4,27.27,5.91,90.98,1.0,0.42,Kirtankhola_Barishal
2019-08-14,90.32,29.25,27.14,4.24,93.3,1.0,0.17,Kirtankhola_Barishal
2019-08-15,54.02,29.9,26.86,3.09,92.75,1.0,0.27,Kirtankhola_Barishal
2019-08-16,16.14,30.25,26.92,2.6,92.17,1.0,0.38,Kirtankhola_Barishal
2019-08-17,140.16,29.92,26.8,3.03,91.4,1.0,0.44,Kirtankhola_Barishal
2019-08-18,26.07,29.2,26.65,4.79,88.81,1.0,0.81,Kirtankhola_Barishal
2019-08-19,4.68,31.05,26.28,2.32,86.99,1.0,1.67,Kirtankhola_Barishal
2019-08-20,13.05,31.5,26.41,1.73,86.0,0.99,1.77,Kirtankhola_Barishal
2019-08-21,10.0,31.22,26.65,1.47,86.06,0.99,1.6,Kirtankhola_Barishal
2019-08-22,25.6,30.99,26.72,1.7,84.81,1.0,1.37,Kirtankhola_Barishal
2019-08-23,7.44,30.24,26.52,3.37,88.32,0.99,1.9,Kirtankhola_Barishal
2019-08-24,25.24,29.16,26.57,3.61,91.75,1.0,0.58,Kirtankhola_Barishal
2019-08-25,17.57,30.06,26.3,3.96,89.17,1.0,1.34,Kirtankhola_Barishal
2019-08-26,12.36,29.4,26.7,2.89,91.97,1.0,0.46,Kirtankhola_Barishal
2019-08-27,5.91,30.96,26.57,2.51,86.71,0.99,1.92,Kirtankhola_Barishal
2019-08-28,4.93,29.75,26.62,2.38,89.5,0.99,1.08,Kirtankhola_Barishal
2019-08-29,1.0,30.96,26.91,2.64,87.54,0.98,2.37,Kirtankhola_Barishal
2019-08-30,0.81,31.35,26.89,1.28,82.52,0.98,2.66,Kirtankhola_Barishal
2019-08-31,11.24,31.42,27.09,1.17,84.07,0.97,1.68,Kirtankhola_Barishal
2019-09-01,31.57,31.88,27.14,2.01,87.68,0.98,1.57,Kirtankhola_Barishal
2019-09-02,4.53,31.21,26.86,3.07,86.62,0.99,2.72,Kirtankhola_Barishal
2019-09-03,14.8,30.67,27.6,4.28,89.47,0.98,2.01,Kirtankhola_Barishal
2019-09-04,12.48,30.68,27.45,3.83,90.4,0.98,1.44,Kirtankhola_Barishal
2019-09-05,10.22,29.84,27.12,3.82,90.0,0.98,1.38,Kirtankhola_Barishal
2019-09-06,15.95,30.48,27.1,4.13,88.87,0.98,2.33,Kirtankhola_Barishal
2019-09-07,34.78,30.18,27.42,4.41,90.48,0.99,1.77,Kirtankhola_Barishal
2019-09-08,50.36,30.87,26.91,3.92,89.41,1.0,1.77,Kirtankhola_Barishal
2019-09-09,41.26,30.92,26.96,3.7,91.11,1.0,1.26,Kirtankhola_Barishal
2019-09-10,50.3,30.24,27.62,3.17,92.89,1.0,0.55,Kirtankhola_Barishal
2019-09-11,78.28,29.88,27.3,3.47,93.13,1.0,0.55,Kirtankhola_Barishal
2019-09-12,75.6,29.55,27.07,4.75,92.22,1.0,0.64,Kirtankhola_Barishal
2019-09-13,49.86,28.98,26.82,3.72,92.21,1.0,0.43,Kirtankhola_Barishal
2019-09-14,12.96,30.03,26.36,2.44,88.25,1.0,1.04,Kirtankhola_Barishal
2019-09-15,1.67,30.89,26.27,2.21,88.62,1.0,1.91,Kirtankhola_Barishal
2019-09-16,3.48,29.79,26.62,1.89,88.98,0.99,1.14,Kirtankhola_Barishal
2019-09-17,2.26,31.81,26.51,1.38,83.6,0.99,3.59,Kirtankhola_Barishal
2019-09-18,11.09,32.03,26.29,1.45,82.39,0.99,4.08,Kirtankhola_Barishal
2019-09-19,1.52,32.08,26.27,1.06,81.4,0.98,3.96,Kirtankhola_Barishal
2019-09-20,6.6,30.55,26.53,1.33,86.78,0.98,1.43,Kirtankhola_Barishal
2019-09-21,13.44,31.27,26.58,1.1,83.79,0.98,2.31,Kirtankhola_Barishal
2019-09-22,8.65,31.65,27.06,1.32,82.42,0.99,3.01,Kirtankhola_Barishal
2019-09-23,17.93,29.08,26.46,2.11,90.72,0.98,0.96,Kirtankhola_Barishal
2019-09-24,35.51,29.1,26.42,2.2,91.06,1.0,0.59,Kirtankhola_Barishal
2019-09-25,15.4,28.47,26.02,1.8,87.33,1.0,0.74,Kirtankhola_Barishal
2019-09-26,18.23,30.07,25.81,1.03,80.65,1.0,1.1,Kirtankhola_Barishal
2019-09-27,4.49,30.19,25.25,1.32,84.02,0.99,3.06,Kirtankhola_Barishal
2019-09-28,6.4,29.31,25.39,0.81,82.51,0.99,1.52,Kirtankhola_Barishal
2019-09-29,21.98,28.8,25.35,0.9,84.3,1.0,1.45,Kirtankhola_Barishal
2019-09-30,27.41,29.38,24.77,1.89,86.9,1.0,2.04,Kirtankhola_Barishal
2019-10-01,45.87,27.77,25.32,2.09,90.19,1.0,0.81,Kirtankhola_Barishal
2019-10-02,28.02,30.36,25.15,1.42,86.45,1.0,2.65,Kirtankhola_Barishal
2019-10-03,20.43,30.14,25.76,1.8,88.84,1.0,2.04,Kirtankhola_Barishal
2019-10-04,2.71,30.37,25.08,1.21,86.09,0.99,3.7,Kirtankhola_Barishal
2019-10-05,8.26,29.65,25.54,1.15,86.45,0.99,2.11,Kirtankhola_Barishal
2019-10-06,9.16,30.25,25.73,1.17,85.88,0.99,2.15,Kirtankhola_Barishal
2019-10-07,10.62,28.55,25.28,1.4,87.85,0.99,1.66,Kirtankhola_Barishal
2019-10-08,17.12,29.27,25.4,1.44,84.23,0.99,2.55,Kirtankhola_Barishal
2019-10-09,45.55,28.21,24.96,1.16,86.47,1.0,0.59,Kirtankhola_Barishal
2019-10-10,65.18,27.77,24.83,2.34,89.95,1.0,1.06,Kirtankhola_Barishal
2019-10-11,38.78,29.96,24.9,1.04,83.41,1.0,4.08,Kirtankhola_Barishal
2019-10-12,7.5,29.67,25.13,1.02,79.66,1.0,3.54,Kirtankhola_Barishal
2019-10-13,0.0,29.54,23.59,1.81,81.91,0.99,3.42,Kirtankhola_Barishal
2019-10-14,0.03,29.72,23.62,1.93,82.58,0.99,3.89,Kirtankhola_Barishal
2019-10-15,0.46,30.56,23.61,1.24,81.44,0.98,5.92,Kirtankhola_Barishal
2019-10-16,7.5,30.93,25.26,0.83,78.79,0.98,6.15,Kirtankhola_Barishal
2019-10-17,5.04,31.33,24.4,1.23,82.18,0.98,5.51,Kirtankhola_Barishal
2019-10-18,4.59,30.92,24.79,1.63,82.49,0.97,4.5,Kirtankhola_Barishal
2019-10-19,0.18,30.34,24.52,1.79,83.83,0.96,4.01,Kirtankhola_Barishal
2019-10-20,0.05,30.62,24.36,2.06,85.25,0.96,4.8,Kirtankhola_Barishal
2019-10-21,2.31,30.14,23.94,1.79,84.4,0.95,4.21,Kirtankhola_Barishal
2019-10-22,1.54,29.91,24.06,1.45,84.0,0.95,3.87,Kirtankhola_Barishal
2019-10-23,20.58,29.71,25.1,1.48,85.52,0.94,3.68,Kirtankhola_Barishal
2019-10-24,4.63,25.98,23.04,3.41,88.98,0.95,1.88,Kirtankhola_Barishal
2019-10-25,24.42,29.56,23.07,2.59,88.3,0.95,2.98,Kirtankhola_Barishal
2019-10-26,51.96,28.72,25.19,2.51,90.74,0.99,1.16,Kirtankhola_Barishal
2019-10-27,11.73,28.52,24.72,1.2,87.61,0.99,1.84,Kirtankhola_Barishal
2019-10-28,2.43,27.49,22.89,2.63,88.83,0.99,2.33,Kirtankhola_Barishal
2019-10-29,0.0,27.79,21.41,1.8,84.99,0.98,3.66,Kirtankhola_Barishal
2019-10-30,0.0,28.31,21.11,1.57,83.3,0.98,4.13,Kirtankhola_Barishal
2019-10-31,0.0,28.73,21.3,1.71,81.52,0.97,4.31,Kirtankhola_Barishal
2019-11-01,0.0,28.5,22.36,1.97,81.68,0.96,4.3,Kirtankhola_Barishal
2019-11-02,0.0,29.32,22.42,1.94,85.37,0.96,4.42,Kirtankhola_Barishal
2019-11-03,0.0,29.44,22.09,1.46,82.87,0.95,4.74,Kirtankhola_Barishal
2019-11-04,0.0,29.13,22.74,1.5,84.32,0.94,4.61,Kirtankhola_Barishal
2019-11-05,0.0,29.16,22.35,1.31,80.0,0.93,5.12,Kirtankhola_Barishal
2019-11-06,0.0,28.85,21.75,1.71,82.71,0.93,4.22,Kirtankhola_Barishal
2019-11-07,1.14,29.44,21.42,1.62,77.06,0.92,2.51,Kirtankhola_Barishal
2019-11-08,42.68,26.85,22.75,2.32,89.02,0.93,0.73,Kirtankhola_Barishal
2019-11-09,94.61,26.65,24.01,5.21,94.07,0.97,0.29,Kirtankhola_Barishal
2019-11-10,176.38,27.13,24.99,4.38,94.02,1.0,0.32,Kirtankhola_Barishal
2019-11-11,17.48,26.97,22.84,2.76,91.08,1.0,1.07,Kirtankhola_Barishal
2019-11-12,4.41,27.38,21.19,1.9,86.36,1.0,2.1,Kirtankhola_Barishal
2019-11-13,0.0,27.16,20.34,1.92,85.5,0.99,2.4,Kirtankhola_Barishal
2019-11-14,0.01,27.82,19.88,1.74,85.12,0.99,3.19,Kirtankhola_Barishal
2019-11-15,0.01,27.78,19.6,1.78,84.21,0.99,3.08,Kirtankhola_Barishal
2019-11-16,0.04,27.63,20.01,1.63,84.34,0.98,3.28,Kirtankhola_Barishal
2019-11-17,0.01,27.05,19.49,1.49,82.44,0.98,3.12,Kirtankhola_Barishal
2019-11-18,0.0,26.99,19.76,1.43,80.69,0.97,3.1,Kirtankhola_Barishal
2019-11-19,0.0,27.06,19.33,1.33,77.27,0.97,3.08,Kirtankhola_Barishal
2019-11-20,0.0,26.25,18.89,1.79,82.97,0.96,2.82,Kirtankhola_Barishal
2019-11-21,0.0,26.3,17.55,1.57,77.34,0.96,2.95,Kirtankhola_Barishal
2019-11-22,0.0,26.24,18.6,1.2,77.44,0.95,3.38,Kirtankhola_Barishal
2019-11-23,0.0,26.43,19.25,1.23,80.45,0.94,2.95,Kirtankhola_Barishal
2019-11-24,0.0,26.06,18.9,1.35,80.03,0.94,2.77,Kirtankhola_Barishal
2019-11-25,0.0,26.55,18.97,1.41,80.78,0.93,3.18,Kirtankhola_Barishal
2019-11-26,0.0,27.24,19.98,1.19,78.08,0.93,3.5,Kirtankhola_Barishal
2019-11-27,0.0,27.13,19.91,1.15,78.59,0.92,3.48,Kirtankhola_Barishal
2019-11-28,0.0,27.68,19.32,1.25,80.81,0.92,3.53,Kirtankhola_Barishal
2019-11-29,0.0,27.5,19.13,1.09,83.46,0.91,3.63,Kirtankhola_Barishal
2019-11-30,0.0,26.89,19.38,1.46,83.07,0.9,3.15,Kirtankhola_Barishal
2019-12-01,0.0,25.79,18.39,2.11,85.48,0.9,2.26,Kirtankhola_Barishal
2019-12-02,0.0,25.02,17.42,2.24,84.04,0.89,2.32,Kirtankhola_Barishal
2019-12-03,0.0,24.27,15.91,1.86,78.95,0.89,2.64,Kirtankhola_Barishal
2019-12-04,0.0,24.76,15.74,2.32,85.25,0.88,2.5,Kirtankhola_Barishal
2019-12-05,0.0,26.79,15.61,1.15,74.93,0.88,3.44,Kirtankhola_Barishal
2019-12-06,0.0,27.11,19.55,0.81,68.48,0.87,3.8,Kirtankhola_Barishal
2019-12-07,0.0,26.04,17.46,1.42,75.98,0.87,3.04,Kirtankhola_Barishal
2019-12-08,0.0,26.11,18.59,1.0,70.49,0.86,3.11,Kirtankhola_Barishal
2019-12-09,0.0,25.49,19.39,0.84,74.93,0.86,2.61,Kirtankhola_Barishal
2019-12-10,0.0,24.62,17.58,1.48,78.6,0.85,2.61,Kirtankhola_Barishal
2019-12-11,0.0,24.33,16.31,1.39,76.66,0.85,2.4,Kirtankhola_Barishal
2019-12-12,0.0,24.32,17.15,1.81,74.32,0.84,2.38,Kirtankhola_Barishal
2019-12-13,0.0,24.58,16.74,1.39,74.57,0.84,2.4,Kirtankhola_Barishal
2019-12-14,0.0,25.21,16.15,1.34,76.28,0.84,2.39,Kirtankhola_Barishal
2019-12-15,0.0,24.69,16.58,1.81,82.18,0.83,2.2,Kirtankhola_Barishal
2019-12-16,0.0,24.59,16.49,2.04,86.44,0.83,2.18,Kirtankhola_Barishal
2019-12-17,0.0,24.14,15.44,2.22,86.25,0.82,2.25,Kirtankhola_Barishal
2019-12-18,0.0,22.0,14.64,3.07,86.87,0.82,1.9,Kirtankhola_Barishal
2019-12-19,0.0,20.07,12.14,2.63,87.25,0.81,1.56,Kirtankhola_Barishal
2019-12-20,0.0,20.28,11.7,1.93,81.29,0.81,1.61,Kirtankhola_Barishal
2019-12-21,0.0,20.94,12.42,1.91,81.8,0.81,1.45,Kirtankhola_Barishal
2019-12-22,0.03,20.59,12.09,2.43,86.17,0.8,1.54,Kirtankhola_Barishal
2019-12-23,0.07,21.61,12.69,2.66,87.02,0.8,1.48,Kirtankhola_Barishal
2019-12-24,0.34,22.02,12.71,2.63,84.7,0.79,1.84,Kirtankhola_Barishal
2019-12-25,0.03,21.28,11.53,2.24,84.39,0.79,1.51,Kirtankhola_Barishal
2019-12-26,0.25,22.67,13.49,2.3,84.43,0.79,1.95,Kirtankhola_Barishal
2019-12-27,32.12,18.96,13.52,2.5,90.55,0.81,0.35,Kirtankhola_Barishal
2019-12-28,0.23,19.88,10.99,2.9,86.43,0.83,1.29,Kirtankhola_Barishal
2019-12-29,0.07,21.84,10.96,2.43,85.53,0.82,1.55,Kirtankhola_Barishal
2019-12-30,0.04,22.29,12.02,1.55,84.17,0.82,1.38,Kirtankhola_Barishal
2019-12-31,0.03,23.43,11.95,1.63,83.15,0.81,1.92,Kirtankhola_Barishal
2020-01-01,0.06,25.17,14.66,1.43,75.07,0.81,2.19,Kirtankhola_Barishal
2020-01-02,0.06,24.18,14.61,1.56,81.72,0.8,1.33,Kirtankhola_Barishal
2020-01-03,73.44,22.01,16.65,2.17,89.1,0.84,0.53,Kirtankhola_Barishal
2020-01-04,31.82,21.49,16.22,0.73,81.33,0.89,0.84,Kirtankhola_Barishal
2020-01-05,4.72,22.2,15.58,1.97,89.07,0.9,1.08,Kirtankhola_Barishal
2020-01-06,0.28,20.16,12.93,2.76,84.49,0.89,1.26,Kirtankhola_Barishal
2020-01-07,0.03,20.78,10.78,2.15,82.08,0.89,1.3,Kirtankhola_Barishal
2020-01-08,0.0,21.19,11.46,2.28,82.89,0.88,1.32,Kirtankhola_Barishal
2020-01-09,0.34,21.6,12.66,1.79,83.2,0.88,1.22,Kirtankhola_Barishal
2020-01-10,0.51,21.79,14.63,2.63,87.47,0.87,1.24,Kirtankhola_Barishal
2020-01-11,0.7,19.88,11.52,2.97,88.68,0.87,1.11,Kirtankhola_Barishal
2020-01-12,0.0,20.52,11.63,2.97,86.57,0.86,1.06,Kirtankhola_Barishal
2020-01-13,0.0,20.67,11.1,1.92,81.25,0.86,1.14,Kirtankhola_Barishal
2020-01-14,0.0,21.17,11.06,1.45,80.51,0.86,1.27,Kirtankhola_Barishal
2020-01-15,0.0,22.28,12.67,1.77,85.56,0.85,1.33,Kirtankhola_Barishal
2020-01-16,0.0,23.98,13.17,1.8,83.28,0.85,1.59,Kirtankhola_Barishal
2020-01-17,0.0,25.51,14.02,1.43,78.23,0.84,1.93,Kirtankhola_Barishal
2020-01-18,0.0,25.93,15.81,0.92,69.29,0.84,2.1,Kirtankhola_Barishal
2020-01-19,0.0,25.09,15.78,1.37,73.88,0.83,1.82,Kirtankhola_Barishal
2020-01-20,0.0,21.77,14.39,2.61,86.75,0.83,1.2,Kirtankhola_Barishal
2020-01-21,0.0,20.94,12.06,2.56,77.37,0.83,1.54,Kirtankhola_Barishal
2020-01-22,0.0,21.41,10.95,2.45,77.39,0.82,1.5,Kirtankhola_Barishal
2020-01-23,0.0,22.86,13.25,1.3,75.99,0.82,1.56,Kirtankhola_Barishal
2020-01-24,0.0,21.95,13.75,1.74,76.41,0.81,1.65,Kirtankhola_Barishal
2020-01-25,0.0,21.26,11.26,1.99,70.87,0.8,1.6,Kirtankhola_Barishal
2020-01-26,0.0,21.32,12.55,1.64,69.96,0.8,1.47,Kirtankhola_Barishal
2020-01-27,0.0,21.13,12.47,1.71,73.05,0.8,1.43,Kirtankhola_Barishal
2020-01-28,0.0,22.57,12.96,1.31,73.22,0.79,1.71,Kirtankhola_Barishal
2020-01-29,0.29,22.81,16.05,1.07,75.91,0.79,1.32,Kirtankhola_Barishal
2020-01-30,0.13,21.85,15.29,1.03,85.56,0.78,0.76,Kirtankhola_Barishal
2020-01-31,0.01,22.9,15.0,1.52,84.59,0.78,1.59,Kirtankhola_Barishal
2020-02-01,0.0,22.87,13.29,1.61,77.99,0.78,2.02,Kirtankhola_Barishal
2020-02-02,0.0,22.14,13.51,1.86,72.63,0.77,1.76,Kirtankhola_Barishal
2020-02-03,0.0,21.12,11.32,2.44,72.35,0.77,1.97,Kirtankhola_Barishal
2020-02-04,0.0,21.53,10.53,2.44,71.17,0.76,1.93,Kirtankhola_Barishal
2020-02-05,0.0,22.23,12.11,1.83,70.88,0.76,1.88,Kirtankhola_Barishal
2020-02-06,0.04,23.25,14.04,1.9,70.85,0.75,2.15,Kirtankhola_Barishal
2020-02-07,0.04,23.62,13.38,1.79,73.46,0.74,2.19,Kirtankhola_Barishal
2020-02-08,0.17,22.17,14.53,2.48,73.39,0.74,1.44,Kirtankhola_Barishal
2020-02-09,0.07,21.81,15.29,2.86,76.36,0.73,1.28,Kirtankhola_Barishal
2020-02-10,0.35,22.7,11.82,2.44,69.03,0.73,2.29,Kirtankhola_Barishal
2020-02-11,0.0,22.61,12.24,1.93,67.87,0.72,1.97,Kirtankhola_Barishal
2020-02-12,0.0,23.11,11.73,2.33,70.66,0.72,2.28,Kirtankhola_Barishal
2020-02-13,0.0,23.57,12.04,1.39,60.71,0.71,2.31,Kirtankhola_Barishal
2020-02-14,0.0,24.51,15.53,1.1,67.8,0.71,2.31,Kirtankhola_Barishal
2020-02-15,0.0,25.88,16.01,1.75,81.72,0.7,2.72,Kirtankhola_Barishal
2020-02-16,0.0,25.79,16.46,0.81,73.02,0.7,2.65,Kirtankhola_Barishal
2020-02-17,0.0,26.03,17.07,0.76,66.46,0.69,3.01,Kirtankhola_Barishal
2020-02-18,0.0,26.29,16.26,0.9,66.98,0.69,2.87,Kirtankhola_Barishal
2020-02-19,0.0,26.64,17.95,0.55,63.61,0.68,3.2,Kirtankhola_Barishal
2020-02-20,0.0,26.99,16.96,0.9,68.6,0.67,3.14,Kirtankhola_Barishal
2020-02-21,0.0,26.91,16.37,1.29,62.89,0.67,2.99,Kirtankhola_Barishal
2020-02-22,0.0,28.12,17.3,0.89,56.54,0.66,3.28,Kirtankhola_Barishal
2020-02-23,0.0,28.36,18.29,1.08,62.5,0.66,3.77,Kirtankhola_Barishal
2020-02-24,0.0,27.76,18.26,1.34,78.43,0.65,3.18,Kirtankhola_Barishal
2020-02-25,0.58,26.43,18.37,1.74,82.7,0.65,2.32,Kirtankhola_Barishal
2020-02-26,4.78,25.52,17.41,1.44,79.63,0.65,2.22,Kirtankhola_Barishal
2020-02-27,0.56,25.54,18.46,1.08,73.67,0.65,3.4,Kirtankhola_Barishal
2020-02-28,0.03,25.94,16.51,1.35,67.59,0.64,3.78,Kirtankhola_Barishal
2020-02-29,0.0,26.99,16.54,1.15,63.75,0.63,4.1,Kirtankhola_Barishal
2020-03-01,0.0,27.71,17.7,1.09,68.13,0.63,4.11,Kirtankhola_Barishal
2020-03-02,0.13,28.67,18.99,1.02,71.29,0.62,4.1,Kirtankhola_Barishal
2020-03-03,7.45,28.39,18.75,1.52,77.26,0.62,3.15,Kirtankhola_Barishal
2020-03-04,8.51,28.12,19.51,1.29,79.3,0.63,3.3,Kirtankhola_Barishal
2020-03-05,2.39,27.52,20.19,1.19,78.85,0.63,3.14,Kirtankhola_Barishal
2020-03-06,0.8,27.99,18.89,1.46,76.84,0.63,3.84,Kirtankhola_Barishal
2020-03-07,2.31,27.34,19.41,1.36,79.9,0.62,3.15,Kirtankhola_Barishal
2020-03-08,2.42,28.2,18.67,1.49,80.12,0.62,3.79,Kirtankhola_Barishal
2020-03-09,0.0,27.58,18.75,1.86,68.72,0.61,4.72,Kirtankhola_Barishal
2020-03-10,0.0,27.85,18.53,1.69,60.59,0.6,4.84,Kirtankhola_Barishal
2020-03-11,0.0,28.59,18.18,1.17,64.61,0.6,4.81,Kirtankhola_Barishal
2020-03-12,0.0,30.45,21.78,1.11,67.81,0.59,4.98,Kirtankhola_Barishal
2020-03-13,0.0,30.71,22.31,1.42,68.39,0.58,5.18,Kirtankhola_Barishal
2020-03-14,0.0,30.21,19.86,2.67,72.07,0.58,5.13,Kirtankhola_Barishal
2020-03-15,0.0,30.14,19.17,3.13,71.19,0.57,4.97,Kirtankhola_Barishal
2020-03-16,0.0,29.68,18.51,1.97,72.4,0.56,4.3,Kirtankhola_Barishal
2020-03-17,0.0,29.65,20.5,1.24,65.92,0.55,4.24,Kirtankhola_Barishal
2020-03-18,0.0,30.31,20.99,0.88,63.42,0.55,4.56,Kirtankhola_Barishal
2020-03-19,0.0,30.59,20.78,1.0,60.86,0.54,4.66,Kirtankhola_Barishal
2020-03-20,0.02,30.42,19.84,1.48,64.19,0.54,4.52,Kirtankhola_Barishal
2020-03-21,0.04,31.7,20.54,1.48,59.76,0.53,5.05,Kirtankhola_Barishal
2020-03-22,2.89,29.04,21.13,1.26,70.41,0.52,3.25,Kirtankhola_Barishal
2020-03-23,0.2,29.92,19.81,1.46,67.04,0.52,4.17,Kirtankhola_Barishal
2020-03-24,3.41,30.27,20.37,1.41,71.16,0.52,3.72,Kirtankhola_Barishal
2020-03-25,2.19,31.66,21.65,1.34,69.57,0.52,4.15,Kirtankhola_Barishal
2020-03-26,7.5,32.03,22.01,1.28,72.11,0.52,4.42,Kirtankhola_Barishal
2020-03-27,0.01,33.83,22.24,1.81,70.09,0.52,4.82,Kirtankhola_Barishal
2020-03-28,0.0,34.73,21.9,1.81,69.71,0.51,4.36,Kirtankhola_Barishal
2020-03-29,0.0,34.74,23.47,1.77,63.58,0.5,4.16,Kirtankhola_Barishal
2020-03-30,0.0,34.3,21.64,1.85,56.4,0.5,3.8,Kirtankhola_Barishal
2020-03-31,0.0,34.42,21.95,1.42,59.52,0.49,3.33,Kirtankhola_Barishal
2020-04-01,0.0,35.03,23.18,1.54,50.67,0.48,3.13,Kirtankhola_Barishal
2020-04-02,0.78,34.86,23.75,2.64,71.96,0.48,2.57,Kirtankhola_Barishal
2020-04-03,7.48,34.54,24.99,2.55,73.39,0.48,2.4,Kirtankhola_Barishal
2020-04-04,11.42,34.53,24.58,1.65,71.01,0.49,2.93,Kirtankhola_Barishal
2020-04-05,12.08,33.22,24.63,1.72,71.73,0.52,3.89,Kirtankhola_Barishal
2020-04-06,4.39,33.19,24.27,2.11,72.79,0.52,4.34,Kirtankhola_Barishal
2020-04-07,2.32,34.35,23.5,2.97,70.92,0.51,4.58,Kirtankhola_Barishal
2020-04-08,0.07,33.31,24.75,2.81,73.71,0.5,3.23,Kirtankhola_Barishal
2020-04-09,0.07,33.28,24.39,1.64,71.87,0.5,2.63,Kirtankhola_Barishal
2020-04-10,0.02,34.48,24.18,1.81,67.43,0.49,3.7,Kirtankhola_Barishal
2020-04-11,0.05,34.38,23.93,2.06,68.0,0.48,3.07,Kirtankhola_Barishal
2020-04-12,0.07,34.65,24.65,1.38,61.19,0.48,2.94,Kirtankhola_Barishal
2020-04-13,0.06,34.22,23.59,1.93,66.17,0.47,2.36,Kirtankhola_Barishal
2020-04-14,0.02,35.14,24.59,1.88,68.64,0.47,2.25,Kirtankhola_Barishal
2020-04-15,0.13,35.37,25.07,2.09,67.71,0.46,1.93,Kirtankhola_Barishal
2020-04-16,1.59,34.16,25.4,2.01,66.27,0.46,1.66,Kirtankhola_Barishal
2020-04-17,3.12,34.61,25.46,4.01,71.77,0.46,1.62,Kirtankhola_Barishal
2020-04-18,24.84,31.8,25.69,3.62,78.63,0.47,1.0,Kirtankhola_Barishal
2020-04-19,22.48,32.42,24.96,2.57,80.69,0.53,4.75,Kirtankhola_Barishal
2020-04-20,31.98,30.16,25.0,2.28,85.43,0.58,3.34,Kirtankhola_Barishal
2020-04-21,13.74,31.98,25.53,1.15,73.15,0.6,4.93,Kirtankhola_Barishal
2020-04-22,1.54,30.91,23.97,1.95,77.91,0.59,5.65,Kirtankhola_Barishal
2020-04-23,10.69,30.67,24.24,1.51,78.05,0.59,4.82,Kirtankhola_Barishal
2020-04-24,25.51,30.58,23.66,2.05,81.67,0.6,5.08,Kirtankhola_Barishal
2020-04-25,48.48,29.96,24.2,2.0,85.66,0.67,3.44,Kirtankhola_Barishal
2020-04-26,35.78,29.7,24.57,1.45,83.61,0.72,3.07,Kirtankhola_Barishal
2020-04-27,19.93,29.11,24.09,1.53,82.53,0.75,3.8,Kirtankhola_Barishal
2020-04-28,15.41,29.23,24.13,1.68,81.66,0.75,3.39,Kirtankhola_Barishal
2020-04-29,23.03,29.64,23.71,2.14,84.06,0.76,3.49,Kirtankhola_Barishal
2020-04-30,15.09,30.27,24.42,1.61,82.48,0.78,4.67,Kirtankhola_Barishal
2020-05-01,19.85,29.83,24.13,1.62,84.62,0.8,3.82,Kirtankhola_Barishal
2020-05-02,16.11,29.91,24.75,2.0,85.39,0.81,3.63,Kirtankhola_Barishal
2020-05-03,25.54,30.1,24.21,1.7,84.9,0.82,3.69,Kirtankhola_Barishal
2020-05-04,12.82,31.54,24.78,1.14,80.65,0.83,4.99,Kirtankhola_Barishal
2020-05-05,47.84,31.8,25.8,1.88,84.53,0.88,3.79,Kirtankhola_Barishal
2020-05-06,19.79,30.81,25.99,1.35,83.07,0.89,2.98,Kirtankhola_Barishal
2020-05-07,3.72,31.69,24.53,0.92,76.51,0.89,5.09,Kirtankhola_Barishal
2020-05-08,3.56,32.21,24.83,1.21,74.78,0.88,5.43,Kirtankhola_Barishal
2020-05-09,9.2,32.58,25.17,1.01,77.03,0.88,5.5,Kirtankhola_Barishal
2020-05-10,3.26,33.03,25.75,0.68,73.19,0.88,5.23,Kirtankhola_Barishal
2020-05-11,0.47,32.24,26.32,1.17,75.47,0.87,3.94,Kirtankhola_Barishal
2020-05-12,0.33,31.56,25.85,1.62,81.79,0.86,3.26,Kirtankhola_Barishal
2020-05-13,0.05,32.16,25.84,2.09,80.77,0.85,4.77,Kirtankhola_Barishal
2020-05-14,2.32,32.26,25.77,2.19,82.1,0.85,4.88,Kirtankhola_Barishal
2020-05-15,3.39,32.47,26.04,2.26,83.32,0.84,4.82,Kirtankhola_Barishal
2020-05-16,4.42,32.9,26.35,2.28,82.57,0.83,5.16,Kirtankhola_Barishal
2020-05-17,1.81,33.16,26.2,1.92,81.25,0.83,5.25,Kirtankhola_Barishal
2020-05-18,0.0,32.55,26.73,1.92,80.34,0.82,5.38,Kirtankhola_Barishal
2020-05-19,6.42,30.35,26.84,2.15,81.27,0.81,2.56,Kirtankhola_Barishal
2020-05-20,52.46,30.62,27.29,9.55,84.54,0.85,2.99,Kirtankhola_Barishal
2020-05-21,26.74,30.52,26.99,6.77,84.12,0.87,3.3,Kirtankhola_Barishal
2020-05-22,25.22,32.42,26.61,3.01,84.71,0.9,3.54,Kirtankhola_Barishal
2020-05-23,9.6,32.16,26.37,2.98,87.42,0.9,3.91,Kirtankhola_Barishal
2020-05-24,4.42,31.86,26.75,4.25,87.09,0.89,3.87,Kirtankhola_Barishal
2020-05-25,2.6,31.25,27.4,5.57,85.45,0.87,3.87,Kirtankhola_Barishal
2020-05-26,61.35,30.51,27.08,5.52,87.09,0.87,2.54,Kirtankhola_Barishal
2020-05-27,74.96,30.79,27.2,4.86,87.92,0.91,1.99,Kirtankhola_Barishal
2020-05-28,48.66,30.79,26.59,2.79,86.96,0.97,2.02,Kirtankhola_Barishal
2020-05-29,14.61,30.87,25.73,2.06,85.0,0.98,2.19,Kirtankhola_Barishal
2020-05-30,19.06,31.04,26.04,2.64,87.8,0.98,2.03,Kirtankhola_Barishal
2020-05-31,25.07,31.56,26.29,1.7,86.66,0.98,2.07,Kirtankhola_Barishal
2020-06-01,8.55,29.48,26.5,2.64,89.42,0.98,0.98,Kirtankhola_Barishal
2020-06-02,18.44,30.04,26.25,2.67,91.0,0.98,0.67,Kirtankhola_Barishal
2020-06-03,20.44,29.85,26.34,2.96,90.61,0.98,0.91,Kirtankhola_Barishal
2020-06-04,28.52,30.62,26.24,2.85,89.74,0.99,1.11,Kirtankhola_Barishal
2020-06-05,7.58,29.6,26.28,2.6,90.46,0.99,0.67,Kirtankhola_Barishal
2020-06-06,17.9,30.08,27.38,2.41,93.16,0.99,0.38,Kirtankhola_Barishal
2020-06-07,15.44,30.35,26.73,1.93,90.65,0.99,0.61,Kirtankhola_Barishal
2020-06-08,13.77,30.96,26.16,1.91,85.99,0.99,1.44,Kirtankhola_Barishal
2020-06-09,9.32,31.54,27.13,1.57,85.48,0.99,1.99,Kirtankhola_Barishal
2020-06-10,9.65,30.39,27.04,1.9,89.61,0.99,0.99,Kirtankhola_Barishal
2020-06-11,48.07,30.25,27.44,3.58,91.49,0.99,0.6,Kirtankhola_Barishal
2020-06-12,26.43,30.1,26.97,3.74,91.37,0.99,0.51,Kirtankhola_Barishal
2020-06-13,27.56,29.67,27.87,3.45,93.73,1.0,0.19,Kirtankhola_Barishal
2020-06-14,16.19,30.18,27.63,2.97,91.35,1.0,0.47,Kirtankhola_Barishal
2020-06-15,20.43,29.94,27.51,2.62,93.15,1.0,0.3,Kirtankhola_Barishal
2020-06-16,43.53,30.54,26.98,3.45,89.72,1.0,0.77,Kirtankhola_Barishal
2020-06-17,126.49,29.13,27.27,5.05,93.87,1.0,0.15,Kirtankhola_Barishal
2020-06-18,44.96,28.81,26.85,4.67,93.87,1.0,0.14,Kirtankhola_Barishal
2020-06-19,30.78,30.82,26.91,3.42,91.42,1.0,0.62,Kirtankhola_Barishal
2020-06-20,19.11,30.27,26.91,3.19,91.94,1.0,0.54,Kirtankhola_Barishal
2020-06-21,11.5,29.9,26.88,4.19,90.26,1.0,1.05,Kirtankhola_Barishal
2020-06-22,11.99,30.22,26.98,4.19,90.18,1.0,1.13,Kirtankhola_Barishal
2020-06-23,11.5,31.01,27.09,3.4,89.25,0.99,1.54,Kirtankhola_Barishal
2020-06-24,5.49,31.3,26.9,2.74,88.75,0.99,1.61,Kirtankhola_Barishal
2020-06-25,4.73,31.15,27.02,3.31,89.15,0.98,1.39,Kirtankhola_Barishal
2020-06-26,5.02,31.13,27.27,3.62,89.84,0.98,1.25,Kirtankhola_Barishal
2020-06-27,30.2,30.44,27.45,3.42,89.86,0.98,0.89,Kirtankhola_Barishal
2020-06-28,11.95,30.39,26.75,3.07,87.56,0.99,0.78,Kirtankhola_Barishal
2020-06-29,22.74,31.44,26.71,2.7,86.33,0.99,1.46,Kirtankhola_Barishal
2020-06-30,14.62,30.64,26.56,3.05,88.44,0.99,1.31,Kirtankhola_Barishal
2020-07-01,7.52,30.66,26.86,2.55,88.6,0.99,0.99,Kirtankhola_Barishal
2020-07-02,6.08,30.32,27.25,2.28,90.75,0.99,0.59,Kirtankhola_Barishal
2020-07-03,7.49,30.8,27.42,2.17,90.55,0.98,0.75,Kirtankhola_Barishal
2020-07-04,20.18,29.73,27.27,3.92,92.8,0.98,0.42,Kirtankhola_Barishal
2020-07-05,35.18,29.94,27.31,4.16,91.89,1.0,0.54,Kirtankhola_Barishal
2020-07-06,24.77,30.3,27.51,4.42,90.42,1.0,0.71,Kirtankhola_Barishal
2020-07-07,41.73,30.8,27.77,3.96,90.68,1.0,0.88,Kirtankhola_Barishal
2020-07-08,22.04,31.09,27.19,3.17,90.25,0.99,1.01,Kirtankhola_Barishal
2020-07-09,20.99,30.25,27.13,4.1,91.87,1.0,0.57,Kirtankhola_Barishal
2020-07-10,25.9,30.32,27.85,4.53,92.05,1.0,0.51,Kirtankhola_Barishal
2020-07-11,45.15,29.57,27.63,4.3,93.95,1.0,0.21,Kirtankhola_Barishal
2020-07-12,49.66,29.89,27.29,2.98,93.55,1.0,0.17,Kirtankhola_Barishal
2020-07-13,26.75,30.31,26.78,3.14,90.85,1.0,0.45,Kirtankhola_Barishal
2020-07-14,11.11,29.45,26.39,3.42,91.15,1.0,0.52,Kirtankhola_Barishal
2020-07-15,13.31,30.71,26.52,3.32,89.6,1.0,0.96,Kirtankhola_Barishal
2020-07-16,4.93,30.98,26.49,2.84,87.85,0.99,1.23,Kirtankhola_Barishal
2020-07-17,8.73,30.4,26.98,2.89,89.5,0.99,0.86,Kirtankhola_Barishal
2020-07-18,15.86,29.73,26.98,3.05,91.33,0.99,0.45,Kirtankhola_Barishal
2020-07-19,23.74,30.57,26.77,3.78,89.25,0.99,0.94,Kirtankhola_Barishal
2020-07-20,23.54,29.98,27.15,4.04,91.39,1.0,0.45,Kirtankhola_Barishal
2020-07-21,39.43,29.82,27.26,4.13,92.47,1.0,0.38,Kirtankhola_Barishal
2020-07-22,46.05,28.67,26.53,3.55,92.79,1.0,0.15,Kirtankhola_Barishal
2020-07-23,21.37,29.36,26.01,3.07,90.31,1.0,0.37,Kirtankhola_Barishal
2020-07-24,18.45,30.12,26.62,3.05,90.92,1.0,0.43,Kirtankhola_Barishal
2020-07-25,2.04,30.87,25.84,1.92,87.48,1.0,1.15,Kirtankhola_Barishal
2020-07-26,1.46,31.79,26.28,1.99,88.07,0.99,1.61,Kirtankhola_Barishal
2020-07-27,11.25,30.94,27.34,1.83,90.66,0.99,0.78,Kirtankhola_Barishal
2020-07-28,20.7,31.26,27.09,2.93,89.22,0.99,1.28,Kirtankhola_Barishal
2020-07-29,15.51,30.72,26.57,2.77,89.4,0.99,1.07,Kirtankhola_Barishal
2020-07-30,6.03,31.33,26.83,1.99,88.18,0.99,1.54,Kirtankhola_Barishal
2020-07-31,6.82,31.27,26.82,2.09,87.95,0.98,1.75,Kirtankhola_Barishal
2020-08-01,2.26,32.18,27.01,1.28,85.87,0.98,2.12,Kirtankhola_Barishal
2020-08-02,9.88,32.92,27.29,1.58,86.15,0.98,2.2,Kirtankhola_Barishal
2020-08-03,12.53,31.15,27.71,1.35,88.35,0.98,0.79,Kirtankhola_Barishal
2020-08-04,29.59,29.72,27.53,3.71,92.86,0.99,0.25,Kirtankhola_Barishal
2020-08-05,24.33,30.6,27.89,5.9,89.24,0.99,1.42,Kirtankhola_Barishal
2020-08-06,20.56,29.7,27.69,4.13,91.51,0.99,0.51,Kirtankhola_Barishal
2020-08-07,11.79,30.94,27.17,3.27,89.76,0.99,1.3,Kirtankhola_Barishal
2020-08-08,10.79,31.14,26.89,2.83,88.15,0.99,1.68,Kirtankhola_Barishal
2020-08-09,3.83,30.79,27.24,3.59,88.3,0.99,1.89,Kirtankhola_Barishal
2020-08-10,7.56,31.07,27.51,3.15,89.78,0.98,1.29,Kirtankhola_Barishal
2020-08-11,33.97,31.47,27.63,3.56,89.52,0.98,1.48,Kirtankhola_Barishal
2020-08-12,13.04,31.35,27.14,3.25,89.4,0.99,1.74,Kirtankhola_Barishal
2020-08-13,3.68,31.06,27.58,3.68,89.23,0.98,2.03,Kirtankhola_Barishal
2020-08-14,6.86,31.24,27.28,4.55,88.91,0.98,1.97,Kirtankhola_Barishal
2020-08-15,49.81,30.1,27.07,5.97,89.81,0.99,1.38,Kirtankhola_Barishal
2020-08-16,24.19,30.12,27.14,5.7,89.13,0.99,1.43,Kirtankhola_Barishal
2020-08-17,38.25,30.04,26.91,4.9,90.17,1.0,0.93,Kirtankhola_Barishal
2020-08-18,49.6,29.43,26.94,4.3,92.86,1.0,0.41,Kirtankhola_Barishal
2020-08-19,31.98,28.55,27.12,4.85,93.09,1.0,0.44,Kirtankhola_Barishal
2020-08-20,35.27,28.5,26.69,5.32,93.12,1.0,0.16,Kirtankhola_Barishal
2020-08-21,31.97,28.61,27.07,4.24,92.6,1.0,0.28,Kirtankhola_Barishal
2020-08-22,35.09,28.91,26.55,2.69,92.74,1.0,0.3,Kirtankhola_Barishal
2020-08-23,19.45,29.24,26.09,2.21,91.72,1.0,0.48,Kirtankhola_Barishal
2020-08-24,22.77,30.28,26.23,2.29,89.58,1.0,1.17,Kirtankhola_Barishal
2020-08-25,37.16,29.32,26.64,5.29,92.16,1.0,0.56,Kirtankhola_Barishal
2020-08-26,8.1,28.64,26.44,6.63,92.57,1.0,0.6,Kirtankhola_Barishal
2020-08-27,13.37,28.81,26.75,3.62,91.96,1.0,0.46,Kirtankhola_Barishal
2020-08-28,6.23,30.43,26.34,3.11,89.11,0.99,1.72,Kirtankhola_Barishal
2020-08-29,9.16,31.04,26.18,2.66,88.55,0.99,2.07,Kirtankhola_Barishal
2020-08-30,2.31,31.15,26.27,1.94,88.25,0.99,2.24,Kirtankhola_Barishal
2020-08-31,12.79,30.97,27.05,1.57,90.03,0.99,1.14,Kirtankhola_Barishal
2020-09-01,16.67,30.06,26.45,1.88,88.51,0.99,1.1,Kirtankhola_Barishal
2020-09-02,12.91,30.97,26.14,2.44,86.89,0.99,2.46,Kirtankhola_Barishal
2020-09-03,6.07,31.69,26.36,1.84,85.05,0.98,3.32,Kirtankhola_Barishal
2020-09-04,2.16,32.64,25.91,1.26,83.08,0.98,4.81,Kirtankhola_Barishal
2020-09-05,0.31,31.86,26.6,2.14,86.42,0.97,3.49,Kirtankhola_Barishal
2020-09-06,1.82,30.81,27.26,2.29,87.29,0.96,1.81,Kirtankhola_Barishal
2020-09-07,5.29,31.0,26.84,1.93,85.73,0.96,2.35,Kirtankhola_Barishal
2020-09-08,4.43,31.42,26.78,1.72,85.82,0.96,2.57,Kirtankhola_Barishal
2020-09-09,5.83,31.5,26.65,1.91,86.37,0.96,3.13,Kirtankhola_Barishal
2020-09-10,27.32,31.48,27.06,2.1,86.25,0.97,2.84,Kirtankhola_Barishal
2020-09-11,12.25,30.26,26.89,2.07,87.58,0.97,1.65,Kirtankhola_Barishal
2020-09-12,10.14,31.19,27.22,2.29,87.37,0.97,2.32,Kirtankhola_Barishal
2020-09-13,22.97,30.69,27.28,2.33,89.35,0.98,1.54,Kirtankhola_Barishal
2020-09-14,12.85,29.97,27.08,2.3,90.11,0.98,0.89,Kirtankhola_Barishal
2020-09-15,19.18,30.76,27.07,2.41,88.45,0.99,2.01,Kirtankhola_Barishal
2020-09-16,14.21,29.8,27.13,2.44,90.7,0.99,0.75,Kirtankhola_Barishal
2020-09-17,16.01,30.95,27.12,1.64,88.58,0.99,1.61,Kirtankhola_Barishal
2020-09-18,3.32,32.69,27.19,0.75,80.89,0.99,4.38,Kirtankhola_Barishal
2020-09-19,5.47,31.07,27.05,1.95,90.05,0.98,1.45,Kirtankhola_Barishal
2020-09-20,34.9,32.13,27.46,1.94,86.77,0.99,1.8,Kirtankhola_Barishal
2020-09-21,31.81,29.9,27.9,5.87,91.44,0.99,0.97,Kirtankhola_Barishal
2020-09-22,29.74,29.9,27.76,4.24,91.83,1.0,0.72,Kirtankhola_Barishal
2020-09-23,48.54,29.25,27.68,3.54,92.77,1.0,0.28,Kirtankhola_Barishal
2020-09-24,43.52,29.2,27.46,3.6,92.82,1.0,0.32,Kirtankhola_Barishal
2020-09-25,44.15,29.08,27.17,3.4,93.79,1.0,0.19,Kirtankhola_Barishal
2020-09-26,40.44,29.36,27.09,3.52,93.55,1.0,0.38,Kirtankhola_Barishal
2020-09-27,39.25,30.01,26.59,2.47,91.0,1.0,1.16,Kirtankhola_Barishal
2020-09-28,11.23,30.87,26.35,1.17,86.8,1.0,2.79,Kirtankhola_Barishal
2020-09-29,3.75,30.69,26.38,0.93,86.12,1.0,2.93,Kirtankhola_Barishal
2020-09-30,11.48,30.41,26.41,1.1,86.22,1.0,1.89,Kirtankhola_Barishal
2020-10-01,22.17,29.91,26.74,2.2,90.26,1.0,1.5,Kirtankhola_Barishal
2020-10-02,8.7,30.11,26.78,2.26,89.28,1.0,1.95,Kirtankhola_Barishal
2020-10-03,11.69,30.26,26.78,1.82,88.73,1.0,1.65,Kirtankhola_Barishal
2020-10-04,10.75,29.77,26.82,1.75,90.27,1.0,1.28,Kirtankhola_Barishal
2020-10-05,30.01,29.49,26.47,2.03,90.56,1.0,1.14,Kirtankhola_Barishal
2020-10-06,42.53,30.04,26.55,1.63,87.83,1.0,0.67,Kirtankhola_Barishal
2020-10-07,8.58,28.99,26.57,1.49,89.16,1.0,0.85,Kirtankhola_Barishal
2020-10-08,1.26,31.85,26.64,0.83,82.67,1.0,4.52,Kirtankhola_Barishal
2020-10-09,1.1,31.66,26.65,1.23,85.4,0.99,2.85,Kirtankhola_Barishal
2020-10-10,1.07,31.08,26.66,1.11,85.86,0.99,2.67,Kirtankhola_Barishal
2020-10-11,2.18,32.11,26.25,1.25,84.42,0.99,5.41,Kirtankhola_Barishal
2020-10-12,3.63,31.97,26.32,1.14,83.05,0.98,5.45,Kirtankhola_Barishal
2020-10-13,12.66,31.56,26.94,1.19,84.04,0.98,3.98,Kirtankhola_Barishal
2020-10-14,12.73,30.64,27.15,1.24,86.56,0.99,1.78,Kirtankhola_Barishal
2020-10-15,8.59,31.64,27.0,1.04,84.09,0.99,4.36,Kirtankhola_Barishal
2020-10-16,4.57,31.64,26.29,1.37,84.3,0.98,3.66,Kirtankhola_Barishal
2020-10-17,3.48,30.8,25.74,1.28,86.45,0.98,2.47,Kirtankhola_Barishal
2020-10-18,9.35,30.6,26.96,1.15,81.27,0.98,1.78,Kirtankhola_Barishal
2020-10-19,5.72,30.04,26.33,1.24,83.47,0.98,2.29,Kirtankhola_Barishal
2020-10-20,8.47,29.58,25.72,2.06,90.96,0.98,1.53,Kirtankhola_Barishal
2020-10-21,36.0,28.16,26.45,2.78,91.45,0.99,0.41,Kirtankhola_Barishal
2020-10-22,144.54,27.92,26.36,3.49,92.66,1.0,0.43,Kirtankhola_Barishal
2020-10-23,129.36,28.74,27.19,5.48,92.9,1.0,0.22,Kirtankhola_Barishal
2020-10-24,9.83,29.64,24.98,2.76,88.43,1.0,2.06,Kirtankhola_Barishal
2020-10-25,8.11,31.16,25.74,0.35,77.07,1.0,5.42,Kirtankhola_Barishal
2020-10-26,1.1,30.08,25.25,1.11,80.97,0.99,3.72,Kirtankhola_Barishal
2020-10-27,0.61,29.86,24.52,1.84,85.7,0.99,3.25,Kirtankhola_Barishal
2020-10-28,0.21,29.48,23.37,2.03,85.03,0.98,3.65,Kirtankhola_Barishal
2020-10-29,0.65,30.55,23.17,1.61,85.49,0.98,4.18,Kirtankhola_Barishal
2020-10-30,9.24,30.06,24.68,1.65,88.97,0.98,1.69,Kirtankhola_Barishal
2020-10-31,82.7,27.36,26.06,2.79,93.59,0.99,0.24,Kirtankhola_Barishal
2020-11-01,53.57,28.31,24.85,1.94,89.53,1.0,1.27,Kirtankhola_Barishal
2020-11-02,19.72,29.15,25.33,1.78,89.35,1.0,1.54,Kirtankhola_Barishal
2020-11-03,31.93,29.45,25.53,1.19,87.59,1.0,1.69,Kirtankhola_Barishal
2020-11-04,27.04,29.05,24.3,1.05,83.46,1.0,1.88,Kirtankhola_Barishal
2020-11-05,0.17,28.75,21.31,1.82,74.16,1.0,2.33,Kirtankhola_Barishal
2020-11-06,0.07,26.45,18.69,2.2,75.55,0.99,2.42,Kirtankhola_Barishal
2020-11-07,0.0,26.96,17.5,1.99,78.09,0.99,2.8,Kirtankhola_Barishal
2020-11-08,0.0,28.15,18.33,1.74,79.55,0.98,3.55,Kirtankhola_Barishal
2020-11-09,0.0,28.72,19.83,1.87,81.2,0.98,3.66,Kirtankhola_Barishal
2020-11-10,0.0,28.78,20.8,1.94,83.6,0.97,3.68,Kirtankhola_Barishal
2020-11-11,0.0,28.93,20.94,2.02,84.17,0.97,3.85,Kirtankhola_Barishal
2020-11-12,0.0,29.18,20.39,1.48,81.56,0.96,4.26,Kirtankhola_Barishal
2020-11-13,0.0,29.35,21.71,1.61,84.35,0.95,3.97,Kirtankhola_Barishal
2020-11-14,0.0,28.91,21.18,1.9,85.95,0.95,3.96,Kirtankhola_Barishal
2020-11-15,0.0,27.76,20.24,1.99,84.79,0.94,3.85,Kirtankhola_Barishal
2020-11-16,0.0,28.31,20.0,1.38,84.07,0.93,4.35,Kirtankhola_Barishal
2020-11-17,0.04,27.62,19.66,1.51,81.46,0.93,3.78,Kirtankhola_Barishal
2020-11-18,0.11,27.29,20.09,1.39,76.05,0.92,3.31,Kirtankhola_Barishal
2020-11-19,0.01,26.89,20.31,1.27,74.09,0.92,3.36,Kirtankhola_Barishal
2020-11-20,0.11,28.1,21.41,1.06,77.19,0.91,3.93,Kirtankhola_Barishal
2020-11-21,18.02,28.01,22.36,0.9,83.96,0.91,2.76,Kirtankhola_Barishal
2020-11-22,15.03,25.72,18.1,2.77,83.59,0.94,2.53,Kirtankhola_Barishal
2020-11-23,0.07,23.92,15.47,2.59,78.13,0.93,2.7,Kirtankhola_Barishal
2020-11-24,0.0,24.42,14.55,1.73,79.0,0.92,2.82,Kirtankhola_Barishal
2020-11-25,0.0,24.98,16.41,1.72,85.44,0.92,2.42,Kirtankhola_Barishal
2020-11-26,0.0,25.33,17.68,1.76,88.11,0.91,2.12,Kirtankhola_Barishal
2020-11-27,0.0,26.12,17.8,2.0,86.57,0.91,2.87,Kirtankhola_Barishal
2020-11-28,0.0,26.16,17.31,2.05,88.71,0.9,2.88,Kirtankhola_Barishal
2020-11-29,0.0,26.48,17.85,2.31,88.2,0.9,3.0,Kirtankhola_Barishal
2020-11-30,0.0,25.67,16.24,1.92,84.9,0.89,2.89,Kirtankhola_Barishal
2020-12-01,0.0,25.94,16.08,1.64,84.15,0.88,3.06,Kirtankhola_Barishal
2020-12-02,0.0,25.7,16.17,1.45,81.78,0.88,2.94,Kirtankhola_Barishal
2020-12-03,0.0,25.81,17.37,1.13,79.77,0.87,2.85,Kirtankhola_Barishal
2020-12-04,0.0,25.26,16.42,1.24,76.18,0.87,2.85,Kirtankhola_Barishal
2020-12-05,0.0,25.38,17.23,0.99,74.32,0.87,2.31,Kirtankhola_Barishal
2020-12-06,0.0,25.41,18.02,1.02,77.2,0.86,2.36,Kirtankhola_Barishal
2020-12-07,0.0,25.1,17.48,1.25,82.99,0.86,2.02,Kirtankhola_Barishal
2020-12-08,0.0,25.28,17.68,1.33,84.62,0.85,2.12,Kirtankhola_Barishal
2020-12-09,0.0,24.13,17.58,1.47,86.85,0.85,1.93,Kirtankhola_Barishal
2020-12-10,0.0,23.7,16.65,1.52,85.86,0.85,1.98,Kirtankhola_Barishal
2020-12-11,0.0,23.3,16.0,1.77,86.84,0.84,1.74,Kirtankhola_Barishal
2020-12-12,0.0,23.24,16.95,1.63,83.17,0.84,1.91,Kirtankhola_Barishal
2020-12-13,0.0,23.73,15.83,1.8,86.38,0.84,1.82,Kirtankhola_Barishal
2020-12-14,0.0,24.28,16.38,2.15,86.73,0.83,2.01,Kirtankhola_Barishal
2020-12-15,0.0,24.19,16.05,2.45,87.39,0.83,2.11,Kirtankhola_Barishal
2020-12-16,0.0,23.98,15.74,2.52,86.13,0.82,2.06,Kirtankhola_Barishal
2020-12-17,0.0,23.72,15.62,2.39,86.13,0.82,1.98,Kirtankhola_Barishal
2020-12-18,0.0,22.73,14.95,2.56,84.64,0.82,1.92,Kirtankhola_Barishal
2020-12-19,0.0,20.64,12.22,3.02,81.78,0.81,1.95,Kirtankhola_Barishal
2020-12-20,0.0,20.64,10.19,2.4,83.5,0.8,1.63,Kirtankhola_Barishal
2020-12-21,0.0,21.43,11.38,1.69,83.37,0.8,1.52,Kirtankhola_Barishal
2020-12-22,0.0,22.41,13.52,0.97,78.67,0.8,1.72,Kirtankhola_Barishal
2020-12-23,0.09,22.89,13.58,1.28,81.38,0.8,1.74,Kirtankhola_Barishal
2020-12-24,0.0,23.14,13.63,1.37,80.99,0.79,2.01,Kirtankhola_Barishal
2020-12-25,0.0,23.23,14.1,1.73,86.19,0.79,1.99,Kirtankhola_Barishal
2020-12-26,0.0,22.55,13.25,2.35,83.19,0.78,1.9,Kirtankhola_Barishal
2020-12-27,0.0,22.14,11.93,2.08,79.04,0.78,1.63,Kirtankhola_Barishal
2020-12-28,0.0,22.19,12.1,1.86,79.37,0.78,1.66,Kirtankhola_Barishal
2020-12-29,0.0,22.03,12.19,2.08,81.23,0.77,1.54,Kirtankhola_Barishal
2020-12-30,0.0,22.61,12.46,2.14,83.24,0.77,1.92,Kirtankhola_Barishal
2020-12-31,0.0,22.78,12.55,1.99,84.9,0.76,1.96,Kirtankhola_Barishal
2021-01-01,0.0,22.95,12.66,1.82,83.51,0.76,2.04,Kirtankhola_Barishal
2021-01-02,0.0,22.79,12.58,1.74,83.8,0.75,2.03,Kirtankhola_Barishal
2021-01-03,0.0,23.16,12.75,1.66,83.01,0.75,1.92,Kirtankhola_Barishal
2021-01-04,0.0,24.25,14.17,1.54,81.66,0.75,2.18,Kirtankhola_Barishal
2021-01-05,0.03,24.41,14.32,1.75,84.73,0.74,2.09,Kirtankhola_Barishal
2021-01-06,0.0,25.32,14.78,1.6,82.89,0.74,2.33,Kirtankhola_Barishal
2021-01-07,0.0,26.7,17.29,0.96,75.41,0.73,2.57,Kirtankhola_Barishal
2021-01-08,0.01,25.87,17.07,1.67,77.3,0.73,2.43,Kirtankhola_Barishal
2021-01-09,0.0,24.73,16.12,1.38,76.93,0.72,2.23,Kirtankhola_Barishal
2021-01-10,0.0,25.12,17.32,0.86,77.73,0.72,2.03,Kirtankhola_Barishal
2021-01-11,0.0,25.97,18.52,0.93,80.04,0.71,2.12,Kirtankhola_Barishal
2021-01-12,0.0,24.6,16.69,1.83,83.66,0.71,2.1,Kirtankhola_Barishal
2021-01-13,0.0,23.41,14.74,2.18,80.78,0.71,2.01,Kirtankhola_Barishal
2021-01-14,0.34,22.43,13.58,2.03,78.1,0.7,1.69,Kirtankhola_Barishal
2021-01-15,0.84,21.77,13.58,1.84,75.6,0.7,1.46,Kirtankhola_Barishal
2021-01-16,0.0,21.99,12.84,1.92,70.91,0.7,1.66,Kirtankhola_Barishal
2021-01-17,0.0,21.81,12.67,2.11,78.68,0.69,1.43,Kirtankhola_Barishal
2021-01-18,0.0,22.76,12.66,1.37,76.8,0.69,1.6,Kirtankhola_Barishal
2021-01-19,0.0,22.83,15.56,0.97,72.73,0.68,1.54,Kirtankhola_Barishal
2021-01-20,0.29,23.73,16.3,2.24,87.13,0.68,1.23,Kirtankhola_Barishal
2021-01-21,0.34,23.91,15.34,2.14,78.37,0.68,1.93,Kirtankhola_Barishal
2021-01-22,0.29,23.04,13.3,1.91,70.26,0.67,1.92,Kirtankhola_Barishal
2021-01-23,0.0,21.97,12.45,1.47,69.86,0.67,1.64,Kirtankhola_Barishal
2021-01-24,0.0,23.12,14.19,1.55,70.05,0.67,1.84,Kirtankhola_Barishal
2021-01-25,0.0,23.09,13.15,2.23,77.95,0.66,1.84,Kirtankhola_Barishal
2021-01-26,0.0,23.05,12.94,2.91,76.8,0.66,1.92,Kirtankhola_Barishal
2021-01-27,0.0,22.43,12.07,2.91,73.37,0.65,2.01,Kirtankhola_Barishal
2021-01-28,0.0,21.97,10.43,2.29,70.35,0.65,1.88,Kirtankhola_Barishal
2021-01-29,0.0,22.99,10.8,2.15,70.22,0.64,2.04,Kirtankhola_Barishal
2021-01-30,0.0,22.78,12.39,1.78,70.36,0.64,1.75,Kirtankhola_Barishal
2021-01-31,0.0,21.9,11.22,2.41,68.83,0.64,1.93,Kirtankhola_Barishal
2021-02-01,0.0,21.69,10.67,2.17,63.41,0.63,1.92,Kirtankhola_Barishal
2021-02-02,0.0,22.55,10.41,2.65,67.04,0.63,1.78,Kirtankhola_Barishal
2021-02-03,0.0,23.83,11.02,2.39,69.21,0.62,2.07,Kirtankhola_Barishal
2021-02-04,0.0,24.61,11.76,1.84,69.17,0.62,2.26,Kirtankhola_Barishal
2021-02-05,0.0,25.03,13.57,1.2,65.82,0.61,2.6,Kirtankhola_Barishal
2021-02-06,0.0,25.2,16.04,1.07,63.88,0.61,2.68,Kirtankhola_Barishal
2021-02-07,0.29,24.09,13.86,2.95,75.23,0.6,1.94,Kirtankhola_Barishal
2021-02-08,0.0,24.44,13.17,2.84,71.5,0.6,2.38,Kirtankhola_Barishal
2021-02-09,0.0,25.35,12.86,2.54,68.62,0.59,2.61,Kirtankhola_Barishal
2021-02-10,0.0,25.64,13.47,1.54,60.3,0.59,2.71,Kirtankhola_Barishal
2021-02-11,0.0,26.29,16.0,0.93,56.98,0.58,2.33,Kirtankhola_Barishal
2021-02-12,0.0,25.96,16.38,1.27,65.91,0.58,2.35,Kirtankhola_Barishal
2021-02-13,0.0,25.86,16.42,1.17,60.69,0.58,2.17,Kirtankhola_Barishal
2021-02-14,0.0,26.26,16.32,1.09,64.11,0.57,2.43,Kirtankhola_Barishal
2021-02-15,0.0,27.15,17.34,1.14,74.19,0.57,2.7,Kirtankhola_Barishal
2021-02-16,0.0,27.44,17.8,1.33,73.22,0.56,2.72,Kirtankhola_Barishal
2021-02-17,0.0,27.31,15.95,1.6,63.02,0.56,2.74,Kirtankhola_Barishal
2021-02-18,0.0,28.21,16.12,1.63,64.36,0.55,2.79,Kirtankhola_Barishal
2021-02-19,0.0,26.61,18.0,0.95,62.93,0.55,1.84,Kirtankhola_Barishal
2021-02-20,0.0,26.96,18.51,1.78,66.31,0.54,1.95,Kirtankhola_Barishal
2021-02-21,0.0,28.25,17.46,2.03,60.53,0.54,3.04,Kirtankhola_Barishal
2021-02-22,0.0,27.91,16.38,1.89,55.05,0.54,2.95,Kirtankhola_Barishal
2021-02-23,0.0,29.03,17.92,1.16,52.42,0.53,2.92,Kirtankhola_Barishal
2021-02-24,0.0,29.62,18.84,1.04,68.31,0.53,2.81,Kirtankhola_Barishal
2021-02-25,0.0,30.79,18.71,1.67,70.36,0.52,3.01,Kirtankhola_Barishal
2021-02-26,0.0,31.68,18.82,1.88,74.51,0.52,3.2,Kirtankhola_Barishal
2021-02-27,0.0,31.59,20.61,1.77,77.2,0.51,2.87,Kirtankhola_Barishal
2021-02-28,0.0,33.1,20.55,2.13,74.5,0.51,3.05,Kirtankhola_Barishal
2021-03-01,0.0,32.65,21.19,2.33,76.03,0.5,2.67,Kirtankhola_Barishal
2021-03-02,0.0,31.97,22.22,1.38,70.12,0.49,2.75,Kirtankhola_Barishal
2021-03-03,0.0,32.13,20.61,1.47,70.01,0.49,2.4,Kirtankhola_Barishal
2021-03-04,0.0,32.09,20.86,2.08,69.58,0.49,2.25,Kirtankhola_Barishal
2021-03-05,0.0,31.58,20.51,3.33,75.28,0.48,1.95,Kirtankhola_Barishal
2021-03-06,0.01,32.45,22.25,3.94,74.24,0.48,1.94,Kirtankhola_Barishal
2021-03-07,0.94,31.61,21.88,2.5,75.95,0.48,1.76,Kirtankhola_Barishal
2021-03-08,1.19,31.28,21.95,2.22,76.25,0.48,1.6,Kirtankhola_Barishal
2021-03-09,0.28,32.87,21.54,2.97,74.72,0.47,1.61,Kirtankhola_Barishal
2021-03-10,0.91,30.44,22.63,2.07,76.94,0.47,0.89,Kirtankhola_Barishal
2021-03-11,8.62,33.15,22.08,1.68,73.62,0.47,1.64,Kirtankhola_Barishal
2021-03-12,19.19,32.08,23.37,0.91,69.99,0.51,2.45,Kirtankhola_Barishal
2021-03-13,0.03,32.25,22.55,1.49,66.35,0.51,3.28,Kirtankhola_Barishal
2021-03-14,0.15,32.16,21.77,2.07,62.73,0.5,3.0,Kirtankhola_Barishal
2021-03-15,0.1,32.18,21.31,1.3,57.57,0.49,2.85,Kirtankhola_Barishal
2021-03-16,0.0,32.84,22.36,1.18,57.87,0.49,2.71,Kirtankhola_Barishal
2021-03-17,0.0,33.57,22.35,1.03,56.15,0.48,2.49,Kirtankhola_Barishal
2021-03-18,0.0,34.25,22.31,1.1,57.26,0.47,2.31,Kirtankhola_Barishal
2021-03-19,0.0,33.79,22.81,1.23,60.26,0.47,1.91,Kirtankhola_Barishal
2021-03-20,0.0,32.59,23.7,1.37,59.57,0.47,1.23,Kirtankhola_Barishal
2021-03-21,0.0,35.57,24.08,1.32,59.28,0.46,1.82,Kirtankhola_Barishal
2021-03-22,0.0,35.87,25.09,1.46,54.02,0.46,1.75,Kirtankhola_Barishal
2021-03-23,0.0,37.06,25.51,1.12,49.59,0.45,1.74,Kirtankhola_Barishal
2021-03-24,0.0,36.92,24.77,1.96,56.03,0.45,1.45,Kirtankhola_Barishal
2021-03-25,0.0,36.18,24.66,1.74,55.39,0.45,1.44,Kirtankhola_Barishal
2021-03-26,0.0,35.44,24.13,1.86,54.12,0.44,1.24,Kirtankhola_Barishal
2021-03-27,0.0,35.82,24.34,1.22,49.61,0.44,1.18,Kirtankhola_Barishal
2021-03-28,0.0,34.74,24.74,1.5,56.5,0.44,0.94,Kirtankhola_Barishal
2021-03-29,0.0,35.34,24.6,2.85,64.89,0.43,0.86,Kirtankhola_Barishal
2021-03-30,0.0,36.42,25.64,4.32,68.5,0.43,0.87,Kirtankhola_Barishal
2021-03-31,0.03,35.36,26.35,5.9,74.77,0.43,0.7,Kirtankhola_Barishal
2021-04-01,1.05,34.63,26.35,4.58,73.57,0.43,0.67,Kirtankhola_Barishal
2021-04-02,1.08,34.41,25.43,3.35,72.03,0.43,0.67,Kirtankhola_Barishal
2021-04-03,0.04,35.66,23.95,1.73,64.99,0.43,0.78,Kirtankhola_Barishal
2021-04-04,0.15,34.74,23.99,1.4,61.03,0.42,0.48,Kirtankhola_Barishal
2021-04-05,0.51,35.77,23.65,1.78,60.16,0.42,0.67,Kirtankhola_Barishal
2021-04-06,0.24,35.22,23.82,2.56,63.32,0.42,0.58,Kirtankhola_Barishal
2021-04-07,0.0,35.29,24.59,3.48,65.37,0.42,0.5,Kirtankhola_Barishal
2021-04-08,0.0,34.87,24.65,3.53,69.38,0.41,0.43,Kirtankhola_Barishal
2021-04-09,0.0,36.31,24.86,2.38,61.78,0.41,0.45,Kirtankhola_Barishal
2021-04-10,0.0,36.77,25.14,2.29,60.97,0.41,0.41,Kirtankhola_Barishal
2021-04-11,0.0,36.51,25.22,2.43,61.31,0.41,0.39,Kirtankhola_Barishal
2021-04-12,0.0,37.83,26.04,2.27,57.15,0.4,0.36,Kirtankhola_Barishal
2021-04-13,0.0,37.25,26.29,2.38,54.69,0.4,0.32,Kirtankhola_Barishal
2021-04-14,0.0,36.97,25.18,2.7,61.97,0.4,0.26,Kirtankhola_Barishal
2021-04-15,0.0,33.84,26.09,2.68,67.76,0.4,0.13,Kirtankhola_Barishal
2021-04-16,0.7,35.2,26.28,2.75,60.96,0.4,0.16,Kirtankhola_Barishal
2021-04-17,1.88,34.8,25.06,2.28,62.88,0.4,0.24,Kirtankhola_Barishal
2021-04-18,3.56,35.82,24.87,2.8,63.91,0.4,0.29,Kirtankhola_Barishal
2021-04-19,2.52,35.93,25.17,3.56,64.66,0.4,0.34,Kirtankhola_Barishal
2021-04-20,1.28,36.97,25.08,3.52,66.41,0.4,0.37,Kirtankhola_Barishal
2021-04-21,0.24,36.53,26.02,3.0,66.96,0.4,0.33,Kirtankhola_Barishal
2021-04-22,0.02,37.01,25.95,2.58,61.56,0.4,0.29,Kirtankhola_Barishal
2021-04-23,0.0,37.24,27.39,1.76,53.7,0.4,0.26,Kirtankhola_Barishal
2021-04-24,0.0,38.74,26.57,1.61,47.08,0.39,0.24,Kirtankhola_Barishal
2021-04-25,0.0,38.23,26.6,2.39,55.31,0.39,0.15,Kirtankhola_Barishal
2021-04-26,0.03,38.45,26.5,2.7,57.6,0.39,0.13,Kirtankhola_Barishal
2021-04-27,0.09,37.11,26.94,2.93,63.65,0.39,0.09,Kirtankhola_Barishal
2021-04-28,0.2,35.65,27.09,2.5,65.58,0.39,0.06,Kirtankhola_Barishal
2021-04-29,0.51,35.07,27.8,1.03,59.74,0.39,0.05,Kirtankhola_Barishal
2021-04-30,1.03,36.65,26.92,2.38,60.13,0.39,0.07,Kirtankhola_Barishal
2021-05-01,0.91,36.64,26.42,2.75,61.53,0.39,0.06,Kirtankhola_Barishal
2021-05-02,1.6,35.7,26.45,3.11,63.62,0.39,0.06,Kirtankhola_Barishal
2021-05-03,4.29,33.51,27.18,1.97,64.92,0.39,0.07,Kirtankhola_Barishal
2021-05-04,12.83,30.4,26.6,1.71,71.96,0.41,0.09,Kirtankhola_Barishal
2021-05-05,2.48,33.31,25.94,1.08,59.05,0.42,0.45,Kirtankhola_Barishal
2021-05-06,2.08,34.92,26.84,1.46,59.6,0.41,0.46,Kirtankhola_Barishal
2021-05-07,10.54,34.22,26.54,2.04,69.17,0.42,0.72,Kirtankhola_Barishal
2021-05-08,9.32,34.6,25.89,1.39,67.37,0.44,1.36,Kirtankhola_Barishal
2021-05-09,6.54,34.79,25.75,1.99,68.03,0.44,1.48,Kirtankhola_Barishal
2021-05-10,6.58,34.47,26.31,2.6,69.79,0.44,1.31,Kirtankhola_Barishal
2021-05-11,8.57,33.96,26.49,2.0,71.49,0.45,1.38,Kirtankhola_Barishal
2021-05-12,12.47,33.25,26.6,1.28,70.99,0.47,1.9,Kirtankhola_Barishal
2021-05-13,8.97,33.69,26.59,2.32,72.76,0.48,2.12,Kirtankhola_Barishal
2021-05-14,7.27,34.72,25.84,2.89,72.8,0.48,2.6,Kirtankhola_Barishal
2021-05-15,6.64,36.07,26.88,2.94,72.81,0.48,2.78,Kirtankhola_Barishal
2021-05-16,7.24,36.2,27.01,2.11,72.8,0.49,2.74,Kirtankhola_Barishal
2021-05-17,0.49,36.81,28.15,2.46,69.84,0.48,2.79,Kirtankhola_Barishal
2021-05-18,0.17,34.64,28.44,2.81,75.89,0.48,1.46,Kirtankhola_Barishal
2021-05-19,1.55,34.05,28.27,2.74,76.53,0.47,1.35,Kirtankhola_Barishal
2021-05-20,1.15,34.14,28.65,3.05,76.48,0.47,1.14,Kirtankhola_Barishal
2021-05-21,0.39,35.24,28.52,3.33,73.07,0.47,1.49,Kirtankhola_Barishal
2021-05-22,0.03,36.38,28.07,2.64,68.62,0.47,2.26,Kirtankhola_Barishal
2021-05-23,2.38,36.2,28.5,1.25,68.01,0.46,1.92,Kirtankhola_Barishal
2021-05-24,16.13,32.95,28.61,2.15,74.77,0.47,1.13,Kirtankhola_Barishal
2021-05-25,19.65,32.25,27.37,6.83,78.4,0.5,1.72,Kirtankhola_Barishal
2021-05-26,15.5,31.31,27.92,8.84,76.48,0.52,2.06,Kirtankhola_Barishal
2021-05-27,8.48,32.32,28.51,7.75,79.55,0.52,2.85,Kirtankhola_Barishal
2021-05-28,2.63,33.77,28.01,4.33,79.25,0.52,3.32,Kirtankhola_Barishal
2021-05-29,3.14,34.05,27.23,2.83,78.1,0.52,3.13,Kirtankhola_Barishal
2021-05-30,4.69,33.52,27.54,2.98,78.87,0.52,2.49,Kirtankhola_Barishal
2021-05-31,33.73,31.07,28.02,4.35,86.74,0.54,0.91,Kirtankhola_Barishal
2021-06-01,25.55,31.05,27.89,3.53,88.61,0.59,1.42,Kirtankhola_Barishal
2021-06-02,22.11,30.53,27.62,2.22,88.44,0.64,1.5,Kirtankhola_Barishal
2021-06-03,32.83,31.95,27.05,2.59,86.32,0.66,3.07,Kirtankhola_Barishal
2021-06-04,20.16,31.9,27.57,2.3,85.89,0.68,2.61,Kirtankhola_Barishal
2021-06-05,16.39,31.86,28.15,2.45,88.68,0.69,1.7,Kirtankhola_Barishal
2021-06-06,35.97,31.48,28.03,2.68,89.49,0.72,1.45,Kirtankhola_Barishal
2021-06-07,40.13,31.21,27.89,3.28,88.64,0.78,1.45,Kirtankhola_Barishal
2021-06-08,24.81,29.89,27.93,3.45,89.98,0.8,0.87,Kirtankhola_Barishal
2021-06-09,10.31,31.0,27.51,2.44,82.6,0.8,2.12,Kirtankhola_Barishal
2021-06-10,6.74,30.81,26.97,2.16,83.62,0.8,2.66,Kirtankhola_Barishal
2021-06-11,20.76,29.22,27.28,2.91,91.54,0.81,0.72,Kirtankhola_Barishal
2021-06-12,24.93,31.22,26.94,3.34,87.71,0.84,2.08,Kirtankhola_Barishal
2021-06-13,6.62,31.17,27.24,4.53,86.28,0.84,3.5,Kirtankhola_Barishal
2021-06-14,13.76,30.87,27.36,4.7,88.49,0.84,2.38,Kirtankhola_Barishal
2021-06-15,78.28,29.62,27.01,4.17,91.44,0.88,0.71,Kirtankhola_Barishal
2021-06-16,19.13,28.56,26.48,3.84,91.97,0.92,0.52,Kirtankhola_Barishal
2021-06-17,44.33,29.04,25.71,4.79,88.64,0.94,1.42,Kirtankhola_Barishal
2021-06-18,36.53,29.7,25.96,3.31,89.05,0.97,1.47,Kirtankhola_Barishal
2021-06-19,65.93,28.97,25.78,3.53,90.25,0.99,0.77,Kirtankhola_Barishal
2021-06-20,38.76,28.41,26.49,4.6,90.54,0.99,0.55,Kirtankhola_Barishal
2021-06-21,79.25,29.52,26.37,3.31,91.76,1.0,0.38,Kirtankhola_Barishal
2021-06-22,2.17,30.01,25.77,3.15,87.67,0.99,1.32,Kirtankhola_Barishal
2021-06-23,16.48,30.51,25.63,3.11,86.74,0.99,1.53,Kirtankhola_Barishal
2021-06-24,9.94,30.72,26.04,3.8,88.76,0.99,1.63,Kirtankhola_Barishal
2021-06-25,12.62,30.22,26.11,3.45,88.28,0.99,1.58,Kirtankhola_Barishal
2021-06-26,19.31,30.65,26.53,3.59,88.8,0.99,1.57,Kirtankhola_Barishal
2021-06-27,7.79,30.73,27.02,3.69,88.04,0.98,1.71,Kirtankhola_Barishal
2021-06-28,11.46,30.57,27.05,3.81,88.8,0.98,1.4,Kirtankhola_Barishal
2021-06-29,20.39,30.34,27.03,4.14,90.79,0.98,0.8,Kirtankhola_Barishal
2021-06-30,66.47,30.96,27.57,3.36,91.31,0.99,0.82,Kirtankhola_Barishal
2021-07-01,63.9,29.43,26.97,4.77,92.89,1.0,0.32,Kirtankhola_Barishal
2021-07-02,50.85,29.55,26.55,4.04,89.4,1.0,0.52,Kirtankhola_Barishal
2021-07-03,19.65,30.06,26.77,5.35,90.46,1.0,0.73,Kirtankhola_Barishal
2021-07-04,15.46,30.14,26.83,3.62,90.02,1.0,0.69,Kirtankhola_Barishal
2021-07-05,8.8,30.64,26.8,3.69,90.99,1.0,0.84,Kirtankhola_Barishal
2021-07-06,20.6,31.2,26.97,3.05,89.55,0.99,1.08,Kirtankhola_Barishal
2021-07-07,30.37,30.17,27.39,3.5,93.07,1.0,0.43,Kirtankhola_Barishal
2021-07-08,17.79,30.33,26.87,3.44,89.84,1.0,1.09,Kirtankhola_Barishal
2021-07-09,6.59,30.76,26.49,2.45,86.04,0.99,1.48,Kirtankhola_Barishal
2021-07-10,14.28,31.09,26.84,2.07,86.49,0.99,1.62,Kirtankhola_Barishal
2021-07-11,2.23,31.12,27.19,3.01,87.42,0.98,1.91,Kirtankhola_Barishal
2021-07-12,10.88,31.1,26.88,2.53,88.39,0.98,1.54,Kirtankhola_Barishal
2021-07-13,6.01,30.22,26.99,4.41,88.2,0.98,1.32,Kirtankhola_Barishal
2021-07-14,8.64,30.78,26.96,3.32,85.92,0.97,1.52,Kirtankhola_Barishal
2021-07-15,5.66,31.98,27.18,1.78,83.06,0.97,1.96,Kirtankhola_Barishal
2021-07-16,6.42,31.46,27.24,1.66,84.07,0.97,1.76,Kirtankhola_Barishal
2021-07-17,10.59,30.79,27.16,2.23,86.59,0.97,1.28,Kirtankhola_Barishal
2021-07-18,7.88,31.85,27.09,1.79,85.26,0.96,1.83,Kirtankhola_Barishal
2021-07-19,42.2,29.88,27.5,2.57,88.83,0.98,0.58,Kirtankhola_Barishal
2021-07-20,7.57,31.51,27.31,2.2,86.5,0.99,1.61,Kirtankhola_Barishal
2021-07-21,7.95,31.27,26.87,1.86,83.49,0.98,1.93,Kirtankhola_Barishal
2021-07-22,7.2,31.16,26.7,4.49,86.61,0.97,2.09,Kirtankhola_Barishal
2021-07-23,37.84,30.34,27.59,5.67,88.82,0.98,1.17,Kirtankhola_Barishal
2021-07-24,41.27,29.96,27.53,5.05,91.75,1.0,0.56,Kirtankhola_Barishal
2021-07-25,11.75,31.02,27.24,3.22,89.74,0.99,0.98,Kirtankhola_Barishal
2021-07-26,19.86,31.74,27.4,2.56,89.03,0.99,1.14,Kirtankhola_Barishal
2021-07-27,62.77,31.07,27.67,3.66,91.46,1.0,0.58,Kirtankhola_Barishal
2021-07-28,141.6,29.98,27.35,4.88,93.64,1.0,0.19,Kirtankhola_Barishal
2021-07-29,38.48,28.43,27.26,7.01,92.82,1.0,0.18,Kirtankhola_Barishal
2021-07-30,27.5,29.92,27.12,5.55,90.64,1.0,0.58,Kirtankhola_Barishal
2021-07-31,19.76,30.36,27.0,4.28,89.17,1.0,0.97,Kirtankhola_Barishal
2021-08-01,43.2,30.31,26.7,2.88,91.33,1.0,0.51,Kirtankhola_Barishal
2021-08-02,15.3,28.91,26.61,2.54,92.11,1.0,0.32,Kirtankhola_Barishal
2021-08-03,16.62,30.1,26.22,2.32,89.11,1.0,1.05,Kirtankhola_Barishal
2021-08-04,21.45,30.02,26.78,3.67,89.83,1.0,1.07,Kirtankhola_Barishal
2021-08-05,9.29,32.05,26.47,2.87,85.39,0.99,1.71,Kirtankhola_Barishal
2021-08-06,18.73,28.85,27.56,4.64,92.89,0.99,0.34,Kirtankhola_Barishal
2021-08-07,48.34,31.4,27.31,3.32,88.87,1.0,1.34,Kirtankhola_Barishal
2021-08-08,17.36,30.89,27.21,3.36,89.9,1.0,1.02,Kirtankhola_Barishal
2021-08-09,24.64,31.75,26.8,3.06,90.03,1.0,1.16,Kirtankhola_Barishal
2021-08-10,18.28,30.97,27.35,3.28,90.8,1.0,0.88,Kirtankhola_Barishal
2021-08-11,11.89,30.18,27.88,3.27,91.24,1.0,0.74,Kirtankhola_Barishal
2021-08-12,24.91,30.11,28.07,4.46,91.24,0.99,0.82,Kirtankhola_Barishal
2021-08-13,35.52,31.12,27.3,2.27,88.44,1.0,1.16,Kirtankhola_Barishal
2021-08-14,23.72,31.32,27.22,3.06,89.06,1.0,1.23,Kirtankhola_Barishal
2021-08-15,29.01,30.37,27.36,1.99,89.63,1.0,0.65,Kirtankhola_Barishal
2021-08-16,14.13,30.39,27.06,2.68,90.06,1.0,0.72,Kirtankhola_Barishal
2021-08-17,36.63,29.32,27.43,3.88,91.8,1.0,0.41,Kirtankhola_Barishal
2021-08-18,37.2,29.04,27.06,3.94,93.08,1.0,0.18,Kirtankhola_Barishal
2021-08-19,34.76,28.68,26.59,3.72,92.36,1.0,0.21,Kirtankhola_Barishal
2021-08-20,16.74,29.84,26.39,3.32,90.09,1.0,0.8,Kirtankhola_Barishal
2021-08-21,4.87,30.25,26.1,2.39,87.48,1.0,1.54,Kirtankhola_Barishal
2021-08-22,5.75,31.35,26.01,2.52,87.64,0.99,2.01,Kirtankhola_Barishal
2021-08-23,5.68,31.4,26.59,3.18,88.62,0.99,1.96,Kirtankhola_Barishal
2021-08-24,10.2,31.05,27.05,2.58,90.35,0.99,1.3,Kirtankhola_Barishal
2021-08-25,32.36,30.87,27.05,2.06,88.22,0.99,1.49,Kirtankhola_Barishal
2021-08-26,11.03,30.22,27.26,3.12,90.15,0.99,1.2,Kirtankhola_Barishal
2021-08-27,35.23,30.06,26.65,3.22,88.27,0.99,1.23,Kirtankhola_Barishal
2021-08-28,7.71,29.01,26.69,3.28,90.8,0.99,0.79,Kirtankhola_Barishal
2021-08-29,4.95,29.16,26.51,3.11,90.52,0.99,0.92,Kirtankhola_Barishal
2021-08-30,9.97,28.57,26.55,2.74,90.8,0.99,0.54,Kirtankhola_Barishal
2021-08-31,8.36,30.57,26.02,2.4,87.43,0.99,2.24,Kirtankhola_Barishal
2021-09-01,4.27,31.13,26.17,1.21,85.01,0.98,3.03,Kirtankhola_Barishal
2021-09-02,18.4,30.23,26.51,1.78,85.61,0.98,1.59,Kirtankhola_Barishal
2021-09-03,6.37,31.22,24.93,1.49,82.67,0.98,3.17,Kirtankhola_Barishal
2021-09-04,7.28,31.54,25.91,1.74,86.65,0.98,3.11,Kirtankhola_Barishal
2021-09-05,13.22,31.16,26.62,2.31,86.59,0.98,2.53,Kirtankhola_Barishal
2021-09-06,9.21,30.01,27.14,5.13,88.14,0.98,2.33,Kirtankhola_Barishal
2021-09-07,12.18,29.72,26.56,4.01,87.99,0.98,1.88,Kirtankhola_Barishal
2021-09-08,7.86,30.69,26.26,2.08,86.68,0.97,2.53,Kirtankhola_Barishal
2021-09-09,3.6,31.09,26.4,0.99,83.12,0.97,3.03,Kirtankhola_Barishal
2021-09-10,4.64,31.15,26.41,2.89,88.2,0.97,2.24,Kirtankhola_Barishal
2021-09-11,4.44,30.42,26.57,3.86,87.99,0.96,2.65,Kirtankhola_Barishal
2021-09-12,4.21,29.6,26.32,5.25,89.24,0.96,1.72,Kirtankhola_Barishal
2021-09-13,9.2,29.31,27.36,5.81,90.75,0.96,1.15,Kirtankhola_Barishal
2021-09-14,17.38,28.86,26.81,3.72,92.22,0.97,0.55,Kirtankhola_Barishal
2021-09-15,7.46,30.66,26.26,2.13,87.8,0.97,2.47,Kirtankhola_Barishal
2021-09-16,6.37,29.67,25.96,2.11,90.12,0.97,1.66,Kirtankhola_Barishal
2021-09-17,9.96,30.72,26.04,2.05,87.57,0.97,2.95,Kirtankhola_Barishal
2021-09-18,30.65,29.51,26.05,2.25,90.33,0.98,1.33,Kirtankhola_Barishal
2021-09-19,36.89,29.13,26.0,1.62,90.02,0.99,1.12,Kirtankhola_Barishal
2021-09-20,50.18,28.32,25.95,2.36,92.24,1.0,0.46,Kirtankhola_Barishal
2021-09-21,2.76,28.45,26.2,2.15,92.22,0.99,0.42,Kirtankhola_Barishal
2021-09-22,10.05,28.37,25.97,2.01,89.78,0.99,0.76,Kirtankhola_Barishal
2021-09-23,2.98,30.89,26.03,1.78,86.62,0.99,3.1,Kirtankhola_Barishal
2021-09-24,1.58,30.16,25.73,1.51,87.58,0.99,1.58,Kirtankhola_Barishal
2021-09-25,14.9,29.83,25.94,1.64,87.82,0.99,1.85,Kirtankhola_Barishal
2021-09-26,9.95,30.42,26.13,1.82,87.42,0.99,2.38,Kirtankhola_Barishal
2021-09-27,7.61,29.93,25.98,3.36,88.85,0.99,1.47,Kirtankhola_Barishal
2021-09-28,27.96,28.21,26.32,3.36,90.89,0.99,0.86,Kirtankhola_Barishal
2021-09-29,28.64,28.93,26.32,2.56,90.0,1.0,0.99,Kirtankhola_Barishal
2021-09-30,4.99,30.96,26.28,0.93,82.93,0.99,2.82,Kirtankhola_Barishal
2021-10-01,1.12,31.69,25.49,1.1,79.69,0.99,5.39,Kirtankhola_Barishal
2021-10-02,0.94,30.99,25.45,1.81,86.65,0.98,4.21,Kirtankhola_Barishal
2021-10-03,2.95,30.96,26.16,2.55,88.94,0.98,3.22,Kirtankhola_Barishal
2021-10-04,6.04,29.68,26.33,2.83,89.62,0.98,1.7,Kirtankhola_Barishal
2021-10-05,10.54,30.69,26.38,1.09,82.51,0.98,3.02,Kirtankhola_Barishal
2021-10-06,5.21,30.48,25.82,1.14,81.32,0.98,3.68,Kirtankhola_Barishal
2021-10-07,2.4,31.64,26.15,1.13,81.6,0.97,4.81,Kirtankhola_Barishal
2021-10-08,3.55,31.41,25.9,1.21,84.78,0.97,4.94,Kirtankhola_Barishal
2021-10-09,8.94,31.23,26.35,1.2,85.47,0.97,3.99,Kirtankhola_Barishal
2021-10-10,3.69,31.46,26.68,1.16,82.8,0.96,4.22,Kirtankhola_Barishal
2021-10-11,0.92,31.37,26.17,2.16,86.93,0.96,3.89,Kirtankhola_Barishal
2021-10-12,8.21,29.83,26.62,2.26,91.46,0.95,1.28,Kirtankhola_Barishal
2021-10-13,22.76,32.0,26.55,1.08,80.83,0.97,1.54,Kirtankhola_Barishal
2021-10-14,7.74,31.62,26.38,1.33,81.27,0.98,3.63,Kirtankhola_Barishal
2021-10-15,8.07,30.89,26.36,1.24,85.91,0.97,2.63,Kirtankhola_Barishal
2021-10-16,17.61,29.0,27.31,1.6,89.36,0.98,0.68,Kirtankhola_Barishal
2021-10-17,29.56,29.23,27.11,4.19,89.22,0.99,1.12,Kirtankhola_Barishal
2021-10-18,58.18,27.74,26.6,4.54,92.52,1.0,0.37,Kirtankhola_Barishal
2021-10-19,33.15,28.12,26.37,3.69,91.44,1.0,0.7,Kirtankhola_Barishal
2021-10-20,30.32,29.56,25.94,2.99,88.48,1.0,1.75,Kirtankhola_Barishal
2021-10-21,15.67,29.28,24.97,2.01,87.97,1.0,1.73,Kirtankhola_Barishal
2021-10-22,3.34,28.46,23.06,1.68,79.41,1.0,3.3,Kirtankhola_Barishal
2021-10-23,0.92,28.32,23.05,1.32,72.28,0.99,3.04,Kirtankhola_Barishal
2021-10-24,0.95,28.86,24.85,0.69,65.87,0.99,4.36,Kirtankhola_Barishal
2021-10-25,0.02,28.07,23.59,0.79,67.81,0.98,4.92,Kirtankhola_Barishal
2021-10-26,0.27,28.22,23.9,1.09,68.89,0.98,3.49,Kirtankhola_Barishal
2021-10-27,2.21,26.75,23.57,1.73,83.1,0.97,1.77,Kirtankhola_Barishal
2021-10-28,1.93,28.76,23.41,1.77,84.58,0.97,2.93,Kirtankhola_Barishal
2021-10-29,0.01,29.55,23.79,2.47,85.7,0.96,4.22,Kirtankhola_Barishal
2021-10-30,0.01,29.08,23.37,2.62,85.49,0.96,4.3,Kirtankhola_Barishal
2021-10-31,0.0,28.35,22.14,2.63,85.6,0.95,4.02,Kirtankhola_Barishal
2021-11-01,0.0,27.4,20.35,2.3,83.02,0.94,3.97,Kirtankhola_Barishal
2021-11-02,0.0,26.47,19.74,2.23,77.83,0.93,3.55,Kirtankhola_Barishal
2021-11-03,0.0,26.7,20.7,1.94,78.77,0.93,3.5,Kirtankhola_Barishal
2021-11-04,0.0,27.33,20.41,1.74,78.3,0.92,4.1,Kirtankhola_Barishal
2021-11-05,0.0,26.74,19.94,2.27,83.78,0.91,4.02,Kirtankhola_Barishal
2021-11-06,0.0,26.46,18.29,2.39,81.32,0.9,4.01,Kirtankhola_Barishal
2021-11-07,0.0,26.09,18.24,2.86,84.19,0.9,3.91,Kirtankhola_Barishal
2021-11-08,0.0,26.14,17.91,2.41,84.95,0.89,3.98,Kirtankhola_Barishal
2021-11-09,0.0,26.65,17.86,1.68,83.74,0.88,4.64,Kirtankhola_Barishal
2021-11-10,0.0,26.93,18.44,1.45,81.9,0.88,4.54,Kirtankhola_Barishal
2021-11-11,0.0,27.85,20.14,0.98,78.24,0.87,4.97,Kirtankhola_Barishal
2021-11-12,0.09,27.87,21.5,1.63,83.18,0.86,3.71,Kirtankhola_Barishal
2021-11-13,0.53,26.51,22.55,2.14,88.84,0.86,2.46,Kirtankhola_Barishal
2021-11-14,1.29,27.13,22.1,1.6,85.58,0.86,3.15,Kirtankhola_Barishal
2021-11-15,2.77,27.1,22.4,0.73,84.58,0.86,2.71,Kirtankhola_Barishal
2021-11-16,2.16,27.14,22.17,1.73,87.81,0.85,2.94,Kirtankhola_Barishal
2021-11-17,0.74,27.63,19.69,2.97,86.72,0.85,3.89,Kirtankhola_Barishal
2021-11-18,0.0,27.0,17.07,1.89,79.15,0.84,4.27,Kirtankhola_Barishal
2021-11-19,0.0,26.73,18.88,1.74,79.88,0.84,4.22,Kirtankhola_Barishal
2021-11-20,0.0,26.34,18.44,1.95,84.13,0.83,3.74,Kirtankhola_Barishal
2021-11-21,0.0,26.81,19.82,1.64,83.41,0.83,3.41,Kirtankhola_Barishal
2021-11-22,0.0,27.59,19.97,1.37,81.48,0.82,3.93,Kirtankhola_Barishal
2021-11-23,0.0,27.41,19.99,1.8,84.49,0.82,3.46,Kirtankhola_Barishal
2021-11-24,0.0,26.63,19.93,2.45,88.02,0.81,3.18,Kirtankhola_Barishal
2021-11-25,0.0,26.5,18.72,2.19,77.81,0.81,3.51,Kirtankhola_Barishal
2021-11-26,0.0,25.2,16.74,2.5,78.18,0.8,3.05,Kirtankhola_Barishal
2021-11-27,0.0,25.18,15.79,2.27,78.83,0.8,3.32,Kirtankhola_Barishal
2021-11-28,0.0,24.77,15.06,2.21,80.83,0.79,3.33,Kirtankhola_Barishal
2021-11-29,0.0,24.0,14.69,2.3,83.52,0.79,2.82,Kirtankhola_Barishal
2021-11-30,0.0,25.22,14.74,2.0,83.76,0.78,3.26,Kirtankhola_Barishal
2021-12-01,0.0,26.52,16.52,1.54,83.3,0.78,3.73,Kirtankhola_Barishal
2021-12-02,0.0,27.75,17.33,1.23,79.07,0.77,4.32,Kirtankhola_Barishal
2021-12-03,0.69,26.79,18.06,1.19,81.13,0.76,3.55,Kirtankhola_Barishal
2021-12-04,15.99,24.81,20.4,1.62,89.9,0.78,0.9,Kirtankhola_Barishal
2021-12-05,36.22,25.1,21.76,2.19,91.91,0.81,0.91,Kirtankhola_Barishal
2021-12-06,33.93,26.08,22.11,4.41,91.95,0.84,0.99,Kirtankhola_Barishal
2021-12-07,27.83,26.99,21.53,1.47,89.66,0.89,1.99,Kirtankhola_Barishal
2021-12-08,6.83,25.62,20.07,2.33,90.49,0.89,1.57,Kirtankhola_Barishal
2021-12-09,1.29,25.95,20.18,1.9,89.71,0.89,1.52,Kirtankhola_Barishal
2021-12-10,0.32,24.41,18.84,2.88,85.54,0.88,2.0,Kirtankhola_Barishal
2021-12-11,0.99,25.22,16.72,2.23,83.39,0.88,2.02,Kirtankhola_Barishal
2021-12-12,0.0,23.42,15.6,3.35,81.74,0.87,1.95,Kirtankhola_Barishal
2021-12-13,0.0,22.4,13.13,2.49,82.21,0.87,1.96,Kirtankhola_Barishal
2021-12-14,0.0,22.79,13.55,2.19,85.49,0.86,1.95,Kirtankhola_Barishal
2021-12-15,0.0,22.2,13.76,2.11,86.09,0.86,1.58,Kirtankhola_Barishal
2021-12-16,0.0,22.32,13.34,2.45,86.69,0.85,1.8,Kirtankhola_Barishal
2021-12-17,0.0,22.91,14.02,2.51,85.49,0.85,2.01,Kirtankhola_Barishal
2021-12-18,0.0,23.49,13.12,2.34,81.77,0.84,1.95,Kirtankhola_Barishal
2021-12-19,0.0,22.35,13.33,2.77,85.61,0.84,1.59,Kirtankhola_Barishal
2021-12-20,0.0,20.73,10.94,2.56,80.88,0.84,1.61,Kirtankhola_Barishal
2021-12-21,0.0,20.94,10.43,1.47,81.07,0.83,1.54,Kirtankhola_Barishal
2021-12-22,0.0,20.84,12.61,1.04,79.18,0.83,1.63,Kirtankhola_Barishal
2021-12-23,0.0,22.68,13.62,0.99,75.25,0.82,2.11,Kirtankhola_Barishal
2021-12-24,0.0,22.77,13.32,1.51,81.33,0.82,1.76,Kirtankhola_Barishal
2021-12-25,0.0,23.07,13.82,1.19,78.77,0.82,1.98,Kirtankhola_Barishal
2021-12-26,0.0,23.36,14.36,1.48,80.26,0.81,1.86,Kirtankhola_Barishal
2021-12-27,0.0,22.68,14.17,1.73,81.59,0.81,1.68,Kirtankhola_Barishal
2021-12-28,0.0,22.79,13.91,1.92,83.39,0.8,1.72,Kirtankhola_Barishal
2021-12-29,0.0,23.33,14.28,1.4,79.81,0.8,2.16,Kirtankhola_Barishal
2021-12-30,0.0,24.16,14.53,2.05,83.06,0.79,2.11,Kirtankhola_Barishal
2021-12-31,0.0,23.28,14.59,2.84,85.1,0.79,1.97,Kirtankhola_Barishal
2022-01-01,0.0,22.59,13.61,2.57,83.85,0.79,1.81,Kirtankhola_Barishal
2022-01-02,0.0,21.54,13.45,2.39,85.56,0.78,1.08,Kirtankhola_Barishal
2022-01-03,0.0,22.25,12.91,2.04,84.82,0.78,1.77,Kirtankhola_Barishal
2022-01-04,0.0,21.49,13.63,2.39,86.26,0.78,1.1,Kirtankhola_Barishal
2022-01-05,0.0,22.5,11.73,2.29,82.2,0.77,1.79,Kirtankhola_Barishal
2022-01-06,0.0,22.91,11.95,1.69,80.4,0.77,1.9,Kirtankhola_Barishal
2022-01-07,0.0,23.25,13.17,2.03,83.72,0.76,1.91,Kirtankhola_Barishal
2022-01-08,0.0,23.8,13.79,2.04,84.65,0.76,2.02,Kirtankhola_Barishal
2022-01-09,0.0,23.61,14.28,1.62,84.24,0.75,2.03,Kirtankhola_Barishal
2022-01-10,0.0,23.99,14.61,1.57,84.17,0.75,1.96,Kirtankhola_Barishal
2022-01-11,0.0,24.01,15.26,1.69,85.57,0.74,1.84,Kirtankhola_Barishal
2022-01-12,1.46,22.67,16.14,1.67,88.19,0.74,1.11,Kirtankhola_Barishal
2022-01-13,0.75,22.61,16.28,1.83,86.7,0.74,1.17,Kirtankhola_Barishal
2022-01-14,3.25,22.32,16.09,3.08,84.08,0.74,1.51,Kirtankhola_Barishal
2022-01-15,0.38,22.35,14.1,2.49,79.97,0.74,1.54,Kirtankhola_Barishal
2022-01-16,0.05,22.41,14.03,3.35,82.44,0.73,1.78,Kirtankhola_Barishal
2022-01-17,0.0,22.61,11.83,2.43,82.31,0.73,1.82,Kirtankhola_Barishal
2022-01-18,0.0,22.72,12.1,1.66,81.41,0.72,1.64,Kirtankhola_Barishal
2022-01-19,0.0,22.25,13.32,1.37,78.65,0.72,1.73,Kirtankhola_Barishal
2022-01-20,0.0,22.4,13.32,1.3,77.73,0.72,1.75,Kirtankhola_Barishal
2022-01-21,0.0,23.05,13.82,0.94,69.4,0.71,2.06,Kirtankhola_Barishal
2022-01-22,0.01,22.94,14.95,1.13,70.89,0.71,1.79,Kirtankhola_Barishal
2022-01-23,0.0,24.01,15.31,1.34,76.39,0.7,2.11,Kirtankhola_Barishal
2022-01-24,3.63,21.95,16.28,2.51,91.24,0.7,0.75,Kirtankhola_Barishal
2022-01-25,1.78,22.65,16.69,2.39,83.34,0.71,1.66,Kirtankhola_Barishal
2022-01-26,1.32,23.02,15.33,1.22,79.42,0.7,1.99,Kirtankhola_Barishal
2022-01-27,3.05,22.07,15.01,1.75,85.01,0.7,1.38,Kirtankhola_Barishal
2022-01-28,2.85,21.12,11.92,2.22,75.56,0.7,2.0,Kirtankhola_Barishal
2022-01-29,0.0,19.59,10.33,2.34,78.57,0.7,1.48,Kirtankhola_Barishal
2022-01-30,0.0,20.99,10.62,1.77,73.13,0.69,1.81,Kirtankhola_Barishal
2022-01-31,0.0,22.39,13.41,1.12,66.79,0.69,2.13,Kirtankhola_Barishal
2022-02-01,0.1,23.39,14.49,1.98,81.99,0.68,2.12,Kirtankhola_Barishal
2022-02-02,0.29,24.25,14.43,1.25,71.58,0.68,2.6,Kirtankhola_Barishal
2022-02-03,0.01,24.41,14.53,2.02,78.41,0.67,2.49,Kirtankhola_Barishal
2022-02-04,1.23,24.42,15.99,2.79,85.04,0.67,2.51,Kirtankhola_Barishal
2022-02-05,27.51,22.54,14.0,3.39,76.16,0.7,2.09,Kirtankhola_Barishal
2022-02-06,22.32,21.68,11.93,1.93,75.47,0.73,2.08,Kirtankhola_Barishal
2022-02-07,0.0,21.16,11.42,2.26,77.06,0.72,1.91,Kirtankhola_Barishal
2022-02-08,0.0,22.21,12.22,2.24,70.57,0.71,2.17,Kirtankhola_Barishal
2022-02-09,0.0,23.24,12.78,2.05,71.87,0.71,2.37,Kirtankhola_Barishal
2022-02-10,0.0,24.09,14.06,1.35,75.34,0.7,2.34,Kirtankhola_Barishal
2022-02-11,0.0,23.97,15.02,2.0,77.34,0.7,2.46,Kirtankhola_Barishal
2022-02-12,0.0,22.73,13.52,2.52,68.45,0.69,2.65,Kirtankhola_Barishal
2022-02-13,0.0,23.44,12.08,3.12,73.81,0.68,2.57,Kirtankhola_Barishal
2022-02-14,0.0,23.82,12.09,2.33,74.4,0.68,2.78,Kirtankhola_Barishal
2022-02-15,0.0,23.46,12.72,1.82,67.0,0.67,2.72,Kirtankhola_Barishal
2022-02-16,0.0,23.91,13.25,1.74,63.15,0.67,2.73,Kirtankhola_Barishal
2022-02-17,0.0,24.45,13.11,2.18,66.05,0.66,2.78,Kirtankhola_Barishal
2022-02-18,0.0,24.58,13.77,2.25,60.47,0.65,3.11,Kirtankhola_Barishal
2022-02-19,0.0,24.98,14.54,1.81,57.32,0.65,3.32,Kirtankhola_Barishal
2022-02-20,1.74,25.71,15.08,2.19,72.65,0.64,3.21,Kirtankhola_Barishal
2022-02-21,6.75,25.23,15.89,2.08,70.8,0.65,3.37,Kirtankhola_Barishal
2022-02-22,0.86,25.96,15.97,1.44,71.27,0.64,3.45,Kirtankhola_Barishal
2022-02-23,0.01,27.42,17.2,1.03,67.22,0.64,4.02,Kirtankhola_Barishal
2022-02-24,0.03,27.94,18.03,1.44,79.48,0.63,3.88,Kirtankhola_Barishal
2022-02-25,0.45,28.49,18.24,1.11,75.06,0.62,3.94,Kirtankhola_Barishal
2022-02-26,0.03,28.25,19.11,1.45,73.09,0.62,4.21,Kirtankhola_Barishal
2022-02-27,0.04,27.7,17.75,1.73,71.38,0.61,4.35,Kirtankhola_Barishal
2022-02-28,1.26,28.77,19.85,1.2,66.23,0.6,4.25,Kirtankhola_Barishal
2022-03-01,0.31,28.0,19.14,2.02,66.94,0.6,4.15,Kirtankhola_Barishal
2022-03-02,0.0,27.8,17.42,2.55,65.64,0.59,4.32,Kirtankhola_Barishal
2022-03-03,0.0,28.17,17.22,2.11,64.27,0.59,4.42,Kirtankhola_Barishal
2022-03-04,0.0,28.25,17.34,1.96,61.14,0.58,4.4,Kirtankhola_Barishal
2022-03-05,0.0,29.05,19.54,1.3,55.06,0.57,4.46,Kirtankhola_Barishal
2022-03-06,0.0,29.29,18.71,2.33,63.1,0.56,4.63,Kirtankhola_Barishal
2022-03-07,0.0,29.9,17.26,2.42,67.72,0.56,4.33,Kirtankhola_Barishal
2022-03-08,0.0,30.15,17.74,1.59,60.03,0.55,4.43,Kirtankhola_Barishal
2022-03-09,0.0,30.24,18.29,1.37,60.52,0.54,3.97,Kirtankhola_Barishal
2022-03-10,0.0,30.4,17.83,1.66,56.91,0.54,4.46,Kirtankhola_Barishal
2022-03-11,0.0,29.98,17.69,1.76,57.02,0.53,3.78,Kirtankhola_Barishal
2022-03-12,0.0,30.44,18.89,2.13,57.46,0.53,3.74,Kirtankhola_Barishal
2022-03-13,0.0,31.14,18.18,2.4,58.7,0.52,3.99,Kirtankhola_Barishal
2022-03-14,0.0,32.17,18.45,1.93,54.09,0.51,3.67,Kirtankhola_Barishal
2022-03-15,0.0,32.64,20.62,1.55,51.05,0.51,3.23,Kirtankhola_Barishal
2022-03-16,0.0,33.32,19.16,1.69,67.26,0.5,3.18,Kirtankhola_Barishal
2022-03-17,0.0,33.57,21.39,1.2,59.8,0.5,3.14,Kirtankhola_Barishal
2022-03-18,0.0,33.74,20.26,1.65,60.68,0.49,2.74,Kirtankhola_Barishal
2022-03-19,0.0,34.57,20.72,1.69,60.52,0.49,2.6,Kirtankhola_Barishal
2022-03-20,0.0,33.26,21.07,2.4,66.03,0.48,2.64,Kirtankhola_Barishal
2022-03-21,0.0,33.57,21.12,1.65,68.53,0.48,2.36,Kirtankhola_Barishal
2022-03-22,0.0,33.95,22.05,1.53,67.82,0.47,2.06,Kirtankhola_Barishal
2022-03-23,0.0,35.77,22.75,2.01,65.73,0.47,2.19,Kirtankhola_Barishal
2022-03-24,0.0,34.19,23.94,4.44,70.99,0.46,1.71,Kirtankhola_Barishal
2022-03-25,0.02,33.73,23.62,4.46,76.61,0.46,1.39,Kirtankhola_Barishal
2022-03-26,0.09,33.69,25.76,4.56,74.09,0.46,1.3,Kirtankhola_Barishal
2022-03-27,0.38,32.91,25.2,2.72,75.45,0.46,1.22,Kirtankhola_Barishal
2022-03-28,0.22,34.27,24.65,2.62,72.45,0.45,1.4,Kirtankhola_Barishal
2022-03-29,0.17,33.18,24.6,3.55,73.66,0.45,1.12,Kirtankhola_Barishal
2022-03-30,0.33,33.51,25.05,3.13,73.04,0.45,1.07,Kirtankhola_Barishal
2022-03-31,0.16,33.85,25.37,3.78,71.82,0.45,1.03,Kirtankhola_Barishal
2022-04-01,0.03,33.75,25.48,4.19,72.66,0.44,0.92,Kirtankhola_Barishal
2022-04-02,0.01,33.7,25.62,3.27,72.17,0.44,0.85,Kirtankhola_Barishal
2022-04-03,0.01,33.29,24.92,4.22,71.09,0.44,0.81,Kirtankhola_Barishal
2022-04-04,0.02,33.58,25.74,5.26,68.7,0.43,0.81,Kirtankhola_Barishal
2022-04-05,0.05,34.62,24.9,3.97,71.67,0.43,0.8,Kirtankhola_Barishal
2022-04-06,0.98,34.52,24.59,3.2,73.04,0.43,0.76,Kirtankhola_Barishal
2022-04-07,0.0,36.42,24.12,2.16,64.73,0.43,0.86,Kirtankhola_Barishal
2022-04-08,0.0,36.23,23.64,2.7,65.26,0.43,0.77,Kirtankhola_Barishal
2022-04-09,0.0,35.44,24.73,3.72,72.43,0.42,0.58,Kirtankhola_Barishal
2022-04-10,0.0,35.65,24.61,3.34,70.37,0.42,0.58,Kirtankhola_Barishal
2022-04-11,0.04,35.0,25.72,4.56,72.68,0.42,0.45,Kirtankhola_Barishal
2022-04-12,0.02,35.65,25.72,3.58,71.36,0.42,0.48,Kirtankhola_Barishal
2022-04-13,0.01,35.19,25.95,4.14,70.62,0.41,0.42,Kirtankhola_Barishal
2022-04-14,0.01,34.66,26.04,4.64,72.75,0.41,0.34,Kirtankhola_Barishal
2022-04-15,0.04,35.83,26.82,5.11,71.15,0.41,0.36,Kirtankhola_Barishal
2022-04-16,0.71,34.05,26.81,4.63,73.26,0.41,0.27,Kirtankhola_Barishal
2022-04-17,0.74,34.44,26.41,4.01,72.57,0.41,0.28,Kirtankhola_Barishal
2022-04-18,0.78,35.0,26.22,3.35,71.57,0.41,0.3,Kirtankhola_Barishal
2022-04-19,0.81,34.78,25.69,3.66,73.73,0.41,0.27,Kirtankhola_Barishal
2022-04-20,8.85,33.37,25.35,2.88,75.92,0.41,0.25,Kirtankhola_Barishal
2022-04-21,11.63,32.42,24.64,2.11,75.06,0.44,0.77,Kirtankhola_Barishal
2022-04-22,6.37,34.14,25.35,2.99,75.19,0.44,0.92,Kirtankhola_Barishal
2022-04-23,18.08,35.05,25.82,2.68,78.09,0.46,1.49,Kirtankhola_Barishal
2022-04-24,7.46,35.55,25.99,3.41,76.12,0.47,2.4,Kirtankhola_Barishal
2022-04-25,1.46,35.4,25.95,3.06,75.9,0.47,2.24,Kirtankhola_Barishal
2022-04-26,0.66,34.3,26.43,3.27,77.26,0.46,1.51,Kirtankhola_Barishal
2022-04-27,0.67,33.93,26.2,3.43,78.99,0.46,1.4,Kirtankhola_Barishal
2022-04-28,0.24,37.02,25.89,2.66,72.91,0.46,1.82,Kirtankhola_Barishal
2022-04-29,0.35,36.43,25.97,2.54,72.47,0.45,1.63,Kirtankhola_Barishal
2022-04-30,1.5,35.55,27.01,3.15,70.45,0.45,1.35,Kirtankhola_Barishal
2022-05-01,2.69,36.27,26.56,2.32,65.55,0.45,1.65,Kirtankhola_Barishal
2022-05-02,7.4,35.39,26.81,2.91,67.97,0.46,1.62,Kirtankhola_Barishal
2022-05-03,7.41,33.86,26.42,3.35,72.55,0.46,1.32,Kirtankhola_Barishal
2022-05-04,17.02,31.63,25.98,2.44,77.5,0.48,1.76,Kirtankhola_Barishal
2022-05-05,5.25,32.83,25.69,2.04,74.57,0.49,2.82,Kirtankhola_Barishal
2022-05-06,6.3,32.85,25.74,1.93,74.56,0.49,2.82,Kirtankhola_Barishal
2022-05-07,1.16,34.52,25.96,1.65,70.41,0.49,3.46,Kirtankhola_Barishal
2022-05-08,5.8,34.49,25.29,2.28,72.44,0.49,3.44,Kirtankhola_Barishal
2022-05-09,33.29,30.51,26.53,3.1,81.59,0.51,1.89,Kirtankhola_Barishal
2022-05-10,35.54,29.87,26.3,3.53,85.88,0.58,2.8,Kirtankhola_Barishal
2022-05-11,21.32,31.96,26.71,4.0,83.8,0.6,4.63,Kirtankhola_Barishal
2022-05-12,8.99,32.2,27.22,4.1,83.28,0.61,5.7,Kirtankhola_Barishal
2022-05-13,8.5,31.77,27.04,4.96,84.97,0.61,4.71,Kirtankhola_Barishal
2022-05-14,2.25,32.99,27.29,5.34,83.6,0.6,6.28,Kirtankhola_Barishal
2022-05-15,1.72,32.29,27.85,4.61,83.63,0.59,4.77,Kirtankhola_Barishal
2022-05-16,2.63,30.81,27.84,3.78,88.24,0.59,2.2,Kirtankhola_Barishal
2022-05-17,3.46,30.46,27.63,4.13,88.69,0.59,1.76,Kirtankhola_Barishal
2022-05-18,8.13,30.46,27.55,2.78,86.13,0.59,2.14,Kirtankhola_Barishal
2022-05-19,5.48,31.63,27.45,3.42,87.09,0.59,2.69,Kirtankhola_Barishal
2022-05-20,14.63,31.46,27.48,3.06,86.1,0.6,3.06,Kirtankhola_Barishal
2022-05-21,60.81,30.5,26.89,3.2,91.15,0.65,1.47,Kirtankhola_Barishal
2022-05-22,15.93,31.78,25.03,2.45,83.42,0.72,3.55,Kirtankhola_Barishal
2022-05-23,9.43,31.88,26.32,2.17,81.46,0.71,4.67,Kirtankhola_Barishal
2022-05-24,9.1,33.69,26.37,1.46,76.65,0.71,6.12,Kirtankhola_Barishal
2022-05-25,15.56,31.87,26.92,1.62,81.81,0.72,3.55,Kirtankhola_Barishal
2022-05-26,15.38,32.14,26.24,1.66,81.19,0.72,4.33,Kirtankhola_Barishal
2022-05-27,13.93,32.58,26.7,2.66,81.18,0.73,4.78,Kirtankhola_Barishal
2022-05-28,13.72,33.35,27.0,1.98,79.88,0.74,5.12,Kirtankhola_Barishal
2022-05-29,27.65,31.71,27.23,2.09,83.43,0.76,2.89,Kirtankhola_Barishal
2022-05-30,22.93,30.93,26.77,2.15,84.91,0.79,2.04,Kirtankhola_Barishal
2022-05-31,12.77,30.99,26.52,2.33,84.33,0.79,3.09,Kirtankhola_Barishal
2022-06-01,16.27,31.53,27.03,3.0,84.96,0.79,3.24,Kirtankhola_Barishal
2022-06-02,3.42,32.03,26.75,2.99,83.01,0.79,4.34,Kirtankhola_Barishal
2022-06-03,13.93,30.71,27.38,3.18,87.67,0.79,2.04,Kirtankhola_Barishal
2022-06-04,18.61,30.01,27.17,3.01,87.85,0.81,1.9,Kirtankhola_Barishal
2022-06-05,2.1,31.2,27.04,3.19,87.62,0.81,2.92,Kirtankhola_Barishal
2022-06-06,1.47,31.72,27.05,3.43,85.77,0.8,3.74,Kirtankhola_Barishal
2022-06-07,1.17,31.97,27.19,3.05,85.13,0.79,3.87,Kirtankhola_Barishal
2022-06-08,5.13,31.32,27.41,3.22,88.02,0.78,2.43,Kirtankhola_Barishal
2022-06-09,18.36,31.25,27.78,3.84,88.65,0.79,1.97,Kirtankhola_Barishal
2022-06-10,18.31,31.3,26.71,2.04,84.06,0.82,2.59,Kirtankhola_Barishal
2022-06-11,7.96,30.78,26.75,3.34,87.76,0.82,2.17,Kirtankhola_Barishal
2022-06-12,2.71,31.7,27.22,3.94,87.44,0.81,2.85,Kirtankhola_Barishal
2022-06-13,6.14,31.72,27.66,4.02,88.47,0.81,2.83,Kirtankhola_Barishal
2022-06-14,8.96,30.98,27.56,4.05,90.49,0.81,1.88,Kirtankhola_Barishal
2022-06-15,19.36,30.6,27.43,3.81,90.15,0.82,1.46,Kirtankhola_Barishal
2022-06-16,32.79,28.75,26.49,3.95,91.48,0.85,0.66,Kirtankhola_Barishal
2022-06-17,46.01,29.13,26.91,3.83,93.18,0.89,0.39,Kirtankhola_Barishal
2022-06-18,53.38,28.96,26.73,3.86,91.86,0.92,0.54,Kirtankhola_Barishal
2022-06-19,49.01,28.59,26.55,4.27,91.94,0.94,0.61,Kirtankhola_Barishal
2022-06-20,44.28,28.65,26.2,4.09,90.81,0.96,0.56,Kirtankhola_Barishal
2022-06-21,44.22,29.35,26.14,2.62,90.69,0.97,0.47,Kirtankhola_Barishal
2022-06-22,25.27,29.22,26.02,2.46,88.89,0.98,0.88,Kirtankhola_Barishal
2022-06-23,4.43,29.8,26.0,3.81,89.84,0.97,1.18,Kirtankhola_Barishal
2022-06-24,5.61,29.84,26.63,3.65,90.04,0.97,1.23,Kirtankhola_Barishal
2022-06-25,16.26,30.42,26.12,4.25,88.77,0.97,1.67,Kirtankhola_Barishal
2022-06-26,7.74,30.0,26.58,3.57,88.4,0.97,1.43,Kirtankhola_Barishal
2022-06-27,7.42,30.43,26.42,2.5,87.66,0.97,1.54,Kirtankhola_Barishal
2022-06-28,6.0,30.31,26.67,3.17,89.34,0.96,1.1,Kirtankhola_Barishal
2022-06-29,23.6,30.62,26.97,3.23,89.48,0.97,1.14,Kirtankhola_Barishal
2022-06-30,10.82,29.54,26.88,2.88,90.53,0.98,0.57,Kirtankhola_Barishal
2022-07-01,24.93,29.46,26.93,2.76,91.9,0.98,0.55,Kirtankhola_Barishal
2022-07-02,14.59,30.34,26.46,2.7,88.93,0.98,1.28,Kirtankhola_Barishal
2022-07-03,5.88,30.1,26.81,3.49,89.35,0.98,1.12,Kirtankhola_Barishal
2022-07-04,12.12,30.22,26.61,3.11,88.58,0.98,1.24,Kirtankhola_Barishal
2022-07-05,3.1,29.9,26.61,4.06,89.09,0.97,1.45,Kirtankhola_Barishal
2022-07-06,12.42,29.84,27.1,3.1,90.21,0.97,0.65,Kirtankhola_Barishal
2022-07-07,6.83,30.44,26.92,3.7,87.86,0.97,1.87,Kirtankhola_Barishal
2022-07-08,8.12,30.59,26.36,3.39,88.29,0.97,1.46,Kirtankhola_Barishal
2022-07-09,2.52,30.82,26.53,3.68,86.17,0.96,1.96,Kirtankhola_Barishal
2022-07-10,7.69,30.76,27.01,4.01,87.26,0.96,1.94,Kirtankhola_Barishal
2022-07-11,12.3,30.02,26.91,4.53,87.08,0.96,1.67,Kirtankhola_Barishal
2022-07-12,8.35,30.8,27.39,4.88,87.27,0.96,2.18,Kirtankhola_Barishal
2022-07-13,1.82,30.99,27.41,5.42,86.74,0.95,2.33,Kirtankhola_Barishal
2022-07-14,0.99,29.88,27.53,4.52,88.47,0.94,1.16,Kirtankhola_Barishal
2022-07-15,1.62,30.84,27.24,4.33,86.19,0.93,2.19,Kirtankhola_Barishal
2022-07-16,3.5,31.01,27.37,5.12,87.01,0.92,2.32,Kirtankhola_Barishal
2022-07-17,6.17,31.17,27.36,4.98,86.58,0.92,2.15,Kirtankhola_Barishal
2022-07-18,4.39,31.55,26.9,3.6,85.54,0.91,2.31,Kirtankhola_Barishal
2022-07-19,8.69,30.93,27.32,3.32,86.7,0.91,1.68,Kirtankhola_Barishal
2022-07-20,26.46,31.23,27.15,2.98,86.73,0.93,1.43,Kirtankhola_Barishal
2022-07-21,10.3,31.0,27.32,3.39,86.95,0.94,2.09,Kirtankhola_Barishal
2022-07-22,6.35,31.16,27.48,3.36,88.04,0.94,1.98,Kirtankhola_Barishal
2022-07-23,9.87,29.86,26.87,3.67,87.36,0.93,1.45,Kirtankhola_Barishal
2022-07-24,33.25,30.56,27.04,3.74,87.27,0.95,1.22,Kirtankhola_Barishal
2022-07-25,22.96,29.08,26.53,1.79,84.31,0.97,0.96,Kirtankhola_Barishal
2022-07-26,10.67,30.55,25.87,1.01,79.21,0.97,1.75,Kirtankhola_Barishal
2022-07-27,5.58,31.69,26.22,1.46,82.73,0.97,2.41,Kirtankhola_Barishal
2022-07-28,1.53,30.84,26.55,1.66,82.17,0.96,1.46,Kirtankhola_Barishal
2022-07-29,3.47,32.45,26.77,1.4,80.27,0.96,2.61,Kirtankhola_Barishal
2022-07-30,15.89,32.3,26.79,2.39,84.5,0.96,2.14,Kirtankhola_Barishal
2022-07-31,8.42,31.54,27.36,2.62,86.21,0.95,1.76,Kirtankhola_Barishal
2022-08-01,8.1,31.72,27.19,2.53,86.95,0.95,1.85,Kirtankhola_Barishal
2022-08-02,11.04,32.23,26.85,1.85,85.15,0.95,2.67,Kirtankhola_Barishal
2022-08-03,23.79,30.33,27.19,1.85,86.41,0.96,1.03,Kirtankhola_Barishal
2022-08-04,10.7,30.8,27.01,2.65,86.15,0.96,1.54,Kirtankhola_Barishal
2022-08-05,6.04,31.73,27.26,2.67,86.2,0.96,2.4,Kirtankhola_Barishal
2022-08-06,9.08,30.59,27.38,3.22,88.18,0.96,1.65,Kirtankhola_Barishal
2022-08-07,13.04,31.4,27.11,3.47,85.53,0.96,2.45,Kirtankhola_Barishal
2022-08-08,15.29,30.15,26.73,4.81,88.24,0.96,1.41,Kirtankhola_Barishal
2022-08-09,27.04,29.86,27.01,4.6,90.36,0.97,1.14,Kirtankhola_Barishal
2022-08-10,30.59,29.02,27.02,5.03,91.62,0.98,0.47,Kirtankhola_Barishal
2022-08-11,17.02,29.56,26.97,4.33,91.44,0.99,0.81,Kirtankhola_Barishal
2022-08-12,9.78,31.6,25.99,2.16,86.95,0.99,2.37,Kirtankhola_Barishal
2022-08-13,14.43,29.6,26.72,3.49,89.56,0.98,0.81,Kirtankhola_Barishal
2022-08-14,34.67,28.17,27.07,6.55,91.93,0.99,0.3,Kirtankhola_Barishal
2022-08-15,14.55,29.79,26.87,4.05,90.38,0.99,0.71,Kirtankhola_Barishal
2022-08-16,4.72,31.19,26.32,1.86,87.37,0.99,1.41,Kirtankhola_Barishal
2022-08-17,3.14,31.59,26.75,1.74,86.67,0.99,1.43,Kirtankhola_Barishal
2022-08-18,17.34,32.02,26.98,2.73,88.54,0.98,1.23,Kirtankhola_Barishal
2022-08-19,24.08,29.88,27.12,6.72,88.33,0.99,1.47,Kirtankhola_Barishal
2022-08-20,5.42,30.11,26.85,5.22,86.7,0.99,1.85,Kirtankhola_Barishal
2022-08-21,8.55,30.2,26.69,2.96,87.79,0.98,1.67,Kirtankhola_Barishal
2022-08-22,10.13,31.21,26.52,1.79,86.6,0.98,2.23,Kirtankhola_Barishal
2022-08-23,37.19,29.59,26.48,3.25,89.38,0.99,1.37,Kirtankhola_Barishal
2022-08-24,20.45,29.74,25.87,3.48,87.19,0.99,1.98,Kirtankhola_Barishal
2022-08-25,3.42,31.71,25.83,1.63,82.6,0.99,3.31,Kirtankhola_Barishal
2022-08-26,0.84,29.9,25.96,2.08,88.77,0.98,1.41,Kirtankhola_Barishal
2022-08-27,2.36,30.07,25.94,3.09,89.19,0.98,1.39,Kirtankhola_Barishal
2022-08-28,8.06,29.59,26.35,3.32,87.61,0.98,2.19,Kirtankhola_Barishal
2022-08-29,1.44,31.34,26.32,1.9,84.35,0.97,3.38,Kirtankhola_Barishal
2022-08-30,0.85,31.61,26.33,1.28,83.32,0.96,3.24,Kirtankhola_Barishal
2022-08-31,1.65,31.32,26.56,1.79,87.05,0.96,2.5,Kirtankhola_Barishal
2022-09-01,6.17,30.85,26.99,1.54,86.38,0.95,1.57,Kirtankhola_Barishal
2022-09-02,16.4,29.9,27.08,1.64,87.27,0.96,1.58,Kirtankhola_Barishal
2022-09-03,5.89,31.8,26.27,2.66,86.64,0.96,3.3,Kirtankhola_Barishal
2022-09-04,10.26,31.76,27.27,2.94,88.27,0.96,2.64,Kirtankhola_Barishal
2022-09-05,14.64,30.61,27.44,2.58,89.9,0.96,1.35,Kirtankhola_Barishal
2022-09-06,11.31,31.19,27.34,0.85,83.99,0.97,1.85,Kirtankhola_Barishal
2022-09-07,6.33,30.42,26.93,1.62,87.76,0.97,1.42,Kirtankhola_Barishal
2022-09-08,16.81,32.47,26.86,1.59,84.37,0.97,2.98,Kirtankhola_Barishal
2022-09-09,8.78,30.38,27.1,1.83,87.06,0.97,1.58,Kirtankhola_Barishal
2022-09-10,14.29,28.9,26.82,3.49,91.44,0.97,0.71,Kirtankhola_Barishal
2022-09-11,48.5,29.07,27.04,4.25,91.69,0.98,0.6,Kirtankhola_Barishal
2022-09-12,59.53,28.52,27.13,4.41,93.69,1.0,0.26,Kirtankhola_Barishal
2022-09-13,41.83,28.89,26.5,3.87,93.61,1.0,0.26,Kirtankhola_Barishal
2022-09-14,33.72,29.58,26.24,2.93,89.63,1.0,1.07,Kirtankhola_Barishal
2022-09-15,22.03,30.46,25.8,2.74,89.77,1.0,1.45,Kirtankhola_Barishal
2022-09-16,20.25,30.33,26.41,1.74,89.49,1.0,1.48,Kirtankhola_Barishal
2022-09-17,3.65,30.48,26.15,2.06,89.64,1.0,1.79,Kirtankhola_Barishal
2022-09-18,5.21,30.45,26.46,1.89,88.19,0.99,2.53,Kirtankhola_Barishal
2022-09-19,13.47,29.71,26.38,3.84,90.93,0.99,1.28,Kirtankhola_Barishal
2022-09-20,6.1,29.84,26.79,4.83,88.81,0.99,2.4,Kirtankhola_Barishal
2022-09-21,7.9,30.13,26.55,3.65,89.08,0.99,2.64,Kirtankhola_Barishal
2022-09-22,6.08,30.32,26.13,2.58,88.3,0.98,2.41,Kirtankhola_Barishal
2022-09-23,3.42,30.27,25.81,1.98,86.68,0.98,2.84,Kirtankhola_Barishal
2022-09-24,3.73,30.18,25.93,1.72,87.15,0.98,2.61,Kirtankhola_Barishal
2022-09-25,9.78,30.61,25.96,1.15,82.74,0.97,3.27,Kirtankhola_Barishal
2022-09-26,3.28,28.58,26.07,1.39,88.04,0.97,0.87,Kirtankhola_Barishal
2022-09-27,8.2,31.38,25.83,1.14,82.34,0.97,5.31,Kirtankhola_Barishal
2022-09-28,2.92,29.45,26.21,1.27,87.6,0.97,1.4,Kirtankhola_Barishal
2022-09-29,0.61,31.35,26.17,1.29,79.96,0.97,3.71,Kirtankhola_Barishal
2022-09-30,1.53,31.16,25.68,1.72,83.97,0.96,2.36,Kirtankhola_Barishal
2022-10-01,12.55,31.13,26.13,1.37,85.89,0.97,2.04,Kirtankhola_Barishal
2022-10-02,39.49,28.88,26.52,2.16,90.83,0.98,1.11,Kirtankhola_Barishal
2022-10-03,33.11,29.34,25.87,2.5,90.9,0.99,0.99,Kirtankhola_Barishal
2022-10-04,37.19,30.19,26.68,2.74,88.7,1.0,2.02,Kirtankhola_Barishal
2022-10-05,10.33,30.49,26.22,2.25,88.25,1.0,2.59,Kirtankhola_Barishal
2022-10-06,6.01,30.43,26.0,1.6,84.58,0.99,2.95,Kirtankhola_Barishal
2022-10-07,3.42,30.54,25.12,1.46,80.58,0.99,4.01,Kirtankhola_Barishal
2022-10-08,4.95,30.82,25.34,1.21,82.93,0.98,4.56,Kirtankhola_Barishal
2022-10-09,15.88,29.28,26.04,1.48,88.36,0.99,1.79,Kirtankhola_Barishal
2022-10-10,18.81,29.51,25.72,1.39,86.86,0.99,1.69,Kirtankhola_Barishal
2022-10-11,14.21,29.01,25.67,2.08,91.19,0.99,0.83,Kirtankhola_Barishal
2022-10-12,6.97,28.78,25.85,1.74,88.71,0.99,1.31,Kirtankhola_Barishal
2022-10-13,3.9,30.16,25.42,1.11,82.03,0.99,4.67,Kirtankhola_Barishal
2022-10-14,2.43,30.07,25.3,0.68,77.53,0.99,4.14,Kirtankhola_Barishal
2022-10-15,5.17,30.53,25.3,2.17,85.01,0.98,3.49,Kirtankhola_Barishal
2022-10-16,1.97,30.44,23.72,2.46,85.91,0.98,3.95,Kirtankhola_Barishal
2022-10-17,1.08,30.83,24.12,1.37,82.49,0.97,5.32,Kirtankhola_Barishal
2022-10-18,0.94,30.34,24.51,1.22,81.35,0.96,4.54,Kirtankhola_Barishal
2022-10-19,1.62,29.77,24.74,1.53,82.23,0.96,4.15,Kirtankhola_Barishal
2022-10-20,0.29,30.36,24.27,2.46,85.17,0.95,4.61,Kirtankhola_Barishal
2022-10-21,0.12,30.58,24.2,2.35,85.94,0.94,4.95,Kirtankhola_Barishal
2022-10-22,0.1,31.08,23.93,2.01,83.4,0.93,5.41,Kirtankhola_Barishal
2022-10-23,36.57,27.31,24.35,2.39,90.94,0.94,0.85,Kirtankhola_Barishal
2022-10-24,209.35,26.66,24.42,5.62,94.22,0.99,0.32,Kirtankhola_Barishal
2022-10-25,16.61,28.15,22.27,3.4,86.28,1.0,2.56,Kirtankhola_Barishal
2022-10-26,3.15,28.27,22.26,1.56,79.39,0.99,3.33,Kirtankhola_Barishal
2022-10-27,0.0,28.5,21.76,2.05,81.78,0.99,3.39,Kirtankhola_Barishal
2022-10-28,0.01,27.98,20.82,1.95,78.18,0.98,3.54,Kirtankhola_Barishal
2022-10-29,0.03,28.4,19.53,1.69,78.48,0.98,4.27,Kirtankhola_Barishal
2022-10-30,2.74,28.82,20.66,1.58,79.2,0.97,4.15,Kirtankhola_Barishal
2022-10-31,4.72,29.3,21.48,1.68,81.48,0.97,4.25,Kirtankhola_Barishal
2022-11-01,0.46,29.71,22.8,2.11,87.07,0.96,4.23,Kirtankhola_Barishal
2022-11-02,0.27,29.78,23.25,1.84,85.4,0.96,4.55,Kirtankhola_Barishal
2022-11-03,0.1,28.28,22.42,2.11,84.37,0.95,3.61,Kirtankhola_Barishal
2022-11-04,0.01,27.73,20.43,1.75,76.81,0.94,4.28,Kirtankhola_Barishal
2022-11-05,0.2,29.07,20.94,1.11,73.12,0.93,5.21,Kirtankhola_Barishal
2022-11-06,1.42,28.83,20.59,1.37,76.59,0.93,4.85,Kirtankhola_Barishal
2022-11-07,2.35,28.49,19.53,1.51,75.95,0.92,4.73,Kirtankhola_Barishal
2022-11-08,0.0,28.06,20.0,0.91,68.0,0.92,5.24,Kirtankhola_Barishal
2022-11-09,0.0,27.82,20.35,0.83,69.02,0.91,5.21,Kirtankhola_Barishal
2022-11-10,0.0,27.84,19.84,1.11,71.83,0.9,5.2,Kirtankhola_Barishal
2022-11-11,0.0,27.95,19.76,1.45,74.86,0.9,4.8,Kirtankhola_Barishal
2022-11-12,0.0,27.8,19.76,1.69,77.17,0.89,4.43,Kirtankhola_Barishal
2022-11-13,0.71,26.49,19.08,2.44,82.94,0.88,3.49,Kirtankhola_Barishal
2022-11-14,1.59,26.47,17.95,2.0,78.7,0.88,3.73,Kirtankhola_Barishal
2022-11-15,0.0,26.86,18.11,1.41,73.5,0.87,4.39,Kirtankhola_Barishal
2022-11-16,0.0,26.69,18.83,1.67,79.7,0.87,4.12,Kirtankhola_Barishal
2022-11-17,0.0,26.99,18.15,2.23,83.98,0.86,3.95,Kirtankhola_Barishal
2022-11-18,0.0,26.05,17.43,2.55,83.32,0.85,3.69,Kirtankhola_Barishal
2022-11-19,0.04,26.69,16.93,2.46,84.13,0.85,3.77,Kirtankhola_Barishal
2022-11-20,3.01,27.23,18.75,2.13,82.22,0.85,3.23,Kirtankhola_Barishal
2022-11-21,0.18,27.06,19.17,2.38,82.15,0.84,3.85,Kirtankhola_Barishal
2022-11-22,1.07,25.92,17.3,2.58,83.34,0.84,3.56,Kirtankhola_Barishal
2022-11-23,0.0,25.5,16.44,2.36,87.05,0.83,3.11,Kirtankhola_Barishal
2022-11-24,4.78,25.97,16.22,2.3,84.38,0.83,3.24,Kirtankhola_Barishal
2022-11-25,90.75,26.43,16.84,1.87,85.06,0.87,3.09,Kirtankhola_Barishal
2022-11-26,7.05,26.55,17.24,1.69,83.58,0.87,3.42,Kirtankhola_Barishal
2022-11-27,0.53,26.23,17.4,1.13,77.55,0.86,3.95,Kirtankhola_Barishal
2022-11-28,0.32,26.8,17.9,1.5,81.6,0.85,3.42,Kirtankhola_Barishal
2022-11-29,0.41,28.05,20.48,1.38,81.03,0.85,3.82,Kirtankhola_Barishal
2022-11-30,0.01,27.54,20.19,1.72,82.27,0.84,3.67,Kirtankhola_Barishal
2022-12-01,0.01,26.65,19.06,2.3,80.71,0.84,3.54,Kirtankhola_Barishal
2022-12-02,0.0,25.72,16.63,2.4,85.91,0.83,3.09,Kirtankhola_Barishal
2022-12-03,0.0,24.78,15.76,2.17,84.82,0.83,2.8,Kirtankhola_Barishal
2022-12-04,0.0,25.28,15.09,1.97,82.84,0.82,2.93,Kirtankhola_Barishal
2022-12-05,0.0,25.38,15.81,2.26,86.18,0.82,2.9,Kirtankhola_Barishal
2022-12-06,0.0,25.21,15.97,2.0,85.44,0.81,2.88,Kirtankhola_Barishal
2022-12-07,0.0,25.12,15.71,2.03,84.61,0.81,2.64,Kirtankhola_Barishal
2022-12-08,0.0,24.46,15.89,2.02,85.41,0.8,1.96,Kirtankhola_Barishal
2022-12-09,0.0,24.74,15.48,1.5,82.24,0.8,2.84,Kirtankhola_Barishal
2022-12-10,0.0,25.17,16.48,1.6,83.05,0.79,2.45,Kirtankhola_Barishal
2022-12-11,0.0,25.09,16.13,1.85,81.5,0.79,2.73,Kirtankhola_Barishal
2022-12-12,0.0,24.8,15.76,1.91,80.18,0.79,2.24,Kirtankhola_Barishal
2022-12-13,0.0,24.45,15.74,1.66,79.56,0.78,2.03,Kirtankhola_Barishal
2022-12-14,0.0,25.13,17.33,1.17,78.75,0.78,1.98,Kirtankhola_Barishal
2022-12-15,0.0,24.4,15.24,1.73,78.7,0.77,2.17,Kirtankhola_Barishal
2022-12-16,0.0,23.53,13.81,2.33,80.34,0.77,2.07,Kirtankhola_Barishal
2022-12-17,0.0,23.5,13.56,2.02,81.68,0.77,1.97,Kirtankhola_Barishal
2022-12-18,0.0,23.83,13.93,1.23,75.36,0.76,2.1,Kirtankhola_Barishal
2022-12-19,0.0,24.49,15.45,1.21,75.13,0.76,2.38,Kirtankhola_Barishal
2022-12-20,0.0,24.73,16.6,0.89,76.62,0.75,2.42,Kirtankhola_Barishal
2022-12-21,0.0,24.16,15.17,1.76,83.25,0.75,2.12,Kirtankhola_Barishal
2022-12-22,0.0,23.47,14.54,1.62,80.96,0.75,1.26,Kirtankhola_Barishal
2022-12-23,0.0,24.0,14.56,1.95,75.72,0.74,1.95,Kirtankhola_Barishal
2022-12-24,0.0,23.91,13.36,1.39,69.1,0.74,2.4,Kirtankhola_Barishal
2022-12-25,0.0,25.38,16.18,1.05,73.13,0.73,2.5,Kirtankhola_Barishal
2022-12-26,0.0,26.45,17.07,0.83,78.33,0.73,2.48,Kirtankhola_Barishal
2022-12-27,0.59,25.85,16.62,1.78,82.44,0.73,2.02,Kirtankhola_Barishal
2022-12-28,11.62,25.01,17.57,1.18,85.09,0.73,1.61,Kirtankhola_Barishal
2022-12-29,0.07,22.73,13.53,2.46,74.19,0.74,2.15,Kirtankhola_Barishal
2022-12-30,0.0,22.22,12.91,1.66,72.42,0.73,1.73,Kirtankhola_Barishal
2022-12-31,0.0,22.81,13.79,1.36,72.32,0.73,2.03,Kirtankhola_Barishal
2023-01-01,0.0,22.53,13.79,2.03,78.77,0.72,1.68,Kirtankhola_Barishal
2023-01-02,0.0,22.89,13.16,2.08,76.7,0.72,1.99,Kirtankhola_Barishal
2023-01-03,0.0,22.59,12.8,2.34,80.38,0.72,1.97,Kirtankhola_Barishal
2023-01-04,0.0,21.94,12.37,2.64,85.37,0.71,1.79,Kirtankhola_Barishal
2023-01-05,0.0,22.06,12.02,3.08,84.74,0.71,1.78,Kirtankhola_Barishal
2023-01-06,0.01,22.17,11.49,2.97,83.55,0.7,1.73,Kirtankhola_Barishal
2023-01-07,0.01,21.97,11.09,2.21,82.71,0.7,1.79,Kirtankhola_Barishal
2023-01-08,0.01,23.14,12.11,1.58,85.84,0.7,1.86,Kirtankhola_Barishal
2023-01-09,0.01,24.52,13.01,1.93,81.93,0.69,2.14,Kirtankhola_Barishal
2023-01-10,0.0,24.82,13.12,1.87,76.93,0.69,2.3,Kirtankhola_Barishal
2023-01-11,0.0,23.28,12.44,1.79,74.2,0.68,2.01,Kirtankhola_Barishal
2023-01-12,0.0,22.41,11.67,1.37,68.78,0.68,1.87,Kirtankhola_Barishal
2023-01-13,0.0,24.22,13.48,1.05,68.61,0.67,2.13,Kirtankhola_Barishal
2023-01-14,0.0,24.8,15.29,0.93,81.85,0.67,1.88,Kirtankhola_Barishal
2023-01-15,0.0,24.36,16.28,1.42,83.68,0.67,1.9,Kirtankhola_Barishal
2023-01-16,0.0,23.39,13.9,1.84,77.7,0.66,1.92,Kirtankhola_Barishal
2023-01-17,0.0,22.79,13.19,2.04,78.17,0.66,1.97,Kirtankhola_Barishal
2023-01-18,0.0,21.64,12.65,2.12,76.13,0.66,1.5,Kirtankhola_Barishal
2023-01-19,0.0,21.71,11.93,2.48,72.04,0.65,1.77,Kirtankhola_Barishal
2023-01-20,0.0,21.87,10.83,2.15,70.66,0.65,1.77,Kirtankhola_Barishal
2023-01-21,0.09,22.78,11.4,1.83,71.75,0.64,1.9,Kirtankhola_Barishal
2023-01-22,0.0,23.43,12.59,1.74,69.83,0.64,1.82,Kirtankhola_Barishal
2023-01-23,0.0,24.12,13.64,1.45,74.32,0.64,1.97,Kirtankhola_Barishal
2023-01-24,0.0,25.67,14.87,1.54,75.65,0.63,2.22,Kirtankhola_Barishal
2023-01-25,0.0,25.79,15.51,1.34,68.58,0.63,2.17,Kirtankhola_Barishal
2023-01-26,0.0,26.26,16.17,0.99,70.45,0.62,2.27,Kirtankhola_Barishal
2023-01-27,0.0,25.88,16.91,1.71,75.66,0.62,2.37,Kirtankhola_Barishal
2023-01-28,0.0,25.57,15.91,2.2,79.5,0.61,2.39,Kirtankhola_Barishal
2023-01-29,0.0,25.43,14.99,2.28,73.99,0.61,2.71,Kirtankhola_Barishal
2023-01-30,0.0,26.1,13.97,1.6,70.36,0.6,2.64,Kirtankhola_Barishal
2023-01-31,0.33,26.24,17.75,1.44,74.24,0.6,2.27,Kirtankhola_Barishal
2023-02-01,0.0,25.72,15.87,2.53,73.56,0.6,2.2,Kirtankhola_Barishal
2023-02-02,0.0,25.37,14.57,3.34,67.82,0.59,2.98,Kirtankhola_Barishal
2023-02-03,0.0,24.91,12.8,2.39,68.21,0.59,2.38,Kirtankhola_Barishal
2023-02-04,0.0,24.5,13.02,1.64,62.15,0.58,2.33,Kirtankhola_Barishal
2023-02-05,0.0,25.57,15.25,0.96,56.2,0.58,2.54,Kirtankhola_Barishal
2023-02-06,0.0,26.14,15.59,1.25,59.75,0.57,2.6,Kirtankhola_Barishal
2023-02-07,0.0,26.48,15.68,1.85,78.86,0.57,2.64,Kirtankhola_Barishal
2023-02-08,0.0,26.86,17.48,2.24,82.47,0.56,2.69,Kirtankhola_Barishal
2023-02-09,0.0,27.57,18.54,0.99,73.72,0.56,2.74,Kirtankhola_Barishal
2023-02-10,0.0,26.9,18.63,0.71,65.91,0.55,2.75,Kirtankhola_Barishal
2023-02-11,0.0,28.36,17.3,1.33,67.55,0.55,2.97,Kirtankhola_Barishal
2023-02-12,0.0,28.31,17.61,2.13,81.2,0.54,2.71,Kirtankhola_Barishal
2023-02-13,0.0,26.64,14.18,2.37,59.55,0.54,3.0,Kirtankhola_Barishal
2023-02-14,0.0,26.46,14.85,2.13,51.62,0.53,2.72,Kirtankhola_Barishal
2023-02-15,0.0,25.86,15.39,1.3,52.9,0.53,2.35,Kirtankhola_Barishal
2023-02-16,0.0,26.51,16.68,1.21,65.38,0.52,2.21,Kirtankhola_Barishal
2023-02-17,0.0,26.97,17.48,1.17,69.4,0.52,2.2,Kirtankhola_Barishal
2023-02-18,0.0,27.82,19.17,1.03,70.55,0.52,2.03,Kirtankhola_Barishal
2023-02-19,0.0,28.16,18.48,1.42,72.4,0.51,1.99,Kirtankhola_Barishal
2023-02-20,0.0,28.97,19.36,1.42,71.75,0.51,1.91,Kirtankhola_Barishal
2023-02-21,0.0,29.49,19.89,2.46,77.73,0.51,2.04,Kirtankhola_Barishal
2023-02-22,0.0,29.97,20.22,2.99,80.04,0.5,2.11,Kirtankhola_Barishal
2023-02-23,0.0,29.93,20.32,2.88,79.33,0.5,2.03,Kirtankhola_Barishal
2023-02-24,0.0,31.12,20.87,1.09,73.2,0.49,2.19,Kirtankhola_Barishal
2023-02-25,0.51,31.02,21.48,0.94,64.5,0.49,2.01,Kirtankhola_Barishal
2023-02-26,0.77,31.83,19.91,1.03,54.84,0.49,2.45,Kirtankhola_Barishal
2023-02-27,0.51,31.9,19.77,1.18,57.86,0.48,2.11,Kirtankhola_Barishal
2023-02-28,0.0,32.02,20.06,1.4,58.82,0.48,2.01,Kirtankhola_Barishal
2023-03-01,0.0,31.54,19.91,1.56,57.06,0.48,1.75,Kirtankhola_Barishal
2023-03-02,0.0,32.31,19.99,1.18,50.06,0.47,1.66,Kirtankhola_Barishal
2023-03-03,0.0,32.87,20.93,1.06,49.23,0.47,1.62,Kirtankhola_Barishal
2023-03-04,0.0,33.42,21.41,1.03,53.91,0.46,1.54,Kirtankhola_Barishal
2023-03-05,0.0,34.13,21.69,1.05,61.65,0.46,1.63,Kirtankhola_Barishal
2023-03-06,0.0,34.03,21.67,1.47,61.01,0.46,1.42,Kirtankhola_Barishal
2023-03-07,0.0,33.3,20.67,1.69,56.48,0.45,1.23,Kirtankhola_Barishal
2023-03-08,0.0,32.54,22.22,1.74,53.01,0.45,1.01,Kirtankhola_Barishal
2023-03-09,0.0,32.73,21.73,2.76,49.9,0.45,0.93,Kirtankhola_Barishal
2023-03-10,0.0,28.96,21.46,2.25,50.11,0.45,0.43,Kirtankhola_Barishal
2023-03-11,0.0,32.04,21.65,2.09,50.12,0.44,0.68,Kirtankhola_Barishal
2023-03-12,0.0,33.9,20.56,2.27,49.74,0.44,0.91,Kirtankhola_Barishal
2023-03-13,0.0,34.33,20.82,1.98,49.28,0.44,0.91,Kirtankhola_Barishal
2023-03-14,0.02,32.43,21.78,2.5,67.3,0.44,0.55,Kirtankhola_Barishal
2023-03-15,0.24,32.75,22.04,2.8,70.62,0.43,0.61,Kirtankhola_Barishal
2023-03-16,0.39,31.09,22.52,2.01,71.29,0.43,0.35,Kirtankhola_Barishal
2023-03-17,0.52,30.99,22.71,1.77,64.81,0.43,0.45,Kirtankhola_Barishal
2023-03-18,4.13,29.92,21.63,1.61,66.86,0.43,0.37,Kirtankhola_Barishal
2023-03-19,12.35,27.64,22.04,2.06,78.13,0.45,0.25,Kirtankhola_Barishal
2023-03-20,8.11,27.37,22.12,2.98,78.03,0.47,0.55,Kirtankhola_Barishal
2023-03-21,20.41,29.06,21.77,2.64,78.52,0.49,1.32,Kirtankhola_Barishal
2023-03-22,15.54,28.97,21.63,2.2,78.64,0.52,2.55,Kirtankhola_Barishal
2023-03-23,8.17,29.41,21.66,2.27,78.36,0.52,3.02,Kirtankhola_Barishal
2023-03-24,1.44,30.99,21.49,1.46,72.78,0.52,4.0,Kirtankhola_Barishal
2023-03-25,1.73,31.85,22.13,1.77,73.98,0.51,3.65,Kirtankhola_Barishal
2023-03-26,1.85,32.45,22.95,2.24,75.12,0.51,3.38,Kirtankhola_Barishal
2023-03-27,8.01,31.93,23.01,2.02,77.88,0.51,3.09,Kirtankhola_Barishal
2023-03-28,4.64,32.48,23.58,1.57,73.42,0.51,3.73,Kirtankhola_Barishal
2023-03-29,9.6,31.3,23.44,1.86,78.17,0.52,2.7,Kirtankhola_Barishal
2023-03-30,9.72,30.72,23.12,1.89,79.09,0.53,3.63,Kirtankhola_Barishal
2023-03-31,21.84,29.38,23.35,2.0,84.46,0.55,2.65,Kirtankhola_Barishal
2023-04-01,24.39,28.93,23.48,1.71,84.6,0.58,3.06,Kirtankhola_Barishal
2023-04-02,5.95,29.74,22.09,1.6,77.67,0.6,6.06,Kirtankhola_Barishal
2023-04-03,4.37,30.38,22.68,2.09,78.61,0.59,5.96,Kirtankhola_Barishal
2023-04-04,2.03,31.67,23.66,2.85,79.56,0.58,6.53,Kirtankhola_Barishal
2023-04-05,3.51,31.93,23.93,2.81,83.23,0.58,5.72,Kirtankhola_Barishal
2023-04-06,7.16,32.77,23.99,1.31,76.62,0.58,5.45,Kirtankhola_Barishal
2023-04-07,3.87,32.94,23.45,1.18,69.69,0.58,5.75,Kirtankhola_Barishal
2023-04-08,0.02,34.09,23.05,1.23,67.24,0.57,7.52,Kirtankhola_Barishal
2023-04-09,0.38,34.08,23.78,1.39,66.77,0.56,6.34,Kirtankhola_Barishal
2023-04-10,1.46,34.79,23.88,1.45,69.24,0.55,6.16,Kirtankhola_Barishal
2023-04-11,0.02,35.08,24.62,1.57,72.5,0.54,5.78,Kirtankhola_Barishal
2023-04-12,0.0,36.16,24.15,1.34,64.69,0.54,5.87,Kirtankhola_Barishal
2023-04-13,0.0,36.23,23.79,1.97,69.7,0.53,5.42,Kirtankhola_Barishal
2023-04-14,0.0,37.22,24.44,1.44,66.6,0.52,5.09,Kirtankhola_Barishal
2023-04-15,0.0,37.01,26.06,1.61,66.16,0.51,3.87,Kirtankhola_Barishal
2023-04-16,0.02,35.65,26.61,1.45,68.18,0.51,2.89,Kirtankhola_Barishal
2023-04-17,0.07,34.34,26.43,2.32,75.19,0.51,2.27,Kirtankhola_Barishal
2023-04-18,0.09,35.89,26.52,2.37,74.28,0.5,2.92,Kirtankhola_Barishal
2023-04-19,0.1,35.43,25.8,2.66,75.68,0.5,2.64,Kirtankhola_Barishal
2023-04-20,0.15,35.65,26.39,3.35,75.38,0.49,2.64,Kirtankhola_Barishal
2023-04-21,1.05,35.57,26.98,3.2,73.04,0.49,2.33,Kirtankhola_Barishal
2023-04-22,0.6,35.9,26.0,2.69,67.38,0.48,2.88,Kirtankhola_Barishal
2023-04-23,1.33,34.76,26.33,1.84,62.43,0.48,2.31,Kirtankhola_Barishal
2023-04-24,0.56,34.84,24.37,1.1,59.4,0.48,2.49,Kirtankhola_Barishal
2023-04-25,0.16,35.21,24.91,1.63,58.32,0.47,2.45,Kirtankhola_Barishal
2023-04-26,0.04,36.1,24.99,1.41,55.45,0.47,2.49,Kirtankhola_Barishal
2023-04-27,0.51,36.38,25.31,1.79,61.07,0.46,2.37,Kirtankhola_Barishal
2023-04-28,8.14,34.07,24.93,2.1,69.38,0.47,1.94,Kirtankhola_Barishal
2023-04-29,6.12,35.63,25.74,1.7,67.04,0.48,2.5,Kirtankhola_Barishal
2023-04-30,5.01,35.06,25.88,0.94,64.9,0.48,2.5,Kirtankhola_Barishal
2023-05-01,1.06,35.53,26.11,1.51,65.55,0.48,2.52,Kirtankhola_Barishal
2023-05-02,0.05,34.87,25.96,1.81,61.44,0.47,2.49,Kirtankhola_Barishal
2023-05-03,7.45,34.05,25.83,2.01,68.08,0.47,2.02,Kirtankhola_Barishal
2023-05-04,4.87,34.44,26.06,2.03,66.78,0.48,2.79,Kirtankhola_Barishal
2023-05-05,7.25,32.29,25.93,2.06,71.19,0.49,2.01,Kirtankhola_Barishal
2023-05-06,4.71,34.34,26.37,1.79,71.69,0.49,2.8,Kirtankhola_Barishal
2023-05-07,0.59,36.38,26.24,1.59,65.73,0.48,3.57,Kirtankhola_Barishal
2023-05-08,0.04,38.58,26.27,1.62,60.67,0.47,3.2,Kirtankhola_Barishal
2023-05-09,0.06,38.89,27.11,3.0,62.09,0.47,2.94,Kirtankhola_Barishal
2023-05-10,0.52,38.37,27.74,3.09,64.36,0.46,2.47,Kirtankhola_Barishal
2023-05-11,0.16,36.61,27.63,2.35,67.49,0.46,2.05,Kirtankhola_Barishal
2023-05-12,0.12,34.11,27.36,1.85,71.82,0.45,1.13,Kirtankhola_Barishal
2023-05-13,4.75,33.0,27.03,3.06,74.39,0.45,1.05,Kirtankhola_Barishal
2023-05-14,0.21,32.67,26.05,6.57,67.17,0.46,1.13,Kirtankhola_Barishal
2023-05-15,2.78,35.09,24.55,2.84,61.68,0.46,2.04,Kirtankhola_Barishal
2023-05-16,13.17,34.15,27.28,3.34,75.43,0.47,1.49,Kirtankhola_Barishal
2023-05-17,23.88,32.17,26.91,3.17,85.6,0.49,0.87,Kirtankhola_Barishal
2023-05-18,35.54,30.24,26.22,2.56,87.57,0.55,1.75,Kirtankhola_Barishal
2023-05-19,7.04,30.2,26.24,2.24,85.99,0.57,2.42,Kirtankhola_Barishal
2023-05-20,2.75,30.99,26.69,2.79,86.21,0.56,2.45,Kirtankhola_Barishal
2023-05-21,3.04,31.46,26.11,3.03,84.37,0.56,3.32,Kirtankhola_Barishal
2023-05-22,8.59,31.12,26.71,2.92,86.47,0.56,2.31,Kirtankhola_Barishal
2023-05-23,24.75,31.1,26.62,1.97,88.36,0.58,1.91,Kirtankhola_Barishal
2023-05-24,53.47,29.4,26.14,2.46,88.05,0.66,2.15,Kirtankhola_Barishal
2023-05-25,23.14,30.56,25.84,1.76,86.44,0.71,2.39,Kirtankhola_Barishal
2023-05-26,9.69,31.07,26.46,1.9,85.15,0.71,3.15,Kirtankhola_Barishal
2023-05-27,11.72,31.35,26.05,1.82,82.34,0.71,3.58,Kirtankhola_Barishal
2023-05-28,2.48,32.58,25.86,0.77,73.5,0.71,6.04,Kirtankhola_Barishal
2023-05-29,1.47,33.42,26.23,1.22,74.13,0.7,6.62,Kirtankhola_Barishal
2023-05-30,0.01,34.02,26.66,1.32,75.95,0.68,6.3,Kirtankhola_Barishal
2023-05-31,0.05,33.94,27.42,1.6,78.84,0.67,5.48,Kirtankhola_Barishal
2023-06-01,0.69,32.95,27.72,2.16,80.89,0.66,5.42,Kirtankhola_Barishal
2023-06-02,1.31,31.47,27.68,2.26,86.08,0.66,2.27,Kirtankhola_Barishal
2023-06-03,1.29,31.97,27.38,2.03,86.11,0.65,3.24,Kirtankhola_Barishal
2023-06-04,1.2,31.94,27.51,1.71,83.01,0.65,3.23,Kirtankhola_Barishal
2023-06-05,0.69,34.2,27.26,0.88,76.59,0.65,5.49,Kirtankhola_Barishal
2023-06-06,0.63,32.95,27.75,1.91,78.24,0.64,4.96,Kirtankhola_Barishal
2023-06-07,5.44,33.29,27.71,1.76,77.87,0.63,4.9,Kirtankhola_Barishal
2023-06-08,26.12,32.36,27.55,1.49,80.92,0.66,2.68,Kirtankhola_Barishal
2023-06-09,26.36,32.56,27.56,1.43,76.2,0.7,3.15,Kirtankhola_Barishal
2023-06-10,11.49,33.01,27.01,1.61,80.22,0.71,4.63,Kirtankhola_Barishal
2023-06-11,20.87,31.95,27.16,3.27,84.86,0.72,3.53,Kirtankhola_Barishal
2023-06-12,15.04,30.88,27.58,2.75,89.36,0.73,1.61,Kirtankhola_Barishal
2023-06-13,26.64,31.03,27.17,3.21,89.78,0.76,1.68,Kirtankhola_Barishal
2023-06-14,23.45,31.38,28.06,4.84,88.28,0.79,2.03,Kirtankhola_Barishal
2023-06-15,13.95,30.27,28.19,5.38,91.01,0.8,1.04,Kirtankhola_Barishal
2023-06-16,7.62,31.33,27.87,4.65,89.01,0.8,2.08,Kirtankhola_Barishal
2023-06-17,10.77,30.47,27.79,4.32,92.05,0.8,1.07,Kirtankhola_Barishal
2023-06-18,22.02,30.64,27.63,3.41,90.91,0.81,1.12,Kirtankhola_Barishal
2023-06-19,12.3,30.76,27.49,3.04,90.15,0.82,1.33,Kirtankhola_Barishal
2023-06-20,14.98,31.24,27.34,2.89,88.19,0.84,1.89,Kirtankhola_Barishal
2023-06-21,6.8,31.2,27.48,3.73,89.96,0.84,1.31,Kirtankhola_Barishal
2023-06-22,10.58,31.31,26.91,3.07,86.66,0.84,2.08,Kirtankhola_Barishal
2023-06-23,14.28,30.18,26.73,3.24,88.42,0.85,1.66,Kirtankhola_Barishal
2023-06-24,33.8,30.7,27.01,4.33,88.37,0.87,2.01,Kirtankhola_Barishal
2023-06-25,18.88,30.94,26.74,4.44,86.69,0.88,2.61,Kirtankhola_Barishal
2023-06-26,40.75,30.02,27.25,4.96,87.77,0.89,2.03,Kirtankhola_Barishal
2023-06-27,50.17,29.02,27.08,4.66,92.27,0.93,0.59,Kirtankhola_Barishal
2023-06-28,35.43,30.1,27.06,3.77,91.05,0.96,0.86,Kirtankhola_Barishal
2023-06-29,25.81,30.24,27.14,2.79,91.11,0.98,0.73,Kirtankhola_Barishal
2023-06-30,34.13,30.84,26.71,2.51,90.71,0.98,0.83,Kirtankhola_Barishal
2023-07-01,13.28,31.59,27.19,2.36,88.56,0.98,1.32,Kirtankhola_Barishal
2023-07-02,12.84,30.65,27.34,2.26,89.79,0.98,0.86,Kirtankhola_Barishal
2023-07-03,8.19,31.33,27.51,2.61,89.32,0.98,1.3,Kirtankhola_Barishal
2023-07-04,2.71,31.78,27.38,2.17,86.99,0.98,1.9,Kirtankhola_Barishal
2023-07-05,9.48,31.27,27.46,3.65,88.82,0.97,1.77,Kirtankhola_Barishal
2023-07-06,21.27,30.83,27.72,4.87,88.6,0.97,1.7,Kirtankhola_Barishal
2023-07-07,15.66,30.51,27.7,4.01,90.16,0.98,1.1,Kirtankhola_Barishal
2023-07-08,14.87,30.83,26.97,3.45,89.13,0.98,1.47,Kirtankhola_Barishal
2023-07-09,11.06,31.48,27.18,2.21,88.18,0.98,1.32,Kirtankhola_Barishal
2023-07-10,22.14,31.67,27.18,2.91,88.27,0.98,1.54,Kirtankhola_Barishal
2023-07-11,8.6,31.29,26.72,3.51,87.75,0.98,1.91,Kirtankhola_Barishal
2023-07-12,11.14,30.4,26.59,3.51,88.42,0.98,1.04,Kirtankhola_Barishal
2023-07-13,18.59,30.45,27.43,3.22,91.23,0.98,0.5,Kirtankhola_Barishal
2023-07-14,17.38,29.37,27.38,3.02,93.54,0.99,0.36,Kirtankhola_Barishal
2023-07-15,7.88,30.81,27.0,4.66,89.08,0.99,1.4,Kirtankhola_Barishal
2023-07-16,9.44,30.44,26.93,4.24,89.52,0.98,1.08,Kirtankhola_Barishal
2023-07-17,8.89,30.64,26.9,3.33,90.17,0.98,1.03,Kirtankhola_Barishal
2023-07-18,3.53,30.42,27.19,4.01,89.29,0.98,1.42,Kirtankhola_Barishal
2023-07-19,3.86,31.02,27.22,3.73,88.71,0.97,1.96,Kirtankhola_Barishal
2023-07-20,1.41,31.15,27.46,3.71,89.08,0.96,1.85,Kirtankhola_Barishal
2023-07-21,1.86,31.68,27.61,3.08,90.26,0.96,1.52,Kirtankhola_Barishal
2023-07-22,2.48,31.15,27.59,3.7,89.01,0.95,2.2,Kirtankhola_Barishal
2023-07-23,1.85,30.99,27.28,2.06,89.37,0.94,1.21,Kirtankhola_Barishal
2023-07-24,0.78,31.78,26.85,2.53,86.39,0.94,2.76,Kirtankhola_Barishal
2023-07-25,2.32,31.85,27.26,3.39,86.86,0.93,2.88,Kirtankhola_Barishal
2023-07-26,12.23,31.4,27.64,3.74,86.99,0.93,2.07,Kirtankhola_Barishal
2023-07-27,9.06,31.83,27.25,3.81,86.99,0.93,2.66,Kirtankhola_Barishal
2023-07-28,11.44,31.71,27.36,3.98,86.91,0.92,2.53,Kirtankhola_Barishal
2023-07-29,11.88,31.52,27.49,3.5,87.16,0.93,2.58,Kirtankhola_Barishal
2023-07-30,3.77,32.25,27.85,2.1,85.83,0.92,2.78,Kirtankhola_Barishal
2023-07-31,12.93,33.19,27.4,1.4,83.43,0.92,2.59,Kirtankhola_Barishal
2023-08-01,60.65,31.63,27.87,5.05,88.82,0.96,1.7,Kirtankhola_Barishal
2023-08-02,27.41,29.82,27.76,5.57,89.67,0.98,1.07,Kirtankhola_Barishal
2023-08-03,18.91,31.27,27.38,4.01,89.35,0.98,1.35,Kirtankhola_Barishal
2023-08-04,59.3,30.28,27.48,3.55,91.17,0.99,0.47,Kirtankhola_Barishal
2023-08-05,22.08,30.44,27.03,3.71,89.79,0.99,0.73,Kirtankhola_Barishal
2023-08-06,44.93,29.05,27.27,4.34,92.34,0.99,0.4,Kirtankhola_Barishal
2023-08-07,179.93,29.51,27.28,5.21,93.07,1.0,0.18,Kirtankhola_Barishal
2023-08-08,70.25,29.72,26.6,3.84,92.89,1.0,0.23,Kirtankhola_Barishal
2023-08-09,13.3,30.75,26.2,2.46,89.1,1.0,0.77,Kirtankhola_Barishal
2023-08-10,15.79,29.51,26.82,2.52,90.2,1.0,0.53,Kirtankhola_Barishal
2023-08-11,25.32,31.19,26.42,2.35,87.73,1.0,1.18,Kirtankhola_Barishal
2023-08-12,26.24,28.93,27.07,2.69,91.48,1.0,0.39,Kirtankhola_Barishal
2023-08-13,28.96,30.21,26.24,1.58,89.69,1.0,0.54,Kirtankhola_Barishal
2023-08-14,19.6,30.94,25.87,1.47,85.08,1.0,1.6,Kirtankhola_Barishal
2023-08-15,13.85,30.99,26.79,2.16,89.31,1.0,1.22,Kirtankhola_Barishal
2023-08-16,6.3,31.29,26.58,1.61,88.83,0.99,1.37,Kirtankhola_Barishal
2023-08-17,15.01,29.83,26.95,1.88,89.86,0.99,0.84,Kirtankhola_Barishal
2023-08-18,8.6,30.44,26.67,4.4,88.54,0.99,1.78,Kirtankhola_Barishal
2023-08-19,5.83,31.13,27.09,3.28,88.34,0.99,2.09,Kirtankhola_Barishal
2023-08-20,3.2,31.43,26.82,2.26,87.46,0.98,2.19,Kirtankhola_Barishal
2023-08-21,10.77,30.58,26.19,2.13,87.85,0.98,1.56,Kirtankhola_Barishal
2023-08-22,8.18,29.86,26.62,2.58,91.01,0.98,0.98,Kirtankhola_Barishal
2023-08-23,41.28,29.57,26.9,2.43,91.52,0.99,0.78,Kirtankhola_Barishal
2023-08-24,23.64,30.92,27.09,3.01,91.28,0.99,1.12,Kirtankhola_Barishal
2023-08-25,20.17,30.23,26.71,3.22,92.64,0.99,0.82,Kirtankhola_Barishal
2023-08-26,28.08,30.63,26.75,3.61,91.05,1.0,1.25,Kirtankhola_Barishal
2023-08-27,34.38,30.9,26.98,2.7,91.38,1.0,0.9,Kirtankhola_Barishal
2023-08-28,13.3,32.05,26.84,1.7,88.26,1.0,2.02,Kirtankhola_Barishal
2023-08-29,15.63,31.96,27.79,0.85,83.57,1.0,1.96,Kirtankhola_Barishal
2023-08-30,4.62,32.51,26.93,1.12,82.03,0.99,2.9,Kirtankhola_Barishal
2023-08-31,15.67,31.49,27.43,1.79,87.91,0.99,1.97,Kirtankhola_Barishal
2023-09-01,18.91,31.37,27.32,1.5,87.88,0.99,1.71,Kirtankhola_Barishal
2023-09-02,14.48,32.28,27.38,0.91,82.41,0.99,2.44,Kirtankhola_Barishal
2023-09-03,21.56,29.75,27.2,1.8,90.44,1.0,0.54,Kirtankhola_Barishal
2023-09-04,11.42,29.87,26.72,2.04,86.94,1.0,1.01,Kirtankhola_Barishal
2023-09-05,17.64,31.07,26.59,2.2,88.54,0.99,1.54,Kirtankhola_Barishal
2023-09-06,14.45,29.79,27.16,2.78,91.58,0.99,0.7,Kirtankhola_Barishal
2023-09-07,33.71,29.03,26.85,3.78,92.35,1.0,0.46,Kirtankhola_Barishal
2023-09-08,26.13,28.73,27.31,3.26,93.94,1.0,0.2,Kirtankhola_Barishal
2023-09-09,6.54,30.89,26.88,1.93,87.39,1.0,1.98,Kirtankhola_Barishal
2023-09-10,2.63,32.33,26.31,1.38,84.47,0.99,3.96,Kirtankhola_Barishal
2023-09-11,17.3,30.25,26.96,1.7,89.28,0.99,1.17,Kirtankhola_Barishal
2023-09-12,7.82,30.75,26.88,1.91,86.31,0.99,2.62,Kirtankhola_Barishal
2023-09-13,8.21,29.87,27.01,4.7,91.06,0.99,1.16,Kirtankhola_Barishal
2023-09-14,30.07,29.91,27.32,4.53,90.41,0.99,1.59,Kirtankhola_Barishal
2023-09-15,6.07,29.64,27.29,2.82,89.87,0.99,0.87,Kirtankhola_Barishal
2023-09-16,9.38,31.04,26.99,1.72,86.41,0.99,2.63,Kirtankhola_Barishal
2023-09-17,12.35,32.55,26.86,1.03,83.88,0.99,3.96,Kirtankhola_Barishal
2023-09-18,62.01,28.91,26.84,2.08,90.78,1.0,0.79,Kirtankhola_Barishal
2023-09-19,32.61,29.5,26.7,4.26,91.88,1.0,0.78,Kirtankhola_Barishal
2023-09-20,39.4,29.34,27.57,4.17,92.42,1.0,0.54,Kirtankhola_Barishal
2023-09-21,18.13,29.7,27.48,3.95,91.69,1.0,0.69,Kirtankhola_Barishal
2023-09-22,13.89,29.88,27.13,3.08,90.98,1.0,1.13,Kirtankhola_Barishal
2023-09-23,18.07,30.55,26.88,2.5,89.02,1.0,1.83,Kirtankhola_Barishal
2023-09-24,13.7,30.52,26.72,2.62,89.98,1.0,1.88,Kirtankhola_Barishal
2023-09-25,14.11,30.89,26.84,1.98,88.89,1.0,2.32,Kirtankhola_Barishal
2023-09-26,4.55,31.94,26.6,0.86,82.29,0.99,4.25,Kirtankhola_Barishal
2023-09-27,13.57,30.93,26.27,1.6,86.83,0.99,2.6,Kirtankhola_Barishal
2023-09-28,3.82,31.66,25.54,1.66,86.21,0.99,3.24,Kirtankhola_Barishal
2023-09-29,10.09,29.63,26.91,1.6,91.72,0.99,0.53,Kirtankhola_Barishal
2023-09-30,11.08,29.35,26.56,3.83,90.95,0.99,1.36,Kirtankhola_Barishal
2023-10-01,13.52,29.74,26.39,2.6,89.11,0.99,1.67,Kirtankhola_Barishal
2023-10-02,23.78,29.49,26.63,2.7,91.94,1.0,0.87,Kirtankhola_Barishal
2023-10-03,39.17,29.98,26.65,3.91,90.05,1.0,1.76,Kirtankhola_Barishal
2023-10-04,80.61,29.32,26.86,4.3,92.76,1.0,0.52,Kirtankhola_Barishal
2023-10-05,79.14,29.01,27.2,3.52,93.45,1.0,0.33,Kirtankhola_Barishal
2023-10-06,15.64,29.91,26.52,3.26,88.98,1.0,1.6,Kirtankhola_Barishal
2023-10-07,12.84,30.16,26.29,2.52,89.6,1.0,1.85,Kirtankhola_Barishal
2023-10-08,15.59,30.87,26.07,2.46,89.71,1.0,2.34,Kirtankhola_Barishal
2023-10-09,8.09,30.67,26.63,1.88,89.52,1.0,2.09,Kirtankhola_Barishal
2023-10-10,2.04,31.46,26.74,1.05,80.84,0.99,3.99,Kirtankhola_Barishal
2023-10-11,2.18,31.73,25.68,0.88,78.57,0.99,5.33,Kirtankhola_Barishal
2023-10-12,3.53,31.4,25.81,1.4,82.82,0.98,4.56,Kirtankhola_Barishal
2023-10-13,3.79,30.97,25.27,1.24,76.49,0.98,4.42,Kirtankhola_Barishal
2023-10-14,0.02,30.9,26.04,1.05,66.35,0.97,5.36,Kirtankhola_Barishal
2023-10-15,0.02,31.0,25.15,0.71,71.18,0.96,6.0,Kirtankhola_Barishal
2023-10-16,0.0,30.91,23.79,1.11,72.11,0.96,6.01,Kirtankhola_Barishal
2023-10-17,0.0,30.86,23.79,1.11,70.62,0.95,6.15,Kirtankhola_Barishal
2023-10-18,0.02,30.37,24.33,1.11,75.18,0.94,5.32,Kirtankhola_Barishal
2023-10-19,0.02,29.25,23.05,1.88,83.25,0.93,4.44,Kirtankhola_Barishal
2023-10-20,0.0,29.43,22.73,2.15,84.65,0.92,4.91,Kirtankhola_Barishal
2023-10-21,0.0,29.58,22.19,2.11,82.62,0.92,5.17,Kirtankhola_Barishal
2023-10-22,3.91,30.3,22.02,1.49,79.04,0.91,5.62,Kirtankhola_Barishal
2023-10-23,6.71,28.61,24.34,1.24,84.26,0.91,1.21,Kirtankhola_Barishal
2023-10-24,31.13,27.68,24.37,3.38,89.08,0.93,2.18,Kirtankhola_Barishal
2023-10-25,7.25,29.56,23.64,2.39,85.47,0.94,4.13,Kirtankhola_Barishal
2023-10-26,6.72,30.24,24.43,0.53,75.88,0.94,5.69,Kirtankhola_Barishal
2023-10-27,0.32,29.64,23.34,1.22,76.77,0.93,5.46,Kirtankhola_Barishal
2023-10-28,0.01,28.95,22.31,2.3,81.24,0.92,4.74,Kirtankhola_Barishal
2023-10-29,0.0,28.62,20.28,2.04,77.26,0.91,4.57,Kirtankhola_Barishal
2023-10-30,0.0,28.81,20.99,1.87,76.99,0.91,3.91,Kirtankhola_Barishal
2023-10-31,0.0,29.16,21.2,1.81,77.87,0.9,4.29,Kirtankhola_Barishal
2023-11-01,0.0,29.68,22.13,1.88,80.7,0.89,4.08,Kirtankhola_Barishal
2023-11-02,0.04,29.8,22.3,1.82,83.13,0.89,5.12,Kirtankhola_Barishal
2023-11-03,0.05,29.23,22.9,1.66,81.78,0.88,4.56,Kirtankhola_Barishal
2023-11-04,0.37,29.64,22.68,1.26,76.72,0.87,3.98,Kirtankhola_Barishal
2023-11-05,0.7,28.93,23.15,1.85,81.52,0.87,3.62,Kirtankhola_Barishal
2023-11-06,0.05,28.29,21.8,2.5,82.96,0.86,4.39,Kirtankhola_Barishal
2023-11-07,0.0,27.41,19.75,2.14,79.07,0.85,4.31,Kirtankhola_Barishal
2023-11-08,0.0,27.24,19.27,1.95,81.32,0.85,3.92,Kirtankhola_Barishal
2023-11-09,0.0,27.45,19.84,2.12,83.77,0.84,4.27,Kirtankhola_Barishal
2023-11-10,0.0,27.81,19.43,2.12,81.44,0.84,4.17,Kirtankhola_Barishal
2023-11-11,0.0,27.88,19.33,2.09,82.47,0.83,4.44,Kirtankhola_Barishal
2023-11-12,0.0,28.07,19.38,2.0,83.15,0.82,4.66,Kirtankhola_Barishal
2023-11-13,0.05,27.64,19.05,1.88,82.06,0.82,4.49,Kirtankhola_Barishal
2023-11-14,0.01,27.92,19.11,1.71,78.66,0.81,4.72,Kirtankhola_Barishal
2023-11-15,0.07,27.99,19.83,1.68,76.59,0.8,3.52,Kirtankhola_Barishal
2023-11-16,63.72,26.94,21.78,2.06,87.52,0.84,1.41,Kirtankhola_Barishal
2023-11-17,114.86,25.69,21.88,3.06,93.52,0.94,0.49,Kirtankhola_Barishal
2023-11-18,12.35,26.51,20.44,2.13,87.11,0.98,2.63,Kirtankhola_Barishal
2023-11-19,1.37,27.51,20.35,1.39,83.6,0.97,3.46,Kirtankhola_Barishal
2023-11-20,0.08,27.71,21.26,1.48,85.63,0.96,3.17,Kirtankhola_Barishal
2023-11-21,0.2,26.76,21.51,1.68,80.91,0.95,2.45,Kirtankhola_Barishal
2023-11-22,0.02,26.56,19.06,1.95,83.12,0.95,2.95,Kirtankhola_Barishal
2023-11-23,0.03,25.66,17.56,2.0,81.39,0.94,2.38,Kirtankhola_Barishal
2023-11-24,0.0,25.92,17.44,1.58,79.07,0.93,2.9,Kirtankhola_Barishal
2023-11-25,0.0,26.46,17.32,1.78,77.3,0.93,3.09,Kirtankhola_Barishal
2023-11-26,0.0,26.37,17.64,1.65,75.82,0.92,3.28,Kirtankhola_Barishal
2023-11-27,0.0,27.51,17.96,1.33,78.56,0.92,3.14,Kirtankhola_Barishal
2023-11-28,0.0,27.86,19.18,1.25,75.35,0.91,3.61,Kirtankhola_Barishal
2023-11-29,0.0,25.95,18.75,1.19,77.63,0.91,1.26,Kirtankhola_Barishal
2023-11-30,0.0,27.03,18.73,1.77,83.05,0.9,2.94,Kirtankhola_Barishal
2023-12-01,0.0,27.1,18.54,1.91,83.09,0.9,3.14,Kirtankhola_Barishal
2023-12-02,0.0,27.09,19.27,1.71,80.62,0.89,2.92,Kirtankhola_Barishal
2023-12-03,0.0,27.2,19.27,1.81,84.73,0.89,2.9,Kirtankhola_Barishal
2023-12-04,0.1,26.65,19.33,1.84,85.34,0.88,2.31,Kirtankhola_Barishal
2023-12-05,23.52,24.61,20.79,2.36,86.79,0.89,1.16,Kirtankhola_Barishal
2023-12-06,6.78,24.57,19.97,2.9,87.59,0.91,1.17,Kirtankhola_Barishal
2023-12-07,3.07,23.45,20.72,2.85,92.98,0.91,0.64,Kirtankhola_Barishal
2023-12-08,12.86,25.11,19.95,2.51,91.12,0.92,1.68,Kirtankhola_Barishal
2023-12-09,2.45,24.71,18.19,2.68,88.39,0.92,1.93,Kirtankhola_Barishal
2023-12-10,0.02,23.44,16.14,2.33,82.5,0.91,1.93,Kirtankhola_Barishal
2023-12-11,0.0,23.23,15.08,2.35,82.89,0.9,1.87,Kirtankhola_Barishal
2023-12-12,0.09,23.61,14.49,1.77,82.94,0.9,2.07,Kirtankhola_Barishal
2023-12-13,0.0,23.54,14.97,1.9,79.23,0.89,1.91,Kirtankhola_Barishal
2023-12-14,0.0,22.39,14.05,1.96,72.11,0.89,1.91,Kirtankhola_Barishal
2023-12-15,0.0,22.55,12.98,2.13,81.55,0.88,1.68,Kirtankhola_Barishal
2023-12-16,0.0,22.67,12.69,2.16,84.0,0.88,1.56,Kirtankhola_Barishal
2023-12-17,0.0,23.37,13.39,2.02,82.83,0.88,1.76,Kirtankhola_Barishal
2023-12-18,0.0,23.07,12.97,1.8,82.86,0.87,1.89,Kirtankhola_Barishal
2023-12-19,0.0,23.21,14.12,2.34,86.3,0.87,1.68,Kirtankhola_Barishal
2023-12-20,0.0,23.58,13.52,1.91,83.68,0.86,1.98,Kirtankhola_Barishal
2023-12-21,0.0,23.88,14.97,1.13,78.57,0.86,2.14,Kirtankhola_Barishal
2023-12-22,0.0,24.16,15.82,0.92,74.29,0.85,2.29,Kirtankhola_Barishal
2023-12-23,0.0,24.75,17.31,0.89,73.0,0.85,2.53,Kirtankhola_Barishal
2023-12-24,0.0,25.22,16.7,1.1,81.15,0.85,2.19,Kirtankhola_Barishal
2023-12-25,0.0,25.12,17.47,0.83,78.66,0.84,2.15,Kirtankhola_Barishal
2023-12-26,0.0,24.66,16.7,1.01,77.13,0.84,2.06,Kirtankhola_Barishal
2023-12-27,0.0,24.81,17.31,0.95,76.54,0.83,1.92,Kirtankhola_Barishal
2023-12-28,0.0,24.48,16.05,1.24,81.54,0.83,1.66,Kirtankhola_Barishal
2023-12-29,0.0,24.47,15.35,1.68,81.25,0.83,1.99,Kirtankhola_Barishal
2023-12-30,0.0,24.67,16.11,1.62,81.36,0.82,2.15,Kirtankhola_Barishal
2023-12-31,0.0,24.18,14.89,2.35,85.53,0.82,1.92,Kirtankhola_Barishal
