date,rainfall_mm,temp_max,temp_min,wind_speed,humidity,soil_moisture,evapotranspiration,station
2005-01-01,0.0,18.48,6.68,1.14,76.63,0.79,2.97,Meghalaya_Shillong
2005-01-02,0.0,17.73,6.82,1.02,81.46,0.79,2.04,Meghalaya_Shillong
2005-01-03,0.0,20.29,9.07,1.08,78.45,0.79,3.36,Meghalaya_Shillong
2005-01-04,0.0,17.52,6.43,1.08,80.92,0.79,1.57,Meghalaya_Shillong
2005-01-05,0.0,18.84,5.92,0.98,81.31,0.79,3.13,Meghalaya_Shillong
2005-01-06,0.0,18.72,7.18,0.68,80.24,0.79,3.03,Meghalaya_Shillong
2005-01-07,0.0,18.58,6.16,0.93,79.16,0.79,3.11,Meghalaya_Shillong
2005-01-08,0.0,17.84,6.42,0.79,80.04,0.79,3.0,Meghalaya_Shillong
2005-01-09,0.08,16.39,6.64,0.73,81.42,0.79,2.47,Meghalaya_Shillong
2005-01-10,1.69,14.54,5.91,1.22,84.78,0.79,1.69,Meghalaya_Shillong
2005-01-11,0.49,14.89,5.22,1.16,80.72,0.79,1.63,Meghalaya_Shillong
2005-01-12,0.0,15.79,2.89,1.08,82.54,0.79,2.11,Meghalaya_Shillong
2005-01-13,0.0,16.41,3.85,0.93,82.59,0.78,2.4,Meghalaya_Shillong
2005-01-14,0.0,16.27,4.83,0.87,85.67,0.78,2.28,Meghalaya_Shillong
2005-01-15,0.0,17.64,5.7,0.81,83.27,0.78,2.78,Meghalaya_Shillong
2005-01-16,0.0,18.18,5.54,0.91,80.45,0.78,2.87,Meghalaya_Shillong
2005-01-17,0.0,17.95,6.1,1.11,77.86,0.78,2.82,Meghalaya_Shillong
2005-01-18,0.35,18.34,5.32,1.0,79.55,0.78,2.75,Meghalaya_Shillong
2005-01-19,2.46,15.85,6.0,1.05,87.53,0.78,1.44,Meghalaya_Shillong
2005-01-20,0.0,15.22,3.2,1.34,84.08,0.78,2.04,Meghalaya_Shillong
2005-01-21,0.03,14.72,1.05,1.3,83.68,0.78,1.71,Meghalaya_Shillong
2005-01-22,0.0,15.35,2.96,0.96,67.24,0.78,1.47,Meghalaya_Shillong
2005-01-23,4.48,17.09,5.52,1.3,67.59,0.78,2.46,Meghalaya_Shillong
2005-01-24,0.14,16.09,5.93,1.22,84.45,0.78,1.98,Meghalaya_Shillong
2005-01-25,0.0,16.49,4.88,1.03,82.89,0.78,2.42,Meghalaya_Shillong
2005-01-26,0.0,16.49,4.85,1.23,80.82,0.78,2.73,Meghalaya_Shillong
2005-01-27,0.0,18.28,4.52,1.32,74.22,0.77,2.95,Meghalaya_Shillong
2005-01-28,0.0,16.09,4.9,0.84,74.89,0.77,1.39,Meghalaya_Shillong
2005-01-29,0.02,18.19,6.6,1.07,69.72,0.77,2.63,Meghalaya_Shillong
2005-01-30,0.0,20.28,6.38,0.98,69.0,0.77,3.55,Meghalaya_Shillong
2005-01-31,0.0,22.8,9.12,1.08,61.21,0.77,4.18,Meghalaya_Shillong
2005-02-01,0.31,19.54,8.32,1.18,80.73,0.76,2.74,Meghalaya_Shillong
2005-02-02,0.0,18.49,5.34,1.21,74.87,0.76,3.43,Meghalaya_Shillong
2005-02-03,0.0,17.82,2.94,0.97,72.23,0.76,3.26,Meghalaya_Shillong
2005-02-04,0.0,17.75,3.04,1.24,71.25,0.76,3.05,Meghalaya_Shillong
2005-02-05,0.0,17.86,6.07,1.24,63.7,0.76,3.21,Meghalaya_Shillong
2005-02-06,0.0,18.83,5.08,1.47,63.34,0.76,3.15,Meghalaya_Shillong
2005-02-07,0.0,18.95,6.77,1.61,71.98,0.76,3.0,Meghalaya_Shillong
2005-02-08,0.0,19.66,6.9,1.32,71.68,0.75,3.04,Meghalaya_Shillong
2005-02-09,0.0,20.44,6.81,1.32,74.06,0.75,3.51,Meghalaya_Shillong
2005-02-10,0.0,20.36,7.83,1.38,78.18,0.75,3.48,Meghalaya_Shillong
2005-02-11,0.0,20.55,7.99,1.26,72.94,0.75,3.75,Meghalaya_Shillong
2005-02-12,0.0,20.18,8.2,1.75,72.15,0.75,3.36,Meghalaya_Shillong
2005-02-13,1.1,19.88,7.41,2.74,72.36,0.75,3.6,Meghalaya_Shillong
2005-02-14,0.06,19.03,7.92,2.58,64.82,0.74,3.78,Meghalaya_Shillong
2005-02-15,0.0,18.38,6.66,2.2,71.55,0.74,3.13,Meghalaya_Shillong
2005-02-16,1.08,19.03,7.22,2.16,80.44,0.74,2.74,Meghalaya_Shillong
2005-02-17,8.94,21.14,9.18,1.79,82.88,0.75,3.25,Meghalaya_Shillong
2005-02-18,8.52,20.38,9.58,1.68,89.91,0.76,2.26,Meghalaya_Shillong
2005-02-19,0.11,21.83,9.24,1.87,87.1,0.76,3.27,Meghalaya_Shillong
2005-02-20,0.0,21.93,9.36,1.79,84.03,0.76,3.54,Meghalaya_Shillong
2005-02-21,0.0,22.49,9.54,2.08,74.67,0.75,4.36,Meghalaya_Shillong
2005-02-22,0.39,22.54,9.58,1.85,67.24,0.74,4.59,Meghalaya_Shillong
2005-02-23,0.01,20.48,7.73,1.91,77.84,0.74,3.68,Meghalaya_Shillong
2005-02-24,0.0,20.08,7.47,1.22,76.2,0.74,3.84,Meghalaya_Shillong
2005-02-25,0.0,20.48,7.4,1.38,63.05,0.73,4.12,Meghalaya_Shillong
2005-02-26,0.0,20.37,7.09,1.94,61.67,0.73,4.39,Meghalaya_Shillong
2005-02-27,0.0,20.69,6.68,1.48,55.14,0.73,4.68,Meghalaya_Shillong
2005-02-28,0.0,20.53,8.88,1.47,59.94,0.72,4.47,Meghalaya_Shillong
2005-03-01,0.0,20.67,9.25,1.38,62.71,0.72,3.94,Meghalaya_Shillong
2005-03-02,0.0,21.23,8.68,1.94,64.74,0.72,4.22,Meghalaya_Shillong
2005-03-03,0.0,22.36,11.33,1.76,68.13,0.72,4.2,Meghalaya_Shillong
2005-03-04,0.33,22.86,10.32,1.58,62.73,0.72,4.65,Meghalaya_Shillong
2005-03-05,0.39,22.46,11.08,1.73,75.36,0.71,3.34,Meghalaya_Shillong
2005-03-06,0.03,23.48,10.97,2.36,73.26,0.71,4.76,Meghalaya_Shillong
2005-03-07,0.78,22.41,12.78,2.2,78.52,0.71,3.65,Meghalaya_Shillong
2005-03-08,8.19,21.97,10.55,1.59,80.92,0.72,3.1,Meghalaya_Shillong
2005-03-09,0.07,22.32,11.2,1.81,76.06,0.72,4.4,Meghalaya_Shillong
2005-03-10,0.01,22.74,11.54,2.08,74.28,0.72,4.56,Meghalaya_Shillong
2005-03-11,0.08,21.86,12.87,1.48,74.89,0.71,3.2,Meghalaya_Shillong
2005-03-12,0.96,21.6,11.06,1.25,76.53,0.71,3.35,Meghalaya_Shillong
2005-03-13,0.0,23.57,10.38,1.03,68.91,0.71,5.52,Meghalaya_Shillong
2005-03-14,0.17,24.11,11.23,0.86,65.32,0.71,5.36,Meghalaya_Shillong
2005-03-15,0.02,22.79,13.87,0.95,63.39,0.7,4.54,Meghalaya_Shillong
2005-03-16,0.0,22.81,12.91,0.93,66.46,0.7,4.64,Meghalaya_Shillong
2005-03-17,0.79,22.82,13.73,1.1,69.91,0.7,4.36,Meghalaya_Shillong
2005-03-18,4.45,22.23,13.54,0.94,75.95,0.7,3.06,Meghalaya_Shillong
2005-03-19,17.81,22.69,13.25,1.42,80.81,0.72,3.28,Meghalaya_Shillong
2005-03-20,38.09,21.94,11.84,1.91,85.95,0.76,2.41,Meghalaya_Shillong
2005-03-21,20.06,22.3,11.75,2.15,83.63,0.79,2.83,Meghalaya_Shillong
2005-03-22,24.94,22.28,12.89,2.2,88.57,0.8,2.35,Meghalaya_Shillong
2005-03-23,8.74,21.53,15.33,2.81,90.55,0.8,1.88,Meghalaya_Shillong
2005-03-24,22.43,16.77,12.44,2.88,94.9,0.8,0.31,Meghalaya_Shillong
2005-03-25,14.98,18.88,9.66,1.6,83.55,0.82,2.66,Meghalaya_Shillong
2005-03-26,2.83,19.84,8.71,1.36,76.17,0.8,3.44,Meghalaya_Shillong
2005-03-27,1.47,21.41,12.55,1.27,75.11,0.79,3.78,Meghalaya_Shillong
2005-03-28,17.94,21.87,11.14,1.71,80.98,0.79,3.02,Meghalaya_Shillong
2005-03-29,15.39,21.41,13.05,2.03,87.09,0.81,2.38,Meghalaya_Shillong
2005-03-30,8.38,22.04,13.58,1.73,88.7,0.8,2.96,Meghalaya_Shillong
2005-03-31,8.43,22.21,13.88,1.77,89.22,0.8,2.29,Meghalaya_Shillong
2005-04-01,0.0,24.34,11.24,1.36,77.77,0.79,5.6,Meghalaya_Shillong
2005-04-02,0.07,24.85,11.54,1.55,64.69,0.78,6.33,Meghalaya_Shillong
2005-04-03,0.53,25.36,14.7,1.01,55.74,0.77,6.42,Meghalaya_Shillong
2005-04-04,1.6,24.42,12.78,1.49,66.03,0.77,5.85,Meghalaya_Shillong
2005-04-05,0.0,25.03,12.95,1.12,67.21,0.76,6.24,Meghalaya_Shillong
2005-04-06,11.98,22.71,12.98,1.38,80.46,0.77,3.99,Meghalaya_Shillong
2005-04-07,6.44,23.05,12.75,2.03,86.76,0.78,3.76,Meghalaya_Shillong
2005-04-08,6.41,22.8,13.98,2.61,88.52,0.78,3.45,Meghalaya_Shillong
2005-04-09,22.47,23.75,14.62,2.04,88.55,0.8,3.23,Meghalaya_Shillong
2005-04-10,30.12,23.73,16.89,1.94,91.04,0.83,2.47,Meghalaya_Shillong
2005-04-11,11.26,23.9,16.35,2.11,89.36,0.83,3.46,Meghalaya_Shillong
2005-04-12,10.25,24.01,14.08,2.05,70.68,0.83,5.13,Meghalaya_Shillong
2005-04-13,0.0,23.64,11.77,1.46,42.94,0.81,6.39,Meghalaya_Shillong
2005-04-14,0.0,24.15,14.69,1.37,50.59,0.79,6.24,Meghalaya_Shillong
2005-04-15,0.0,24.45,14.61,1.3,59.05,0.79,6.03,Meghalaya_Shillong
2005-04-16,0.58,25.43,14.71,1.4,67.98,0.78,6.12,Meghalaya_Shillong
2005-04-17,2.41,22.89,14.4,1.47,86.24,0.78,2.97,Meghalaya_Shillong
2005-04-18,0.24,24.72,15.03,1.46,84.85,0.78,4.62,Meghalaya_Shillong
2005-04-19,1.19,24.01,15.6,0.8,81.68,0.78,2.32,Meghalaya_Shillong
2005-04-20,0.2,26.05,15.1,0.86,68.02,0.78,4.52,Meghalaya_Shillong
2005-04-21,0.35,25.57,15.47,1.42,68.29,0.77,5.9,Meghalaya_Shillong
2005-04-22,1.85,24.77,14.78,1.32,73.64,0.77,4.87,Meghalaya_Shillong
2005-04-23,15.38,24.28,15.72,1.18,75.42,0.78,3.18,Meghalaya_Shillong
2005-04-24,7.66,23.63,16.53,1.35,82.35,0.79,2.7,Meghalaya_Shillong
2005-04-25,9.73,25.12,16.06,1.44,85.93,0.8,3.72,Meghalaya_Shillong
2005-04-26,21.39,23.49,15.46,1.53,89.53,0.81,2.46,Meghalaya_Shillong
2005-04-27,19.69,22.68,14.65,1.55,89.43,0.83,2.13,Meghalaya_Shillong
2005-04-28,7.69,23.63,15.5,1.57,85.86,0.83,3.58,Meghalaya_Shillong
2005-04-29,1.58,22.91,15.55,1.84,86.84,0.82,3.94,Meghalaya_Shillong
2005-04-30,6.06,21.26,13.5,0.96,84.12,0.81,2.0,Meghalaya_Shillong
2005-05-01,1.67,24.16,13.08,1.14,78.36,0.81,4.69,Meghalaya_Shillong
2005-05-02,2.24,24.53,13.74,0.97,77.35,0.8,5.07,Meghalaya_Shillong
2005-05-03,30.96,23.54,13.99,1.17,79.77,0.82,3.77,Meghalaya_Shillong
2005-05-04,1.37,24.46,14.54,1.18,77.45,0.83,5.33,Meghalaya_Shillong
2005-05-05,8.86,21.99,14.09,1.37,87.64,0.82,1.98,Meghalaya_Shillong
2005-05-06,7.78,22.24,13.96,1.07,79.86,0.82,3.7,Meghalaya_Shillong
2005-05-07,17.5,22.57,13.65,1.42,83.28,0.84,2.62,Meghalaya_Shillong
2005-05-08,1.45,24.07,15.0,0.96,80.16,0.83,4.78,Meghalaya_Shillong
2005-05-09,0.95,25.8,15.75,0.82,81.84,0.82,5.64,Meghalaya_Shillong
2005-05-10,8.9,24.35,14.63,1.81,83.67,0.82,4.59,Meghalaya_Shillong
2005-05-11,10.66,25.43,14.91,1.67,83.07,0.83,5.13,Meghalaya_Shillong
2005-05-12,6.4,25.79,14.72,1.42,79.21,0.83,5.6,Meghalaya_Shillong
2005-05-13,21.82,24.12,14.81,1.47,84.33,0.84,4.17,Meghalaya_Shillong
2005-05-14,7.78,24.33,15.21,1.71,86.88,0.84,3.88,Meghalaya_Shillong
2005-05-15,25.79,24.21,16.1,1.81,86.02,0.86,3.34,Meghalaya_Shillong
2005-05-16,7.9,25.41,15.56,1.37,86.19,0.85,4.69,Meghalaya_Shillong
2005-05-17,5.72,24.8,17.76,1.04,80.77,0.85,4.5,Meghalaya_Shillong
2005-05-18,8.49,25.7,17.2,1.3,81.95,0.84,4.27,Meghalaya_Shillong
2005-05-19,46.21,23.97,16.41,1.53,90.97,0.88,1.9,Meghalaya_Shillong
2005-05-20,29.92,23.72,16.3,1.6,89.33,0.9,2.34,Meghalaya_Shillong
2005-05-21,30.63,23.4,15.51,1.12,89.81,0.9,1.56,Meghalaya_Shillong
2005-05-22,25.27,20.44,16.14,1.5,94.77,0.91,0.67,Meghalaya_Shillong
2005-05-23,5.55,24.8,18.54,1.38,91.12,0.91,1.99,Meghalaya_Shillong
2005-05-24,28.18,24.3,18.0,1.59,91.07,0.92,1.95,Meghalaya_Shillong
2005-05-25,48.91,23.42,18.73,1.7,92.08,0.94,1.74,Meghalaya_Shillong
2005-05-26,6.13,23.8,18.83,1.54,90.78,0.93,1.89,Meghalaya_Shillong
2005-05-27,8.59,24.63,18.11,1.26,91.17,0.93,2.11,Meghalaya_Shillong
2005-05-28,3.23,24.08,17.46,1.69,92.88,0.93,1.69,Meghalaya_Shillong
2005-05-29,8.69,25.48,17.17,1.0,88.75,0.93,2.29,Meghalaya_Shillong
2005-05-30,4.38,28.14,18.23,1.18,78.04,0.93,5.37,Meghalaya_Shillong
2005-05-31,2.7,26.09,17.97,1.49,85.64,0.92,3.7,Meghalaya_Shillong
2005-06-01,5.46,25.86,19.46,2.06,90.8,0.92,3.18,Meghalaya_Shillong
2005-06-02,5.55,25.23,19.79,2.33,91.29,0.92,3.13,Meghalaya_Shillong
2005-06-03,3.6,26.13,17.85,1.45,87.59,0.92,4.08,Meghalaya_Shillong
2005-06-04,3.32,26.6,17.65,1.2,76.66,0.91,5.04,Meghalaya_Shillong
2005-06-05,0.01,26.01,17.82,1.01,74.56,0.91,4.05,Meghalaya_Shillong
2005-06-06,0.02,24.97,16.65,1.04,77.24,0.9,4.41,Meghalaya_Shillong
2005-06-07,5.43,27.39,15.74,0.91,79.71,0.9,6.08,Meghalaya_Shillong
2005-06-08,0.3,27.23,17.98,0.95,83.14,0.89,5.45,Meghalaya_Shillong
2005-06-09,3.08,27.05,18.94,0.75,82.91,0.89,4.64,Meghalaya_Shillong
2005-06-10,1.32,26.77,18.98,0.8,81.79,0.89,4.54,Meghalaya_Shillong
2005-06-11,0.79,25.95,18.36,1.03,87.01,0.88,3.35,Meghalaya_Shillong
2005-06-12,1.89,27.01,19.11,0.9,86.02,0.88,4.18,Meghalaya_Shillong
2005-06-13,1.7,25.9,19.7,0.85,84.45,0.88,3.4,Meghalaya_Shillong
2005-06-14,3.74,26.77,20.01,1.11,89.05,0.88,3.07,Meghalaya_Shillong
2005-06-15,2.94,27.83,19.83,1.27,89.17,0.88,3.9,Meghalaya_Shillong
2005-06-16,15.88,26.95,21.01,0.77,90.3,0.88,2.08,Meghalaya_Shillong
2005-06-17,6.27,27.49,20.23,1.36,89.5,0.89,3.32,Meghalaya_Shillong
2005-06-18,9.34,26.69,20.02,1.98,90.88,0.89,2.67,Meghalaya_Shillong
2005-06-19,11.59,24.36,20.12,2.09,91.58,0.9,2.26,Meghalaya_Shillong
2005-06-20,6.51,25.96,18.84,1.86,90.16,0.9,2.67,Meghalaya_Shillong
2005-06-21,22.57,25.48,19.95,1.54,89.21,0.91,3.13,Meghalaya_Shillong
2005-06-22,3.86,25.13,19.96,2.31,90.79,0.91,2.48,Meghalaya_Shillong
2005-06-23,5.42,25.63,20.18,1.9,90.19,0.9,2.8,Meghalaya_Shillong
2005-06-24,4.97,26.38,19.7,1.14,87.37,0.9,3.63,Meghalaya_Shillong
2005-06-25,3.19,23.39,19.87,2.23,94.92,0.9,0.81,Meghalaya_Shillong
2005-06-26,2.84,26.79,18.7,1.58,86.69,0.9,5.02,Meghalaya_Shillong
2005-06-27,4.33,27.27,19.44,1.65,84.77,0.89,5.1,Meghalaya_Shillong
2005-06-28,3.33,25.98,20.48,1.89,89.51,0.89,2.31,Meghalaya_Shillong
2005-06-29,14.97,24.78,20.07,1.75,89.43,0.9,2.03,Meghalaya_Shillong
2005-06-30,11.54,26.48,20.31,2.13,89.67,0.91,3.03,Meghalaya_Shillong
2005-07-01,15.92,25.69,20.12,1.15,88.39,0.91,2.68,Meghalaya_Shillong
2005-07-02,18.77,25.27,19.72,1.09,91.36,0.92,1.86,Meghalaya_Shillong
2005-07-03,17.57,26.43,20.04,1.69,89.22,0.93,3.27,Meghalaya_Shillong
2005-07-04,16.36,26.76,20.12,1.28,88.8,0.93,2.63,Meghalaya_Shillong
2005-07-05,7.47,25.28,18.92,1.72,91.12,0.94,1.87,Meghalaya_Shillong
2005-07-06,1.37,28.15,19.13,0.95,79.37,0.93,5.22,Meghalaya_Shillong
2005-07-07,2.27,28.43,19.67,0.9,84.09,0.92,5.35,Meghalaya_Shillong
2005-07-08,1.02,27.44,20.28,1.52,88.08,0.91,4.41,Meghalaya_Shillong
2005-07-09,8.71,26.02,20.21,2.74,89.64,0.91,3.72,Meghalaya_Shillong
2005-07-10,33.77,25.47,19.98,3.14,91.45,0.93,2.57,Meghalaya_Shillong
2005-07-11,23.94,24.78,19.87,2.71,93.39,0.95,1.47,Meghalaya_Shillong
2005-07-12,14.39,22.78,19.69,2.08,94.67,0.95,0.87,Meghalaya_Shillong
2005-07-13,23.91,23.9,19.78,1.57,92.51,0.96,1.28,Meghalaya_Shillong
2005-07-14,34.79,22.15,18.84,2.08,95.25,0.97,0.64,Meghalaya_Shillong
2005-07-15,13.15,21.71,18.06,2.07,95.89,0.98,0.55,Meghalaya_Shillong
2005-07-16,10.75,23.89,17.94,2.21,91.71,0.97,1.95,Meghalaya_Shillong
2005-07-17,30.2,23.87,19.46,2.64,93.74,0.98,1.17,Meghalaya_Shillong
2005-07-18,26.76,23.43,19.38,2.63,93.83,0.99,1.17,Meghalaya_Shillong
2005-07-19,5.95,24.39,19.15,2.86,92.58,0.98,1.81,Meghalaya_Shillong
2005-07-20,12.27,25.83,20.01,2.31,91.03,0.98,2.29,Meghalaya_Shillong
2005-07-21,23.13,25.88,18.99,1.34,91.79,0.98,2.07,Meghalaya_Shillong
2005-07-22,6.84,27.62,19.25,0.99,86.01,0.98,3.52,Meghalaya_Shillong
2005-07-23,7.64,28.6,20.35,1.17,86.3,0.98,3.16,Meghalaya_Shillong
2005-07-24,5.57,28.8,20.21,1.04,84.66,0.97,3.52,Meghalaya_Shillong
2005-07-25,4.23,27.96,20.55,1.19,88.2,0.97,3.01,Meghalaya_Shillong
2005-07-26,11.23,27.28,21.04,1.19,87.36,0.97,2.86,Meghalaya_Shillong
2005-07-27,23.51,26.67,21.02,1.45,90.9,0.97,2.14,Meghalaya_Shillong
2005-07-28,2.68,28.07,20.55,1.08,86.12,0.97,3.66,Meghalaya_Shillong
2005-07-29,2.94,28.3,20.15,1.53,86.53,0.97,3.98,Meghalaya_Shillong
2005-07-30,24.93,27.35,20.42,1.25,86.19,0.97,2.99,Meghalaya_Shillong
2005-07-31,8.81,26.98,20.87,0.9,89.1,0.97,2.72,Meghalaya_Shillong
2005-08-01,0.43,28.04,20.44,0.73,87.93,0.96,3.24,Meghalaya_Shillong
2005-08-02,25.93,27.77,21.31,1.35,89.47,0.97,2.48,Meghalaya_Shillong
2005-08-03,48.49,25.66,20.97,1.71,90.97,0.99,1.65,Meghalaya_Shillong
2005-08-04,65.76,25.94,20.74,2.34,91.5,0.99,1.84,Meghalaya_Shillong
2005-08-05,62.56,23.54,20.57,2.0,94.28,1.0,0.81,Meghalaya_Shillong
2005-08-06,47.83,25.47,20.66,2.82,93.86,1.0,1.39,Meghalaya_Shillong
2005-08-07,21.22,25.76,20.7,2.06,92.28,1.0,1.52,Meghalaya_Shillong
2005-08-08,15.69,26.17,20.98,1.3,93.79,1.0,1.35,Meghalaya_Shillong
2005-08-09,6.32,23.65,20.62,0.88,93.41,0.99,0.68,Meghalaya_Shillong
2005-08-10,12.81,26.21,20.47,1.37,92.91,0.99,1.58,Meghalaya_Shillong
2005-08-11,54.88,25.88,20.69,0.98,91.73,1.0,1.38,Meghalaya_Shillong
2005-08-12,55.47,24.28,21.12,1.08,95.31,1.0,0.61,Meghalaya_Shillong
2005-08-13,13.58,28.48,20.2,1.04,88.53,1.0,2.8,Meghalaya_Shillong
2005-08-14,20.33,26.57,19.83,2.16,92.19,1.0,1.46,Meghalaya_Shillong
2005-08-15,20.32,26.8,19.18,1.25,89.78,1.0,2.3,Meghalaya_Shillong
2005-08-16,2.61,26.12,19.85,1.36,90.78,0.99,2.16,Meghalaya_Shillong
2005-08-17,2.31,26.58,19.64,1.2,91.33,0.99,2.33,Meghalaya_Shillong
2005-08-18,79.01,24.2,20.23,1.43,92.93,0.99,1.05,Meghalaya_Shillong
2005-08-19,77.29,25.56,19.7,0.82,92.23,1.0,1.37,Meghalaya_Shillong
2005-08-20,30.4,25.6,20.55,2.22,93.37,1.0,1.32,Meghalaya_Shillong
2005-08-21,29.92,24.69,20.22,3.09,93.69,1.0,1.42,Meghalaya_Shillong
2005-08-22,16.64,24.1,19.99,3.58,94.79,1.0,1.02,Meghalaya_Shillong
2005-08-23,15.31,24.06,20.98,2.75,95.96,1.0,0.6,Meghalaya_Shillong
2005-08-24,30.01,24.8,20.9,1.86,93.26,1.0,1.29,Meghalaya_Shillong
2005-08-25,18.01,23.99,20.43,1.9,94.19,1.0,0.97,Meghalaya_Shillong
2005-08-26,46.08,23.08,19.61,1.85,95.37,1.0,0.68,Meghalaya_Shillong
2005-08-27,12.24,23.85,19.08,1.76,94.17,1.0,1.05,Meghalaya_Shillong
2005-08-28,5.09,24.87,18.78,1.55,92.04,1.0,1.88,Meghalaya_Shillong
2005-08-29,2.52,26.2,17.04,1.16,89.64,0.99,3.1,Meghalaya_Shillong
2005-08-30,1.6,26.84,18.95,1.18,89.53,0.99,3.21,Meghalaya_Shillong
2005-08-31,2.79,27.48,19.57,0.68,86.54,0.99,3.42,Meghalaya_Shillong
2005-09-01,4.02,27.44,19.16,1.02,87.86,0.98,3.16,Meghalaya_Shillong
2005-09-02,1.29,28.06,18.62,0.92,84.97,0.98,4.07,Meghalaya_Shillong
2005-09-03,2.54,27.41,20.63,1.07,86.76,0.98,3.23,Meghalaya_Shillong
2005-09-04,1.56,26.56,20.06,1.02,90.07,0.97,3.02,Meghalaya_Shillong
2005-09-05,11.92,22.4,19.88,0.77,95.1,0.97,0.37,Meghalaya_Shillong
2005-09-06,2.42,25.68,18.99,0.71,88.23,0.98,2.83,Meghalaya_Shillong
2005-09-07,2.3,25.56,19.39,0.63,87.6,0.97,2.55,Meghalaya_Shillong
2005-09-08,1.47,25.7,18.54,1.19,88.86,0.97,2.84,Meghalaya_Shillong
2005-09-09,9.92,25.25,18.69,1.33,86.63,0.97,2.68,Meghalaya_Shillong
2005-09-10,3.94,25.36,17.1,1.46,85.24,0.97,3.33,Meghalaya_Shillong
2005-09-11,1.34,26.16,17.23,1.48,84.21,0.96,3.86,Meghalaya_Shillong
2005-09-12,0.94,26.53,18.8,1.33,84.66,0.96,4.09,Meghalaya_Shillong
2005-09-13,0.44,26.38,18.84,1.32,82.44,0.95,4.36,Meghalaya_Shillong
2005-09-14,0.0,26.07,16.78,1.5,82.37,0.94,4.53,Meghalaya_Shillong
2005-09-15,1.81,27.69,17.25,1.25,78.85,0.94,5.38,Meghalaya_Shillong
2005-09-16,0.36,25.52,17.25,1.5,84.95,0.93,3.52,Meghalaya_Shillong
2005-09-17,0.33,24.25,18.79,2.06,89.28,0.93,3.13,Meghalaya_Shillong
2005-09-18,0.02,27.09,19.25,1.58,86.28,0.92,4.53,Meghalaya_Shillong
2005-09-19,2.49,27.06,18.12,0.91,85.2,0.92,4.74,Meghalaya_Shillong
2005-09-20,32.66,24.06,19.44,1.33,93.1,0.93,1.18,Meghalaya_Shillong
2005-09-21,29.31,22.17,18.71,2.18,95.48,0.96,0.49,Meghalaya_Shillong
2005-09-22,2.0,24.9,16.61,1.46,89.53,0.96,3.51,Meghalaya_Shillong
2005-09-23,13.97,23.98,19.82,2.14,93.36,0.96,2.06,Meghalaya_Shillong
2005-09-24,42.97,22.81,19.95,1.91,97.12,0.97,0.35,Meghalaya_Shillong
2005-09-25,8.91,24.19,19.04,1.45,91.0,0.98,2.45,Meghalaya_Shillong
2005-09-26,1.88,26.3,18.33,0.75,83.87,0.97,3.97,Meghalaya_Shillong
2005-09-27,3.03,27.31,18.25,0.63,86.68,0.97,5.42,Meghalaya_Shillong
2005-09-28,1.11,27.39,18.66,0.8,86.68,0.96,5.43,Meghalaya_Shillong
2005-09-29,9.79,25.23,18.88,0.99,88.83,0.96,2.74,Meghalaya_Shillong
2005-09-30,16.17,24.62,19.15,1.12,90.96,0.97,2.59,Meghalaya_Shillong
2005-10-01,27.44,23.04,17.23,1.84,94.31,0.98,1.28,Meghalaya_Shillong
2005-10-02,22.15,20.97,16.89,0.98,86.98,0.99,1.1,Meghalaya_Shillong
2005-10-03,7.11,22.99,16.54,0.77,86.4,0.99,1.87,Meghalaya_Shillong
2005-10-04,12.35,23.53,15.15,1.23,89.11,0.99,3.06,Meghalaya_Shillong
2005-10-05,0.54,25.5,16.71,0.79,83.27,0.98,4.52,Meghalaya_Shillong
2005-10-06,0.1,25.04,16.68,0.79,85.85,0.97,4.71,Meghalaya_Shillong
2005-10-07,0.24,26.1,15.91,0.54,83.71,0.97,5.93,Meghalaya_Shillong
2005-10-08,0.2,26.05,16.51,0.68,84.89,0.96,5.75,Meghalaya_Shillong
2005-10-09,0.01,25.17,16.56,1.1,89.01,0.96,4.02,Meghalaya_Shillong
2005-10-10,0.0,25.24,16.34,0.83,86.01,0.96,5.1,Meghalaya_Shillong
2005-10-11,0.07,25.31,16.15,0.6,86.92,0.95,5.29,Meghalaya_Shillong
2005-10-12,0.02,24.91,16.59,0.72,83.24,0.95,4.54,Meghalaya_Shillong
2005-10-13,0.34,24.81,15.85,0.73,78.97,0.94,4.52,Meghalaya_Shillong
2005-10-14,0.0,25.02,14.96,0.87,76.76,0.94,5.65,Meghalaya_Shillong
2005-10-15,0.0,25.36,16.48,0.67,80.56,0.93,5.46,Meghalaya_Shillong
2005-10-16,0.54,25.43,15.99,0.69,86.47,0.93,5.38,Meghalaya_Shillong
2005-10-17,2.67,22.87,16.87,0.67,87.83,0.93,2.69,Meghalaya_Shillong
2005-10-18,10.09,21.47,16.28,0.78,90.31,0.93,1.54,Meghalaya_Shillong
2005-10-19,18.15,21.51,15.82,0.92,91.56,0.95,1.73,Meghalaya_Shillong
2005-10-20,4.45,20.17,15.43,1.02,95.19,0.94,0.65,Meghalaya_Shillong
2005-10-21,21.1,21.64,15.37,0.72,89.51,0.95,1.5,Meghalaya_Shillong
2005-10-22,64.67,20.05,14.84,1.02,92.18,0.98,1.07,Meghalaya_Shillong
2005-10-23,36.32,20.95,14.94,0.9,90.47,0.99,1.23,Meghalaya_Shillong
2005-10-24,1.84,23.47,14.13,0.51,82.78,0.99,5.26,Meghalaya_Shillong
2005-10-25,0.0,22.06,13.97,0.8,84.13,0.98,3.45,Meghalaya_Shillong
2005-10-26,0.07,23.25,14.38,0.84,81.17,0.97,4.93,Meghalaya_Shillong
2005-10-27,0.0,23.12,12.96,0.77,81.02,0.97,5.01,Meghalaya_Shillong
2005-10-28,0.03,23.61,12.98,0.99,82.71,0.97,4.96,Meghalaya_Shillong
2005-10-29,0.0,23.87,14.04,0.73,83.43,0.96,5.05,Meghalaya_Shillong
2005-10-30,0.0,23.09,13.97,0.81,85.67,0.96,4.82,Meghalaya_Shillong
2005-10-31,0.47,22.8,13.0,0.76,86.16,0.95,4.74,Meghalaya_Shillong
2005-11-01,0.03,20.37,12.89,0.77,86.03,0.95,3.37,Meghalaya_Shillong
2005-11-02,0.0,22.23,11.54,0.84,84.95,0.95,4.83,Meghalaya_Shillong
2005-11-03,0.0,23.68,9.96,0.67,81.53,0.94,5.79,Meghalaya_Shillong
2005-11-04,0.0,23.03,10.75,0.82,80.48,0.94,5.38,Meghalaya_Shillong
2005-11-05,0.0,22.33,11.61,0.76,79.59,0.93,5.42,Meghalaya_Shillong
2005-11-06,0.0,22.08,10.85,0.98,79.78,0.93,5.27,Meghalaya_Shillong
2005-11-07,0.0,21.85,8.58,1.21,82.14,0.92,4.55,Meghalaya_Shillong
2005-11-08,0.02,21.98,12.37,0.85,82.35,0.92,3.44,Meghalaya_Shillong
2005-11-09,0.0,22.45,13.59,0.74,86.19,0.92,4.73,Meghalaya_Shillong
2005-11-10,0.06,22.51,11.64,0.73,82.77,0.91,5.26,Meghalaya_Shillong
2005-11-11,0.0,23.94,10.75,0.69,74.51,0.91,5.75,Meghalaya_Shillong
2005-11-12,0.0,20.98,10.93,0.93,78.62,0.9,4.72,Meghalaya_Shillong
2005-11-13,0.0,20.32,10.78,0.6,85.16,0.9,4.53,Meghalaya_Shillong
2005-11-14,0.0,20.39,10.09,0.8,86.14,0.9,4.24,Meghalaya_Shillong
2005-11-15,0.0,20.85,9.69,0.78,85.35,0.89,4.64,Meghalaya_Shillong
2005-11-16,0.02,21.05,10.2,0.62,86.24,0.89,4.8,Meghalaya_Shillong
2005-11-17,0.1,20.5,10.31,0.86,87.95,0.89,4.13,Meghalaya_Shillong
2005-11-18,0.13,19.01,9.92,0.85,88.8,0.88,3.14,Meghalaya_Shillong
2005-11-19,0.0,19.79,8.78,0.92,84.64,0.88,3.98,Meghalaya_Shillong
2005-11-20,0.0,21.29,8.26,0.78,78.72,0.88,4.9,Meghalaya_Shillong
2005-11-21,0.0,20.0,10.06,0.8,81.83,0.88,4.27,Meghalaya_Shillong
2005-11-22,0.05,19.44,8.74,0.73,82.93,0.87,3.98,Meghalaya_Shillong
2005-11-23,0.89,18.78,9.43,0.95,88.43,0.87,2.96,Meghalaya_Shillong
2005-11-24,0.26,20.12,8.81,0.72,81.53,0.87,3.88,Meghalaya_Shillong
2005-11-25,0.0,19.24,7.28,0.96,82.06,0.87,3.81,Meghalaya_Shillong
2005-11-26,0.0,20.31,6.75,0.8,71.95,0.86,4.56,Meghalaya_Shillong
2005-11-27,0.0,20.28,8.61,0.74,70.98,0.86,4.65,Meghalaya_Shillong
2005-11-28,0.0,19.27,6.29,0.87,75.69,0.86,4.11,Meghalaya_Shillong
2005-11-29,0.0,20.16,6.86,1.07,77.4,0.86,4.17,Meghalaya_Shillong
2005-11-30,0.0,18.9,7.14,0.72,79.93,0.85,3.82,Meghalaya_Shillong
2005-12-01,0.0,19.02,7.16,0.71,75.2,0.85,3.64,Meghalaya_Shillong
2005-12-02,0.0,21.03,8.09,0.86,70.98,0.85,4.0,Meghalaya_Shillong
2005-12-03,0.0,20.76,8.04,0.8,77.97,0.85,4.18,Meghalaya_Shillong
2005-12-04,0.0,19.54,8.09,0.83,78.61,0.85,3.57,Meghalaya_Shillong
2005-12-05,0.0,20.88,6.45,0.87,66.13,0.84,4.29,Meghalaya_Shillong
2005-12-06,0.0,19.59,4.67,0.94,69.38,0.84,3.98,Meghalaya_Shillong
2005-12-07,0.0,21.13,7.49,0.83,47.1,0.84,4.42,Meghalaya_Shillong
2005-12-08,0.0,19.29,9.49,0.81,59.77,0.84,3.83,Meghalaya_Shillong
2005-12-09,0.0,19.14,9.41,0.73,67.88,0.83,3.77,Meghalaya_Shillong
2005-12-10,0.0,20.28,7.29,0.87,67.7,0.83,4.2,Meghalaya_Shillong
2005-12-11,0.0,20.44,6.11,0.79,66.48,0.83,4.3,Meghalaya_Shillong
2005-12-12,0.0,19.07,4.41,0.88,72.68,0.83,3.52,Meghalaya_Shillong
2005-12-13,0.0,19.9,7.3,0.62,62.9,0.83,4.67,Meghalaya_Shillong
2005-12-14,0.0,18.13,5.55,1.1,74.67,0.82,2.93,Meghalaya_Shillong
2005-12-15,0.0,19.29,6.22,1.21,69.68,0.82,3.28,Meghalaya_Shillong
2005-12-16,0.0,21.01,9.69,0.54,70.21,0.82,4.17,Meghalaya_Shillong
2005-12-17,0.0,20.85,11.04,0.66,77.41,0.82,3.86,Meghalaya_Shillong
2005-12-18,0.0,19.73,9.67,0.87,82.77,0.82,3.13,Meghalaya_Shillong
2005-12-19,0.0,19.49,7.37,0.8,80.33,0.82,3.29,Meghalaya_Shillong
2005-12-20,0.0,19.46,8.22,0.87,79.23,0.82,3.32,Meghalaya_Shillong
2005-12-21,0.0,20.74,8.1,0.83,70.49,0.81,3.59,Meghalaya_Shillong
2005-12-22,0.38,16.67,9.48,1.11,89.86,0.81,1.14,Meghalaya_Shillong
2005-12-23,0.57,16.28,9.25,0.69,87.95,0.82,1.04,Meghalaya_Shillong
2005-12-24,0.03,18.13,7.37,0.84,83.84,0.82,2.71,Meghalaya_Shillong
2005-12-25,0.02,18.15,7.28,0.7,81.6,0.81,3.21,Meghalaya_Shillong
2005-12-26,0.03,19.28,7.77,0.74,79.89,0.81,4.22,Meghalaya_Shillong
2005-12-27,0.0,17.67,5.95,0.63,82.59,0.81,2.89,Meghalaya_Shillong
2005-12-28,0.0,18.31,4.64,0.89,78.95,0.81,3.23,Meghalaya_Shillong
2005-12-29,0.0,17.07,5.97,1.08,72.9,0.8,2.81,Meghalaya_Shillong
2005-12-30,0.0,18.44,5.75,0.89,71.21,0.8,3.42,Meghalaya_Shillong
2005-12-31,0.0,18.0,5.65,0.84,68.75,0.8,3.28,Meghalaya_Shillong
2006-01-01,0.0,18.52,5.92,0.87,65.02,0.8,3.34,Meghalaya_Shillong
2006-01-02,0.0,19.23,6.27,0.61,63.14,0.8,3.62,Meghalaya_Shillong
2006-01-03,0.0,18.62,6.86,1.07,69.34,0.8,3.01,Meghalaya_Shillong
2006-01-04,0.0,19.41,6.29,1.05,67.25,0.79,3.31,Meghalaya_Shillong
2006-01-05,0.0,18.93,7.13,0.73,62.82,0.79,3.22,Meghalaya_Shillong
2006-01-06,0.0,18.74,6.93,1.0,69.31,0.79,3.12,Meghalaya_Shillong
2006-01-07,0.0,21.2,8.19,0.9,65.3,0.79,3.43,Meghalaya_Shillong
2006-01-08,0.0,19.68,7.74,0.82,60.35,0.79,3.19,Meghalaya_Shillong
2006-01-09,0.0,19.73,5.67,1.01,68.28,0.79,3.9,Meghalaya_Shillong
2006-01-10,0.0,19.0,6.39,0.97,60.2,0.79,3.49,Meghalaya_Shillong
2006-01-11,0.0,18.72,6.22,0.98,66.24,0.79,3.31,Meghalaya_Shillong
2006-01-12,0.0,18.51,6.39,0.89,64.8,0.78,3.37,Meghalaya_Shillong
2006-01-13,0.0,18.22,4.4,1.35,66.48,0.78,2.91,Meghalaya_Shillong
2006-01-14,0.0,15.74,3.91,1.51,67.86,0.78,1.99,Meghalaya_Shillong
2006-01-15,0.0,17.07,5.0,1.07,69.5,0.78,2.39,Meghalaya_Shillong
2006-01-16,0.0,15.28,4.89,1.18,78.7,0.78,1.71,Meghalaya_Shillong
2006-01-17,0.0,16.56,5.27,1.12,81.13,0.78,2.02,Meghalaya_Shillong
2006-01-18,0.0,16.85,7.06,1.15,82.54,0.78,1.94,Meghalaya_Shillong
2006-01-19,0.02,18.24,7.03,1.46,82.73,0.78,2.49,Meghalaya_Shillong
2006-01-20,0.0,17.18,6.84,1.33,78.7,0.78,2.36,Meghalaya_Shillong
2006-01-21,0.0,16.84,4.58,1.48,67.99,0.78,2.75,Meghalaya_Shillong
2006-01-22,0.0,15.71,2.94,1.55,65.76,0.77,2.44,Meghalaya_Shillong
2006-01-23,0.0,17.72,4.8,1.08,56.24,0.77,3.05,Meghalaya_Shillong
2006-01-24,0.0,18.55,5.1,1.19,65.71,0.77,3.03,Meghalaya_Shillong
2006-01-25,0.0,17.88,5.2,0.75,79.97,0.77,2.55,Meghalaya_Shillong
2006-01-26,0.0,18.93,5.12,0.99,70.81,0.77,3.27,Meghalaya_Shillong
2006-01-27,0.0,18.45,6.16,1.04,67.47,0.77,3.07,Meghalaya_Shillong
2006-01-28,0.0,19.2,6.11,0.86,64.22,0.77,3.5,Meghalaya_Shillong
2006-01-29,0.0,18.84,7.23,0.92,71.79,0.76,3.18,Meghalaya_Shillong
2006-01-30,0.0,20.11,7.46,0.73,69.84,0.76,3.54,Meghalaya_Shillong
2006-01-31,0.0,21.45,9.47,0.76,65.29,0.76,3.82,Meghalaya_Shillong
2006-02-01,0.0,20.75,9.91,0.95,66.9,0.76,3.8,Meghalaya_Shillong
2006-02-02,0.0,20.86,10.83,0.79,68.12,0.76,3.68,Meghalaya_Shillong
2006-02-03,0.0,21.42,11.64,0.7,69.95,0.76,3.86,Meghalaya_Shillong
2006-02-04,0.0,20.27,9.76,1.19,75.36,0.75,3.1,Meghalaya_Shillong
2006-02-05,0.77,20.88,8.73,0.83,61.16,0.75,3.74,Meghalaya_Shillong
2006-02-06,0.0,21.13,7.15,1.0,68.13,0.75,3.85,Meghalaya_Shillong
2006-02-07,0.0,21.0,9.39,1.06,60.57,0.75,3.94,Meghalaya_Shillong
2006-02-08,0.0,20.53,9.07,0.93,52.52,0.75,4.04,Meghalaya_Shillong
2006-02-09,0.0,21.18,9.06,0.82,56.06,0.75,4.01,Meghalaya_Shillong
2006-02-10,0.0,20.78,8.74,0.9,57.45,0.74,4.24,Meghalaya_Shillong
2006-02-11,0.0,20.8,8.58,0.85,62.96,0.74,4.19,Meghalaya_Shillong
2006-02-12,0.0,21.16,9.61,0.98,65.98,0.74,4.0,Meghalaya_Shillong
2006-02-13,0.0,20.29,9.39,1.17,68.74,0.74,3.41,Meghalaya_Shillong
2006-02-14,0.79,19.42,8.3,1.43,77.09,0.74,2.51,Meghalaya_Shillong
2006-02-15,1.46,19.75,8.03,1.76,81.45,0.74,2.66,Meghalaya_Shillong
2006-02-16,0.97,19.62,8.98,2.19,84.32,0.74,2.22,Meghalaya_Shillong
2006-02-17,10.45,19.97,10.71,1.65,81.89,0.75,2.43,Meghalaya_Shillong
2006-02-18,0.04,21.18,10.5,1.37,71.48,0.75,3.36,Meghalaya_Shillong
2006-02-19,4.92,21.37,10.77,1.23,81.54,0.76,3.22,Meghalaya_Shillong
2006-02-20,0.01,21.67,10.69,1.04,81.21,0.75,3.09,Meghalaya_Shillong
2006-02-21,16.67,20.02,11.93,1.38,90.55,0.76,1.73,Meghalaya_Shillong
2006-02-22,1.35,21.37,10.83,1.46,87.06,0.77,2.77,Meghalaya_Shillong
2006-02-23,2.63,21.7,11.59,1.32,76.49,0.77,3.59,Meghalaya_Shillong
2006-02-24,0.01,22.3,11.7,1.34,74.48,0.76,3.94,Meghalaya_Shillong
2006-02-25,0.01,21.86,13.01,1.14,68.24,0.75,4.07,Meghalaya_Shillong
2006-02-26,0.03,22.18,11.55,1.45,65.34,0.75,4.47,Meghalaya_Shillong
2006-02-27,0.02,22.76,9.77,2.05,64.29,0.74,4.71,Meghalaya_Shillong
2006-02-28,0.02,22.56,9.26,2.24,63.92,0.74,5.06,Meghalaya_Shillong
2006-03-01,0.0,22.48,10.38,1.84,58.22,0.73,5.12,Meghalaya_Shillong
2006-03-02,0.0,23.02,9.79,1.72,54.78,0.73,5.31,Meghalaya_Shillong
2006-03-03,0.14,21.78,9.59,1.6,55.95,0.72,4.62,Meghalaya_Shillong
2006-03-04,0.0,21.56,7.96,1.7,46.74,0.72,5.05,Meghalaya_Shillong
2006-03-05,0.0,21.83,8.54,1.69,55.57,0.72,4.75,Meghalaya_Shillong
2006-03-06,0.0,22.43,11.45,1.56,53.19,0.72,4.78,Meghalaya_Shillong
2006-03-07,0.0,22.73,11.07,1.64,52.73,0.71,5.14,Meghalaya_Shillong
2006-03-08,0.0,23.77,12.69,1.19,48.78,0.71,5.42,Meghalaya_Shillong
2006-03-09,0.0,24.76,13.09,1.5,54.33,0.71,5.28,Meghalaya_Shillong
2006-03-10,0.0,23.9,13.19,1.39,65.05,0.71,4.17,Meghalaya_Shillong
2006-03-11,1.25,21.41,10.98,1.37,71.12,0.71,2.71,Meghalaya_Shillong
2006-03-12,4.55,20.99,9.73,1.61,75.99,0.71,3.35,Meghalaya_Shillong
2006-03-13,0.0,20.18,8.3,1.49,78.14,0.71,3.69,Meghalaya_Shillong
2006-03-14,0.0,22.68,9.86,1.44,68.62,0.71,5.05,Meghalaya_Shillong
2006-03-15,0.11,23.13,9.78,1.49,72.52,0.71,4.43,Meghalaya_Shillong
2006-03-16,4.93,20.67,12.2,1.5,76.12,0.71,3.0,Meghalaya_Shillong
2006-03-17,0.0,22.6,9.62,1.23,72.51,0.71,5.22,Meghalaya_Shillong
2006-03-18,0.01,22.08,7.99,1.39,52.92,0.7,5.55,Meghalaya_Shillong
2006-03-19,0.0,22.68,9.55,1.02,52.43,0.7,5.55,Meghalaya_Shillong
2006-03-20,0.0,23.29,10.13,0.98,53.26,0.69,5.65,Meghalaya_Shillong
2006-03-21,0.0,23.13,12.35,1.14,48.85,0.69,5.6,Meghalaya_Shillong
2006-03-22,0.19,23.09,10.05,1.85,57.58,0.69,5.06,Meghalaya_Shillong
2006-03-23,4.09,23.18,11.83,1.57,53.13,0.69,5.6,Meghalaya_Shillong
2006-03-24,0.0,23.64,11.75,1.4,48.82,0.69,5.98,Meghalaya_Shillong
2006-03-25,0.0,23.68,12.93,1.5,50.85,0.68,5.52,Meghalaya_Shillong
2006-03-26,0.0,25.06,12.11,1.88,59.18,0.68,5.8,Meghalaya_Shillong
2006-03-27,0.02,26.12,11.6,1.86,56.66,0.67,5.82,Meghalaya_Shillong
2006-03-28,0.0,25.89,12.33,2.01,44.54,0.67,6.31,Meghalaya_Shillong
2006-03-29,0.0,25.16,10.83,1.98,45.84,0.67,5.93,Meghalaya_Shillong
2006-03-30,0.0,25.36,12.88,1.85,40.63,0.66,5.53,Meghalaya_Shillong
2006-03-31,0.0,25.42,13.12,1.37,45.27,0.66,5.19,Meghalaya_Shillong
2006-04-01,0.0,24.97,12.89,1.56,52.48,0.66,4.83,Meghalaya_Shillong
2006-04-02,15.23,23.06,15.23,1.61,74.74,0.67,2.66,Meghalaya_Shillong
2006-04-03,27.83,22.04,13.79,1.72,87.26,0.72,2.56,Meghalaya_Shillong
2006-04-04,50.19,21.19,13.35,2.36,91.76,0.77,1.27,Meghalaya_Shillong
2006-04-05,8.6,22.68,16.03,2.2,86.6,0.79,3.3,Meghalaya_Shillong
2006-04-06,15.16,23.25,14.43,1.16,83.55,0.78,3.87,Meghalaya_Shillong
2006-04-07,3.63,22.96,14.27,1.58,82.43,0.78,3.34,Meghalaya_Shillong
2006-04-08,4.22,22.65,15.54,1.3,83.0,0.76,2.34,Meghalaya_Shillong
2006-04-09,7.39,22.8,14.92,1.37,83.89,0.76,3.19,Meghalaya_Shillong
2006-04-10,12.88,23.98,15.06,1.9,88.05,0.76,2.91,Meghalaya_Shillong
2006-04-11,15.18,24.09,16.9,3.1,88.51,0.78,3.85,Meghalaya_Shillong
2006-04-12,0.44,24.7,15.71,2.53,86.54,0.77,4.83,Meghalaya_Shillong
2006-04-13,1.19,24.91,15.27,1.95,87.95,0.75,4.27,Meghalaya_Shillong
2006-04-14,0.02,25.97,15.37,1.99,81.08,0.74,6.11,Meghalaya_Shillong
2006-04-15,0.04,26.62,13.37,1.76,66.98,0.73,6.82,Meghalaya_Shillong
2006-04-16,21.27,24.46,15.09,1.54,76.38,0.74,4.37,Meghalaya_Shillong
2006-04-17,35.21,21.91,15.61,1.37,89.84,0.8,1.05,Meghalaya_Shillong
2006-04-18,11.77,19.79,13.69,1.23,87.78,0.8,1.44,Meghalaya_Shillong
2006-04-19,13.5,22.54,13.84,1.55,84.81,0.81,2.46,Meghalaya_Shillong
2006-04-20,0.15,24.14,12.12,1.19,79.62,0.79,5.81,Meghalaya_Shillong
2006-04-21,0.01,24.07,11.73,1.41,69.74,0.77,6.42,Meghalaya_Shillong
2006-04-22,4.16,23.16,14.66,1.16,71.2,0.77,4.03,Meghalaya_Shillong
2006-04-23,1.68,24.81,14.48,1.07,69.45,0.76,5.85,Meghalaya_Shillong
2006-04-24,0.15,25.52,14.96,1.39,65.63,0.76,6.7,Meghalaya_Shillong
2006-04-25,1.79,25.41,15.7,1.38,66.67,0.75,5.98,Meghalaya_Shillong
2006-04-26,5.99,24.91,14.35,1.44,73.29,0.75,5.03,Meghalaya_Shillong
2006-04-27,11.92,23.12,14.69,1.23,78.59,0.77,2.82,Meghalaya_Shillong
2006-04-28,0.0,27.39,14.27,1.12,70.75,0.76,7.53,Meghalaya_Shillong
2006-04-29,0.0,27.27,13.0,1.59,70.63,0.75,7.52,Meghalaya_Shillong
2006-04-30,0.0,27.89,16.93,1.13,64.73,0.74,8.24,Meghalaya_Shillong
2006-05-01,47.6,25.79,14.68,1.25,78.49,0.77,4.42,Meghalaya_Shillong
2006-05-02,18.02,25.61,16.93,1.21,76.43,0.8,4.5,Meghalaya_Shillong
2006-05-03,2.48,25.56,15.55,1.42,77.9,0.79,5.67,Meghalaya_Shillong
2006-05-04,8.25,24.49,16.33,1.62,83.28,0.79,4.28,Meghalaya_Shillong
2006-05-05,35.87,24.16,15.01,1.46,88.0,0.81,2.7,Meghalaya_Shillong
2006-05-06,5.62,24.0,16.7,1.51,85.9,0.81,2.94,Meghalaya_Shillong
2006-05-07,0.32,20.38,15.97,1.39,88.59,0.8,1.43,Meghalaya_Shillong
2006-05-08,0.0,26.32,15.37,1.05,80.07,0.79,6.45,Meghalaya_Shillong
2006-05-09,0.24,25.6,16.37,1.26,81.01,0.78,5.67,Meghalaya_Shillong
2006-05-10,7.25,23.13,15.97,1.53,90.2,0.78,2.13,Meghalaya_Shillong
2006-05-11,7.83,24.83,17.43,2.05,88.12,0.79,4.0,Meghalaya_Shillong
2006-05-12,11.52,23.83,18.42,1.77,90.49,0.8,2.82,Meghalaya_Shillong
2006-05-13,28.42,22.93,17.19,1.32,90.43,0.81,1.99,Meghalaya_Shillong
2006-05-14,6.45,21.84,16.24,1.58,88.12,0.82,1.82,Meghalaya_Shillong
2006-05-15,0.09,25.71,15.51,1.92,78.36,0.8,6.19,Meghalaya_Shillong
2006-05-16,0.0,27.05,14.48,1.28,73.75,0.79,7.18,Meghalaya_Shillong
2006-05-17,0.0,27.72,14.07,1.2,69.64,0.78,8.4,Meghalaya_Shillong
2006-05-18,0.0,28.67,17.52,0.83,64.65,0.77,8.69,Meghalaya_Shillong
2006-05-19,8.32,27.74,17.99,0.87,71.47,0.77,6.25,Meghalaya_Shillong
2006-05-20,0.02,27.49,17.82,0.75,74.05,0.77,7.44,Meghalaya_Shillong
2006-05-21,0.49,27.39,17.39,0.86,73.31,0.77,7.58,Meghalaya_Shillong
2006-05-22,3.09,27.16,17.0,0.86,75.29,0.76,7.11,Meghalaya_Shillong
2006-05-23,1.61,27.08,17.7,0.91,74.75,0.76,6.76,Meghalaya_Shillong
2006-05-24,0.91,27.9,16.69,0.91,77.54,0.76,7.26,Meghalaya_Shillong
2006-05-25,12.41,28.56,17.08,1.35,78.06,0.76,6.78,Meghalaya_Shillong
2006-05-26,45.4,25.72,19.28,1.76,87.7,0.82,2.91,Meghalaya_Shillong
2006-05-27,38.06,22.85,18.44,1.94,93.0,0.85,1.16,Meghalaya_Shillong
2006-05-28,32.82,22.73,18.4,2.47,95.08,0.88,0.85,Meghalaya_Shillong
2006-05-29,27.71,25.34,19.75,2.86,89.58,0.89,3.2,Meghalaya_Shillong
2006-05-30,28.05,24.13,20.38,3.49,94.02,0.89,1.12,Meghalaya_Shillong
2006-05-31,32.04,21.78,19.04,3.18,93.95,0.9,1.04,Meghalaya_Shillong
2006-06-01,13.79,22.41,19.12,2.65,93.2,0.9,1.41,Meghalaya_Shillong
2006-06-02,12.64,23.73,18.49,1.53,89.64,0.9,1.98,Meghalaya_Shillong
2006-06-03,4.22,26.34,18.65,0.73,79.69,0.89,3.89,Meghalaya_Shillong
2006-06-04,5.73,25.95,18.76,1.44,89.67,0.88,2.8,Meghalaya_Shillong
2006-06-05,20.11,24.66,19.09,1.57,91.93,0.89,1.75,Meghalaya_Shillong
2006-06-06,6.48,26.05,19.11,2.12,88.02,0.9,4.0,Meghalaya_Shillong
2006-06-07,6.7,26.35,19.3,1.52,89.67,0.89,2.98,Meghalaya_Shillong
2006-06-08,1.64,24.63,19.22,2.26,90.76,0.89,2.6,Meghalaya_Shillong
2006-06-09,7.61,25.22,19.32,2.92,90.65,0.88,2.96,Meghalaya_Shillong
2006-06-10,28.87,23.85,19.4,2.52,94.41,0.9,1.11,Meghalaya_Shillong
2006-06-11,71.01,25.2,20.64,3.59,92.23,0.94,2.18,Meghalaya_Shillong
2006-06-12,85.33,24.13,20.4,3.65,95.07,0.97,0.78,Meghalaya_Shillong
2006-06-13,29.14,24.24,19.35,2.43,91.12,0.98,1.71,Meghalaya_Shillong
2006-06-14,8.26,22.43,18.19,2.04,93.07,0.97,1.27,Meghalaya_Shillong
2006-06-15,7.94,24.05,18.35,1.93,90.48,0.96,2.3,Meghalaya_Shillong
2006-06-16,22.32,23.73,19.84,2.36,92.5,0.97,1.35,Meghalaya_Shillong
2006-06-17,0.52,25.19,19.13,1.62,89.3,0.96,3.06,Meghalaya_Shillong
2006-06-18,0.04,27.48,18.79,0.94,78.2,0.95,4.96,Meghalaya_Shillong
2006-06-19,2.56,27.11,18.15,0.77,81.97,0.95,4.52,Meghalaya_Shillong
2006-06-20,3.02,25.54,19.58,0.89,88.73,0.95,1.72,Meghalaya_Shillong
2006-06-21,5.17,22.64,19.59,1.36,95.14,0.95,0.62,Meghalaya_Shillong
2006-06-22,5.54,28.12,18.21,0.8,84.05,0.95,4.85,Meghalaya_Shillong
2006-06-23,15.63,24.84,20.34,1.09,92.16,0.95,1.63,Meghalaya_Shillong
2006-06-24,6.4,25.26,19.9,0.85,90.89,0.95,1.43,Meghalaya_Shillong
2006-06-25,15.58,24.88,19.8,0.84,90.31,0.96,1.6,Meghalaya_Shillong
2006-06-26,33.27,24.75,20.04,1.04,92.46,0.97,1.11,Meghalaya_Shillong
2006-06-27,52.08,23.02,19.39,1.39,93.11,0.98,0.81,Meghalaya_Shillong
2006-06-28,16.03,24.91,18.33,1.28,89.34,0.98,1.66,Meghalaya_Shillong
2006-06-29,9.72,28.01,19.84,0.69,82.58,0.98,4.47,Meghalaya_Shillong
2006-06-30,1.09,26.43,19.95,0.93,88.59,0.97,2.24,Meghalaya_Shillong
2006-07-01,3.25,28.18,19.54,1.63,86.36,0.97,3.53,Meghalaya_Shillong
2006-07-02,0.18,27.71,21.0,1.95,88.37,0.97,3.12,Meghalaya_Shillong
2006-07-03,7.96,26.71,20.66,1.82,87.92,0.96,3.32,Meghalaya_Shillong
2006-07-04,1.84,26.46,20.15,1.85,90.81,0.96,2.77,Meghalaya_Shillong
2006-07-05,7.15,24.66,20.67,2.35,92.68,0.96,2.0,Meghalaya_Shillong
2006-07-06,28.96,25.44,21.37,2.65,93.77,0.96,1.39,Meghalaya_Shillong
2006-07-07,38.67,24.7,21.54,2.18,94.8,0.98,0.95,Meghalaya_Shillong
2006-07-08,36.68,25.1,21.07,1.4,93.75,0.99,1.02,Meghalaya_Shillong
2006-07-09,15.15,26.91,19.83,2.02,90.53,0.98,2.74,Meghalaya_Shillong
2006-07-10,5.58,27.87,19.96,1.74,89.01,0.98,3.36,Meghalaya_Shillong
2006-07-11,15.84,24.58,20.88,2.97,93.37,0.98,1.52,Meghalaya_Shillong
2006-07-12,15.62,25.61,20.19,2.55,91.46,0.98,2.35,Meghalaya_Shillong
2006-07-13,5.67,25.85,20.54,2.16,91.98,0.98,2.12,Meghalaya_Shillong
2006-07-14,12.22,24.77,19.95,1.75,92.35,0.98,1.82,Meghalaya_Shillong
2006-07-15,3.53,25.62,20.35,1.06,89.36,0.98,1.76,Meghalaya_Shillong
2006-07-16,3.47,28.28,19.49,1.3,87.52,0.97,3.66,Meghalaya_Shillong
2006-07-17,0.47,26.88,20.84,1.51,90.14,0.97,3.34,Meghalaya_Shillong
2006-07-18,23.27,26.19,19.77,2.03,90.65,0.97,2.79,Meghalaya_Shillong
2006-07-19,15.16,25.73,19.85,1.89,90.54,0.98,2.44,Meghalaya_Shillong
2006-07-20,7.03,26.49,19.55,1.59,89.73,0.97,2.82,Meghalaya_Shillong
2006-07-21,9.03,25.82,19.63,1.42,88.91,0.97,3.29,Meghalaya_Shillong
2006-07-22,1.75,25.04,19.15,1.88,90.29,0.97,2.77,Meghalaya_Shillong
2006-07-23,3.65,25.41,19.84,1.96,90.5,0.96,2.88,Meghalaya_Shillong
2006-07-24,10.89,26.52,19.33,1.34,89.11,0.96,3.26,Meghalaya_Shillong
2006-07-25,8.96,25.95,20.16,1.16,91.94,0.96,2.16,Meghalaya_Shillong
2006-07-26,45.38,22.89,20.76,1.39,96.85,0.98,0.36,Meghalaya_Shillong
2006-07-27,3.61,25.55,19.31,0.93,87.52,0.98,2.34,Meghalaya_Shillong
2006-07-28,0.68,25.96,20.49,1.55,91.6,0.97,2.18,Meghalaya_Shillong
2006-07-29,6.58,24.74,19.96,1.73,90.65,0.97,1.88,Meghalaya_Shillong
2006-07-30,6.65,23.84,19.03,1.34,93.13,0.97,1.02,Meghalaya_Shillong
2006-07-31,5.77,25.82,19.74,0.91,88.89,0.97,2.09,Meghalaya_Shillong
2006-08-01,1.63,27.52,19.33,1.57,87.85,0.97,3.38,Meghalaya_Shillong
2006-08-02,24.41,26.65,18.86,1.42,86.88,0.97,2.95,Meghalaya_Shillong
2006-08-03,19.09,26.92,19.06,1.07,86.21,0.98,3.45,Meghalaya_Shillong
2006-08-04,9.92,24.14,19.33,1.49,92.2,0.97,1.45,Meghalaya_Shillong
2006-08-05,5.09,24.95,18.42,1.99,91.34,0.97,2.59,Meghalaya_Shillong
2006-08-06,2.9,25.26,18.51,1.68,90.04,0.97,3.02,Meghalaya_Shillong
2006-08-07,2.45,25.93,18.68,1.43,90.97,0.96,2.92,Meghalaya_Shillong
2006-08-08,1.84,27.02,19.15,0.67,84.9,0.96,4.18,Meghalaya_Shillong
2006-08-09,11.16,26.26,20.11,0.97,84.3,0.96,2.68,Meghalaya_Shillong
2006-08-10,7.09,26.9,19.83,1.89,86.76,0.96,3.41,Meghalaya_Shillong
2006-08-11,1.18,28.94,19.12,1.31,81.23,0.95,4.93,Meghalaya_Shillong
2006-08-12,40.22,27.69,20.29,1.21,84.87,0.96,3.53,Meghalaya_Shillong
2006-08-13,24.49,25.64,20.06,1.05,89.26,0.98,2.05,Meghalaya_Shillong
2006-08-14,7.91,24.83,19.3,1.13,91.03,0.97,1.38,Meghalaya_Shillong
2006-08-15,1.75,27.4,19.52,1.45,83.55,0.97,3.37,Meghalaya_Shillong
2006-08-16,0.03,28.72,18.22,1.55,84.06,0.96,4.7,Meghalaya_Shillong
2006-08-17,1.4,27.12,19.56,1.08,87.81,0.95,3.79,Meghalaya_Shillong
2006-08-18,1.35,26.45,19.7,1.2,90.37,0.95,3.0,Meghalaya_Shillong
2006-08-19,1.32,27.85,20.26,0.74,87.11,0.94,4.4,Meghalaya_Shillong
2006-08-20,8.09,26.79,20.41,1.21,89.77,0.94,2.45,Meghalaya_Shillong
2006-08-21,12.95,27.59,19.89,1.85,90.08,0.95,2.87,Meghalaya_Shillong
2006-08-22,18.16,26.1,18.43,1.95,89.19,0.95,3.01,Meghalaya_Shillong
2006-08-23,8.9,25.02,19.32,2.36,91.65,0.96,2.4,Meghalaya_Shillong
2006-08-24,19.34,25.57,19.07,2.11,91.09,0.96,2.96,Meghalaya_Shillong
2006-08-25,16.06,24.58,20.06,1.5,92.92,0.97,1.59,Meghalaya_Shillong
2006-08-26,4.48,26.03,19.33,1.39,90.28,0.97,2.98,Meghalaya_Shillong
2006-08-27,0.27,26.31,18.88,0.68,87.37,0.96,3.63,Meghalaya_Shillong
2006-08-28,2.42,26.97,19.54,1.53,90.18,0.95,3.4,Meghalaya_Shillong
2006-08-29,12.73,26.36,18.9,1.36,88.73,0.96,3.05,Meghalaya_Shillong
2006-08-30,0.92,25.38,19.29,0.97,90.94,0.95,2.46,Meghalaya_Shillong
2006-08-31,0.56,27.34,17.72,0.83,85.47,0.95,5.17,Meghalaya_Shillong
2006-09-01,0.12,26.72,18.38,0.51,84.41,0.94,3.77,Meghalaya_Shillong
2006-09-02,2.31,24.92,19.44,1.53,89.72,0.94,2.51,Meghalaya_Shillong
2006-09-03,2.17,26.79,19.26,1.93,87.66,0.93,4.53,Meghalaya_Shillong
2006-09-04,1.22,26.35,18.55,1.11,89.01,0.93,4.21,Meghalaya_Shillong
2006-09-05,0.95,25.22,18.18,1.55,89.59,0.93,4.0,Meghalaya_Shillong
2006-09-06,0.7,26.16,17.69,1.53,89.46,0.92,4.31,Meghalaya_Shillong
2006-09-07,16.85,25.52,18.73,1.6,90.89,0.92,3.13,Meghalaya_Shillong
2006-09-08,8.9,25.94,19.23,1.32,90.13,0.93,2.83,Meghalaya_Shillong
2006-09-09,1.94,26.26,18.58,0.59,84.92,0.93,4.17,Meghalaya_Shillong
2006-09-10,11.93,25.04,19.31,1.29,91.11,0.93,2.16,Meghalaya_Shillong
2006-09-11,46.69,22.74,19.41,1.83,94.37,0.96,1.07,Meghalaya_Shillong
2006-09-12,9.74,21.46,19.37,2.47,96.08,0.96,0.67,Meghalaya_Shillong
2006-09-13,1.29,24.84,18.98,1.35,90.78,0.96,2.93,Meghalaya_Shillong
2006-09-14,0.24,26.14,18.35,0.69,85.73,0.95,4.62,Meghalaya_Shillong
2006-09-15,0.08,26.39,18.56,0.68,85.33,0.94,5.03,Meghalaya_Shillong
2006-09-16,15.01,25.94,17.8,0.83,89.38,0.94,3.42,Meghalaya_Shillong
2006-09-17,5.08,26.31,18.68,0.54,86.23,0.95,4.06,Meghalaya_Shillong
2006-09-18,0.41,26.74,17.18,1.24,85.69,0.94,5.02,Meghalaya_Shillong
2006-09-19,0.59,27.09,18.15,1.4,85.77,0.94,4.97,Meghalaya_Shillong
2006-09-20,3.08,23.52,18.23,1.88,91.4,0.93,2.46,Meghalaya_Shillong
2006-09-21,10.53,22.42,17.97,1.53,91.28,0.93,1.88,Meghalaya_Shillong
2006-09-22,13.6,23.32,17.1,1.46,91.08,0.94,1.99,Meghalaya_Shillong
2006-09-23,21.87,22.84,17.86,1.19,93.5,0.96,1.13,Meghalaya_Shillong
2006-09-24,3.6,23.98,17.95,0.87,91.18,0.96,1.92,Meghalaya_Shillong
2006-09-25,4.52,25.64,17.01,0.88,88.41,0.95,4.16,Meghalaya_Shillong
2006-09-26,0.44,25.87,18.65,0.75,86.19,0.95,4.58,Meghalaya_Shillong
2006-09-27,0.07,26.5,17.83,0.97,87.38,0.94,4.99,Meghalaya_Shillong
2006-09-28,0.9,25.65,18.77,1.44,88.88,0.93,3.31,Meghalaya_Shillong
2006-09-29,3.08,23.81,18.9,0.89,92.5,0.93,1.41,Meghalaya_Shillong
2006-09-30,18.93,24.8,17.76,1.02,90.47,0.94,2.58,Meghalaya_Shillong
2006-10-01,59.59,22.99,18.06,1.03,93.4,0.96,1.07,Meghalaya_Shillong
2006-10-02,4.9,25.92,18.68,0.65,87.27,0.97,3.79,Meghalaya_Shillong
2006-10-03,2.24,28.17,17.73,0.65,85.42,0.96,4.72,Meghalaya_Shillong
2006-10-04,9.94,25.5,17.56,1.11,90.2,0.96,3.41,Meghalaya_Shillong
2006-10-05,6.12,24.43,17.57,1.14,90.13,0.96,3.45,Meghalaya_Shillong
2006-10-06,1.9,26.14,16.95,0.75,84.37,0.95,5.56,Meghalaya_Shillong
2006-10-07,0.08,25.87,15.37,0.68,82.75,0.95,6.02,Meghalaya_Shillong
2006-10-08,0.01,25.99,14.87,0.99,83.27,0.94,5.64,Meghalaya_Shillong
2006-10-09,0.0,25.6,14.83,0.81,75.63,0.93,6.39,Meghalaya_Shillong
2006-10-10,0.04,25.93,16.9,0.7,75.23,0.93,6.33,Meghalaya_Shillong
2006-10-11,1.86,25.43,16.91,0.72,79.01,0.92,5.63,Meghalaya_Shillong
2006-10-12,0.74,25.39,15.3,0.64,82.8,0.92,6.14,Meghalaya_Shillong
2006-10-13,0.98,25.71,15.18,0.73,83.4,0.92,6.21,Meghalaya_Shillong
2006-10-14,1.09,24.94,15.56,0.76,83.42,0.91,5.49,Meghalaya_Shillong
2006-10-15,4.83,24.31,15.25,0.69,85.3,0.91,4.68,Meghalaya_Shillong
2006-10-16,0.58,25.09,14.66,0.7,82.62,0.91,6.01,Meghalaya_Shillong
2006-10-17,0.48,25.02,14.56,0.64,79.75,0.9,5.72,Meghalaya_Shillong
2006-10-18,0.24,22.93,14.83,0.7,85.6,0.9,3.24,Meghalaya_Shillong
2006-10-19,0.2,21.19,14.18,0.75,83.03,0.9,1.99,Meghalaya_Shillong
2006-10-20,5.67,20.58,14.78,0.96,85.7,0.9,1.84,Meghalaya_Shillong
2006-10-21,1.46,22.95,13.25,0.74,81.82,0.9,4.18,Meghalaya_Shillong
2006-10-22,0.01,22.85,13.4,0.91,81.06,0.9,4.95,Meghalaya_Shillong
2006-10-23,0.0,23.5,11.85,0.8,78.27,0.89,5.67,Meghalaya_Shillong
2006-10-24,0.0,23.56,12.73,0.76,76.9,0.89,5.89,Meghalaya_Shillong
2006-10-25,0.0,23.14,11.27,1.3,83.9,0.88,5.25,Meghalaya_Shillong
2006-10-26,0.0,22.35,10.63,1.27,81.95,0.88,5.09,Meghalaya_Shillong
2006-10-27,0.0,23.93,11.12,0.75,68.87,0.87,6.64,Meghalaya_Shillong
2006-10-28,0.0,20.5,11.96,0.75,75.44,0.87,2.74,Meghalaya_Shillong
2006-10-29,0.0,23.16,12.32,0.88,71.91,0.87,6.02,Meghalaya_Shillong
2006-10-30,0.0,23.4,10.21,0.91,76.33,0.86,6.15,Meghalaya_Shillong
2006-10-31,0.0,22.9,10.62,1.23,76.19,0.86,5.1,Meghalaya_Shillong
2006-11-01,0.04,24.15,14.01,0.86,67.56,0.86,6.01,Meghalaya_Shillong
2006-11-02,0.08,23.74,14.01,0.77,71.18,0.85,5.41,Meghalaya_Shillong
2006-11-03,0.0,26.37,14.79,0.68,72.13,0.85,7.54,Meghalaya_Shillong
2006-11-04,0.0,24.39,13.98,0.88,78.09,0.85,5.81,Meghalaya_Shillong
2006-11-05,0.0,21.39,13.06,0.66,83.35,0.84,3.04,Meghalaya_Shillong
2006-11-06,0.02,22.25,12.5,0.73,83.17,0.84,4.44,Meghalaya_Shillong
2006-11-07,0.3,19.48,11.75,0.98,87.65,0.84,1.47,Meghalaya_Shillong
2006-11-08,0.19,19.87,13.97,0.79,83.84,0.84,2.1,Meghalaya_Shillong
2006-11-09,0.32,19.74,13.58,0.7,88.05,0.84,1.66,Meghalaya_Shillong
2006-11-10,0.13,20.68,13.24,0.83,85.5,0.84,2.98,Meghalaya_Shillong
2006-11-11,6.84,17.09,12.81,1.6,93.69,0.84,0.86,Meghalaya_Shillong
2006-11-12,0.32,22.43,11.89,0.83,85.18,0.84,4.57,Meghalaya_Shillong
2006-11-13,0.15,22.22,11.09,0.7,85.78,0.84,4.92,Meghalaya_Shillong
2006-11-14,0.0,22.58,12.41,0.73,80.56,0.84,5.4,Meghalaya_Shillong
2006-11-15,0.0,21.38,10.88,1.0,75.74,0.83,5.13,Meghalaya_Shillong
2006-11-16,0.0,23.04,10.03,0.87,64.57,0.83,5.77,Meghalaya_Shillong
2006-11-17,0.0,20.4,10.13,0.85,75.34,0.83,4.33,Meghalaya_Shillong
2006-11-18,0.0,20.66,8.78,0.86,80.48,0.82,4.99,Meghalaya_Shillong
2006-11-19,0.0,20.1,10.88,0.73,80.07,0.82,4.61,Meghalaya_Shillong
2006-11-20,4.26,18.29,8.25,1.3,87.1,0.83,2.39,Meghalaya_Shillong
2006-11-21,0.04,18.57,9.1,1.17,88.74,0.83,2.76,Meghalaya_Shillong
2006-11-22,0.13,18.19,8.95,1.01,86.02,0.82,2.84,Meghalaya_Shillong
2006-11-23,0.03,17.68,8.24,1.34,87.27,0.82,2.92,Meghalaya_Shillong
2006-11-24,0.09,17.91,6.89,1.55,84.11,0.82,2.83,Meghalaya_Shillong
2006-11-25,0.09,18.54,8.11,1.55,82.7,0.82,3.45,Meghalaya_Shillong
2006-11-26,0.0,17.57,7.48,1.5,79.03,0.82,3.36,Meghalaya_Shillong
2006-11-27,0.0,16.82,7.68,1.04,71.52,0.81,3.16,Meghalaya_Shillong
2006-11-28,0.0,16.52,6.39,1.05,70.42,0.81,3.32,Meghalaya_Shillong
2006-11-29,0.0,17.83,5.31,0.96,71.77,0.81,3.63,Meghalaya_Shillong
2006-11-30,0.0,18.56,4.79,1.04,81.14,0.81,3.67,Meghalaya_Shillong
2006-12-01,0.0,18.04,7.17,0.96,74.27,0.81,3.56,Meghalaya_Shillong
2006-12-02,0.0,18.62,5.3,0.79,73.81,0.8,3.88,Meghalaya_Shillong
2006-12-03,0.0,17.91,4.39,0.9,78.5,0.8,3.66,Meghalaya_Shillong
2006-12-04,0.0,20.0,5.21,0.85,70.46,0.8,4.3,Meghalaya_Shillong
2006-12-05,0.0,20.25,7.13,0.6,64.08,0.8,4.67,Meghalaya_Shillong
2006-12-06,0.0,20.13,8.76,0.61,72.88,0.8,4.18,Meghalaya_Shillong
2006-12-07,0.0,19.79,8.75,0.83,76.0,0.79,4.1,Meghalaya_Shillong
2006-12-08,0.0,19.63,8.53,0.95,78.21,0.79,4.27,Meghalaya_Shillong
2006-12-09,0.0,18.85,8.24,0.99,81.75,0.79,3.09,Meghalaya_Shillong
2006-12-10,0.0,18.47,8.44,0.95,84.46,0.79,3.24,Meghalaya_Shillong
2006-12-11,0.8,18.93,7.24,1.04,79.31,0.79,3.47,Meghalaya_Shillong
2006-12-12,5.09,15.47,6.33,1.6,91.43,0.8,0.87,Meghalaya_Shillong
2006-12-13,0.09,17.1,7.19,0.87,87.59,0.8,2.52,Meghalaya_Shillong
2006-12-14,0.0,17.95,6.16,0.94,83.46,0.79,3.13,Meghalaya_Shillong
2006-12-15,0.0,18.93,5.86,1.16,86.74,0.79,2.99,Meghalaya_Shillong
2006-12-16,0.0,19.3,5.56,1.29,80.33,0.79,3.52,Meghalaya_Shillong
2006-12-17,0.0,19.96,7.34,1.0,72.28,0.79,3.83,Meghalaya_Shillong
2006-12-18,0.63,17.27,9.17,0.88,86.2,0.79,1.8,Meghalaya_Shillong
2006-12-19,0.0,19.41,9.39,0.72,80.42,0.79,3.53,Meghalaya_Shillong
2006-12-20,0.0,18.99,8.05,1.16,88.62,0.78,2.75,Meghalaya_Shillong
2006-12-21,0.0,18.42,7.57,1.18,84.37,0.78,3.1,Meghalaya_Shillong
2006-12-22,0.0,18.85,7.31,1.02,82.32,0.78,3.42,Meghalaya_Shillong
2006-12-23,0.0,18.99,7.75,0.92,85.03,0.78,3.35,Meghalaya_Shillong
2006-12-24,0.0,18.66,6.33,0.88,84.7,0.78,3.24,Meghalaya_Shillong
2006-12-25,0.0,17.97,6.73,0.89,84.75,0.78,3.05,Meghalaya_Shillong
2006-12-26,0.0,17.35,7.44,0.73,81.91,0.78,2.83,Meghalaya_Shillong
2006-12-27,0.0,17.35,7.0,1.02,77.68,0.78,2.63,Meghalaya_Shillong
2006-12-28,0.17,17.68,5.25,0.63,69.23,0.77,3.11,Meghalaya_Shillong
2006-12-29,0.0,17.66,4.88,0.94,76.85,0.77,2.7,Meghalaya_Shillong
2006-12-30,0.0,16.85,6.61,0.9,81.62,0.77,2.4,Meghalaya_Shillong
2006-12-31,0.0,17.4,6.05,0.77,86.8,0.77,2.53,Meghalaya_Shillong
2007-01-01,0.02,15.33,6.72,0.78,88.19,0.77,1.57,Meghalaya_Shillong
2007-01-02,0.13,15.2,4.77,1.06,77.55,0.77,2.12,Meghalaya_Shillong
2007-01-03,0.0,14.47,4.21,0.93,77.65,0.77,1.95,Meghalaya_Shillong
2007-01-04,0.0,16.3,2.87,0.75,79.48,0.77,2.46,Meghalaya_Shillong
2007-01-05,0.0,18.3,4.4,0.9,75.68,0.77,2.79,Meghalaya_Shillong
2007-01-06,0.0,18.73,5.99,0.84,70.57,0.77,2.9,Meghalaya_Shillong
2007-01-07,0.0,18.94,7.74,0.9,62.24,0.77,3.36,Meghalaya_Shillong
2007-01-08,0.0,17.78,5.55,0.74,62.5,0.76,3.1,Meghalaya_Shillong
2007-01-09,0.0,17.48,4.8,0.98,68.37,0.76,3.05,Meghalaya_Shillong
2007-01-10,0.0,18.7,5.92,0.87,71.49,0.76,3.18,Meghalaya_Shillong
2007-01-11,0.0,17.78,5.16,0.97,67.33,0.76,3.0,Meghalaya_Shillong
2007-01-12,0.0,17.85,5.38,1.16,68.26,0.76,2.94,Meghalaya_Shillong
2007-01-13,0.0,16.19,2.99,1.51,70.79,0.76,2.33,Meghalaya_Shillong
2007-01-14,0.0,15.8,2.92,1.46,58.39,0.76,2.57,Meghalaya_Shillong
2007-01-15,0.0,14.81,1.84,1.34,53.73,0.76,2.42,Meghalaya_Shillong
2007-01-16,0.0,17.15,3.87,1.16,52.04,0.75,2.77,Meghalaya_Shillong
2007-01-17,0.0,17.15,3.87,1.01,58.18,0.75,2.85,Meghalaya_Shillong
2007-01-18,0.0,17.39,3.71,0.87,60.18,0.75,3.07,Meghalaya_Shillong
2007-01-19,0.0,15.84,3.69,1.11,67.56,0.75,2.45,Meghalaya_Shillong
2007-01-20,0.0,14.97,3.84,1.14,62.78,0.75,2.03,Meghalaya_Shillong
2007-01-21,0.0,15.82,4.31,1.22,66.8,0.75,2.19,Meghalaya_Shillong
2007-01-22,0.0,17.14,3.19,1.31,66.93,0.75,2.67,Meghalaya_Shillong
2007-01-23,0.0,17.45,2.78,0.81,71.83,0.75,2.9,Meghalaya_Shillong
2007-01-24,0.0,18.91,3.16,1.02,63.96,0.75,3.23,Meghalaya_Shillong
2007-01-25,0.0,18.86,7.63,1.03,65.16,0.74,3.21,Meghalaya_Shillong
2007-01-26,0.0,19.83,7.3,0.81,63.59,0.74,3.35,Meghalaya_Shillong
2007-01-27,0.0,20.24,7.69,0.94,68.16,0.74,3.55,Meghalaya_Shillong
2007-01-28,0.0,20.58,8.62,0.98,63.34,0.74,3.69,Meghalaya_Shillong
2007-01-29,0.0,19.84,9.09,1.09,69.04,0.74,3.08,Meghalaya_Shillong
2007-01-30,0.0,20.2,9.79,0.84,70.38,0.74,3.06,Meghalaya_Shillong
2007-01-31,1.3,18.95,9.76,1.06,74.0,0.74,2.52,Meghalaya_Shillong
2007-02-01,0.94,18.61,8.13,0.8,75.27,0.74,2.18,Meghalaya_Shillong
2007-02-02,0.0,18.61,6.53,0.95,81.66,0.74,2.4,Meghalaya_Shillong
2007-02-03,4.86,17.54,8.42,1.01,79.34,0.74,2.03,Meghalaya_Shillong
2007-02-04,1.06,16.34,7.66,1.47,83.98,0.74,1.42,Meghalaya_Shillong
2007-02-05,13.06,14.61,10.82,1.62,94.62,0.76,0.34,Meghalaya_Shillong
2007-02-06,0.45,17.42,9.26,0.86,85.84,0.76,2.06,Meghalaya_Shillong
2007-02-07,19.16,16.37,8.8,0.82,82.78,0.77,1.52,Meghalaya_Shillong
2007-02-08,1.96,17.66,7.54,1.14,78.84,0.78,1.94,Meghalaya_Shillong
2007-02-09,0.28,19.55,6.89,0.8,75.82,0.77,3.32,Meghalaya_Shillong
2007-02-10,0.0,20.11,4.94,1.05,74.17,0.76,3.45,Meghalaya_Shillong
2007-02-11,0.0,20.45,8.46,1.02,64.53,0.76,3.85,Meghalaya_Shillong
2007-02-12,0.38,17.66,7.12,1.35,76.38,0.75,2.04,Meghalaya_Shillong
2007-02-13,1.97,16.65,7.09,1.14,88.49,0.75,1.32,Meghalaya_Shillong
2007-02-14,19.31,13.25,8.83,2.08,91.65,0.77,0.48,Meghalaya_Shillong
2007-02-15,0.07,15.21,4.46,1.88,80.27,0.78,2.22,Meghalaya_Shillong
2007-02-16,0.85,15.21,3.93,1.43,71.93,0.77,2.47,Meghalaya_Shillong
2007-02-17,2.21,16.18,5.13,1.36,77.05,0.77,2.27,Meghalaya_Shillong
2007-02-18,0.0,16.68,5.37,1.38,71.21,0.76,2.83,Meghalaya_Shillong
2007-02-19,0.0,17.6,5.17,1.03,70.0,0.76,3.29,Meghalaya_Shillong
2007-02-20,0.0,17.9,5.82,0.93,65.42,0.75,3.43,Meghalaya_Shillong
2007-02-21,0.0,19.71,6.57,0.81,66.14,0.75,3.88,Meghalaya_Shillong
2007-02-22,0.0,20.34,7.3,1.02,73.33,0.74,3.91,Meghalaya_Shillong
2007-02-23,0.0,20.5,7.76,0.84,70.67,0.74,4.08,Meghalaya_Shillong
2007-02-24,0.0,21.23,10.0,0.89,68.38,0.74,4.36,Meghalaya_Shillong
2007-02-25,0.01,20.99,11.01,1.03,66.59,0.73,3.99,Meghalaya_Shillong
2007-02-26,4.65,20.21,7.67,1.57,73.15,0.74,3.24,Meghalaya_Shillong
2007-02-27,0.0,19.53,6.45,1.27,75.46,0.74,3.94,Meghalaya_Shillong
2007-02-28,0.0,20.96,8.17,1.19,71.94,0.73,4.28,Meghalaya_Shillong
2007-03-01,3.02,20.73,9.18,1.16,71.91,0.74,3.91,Meghalaya_Shillong
2007-03-02,7.38,14.92,8.92,1.71,85.3,0.74,0.86,Meghalaya_Shillong
2007-03-03,0.06,19.98,7.47,1.13,83.14,0.75,3.38,Meghalaya_Shillong
2007-03-04,0.0,20.36,6.21,1.2,75.22,0.74,4.19,Meghalaya_Shillong
2007-03-05,0.0,20.52,6.83,1.4,62.06,0.74,4.5,Meghalaya_Shillong
2007-03-06,0.0,20.07,6.1,1.39,61.38,0.73,4.32,Meghalaya_Shillong
2007-03-07,0.0,19.52,5.66,1.77,55.3,0.73,4.44,Meghalaya_Shillong
2007-03-08,0.0,19.84,6.75,1.22,53.84,0.72,4.43,Meghalaya_Shillong
2007-03-09,0.0,20.89,7.54,0.92,55.65,0.72,4.85,Meghalaya_Shillong
2007-03-10,0.04,21.24,8.13,1.28,55.64,0.72,4.95,Meghalaya_Shillong
2007-03-11,0.0,22.11,9.93,1.61,58.91,0.71,4.49,Meghalaya_Shillong
2007-03-12,0.0,23.51,11.2,1.42,65.14,0.71,4.88,Meghalaya_Shillong
2007-03-13,0.21,23.73,11.84,1.33,69.83,0.71,4.78,Meghalaya_Shillong
2007-03-14,0.0,23.87,10.2,1.46,67.79,0.71,5.04,Meghalaya_Shillong
2007-03-15,0.18,21.67,8.74,2.15,79.46,0.7,4.05,Meghalaya_Shillong
2007-03-16,0.0,19.51,6.55,1.82,54.14,0.7,4.64,Meghalaya_Shillong
2007-03-17,0.0,21.82,7.96,1.14,52.64,0.7,5.07,Meghalaya_Shillong
2007-03-18,0.0,22.41,9.35,0.95,52.82,0.7,5.02,Meghalaya_Shillong
2007-03-19,0.0,23.81,8.97,1.03,49.85,0.69,5.44,Meghalaya_Shillong
2007-03-20,0.0,24.74,11.08,1.13,51.9,0.69,5.61,Meghalaya_Shillong
2007-03-21,0.0,23.66,13.74,1.14,54.06,0.69,4.85,Meghalaya_Shillong
2007-03-22,7.2,21.28,12.0,1.34,81.64,0.69,2.11,Meghalaya_Shillong
2007-03-23,4.44,21.92,13.42,1.76,85.34,0.71,3.04,Meghalaya_Shillong
2007-03-24,4.43,22.53,11.57,1.76,80.52,0.71,3.48,Meghalaya_Shillong
2007-03-25,0.0,23.45,10.7,1.89,55.83,0.71,6.04,Meghalaya_Shillong
2007-03-26,0.0,23.63,9.98,1.74,50.6,0.7,6.07,Meghalaya_Shillong
2007-03-27,0.0,24.43,11.0,1.01,49.66,0.69,6.37,Meghalaya_Shillong
2007-03-28,0.0,25.93,10.67,1.02,56.42,0.69,6.54,Meghalaya_Shillong
2007-03-29,0.0,26.69,14.01,1.01,49.85,0.68,6.5,Meghalaya_Shillong
2007-03-30,0.0,26.12,15.04,1.22,49.2,0.68,6.15,Meghalaya_Shillong
2007-03-31,0.0,26.1,13.79,1.48,53.78,0.67,5.73,Meghalaya_Shillong
2007-04-01,0.0,25.63,12.25,1.69,66.19,0.67,4.76,Meghalaya_Shillong
2007-04-02,3.27,25.8,12.49,1.64,74.36,0.67,4.39,Meghalaya_Shillong
2007-04-03,8.65,25.22,13.91,1.78,79.95,0.69,4.86,Meghalaya_Shillong
2007-04-04,17.32,25.3,13.85,1.57,81.16,0.71,4.9,Meghalaya_Shillong
2007-04-05,23.87,23.67,14.55,1.51,82.28,0.74,3.65,Meghalaya_Shillong
2007-04-06,9.02,23.12,13.76,1.35,83.81,0.74,3.43,Meghalaya_Shillong
2007-04-07,14.04,22.54,14.43,1.58,84.64,0.75,3.43,Meghalaya_Shillong
2007-04-08,33.25,21.98,15.02,2.52,88.56,0.77,2.13,Meghalaya_Shillong
2007-04-09,20.35,23.17,16.63,2.52,87.15,0.8,3.15,Meghalaya_Shillong
2007-04-10,43.07,21.83,16.55,1.88,89.0,0.83,2.13,Meghalaya_Shillong
2007-04-11,2.78,20.79,14.45,1.98,89.92,0.82,1.63,Meghalaya_Shillong
2007-04-12,1.32,19.8,13.87,0.95,80.8,0.79,1.98,Meghalaya_Shillong
2007-04-13,0.0,23.8,12.94,0.95,68.76,0.77,5.47,Meghalaya_Shillong
2007-04-14,0.0,24.05,14.27,0.89,76.48,0.76,4.54,Meghalaya_Shillong
2007-04-15,0.0,25.04,14.76,1.02,78.46,0.75,5.1,Meghalaya_Shillong
2007-04-16,3.57,25.35,15.07,1.33,82.95,0.75,5.2,Meghalaya_Shillong
2007-04-17,0.17,24.14,14.39,0.93,83.85,0.75,3.3,Meghalaya_Shillong
2007-04-18,0.76,26.34,15.82,0.68,73.51,0.74,6.37,Meghalaya_Shillong
2007-04-19,0.06,26.06,15.41,1.01,78.94,0.74,6.72,Meghalaya_Shillong
2007-04-20,19.6,24.27,14.47,1.61,86.69,0.75,3.84,Meghalaya_Shillong
2007-04-21,10.98,23.01,16.52,2.58,88.35,0.77,3.16,Meghalaya_Shillong
2007-04-22,54.01,22.33,17.57,3.12,92.64,0.81,1.37,Meghalaya_Shillong
2007-04-23,22.59,22.95,18.24,3.01,90.99,0.83,2.5,Meghalaya_Shillong
2007-04-24,30.27,22.89,17.27,2.16,91.27,0.85,2.23,Meghalaya_Shillong
2007-04-25,12.03,23.07,15.58,2.54,88.09,0.84,3.51,Meghalaya_Shillong
2007-04-26,16.59,23.59,15.42,1.92,88.8,0.83,2.93,Meghalaya_Shillong
2007-04-27,5.59,23.38,14.87,1.91,87.8,0.83,2.84,Meghalaya_Shillong
2007-04-28,0.0,24.77,14.6,0.75,76.67,0.81,4.6,Meghalaya_Shillong
2007-04-29,0.0,26.61,15.17,0.63,71.73,0.8,7.26,Meghalaya_Shillong
2007-04-30,0.0,27.8,14.71,0.73,72.98,0.79,7.88,Meghalaya_Shillong
2007-05-01,0.0,29.0,16.07,0.92,64.2,0.78,8.46,Meghalaya_Shillong
2007-05-02,0.0,28.38,16.11,1.08,59.56,0.77,8.4,Meghalaya_Shillong
2007-05-03,0.0,27.56,16.9,1.08,65.59,0.77,7.37,Meghalaya_Shillong
2007-05-04,0.0,28.31,16.7,0.75,67.45,0.76,8.02,Meghalaya_Shillong
2007-05-05,0.0,29.27,16.64,0.97,70.07,0.76,8.19,Meghalaya_Shillong
2007-05-06,5.24,28.89,18.51,0.89,65.46,0.76,7.51,Meghalaya_Shillong
2007-05-07,4.07,25.93,18.26,1.21,73.17,0.76,4.98,Meghalaya_Shillong
2007-05-08,1.47,26.14,16.75,1.05,74.99,0.76,6.06,Meghalaya_Shillong
2007-05-09,9.93,24.8,17.3,0.86,78.98,0.77,4.21,Meghalaya_Shillong
2007-05-10,37.11,25.98,17.44,1.01,83.55,0.81,3.89,Meghalaya_Shillong
2007-05-11,10.92,26.29,18.45,1.04,83.25,0.83,4.78,Meghalaya_Shillong
2007-05-12,0.87,24.84,17.99,1.13,85.39,0.81,3.42,Meghalaya_Shillong
2007-05-13,0.59,25.27,16.81,1.63,83.65,0.8,4.92,Meghalaya_Shillong
2007-05-14,10.28,21.59,16.09,2.79,88.31,0.79,2.41,Meghalaya_Shillong
2007-05-15,13.19,19.2,15.96,3.99,91.08,0.82,1.34,Meghalaya_Shillong
2007-05-16,2.21,25.24,15.91,1.12,87.96,0.81,3.49,Meghalaya_Shillong
2007-05-17,1.54,25.31,17.07,1.56,85.37,0.8,4.91,Meghalaya_Shillong
2007-05-18,1.44,27.39,16.93,0.9,81.01,0.79,6.4,Meghalaya_Shillong
2007-05-19,32.46,24.88,18.89,1.1,88.13,0.81,2.4,Meghalaya_Shillong
2007-05-20,38.93,25.91,18.21,1.47,88.42,0.85,3.04,Meghalaya_Shillong
2007-05-21,1.94,23.55,18.22,1.66,92.54,0.85,1.59,Meghalaya_Shillong
2007-05-22,26.41,23.7,19.37,2.87,91.63,0.85,2.26,Meghalaya_Shillong
2007-05-23,25.06,24.22,19.66,2.9,90.91,0.87,2.56,Meghalaya_Shillong
2007-05-24,5.42,24.9,19.13,2.31,90.45,0.87,2.63,Meghalaya_Shillong
2007-05-25,10.07,22.91,18.66,2.39,91.33,0.86,2.12,Meghalaya_Shillong
2007-05-26,4.19,25.62,17.11,1.65,85.9,0.86,4.65,Meghalaya_Shillong
2007-05-27,3.04,27.02,16.71,1.51,84.44,0.85,5.42,Meghalaya_Shillong
2007-05-28,23.0,26.0,19.13,1.47,89.89,0.86,2.99,Meghalaya_Shillong
2007-05-29,6.56,26.38,18.04,1.17,85.53,0.87,4.37,Meghalaya_Shillong
2007-05-30,0.44,26.36,17.62,1.36,82.93,0.86,5.01,Meghalaya_Shillong
2007-05-31,3.87,26.0,17.04,1.54,87.18,0.85,4.26,Meghalaya_Shillong
2007-06-01,7.89,25.59,18.26,1.65,87.62,0.86,4.43,Meghalaya_Shillong
2007-06-02,2.94,25.05,17.78,1.55,89.07,0.85,3.7,Meghalaya_Shillong
2007-06-03,12.28,24.16,17.61,1.51,90.69,0.85,2.31,Meghalaya_Shillong
2007-06-04,1.18,27.37,18.5,0.98,76.51,0.85,5.72,Meghalaya_Shillong
2007-06-05,3.14,25.89,17.87,1.2,81.54,0.85,4.52,Meghalaya_Shillong
2007-06-06,14.39,25.83,18.73,1.21,86.55,0.85,4.17,Meghalaya_Shillong
2007-06-07,29.53,24.96,19.99,1.99,89.05,0.88,2.89,Meghalaya_Shillong
2007-06-08,32.77,24.89,20.02,2.78,92.46,0.9,2.0,Meghalaya_Shillong
2007-06-09,85.46,22.67,18.96,2.45,94.63,0.94,0.75,Meghalaya_Shillong
2007-06-10,25.99,22.72,18.48,2.07,93.03,0.95,1.19,Meghalaya_Shillong
2007-06-11,12.34,23.89,18.5,2.09,92.78,0.95,1.28,Meghalaya_Shillong
2007-06-12,2.5,27.84,17.76,1.01,85.13,0.94,5.09,Meghalaya_Shillong
2007-06-13,1.64,26.72,19.76,1.64,89.25,0.93,3.71,Meghalaya_Shillong
2007-06-14,15.36,25.02,18.92,2.07,91.74,0.92,2.58,Meghalaya_Shillong
2007-06-15,22.02,25.55,19.55,2.0,92.91,0.94,1.88,Meghalaya_Shillong
2007-06-16,70.64,22.6,20.48,3.21,95.76,0.96,0.61,Meghalaya_Shillong
2007-06-17,48.97,24.26,20.28,3.95,94.36,0.98,1.2,Meghalaya_Shillong
2007-06-18,32.58,24.77,20.18,2.59,92.49,0.98,1.72,Meghalaya_Shillong
2007-06-19,5.2,24.76,19.21,1.35,90.94,0.98,1.93,Meghalaya_Shillong
2007-06-20,1.04,28.1,18.96,0.78,74.55,0.97,4.63,Meghalaya_Shillong
2007-06-21,12.93,23.67,18.38,0.82,93.03,0.97,0.73,Meghalaya_Shillong
2007-06-22,13.13,26.29,19.6,1.07,87.47,0.97,2.32,Meghalaya_Shillong
2007-06-23,11.33,25.65,18.99,1.03,90.56,0.97,2.18,Meghalaya_Shillong
2007-06-24,5.99,25.45,19.52,0.74,89.8,0.97,1.97,Meghalaya_Shillong
2007-06-25,2.54,26.17,19.3,1.05,87.05,0.97,3.45,Meghalaya_Shillong
2007-06-26,0.05,27.54,18.54,0.9,86.45,0.96,4.37,Meghalaya_Shillong
2007-06-27,0.74,28.64,19.67,0.84,86.26,0.96,4.3,Meghalaya_Shillong
2007-06-28,23.42,25.46,19.69,1.03,89.36,0.96,1.73,Meghalaya_Shillong
2007-06-29,21.67,25.51,19.09,1.35,89.59,0.98,2.1,Meghalaya_Shillong
2007-06-30,12.97,25.74,18.85,2.04,91.25,0.97,2.18,Meghalaya_Shillong
2007-07-01,4.8,26.9,19.65,2.05,90.62,0.97,3.03,Meghalaya_Shillong
2007-07-02,2.16,27.14,20.69,1.78,88.11,0.96,3.39,Meghalaya_Shillong
2007-07-03,11.32,27.21,20.56,1.5,88.87,0.96,3.2,Meghalaya_Shillong
2007-07-04,13.86,27.53,19.57,1.82,87.13,0.96,3.23,Meghalaya_Shillong
2007-07-05,13.42,26.83,21.07,1.98,88.76,0.96,3.21,Meghalaya_Shillong
2007-07-06,6.79,26.73,20.46,2.41,89.62,0.96,3.3,Meghalaya_Shillong
2007-07-07,11.44,26.64,19.69,2.16,89.81,0.96,3.14,Meghalaya_Shillong
2007-07-08,1.68,26.07,19.6,2.05,90.94,0.96,2.52,Meghalaya_Shillong
2007-07-09,8.86,25.85,19.47,2.2,89.2,0.95,3.53,Meghalaya_Shillong
2007-07-10,8.13,24.49,20.82,2.08,95.18,0.96,0.95,Meghalaya_Shillong
2007-07-11,3.74,26.6,20.48,1.91,90.53,0.95,3.05,Meghalaya_Shillong
2007-07-12,1.61,27.12,20.23,1.08,87.8,0.95,3.76,Meghalaya_Shillong
2007-07-13,6.67,28.46,19.58,0.87,85.66,0.94,4.65,Meghalaya_Shillong
2007-07-14,11.29,28.43,21.17,0.83,85.87,0.95,4.2,Meghalaya_Shillong
2007-07-15,22.28,25.47,19.91,1.49,92.53,0.95,1.39,Meghalaya_Shillong
2007-07-16,11.55,24.29,21.43,2.28,95.1,0.96,0.8,Meghalaya_Shillong
2007-07-17,7.51,26.64,20.65,1.8,89.53,0.96,2.43,Meghalaya_Shillong
2007-07-18,44.65,25.09,20.48,2.97,92.58,0.97,1.89,Meghalaya_Shillong
2007-07-19,36.23,25.42,20.86,3.37,94.36,0.99,1.25,Meghalaya_Shillong
2007-07-20,18.55,24.93,20.15,2.96,92.51,0.99,1.92,Meghalaya_Shillong
2007-07-21,13.51,23.39,19.2,3.36,94.3,0.99,1.29,Meghalaya_Shillong
2007-07-22,21.13,23.49,19.24,3.06,94.14,0.99,1.09,Meghalaya_Shillong
2007-07-23,9.67,22.64,18.4,1.63,94.33,0.99,0.74,Meghalaya_Shillong
2007-07-24,29.53,22.85,18.8,2.74,95.47,0.99,0.78,Meghalaya_Shillong
2007-07-25,48.66,22.55,19.52,3.47,95.6,0.99,0.63,Meghalaya_Shillong
2007-07-26,34.95,22.31,19.59,3.07,95.87,0.99,0.52,Meghalaya_Shillong
2007-07-27,31.1,21.74,19.41,3.41,95.72,1.0,0.57,Meghalaya_Shillong
2007-07-28,48.77,21.73,19.21,2.79,96.68,1.0,0.29,Meghalaya_Shillong
2007-07-29,26.51,22.71,18.79,1.84,94.46,1.0,0.68,Meghalaya_Shillong
2007-07-30,17.59,24.13,19.5,1.84,93.74,1.0,1.07,Meghalaya_Shillong
2007-07-31,28.73,23.71,19.1,2.01,94.82,1.0,0.73,Meghalaya_Shillong
2007-08-01,39.19,23.45,18.38,1.33,95.68,1.0,0.57,Meghalaya_Shillong
2007-08-02,2.83,25.99,19.52,1.1,90.73,0.99,1.91,Meghalaya_Shillong
2007-08-03,0.31,27.39,18.73,0.86,86.88,0.99,3.46,Meghalaya_Shillong
2007-08-04,0.1,28.25,20.06,0.88,85.98,0.99,3.64,Meghalaya_Shillong
2007-08-05,0.3,28.19,19.97,1.55,85.93,0.98,3.79,Meghalaya_Shillong
2007-08-06,0.57,27.18,20.31,1.56,87.11,0.98,3.34,Meghalaya_Shillong
2007-08-07,8.4,26.79,20.35,1.83,90.26,0.97,3.13,Meghalaya_Shillong
2007-08-08,1.39,27.59,20.43,1.11,89.45,0.97,3.13,Meghalaya_Shillong
2007-08-09,0.02,29.43,21.13,0.93,85.88,0.96,4.43,Meghalaya_Shillong
2007-08-10,0.0,29.91,20.56,1.0,83.32,0.96,4.9,Meghalaya_Shillong
2007-08-11,9.96,28.87,21.6,1.04,86.13,0.95,3.89,Meghalaya_Shillong
2007-08-12,3.63,26.6,20.43,2.19,90.49,0.96,2.96,Meghalaya_Shillong
2007-08-13,15.18,25.21,19.66,2.28,93.31,0.95,1.62,Meghalaya_Shillong
2007-08-14,27.2,24.77,20.6,2.93,94.02,0.97,1.07,Meghalaya_Shillong
2007-08-15,16.36,24.28,19.27,2.02,93.78,0.98,1.08,Meghalaya_Shillong
2007-08-16,20.05,24.87,19.13,1.26,92.15,0.98,1.7,Meghalaya_Shillong
2007-08-17,16.49,25.24,20.18,1.11,91.89,0.98,1.63,Meghalaya_Shillong
2007-08-18,3.45,26.76,19.29,1.53,90.9,0.98,2.11,Meghalaya_Shillong
2007-08-19,1.12,26.02,19.17,1.47,88.08,0.98,2.88,Meghalaya_Shillong
2007-08-20,0.47,27.09,19.73,0.88,85.38,0.97,4.39,Meghalaya_Shillong
2007-08-21,2.52,28.26,18.68,0.77,85.02,0.96,5.16,Meghalaya_Shillong
2007-08-22,5.54,24.64,19.88,1.08,90.35,0.96,1.98,Meghalaya_Shillong
2007-08-23,5.58,27.44,18.93,0.65,85.61,0.96,3.86,Meghalaya_Shillong
2007-08-24,5.1,26.85,19.63,0.81,88.9,0.96,2.56,Meghalaya_Shillong
2007-08-25,10.49,26.55,19.93,0.99,89.73,0.96,2.54,Meghalaya_Shillong
2007-08-26,40.07,23.9,19.92,0.9,93.65,0.98,0.99,Meghalaya_Shillong
2007-08-27,2.18,25.34,19.89,0.87,90.6,0.98,2.06,Meghalaya_Shillong
2007-08-28,10.32,23.29,19.59,0.94,94.96,0.97,0.76,Meghalaya_Shillong
2007-08-29,9.29,26.51,18.67,1.11,90.04,0.98,2.79,Meghalaya_Shillong
2007-08-30,1.99,27.53,19.48,0.92,88.2,0.97,4.04,Meghalaya_Shillong
2007-08-31,31.77,26.59,20.17,0.87,90.84,0.98,1.96,Meghalaya_Shillong
2007-09-01,10.27,26.03,19.5,0.84,89.72,0.99,2.32,Meghalaya_Shillong
2007-09-02,2.73,25.34,18.45,1.23,90.41,0.98,2.51,Meghalaya_Shillong
2007-09-03,8.78,25.19,19.95,1.84,93.41,0.98,1.93,Meghalaya_Shillong
2007-09-04,23.91,24.49,19.84,1.63,92.95,0.98,1.68,Meghalaya_Shillong
2007-09-05,22.0,23.35,19.27,1.28,94.14,0.99,1.01,Meghalaya_Shillong
2007-09-06,57.9,22.16,18.29,3.12,96.42,1.0,0.46,Meghalaya_Shillong
2007-09-07,51.32,21.93,19.03,3.63,97.84,1.0,0.2,Meghalaya_Shillong
2007-09-08,89.9,22.55,19.73,2.79,97.2,1.0,0.24,Meghalaya_Shillong
2007-09-09,46.48,22.84,19.65,2.55,95.42,1.0,0.8,Meghalaya_Shillong
2007-09-10,1.83,23.55,19.5,1.29,92.28,1.0,1.22,Meghalaya_Shillong
2007-09-11,5.68,25.2,18.72,0.96,89.01,0.99,2.21,Meghalaya_Shillong
2007-09-12,7.08,25.94,18.22,0.68,86.51,0.99,2.83,Meghalaya_Shillong
2007-09-13,2.08,24.98,18.74,0.91,90.3,0.99,1.7,Meghalaya_Shillong
2007-09-14,20.02,24.42,19.36,0.81,92.46,0.99,1.16,Meghalaya_Shillong
2007-09-15,18.14,24.34,19.65,0.92,91.58,1.0,1.32,Meghalaya_Shillong
2007-09-16,1.14,26.01,18.66,0.88,88.04,0.99,3.28,Meghalaya_Shillong
2007-09-17,1.31,27.22,19.53,0.57,87.9,0.99,3.7,Meghalaya_Shillong
2007-09-18,0.22,25.91,18.41,1.04,90.45,0.99,2.59,Meghalaya_Shillong
2007-09-19,0.0,26.25,16.88,1.45,85.08,0.98,4.14,Meghalaya_Shillong
2007-09-20,0.0,25.68,16.53,1.66,80.74,0.98,4.6,Meghalaya_Shillong
2007-09-21,0.0,25.47,15.41,1.66,75.77,0.97,4.74,Meghalaya_Shillong
2007-09-22,0.0,24.69,15.2,1.78,75.48,0.96,4.84,Meghalaya_Shillong
2007-09-23,0.06,23.39,14.67,1.45,83.96,0.96,3.03,Meghalaya_Shillong
2007-09-24,0.29,24.49,16.24,1.03,84.44,0.95,3.71,Meghalaya_Shillong
2007-09-25,0.22,24.7,16.47,0.96,84.96,0.95,3.68,Meghalaya_Shillong
2007-09-26,0.67,25.45,18.2,0.55,82.92,0.94,3.86,Meghalaya_Shillong
2007-09-27,4.38,25.48,17.39,0.9,88.15,0.94,3.97,Meghalaya_Shillong
2007-09-28,1.63,25.16,18.1,0.81,87.11,0.94,2.98,Meghalaya_Shillong
2007-09-29,0.53,23.82,18.19,0.93,88.71,0.93,2.71,Meghalaya_Shillong
2007-09-30,2.81,25.37,17.18,0.85,90.49,0.93,3.01,Meghalaya_Shillong
2007-10-01,3.21,23.36,19.46,0.6,94.45,0.93,0.86,Meghalaya_Shillong
2007-10-02,1.68,25.9,18.86,0.69,87.77,0.93,3.59,Meghalaya_Shillong
2007-10-03,0.06,26.16,18.82,0.81,88.47,0.93,4.32,Meghalaya_Shillong
2007-10-04,0.0,26.92,18.32,0.77,83.66,0.92,5.6,Meghalaya_Shillong
2007-10-05,0.03,27.77,18.11,0.98,82.38,0.92,6.08,Meghalaya_Shillong
2007-10-06,0.01,26.99,18.08,0.93,82.61,0.91,5.34,Meghalaya_Shillong
2007-10-07,8.01,24.67,19.22,1.82,90.6,0.91,2.71,Meghalaya_Shillong
2007-10-08,41.73,22.14,18.87,3.1,94.49,0.93,0.81,Meghalaya_Shillong
2007-10-09,24.73,21.24,18.01,2.09,95.72,0.96,0.66,Meghalaya_Shillong
2007-10-10,33.52,23.13,16.41,1.39,92.41,0.97,2.46,Meghalaya_Shillong
2007-10-11,0.3,24.68,15.27,0.84,84.58,0.96,4.98,Meghalaya_Shillong
2007-10-12,0.0,24.94,15.22,0.74,86.44,0.96,5.3,Meghalaya_Shillong
2007-10-13,0.5,25.33,16.48,0.89,89.29,0.95,4.38,Meghalaya_Shillong
2007-10-14,0.23,22.42,17.77,1.18,92.87,0.95,1.67,Meghalaya_Shillong
2007-10-15,10.45,22.64,17.28,0.91,91.87,0.95,1.83,Meghalaya_Shillong
2007-10-16,20.72,19.8,15.92,1.11,93.95,0.96,0.76,Meghalaya_Shillong
2007-10-17,2.82,20.18,15.44,1.27,97.01,0.96,0.43,Meghalaya_Shillong
2007-10-18,3.42,21.96,16.49,1.11,91.34,0.96,2.31,Meghalaya_Shillong
2007-10-19,1.0,22.47,15.73,0.86,90.4,0.96,2.73,Meghalaya_Shillong
2007-10-20,0.7,23.73,14.15,0.96,87.36,0.95,5.41,Meghalaya_Shillong
2007-10-21,0.07,22.47,12.64,0.77,79.84,0.95,5.55,Meghalaya_Shillong
2007-10-22,0.0,22.98,11.99,0.81,79.36,0.94,5.53,Meghalaya_Shillong
2007-10-23,0.0,21.97,11.34,1.01,84.86,0.94,4.59,Meghalaya_Shillong
2007-10-24,0.0,21.85,10.3,1.32,85.47,0.93,4.37,Meghalaya_Shillong
2007-10-25,0.0,22.52,10.13,1.12,74.32,0.93,5.11,Meghalaya_Shillong
2007-10-26,0.0,23.83,12.33,0.77,56.65,0.92,6.13,Meghalaya_Shillong
2007-10-27,0.0,23.38,12.7,0.87,69.4,0.92,5.83,Meghalaya_Shillong
2007-10-28,0.0,23.77,12.22,0.56,79.19,0.91,6.12,Meghalaya_Shillong
2007-10-29,0.0,22.94,12.33,0.95,83.15,0.91,5.11,Meghalaya_Shillong
2007-10-30,0.0,23.87,11.61,0.76,76.38,0.91,6.06,Meghalaya_Shillong
2007-10-31,0.0,23.26,12.64,0.68,82.26,0.9,5.51,Meghalaya_Shillong
2007-11-01,0.02,24.28,12.1,0.8,82.64,0.9,5.55,Meghalaya_Shillong
2007-11-02,1.1,23.25,13.25,0.89,86.2,0.89,4.91,Meghalaya_Shillong
2007-11-03,0.05,22.62,12.95,0.77,82.42,0.89,4.97,Meghalaya_Shillong
2007-11-04,0.0,22.46,10.93,0.99,79.58,0.89,5.16,Meghalaya_Shillong
2007-11-05,0.0,21.71,12.23,0.9,87.11,0.88,3.94,Meghalaya_Shillong
2007-11-06,0.0,22.13,12.41,0.71,85.62,0.88,4.97,Meghalaya_Shillong
2007-11-07,0.0,22.59,12.41,0.71,83.87,0.88,5.05,Meghalaya_Shillong
2007-11-08,0.0,22.1,12.26,0.88,85.95,0.87,4.87,Meghalaya_Shillong
2007-11-09,1.01,22.51,12.11,0.74,80.5,0.87,4.81,Meghalaya_Shillong
2007-11-10,0.32,21.91,12.34,0.75,82.42,0.87,4.56,Meghalaya_Shillong
2007-11-11,0.0,21.58,11.38,0.78,83.69,0.87,4.76,Meghalaya_Shillong
2007-11-12,0.0,20.55,9.97,1.12,86.79,0.86,4.29,Meghalaya_Shillong
2007-11-13,0.0,21.45,8.06,1.19,84.84,0.86,4.41,Meghalaya_Shillong
2007-11-14,1.85,21.04,10.11,1.4,87.07,0.86,4.17,Meghalaya_Shillong
2007-11-15,38.28,16.69,12.02,2.33,93.38,0.88,1.05,Meghalaya_Shillong
2007-11-16,15.27,15.61,11.48,2.66,96.39,0.91,0.29,Meghalaya_Shillong
2007-11-17,0.41,21.51,12.12,0.69,88.43,0.9,4.15,Meghalaya_Shillong
2007-11-18,0.0,21.66,11.23,0.98,85.96,0.89,4.45,Meghalaya_Shillong
2007-11-19,0.0,22.37,10.23,0.82,74.18,0.88,4.99,Meghalaya_Shillong
2007-11-20,0.0,22.64,11.71,0.78,75.3,0.88,5.4,Meghalaya_Shillong
2007-11-21,0.0,21.25,10.49,0.8,85.71,0.88,4.15,Meghalaya_Shillong
2007-11-22,0.0,21.3,9.63,1.02,85.46,0.87,4.39,Meghalaya_Shillong
2007-11-23,0.0,21.48,9.35,1.03,79.21,0.87,4.38,Meghalaya_Shillong
2007-11-24,0.0,21.46,12.67,0.77,65.61,0.87,4.8,Meghalaya_Shillong
2007-11-25,0.0,21.24,11.69,0.6,65.03,0.86,4.96,Meghalaya_Shillong
2007-11-26,0.0,23.17,10.18,0.7,67.59,0.86,6.37,Meghalaya_Shillong
2007-11-27,0.0,21.06,9.57,0.87,74.6,0.85,4.79,Meghalaya_Shillong
2007-11-28,0.0,19.74,10.1,0.86,81.97,0.85,4.08,Meghalaya_Shillong
2007-11-29,0.0,19.99,9.67,0.76,82.91,0.85,3.77,Meghalaya_Shillong
2007-11-30,0.0,19.23,9.3,0.93,87.97,0.85,2.79,Meghalaya_Shillong
2007-12-01,0.0,18.19,8.59,0.95,87.38,0.85,2.88,Meghalaya_Shillong
2007-12-02,0.0,18.73,8.67,0.7,83.69,0.85,3.2,Meghalaya_Shillong
2007-12-03,2.37,16.71,8.16,0.95,89.21,0.85,1.81,Meghalaya_Shillong
2007-12-04,0.06,20.61,7.36,0.64,80.89,0.84,4.5,Meghalaya_Shillong
2007-12-05,0.0,18.73,5.82,0.94,83.52,0.84,3.63,Meghalaya_Shillong
2007-12-06,0.0,19.11,6.03,1.0,80.14,0.84,3.51,Meghalaya_Shillong
2007-12-07,0.0,18.52,7.92,0.92,69.11,0.84,3.31,Meghalaya_Shillong
2007-12-08,0.0,18.79,8.58,0.79,75.77,0.83,3.33,Meghalaya_Shillong
2007-12-09,0.0,18.44,5.68,0.71,81.0,0.83,3.69,Meghalaya_Shillong
2007-12-10,0.0,20.37,4.87,0.92,73.95,0.83,4.12,Meghalaya_Shillong
2007-12-11,0.0,17.79,7.09,0.68,75.2,0.83,3.47,Meghalaya_Shillong
2007-12-12,0.0,18.96,5.8,0.89,75.68,0.83,3.45,Meghalaya_Shillong
2007-12-13,0.0,20.4,7.82,0.93,71.72,0.83,3.77,Meghalaya_Shillong
2007-12-14,0.0,19.46,8.62,0.98,74.25,0.82,3.66,Meghalaya_Shillong
2007-12-15,0.0,18.04,6.54,0.91,74.04,0.82,3.27,Meghalaya_Shillong
2007-12-16,0.0,18.09,5.14,0.97,67.62,0.82,3.63,Meghalaya_Shillong
2007-12-17,0.0,16.93,5.94,0.91,72.41,0.82,3.14,Meghalaya_Shillong
2007-12-18,0.0,18.33,5.47,0.83,69.32,0.82,3.28,Meghalaya_Shillong
2007-12-19,0.0,19.21,6.28,1.06,70.57,0.82,3.54,Meghalaya_Shillong
2007-12-20,0.0,17.84,6.03,0.99,65.7,0.81,3.28,Meghalaya_Shillong
2007-12-21,0.0,16.98,5.12,0.87,70.75,0.81,3.06,Meghalaya_Shillong
2007-12-22,0.0,16.73,5.09,0.56,76.01,0.81,2.75,Meghalaya_Shillong
2007-12-23,0.0,18.36,4.73,1.01,82.16,0.81,3.05,Meghalaya_Shillong
2007-12-24,0.0,18.8,5.68,0.53,75.41,0.81,3.19,Meghalaya_Shillong
2007-12-25,0.0,18.52,5.11,0.79,83.3,0.81,3.19,Meghalaya_Shillong
2007-12-26,0.0,18.97,6.49,0.67,78.35,0.81,3.56,Meghalaya_Shillong
2007-12-27,0.0,18.03,6.21,0.77,82.11,0.8,3.15,Meghalaya_Shillong
2007-12-28,0.0,17.99,7.35,0.58,82.54,0.8,3.02,Meghalaya_Shillong
2007-12-29,0.0,18.25,6.3,0.87,83.36,0.8,3.2,Meghalaya_Shillong
2007-12-30,0.0,19.06,6.42,0.81,82.43,0.8,3.25,Meghalaya_Shillong
2007-12-31,0.0,17.35,4.68,0.72,79.86,0.8,2.88,Meghalaya_Shillong
2008-01-01,0.0,18.95,3.21,0.74,73.3,0.8,3.28,Meghalaya_Shillong
2008-01-02,0.0,18.38,8.82,0.76,70.5,0.8,2.36,Meghalaya_Shillong
2008-01-03,0.0,19.79,8.85,0.64,73.1,0.79,3.73,Meghalaya_Shillong
2008-01-04,0.0,19.11,7.54,0.85,71.79,0.79,3.52,Meghalaya_Shillong
2008-01-05,0.0,18.12,5.23,0.98,67.92,0.79,3.2,Meghalaya_Shillong
2008-01-06,0.0,19.93,5.89,0.9,62.31,0.79,3.57,Meghalaya_Shillong
2008-01-07,0.0,19.38,8.16,1.11,67.21,0.79,3.27,Meghalaya_Shillong
2008-01-08,0.0,20.47,7.78,0.78,64.41,0.79,3.69,Meghalaya_Shillong
2008-01-09,0.0,19.32,9.57,0.9,68.34,0.79,3.32,Meghalaya_Shillong
2008-01-10,0.0,17.83,6.56,1.22,77.21,0.78,2.78,Meghalaya_Shillong
2008-01-11,0.0,17.47,5.32,1.43,78.67,0.78,2.45,Meghalaya_Shillong
2008-01-12,0.05,17.44,4.13,1.62,86.09,0.78,2.28,Meghalaya_Shillong
2008-01-13,0.0,16.73,5.21,0.97,83.79,0.78,2.58,Meghalaya_Shillong
2008-01-14,0.18,17.26,5.04,1.27,74.72,0.78,2.59,Meghalaya_Shillong
2008-01-15,0.0,16.45,4.86,0.87,76.65,0.78,2.35,Meghalaya_Shillong
2008-01-16,0.0,18.59,6.43,0.64,77.16,0.78,2.48,Meghalaya_Shillong
2008-01-17,0.0,19.26,5.96,0.96,83.08,0.78,2.8,Meghalaya_Shillong
2008-01-18,0.0,18.87,8.12,1.01,82.13,0.78,2.58,Meghalaya_Shillong
2008-01-19,0.0,18.17,5.22,1.4,86.96,0.78,2.14,Meghalaya_Shillong
2008-01-20,0.11,16.55,5.82,1.71,90.58,0.78,1.53,Meghalaya_Shillong
2008-01-21,1.19,16.35,6.99,1.71,91.13,0.78,1.33,Meghalaya_Shillong
2008-01-22,0.0,17.28,5.08,1.18,57.59,0.78,2.6,Meghalaya_Shillong
2008-01-23,4.15,17.13,5.51,0.88,58.3,0.77,2.4,Meghalaya_Shillong
2008-01-24,13.61,14.39,7.51,1.04,84.76,0.8,0.7,Meghalaya_Shillong
2008-01-25,2.6,14.91,7.61,0.79,88.94,0.8,0.65,Meghalaya_Shillong
2008-01-26,3.02,13.68,7.05,0.57,89.52,0.79,0.59,Meghalaya_Shillong
2008-01-27,5.01,12.36,5.87,1.56,89.54,0.8,0.62,Meghalaya_Shillong
2008-01-28,0.07,13.24,2.38,1.6,78.27,0.79,1.72,Meghalaya_Shillong
2008-01-29,0.12,13.42,2.58,1.45,67.64,0.79,1.94,Meghalaya_Shillong
2008-01-30,4.02,13.58,2.56,1.23,73.71,0.79,1.3,Meghalaya_Shillong
2008-01-31,0.47,13.76,3.03,1.5,83.17,0.79,1.55,Meghalaya_Shillong
2008-02-01,0.0,13.8,1.11,1.19,75.9,0.79,2.15,Meghalaya_Shillong
2008-02-02,0.0,14.11,1.29,0.97,73.73,0.78,2.15,Meghalaya_Shillong
2008-02-03,0.0,16.43,0.94,1.09,77.24,0.78,2.63,Meghalaya_Shillong
2008-02-04,0.0,17.76,4.06,1.13,66.21,0.78,2.98,Meghalaya_Shillong
2008-02-05,0.0,18.44,4.53,1.28,68.14,0.78,2.96,Meghalaya_Shillong
2008-02-06,0.0,19.74,6.39,1.41,77.71,0.77,3.0,Meghalaya_Shillong
2008-02-07,0.08,16.46,6.75,1.29,85.02,0.77,1.43,Meghalaya_Shillong
2008-02-08,1.11,19.52,8.06,1.28,85.06,0.77,1.87,Meghalaya_Shillong
2008-02-09,1.25,17.29,9.3,1.33,92.26,0.77,1.0,Meghalaya_Shillong
2008-02-10,0.32,17.24,5.08,1.54,83.58,0.77,2.4,Meghalaya_Shillong
2008-02-11,0.0,16.67,2.94,1.35,70.64,0.77,2.84,Meghalaya_Shillong
2008-02-12,0.0,17.14,3.19,1.25,65.26,0.77,3.0,Meghalaya_Shillong
2008-02-13,0.0,16.83,3.15,1.36,60.12,0.77,2.91,Meghalaya_Shillong
2008-02-14,0.0,17.25,1.31,1.02,60.61,0.76,3.1,Meghalaya_Shillong
2008-02-15,0.0,16.51,5.41,1.01,59.55,0.76,2.85,Meghalaya_Shillong
2008-02-16,0.0,17.73,5.72,0.97,60.31,0.76,2.8,Meghalaya_Shillong
2008-02-17,0.0,18.6,6.89,0.87,66.03,0.76,3.08,Meghalaya_Shillong
2008-02-18,0.0,17.23,7.34,1.19,71.78,0.76,2.52,Meghalaya_Shillong
2008-02-19,2.16,16.93,8.55,0.98,76.1,0.76,1.82,Meghalaya_Shillong
2008-02-20,0.01,17.13,6.03,0.89,66.48,0.76,2.35,Meghalaya_Shillong
2008-02-21,0.0,19.1,3.68,1.01,67.28,0.76,3.69,Meghalaya_Shillong
2008-02-22,0.0,20.54,6.64,1.11,63.99,0.76,4.25,Meghalaya_Shillong
2008-02-23,0.0,20.07,8.46,1.28,62.28,0.75,4.08,Meghalaya_Shillong
2008-02-24,0.0,20.85,8.29,1.42,64.89,0.75,3.74,Meghalaya_Shillong
2008-02-25,1.82,19.45,8.3,1.47,76.3,0.75,3.1,Meghalaya_Shillong
2008-02-26,0.01,19.57,8.84,1.56,71.84,0.75,3.52,Meghalaya_Shillong
2008-02-27,0.0,20.64,7.89,1.12,58.2,0.75,4.48,Meghalaya_Shillong
2008-02-28,0.0,21.98,7.36,1.11,49.38,0.74,4.88,Meghalaya_Shillong
2008-02-29,0.0,21.78,9.44,1.07,53.96,0.74,4.95,Meghalaya_Shillong
2008-03-01,0.0,20.69,10.6,0.9,59.96,0.74,4.45,Meghalaya_Shillong
2008-03-02,0.0,21.12,10.08,0.93,65.05,0.73,4.55,Meghalaya_Shillong
2008-03-03,2.25,20.81,10.6,0.95,67.8,0.73,3.99,Meghalaya_Shillong
2008-03-04,10.74,19.81,10.46,1.38,72.34,0.74,3.01,Meghalaya_Shillong
2008-03-05,4.82,18.59,9.84,1.25,80.16,0.75,2.03,Meghalaya_Shillong
2008-03-06,0.0,21.67,6.54,1.03,75.23,0.76,4.27,Meghalaya_Shillong
2008-03-07,0.01,22.1,9.2,1.16,68.31,0.75,4.4,Meghalaya_Shillong
2008-03-08,0.49,21.68,10.83,0.96,69.83,0.74,4.3,Meghalaya_Shillong
2008-03-09,0.02,21.81,10.6,0.87,75.48,0.74,4.07,Meghalaya_Shillong
2008-03-10,0.0,21.99,11.59,0.85,77.34,0.74,4.09,Meghalaya_Shillong
2008-03-11,0.0,23.16,13.34,1.06,75.55,0.73,4.09,Meghalaya_Shillong
2008-03-12,0.0,23.1,12.17,1.24,69.71,0.73,4.7,Meghalaya_Shillong
2008-03-13,0.0,23.13,12.14,1.01,70.29,0.73,4.7,Meghalaya_Shillong
2008-03-14,0.34,21.12,10.8,1.47,77.43,0.72,2.73,Meghalaya_Shillong
2008-03-15,0.03,23.2,9.67,2.1,68.51,0.72,5.38,Meghalaya_Shillong
2008-03-16,0.0,23.96,12.21,1.61,56.29,0.72,5.54,Meghalaya_Shillong
2008-03-17,0.0,22.95,11.94,1.6,50.68,0.71,5.38,Meghalaya_Shillong
2008-03-18,9.67,22.45,13.62,1.21,52.53,0.73,4.94,Meghalaya_Shillong
2008-03-19,7.46,22.51,13.32,1.48,66.75,0.73,4.25,Meghalaya_Shillong
2008-03-20,10.23,22.82,13.16,1.63,72.11,0.74,3.82,Meghalaya_Shillong
2008-03-21,22.23,21.49,12.86,2.11,85.32,0.76,2.5,Meghalaya_Shillong
2008-03-22,7.92,22.48,11.88,1.31,72.43,0.78,4.29,Meghalaya_Shillong
2008-03-23,5.05,22.08,14.82,1.06,72.69,0.77,3.69,Meghalaya_Shillong
2008-03-24,6.94,20.94,13.51,1.44,84.2,0.77,2.43,Meghalaya_Shillong
2008-03-25,8.61,21.58,11.35,1.45,79.26,0.77,3.53,Meghalaya_Shillong
2008-03-26,6.62,22.65,13.09,1.66,72.73,0.77,4.01,Meghalaya_Shillong
2008-03-27,0.35,23.59,11.78,1.79,67.57,0.76,5.73,Meghalaya_Shillong
2008-03-28,8.44,24.0,11.47,1.9,71.62,0.76,5.31,Meghalaya_Shillong
2008-03-29,7.44,23.0,11.5,1.74,83.18,0.76,3.94,Meghalaya_Shillong
2008-03-30,25.38,22.08,13.58,1.74,85.73,0.78,2.69,Meghalaya_Shillong
2008-03-31,14.8,21.51,12.82,1.35,82.63,0.8,2.7,Meghalaya_Shillong
2008-04-01,9.88,20.36,13.29,1.03,77.96,0.8,2.16,Meghalaya_Shillong
2008-04-02,5.78,21.8,12.29,1.41,79.3,0.79,3.62,Meghalaya_Shillong
2008-04-03,2.13,22.02,11.87,1.44,77.38,0.78,4.31,Meghalaya_Shillong
2008-04-04,7.08,21.95,11.73,1.3,83.25,0.78,3.52,Meghalaya_Shillong
2008-04-05,0.0,23.41,13.13,0.71,79.83,0.78,3.98,Meghalaya_Shillong
2008-04-06,0.0,25.11,12.18,0.95,75.26,0.77,5.44,Meghalaya_Shillong
2008-04-07,0.0,25.05,12.08,1.25,69.91,0.76,6.58,Meghalaya_Shillong
2008-04-08,0.0,24.12,9.6,1.13,65.8,0.75,6.41,Meghalaya_Shillong
2008-04-09,0.0,22.51,10.83,1.04,64.98,0.75,4.22,Meghalaya_Shillong
2008-04-10,0.0,25.82,14.76,1.19,61.71,0.75,6.06,Meghalaya_Shillong
2008-04-11,0.0,25.95,15.57,1.07,61.6,0.74,6.69,Meghalaya_Shillong
2008-04-12,0.0,26.19,16.28,1.35,61.94,0.74,6.89,Meghalaya_Shillong
2008-04-13,20.54,23.85,14.39,1.89,78.71,0.75,3.99,Meghalaya_Shillong
2008-04-14,21.35,23.57,13.81,1.74,87.0,0.78,3.34,Meghalaya_Shillong
2008-04-15,5.95,24.09,13.69,1.15,79.16,0.79,4.54,Meghalaya_Shillong
2008-04-16,14.01,25.02,16.04,1.09,75.72,0.79,4.7,Meghalaya_Shillong
2008-04-17,3.65,24.72,14.43,1.54,84.95,0.79,4.68,Meghalaya_Shillong
2008-04-18,11.42,24.37,15.2,2.09,87.57,0.79,3.33,Meghalaya_Shillong
2008-04-19,1.03,25.21,14.43,1.65,79.05,0.78,5.72,Meghalaya_Shillong
2008-04-20,0.0,25.88,14.0,1.4,56.88,0.77,7.2,Meghalaya_Shillong
2008-04-21,0.0,26.6,16.0,1.23,42.89,0.76,7.68,Meghalaya_Shillong
2008-04-22,0.0,27.52,14.26,1.11,53.0,0.75,8.28,Meghalaya_Shillong
2008-04-23,0.0,27.31,14.58,1.08,57.65,0.75,7.46,Meghalaya_Shillong
2008-04-24,4.67,26.25,17.0,1.36,64.48,0.75,6.24,Meghalaya_Shillong
2008-04-25,1.2,27.02,17.71,1.05,60.12,0.75,7.41,Meghalaya_Shillong
2008-04-26,0.12,26.54,14.65,1.35,64.34,0.74,7.48,Meghalaya_Shillong
2008-04-27,5.76,25.38,15.28,1.74,78.98,0.74,5.82,Meghalaya_Shillong
2008-04-28,19.01,25.04,16.47,1.71,78.73,0.76,4.56,Meghalaya_Shillong
2008-04-29,1.57,25.77,16.31,1.46,79.78,0.77,5.63,Meghalaya_Shillong
2008-04-30,11.31,26.25,14.74,1.14,79.5,0.77,5.85,Meghalaya_Shillong
2008-05-01,7.76,24.45,16.24,1.42,79.88,0.78,4.6,Meghalaya_Shillong
2008-05-02,8.3,24.98,16.93,1.6,81.26,0.78,4.37,Meghalaya_Shillong
2008-05-03,0.0,26.72,16.41,1.24,78.05,0.77,6.23,Meghalaya_Shillong
2008-05-04,0.02,28.0,13.29,0.93,68.07,0.76,8.21,Meghalaya_Shillong
2008-05-05,13.61,27.23,16.72,0.91,70.08,0.76,4.94,Meghalaya_Shillong
2008-05-06,0.28,25.54,17.33,0.98,79.49,0.77,5.54,Meghalaya_Shillong
2008-05-07,4.45,23.4,15.96,1.1,86.18,0.76,2.85,Meghalaya_Shillong
2008-05-08,13.14,24.48,16.35,1.09,84.66,0.77,3.78,Meghalaya_Shillong
2008-05-09,0.08,25.24,16.99,0.92,83.28,0.77,4.84,Meghalaya_Shillong
2008-05-10,5.75,27.84,16.04,0.92,73.35,0.77,7.52,Meghalaya_Shillong
2008-05-11,10.02,27.31,16.84,0.95,68.32,0.77,6.9,Meghalaya_Shillong
2008-05-12,0.3,25.24,16.7,0.88,72.88,0.77,4.85,Meghalaya_Shillong
2008-05-13,0.1,25.72,18.19,0.61,73.58,0.76,4.67,Meghalaya_Shillong
2008-05-14,0.01,27.15,17.31,0.73,63.74,0.75,7.81,Meghalaya_Shillong
2008-05-15,0.97,26.88,15.82,0.86,71.17,0.75,6.53,Meghalaya_Shillong
2008-05-16,0.56,27.59,19.29,0.73,68.88,0.74,7.41,Meghalaya_Shillong
2008-05-17,2.43,27.65,19.13,1.14,74.93,0.74,7.03,Meghalaya_Shillong
2008-05-18,9.16,25.23,18.68,1.57,87.91,0.74,3.48,Meghalaya_Shillong
2008-05-19,11.85,24.08,18.24,0.9,83.38,0.77,3.3,Meghalaya_Shillong
2008-05-20,6.25,21.93,17.49,1.76,88.89,0.77,1.83,Meghalaya_Shillong
2008-05-21,28.14,23.84,16.74,1.29,85.21,0.79,3.13,Meghalaya_Shillong
2008-05-22,21.58,24.41,16.78,1.3,87.3,0.81,3.24,Meghalaya_Shillong
2008-05-23,0.05,24.3,18.04,1.02,86.45,0.8,2.97,Meghalaya_Shillong
2008-05-24,3.72,25.43,17.55,1.32,85.24,0.79,4.92,Meghalaya_Shillong
2008-05-25,1.04,25.59,17.33,1.13,84.32,0.78,5.5,Meghalaya_Shillong
2008-05-26,12.81,24.85,16.99,1.18,88.43,0.79,3.02,Meghalaya_Shillong
2008-05-27,2.11,24.82,17.44,1.94,87.68,0.79,4.13,Meghalaya_Shillong
2008-05-28,4.82,25.64,17.56,1.71,87.56,0.78,4.48,Meghalaya_Shillong
2008-05-29,5.31,25.32,18.38,2.0,87.6,0.78,4.65,Meghalaya_Shillong
2008-05-30,14.64,25.35,18.21,1.35,87.94,0.79,3.69,Meghalaya_Shillong
2008-05-31,21.64,26.07,17.45,0.97,83.59,0.8,3.98,Meghalaya_Shillong
2008-06-01,42.64,23.67,17.14,1.46,84.87,0.84,2.28,Meghalaya_Shillong
2008-06-02,8.26,25.23,16.18,1.11,85.3,0.84,3.83,Meghalaya_Shillong
2008-06-03,3.72,24.89,16.81,0.95,85.92,0.82,3.65,Meghalaya_Shillong
2008-06-04,43.11,25.33,18.25,1.2,88.45,0.84,2.66,Meghalaya_Shillong
2008-06-05,13.34,25.15,18.85,1.4,87.21,0.85,3.64,Meghalaya_Shillong
2008-06-06,8.43,24.96,18.04,1.21,87.97,0.84,3.39,Meghalaya_Shillong
2008-06-07,6.83,25.95,17.57,1.0,83.89,0.84,4.74,Meghalaya_Shillong
2008-06-08,24.49,26.48,17.84,0.95,83.06,0.84,4.05,Meghalaya_Shillong
2008-06-09,16.54,24.81,19.03,2.03,89.24,0.86,2.48,Meghalaya_Shillong
2008-06-10,7.64,25.72,18.87,1.56,88.97,0.86,3.48,Meghalaya_Shillong
2008-06-11,6.01,25.62,18.87,1.76,88.83,0.85,3.33,Meghalaya_Shillong
2008-06-12,10.81,26.41,19.81,2.36,89.28,0.86,3.73,Meghalaya_Shillong
2008-06-13,4.59,25.6,20.2,1.53,89.87,0.85,2.81,Meghalaya_Shillong
2008-06-14,23.19,26.06,20.26,1.0,90.26,0.86,1.68,Meghalaya_Shillong
2008-06-15,4.25,27.57,18.99,1.68,86.65,0.87,4.64,Meghalaya_Shillong
2008-06-16,16.4,24.94,19.86,1.31,92.56,0.87,1.43,Meghalaya_Shillong
2008-06-17,15.72,24.23,20.02,3.29,91.19,0.89,2.56,Meghalaya_Shillong
2008-06-18,5.55,22.73,19.82,3.53,93.98,0.88,1.26,Meghalaya_Shillong
2008-06-19,22.36,22.55,19.64,3.17,94.68,0.89,0.92,Meghalaya_Shillong
2008-06-20,20.85,24.52,19.45,3.74,92.91,0.91,1.9,Meghalaya_Shillong
2008-06-21,8.59,25.4,19.52,2.69,90.04,0.9,3.35,Meghalaya_Shillong
2008-06-22,11.79,25.86,19.92,2.1,89.62,0.9,3.36,Meghalaya_Shillong
2008-06-23,20.71,25.48,19.35,1.94,89.16,0.91,3.35,Meghalaya_Shillong
2008-06-24,3.99,26.93,19.07,1.48,87.68,0.91,4.06,Meghalaya_Shillong
2008-06-25,6.89,27.77,19.02,1.19,86.89,0.9,4.69,Meghalaya_Shillong
2008-06-26,8.33,24.6,19.32,1.68,92.41,0.91,1.96,Meghalaya_Shillong
2008-06-27,2.34,28.02,19.2,0.92,86.58,0.9,4.53,Meghalaya_Shillong
2008-06-28,14.39,24.74,21.23,1.41,93.08,0.9,1.25,Meghalaya_Shillong
2008-06-29,19.09,23.8,20.18,2.02,93.29,0.92,1.15,Meghalaya_Shillong
2008-06-30,15.6,25.17,20.1,2.41,91.4,0.93,2.36,Meghalaya_Shillong
2008-07-01,10.64,24.67,19.68,2.96,91.98,0.93,2.11,Meghalaya_Shillong
2008-07-02,7.48,24.68,19.59,2.38,93.36,0.93,1.57,Meghalaya_Shillong
2008-07-03,13.43,24.99,20.61,2.74,93.63,0.93,1.59,Meghalaya_Shillong
2008-07-04,38.29,23.8,20.7,3.17,95.5,0.95,0.84,Meghalaya_Shillong
2008-07-05,33.26,23.32,19.39,2.18,95.58,0.97,0.71,Meghalaya_Shillong
2008-07-06,2.93,26.26,18.53,1.66,88.89,0.96,3.05,Meghalaya_Shillong
2008-07-07,1.8,26.37,18.61,1.63,88.27,0.95,3.65,Meghalaya_Shillong
2008-07-08,2.47,25.13,19.86,1.49,90.98,0.95,2.0,Meghalaya_Shillong
2008-07-09,8.59,26.63,18.65,1.33,88.76,0.95,3.46,Meghalaya_Shillong
2008-07-10,7.69,22.84,19.93,2.13,95.37,0.95,0.76,Meghalaya_Shillong
2008-07-11,14.82,25.78,20.29,2.66,91.99,0.95,2.11,Meghalaya_Shillong
2008-07-12,10.03,25.91,19.43,2.14,90.26,0.96,3.03,Meghalaya_Shillong
2008-07-13,11.25,23.98,19.9,1.8,94.96,0.96,0.89,Meghalaya_Shillong
2008-07-14,27.62,23.89,19.95,2.42,95.72,0.96,0.74,Meghalaya_Shillong
2008-07-15,26.64,25.91,20.85,1.96,92.22,0.98,1.57,Meghalaya_Shillong
2008-07-16,5.97,24.34,20.46,2.2,93.42,0.98,1.4,Meghalaya_Shillong
2008-07-17,1.77,26.15,20.5,1.65,90.5,0.97,2.66,Meghalaya_Shillong
2008-07-18,38.26,26.01,20.12,1.36,90.14,0.97,2.03,Meghalaya_Shillong
2008-07-19,31.23,23.92,19.79,2.51,94.32,0.99,0.99,Meghalaya_Shillong
2008-07-20,11.46,24.32,18.75,2.84,94.4,0.99,1.0,Meghalaya_Shillong
2008-07-21,6.79,23.74,19.49,3.52,94.4,0.98,1.29,Meghalaya_Shillong
2008-07-22,12.21,23.22,20.24,3.18,94.37,0.98,1.2,Meghalaya_Shillong
2008-07-23,4.28,23.75,19.79,2.47,93.74,0.98,1.16,Meghalaya_Shillong
2008-07-24,1.14,25.81,19.7,1.52,90.15,0.98,2.48,Meghalaya_Shillong
2008-07-25,3.01,24.4,20.39,1.23,93.7,0.97,1.11,Meghalaya_Shillong
2008-07-26,4.53,26.77,19.86,0.99,89.21,0.97,2.43,Meghalaya_Shillong
2008-07-27,10.07,27.29,19.01,1.59,87.86,0.97,3.26,Meghalaya_Shillong
2008-07-28,1.44,24.89,19.12,1.91,93.48,0.97,1.33,Meghalaya_Shillong
2008-07-29,1.68,25.13,19.27,1.35,90.39,0.97,2.4,Meghalaya_Shillong
2008-07-30,2.0,26.83,19.06,1.4,89.51,0.96,3.16,Meghalaya_Shillong
2008-07-31,13.95,24.55,19.7,1.32,92.13,0.96,1.43,Meghalaya_Shillong
2008-08-01,3.2,27.1,18.51,1.03,87.65,0.97,3.22,Meghalaya_Shillong
2008-08-02,14.46,24.11,20.54,0.86,94.33,0.97,0.83,Meghalaya_Shillong
2008-08-03,18.89,22.6,20.0,1.4,96.72,0.98,0.35,Meghalaya_Shillong
2008-08-04,13.52,22.94,19.58,0.96,93.49,0.98,0.8,Meghalaya_Shillong
2008-08-05,17.42,26.11,17.91,1.51,91.62,0.98,2.04,Meghalaya_Shillong
2008-08-06,9.05,24.56,19.6,1.11,92.22,0.98,1.45,Meghalaya_Shillong
2008-08-07,3.12,24.09,19.72,0.73,90.72,0.98,1.21,Meghalaya_Shillong
2008-08-08,1.13,27.65,19.23,1.33,87.02,0.98,3.47,Meghalaya_Shillong
2008-08-09,13.88,27.94,19.69,1.59,87.0,0.97,3.28,Meghalaya_Shillong
2008-08-10,40.34,25.62,19.9,1.8,90.83,0.98,2.03,Meghalaya_Shillong
2008-08-11,44.22,24.26,19.56,2.58,94.55,1.0,0.93,Meghalaya_Shillong
2008-08-12,14.28,22.9,19.89,2.17,96.57,0.99,0.41,Meghalaya_Shillong
2008-08-13,26.16,25.1,19.11,1.6,92.63,0.99,1.52,Meghalaya_Shillong
2008-08-14,12.81,24.62,20.29,1.6,93.43,1.0,1.23,Meghalaya_Shillong
2008-08-15,10.67,24.43,19.87,2.28,94.06,0.99,1.11,Meghalaya_Shillong
2008-08-16,20.52,23.72,19.39,1.92,93.2,0.99,1.23,Meghalaya_Shillong
2008-08-17,8.98,22.48,19.68,2.68,95.59,0.99,0.81,Meghalaya_Shillong
2008-08-18,18.71,25.17,20.16,3.02,95.05,0.99,1.07,Meghalaya_Shillong
2008-08-19,25.18,23.53,20.64,1.56,96.16,1.0,0.54,Meghalaya_Shillong
2008-08-20,6.57,26.73,19.91,1.31,89.73,0.99,2.46,Meghalaya_Shillong
2008-08-21,18.36,27.93,18.9,1.04,85.52,0.99,3.42,Meghalaya_Shillong
2008-08-22,2.87,27.22,19.52,0.97,87.61,0.99,2.96,Meghalaya_Shillong
2008-08-23,3.12,27.69,18.74,0.72,86.28,0.99,4.41,Meghalaya_Shillong
2008-08-24,2.84,26.51,19.55,1.47,91.74,0.98,2.27,Meghalaya_Shillong
2008-08-25,4.84,25.19,19.74,2.31,93.6,0.98,1.75,Meghalaya_Shillong
2008-08-26,5.12,22.29,19.7,2.85,94.35,0.98,1.39,Meghalaya_Shillong
2008-08-27,22.93,24.92,19.86,3.19,94.12,0.98,1.5,Meghalaya_Shillong
2008-08-28,51.54,23.75,19.83,3.01,94.97,1.0,0.98,Meghalaya_Shillong
2008-08-29,18.68,23.53,20.03,2.49,95.33,1.0,0.85,Meghalaya_Shillong
2008-08-30,15.41,22.83,19.38,2.06,94.19,1.0,0.98,Meghalaya_Shillong
2008-08-31,5.61,23.81,18.34,1.73,91.14,0.99,2.33,Meghalaya_Shillong
2008-09-01,10.79,23.88,18.26,1.72,92.88,0.99,1.63,Meghalaya_Shillong
2008-09-02,8.71,25.09,20.1,2.54,92.83,0.99,1.97,Meghalaya_Shillong
2008-09-03,14.33,24.18,19.05,2.35,93.11,0.99,2.04,Meghalaya_Shillong
2008-09-04,14.42,23.1,18.09,1.46,92.61,0.99,1.33,Meghalaya_Shillong
2008-09-05,11.36,22.55,19.72,1.85,95.66,0.99,0.68,Meghalaya_Shillong
2008-09-06,0.3,22.91,17.66,1.13,91.32,0.99,1.54,Meghalaya_Shillong
2008-09-07,0.38,25.97,16.27,0.92,87.06,0.98,3.77,Meghalaya_Shillong
2008-09-08,1.91,26.8,18.29,1.21,89.67,0.98,3.34,Meghalaya_Shillong
2008-09-09,0.35,22.93,19.66,0.56,95.52,0.98,0.61,Meghalaya_Shillong
2008-09-10,2.17,26.29,19.05,0.77,88.51,0.98,3.13,Meghalaya_Shillong
2008-09-11,0.88,24.21,19.34,1.25,93.23,0.97,1.32,Meghalaya_Shillong
2008-09-12,0.33,26.65,17.62,0.85,86.67,0.97,3.62,Meghalaya_Shillong
2008-09-13,2.23,24.11,19.16,0.8,88.6,0.97,1.46,Meghalaya_Shillong
2008-09-14,1.04,25.0,18.25,1.51,90.15,0.97,2.6,Meghalaya_Shillong
2008-09-15,1.12,25.18,18.48,1.31,89.98,0.96,2.31,Meghalaya_Shillong
2008-09-16,1.01,24.22,19.37,1.15,91.02,0.96,1.87,Meghalaya_Shillong
2008-09-17,1.14,24.0,18.59,1.01,90.75,0.96,2.12,Meghalaya_Shillong
2008-09-18,3.08,24.91,17.93,0.87,90.07,0.96,2.64,Meghalaya_Shillong
2008-09-19,0.83,25.83,18.52,0.83,88.49,0.95,4.1,Meghalaya_Shillong
2008-09-20,21.32,25.28,19.55,0.78,92.7,0.96,1.74,Meghalaya_Shillong
2008-09-21,6.9,25.03,19.07,0.78,90.27,0.96,2.02,Meghalaya_Shillong
2008-09-22,0.9,24.15,18.94,0.54,87.46,0.96,1.67,Meghalaya_Shillong
2008-09-23,2.71,23.74,18.54,0.91,92.32,0.96,1.53,Meghalaya_Shillong
2008-09-24,0.63,25.07,17.71,0.9,91.1,0.96,2.13,Meghalaya_Shillong
2008-09-25,2.29,26.38,18.77,0.67,88.37,0.95,3.86,Meghalaya_Shillong
2008-09-26,18.85,26.75,18.55,0.74,88.86,0.96,3.09,Meghalaya_Shillong
2008-09-27,3.38,23.78,19.23,2.2,92.74,0.96,1.35,Meghalaya_Shillong
2008-09-28,10.89,23.62,19.33,3.26,94.44,0.96,1.65,Meghalaya_Shillong
2008-09-29,5.94,23.64,18.59,1.55,90.95,0.96,2.55,Meghalaya_Shillong
2008-09-30,0.02,26.68,17.77,0.59,87.21,0.96,4.89,Meghalaya_Shillong
2008-10-01,0.89,26.62,18.29,0.86,87.35,0.95,4.88,Meghalaya_Shillong
2008-10-02,1.28,22.75,18.8,1.08,91.06,0.95,1.64,Meghalaya_Shillong
2008-10-03,2.59,23.59,17.62,0.77,92.81,0.95,1.48,Meghalaya_Shillong
2008-10-04,20.22,24.95,16.98,0.81,89.37,0.95,3.56,Meghalaya_Shillong
2008-10-05,10.26,24.56,18.0,0.85,90.66,0.97,2.57,Meghalaya_Shillong
2008-10-06,2.88,24.23,17.03,0.86,88.86,0.96,2.9,Meghalaya_Shillong
2008-10-07,2.34,22.46,17.22,1.0,90.31,0.96,2.4,Meghalaya_Shillong
2008-10-08,10.53,21.87,16.46,1.14,92.95,0.96,1.41,Meghalaya_Shillong
2008-10-09,15.77,23.57,15.51,0.91,87.63,0.96,2.89,Meghalaya_Shillong
2008-10-10,13.68,25.03,15.73,0.5,82.36,0.97,4.96,Meghalaya_Shillong
2008-10-11,0.0,25.17,15.48,0.69,82.71,0.96,5.15,Meghalaya_Shillong
2008-10-12,0.0,25.49,15.21,0.77,82.02,0.96,5.65,Meghalaya_Shillong
2008-10-13,1.45,25.53,15.21,0.76,82.78,0.95,5.47,Meghalaya_Shillong
2008-10-14,0.11,24.76,15.53,0.92,84.08,0.95,5.28,Meghalaya_Shillong
2008-10-15,0.0,25.67,14.07,0.67,80.9,0.94,6.38,Meghalaya_Shillong
2008-10-16,0.0,25.31,14.51,0.89,82.8,0.93,6.21,Meghalaya_Shillong
2008-10-17,0.0,25.1,12.9,0.89,79.79,0.93,6.2,Meghalaya_Shillong
2008-10-18,0.0,25.19,13.45,0.89,71.75,0.92,5.93,Meghalaya_Shillong
2008-10-19,0.0,26.01,16.47,0.55,70.11,0.92,7.44,Meghalaya_Shillong
2008-10-20,0.0,25.08,14.43,0.79,83.62,0.91,6.05,Meghalaya_Shillong
2008-10-21,0.0,25.09,15.28,0.74,81.51,0.91,6.45,Meghalaya_Shillong
2008-10-22,0.0,24.71,14.0,0.82,80.29,0.9,6.21,Meghalaya_Shillong
2008-10-23,0.0,23.34,13.62,1.09,82.5,0.9,5.11,Meghalaya_Shillong
2008-10-24,0.82,22.53,12.48,1.17,88.87,0.9,3.74,Meghalaya_Shillong
2008-10-25,5.16,20.33,14.29,1.59,91.35,0.9,2.47,Meghalaya_Shillong
2008-10-26,45.7,16.14,12.79,3.25,95.34,0.92,0.32,Meghalaya_Shillong
2008-10-27,18.99,19.82,12.43,3.14,95.76,0.95,0.45,Meghalaya_Shillong
2008-10-28,0.61,22.22,13.78,1.11,86.91,0.94,4.21,Meghalaya_Shillong
2008-10-29,0.0,23.23,12.77,0.79,84.55,0.93,5.1,Meghalaya_Shillong
2008-10-30,0.0,23.63,12.93,0.79,82.9,0.93,5.7,Meghalaya_Shillong
2008-10-31,0.0,22.93,12.17,0.69,83.13,0.92,5.78,Meghalaya_Shillong
2008-11-01,0.0,23.61,12.04,0.87,80.1,0.92,5.73,Meghalaya_Shillong
2008-11-02,0.0,23.78,11.8,0.8,77.09,0.91,6.0,Meghalaya_Shillong
2008-11-03,2.82,22.7,13.67,0.74,82.42,0.91,4.77,Meghalaya_Shillong
2008-11-04,0.62,22.41,12.44,0.75,75.69,0.91,5.41,Meghalaya_Shillong
2008-11-05,0.0,21.79,11.86,1.06,79.7,0.9,4.85,Meghalaya_Shillong
2008-11-06,0.0,22.67,9.1,1.23,86.01,0.9,4.76,Meghalaya_Shillong
2008-11-07,0.0,22.44,8.33,1.12,67.81,0.89,5.48,Meghalaya_Shillong
2008-11-08,0.0,24.07,10.66,0.89,56.89,0.89,6.21,Meghalaya_Shillong
2008-11-09,0.0,23.8,13.25,0.81,57.91,0.88,5.75,Meghalaya_Shillong
2008-11-10,0.0,22.63,12.29,0.95,68.44,0.88,5.22,Meghalaya_Shillong
2008-11-11,0.0,23.65,12.15,0.63,69.86,0.88,5.84,Meghalaya_Shillong
2008-11-12,0.0,22.43,10.96,0.89,74.87,0.87,5.37,Meghalaya_Shillong
2008-11-13,0.0,20.85,9.5,0.82,72.16,0.87,5.04,Meghalaya_Shillong
2008-11-14,0.0,21.11,7.14,0.79,78.94,0.86,4.93,Meghalaya_Shillong
2008-11-15,0.0,19.7,10.12,0.77,79.18,0.86,2.75,Meghalaya_Shillong
2008-11-16,0.0,20.79,9.37,0.85,79.11,0.86,4.52,Meghalaya_Shillong
2008-11-17,0.0,21.08,8.82,0.73,81.54,0.86,4.97,Meghalaya_Shillong
2008-11-18,0.0,21.27,8.56,0.79,80.61,0.86,5.13,Meghalaya_Shillong
2008-11-19,0.0,23.74,8.98,0.59,66.72,0.85,5.7,Meghalaya_Shillong
2008-11-20,0.0,21.65,10.87,0.78,66.86,0.85,5.15,Meghalaya_Shillong
2008-11-21,0.12,21.11,9.64,1.07,78.1,0.84,4.37,Meghalaya_Shillong
2008-11-22,0.19,20.59,8.45,1.23,88.86,0.84,3.41,Meghalaya_Shillong
2008-11-23,0.0,19.85,9.29,1.07,86.28,0.84,3.79,Meghalaya_Shillong
2008-11-24,0.0,19.86,8.76,0.89,81.5,0.84,3.94,Meghalaya_Shillong
2008-11-25,0.0,19.72,8.17,1.07,79.69,0.84,4.09,Meghalaya_Shillong
2008-11-26,1.4,20.5,7.74,1.15,80.61,0.84,3.87,Meghalaya_Shillong
2008-11-27,0.0,20.49,8.12,1.07,81.6,0.84,3.84,Meghalaya_Shillong
2008-11-28,0.0,22.63,10.31,0.77,74.06,0.83,4.84,Meghalaya_Shillong
2008-11-29,0.0,20.79,9.98,0.86,80.32,0.83,4.17,Meghalaya_Shillong
2008-11-30,0.0,20.91,9.38,1.07,84.42,0.83,3.93,Meghalaya_Shillong
2008-12-01,0.0,21.01,12.53,0.52,78.55,0.83,4.36,Meghalaya_Shillong
2008-12-02,0.91,18.91,12.6,0.65,88.2,0.82,2.57,Meghalaya_Shillong
2008-12-03,0.28,18.92,11.94,0.73,89.12,0.82,2.38,Meghalaya_Shillong
2008-12-04,0.0,19.86,11.11,0.7,88.79,0.82,3.07,Meghalaya_Shillong
2008-12-05,0.0,20.47,10.51,1.01,86.3,0.82,3.41,Meghalaya_Shillong
2008-12-06,0.0,20.14,10.82,0.76,88.03,0.82,3.25,Meghalaya_Shillong
2008-12-07,0.0,20.34,10.3,0.67,86.28,0.82,3.59,Meghalaya_Shillong
2008-12-08,0.0,19.73,9.47,1.25,88.35,0.82,3.2,Meghalaya_Shillong
2008-12-09,0.0,19.97,9.61,1.08,86.29,0.82,3.19,Meghalaya_Shillong
2008-12-10,0.0,20.17,10.28,0.92,89.0,0.81,3.2,Meghalaya_Shillong
2008-12-11,0.0,19.81,10.92,0.84,89.41,0.81,2.9,Meghalaya_Shillong
2008-12-12,0.0,18.72,10.19,0.95,87.95,0.81,2.81,Meghalaya_Shillong
2008-12-13,0.0,18.63,7.79,0.67,78.66,0.81,3.45,Meghalaya_Shillong
2008-12-14,0.0,19.15,7.52,0.75,82.4,0.81,3.6,Meghalaya_Shillong
2008-12-15,0.0,18.68,7.48,0.66,83.11,0.81,3.33,Meghalaya_Shillong
2008-12-16,0.0,18.93,7.01,0.68,82.89,0.81,3.48,Meghalaya_Shillong
2008-12-17,0.0,19.43,6.2,0.78,79.86,0.8,3.68,Meghalaya_Shillong
2008-12-18,0.0,20.19,6.12,0.85,74.34,0.8,3.85,Meghalaya_Shillong
2008-12-19,0.0,19.1,8.61,0.75,75.84,0.8,3.37,Meghalaya_Shillong
2008-12-20,0.0,19.35,8.32,0.75,81.72,0.8,3.12,Meghalaya_Shillong
2008-12-21,0.0,16.03,9.29,0.78,91.16,0.8,1.35,Meghalaya_Shillong
2008-12-22,0.14,17.78,10.32,0.59,88.3,0.8,2.21,Meghalaya_Shillong
2008-12-23,0.01,17.69,9.32,0.72,87.8,0.8,2.41,Meghalaya_Shillong
2008-12-24,0.0,16.3,8.01,0.84,89.41,0.8,1.65,Meghalaya_Shillong
2008-12-25,0.0,18.59,7.11,0.83,85.26,0.8,2.94,Meghalaya_Shillong
2008-12-26,1.52,17.56,7.12,0.86,85.54,0.8,2.58,Meghalaya_Shillong
2008-12-27,0.4,16.39,9.04,0.48,79.52,0.8,2.3,Meghalaya_Shillong
2008-12-28,0.0,16.91,6.44,0.78,80.65,0.79,2.7,Meghalaya_Shillong
2008-12-29,0.0,17.62,5.43,0.86,84.88,0.79,2.96,Meghalaya_Shillong
2008-12-30,0.0,17.85,6.05,0.9,82.66,0.79,3.3,Meghalaya_Shillong
2008-12-31,0.0,18.33,6.69,1.0,81.24,0.79,3.42,Meghalaya_Shillong
2009-01-01,0.0,17.94,7.25,1.04,71.44,0.79,3.1,Meghalaya_Shillong
2009-01-02,0.0,17.12,6.44,1.03,73.41,0.79,3.01,Meghalaya_Shillong
2009-01-03,0.0,17.37,4.79,0.96,79.08,0.78,2.74,Meghalaya_Shillong
2009-01-04,0.0,17.2,4.53,0.9,78.82,0.78,2.88,Meghalaya_Shillong
2009-01-05,0.0,16.4,6.17,1.05,77.85,0.78,2.48,Meghalaya_Shillong
2009-01-06,0.0,17.68,6.41,1.32,74.98,0.78,2.76,Meghalaya_Shillong
2009-01-07,0.0,18.38,6.35,0.96,66.3,0.78,3.16,Meghalaya_Shillong
2009-01-08,0.0,18.28,7.17,0.96,72.76,0.78,2.85,Meghalaya_Shillong
2009-01-09,0.0,19.05,7.33,1.11,79.16,0.78,2.99,Meghalaya_Shillong
2009-01-10,0.0,18.42,6.18,0.94,81.99,0.78,3.13,Meghalaya_Shillong
2009-01-11,0.0,17.83,6.15,1.05,79.83,0.78,2.88,Meghalaya_Shillong
2009-01-12,0.0,17.76,4.67,1.0,81.83,0.77,2.75,Meghalaya_Shillong
2009-01-13,0.0,17.96,4.68,0.92,79.72,0.77,2.76,Meghalaya_Shillong
2009-01-14,0.0,18.83,4.65,0.98,76.35,0.77,3.11,Meghalaya_Shillong
2009-01-15,0.0,18.62,6.32,1.02,75.35,0.77,3.04,Meghalaya_Shillong
2009-01-16,0.0,18.22,7.17,0.84,69.08,0.77,2.37,Meghalaya_Shillong
2009-01-17,0.0,19.05,6.2,1.0,76.82,0.77,3.14,Meghalaya_Shillong
2009-01-18,0.0,19.3,8.75,0.92,80.69,0.77,2.94,Meghalaya_Shillong
2009-01-19,0.0,18.31,7.88,1.09,83.34,0.77,2.7,Meghalaya_Shillong
2009-01-20,0.0,17.21,6.81,1.02,82.01,0.77,2.29,Meghalaya_Shillong
2009-01-21,0.0,19.52,5.87,0.74,78.39,0.76,2.75,Meghalaya_Shillong
2009-01-22,0.0,17.71,8.13,0.96,88.47,0.76,2.03,Meghalaya_Shillong
2009-01-23,0.0,19.92,7.81,0.8,85.4,0.76,3.04,Meghalaya_Shillong
2009-01-24,0.0,20.11,7.34,0.85,82.13,0.76,3.08,Meghalaya_Shillong
2009-01-25,0.0,18.12,8.9,1.02,85.31,0.76,1.88,Meghalaya_Shillong
2009-01-26,0.0,17.26,8.26,1.53,89.73,0.76,1.67,Meghalaya_Shillong
2009-01-27,0.0,18.63,7.73,1.54,86.53,0.76,2.29,Meghalaya_Shillong
2009-01-28,0.0,17.71,6.1,1.64,82.38,0.76,2.42,Meghalaya_Shillong
2009-01-29,0.0,19.31,6.04,0.86,62.8,0.76,3.67,Meghalaya_Shillong
2009-01-30,0.0,19.47,5.65,1.1,76.08,0.76,3.34,Meghalaya_Shillong
2009-01-31,0.0,18.96,8.16,0.96,73.2,0.75,3.21,Meghalaya_Shillong
2009-02-01,0.0,19.37,6.53,0.92,67.69,0.75,3.51,Meghalaya_Shillong
2009-02-02,0.0,17.44,6.12,1.05,83.17,0.75,2.72,Meghalaya_Shillong
2009-02-03,0.0,19.32,6.11,0.98,76.86,0.75,3.37,Meghalaya_Shillong
2009-02-04,0.0,19.17,7.1,0.72,75.31,0.75,3.38,Meghalaya_Shillong
2009-02-05,0.0,20.22,6.98,0.98,75.21,0.75,3.51,Meghalaya_Shillong
2009-02-06,0.0,20.9,8.7,0.82,68.55,0.74,3.95,Meghalaya_Shillong
2009-02-07,0.83,20.2,9.22,1.07,67.32,0.74,3.66,Meghalaya_Shillong
2009-02-08,0.0,20.43,9.89,1.01,67.46,0.74,3.94,Meghalaya_Shillong
2009-02-09,0.0,20.3,8.53,0.79,72.71,0.74,3.63,Meghalaya_Shillong
2009-02-10,0.0,21.43,8.53,1.0,74.02,0.74,3.98,Meghalaya_Shillong
2009-02-11,0.0,20.6,10.46,1.09,73.04,0.74,3.81,Meghalaya_Shillong
2009-02-12,0.1,19.29,7.92,1.81,77.63,0.73,3.15,Meghalaya_Shillong
2009-02-13,0.0,19.53,7.16,1.26,70.95,0.73,3.6,Meghalaya_Shillong
2009-02-14,0.0,21.23,8.16,1.11,68.15,0.73,3.89,Meghalaya_Shillong
2009-02-15,0.0,21.52,7.79,1.26,66.81,0.73,4.23,Meghalaya_Shillong
2009-02-16,0.0,20.82,7.46,1.13,58.84,0.73,4.11,Meghalaya_Shillong
2009-02-17,0.0,21.52,9.06,0.98,58.79,0.72,4.37,Meghalaya_Shillong
2009-02-18,0.0,22.19,9.08,1.26,61.68,0.72,4.49,Meghalaya_Shillong
2009-02-19,0.0,22.01,10.7,1.08,51.19,0.72,4.53,Meghalaya_Shillong
2009-02-20,0.0,22.31,9.71,1.08,52.74,0.72,4.68,Meghalaya_Shillong
2009-02-21,0.0,20.57,6.76,1.59,56.1,0.71,4.21,Meghalaya_Shillong
2009-02-22,0.0,19.66,5.22,2.0,60.82,0.71,3.89,Meghalaya_Shillong
2009-02-23,0.0,19.93,7.76,1.7,53.2,0.71,3.28,Meghalaya_Shillong
2009-02-24,0.0,19.98,8.44,1.89,58.78,0.71,3.75,Meghalaya_Shillong
2009-02-25,7.2,20.03,7.61,2.22,72.82,0.71,2.66,Meghalaya_Shillong
2009-02-26,1.16,20.7,8.54,2.06,72.23,0.72,3.57,Meghalaya_Shillong
2009-02-27,0.0,21.33,8.68,2.04,57.41,0.71,4.72,Meghalaya_Shillong
2009-02-28,0.34,20.51,8.87,1.97,58.41,0.71,4.62,Meghalaya_Shillong
2009-03-01,0.0,20.75,7.97,1.64,46.45,0.71,4.82,Meghalaya_Shillong
2009-03-02,0.0,20.62,8.39,0.99,43.8,0.7,4.75,Meghalaya_Shillong
2009-03-03,0.0,20.78,6.6,1.36,57.64,0.7,4.18,Meghalaya_Shillong
2009-03-04,0.2,20.8,9.5,1.56,60.05,0.7,3.35,Meghalaya_Shillong
2009-03-05,4.17,19.9,9.62,1.66,68.11,0.7,2.46,Meghalaya_Shillong
2009-03-06,12.0,21.72,10.05,1.88,70.24,0.72,3.39,Meghalaya_Shillong
2009-03-07,0.0,21.75,11.06,1.67,55.97,0.72,4.58,Meghalaya_Shillong
2009-03-08,0.0,22.07,8.2,1.59,50.3,0.71,4.84,Meghalaya_Shillong
2009-03-09,0.0,23.54,13.64,1.38,46.97,0.71,5.01,Meghalaya_Shillong
2009-03-10,0.0,24.13,11.54,1.71,56.92,0.7,4.6,Meghalaya_Shillong
2009-03-11,0.0,23.51,10.5,2.05,62.06,0.7,4.94,Meghalaya_Shillong
2009-03-12,0.0,22.17,9.5,1.86,41.25,0.69,5.02,Meghalaya_Shillong
2009-03-13,0.0,24.12,7.38,1.46,44.77,0.69,5.24,Meghalaya_Shillong
2009-03-14,0.0,24.9,7.38,1.15,52.36,0.69,3.88,Meghalaya_Shillong
2009-03-15,0.0,22.71,12.77,1.07,45.26,0.68,2.74,Meghalaya_Shillong
2009-03-16,0.0,22.09,12.84,1.09,46.97,0.68,2.54,Meghalaya_Shillong
2009-03-17,0.0,24.61,11.72,1.51,48.65,0.68,5.21,Meghalaya_Shillong
2009-03-18,0.0,24.23,11.7,1.59,49.7,0.68,4.8,Meghalaya_Shillong
2009-03-19,0.0,24.86,12.23,1.27,53.23,0.67,4.7,Meghalaya_Shillong
2009-03-20,0.0,24.5,13.81,1.14,53.78,0.67,4.95,Meghalaya_Shillong
2009-03-21,1.46,24.81,13.52,1.29,57.05,0.67,4.47,Meghalaya_Shillong
2009-03-22,0.64,24.7,13.34,1.29,63.52,0.67,4.28,Meghalaya_Shillong
2009-03-23,0.0,25.32,12.92,1.19,61.78,0.67,5.21,Meghalaya_Shillong
2009-03-24,0.0,25.47,12.85,1.03,55.84,0.66,5.58,Meghalaya_Shillong
2009-03-25,0.0,25.4,12.22,1.23,57.71,0.66,5.03,Meghalaya_Shillong
2009-03-26,0.89,24.31,12.67,1.4,55.38,0.66,4.34,Meghalaya_Shillong
2009-03-27,4.74,21.15,11.73,1.23,64.39,0.66,2.62,Meghalaya_Shillong
2009-03-28,1.86,21.97,11.81,1.04,63.06,0.67,3.4,Meghalaya_Shillong
2009-03-29,10.52,22.52,12.56,1.25,73.36,0.68,2.88,Meghalaya_Shillong
2009-03-30,17.21,21.82,13.86,1.98,84.0,0.7,2.41,Meghalaya_Shillong
2009-03-31,8.6,21.42,14.57,2.36,90.19,0.71,1.86,Meghalaya_Shillong
2009-04-01,6.25,21.29,14.15,1.68,86.17,0.72,3.15,Meghalaya_Shillong
2009-04-02,3.89,23.19,12.71,1.14,79.37,0.72,4.74,Meghalaya_Shillong
2009-04-03,11.15,22.38,13.93,1.28,77.76,0.72,3.81,Meghalaya_Shillong
2009-04-04,10.05,23.08,12.18,1.38,84.59,0.73,3.55,Meghalaya_Shillong
2009-04-05,0.41,23.63,12.88,1.7,83.03,0.72,4.47,Meghalaya_Shillong
2009-04-06,0.68,24.11,13.87,1.28,77.34,0.71,5.44,Meghalaya_Shillong
2009-04-07,13.8,23.77,14.66,1.44,72.13,0.72,4.64,Meghalaya_Shillong
2009-04-08,6.57,24.54,13.17,1.68,74.27,0.73,5.01,Meghalaya_Shillong
2009-04-09,0.28,24.34,16.1,1.18,66.68,0.72,4.8,Meghalaya_Shillong
2009-04-10,1.01,24.56,14.37,1.8,65.59,0.71,6.45,Meghalaya_Shillong
2009-04-11,6.61,25.28,13.19,1.65,66.16,0.71,6.8,Meghalaya_Shillong
2009-04-12,0.0,25.55,13.37,1.41,52.9,0.7,7.3,Meghalaya_Shillong
2009-04-13,0.0,26.04,16.53,1.06,56.04,0.7,6.94,Meghalaya_Shillong
2009-04-14,2.67,26.59,16.09,1.06,59.86,0.69,6.85,Meghalaya_Shillong
2009-04-15,1.79,25.83,16.52,1.46,64.52,0.69,6.22,Meghalaya_Shillong
2009-04-16,0.1,26.54,15.18,1.48,70.38,0.68,6.72,Meghalaya_Shillong
2009-04-17,5.52,23.63,14.74,1.87,85.64,0.68,3.66,Meghalaya_Shillong
2009-04-18,2.61,24.99,14.24,2.43,80.45,0.69,4.95,Meghalaya_Shillong
2009-04-19,16.78,25.51,16.88,1.9,82.2,0.7,4.81,Meghalaya_Shillong
2009-04-20,51.44,23.1,16.12,1.46,86.38,0.74,2.86,Meghalaya_Shillong
2009-04-21,19.59,23.91,15.75,1.64,86.85,0.77,3.46,Meghalaya_Shillong
2009-04-22,16.13,24.81,18.21,2.85,88.55,0.78,3.74,Meghalaya_Shillong
2009-04-23,9.56,24.75,15.76,2.49,85.2,0.78,4.01,Meghalaya_Shillong
2009-04-24,4.27,25.39,15.78,1.73,75.39,0.76,5.94,Meghalaya_Shillong
2009-04-25,0.0,26.3,17.21,1.13,48.51,0.74,7.8,Meghalaya_Shillong
2009-04-26,0.0,26.96,17.1,1.1,49.35,0.73,8.11,Meghalaya_Shillong
2009-04-27,0.0,27.37,17.9,1.39,51.19,0.72,8.2,Meghalaya_Shillong
2009-04-28,0.0,25.97,16.42,1.24,56.37,0.71,6.4,Meghalaya_Shillong
2009-04-29,0.07,26.79,16.62,1.02,65.97,0.7,6.75,Meghalaya_Shillong
2009-04-30,12.14,24.51,15.53,1.37,82.26,0.71,3.86,Meghalaya_Shillong
2009-05-01,32.11,23.16,16.24,1.47,88.71,0.75,2.12,Meghalaya_Shillong
2009-05-02,0.93,24.37,16.39,0.98,77.48,0.76,3.52,Meghalaya_Shillong
2009-05-03,2.15,25.96,16.58,0.98,76.17,0.75,5.67,Meghalaya_Shillong
2009-05-04,0.62,23.59,16.91,0.92,87.71,0.74,2.53,Meghalaya_Shillong
2009-05-05,3.39,25.6,17.17,1.02,81.41,0.74,5.34,Meghalaya_Shillong
2009-05-06,14.67,24.97,16.25,1.53,87.01,0.75,4.07,Meghalaya_Shillong
2009-05-07,0.62,25.26,17.15,1.94,85.94,0.75,5.2,Meghalaya_Shillong
2009-05-08,1.5,24.6,16.51,1.66,83.07,0.74,5.41,Meghalaya_Shillong
2009-05-09,20.37,24.78,14.22,1.66,85.78,0.75,4.0,Meghalaya_Shillong
2009-05-10,36.68,24.61,15.27,1.36,81.98,0.8,3.66,Meghalaya_Shillong
2009-05-11,1.5,25.3,16.95,1.37,82.37,0.79,3.92,Meghalaya_Shillong
2009-05-12,1.81,24.62,15.55,1.03,83.32,0.77,3.81,Meghalaya_Shillong
2009-05-13,14.08,21.11,16.14,0.66,86.67,0.78,1.19,Meghalaya_Shillong
2009-05-14,7.23,23.43,15.8,1.12,83.38,0.78,4.02,Meghalaya_Shillong
2009-05-15,5.07,26.64,13.86,1.03,76.96,0.77,6.69,Meghalaya_Shillong
2009-05-16,14.98,25.54,16.15,1.15,80.1,0.77,4.93,Meghalaya_Shillong
2009-05-17,0.39,25.17,16.13,1.09,80.55,0.78,5.9,Meghalaya_Shillong
2009-05-18,17.12,24.21,17.2,1.97,90.96,0.78,2.19,Meghalaya_Shillong
2009-05-19,12.51,26.83,18.53,0.97,86.71,0.79,5.05,Meghalaya_Shillong
2009-05-20,1.34,27.12,18.93,1.1,82.8,0.78,6.21,Meghalaya_Shillong
2009-05-21,1.76,27.3,18.23,1.12,79.02,0.77,6.73,Meghalaya_Shillong
2009-05-22,0.0,29.06,17.83,0.81,72.47,0.76,8.6,Meghalaya_Shillong
2009-05-23,3.53,28.78,16.13,0.97,76.52,0.75,7.7,Meghalaya_Shillong
2009-05-24,7.34,25.53,18.93,1.41,82.85,0.76,3.3,Meghalaya_Shillong
2009-05-25,23.11,23.15,18.52,2.63,90.81,0.78,1.57,Meghalaya_Shillong
2009-05-26,43.39,23.09,19.62,4.28,94.39,0.83,0.89,Meghalaya_Shillong
2009-05-27,3.29,27.9,17.39,1.39,84.18,0.83,5.57,Meghalaya_Shillong
2009-05-28,0.0,26.29,17.02,0.91,80.7,0.81,5.63,Meghalaya_Shillong
2009-05-29,4.16,26.35,18.14,1.01,78.82,0.79,4.87,Meghalaya_Shillong
2009-05-30,26.83,25.25,18.16,1.07,84.9,0.8,4.05,Meghalaya_Shillong
2009-05-31,14.35,23.24,18.14,1.39,89.38,0.84,2.3,Meghalaya_Shillong
2009-06-01,15.06,22.32,17.62,2.09,90.77,0.83,2.33,Meghalaya_Shillong
2009-06-02,10.87,25.75,18.17,1.79,88.18,0.83,3.74,Meghalaya_Shillong
2009-06-03,0.31,27.3,18.83,0.96,83.21,0.82,5.95,Meghalaya_Shillong
2009-06-04,0.19,28.2,17.94,0.93,80.51,0.8,7.15,Meghalaya_Shillong
2009-06-05,15.31,25.24,18.57,0.92,83.27,0.81,2.62,Meghalaya_Shillong
2009-06-06,15.95,26.48,19.18,1.21,87.72,0.83,3.41,Meghalaya_Shillong
2009-06-07,16.3,25.59,19.01,0.92,87.76,0.84,2.47,Meghalaya_Shillong
2009-06-08,4.51,25.92,17.82,1.78,84.97,0.83,5.27,Meghalaya_Shillong
2009-06-09,5.91,26.41,19.12,2.16,85.59,0.83,5.28,Meghalaya_Shillong
2009-06-10,11.69,24.75,17.87,1.94,86.95,0.83,4.11,Meghalaya_Shillong
2009-06-11,33.21,25.46,17.08,1.48,87.24,0.84,3.78,Meghalaya_Shillong
2009-06-12,2.42,25.96,16.72,1.39,82.68,0.84,5.43,Meghalaya_Shillong
2009-06-13,22.32,24.28,17.48,1.25,86.58,0.85,2.72,Meghalaya_Shillong
2009-06-14,15.97,23.42,17.17,1.67,88.79,0.86,2.54,Meghalaya_Shillong
2009-06-15,3.82,25.41,17.79,1.67,89.03,0.86,3.33,Meghalaya_Shillong
2009-06-16,0.4,27.07,18.2,1.07,83.88,0.85,5.29,Meghalaya_Shillong
2009-06-17,0.01,28.9,18.44,0.88,79.64,0.84,7.09,Meghalaya_Shillong
2009-06-18,4.88,28.03,19.58,0.87,84.25,0.83,5.69,Meghalaya_Shillong
2009-06-19,2.68,27.55,19.57,1.08,86.59,0.83,4.93,Meghalaya_Shillong
2009-06-20,8.9,24.81,20.05,1.89,90.58,0.83,2.32,Meghalaya_Shillong
2009-06-21,8.72,26.08,20.16,2.19,89.26,0.85,4.12,Meghalaya_Shillong
2009-06-22,1.2,25.57,19.6,1.92,89.15,0.84,3.96,Meghalaya_Shillong
2009-06-23,7.35,27.88,18.73,1.03,85.49,0.84,4.57,Meghalaya_Shillong
2009-06-24,2.77,27.19,20.09,0.63,86.2,0.84,4.28,Meghalaya_Shillong
2009-06-25,3.41,26.7,20.49,1.15,91.48,0.83,1.88,Meghalaya_Shillong
2009-06-26,0.55,25.21,19.97,2.22,90.54,0.83,2.86,Meghalaya_Shillong
2009-06-27,4.57,26.67,20.07,2.21,89.19,0.83,3.37,Meghalaya_Shillong
2009-06-28,6.61,25.58,21.4,3.16,92.24,0.84,2.22,Meghalaya_Shillong
2009-06-29,18.84,24.88,21.26,3.97,94.12,0.85,1.5,Meghalaya_Shillong
2009-06-30,38.8,24.16,21.56,3.88,94.99,0.88,1.04,Meghalaya_Shillong
2009-07-01,19.12,23.6,19.96,2.21,91.94,0.9,1.58,Meghalaya_Shillong
2009-07-02,26.4,24.26,20.53,2.83,94.0,0.91,1.21,Meghalaya_Shillong
2009-07-03,31.1,23.35,19.53,2.62,93.01,0.92,1.28,Meghalaya_Shillong
2009-07-04,19.8,24.22,19.04,2.13,92.14,0.93,1.9,Meghalaya_Shillong
2009-07-05,4.54,25.63,18.98,1.78,89.66,0.92,3.54,Meghalaya_Shillong
2009-07-06,13.58,25.21,18.79,2.52,91.62,0.92,2.46,Meghalaya_Shillong
2009-07-07,7.87,26.21,20.09,2.45,90.04,0.92,3.04,Meghalaya_Shillong
2009-07-08,2.23,26.33,20.05,2.04,88.94,0.91,3.45,Meghalaya_Shillong
2009-07-09,14.37,24.94,19.4,1.9,92.16,0.92,1.63,Meghalaya_Shillong
2009-07-10,8.65,25.8,19.47,2.15,88.99,0.92,3.87,Meghalaya_Shillong
2009-07-11,2.77,26.65,19.45,1.86,88.7,0.92,4.27,Meghalaya_Shillong
2009-07-12,0.27,27.68,19.95,1.29,86.46,0.91,4.83,Meghalaya_Shillong
2009-07-13,9.26,28.86,19.67,1.16,83.02,0.91,4.95,Meghalaya_Shillong
2009-07-14,4.15,26.04,20.5,1.23,87.89,0.91,2.31,Meghalaya_Shillong
2009-07-15,21.94,26.86,20.66,1.56,89.67,0.92,2.51,Meghalaya_Shillong
2009-07-16,2.62,27.38,19.76,1.82,88.73,0.92,4.27,Meghalaya_Shillong
2009-07-17,4.53,27.31,20.16,1.49,87.57,0.91,3.98,Meghalaya_Shillong
2009-07-18,14.61,28.21,20.84,1.24,89.23,0.92,2.89,Meghalaya_Shillong
2009-07-19,5.53,28.2,21.09,1.41,85.7,0.92,4.84,Meghalaya_Shillong
2009-07-20,0.01,29.01,20.4,1.27,84.88,0.91,5.61,Meghalaya_Shillong
2009-07-21,9.27,27.72,19.32,1.41,86.3,0.9,4.29,Meghalaya_Shillong
2009-07-22,6.81,26.25,18.95,1.75,87.65,0.91,3.84,Meghalaya_Shillong
2009-07-23,0.55,27.96,19.37,1.5,87.43,0.9,4.92,Meghalaya_Shillong
2009-07-24,3.06,27.4,19.94,1.74,89.36,0.89,3.98,Meghalaya_Shillong
2009-07-25,24.96,27.24,20.89,1.51,89.84,0.9,2.9,Meghalaya_Shillong
2009-07-26,43.88,25.15,20.16,1.54,92.36,0.93,1.63,Meghalaya_Shillong
2009-07-27,55.71,25.02,19.64,1.37,89.85,0.96,1.66,Meghalaya_Shillong
2009-07-28,84.64,24.16,20.2,3.05,93.95,0.98,1.16,Meghalaya_Shillong
2009-07-29,19.02,25.78,20.52,2.56,93.11,0.98,1.73,Meghalaya_Shillong
2009-07-30,16.0,24.09,20.03,2.23,92.85,0.98,1.68,Meghalaya_Shillong
2009-07-31,28.01,26.01,19.3,1.52,92.81,0.98,1.55,Meghalaya_Shillong
2009-08-01,7.47,27.49,20.66,1.0,90.5,0.98,2.57,Meghalaya_Shillong
2009-08-02,20.73,23.39,18.63,1.09,93.84,0.98,0.6,Meghalaya_Shillong
2009-08-03,9.88,29.22,18.33,0.93,83.35,0.98,4.31,Meghalaya_Shillong
2009-08-04,18.61,25.76,21.54,1.78,94.0,0.98,1.24,Meghalaya_Shillong
2009-08-05,17.05,26.72,21.63,1.17,91.89,0.99,1.54,Meghalaya_Shillong
2009-08-06,22.3,27.64,20.33,0.74,88.59,0.99,2.75,Meghalaya_Shillong
2009-08-07,6.12,25.58,21.34,1.4,93.81,0.99,1.37,Meghalaya_Shillong
2009-08-08,39.48,26.85,20.49,1.16,88.0,0.99,1.96,Meghalaya_Shillong
2009-08-09,8.43,26.85,21.12,1.58,91.02,0.99,2.4,Meghalaya_Shillong
2009-08-10,10.17,27.96,20.37,1.17,88.13,0.98,2.92,Meghalaya_Shillong
2009-08-11,5.03,24.56,21.38,1.65,94.63,0.98,1.0,Meghalaya_Shillong
2009-08-12,6.07,24.03,20.51,2.33,94.43,0.98,1.14,Meghalaya_Shillong
2009-08-13,17.47,24.48,20.37,1.69,94.19,0.98,1.19,Meghalaya_Shillong
2009-08-14,12.47,23.54,19.37,1.49,94.41,0.99,0.92,Meghalaya_Shillong
2009-08-15,11.52,24.46,19.29,2.32,94.13,0.99,1.17,Meghalaya_Shillong
2009-08-16,30.95,23.52,19.66,2.8,93.04,0.99,1.36,Meghalaya_Shillong
2009-08-17,11.28,24.14,19.71,2.86,92.46,0.99,1.9,Meghalaya_Shillong
2009-08-18,35.62,24.03,19.37,3.34,94.25,0.99,1.22,Meghalaya_Shillong
2009-08-19,36.35,24.74,20.29,2.45,94.6,0.99,0.97,Meghalaya_Shillong
2009-08-20,44.29,23.18,19.61,2.5,94.9,1.0,0.78,Meghalaya_Shillong
2009-08-21,10.09,23.3,19.32,2.76,93.6,0.99,1.37,Meghalaya_Shillong
2009-08-22,7.34,24.22,19.0,1.71,92.3,0.99,1.8,Meghalaya_Shillong
2009-08-23,3.09,25.25,18.7,1.13,88.81,0.99,2.39,Meghalaya_Shillong
2009-08-24,1.2,25.64,18.19,1.61,89.59,0.99,2.57,Meghalaya_Shillong
2009-08-25,13.82,24.06,18.84,1.48,91.37,0.98,1.71,Meghalaya_Shillong
2009-08-26,38.49,23.83,18.37,1.62,91.61,0.99,1.45,Meghalaya_Shillong
2009-08-27,12.13,23.7,17.92,1.7,90.5,0.99,1.84,Meghalaya_Shillong
2009-08-28,1.03,25.93,17.76,0.9,85.92,0.99,3.25,Meghalaya_Shillong
2009-08-29,5.83,27.74,19.15,0.64,84.64,0.98,4.86,Meghalaya_Shillong
2009-08-30,7.15,25.61,19.28,0.79,89.09,0.98,2.15,Meghalaya_Shillong
2009-08-31,21.22,26.66,19.29,1.21,88.54,0.98,2.99,Meghalaya_Shillong
2009-09-01,3.07,27.56,19.28,0.97,84.98,0.98,3.95,Meghalaya_Shillong
2009-09-02,4.07,26.7,19.97,1.16,88.73,0.98,3.23,Meghalaya_Shillong
2009-09-03,6.95,27.18,20.4,1.24,86.95,0.97,3.47,Meghalaya_Shillong
2009-09-04,6.01,25.88,19.81,1.07,91.61,0.97,1.94,Meghalaya_Shillong
2009-09-05,10.84,24.62,19.58,1.02,91.72,0.97,1.68,Meghalaya_Shillong
2009-09-06,8.53,25.11,19.44,1.34,90.27,0.98,2.01,Meghalaya_Shillong
2009-09-07,2.54,26.21,19.06,1.8,89.37,0.97,3.34,Meghalaya_Shillong
2009-09-08,1.17,25.9,19.59,2.04,89.48,0.97,3.21,Meghalaya_Shillong
2009-09-09,32.66,23.08,18.85,1.42,93.07,0.97,1.17,Meghalaya_Shillong
2009-09-10,9.91,24.09,17.58,1.25,90.45,0.98,2.37,Meghalaya_Shillong
2009-09-11,0.38,25.59,17.45,0.81,85.78,0.97,4.21,Meghalaya_Shillong
2009-09-12,0.0,27.29,17.72,0.81,87.24,0.97,4.97,Meghalaya_Shillong
2009-09-13,0.0,27.44,18.38,0.79,86.23,0.96,5.08,Meghalaya_Shillong
2009-09-14,0.2,25.9,19.47,1.05,89.61,0.96,3.03,Meghalaya_Shillong
2009-09-15,1.2,23.43,20.11,1.09,92.48,0.95,1.55,Meghalaya_Shillong
2009-09-16,5.88,25.33,18.92,1.06,89.6,0.95,3.1,Meghalaya_Shillong
2009-09-17,4.81,25.47,19.64,0.79,89.22,0.95,2.33,Meghalaya_Shillong
2009-09-18,2.71,23.39,18.6,1.31,92.5,0.95,1.6,Meghalaya_Shillong
2009-09-19,5.03,22.63,19.14,2.48,93.4,0.95,1.84,Meghalaya_Shillong
2009-09-20,4.16,24.08,18.13,1.61,93.62,0.95,1.81,Meghalaya_Shillong
2009-09-21,64.62,24.12,17.32,1.36,91.53,0.96,2.31,Meghalaya_Shillong
2009-09-22,13.03,22.84,19.26,1.28,93.55,0.98,1.26,Meghalaya_Shillong
2009-09-23,18.35,21.9,18.07,0.91,93.01,0.98,1.12,Meghalaya_Shillong
2009-09-24,9.63,23.58,17.63,0.82,91.82,0.98,1.65,Meghalaya_Shillong
2009-09-25,0.53,25.74,17.16,0.76,88.86,0.98,3.42,Meghalaya_Shillong
2009-09-26,0.0,25.14,18.47,1.32,91.03,0.97,2.59,Meghalaya_Shillong
2009-09-27,0.0,26.55,19.0,1.45,86.57,0.97,3.81,Meghalaya_Shillong
2009-09-28,0.08,25.89,18.39,1.26,86.36,0.96,3.85,Meghalaya_Shillong
2009-09-29,0.47,25.74,17.65,0.98,87.0,0.96,3.38,Meghalaya_Shillong
2009-09-30,0.01,26.62,16.94,1.34,79.81,0.95,5.14,Meghalaya_Shillong
2009-10-01,0.0,26.74,17.07,1.32,79.24,0.95,5.12,Meghalaya_Shillong
2009-10-02,0.75,26.22,17.03,1.27,82.83,0.94,4.06,Meghalaya_Shillong
2009-10-03,7.24,24.05,18.43,1.43,91.33,0.94,1.42,Meghalaya_Shillong
2009-10-04,10.48,24.63,18.67,1.74,91.6,0.95,2.26,Meghalaya_Shillong
2009-10-05,5.72,23.66,18.49,1.2,94.11,0.95,1.28,Meghalaya_Shillong
2009-10-06,18.54,24.3,18.67,1.01,93.15,0.95,1.87,Meghalaya_Shillong
2009-10-07,46.43,22.41,18.3,1.58,95.82,0.98,0.64,Meghalaya_Shillong
2009-10-08,67.59,21.66,17.54,1.94,96.92,0.99,0.35,Meghalaya_Shillong
2009-10-09,23.38,22.98,18.05,2.49,94.9,1.0,1.27,Meghalaya_Shillong
2009-10-10,0.91,25.43,14.72,0.85,82.68,0.99,4.9,Meghalaya_Shillong
2009-10-11,0.13,24.07,15.6,0.74,88.05,0.98,4.23,Meghalaya_Shillong
2009-10-12,0.0,24.31,15.75,0.7,86.58,0.98,4.97,Meghalaya_Shillong
2009-10-13,0.0,24.75,15.13,0.73,85.47,0.97,5.29,Meghalaya_Shillong
2009-10-14,0.0,25.51,14.4,0.78,84.14,0.97,5.57,Meghalaya_Shillong
2009-10-15,0.68,21.36,15.17,0.85,92.11,0.97,1.62,Meghalaya_Shillong
2009-10-16,1.17,23.38,17.36,0.64,91.52,0.97,2.37,Meghalaya_Shillong
2009-10-17,10.89,24.52,16.3,0.68,89.87,0.97,3.91,Meghalaya_Shillong
2009-10-18,1.84,24.61,15.82,0.87,85.75,0.97,4.78,Meghalaya_Shillong
2009-10-19,0.08,23.21,13.93,1.0,85.8,0.96,4.59,Meghalaya_Shillong
2009-10-20,0.0,23.26,11.67,0.83,75.48,0.96,5.78,Meghalaya_Shillong
2009-10-21,0.0,23.01,10.87,1.02,83.53,0.95,4.85,Meghalaya_Shillong
2009-10-22,0.0,23.69,11.42,0.94,76.63,0.95,5.53,Meghalaya_Shillong
2009-10-23,0.0,23.12,12.87,0.86,83.07,0.94,5.18,Meghalaya_Shillong
2009-10-24,0.05,22.88,12.12,0.62,76.84,0.94,6.02,Meghalaya_Shillong
2009-10-25,0.09,23.11,11.37,0.77,82.4,0.93,5.36,Meghalaya_Shillong
2009-10-26,0.0,23.57,11.45,0.77,78.35,0.93,5.93,Meghalaya_Shillong
2009-10-27,0.0,23.35,11.07,0.87,77.34,0.92,5.81,Meghalaya_Shillong
2009-10-28,0.0,23.24,10.38,0.83,78.2,0.92,5.59,Meghalaya_Shillong
2009-10-29,0.0,24.06,10.33,0.87,76.6,0.91,5.89,Meghalaya_Shillong
2009-10-30,0.0,23.66,12.66,0.74,74.07,0.91,4.88,Meghalaya_Shillong
2009-10-31,0.0,24.38,12.18,0.59,74.75,0.91,5.96,Meghalaya_Shillong
2009-11-01,0.0,22.27,10.89,0.86,82.37,0.9,3.51,Meghalaya_Shillong
2009-11-02,0.0,21.87,12.91,1.06,85.19,0.9,2.56,Meghalaya_Shillong
2009-11-03,0.0,22.73,13.49,1.03,84.84,0.9,4.41,Meghalaya_Shillong
2009-11-04,0.0,21.37,11.74,1.06,85.68,0.89,2.95,Meghalaya_Shillong
2009-11-05,0.0,23.83,13.52,0.87,78.17,0.89,4.82,Meghalaya_Shillong
2009-11-06,0.0,24.15,13.92,0.61,74.83,0.89,6.04,Meghalaya_Shillong
2009-11-07,0.0,23.34,13.04,0.74,78.01,0.88,5.9,Meghalaya_Shillong
2009-11-08,0.0,23.55,12.3,0.85,71.86,0.88,6.21,Meghalaya_Shillong
2009-11-09,0.0,22.47,11.21,0.98,65.92,0.88,5.82,Meghalaya_Shillong
2009-11-10,0.0,20.72,9.45,1.23,83.08,0.87,4.49,Meghalaya_Shillong
2009-11-11,0.0,22.1,9.93,1.05,75.19,0.87,4.7,Meghalaya_Shillong
2009-11-12,0.0,22.5,11.41,1.0,77.64,0.87,4.8,Meghalaya_Shillong
2009-11-13,0.0,23.55,12.05,1.09,74.03,0.86,5.34,Meghalaya_Shillong
2009-11-14,0.56,21.72,11.34,1.31,88.31,0.86,3.44,Meghalaya_Shillong
2009-11-15,2.43,20.62,14.17,1.69,94.03,0.86,2.25,Meghalaya_Shillong
2009-11-16,2.77,20.34,11.53,1.56,92.75,0.86,2.44,Meghalaya_Shillong
2009-11-17,0.72,19.99,11.78,1.12,85.67,0.86,2.64,Meghalaya_Shillong
2009-11-18,0.08,21.08,12.42,0.92,81.25,0.86,4.57,Meghalaya_Shillong
2009-11-19,0.0,20.66,9.26,1.06,84.65,0.85,4.53,Meghalaya_Shillong
2009-11-20,0.0,19.89,6.82,0.72,80.19,0.85,4.76,Meghalaya_Shillong
2009-11-21,0.0,19.09,8.2,0.76,85.25,0.85,4.02,Meghalaya_Shillong
2009-11-22,0.0,19.23,8.17,0.75,83.95,0.85,4.05,Meghalaya_Shillong
2009-11-23,0.0,19.41,8.18,0.65,83.81,0.84,4.21,Meghalaya_Shillong
2009-11-24,0.0,18.9,10.15,0.53,86.4,0.84,3.73,Meghalaya_Shillong
2009-11-25,0.0,19.06,8.58,0.63,87.83,0.84,3.38,Meghalaya_Shillong
2009-11-26,0.0,18.75,10.33,0.76,87.74,0.84,3.18,Meghalaya_Shillong
2009-11-27,0.0,19.17,8.46,0.63,84.44,0.84,3.94,Meghalaya_Shillong
2009-11-28,0.0,19.79,7.1,0.72,83.32,0.83,4.19,Meghalaya_Shillong
2009-11-29,0.0,19.04,9.24,0.75,86.63,0.83,3.41,Meghalaya_Shillong
2009-11-30,0.0,19.83,9.1,0.58,82.63,0.83,4.21,Meghalaya_Shillong
2009-12-01,0.0,19.44,9.98,0.79,85.57,0.83,3.68,Meghalaya_Shillong
2009-12-02,0.0,19.46,10.82,0.63,87.05,0.83,3.7,Meghalaya_Shillong
2009-12-03,0.0,19.86,10.39,0.7,86.23,0.83,3.84,Meghalaya_Shillong
2009-12-04,0.0,18.32,11.12,0.78,88.68,0.82,2.53,Meghalaya_Shillong
2009-12-05,0.0,18.89,11.53,0.67,88.9,0.82,3.16,Meghalaya_Shillong
2009-12-06,0.2,16.17,11.2,0.77,88.7,0.82,1.74,Meghalaya_Shillong
2009-12-07,0.01,17.28,8.65,0.92,84.68,0.82,2.51,Meghalaya_Shillong
2009-12-08,0.0,17.71,6.43,0.79,80.9,0.82,3.07,Meghalaya_Shillong
2009-12-09,0.0,18.22,5.95,0.72,82.0,0.82,3.2,Meghalaya_Shillong
2009-12-10,0.0,18.01,5.75,0.63,81.95,0.82,3.2,Meghalaya_Shillong
2009-12-11,0.0,16.77,6.71,0.73,84.09,0.82,2.47,Meghalaya_Shillong
2009-12-12,0.0,18.99,6.52,0.7,81.89,0.82,3.8,Meghalaya_Shillong
2009-12-13,0.0,20.05,6.99,0.96,81.32,0.81,4.14,Meghalaya_Shillong
2009-12-14,0.0,18.32,7.54,1.0,86.04,0.81,2.95,Meghalaya_Shillong
2009-12-15,0.0,18.73,7.17,0.82,86.42,0.81,3.21,Meghalaya_Shillong
2009-12-16,0.0,18.67,8.92,1.01,87.01,0.81,2.98,Meghalaya_Shillong
2009-12-17,0.0,18.65,7.48,1.09,85.78,0.81,2.98,Meghalaya_Shillong
2009-12-18,0.0,19.64,7.2,1.2,85.0,0.8,3.16,Meghalaya_Shillong
2009-12-19,27.8,17.71,8.62,1.23,89.73,0.82,1.61,Meghalaya_Shillong
2009-12-20,4.03,17.64,6.12,0.97,86.58,0.83,2.52,Meghalaya_Shillong
2009-12-21,0.0,18.2,7.38,0.79,84.23,0.82,3.24,Meghalaya_Shillong
2009-12-22,0.0,17.31,7.35,0.74,85.16,0.82,2.95,Meghalaya_Shillong
2009-12-23,0.0,17.67,5.59,0.65,82.73,0.82,3.52,Meghalaya_Shillong
2009-12-24,0.13,16.42,5.73,0.85,84.92,0.81,2.58,Meghalaya_Shillong
2009-12-25,3.41,15.96,4.98,0.76,81.24,0.82,2.34,Meghalaya_Shillong
2009-12-26,0.06,15.54,4.92,0.75,85.89,0.81,2.08,Meghalaya_Shillong
2009-12-27,0.0,16.45,5.5,0.73,82.82,0.81,2.76,Meghalaya_Shillong
2009-12-28,0.0,15.6,6.24,1.03,83.97,0.81,2.41,Meghalaya_Shillong
2009-12-29,0.0,16.11,4.75,0.73,83.32,0.81,2.6,Meghalaya_Shillong
2009-12-30,0.0,16.4,5.98,0.79,85.62,0.81,2.32,Meghalaya_Shillong
2009-12-31,0.28,15.36,5.93,1.04,86.52,0.81,1.7,Meghalaya_Shillong
2010-01-01,0.0,16.04,5.14,1.29,84.51,0.8,2.41,Meghalaya_Shillong
2010-01-02,0.0,18.88,3.52,0.96,72.68,0.8,3.35,Meghalaya_Shillong
2010-01-03,0.0,20.87,6.19,0.98,58.59,0.8,3.78,Meghalaya_Shillong
2010-01-04,0.0,17.36,6.03,1.11,76.95,0.8,2.83,Meghalaya_Shillong
2010-01-05,0.0,18.2,5.32,0.76,72.1,0.8,3.15,Meghalaya_Shillong
2010-01-06,0.0,17.86,5.17,0.89,76.09,0.79,3.09,Meghalaya_Shillong
2010-01-07,0.0,18.95,3.64,1.12,75.6,0.79,3.17,Meghalaya_Shillong
2010-01-08,0.0,18.89,7.9,0.87,70.99,0.79,3.29,Meghalaya_Shillong
2010-01-09,0.0,17.83,6.32,1.04,78.32,0.79,2.94,Meghalaya_Shillong
2010-01-10,0.0,18.11,6.8,0.9,77.86,0.79,3.1,Meghalaya_Shillong
2010-01-11,0.0,17.35,5.23,1.02,74.49,0.79,3.05,Meghalaya_Shillong
2010-01-12,0.0,17.22,3.77,1.07,79.3,0.79,2.68,Meghalaya_Shillong
2010-01-13,0.0,18.75,3.86,1.07,73.45,0.79,3.31,Meghalaya_Shillong
2010-01-14,0.0,18.97,6.63,1.29,74.23,0.78,2.95,Meghalaya_Shillong
2010-01-15,0.0,19.57,5.69,0.93,76.79,0.78,3.46,Meghalaya_Shillong
2010-01-16,0.0,19.0,4.57,0.9,80.34,0.78,3.14,Meghalaya_Shillong
2010-01-17,0.0,20.26,5.92,0.92,70.95,0.78,3.55,Meghalaya_Shillong
2010-01-18,0.0,19.36,6.75,0.86,68.08,0.78,3.04,Meghalaya_Shillong
2010-01-19,0.0,17.71,7.25,0.87,75.76,0.78,2.09,Meghalaya_Shillong
2010-01-20,0.0,18.63,5.07,1.08,81.14,0.78,3.13,Meghalaya_Shillong
2010-01-21,0.0,19.9,4.26,0.84,71.45,0.77,3.62,Meghalaya_Shillong
2010-01-22,0.0,19.19,7.17,1.01,71.22,0.77,3.48,Meghalaya_Shillong
2010-01-23,0.0,19.1,7.12,1.06,70.43,0.77,3.44,Meghalaya_Shillong
2010-01-24,0.0,19.47,6.47,0.73,66.44,0.77,3.54,Meghalaya_Shillong
2010-01-25,0.0,19.5,5.38,0.91,62.24,0.77,3.28,Meghalaya_Shillong
2010-01-26,0.18,18.15,7.25,1.18,65.3,0.77,3.23,Meghalaya_Shillong
2010-01-27,0.0,18.63,6.45,1.0,66.26,0.77,3.35,Meghalaya_Shillong
2010-01-28,0.0,18.44,6.58,0.91,66.61,0.76,3.36,Meghalaya_Shillong
2010-01-29,0.0,18.11,6.35,1.06,71.89,0.76,3.23,Meghalaya_Shillong
2010-01-30,0.0,17.41,7.15,1.05,72.2,0.76,2.89,Meghalaya_Shillong
2010-01-31,0.0,18.31,6.27,0.78,68.21,0.76,3.23,Meghalaya_Shillong
2010-02-01,0.0,17.3,5.71,1.13,71.38,0.76,2.89,Meghalaya_Shillong
2010-02-02,0.0,18.35,5.22,1.01,67.47,0.76,3.27,Meghalaya_Shillong
2010-02-03,0.0,17.53,5.54,1.36,54.4,0.76,3.2,Meghalaya_Shillong
2010-02-04,0.0,18.2,3.74,1.29,57.8,0.76,3.38,Meghalaya_Shillong
2010-02-05,0.0,17.29,4.76,1.35,51.65,0.75,3.23,Meghalaya_Shillong
2010-02-06,0.0,18.29,4.46,0.93,52.42,0.75,3.2,Meghalaya_Shillong
2010-02-07,0.0,19.36,2.16,1.07,70.1,0.75,3.57,Meghalaya_Shillong
2010-02-08,0.0,19.86,8.78,0.87,59.58,0.75,3.69,Meghalaya_Shillong
2010-02-09,0.0,19.41,7.84,1.31,69.73,0.75,2.67,Meghalaya_Shillong
2010-02-10,0.0,20.67,8.15,1.57,71.64,0.75,3.42,Meghalaya_Shillong
2010-02-11,0.0,20.79,7.61,1.44,72.72,0.74,3.73,Meghalaya_Shillong
2010-02-12,0.0,20.36,7.31,1.28,57.38,0.74,4.14,Meghalaya_Shillong
2010-02-13,0.0,20.42,5.83,1.76,70.84,0.74,3.52,Meghalaya_Shillong
2010-02-14,0.0,19.19,6.16,1.72,76.83,0.74,3.47,Meghalaya_Shillong
2010-02-15,0.0,18.96,6.5,1.56,63.01,0.74,3.47,Meghalaya_Shillong
2010-02-16,0.0,20.04,8.17,1.62,68.38,0.74,3.21,Meghalaya_Shillong
2010-02-17,0.02,19.21,8.75,2.0,83.45,0.73,2.51,Meghalaya_Shillong
2010-02-18,0.0,18.52,7.78,1.87,66.24,0.73,3.82,Meghalaya_Shillong
2010-02-19,0.0,19.15,7.25,1.28,52.26,0.73,3.82,Meghalaya_Shillong
2010-02-20,0.0,19.33,4.41,1.65,53.45,0.73,3.87,Meghalaya_Shillong
2010-02-21,0.0,19.68,6.87,1.04,57.23,0.73,3.76,Meghalaya_Shillong
2010-02-22,0.0,19.79,8.32,0.86,67.09,0.72,3.03,Meghalaya_Shillong
2010-02-23,0.0,19.9,9.24,1.08,70.4,0.72,3.01,Meghalaya_Shillong
2010-02-24,0.15,20.3,6.59,1.82,68.39,0.72,3.89,Meghalaya_Shillong
2010-02-25,0.88,20.3,10.11,1.5,71.07,0.72,3.43,Meghalaya_Shillong
2010-02-26,0.0,21.12,9.12,1.32,67.72,0.72,4.28,Meghalaya_Shillong
2010-02-27,0.0,20.48,9.88,1.11,63.04,0.72,4.27,Meghalaya_Shillong
2010-02-28,0.07,20.95,10.0,0.98,66.48,0.71,3.66,Meghalaya_Shillong
2010-03-01,0.58,20.13,10.47,1.15,77.12,0.71,2.81,Meghalaya_Shillong
2010-03-02,0.2,21.34,10.35,2.04,72.63,0.71,3.88,Meghalaya_Shillong
2010-03-03,0.09,22.03,8.62,2.0,62.4,0.71,4.66,Meghalaya_Shillong
2010-03-04,0.0,21.64,10.24,1.99,63.78,0.71,4.27,Meghalaya_Shillong
2010-03-05,0.16,21.6,9.44,2.55,71.98,0.71,3.6,Meghalaya_Shillong
2010-03-06,0.02,22.03,11.0,2.24,74.91,0.7,4.27,Meghalaya_Shillong
2010-03-07,0.07,22.26,9.84,2.1,65.76,0.7,4.4,Meghalaya_Shillong
2010-03-08,0.04,22.94,9.17,1.81,57.73,0.7,4.52,Meghalaya_Shillong
2010-03-09,0.0,22.88,12.02,1.36,46.01,0.69,5.15,Meghalaya_Shillong
2010-03-10,0.0,23.64,10.62,1.08,42.34,0.69,5.46,Meghalaya_Shillong
2010-03-11,0.0,22.94,11.21,1.05,46.18,0.69,4.92,Meghalaya_Shillong
2010-03-12,0.0,22.73,11.07,1.37,48.52,0.69,5.01,Meghalaya_Shillong
2010-03-13,0.0,22.12,10.5,1.7,45.93,0.68,4.71,Meghalaya_Shillong
2010-03-14,0.0,22.79,8.66,1.75,43.74,0.68,4.73,Meghalaya_Shillong
2010-03-15,5.31,22.84,10.47,1.42,53.1,0.69,3.94,Meghalaya_Shillong
2010-03-16,0.0,24.33,8.66,1.26,61.7,0.69,5.07,Meghalaya_Shillong
2010-03-17,0.0,25.93,9.7,1.14,62.49,0.68,5.57,Meghalaya_Shillong
2010-03-18,0.0,26.89,11.69,0.89,57.04,0.68,5.42,Meghalaya_Shillong
2010-03-19,0.0,26.47,14.31,0.88,54.56,0.67,5.2,Meghalaya_Shillong
2010-03-20,0.0,28.42,16.72,0.87,47.98,0.67,6.1,Meghalaya_Shillong
2010-03-21,0.0,27.35,13.51,1.3,50.84,0.67,5.5,Meghalaya_Shillong
2010-03-22,0.0,25.13,12.77,1.86,59.99,0.66,4.36,Meghalaya_Shillong
2010-03-23,1.09,24.48,12.9,2.09,80.64,0.66,3.25,Meghalaya_Shillong
2010-03-24,2.32,24.86,15.55,2.34,83.16,0.67,3.24,Meghalaya_Shillong
2010-03-25,0.62,24.23,15.28,1.86,81.75,0.67,3.36,Meghalaya_Shillong
2010-03-26,0.23,25.78,14.92,1.5,75.54,0.66,4.48,Meghalaya_Shillong
2010-03-27,5.68,22.42,14.85,2.27,87.47,0.67,2.01,Meghalaya_Shillong
2010-03-28,13.1,22.23,17.25,3.38,88.64,0.69,1.95,Meghalaya_Shillong
2010-03-29,13.13,22.38,16.25,2.74,87.53,0.71,2.88,Meghalaya_Shillong
2010-03-30,19.67,22.16,16.22,2.66,87.93,0.72,2.75,Meghalaya_Shillong
2010-03-31,36.06,22.99,17.38,3.53,90.19,0.76,2.43,Meghalaya_Shillong
2010-04-01,8.18,24.51,17.33,2.97,84.05,0.78,4.11,Meghalaya_Shillong
2010-04-02,6.8,23.59,17.06,3.0,86.73,0.76,3.74,Meghalaya_Shillong
2010-04-03,3.7,24.09,16.93,2.51,86.8,0.75,4.03,Meghalaya_Shillong
2010-04-04,6.75,24.09,16.48,2.02,87.74,0.75,3.84,Meghalaya_Shillong
2010-04-05,7.37,24.45,16.12,2.26,85.39,0.75,4.21,Meghalaya_Shillong
2010-04-06,5.57,25.06,14.41,1.89,81.2,0.74,4.88,Meghalaya_Shillong
2010-04-07,0.49,26.95,13.84,1.32,69.82,0.73,6.88,Meghalaya_Shillong
2010-04-08,0.0,27.08,16.29,1.14,57.83,0.72,7.78,Meghalaya_Shillong
2010-04-09,0.46,25.31,15.52,1.44,66.21,0.71,5.41,Meghalaya_Shillong
2010-04-10,9.0,24.8,15.02,1.8,81.88,0.72,4.1,Meghalaya_Shillong
2010-04-11,4.05,24.79,16.55,2.1,85.6,0.73,4.26,Meghalaya_Shillong
2010-04-12,4.75,24.67,14.44,1.49,86.1,0.72,4.51,Meghalaya_Shillong
2010-04-13,13.66,22.75,17.21,1.95,91.61,0.74,2.09,Meghalaya_Shillong
2010-04-14,4.69,23.95,17.68,2.05,90.56,0.75,2.71,Meghalaya_Shillong
2010-04-15,9.0,25.44,16.95,1.07,84.82,0.74,4.52,Meghalaya_Shillong
2010-04-16,0.38,26.37,15.75,1.14,76.44,0.74,6.57,Meghalaya_Shillong
2010-04-17,82.84,23.06,15.89,2.26,86.62,0.77,1.83,Meghalaya_Shillong
2010-04-18,32.6,23.21,17.52,2.24,91.83,0.82,1.67,Meghalaya_Shillong
2010-04-19,46.91,24.08,18.53,4.21,92.38,0.85,1.89,Meghalaya_Shillong
2010-04-20,38.53,25.01,18.99,4.3,90.56,0.88,2.47,Meghalaya_Shillong
2010-04-21,32.51,24.77,19.21,3.54,90.66,0.88,2.45,Meghalaya_Shillong
2010-04-22,11.96,24.97,19.03,3.6,89.09,0.87,3.53,Meghalaya_Shillong
2010-04-23,10.57,24.25,18.6,3.24,89.29,0.84,3.48,Meghalaya_Shillong
2010-04-24,23.32,23.21,18.36,3.2,89.65,0.84,2.64,Meghalaya_Shillong
2010-04-25,31.48,23.17,18.32,3.37,91.47,0.87,2.12,Meghalaya_Shillong
2010-04-26,40.1,23.17,16.51,2.13,89.94,0.89,2.03,Meghalaya_Shillong
2010-04-27,0.45,22.85,14.83,1.16,80.95,0.88,3.11,Meghalaya_Shillong
2010-04-28,10.39,25.36,13.36,1.14,72.31,0.86,5.68,Meghalaya_Shillong
2010-04-29,10.63,22.79,17.4,0.91,85.62,0.86,1.44,Meghalaya_Shillong
2010-04-30,1.85,24.87,16.09,0.93,79.5,0.86,3.99,Meghalaya_Shillong
2010-05-01,8.45,26.13,15.28,0.82,82.28,0.85,5.01,Meghalaya_Shillong
2010-05-02,60.44,23.74,17.77,1.01,89.59,0.89,1.49,Meghalaya_Shillong
2010-05-03,0.12,22.12,15.58,1.59,90.19,0.88,1.64,Meghalaya_Shillong
2010-05-04,0.99,23.63,15.03,1.47,82.53,0.87,2.83,Meghalaya_Shillong
2010-05-05,6.57,23.65,15.96,1.09,88.25,0.87,2.52,Meghalaya_Shillong
2010-05-06,18.26,20.8,17.12,1.02,93.45,0.87,0.57,Meghalaya_Shillong
2010-05-07,5.0,22.64,17.42,1.2,92.81,0.89,1.02,Meghalaya_Shillong
2010-05-08,6.77,23.34,17.09,1.73,89.34,0.89,2.31,Meghalaya_Shillong
2010-05-09,10.64,24.39,16.46,2.27,88.93,0.89,3.07,Meghalaya_Shillong
2010-05-10,7.83,25.39,19.17,2.26,87.74,0.89,3.83,Meghalaya_Shillong
2010-05-11,11.65,25.28,19.24,3.01,90.49,0.89,3.41,Meghalaya_Shillong
2010-05-12,14.1,24.83,19.35,3.08,90.57,0.9,2.97,Meghalaya_Shillong
2010-05-13,22.52,24.14,19.96,3.19,92.0,0.91,2.14,Meghalaya_Shillong
2010-05-14,9.49,23.85,18.84,2.64,90.82,0.91,2.72,Meghalaya_Shillong
2010-05-15,2.33,24.69,18.76,2.37,89.53,0.91,3.38,Meghalaya_Shillong
2010-05-16,4.17,25.45,17.68,1.6,89.02,0.9,3.19,Meghalaya_Shillong
2010-05-17,22.56,25.86,18.23,0.91,83.75,0.91,3.51,Meghalaya_Shillong
2010-05-18,2.61,26.51,18.17,1.2,81.2,0.91,4.69,Meghalaya_Shillong
2010-05-19,45.98,24.76,17.34,3.07,91.56,0.92,2.18,Meghalaya_Shillong
2010-05-20,60.93,23.61,19.82,4.59,95.37,0.96,0.79,Meghalaya_Shillong
2010-05-21,14.24,22.14,18.39,3.24,93.39,0.96,1.27,Meghalaya_Shillong
2010-05-22,1.78,24.73,18.12,2.07,89.98,0.95,3.26,Meghalaya_Shillong
2010-05-23,1.71,25.06,18.06,1.46,90.57,0.94,2.56,Meghalaya_Shillong
2010-05-24,19.28,23.06,17.84,1.37,92.07,0.95,1.21,Meghalaya_Shillong
2010-05-25,41.05,26.43,16.76,0.89,81.91,0.97,3.58,Meghalaya_Shillong
2010-05-26,20.28,25.64,17.42,0.99,85.23,0.97,2.93,Meghalaya_Shillong
2010-05-27,14.66,23.05,18.1,2.16,91.78,0.97,1.74,Meghalaya_Shillong
2010-05-28,6.53,24.42,17.17,1.31,88.15,0.97,2.2,Meghalaya_Shillong
2010-05-29,0.13,25.08,17.52,1.11,81.85,0.96,2.78,Meghalaya_Shillong
2010-05-30,11.0,23.0,18.63,1.71,96.18,0.96,0.63,Meghalaya_Shillong
2010-05-31,25.52,24.78,18.06,2.18,92.03,0.97,2.0,Meghalaya_Shillong
2010-06-01,67.23,24.15,19.62,3.35,92.85,0.98,1.71,Meghalaya_Shillong
2010-06-02,13.76,25.05,19.5,2.35,90.11,0.99,2.33,Meghalaya_Shillong
2010-06-03,94.69,23.51,17.93,1.72,91.73,0.99,1.34,Meghalaya_Shillong
2010-06-04,35.87,23.76,17.4,1.67,92.98,1.0,1.06,Meghalaya_Shillong
2010-06-05,12.54,23.7,18.09,4.03,94.26,0.99,1.12,Meghalaya_Shillong
2010-06-06,8.29,24.43,17.8,3.73,92.76,0.99,1.61,Meghalaya_Shillong
2010-06-07,39.32,24.38,19.85,3.01,92.6,0.99,1.47,Meghalaya_Shillong
2010-06-08,18.74,24.82,18.27,1.56,89.37,0.99,2.55,Meghalaya_Shillong
2010-06-09,18.54,25.35,17.19,1.37,90.41,0.99,1.97,Meghalaya_Shillong
2010-06-10,13.7,23.75,19.24,1.81,93.88,0.99,0.97,Meghalaya_Shillong
2010-06-11,17.76,23.82,19.01,1.52,93.09,0.99,1.34,Meghalaya_Shillong
2010-06-12,6.75,24.63,19.28,1.26,87.65,0.99,1.95,Meghalaya_Shillong
2010-06-13,16.29,23.1,18.93,1.96,93.78,0.99,0.95,Meghalaya_Shillong
2010-06-14,16.49,23.12,18.92,1.88,95.57,0.99,0.52,Meghalaya_Shillong
2010-06-15,25.75,26.08,19.56,1.28,91.1,0.99,1.94,Meghalaya_Shillong
2010-06-16,23.15,26.78,19.23,1.22,85.94,1.0,2.87,Meghalaya_Shillong
2010-06-17,4.0,25.34,20.41,1.83,91.6,0.99,1.77,Meghalaya_Shillong
2010-06-18,6.47,26.04,19.91,1.55,89.64,0.99,2.55,Meghalaya_Shillong
2010-06-19,9.78,26.61,20.5,2.01,90.5,0.99,2.54,Meghalaya_Shillong
2010-06-20,9.67,23.7,20.41,2.97,95.64,0.99,0.72,Meghalaya_Shillong
2010-06-21,8.05,25.12,20.56,2.21,91.91,0.99,1.79,Meghalaya_Shillong
2010-06-22,13.2,25.27,20.02,1.53,92.05,0.99,1.68,Meghalaya_Shillong
2010-06-23,2.2,25.17,19.76,1.51,89.88,0.98,2.2,Meghalaya_Shillong
2010-06-24,5.67,25.24,19.31,0.79,87.96,0.98,2.16,Meghalaya_Shillong
2010-06-25,8.26,24.72,20.01,1.71,92.57,0.98,1.37,Meghalaya_Shillong
2010-06-26,22.18,24.4,19.79,2.74,93.79,0.99,1.28,Meghalaya_Shillong
2010-06-27,49.09,23.62,20.05,3.02,95.85,0.99,0.57,Meghalaya_Shillong
2010-06-28,49.93,22.67,19.23,3.68,96.43,1.0,0.51,Meghalaya_Shillong
2010-06-29,33.42,24.24,20.19,2.33,96.51,1.0,0.38,Meghalaya_Shillong
2010-06-30,2.04,24.27,19.6,1.52,92.02,1.0,1.63,Meghalaya_Shillong
2010-07-01,16.55,25.11,19.04,0.96,90.06,0.99,1.93,Meghalaya_Shillong
2010-07-02,9.41,24.06,19.18,0.97,92.44,1.0,0.87,Meghalaya_Shillong
2010-07-03,32.68,26.49,18.78,1.04,85.96,1.0,2.65,Meghalaya_Shillong
2010-07-04,9.05,26.09,20.76,1.39,91.39,1.0,1.84,Meghalaya_Shillong
2010-07-05,5.99,23.84,20.03,1.13,93.93,0.99,0.62,Meghalaya_Shillong
2010-07-06,1.92,25.27,19.87,2.51,91.81,0.99,2.26,Meghalaya_Shillong
2010-07-07,10.28,25.01,19.69,3.2,92.16,0.99,1.98,Meghalaya_Shillong
2010-07-08,2.53,23.91,19.83,3.45,92.83,0.99,2.22,Meghalaya_Shillong
2010-07-09,3.39,25.05,20.23,2.85,93.17,0.98,1.6,Meghalaya_Shillong
2010-07-10,7.6,25.08,20.66,2.91,92.28,0.98,1.91,Meghalaya_Shillong
2010-07-11,9.84,25.15,20.31,2.67,93.26,0.98,1.68,Meghalaya_Shillong
2010-07-12,28.41,23.88,19.67,2.11,94.07,0.98,0.88,Meghalaya_Shillong
2010-07-13,19.0,26.05,19.15,1.57,90.92,1.0,2.25,Meghalaya_Shillong
2010-07-14,2.39,26.05,20.9,1.77,91.75,0.99,2.04,Meghalaya_Shillong
2010-07-15,2.72,26.02,20.58,1.4,90.78,0.98,2.38,Meghalaya_Shillong
2010-07-16,3.46,26.29,20.06,1.49,90.79,0.98,2.38,Meghalaya_Shillong
2010-07-17,2.68,24.34,20.5,1.96,93.8,0.98,1.3,Meghalaya_Shillong
2010-07-18,14.46,23.81,19.3,1.95,92.47,0.98,1.36,Meghalaya_Shillong
2010-07-19,17.75,24.6,18.89,1.2,93.51,0.99,0.92,Meghalaya_Shillong
2010-07-20,15.05,23.93,20.71,2.7,93.16,0.99,1.67,Meghalaya_Shillong
2010-07-21,31.26,24.71,19.66,2.49,93.07,0.99,1.56,Meghalaya_Shillong
2010-07-22,7.64,25.13,20.07,2.48,92.1,0.99,2.06,Meghalaya_Shillong
2010-07-23,13.19,24.94,20.69,2.43,93.65,0.99,1.38,Meghalaya_Shillong
2010-07-24,7.78,26.97,20.8,1.26,89.21,0.99,2.41,Meghalaya_Shillong
2010-07-25,8.46,26.74,19.72,1.93,89.16,0.99,3.04,Meghalaya_Shillong
2010-07-26,25.85,24.97,19.64,1.84,89.46,0.99,1.99,Meghalaya_Shillong
2010-07-27,10.66,26.36,19.29,1.38,88.82,0.99,2.68,Meghalaya_Shillong
2010-07-28,22.49,28.23,20.08,0.96,85.04,0.99,3.52,Meghalaya_Shillong
2010-07-29,21.92,25.69,19.82,1.52,91.8,0.99,1.93,Meghalaya_Shillong
2010-07-30,22.63,23.52,18.51,1.98,94.08,1.0,0.87,Meghalaya_Shillong
2010-07-31,11.85,24.31,19.27,1.53,91.3,0.99,1.89,Meghalaya_Shillong
2010-08-01,11.85,24.66,18.66,1.64,93.11,0.99,1.37,Meghalaya_Shillong
2010-08-02,8.39,26.38,19.59,0.85,87.76,0.99,2.95,Meghalaya_Shillong
2010-08-03,8.51,25.37,19.82,0.64,89.32,0.99,1.87,Meghalaya_Shillong
2010-08-04,3.48,24.33,19.4,1.07,93.18,0.99,1.06,Meghalaya_Shillong
2010-08-05,3.26,27.21,19.06,1.62,88.66,0.98,3.06,Meghalaya_Shillong
2010-08-06,22.84,26.03,19.96,0.74,89.45,0.99,2.0,Meghalaya_Shillong
2010-08-07,1.01,26.86,20.28,0.94,90.74,0.99,2.25,Meghalaya_Shillong
2010-08-08,0.47,26.56,19.31,0.91,88.59,0.98,3.02,Meghalaya_Shillong
2010-08-09,4.84,27.51,20.26,0.89,87.27,0.98,3.51,Meghalaya_Shillong
2010-08-10,6.41,26.88,19.96,0.8,89.25,0.98,2.07,Meghalaya_Shillong
2010-08-11,13.45,27.11,19.65,0.77,89.06,0.98,2.5,Meghalaya_Shillong
2010-08-12,8.64,25.88,20.95,1.74,92.53,0.98,1.91,Meghalaya_Shillong
2010-08-13,6.38,23.69,19.95,1.83,94.74,0.98,0.97,Meghalaya_Shillong
2010-08-14,19.69,25.34,20.31,1.75,92.22,0.98,1.86,Meghalaya_Shillong
2010-08-15,8.5,24.92,20.18,1.65,93.75,0.98,1.37,Meghalaya_Shillong
2010-08-16,8.62,25.99,19.88,2.52,92.45,0.98,2.26,Meghalaya_Shillong
2010-08-17,27.79,25.18,20.57,2.96,93.11,0.98,1.78,Meghalaya_Shillong
2010-08-18,18.68,24.61,20.45,2.31,94.29,0.99,1.27,Meghalaya_Shillong
2010-08-19,53.39,24.69,20.73,1.64,94.04,0.99,1.04,Meghalaya_Shillong
2010-08-20,23.32,23.68,20.65,2.09,95.66,1.0,0.71,Meghalaya_Shillong
2010-08-21,7.78,24.56,21.0,2.67,94.26,0.99,1.25,Meghalaya_Shillong
2010-08-22,18.48,22.19,19.56,2.31,95.28,1.0,0.74,Meghalaya_Shillong
2010-08-23,3.0,26.82,19.41,0.79,89.72,0.99,2.63,Meghalaya_Shillong
2010-08-24,8.04,27.58,20.31,0.66,86.84,0.99,2.9,Meghalaya_Shillong
2010-08-25,3.44,25.12,20.12,0.89,91.84,0.99,1.44,Meghalaya_Shillong
2010-08-26,3.95,26.73,19.56,1.63,90.69,0.99,2.64,Meghalaya_Shillong
2010-08-27,10.92,24.18,20.33,2.33,94.1,0.99,1.43,Meghalaya_Shillong
2010-08-28,17.41,23.68,20.26,1.88,95.66,0.99,0.83,Meghalaya_Shillong
2010-08-29,12.47,27.18,19.88,0.81,88.37,0.99,2.91,Meghalaya_Shillong
2010-08-30,5.91,26.09,19.76,0.97,90.55,0.99,1.88,Meghalaya_Shillong
2010-08-31,1.03,24.78,19.85,1.52,91.81,0.99,1.9,Meghalaya_Shillong
2010-09-01,59.79,25.99,19.26,0.89,90.49,0.99,1.95,Meghalaya_Shillong
2010-09-02,24.82,27.74,19.47,0.56,86.62,1.0,3.84,Meghalaya_Shillong
2010-09-03,37.91,23.11,19.61,0.89,96.36,0.99,0.44,Meghalaya_Shillong
2010-09-04,12.66,24.72,18.28,1.72,92.43,1.0,2.05,Meghalaya_Shillong
2010-09-05,0.72,25.66,19.51,1.65,91.13,0.99,2.65,Meghalaya_Shillong
2010-09-06,37.4,26.59,19.06,0.87,90.44,0.99,2.8,Meghalaya_Shillong
2010-09-07,20.62,26.21,20.04,1.4,91.14,1.0,2.46,Meghalaya_Shillong
2010-09-08,2.01,25.69,18.06,1.3,91.42,0.99,2.41,Meghalaya_Shillong
2010-09-09,14.63,24.69,19.4,1.71,92.78,0.99,1.94,Meghalaya_Shillong
2010-09-10,14.04,23.55,19.84,1.94,94.53,0.99,1.15,Meghalaya_Shillong
2010-09-11,10.69,23.81,19.06,1.32,91.92,0.99,1.44,Meghalaya_Shillong
2010-09-12,9.54,26.63,17.81,0.75,88.55,0.99,3.8,Meghalaya_Shillong
2010-09-13,16.41,23.09,19.85,0.88,96.03,0.99,0.43,Meghalaya_Shillong
2010-09-14,8.39,22.57,19.65,1.14,95.79,0.99,0.61,Meghalaya_Shillong
2010-09-15,12.39,21.76,19.05,1.3,96.7,0.99,0.39,Meghalaya_Shillong
2010-09-16,8.12,24.53,18.32,0.5,91.02,1.0,1.66,Meghalaya_Shillong
2010-09-17,14.39,25.43,18.6,0.89,91.37,0.99,2.22,Meghalaya_Shillong
2010-09-18,12.54,22.6,19.59,1.04,94.1,1.0,0.57,Meghalaya_Shillong
2010-09-19,11.9,24.64,19.26,1.15,93.89,1.0,1.06,Meghalaya_Shillong
2010-09-20,11.29,23.28,17.82,1.11,92.89,1.0,1.42,Meghalaya_Shillong
2010-09-21,6.9,21.88,18.27,1.06,94.65,1.0,0.75,Meghalaya_Shillong
2010-09-22,0.2,26.71,18.02,0.72,87.15,0.99,4.13,Meghalaya_Shillong
2010-09-23,4.27,25.71,17.96,0.88,88.96,0.99,3.17,Meghalaya_Shillong
2010-09-24,39.49,22.58,18.31,1.36,94.67,0.99,0.66,Meghalaya_Shillong
2010-09-25,14.03,22.46,19.15,1.96,94.76,1.0,0.95,Meghalaya_Shillong
2010-09-26,1.86,22.17,19.03,2.26,95.66,0.99,0.86,Meghalaya_Shillong
2010-09-27,14.19,24.07,19.14,2.12,93.33,0.99,1.91,Meghalaya_Shillong
2010-09-28,4.16,24.73,17.72,1.07,89.56,0.99,3.32,Meghalaya_Shillong
2010-09-29,0.05,25.88,17.65,0.94,88.14,0.99,4.15,Meghalaya_Shillong
2010-09-30,0.1,26.17,17.26,0.79,86.92,0.98,5.0,Meghalaya_Shillong
2010-10-01,0.2,25.75,18.6,0.93,89.18,0.98,3.46,Meghalaya_Shillong
2010-10-02,0.05,26.48,18.04,0.69,86.19,0.97,5.02,Meghalaya_Shillong
2010-10-03,0.0,27.1,17.95,0.74,84.78,0.97,5.19,Meghalaya_Shillong
2010-10-04,0.0,25.02,16.98,0.96,89.9,0.97,3.04,Meghalaya_Shillong
2010-10-05,2.78,23.83,18.2,1.0,91.19,0.96,2.31,Meghalaya_Shillong
2010-10-06,2.69,20.7,17.02,0.7,89.62,0.96,1.21,Meghalaya_Shillong
2010-10-07,20.91,20.25,16.46,1.3,94.53,0.97,0.71,Meghalaya_Shillong
2010-10-08,90.43,19.55,16.44,2.45,94.76,0.99,0.58,Meghalaya_Shillong
2010-10-09,20.83,24.78,16.05,1.2,90.09,1.0,3.59,Meghalaya_Shillong
2010-10-10,0.28,23.67,14.26,0.91,85.89,0.99,4.24,Meghalaya_Shillong
2010-10-11,0.07,24.03,12.74,0.86,83.82,0.98,4.82,Meghalaya_Shillong
2010-10-12,0.0,23.42,13.77,1.13,87.15,0.98,3.82,Meghalaya_Shillong
2010-10-13,0.0,24.67,15.31,1.46,89.61,0.98,3.92,Meghalaya_Shillong
2010-10-14,1.18,23.53,16.26,1.45,91.1,0.97,2.63,Meghalaya_Shillong
2010-10-15,1.86,23.83,18.38,1.59,92.59,0.97,1.87,Meghalaya_Shillong
2010-10-16,24.7,22.06,17.99,1.16,95.14,0.98,0.78,Meghalaya_Shillong
2010-10-17,8.69,24.16,17.15,0.58,90.49,0.98,2.61,Meghalaya_Shillong
2010-10-18,1.64,24.74,17.52,0.99,89.5,0.98,3.04,Meghalaya_Shillong
2010-10-19,0.0,25.93,16.87,1.12,87.61,0.97,4.78,Meghalaya_Shillong
2010-10-20,0.0,25.03,17.14,1.27,88.3,0.97,4.63,Meghalaya_Shillong
2010-10-21,5.49,24.34,15.74,1.01,88.87,0.96,3.84,Meghalaya_Shillong
2010-10-22,0.58,21.94,16.58,0.99,93.2,0.96,1.58,Meghalaya_Shillong
2010-10-23,0.11,23.69,17.17,1.01,91.99,0.96,2.42,Meghalaya_Shillong
2010-10-24,3.03,23.96,15.75,0.84,88.27,0.96,4.36,Meghalaya_Shillong
2010-10-25,0.79,24.53,15.32,0.58,83.07,0.95,5.43,Meghalaya_Shillong
2010-10-26,0.0,23.64,14.99,0.75,87.68,0.95,4.37,Meghalaya_Shillong
2010-10-27,0.0,22.96,14.32,0.87,89.92,0.95,3.83,Meghalaya_Shillong
2010-10-28,0.0,23.03,12.69,0.85,85.59,0.94,4.98,Meghalaya_Shillong
2010-10-29,0.0,22.45,12.48,1.15,86.45,0.94,4.64,Meghalaya_Shillong
2010-10-30,0.0,22.9,11.22,1.36,87.56,0.93,4.52,Meghalaya_Shillong
2010-10-31,0.0,23.48,11.67,0.72,81.88,0.93,5.2,Meghalaya_Shillong
2010-11-01,0.57,21.35,14.66,0.76,83.73,0.92,3.18,Meghalaya_Shillong
2010-11-02,0.28,21.52,13.2,0.72,88.07,0.92,3.6,Meghalaya_Shillong
2010-11-03,0.0,23.53,13.17,0.68,84.94,0.92,5.47,Meghalaya_Shillong
2010-11-04,0.0,22.91,12.94,1.08,86.27,0.91,4.78,Meghalaya_Shillong
2010-11-05,0.0,23.09,13.2,1.26,87.44,0.91,4.64,Meghalaya_Shillong
2010-11-06,0.0,23.82,13.18,0.71,75.48,0.9,5.8,Meghalaya_Shillong
2010-11-07,0.0,23.47,13.82,0.7,77.3,0.9,5.72,Meghalaya_Shillong
2010-11-08,0.0,23.23,13.55,0.67,83.05,0.9,5.85,Meghalaya_Shillong
2010-11-09,0.0,22.24,11.53,1.13,86.81,0.89,4.66,Meghalaya_Shillong
2010-11-10,0.0,22.15,12.05,0.9,83.84,0.89,4.74,Meghalaya_Shillong
2010-11-11,0.0,22.01,12.18,0.74,84.64,0.89,4.9,Meghalaya_Shillong
2010-11-12,0.0,21.1,12.64,0.79,86.31,0.88,4.4,Meghalaya_Shillong
2010-11-13,0.0,20.37,11.86,0.84,87.48,0.88,3.62,Meghalaya_Shillong
2010-11-14,0.0,21.24,11.63,0.81,87.56,0.88,4.14,Meghalaya_Shillong
2010-11-15,0.0,22.03,12.45,0.64,86.54,0.87,4.69,Meghalaya_Shillong
2010-11-16,0.0,21.26,13.03,0.73,86.42,0.87,4.53,Meghalaya_Shillong
2010-11-17,0.0,21.56,12.74,0.7,86.6,0.87,4.54,Meghalaya_Shillong
2010-11-18,0.06,21.8,12.52,0.51,83.61,0.87,4.15,Meghalaya_Shillong
2010-11-19,2.21,20.74,13.31,1.18,90.54,0.87,2.79,Meghalaya_Shillong
2010-11-20,4.32,19.2,10.48,1.62,92.16,0.87,2.28,Meghalaya_Shillong
2010-11-21,0.64,18.67,9.06,1.14,88.21,0.87,2.78,Meghalaya_Shillong
2010-11-22,0.0,20.35,9.17,0.71,85.48,0.86,4.21,Meghalaya_Shillong
2010-11-23,0.0,20.12,9.69,0.8,87.05,0.86,3.97,Meghalaya_Shillong
2010-11-24,0.0,21.01,10.28,0.71,87.39,0.86,4.23,Meghalaya_Shillong
2010-11-25,0.0,22.17,11.27,0.46,85.35,0.85,4.75,Meghalaya_Shillong
2010-11-26,0.0,20.57,12.79,0.8,90.71,0.85,3.05,Meghalaya_Shillong
2010-11-27,0.0,20.14,13.5,0.82,89.99,0.85,3.29,Meghalaya_Shillong
2010-11-28,0.0,20.44,13.35,0.7,89.47,0.85,3.04,Meghalaya_Shillong
2010-11-29,0.0,20.4,11.57,0.84,88.35,0.85,3.7,Meghalaya_Shillong
2010-11-30,0.0,18.86,8.05,0.89,81.86,0.85,3.77,Meghalaya_Shillong
2010-12-01,0.0,18.93,6.21,1.2,85.08,0.84,3.08,Meghalaya_Shillong
2010-12-02,0.0,19.73,6.95,1.03,79.53,0.84,3.9,Meghalaya_Shillong
2010-12-03,0.0,19.6,6.73,1.16,72.66,0.84,3.65,Meghalaya_Shillong
2010-12-04,0.01,20.47,8.57,0.88,69.15,0.84,4.21,Meghalaya_Shillong
2010-12-05,0.0,20.68,8.77,0.97,70.18,0.83,4.11,Meghalaya_Shillong
2010-12-06,0.03,22.0,10.61,0.76,72.74,0.83,3.39,Meghalaya_Shillong
2010-12-07,0.01,21.27,13.24,0.82,73.86,0.83,2.13,Meghalaya_Shillong
2010-12-08,1.14,18.22,13.25,0.93,85.1,0.83,1.05,Meghalaya_Shillong
2010-12-09,21.2,18.01,13.37,0.65,93.6,0.85,0.52,Meghalaya_Shillong
2010-12-10,0.28,22.48,11.63,0.8,88.42,0.85,3.6,Meghalaya_Shillong
2010-12-11,0.08,20.71,8.89,1.06,85.06,0.84,3.88,Meghalaya_Shillong
2010-12-12,0.06,15.89,5.53,1.35,86.17,0.84,2.35,Meghalaya_Shillong
2010-12-13,0.0,16.92,2.77,0.97,80.83,0.84,2.85,Meghalaya_Shillong
2010-12-14,0.0,16.79,6.31,0.9,84.37,0.84,2.71,Meghalaya_Shillong
2010-12-15,0.0,18.21,4.84,0.78,82.33,0.83,3.13,Meghalaya_Shillong
2010-12-16,0.0,19.4,4.87,0.78,74.27,0.83,3.96,Meghalaya_Shillong
2010-12-17,0.0,18.59,7.86,0.71,75.65,0.83,3.88,Meghalaya_Shillong
2010-12-18,0.0,17.7,7.51,0.78,81.45,0.83,3.04,Meghalaya_Shillong
2010-12-19,0.0,17.83,6.47,0.87,81.78,0.83,3.51,Meghalaya_Shillong
2010-12-20,0.0,17.88,4.38,0.82,61.63,0.82,3.54,Meghalaya_Shillong
2010-12-21,0.0,17.35,4.75,0.76,70.76,0.82,3.12,Meghalaya_Shillong
2010-12-22,0.0,16.91,6.01,0.8,82.17,0.82,2.89,Meghalaya_Shillong
2010-12-23,0.0,16.67,5.83,0.87,85.16,0.82,2.46,Meghalaya_Shillong
2010-12-24,0.0,16.6,4.83,1.06,78.13,0.82,2.91,Meghalaya_Shillong
2010-12-25,0.0,16.57,3.59,1.03,81.88,0.82,2.51,Meghalaya_Shillong
2010-12-26,0.0,16.89,3.71,0.71,79.52,0.82,2.7,Meghalaya_Shillong
2010-12-27,0.0,17.52,5.25,0.93,81.84,0.82,2.94,Meghalaya_Shillong
2010-12-28,0.0,17.62,5.45,0.73,81.74,0.81,2.99,Meghalaya_Shillong
2010-12-29,0.0,18.04,5.03,0.81,82.88,0.81,3.04,Meghalaya_Shillong
2010-12-30,0.0,18.58,5.95,0.82,74.82,0.81,3.02,Meghalaya_Shillong
2010-12-31,0.0,19.01,6.51,0.84,79.77,0.81,3.19,Meghalaya_Shillong
2011-01-01,0.13,16.74,4.99,1.75,88.42,0.81,1.94,Meghalaya_Shillong
2011-01-02,0.02,16.2,5.88,0.83,82.37,0.8,2.52,Meghalaya_Shillong
2011-01-03,0.0,16.2,7.34,0.8,79.98,0.8,2.39,Meghalaya_Shillong
2011-01-04,0.0,16.74,4.41,0.86,80.18,0.8,2.77,Meghalaya_Shillong
2011-01-05,0.0,17.11,4.6,1.0,81.94,0.8,2.55,Meghalaya_Shillong
2011-01-06,0.0,18.04,5.55,0.91,83.05,0.8,2.76,Meghalaya_Shillong
2011-01-07,0.0,18.71,5.9,0.88,77.76,0.8,3.34,Meghalaya_Shillong
2011-01-08,0.0,19.22,5.35,0.96,71.44,0.8,3.38,Meghalaya_Shillong
2011-01-09,0.19,18.41,6.85,1.13,66.21,0.79,3.09,Meghalaya_Shillong
2011-01-10,0.01,17.19,5.52,0.99,70.46,0.79,3.48,Meghalaya_Shillong
2011-01-11,0.0,16.99,2.59,0.91,71.84,0.79,2.71,Meghalaya_Shillong
2011-01-12,0.0,15.7,3.32,0.8,80.92,0.79,2.4,Meghalaya_Shillong
2011-01-13,0.0,16.37,3.55,0.89,82.32,0.79,2.57,Meghalaya_Shillong
2011-01-14,0.0,16.51,4.19,0.88,69.03,0.79,2.57,Meghalaya_Shillong
2011-01-15,0.0,16.76,3.4,1.12,71.77,0.79,2.6,Meghalaya_Shillong
2011-01-16,1.07,13.83,4.4,1.65,83.64,0.79,0.77,Meghalaya_Shillong
2011-01-17,0.32,14.54,4.04,1.21,82.79,0.79,1.79,Meghalaya_Shillong
2011-01-18,0.05,13.95,2.6,1.18,82.03,0.79,1.62,Meghalaya_Shillong
2011-01-19,0.36,12.79,1.25,1.57,73.7,0.79,1.42,Meghalaya_Shillong
2011-01-20,0.11,14.91,2.99,1.12,76.62,0.79,2.06,Meghalaya_Shillong
2011-01-21,0.0,14.6,2.63,1.09,81.7,0.79,1.96,Meghalaya_Shillong
2011-01-22,0.0,16.03,3.76,0.96,76.92,0.78,2.25,Meghalaya_Shillong
2011-01-23,0.0,16.67,4.59,0.97,78.78,0.78,2.42,Meghalaya_Shillong
2011-01-24,0.0,17.51,4.72,1.03,74.42,0.78,2.46,Meghalaya_Shillong
2011-01-25,0.0,16.82,5.37,1.38,77.41,0.78,2.14,Meghalaya_Shillong
2011-01-26,0.0,19.18,6.53,1.36,73.87,0.78,3.01,Meghalaya_Shillong
2011-01-27,0.0,18.02,5.62,1.68,80.21,0.78,2.49,Meghalaya_Shillong
2011-01-28,0.0,17.17,3.63,1.15,68.28,0.78,3.03,Meghalaya_Shillong
2011-01-29,0.0,17.63,3.41,1.08,75.77,0.77,3.03,Meghalaya_Shillong
2011-01-30,0.0,18.77,4.66,1.05,75.82,0.77,3.23,Meghalaya_Shillong
2011-01-31,0.0,17.45,7.77,1.54,76.0,0.77,2.34,Meghalaya_Shillong
2011-02-01,0.0,17.89,5.07,1.05,80.62,0.77,2.6,Meghalaya_Shillong
2011-02-02,0.0,18.27,5.98,1.03,82.6,0.77,2.72,Meghalaya_Shillong
2011-02-03,0.0,20.53,4.14,1.01,77.02,0.77,3.68,Meghalaya_Shillong
2011-02-04,0.0,19.86,8.23,1.04,68.83,0.76,3.54,Meghalaya_Shillong
2011-02-05,0.0,19.78,8.71,0.81,64.91,0.76,3.79,Meghalaya_Shillong
2011-02-06,0.0,19.77,8.28,1.17,73.61,0.76,3.3,Meghalaya_Shillong
2011-02-07,0.0,20.24,8.1,1.12,79.83,0.76,3.31,Meghalaya_Shillong
2011-02-08,0.0,18.64,6.21,1.55,79.42,0.76,2.75,Meghalaya_Shillong
2011-02-09,0.0,19.63,7.35,1.69,69.37,0.76,3.12,Meghalaya_Shillong
2011-02-10,0.0,19.43,6.33,1.29,53.91,0.76,3.99,Meghalaya_Shillong
2011-02-11,0.0,19.48,8.12,1.08,52.57,0.75,4.18,Meghalaya_Shillong
2011-02-12,0.0,19.18,7.2,1.05,59.84,0.75,3.48,Meghalaya_Shillong
2011-02-13,0.0,18.43,8.7,0.91,63.44,0.75,2.95,Meghalaya_Shillong
2011-02-14,0.0,18.65,9.71,1.07,66.08,0.75,2.93,Meghalaya_Shillong
2011-02-15,0.0,19.8,9.1,1.51,76.43,0.75,2.89,Meghalaya_Shillong
2011-02-16,3.53,19.18,8.85,1.67,89.32,0.75,2.06,Meghalaya_Shillong
2011-02-17,6.17,18.07,9.62,1.94,88.11,0.76,1.85,Meghalaya_Shillong
2011-02-18,0.0,17.0,5.94,1.9,79.82,0.76,2.59,Meghalaya_Shillong
2011-02-19,0.0,18.65,7.07,1.53,73.94,0.76,3.07,Meghalaya_Shillong
2011-02-20,0.0,18.65,6.55,1.25,75.32,0.75,3.15,Meghalaya_Shillong
2011-02-21,0.0,19.09,7.9,0.93,64.09,0.75,3.21,Meghalaya_Shillong
2011-02-22,0.0,19.68,6.2,1.19,70.82,0.75,3.88,Meghalaya_Shillong
2011-02-23,0.0,21.27,7.97,0.97,57.56,0.74,4.55,Meghalaya_Shillong
2011-02-24,0.0,21.67,8.78,1.0,63.55,0.74,4.69,Meghalaya_Shillong
2011-02-25,0.0,21.23,8.02,1.06,64.48,0.74,4.37,Meghalaya_Shillong
2011-02-26,0.0,22.29,9.49,1.19,63.87,0.73,4.79,Meghalaya_Shillong
2011-02-27,0.0,21.51,8.31,1.44,62.32,0.73,4.66,Meghalaya_Shillong
2011-02-28,0.0,20.66,7.52,1.08,53.82,0.73,4.8,Meghalaya_Shillong
2011-03-01,0.0,21.7,7.62,1.08,57.88,0.73,4.78,Meghalaya_Shillong
2011-03-02,0.0,22.72,8.96,1.13,57.48,0.72,5.22,Meghalaya_Shillong
2011-03-03,0.0,22.73,11.21,1.27,54.8,0.72,5.05,Meghalaya_Shillong
2011-03-04,0.0,22.41,10.16,1.77,61.8,0.72,4.83,Meghalaya_Shillong
2011-03-05,0.0,22.52,8.65,2.33,70.79,0.71,4.73,Meghalaya_Shillong
2011-03-06,0.01,22.16,9.15,1.95,56.87,0.71,5.11,Meghalaya_Shillong
2011-03-07,0.0,21.92,9.93,1.48,44.22,0.71,5.11,Meghalaya_Shillong
2011-03-08,0.0,21.86,9.54,1.37,50.4,0.71,4.87,Meghalaya_Shillong
2011-03-09,0.01,22.18,10.54,1.83,54.68,0.7,4.69,Meghalaya_Shillong
2011-03-10,0.08,22.54,10.33,1.67,65.36,0.7,3.96,Meghalaya_Shillong
2011-03-11,0.01,23.94,11.46,1.75,66.48,0.7,4.73,Meghalaya_Shillong
2011-03-12,0.5,22.65,11.5,1.45,78.42,0.7,3.89,Meghalaya_Shillong
2011-03-13,0.0,21.9,10.67,1.26,67.43,0.7,4.52,Meghalaya_Shillong
2011-03-14,0.25,22.99,9.81,1.24,53.84,0.7,5.15,Meghalaya_Shillong
2011-03-15,0.0,23.27,9.22,1.43,66.79,0.69,4.78,Meghalaya_Shillong
2011-03-16,0.0,24.84,10.94,1.18,51.76,0.69,5.94,Meghalaya_Shillong
2011-03-17,2.13,20.09,8.72,1.46,84.35,0.69,2.23,Meghalaya_Shillong
2011-03-18,9.34,18.05,13.24,3.43,90.75,0.7,0.9,Meghalaya_Shillong
2011-03-19,13.72,20.8,14.17,4.0,88.01,0.73,2.2,Meghalaya_Shillong
2011-03-20,1.99,22.64,15.88,4.26,85.89,0.73,3.25,Meghalaya_Shillong
2011-03-21,6.68,22.41,13.14,3.35,83.74,0.73,3.15,Meghalaya_Shillong
2011-03-22,2.09,22.24,13.89,2.33,87.44,0.73,3.64,Meghalaya_Shillong
2011-03-23,0.43,22.84,12.78,1.59,81.86,0.72,4.53,Meghalaya_Shillong
2011-03-24,5.12,23.84,13.05,1.67,65.02,0.72,5.22,Meghalaya_Shillong
2011-03-25,1.91,23.56,12.01,1.63,61.67,0.72,4.76,Meghalaya_Shillong
2011-03-26,1.37,22.07,12.2,1.37,79.1,0.72,2.63,Meghalaya_Shillong
2011-03-27,0.16,21.94,11.58,0.56,70.58,0.71,4.11,Meghalaya_Shillong
2011-03-28,5.17,21.32,10.41,0.91,77.6,0.72,2.4,Meghalaya_Shillong
2011-03-29,0.34,19.77,11.85,1.19,84.7,0.72,2.08,Meghalaya_Shillong
2011-03-30,8.25,20.73,12.32,1.45,89.42,0.72,1.77,Meghalaya_Shillong
2011-03-31,5.48,20.9,14.74,2.16,90.27,0.73,1.84,Meghalaya_Shillong
2011-04-01,17.92,20.43,12.78,1.71,82.52,0.74,3.0,Meghalaya_Shillong
2011-04-02,3.59,21.21,11.02,1.5,83.84,0.75,3.62,Meghalaya_Shillong
2011-04-03,4.07,23.69,12.34,1.26,79.86,0.74,5.06,Meghalaya_Shillong
2011-04-04,3.8,23.41,11.97,1.4,80.64,0.74,4.57,Meghalaya_Shillong
2011-04-05,0.25,23.25,13.63,1.38,79.58,0.73,4.05,Meghalaya_Shillong
2011-04-06,0.0,24.83,10.19,1.61,72.28,0.72,6.62,Meghalaya_Shillong
2011-04-07,0.0,23.66,11.31,1.57,63.62,0.71,5.55,Meghalaya_Shillong
2011-04-08,0.77,24.43,13.31,1.57,55.33,0.71,6.25,Meghalaya_Shillong
2011-04-09,0.01,24.98,15.32,1.31,58.96,0.7,5.97,Meghalaya_Shillong
2011-04-10,0.0,20.59,13.42,1.13,72.45,0.7,2.04,Meghalaya_Shillong
2011-04-11,0.0,24.91,12.81,1.38,69.66,0.7,5.73,Meghalaya_Shillong
2011-04-12,0.0,25.6,15.35,1.19,65.21,0.69,5.5,Meghalaya_Shillong
2011-04-13,1.04,24.85,15.78,1.11,67.49,0.69,4.64,Meghalaya_Shillong
2011-04-14,3.68,24.65,14.91,1.32,77.29,0.69,3.98,Meghalaya_Shillong
2011-04-15,0.12,23.6,13.79,1.44,76.57,0.69,5.12,Meghalaya_Shillong
2011-04-16,0.0,25.17,14.5,1.37,66.77,0.69,6.29,Meghalaya_Shillong
2011-04-17,3.35,26.24,15.74,1.15,66.87,0.69,6.24,Meghalaya_Shillong
2011-04-18,5.09,24.81,16.32,1.1,76.08,0.69,3.76,Meghalaya_Shillong
2011-04-19,3.12,22.8,16.22,1.46,83.03,0.7,2.33,Meghalaya_Shillong
2011-04-20,3.02,23.98,15.68,1.97,87.45,0.7,3.11,Meghalaya_Shillong
2011-04-21,1.59,22.63,16.08,2.36,85.96,0.7,3.8,Meghalaya_Shillong
2011-04-22,1.67,25.36,16.16,1.41,80.99,0.7,5.14,Meghalaya_Shillong
2011-04-23,0.79,23.21,14.42,1.36,79.13,0.7,3.25,Meghalaya_Shillong
2011-04-24,5.86,23.3,13.14,1.21,73.75,0.7,4.77,Meghalaya_Shillong
2011-04-25,0.19,20.65,13.56,1.07,78.82,0.7,2.45,Meghalaya_Shillong
2011-04-26,0.4,24.16,13.21,0.7,70.16,0.7,4.38,Meghalaya_Shillong
2011-04-27,0.26,24.05,14.96,1.14,74.3,0.69,3.95,Meghalaya_Shillong
2011-04-28,1.65,24.01,14.23,0.82,75.04,0.69,4.31,Meghalaya_Shillong
2011-04-29,0.04,25.39,13.28,1.11,76.49,0.69,5.88,Meghalaya_Shillong
2011-04-30,3.29,25.32,15.33,0.81,76.3,0.68,5.7,Meghalaya_Shillong
2011-05-01,16.6,24.38,14.17,2.03,84.66,0.7,3.87,Meghalaya_Shillong
2011-05-02,17.13,23.39,17.11,2.98,87.44,0.73,3.75,Meghalaya_Shillong
2011-05-03,18.85,24.07,17.53,2.34,86.75,0.74,4.0,Meghalaya_Shillong
2011-05-04,1.52,21.56,17.35,2.78,91.64,0.75,1.77,Meghalaya_Shillong
2011-05-05,0.46,25.08,15.6,1.23,82.9,0.73,5.64,Meghalaya_Shillong
2011-05-06,20.72,25.59,15.15,0.99,80.03,0.74,5.23,Meghalaya_Shillong
2011-05-07,3.55,25.86,15.92,1.11,80.72,0.75,6.44,Meghalaya_Shillong
2011-05-08,4.46,25.87,14.4,1.32,83.48,0.74,6.04,Meghalaya_Shillong
2011-05-09,9.67,25.67,15.31,1.3,75.81,0.74,6.22,Meghalaya_Shillong
2011-05-10,6.09,25.94,16.89,1.45,74.29,0.73,6.1,Meghalaya_Shillong
2011-05-11,5.34,25.06,16.33,1.51,86.02,0.73,4.91,Meghalaya_Shillong
2011-05-12,0.78,26.03,17.42,1.16,80.84,0.73,6.46,Meghalaya_Shillong
2011-05-13,11.23,25.68,16.93,1.28,85.73,0.73,3.84,Meghalaya_Shillong
2011-05-14,2.31,25.6,17.83,1.54,86.16,0.73,5.38,Meghalaya_Shillong
2011-05-15,29.56,24.84,16.78,1.29,85.86,0.75,3.26,Meghalaya_Shillong
2011-05-16,0.44,26.62,15.03,1.15,82.21,0.76,5.94,Meghalaya_Shillong
2011-05-17,0.52,27.49,16.84,0.87,80.51,0.74,6.35,Meghalaya_Shillong
2011-05-18,9.37,25.65,19.25,0.75,86.79,0.74,3.01,Meghalaya_Shillong
2011-05-19,14.49,24.22,18.41,1.32,89.57,0.75,1.98,Meghalaya_Shillong
2011-05-20,8.97,23.74,17.12,1.59,88.04,0.76,3.03,Meghalaya_Shillong
2011-05-21,18.09,23.91,18.95,3.56,92.89,0.78,1.59,Meghalaya_Shillong
2011-05-22,7.6,25.03,19.96,2.9,88.21,0.78,3.88,Meghalaya_Shillong
2011-05-23,7.14,24.13,19.33,3.1,89.85,0.77,2.95,Meghalaya_Shillong
2011-05-24,11.81,24.29,18.23,2.02,87.82,0.77,3.94,Meghalaya_Shillong
2011-05-25,0.98,25.91,17.69,0.63,79.22,0.77,5.1,Meghalaya_Shillong
2011-05-26,0.01,27.13,16.45,0.94,82.59,0.76,6.38,Meghalaya_Shillong
2011-05-27,13.79,23.94,19.65,0.9,92.71,0.76,1.16,Meghalaya_Shillong
2011-05-28,2.48,27.78,19.16,0.78,74.49,0.77,6.78,Meghalaya_Shillong
2011-05-29,8.3,25.64,18.02,1.0,89.25,0.77,2.78,Meghalaya_Shillong
2011-05-30,5.1,23.4,19.07,1.38,91.42,0.77,1.77,Meghalaya_Shillong
2011-05-31,11.02,23.5,19.43,1.61,91.87,0.78,1.18,Meghalaya_Shillong
2011-06-01,21.6,22.1,17.29,2.19,91.46,0.79,1.57,Meghalaya_Shillong
2011-06-02,5.91,24.56,15.54,1.4,84.68,0.8,4.24,Meghalaya_Shillong
2011-06-03,2.55,23.81,16.23,1.38,89.28,0.79,3.02,Meghalaya_Shillong
2011-06-04,6.2,25.01,17.33,2.09,88.91,0.78,3.99,Meghalaya_Shillong
2011-06-05,8.82,25.75,18.15,1.44,86.2,0.79,4.67,Meghalaya_Shillong
2011-06-06,0.52,28.06,17.16,1.05,79.99,0.78,7.03,Meghalaya_Shillong
2011-06-07,16.12,27.16,18.52,0.97,85.11,0.78,4.85,Meghalaya_Shillong
2011-06-08,4.88,25.28,18.93,0.83,87.89,0.79,2.65,Meghalaya_Shillong
2011-06-09,1.18,28.0,18.76,1.15,85.9,0.78,5.46,Meghalaya_Shillong
2011-06-10,0.03,27.53,19.35,1.84,83.13,0.77,6.56,Meghalaya_Shillong
2011-06-11,7.08,24.68,18.66,1.59,88.47,0.77,3.31,Meghalaya_Shillong
2011-06-12,0.8,23.91,18.02,1.16,81.48,0.77,3.42,Meghalaya_Shillong
2011-06-13,4.29,27.82,16.77,0.98,79.78,0.77,6.74,Meghalaya_Shillong
2011-06-14,9.97,26.41,19.42,1.53,88.12,0.77,3.01,Meghalaya_Shillong
2011-06-15,13.3,24.93,19.53,1.53,91.51,0.79,1.65,Meghalaya_Shillong
2011-06-16,3.79,26.79,19.93,3.07,87.69,0.79,3.61,Meghalaya_Shillong
2011-06-17,5.07,25.9,20.6,2.84,87.51,0.78,4.57,Meghalaya_Shillong
2011-06-18,3.81,27.06,19.63,1.85,84.51,0.78,5.76,Meghalaya_Shillong
2011-06-19,3.68,26.28,19.33,1.73,87.56,0.78,3.61,Meghalaya_Shillong
2011-06-20,20.52,27.19,18.61,1.47,87.06,0.79,4.61,Meghalaya_Shillong
2011-06-21,1.47,25.27,19.76,1.64,89.5,0.8,3.15,Meghalaya_Shillong
2011-06-22,8.78,27.11,19.46,2.08,87.29,0.79,5.49,Meghalaya_Shillong
2011-06-23,37.41,26.66,20.32,1.82,91.03,0.81,2.74,Meghalaya_Shillong
2011-06-24,23.94,26.22,20.49,1.03,90.68,0.85,2.03,Meghalaya_Shillong
2011-06-25,5.13,23.86,20.9,1.13,93.96,0.84,0.78,Meghalaya_Shillong
2011-06-26,68.34,25.09,20.84,1.53,92.09,0.85,1.47,Meghalaya_Shillong
2011-06-27,115.35,22.97,19.11,2.19,94.16,0.92,0.92,Meghalaya_Shillong
2011-06-28,18.21,24.23,18.53,1.96,91.83,0.91,1.75,Meghalaya_Shillong
2011-06-29,48.01,23.43,19.87,2.65,93.52,0.92,1.07,Meghalaya_Shillong
2011-06-30,32.16,24.51,19.37,2.55,93.11,0.93,1.47,Meghalaya_Shillong
2011-07-01,25.21,24.89,19.82,2.97,92.35,0.94,1.98,Meghalaya_Shillong
2011-07-02,28.96,22.93,20.0,3.05,95.64,0.94,0.65,Meghalaya_Shillong
2011-07-03,18.29,23.19,19.3,2.34,92.86,0.95,1.44,Meghalaya_Shillong
2011-07-04,2.91,25.04,19.52,1.52,90.93,0.95,2.5,Meghalaya_Shillong
2011-07-05,10.79,25.65,18.9,1.24,90.33,0.94,2.7,Meghalaya_Shillong
2011-07-06,3.58,24.55,19.01,2.51,90.15,0.94,3.22,Meghalaya_Shillong
2011-07-07,22.37,24.53,19.01,3.46,91.21,0.94,2.59,Meghalaya_Shillong
2011-07-08,13.28,24.77,18.64,3.21,90.6,0.95,3.01,Meghalaya_Shillong
2011-07-09,24.88,25.48,19.7,2.54,90.45,0.95,3.0,Meghalaya_Shillong
2011-07-10,12.55,26.42,20.26,1.78,90.46,0.96,2.91,Meghalaya_Shillong
2011-07-11,0.48,28.78,20.28,0.92,87.37,0.95,4.1,Meghalaya_Shillong
2011-07-12,1.63,26.03,21.12,1.28,91.02,0.95,1.99,Meghalaya_Shillong
2011-07-13,3.96,24.09,19.32,1.76,91.46,0.94,1.79,Meghalaya_Shillong
2011-07-14,8.43,25.78,19.69,1.88,90.87,0.94,2.74,Meghalaya_Shillong
2011-07-15,13.36,24.06,19.88,2.24,93.86,0.95,1.34,Meghalaya_Shillong
2011-07-16,9.47,25.49,19.71,1.55,92.18,0.95,1.99,Meghalaya_Shillong
2011-07-17,14.83,26.45,18.89,1.53,87.55,0.95,3.8,Meghalaya_Shillong
2011-07-18,27.74,23.86,20.68,3.96,94.53,0.97,1.3,Meghalaya_Shillong
2011-07-19,19.0,23.3,20.64,2.38,96.84,0.97,0.42,Meghalaya_Shillong
2011-07-20,5.23,25.15,20.57,1.29,92.51,0.97,1.38,Meghalaya_Shillong
2011-07-21,6.37,24.99,19.91,2.15,90.81,0.97,2.24,Meghalaya_Shillong
2011-07-22,18.34,25.39,19.59,2.0,90.84,0.97,2.11,Meghalaya_Shillong
2011-07-23,10.07,24.7,18.71,1.61,91.81,0.97,1.91,Meghalaya_Shillong
2011-07-24,8.64,27.17,17.94,0.88,84.79,0.97,3.92,Meghalaya_Shillong
2011-07-25,19.42,26.57,19.75,1.48,89.52,0.97,2.59,Meghalaya_Shillong
2011-07-26,7.21,25.43,19.86,1.77,92.51,0.97,2.08,Meghalaya_Shillong
2011-07-27,7.46,25.46,19.74,1.98,91.3,0.97,2.29,Meghalaya_Shillong
2011-07-28,6.09,26.78,19.34,1.57,90.12,0.97,3.0,Meghalaya_Shillong
2011-07-29,2.18,24.69,19.49,1.36,91.28,0.96,2.06,Meghalaya_Shillong
2011-07-30,5.99,26.69,18.98,1.45,90.47,0.96,2.97,Meghalaya_Shillong
2011-07-31,1.52,27.59,20.19,0.96,86.48,0.96,3.85,Meghalaya_Shillong
2011-08-01,0.0,28.97,20.36,0.81,85.88,0.95,4.56,Meghalaya_Shillong
2011-08-02,9.02,27.48,20.35,1.14,87.8,0.95,3.15,Meghalaya_Shillong
2011-08-03,17.98,26.19,19.58,1.74,90.05,0.96,2.74,Meghalaya_Shillong
2011-08-04,78.46,24.72,19.58,1.63,92.65,0.97,1.54,Meghalaya_Shillong
2011-08-05,72.62,24.44,20.41,2.32,94.45,0.99,0.99,Meghalaya_Shillong
2011-08-06,13.71,23.71,19.88,1.83,93.11,0.99,1.46,Meghalaya_Shillong
2011-08-07,7.7,23.53,19.86,1.16,95.29,0.99,0.59,Meghalaya_Shillong
2011-08-08,40.96,24.03,19.51,1.59,92.2,0.98,1.39,Meghalaya_Shillong
2011-08-09,44.62,21.91,19.42,1.92,96.92,0.99,0.34,Meghalaya_Shillong
2011-08-10,56.63,22.04,17.55,1.35,93.04,1.0,0.76,Meghalaya_Shillong
2011-08-11,4.96,26.38,17.1,1.04,86.53,0.99,2.77,Meghalaya_Shillong
2011-08-12,6.39,24.54,18.75,1.16,92.14,0.99,1.33,Meghalaya_Shillong
2011-08-13,38.85,23.1,19.48,1.42,92.91,0.99,0.96,Meghalaya_Shillong
2011-08-14,18.32,23.68,19.36,2.2,93.69,1.0,1.22,Meghalaya_Shillong
2011-08-15,21.41,22.16,18.97,2.25,94.86,1.0,0.72,Meghalaya_Shillong
2011-08-16,57.03,20.92,17.27,2.59,95.38,1.0,0.51,Meghalaya_Shillong
2011-08-17,30.64,23.44,17.08,1.23,93.34,1.0,1.11,Meghalaya_Shillong
2011-08-18,4.37,22.63,18.56,1.36,94.65,1.0,0.75,Meghalaya_Shillong
2011-08-19,3.61,26.47,18.5,0.96,87.51,0.99,2.64,Meghalaya_Shillong
2011-08-20,4.38,27.62,18.96,0.81,87.9,0.99,3.59,Meghalaya_Shillong
2011-08-21,33.43,27.03,20.37,1.19,91.49,0.99,1.66,Meghalaya_Shillong
2011-08-22,6.58,24.28,19.92,1.5,92.41,1.0,1.48,Meghalaya_Shillong
2011-08-23,18.84,25.41,19.52,1.1,92.3,0.99,1.58,Meghalaya_Shillong
2011-08-24,12.2,24.92,19.72,0.93,92.08,1.0,1.43,Meghalaya_Shillong
2011-08-25,4.22,23.67,19.21,0.83,92.85,0.99,0.88,Meghalaya_Shillong
2011-08-26,3.0,25.8,16.86,1.33,87.48,0.99,2.52,Meghalaya_Shillong
2011-08-27,0.01,24.95,18.93,1.19,87.85,0.99,1.98,Meghalaya_Shillong
2011-08-28,0.91,25.92,16.6,1.49,86.6,0.98,3.53,Meghalaya_Shillong
2011-08-29,0.01,26.79,17.2,1.32,86.26,0.98,3.83,Meghalaya_Shillong
2011-08-30,3.62,27.57,19.45,1.03,86.88,0.97,4.13,Meghalaya_Shillong
2011-08-31,3.12,28.68,20.16,0.89,86.16,0.97,4.73,Meghalaya_Shillong
2011-09-01,12.32,26.62,19.67,1.19,90.17,0.97,3.47,Meghalaya_Shillong
2011-09-02,2.64,26.02,19.04,1.24,89.62,0.97,3.45,Meghalaya_Shillong
2011-09-03,0.12,26.6,18.61,1.07,85.53,0.96,4.49,Meghalaya_Shillong
2011-09-04,4.03,27.16,18.17,1.3,87.57,0.96,4.15,Meghalaya_Shillong
2011-09-05,22.54,25.26,19.98,0.53,89.58,0.96,1.79,Meghalaya_Shillong
2011-09-06,13.69,25.59,19.12,0.93,90.12,0.97,2.23,Meghalaya_Shillong
2011-09-07,8.46,22.77,19.38,1.87,95.45,0.97,0.58,Meghalaya_Shillong
2011-09-08,6.85,23.39,18.68,1.83,93.24,0.97,1.42,Meghalaya_Shillong
2011-09-09,18.58,25.25,18.22,1.07,91.51,0.98,1.76,Meghalaya_Shillong
2011-09-10,24.92,24.73,19.36,0.74,89.46,0.99,1.65,Meghalaya_Shillong
2011-09-11,0.92,26.84,19.29,0.64,84.17,0.98,3.69,Meghalaya_Shillong
2011-09-12,0.0,27.04,18.19,1.24,87.76,0.97,4.13,Meghalaya_Shillong
2011-09-13,12.89,27.53,19.89,1.16,85.58,0.97,4.15,Meghalaya_Shillong
2011-09-14,48.58,22.24,17.6,1.48,94.01,0.99,0.78,Meghalaya_Shillong
2011-09-15,7.62,23.1,17.31,1.51,93.78,0.99,1.03,Meghalaya_Shillong
2011-09-16,30.7,22.44,18.95,2.7,96.22,0.99,0.56,Meghalaya_Shillong
2011-09-17,37.15,22.9,18.96,2.86,94.47,1.0,1.08,Meghalaya_Shillong
2011-09-18,17.01,22.1,18.94,1.96,94.6,1.0,0.61,Meghalaya_Shillong
2011-09-19,1.84,26.23,18.17,1.08,88.32,0.99,2.89,Meghalaya_Shillong
2011-09-20,0.65,26.37,19.59,0.73,89.84,0.99,2.32,Meghalaya_Shillong
2011-09-21,7.02,24.96,19.43,1.11,92.63,0.99,1.72,Meghalaya_Shillong
2011-09-22,16.6,23.4,19.85,0.93,94.73,0.99,0.68,Meghalaya_Shillong
2011-09-23,11.71,22.21,17.0,1.22,94.54,0.99,0.79,Meghalaya_Shillong
2011-09-24,8.38,24.33,17.22,2.03,92.53,0.99,2.37,Meghalaya_Shillong
2011-09-25,6.83,23.32,17.95,1.95,92.2,0.99,2.26,Meghalaya_Shillong
2011-09-26,4.52,24.79,17.71,1.19,90.46,0.99,3.13,Meghalaya_Shillong
2011-09-27,3.91,23.23,18.54,1.62,93.49,0.99,1.89,Meghalaya_Shillong
2011-09-28,1.33,26.88,18.36,0.7,88.08,0.98,4.87,Meghalaya_Shillong
2011-09-29,0.0,26.7,18.13,0.7,86.41,0.98,5.32,Meghalaya_Shillong
2011-09-30,0.0,27.15,18.01,0.92,86.25,0.97,4.67,Meghalaya_Shillong
2011-10-01,0.01,26.83,17.86,0.78,83.55,0.97,5.08,Meghalaya_Shillong
2011-10-02,1.68,26.33,17.26,0.84,87.02,0.96,4.75,Meghalaya_Shillong
2011-10-03,1.29,26.01,18.03,0.75,85.46,0.96,5.22,Meghalaya_Shillong
2011-10-04,0.01,24.68,17.01,1.15,89.38,0.96,3.94,Meghalaya_Shillong
2011-10-05,0.0,25.18,16.29,1.06,87.34,0.95,4.79,Meghalaya_Shillong
2011-10-06,0.0,26.08,15.43,0.86,83.69,0.95,5.53,Meghalaya_Shillong
2011-10-07,0.67,25.36,16.32,0.8,81.94,0.94,5.34,Meghalaya_Shillong
2011-10-08,0.13,25.84,15.47,0.84,79.96,0.93,5.88,Meghalaya_Shillong
2011-10-09,0.01,25.53,15.1,0.8,83.15,0.93,5.46,Meghalaya_Shillong
2011-10-10,0.01,25.76,16.37,0.63,85.57,0.92,5.66,Meghalaya_Shillong
2011-10-11,0.0,26.59,16.28,0.62,83.62,0.92,6.52,Meghalaya_Shillong
2011-10-12,0.0,26.34,15.42,0.58,80.6,0.91,7.08,Meghalaya_Shillong
2011-10-13,0.06,25.7,15.92,0.65,82.38,0.91,6.4,Meghalaya_Shillong
2011-10-14,0.01,25.09,15.72,0.82,88.38,0.9,5.26,Meghalaya_Shillong
2011-10-15,0.0,25.33,16.07,0.73,83.67,0.9,5.91,Meghalaya_Shillong
2011-10-16,0.01,25.12,15.25,0.72,84.28,0.9,5.8,Meghalaya_Shillong
2011-10-17,0.41,25.03,15.12,0.95,86.36,0.89,4.94,Meghalaya_Shillong
2011-10-18,1.91,23.18,16.8,0.76,88.08,0.89,3.43,Meghalaya_Shillong
2011-10-19,0.62,22.58,17.0,0.72,93.15,0.89,1.56,Meghalaya_Shillong
2011-10-20,0.15,22.49,15.61,1.28,88.55,0.89,3.3,Meghalaya_Shillong
2011-10-21,5.27,22.3,16.45,0.88,91.22,0.89,1.86,Meghalaya_Shillong
2011-10-22,0.55,21.83,15.11,0.69,89.93,0.89,2.71,Meghalaya_Shillong
2011-10-23,0.01,23.28,13.63,0.72,84.66,0.89,5.35,Meghalaya_Shillong
2011-10-24,0.0,23.17,13.72,0.92,85.58,0.88,4.95,Meghalaya_Shillong
2011-10-25,0.0,23.38,12.48,0.92,80.49,0.88,5.68,Meghalaya_Shillong
2011-10-26,0.0,23.27,14.18,0.92,83.61,0.87,5.65,Meghalaya_Shillong
2011-10-27,0.0,23.4,13.79,0.58,76.64,0.87,5.99,Meghalaya_Shillong
2011-10-28,0.0,21.95,12.83,0.96,84.29,0.86,4.98,Meghalaya_Shillong
2011-10-29,0.0,22.4,11.12,0.91,79.7,0.86,5.44,Meghalaya_Shillong
2011-10-30,0.0,22.18,13.64,0.54,79.41,0.86,5.89,Meghalaya_Shillong
2011-10-31,0.16,21.72,12.99,0.56,79.5,0.85,5.57,Meghalaya_Shillong
2011-11-01,0.16,20.4,11.47,0.81,84.84,0.85,4.43,Meghalaya_Shillong
2011-11-02,0.0,20.73,10.05,0.59,81.33,0.85,5.69,Meghalaya_Shillong
2011-11-03,0.0,20.51,9.08,0.9,80.22,0.85,4.91,Meghalaya_Shillong
2011-11-04,0.0,21.0,9.7,0.91,79.65,0.84,5.06,Meghalaya_Shillong
2011-11-05,0.0,21.62,10.4,0.84,81.98,0.84,5.48,Meghalaya_Shillong
2011-11-06,0.0,20.27,10.62,0.74,82.04,0.84,4.62,Meghalaya_Shillong
2011-11-07,0.0,20.84,9.45,0.81,83.03,0.84,5.2,Meghalaya_Shillong
2011-11-08,0.0,22.42,8.24,1.21,74.96,0.83,5.6,Meghalaya_Shillong
2011-11-09,0.0,23.31,8.46,0.85,60.59,0.83,6.13,Meghalaya_Shillong
2011-11-10,0.0,22.52,11.25,0.87,68.32,0.83,5.71,Meghalaya_Shillong
2011-11-11,0.0,20.71,10.31,1.16,80.92,0.83,4.95,Meghalaya_Shillong
2011-11-12,0.0,19.69,9.64,1.06,87.74,0.82,3.34,Meghalaya_Shillong
2011-11-13,0.0,19.63,10.19,0.87,84.92,0.82,3.1,Meghalaya_Shillong
2011-11-14,0.0,19.46,11.2,0.91,83.99,0.82,3.65,Meghalaya_Shillong
2011-11-15,1.45,18.84,9.39,1.21,89.26,0.82,2.75,Meghalaya_Shillong
2011-11-16,3.11,18.33,9.67,1.14,84.07,0.82,2.77,Meghalaya_Shillong
2011-11-17,0.04,18.7,9.21,0.95,80.27,0.82,3.47,Meghalaya_Shillong
2011-11-18,0.0,20.26,8.88,0.69,79.17,0.82,4.37,Meghalaya_Shillong
2011-11-19,0.0,20.51,9.58,0.88,81.32,0.82,4.52,Meghalaya_Shillong
2011-11-20,0.0,20.4,8.08,1.26,86.46,0.82,4.23,Meghalaya_Shillong
2011-11-21,0.0,20.9,8.6,1.18,84.79,0.81,4.45,Meghalaya_Shillong
2011-11-22,0.0,21.63,8.82,1.06,82.35,0.81,4.93,Meghalaya_Shillong
2011-11-23,0.0,20.66,8.0,1.37,85.79,0.81,4.4,Meghalaya_Shillong
2011-11-24,0.0,21.74,8.1,0.88,74.59,0.8,4.9,Meghalaya_Shillong
2011-11-25,0.0,21.65,10.52,0.67,68.64,0.8,5.15,Meghalaya_Shillong
2011-11-26,0.0,20.95,10.19,0.82,71.12,0.8,4.82,Meghalaya_Shillong
2011-11-27,0.0,19.08,9.73,0.69,82.49,0.8,3.94,Meghalaya_Shillong
2011-11-28,0.03,19.83,8.48,0.8,81.18,0.8,4.7,Meghalaya_Shillong
2011-11-29,0.01,18.83,10.03,0.61,87.07,0.8,3.29,Meghalaya_Shillong
2011-11-30,0.0,20.27,9.98,0.82,85.52,0.8,3.79,Meghalaya_Shillong
2011-12-01,0.0,21.68,10.22,1.05,87.54,0.79,4.13,Meghalaya_Shillong
2011-12-02,0.0,20.97,10.15,0.73,86.4,0.79,4.01,Meghalaya_Shillong
2011-12-03,0.31,18.01,11.4,0.9,89.98,0.79,1.95,Meghalaya_Shillong
2011-12-04,0.25,17.82,10.41,1.01,91.93,0.79,1.64,Meghalaya_Shillong
2011-12-05,0.0,20.08,9.55,0.67,85.95,0.79,3.63,Meghalaya_Shillong
2011-12-06,0.0,20.66,9.31,0.6,84.25,0.79,3.98,Meghalaya_Shillong
2011-12-07,0.0,20.69,10.05,0.73,82.78,0.79,4.07,Meghalaya_Shillong
2011-12-08,0.0,20.32,10.55,0.8,85.2,0.79,3.81,Meghalaya_Shillong
2011-12-09,0.0,19.54,10.1,0.79,87.76,0.79,3.51,Meghalaya_Shillong
2011-12-10,0.0,17.83,8.1,1.17,88.81,0.78,2.83,Meghalaya_Shillong
2011-12-11,0.0,18.16,7.81,0.94,81.91,0.78,3.11,Meghalaya_Shillong
2011-12-12,0.0,17.45,6.67,0.79,83.71,0.78,3.27,Meghalaya_Shillong
2011-12-13,0.0,16.72,6.94,0.78,84.67,0.78,3.04,Meghalaya_Shillong
2011-12-14,0.0,16.13,6.03,0.93,85.79,0.78,2.48,Meghalaya_Shillong
2011-12-15,0.0,16.34,5.05,0.88,83.27,0.78,2.81,Meghalaya_Shillong
2011-12-16,0.0,16.3,4.6,0.83,81.61,0.78,2.76,Meghalaya_Shillong
2011-12-17,0.0,16.14,5.53,0.79,75.11,0.78,2.73,Meghalaya_Shillong
2011-12-18,0.0,17.65,5.11,0.77,68.0,0.78,3.53,Meghalaya_Shillong
2011-12-19,0.0,17.53,6.33,0.73,69.24,0.78,3.49,Meghalaya_Shillong
2011-12-20,0.0,17.76,5.61,0.82,73.65,0.77,3.44,Meghalaya_Shillong
2011-12-21,0.0,17.16,4.76,0.96,81.14,0.77,3.05,Meghalaya_Shillong
2011-12-22,0.0,19.35,4.67,1.13,73.21,0.77,3.79,Meghalaya_Shillong
2011-12-23,0.0,17.91,4.86,0.73,67.66,0.77,3.49,Meghalaya_Shillong
2011-12-24,0.0,16.4,6.07,0.76,67.35,0.77,1.98,Meghalaya_Shillong
2011-12-25,0.0,18.68,6.3,0.91,69.44,0.77,3.35,Meghalaya_Shillong
2011-12-26,0.0,19.01,8.04,0.96,73.23,0.77,3.31,Meghalaya_Shillong
2011-12-27,0.0,18.24,8.63,0.83,67.38,0.77,3.13,Meghalaya_Shillong
2011-12-28,0.0,19.22,9.93,0.61,67.93,0.76,3.52,Meghalaya_Shillong
2011-12-29,0.0,19.09,8.58,0.74,68.55,0.76,3.65,Meghalaya_Shillong
2011-12-30,0.0,18.95,7.38,0.6,65.81,0.76,3.72,Meghalaya_Shillong
2011-12-31,0.0,19.14,6.81,0.8,71.96,0.76,3.95,Meghalaya_Shillong
2012-01-01,0.0,19.66,8.21,0.76,64.83,0.76,3.1,Meghalaya_Shillong
2012-01-02,4.76,15.02,8.49,0.97,77.96,0.77,0.89,Meghalaya_Shillong
2012-01-03,0.82,17.56,6.24,1.31,85.6,0.77,2.67,Meghalaya_Shillong
2012-01-04,0.0,16.07,4.91,1.18,78.98,0.77,2.8,Meghalaya_Shillong
2012-01-05,0.0,17.23,3.8,1.21,76.22,0.76,2.99,Meghalaya_Shillong
2012-01-06,0.0,16.85,6.05,1.02,81.61,0.76,2.69,Meghalaya_Shillong
2012-01-07,0.0,17.57,4.86,1.07,83.19,0.76,2.69,Meghalaya_Shillong
2012-01-08,0.31,17.9,5.31,0.78,78.16,0.76,2.68,Meghalaya_Shillong
2012-01-09,0.84,17.78,6.86,0.83,79.53,0.76,2.4,Meghalaya_Shillong
2012-01-10,0.08,17.15,6.06,1.22,85.46,0.76,2.3,Meghalaya_Shillong
2012-01-11,0.06,16.82,6.45,1.13,80.46,0.76,2.65,Meghalaya_Shillong
2012-01-12,0.01,15.97,5.23,1.11,82.69,0.75,2.41,Meghalaya_Shillong
2012-01-13,0.0,13.44,2.49,1.21,82.17,0.75,1.77,Meghalaya_Shillong
2012-01-14,0.0,15.25,1.84,1.14,80.44,0.75,2.25,Meghalaya_Shillong
2012-01-15,0.0,15.4,2.31,0.9,76.9,0.75,2.29,Meghalaya_Shillong
2012-01-16,0.0,15.11,3.72,1.17,74.61,0.75,2.25,Meghalaya_Shillong
2012-01-17,0.0,15.82,2.58,1.6,75.84,0.75,2.08,Meghalaya_Shillong
2012-01-18,0.0,14.78,3.99,1.71,84.73,0.75,1.43,Meghalaya_Shillong
2012-01-19,2.33,15.57,5.34,1.18,78.31,0.75,1.77,Meghalaya_Shillong
2012-01-20,4.5,14.98,5.21,1.21,82.39,0.75,1.33,Meghalaya_Shillong
2012-01-21,0.14,14.9,4.86,1.42,87.02,0.76,1.43,Meghalaya_Shillong
2012-01-22,0.0,15.5,1.61,0.93,79.21,0.76,2.51,Meghalaya_Shillong
2012-01-23,0.0,16.03,3.45,1.11,78.36,0.75,2.52,Meghalaya_Shillong
2012-01-24,0.0,16.58,3.18,1.21,64.51,0.75,2.7,Meghalaya_Shillong
2012-01-25,0.0,15.62,4.11,1.11,56.67,0.75,2.49,Meghalaya_Shillong
2012-01-26,0.0,16.49,3.58,1.33,61.91,0.74,2.65,Meghalaya_Shillong
2012-01-27,0.0,16.77,3.92,1.53,75.45,0.74,2.45,Meghalaya_Shillong
2012-01-28,0.0,16.35,3.35,1.01,68.0,0.74,2.88,Meghalaya_Shillong
2012-01-29,0.0,17.1,2.6,1.12,77.97,0.74,3.03,Meghalaya_Shillong
2012-01-30,0.0,18.55,4.1,1.08,66.44,0.74,3.53,Meghalaya_Shillong
2012-01-31,0.0,18.06,5.13,0.87,61.01,0.73,3.6,Meghalaya_Shillong
2012-02-01,0.0,17.75,4.73,1.29,55.54,0.73,3.3,Meghalaya_Shillong
2012-02-02,0.0,17.13,3.54,1.03,50.31,0.73,3.21,Meghalaya_Shillong
2012-02-03,0.0,17.77,4.99,1.06,59.52,0.73,3.14,Meghalaya_Shillong
2012-02-04,0.0,18.54,6.25,1.04,59.92,0.73,3.41,Meghalaya_Shillong
2012-02-05,0.0,19.51,5.94,1.32,64.44,0.73,3.49,Meghalaya_Shillong
2012-02-06,0.0,19.41,4.45,1.88,69.2,0.72,3.15,Meghalaya_Shillong
2012-02-07,0.0,18.73,4.86,1.41,72.47,0.72,3.16,Meghalaya_Shillong
2012-02-08,0.0,16.94,9.66,0.93,57.83,0.72,1.75,Meghalaya_Shillong
2012-02-09,0.79,19.23,8.62,1.6,80.93,0.72,2.26,Meghalaya_Shillong
2012-02-10,0.0,18.82,4.89,1.42,63.37,0.72,3.94,Meghalaya_Shillong
2012-02-11,0.0,17.37,3.95,1.44,45.61,0.72,3.54,Meghalaya_Shillong
2012-02-12,0.0,16.51,3.25,1.23,52.17,0.72,3.1,Meghalaya_Shillong
2012-02-13,0.0,19.51,6.07,1.11,53.03,0.71,3.68,Meghalaya_Shillong
2012-02-14,0.0,20.73,7.68,1.52,54.97,0.71,3.74,Meghalaya_Shillong
2012-02-15,0.0,20.76,8.58,1.34,62.99,0.71,3.36,Meghalaya_Shillong
2012-02-16,0.0,21.25,9.03,1.49,66.76,0.71,3.7,Meghalaya_Shillong
2012-02-17,0.0,20.74,8.42,1.3,68.73,0.71,3.22,Meghalaya_Shillong
2012-02-18,0.0,20.51,6.45,1.59,70.31,0.71,3.77,Meghalaya_Shillong
2012-02-19,0.0,20.2,8.36,1.29,49.28,0.7,4.17,Meghalaya_Shillong
2012-02-20,0.0,19.46,8.14,0.92,45.95,0.7,3.85,Meghalaya_Shillong
2012-02-21,0.0,19.45,8.82,0.98,51.68,0.7,3.98,Meghalaya_Shillong
2012-02-22,0.0,20.86,9.43,1.4,62.09,0.7,3.53,Meghalaya_Shillong
2012-02-23,0.0,21.48,7.91,1.74,68.0,0.7,3.78,Meghalaya_Shillong
2012-02-24,0.0,21.07,9.07,1.84,59.68,0.69,3.94,Meghalaya_Shillong
2012-02-25,0.0,22.3,8.68,1.96,51.73,0.69,4.56,Meghalaya_Shillong
2012-02-26,0.0,21.82,6.81,2.19,53.68,0.69,4.64,Meghalaya_Shillong
2012-02-27,0.0,21.97,6.62,1.51,45.75,0.68,4.73,Meghalaya_Shillong
2012-02-28,0.0,19.51,7.06,1.84,44.9,0.68,3.91,Meghalaya_Shillong
2012-02-29,14.62,19.36,7.55,1.84,65.12,0.7,2.53,Meghalaya_Shillong
2012-03-01,0.18,19.51,7.55,1.7,76.51,0.7,3.3,Meghalaya_Shillong
2012-03-02,0.05,19.14,6.92,1.95,54.66,0.7,3.68,Meghalaya_Shillong
2012-03-03,0.89,19.97,9.03,1.55,44.47,0.7,4.09,Meghalaya_Shillong
2012-03-04,4.55,19.19,6.81,1.83,56.19,0.7,3.59,Meghalaya_Shillong
2012-03-05,0.0,19.91,8.54,1.52,60.74,0.7,3.06,Meghalaya_Shillong
2012-03-06,0.79,21.14,9.68,1.97,67.31,0.69,3.4,Meghalaya_Shillong
2012-03-07,5.64,20.93,8.67,2.04,75.75,0.7,2.9,Meghalaya_Shillong
2012-03-08,13.6,21.35,9.79,1.75,78.6,0.72,3.24,Meghalaya_Shillong
2012-03-09,0.0,21.48,10.28,1.53,52.6,0.71,4.58,Meghalaya_Shillong
2012-03-10,0.0,21.75,11.0,1.26,61.42,0.71,4.38,Meghalaya_Shillong
2012-03-11,0.0,23.4,10.49,1.34,45.39,0.7,5.66,Meghalaya_Shillong
2012-03-12,0.0,22.87,7.43,1.54,39.74,0.69,5.35,Meghalaya_Shillong
2012-03-13,0.01,23.75,8.59,1.8,56.24,0.69,4.43,Meghalaya_Shillong
2012-03-14,0.31,20.67,9.64,1.91,76.65,0.68,2.74,Meghalaya_Shillong
2012-03-15,0.0,20.93,8.59,1.75,64.86,0.68,4.22,Meghalaya_Shillong
2012-03-16,0.0,20.44,7.87,1.66,53.6,0.68,4.22,Meghalaya_Shillong
2012-03-17,0.0,22.52,10.07,0.94,50.39,0.67,4.98,Meghalaya_Shillong
2012-03-18,1.54,21.8,8.68,1.11,61.44,0.67,3.81,Meghalaya_Shillong
2012-03-19,0.03,23.48,12.48,1.02,64.03,0.67,4.13,Meghalaya_Shillong
2012-03-20,0.0,23.7,13.5,1.05,71.48,0.67,3.78,Meghalaya_Shillong
2012-03-21,3.86,22.93,13.47,1.67,73.15,0.67,3.43,Meghalaya_Shillong
2012-03-22,0.36,24.61,10.81,2.05,60.71,0.67,5.32,Meghalaya_Shillong
2012-03-23,0.0,24.08,10.95,1.32,35.97,0.67,5.44,Meghalaya_Shillong
2012-03-24,0.0,24.31,8.76,1.28,46.16,0.66,5.03,Meghalaya_Shillong
2012-03-25,0.0,24.26,14.66,1.13,41.3,0.66,4.69,Meghalaya_Shillong
2012-03-26,0.49,24.28,13.57,1.32,56.58,0.66,3.59,Meghalaya_Shillong
2012-03-27,0.59,24.87,14.34,1.46,52.03,0.65,4.19,Meghalaya_Shillong
2012-03-28,0.01,24.84,12.24,1.74,57.02,0.65,4.0,Meghalaya_Shillong
2012-03-29,0.05,26.05,13.11,1.99,50.46,0.65,4.74,Meghalaya_Shillong
2012-03-30,0.0,26.39,12.23,1.63,44.24,0.65,4.75,Meghalaya_Shillong
2012-03-31,0.0,25.26,14.8,0.74,45.61,0.64,3.76,Meghalaya_Shillong
2012-04-01,0.0,27.33,14.04,1.22,54.4,0.64,4.33,Meghalaya_Shillong
2012-04-02,0.0,27.16,17.65,1.12,52.5,0.64,4.18,Meghalaya_Shillong
2012-04-03,0.75,27.37,17.19,1.12,53.85,0.64,4.0,Meghalaya_Shillong
2012-04-04,6.37,23.02,15.82,1.51,77.96,0.65,1.19,Meghalaya_Shillong
2012-04-05,10.78,24.32,14.41,1.5,76.99,0.66,3.0,Meghalaya_Shillong
2012-04-06,28.72,19.4,13.43,1.47,91.3,0.7,0.97,Meghalaya_Shillong
2012-04-07,5.79,19.06,12.0,1.68,90.29,0.72,1.53,Meghalaya_Shillong
2012-04-08,43.34,20.87,12.41,1.88,88.01,0.74,2.35,Meghalaya_Shillong
2012-04-09,10.01,20.31,16.1,2.12,91.05,0.77,1.66,Meghalaya_Shillong
2012-04-10,15.35,21.9,12.15,1.56,84.96,0.77,2.59,Meghalaya_Shillong
2012-04-11,16.41,19.8,14.04,1.03,91.92,0.77,0.98,Meghalaya_Shillong
2012-04-12,13.7,22.01,14.5,2.33,89.74,0.78,2.12,Meghalaya_Shillong
2012-04-13,6.1,20.76,15.95,2.63,91.91,0.77,1.71,Meghalaya_Shillong
2012-04-14,1.26,23.26,15.04,1.91,86.8,0.76,4.11,Meghalaya_Shillong
2012-04-15,14.88,22.27,13.06,1.87,87.28,0.75,3.52,Meghalaya_Shillong
2012-04-16,7.23,23.84,13.44,2.05,82.25,0.76,5.13,Meghalaya_Shillong
2012-04-17,5.86,23.68,13.5,1.87,82.35,0.76,4.82,Meghalaya_Shillong
2012-04-18,18.49,23.39,12.9,2.13,87.91,0.76,3.4,Meghalaya_Shillong
2012-04-19,14.94,23.66,16.37,2.29,87.79,0.77,3.86,Meghalaya_Shillong
2012-04-20,7.85,24.87,16.48,1.26,85.21,0.77,4.54,Meghalaya_Shillong
2012-04-21,13.65,25.47,15.47,1.26,85.21,0.77,4.55,Meghalaya_Shillong
2012-04-22,5.43,23.85,14.43,3.19,80.25,0.77,4.78,Meghalaya_Shillong
2012-04-23,14.81,25.05,13.23,2.79,74.1,0.76,6.57,Meghalaya_Shillong
2012-04-24,20.06,23.49,17.55,2.82,87.26,0.78,3.66,Meghalaya_Shillong
2012-04-25,4.68,23.84,18.1,2.77,87.31,0.79,4.17,Meghalaya_Shillong
2012-04-26,17.21,23.84,17.28,2.35,88.21,0.79,3.77,Meghalaya_Shillong
2012-04-27,9.73,24.28,17.51,2.75,88.36,0.79,3.89,Meghalaya_Shillong
2012-04-28,8.04,23.97,18.0,3.09,87.57,0.79,3.9,Meghalaya_Shillong
2012-04-29,36.36,23.97,18.4,3.05,85.09,0.81,3.31,Meghalaya_Shillong
2012-04-30,32.7,23.57,17.43,2.93,88.53,0.84,2.77,Meghalaya_Shillong
2012-05-01,14.7,22.65,17.83,2.57,90.05,0.85,2.58,Meghalaya_Shillong
2012-05-02,8.44,25.08,16.24,2.07,84.25,0.83,4.69,Meghalaya_Shillong
2012-05-03,12.07,24.81,15.7,0.89,74.26,0.82,5.12,Meghalaya_Shillong
2012-05-04,0.0,23.49,14.53,0.68,73.23,0.81,4.33,Meghalaya_Shillong
2012-05-05,0.0,23.98,13.18,1.08,77.7,0.8,3.95,Meghalaya_Shillong
2012-05-06,0.0,26.08,15.57,1.1,67.93,0.79,6.51,Meghalaya_Shillong
2012-05-07,0.0,27.41,14.91,1.16,63.3,0.79,7.94,Meghalaya_Shillong
2012-05-08,0.0,27.11,15.88,1.24,60.74,0.78,7.56,Meghalaya_Shillong
2012-05-09,0.0,26.09,17.68,0.9,72.4,0.77,5.47,Meghalaya_Shillong
2012-05-10,1.11,26.07,17.39,0.9,80.83,0.77,4.46,Meghalaya_Shillong
2012-05-11,2.75,25.42,16.33,1.22,85.09,0.77,4.91,Meghalaya_Shillong
2012-05-12,15.32,25.48,16.47,1.68,87.2,0.79,4.2,Meghalaya_Shillong
2012-05-13,24.19,23.88,18.0,2.95,90.74,0.82,2.85,Meghalaya_Shillong
2012-05-14,14.29,24.83,20.15,3.37,89.51,0.83,3.43,Meghalaya_Shillong
2012-05-15,7.12,24.84,20.26,2.72,88.75,0.82,3.65,Meghalaya_Shillong
2012-05-16,12.19,24.73,17.98,1.96,87.64,0.82,3.7,Meghalaya_Shillong
2012-05-17,1.72,26.62,16.69,1.3,81.32,0.81,5.77,Meghalaya_Shillong
2012-05-18,0.16,28.18,17.45,0.78,72.5,0.8,6.68,Meghalaya_Shillong
2012-05-19,14.62,27.06,18.92,1.01,82.18,0.81,4.35,Meghalaya_Shillong
2012-05-20,13.09,27.32,18.53,0.93,81.19,0.82,5.37,Meghalaya_Shillong
2012-05-21,3.17,26.61,17.11,1.16,83.01,0.82,4.89,Meghalaya_Shillong
2012-05-22,18.8,26.14,16.17,1.56,87.14,0.82,4.06,Meghalaya_Shillong
2012-05-23,7.27,25.61,18.45,2.05,89.23,0.83,3.6,Meghalaya_Shillong
2012-05-24,5.19,25.71,19.26,2.3,88.88,0.82,4.03,Meghalaya_Shillong
2012-05-25,1.66,26.69,18.38,1.36,79.29,0.82,4.88,Meghalaya_Shillong
2012-05-26,2.07,27.93,19.34,0.74,73.26,0.81,5.47,Meghalaya_Shillong
2012-05-27,1.8,26.93,18.65,1.16,83.57,0.81,4.42,Meghalaya_Shillong
2012-05-28,1.02,24.26,19.26,1.35,93.16,0.81,1.34,Meghalaya_Shillong
2012-05-29,29.86,28.49,17.84,0.67,83.73,0.82,4.75,Meghalaya_Shillong
2012-05-30,29.54,26.97,20.78,0.77,86.87,0.85,1.96,Meghalaya_Shillong
2012-05-31,19.94,24.65,20.53,1.41,92.48,0.88,1.05,Meghalaya_Shillong
2012-06-01,25.39,23.43,19.88,1.9,95.39,0.88,0.59,Meghalaya_Shillong
2012-06-02,15.76,25.02,20.07,2.85,92.36,0.88,2.0,Meghalaya_Shillong
2012-06-03,87.53,24.93,20.67,4.28,93.07,0.91,1.62,Meghalaya_Shillong
2012-06-04,30.84,24.79,20.45,3.67,92.8,0.95,1.77,Meghalaya_Shillong
2012-06-05,20.52,25.5,20.05,3.07,90.83,0.94,2.81,Meghalaya_Shillong
2012-06-06,10.02,26.33,18.53,1.47,87.32,0.93,3.53,Meghalaya_Shillong
2012-06-07,6.61,26.36,17.47,1.09,85.36,0.93,4.04,Meghalaya_Shillong
2012-06-08,5.28,25.73,19.61,0.89,89.9,0.92,2.19,Meghalaya_Shillong
2012-06-09,8.67,26.37,19.29,1.17,88.89,0.92,2.81,Meghalaya_Shillong
2012-06-10,16.32,24.13,20.81,2.29,93.45,0.93,1.26,Meghalaya_Shillong
2012-06-11,43.96,24.51,19.02,2.37,90.58,0.95,2.21,Meghalaya_Shillong
2012-06-12,15.77,26.27,18.21,1.47,89.19,0.96,3.24,Meghalaya_Shillong
2012-06-13,27.68,25.78,19.63,2.49,91.24,0.96,2.42,Meghalaya_Shillong
2012-06-14,65.38,25.5,20.47,3.9,92.98,0.97,1.66,Meghalaya_Shillong
2012-06-15,48.33,24.97,20.09,3.91,93.62,0.99,1.33,Meghalaya_Shillong
2012-06-16,7.86,24.28,19.3,2.23,92.49,0.99,1.68,Meghalaya_Shillong
2012-06-17,5.42,25.35,18.1,1.01,86.85,0.98,3.08,Meghalaya_Shillong
2012-06-18,5.4,27.42,19.9,0.8,83.52,0.97,4.07,Meghalaya_Shillong
2012-06-19,3.92,25.71,20.18,0.99,87.99,0.97,2.24,Meghalaya_Shillong
2012-06-20,23.44,25.59,20.17,2.22,91.64,0.97,1.95,Meghalaya_Shillong
2012-06-21,11.84,24.22,20.9,2.65,94.43,0.98,0.99,Meghalaya_Shillong
2012-06-22,28.58,22.81,20.47,2.17,96.04,0.98,0.42,Meghalaya_Shillong
2012-06-23,27.16,23.08,20.08,3.34,94.91,0.99,0.89,Meghalaya_Shillong
2012-06-24,42.68,23.86,20.02,3.97,96.17,0.99,0.64,Meghalaya_Shillong
2012-06-25,92.58,23.28,20.89,4.5,96.46,1.0,0.54,Meghalaya_Shillong
2012-06-26,66.59,23.74,20.79,4.46,95.65,1.0,0.63,Meghalaya_Shillong
2012-06-27,11.25,22.98,20.48,3.66,95.62,1.0,0.78,Meghalaya_Shillong
2012-06-28,0.23,24.12,19.76,1.88,92.39,0.99,1.43,Meghalaya_Shillong
2012-06-29,0.0,27.1,18.7,1.01,84.75,0.99,3.57,Meghalaya_Shillong
2012-06-30,0.01,27.66,19.12,0.98,85.2,0.98,3.44,Meghalaya_Shillong
2012-07-01,6.66,27.2,20.5,0.83,87.27,0.98,2.59,Meghalaya_Shillong
2012-07-02,44.47,27.47,20.95,1.41,88.52,0.99,2.59,Meghalaya_Shillong
2012-07-03,5.7,25.69,19.69,2.42,92.76,0.99,1.9,Meghalaya_Shillong
2012-07-04,3.07,24.72,19.83,2.67,92.8,0.99,1.61,Meghalaya_Shillong
2012-07-05,25.71,25.61,19.23,1.95,91.78,0.98,1.89,Meghalaya_Shillong
2012-07-06,13.01,26.26,19.51,1.96,90.68,0.99,2.61,Meghalaya_Shillong
2012-07-07,3.67,25.66,20.02,1.65,91.71,0.98,2.12,Meghalaya_Shillong
2012-07-08,2.21,26.18,20.06,2.24,91.42,0.98,2.3,Meghalaya_Shillong
2012-07-09,30.28,25.86,19.79,2.54,90.65,0.98,2.31,Meghalaya_Shillong
2012-07-10,16.24,26.21,19.52,1.97,89.9,0.99,2.9,Meghalaya_Shillong
2012-07-11,11.41,24.9,20.18,2.7,93.67,0.99,1.6,Meghalaya_Shillong
2012-07-12,9.49,24.64,21.26,2.51,95.28,0.99,0.85,Meghalaya_Shillong
2012-07-13,36.24,24.29,21.41,2.27,95.46,0.99,0.66,Meghalaya_Shillong
2012-07-14,36.27,24.24,20.85,2.35,95.02,1.0,0.62,Meghalaya_Shillong
2012-07-15,20.25,23.13,20.44,4.07,95.81,1.0,0.67,Meghalaya_Shillong
2012-07-16,9.91,23.99,19.75,3.59,94.67,1.0,0.97,Meghalaya_Shillong
2012-07-17,42.76,23.75,20.67,2.98,95.46,1.0,0.56,Meghalaya_Shillong
2012-07-18,25.21,25.97,20.97,1.49,93.33,1.0,0.91,Meghalaya_Shillong
2012-07-19,8.67,25.15,21.02,1.73,92.92,1.0,1.14,Meghalaya_Shillong
2012-07-20,45.92,26.31,20.23,1.36,90.98,1.0,1.68,Meghalaya_Shillong
2012-07-21,18.41,24.3,20.78,2.63,95.07,1.0,0.77,Meghalaya_Shillong
2012-07-22,13.37,24.43,20.17,3.47,94.07,1.0,1.33,Meghalaya_Shillong
2012-07-23,10.49,23.82,20.53,3.12,94.72,1.0,0.98,Meghalaya_Shillong
2012-07-24,11.9,24.58,21.13,2.24,94.24,1.0,1.09,Meghalaya_Shillong
2012-07-25,14.24,26.57,20.47,1.56,90.96,1.0,1.86,Meghalaya_Shillong
2012-07-26,8.83,26.67,20.57,1.72,92.61,1.0,1.82,Meghalaya_Shillong
2012-07-27,35.63,25.22,20.09,2.69,93.44,1.0,1.31,Meghalaya_Shillong
2012-07-28,21.14,24.29,20.56,2.77,94.35,1.0,1.01,Meghalaya_Shillong
2012-07-29,13.65,26.38,20.6,1.77,89.95,1.0,1.47,Meghalaya_Shillong
2012-07-30,5.2,25.59,20.19,2.68,90.66,0.99,2.44,Meghalaya_Shillong
2012-07-31,0.62,25.93,19.64,1.82,91.36,0.99,2.22,Meghalaya_Shillong
2012-08-01,18.54,23.79,20.67,2.55,94.23,0.99,1.04,Meghalaya_Shillong
2012-08-02,11.07,23.1,20.49,1.81,96.73,1.0,0.41,Meghalaya_Shillong
2012-08-03,5.72,24.23,20.11,0.9,93.53,0.99,0.63,Meghalaya_Shillong
2012-08-04,15.63,25.4,20.05,1.35,92.91,0.99,1.29,Meghalaya_Shillong
2012-08-05,35.87,25.71,20.48,1.6,90.67,1.0,1.82,Meghalaya_Shillong
2012-08-06,11.83,24.49,20.63,1.92,95.07,1.0,0.81,Meghalaya_Shillong
2012-08-07,21.34,24.02,20.65,1.76,95.04,1.0,0.7,Meghalaya_Shillong
2012-08-08,11.44,23.72,20.39,1.31,96.83,1.0,0.29,Meghalaya_Shillong
2012-08-09,16.72,26.87,20.07,1.18,88.17,1.0,1.62,Meghalaya_Shillong
2012-08-10,24.87,25.47,20.37,1.35,92.8,1.0,1.27,Meghalaya_Shillong
2012-08-11,8.02,24.38,20.03,1.55,92.59,1.0,1.08,Meghalaya_Shillong
2012-08-12,11.13,23.09,20.05,1.57,95.2,1.0,0.63,Meghalaya_Shillong
2012-08-13,2.51,24.72,20.2,1.58,93.51,1.0,1.34,Meghalaya_Shillong
2012-08-14,10.53,26.71,19.46,1.18,91.4,0.99,2.26,Meghalaya_Shillong
2012-08-15,5.17,27.47,20.73,0.67,87.58,0.99,2.2,Meghalaya_Shillong
2012-08-16,11.18,26.12,20.33,1.24,90.44,0.99,1.53,Meghalaya_Shillong
2012-08-17,7.95,27.72,21.22,1.2,88.9,0.99,2.96,Meghalaya_Shillong
2012-08-18,3.15,28.85,20.34,1.16,87.3,0.99,4.01,Meghalaya_Shillong
2012-08-19,8.34,24.39,20.8,2.21,94.49,0.98,0.96,Meghalaya_Shillong
2012-08-20,17.24,22.48,19.77,3.08,96.14,0.99,0.64,Meghalaya_Shillong
2012-08-21,36.74,24.47,19.73,2.66,95.16,1.0,0.91,Meghalaya_Shillong
2012-08-22,44.52,23.72,20.83,2.06,94.73,1.0,0.78,Meghalaya_Shillong
2012-08-23,17.29,23.16,19.71,1.68,95.82,1.0,0.54,Meghalaya_Shillong
2012-08-24,0.79,26.72,18.85,0.58,88.19,1.0,2.48,Meghalaya_Shillong
2012-08-25,1.31,23.61,20.75,1.49,96.39,0.99,0.51,Meghalaya_Shillong
2012-08-26,9.85,24.81,20.25,1.03,94.55,0.99,0.88,Meghalaya_Shillong
2012-08-27,1.48,24.19,20.19,1.02,93.86,0.99,1.04,Meghalaya_Shillong
2012-08-28,8.42,26.51,19.45,1.01,91.12,0.99,2.21,Meghalaya_Shillong
2012-08-29,13.04,26.62,20.58,0.96,92.2,0.99,1.61,Meghalaya_Shillong
2012-08-30,9.8,23.61,21.18,1.72,97.16,0.99,0.36,Meghalaya_Shillong
2012-08-31,0.97,25.15,20.38,2.64,93.02,0.99,1.87,Meghalaya_Shillong
2012-09-01,0.97,23.76,20.94,1.36,95.54,0.99,0.64,Meghalaya_Shillong
2012-09-02,25.66,23.41,20.02,1.03,96.05,0.99,0.41,Meghalaya_Shillong
2012-09-03,1.76,23.52,19.47,1.09,94.67,0.99,0.74,Meghalaya_Shillong
2012-09-04,9.05,21.99,19.26,1.31,94.91,0.99,0.43,Meghalaya_Shillong
2012-09-05,9.34,24.35,17.27,1.6,92.42,0.99,1.11,Meghalaya_Shillong
2012-09-06,12.33,26.22,18.5,0.81,86.72,0.99,2.19,Meghalaya_Shillong
2012-09-07,0.45,28.41,19.34,0.88,84.79,0.99,4.05,Meghalaya_Shillong
2012-09-08,1.14,27.47,20.46,1.16,88.02,0.99,2.51,Meghalaya_Shillong
2012-09-09,7.52,26.63,20.49,1.3,91.56,0.98,1.98,Meghalaya_Shillong
2012-09-10,6.52,24.81,19.64,1.63,92.55,0.99,1.77,Meghalaya_Shillong
2012-09-11,21.49,23.4,20.44,2.55,95.91,0.99,0.69,Meghalaya_Shillong
2012-09-12,12.86,22.49,20.54,2.84,96.33,0.99,0.57,Meghalaya_Shillong
2012-09-13,7.42,22.74,20.29,2.02,95.64,0.99,0.72,Meghalaya_Shillong
2012-09-14,18.43,22.34,18.69,1.91,96.34,1.0,0.43,Meghalaya_Shillong
2012-09-15,11.52,24.53,18.48,1.86,92.63,0.99,1.9,Meghalaya_Shillong
2012-09-16,10.42,23.1,18.77,2.08,94.09,1.0,1.12,Meghalaya_Shillong
2012-09-17,5.23,25.04,17.98,1.32,91.74,0.99,1.74,Meghalaya_Shillong
2012-09-18,2.09,24.33,19.71,2.62,93.64,0.99,1.91,Meghalaya_Shillong
2012-09-19,2.77,24.14,20.47,3.4,94.58,0.99,1.63,Meghalaya_Shillong
2012-09-20,4.36,23.31,20.51,3.61,95.56,0.98,1.12,Meghalaya_Shillong
2012-09-21,3.24,22.91,20.76,3.42,96.24,0.98,0.84,Meghalaya_Shillong
2012-09-22,5.88,22.69,20.38,2.95,96.93,0.98,0.44,Meghalaya_Shillong
2012-09-23,20.02,22.67,20.82,2.47,97.65,0.99,0.24,Meghalaya_Shillong
2012-09-24,7.37,22.87,18.92,1.59,94.44,0.99,1.26,Meghalaya_Shillong
2012-09-25,0.15,24.83,17.88,1.05,89.62,0.99,2.93,Meghalaya_Shillong
2012-09-26,0.1,24.07,19.19,0.69,88.78,0.98,1.62,Meghalaya_Shillong
2012-09-27,0.47,25.24,19.73,0.75,89.07,0.98,2.08,Meghalaya_Shillong
2012-09-28,0.13,25.24,20.69,0.68,83.93,0.98,2.01,Meghalaya_Shillong
2012-09-29,1.16,24.51,20.39,0.74,89.93,0.98,1.42,Meghalaya_Shillong
2012-09-30,5.48,22.4,18.48,1.12,95.07,0.98,0.66,Meghalaya_Shillong
2012-10-01,25.22,23.89,17.97,1.08,93.13,0.98,1.17,Meghalaya_Shillong
2012-10-02,12.96,23.06,19.92,2.23,97.0,0.99,0.39,Meghalaya_Shillong
2012-10-03,11.14,22.09,20.22,2.99,97.51,0.99,0.26,Meghalaya_Shillong
2012-10-04,8.65,21.65,19.12,2.82,97.25,0.99,0.33,Meghalaya_Shillong
2012-10-05,3.11,24.3,18.6,1.23,90.01,0.99,2.7,Meghalaya_Shillong
2012-10-06,2.36,24.1,16.54,1.05,89.25,0.99,3.11,Meghalaya_Shillong
2012-10-07,0.0,26.42,18.09,0.64,85.06,0.98,5.18,Meghalaya_Shillong
2012-10-08,0.84,25.54,19.17,0.88,86.89,0.98,3.99,Meghalaya_Shillong
2012-10-09,67.73,24.66,18.86,0.53,88.93,0.99,0.89,Meghalaya_Shillong
2012-10-10,8.16,22.75,18.66,1.03,93.48,0.99,0.79,Meghalaya_Shillong
2012-10-11,11.66,23.43,18.56,1.41,94.29,0.99,1.07,Meghalaya_Shillong
2012-10-12,0.45,23.45,16.07,1.73,90.63,0.99,3.06,Meghalaya_Shillong
2012-10-13,0.0,23.02,13.9,1.15,77.62,0.98,4.53,Meghalaya_Shillong
2012-10-14,0.0,23.44,15.73,1.03,74.98,0.98,4.38,Meghalaya_Shillong
2012-10-15,0.0,24.36,15.88,1.0,80.12,0.97,4.71,Meghalaya_Shillong
2012-10-16,0.0,24.67,15.42,0.71,74.38,0.97,5.48,Meghalaya_Shillong
2012-10-17,0.01,24.37,15.87,0.86,79.32,0.97,5.15,Meghalaya_Shillong
2012-10-18,0.0,23.78,14.87,0.96,83.34,0.96,4.58,Meghalaya_Shillong
2012-10-19,0.3,23.96,16.26,0.98,75.18,0.96,4.94,Meghalaya_Shillong
2012-10-20,0.0,24.11,14.52,0.79,79.0,0.95,5.69,Meghalaya_Shillong
2012-10-21,0.0,23.9,13.98,0.8,83.53,0.95,4.88,Meghalaya_Shillong
2012-10-22,0.0,24.42,13.6,0.89,80.89,0.94,5.53,Meghalaya_Shillong
2012-10-23,0.0,23.38,12.87,0.96,87.7,0.94,4.8,Meghalaya_Shillong
2012-10-24,0.0,22.56,13.23,1.06,89.56,0.93,4.29,Meghalaya_Shillong
2012-10-25,0.0,22.67,11.33,0.95,70.97,0.93,5.48,Meghalaya_Shillong
2012-10-26,0.0,22.48,13.09,0.92,76.81,0.92,4.96,Meghalaya_Shillong
2012-10-27,0.0,24.27,12.08,0.82,80.59,0.92,5.7,Meghalaya_Shillong
2012-10-28,0.0,24.38,13.93,0.94,82.7,0.92,5.14,Meghalaya_Shillong
2012-10-29,0.0,24.61,14.22,0.82,80.78,0.91,5.74,Meghalaya_Shillong
2012-10-30,0.0,25.18,14.33,0.71,74.64,0.91,6.36,Meghalaya_Shillong
2012-10-31,0.0,24.92,14.75,0.79,77.77,0.9,6.41,Meghalaya_Shillong
2012-11-01,0.0,25.92,14.86,0.77,76.73,0.9,6.41,Meghalaya_Shillong
2012-11-02,0.0,22.03,14.16,0.89,72.23,0.89,4.5,Meghalaya_Shillong
2012-11-03,0.18,22.11,13.69,0.89,66.22,0.89,3.84,Meghalaya_Shillong
2012-11-04,1.04,21.64,13.23,1.06,79.56,0.89,3.66,Meghalaya_Shillong
2012-11-05,7.64,22.06,12.52,1.06,85.32,0.89,3.01,Meghalaya_Shillong
2012-11-06,13.11,20.35,15.48,1.02,96.35,0.9,0.49,Meghalaya_Shillong
2012-11-07,1.14,22.57,11.3,1.13,89.59,0.9,3.65,Meghalaya_Shillong
2012-11-08,0.01,20.28,9.25,1.19,77.15,0.89,4.47,Meghalaya_Shillong
2012-11-09,0.01,20.01,8.34,0.88,71.42,0.89,5.07,Meghalaya_Shillong
2012-11-10,0.0,20.32,9.08,0.79,78.65,0.89,4.6,Meghalaya_Shillong
2012-11-11,0.0,20.47,12.25,0.86,81.32,0.88,4.01,Meghalaya_Shillong
2012-11-12,0.0,21.09,11.42,0.96,84.35,0.88,4.48,Meghalaya_Shillong
2012-11-13,0.0,20.89,11.97,1.17,86.29,0.88,4.13,Meghalaya_Shillong
2012-11-14,0.0,20.65,11.7,0.81,79.88,0.87,4.95,Meghalaya_Shillong
2012-11-15,0.0,21.72,11.44,0.6,79.59,0.87,5.67,Meghalaya_Shillong
2012-11-16,0.0,21.79,9.06,1.31,85.47,0.87,4.55,Meghalaya_Shillong
2012-11-17,0.0,23.26,11.88,0.94,75.29,0.86,5.17,Meghalaya_Shillong
2012-11-18,0.0,23.16,12.73,1.05,83.58,0.86,4.95,Meghalaya_Shillong
2012-11-19,0.01,22.97,12.41,0.87,76.92,0.86,5.6,Meghalaya_Shillong
2012-11-20,0.0,22.89,12.96,1.11,75.85,0.85,4.96,Meghalaya_Shillong
2012-11-21,0.0,21.96,12.57,1.06,69.66,0.85,4.91,Meghalaya_Shillong
2012-11-22,0.0,19.97,10.34,1.21,64.46,0.85,4.44,Meghalaya_Shillong
2012-11-23,0.0,21.09,7.97,1.02,66.4,0.85,4.66,Meghalaya_Shillong
2012-11-24,0.0,20.13,7.2,1.24,65.12,0.84,4.36,Meghalaya_Shillong
2012-11-25,0.0,18.04,5.34,1.35,68.76,0.84,3.65,Meghalaya_Shillong
2012-11-26,0.0,19.11,7.19,0.91,65.83,0.84,3.61,Meghalaya_Shillong
2012-11-27,0.0,19.0,8.7,1.01,68.27,0.84,3.72,Meghalaya_Shillong
2012-11-28,0.0,19.24,8.59,0.96,70.68,0.84,3.41,Meghalaya_Shillong
2012-11-29,0.0,20.27,7.53,0.92,79.68,0.83,4.05,Meghalaya_Shillong
2012-11-30,0.0,19.94,9.29,1.01,81.19,0.83,3.74,Meghalaya_Shillong
2012-12-01,0.0,20.21,9.45,0.93,63.97,0.83,4.3,Meghalaya_Shillong
2012-12-02,0.0,20.19,9.11,0.94,79.06,0.83,3.95,Meghalaya_Shillong
2012-12-03,0.0,20.94,8.06,1.13,85.82,0.83,3.81,Meghalaya_Shillong
2012-12-04,0.0,21.34,7.56,0.99,67.37,0.82,4.24,Meghalaya_Shillong
2012-12-05,0.0,21.31,8.14,0.91,62.63,0.82,4.19,Meghalaya_Shillong
2012-12-06,0.0,21.41,10.52,0.79,75.42,0.82,4.15,Meghalaya_Shillong
2012-12-07,0.0,19.56,8.96,0.86,82.75,0.82,2.89,Meghalaya_Shillong
2012-12-08,0.0,18.5,8.39,1.21,83.95,0.82,2.81,Meghalaya_Shillong
2012-12-09,0.0,18.12,7.44,1.41,82.94,0.82,2.78,Meghalaya_Shillong
2012-12-10,0.0,18.22,7.0,1.36,66.55,0.82,3.14,Meghalaya_Shillong
2012-12-11,0.0,18.15,6.51,1.3,64.23,0.81,2.92,Meghalaya_Shillong
2012-12-12,0.08,17.4,8.45,1.35,89.48,0.81,1.24,Meghalaya_Shillong
2012-12-13,0.01,17.6,7.08,1.32,84.24,0.81,2.76,Meghalaya_Shillong
2012-12-14,0.0,17.83,7.18,1.14,65.97,0.81,3.03,Meghalaya_Shillong
2012-12-15,0.0,19.25,7.57,0.95,70.91,0.81,3.55,Meghalaya_Shillong
2012-12-16,0.0,18.93,7.89,0.88,75.13,0.81,3.35,Meghalaya_Shillong
2012-12-17,0.0,19.35,7.76,0.99,65.15,0.8,3.59,Meghalaya_Shillong
2012-12-18,0.0,19.54,7.02,0.93,77.11,0.8,3.3,Meghalaya_Shillong
2012-12-19,0.0,16.88,6.51,1.06,88.45,0.8,2.21,Meghalaya_Shillong
2012-12-20,0.0,15.18,2.85,1.38,82.02,0.8,2.31,Meghalaya_Shillong
2012-12-21,0.0,16.65,5.48,1.05,64.01,0.8,2.93,Meghalaya_Shillong
2012-12-22,0.0,19.0,5.02,0.96,69.77,0.8,3.23,Meghalaya_Shillong
2012-12-23,0.0,19.57,4.53,1.4,78.45,0.8,3.39,Meghalaya_Shillong
2012-12-24,0.0,19.74,8.38,1.11,72.41,0.79,3.65,Meghalaya_Shillong
2012-12-25,0.0,18.02,7.89,0.94,72.77,0.79,3.33,Meghalaya_Shillong
2012-12-26,0.0,17.63,5.07,0.98,66.13,0.79,3.29,Meghalaya_Shillong
2012-12-27,0.0,17.84,3.37,1.23,76.89,0.79,3.04,Meghalaya_Shillong
2012-12-28,0.0,17.99,6.32,1.1,71.84,0.79,3.25,Meghalaya_Shillong
2012-12-29,0.0,17.71,6.74,0.91,76.58,0.79,3.42,Meghalaya_Shillong
2012-12-30,0.1,17.83,6.62,0.88,77.53,0.79,3.05,Meghalaya_Shillong
2012-12-31,37.69,16.18,5.75,0.98,80.25,0.82,2.16,Meghalaya_Shillong
2013-01-01,0.0,19.39,8.01,0.69,62.2,0.82,3.35,Meghalaya_Shillong
2013-01-02,0.0,19.23,7.04,0.95,72.97,0.81,3.24,Meghalaya_Shillong
2013-01-03,0.0,16.86,6.22,1.26,79.52,0.8,2.03,Meghalaya_Shillong
2013-01-04,0.0,16.76,6.78,1.26,88.61,0.8,1.99,Meghalaya_Shillong
2013-01-05,0.0,16.43,5.54,1.17,66.17,0.8,2.53,Meghalaya_Shillong
2013-01-06,0.0,18.63,5.92,1.27,49.61,0.79,3.0,Meghalaya_Shillong
2013-01-07,0.0,15.36,2.45,1.78,67.08,0.79,2.01,Meghalaya_Shillong
2013-01-08,0.0,14.37,0.53,1.5,46.18,0.79,2.46,Meghalaya_Shillong
2013-01-09,0.0,13.93,0.32,1.2,51.76,0.79,2.09,Meghalaya_Shillong
2013-01-10,0.0,13.84,1.06,1.04,62.03,0.79,1.9,Meghalaya_Shillong
2013-01-11,0.0,14.86,1.92,0.8,72.75,0.79,2.18,Meghalaya_Shillong
2013-01-12,0.0,17.0,2.07,1.04,77.72,0.79,2.4,Meghalaya_Shillong
2013-01-13,0.0,17.13,4.84,1.0,81.62,0.78,2.58,Meghalaya_Shillong
2013-01-14,0.0,17.48,5.89,1.2,78.67,0.78,2.48,Meghalaya_Shillong
2013-01-15,0.0,17.53,6.32,0.92,74.38,0.78,2.66,Meghalaya_Shillong
2013-01-16,0.0,18.68,7.37,0.95,66.95,0.78,3.05,Meghalaya_Shillong
2013-01-17,0.0,20.45,7.86,1.08,68.81,0.78,3.19,Meghalaya_Shillong
2013-01-18,0.0,20.54,9.37,0.82,70.73,0.78,2.92,Meghalaya_Shillong
2013-01-19,0.0,20.49,8.2,1.14,72.79,0.78,3.17,Meghalaya_Shillong
2013-01-20,0.0,19.39,6.69,1.6,81.45,0.77,3.01,Meghalaya_Shillong
2013-01-21,0.0,18.93,5.02,1.33,48.0,0.77,3.67,Meghalaya_Shillong
2013-01-22,0.0,18.94,3.81,1.13,54.02,0.77,3.46,Meghalaya_Shillong
2013-01-23,0.0,19.18,6.25,1.29,65.21,0.77,3.35,Meghalaya_Shillong
2013-01-24,0.0,19.02,5.78,1.35,55.28,0.77,3.31,Meghalaya_Shillong
2013-01-25,0.0,18.48,4.74,1.24,41.6,0.77,3.49,Meghalaya_Shillong
2013-01-26,0.0,17.78,4.97,1.09,48.73,0.76,3.22,Meghalaya_Shillong
2013-01-27,0.0,18.09,5.99,1.13,55.36,0.76,3.12,Meghalaya_Shillong
2013-01-28,0.0,18.67,7.66,1.14,62.76,0.76,2.57,Meghalaya_Shillong
2013-01-29,0.0,19.36,7.19,1.25,71.71,0.76,3.19,Meghalaya_Shillong
2013-01-30,0.0,18.78,7.08,1.04,63.16,0.76,3.08,Meghalaya_Shillong
2013-01-31,0.0,19.16,7.2,0.81,57.4,0.76,2.78,Meghalaya_Shillong
2013-02-01,0.0,17.38,10.05,0.88,66.54,0.76,1.27,Meghalaya_Shillong
2013-02-02,0.0,19.16,9.19,1.16,66.62,0.76,3.14,Meghalaya_Shillong
2013-02-03,0.0,19.23,8.83,1.02,71.43,0.76,2.19,Meghalaya_Shillong
2013-02-04,0.0,20.74,9.27,0.78,62.57,0.76,3.81,Meghalaya_Shillong
2013-02-05,0.0,22.52,9.61,0.99,71.1,0.75,4.33,Meghalaya_Shillong
2013-02-06,0.0,23.86,10.2,1.16,68.96,0.75,4.91,Meghalaya_Shillong
2013-02-07,0.0,23.0,9.77,1.45,70.06,0.75,4.23,Meghalaya_Shillong
2013-02-08,0.0,22.02,9.44,1.45,70.47,0.75,3.47,Meghalaya_Shillong
2013-02-09,0.0,21.35,8.79,1.11,47.64,0.74,4.62,Meghalaya_Shillong
2013-02-10,0.0,22.02,7.54,1.16,50.77,0.74,4.63,Meghalaya_Shillong
2013-02-11,0.0,22.78,8.35,1.16,49.0,0.74,4.8,Meghalaya_Shillong
2013-02-12,0.0,23.67,7.38,1.18,48.7,0.74,4.52,Meghalaya_Shillong
2013-02-13,0.0,23.71,7.65,1.58,50.89,0.73,4.78,Meghalaya_Shillong
2013-02-14,0.0,22.23,6.18,1.92,55.61,0.73,4.79,Meghalaya_Shillong
2013-02-15,0.0,22.8,6.78,1.49,50.23,0.73,4.8,Meghalaya_Shillong
2013-02-16,0.0,24.38,11.57,1.25,53.4,0.73,4.96,Meghalaya_Shillong
2013-02-17,4.06,18.84,10.74,1.72,77.02,0.73,1.83,Meghalaya_Shillong
2013-02-18,5.94,17.72,7.27,1.6,76.88,0.74,2.76,Meghalaya_Shillong
2013-02-19,0.0,19.36,7.58,0.99,58.75,0.74,4.07,Meghalaya_Shillong
2013-02-20,0.0,20.54,6.91,1.23,67.46,0.73,4.04,Meghalaya_Shillong
2013-02-21,0.0,22.37,7.86,0.96,58.88,0.73,5.02,Meghalaya_Shillong
2013-02-22,0.0,23.71,8.41,1.08,63.11,0.73,5.13,Meghalaya_Shillong
2013-02-23,0.0,24.97,10.83,1.01,66.87,0.72,5.13,Meghalaya_Shillong
2013-02-24,0.0,24.48,12.12,1.02,60.06,0.72,5.17,Meghalaya_Shillong
2013-02-25,0.0,23.01,8.95,1.72,59.91,0.71,5.18,Meghalaya_Shillong
2013-02-26,0.0,23.56,8.21,1.22,58.15,0.71,5.31,Meghalaya_Shillong
2013-02-27,0.0,23.42,10.44,1.18,59.89,0.71,5.09,Meghalaya_Shillong
2013-02-28,0.0,23.09,8.83,1.64,54.92,0.71,5.28,Meghalaya_Shillong
2013-03-01,0.0,23.31,6.42,1.55,55.31,0.7,5.12,Meghalaya_Shillong
2013-03-02,0.0,24.01,9.06,1.14,46.32,0.7,5.37,Meghalaya_Shillong
2013-03-03,0.0,24.31,12.34,1.25,48.93,0.7,5.36,Meghalaya_Shillong
2013-03-04,0.0,27.05,11.8,0.97,50.85,0.69,5.58,Meghalaya_Shillong
2013-03-05,0.0,25.22,12.05,0.94,50.79,0.69,5.62,Meghalaya_Shillong
2013-03-06,0.0,23.47,11.31,1.28,57.82,0.69,4.9,Meghalaya_Shillong
2013-03-07,0.0,23.66,11.83,1.12,59.23,0.69,5.03,Meghalaya_Shillong
2013-03-08,0.0,23.89,11.12,1.13,56.98,0.68,5.06,Meghalaya_Shillong
2013-03-09,0.0,22.84,9.56,1.72,59.99,0.68,4.63,Meghalaya_Shillong
2013-03-10,0.0,22.95,11.26,1.42,54.18,0.68,4.8,Meghalaya_Shillong
2013-03-11,0.99,22.75,11.18,1.39,58.3,0.68,3.76,Meghalaya_Shillong
2013-03-12,0.2,23.29,12.43,1.37,60.0,0.68,4.26,Meghalaya_Shillong
2013-03-13,2.93,22.26,12.35,1.3,81.06,0.68,3.05,Meghalaya_Shillong
2013-03-14,0.03,24.38,14.2,0.88,74.17,0.68,4.48,Meghalaya_Shillong
2013-03-15,0.0,24.52,14.38,1.21,72.97,0.68,4.07,Meghalaya_Shillong
2013-03-16,0.0,25.26,11.87,1.77,59.44,0.68,5.41,Meghalaya_Shillong
2013-03-17,0.07,24.39,10.7,2.12,57.55,0.67,5.11,Meghalaya_Shillong
2013-03-18,0.05,21.33,9.38,2.09,62.44,0.67,3.92,Meghalaya_Shillong
2013-03-19,0.0,22.37,9.19,1.53,55.49,0.67,4.29,Meghalaya_Shillong
2013-03-20,0.0,23.48,13.84,0.78,51.47,0.66,4.57,Meghalaya_Shillong
2013-03-21,3.39,22.13,13.65,1.45,68.92,0.67,2.95,Meghalaya_Shillong
2013-03-22,9.35,22.11,12.97,1.45,64.9,0.68,3.62,Meghalaya_Shillong
2013-03-23,1.42,24.21,14.01,1.03,59.41,0.68,5.34,Meghalaya_Shillong
2013-03-24,0.77,24.58,13.59,1.07,69.96,0.68,4.69,Meghalaya_Shillong
2013-03-25,0.14,24.79,11.88,2.09,59.84,0.67,5.55,Meghalaya_Shillong
2013-03-26,0.07,24.26,11.88,2.02,59.59,0.67,5.11,Meghalaya_Shillong
2013-03-27,0.0,24.83,10.86,1.77,45.81,0.66,5.33,Meghalaya_Shillong
2013-03-28,0.0,24.37,13.52,1.54,44.7,0.66,4.04,Meghalaya_Shillong
2013-03-29,0.0,25.5,11.3,1.91,56.3,0.66,4.92,Meghalaya_Shillong
2013-03-30,2.0,24.91,11.84,1.99,70.83,0.65,3.89,Meghalaya_Shillong
2013-03-31,4.27,25.82,13.42,1.81,65.14,0.66,4.62,Meghalaya_Shillong
2013-04-01,1.64,25.28,13.9,1.67,62.2,0.66,4.74,Meghalaya_Shillong
2013-04-02,0.36,25.61,13.39,1.53,67.56,0.66,4.76,Meghalaya_Shillong
2013-04-03,0.93,25.54,13.67,1.9,63.88,0.65,3.94,Meghalaya_Shillong
2013-04-04,0.58,26.63,12.85,2.67,58.2,0.65,5.14,Meghalaya_Shillong
2013-04-05,0.01,26.32,11.75,2.01,50.13,0.65,5.28,Meghalaya_Shillong
2013-04-06,0.0,25.58,10.33,2.08,43.96,0.64,4.81,Meghalaya_Shillong
2013-04-07,0.0,25.69,10.64,1.68,52.05,0.64,3.97,Meghalaya_Shillong
2013-04-08,0.0,25.77,12.14,1.44,69.2,0.63,3.42,Meghalaya_Shillong
2013-04-09,0.0,27.15,14.04,1.39,69.16,0.63,3.77,Meghalaya_Shillong
2013-04-10,3.8,26.56,14.71,1.7,75.43,0.63,3.52,Meghalaya_Shillong
2013-04-11,2.56,25.73,14.87,2.1,77.82,0.64,3.25,Meghalaya_Shillong
2013-04-12,0.14,26.81,15.64,2.13,74.03,0.64,3.96,Meghalaya_Shillong
2013-04-13,0.13,27.39,16.6,1.95,74.22,0.63,4.02,Meghalaya_Shillong
2013-04-14,6.47,25.26,16.0,1.56,78.23,0.64,2.88,Meghalaya_Shillong
2013-04-15,26.84,23.25,13.76,1.4,79.24,0.67,2.62,Meghalaya_Shillong
2013-04-16,9.87,22.8,13.38,0.77,72.1,0.69,3.43,Meghalaya_Shillong
2013-04-17,14.15,21.6,12.54,1.15,80.56,0.7,3.18,Meghalaya_Shillong
2013-04-18,3.53,21.79,13.95,1.41,86.58,0.71,2.4,Meghalaya_Shillong
2013-04-19,10.81,21.79,13.5,0.87,81.39,0.71,2.3,Meghalaya_Shillong
2013-04-20,0.61,21.28,14.96,1.05,83.58,0.71,1.33,Meghalaya_Shillong
2013-04-21,0.9,19.73,15.55,0.71,75.26,0.7,0.91,Meghalaya_Shillong
2013-04-22,8.58,20.33,13.35,1.23,85.35,0.71,1.62,Meghalaya_Shillong
2013-04-23,0.0,23.41,12.64,1.15,80.7,0.7,5.01,Meghalaya_Shillong
2013-04-24,0.0,24.56,13.82,1.23,77.85,0.69,5.83,Meghalaya_Shillong
2013-04-25,0.0,25.43,14.05,1.06,71.02,0.68,6.31,Meghalaya_Shillong
2013-04-26,7.01,25.87,16.76,1.11,70.13,0.68,5.34,Meghalaya_Shillong
2013-04-27,25.19,24.09,16.58,2.06,82.41,0.71,2.91,Meghalaya_Shillong
2013-04-28,16.94,24.54,16.16,1.94,86.27,0.74,4.42,Meghalaya_Shillong
2013-04-29,5.74,25.68,16.33,2.02,86.18,0.73,4.76,Meghalaya_Shillong
2013-04-30,4.95,26.0,17.69,1.95,85.31,0.72,5.29,Meghalaya_Shillong
2013-05-01,32.43,24.95,18.52,2.68,85.86,0.73,4.35,Meghalaya_Shillong
2013-05-02,25.82,25.46,19.57,3.4,88.77,0.79,4.08,Meghalaya_Shillong
2013-05-03,23.84,24.4,19.64,3.54,89.64,0.79,2.94,Meghalaya_Shillong
2013-05-04,28.82,23.51,18.74,3.08,89.61,0.81,2.62,Meghalaya_Shillong
2013-05-05,48.74,21.97,17.51,2.05,92.69,0.83,1.08,Meghalaya_Shillong
2013-05-06,30.59,21.11,13.92,1.92,87.77,0.85,2.21,Meghalaya_Shillong
2013-05-07,18.08,24.23,13.38,1.19,79.86,0.85,3.79,Meghalaya_Shillong
2013-05-08,45.87,23.36,15.8,1.52,85.49,0.87,2.69,Meghalaya_Shillong
2013-05-09,32.32,24.87,16.15,1.69,89.06,0.87,3.07,Meghalaya_Shillong
2013-05-10,65.84,24.48,18.36,2.23,91.2,0.89,2.06,Meghalaya_Shillong
2013-05-11,39.05,25.0,20.21,2.59,89.91,0.91,2.44,Meghalaya_Shillong
2013-05-12,37.03,23.99,18.91,2.52,90.99,0.91,2.17,Meghalaya_Shillong
2013-05-13,16.39,23.68,18.67,2.64,89.99,0.91,2.34,Meghalaya_Shillong
2013-05-14,6.78,24.44,18.41,2.5,87.79,0.89,3.86,Meghalaya_Shillong
2013-05-15,2.03,23.97,17.41,1.72,87.42,0.87,3.59,Meghalaya_Shillong
2013-05-16,19.81,22.65,16.77,1.6,87.74,0.88,1.54,Meghalaya_Shillong
2013-05-17,10.48,23.71,15.84,1.85,89.62,0.88,3.43,Meghalaya_Shillong
2013-05-18,34.5,24.71,19.19,2.14,89.49,0.9,2.91,Meghalaya_Shillong
2013-05-19,8.83,25.75,19.75,1.82,87.47,0.91,3.84,Meghalaya_Shillong
2013-05-20,1.82,24.87,19.56,1.8,88.61,0.9,3.09,Meghalaya_Shillong
2013-05-21,1.38,26.75,19.17,1.82,87.41,0.89,4.1,Meghalaya_Shillong
2013-05-22,19.91,26.64,19.0,1.51,89.17,0.9,2.79,Meghalaya_Shillong
2013-05-23,17.25,22.46,20.21,1.98,96.09,0.92,0.51,Meghalaya_Shillong
2013-05-24,3.18,25.0,19.84,2.65,92.79,0.91,2.24,Meghalaya_Shillong
2013-05-25,0.2,25.63,20.15,2.3,92.39,0.9,2.08,Meghalaya_Shillong
2013-05-26,1.82,24.27,20.16,1.94,93.33,0.9,1.26,Meghalaya_Shillong
2013-05-27,13.85,27.71,20.63,1.15,89.4,0.9,2.47,Meghalaya_Shillong
2013-05-28,15.82,23.84,20.0,1.15,92.95,0.91,1.08,Meghalaya_Shillong
2013-05-29,29.18,27.04,19.23,1.53,87.02,0.93,3.03,Meghalaya_Shillong
2013-05-30,20.65,25.18,18.89,2.26,89.99,0.95,2.1,Meghalaya_Shillong
2013-05-31,3.35,23.93,17.76,2.45,88.89,0.94,3.13,Meghalaya_Shillong
2013-06-01,2.68,24.84,17.45,1.53,89.31,0.93,3.09,Meghalaya_Shillong
2013-06-02,0.53,26.16,18.52,1.04,87.6,0.93,3.79,Meghalaya_Shillong
2013-06-03,0.04,27.74,19.1,1.06,85.14,0.92,4.8,Meghalaya_Shillong
2013-06-04,8.93,25.84,19.04,1.09,87.58,0.92,2.8,Meghalaya_Shillong
2013-06-05,25.86,24.22,19.7,1.49,91.88,0.94,0.79,Meghalaya_Shillong
2013-06-06,4.37,24.86,20.29,1.33,93.6,0.94,1.26,Meghalaya_Shillong
2013-06-07,9.7,24.14,20.22,1.75,94.26,0.94,1.16,Meghalaya_Shillong
2013-06-08,4.94,23.99,19.72,2.12,94.22,0.94,1.19,Meghalaya_Shillong
2013-06-09,9.11,25.92,20.87,1.63,91.39,0.94,2.33,Meghalaya_Shillong
2013-06-10,2.64,26.51,20.46,1.22,92.5,0.94,1.82,Meghalaya_Shillong
2013-06-11,0.02,26.93,19.96,1.9,80.52,0.93,3.85,Meghalaya_Shillong
2013-06-12,1.63,27.69,18.2,1.63,82.24,0.93,5.29,Meghalaya_Shillong
2013-06-13,22.74,27.23,20.03,1.18,86.23,0.93,3.58,Meghalaya_Shillong
2013-06-14,8.71,24.05,20.23,1.67,92.91,0.94,1.15,Meghalaya_Shillong
2013-06-15,5.03,27.05,20.43,1.34,89.75,0.94,2.88,Meghalaya_Shillong
2013-06-16,1.97,27.09,20.71,1.51,89.71,0.93,3.22,Meghalaya_Shillong
2013-06-17,0.21,26.37,20.68,1.64,91.44,0.93,2.25,Meghalaya_Shillong
2013-06-18,3.15,25.72,20.64,1.64,91.19,0.92,2.38,Meghalaya_Shillong
2013-06-19,9.92,23.06,20.24,1.52,95.99,0.93,0.69,Meghalaya_Shillong
2013-06-20,1.69,25.98,19.22,1.3,90.49,0.93,2.45,Meghalaya_Shillong
2013-06-21,5.27,25.93,20.68,0.9,92.78,0.93,1.52,Meghalaya_Shillong
2013-06-22,43.54,27.18,21.65,1.05,90.25,0.94,1.73,Meghalaya_Shillong
2013-06-23,40.61,26.84,21.47,1.3,90.23,0.97,2.19,Meghalaya_Shillong
2013-06-24,24.24,26.72,20.92,1.72,90.49,0.97,2.31,Meghalaya_Shillong
2013-06-25,35.88,24.75,20.44,2.63,94.11,0.98,1.13,Meghalaya_Shillong
2013-06-26,26.52,25.02,21.0,3.52,93.56,0.99,1.46,Meghalaya_Shillong
2013-06-27,23.97,25.3,21.08,4.26,94.61,0.99,1.4,Meghalaya_Shillong
2013-06-28,14.42,23.84,21.5,3.26,96.77,0.99,0.4,Meghalaya_Shillong
2013-06-29,13.28,24.8,21.04,3.35,94.57,0.99,1.1,Meghalaya_Shillong
2013-06-30,5.02,26.35,20.24,2.86,92.92,0.99,1.96,Meghalaya_Shillong
2013-07-01,3.51,25.74,20.39,2.97,92.63,0.98,1.92,Meghalaya_Shillong
2013-07-02,15.55,23.71,20.63,2.41,94.17,0.98,1.06,Meghalaya_Shillong
2013-07-03,32.51,26.01,19.88,2.28,92.4,0.99,1.77,Meghalaya_Shillong
2013-07-04,25.98,25.24,21.01,2.89,93.88,0.99,1.43,Meghalaya_Shillong
2013-07-05,14.07,25.21,20.58,3.23,93.83,0.99,1.52,Meghalaya_Shillong
2013-07-06,24.23,24.14,20.38,2.62,95.12,0.99,0.86,Meghalaya_Shillong
2013-07-07,14.18,25.57,20.4,2.77,92.75,0.99,1.7,Meghalaya_Shillong
2013-07-08,4.96,24.62,20.88,3.46,93.37,0.99,1.66,Meghalaya_Shillong
2013-07-09,10.77,24.63,20.83,3.79,93.06,0.99,1.82,Meghalaya_Shillong
2013-07-10,9.86,24.54,20.62,2.49,93.83,0.99,1.19,Meghalaya_Shillong
2013-07-11,18.28,25.85,19.83,2.18,91.76,0.99,2.01,Meghalaya_Shillong
2013-07-12,6.21,23.07,19.81,2.56,94.13,0.99,0.95,Meghalaya_Shillong
2013-07-13,14.43,24.62,20.32,2.74,92.92,0.99,1.8,Meghalaya_Shillong
2013-07-14,20.56,25.8,20.12,2.02,92.0,0.99,1.9,Meghalaya_Shillong
2013-07-15,18.57,26.99,20.19,1.49,89.88,0.99,2.26,Meghalaya_Shillong
2013-07-16,8.3,26.75,20.53,1.59,90.5,0.99,2.35,Meghalaya_Shillong
2013-07-17,8.05,25.38,20.88,2.79,93.26,0.99,1.68,Meghalaya_Shillong
2013-07-18,2.63,23.9,20.18,2.91,93.37,0.98,1.43,Meghalaya_Shillong
2013-07-19,10.13,26.1,20.13,2.33,90.88,0.98,2.47,Meghalaya_Shillong
2013-07-20,28.87,24.71,20.81,1.91,93.62,0.99,0.98,Meghalaya_Shillong
2013-07-21,11.88,26.16,20.48,1.93,91.43,0.99,1.91,Meghalaya_Shillong
2013-07-22,4.08,27.06,20.37,0.95,90.32,0.99,1.91,Meghalaya_Shillong
2013-07-23,7.74,24.89,21.12,1.93,93.84,0.99,1.19,Meghalaya_Shillong
2013-07-24,29.74,27.13,20.6,1.37,90.13,0.99,2.32,Meghalaya_Shillong
2013-07-25,9.55,26.53,20.91,1.54,90.49,0.99,2.07,Meghalaya_Shillong
2013-07-26,7.45,25.32,20.18,2.75,92.72,0.99,1.78,Meghalaya_Shillong
2013-07-27,26.29,23.42,19.43,2.66,93.78,0.99,0.93,Meghalaya_Shillong
2013-07-28,21.11,25.14,20.2,2.22,92.46,1.0,1.6,Meghalaya_Shillong
2013-07-29,0.28,27.71,20.17,1.43,90.07,0.99,2.5,Meghalaya_Shillong
2013-07-30,8.0,27.04,20.45,1.0,91.22,0.99,1.57,Meghalaya_Shillong
2013-07-31,9.19,25.33,20.56,1.65,92.26,0.99,1.48,Meghalaya_Shillong
2013-08-01,4.22,24.22,20.41,1.49,93.7,0.98,1.07,Meghalaya_Shillong
2013-08-02,21.17,23.73,19.65,1.57,94.5,0.99,0.81,Meghalaya_Shillong
2013-08-03,6.53,23.43,20.68,1.26,94.16,0.99,0.69,Meghalaya_Shillong
2013-08-04,2.25,27.8,19.12,1.29,87.97,0.99,2.42,Meghalaya_Shillong
2013-08-05,7.46,24.38,20.26,1.97,93.96,0.99,1.01,Meghalaya_Shillong
2013-08-06,17.52,23.54,19.6,2.42,94.99,0.99,0.92,Meghalaya_Shillong
2013-08-07,42.31,23.06,19.96,3.12,95.18,1.0,0.75,Meghalaya_Shillong
2013-08-08,11.86,24.51,20.34,2.79,93.65,1.0,1.36,Meghalaya_Shillong
2013-08-09,3.67,22.86,19.18,1.45,95.99,0.99,0.44,Meghalaya_Shillong
2013-08-10,7.79,25.09,18.94,1.3,92.31,0.99,1.45,Meghalaya_Shillong
2013-08-11,9.49,22.02,19.11,1.82,96.32,0.99,0.45,Meghalaya_Shillong
2013-08-12,18.39,25.02,19.0,1.67,92.45,0.99,1.63,Meghalaya_Shillong
2013-08-13,7.4,23.74,19.96,1.1,95.34,0.99,0.68,Meghalaya_Shillong
2013-08-14,9.05,23.61,19.34,1.22,96.04,0.99,0.53,Meghalaya_Shillong
2013-08-15,19.12,22.46,20.16,1.1,95.34,1.0,0.66,Meghalaya_Shillong
2013-08-16,2.49,23.64,19.64,1.49,95.18,0.99,0.79,Meghalaya_Shillong
2013-08-17,8.84,25.87,19.55,0.9,89.45,0.99,2.05,Meghalaya_Shillong
2013-08-18,2.84,25.52,19.45,2.04,90.06,0.99,2.27,Meghalaya_Shillong
2013-08-19,3.71,24.03,18.67,1.72,90.57,0.99,1.48,Meghalaya_Shillong
2013-08-20,7.92,23.64,18.41,1.7,94.44,0.99,0.73,Meghalaya_Shillong
2013-08-21,4.27,24.74,19.88,1.5,92.76,0.99,1.33,Meghalaya_Shillong
2013-08-22,3.38,23.26,19.73,1.27,94.76,0.98,0.72,Meghalaya_Shillong
2013-08-23,10.36,26.69,19.53,1.21,91.93,0.99,2.15,Meghalaya_Shillong
2013-08-24,1.55,27.11,20.67,1.52,91.44,0.98,2.74,Meghalaya_Shillong
2013-08-25,2.6,25.28,20.82,1.36,94.66,0.98,1.09,Meghalaya_Shillong
2013-08-26,42.38,26.37,21.07,1.21,92.62,0.99,1.35,Meghalaya_Shillong
2013-08-27,10.83,24.9,20.49,1.99,93.79,0.99,1.26,Meghalaya_Shillong
2013-08-28,13.25,22.99,19.17,2.81,94.83,0.99,0.87,Meghalaya_Shillong
2013-08-29,5.63,23.8,19.51,2.62,93.97,0.99,1.42,Meghalaya_Shillong
2013-08-30,6.87,24.77,20.02,2.6,92.63,0.99,2.17,Meghalaya_Shillong
2013-08-31,10.28,24.34,20.46,2.51,93.98,0.99,1.41,Meghalaya_Shillong
2013-09-01,4.53,25.3,21.09,2.6,94.22,0.99,1.5,Meghalaya_Shillong
2013-09-02,8.95,23.71,20.55,3.22,95.7,0.98,0.93,Meghalaya_Shillong
2013-09-03,12.15,23.48,20.01,3.59,95.46,0.99,1.16,Meghalaya_Shillong
2013-09-04,22.22,23.83,20.31,3.47,95.8,0.99,0.76,Meghalaya_Shillong
2013-09-05,13.02,24.08,20.28,3.0,92.94,0.99,2.03,Meghalaya_Shillong
2013-09-06,12.83,23.72,19.52,2.13,93.3,0.99,1.38,Meghalaya_Shillong
2013-09-07,1.6,22.49,19.9,2.24,95.34,0.99,0.73,Meghalaya_Shillong
2013-09-08,7.41,24.49,18.7,1.35,90.99,0.99,2.09,Meghalaya_Shillong
2013-09-09,9.93,23.92,19.32,1.08,93.83,0.99,1.27,Meghalaya_Shillong
2013-09-10,9.71,22.82,19.43,0.99,95.87,0.99,0.71,Meghalaya_Shillong
2013-09-11,9.1,24.96,18.91,0.89,89.86,0.99,2.17,Meghalaya_Shillong
2013-09-12,0.2,26.5,17.77,0.79,85.74,0.99,3.65,Meghalaya_Shillong
2013-09-13,2.38,25.16,20.39,0.75,85.04,0.98,1.5,Meghalaya_Shillong
2013-09-14,1.67,25.97,20.65,0.72,85.44,0.98,2.36,Meghalaya_Shillong
2013-09-15,7.94,25.34,19.53,0.58,88.56,0.98,2.26,Meghalaya_Shillong
2013-09-16,2.8,24.72,19.39,1.1,93.66,0.98,1.12,Meghalaya_Shillong
2013-09-17,2.42,24.39,18.74,1.27,91.72,0.98,1.08,Meghalaya_Shillong
2013-09-18,6.17,23.61,19.07,1.26,93.64,0.98,0.84,Meghalaya_Shillong
2013-09-19,2.0,25.63,20.23,1.24,91.78,0.98,1.6,Meghalaya_Shillong
2013-09-20,1.88,26.13,19.21,1.03,89.53,0.98,2.91,Meghalaya_Shillong
2013-09-21,0.62,27.01,18.95,1.08,87.23,0.97,3.51,Meghalaya_Shillong
2013-09-22,3.68,27.49,19.36,0.82,87.57,0.97,5.03,Meghalaya_Shillong
2013-09-23,1.44,27.91,18.97,0.72,86.27,0.96,4.6,Meghalaya_Shillong
2013-09-24,6.32,25.94,19.78,0.61,89.57,0.96,2.59,Meghalaya_Shillong
2013-09-25,8.68,24.42,19.38,0.84,90.07,0.97,1.48,Meghalaya_Shillong
2013-09-26,15.05,25.61,18.44,0.61,84.07,0.97,2.22,Meghalaya_Shillong
2013-09-27,7.01,25.52,17.48,0.88,89.26,0.98,2.82,Meghalaya_Shillong
2013-09-28,17.06,23.23,18.72,1.23,94.51,0.97,1.01,Meghalaya_Shillong
2013-09-29,18.8,21.99,17.68,1.83,95.04,0.99,0.6,Meghalaya_Shillong
2013-09-30,5.5,20.9,16.98,1.84,92.43,0.99,0.88,Meghalaya_Shillong
2013-10-01,0.51,23.32,16.72,1.41,87.33,0.98,2.41,Meghalaya_Shillong
2013-10-02,0.14,26.28,17.1,1.19,82.19,0.97,4.58,Meghalaya_Shillong
2013-10-03,24.02,24.04,17.71,1.47,87.54,0.97,2.92,Meghalaya_Shillong
2013-10-04,45.75,21.7,16.81,1.44,93.9,0.99,1.0,Meghalaya_Shillong
2013-10-05,74.03,22.21,18.51,1.52,96.53,1.0,0.5,Meghalaya_Shillong
2013-10-06,68.37,21.02,17.8,0.89,97.32,1.0,0.17,Meghalaya_Shillong
2013-10-07,5.0,24.0,15.74,1.4,90.65,1.0,2.29,Meghalaya_Shillong
2013-10-08,0.19,21.35,14.49,1.64,91.73,0.99,1.4,Meghalaya_Shillong
2013-10-09,0.01,23.86,13.16,1.39,82.27,0.99,3.39,Meghalaya_Shillong
2013-10-10,0.0,25.48,16.0,1.03,76.13,0.99,4.69,Meghalaya_Shillong
2013-10-11,0.0,25.95,14.35,1.21,81.5,0.98,4.5,Meghalaya_Shillong
2013-10-12,2.28,24.52,16.07,1.04,89.31,0.98,2.69,Meghalaya_Shillong
2013-10-13,0.33,23.92,17.48,0.76,89.54,0.98,2.39,Meghalaya_Shillong
2013-10-14,0.83,25.49,16.71,0.85,89.45,0.97,3.87,Meghalaya_Shillong
2013-10-15,4.15,22.34,15.51,0.93,90.46,0.97,1.6,Meghalaya_Shillong
2013-10-16,4.09,24.99,15.23,0.69,82.5,0.97,4.31,Meghalaya_Shillong
2013-10-17,0.67,25.92,16.0,0.91,82.98,0.97,4.87,Meghalaya_Shillong
2013-10-18,4.13,25.41,16.96,1.1,88.29,0.97,4.26,Meghalaya_Shillong
2013-10-19,5.21,25.36,15.8,0.87,82.26,0.97,5.23,Meghalaya_Shillong
2013-10-20,12.44,23.15,15.25,1.06,84.69,0.96,3.43,Meghalaya_Shillong
2013-10-21,16.85,22.16,14.44,1.12,88.74,0.97,2.5,Meghalaya_Shillong
2013-10-22,3.59,21.33,15.63,0.88,87.58,0.97,1.22,Meghalaya_Shillong
2013-10-23,0.01,23.2,12.99,0.89,84.7,0.97,4.27,Meghalaya_Shillong
2013-10-24,0.0,24.12,13.35,0.66,86.11,0.96,5.16,Meghalaya_Shillong
2013-10-25,15.78,21.11,14.75,1.04,92.45,0.96,1.26,Meghalaya_Shillong
2013-10-26,1.34,19.79,13.93,1.55,94.91,0.97,0.84,Meghalaya_Shillong
2013-10-27,0.77,19.43,14.63,0.98,91.81,0.97,1.25,Meghalaya_Shillong
2013-10-28,0.69,21.47,13.68,1.41,90.32,0.96,3.4,Meghalaya_Shillong
2013-10-29,0.22,19.77,12.66,1.64,90.4,0.96,2.91,Meghalaya_Shillong
2013-10-30,0.02,21.27,11.44,0.77,81.45,0.96,4.62,Meghalaya_Shillong
2013-10-31,0.0,20.83,10.94,0.97,83.59,0.95,3.48,Meghalaya_Shillong
2013-11-01,0.0,21.57,11.36,0.74,82.91,0.95,4.63,Meghalaya_Shillong
2013-11-02,0.0,20.19,9.66,1.09,88.46,0.94,3.09,Meghalaya_Shillong
2013-11-03,0.0,21.09,12.62,0.87,84.89,0.94,3.73,Meghalaya_Shillong
2013-11-04,0.0,21.44,10.62,0.88,85.24,0.94,4.35,Meghalaya_Shillong
2013-11-05,0.0,21.64,11.32,1.02,84.69,0.93,4.18,Meghalaya_Shillong
2013-11-06,0.0,22.28,11.74,0.93,80.34,0.93,4.55,Meghalaya_Shillong
2013-11-07,0.0,22.45,12.51,0.85,85.71,0.92,4.78,Meghalaya_Shillong
2013-11-08,0.0,23.12,13.26,0.72,82.9,0.92,5.48,Meghalaya_Shillong
2013-11-09,0.0,23.67,12.58,0.76,80.34,0.92,5.67,Meghalaya_Shillong
2013-11-10,0.0,23.13,11.04,1.04,80.58,0.91,4.91,Meghalaya_Shillong
2013-11-11,0.0,24.18,12.19,0.66,71.49,0.91,6.25,Meghalaya_Shillong
2013-11-12,0.0,22.92,11.17,0.85,79.06,0.9,5.62,Meghalaya_Shillong
2013-11-13,0.0,22.56,12.32,0.44,70.46,0.9,5.76,Meghalaya_Shillong
2013-11-14,0.0,22.92,12.65,0.61,60.86,0.89,6.45,Meghalaya_Shillong
2013-11-15,0.0,22.66,11.29,0.7,53.26,0.89,6.2,Meghalaya_Shillong
2013-11-16,0.0,23.14,11.97,0.75,61.61,0.89,6.36,Meghalaya_Shillong
2013-11-17,0.0,22.17,12.59,0.69,68.33,0.88,5.11,Meghalaya_Shillong
2013-11-18,0.0,24.59,13.02,0.61,70.99,0.88,6.04,Meghalaya_Shillong
2013-11-19,0.0,21.15,10.63,0.8,82.73,0.87,4.89,Meghalaya_Shillong
2013-11-20,0.0,20.56,12.72,0.78,83.77,0.87,3.89,Meghalaya_Shillong
2013-11-21,0.0,20.47,10.43,0.66,85.04,0.87,3.36,Meghalaya_Shillong
2013-11-22,0.0,21.03,11.34,0.75,84.99,0.87,4.48,Meghalaya_Shillong
2013-11-23,0.0,20.56,10.16,0.84,87.07,0.86,4.22,Meghalaya_Shillong
2013-11-24,0.0,20.42,11.6,0.8,87.96,0.86,3.46,Meghalaya_Shillong
2013-11-25,0.0,21.15,12.46,0.46,81.29,0.86,4.76,Meghalaya_Shillong
2013-11-26,0.0,20.75,10.2,0.79,80.75,0.86,4.34,Meghalaya_Shillong
2013-11-27,0.0,21.05,12.53,0.56,80.99,0.85,4.35,Meghalaya_Shillong
2013-11-28,0.0,21.23,10.41,0.84,85.76,0.85,3.95,Meghalaya_Shillong
2013-11-29,0.0,21.43,11.65,0.82,89.0,0.85,4.36,Meghalaya_Shillong
2013-11-30,0.0,21.44,10.81,0.84,87.05,0.85,4.36,Meghalaya_Shillong
2013-12-01,0.0,20.85,10.9,0.87,87.53,0.85,3.5,Meghalaya_Shillong
2013-12-02,0.0,21.0,10.6,0.77,83.72,0.84,4.31,Meghalaya_Shillong
2013-12-03,0.0,20.93,10.87,0.91,82.78,0.84,3.82,Meghalaya_Shillong
2013-12-04,0.0,21.5,11.59,0.72,81.65,0.84,4.04,Meghalaya_Shillong
2013-12-05,0.0,20.47,12.36,0.53,83.58,0.84,4.02,Meghalaya_Shillong
2013-12-06,0.0,19.91,10.02,0.79,78.99,0.84,3.68,Meghalaya_Shillong
2013-12-07,0.0,19.99,10.84,0.88,80.64,0.84,3.05,Meghalaya_Shillong
2013-12-08,0.0,19.93,9.42,0.72,80.19,0.83,4.05,Meghalaya_Shillong
2013-12-09,0.0,19.33,9.25,0.83,83.37,0.83,3.43,Meghalaya_Shillong
2013-12-10,0.0,22.08,9.4,0.73,84.13,0.83,5.19,Meghalaya_Shillong
2013-12-11,0.0,18.7,9.02,0.97,85.51,0.83,3.37,Meghalaya_Shillong
2013-12-12,0.0,17.98,7.16,0.87,79.03,0.83,3.43,Meghalaya_Shillong
2013-12-13,0.0,16.65,7.38,0.79,74.76,0.82,2.94,Meghalaya_Shillong
2013-12-14,0.0,16.52,6.49,0.7,78.44,0.82,2.86,Meghalaya_Shillong
2013-12-15,0.01,17.72,7.2,0.93,68.14,0.82,3.44,Meghalaya_Shillong
2013-12-16,0.0,17.95,6.05,1.06,55.02,0.82,3.71,Meghalaya_Shillong
2013-12-17,0.0,17.71,8.36,0.74,56.36,0.82,3.59,Meghalaya_Shillong
2013-12-18,0.0,16.19,7.79,0.78,71.28,0.82,2.75,Meghalaya_Shillong
2013-12-19,0.0,14.51,7.44,1.01,87.21,0.82,1.21,Meghalaya_Shillong
2013-12-20,0.49,13.72,7.04,1.22,91.12,0.82,0.99,Meghalaya_Shillong
2013-12-21,0.0,16.97,7.49,0.78,82.09,0.82,2.9,Meghalaya_Shillong
2013-12-22,0.0,16.59,5.8,1.17,85.13,0.81,2.43,Meghalaya_Shillong
2013-12-23,0.01,16.72,5.36,1.1,86.78,0.81,2.35,Meghalaya_Shillong
2013-12-24,0.0,17.56,7.23,0.86,88.2,0.81,2.46,Meghalaya_Shillong
2013-12-25,0.0,16.99,7.9,0.71,88.92,0.81,2.2,Meghalaya_Shillong
2013-12-26,0.0,17.15,6.59,0.92,84.79,0.81,2.64,Meghalaya_Shillong
2013-12-27,0.0,17.76,6.05,0.84,88.42,0.81,2.62,Meghalaya_Shillong
2013-12-28,0.0,16.9,6.44,0.96,84.11,0.81,2.53,Meghalaya_Shillong
2013-12-29,0.0,17.06,4.77,1.23,85.31,0.81,2.24,Meghalaya_Shillong
2013-12-30,0.0,16.9,5.41,0.76,85.86,0.8,2.58,Meghalaya_Shillong
2013-12-31,0.0,18.32,5.18,0.89,82.47,0.8,2.89,Meghalaya_Shillong
2014-01-01,0.0,18.7,7.38,0.79,80.33,0.8,3.18,Meghalaya_Shillong
2014-01-02,0.0,17.55,5.32,1.37,83.8,0.8,2.68,Meghalaya_Shillong
2014-01-03,0.0,16.57,3.41,0.8,83.83,0.8,2.51,Meghalaya_Shillong
2014-01-04,0.0,17.99,5.72,0.87,87.96,0.8,2.53,Meghalaya_Shillong
2014-01-05,0.0,17.87,6.79,0.95,86.78,0.8,2.83,Meghalaya_Shillong
2014-01-06,0.0,15.57,6.23,1.49,87.17,0.79,1.68,Meghalaya_Shillong
2014-01-07,0.0,15.2,5.3,1.43,79.12,0.79,2.37,Meghalaya_Shillong
2014-01-08,0.0,15.34,4.69,0.87,84.49,0.79,2.05,Meghalaya_Shillong
2014-01-09,0.0,17.55,5.1,0.85,84.25,0.79,2.69,Meghalaya_Shillong
2014-01-10,0.0,18.99,6.0,1.15,78.12,0.79,3.23,Meghalaya_Shillong
2014-01-11,0.0,18.96,7.54,1.17,78.35,0.79,2.83,Meghalaya_Shillong
2014-01-12,0.0,16.9,6.45,1.42,83.51,0.79,2.37,Meghalaya_Shillong
2014-01-13,0.0,18.29,5.59,1.0,82.2,0.79,2.76,Meghalaya_Shillong
2014-01-14,0.0,17.36,6.58,0.99,85.61,0.79,1.99,Meghalaya_Shillong
2014-01-15,0.0,18.45,8.37,0.9,85.23,0.79,2.67,Meghalaya_Shillong
2014-01-16,0.0,17.76,6.81,1.05,86.45,0.78,2.36,Meghalaya_Shillong
2014-01-17,0.0,18.52,6.87,1.15,84.22,0.78,2.8,Meghalaya_Shillong
2014-01-18,0.0,19.6,6.61,1.28,82.78,0.78,2.81,Meghalaya_Shillong
2014-01-19,1.19,16.78,7.16,1.46,86.95,0.78,1.61,Meghalaya_Shillong
2014-01-20,0.03,18.81,4.49,0.97,75.66,0.78,3.4,Meghalaya_Shillong
2014-01-21,0.0,19.49,5.04,1.17,79.42,0.78,3.1,Meghalaya_Shillong
2014-01-22,0.0,19.35,8.43,1.07,74.45,0.78,3.34,Meghalaya_Shillong
2014-01-23,0.0,19.25,8.17,1.22,75.03,0.77,3.21,Meghalaya_Shillong
2014-01-24,0.0,19.71,7.42,0.86,75.38,0.77,3.58,Meghalaya_Shillong
2014-01-25,0.0,20.48,8.23,1.11,75.55,0.77,3.51,Meghalaya_Shillong
2014-01-26,0.0,19.54,6.1,1.11,69.63,0.77,3.31,Meghalaya_Shillong
2014-01-27,0.0,19.74,7.01,1.01,76.76,0.77,3.48,Meghalaya_Shillong
2014-01-28,0.0,20.14,6.97,0.84,66.38,0.77,3.83,Meghalaya_Shillong
2014-01-29,0.0,19.51,5.16,1.15,70.84,0.77,3.0,Meghalaya_Shillong
2014-01-30,0.0,19.57,8.76,0.98,64.56,0.76,3.26,Meghalaya_Shillong
2014-01-31,0.0,20.69,7.01,1.0,67.67,0.76,3.89,Meghalaya_Shillong
2014-02-01,0.0,21.48,6.84,1.1,78.41,0.76,4.03,Meghalaya_Shillong
2014-02-02,0.0,20.16,7.36,0.93,69.74,0.76,3.82,Meghalaya_Shillong
2014-02-03,0.0,21.06,7.48,1.14,61.58,0.76,3.91,Meghalaya_Shillong
2014-02-04,0.0,20.23,6.79,1.26,59.41,0.76,3.85,Meghalaya_Shillong
2014-02-05,0.0,19.29,5.72,1.14,63.86,0.75,3.39,Meghalaya_Shillong
2014-02-06,0.0,17.69,4.91,1.67,77.23,0.75,2.57,Meghalaya_Shillong
2014-02-07,0.0,18.61,6.22,1.34,72.76,0.75,3.17,Meghalaya_Shillong
2014-02-08,0.0,18.56,7.51,2.01,79.53,0.75,2.92,Meghalaya_Shillong
2014-02-09,0.01,18.63,7.31,1.87,74.21,0.75,3.31,Meghalaya_Shillong
2014-02-10,0.17,18.9,7.25,1.77,70.52,0.75,3.16,Meghalaya_Shillong
2014-02-11,0.0,18.58,6.78,1.65,73.66,0.75,3.24,Meghalaya_Shillong
2014-02-12,0.04,17.67,5.34,1.74,66.65,0.74,3.27,Meghalaya_Shillong
2014-02-13,0.0,17.98,5.58,1.09,54.24,0.74,3.75,Meghalaya_Shillong
2014-02-14,0.0,19.01,6.7,1.09,48.14,0.74,3.97,Meghalaya_Shillong
2014-02-15,12.51,17.02,8.41,1.35,77.74,0.75,1.14,Meghalaya_Shillong
2014-02-16,5.1,14.74,8.83,1.59,88.1,0.76,0.81,Meghalaya_Shillong
2014-02-17,14.82,16.64,4.87,1.78,86.41,0.78,1.64,Meghalaya_Shillong
2014-02-18,0.0,18.49,4.71,0.84,59.73,0.78,3.81,Meghalaya_Shillong
2014-02-19,0.0,20.22,5.09,1.15,60.36,0.77,4.02,Meghalaya_Shillong
2014-02-20,0.0,19.31,8.55,1.23,64.9,0.76,3.66,Meghalaya_Shillong
2014-02-21,0.0,20.09,8.37,1.15,62.71,0.76,3.86,Meghalaya_Shillong
2014-02-22,0.0,20.81,8.42,1.05,55.51,0.75,4.2,Meghalaya_Shillong
2014-02-23,0.0,21.57,7.69,1.38,69.76,0.75,3.95,Meghalaya_Shillong
2014-02-24,0.0,21.17,8.25,1.51,81.26,0.74,3.7,Meghalaya_Shillong
2014-02-25,0.0,21.26,7.32,0.99,67.3,0.74,4.57,Meghalaya_Shillong
2014-02-26,0.0,21.15,9.14,1.06,64.69,0.74,4.39,Meghalaya_Shillong
2014-02-27,0.03,21.75,9.72,1.59,69.92,0.73,4.32,Meghalaya_Shillong
2014-02-28,0.32,20.56,8.52,1.49,83.17,0.73,2.84,Meghalaya_Shillong
2014-03-01,0.0,22.86,9.76,1.07,70.75,0.73,4.92,Meghalaya_Shillong
2014-03-02,0.0,21.83,7.7,1.48,77.24,0.73,4.49,Meghalaya_Shillong
2014-03-03,0.0,21.63,8.74,1.19,75.9,0.73,4.53,Meghalaya_Shillong
2014-03-04,0.0,20.18,9.05,0.92,69.07,0.72,3.03,Meghalaya_Shillong
2014-03-05,0.0,20.42,7.82,1.44,61.6,0.72,4.45,Meghalaya_Shillong
2014-03-06,0.0,20.06,6.25,1.69,57.31,0.72,4.28,Meghalaya_Shillong
2014-03-07,0.0,20.18,7.27,1.48,61.3,0.72,4.35,Meghalaya_Shillong
2014-03-08,0.0,20.7,6.51,1.58,57.87,0.71,4.61,Meghalaya_Shillong
2014-03-09,0.0,21.67,5.84,1.14,51.79,0.71,5.15,Meghalaya_Shillong
2014-03-10,0.0,22.14,8.61,1.16,51.02,0.71,5.02,Meghalaya_Shillong
2014-03-11,0.0,21.94,8.52,1.71,54.44,0.71,4.98,Meghalaya_Shillong
2014-03-12,0.0,22.04,9.49,1.47,55.28,0.7,4.94,Meghalaya_Shillong
2014-03-13,0.0,21.99,10.11,1.51,69.36,0.7,3.55,Meghalaya_Shillong
2014-03-14,0.0,22.84,11.38,1.22,65.17,0.7,4.69,Meghalaya_Shillong
2014-03-15,0.0,24.31,10.84,1.14,55.69,0.7,5.64,Meghalaya_Shillong
2014-03-16,0.0,24.49,12.16,1.07,49.01,0.69,5.3,Meghalaya_Shillong
2014-03-17,0.0,24.66,12.55,1.13,60.14,0.69,5.27,Meghalaya_Shillong
2014-03-18,0.0,23.74,12.35,1.42,58.15,0.69,5.21,Meghalaya_Shillong
2014-03-19,5.13,23.76,12.24,1.8,71.54,0.69,4.34,Meghalaya_Shillong
2014-03-20,3.01,21.81,12.49,1.59,75.93,0.7,3.7,Meghalaya_Shillong
2014-03-21,0.04,22.4,13.06,1.12,67.65,0.7,4.84,Meghalaya_Shillong
2014-03-22,3.83,22.6,13.24,1.43,55.87,0.7,4.96,Meghalaya_Shillong
2014-03-23,1.57,20.86,12.0,1.26,65.06,0.7,3.48,Meghalaya_Shillong
2014-03-24,5.63,21.94,11.42,1.2,72.46,0.7,4.15,Meghalaya_Shillong
2014-03-25,8.53,20.66,12.36,1.3,78.77,0.71,2.86,Meghalaya_Shillong
2014-03-26,3.07,22.79,11.26,1.64,71.18,0.71,4.73,Meghalaya_Shillong
2014-03-27,0.22,23.42,12.93,1.79,71.76,0.71,4.77,Meghalaya_Shillong
2014-03-28,0.28,25.09,12.22,1.59,72.27,0.71,5.49,Meghalaya_Shillong
2014-03-29,0.0,25.03,11.15,2.3,58.93,0.7,6.66,Meghalaya_Shillong
2014-03-30,0.0,25.83,11.85,2.35,57.94,0.69,6.61,Meghalaya_Shillong
2014-03-31,0.0,25.36,12.73,2.31,58.51,0.68,5.34,Meghalaya_Shillong
2014-04-01,0.11,24.8,12.15,2.01,51.94,0.68,6.01,Meghalaya_Shillong
2014-04-02,0.0,25.0,11.37,1.87,57.23,0.67,6.15,Meghalaya_Shillong
2014-04-03,7.37,24.87,13.17,1.51,61.16,0.67,4.43,Meghalaya_Shillong
2014-04-04,1.46,21.76,13.12,1.28,76.19,0.68,2.3,Meghalaya_Shillong
2014-04-05,0.66,23.94,12.59,1.16,69.74,0.68,5.07,Meghalaya_Shillong
2014-04-06,0.04,23.44,14.78,1.07,71.98,0.68,4.22,Meghalaya_Shillong
2014-04-07,7.39,22.8,14.82,1.21,81.09,0.69,2.6,Meghalaya_Shillong
2014-04-08,14.7,23.72,15.49,2.18,86.36,0.7,3.75,Meghalaya_Shillong
2014-04-09,8.04,23.59,16.23,2.05,87.18,0.72,4.11,Meghalaya_Shillong
2014-04-10,0.8,24.64,13.99,1.78,76.68,0.71,5.73,Meghalaya_Shillong
2014-04-11,0.0,25.31,13.81,1.51,48.43,0.7,7.26,Meghalaya_Shillong
2014-04-12,0.0,25.88,14.16,1.36,48.33,0.69,7.32,Meghalaya_Shillong
2014-04-13,0.0,25.35,15.75,1.08,60.23,0.68,5.6,Meghalaya_Shillong
2014-04-14,0.0,26.69,14.96,1.39,66.0,0.68,6.69,Meghalaya_Shillong
2014-04-15,0.0,26.56,14.7,1.62,67.02,0.67,6.24,Meghalaya_Shillong
2014-04-16,0.09,27.26,15.92,1.45,60.53,0.67,6.57,Meghalaya_Shillong
2014-04-17,0.78,27.22,15.2,1.66,68.07,0.66,5.68,Meghalaya_Shillong
2014-04-18,0.33,27.86,16.13,1.49,64.55,0.66,5.9,Meghalaya_Shillong
2014-04-19,0.53,28.27,17.71,1.45,57.71,0.65,5.57,Meghalaya_Shillong
2014-04-20,0.02,27.73,17.05,1.72,61.35,0.65,4.95,Meghalaya_Shillong
2014-04-21,0.0,28.08,16.4,1.74,56.25,0.65,5.06,Meghalaya_Shillong
2014-04-22,0.0,28.73,16.32,1.81,47.71,0.64,6.1,Meghalaya_Shillong
2014-04-23,0.0,28.66,15.37,1.75,54.13,0.64,4.91,Meghalaya_Shillong
2014-04-24,0.0,28.92,13.82,2.1,48.79,0.64,5.57,Meghalaya_Shillong
2014-04-25,0.03,28.57,14.94,1.79,56.43,0.63,4.58,Meghalaya_Shillong
2014-04-26,1.26,28.59,16.79,1.27,64.62,0.63,4.35,Meghalaya_Shillong
2014-04-27,7.69,27.62,17.53,1.26,68.76,0.64,4.44,Meghalaya_Shillong
2014-04-28,11.04,26.25,16.17,1.9,76.92,0.65,4.79,Meghalaya_Shillong
2014-04-29,4.89,26.6,15.7,1.19,70.32,0.66,5.67,Meghalaya_Shillong
2014-04-30,0.45,27.65,16.43,1.13,75.27,0.66,6.06,Meghalaya_Shillong
2014-05-01,4.15,25.6,16.35,1.46,83.89,0.66,3.81,Meghalaya_Shillong
2014-05-02,9.62,27.35,16.54,0.97,71.89,0.67,6.13,Meghalaya_Shillong
2014-05-03,18.73,21.92,16.53,1.84,87.6,0.69,1.63,Meghalaya_Shillong
2014-05-04,36.45,21.92,15.92,1.42,86.17,0.73,1.96,Meghalaya_Shillong
2014-05-05,3.17,20.37,16.04,1.36,93.75,0.74,0.69,Meghalaya_Shillong
2014-05-06,13.65,23.68,15.67,1.56,85.76,0.73,3.39,Meghalaya_Shillong
2014-05-07,25.16,23.71,17.37,2.98,86.92,0.75,3.21,Meghalaya_Shillong
2014-05-08,45.1,23.4,17.85,4.02,91.15,0.79,1.91,Meghalaya_Shillong
2014-05-09,27.66,25.89,19.79,4.18,89.56,0.82,3.93,Meghalaya_Shillong
2014-05-10,7.21,25.23,20.25,3.64,88.99,0.81,3.81,Meghalaya_Shillong
2014-05-11,10.11,24.65,18.9,3.7,86.89,0.79,4.43,Meghalaya_Shillong
2014-05-12,5.94,24.28,18.9,2.75,88.31,0.78,4.01,Meghalaya_Shillong
2014-05-13,8.51,24.89,18.41,2.31,87.64,0.77,4.32,Meghalaya_Shillong
2014-05-14,6.61,25.4,19.43,3.18,86.48,0.76,4.58,Meghalaya_Shillong
2014-05-15,9.41,25.51,19.47,2.97,86.15,0.76,4.43,Meghalaya_Shillong
2014-05-16,0.9,26.02,16.67,1.85,81.59,0.76,6.59,Meghalaya_Shillong
2014-05-17,13.09,25.21,16.75,1.52,83.2,0.76,5.04,Meghalaya_Shillong
2014-05-18,3.27,27.19,18.08,1.28,74.37,0.76,6.45,Meghalaya_Shillong
2014-05-19,0.09,27.75,18.89,1.13,69.21,0.74,7.24,Meghalaya_Shillong
2014-05-20,0.1,26.98,18.37,1.57,78.16,0.74,6.49,Meghalaya_Shillong
2014-05-21,3.87,26.22,17.44,1.72,84.77,0.73,6.02,Meghalaya_Shillong
2014-05-22,12.28,26.38,17.47,1.57,83.72,0.74,4.93,Meghalaya_Shillong
2014-05-23,1.27,28.24,18.98,0.83,74.64,0.74,7.71,Meghalaya_Shillong
2014-05-24,0.8,28.54,18.7,0.67,72.09,0.73,7.19,Meghalaya_Shillong
2014-05-25,4.18,23.98,18.49,0.9,84.34,0.73,2.91,Meghalaya_Shillong
2014-05-26,7.69,26.69,18.6,0.96,82.42,0.74,4.32,Meghalaya_Shillong
2014-05-27,4.48,24.93,18.45,1.29,87.66,0.74,2.88,Meghalaya_Shillong
2014-05-28,26.39,25.03,19.05,2.02,88.26,0.76,3.48,Meghalaya_Shillong
2014-05-29,9.04,25.05,19.08,3.03,90.23,0.79,3.15,Meghalaya_Shillong
2014-05-30,8.9,26.24,16.79,1.1,83.78,0.78,5.13,Meghalaya_Shillong
2014-05-31,9.55,25.76,19.39,1.34,88.39,0.78,3.67,Meghalaya_Shillong
2014-06-01,7.15,26.2,18.68,1.26,80.49,0.77,5.73,Meghalaya_Shillong
2014-06-02,5.95,26.83,18.93,1.78,87.72,0.77,4.77,Meghalaya_Shillong
2014-06-03,12.53,25.96,20.3,2.39,89.27,0.78,3.28,Meghalaya_Shillong
2014-06-04,3.43,27.15,20.41,2.28,87.31,0.78,5.56,Meghalaya_Shillong
2014-06-05,0.34,26.71,20.34,1.63,87.64,0.77,4.05,Meghalaya_Shillong
2014-06-06,0.11,27.58,20.3,2.29,86.04,0.76,5.83,Meghalaya_Shillong
2014-06-07,0.01,27.54,20.45,2.17,86.32,0.75,5.78,Meghalaya_Shillong
2014-06-08,7.14,25.96,20.78,2.72,89.14,0.75,3.27,Meghalaya_Shillong
2014-06-09,8.79,25.38,21.8,3.21,90.47,0.76,2.98,Meghalaya_Shillong
2014-06-10,23.78,25.41,21.74,2.85,91.64,0.78,2.05,Meghalaya_Shillong
2014-06-11,13.78,26.0,21.11,2.95,89.86,0.8,3.24,Meghalaya_Shillong
2014-06-12,14.3,27.35,21.02,2.14,87.48,0.8,5.2,Meghalaya_Shillong
2014-06-13,31.04,26.21,19.56,1.15,86.85,0.83,2.85,Meghalaya_Shillong
2014-06-14,0.12,25.09,19.05,1.06,84.35,0.81,2.95,Meghalaya_Shillong
2014-06-15,3.26,27.76,20.15,0.85,72.16,0.79,4.83,Meghalaya_Shillong
2014-06-16,34.57,28.37,19.57,0.64,83.4,0.82,4.44,Meghalaya_Shillong
2014-06-17,4.96,25.13,21.46,0.91,94.47,0.83,0.93,Meghalaya_Shillong
2014-06-18,22.43,23.5,21.14,1.91,95.18,0.83,0.69,Meghalaya_Shillong
2014-06-19,41.06,24.01,20.48,2.75,93.81,0.86,1.08,Meghalaya_Shillong
2014-06-20,47.56,23.98,20.07,3.03,92.9,0.9,1.53,Meghalaya_Shillong
2014-06-21,49.92,24.34,19.83,3.96,94.66,0.91,1.47,Meghalaya_Shillong
2014-06-22,68.19,24.92,21.55,4.13,95.14,0.94,1.03,Meghalaya_Shillong
2014-06-23,29.58,25.67,20.68,2.99,91.59,0.95,2.19,Meghalaya_Shillong
2014-06-24,4.09,25.8,20.2,2.37,90.33,0.93,3.02,Meghalaya_Shillong
2014-06-25,2.98,27.08,19.65,1.28,84.37,0.91,4.1,Meghalaya_Shillong
2014-06-26,11.48,25.28,20.1,1.05,89.93,0.91,1.55,Meghalaya_Shillong
2014-06-27,8.57,25.42,20.42,2.45,91.45,0.91,2.6,Meghalaya_Shillong
2014-06-28,12.28,25.06,20.99,2.87,91.27,0.92,2.87,Meghalaya_Shillong
2014-06-29,15.35,25.19,20.16,2.59,93.06,0.92,1.77,Meghalaya_Shillong
2014-06-30,21.29,25.56,21.32,1.85,94.0,0.94,1.24,Meghalaya_Shillong
2014-07-01,5.77,25.83,20.86,1.41,90.88,0.94,2.1,Meghalaya_Shillong
2014-07-02,4.67,23.95,20.46,1.62,92.37,0.93,1.24,Meghalaya_Shillong
2014-07-03,8.64,25.29,20.05,3.04,90.97,0.93,3.04,Meghalaya_Shillong
2014-07-04,4.1,23.75,19.54,3.2,93.79,0.93,1.3,Meghalaya_Shillong
2014-07-05,7.1,26.23,20.07,2.72,91.45,0.93,2.86,Meghalaya_Shillong
2014-07-06,18.91,25.76,20.18,3.06,90.81,0.93,3.1,Meghalaya_Shillong
2014-07-07,9.73,25.32,20.88,3.97,93.09,0.94,2.3,Meghalaya_Shillong
2014-07-08,16.02,25.15,21.21,3.77,94.3,0.94,1.48,Meghalaya_Shillong
2014-07-09,14.65,26.8,21.18,2.22,92.27,0.95,2.22,Meghalaya_Shillong
2014-07-10,6.39,25.07,20.89,1.29,92.25,0.95,1.58,Meghalaya_Shillong
2014-07-11,2.28,27.79,20.1,1.18,88.46,0.94,2.71,Meghalaya_Shillong
2014-07-12,5.45,27.32,20.71,1.05,89.33,0.94,2.55,Meghalaya_Shillong
2014-07-13,9.5,24.77,21.85,1.47,94.47,0.94,1.14,Meghalaya_Shillong
2014-07-14,24.06,25.72,21.04,1.29,91.8,0.95,1.73,Meghalaya_Shillong
2014-07-15,20.17,23.09,20.37,1.72,93.74,0.97,1.0,Meghalaya_Shillong
2014-07-16,4.78,23.27,19.81,2.62,93.96,0.96,1.16,Meghalaya_Shillong
2014-07-17,5.16,24.59,20.24,2.85,93.62,0.96,1.59,Meghalaya_Shillong
2014-07-18,5.63,25.68,20.45,1.83,92.48,0.96,2.03,Meghalaya_Shillong
2014-07-19,1.77,26.45,20.58,1.27,88.84,0.96,2.51,Meghalaya_Shillong
2014-07-20,3.34,27.19,20.3,1.85,88.63,0.95,3.51,Meghalaya_Shillong
2014-07-21,5.22,25.25,19.01,2.76,90.25,0.95,2.8,Meghalaya_Shillong
2014-07-22,0.95,25.43,19.87,1.94,91.65,0.94,2.04,Meghalaya_Shillong
2014-07-23,3.64,24.58,19.82,1.64,93.19,0.94,1.36,Meghalaya_Shillong
2014-07-24,7.05,24.45,19.54,1.09,90.56,0.94,1.19,Meghalaya_Shillong
2014-07-25,0.99,24.63,19.33,1.03,90.52,0.94,1.55,Meghalaya_Shillong
2014-07-26,7.36,27.38,19.56,1.19,88.07,0.94,3.15,Meghalaya_Shillong
2014-07-27,14.42,25.3,20.29,0.95,90.38,0.95,1.29,Meghalaya_Shillong
2014-07-28,14.49,25.61,19.6,0.89,90.88,0.96,1.34,Meghalaya_Shillong
2014-07-29,7.38,25.25,20.28,0.76,91.66,0.96,1.39,Meghalaya_Shillong
2014-07-30,2.35,26.25,19.79,0.76,88.82,0.95,2.2,Meghalaya_Shillong
2014-07-31,5.07,24.4,20.18,0.9,93.45,0.95,0.94,Meghalaya_Shillong
2014-08-01,3.38,26.33,20.11,1.62,93.21,0.95,1.92,Meghalaya_Shillong
2014-08-02,21.58,26.35,21.34,1.33,93.18,0.96,1.41,Meghalaya_Shillong
2014-08-03,7.83,25.94,20.85,1.64,90.65,0.97,2.2,Meghalaya_Shillong
2014-08-04,2.57,26.69,20.38,1.79,90.86,0.96,2.71,Meghalaya_Shillong
2014-08-05,18.48,25.1,19.94,1.97,91.8,0.96,2.09,Meghalaya_Shillong
2014-08-06,7.06,25.77,20.24,2.02,91.47,0.96,2.61,Meghalaya_Shillong
2014-08-07,18.67,26.75,19.37,1.3,90.8,0.96,2.53,Meghalaya_Shillong
2014-08-08,18.14,27.36,21.05,1.37,89.68,0.97,2.95,Meghalaya_Shillong
2014-08-09,2.68,25.31,20.89,1.42,93.48,0.97,1.44,Meghalaya_Shillong
2014-08-10,3.32,25.59,19.71,2.7,92.24,0.96,2.39,Meghalaya_Shillong
2014-08-11,5.58,25.05,20.09,3.36,92.47,0.96,2.68,Meghalaya_Shillong
2014-08-12,4.77,25.07,20.21,3.36,92.4,0.96,2.78,Meghalaya_Shillong
2014-08-13,34.66,23.58,20.75,3.59,96.61,0.97,0.5,Meghalaya_Shillong
2014-08-14,22.49,23.4,20.79,3.12,96.02,0.98,0.69,Meghalaya_Shillong
2014-08-15,25.77,23.85,20.72,3.83,95.8,0.99,0.92,Meghalaya_Shillong
2014-08-16,19.92,23.25,20.77,1.75,96.1,0.99,0.5,Meghalaya_Shillong
2014-08-17,21.68,23.64,19.98,1.7,94.44,0.99,0.76,Meghalaya_Shillong
2014-08-18,27.24,24.99,20.49,2.92,93.58,0.99,1.46,Meghalaya_Shillong
2014-08-19,33.0,24.3,20.72,2.91,95.22,0.99,0.84,Meghalaya_Shillong
2014-08-20,12.83,26.39,20.86,1.92,93.58,0.99,1.53,Meghalaya_Shillong
2014-08-21,8.31,25.28,20.22,2.16,95.0,0.99,1.09,Meghalaya_Shillong
2014-08-22,18.65,22.98,20.52,2.65,96.61,0.99,0.45,Meghalaya_Shillong
2014-08-23,33.82,23.13,20.22,3.2,96.3,0.99,0.57,Meghalaya_Shillong
2014-08-24,39.87,23.03,20.28,3.01,96.03,0.99,0.56,Meghalaya_Shillong
2014-08-25,32.93,22.88,19.3,2.25,95.76,1.0,0.54,Meghalaya_Shillong
2014-08-26,1.01,24.68,19.19,0.68,90.01,0.99,1.35,Meghalaya_Shillong
2014-08-27,4.84,23.51,19.58,1.11,94.74,0.99,0.43,Meghalaya_Shillong
2014-08-28,1.23,23.12,18.9,0.89,90.95,0.99,0.68,Meghalaya_Shillong
2014-08-29,0.26,26.59,18.71,1.04,88.08,0.99,2.51,Meghalaya_Shillong
2014-08-30,4.98,24.6,20.23,0.99,94.2,0.99,0.7,Meghalaya_Shillong
2014-08-31,9.49,25.6,19.12,2.17,91.37,0.99,2.05,Meghalaya_Shillong
2014-09-01,2.45,24.18,19.16,1.18,90.13,0.99,1.57,Meghalaya_Shillong
2014-09-02,2.31,25.65,19.85,1.09,88.13,0.98,2.16,Meghalaya_Shillong
2014-09-03,1.62,23.86,20.02,0.98,92.73,0.98,0.95,Meghalaya_Shillong
2014-09-04,11.39,23.4,19.28,0.83,94.7,0.98,0.57,Meghalaya_Shillong
2014-09-05,8.36,23.68,19.05,0.91,93.71,0.99,0.87,Meghalaya_Shillong
2014-09-06,25.56,26.22,18.62,1.07,88.58,0.99,2.35,Meghalaya_Shillong
2014-09-07,21.39,25.69,19.36,1.28,90.99,0.99,2.1,Meghalaya_Shillong
2014-09-08,2.05,24.63,19.23,1.6,92.6,0.99,2.0,Meghalaya_Shillong
2014-09-09,0.39,24.98,19.06,1.59,91.24,0.98,2.97,Meghalaya_Shillong
2014-09-10,3.85,23.83,18.77,1.24,92.61,0.98,1.84,Meghalaya_Shillong
2014-09-11,1.24,25.95,17.59,1.17,88.41,0.98,3.63,Meghalaya_Shillong
2014-09-12,1.65,24.9,18.56,1.3,90.8,0.97,3.15,Meghalaya_Shillong
2014-09-13,14.98,24.98,17.82,1.25,91.13,0.97,2.8,Meghalaya_Shillong
2014-09-14,7.79,25.36,19.44,0.84,90.7,0.98,2.4,Meghalaya_Shillong
2014-09-15,14.93,26.11,18.74,0.61,87.63,0.98,3.55,Meghalaya_Shillong
2014-09-16,6.93,23.7,19.75,0.72,94.84,0.98,0.69,Meghalaya_Shillong
2014-09-17,0.0,27.95,18.25,0.73,85.29,0.97,5.12,Meghalaya_Shillong
2014-09-18,29.17,26.23,20.1,1.11,91.87,0.98,1.44,Meghalaya_Shillong
2014-09-19,46.33,24.29,20.73,1.47,95.13,0.99,0.79,Meghalaya_Shillong
2014-09-20,21.33,23.02,19.52,2.04,93.78,1.0,1.07,Meghalaya_Shillong
2014-09-21,71.45,21.9,19.91,3.16,96.97,1.0,0.32,Meghalaya_Shillong
2014-09-22,106.85,22.21,19.98,3.59,97.63,1.0,0.27,Meghalaya_Shillong
2014-09-23,73.98,23.16,19.45,2.65,97.33,1.0,0.31,Meghalaya_Shillong
2014-09-24,13.42,24.4,18.32,1.7,92.57,1.0,1.86,Meghalaya_Shillong
2014-09-25,15.84,22.55,18.63,2.11,94.6,1.0,1.13,Meghalaya_Shillong
2014-09-26,12.3,21.83,18.97,2.88,97.64,1.0,0.3,Meghalaya_Shillong
2014-09-27,11.99,23.12,17.24,2.32,92.94,1.0,1.87,Meghalaya_Shillong
2014-09-28,1.14,24.62,16.73,0.95,86.42,0.99,3.71,Meghalaya_Shillong
2014-09-29,0.26,24.8,17.23,0.55,83.62,0.99,4.45,Meghalaya_Shillong
2014-09-30,0.02,25.94,17.64,0.66,79.06,0.99,5.16,Meghalaya_Shillong
2014-10-01,0.0,26.27,17.3,0.83,80.26,0.98,5.23,Meghalaya_Shillong
2014-10-02,0.0,26.31,17.57,0.78,83.82,0.98,5.29,Meghalaya_Shillong
2014-10-03,0.0,25.53,17.34,0.63,83.97,0.97,5.2,Meghalaya_Shillong
2014-10-04,0.0,25.17,16.71,0.82,87.23,0.97,3.71,Meghalaya_Shillong
2014-10-05,0.0,25.81,16.68,1.14,87.19,0.96,4.29,Meghalaya_Shillong
2014-10-06,0.0,26.63,16.64,0.98,83.38,0.96,4.99,Meghalaya_Shillong
2014-10-07,6.65,23.08,18.79,0.79,88.77,0.96,1.64,Meghalaya_Shillong
2014-10-08,29.12,25.57,17.2,0.71,83.22,0.97,4.05,Meghalaya_Shillong
2014-10-09,0.84,26.27,17.11,0.8,82.44,0.97,5.47,Meghalaya_Shillong
2014-10-10,1.86,24.99,17.37,0.82,87.74,0.96,4.69,Meghalaya_Shillong
2014-10-11,1.51,25.54,17.8,0.76,88.14,0.96,4.65,Meghalaya_Shillong
2014-10-12,1.29,23.98,18.78,0.62,89.8,0.96,2.53,Meghalaya_Shillong
2014-10-13,2.51,24.64,18.22,0.74,89.32,0.95,3.25,Meghalaya_Shillong
2014-10-14,8.82,24.62,18.42,0.92,90.31,0.96,2.85,Meghalaya_Shillong
2014-10-15,9.41,23.87,18.21,1.21,92.7,0.96,2.54,Meghalaya_Shillong
2014-10-16,0.62,22.35,17.19,1.1,92.26,0.96,1.91,Meghalaya_Shillong
2014-10-17,0.0,23.83,15.0,0.86,86.48,0.95,4.5,Meghalaya_Shillong
2014-10-18,0.14,23.28,14.36,0.91,89.38,0.95,3.92,Meghalaya_Shillong
2014-10-19,0.23,23.62,14.67,0.84,87.07,0.94,4.73,Meghalaya_Shillong
2014-10-20,0.0,23.58,13.76,0.8,83.44,0.94,4.5,Meghalaya_Shillong
2014-10-21,0.0,24.0,14.8,0.89,84.25,0.93,4.81,Meghalaya_Shillong
2014-10-22,0.0,23.94,14.63,0.87,80.25,0.93,5.53,Meghalaya_Shillong
2014-10-23,0.0,23.69,14.32,0.81,80.45,0.92,5.63,Meghalaya_Shillong
2014-10-24,0.01,23.37,14.2,0.69,79.99,0.92,5.82,Meghalaya_Shillong
2014-10-25,0.0,22.81,13.17,0.83,81.21,0.92,3.89,Meghalaya_Shillong
2014-10-26,0.56,18.74,14.58,0.83,93.61,0.91,0.63,Meghalaya_Shillong
2014-10-27,0.06,21.91,12.12,0.69,82.71,0.91,2.59,Meghalaya_Shillong
2014-10-28,0.02,20.55,12.14,0.91,87.4,0.91,3.7,Meghalaya_Shillong
2014-10-29,0.0,21.35,12.0,0.8,84.45,0.91,4.63,Meghalaya_Shillong
2014-10-30,0.03,21.63,12.08,0.85,81.18,0.9,4.78,Meghalaya_Shillong
2014-10-31,0.0,22.92,13.06,0.77,81.25,0.9,5.3,Meghalaya_Shillong
2014-11-01,0.0,23.29,12.88,0.73,79.87,0.9,5.98,Meghalaya_Shillong
2014-11-02,0.0,23.97,13.92,0.84,84.16,0.89,5.5,Meghalaya_Shillong
2014-11-03,0.0,23.47,13.23,0.91,84.86,0.89,5.48,Meghalaya_Shillong
2014-11-04,0.0,23.38,13.94,0.88,86.46,0.88,5.04,Meghalaya_Shillong
2014-11-05,0.0,22.61,12.54,0.71,81.88,0.88,4.82,Meghalaya_Shillong
2014-11-06,0.0,23.53,13.6,0.76,81.14,0.88,5.7,Meghalaya_Shillong
2014-11-07,0.0,23.35,13.22,0.83,83.59,0.87,5.21,Meghalaya_Shillong
2014-11-08,0.0,23.57,14.41,0.96,86.73,0.87,5.27,Meghalaya_Shillong
2014-11-09,0.0,23.28,13.48,0.95,84.68,0.87,5.22,Meghalaya_Shillong
2014-11-10,0.0,22.92,14.0,0.66,84.0,0.86,5.35,Meghalaya_Shillong
2014-11-11,0.0,22.58,12.05,0.8,87.42,0.86,5.09,Meghalaya_Shillong
2014-11-12,0.0,22.58,12.01,0.72,84.85,0.86,5.25,Meghalaya_Shillong
2014-11-13,0.0,23.1,12.69,0.76,81.44,0.85,5.79,Meghalaya_Shillong
2014-11-14,0.0,21.37,11.73,0.76,75.1,0.85,4.83,Meghalaya_Shillong
2014-11-15,0.0,23.11,12.16,0.64,73.44,0.85,4.69,Meghalaya_Shillong
2014-11-16,0.0,21.07,11.74,0.6,78.99,0.85,4.74,Meghalaya_Shillong
2014-11-17,0.0,21.14,11.56,0.66,86.07,0.84,4.74,Meghalaya_Shillong
2014-11-18,0.0,21.7,11.5,0.73,83.65,0.84,4.91,Meghalaya_Shillong
2014-11-19,0.0,21.9,11.5,0.83,86.52,0.84,4.83,Meghalaya_Shillong
2014-11-20,0.0,20.9,11.3,0.7,86.94,0.84,4.61,Meghalaya_Shillong
2014-11-21,0.1,19.79,12.53,0.78,88.16,0.84,3.38,Meghalaya_Shillong
2014-11-22,0.0,19.25,9.92,0.96,74.97,0.83,3.86,Meghalaya_Shillong
2014-11-23,0.0,19.13,8.6,1.12,74.96,0.83,3.73,Meghalaya_Shillong
2014-11-24,0.0,22.33,8.76,0.8,66.19,0.83,5.48,Meghalaya_Shillong
2014-11-25,0.0,20.13,8.95,0.82,75.76,0.83,4.26,Meghalaya_Shillong
2014-11-26,0.0,18.73,10.16,0.78,82.79,0.83,3.54,Meghalaya_Shillong
2014-11-27,0.0,18.96,10.07,0.58,80.86,0.82,4.08,Meghalaya_Shillong
2014-11-28,0.0,19.1,8.9,0.99,85.64,0.82,3.47,Meghalaya_Shillong
2014-11-29,0.0,18.76,8.73,0.88,87.67,0.82,3.26,Meghalaya_Shillong
2014-11-30,0.0,20.19,8.74,0.74,80.42,0.82,3.83,Meghalaya_Shillong
2014-12-01,0.0,21.03,11.24,0.71,85.49,0.82,4.03,Meghalaya_Shillong
2014-12-02,0.0,21.09,11.39,0.55,88.22,0.82,4.01,Meghalaya_Shillong
2014-12-03,0.0,20.18,12.84,0.57,88.96,0.82,3.31,Meghalaya_Shillong
2014-12-04,0.0,21.03,12.77,0.65,88.9,0.82,3.38,Meghalaya_Shillong
2014-12-05,0.0,21.96,13.0,0.63,87.59,0.81,4.43,Meghalaya_Shillong
2014-12-06,0.0,20.84,12.63,0.66,88.47,0.81,4.32,Meghalaya_Shillong
2014-12-07,0.0,19.52,12.0,0.74,84.68,0.81,3.21,Meghalaya_Shillong
2014-12-08,0.0,19.22,10.04,0.87,87.62,0.81,3.29,Meghalaya_Shillong
2014-12-09,0.0,19.76,9.89,0.78,76.38,0.81,3.85,Meghalaya_Shillong
2014-12-10,0.0,18.87,7.95,1.03,73.54,0.8,3.76,Meghalaya_Shillong
2014-12-11,0.0,18.86,7.28,1.16,65.82,0.8,3.59,Meghalaya_Shillong
2014-12-12,0.15,17.81,7.14,0.81,68.12,0.8,2.23,Meghalaya_Shillong
2014-12-13,0.0,19.76,9.32,0.63,60.81,0.8,3.06,Meghalaya_Shillong
2014-12-14,0.0,19.45,11.2,0.86,66.79,0.8,1.92,Meghalaya_Shillong
2014-12-15,0.0,20.37,11.7,0.96,57.79,0.8,3.22,Meghalaya_Shillong
2014-12-16,0.0,19.72,8.55,1.07,66.18,0.8,3.89,Meghalaya_Shillong
2014-12-17,0.0,18.36,6.38,1.23,82.37,0.8,2.96,Meghalaya_Shillong
2014-12-18,0.0,18.36,6.22,1.02,57.29,0.79,3.66,Meghalaya_Shillong
2014-12-19,0.0,18.51,3.4,1.13,75.38,0.79,3.1,Meghalaya_Shillong
2014-12-20,0.0,18.56,8.22,1.06,80.37,0.79,3.04,Meghalaya_Shillong
2014-12-21,0.0,17.71,7.35,0.79,75.81,0.79,2.54,Meghalaya_Shillong
2014-12-22,0.0,18.21,6.72,1.0,84.5,0.79,3.07,Meghalaya_Shillong
2014-12-23,0.0,18.87,7.24,0.7,75.81,0.79,3.43,Meghalaya_Shillong
2014-12-24,0.0,19.56,8.64,0.77,80.86,0.79,3.54,Meghalaya_Shillong
2014-12-25,0.0,18.89,8.57,0.73,85.56,0.79,3.45,Meghalaya_Shillong
2014-12-26,0.0,17.99,8.16,0.71,86.61,0.78,3.01,Meghalaya_Shillong
2014-12-27,0.0,18.27,6.49,0.74,82.88,0.78,3.15,Meghalaya_Shillong
2014-12-28,0.0,18.92,6.69,0.94,71.25,0.78,3.32,Meghalaya_Shillong
2014-12-29,0.0,18.38,7.69,0.86,69.39,0.78,3.16,Meghalaya_Shillong
2014-12-30,0.0,18.23,9.28,0.66,56.36,0.78,1.95,Meghalaya_Shillong
2014-12-31,0.0,19.27,11.65,0.75,43.73,0.78,1.8,Meghalaya_Shillong
2015-01-01,0.0,18.01,11.76,0.9,59.17,0.78,1.98,Meghalaya_Shillong
2015-01-02,0.02,20.74,12.3,0.7,77.01,0.78,2.7,Meghalaya_Shillong
2015-01-03,1.98,21.39,12.23,0.86,86.03,0.78,2.54,Meghalaya_Shillong
2015-01-04,6.44,19.93,11.1,0.96,91.09,0.79,1.68,Meghalaya_Shillong
2015-01-05,0.45,17.36,7.96,1.44,86.76,0.79,2.46,Meghalaya_Shillong
2015-01-06,0.0,17.16,4.79,0.91,80.51,0.78,2.78,Meghalaya_Shillong
2015-01-07,0.0,16.33,6.78,0.88,83.76,0.78,1.95,Meghalaya_Shillong
2015-01-08,0.01,17.34,7.1,1.06,79.11,0.78,2.73,Meghalaya_Shillong
2015-01-09,0.03,17.57,6.68,0.88,76.41,0.78,2.75,Meghalaya_Shillong
2015-01-10,0.0,18.73,6.69,0.78,74.82,0.78,3.35,Meghalaya_Shillong
2015-01-11,0.0,18.73,6.15,0.97,74.89,0.77,3.24,Meghalaya_Shillong
2015-01-12,0.0,18.35,5.34,1.21,83.74,0.77,2.76,Meghalaya_Shillong
2015-01-13,0.0,18.99,7.18,1.13,78.07,0.77,3.16,Meghalaya_Shillong
2015-01-14,0.0,18.59,8.7,0.96,77.58,0.77,2.92,Meghalaya_Shillong
2015-01-15,0.0,19.55,9.16,1.04,79.0,0.77,3.07,Meghalaya_Shillong
2015-01-16,0.05,19.04,8.37,1.0,69.0,0.77,3.37,Meghalaya_Shillong
2015-01-17,1.82,18.6,8.08,0.94,69.22,0.76,2.88,Meghalaya_Shillong
2015-01-18,0.52,16.51,7.24,0.84,81.22,0.77,2.08,Meghalaya_Shillong
2015-01-19,0.0,16.85,7.52,0.89,74.47,0.77,2.38,Meghalaya_Shillong
2015-01-20,0.0,18.34,7.5,0.93,77.88,0.76,3.03,Meghalaya_Shillong
2015-01-21,0.0,19.11,5.42,1.25,85.72,0.76,2.82,Meghalaya_Shillong
2015-01-22,0.0,18.94,8.38,0.84,80.56,0.76,3.11,Meghalaya_Shillong
2015-01-23,0.0,18.48,8.19,1.08,79.89,0.76,2.71,Meghalaya_Shillong
2015-01-24,0.0,18.81,6.8,1.27,73.27,0.76,3.24,Meghalaya_Shillong
2015-01-25,0.0,18.67,5.91,0.98,72.86,0.76,3.47,Meghalaya_Shillong
2015-01-26,0.0,19.19,7.44,0.98,60.13,0.75,3.59,Meghalaya_Shillong
2015-01-27,0.0,20.41,7.54,1.18,65.03,0.75,3.43,Meghalaya_Shillong
2015-01-28,0.0,19.46,7.29,1.51,83.12,0.75,3.15,Meghalaya_Shillong
2015-01-29,0.0,19.92,6.14,1.2,77.17,0.75,3.47,Meghalaya_Shillong
2015-01-30,0.56,17.35,5.62,1.64,84.68,0.75,2.32,Meghalaya_Shillong
2015-01-31,0.0,16.31,4.97,0.88,62.64,0.75,2.97,Meghalaya_Shillong
2015-02-01,0.0,17.37,6.13,0.93,60.28,0.75,3.03,Meghalaya_Shillong
2015-02-02,0.0,18.91,6.41,0.99,64.99,0.75,3.61,Meghalaya_Shillong
2015-02-03,0.0,20.95,8.33,0.84,64.14,0.74,4.05,Meghalaya_Shillong
2015-02-04,0.0,19.91,6.48,1.61,73.2,0.74,3.64,Meghalaya_Shillong
2015-02-05,0.0,19.15,7.8,1.35,66.61,0.74,3.4,Meghalaya_Shillong
2015-02-06,0.0,18.66,5.99,1.06,54.81,0.74,3.66,Meghalaya_Shillong
2015-02-07,0.0,18.71,7.58,0.83,50.01,0.74,3.67,Meghalaya_Shillong
2015-02-08,0.0,20.38,7.62,0.99,61.64,0.73,3.72,Meghalaya_Shillong
2015-02-09,0.0,19.36,7.37,1.06,68.13,0.73,2.85,Meghalaya_Shillong
2015-02-10,0.0,19.13,8.39,1.37,72.83,0.73,2.99,Meghalaya_Shillong
2015-02-11,0.0,19.34,7.6,0.97,61.37,0.73,3.51,Meghalaya_Shillong
2015-02-12,0.0,19.41,6.75,1.27,57.65,0.73,3.77,Meghalaya_Shillong
2015-02-13,0.0,16.95,6.38,1.54,70.57,0.73,2.24,Meghalaya_Shillong
2015-02-14,0.35,18.04,7.25,1.14,69.92,0.73,2.85,Meghalaya_Shillong
2015-02-15,0.01,17.65,7.31,1.0,68.74,0.73,2.41,Meghalaya_Shillong
2015-02-16,0.0,20.98,8.04,0.98,68.58,0.72,4.12,Meghalaya_Shillong
2015-02-17,0.61,20.37,10.12,1.09,68.03,0.72,3.42,Meghalaya_Shillong
2015-02-18,7.94,20.05,10.35,1.07,70.63,0.72,3.36,Meghalaya_Shillong
2015-02-19,5.04,18.08,9.59,1.46,81.41,0.74,2.04,Meghalaya_Shillong
2015-02-20,0.01,20.6,8.96,0.88,80.42,0.74,3.39,Meghalaya_Shillong
2015-02-21,5.54,20.11,9.57,1.26,81.91,0.74,3.26,Meghalaya_Shillong
2015-02-22,0.21,20.31,9.51,1.3,80.98,0.74,2.79,Meghalaya_Shillong
2015-02-23,0.0,22.17,10.46,1.12,77.22,0.73,4.14,Meghalaya_Shillong
2015-02-24,0.0,21.72,11.19,1.24,75.09,0.73,3.87,Meghalaya_Shillong
2015-02-25,0.0,21.29,13.15,1.01,76.91,0.73,3.32,Meghalaya_Shillong
2015-02-26,6.66,21.06,10.72,1.58,86.81,0.73,2.9,Meghalaya_Shillong
2015-02-27,0.04,21.03,10.31,1.9,85.17,0.73,3.11,Meghalaya_Shillong
2015-02-28,0.0,22.7,10.89,1.43,78.5,0.73,4.12,Meghalaya_Shillong
2015-03-01,0.0,24.53,14.33,0.7,69.75,0.72,3.5,Meghalaya_Shillong
2015-03-02,0.02,22.92,12.73,1.34,78.9,0.72,3.59,Meghalaya_Shillong
2015-03-03,0.09,21.46,10.95,2.29,73.58,0.72,4.19,Meghalaya_Shillong
2015-03-04,4.86,18.68,9.82,2.86,80.09,0.72,2.72,Meghalaya_Shillong
2015-03-05,0.09,19.33,8.22,2.1,73.24,0.72,3.72,Meghalaya_Shillong
2015-03-06,0.0,20.11,7.34,1.31,54.4,0.71,4.71,Meghalaya_Shillong
2015-03-07,0.0,21.29,7.06,1.15,60.73,0.71,4.85,Meghalaya_Shillong
2015-03-08,0.0,22.66,7.9,1.16,60.19,0.71,5.05,Meghalaya_Shillong
2015-03-09,0.0,24.77,9.13,1.26,55.79,0.7,5.65,Meghalaya_Shillong
2015-03-10,0.0,23.98,9.03,1.75,53.95,0.7,5.49,Meghalaya_Shillong
2015-03-11,0.0,24.08,7.45,1.12,46.8,0.69,6.03,Meghalaya_Shillong
2015-03-12,0.0,24.7,11.99,1.15,43.89,0.69,5.82,Meghalaya_Shillong
2015-03-13,0.0,24.04,10.2,1.55,50.84,0.69,5.36,Meghalaya_Shillong
2015-03-14,0.0,23.37,9.62,2.22,61.93,0.68,4.91,Meghalaya_Shillong
2015-03-15,0.0,24.54,11.05,2.05,64.5,0.68,5.23,Meghalaya_Shillong
2015-03-16,0.0,24.99,9.94,2.16,64.65,0.68,5.25,Meghalaya_Shillong
2015-03-17,0.0,24.0,10.71,2.18,71.23,0.67,4.29,Meghalaya_Shillong
2015-03-18,0.0,23.62,11.1,1.81,70.06,0.67,4.28,Meghalaya_Shillong
2015-03-19,0.0,22.86,10.51,1.85,62.78,0.67,4.17,Meghalaya_Shillong
2015-03-20,0.0,24.11,10.55,0.99,45.62,0.67,5.25,Meghalaya_Shillong
2015-03-21,0.0,25.38,12.53,1.08,54.49,0.67,4.67,Meghalaya_Shillong
2015-03-22,0.0,26.1,14.16,0.96,46.16,0.66,5.26,Meghalaya_Shillong
2015-03-23,0.0,26.34,15.62,1.14,53.41,0.66,4.88,Meghalaya_Shillong
2015-03-24,0.0,24.9,15.82,0.96,60.23,0.66,3.67,Meghalaya_Shillong
2015-03-25,0.04,24.58,16.83,0.87,63.26,0.66,2.96,Meghalaya_Shillong
2015-03-26,0.03,25.3,14.05,1.05,69.88,0.66,3.92,Meghalaya_Shillong
2015-03-27,15.94,20.51,15.52,1.07,79.63,0.67,0.98,Meghalaya_Shillong
2015-03-28,2.94,21.47,13.38,1.51,87.74,0.69,1.72,Meghalaya_Shillong
2015-03-29,0.17,24.0,14.19,0.98,80.67,0.69,4.41,Meghalaya_Shillong
2015-03-30,6.49,23.96,13.11,1.41,84.09,0.69,3.88,Meghalaya_Shillong
2015-03-31,1.49,22.27,13.08,2.01,86.37,0.7,2.57,Meghalaya_Shillong
2015-04-01,9.64,21.98,13.66,2.44,82.67,0.7,3.59,Meghalaya_Shillong
2015-04-02,24.72,21.36,15.08,2.92,88.86,0.73,2.58,Meghalaya_Shillong
2015-04-03,16.12,23.57,15.48,1.9,85.77,0.74,4.25,Meghalaya_Shillong
2015-04-04,30.79,22.87,16.3,3.12,88.6,0.78,2.92,Meghalaya_Shillong
2015-04-05,28.7,21.5,15.63,2.14,88.77,0.8,2.27,Meghalaya_Shillong
2015-04-06,3.99,22.25,14.09,1.6,83.24,0.79,4.21,Meghalaya_Shillong
2015-04-07,0.01,25.56,14.32,0.93,71.55,0.77,6.99,Meghalaya_Shillong
2015-04-08,4.21,24.23,13.56,1.64,83.43,0.75,4.98,Meghalaya_Shillong
2015-04-09,3.49,22.62,13.21,2.03,85.84,0.75,4.2,Meghalaya_Shillong
2015-04-10,0.55,23.55,12.97,1.82,83.21,0.74,5.23,Meghalaya_Shillong
2015-04-11,8.06,23.42,14.09,1.32,79.28,0.73,4.85,Meghalaya_Shillong
2015-04-12,0.3,24.67,14.66,0.96,76.48,0.74,3.84,Meghalaya_Shillong
2015-04-13,0.12,23.56,15.39,0.74,78.31,0.73,2.73,Meghalaya_Shillong
2015-04-14,0.0,25.54,16.42,1.08,70.5,0.73,5.72,Meghalaya_Shillong
2015-04-15,0.0,25.18,16.34,0.9,68.97,0.72,3.48,Meghalaya_Shillong
2015-04-16,0.0,23.52,15.68,1.28,77.95,0.72,2.59,Meghalaya_Shillong
2015-04-17,0.88,22.71,14.99,1.99,79.84,0.71,3.35,Meghalaya_Shillong
2015-04-18,39.71,22.72,14.88,2.24,87.36,0.76,3.01,Meghalaya_Shillong
2015-04-19,32.5,23.31,16.07,2.14,84.65,0.8,4.47,Meghalaya_Shillong
2015-04-20,24.97,24.35,14.18,1.56,82.92,0.79,4.24,Meghalaya_Shillong
2015-04-21,32.53,22.98,17.02,2.9,91.47,0.83,1.91,Meghalaya_Shillong
2015-04-22,22.86,23.35,18.99,3.22,89.12,0.84,2.44,Meghalaya_Shillong
2015-04-23,21.05,22.96,18.14,2.7,90.28,0.84,2.83,Meghalaya_Shillong
2015-04-24,12.41,22.36,15.39,1.65,90.54,0.83,2.22,Meghalaya_Shillong
2015-04-25,5.65,22.59,15.02,0.67,79.4,0.83,2.76,Meghalaya_Shillong
2015-04-26,0.28,20.78,14.81,1.2,87.1,0.81,1.66,Meghalaya_Shillong
2015-04-27,0.11,22.93,14.81,0.94,78.74,0.8,4.17,Meghalaya_Shillong
2015-04-28,9.05,24.75,14.95,0.9,79.59,0.79,4.93,Meghalaya_Shillong
2015-04-29,13.3,22.59,13.99,1.25,85.42,0.81,2.63,Meghalaya_Shillong
2015-04-30,9.05,24.01,14.7,1.21,81.15,0.81,4.9,Meghalaya_Shillong
2015-05-01,13.65,24.24,14.61,1.5,86.8,0.81,4.39,Meghalaya_Shillong
2015-05-02,15.78,22.65,17.01,2.39,90.63,0.83,2.62,Meghalaya_Shillong
2015-05-03,6.48,24.42,17.42,1.92,88.04,0.82,4.0,Meghalaya_Shillong
2015-05-04,6.15,25.87,15.71,1.45,83.94,0.82,4.95,Meghalaya_Shillong
2015-05-05,11.89,24.25,16.32,1.22,82.71,0.82,3.23,Meghalaya_Shillong
2015-05-06,4.21,25.56,16.24,1.27,84.76,0.82,4.61,Meghalaya_Shillong
2015-05-07,7.61,26.09,15.4,1.23,82.65,0.82,4.98,Meghalaya_Shillong
2015-05-08,3.91,22.94,16.54,0.9,85.71,0.82,2.01,Meghalaya_Shillong
2015-05-09,1.08,25.98,16.87,1.0,75.83,0.81,4.81,Meghalaya_Shillong
2015-05-10,32.79,24.53,16.55,1.28,87.77,0.84,2.43,Meghalaya_Shillong
2015-05-11,2.64,23.27,17.35,0.92,88.57,0.84,1.71,Meghalaya_Shillong
2015-05-12,3.38,22.91,16.44,1.49,92.1,0.83,1.72,Meghalaya_Shillong
2015-05-13,10.22,25.34,16.2,1.44,85.68,0.83,4.49,Meghalaya_Shillong
2015-05-14,41.88,25.05,16.76,1.88,90.99,0.86,2.62,Meghalaya_Shillong
2015-05-15,20.83,24.59,19.06,2.16,91.93,0.88,2.78,Meghalaya_Shillong
2015-05-16,14.74,22.83,18.03,2.09,93.82,0.87,1.15,Meghalaya_Shillong
2015-05-17,12.17,22.46,17.03,1.59,91.0,0.88,1.78,Meghalaya_Shillong
2015-05-18,3.12,25.22,16.53,1.49,87.88,0.87,4.15,Meghalaya_Shillong
2015-05-19,0.0,26.82,16.36,1.12,84.21,0.86,5.7,Meghalaya_Shillong
2015-05-20,0.03,27.39,18.42,0.99,83.38,0.85,5.88,Meghalaya_Shillong
2015-05-21,10.56,26.48,19.04,1.73,87.32,0.85,4.66,Meghalaya_Shillong
2015-05-22,7.85,26.69,17.25,1.98,86.09,0.86,4.9,Meghalaya_Shillong
2015-05-23,16.43,26.26,17.93,2.28,87.98,0.86,4.31,Meghalaya_Shillong
2015-05-24,20.11,25.28,19.92,2.59,90.15,0.88,3.32,Meghalaya_Shillong
2015-05-25,28.1,24.52,19.07,2.61,90.76,0.89,2.52,Meghalaya_Shillong
2015-05-26,20.52,25.74,18.62,1.98,87.52,0.91,3.51,Meghalaya_Shillong
2015-05-27,28.84,23.65,18.83,2.43,92.21,0.92,1.79,Meghalaya_Shillong
2015-05-28,26.04,24.85,19.61,2.54,91.01,0.93,2.86,Meghalaya_Shillong
2015-05-29,22.62,25.35,19.71,1.96,89.72,0.93,3.22,Meghalaya_Shillong
2015-05-30,35.74,25.78,20.31,2.18,90.26,0.95,2.57,Meghalaya_Shillong
2015-05-31,24.99,25.08,19.78,3.06,91.86,0.96,2.27,Meghalaya_Shillong
2015-06-01,14.31,23.68,20.52,3.31,93.82,0.96,1.58,Meghalaya_Shillong
2015-06-02,8.65,24.66,20.28,2.78,92.36,0.96,2.3,Meghalaya_Shillong
2015-06-03,17.84,25.19,20.19,1.68,91.8,0.96,1.82,Meghalaya_Shillong
2015-06-04,3.18,24.86,19.75,1.59,92.48,0.96,1.99,Meghalaya_Shillong
2015-06-05,0.19,24.88,18.09,1.91,92.08,0.95,2.3,Meghalaya_Shillong
2015-06-06,6.76,24.57,20.15,3.34,92.29,0.95,2.71,Meghalaya_Shillong
2015-06-07,9.97,24.08,20.52,3.64,93.79,0.95,1.8,Meghalaya_Shillong
2015-06-08,11.18,24.99,20.8,3.45,92.15,0.95,2.6,Meghalaya_Shillong
2015-06-09,33.25,24.87,21.11,4.36,92.92,0.96,2.18,Meghalaya_Shillong
2015-06-10,94.39,24.38,20.8,3.7,94.03,0.98,1.27,Meghalaya_Shillong
2015-06-11,75.47,23.6,19.46,2.18,95.02,0.99,0.62,Meghalaya_Shillong
2015-06-12,35.46,23.36,19.27,2.94,95.24,1.0,0.76,Meghalaya_Shillong
2015-06-13,35.98,23.34,19.61,3.53,94.41,0.99,0.99,Meghalaya_Shillong
2015-06-14,10.13,23.56,19.34,2.35,93.61,0.99,1.16,Meghalaya_Shillong
2015-06-15,16.22,23.44,20.13,1.72,93.15,0.99,0.98,Meghalaya_Shillong
2015-06-16,23.12,23.22,19.9,2.53,94.31,0.99,0.93,Meghalaya_Shillong
2015-06-17,10.92,24.83,19.53,2.09,92.67,0.99,1.57,Meghalaya_Shillong
2015-06-18,12.45,23.98,19.24,1.57,92.16,0.99,1.44,Meghalaya_Shillong
2015-06-19,1.72,27.33,19.43,0.92,83.9,0.99,3.53,Meghalaya_Shillong
2015-06-20,7.31,25.15,20.07,1.4,92.42,0.98,1.41,Meghalaya_Shillong
2015-06-21,4.86,24.0,19.89,1.51,93.1,0.98,1.1,Meghalaya_Shillong
2015-06-22,12.78,25.55,19.85,2.85,91.76,0.98,2.16,Meghalaya_Shillong
2015-06-23,18.04,25.59,20.61,3.26,92.99,0.99,1.8,Meghalaya_Shillong
2015-06-24,8.37,25.79,21.11,2.65,93.35,0.99,1.66,Meghalaya_Shillong
2015-06-25,16.82,27.49,21.25,1.78,90.76,0.99,2.29,Meghalaya_Shillong
2015-06-26,16.52,24.17,21.08,2.44,94.87,0.99,0.75,Meghalaya_Shillong
2015-06-27,10.97,25.71,19.76,3.06,93.15,0.99,1.6,Meghalaya_Shillong
2015-06-28,5.19,24.55,19.37,2.44,92.02,0.98,1.81,Meghalaya_Shillong
2015-06-29,5.06,25.47,20.03,2.64,91.23,0.98,2.62,Meghalaya_Shillong
2015-06-30,2.48,25.64,19.65,2.83,91.36,0.98,2.91,Meghalaya_Shillong
2015-07-01,1.18,26.05,20.48,2.38,90.27,0.97,3.24,Meghalaya_Shillong
2015-07-02,6.65,26.49,20.17,2.41,90.52,0.97,3.29,Meghalaya_Shillong
2015-07-03,8.93,25.4,20.17,2.11,93.58,0.97,1.34,Meghalaya_Shillong
2015-07-04,10.12,25.8,20.55,3.02,92.08,0.97,2.62,Meghalaya_Shillong
2015-07-05,13.49,25.02,21.23,1.72,93.28,0.97,1.25,Meghalaya_Shillong
2015-07-06,6.28,24.73,21.03,0.75,94.84,0.97,0.45,Meghalaya_Shillong
2015-07-07,16.27,23.88,20.91,1.35,95.31,0.98,0.38,Meghalaya_Shillong
2015-07-08,6.76,26.16,19.46,1.38,89.57,0.98,1.61,Meghalaya_Shillong
2015-07-09,6.5,23.37,19.78,2.18,94.43,0.98,0.85,Meghalaya_Shillong
2015-07-10,18.83,26.25,19.39,1.48,90.26,0.98,2.1,Meghalaya_Shillong
2015-07-11,10.33,25.2,19.29,1.51,92.48,0.98,1.46,Meghalaya_Shillong
2015-07-12,7.4,26.14,19.67,1.82,91.17,0.98,2.6,Meghalaya_Shillong
2015-07-13,27.94,27.53,20.36,1.63,91.71,0.98,2.47,Meghalaya_Shillong
2015-07-14,42.67,25.74,20.97,2.04,94.22,0.99,1.24,Meghalaya_Shillong
2015-07-15,52.57,23.86,21.42,2.91,96.0,1.0,0.59,Meghalaya_Shillong
2015-07-16,17.2,24.01,20.64,1.59,95.62,1.0,0.46,Meghalaya_Shillong
2015-07-17,7.85,24.04,19.3,1.0,90.16,0.99,1.16,Meghalaya_Shillong
2015-07-18,10.34,24.54,19.4,2.05,93.49,0.99,1.14,Meghalaya_Shillong
2015-07-19,30.58,24.77,19.01,2.35,93.51,0.99,1.21,Meghalaya_Shillong
2015-07-20,27.42,23.36,19.09,1.17,92.27,1.0,0.77,Meghalaya_Shillong
2015-07-21,17.62,26.08,18.91,1.08,90.77,1.0,1.77,Meghalaya_Shillong
2015-07-22,15.78,24.3,19.52,1.68,95.25,1.0,0.77,Meghalaya_Shillong
2015-07-23,17.13,23.66,19.94,2.71,94.82,0.99,0.86,Meghalaya_Shillong
2015-07-24,40.66,23.91,20.25,2.27,94.68,1.0,0.63,Meghalaya_Shillong
2015-07-25,4.07,24.23,18.66,1.8,92.29,1.0,1.25,Meghalaya_Shillong
2015-07-26,0.13,25.44,17.4,1.36,90.76,0.99,1.6,Meghalaya_Shillong
2015-07-27,0.18,25.11,18.09,1.65,90.51,0.99,1.67,Meghalaya_Shillong
2015-07-28,0.06,25.39,18.74,1.79,90.28,0.99,2.13,Meghalaya_Shillong
2015-07-29,0.04,26.21,19.02,1.44,89.34,0.98,1.77,Meghalaya_Shillong
2015-07-30,6.72,25.46,18.38,2.76,90.6,0.98,1.93,Meghalaya_Shillong
2015-07-31,20.85,22.71,19.06,3.68,94.45,0.98,0.62,Meghalaya_Shillong
2015-08-01,17.3,23.31,19.59,1.8,93.38,0.99,0.98,Meghalaya_Shillong
2015-08-02,3.12,24.48,18.85,1.4,92.04,0.99,1.73,Meghalaya_Shillong
2015-08-03,6.59,24.53,18.24,1.86,92.26,0.98,1.75,Meghalaya_Shillong
2015-08-04,19.78,25.3,18.95,1.88,92.81,0.99,1.82,Meghalaya_Shillong
2015-08-05,4.25,23.35,19.62,2.02,93.76,0.99,1.2,Meghalaya_Shillong
2015-08-06,7.39,25.63,19.4,0.92,90.65,0.98,1.85,Meghalaya_Shillong
2015-08-07,12.66,26.37,20.43,1.01,89.97,0.98,2.03,Meghalaya_Shillong
2015-08-08,10.37,26.43,19.93,0.86,91.63,0.99,1.86,Meghalaya_Shillong
2015-08-09,17.19,27.89,19.9,1.04,88.1,0.99,2.93,Meghalaya_Shillong
2015-08-10,10.26,25.07,20.66,1.69,91.55,0.99,1.13,Meghalaya_Shillong
2015-08-11,5.7,26.95,19.38,1.33,88.68,0.98,2.54,Meghalaya_Shillong
2015-08-12,9.26,27.26,20.53,1.14,89.57,0.98,2.93,Meghalaya_Shillong
2015-08-13,9.22,26.39,19.46,1.62,89.9,0.98,2.88,Meghalaya_Shillong
2015-08-14,10.16,25.55,20.22,2.06,92.53,0.98,2.05,Meghalaya_Shillong
2015-08-15,9.25,23.79,21.2,3.01,95.31,0.98,0.97,Meghalaya_Shillong
2015-08-16,5.12,24.94,20.84,3.75,93.4,0.98,1.93,Meghalaya_Shillong
2015-08-17,16.83,25.6,20.04,4.07,93.05,0.98,2.28,Meghalaya_Shillong
2015-08-18,34.26,23.56,20.32,3.73,95.67,0.99,0.8,Meghalaya_Shillong
2015-08-19,46.76,24.9,20.83,4.02,94.78,1.0,1.15,Meghalaya_Shillong
2015-08-20,45.9,24.11,21.1,2.49,95.83,1.0,0.47,Meghalaya_Shillong
2015-08-21,17.22,23.51,19.84,1.17,94.09,1.0,0.77,Meghalaya_Shillong
2015-08-22,6.54,25.39,19.25,1.2,92.44,0.99,1.54,Meghalaya_Shillong
2015-08-23,5.43,23.3,19.65,1.81,94.74,0.99,0.91,Meghalaya_Shillong
2015-08-24,4.34,24.84,19.49,1.71,93.52,0.99,1.55,Meghalaya_Shillong
2015-08-25,1.78,25.29,20.52,1.3,92.9,0.99,1.53,Meghalaya_Shillong
2015-08-26,1.4,25.34,20.33,0.66,91.12,0.99,1.65,Meghalaya_Shillong
2015-08-27,32.58,24.58,20.32,1.4,94.47,0.99,0.99,Meghalaya_Shillong
2015-08-28,15.65,25.53,19.72,2.04,91.87,1.0,2.28,Meghalaya_Shillong
2015-08-29,25.69,23.99,19.95,3.34,95.24,0.99,1.12,Meghalaya_Shillong
2015-08-30,58.52,24.49,20.45,3.57,95.46,1.0,0.87,Meghalaya_Shillong
2015-08-31,77.73,23.16,20.11,3.3,96.95,1.0,0.33,Meghalaya_Shillong
2015-09-01,22.26,23.83,19.68,2.09,94.71,1.0,0.79,Meghalaya_Shillong
2015-09-02,13.34,25.23,19.04,1.37,91.7,1.0,1.45,Meghalaya_Shillong
2015-09-03,40.32,23.42,20.11,1.43,95.15,1.0,0.62,Meghalaya_Shillong
2015-09-04,25.26,22.35,18.69,2.03,95.8,1.0,0.57,Meghalaya_Shillong
2015-09-05,6.89,24.43,18.67,1.58,94.35,1.0,1.11,Meghalaya_Shillong
2015-09-06,1.67,25.07,18.81,1.38,91.0,1.0,2.41,Meghalaya_Shillong
2015-09-07,3.0,24.4,18.97,1.53,93.44,0.99,1.55,Meghalaya_Shillong
2015-09-08,19.59,25.11,18.98,1.42,91.52,0.99,2.25,Meghalaya_Shillong
2015-09-09,3.32,26.1,18.93,0.84,86.8,0.99,2.93,Meghalaya_Shillong
2015-09-10,8.67,25.99,18.87,1.07,92.38,0.99,1.65,Meghalaya_Shillong
2015-09-11,24.2,25.67,19.63,0.73,89.23,1.0,1.98,Meghalaya_Shillong
2015-09-12,6.73,27.27,20.13,0.53,88.53,1.0,2.71,Meghalaya_Shillong
2015-09-13,4.72,26.38,20.71,0.71,90.9,0.99,2.17,Meghalaya_Shillong
2015-09-14,32.6,25.12,19.85,0.8,92.59,1.0,1.16,Meghalaya_Shillong
2015-09-15,20.11,25.15,19.49,0.92,91.62,1.0,1.59,Meghalaya_Shillong
2015-09-16,1.16,26.47,19.29,0.88,89.06,0.99,2.71,Meghalaya_Shillong
2015-09-17,0.0,27.31,20.39,0.58,83.77,0.99,3.95,Meghalaya_Shillong
2015-09-18,0.96,25.99,20.52,0.75,90.25,0.99,1.57,Meghalaya_Shillong
2015-09-19,2.89,24.41,18.97,1.96,94.52,0.99,0.86,Meghalaya_Shillong
2015-09-20,18.17,22.07,18.59,2.09,95.11,0.99,0.74,Meghalaya_Shillong
2015-09-21,31.61,23.63,18.77,2.41,94.98,1.0,1.08,Meghalaya_Shillong
2015-09-22,37.68,22.99,20.58,2.19,96.44,1.0,0.51,Meghalaya_Shillong
2015-09-23,48.8,24.3,20.2,2.36,94.68,1.0,1.04,Meghalaya_Shillong
2015-09-24,13.51,23.03,20.23,2.39,95.84,1.0,0.77,Meghalaya_Shillong
2015-09-25,1.7,24.47,18.53,1.94,92.22,1.0,2.35,Meghalaya_Shillong
2015-09-26,0.0,25.02,16.69,0.88,85.42,0.99,4.03,Meghalaya_Shillong
2015-09-27,0.0,25.75,17.27,0.51,78.85,0.99,5.45,Meghalaya_Shillong
2015-09-28,0.0,26.04,17.1,0.8,81.34,0.98,4.87,Meghalaya_Shillong
2015-09-29,0.0,26.88,16.57,0.77,87.15,0.98,4.35,Meghalaya_Shillong
2015-09-30,0.0,26.66,20.35,0.66,87.55,0.98,3.81,Meghalaya_Shillong
2015-10-01,1.51,26.05,20.07,0.8,90.1,0.97,2.66,Meghalaya_Shillong
2015-10-02,5.45,26.81,19.63,0.77,87.34,0.97,4.1,Meghalaya_Shillong
2015-10-03,2.58,25.76,18.03,1.06,88.88,0.97,4.15,Meghalaya_Shillong
2015-10-04,0.0,26.07,16.29,0.88,83.4,0.97,4.58,Meghalaya_Shillong
2015-10-05,9.82,26.21,16.86,0.71,86.13,0.96,4.33,Meghalaya_Shillong
2015-10-06,8.7,21.93,19.47,1.13,93.37,0.97,0.55,Meghalaya_Shillong
2015-10-07,5.74,24.92,17.82,1.0,86.87,0.97,2.15,Meghalaya_Shillong
2015-10-08,4.1,23.32,19.05,1.24,94.41,0.97,1.37,Meghalaya_Shillong
2015-10-09,2.48,25.54,18.03,1.06,90.57,0.97,2.86,Meghalaya_Shillong
2015-10-10,18.56,24.23,14.88,1.13,88.52,0.97,3.37,Meghalaya_Shillong
2015-10-11,3.2,24.06,15.65,0.88,86.94,0.97,2.32,Meghalaya_Shillong
2015-10-12,1.84,23.68,13.56,1.32,88.25,0.97,3.84,Meghalaya_Shillong
2015-10-13,1.58,22.84,14.11,1.13,88.64,0.96,3.07,Meghalaya_Shillong
2015-10-14,5.43,21.88,15.8,1.24,90.68,0.96,1.93,Meghalaya_Shillong
2015-10-15,1.23,21.54,16.29,0.72,89.39,0.96,1.7,Meghalaya_Shillong
2015-10-16,1.98,22.86,15.97,0.99,88.64,0.96,3.23,Meghalaya_Shillong
2015-10-17,0.27,23.7,16.28,0.74,84.29,0.96,4.58,Meghalaya_Shillong
2015-10-18,0.0,24.68,16.22,0.49,82.96,0.95,5.74,Meghalaya_Shillong
2015-10-19,0.0,24.48,16.29,0.73,86.75,0.95,5.12,Meghalaya_Shillong
2015-10-20,0.0,23.27,17.14,0.89,92.67,0.94,1.83,Meghalaya_Shillong
2015-10-21,0.0,24.02,17.39,0.71,87.86,0.94,4.79,Meghalaya_Shillong
2015-10-22,1.87,23.53,16.69,0.85,88.15,0.94,3.97,Meghalaya_Shillong
2015-10-23,1.4,22.5,14.73,0.95,86.95,0.93,3.59,Meghalaya_Shillong
2015-10-24,0.02,23.73,14.53,0.57,82.05,0.93,5.63,Meghalaya_Shillong
2015-10-25,0.0,24.16,13.82,0.79,82.24,0.92,5.75,Meghalaya_Shillong
2015-10-26,0.0,23.9,13.76,0.83,78.42,0.92,5.96,Meghalaya_Shillong
2015-10-27,0.0,23.67,13.77,0.72,80.68,0.92,5.62,Meghalaya_Shillong
2015-10-28,0.0,23.66,13.4,0.77,78.2,0.91,5.31,Meghalaya_Shillong
2015-10-29,0.0,23.79,14.35,0.81,85.29,0.91,5.28,Meghalaya_Shillong
2015-10-30,0.0,23.45,14.39,0.7,85.27,0.9,5.05,Meghalaya_Shillong
2015-10-31,0.99,20.22,13.73,0.77,90.11,0.9,2.2,Meghalaya_Shillong
2015-11-01,1.99,21.81,15.55,0.78,89.05,0.9,2.66,Meghalaya_Shillong
2015-11-02,0.23,22.69,14.94,0.54,86.35,0.9,4.57,Meghalaya_Shillong
2015-11-03,1.62,22.14,15.16,0.76,88.2,0.9,4.14,Meghalaya_Shillong
2015-11-04,1.41,21.31,13.18,1.23,89.33,0.89,3.79,Meghalaya_Shillong
2015-11-05,0.5,21.47,12.33,0.91,84.99,0.89,4.15,Meghalaya_Shillong
2015-11-06,0.19,22.32,13.51,0.74,77.87,0.89,4.88,Meghalaya_Shillong
2015-11-07,0.0,23.11,11.86,0.67,74.92,0.88,6.89,Meghalaya_Shillong
2015-11-08,0.0,21.93,11.38,1.06,84.43,0.88,4.69,Meghalaya_Shillong
2015-11-09,0.0,22.16,11.88,0.9,82.9,0.87,5.16,Meghalaya_Shillong
2015-11-10,0.0,22.72,12.24,0.85,82.82,0.87,5.78,Meghalaya_Shillong
2015-11-11,0.0,22.14,12.23,0.91,87.63,0.87,5.02,Meghalaya_Shillong
2015-11-12,0.0,22.18,12.21,0.78,83.93,0.86,5.03,Meghalaya_Shillong
2015-11-13,0.0,22.55,12.76,0.78,87.21,0.86,4.99,Meghalaya_Shillong
2015-11-14,0.0,21.57,13.11,0.76,87.16,0.86,4.74,Meghalaya_Shillong
2015-11-15,0.0,21.64,13.08,0.71,87.07,0.86,4.73,Meghalaya_Shillong
2015-11-16,0.0,20.49,12.02,0.94,84.78,0.85,4.13,Meghalaya_Shillong
2015-11-17,0.0,23.15,12.0,0.65,82.28,0.85,5.28,Meghalaya_Shillong
2015-11-18,0.0,20.2,12.68,0.74,81.95,0.85,2.87,Meghalaya_Shillong
2015-11-19,0.0,21.38,10.29,1.2,83.13,0.85,4.23,Meghalaya_Shillong
2015-11-20,0.0,22.54,9.9,0.89,77.17,0.84,4.91,Meghalaya_Shillong
2015-11-21,0.0,22.95,13.44,0.64,72.72,0.84,5.5,Meghalaya_Shillong
2015-11-22,0.0,22.01,12.69,0.77,80.17,0.84,4.96,Meghalaya_Shillong
2015-11-23,0.0,22.25,12.0,0.74,69.26,0.84,5.53,Meghalaya_Shillong
2015-11-24,0.0,21.54,11.06,0.5,67.19,0.83,5.89,Meghalaya_Shillong
2015-11-25,0.0,21.2,13.12,0.68,73.06,0.83,4.81,Meghalaya_Shillong
2015-11-26,0.0,21.19,11.99,0.69,85.04,0.83,4.18,Meghalaya_Shillong
2015-11-27,0.0,19.83,12.02,1.03,89.4,0.83,3.25,Meghalaya_Shillong
2015-11-28,0.0,20.67,11.08,0.63,84.33,0.83,4.04,Meghalaya_Shillong
2015-11-29,0.0,21.63,10.53,0.69,82.82,0.83,4.5,Meghalaya_Shillong
2015-11-30,0.0,21.39,13.11,0.67,85.2,0.82,4.07,Meghalaya_Shillong
2015-12-01,0.0,21.33,12.25,1.01,89.12,0.82,3.67,Meghalaya_Shillong
2015-12-02,0.0,20.84,11.76,0.71,86.46,0.82,3.47,Meghalaya_Shillong
2015-12-03,13.74,19.27,10.81,1.26,90.55,0.83,2.45,Meghalaya_Shillong
2015-12-04,0.71,18.68,11.4,0.88,88.84,0.84,2.21,Meghalaya_Shillong
2015-12-05,0.0,18.9,10.74,0.57,85.27,0.83,3.02,Meghalaya_Shillong
2015-12-06,0.0,19.9,10.09,0.94,84.72,0.83,3.58,Meghalaya_Shillong
2015-12-07,0.63,19.02,9.73,0.64,85.23,0.82,3.19,Meghalaya_Shillong
2015-12-08,1.04,18.07,9.75,0.73,88.42,0.82,1.7,Meghalaya_Shillong
2015-12-09,0.01,19.22,11.28,0.76,85.24,0.82,3.07,Meghalaya_Shillong
2015-12-10,0.0,17.46,9.72,1.09,88.89,0.82,2.32,Meghalaya_Shillong
2015-12-11,0.0,17.57,7.93,1.29,87.19,0.82,2.58,Meghalaya_Shillong
2015-12-12,0.88,18.09,7.6,1.4,84.17,0.82,2.49,Meghalaya_Shillong
2015-12-13,0.22,18.32,9.66,1.21,91.62,0.82,2.03,Meghalaya_Shillong
2015-12-14,0.01,16.3,6.71,1.49,84.11,0.82,2.49,Meghalaya_Shillong
2015-12-15,0.0,16.12,4.97,1.31,76.25,0.81,2.39,Meghalaya_Shillong
2015-12-16,0.0,16.57,6.16,0.89,72.64,0.81,2.76,Meghalaya_Shillong
2015-12-17,0.0,16.81,7.68,0.85,71.6,0.81,2.81,Meghalaya_Shillong
2015-12-18,0.27,13.99,4.7,1.32,84.33,0.81,1.74,Meghalaya_Shillong
2015-12-19,0.0,16.03,4.28,0.85,76.98,0.81,2.54,Meghalaya_Shillong
2015-12-20,0.0,15.5,5.37,1.17,82.48,0.81,2.2,Meghalaya_Shillong
2015-12-21,0.0,16.39,4.42,0.81,63.56,0.81,3.02,Meghalaya_Shillong
2015-12-22,0.0,16.07,4.82,0.91,68.33,0.8,2.78,Meghalaya_Shillong
2015-12-23,0.0,16.55,5.66,0.94,68.5,0.8,2.99,Meghalaya_Shillong
2015-12-24,0.0,16.79,5.03,0.8,69.42,0.8,3.0,Meghalaya_Shillong
2015-12-25,0.0,16.64,4.23,1.01,72.76,0.8,2.81,Meghalaya_Shillong
2015-12-26,0.0,16.63,3.33,0.96,78.27,0.8,2.71,Meghalaya_Shillong
2015-12-27,0.0,17.47,7.46,0.75,76.44,0.8,2.84,Meghalaya_Shillong
2015-12-28,0.0,18.24,7.95,0.76,80.62,0.8,3.1,Meghalaya_Shillong
2015-12-29,0.0,19.21,8.06,0.77,86.05,0.79,2.82,Meghalaya_Shillong
2015-12-30,0.0,18.79,9.93,0.54,83.58,0.79,2.7,Meghalaya_Shillong
2015-12-31,0.0,18.75,9.08,1.02,86.46,0.79,2.93,Meghalaya_Shillong
2016-01-01,0.0,19.52,7.78,0.82,81.47,0.79,3.3,Meghalaya_Shillong
2016-01-02,0.0,19.24,8.21,1.03,82.76,0.79,3.35,Meghalaya_Shillong
2016-01-03,0.0,17.66,7.33,1.08,85.55,0.79,2.59,Meghalaya_Shillong
2016-01-04,0.0,18.68,8.76,0.83,72.64,0.79,3.08,Meghalaya_Shillong
2016-01-05,0.0,18.67,7.6,0.82,72.26,0.79,3.16,Meghalaya_Shillong
2016-01-06,0.17,17.9,7.74,0.8,78.87,0.79,2.88,Meghalaya_Shillong
2016-01-07,0.01,18.81,8.31,0.78,75.05,0.78,2.91,Meghalaya_Shillong
2016-01-08,0.0,17.12,7.18,1.24,76.07,0.78,2.54,Meghalaya_Shillong
2016-01-09,0.16,15.21,5.58,1.83,83.13,0.78,1.58,Meghalaya_Shillong
2016-01-10,0.0,19.37,7.88,0.57,64.16,0.78,4.42,Meghalaya_Shillong
2016-01-11,0.0,17.01,7.71,0.88,71.49,0.78,2.45,Meghalaya_Shillong
2016-01-12,0.0,16.76,7.59,0.85,77.61,0.78,2.23,Meghalaya_Shillong
2016-01-13,0.0,16.67,7.6,0.72,77.58,0.78,2.25,Meghalaya_Shillong
2016-01-14,0.0,15.99,5.67,1.21,82.73,0.78,2.13,Meghalaya_Shillong
2016-01-15,0.0,16.9,5.82,1.06,77.26,0.78,2.07,Meghalaya_Shillong
2016-01-16,0.0,15.45,4.91,1.37,76.54,0.78,1.8,Meghalaya_Shillong
2016-01-17,0.0,17.7,5.95,0.83,72.29,0.77,2.42,Meghalaya_Shillong
2016-01-18,0.0,17.01,7.97,1.05,73.46,0.77,2.2,Meghalaya_Shillong
2016-01-19,0.58,17.84,7.52,1.2,69.73,0.77,2.52,Meghalaya_Shillong
2016-01-20,39.9,17.28,8.06,1.18,76.3,0.81,1.12,Meghalaya_Shillong
2016-01-21,2.13,16.17,7.07,1.02,89.84,0.81,1.24,Meghalaya_Shillong
2016-01-22,0.29,15.82,5.55,0.8,85.12,0.8,1.84,Meghalaya_Shillong
2016-01-23,0.0,16.4,5.06,1.01,70.68,0.79,2.58,Meghalaya_Shillong
2016-01-24,0.0,16.85,4.83,0.81,60.76,0.79,2.76,Meghalaya_Shillong
2016-01-25,0.01,15.89,4.89,1.32,69.05,0.78,2.4,Meghalaya_Shillong
2016-01-26,0.01,15.75,3.6,1.1,59.62,0.78,2.57,Meghalaya_Shillong
2016-01-27,1.16,15.96,4.43,1.36,68.51,0.78,2.13,Meghalaya_Shillong
2016-01-28,0.54,16.24,4.42,1.38,70.67,0.78,2.16,Meghalaya_Shillong
2016-01-29,0.14,17.11,4.14,1.28,79.21,0.78,2.09,Meghalaya_Shillong
2016-01-30,0.0,17.49,6.78,1.17,74.3,0.78,2.38,Meghalaya_Shillong
2016-01-31,0.0,17.72,7.3,1.1,76.93,0.78,2.32,Meghalaya_Shillong
2016-02-01,0.0,17.25,6.18,1.46,87.52,0.77,2.05,Meghalaya_Shillong
2016-02-02,0.0,17.88,8.03,1.29,79.8,0.77,2.38,Meghalaya_Shillong
2016-02-03,0.0,16.75,7.27,1.32,76.06,0.77,2.22,Meghalaya_Shillong
2016-02-04,0.0,18.93,7.07,0.97,61.24,0.77,3.41,Meghalaya_Shillong
2016-02-05,0.0,18.78,9.03,0.8,53.15,0.77,3.4,Meghalaya_Shillong
2016-02-06,0.0,20.44,8.53,0.85,65.69,0.77,3.11,Meghalaya_Shillong
2016-02-07,0.0,19.61,10.54,0.93,74.38,0.76,2.2,Meghalaya_Shillong
2016-02-08,0.01,19.9,9.07,1.21,68.5,0.76,3.36,Meghalaya_Shillong
2016-02-09,1.31,17.3,7.37,1.62,81.53,0.76,1.85,Meghalaya_Shillong
2016-02-10,0.81,17.86,8.33,1.58,85.53,0.76,2.29,Meghalaya_Shillong
2016-02-11,2.64,17.37,5.89,1.86,78.43,0.76,2.45,Meghalaya_Shillong
2016-02-12,0.24,18.87,8.31,1.65,78.46,0.77,2.49,Meghalaya_Shillong
2016-02-13,0.0,19.45,8.53,1.28,68.68,0.76,3.41,Meghalaya_Shillong
2016-02-14,0.0,19.91,8.93,1.49,64.25,0.76,3.46,Meghalaya_Shillong
2016-02-15,0.0,20.63,8.53,1.37,73.97,0.76,3.6,Meghalaya_Shillong
2016-02-16,0.0,21.35,10.36,1.34,64.72,0.75,4.1,Meghalaya_Shillong
2016-02-17,0.0,22.1,10.79,1.51,63.26,0.75,4.22,Meghalaya_Shillong
2016-02-18,0.0,21.75,11.27,1.47,72.81,0.75,3.83,Meghalaya_Shillong
2016-02-19,0.0,22.4,12.84,1.33,66.96,0.75,3.75,Meghalaya_Shillong
2016-02-20,0.0,21.69,11.91,1.54,73.14,0.74,3.25,Meghalaya_Shillong
2016-02-21,0.22,22.04,11.19,2.68,69.9,0.74,3.9,Meghalaya_Shillong
2016-02-22,0.28,21.36,10.67,2.05,64.77,0.74,4.64,Meghalaya_Shillong
2016-02-23,0.0,21.02,9.0,1.85,57.64,0.74,3.87,Meghalaya_Shillong
2016-02-24,6.76,21.29,10.17,1.67,49.26,0.74,4.41,Meghalaya_Shillong
2016-02-25,0.71,20.16,10.27,1.25,72.95,0.75,3.01,Meghalaya_Shillong
2016-02-26,0.04,21.45,10.23,0.89,71.85,0.74,3.69,Meghalaya_Shillong
2016-02-27,0.71,21.83,12.31,1.04,70.41,0.74,4.04,Meghalaya_Shillong
2016-02-28,1.2,21.35,12.02,0.91,67.31,0.74,3.39,Meghalaya_Shillong
2016-02-29,0.65,22.04,13.55,0.79,62.16,0.74,3.92,Meghalaya_Shillong
2016-03-01,0.11,20.66,12.25,1.29,70.0,0.74,3.11,Meghalaya_Shillong
2016-03-02,0.03,21.98,11.71,1.29,65.97,0.73,4.11,Meghalaya_Shillong
2016-03-03,1.15,22.21,12.83,1.19,69.58,0.73,3.8,Meghalaya_Shillong
2016-03-04,0.14,22.51,12.19,1.17,62.09,0.73,4.58,Meghalaya_Shillong
2016-03-05,0.01,23.67,12.5,1.07,60.45,0.72,4.49,Meghalaya_Shillong
2016-03-06,0.43,24.21,14.17,1.27,61.69,0.72,5.01,Meghalaya_Shillong
2016-03-07,0.0,23.39,11.81,1.63,62.93,0.72,5.22,Meghalaya_Shillong
2016-03-08,0.05,22.85,10.94,1.9,69.91,0.71,4.4,Meghalaya_Shillong
2016-03-09,0.09,22.44,12.7,2.13,72.32,0.71,4.08,Meghalaya_Shillong
2016-03-10,0.02,23.64,12.77,1.96,68.05,0.71,5.14,Meghalaya_Shillong
2016-03-11,0.01,23.61,13.21,1.68,68.08,0.71,4.79,Meghalaya_Shillong
2016-03-12,0.0,24.08,13.72,1.55,65.48,0.71,4.16,Meghalaya_Shillong
2016-03-13,0.0,25.9,12.03,1.99,62.18,0.7,6.08,Meghalaya_Shillong
2016-03-14,0.03,24.24,11.87,2.0,67.16,0.7,4.9,Meghalaya_Shillong
2016-03-15,0.13,22.93,10.59,1.9,73.61,0.7,3.94,Meghalaya_Shillong
2016-03-16,0.06,22.16,11.22,1.94,70.92,0.7,4.35,Meghalaya_Shillong
2016-03-17,0.0,23.4,9.88,1.16,53.3,0.69,5.48,Meghalaya_Shillong
2016-03-18,0.0,23.5,11.38,1.56,52.51,0.69,5.32,Meghalaya_Shillong
2016-03-19,2.36,23.45,11.69,1.61,64.98,0.69,4.23,Meghalaya_Shillong
2016-03-20,6.74,23.97,13.19,1.35,76.06,0.69,4.45,Meghalaya_Shillong
2016-03-21,9.37,22.4,12.22,1.85,82.6,0.71,3.17,Meghalaya_Shillong
2016-03-22,0.18,23.2,11.96,1.93,71.89,0.71,4.89,Meghalaya_Shillong
2016-03-23,0.26,23.36,11.62,1.53,65.26,0.71,4.92,Meghalaya_Shillong
2016-03-24,0.0,25.96,15.39,0.88,47.7,0.7,6.42,Meghalaya_Shillong
2016-03-25,0.0,26.32,15.24,1.06,52.71,0.69,6.14,Meghalaya_Shillong
2016-03-26,0.0,25.99,15.23,1.14,55.56,0.69,4.75,Meghalaya_Shillong
2016-03-27,8.12,24.02,15.21,1.7,74.3,0.69,3.73,Meghalaya_Shillong
2016-03-28,38.37,20.59,16.07,2.43,94.33,0.74,0.84,Meghalaya_Shillong
2016-03-29,1.63,21.08,13.61,1.97,88.24,0.76,3.15,Meghalaya_Shillong
2016-03-30,6.42,23.37,13.04,1.27,86.22,0.75,3.72,Meghalaya_Shillong
2016-03-31,26.87,20.0,12.91,1.18,93.02,0.77,0.83,Meghalaya_Shillong
2016-04-01,6.52,20.89,12.57,0.95,78.89,0.78,2.35,Meghalaya_Shillong
2016-04-02,2.85,24.44,13.25,0.89,75.62,0.76,5.43,Meghalaya_Shillong
2016-04-03,7.04,24.08,14.88,1.23,82.21,0.76,3.84,Meghalaya_Shillong
2016-04-04,14.26,23.96,15.53,2.14,90.49,0.77,2.85,Meghalaya_Shillong
2016-04-05,41.8,23.58,17.98,3.74,91.29,0.79,2.44,Meghalaya_Shillong
2016-04-06,18.51,25.44,18.15,2.97,88.36,0.83,3.96,Meghalaya_Shillong
2016-04-07,7.76,24.78,18.07,3.02,88.35,0.81,4.12,Meghalaya_Shillong
2016-04-08,57.32,24.49,17.93,2.78,89.81,0.84,2.95,Meghalaya_Shillong
2016-04-09,6.92,25.34,16.11,2.2,85.81,0.83,4.59,Meghalaya_Shillong
2016-04-10,0.06,26.74,14.45,1.86,79.33,0.81,6.12,Meghalaya_Shillong
2016-04-11,0.38,25.27,14.87,2.4,85.65,0.79,4.56,Meghalaya_Shillong
2016-04-12,30.17,25.2,16.8,2.69,85.23,0.81,3.72,Meghalaya_Shillong
2016-04-13,0.83,25.41,13.98,2.44,72.62,0.8,6.07,Meghalaya_Shillong
2016-04-14,65.36,24.77,17.27,2.32,87.85,0.83,4.3,Meghalaya_Shillong
2016-04-15,32.74,25.96,17.86,1.94,85.25,0.85,4.58,Meghalaya_Shillong
2016-04-16,85.83,23.16,17.57,2.96,93.57,0.88,1.43,Meghalaya_Shillong
2016-04-17,25.05,25.28,17.42,1.43,86.39,0.91,3.52,Meghalaya_Shillong
2016-04-18,63.35,22.39,16.8,2.55,94.29,0.92,0.88,Meghalaya_Shillong
2016-04-19,32.98,24.37,18.32,2.97,91.5,0.94,2.51,Meghalaya_Shillong
2016-04-20,24.74,24.34,16.93,2.57,90.41,0.94,2.38,Meghalaya_Shillong
2016-04-21,22.78,23.58,18.28,3.88,91.66,0.94,2.24,Meghalaya_Shillong
2016-04-22,29.14,23.76,18.51,3.72,92.33,0.95,2.18,Meghalaya_Shillong
2016-04-23,22.01,24.68,19.35,3.59,90.93,0.95,2.74,Meghalaya_Shillong
2016-04-24,10.75,24.58,18.87,3.51,90.34,0.95,2.92,Meghalaya_Shillong
2016-04-25,39.35,23.91,18.99,3.23,90.6,0.95,2.77,Meghalaya_Shillong
2016-04-26,5.22,24.62,17.01,1.83,88.99,0.95,3.47,Meghalaya_Shillong
2016-04-27,9.05,24.46,17.73,1.92,91.16,0.95,2.81,Meghalaya_Shillong
2016-04-28,11.85,25.28,17.93,2.31,89.93,0.95,3.19,Meghalaya_Shillong
2016-04-29,4.81,25.79,17.23,1.76,85.65,0.95,3.66,Meghalaya_Shillong
2016-04-30,20.83,25.92,17.23,1.75,86.98,0.94,3.35,Meghalaya_Shillong
2016-05-01,16.88,23.75,17.06,1.94,90.0,0.96,2.39,Meghalaya_Shillong
2016-05-02,4.68,24.22,17.21,0.76,73.0,0.96,3.2,Meghalaya_Shillong
2016-05-03,8.27,25.11,15.94,1.01,75.73,0.95,3.68,Meghalaya_Shillong
2016-05-04,11.36,23.01,16.77,0.94,86.02,0.95,1.33,Meghalaya_Shillong
2016-05-05,12.62,22.58,16.16,1.16,84.75,0.96,1.63,Meghalaya_Shillong
2016-05-06,19.8,23.19,15.31,1.51,87.1,0.96,2.46,Meghalaya_Shillong
2016-05-07,5.81,24.34,15.91,1.25,85.23,0.96,2.74,Meghalaya_Shillong
2016-05-08,2.82,24.12,16.28,1.43,82.71,0.96,3.59,Meghalaya_Shillong
2016-05-09,8.91,26.4,17.56,1.0,72.0,0.95,4.5,Meghalaya_Shillong
2016-05-10,0.05,27.29,18.35,0.88,77.44,0.95,4.09,Meghalaya_Shillong
2016-05-11,2.99,27.57,18.59,0.89,77.43,0.94,4.49,Meghalaya_Shillong
2016-05-12,4.0,26.09,18.51,1.09,81.59,0.94,3.99,Meghalaya_Shillong
2016-05-13,28.04,22.71,18.14,1.86,88.66,0.95,1.26,Meghalaya_Shillong
2016-05-14,16.61,24.43,17.7,2.12,90.34,0.96,2.52,Meghalaya_Shillong
2016-05-15,43.0,25.06,19.21,2.63,90.62,0.97,2.18,Meghalaya_Shillong
2016-05-16,83.53,24.22,20.21,3.62,93.76,0.99,1.32,Meghalaya_Shillong
2016-05-17,98.1,24.29,19.57,3.92,94.01,1.0,1.21,Meghalaya_Shillong
2016-05-18,50.71,23.46,18.89,3.66,93.39,1.0,1.32,Meghalaya_Shillong
2016-05-19,27.44,24.15,19.18,1.93,91.57,0.99,1.69,Meghalaya_Shillong
2016-05-20,20.07,23.39,18.13,1.74,92.04,0.99,1.2,Meghalaya_Shillong
2016-05-21,33.63,21.5,17.78,2.58,95.43,0.99,0.35,Meghalaya_Shillong
2016-05-22,5.14,26.8,17.76,1.81,88.24,0.99,2.79,Meghalaya_Shillong
2016-05-23,3.54,27.18,19.15,0.75,86.5,0.99,2.86,Meghalaya_Shillong
2016-05-24,8.72,25.82,19.97,1.02,86.89,0.99,2.14,Meghalaya_Shillong
2016-05-25,13.87,25.34,18.1,1.91,90.33,0.99,1.98,Meghalaya_Shillong
2016-05-26,7.63,25.85,17.27,1.4,85.61,0.98,3.28,Meghalaya_Shillong
2016-05-27,20.65,25.02,18.59,1.1,85.91,0.99,2.95,Meghalaya_Shillong
2016-05-28,26.13,24.97,18.74,1.42,89.16,0.99,2.22,Meghalaya_Shillong
2016-05-29,5.84,25.61,19.72,1.69,90.06,0.99,2.51,Meghalaya_Shillong
2016-05-30,9.11,24.73,18.48,1.45,89.68,0.98,2.63,Meghalaya_Shillong
2016-05-31,8.78,25.27,18.21,1.18,88.82,0.98,2.64,Meghalaya_Shillong
2016-06-01,6.82,27.08,18.28,0.96,79.45,0.98,4.72,Meghalaya_Shillong
2016-06-02,7.92,27.16,18.08,0.68,82.71,0.98,3.88,Meghalaya_Shillong
2016-06-03,1.35,28.25,19.26,0.83,84.07,0.97,4.36,Meghalaya_Shillong
2016-06-04,0.69,27.69,19.83,1.17,87.27,0.97,3.77,Meghalaya_Shillong
2016-06-05,1.1,27.43,19.3,1.25,86.91,0.96,4.22,Meghalaya_Shillong
2016-06-06,14.93,25.34,20.15,1.46,92.28,0.96,1.66,Meghalaya_Shillong
2016-06-07,19.34,24.02,19.58,1.99,94.03,0.97,0.93,Meghalaya_Shillong
2016-06-08,39.22,25.36,20.38,2.86,93.59,0.98,1.39,Meghalaya_Shillong
2016-06-09,8.66,24.39,18.93,2.58,92.89,0.99,1.71,Meghalaya_Shillong
2016-06-10,12.67,25.38,18.71,1.07,89.48,0.98,1.33,Meghalaya_Shillong
2016-06-11,3.43,28.33,19.18,1.51,84.48,0.98,3.6,Meghalaya_Shillong
2016-06-12,16.17,23.52,20.0,1.58,92.47,0.98,1.1,Meghalaya_Shillong
2016-06-13,28.36,25.63,19.7,2.51,92.79,0.99,1.74,Meghalaya_Shillong
2016-06-14,17.53,24.11,19.84,1.84,93.62,0.99,1.12,Meghalaya_Shillong
2016-06-15,23.33,23.91,20.16,1.98,94.71,0.99,0.77,Meghalaya_Shillong
2016-06-16,24.08,25.43,19.96,1.51,90.93,0.99,1.77,Meghalaya_Shillong
2016-06-17,18.37,22.98,20.35,1.7,95.32,1.0,0.65,Meghalaya_Shillong
2016-06-18,41.28,23.35,19.6,1.94,94.71,1.0,0.78,Meghalaya_Shillong
2016-06-19,23.77,23.98,19.97,2.8,94.17,1.0,1.14,Meghalaya_Shillong
2016-06-20,35.67,24.43,20.79,2.87,93.91,1.0,1.05,Meghalaya_Shillong
2016-06-21,42.97,23.05,20.28,2.35,95.29,1.0,0.53,Meghalaya_Shillong
2016-06-22,49.7,23.97,20.45,2.86,95.62,1.0,0.62,Meghalaya_Shillong
2016-06-23,26.71,22.8,20.0,2.09,96.53,1.0,0.33,Meghalaya_Shillong
2016-06-24,25.33,25.36,19.51,1.68,92.35,1.0,1.42,Meghalaya_Shillong
2016-06-25,10.04,25.65,20.4,1.24,91.72,1.0,1.37,Meghalaya_Shillong
2016-06-26,13.92,28.95,20.23,0.61,87.73,1.0,3.18,Meghalaya_Shillong
2016-06-27,26.14,24.22,20.74,1.58,93.96,1.0,0.73,Meghalaya_Shillong
2016-06-28,6.78,27.88,19.49,1.02,88.88,1.0,2.49,Meghalaya_Shillong
2016-06-29,0.89,24.96,20.79,1.27,93.82,0.99,0.94,Meghalaya_Shillong
2016-06-30,7.76,24.84,20.45,1.87,93.09,0.99,1.39,Meghalaya_Shillong
2016-07-01,23.2,25.3,20.07,1.62,92.79,0.99,1.26,Meghalaya_Shillong
2016-07-02,44.09,24.09,20.64,2.16,94.36,1.0,0.88,Meghalaya_Shillong
2016-07-03,42.06,23.86,20.5,2.54,96.45,1.0,0.36,Meghalaya_Shillong
2016-07-04,70.3,23.49,20.15,3.04,96.36,1.0,0.36,Meghalaya_Shillong
2016-07-05,43.97,25.27,20.3,2.88,93.81,1.0,1.02,Meghalaya_Shillong
2016-07-06,13.52,26.0,20.49,2.11,93.31,1.0,1.15,Meghalaya_Shillong
2016-07-07,15.41,24.45,21.05,1.72,93.46,1.0,0.83,Meghalaya_Shillong
2016-07-08,9.84,23.86,19.97,1.21,92.03,1.0,0.56,Meghalaya_Shillong
2016-07-09,16.31,25.84,20.14,1.48,92.9,1.0,0.91,Meghalaya_Shillong
2016-07-10,17.73,24.44,20.31,1.78,92.89,1.0,1.03,Meghalaya_Shillong
2016-07-11,16.45,26.01,19.91,1.5,91.63,1.0,1.69,Meghalaya_Shillong
2016-07-12,9.6,24.52,20.18,2.06,93.75,1.0,1.22,Meghalaya_Shillong
2016-07-13,21.56,26.54,19.73,2.1,92.32,1.0,1.78,Meghalaya_Shillong
2016-07-14,26.83,24.39,20.87,2.01,95.21,1.0,0.66,Meghalaya_Shillong
2016-07-15,28.25,24.13,20.38,2.04,94.36,1.0,0.96,Meghalaya_Shillong
2016-07-16,67.26,23.37,20.67,2.93,96.3,1.0,0.41,Meghalaya_Shillong
2016-07-17,100.66,23.98,19.79,3.58,94.95,1.0,0.73,Meghalaya_Shillong
2016-07-18,142.74,23.05,18.86,4.05,97.22,1.0,0.31,Meghalaya_Shillong
2016-07-19,70.91,24.21,19.95,3.47,95.67,1.0,0.73,Meghalaya_Shillong
2016-07-20,67.78,23.87,21.07,2.83,95.49,1.0,0.58,Meghalaya_Shillong
2016-07-21,22.38,23.73,20.3,2.72,94.71,1.0,0.75,Meghalaya_Shillong
2016-07-22,22.0,23.29,19.78,2.89,94.68,1.0,0.94,Meghalaya_Shillong
2016-07-23,60.08,23.39,20.22,2.42,95.41,1.0,0.57,Meghalaya_Shillong
2016-07-24,80.94,23.08,19.42,2.99,95.05,1.0,0.76,Meghalaya_Shillong
2016-07-25,84.44,22.85,19.0,2.65,95.68,1.0,0.49,Meghalaya_Shillong
2016-07-26,7.13,24.64,18.64,1.16,92.53,1.0,1.26,Meghalaya_Shillong
2016-07-27,6.92,25.97,18.55,1.16,90.65,1.0,2.0,Meghalaya_Shillong
2016-07-28,11.6,26.81,19.59,1.01,89.99,1.0,2.16,Meghalaya_Shillong
2016-07-29,11.45,26.03,20.04,0.78,88.93,1.0,2.15,Meghalaya_Shillong
2016-07-30,9.66,22.4,20.38,1.14,96.53,1.0,0.21,Meghalaya_Shillong
2016-07-31,8.82,25.3,19.08,1.23,90.98,1.0,1.17,Meghalaya_Shillong
2016-08-01,3.74,24.09,19.07,1.71,92.32,0.99,1.21,Meghalaya_Shillong
2016-08-02,4.15,25.7,19.85,1.33,91.58,0.99,1.31,Meghalaya_Shillong
2016-08-03,5.83,27.66,20.79,1.11,86.75,0.99,2.67,Meghalaya_Shillong
2016-08-04,18.17,26.62,20.96,1.32,91.2,0.99,1.86,Meghalaya_Shillong
2016-08-05,18.25,26.0,20.72,1.29,89.8,1.0,2.03,Meghalaya_Shillong
2016-08-06,14.92,24.49,20.48,1.6,93.69,1.0,0.89,Meghalaya_Shillong
2016-08-07,5.71,23.12,19.13,1.54,95.1,0.99,0.71,Meghalaya_Shillong
2016-08-08,8.26,26.41,18.75,1.03,91.54,0.99,1.74,Meghalaya_Shillong
2016-08-09,7.06,25.06,19.55,1.92,91.94,0.99,1.71,Meghalaya_Shillong
2016-08-10,1.35,24.56,19.07,1.89,92.03,0.99,1.59,Meghalaya_Shillong
2016-08-11,5.12,26.25,19.6,1.94,90.91,0.99,2.27,Meghalaya_Shillong
2016-08-12,18.64,26.23,20.26,1.6,90.71,0.98,2.6,Meghalaya_Shillong
2016-08-13,28.28,27.62,20.15,1.29,90.72,0.99,2.58,Meghalaya_Shillong
2016-08-14,14.51,25.59,21.02,1.14,93.65,0.99,1.26,Meghalaya_Shillong
2016-08-15,13.92,26.66,21.36,0.82,89.76,0.99,1.47,Meghalaya_Shillong
2016-08-16,6.21,24.88,21.16,1.57,92.89,0.99,1.11,Meghalaya_Shillong
2016-08-17,2.76,26.83,19.64,1.53,88.59,0.99,2.75,Meghalaya_Shillong
2016-08-18,1.42,25.65,19.66,1.61,90.77,0.98,2.44,Meghalaya_Shillong
2016-08-19,2.74,26.83,20.18,1.47,89.72,0.98,3.21,Meghalaya_Shillong
2016-08-20,3.46,27.51,20.13,1.06,89.75,0.97,2.9,Meghalaya_Shillong
2016-08-21,6.8,26.91,19.3,3.16,89.93,0.97,2.55,Meghalaya_Shillong
2016-08-22,2.97,26.88,18.3,2.0,86.65,0.97,3.99,Meghalaya_Shillong
2016-08-23,0.98,27.02,19.43,0.66,87.89,0.96,3.67,Meghalaya_Shillong
2016-08-24,0.81,25.93,20.73,0.79,88.63,0.96,1.78,Meghalaya_Shillong
2016-08-25,10.27,27.83,21.07,0.94,84.8,0.96,2.86,Meghalaya_Shillong
2016-08-26,8.83,26.38,21.07,0.74,85.59,0.97,2.13,Meghalaya_Shillong
2016-08-27,0.83,27.7,20.87,0.87,83.56,0.96,4.09,Meghalaya_Shillong
2016-08-28,0.98,25.3,20.5,0.99,89.8,0.96,2.12,Meghalaya_Shillong
2016-08-29,1.84,26.5,20.03,0.91,87.31,0.95,3.46,Meghalaya_Shillong
2016-08-30,13.63,24.55,19.82,1.45,94.2,0.95,1.3,Meghalaya_Shillong
2016-08-31,25.28,23.79,20.59,2.24,95.48,0.97,0.85,Meghalaya_Shillong
2016-09-01,54.63,24.2,20.44,2.84,94.27,0.98,1.46,Meghalaya_Shillong
2016-09-02,51.99,24.82,20.08,2.33,93.62,1.0,1.75,Meghalaya_Shillong
2016-09-03,41.63,25.4,20.34,1.89,94.24,1.0,1.33,Meghalaya_Shillong
2016-09-04,14.97,26.26,20.75,1.58,91.29,1.0,2.22,Meghalaya_Shillong
2016-09-05,6.41,26.26,19.81,1.26,91.56,0.99,2.05,Meghalaya_Shillong
2016-09-06,9.57,25.42,19.6,1.3,91.52,0.99,1.99,Meghalaya_Shillong
2016-09-07,2.55,26.84,19.25,1.04,91.12,0.99,2.75,Meghalaya_Shillong
2016-09-08,2.97,25.03,20.69,1.85,94.22,0.98,1.6,Meghalaya_Shillong
2016-09-09,3.57,23.87,18.95,1.44,93.44,0.98,1.46,Meghalaya_Shillong
2016-09-10,8.91,23.74,18.35,1.36,93.23,0.98,1.48,Meghalaya_Shillong
2016-09-11,11.25,25.08,18.0,1.36,94.0,0.99,1.36,Meghalaya_Shillong
2016-09-12,10.13,23.14,19.26,1.2,94.56,0.99,0.82,Meghalaya_Shillong
2016-09-13,9.05,23.19,19.31,0.88,91.3,0.99,0.81,Meghalaya_Shillong
2016-09-14,6.43,25.59,19.4,1.06,92.88,0.99,1.52,Meghalaya_Shillong
2016-09-15,11.84,24.47,19.65,1.1,93.15,0.99,1.36,Meghalaya_Shillong
2016-09-16,6.65,27.64,18.25,0.77,85.68,0.99,3.88,Meghalaya_Shillong
2016-09-17,10.0,25.52,19.74,0.96,90.32,0.99,2.15,Meghalaya_Shillong
2016-09-18,30.51,26.46,19.5,0.95,89.12,0.99,2.64,Meghalaya_Shillong
2016-09-19,23.68,23.96,19.63,0.89,94.0,1.0,0.87,Meghalaya_Shillong
2016-09-20,9.65,22.46,19.67,1.0,95.96,1.0,0.32,Meghalaya_Shillong
2016-09-21,23.05,25.42,19.28,0.45,88.36,1.0,0.9,Meghalaya_Shillong
2016-09-22,9.21,24.13,19.3,0.94,91.26,1.0,1.52,Meghalaya_Shillong
2016-09-23,11.39,23.1,18.62,1.14,94.44,1.0,0.96,Meghalaya_Shillong
2016-09-24,3.96,24.19,18.26,0.96,92.33,0.99,1.38,Meghalaya_Shillong
2016-09-25,10.37,23.47,17.63,0.99,93.17,0.99,1.22,Meghalaya_Shillong
2016-09-26,2.72,24.75,18.06,0.88,90.91,0.99,2.19,Meghalaya_Shillong
2016-09-27,0.32,26.35,19.37,0.58,86.31,0.99,4.07,Meghalaya_Shillong
2016-09-28,4.4,25.45,19.44,0.76,89.85,0.99,2.33,Meghalaya_Shillong
2016-09-29,3.56,23.07,20.22,1.48,96.52,0.99,0.44,Meghalaya_Shillong
2016-09-30,1.66,23.87,19.6,0.75,94.06,0.99,1.01,Meghalaya_Shillong
2016-10-01,0.63,24.79,19.25,0.88,90.75,0.99,1.23,Meghalaya_Shillong
2016-10-02,1.77,26.89,18.91,0.56,83.74,0.98,4.0,Meghalaya_Shillong
2016-10-03,2.74,25.26,20.5,0.81,89.19,0.98,1.6,Meghalaya_Shillong
2016-10-04,1.56,24.86,19.74,0.8,89.17,0.98,2.37,Meghalaya_Shillong
2016-10-05,5.47,25.19,19.13,0.79,88.78,0.98,2.25,Meghalaya_Shillong
2016-10-06,7.1,24.64,18.77,0.92,92.69,0.98,1.72,Meghalaya_Shillong
2016-10-07,9.85,24.64,19.0,0.81,92.63,0.98,1.55,Meghalaya_Shillong
2016-10-08,10.18,25.55,18.72,1.15,89.07,0.98,3.35,Meghalaya_Shillong
2016-10-09,11.66,22.82,18.43,1.46,93.96,0.98,1.43,Meghalaya_Shillong
2016-10-10,42.81,22.26,17.39,1.22,95.8,0.99,0.6,Meghalaya_Shillong
2016-10-11,25.1,21.49,17.17,2.06,95.23,1.0,0.76,Meghalaya_Shillong
2016-10-12,34.37,20.98,16.99,2.16,96.14,1.0,0.52,Meghalaya_Shillong
2016-10-13,24.54,22.48,17.35,1.01,91.27,1.0,1.69,Meghalaya_Shillong
2016-10-14,0.26,24.86,16.38,0.69,86.02,0.99,4.6,Meghalaya_Shillong
2016-10-15,0.14,25.44,16.22,0.69,84.8,0.99,4.92,Meghalaya_Shillong
2016-10-16,0.01,26.17,15.1,0.7,80.88,0.99,5.53,Meghalaya_Shillong
2016-10-17,0.0,26.25,16.43,0.8,77.96,0.98,5.45,Meghalaya_Shillong
2016-10-18,0.0,25.9,16.67,0.67,74.96,0.98,6.29,Meghalaya_Shillong
2016-10-19,0.0,25.26,16.15,0.69,77.64,0.97,5.92,Meghalaya_Shillong
2016-10-20,0.0,24.02,16.66,0.7,79.9,0.97,5.21,Meghalaya_Shillong
2016-10-21,0.0,23.6,15.15,0.65,84.0,0.97,5.28,Meghalaya_Shillong
2016-10-22,0.0,23.79,15.79,0.68,87.53,0.96,3.9,Meghalaya_Shillong
2016-10-23,0.0,23.0,15.24,0.73,84.67,0.96,4.54,Meghalaya_Shillong
2016-10-24,0.21,24.33,13.34,0.85,82.45,0.95,4.96,Meghalaya_Shillong
2016-10-25,0.34,24.44,15.51,0.84,84.67,0.95,4.73,Meghalaya_Shillong
2016-10-26,0.02,24.31,15.39,0.99,87.0,0.95,5.12,Meghalaya_Shillong
2016-10-27,8.24,22.73,16.01,0.68,89.35,0.95,2.26,Meghalaya_Shillong
2016-10-28,11.43,25.4,15.97,0.48,84.65,0.95,3.05,Meghalaya_Shillong
2016-10-29,0.17,23.68,15.29,0.81,87.0,0.95,4.28,Meghalaya_Shillong
2016-10-30,0.06,22.59,14.35,0.79,86.58,0.94,3.11,Meghalaya_Shillong
2016-10-31,0.02,24.03,15.25,0.9,84.84,0.94,4.35,Meghalaya_Shillong
2016-11-01,0.09,24.43,14.66,0.96,85.6,0.94,4.69,Meghalaya_Shillong
2016-11-02,0.03,24.72,14.62,0.85,83.53,0.93,4.96,Meghalaya_Shillong
2016-11-03,1.67,24.09,14.87,0.78,87.15,0.93,4.22,Meghalaya_Shillong
2016-11-04,1.39,22.24,15.79,1.04,89.66,0.93,1.52,Meghalaya_Shillong
2016-11-05,4.9,19.0,14.8,0.9,88.41,0.93,1.49,Meghalaya_Shillong
2016-11-06,17.82,20.08,13.49,1.25,92.34,0.94,1.22,Meghalaya_Shillong
2016-11-07,2.43,24.46,13.79,0.77,87.41,0.94,4.45,Meghalaya_Shillong
2016-11-08,0.12,21.54,15.03,0.82,88.51,0.93,3.95,Meghalaya_Shillong
2016-11-09,0.0,22.73,13.94,0.72,86.17,0.93,5.26,Meghalaya_Shillong
2016-11-10,0.0,22.27,13.19,0.98,87.89,0.93,4.46,Meghalaya_Shillong
2016-11-11,0.0,21.61,13.59,0.95,87.52,0.92,4.34,Meghalaya_Shillong
2016-11-12,0.0,23.72,12.47,0.52,81.38,0.91,7.06,Meghalaya_Shillong
2016-11-13,0.0,22.76,11.85,0.69,85.63,0.91,5.16,Meghalaya_Shillong
2016-11-14,0.0,22.21,12.27,0.68,79.26,0.91,5.38,Meghalaya_Shillong
2016-11-15,0.0,22.01,12.38,0.73,79.75,0.9,4.69,Meghalaya_Shillong
2016-11-16,0.0,22.33,11.93,0.76,81.61,0.9,5.01,Meghalaya_Shillong
2016-11-17,0.0,22.4,10.9,0.82,82.79,0.9,5.32,Meghalaya_Shillong
2016-11-18,0.0,21.92,10.83,0.8,81.83,0.89,4.54,Meghalaya_Shillong
2016-11-19,0.0,21.45,12.66,0.79,78.59,0.89,4.53,Meghalaya_Shillong
2016-11-20,0.0,20.66,11.53,0.74,75.33,0.89,4.89,Meghalaya_Shillong
2016-11-21,0.0,20.49,10.76,0.88,79.8,0.88,4.5,Meghalaya_Shillong
2016-11-22,0.0,20.29,10.95,0.7,84.76,0.88,3.84,Meghalaya_Shillong
2016-11-23,0.0,20.28,11.84,0.79,87.72,0.88,3.69,Meghalaya_Shillong
2016-11-24,0.0,20.3,11.15,0.74,88.43,0.88,3.47,Meghalaya_Shillong
2016-11-25,0.01,20.61,11.87,0.65,86.81,0.87,3.98,Meghalaya_Shillong
2016-11-26,0.01,21.3,11.45,0.91,88.88,0.87,3.71,Meghalaya_Shillong
2016-11-27,0.3,20.39,12.45,0.53,86.17,0.87,3.92,Meghalaya_Shillong
2016-11-28,0.08,20.33,11.27,0.71,86.24,0.87,3.73,Meghalaya_Shillong
2016-11-29,0.03,20.06,10.6,0.77,87.27,0.86,3.42,Meghalaya_Shillong
2016-11-30,0.0,20.22,10.73,0.76,87.0,0.86,3.75,Meghalaya_Shillong
2016-12-01,0.0,20.6,11.27,0.74,87.16,0.86,4.02,Meghalaya_Shillong
2016-12-02,0.0,21.03,11.31,0.7,83.03,0.86,4.4,Meghalaya_Shillong
2016-12-03,0.0,20.7,10.07,0.92,76.01,0.85,4.12,Meghalaya_Shillong
2016-12-04,0.0,22.22,9.62,1.02,82.92,0.85,4.24,Meghalaya_Shillong
2016-12-05,0.0,21.68,9.38,1.01,78.76,0.85,3.99,Meghalaya_Shillong
2016-12-06,0.0,21.63,10.93,0.98,64.31,0.85,4.28,Meghalaya_Shillong
2016-12-07,0.0,21.05,9.96,1.08,70.76,0.85,4.11,Meghalaya_Shillong
2016-12-08,0.0,21.53,9.97,0.97,70.91,0.84,4.03,Meghalaya_Shillong
2016-12-09,0.0,20.9,9.85,0.72,68.39,0.84,4.23,Meghalaya_Shillong
2016-12-10,0.0,20.96,8.51,0.96,75.73,0.84,4.18,Meghalaya_Shillong
2016-12-11,0.0,20.02,10.5,0.76,75.58,0.84,3.82,Meghalaya_Shillong
2016-12-12,0.0,20.25,9.6,0.7,83.39,0.83,3.96,Meghalaya_Shillong
2016-12-13,0.0,19.92,9.37,0.56,86.24,0.83,3.51,Meghalaya_Shillong
2016-12-14,0.0,20.25,8.37,0.76,82.23,0.83,4.2,Meghalaya_Shillong
2016-12-15,0.0,19.54,8.49,0.81,82.01,0.83,3.53,Meghalaya_Shillong
2016-12-16,0.0,19.88,6.85,1.26,85.44,0.83,2.97,Meghalaya_Shillong
2016-12-17,0.0,20.05,9.17,1.11,89.15,0.83,3.05,Meghalaya_Shillong
2016-12-18,0.0,18.62,9.17,0.88,88.79,0.83,2.86,Meghalaya_Shillong
2016-12-19,0.0,19.02,8.18,0.76,86.95,0.82,3.13,Meghalaya_Shillong
2016-12-20,0.4,18.2,10.63,0.6,87.59,0.82,2.67,Meghalaya_Shillong
2016-12-21,0.01,19.92,9.35,0.65,86.29,0.82,2.87,Meghalaya_Shillong
2016-12-22,0.0,19.53,8.81,1.16,88.27,0.82,2.62,Meghalaya_Shillong
2016-12-23,0.03,17.7,10.36,0.81,90.55,0.82,1.47,Meghalaya_Shillong
2016-12-24,0.04,19.47,10.8,0.84,89.47,0.82,2.97,Meghalaya_Shillong
2016-12-25,0.0,19.44,10.84,0.72,88.54,0.82,2.88,Meghalaya_Shillong
2016-12-26,4.09,18.55,10.02,1.01,87.4,0.82,2.39,Meghalaya_Shillong
2016-12-27,0.24,18.48,7.28,1.04,78.95,0.82,2.54,Meghalaya_Shillong
2016-12-28,0.0,19.51,7.16,0.97,71.19,0.82,3.42,Meghalaya_Shillong
2016-12-29,0.0,19.43,9.24,1.05,73.08,0.82,3.22,Meghalaya_Shillong
2016-12-30,0.0,18.78,8.72,1.2,84.85,0.81,2.74,Meghalaya_Shillong
2016-12-31,0.0,18.25,10.4,0.96,84.07,0.81,2.56,Meghalaya_Shillong
2017-01-01,0.0,18.62,8.83,0.87,77.59,0.81,2.7,Meghalaya_Shillong
2017-01-02,0.0,18.82,8.63,0.92,81.71,0.81,3.01,Meghalaya_Shillong
2017-01-03,0.0,19.25,9.04,1.08,84.02,0.81,3.0,Meghalaya_Shillong
2017-01-04,0.02,18.67,7.87,0.73,76.03,0.8,3.07,Meghalaya_Shillong
2017-01-05,0.02,17.23,8.08,0.99,81.36,0.8,2.31,Meghalaya_Shillong
2017-01-06,0.0,17.54,7.8,0.87,80.03,0.8,2.87,Meghalaya_Shillong
2017-01-07,0.0,18.09,8.7,0.9,78.48,0.8,2.75,Meghalaya_Shillong
2017-01-08,0.0,18.22,7.98,0.81,76.27,0.8,3.01,Meghalaya_Shillong
2017-01-09,0.0,17.88,6.99,1.0,80.57,0.8,2.91,Meghalaya_Shillong
2017-01-10,0.19,17.66,6.73,1.24,76.05,0.8,2.66,Meghalaya_Shillong
2017-01-11,0.0,17.26,6.14,1.12,76.52,0.8,2.82,Meghalaya_Shillong
2017-01-12,0.0,15.83,3.85,0.96,78.87,0.79,2.59,Meghalaya_Shillong
2017-01-13,0.0,15.7,4.69,0.97,74.0,0.79,2.37,Meghalaya_Shillong
2017-01-14,0.0,16.42,2.89,0.92,68.1,0.79,2.65,Meghalaya_Shillong
2017-01-15,0.0,18.26,3.82,0.97,71.29,0.79,2.96,Meghalaya_Shillong
2017-01-16,0.0,18.66,5.49,1.05,60.72,0.79,3.18,Meghalaya_Shillong
2017-01-17,0.0,18.95,6.87,0.96,51.69,0.79,3.3,Meghalaya_Shillong
2017-01-18,0.0,18.93,5.51,0.78,56.47,0.79,3.15,Meghalaya_Shillong
2017-01-19,0.0,20.38,7.65,0.84,61.4,0.78,3.51,Meghalaya_Shillong
2017-01-20,0.0,20.79,7.62,1.08,58.29,0.78,3.82,Meghalaya_Shillong
2017-01-21,0.0,19.97,8.0,0.75,57.19,0.78,3.41,Meghalaya_Shillong
2017-01-22,0.0,21.0,9.73,0.76,67.58,0.78,3.66,Meghalaya_Shillong
2017-01-23,0.0,19.56,9.21,0.8,74.15,0.78,3.2,Meghalaya_Shillong
2017-01-24,0.0,20.41,8.12,0.85,71.78,0.78,3.2,Meghalaya_Shillong
2017-01-25,0.0,20.66,7.95,1.23,67.17,0.78,3.68,Meghalaya_Shillong
2017-01-26,0.0,21.57,10.99,0.86,57.4,0.77,4.05,Meghalaya_Shillong
2017-01-27,0.03,21.46,10.56,0.81,62.9,0.77,3.43,Meghalaya_Shillong
2017-01-28,0.06,18.6,8.26,1.64,77.67,0.77,2.53,Meghalaya_Shillong
2017-01-29,0.0,19.23,5.8,0.94,75.37,0.77,3.11,Meghalaya_Shillong
2017-01-30,0.0,18.49,8.54,1.1,79.89,0.77,2.61,Meghalaya_Shillong
2017-01-31,0.0,19.12,7.16,1.02,73.83,0.77,2.9,Meghalaya_Shillong
2017-02-01,0.0,19.5,6.74,1.16,68.84,0.77,3.52,Meghalaya_Shillong
2017-02-02,0.27,18.6,7.48,0.98,68.14,0.76,3.11,Meghalaya_Shillong
2017-02-03,0.89,20.34,7.44,0.97,70.83,0.76,3.5,Meghalaya_Shillong
2017-02-04,0.0,21.71,6.1,1.27,74.66,0.76,3.84,Meghalaya_Shillong
2017-02-05,0.0,21.89,8.44,1.12,60.94,0.76,4.38,Meghalaya_Shillong
2017-02-06,0.0,20.23,8.38,1.29,67.66,0.76,3.72,Meghalaya_Shillong
2017-02-07,0.0,19.04,7.42,1.57,74.82,0.76,3.01,Meghalaya_Shillong
2017-02-08,0.0,20.73,9.53,0.95,62.34,0.76,3.98,Meghalaya_Shillong
2017-02-09,0.0,20.87,8.03,1.29,60.34,0.75,3.95,Meghalaya_Shillong
2017-02-10,0.0,20.4,7.02,1.58,60.52,0.75,3.84,Meghalaya_Shillong
2017-02-11,0.0,20.44,7.42,1.29,64.64,0.75,3.59,Meghalaya_Shillong
2017-02-12,0.0,20.63,9.05,1.08,68.61,0.75,3.53,Meghalaya_Shillong
2017-02-13,0.0,21.11,9.41,1.07,60.47,0.75,3.96,Meghalaya_Shillong
2017-02-14,0.0,20.43,8.6,1.24,74.08,0.74,3.5,Meghalaya_Shillong
2017-02-15,0.0,21.99,9.63,1.18,63.48,0.74,4.0,Meghalaya_Shillong
2017-02-16,0.0,21.47,9.77,1.22,70.3,0.74,3.78,Meghalaya_Shillong
2017-02-17,0.0,22.01,11.61,1.01,69.19,0.74,4.12,Meghalaya_Shillong
2017-02-18,0.0,21.9,11.31,1.2,70.26,0.74,3.96,Meghalaya_Shillong
2017-02-19,0.0,21.75,11.5,1.04,70.24,0.74,3.79,Meghalaya_Shillong
2017-02-20,11.08,18.77,9.36,2.21,79.34,0.74,2.16,Meghalaya_Shillong
2017-02-21,30.84,19.6,12.96,2.93,91.63,0.77,1.7,Meghalaya_Shillong
2017-02-22,61.32,19.37,14.31,3.14,91.44,0.84,1.42,Meghalaya_Shillong
2017-02-23,21.59,20.15,8.5,2.22,80.58,0.87,2.86,Meghalaya_Shillong
2017-02-24,0.0,19.11,7.83,1.74,47.6,0.83,3.86,Meghalaya_Shillong
2017-02-25,0.0,19.3,6.93,1.4,50.88,0.81,3.84,Meghalaya_Shillong
2017-02-26,0.0,19.15,6.4,1.44,53.71,0.79,3.76,Meghalaya_Shillong
2017-02-27,0.0,19.74,8.16,1.29,54.77,0.79,3.62,Meghalaya_Shillong
2017-02-28,0.0,21.55,9.23,1.09,59.25,0.78,4.08,Meghalaya_Shillong
2017-03-01,0.0,21.87,10.37,1.16,56.56,0.78,4.15,Meghalaya_Shillong
2017-03-02,0.0,21.58,8.45,1.75,62.37,0.77,4.27,Meghalaya_Shillong
2017-03-03,0.0,21.75,9.83,2.07,71.19,0.77,4.1,Meghalaya_Shillong
2017-03-04,0.04,21.07,10.2,2.2,75.44,0.76,3.45,Meghalaya_Shillong
2017-03-05,6.09,19.84,10.22,2.08,83.89,0.77,2.33,Meghalaya_Shillong
2017-03-06,0.85,20.7,9.73,1.92,80.8,0.77,3.6,Meghalaya_Shillong
2017-03-07,1.76,21.07,9.05,1.23,70.29,0.77,4.46,Meghalaya_Shillong
2017-03-08,12.62,21.69,10.79,1.09,67.84,0.77,4.25,Meghalaya_Shillong
2017-03-09,0.11,20.81,10.13,1.48,77.28,0.78,3.81,Meghalaya_Shillong
2017-03-10,0.63,20.68,10.83,1.51,82.29,0.77,3.52,Meghalaya_Shillong
2017-03-11,24.67,19.18,12.02,2.89,92.63,0.8,1.23,Meghalaya_Shillong
2017-03-12,0.93,20.22,9.91,2.21,72.55,0.8,3.73,Meghalaya_Shillong
2017-03-13,0.01,20.02,8.61,1.25,56.24,0.79,4.84,Meghalaya_Shillong
2017-03-14,0.0,20.54,7.29,1.34,53.5,0.78,4.83,Meghalaya_Shillong
2017-03-15,0.0,20.25,6.43,1.26,55.62,0.77,4.38,Meghalaya_Shillong
2017-03-16,0.0,21.53,7.94,1.27,54.1,0.77,4.85,Meghalaya_Shillong
2017-03-17,0.18,21.03,9.17,1.53,56.3,0.76,4.6,Meghalaya_Shillong
2017-03-18,15.88,19.6,10.63,1.5,72.97,0.77,2.29,Meghalaya_Shillong
2017-03-19,1.6,20.62,9.38,1.03,70.2,0.78,4.37,Meghalaya_Shillong
2017-03-20,2.05,17.82,9.97,1.36,80.48,0.78,1.71,Meghalaya_Shillong
2017-03-21,1.1,20.71,7.93,1.15,77.36,0.78,4.19,Meghalaya_Shillong
2017-03-22,0.0,22.45,9.75,0.89,72.48,0.77,4.92,Meghalaya_Shillong
2017-03-23,0.13,22.68,13.73,0.87,74.88,0.76,4.14,Meghalaya_Shillong
2017-03-24,17.45,22.23,12.93,1.29,82.19,0.77,3.19,Meghalaya_Shillong
2017-03-25,28.62,21.09,12.97,1.33,86.63,0.81,1.77,Meghalaya_Shillong
2017-03-26,0.1,23.82,12.17,1.21,77.86,0.81,4.76,Meghalaya_Shillong
2017-03-27,15.85,23.07,12.12,1.16,86.96,0.8,3.36,Meghalaya_Shillong
2017-03-28,9.34,22.42,13.88,1.44,84.9,0.81,2.99,Meghalaya_Shillong
2017-03-29,49.32,22.0,13.45,2.62,92.48,0.83,1.55,Meghalaya_Shillong
2017-03-30,55.16,22.27,17.83,3.05,92.66,0.89,1.25,Meghalaya_Shillong
2017-03-31,68.96,22.82,16.84,2.02,92.19,0.92,1.71,Meghalaya_Shillong
2017-04-01,73.98,22.04,16.42,2.57,92.83,0.95,1.3,Meghalaya_Shillong
2017-04-02,61.54,21.96,17.17,3.81,93.01,0.96,1.39,Meghalaya_Shillong
2017-04-03,85.42,21.21,17.49,3.88,94.81,0.97,0.91,Meghalaya_Shillong
2017-04-04,20.97,20.69,15.38,2.07,92.39,0.97,1.17,Meghalaya_Shillong
2017-04-05,10.31,22.43,14.06,1.38,90.88,0.96,1.83,Meghalaya_Shillong
2017-04-06,2.93,24.08,14.45,1.15,86.03,0.96,3.49,Meghalaya_Shillong
2017-04-07,8.01,22.99,14.18,2.1,88.52,0.95,2.58,Meghalaya_Shillong
2017-04-08,17.53,24.18,18.19,2.3,91.96,0.95,2.26,Meghalaya_Shillong
2017-04-09,9.59,23.6,17.88,2.73,89.98,0.96,2.48,Meghalaya_Shillong
2017-04-10,1.27,22.93,14.14,2.05,87.29,0.95,3.26,Meghalaya_Shillong
2017-04-11,8.81,23.14,12.88,1.44,75.47,0.95,3.87,Meghalaya_Shillong
2017-04-12,0.0,25.13,15.9,0.66,55.38,0.94,4.84,Meghalaya_Shillong
2017-04-13,0.0,25.74,16.74,0.89,65.83,0.93,4.19,Meghalaya_Shillong
2017-04-14,0.0,24.16,16.42,1.05,70.94,0.93,3.03,Meghalaya_Shillong
2017-04-15,1.29,23.74,13.62,1.55,83.22,0.92,3.79,Meghalaya_Shillong
2017-04-16,26.77,22.71,14.33,1.02,79.43,0.94,2.77,Meghalaya_Shillong
2017-04-17,0.03,25.67,12.72,1.31,70.9,0.93,4.74,Meghalaya_Shillong
2017-04-18,4.96,24.44,15.74,1.45,80.63,0.93,3.95,Meghalaya_Shillong
2017-04-19,39.75,21.31,15.6,2.53,95.25,0.94,0.72,Meghalaya_Shillong
2017-04-20,28.39,20.45,17.13,2.12,95.24,0.97,0.45,Meghalaya_Shillong
2017-04-21,37.71,20.92,16.68,1.99,94.92,0.97,0.6,Meghalaya_Shillong
2017-04-22,49.91,20.38,18.61,2.48,96.24,0.98,0.35,Meghalaya_Shillong
2017-04-23,17.57,20.71,16.02,1.67,94.97,0.99,0.45,Meghalaya_Shillong
2017-04-24,12.8,22.19,15.95,3.26,93.37,0.99,1.42,Meghalaya_Shillong
2017-04-25,20.79,23.13,18.67,3.95,92.68,0.98,1.97,Meghalaya_Shillong
2017-04-26,67.43,22.82,18.92,3.33,93.85,0.99,1.18,Meghalaya_Shillong
2017-04-27,38.81,22.42,17.75,2.6,93.89,0.99,1.18,Meghalaya_Shillong
2017-04-28,19.4,22.68,15.56,1.69,89.87,0.99,1.67,Meghalaya_Shillong
2017-04-29,36.52,23.01,15.57,1.54,89.7,0.99,1.8,Meghalaya_Shillong
2017-04-30,27.71,23.2,15.89,2.16,91.97,0.99,1.56,Meghalaya_Shillong
2017-05-01,18.06,20.7,17.15,1.94,93.63,0.99,0.68,Meghalaya_Shillong
2017-05-02,2.48,24.16,15.76,1.4,86.24,0.99,2.58,Meghalaya_Shillong
2017-05-03,2.51,24.98,14.18,1.03,81.93,0.98,3.57,Meghalaya_Shillong
2017-05-04,7.26,24.83,15.98,1.24,80.69,0.98,2.94,Meghalaya_Shillong
2017-05-05,12.12,22.89,15.52,2.23,91.19,0.98,1.9,Meghalaya_Shillong
2017-05-06,13.08,24.38,16.61,1.5,88.65,0.98,2.46,Meghalaya_Shillong
2017-05-07,7.59,26.0,16.59,0.99,84.75,0.98,3.45,Meghalaya_Shillong
2017-05-08,3.76,23.94,17.27,1.03,88.29,0.98,1.72,Meghalaya_Shillong
2017-05-09,7.67,24.71,17.26,1.22,87.44,0.97,2.18,Meghalaya_Shillong
2017-05-10,3.93,23.19,16.97,0.84,83.9,0.97,1.68,Meghalaya_Shillong
2017-05-11,5.44,24.6,17.84,0.99,79.52,0.97,3.02,Meghalaya_Shillong
2017-05-12,0.76,26.83,19.14,0.69,78.2,0.97,3.13,Meghalaya_Shillong
2017-05-13,5.55,26.21,18.98,1.07,82.2,0.96,3.89,Meghalaya_Shillong
2017-05-14,23.13,26.4,18.97,0.83,83.57,0.97,3.32,Meghalaya_Shillong
2017-05-15,18.19,25.18,18.65,1.68,88.35,0.98,1.81,Meghalaya_Shillong
2017-05-16,11.24,24.08,18.9,1.62,92.42,0.98,1.63,Meghalaya_Shillong
2017-05-17,0.38,23.17,18.41,1.62,93.39,0.97,1.15,Meghalaya_Shillong
2017-05-18,14.49,26.72,18.58,1.49,85.73,0.97,3.87,Meghalaya_Shillong
2017-05-19,21.82,24.2,19.41,1.9,91.44,0.98,1.89,Meghalaya_Shillong
2017-05-20,25.9,25.04,19.29,1.63,90.35,0.98,2.4,Meghalaya_Shillong
2017-05-21,12.3,25.91,18.22,1.35,88.73,0.98,2.82,Meghalaya_Shillong
2017-05-22,15.72,25.4,17.64,1.4,89.83,0.98,2.48,Meghalaya_Shillong
2017-05-23,16.19,25.62,18.83,1.28,91.03,0.99,1.85,Meghalaya_Shillong
2017-05-24,32.03,24.85,19.56,1.64,93.42,0.99,1.06,Meghalaya_Shillong
2017-05-25,33.74,26.68,18.79,1.09,87.31,0.99,2.43,Meghalaya_Shillong
2017-05-26,12.73,27.42,19.67,0.73,78.9,0.99,3.84,Meghalaya_Shillong
2017-05-27,4.06,27.83,17.83,0.74,81.86,0.98,4.38,Meghalaya_Shillong
2017-05-28,0.83,26.83,17.76,0.92,82.44,0.98,3.43,Meghalaya_Shillong
2017-05-29,5.5,24.67,19.76,1.26,87.9,0.98,1.49,Meghalaya_Shillong
2017-05-30,34.39,24.09,20.03,3.78,94.04,0.98,0.89,Meghalaya_Shillong
2017-05-31,43.77,24.33,19.53,2.89,93.15,0.99,1.52,Meghalaya_Shillong
2017-06-01,22.77,24.37,20.6,3.6,93.54,0.99,1.61,Meghalaya_Shillong
2017-06-02,100.72,23.78,20.14,4.01,94.39,0.99,1.03,Meghalaya_Shillong
2017-06-03,49.55,24.5,19.85,3.76,93.64,1.0,1.17,Meghalaya_Shillong
2017-06-04,16.63,25.99,20.53,2.29,91.82,0.99,1.98,Meghalaya_Shillong
2017-06-05,6.5,25.41,19.15,1.39,90.37,0.99,1.83,Meghalaya_Shillong
2017-06-06,2.31,28.06,19.97,0.86,82.55,0.99,3.33,Meghalaya_Shillong
2017-06-07,1.7,28.61,20.71,0.95,84.17,0.98,3.69,Meghalaya_Shillong
2017-06-08,5.1,27.35,20.96,0.88,85.89,0.98,2.46,Meghalaya_Shillong
2017-06-09,2.6,28.49,20.27,0.82,86.18,0.98,3.61,Meghalaya_Shillong
2017-06-10,9.73,26.68,20.59,1.15,89.64,0.98,2.3,Meghalaya_Shillong
2017-06-11,24.44,24.74,19.89,1.51,93.02,0.98,1.07,Meghalaya_Shillong
2017-06-12,72.17,24.86,18.93,2.98,93.6,0.99,1.15,Meghalaya_Shillong
2017-06-13,105.56,23.09,18.65,2.57,95.9,1.0,0.46,Meghalaya_Shillong
2017-06-14,19.52,22.56,18.08,2.01,94.06,1.0,0.79,Meghalaya_Shillong
2017-06-15,15.11,24.79,18.32,2.07,92.32,0.99,1.52,Meghalaya_Shillong
2017-06-16,243.95,23.49,19.13,2.2,93.2,1.0,0.81,Meghalaya_Shillong
2017-06-17,52.71,22.48,19.11,3.41,96.29,1.0,0.44,Meghalaya_Shillong
2017-06-18,18.76,24.71,20.5,3.17,93.82,1.0,1.26,Meghalaya_Shillong
2017-06-19,26.16,23.33,20.47,3.56,95.97,1.0,0.64,Meghalaya_Shillong
2017-06-20,6.29,24.28,20.17,1.82,93.82,1.0,1.03,Meghalaya_Shillong
2017-06-21,44.87,25.45,19.55,1.42,91.31,1.0,1.63,Meghalaya_Shillong
2017-06-22,59.85,25.5,20.25,1.88,93.75,1.0,1.11,Meghalaya_Shillong
2017-06-23,13.22,26.07,20.08,1.37,90.7,1.0,1.91,Meghalaya_Shillong
2017-06-24,12.99,26.25,19.73,1.22,91.32,1.0,1.47,Meghalaya_Shillong
2017-06-25,12.66,24.7,20.03,1.1,93.98,1.0,0.9,Meghalaya_Shillong
2017-06-26,9.82,26.8,19.07,1.35,90.12,0.99,2.38,Meghalaya_Shillong
2017-06-27,20.27,24.36,19.62,1.1,94.59,1.0,0.64,Meghalaya_Shillong
2017-06-28,8.32,23.81,19.29,1.31,93.19,1.0,0.61,Meghalaya_Shillong
2017-06-29,11.94,25.79,18.98,1.72,91.45,0.99,1.93,Meghalaya_Shillong
2017-06-30,43.91,24.07,20.76,2.45,94.59,1.0,0.99,Meghalaya_Shillong
2017-07-01,50.96,24.04,20.87,2.69,95.53,1.0,0.6,Meghalaya_Shillong
2017-07-02,49.91,23.71,20.24,2.29,96.42,1.0,0.4,Meghalaya_Shillong
2017-07-03,34.04,23.45,21.21,2.6,96.12,1.0,0.44,Meghalaya_Shillong
2017-07-04,36.67,24.78,21.15,3.14,94.88,1.0,0.8,Meghalaya_Shillong
2017-07-05,41.5,25.08,21.17,2.3,94.29,1.0,0.79,Meghalaya_Shillong
2017-07-06,33.35,24.46,20.32,2.08,93.26,1.0,0.88,Meghalaya_Shillong
2017-07-07,13.27,25.46,19.87,1.61,92.36,1.0,1.38,Meghalaya_Shillong
2017-07-08,34.02,24.07,20.33,2.41,95.02,1.0,0.79,Meghalaya_Shillong
2017-07-09,42.35,22.86,20.17,2.55,95.98,1.0,0.41,Meghalaya_Shillong
2017-07-10,41.88,24.07,20.3,1.71,95.17,1.0,0.59,Meghalaya_Shillong
2017-07-11,37.1,23.15,18.7,1.59,94.0,1.0,0.58,Meghalaya_Shillong
2017-07-12,14.22,22.63,17.69,1.01,92.11,1.0,0.64,Meghalaya_Shillong
2017-07-13,8.14,26.41,18.1,1.6,90.06,1.0,1.84,Meghalaya_Shillong
2017-07-14,3.18,26.71,19.4,1.33,91.54,1.0,1.96,Meghalaya_Shillong
2017-07-15,9.37,28.04,19.93,0.7,86.51,0.99,2.81,Meghalaya_Shillong
2017-07-16,12.69,27.35,20.19,1.39,88.3,1.0,2.38,Meghalaya_Shillong
2017-07-17,3.21,25.09,20.66,1.2,93.85,0.99,0.77,Meghalaya_Shillong
2017-07-18,12.36,27.43,19.72,1.24,89.34,0.99,2.17,Meghalaya_Shillong
2017-07-19,41.94,22.9,20.04,2.22,95.31,1.0,0.66,Meghalaya_Shillong
2017-07-20,20.36,22.89,19.89,1.69,95.92,1.0,0.48,Meghalaya_Shillong
2017-07-21,18.59,25.52,19.56,1.7,92.75,1.0,1.51,Meghalaya_Shillong
2017-07-22,16.11,26.52,19.74,1.36,91.13,1.0,1.96,Meghalaya_Shillong
2017-07-23,21.55,26.18,20.13,2.73,91.31,1.0,1.73,Meghalaya_Shillong
2017-07-24,24.2,22.47,19.42,2.95,94.95,1.0,0.73,Meghalaya_Shillong
2017-07-25,63.45,23.35,18.25,2.43,93.79,1.0,0.83,Meghalaya_Shillong
2017-07-26,26.79,25.27,18.87,1.32,91.71,1.0,1.44,Meghalaya_Shillong
2017-07-27,8.95,23.38,20.01,0.89,95.02,1.0,0.44,Meghalaya_Shillong
2017-07-28,2.67,24.7,19.65,0.97,93.44,1.0,1.0,Meghalaya_Shillong
2017-07-29,8.17,23.98,20.37,0.78,94.22,1.0,0.66,Meghalaya_Shillong
2017-07-30,8.31,28.05,20.29,0.94,88.46,1.0,2.72,Meghalaya_Shillong
2017-07-31,6.63,26.48,20.54,1.58,91.99,0.99,1.86,Meghalaya_Shillong
2017-08-01,8.34,24.63,20.93,2.19,94.7,0.99,0.95,Meghalaya_Shillong
2017-08-02,9.48,26.59,20.52,1.98,93.09,0.99,1.68,Meghalaya_Shillong
2017-08-03,8.79,25.71,20.8,1.61,93.65,0.99,1.34,Meghalaya_Shillong
2017-08-04,13.83,25.55,21.09,0.72,91.05,0.99,0.93,Meghalaya_Shillong
2017-08-05,9.82,26.39,21.32,1.29,93.37,0.99,0.99,Meghalaya_Shillong
2017-08-06,20.5,26.35,21.49,1.55,93.34,0.99,1.39,Meghalaya_Shillong
2017-08-07,30.34,25.79,20.76,2.51,92.86,1.0,1.79,Meghalaya_Shillong
2017-08-08,41.86,25.67,19.95,2.68,92.82,1.0,1.7,Meghalaya_Shillong
2017-08-09,71.1,24.04,20.39,3.27,95.81,1.0,0.57,Meghalaya_Shillong
2017-08-10,68.91,23.57,20.11,4.31,96.18,1.0,0.6,Meghalaya_Shillong
2017-08-11,160.58,22.73,21.06,4.33,97.82,1.0,0.19,Meghalaya_Shillong
2017-08-12,111.38,22.82,21.05,3.71,97.55,1.0,0.22,Meghalaya_Shillong
2017-08-13,99.47,23.01,20.27,2.43,95.01,1.0,0.6,Meghalaya_Shillong
2017-08-14,41.91,24.7,20.44,2.14,94.08,1.0,1.02,Meghalaya_Shillong
2017-08-15,19.6,25.51,19.77,1.87,93.37,1.0,1.19,Meghalaya_Shillong
2017-08-16,14.29,23.29,20.86,1.95,96.82,1.0,0.35,Meghalaya_Shillong
2017-08-17,6.47,27.06,19.78,1.13,89.99,1.0,2.38,Meghalaya_Shillong
2017-08-18,24.96,23.56,19.99,1.2,94.89,1.0,0.62,Meghalaya_Shillong
2017-08-19,3.14,25.74,19.29,1.14,92.08,1.0,1.59,Meghalaya_Shillong
2017-08-20,9.44,25.7,20.24,0.96,90.64,1.0,1.93,Meghalaya_Shillong
2017-08-21,15.44,26.88,19.91,0.62,86.66,1.0,2.62,Meghalaya_Shillong
2017-08-22,22.87,27.26,20.47,1.05,89.71,1.0,2.03,Meghalaya_Shillong
2017-08-23,14.13,25.41,20.28,1.04,91.01,1.0,1.34,Meghalaya_Shillong
2017-08-24,10.74,24.23,19.93,1.34,90.54,1.0,1.05,Meghalaya_Shillong
2017-08-25,10.63,26.62,18.07,0.91,89.93,1.0,2.5,Meghalaya_Shillong
2017-08-26,33.34,24.89,20.9,1.25,94.63,1.0,0.91,Meghalaya_Shillong
2017-08-27,29.52,26.49,19.58,1.76,88.57,1.0,2.12,Meghalaya_Shillong
2017-08-28,6.97,24.65,19.96,1.3,91.25,1.0,1.39,Meghalaya_Shillong
2017-08-29,8.83,24.89,19.33,1.39,92.5,0.99,1.88,Meghalaya_Shillong
2017-08-30,15.54,24.62,19.96,1.12,92.94,0.99,1.46,Meghalaya_Shillong
2017-08-31,8.62,25.96,19.73,0.88,89.83,0.99,2.31,Meghalaya_Shillong
2017-09-01,25.74,24.57,21.01,2.06,94.82,1.0,0.95,Meghalaya_Shillong
2017-09-02,38.25,24.07,21.24,2.37,95.3,1.0,0.8,Meghalaya_Shillong
2017-09-03,40.6,23.25,19.95,1.71,95.94,1.0,0.52,Meghalaya_Shillong
2017-09-04,16.41,24.32,19.87,1.97,94.61,1.0,1.03,Meghalaya_Shillong
2017-09-05,7.53,25.69,19.5,1.84,92.86,1.0,1.89,Meghalaya_Shillong
2017-09-06,4.41,26.07,19.05,0.91,89.4,0.99,2.84,Meghalaya_Shillong
2017-09-07,11.77,25.46,19.48,1.34,91.4,0.99,2.46,Meghalaya_Shillong
2017-09-08,30.75,24.94,19.25,1.89,93.15,1.0,1.9,Meghalaya_Shillong
2017-09-09,49.72,24.37,19.65,2.57,93.62,1.0,1.45,Meghalaya_Shillong
2017-09-10,8.9,24.39,20.06,1.53,94.86,1.0,1.0,Meghalaya_Shillong
2017-09-11,9.96,26.31,19.37,0.92,90.31,1.0,2.5,Meghalaya_Shillong
2017-09-12,6.83,24.56,19.04,0.64,90.36,0.99,1.79,Meghalaya_Shillong
2017-09-13,11.67,24.51,19.45,1.17,94.04,1.0,1.17,Meghalaya_Shillong
2017-09-14,11.01,24.25,20.16,0.91,93.07,1.0,1.21,Meghalaya_Shillong
2017-09-15,4.6,27.55,19.9,0.64,84.53,0.99,4.08,Meghalaya_Shillong
2017-09-16,0.57,27.51,19.5,0.91,85.4,0.99,3.24,Meghalaya_Shillong
2017-09-17,9.92,25.57,20.23,1.29,92.11,0.99,1.28,Meghalaya_Shillong
2017-09-18,8.29,25.5,19.06,1.75,90.9,0.99,2.39,Meghalaya_Shillong
2017-09-19,22.21,24.41,19.67,1.73,92.73,0.99,1.65,Meghalaya_Shillong
2017-09-20,49.9,23.74,19.79,2.02,95.56,1.0,0.69,Meghalaya_Shillong
2017-09-21,8.48,24.86,18.35,1.37,92.47,1.0,1.88,Meghalaya_Shillong
2017-09-22,10.05,24.79,19.84,1.33,93.32,1.0,1.74,Meghalaya_Shillong
2017-09-23,3.03,26.17,18.51,1.14,89.43,0.99,3.13,Meghalaya_Shillong
2017-09-24,0.64,27.3,20.08,0.77,85.83,0.99,4.2,Meghalaya_Shillong
2017-09-25,3.89,27.28,19.96,0.75,88.52,0.98,3.74,Meghalaya_Shillong
2017-09-26,1.59,26.96,18.93,0.72,87.48,0.98,3.8,Meghalaya_Shillong
2017-09-27,6.12,23.82,19.94,0.89,94.53,0.98,0.68,Meghalaya_Shillong
2017-09-28,14.79,24.29,20.18,0.96,93.81,0.98,1.05,Meghalaya_Shillong
2017-09-29,63.89,22.59,19.9,2.21,95.14,1.0,0.84,Meghalaya_Shillong
2017-09-30,54.55,22.89,19.78,2.34,96.08,1.0,0.64,Meghalaya_Shillong
2017-10-01,19.12,23.36,18.84,1.22,93.78,1.0,1.24,Meghalaya_Shillong
2017-10-02,3.24,25.09,18.31,1.06,90.66,1.0,2.42,Meghalaya_Shillong
2017-10-03,3.1,25.83,18.44,0.61,86.3,0.99,2.67,Meghalaya_Shillong
2017-10-04,5.63,25.62,17.83,0.94,90.34,0.99,2.55,Meghalaya_Shillong
2017-10-05,1.38,26.35,18.55,0.93,90.14,0.99,2.91,Meghalaya_Shillong
2017-10-06,0.97,25.13,19.61,0.85,90.35,0.99,2.21,Meghalaya_Shillong
2017-10-07,5.2,24.03,19.28,0.93,92.33,0.99,1.38,Meghalaya_Shillong
2017-10-08,19.7,23.94,19.4,0.9,92.67,0.99,1.09,Meghalaya_Shillong
2017-10-09,1.59,24.62,19.12,0.79,87.0,0.99,2.24,Meghalaya_Shillong
2017-10-10,5.56,25.71,17.69,0.84,90.08,0.99,3.17,Meghalaya_Shillong
2017-10-11,5.24,26.39,19.25,0.8,89.42,0.99,2.93,Meghalaya_Shillong
2017-10-12,7.15,26.9,20.09,0.77,87.87,0.99,3.38,Meghalaya_Shillong
2017-10-13,16.29,24.05,18.18,1.74,93.69,0.99,1.91,Meghalaya_Shillong
2017-10-14,24.09,24.15,19.09,1.9,93.89,0.99,1.92,Meghalaya_Shillong
2017-10-15,4.83,25.31,18.24,0.96,87.2,0.99,4.0,Meghalaya_Shillong
2017-10-16,0.29,25.69,16.97,0.64,83.9,0.99,4.92,Meghalaya_Shillong
2017-10-17,0.63,26.14,16.5,1.05,85.68,0.98,4.38,Meghalaya_Shillong
2017-10-18,1.03,24.79,16.65,1.22,89.05,0.98,2.97,Meghalaya_Shillong
2017-10-19,0.55,23.38,18.6,0.86,88.53,0.98,1.96,Meghalaya_Shillong
2017-10-20,47.95,21.68,17.5,1.15,92.92,0.99,0.54,Meghalaya_Shillong
2017-10-21,125.32,19.7,17.46,2.57,95.41,1.0,0.37,Meghalaya_Shillong
2017-10-22,14.21,22.94,16.54,0.96,93.14,1.0,1.92,Meghalaya_Shillong
2017-10-23,5.58,22.42,15.62,1.2,92.02,1.0,2.2,Meghalaya_Shillong
2017-10-24,0.07,22.67,13.37,1.0,85.49,0.99,3.82,Meghalaya_Shillong
2017-10-25,0.01,21.71,12.99,1.03,78.47,0.99,3.75,Meghalaya_Shillong
2017-10-26,0.0,22.65,11.87,0.87,71.65,0.99,4.17,Meghalaya_Shillong
2017-10-27,0.0,21.88,13.88,0.68,70.66,0.98,4.52,Meghalaya_Shillong
2017-10-28,0.0,22.11,13.23,0.93,75.93,0.98,4.54,Meghalaya_Shillong
2017-10-29,1.98,22.21,12.33,1.26,88.57,0.97,3.55,Meghalaya_Shillong
2017-10-30,7.33,19.89,12.74,1.04,88.75,0.97,2.09,Meghalaya_Shillong
2017-10-31,0.08,21.34,10.51,0.78,83.11,0.97,4.14,Meghalaya_Shillong
2017-11-01,0.0,21.52,11.59,0.85,84.68,0.97,4.43,Meghalaya_Shillong
2017-11-02,0.0,22.6,11.52,0.86,80.11,0.96,4.78,Meghalaya_Shillong
2017-11-03,0.0,22.6,11.69,1.18,86.05,0.96,4.26,Meghalaya_Shillong
2017-11-04,0.0,22.75,12.11,1.1,83.27,0.96,4.25,Meghalaya_Shillong
2017-11-05,0.0,23.25,13.37,0.8,77.19,0.95,5.08,Meghalaya_Shillong
2017-11-06,0.0,23.07,13.63,0.87,74.06,0.95,4.94,Meghalaya_Shillong
2017-11-07,0.0,22.68,13.6,0.97,77.67,0.94,4.65,Meghalaya_Shillong
2017-11-08,0.0,22.37,11.12,1.03,73.93,0.94,4.8,Meghalaya_Shillong
2017-11-09,0.0,22.58,12.97,0.81,65.19,0.93,5.31,Meghalaya_Shillong
2017-11-10,0.0,22.41,13.38,0.76,72.31,0.93,4.85,Meghalaya_Shillong
2017-11-11,0.0,22.89,11.66,0.89,79.01,0.92,4.78,Meghalaya_Shillong
2017-11-12,0.0,22.6,13.81,0.68,75.47,0.92,5.08,Meghalaya_Shillong
2017-11-13,0.0,22.27,13.56,0.67,76.65,0.92,4.75,Meghalaya_Shillong
2017-11-14,0.0,22.58,10.79,0.88,81.49,0.91,4.5,Meghalaya_Shillong
2017-11-15,0.26,21.17,13.7,0.91,84.66,0.91,2.11,Meghalaya_Shillong
2017-11-16,8.18,22.36,13.48,0.83,87.22,0.91,1.85,Meghalaya_Shillong
2017-11-17,3.71,22.75,15.19,0.84,89.62,0.92,2.55,Meghalaya_Shillong
2017-11-18,0.04,23.32,14.55,0.88,89.75,0.91,3.79,Meghalaya_Shillong
2017-11-19,0.0,23.39,13.99,0.76,85.14,0.91,4.94,Meghalaya_Shillong
2017-11-20,0.0,22.23,11.76,0.83,80.93,0.9,5.05,Meghalaya_Shillong
2017-11-21,0.0,20.6,11.61,0.97,80.0,0.9,3.88,Meghalaya_Shillong
2017-11-22,0.0,20.4,10.67,0.83,80.94,0.9,3.82,Meghalaya_Shillong
2017-11-23,0.0,20.21,10.3,0.65,80.03,0.89,4.16,Meghalaya_Shillong
2017-11-24,0.0,20.1,9.33,0.88,85.48,0.89,3.84,Meghalaya_Shillong
2017-11-25,0.0,20.39,11.81,0.67,83.04,0.89,3.8,Meghalaya_Shillong
2017-11-26,0.0,19.51,10.76,0.95,83.81,0.89,3.86,Meghalaya_Shillong
2017-11-27,1.62,20.29,10.08,0.84,86.63,0.88,4.0,Meghalaya_Shillong
2017-11-28,0.05,18.31,8.7,0.9,82.77,0.88,3.16,Meghalaya_Shillong
2017-11-29,0.0,18.87,9.55,0.65,81.08,0.88,3.44,Meghalaya_Shillong
2017-11-30,0.0,19.49,10.69,0.58,77.66,0.88,3.83,Meghalaya_Shillong
2017-12-01,0.0,20.08,10.4,0.65,75.41,0.87,3.85,Meghalaya_Shillong
2017-12-02,0.0,19.92,8.78,0.8,78.66,0.87,4.03,Meghalaya_Shillong
2017-12-03,0.0,19.34,9.03,0.68,81.59,0.87,3.83,Meghalaya_Shillong
2017-12-04,0.0,19.31,8.54,0.75,80.9,0.87,3.45,Meghalaya_Shillong
2017-12-05,0.0,19.81,8.75,0.75,80.88,0.86,3.73,Meghalaya_Shillong
2017-12-06,0.0,19.71,9.0,0.74,85.65,0.86,3.54,Meghalaya_Shillong
2017-12-07,0.0,20.91,9.38,0.96,81.29,0.86,4.14,Meghalaya_Shillong
2017-12-08,0.21,20.33,11.57,1.05,77.09,0.86,3.67,Meghalaya_Shillong
2017-12-09,9.36,21.39,12.64,0.78,80.79,0.86,1.63,Meghalaya_Shillong
2017-12-10,23.64,19.91,14.21,0.87,91.15,0.88,1.3,Meghalaya_Shillong
2017-12-11,9.26,18.34,14.15,0.76,96.07,0.89,0.3,Meghalaya_Shillong
2017-12-12,0.35,20.97,11.28,0.95,87.8,0.89,3.05,Meghalaya_Shillong
2017-12-13,0.0,19.39,8.88,1.01,86.05,0.88,3.04,Meghalaya_Shillong
2017-12-14,0.0,19.19,10.13,1.03,82.53,0.88,2.95,Meghalaya_Shillong
2017-12-15,0.0,20.37,8.67,0.81,72.31,0.87,4.2,Meghalaya_Shillong
2017-12-16,0.0,19.22,7.83,0.96,87.04,0.87,2.79,Meghalaya_Shillong
2017-12-17,0.0,19.5,8.51,0.78,86.55,0.87,3.14,Meghalaya_Shillong
2017-12-18,0.0,18.93,8.6,0.75,86.2,0.86,2.92,Meghalaya_Shillong
2017-12-19,0.0,18.4,7.22,0.96,88.08,0.86,2.25,Meghalaya_Shillong
2017-12-20,0.0,18.68,9.56,1.16,91.03,0.86,2.15,Meghalaya_Shillong
2017-12-21,0.0,17.55,8.42,0.95,88.28,0.86,1.6,Meghalaya_Shillong
2017-12-22,0.0,18.08,9.73,0.86,91.22,0.86,1.82,Meghalaya_Shillong
2017-12-23,0.0,18.31,9.92,0.59,85.86,0.86,2.66,Meghalaya_Shillong
2017-12-24,0.0,19.75,8.97,0.72,86.99,0.86,2.94,Meghalaya_Shillong
2017-12-25,0.0,20.24,10.39,0.58,86.44,0.85,3.55,Meghalaya_Shillong
2017-12-26,0.0,19.37,10.21,0.8,85.76,0.85,2.87,Meghalaya_Shillong
2017-12-27,0.0,20.97,7.22,0.97,79.57,0.85,3.74,Meghalaya_Shillong
2017-12-28,0.0,20.06,7.17,1.13,78.96,0.85,3.11,Meghalaya_Shillong
2017-12-29,0.0,19.79,11.02,0.69,68.69,0.85,3.56,Meghalaya_Shillong
2017-12-30,0.0,20.23,8.8,0.86,72.74,0.84,3.36,Meghalaya_Shillong
2017-12-31,0.0,20.36,11.73,0.69,78.1,0.84,3.12,Meghalaya_Shillong
2018-01-01,0.02,19.54,11.09,0.75,81.34,0.84,3.2,Meghalaya_Shillong
2018-01-02,0.46,16.76,8.63,0.76,84.49,0.84,0.82,Meghalaya_Shillong
2018-01-03,4.61,16.46,7.61,1.02,85.22,0.84,1.75,Meghalaya_Shillong
2018-01-04,0.05,16.11,2.5,1.04,85.77,0.84,1.92,Meghalaya_Shillong
2018-01-05,0.0,17.31,5.36,1.05,88.17,0.84,2.35,Meghalaya_Shillong
2018-01-06,0.0,16.0,6.18,1.08,82.34,0.84,2.18,Meghalaya_Shillong
2018-01-07,0.0,14.7,3.18,1.06,58.86,0.84,2.34,Meghalaya_Shillong
2018-01-08,0.0,14.7,1.06,1.04,72.37,0.83,2.07,Meghalaya_Shillong
2018-01-09,0.0,16.18,4.12,0.96,77.95,0.83,2.36,Meghalaya_Shillong
2018-01-10,0.0,16.69,3.79,0.9,85.11,0.83,2.44,Meghalaya_Shillong
2018-01-11,0.0,17.07,3.63,0.81,85.29,0.83,2.31,Meghalaya_Shillong
2018-01-12,0.0,17.39,4.62,1.07,85.82,0.83,2.37,Meghalaya_Shillong
2018-01-13,0.0,17.3,7.0,0.61,84.65,0.83,2.7,Meghalaya_Shillong
2018-01-14,0.0,17.55,7.16,0.77,86.45,0.83,2.23,Meghalaya_Shillong
2018-01-15,0.03,16.11,8.51,0.84,88.33,0.82,1.48,Meghalaya_Shillong
2018-01-16,0.0,18.31,5.4,0.85,85.59,0.82,2.3,Meghalaya_Shillong
2018-01-17,0.0,18.88,8.1,0.81,85.64,0.82,2.65,Meghalaya_Shillong
2018-01-18,0.0,19.4,8.25,0.8,81.98,0.82,2.96,Meghalaya_Shillong
2018-01-19,0.0,19.02,7.52,0.91,86.27,0.82,2.53,Meghalaya_Shillong
2018-01-20,0.0,18.14,9.01,0.83,87.63,0.82,2.35,Meghalaya_Shillong
2018-01-21,0.0,20.72,6.65,0.8,79.79,0.82,3.15,Meghalaya_Shillong
2018-01-22,0.0,18.88,7.04,0.92,85.16,0.81,2.45,Meghalaya_Shillong
2018-01-23,0.0,19.45,8.86,0.96,86.39,0.81,2.86,Meghalaya_Shillong
2018-01-24,0.0,18.87,7.65,0.94,83.24,0.81,2.67,Meghalaya_Shillong
2018-01-25,0.0,16.81,6.71,1.37,73.72,0.81,2.37,Meghalaya_Shillong
2018-01-26,0.0,16.78,4.87,1.23,71.17,0.81,2.6,Meghalaya_Shillong
2018-01-27,0.0,15.07,3.17,1.48,76.18,0.81,2.2,Meghalaya_Shillong
2018-01-28,0.0,15.51,2.42,1.04,64.83,0.8,2.49,Meghalaya_Shillong
2018-01-29,0.0,16.18,4.93,1.05,59.64,0.8,2.51,Meghalaya_Shillong
2018-01-30,0.0,15.58,4.04,1.2,70.15,0.8,2.07,Meghalaya_Shillong
2018-01-31,0.0,17.56,6.46,0.62,70.57,0.8,2.35,Meghalaya_Shillong
2018-02-01,0.0,16.71,8.08,1.0,79.04,0.8,1.95,Meghalaya_Shillong
2018-02-02,0.0,17.37,7.42,0.95,87.73,0.8,2.02,Meghalaya_Shillong
2018-02-03,0.0,17.07,9.81,1.18,86.19,0.8,1.8,Meghalaya_Shillong
2018-02-04,0.0,17.01,6.2,1.8,86.85,0.8,2.0,Meghalaya_Shillong
2018-02-05,0.0,19.32,8.83,1.05,73.48,0.79,2.97,Meghalaya_Shillong
2018-02-06,0.0,18.75,7.75,1.47,84.06,0.79,2.78,Meghalaya_Shillong
2018-02-07,0.0,18.55,8.11,1.59,74.06,0.79,2.89,Meghalaya_Shillong
2018-02-08,0.0,16.74,6.43,1.78,76.32,0.79,1.85,Meghalaya_Shillong
2018-02-09,0.0,17.78,6.12,1.92,73.0,0.79,2.74,Meghalaya_Shillong
2018-02-10,0.0,17.87,7.16,1.66,69.33,0.79,2.17,Meghalaya_Shillong
2018-02-11,0.0,17.88,7.24,1.13,54.41,0.79,2.19,Meghalaya_Shillong
2018-02-12,0.0,22.26,8.55,1.04,57.04,0.78,3.97,Meghalaya_Shillong
2018-02-13,0.0,22.22,10.4,1.1,62.26,0.78,4.02,Meghalaya_Shillong
2018-02-14,0.23,20.01,8.52,1.72,75.66,0.78,2.95,Meghalaya_Shillong
2018-02-15,0.07,20.47,6.53,1.12,77.19,0.78,3.49,Meghalaya_Shillong
2018-02-16,0.0,20.81,7.23,1.14,78.05,0.78,3.63,Meghalaya_Shillong
2018-02-17,0.0,19.89,8.16,1.27,67.99,0.77,3.5,Meghalaya_Shillong
2018-02-18,0.0,19.67,7.19,1.58,71.37,0.77,3.26,Meghalaya_Shillong
2018-02-19,0.0,20.15,8.29,1.35,72.44,0.77,3.64,Meghalaya_Shillong
2018-02-20,0.0,22.91,9.16,0.86,66.38,0.77,3.67,Meghalaya_Shillong
2018-02-21,0.0,20.72,9.29,1.22,71.66,0.77,3.84,Meghalaya_Shillong
2018-02-22,0.0,20.79,9.17,1.17,65.62,0.76,4.01,Meghalaya_Shillong
2018-02-23,1.57,20.05,9.09,1.41,71.84,0.76,3.07,Meghalaya_Shillong
2018-02-24,4.33,21.86,11.65,0.92,67.01,0.77,3.38,Meghalaya_Shillong
2018-02-25,0.8,22.27,12.08,1.35,71.73,0.77,3.76,Meghalaya_Shillong
2018-02-26,19.63,20.22,11.14,1.38,81.77,0.79,2.08,Meghalaya_Shillong
2018-02-27,0.9,21.51,9.36,1.01,70.32,0.79,3.45,Meghalaya_Shillong
2018-02-28,0.0,21.96,11.06,1.07,81.8,0.78,3.81,Meghalaya_Shillong
2018-03-01,0.0,21.83,11.14,1.12,81.28,0.78,3.95,Meghalaya_Shillong
2018-03-02,3.72,21.42,10.63,1.21,83.0,0.77,3.06,Meghalaya_Shillong
2018-03-03,1.02,20.44,10.75,1.99,78.25,0.78,3.04,Meghalaya_Shillong
2018-03-04,0.01,21.45,10.03,1.76,78.43,0.77,3.74,Meghalaya_Shillong
2018-03-05,1.36,22.35,11.92,1.59,74.4,0.77,3.77,Meghalaya_Shillong
2018-03-06,0.0,21.54,10.06,2.1,67.61,0.77,4.14,Meghalaya_Shillong
2018-03-07,0.0,22.18,9.3,1.19,53.37,0.76,5.28,Meghalaya_Shillong
2018-03-08,0.0,23.07,10.71,1.21,59.69,0.76,4.74,Meghalaya_Shillong
2018-03-09,0.0,22.68,12.95,1.11,62.93,0.75,4.44,Meghalaya_Shillong
2018-03-10,0.0,22.2,9.61,1.51,61.05,0.75,4.98,Meghalaya_Shillong
2018-03-11,3.01,22.09,10.85,1.34,55.66,0.75,4.58,Meghalaya_Shillong
2018-03-12,1.24,21.38,10.43,1.39,62.43,0.75,4.12,Meghalaya_Shillong
2018-03-13,0.67,21.08,13.46,1.06,64.24,0.75,3.5,Meghalaya_Shillong
2018-03-14,0.0,23.54,13.2,0.88,66.67,0.75,4.56,Meghalaya_Shillong
2018-03-15,0.71,22.39,12.7,1.06,79.19,0.74,4.16,Meghalaya_Shillong
2018-03-16,7.12,21.17,11.75,2.29,86.55,0.75,2.77,Meghalaya_Shillong
2018-03-17,1.2,21.71,10.89,1.76,81.72,0.75,3.92,Meghalaya_Shillong
2018-03-18,0.48,21.84,10.84,1.68,72.3,0.75,4.46,Meghalaya_Shillong
2018-03-19,0.0,24.68,11.53,1.0,47.86,0.74,5.96,Meghalaya_Shillong
2018-03-20,0.0,23.91,14.25,0.99,52.28,0.74,5.66,Meghalaya_Shillong
2018-03-21,0.0,24.19,14.27,0.94,57.95,0.73,4.99,Meghalaya_Shillong
2018-03-22,0.14,24.5,13.94,1.23,64.08,0.73,5.52,Meghalaya_Shillong
2018-03-23,2.85,23.33,13.12,1.55,72.24,0.73,4.69,Meghalaya_Shillong
2018-03-24,0.01,24.26,13.85,1.27,71.2,0.73,5.3,Meghalaya_Shillong
2018-03-25,3.3,24.65,13.06,1.18,72.4,0.73,5.76,Meghalaya_Shillong
2018-03-26,7.83,23.75,12.51,1.49,76.81,0.73,4.91,Meghalaya_Shillong
2018-03-27,6.38,23.49,13.01,0.71,66.84,0.75,4.92,Meghalaya_Shillong
2018-03-28,1.01,23.96,13.36,0.99,71.06,0.74,4.69,Meghalaya_Shillong
2018-03-29,6.98,23.24,13.91,1.31,75.65,0.74,4.48,Meghalaya_Shillong
2018-03-30,12.75,22.5,12.84,1.34,80.73,0.76,3.55,Meghalaya_Shillong
2018-03-31,10.46,23.64,13.49,1.02,68.94,0.77,3.19,Meghalaya_Shillong
2018-04-01,0.08,24.81,12.1,1.08,67.08,0.76,4.73,Meghalaya_Shillong
2018-04-02,0.0,25.43,14.16,1.0,67.95,0.75,5.26,Meghalaya_Shillong
2018-04-03,1.91,25.38,14.1,0.88,72.11,0.75,5.35,Meghalaya_Shillong
2018-04-04,0.02,25.77,14.6,0.87,69.27,0.74,6.27,Meghalaya_Shillong
2018-04-05,19.35,23.75,14.41,1.35,77.71,0.75,3.75,Meghalaya_Shillong
2018-04-06,4.63,23.66,14.25,0.93,77.21,0.77,4.2,Meghalaya_Shillong
2018-04-07,4.63,24.07,12.92,0.95,80.73,0.76,3.64,Meghalaya_Shillong
2018-04-08,7.44,22.01,14.23,1.19,89.43,0.77,1.44,Meghalaya_Shillong
2018-04-09,17.05,23.12,12.9,1.35,86.92,0.77,3.74,Meghalaya_Shillong
2018-04-10,8.04,23.46,14.14,1.25,85.25,0.79,3.81,Meghalaya_Shillong
2018-04-11,17.87,22.93,13.01,1.48,86.5,0.79,3.43,Meghalaya_Shillong
2018-04-12,14.43,22.65,13.19,1.7,86.77,0.8,3.28,Meghalaya_Shillong
2018-04-13,9.54,22.89,12.54,1.77,86.0,0.8,3.78,Meghalaya_Shillong
2018-04-14,20.57,22.49,13.06,1.69,87.58,0.81,2.79,Meghalaya_Shillong
2018-04-15,0.91,24.39,14.19,1.27,77.52,0.8,5.09,Meghalaya_Shillong
2018-04-16,8.05,25.67,14.89,0.91,64.24,0.79,5.7,Meghalaya_Shillong
2018-04-17,3.16,24.63,16.0,0.82,71.99,0.79,3.95,Meghalaya_Shillong
2018-04-18,6.84,24.36,15.25,1.14,80.18,0.79,4.52,Meghalaya_Shillong
2018-04-19,8.68,22.8,14.69,1.52,88.3,0.79,3.33,Meghalaya_Shillong
2018-04-20,22.44,23.38,13.55,2.08,87.75,0.8,3.3,Meghalaya_Shillong
2018-04-21,35.8,23.57,18.13,3.16,91.33,0.84,2.71,Meghalaya_Shillong
2018-04-22,6.89,24.27,16.75,2.33,88.89,0.84,3.95,Meghalaya_Shillong
2018-04-23,2.44,24.94,14.61,1.38,80.57,0.82,5.3,Meghalaya_Shillong
2018-04-24,7.27,25.61,15.61,0.97,62.78,0.81,5.75,Meghalaya_Shillong
2018-04-25,0.43,26.0,15.96,1.2,61.56,0.8,6.26,Meghalaya_Shillong
2018-04-26,6.9,24.34,16.47,0.68,55.02,0.8,3.96,Meghalaya_Shillong
2018-04-27,5.17,21.93,16.69,0.72,71.04,0.81,1.98,Meghalaya_Shillong
2018-04-28,7.53,25.99,15.24,0.95,73.86,0.8,5.45,Meghalaya_Shillong
2018-04-29,53.2,20.99,16.03,1.47,91.61,0.85,0.74,Meghalaya_Shillong
2018-04-30,43.4,23.04,15.2,1.42,88.51,0.87,2.6,Meghalaya_Shillong
2018-05-01,15.05,23.24,14.22,1.06,82.09,0.89,2.64,Meghalaya_Shillong
2018-05-02,5.93,23.48,14.54,1.12,83.45,0.87,2.84,Meghalaya_Shillong
2018-05-03,10.87,22.9,14.8,1.0,83.55,0.87,2.89,Meghalaya_Shillong
2018-05-04,23.45,20.88,16.47,1.3,89.84,0.88,1.14,Meghalaya_Shillong
2018-05-05,18.41,22.84,15.77,1.81,90.78,0.89,2.08,Meghalaya_Shillong
2018-05-06,17.13,23.53,18.0,2.31,91.52,0.9,2.39,Meghalaya_Shillong
2018-05-07,25.9,23.95,18.75,3.08,90.59,0.91,2.65,Meghalaya_Shillong
2018-05-08,21.75,24.5,18.23,2.93,91.35,0.92,2.6,Meghalaya_Shillong
2018-05-09,35.72,23.95,18.59,2.62,92.91,0.93,1.82,Meghalaya_Shillong
2018-05-10,19.3,23.37,15.31,1.85,90.76,0.94,2.43,Meghalaya_Shillong
2018-05-11,6.48,23.72,16.22,1.09,81.59,0.93,3.06,Meghalaya_Shillong
2018-05-12,1.97,25.16,16.6,0.76,79.8,0.93,3.53,Meghalaya_Shillong
2018-05-13,1.84,24.09,16.49,0.96,80.74,0.92,3.55,Meghalaya_Shillong
2018-05-14,0.92,23.04,17.51,1.39,91.5,0.92,1.6,Meghalaya_Shillong
2018-05-15,2.69,22.76,17.7,1.51,90.74,0.92,2.25,Meghalaya_Shillong
2018-05-16,19.28,24.01,16.72,0.92,86.09,0.93,2.99,Meghalaya_Shillong
2018-05-17,5.26,23.62,16.66,1.1,84.7,0.92,3.4,Meghalaya_Shillong
2018-05-18,5.39,23.54,16.92,1.59,90.77,0.92,2.12,Meghalaya_Shillong
2018-05-19,5.49,24.14,17.42,1.6,91.29,0.92,2.09,Meghalaya_Shillong
2018-05-20,23.59,23.87,18.91,1.76,93.25,0.94,1.25,Meghalaya_Shillong
2018-05-21,8.52,25.08,18.81,1.4,91.72,0.94,2.08,Meghalaya_Shillong
2018-05-22,6.6,23.02,19.55,1.38,95.36,0.94,0.72,Meghalaya_Shillong
2018-05-23,3.74,25.07,19.07,1.72,90.07,0.94,2.73,Meghalaya_Shillong
2018-05-24,51.85,23.49,19.86,2.1,93.02,0.95,1.28,Meghalaya_Shillong
2018-05-25,50.74,24.18,19.68,2.82,92.97,0.98,1.5,Meghalaya_Shillong
2018-05-26,39.83,24.34,20.08,1.98,94.04,0.98,0.98,Meghalaya_Shillong
2018-05-27,36.56,24.85,19.37,1.34,91.72,0.99,1.85,Meghalaya_Shillong
2018-05-28,15.22,24.8,18.9,1.26,89.33,0.99,2.27,Meghalaya_Shillong
2018-05-29,3.43,26.32,15.9,0.97,77.53,0.98,3.69,Meghalaya_Shillong
2018-05-30,4.76,27.59,16.12,1.16,83.26,0.97,4.15,Meghalaya_Shillong
2018-05-31,21.14,25.38,17.81,1.49,90.55,0.98,1.83,Meghalaya_Shillong
2018-06-01,10.75,24.72,18.54,1.23,89.67,0.98,2.45,Meghalaya_Shillong
2018-06-02,12.54,25.14,18.18,0.82,85.79,0.98,2.18,Meghalaya_Shillong
2018-06-03,1.3,24.73,18.07,1.23,90.32,0.97,2.07,Meghalaya_Shillong
2018-06-04,3.28,25.0,18.63,0.81,87.77,0.97,1.81,Meghalaya_Shillong
2018-06-05,5.26,24.94,19.46,0.94,87.04,0.97,1.66,Meghalaya_Shillong
2018-06-06,9.84,27.89,18.72,0.98,86.96,0.97,3.35,Meghalaya_Shillong
2018-06-07,7.66,26.12,20.59,1.05,90.61,0.97,1.9,Meghalaya_Shillong
2018-06-08,0.49,26.16,19.01,0.75,89.73,0.97,1.94,Meghalaya_Shillong
2018-06-09,6.51,25.06,20.47,1.23,91.02,0.97,1.31,Meghalaya_Shillong
2018-06-10,7.26,26.69,19.79,2.36,89.12,0.96,2.79,Meghalaya_Shillong
2018-06-11,44.75,26.49,19.54,2.07,89.36,0.98,2.25,Meghalaya_Shillong
2018-06-12,54.44,26.56,20.96,2.18,91.96,0.98,1.64,Meghalaya_Shillong
2018-06-13,93.62,24.08,20.69,2.58,94.19,0.99,0.84,Meghalaya_Shillong
2018-06-14,64.89,24.79,21.09,3.07,95.13,1.0,0.76,Meghalaya_Shillong
2018-06-15,54.63,23.02,20.5,3.01,95.31,1.0,0.65,Meghalaya_Shillong
2018-06-16,19.81,23.3,19.4,2.42,94.23,1.0,0.84,Meghalaya_Shillong
2018-06-17,30.16,24.17,18.95,1.68,92.43,0.99,1.0,Meghalaya_Shillong
2018-06-18,17.64,25.92,19.07,1.59,90.17,0.99,1.82,Meghalaya_Shillong
2018-06-19,8.35,26.36,19.19,1.33,88.92,0.99,2.65,Meghalaya_Shillong
2018-06-20,0.78,26.58,19.29,1.27,88.01,0.99,3.05,Meghalaya_Shillong
2018-06-21,12.33,25.17,20.21,1.77,92.07,0.98,1.7,Meghalaya_Shillong
2018-06-22,40.5,25.09,19.99,1.89,92.26,0.99,1.64,Meghalaya_Shillong
2018-06-23,57.35,26.23,20.24,2.0,91.76,0.99,1.9,Meghalaya_Shillong
2018-06-24,47.23,25.61,20.71,2.25,93.29,1.0,1.29,Meghalaya_Shillong
2018-06-25,28.14,26.2,20.31,1.98,92.31,0.99,1.74,Meghalaya_Shillong
2018-06-26,16.75,24.64,21.13,1.58,91.59,0.99,1.08,Meghalaya_Shillong
2018-06-27,11.48,24.42,20.02,1.73,91.15,0.99,1.7,Meghalaya_Shillong
2018-06-28,8.26,23.9,20.01,1.6,94.25,0.99,1.04,Meghalaya_Shillong
2018-06-29,16.48,25.2,19.66,2.2,91.78,0.99,1.96,Meghalaya_Shillong
2018-06-30,43.54,22.77,19.63,2.69,96.13,1.0,0.46,Meghalaya_Shillong
2018-07-01,35.44,23.45,20.58,2.73,96.16,1.0,0.48,Meghalaya_Shillong
2018-07-02,44.29,24.13,20.65,3.91,95.18,1.0,0.8,Meghalaya_Shillong
2018-07-03,65.5,23.37,21.11,3.65,96.49,1.0,0.43,Meghalaya_Shillong
2018-07-04,77.94,24.09,20.79,3.7,95.6,1.0,0.63,Meghalaya_Shillong
2018-07-05,12.45,25.81,20.13,2.11,92.6,1.0,1.48,Meghalaya_Shillong
2018-07-06,3.49,27.22,20.18,1.25,90.46,0.99,2.35,Meghalaya_Shillong
2018-07-07,6.38,24.52,20.09,1.18,92.18,0.99,1.06,Meghalaya_Shillong
2018-07-08,10.03,26.34,19.67,1.83,91.14,0.99,2.34,Meghalaya_Shillong
2018-07-09,3.42,26.69,20.47,1.91,90.95,0.99,2.55,Meghalaya_Shillong
2018-07-10,8.98,26.0,20.38,1.69,91.17,0.99,2.36,Meghalaya_Shillong
2018-07-11,9.42,26.57,20.46,1.21,90.83,0.99,2.23,Meghalaya_Shillong
2018-07-12,7.92,23.64,19.74,1.11,93.2,0.99,0.77,Meghalaya_Shillong
2018-07-13,9.91,26.27,19.08,0.66,90.37,0.99,1.22,Meghalaya_Shillong
2018-07-14,18.77,27.59,20.57,1.02,88.38,0.99,2.23,Meghalaya_Shillong
2018-07-15,16.9,27.38,20.55,1.11,87.5,0.99,2.68,Meghalaya_Shillong
2018-07-16,11.48,26.34,21.43,1.41,92.09,0.99,1.73,Meghalaya_Shillong
2018-07-17,9.62,25.7,20.47,1.8,91.99,0.99,1.65,Meghalaya_Shillong
2018-07-18,8.07,26.5,19.99,0.67,88.74,0.99,1.9,Meghalaya_Shillong
2018-07-19,2.1,28.22,20.4,1.14,87.87,0.98,2.9,Meghalaya_Shillong
2018-07-20,7.31,28.45,22.07,1.28,89.56,0.98,2.05,Meghalaya_Shillong
2018-07-21,19.36,25.38,20.32,1.63,91.01,0.99,1.51,Meghalaya_Shillong
2018-07-22,30.97,23.21,20.01,1.72,93.99,0.99,0.93,Meghalaya_Shillong
2018-07-23,27.13,24.81,19.47,2.08,92.8,0.99,1.59,Meghalaya_Shillong
2018-07-24,21.36,23.32,20.88,1.99,94.6,1.0,0.88,Meghalaya_Shillong
2018-07-25,29.26,25.11,20.19,1.55,93.64,1.0,1.17,Meghalaya_Shillong
2018-07-26,30.79,25.76,19.92,1.77,92.41,1.0,1.65,Meghalaya_Shillong
2018-07-27,40.25,25.77,19.59,1.89,91.35,1.0,1.84,Meghalaya_Shillong
2018-07-28,45.78,25.89,20.98,2.02,93.11,1.0,1.36,Meghalaya_Shillong
2018-07-29,29.58,24.44,20.37,1.54,93.5,1.0,0.99,Meghalaya_Shillong
2018-07-30,12.13,23.94,20.81,1.91,95.42,1.0,0.64,Meghalaya_Shillong
2018-07-31,14.06,24.89,19.61,1.7,92.66,1.0,1.46,Meghalaya_Shillong
2018-08-01,26.92,23.82,19.52,1.66,93.84,1.0,0.87,Meghalaya_Shillong
2018-08-02,29.49,23.94,19.6,2.98,95.22,1.0,0.76,Meghalaya_Shillong
2018-08-03,9.96,24.46,19.72,2.4,92.97,1.0,1.44,Meghalaya_Shillong
2018-08-04,13.25,25.87,20.19,1.91,92.59,1.0,1.59,Meghalaya_Shillong
2018-08-05,5.7,26.77,20.95,0.84,91.2,0.99,1.61,Meghalaya_Shillong
2018-08-06,2.04,24.54,20.97,1.33,92.84,0.99,0.98,Meghalaya_Shillong
2018-08-07,11.8,27.06,19.78,1.24,88.34,0.99,2.66,Meghalaya_Shillong
2018-08-08,9.67,24.55,20.12,0.92,93.91,0.99,0.82,Meghalaya_Shillong
2018-08-09,5.16,25.3,19.59,1.1,91.26,0.99,1.72,Meghalaya_Shillong
2018-08-10,3.7,26.65,19.35,1.14,90.77,0.99,2.41,Meghalaya_Shillong
2018-08-11,13.99,25.55,19.21,1.55,93.4,0.99,1.53,Meghalaya_Shillong
2018-08-12,27.95,23.97,20.18,1.42,93.39,0.99,0.91,Meghalaya_Shillong
2018-08-13,8.61,25.19,19.08,0.8,92.66,1.0,0.89,Meghalaya_Shillong
2018-08-14,3.66,25.64,20.14,1.12,92.98,0.99,1.04,Meghalaya_Shillong
2018-08-15,35.4,26.69,20.2,1.37,90.25,0.99,1.69,Meghalaya_Shillong
2018-08-16,29.18,27.04,20.54,0.83,89.65,1.0,2.07,Meghalaya_Shillong
2018-08-17,4.65,26.46,20.82,1.04,90.05,0.99,1.65,Meghalaya_Shillong
2018-08-18,0.72,27.24,20.6,1.06,86.99,0.99,2.18,Meghalaya_Shillong
2018-08-19,4.26,28.13,20.15,1.38,88.1,0.99,3.14,Meghalaya_Shillong
2018-08-20,4.05,27.81,21.7,1.06,88.4,0.98,2.46,Meghalaya_Shillong
2018-08-21,20.07,24.66,20.7,2.07,93.13,0.98,1.57,Meghalaya_Shillong
2018-08-22,19.7,24.56,20.71,1.77,93.29,0.99,1.36,Meghalaya_Shillong
2018-08-23,11.41,26.94,20.12,1.17,90.49,0.99,2.84,Meghalaya_Shillong
2018-08-24,73.49,23.58,20.25,1.67,96.66,1.0,0.42,Meghalaya_Shillong
2018-08-25,33.21,24.0,20.12,1.19,93.56,1.0,0.72,Meghalaya_Shillong
2018-08-26,14.57,25.72,19.22,0.93,91.16,1.0,1.27,Meghalaya_Shillong
2018-08-27,17.45,23.51,19.89,1.3,92.19,1.0,0.81,Meghalaya_Shillong
2018-08-28,32.57,23.96,18.65,1.11,94.13,1.0,0.65,Meghalaya_Shillong
2018-08-29,9.81,25.1,20.54,2.11,94.16,1.0,1.28,Meghalaya_Shillong
2018-08-30,8.93,25.85,19.64,1.39,91.28,1.0,2.38,Meghalaya_Shillong
2018-08-31,20.1,26.57,19.86,1.13,91.6,1.0,1.97,Meghalaya_Shillong
2018-09-01,34.83,24.98,20.11,1.41,91.49,1.0,1.27,Meghalaya_Shillong
2018-09-02,31.02,25.15,19.31,2.25,92.77,1.0,1.81,Meghalaya_Shillong
2018-09-03,19.23,25.08,19.25,1.46,93.26,1.0,1.63,Meghalaya_Shillong
2018-09-04,16.89,27.78,20.97,0.83,89.52,1.0,2.65,Meghalaya_Shillong
2018-09-05,44.06,27.19,20.01,1.02,92.41,1.0,1.54,Meghalaya_Shillong
2018-09-06,5.64,26.57,19.44,1.59,90.18,1.0,2.59,Meghalaya_Shillong
2018-09-07,2.36,25.32,18.83,1.61,91.04,0.99,2.71,Meghalaya_Shillong
2018-09-08,8.06,25.33,19.03,1.85,91.91,0.99,2.5,Meghalaya_Shillong
2018-09-09,33.91,25.06,19.79,1.78,93.39,0.99,1.71,Meghalaya_Shillong
2018-09-10,54.9,23.7,19.29,1.81,94.53,1.0,1.1,Meghalaya_Shillong
2018-09-11,35.46,23.89,19.6,2.68,94.26,1.0,1.42,Meghalaya_Shillong
2018-09-12,39.14,23.15,20.49,2.88,95.53,1.0,0.85,Meghalaya_Shillong
2018-09-13,31.65,23.6,19.19,2.16,95.14,1.0,0.83,Meghalaya_Shillong
2018-09-14,19.3,23.04,19.28,1.46,96.34,1.0,0.47,Meghalaya_Shillong
2018-09-15,3.63,26.45,19.68,0.42,83.67,1.0,3.36,Meghalaya_Shillong
2018-09-16,1.14,26.36,18.59,0.75,86.9,0.99,2.81,Meghalaya_Shillong
2018-09-17,1.82,27.1,19.87,0.68,86.5,0.99,3.64,Meghalaya_Shillong
2018-09-18,0.42,26.76,19.75,0.78,88.55,0.99,2.25,Meghalaya_Shillong
2018-09-19,0.54,25.11,20.33,1.0,92.14,0.99,1.48,Meghalaya_Shillong
2018-09-20,2.16,25.22,19.23,0.81,90.47,0.99,1.31,Meghalaya_Shillong
2018-09-21,5.87,23.04,18.64,1.11,94.09,0.99,0.78,Meghalaya_Shillong
2018-09-22,0.52,25.15,18.32,1.11,90.35,0.99,3.06,Meghalaya_Shillong
2018-09-23,0.22,25.68,18.63,1.17,89.19,0.98,3.77,Meghalaya_Shillong
2018-09-24,6.94,23.65,18.62,1.56,92.98,0.98,1.94,Meghalaya_Shillong
2018-09-25,8.59,24.45,19.11,2.05,93.87,0.98,1.94,Meghalaya_Shillong
2018-09-26,6.24,24.86,18.49,1.52,92.59,0.98,2.57,Meghalaya_Shillong
2018-09-27,2.65,25.24,17.59,1.19,89.14,0.98,3.69,Meghalaya_Shillong
2018-09-28,0.33,25.42,16.76,0.92,85.83,0.97,3.65,Meghalaya_Shillong
2018-09-29,1.44,25.03,18.52,1.0,88.33,0.97,3.14,Meghalaya_Shillong
2018-09-30,2.94,25.36,17.94,1.12,88.96,0.96,3.61,Meghalaya_Shillong
2018-10-01,0.88,25.3,16.91,1.13,83.81,0.96,4.45,Meghalaya_Shillong
2018-10-02,1.84,24.63,16.57,1.16,87.68,0.96,3.85,Meghalaya_Shillong
2018-10-03,1.02,24.25,16.68,0.85,83.25,0.95,4.46,Meghalaya_Shillong
2018-10-04,0.42,24.97,15.65,0.92,81.93,0.95,5.13,Meghalaya_Shillong
2018-10-05,0.16,25.42,15.82,0.85,82.57,0.94,5.63,Meghalaya_Shillong
2018-10-06,0.97,23.86,16.37,0.66,84.01,0.93,4.87,Meghalaya_Shillong
2018-10-07,0.19,24.79,16.06,0.69,80.27,0.93,5.95,Meghalaya_Shillong
2018-10-08,0.96,23.61,14.33,1.09,85.52,0.93,4.8,Meghalaya_Shillong
2018-10-09,0.79,23.59,14.05,0.79,79.89,0.92,5.21,Meghalaya_Shillong
2018-10-10,7.21,20.07,13.12,1.08,91.7,0.92,1.19,Meghalaya_Shillong
2018-10-11,8.49,20.82,15.81,1.03,92.32,0.93,1.04,Meghalaya_Shillong
2018-10-12,7.95,22.49,15.21,0.85,87.2,0.93,3.07,Meghalaya_Shillong
2018-10-13,20.14,20.65,15.5,1.33,94.67,0.94,1.15,Meghalaya_Shillong
2018-10-14,12.5,24.46,14.29,0.87,85.15,0.95,4.37,Meghalaya_Shillong
2018-10-15,1.61,22.46,11.21,1.14,87.2,0.95,4.07,Meghalaya_Shillong
2018-10-16,0.01,22.34,11.47,0.76,79.29,0.94,5.66,Meghalaya_Shillong
2018-10-17,0.06,22.42,12.03,0.77,82.25,0.93,5.23,Meghalaya_Shillong
2018-10-18,0.05,22.19,13.1,0.96,87.68,0.93,4.1,Meghalaya_Shillong
2018-10-19,0.0,22.7,13.2,0.7,80.47,0.92,5.3,Meghalaya_Shillong
2018-10-20,0.0,23.4,13.77,0.71,79.61,0.92,5.66,Meghalaya_Shillong
2018-10-21,0.0,23.36,13.62,0.87,80.39,0.91,4.89,Meghalaya_Shillong
2018-10-22,0.0,23.51,14.0,0.96,79.36,0.91,5.43,Meghalaya_Shillong
2018-10-23,0.0,23.36,13.36,0.63,77.78,0.91,6.04,Meghalaya_Shillong
2018-10-24,0.06,23.07,13.36,0.69,82.24,0.9,5.61,Meghalaya_Shillong
2018-10-25,0.0,22.37,14.16,0.99,83.0,0.9,4.61,Meghalaya_Shillong
2018-10-26,0.0,22.83,13.45,0.93,79.51,0.89,5.19,Meghalaya_Shillong
2018-10-27,2.87,23.15,13.6,1.07,86.78,0.89,4.35,Meghalaya_Shillong
2018-10-28,2.46,22.78,15.4,0.87,81.45,0.89,3.38,Meghalaya_Shillong
2018-10-29,0.01,21.8,13.28,1.01,76.74,0.89,3.96,Meghalaya_Shillong
2018-10-30,0.01,22.23,11.7,1.13,88.61,0.89,3.32,Meghalaya_Shillong
2018-10-31,0.9,22.53,14.02,1.16,85.32,0.88,3.81,Meghalaya_Shillong
2018-11-01,0.0,23.25,14.49,0.81,84.52,0.88,4.85,Meghalaya_Shillong
2018-11-02,0.94,22.17,14.4,0.85,85.0,0.88,4.35,Meghalaya_Shillong
2018-11-03,1.71,21.28,13.72,0.98,88.33,0.87,4.07,Meghalaya_Shillong
2018-11-04,2.2,20.0,11.72,1.49,91.81,0.87,2.77,Meghalaya_Shillong
2018-11-05,2.38,19.87,12.64,1.48,92.38,0.87,2.46,Meghalaya_Shillong
2018-11-06,2.35,20.03,11.4,1.6,91.63,0.87,2.48,Meghalaya_Shillong
2018-11-07,0.0,20.31,9.44,1.22,77.06,0.87,4.18,Meghalaya_Shillong
2018-11-08,0.0,21.18,10.07,0.88,75.57,0.87,4.77,Meghalaya_Shillong
2018-11-09,0.0,20.48,11.62,0.81,81.89,0.86,4.56,Meghalaya_Shillong
2018-11-10,0.0,20.65,10.43,0.86,79.78,0.86,4.6,Meghalaya_Shillong
2018-11-11,0.0,20.89,11.92,0.65,76.35,0.86,4.81,Meghalaya_Shillong
2018-11-12,0.0,21.44,12.03,0.7,75.97,0.85,5.85,Meghalaya_Shillong
2018-11-13,0.0,21.22,10.49,0.85,84.96,0.85,5.3,Meghalaya_Shillong
2018-11-14,0.01,20.44,9.78,0.95,84.77,0.85,4.69,Meghalaya_Shillong
2018-11-15,0.14,19.92,10.35,1.2,85.87,0.85,3.39,Meghalaya_Shillong
2018-11-16,0.03,19.62,9.29,1.4,88.09,0.84,3.41,Meghalaya_Shillong
2018-11-17,0.08,18.25,10.5,1.47,91.03,0.84,2.3,Meghalaya_Shillong
2018-11-18,0.0,19.49,9.83,0.88,62.67,0.84,4.48,Meghalaya_Shillong
2018-11-19,0.0,19.58,9.73,0.82,74.36,0.84,4.15,Meghalaya_Shillong
2018-11-20,0.0,19.47,9.46,0.87,77.12,0.84,4.19,Meghalaya_Shillong
2018-11-21,0.0,19.89,8.05,0.85,81.71,0.83,3.95,Meghalaya_Shillong
2018-11-22,0.0,20.24,8.72,0.98,82.68,0.83,3.83,Meghalaya_Shillong
2018-11-23,0.0,19.53,11.17,0.63,80.42,0.83,3.94,Meghalaya_Shillong
2018-11-24,0.0,20.4,9.33,0.93,84.96,0.83,4.17,Meghalaya_Shillong
2018-11-25,0.0,20.9,8.8,1.11,85.13,0.83,4.3,Meghalaya_Shillong
2018-11-26,0.0,20.36,9.01,1.04,80.35,0.82,4.13,Meghalaya_Shillong
2018-11-27,0.0,21.37,10.01,1.04,78.43,0.82,4.33,Meghalaya_Shillong
2018-11-28,0.0,20.78,7.73,0.86,75.23,0.82,4.42,Meghalaya_Shillong
2018-11-29,0.0,20.12,9.69,0.9,72.41,0.82,4.22,Meghalaya_Shillong
2018-11-30,0.0,20.34,9.08,0.61,70.78,0.82,5.3,Meghalaya_Shillong
2018-12-01,0.0,18.37,9.47,0.75,76.26,0.81,4.11,Meghalaya_Shillong
2018-12-02,0.0,18.87,8.73,0.8,81.93,0.81,3.92,Meghalaya_Shillong
2018-12-03,0.0,18.5,8.06,0.67,80.81,0.81,3.99,Meghalaya_Shillong
2018-12-04,0.0,19.06,7.92,0.8,81.87,0.81,3.61,Meghalaya_Shillong
2018-12-05,0.0,18.18,10.37,0.46,75.6,0.81,2.1,Meghalaya_Shillong
2018-12-06,0.0,18.29,9.63,0.79,82.69,0.81,2.73,Meghalaya_Shillong
2018-12-07,0.0,19.2,8.69,0.72,83.8,0.81,3.92,Meghalaya_Shillong
2018-12-08,0.0,17.98,7.58,0.81,79.01,0.81,3.33,Meghalaya_Shillong
2018-12-09,0.0,18.26,7.79,0.84,80.68,0.8,3.43,Meghalaya_Shillong
2018-12-10,0.0,18.58,7.73,0.85,75.99,0.8,3.67,Meghalaya_Shillong
2018-12-11,0.0,19.69,8.09,0.99,71.15,0.8,3.52,Meghalaya_Shillong
2018-12-12,0.0,19.76,10.12,0.58,65.02,0.8,3.88,Meghalaya_Shillong
2018-12-13,0.0,19.22,10.61,0.99,68.2,0.8,3.47,Meghalaya_Shillong
2018-12-14,0.0,18.93,8.43,1.06,81.99,0.8,3.38,Meghalaya_Shillong
2018-12-15,0.0,20.15,8.38,0.87,72.39,0.79,3.93,Meghalaya_Shillong
2018-12-16,0.0,19.59,10.13,0.98,65.96,0.79,3.29,Meghalaya_Shillong
2018-12-17,0.52,18.37,10.57,0.87,76.71,0.79,1.57,Meghalaya_Shillong
2018-12-18,23.15,14.54,10.97,1.08,95.87,0.81,0.17,Meghalaya_Shillong
2018-12-19,0.28,19.46,9.19,0.79,88.01,0.82,2.97,Meghalaya_Shillong
2018-12-20,0.0,17.89,7.72,0.87,87.2,0.81,2.89,Meghalaya_Shillong
2018-12-21,0.0,17.66,7.77,0.7,88.08,0.81,3.27,Meghalaya_Shillong
2018-12-22,0.0,17.66,7.79,0.83,81.68,0.8,2.85,Meghalaya_Shillong
2018-12-23,0.0,18.07,7.22,0.84,74.46,0.8,3.28,Meghalaya_Shillong
2018-12-24,0.0,18.38,8.45,0.68,75.7,0.8,3.69,Meghalaya_Shillong
2018-12-25,0.0,16.94,6.6,0.86,87.51,0.8,2.58,Meghalaya_Shillong
2018-12-26,0.0,16.92,4.53,0.81,81.14,0.8,2.69,Meghalaya_Shillong
2018-12-27,0.0,16.66,6.17,0.85,80.56,0.79,2.79,Meghalaya_Shillong
2018-12-28,0.14,15.35,5.19,1.07,77.53,0.79,2.33,Meghalaya_Shillong
2018-12-29,0.0,15.8,3.39,1.2,69.07,0.79,2.5,Meghalaya_Shillong
2018-12-30,0.0,17.81,2.71,1.36,71.11,0.79,3.18,Meghalaya_Shillong
2018-12-31,0.0,18.32,7.4,0.63,49.57,0.79,3.43,Meghalaya_Shillong
2019-01-01,0.0,17.4,5.93,0.76,62.39,0.79,3.31,Meghalaya_Shillong
2019-01-02,0.0,17.22,5.5,0.9,71.48,0.79,3.04,Meghalaya_Shillong
2019-01-03,0.0,16.23,5.95,1.26,80.2,0.78,2.41,Meghalaya_Shillong
2019-01-04,0.0,16.19,4.04,0.97,72.23,0.78,2.68,Meghalaya_Shillong
2019-01-05,0.0,17.09,2.68,1.03,72.83,0.78,2.97,Meghalaya_Shillong
2019-01-06,0.0,19.05,7.16,0.93,64.59,0.78,3.3,Meghalaya_Shillong
2019-01-07,0.0,19.35,8.85,1.06,64.39,0.78,3.43,Meghalaya_Shillong
2019-01-08,0.0,18.07,5.25,1.32,72.76,0.78,2.93,Meghalaya_Shillong
2019-01-09,0.01,17.23,6.53,0.97,71.38,0.78,2.68,Meghalaya_Shillong
2019-01-10,0.08,16.42,5.67,0.79,73.26,0.78,2.33,Meghalaya_Shillong
2019-01-11,0.0,16.64,4.62,1.17,79.69,0.78,2.36,Meghalaya_Shillong
2019-01-12,0.0,17.73,7.07,0.65,62.07,0.77,3.07,Meghalaya_Shillong
2019-01-13,0.0,18.24,7.78,1.0,63.94,0.77,3.16,Meghalaya_Shillong
2019-01-14,0.0,18.15,5.8,1.07,76.09,0.77,2.99,Meghalaya_Shillong
2019-01-15,0.0,17.55,4.73,0.94,68.34,0.77,2.93,Meghalaya_Shillong
2019-01-16,0.0,18.16,4.48,1.26,76.29,0.77,2.89,Meghalaya_Shillong
2019-01-17,0.0,18.87,8.04,1.07,68.71,0.77,3.2,Meghalaya_Shillong
2019-01-18,0.0,17.56,6.43,1.15,74.72,0.77,2.69,Meghalaya_Shillong
2019-01-19,0.0,17.87,4.47,1.02,77.42,0.77,2.83,Meghalaya_Shillong
2019-01-20,0.0,17.94,5.41,0.9,79.43,0.76,2.72,Meghalaya_Shillong
2019-01-21,0.0,18.62,7.23,0.86,72.43,0.76,3.13,Meghalaya_Shillong
2019-01-22,0.0,19.59,8.55,0.87,73.08,0.76,3.31,Meghalaya_Shillong
2019-01-23,0.0,19.97,8.03,0.96,73.04,0.76,3.57,Meghalaya_Shillong
2019-01-24,0.0,20.03,8.05,1.01,68.84,0.76,3.47,Meghalaya_Shillong
2019-01-25,0.0,20.31,7.54,0.92,63.87,0.76,3.69,Meghalaya_Shillong
2019-01-26,0.0,20.64,10.31,1.05,63.04,0.76,3.72,Meghalaya_Shillong
2019-01-27,0.0,20.62,9.79,1.16,64.41,0.75,3.9,Meghalaya_Shillong
2019-01-28,0.0,19.85,8.13,1.24,70.39,0.75,3.43,Meghalaya_Shillong
2019-01-29,0.19,18.33,5.22,1.2,76.98,0.75,2.69,Meghalaya_Shillong
2019-01-30,0.0,17.91,3.12,1.02,61.59,0.75,3.36,Meghalaya_Shillong
2019-01-31,0.0,19.37,3.0,1.1,65.59,0.75,3.42,Meghalaya_Shillong
2019-02-01,0.0,19.95,8.32,1.03,57.97,0.75,3.44,Meghalaya_Shillong
2019-02-02,0.0,19.05,7.5,1.36,64.73,0.75,3.44,Meghalaya_Shillong
2019-02-03,0.0,19.04,5.69,1.14,67.0,0.74,3.6,Meghalaya_Shillong
2019-02-04,0.0,18.87,4.48,1.26,61.95,0.74,3.38,Meghalaya_Shillong
2019-02-05,0.0,19.51,6.98,1.08,63.32,0.74,3.29,Meghalaya_Shillong
2019-02-06,0.0,18.89,6.64,0.89,64.28,0.74,3.33,Meghalaya_Shillong
2019-02-07,0.0,20.8,6.74,1.04,61.94,0.74,3.76,Meghalaya_Shillong
2019-02-08,0.03,21.17,10.51,0.97,64.66,0.74,3.22,Meghalaya_Shillong
2019-02-09,3.66,19.03,10.04,1.46,80.56,0.74,1.75,Meghalaya_Shillong
2019-02-10,0.02,18.59,5.24,1.04,64.98,0.74,3.96,Meghalaya_Shillong
2019-02-11,0.0,19.67,2.76,0.84,66.71,0.74,3.84,Meghalaya_Shillong
2019-02-12,0.0,20.38,7.92,0.97,63.21,0.73,3.72,Meghalaya_Shillong
2019-02-13,0.0,21.49,9.47,1.02,64.49,0.73,4.21,Meghalaya_Shillong
2019-02-14,0.0,21.84,11.83,0.82,64.22,0.73,4.09,Meghalaya_Shillong
2019-02-15,0.0,21.86,10.6,1.25,68.73,0.73,3.58,Meghalaya_Shillong
2019-02-16,3.43,21.17,8.94,1.49,71.8,0.73,3.29,Meghalaya_Shillong
2019-02-17,4.67,15.01,6.0,2.03,88.75,0.73,1.01,Meghalaya_Shillong
2019-02-18,2.6,15.31,5.6,1.67,80.26,0.74,1.32,Meghalaya_Shillong
2019-02-19,0.0,17.22,4.95,1.84,65.77,0.74,2.87,Meghalaya_Shillong
2019-02-20,0.0,19.11,7.03,1.69,69.38,0.73,3.16,Meghalaya_Shillong
2019-02-21,0.0,20.18,5.26,1.21,76.95,0.73,3.53,Meghalaya_Shillong
2019-02-22,0.0,20.99,8.89,1.23,71.96,0.73,3.74,Meghalaya_Shillong
2019-02-23,0.05,19.95,8.99,1.82,75.74,0.72,3.08,Meghalaya_Shillong
2019-02-24,0.0,20.32,7.84,1.79,61.9,0.72,4.45,Meghalaya_Shillong
2019-02-25,1.24,19.37,8.65,1.5,55.85,0.72,3.64,Meghalaya_Shillong
2019-02-26,0.55,18.78,8.88,1.45,72.04,0.72,2.95,Meghalaya_Shillong
2019-02-27,5.15,18.56,8.68,1.2,82.96,0.72,2.33,Meghalaya_Shillong
2019-02-28,22.42,16.23,6.74,1.62,90.76,0.75,0.79,Meghalaya_Shillong
2019-03-01,0.01,17.27,3.68,1.58,66.17,0.76,3.5,Meghalaya_Shillong
2019-03-02,0.0,19.5,2.77,1.36,62.83,0.75,3.88,Meghalaya_Shillong
2019-03-03,0.0,20.41,8.68,0.95,64.09,0.74,4.42,Meghalaya_Shillong
2019-03-04,0.66,18.68,8.54,1.79,69.16,0.73,3.21,Meghalaya_Shillong
2019-03-05,4.71,20.52,8.33,1.68,83.95,0.73,3.15,Meghalaya_Shillong
2019-03-06,0.51,19.8,7.93,1.65,77.5,0.73,3.68,Meghalaya_Shillong
2019-03-07,0.12,19.48,7.92,1.68,71.79,0.73,3.83,Meghalaya_Shillong
2019-03-08,0.0,19.03,6.77,1.75,59.47,0.72,4.43,Meghalaya_Shillong
2019-03-09,0.0,19.33,6.89,1.61,54.94,0.72,4.34,Meghalaya_Shillong
2019-03-10,0.0,20.17,8.78,1.55,62.04,0.71,3.88,Meghalaya_Shillong
2019-03-11,0.0,20.75,10.51,1.12,75.69,0.71,3.66,Meghalaya_Shillong
2019-03-12,0.0,22.58,8.2,1.79,65.69,0.71,4.85,Meghalaya_Shillong
2019-03-13,0.0,23.45,8.3,1.8,55.94,0.71,5.14,Meghalaya_Shillong
2019-03-14,0.0,24.83,13.15,1.33,50.81,0.7,5.54,Meghalaya_Shillong
2019-03-15,0.0,23.51,13.38,1.53,62.87,0.7,3.89,Meghalaya_Shillong
2019-03-16,0.0,23.7,10.65,2.13,69.77,0.7,4.69,Meghalaya_Shillong
2019-03-17,0.51,23.73,12.91,1.71,58.23,0.69,4.93,Meghalaya_Shillong
2019-03-18,0.52,23.08,12.04,1.47,57.89,0.69,4.14,Meghalaya_Shillong
2019-03-19,1.39,20.83,11.29,1.52,71.97,0.69,3.27,Meghalaya_Shillong
2019-03-20,0.1,21.52,10.02,1.72,60.72,0.69,4.4,Meghalaya_Shillong
2019-03-21,0.06,22.96,9.57,1.64,54.12,0.69,5.16,Meghalaya_Shillong
2019-03-22,3.13,22.33,12.23,1.75,70.53,0.69,3.36,Meghalaya_Shillong
2019-03-23,1.07,22.71,11.13,1.97,76.4,0.69,4.05,Meghalaya_Shillong
2019-03-24,0.0,24.1,10.41,1.28,48.07,0.69,6.21,Meghalaya_Shillong
2019-03-25,0.0,24.6,13.89,1.3,43.76,0.68,6.08,Meghalaya_Shillong
2019-03-26,5.94,24.11,13.28,1.43,57.03,0.68,4.85,Meghalaya_Shillong
2019-03-27,2.32,22.48,12.3,1.79,63.6,0.69,4.62,Meghalaya_Shillong
2019-03-28,0.0,24.43,13.2,1.1,62.65,0.69,5.67,Meghalaya_Shillong
2019-03-29,0.0,24.62,12.45,1.17,69.6,0.68,5.08,Meghalaya_Shillong
2019-03-30,1.9,22.84,14.08,1.06,74.58,0.68,3.38,Meghalaya_Shillong
2019-03-31,23.18,21.59,14.19,1.96,89.26,0.7,1.56,Meghalaya_Shillong
2019-04-01,21.18,20.77,15.63,1.98,90.25,0.75,1.95,Meghalaya_Shillong
2019-04-02,13.52,22.08,13.39,1.46,86.5,0.75,3.09,Meghalaya_Shillong
2019-04-03,0.96,23.37,12.38,1.09,78.72,0.75,5.29,Meghalaya_Shillong
2019-04-04,1.7,22.87,12.19,1.17,76.56,0.73,4.7,Meghalaya_Shillong
2019-04-05,0.44,23.6,13.18,0.97,78.42,0.72,4.66,Meghalaya_Shillong
2019-04-06,14.22,23.33,13.26,0.9,77.93,0.73,3.75,Meghalaya_Shillong
2019-04-07,16.1,21.93,14.06,1.18,82.35,0.76,2.2,Meghalaya_Shillong
2019-04-08,2.11,21.51,12.36,1.57,87.41,0.75,2.5,Meghalaya_Shillong
2019-04-09,26.87,19.15,13.36,1.47,93.85,0.77,0.7,Meghalaya_Shillong
2019-04-10,0.07,23.57,12.98,1.22,81.97,0.76,5.11,Meghalaya_Shillong
2019-04-11,2.49,25.23,13.77,0.77,77.78,0.75,6.2,Meghalaya_Shillong
2019-04-12,1.21,25.36,14.63,0.99,78.53,0.74,5.53,Meghalaya_Shillong
2019-04-13,3.23,25.91,15.6,0.9,78.47,0.73,5.72,Meghalaya_Shillong
2019-04-14,10.53,26.35,15.48,1.05,77.2,0.73,5.84,Meghalaya_Shillong
2019-04-15,13.73,25.3,15.17,1.21,77.78,0.75,4.89,Meghalaya_Shillong
2019-04-16,16.24,25.32,14.51,1.23,79.42,0.77,4.26,Meghalaya_Shillong
2019-04-17,3.65,25.67,15.93,1.62,80.45,0.77,4.82,Meghalaya_Shillong
2019-04-18,0.0,25.35,13.69,1.82,74.86,0.75,6.84,Meghalaya_Shillong
2019-04-19,0.0,24.93,13.4,1.88,71.58,0.74,6.46,Meghalaya_Shillong
2019-04-20,4.43,25.18,13.01,1.45,64.85,0.73,6.51,Meghalaya_Shillong
2019-04-21,12.55,23.52,14.99,1.24,67.67,0.75,4.54,Meghalaya_Shillong
2019-04-22,4.69,25.54,14.99,0.92,67.49,0.75,5.58,Meghalaya_Shillong
2019-04-23,2.62,26.04,12.62,1.0,72.17,0.74,6.67,Meghalaya_Shillong
2019-04-24,3.81,26.98,14.6,0.97,71.77,0.74,6.58,Meghalaya_Shillong
2019-04-25,0.23,27.32,16.88,1.2,71.76,0.73,6.9,Meghalaya_Shillong
2019-04-26,0.62,26.71,17.42,1.21,72.71,0.73,6.64,Meghalaya_Shillong
2019-04-27,15.31,23.99,17.54,1.42,80.79,0.73,3.22,Meghalaya_Shillong
2019-04-28,14.8,25.15,17.02,2.08,86.86,0.76,4.45,Meghalaya_Shillong
2019-04-29,25.77,24.26,17.27,1.96,88.63,0.78,3.39,Meghalaya_Shillong
2019-04-30,33.21,24.38,18.05,2.09,89.65,0.82,3.54,Meghalaya_Shillong
2019-05-01,41.35,24.43,19.08,3.35,89.57,0.83,3.29,Meghalaya_Shillong
2019-05-02,17.51,25.31,18.56,2.47,87.49,0.85,4.28,Meghalaya_Shillong
2019-05-03,21.1,24.13,16.82,1.44,86.93,0.84,2.19,Meghalaya_Shillong
2019-05-04,161.81,22.83,16.61,2.62,91.29,0.88,1.42,Meghalaya_Shillong
2019-05-05,9.89,23.39,16.03,2.61,86.44,0.9,3.98,Meghalaya_Shillong
2019-05-06,4.03,25.48,16.22,2.43,86.5,0.86,4.92,Meghalaya_Shillong
2019-05-07,0.37,26.05,15.53,1.27,79.44,0.84,5.87,Meghalaya_Shillong
2019-05-08,6.55,25.66,15.61,1.63,83.62,0.83,4.97,Meghalaya_Shillong
2019-05-09,15.57,24.9,17.6,1.91,90.36,0.83,3.69,Meghalaya_Shillong
2019-05-10,22.64,25.59,18.47,1.64,89.86,0.85,3.56,Meghalaya_Shillong
2019-05-11,27.72,24.13,19.7,2.06,92.21,0.88,2.47,Meghalaya_Shillong
2019-05-12,7.85,24.45,18.34,2.09,92.32,0.87,2.2,Meghalaya_Shillong
2019-05-13,8.1,24.23,18.66,2.05,89.7,0.87,2.78,Meghalaya_Shillong
2019-05-14,15.21,25.16,18.0,1.34,83.75,0.87,4.39,Meghalaya_Shillong
2019-05-15,15.54,24.26,16.97,1.31,81.99,0.88,3.27,Meghalaya_Shillong
2019-05-16,5.5,25.91,17.31,1.08,80.3,0.87,4.63,Meghalaya_Shillong
2019-05-17,24.69,24.32,16.97,1.86,90.43,0.88,2.66,Meghalaya_Shillong
2019-05-18,21.04,23.79,18.43,2.16,91.4,0.9,2.56,Meghalaya_Shillong
2019-05-19,9.46,24.28,18.47,1.83,91.51,0.9,2.52,Meghalaya_Shillong
2019-05-20,2.81,24.02,17.53,1.11,85.85,0.89,3.17,Meghalaya_Shillong
2019-05-21,12.86,25.46,18.19,1.23,83.78,0.89,3.43,Meghalaya_Shillong
2019-05-22,38.56,25.43,18.24,1.42,88.71,0.92,2.74,Meghalaya_Shillong
2019-05-23,25.82,24.15,17.08,1.31,91.56,0.94,1.67,Meghalaya_Shillong
2019-05-24,39.51,24.04,17.52,2.2,92.05,0.94,1.95,Meghalaya_Shillong
2019-05-25,19.56,23.54,19.63,2.09,93.91,0.96,1.1,Meghalaya_Shillong
2019-05-26,8.25,24.98,17.69,1.73,88.31,0.95,3.36,Meghalaya_Shillong
2019-05-27,8.96,24.93,15.99,1.27,85.56,0.95,3.13,Meghalaya_Shillong
2019-05-28,6.51,26.67,17.18,1.15,75.35,0.94,4.33,Meghalaya_Shillong
2019-05-29,13.64,27.19,18.14,1.08,74.61,0.95,3.97,Meghalaya_Shillong
2019-05-30,8.6,25.33,17.57,1.58,86.51,0.94,3.33,Meghalaya_Shillong
2019-05-31,10.8,26.12,16.86,1.08,81.85,0.94,3.7,Meghalaya_Shillong
2019-06-01,21.59,23.26,18.58,0.78,88.96,0.95,1.03,Meghalaya_Shillong
2019-06-02,17.12,24.73,18.62,0.78,85.9,0.96,1.72,Meghalaya_Shillong
2019-06-03,48.19,22.84,18.05,1.14,90.09,0.97,0.99,Meghalaya_Shillong
2019-06-04,59.94,23.88,18.12,1.97,92.58,0.99,1.45,Meghalaya_Shillong
2019-06-05,13.76,23.94,19.05,2.38,93.06,0.98,1.43,Meghalaya_Shillong
2019-06-06,3.13,23.28,18.55,1.01,93.45,0.98,0.95,Meghalaya_Shillong
2019-06-07,20.34,24.61,19.41,1.39,92.79,0.98,1.49,Meghalaya_Shillong
2019-06-08,14.55,24.16,18.18,1.47,91.89,0.98,1.66,Meghalaya_Shillong
2019-06-09,29.58,24.76,19.51,2.03,93.09,0.98,1.48,Meghalaya_Shillong
2019-06-10,14.45,26.17,19.37,1.37,90.54,0.99,2.71,Meghalaya_Shillong
2019-06-11,12.84,27.1,19.87,1.03,88.19,0.98,2.83,Meghalaya_Shillong
2019-06-12,1.72,28.3,19.2,0.96,83.34,0.98,3.68,Meghalaya_Shillong
2019-06-13,1.59,28.61,20.16,0.77,83.59,0.97,3.14,Meghalaya_Shillong
2019-06-14,39.71,24.85,21.24,1.02,94.87,0.98,0.63,Meghalaya_Shillong
2019-06-15,23.11,25.62,21.48,2.07,92.4,0.99,1.88,Meghalaya_Shillong
2019-06-16,62.24,24.83,20.58,2.52,93.59,0.99,1.37,Meghalaya_Shillong
2019-06-17,53.79,25.62,20.97,2.1,93.25,0.99,1.25,Meghalaya_Shillong
2019-06-18,5.21,26.83,20.21,0.78,87.17,0.99,2.33,Meghalaya_Shillong
2019-06-19,6.52,28.69,20.03,0.57,77.4,0.99,4.49,Meghalaya_Shillong
2019-06-20,15.83,24.46,20.92,0.81,93.49,0.99,0.75,Meghalaya_Shillong
2019-06-21,10.53,26.52,20.77,0.93,90.61,0.99,1.52,Meghalaya_Shillong
2019-06-22,4.76,26.16,20.88,1.65,91.67,0.99,2.31,Meghalaya_Shillong
2019-06-23,4.22,26.85,20.1,1.67,89.91,0.98,3.05,Meghalaya_Shillong
2019-06-24,23.46,26.3,19.58,2.13,91.67,0.99,2.11,Meghalaya_Shillong
2019-06-25,45.06,25.79,20.46,2.62,92.96,0.99,1.46,Meghalaya_Shillong
2019-06-26,90.98,23.57,21.43,3.64,96.54,0.99,0.43,Meghalaya_Shillong
2019-06-27,115.1,22.94,21.52,4.02,97.08,1.0,0.31,Meghalaya_Shillong
2019-06-28,59.09,25.33,20.92,3.06,94.37,1.0,0.97,Meghalaya_Shillong
2019-06-29,8.76,25.34,20.51,1.35,91.62,1.0,1.57,Meghalaya_Shillong
2019-06-30,7.72,27.26,20.79,0.85,85.33,0.99,2.76,Meghalaya_Shillong
2019-07-01,17.7,27.83,21.92,1.37,89.4,0.99,2.39,Meghalaya_Shillong
2019-07-02,3.96,26.51,20.9,1.28,88.04,0.99,2.77,Meghalaya_Shillong
2019-07-03,5.11,25.67,20.65,1.38,91.37,0.99,1.6,Meghalaya_Shillong
2019-07-04,4.72,27.96,20.08,1.08,88.6,0.98,3.04,Meghalaya_Shillong
2019-07-05,9.95,25.63,21.03,1.1,93.47,0.98,1.03,Meghalaya_Shillong
2019-07-06,61.46,25.8,21.33,2.29,93.13,0.99,1.37,Meghalaya_Shillong
2019-07-07,28.07,26.03,20.99,2.92,93.77,1.0,1.47,Meghalaya_Shillong
2019-07-08,89.92,24.64,21.1,3.09,95.22,1.0,0.73,Meghalaya_Shillong
2019-07-09,150.66,24.66,20.27,3.54,95.18,1.0,0.78,Meghalaya_Shillong
2019-07-10,131.09,23.54,21.0,4.02,96.96,1.0,0.36,Meghalaya_Shillong
2019-07-11,90.55,22.94,21.15,3.82,97.05,1.0,0.31,Meghalaya_Shillong
2019-07-12,61.01,23.24,20.03,4.07,96.65,1.0,0.41,Meghalaya_Shillong
2019-07-13,57.97,23.44,20.02,3.46,95.44,1.0,0.66,Meghalaya_Shillong
2019-07-14,59.82,23.05,19.99,3.28,96.33,1.0,0.42,Meghalaya_Shillong
2019-07-15,85.73,23.36,19.72,3.24,96.42,1.0,0.39,Meghalaya_Shillong
2019-07-16,21.1,24.91,19.42,1.81,91.07,1.0,1.56,Meghalaya_Shillong
2019-07-17,1.11,27.62,18.47,0.83,82.7,1.0,3.64,Meghalaya_Shillong
2019-07-18,1.18,28.77,19.1,0.88,85.27,0.99,3.78,Meghalaya_Shillong
2019-07-19,4.62,28.43,19.89,0.92,84.09,0.99,3.78,Meghalaya_Shillong
2019-07-20,10.55,26.04,20.28,1.46,90.53,0.99,2.44,Meghalaya_Shillong
2019-07-21,31.59,25.79,20.08,2.15,92.49,0.99,1.64,Meghalaya_Shillong
2019-07-22,59.61,23.27,19.96,2.49,95.01,1.0,0.76,Meghalaya_Shillong
2019-07-23,63.59,24.23,19.57,2.99,93.78,1.0,1.14,Meghalaya_Shillong
2019-07-24,21.13,23.22,20.32,2.47,95.83,1.0,0.57,Meghalaya_Shillong
2019-07-25,12.31,24.95,20.05,1.18,92.97,1.0,1.25,Meghalaya_Shillong
2019-07-26,10.76,26.58,19.66,1.27,91.34,1.0,1.85,Meghalaya_Shillong
2019-07-27,24.69,25.81,19.85,1.93,90.47,1.0,2.03,Meghalaya_Shillong
2019-07-28,5.65,26.68,20.33,1.23,90.19,0.99,1.78,Meghalaya_Shillong
2019-07-29,19.17,24.35,19.77,1.87,92.42,0.99,1.62,Meghalaya_Shillong
2019-07-30,26.76,24.22,19.54,2.23,93.36,1.0,1.38,Meghalaya_Shillong
2019-07-31,36.64,23.48,19.99,1.74,93.75,1.0,1.0,Meghalaya_Shillong
2019-08-01,22.38,26.29,19.2,1.02,89.62,1.0,2.25,Meghalaya_Shillong
2019-08-02,26.78,27.04,19.54,0.86,89.28,1.0,2.51,Meghalaya_Shillong
2019-08-03,4.36,27.69,19.66,1.17,89.43,1.0,2.54,Meghalaya_Shillong
2019-08-04,2.26,27.06,19.77,0.97,89.02,0.99,2.59,Meghalaya_Shillong
2019-08-05,2.66,27.98,20.82,1.13,89.48,0.99,2.16,Meghalaya_Shillong
2019-08-06,0.63,26.33,21.24,1.73,92.59,0.99,1.3,Meghalaya_Shillong
2019-08-07,14.32,27.49,20.39,2.17,90.14,0.98,2.49,Meghalaya_Shillong
2019-08-08,11.28,25.67,19.42,2.11,90.87,0.99,1.97,Meghalaya_Shillong
2019-08-09,8.65,26.4,19.77,1.42,90.91,0.99,2.63,Meghalaya_Shillong
2019-08-10,3.14,28.17,20.26,0.67,88.96,0.98,3.07,Meghalaya_Shillong
2019-08-11,1.0,28.42,20.57,0.95,83.52,0.98,3.78,Meghalaya_Shillong
2019-08-12,7.62,28.36,21.39,1.52,88.01,0.97,3.12,Meghalaya_Shillong
2019-08-13,27.93,24.48,19.75,2.29,92.6,0.98,1.45,Meghalaya_Shillong
2019-08-14,43.47,24.3,19.53,2.24,93.76,1.0,1.05,Meghalaya_Shillong
2019-08-15,26.78,24.5,19.48,2.25,93.61,1.0,1.68,Meghalaya_Shillong
2019-08-16,28.31,23.45,21.2,2.16,96.57,1.0,0.5,Meghalaya_Shillong
2019-08-17,19.62,26.8,20.47,1.32,91.85,1.0,1.92,Meghalaya_Shillong
2019-08-18,15.49,25.76,20.51,1.63,92.83,1.0,1.58,Meghalaya_Shillong
2019-08-19,3.1,26.69,19.22,1.64,90.61,0.99,2.67,Meghalaya_Shillong
2019-08-20,5.84,25.34,20.54,1.41,92.56,0.99,1.78,Meghalaya_Shillong
2019-08-21,1.1,27.13,20.04,0.82,87.17,0.99,2.77,Meghalaya_Shillong
2019-08-22,12.0,26.81,20.59,0.88,87.77,0.98,2.39,Meghalaya_Shillong
2019-08-23,10.69,25.65,20.66,1.23,93.66,0.99,1.22,Meghalaya_Shillong
2019-08-24,23.34,26.33,20.23,1.32,91.9,0.99,1.95,Meghalaya_Shillong
2019-08-25,10.54,27.36,19.52,1.19,86.85,0.99,3.46,Meghalaya_Shillong
2019-08-26,1.53,27.73,19.56,1.12,86.95,0.98,3.75,Meghalaya_Shillong
2019-08-27,4.76,27.86,20.63,1.09,87.52,0.98,3.35,Meghalaya_Shillong
2019-08-28,16.44,26.73,20.72,0.84,87.57,0.98,2.14,Meghalaya_Shillong
2019-08-29,4.76,27.49,20.17,1.28,88.75,0.98,3.14,Meghalaya_Shillong
2019-08-30,4.31,27.98,20.59,0.9,86.6,0.97,4.08,Meghalaya_Shillong
2019-08-31,11.5,25.14,20.2,0.73,91.28,0.98,0.81,Meghalaya_Shillong
2019-09-01,1.71,26.24,19.11,1.08,88.81,0.98,2.47,Meghalaya_Shillong
2019-09-02,4.18,27.59,20.04,1.09,89.41,0.97,2.6,Meghalaya_Shillong
2019-09-03,7.01,26.4,20.28,1.07,90.62,0.97,1.96,Meghalaya_Shillong
2019-09-04,30.54,24.47,20.27,0.89,91.15,0.98,1.09,Meghalaya_Shillong
2019-09-05,14.47,25.22,19.0,0.88,92.08,0.99,1.59,Meghalaya_Shillong
2019-09-06,7.98,26.64,19.54,0.94,86.59,0.99,3.77,Meghalaya_Shillong
2019-09-07,16.69,26.76,20.2,1.04,89.87,0.99,2.93,Meghalaya_Shillong
2019-09-08,25.12,24.47,20.27,1.74,93.59,0.99,1.53,Meghalaya_Shillong
2019-09-09,15.8,25.78,19.83,2.23,93.28,0.99,2.27,Meghalaya_Shillong
2019-09-10,42.45,24.62,21.16,1.92,94.67,1.0,0.91,Meghalaya_Shillong
2019-09-11,18.95,25.65,21.2,1.47,94.11,1.0,1.25,Meghalaya_Shillong
2019-09-12,50.67,23.6,20.21,2.21,95.43,1.0,0.7,Meghalaya_Shillong
2019-09-13,91.29,24.16,20.08,2.61,95.45,1.0,0.83,Meghalaya_Shillong
2019-09-14,30.7,24.69,19.34,1.98,93.25,1.0,1.61,Meghalaya_Shillong
2019-09-15,12.61,25.59,19.0,1.26,91.59,1.0,2.36,Meghalaya_Shillong
2019-09-16,19.94,25.2,19.38,1.2,91.54,1.0,1.9,Meghalaya_Shillong
2019-09-17,9.69,25.79,18.56,0.96,88.58,1.0,2.44,Meghalaya_Shillong
2019-09-18,4.16,27.55,18.72,0.61,82.29,0.99,4.83,Meghalaya_Shillong
2019-09-19,2.68,27.05,18.18,0.77,85.59,0.99,4.22,Meghalaya_Shillong
2019-09-20,3.03,26.78,18.93,0.76,87.68,0.99,2.78,Meghalaya_Shillong
2019-09-21,2.65,25.68,18.14,0.76,89.42,0.99,2.96,Meghalaya_Shillong
2019-09-22,15.55,25.22,18.69,0.96,90.52,0.99,1.87,Meghalaya_Shillong
2019-09-23,22.78,22.13,18.03,1.16,93.69,1.0,0.88,Meghalaya_Shillong
2019-09-24,44.7,23.17,17.8,0.78,90.03,1.0,0.85,Meghalaya_Shillong
2019-09-25,17.01,22.97,17.21,0.68,89.34,1.0,1.62,Meghalaya_Shillong
2019-09-26,7.26,25.31,15.57,0.7,87.3,1.0,3.98,Meghalaya_Shillong
2019-09-27,1.94,24.69,16.99,0.78,90.23,0.99,2.69,Meghalaya_Shillong
2019-09-28,3.89,22.73,17.35,1.04,92.15,0.99,1.24,Meghalaya_Shillong
2019-09-29,16.87,22.73,16.52,0.65,89.09,1.0,0.92,Meghalaya_Shillong
2019-09-30,10.63,21.48,16.6,0.9,93.84,1.0,0.88,Meghalaya_Shillong
2019-10-01,74.99,20.61,16.81,1.29,95.65,1.0,0.47,Meghalaya_Shillong
2019-10-02,25.26,24.55,16.26,1.13,90.94,1.0,2.25,Meghalaya_Shillong
2019-10-03,12.29,24.67,18.16,0.76,91.96,1.0,1.73,Meghalaya_Shillong
2019-10-04,5.74,25.83,17.28,0.71,86.17,1.0,3.81,Meghalaya_Shillong
2019-10-05,5.52,24.88,18.18,0.67,87.89,1.0,2.72,Meghalaya_Shillong
2019-10-06,1.76,24.29,18.45,0.64,86.57,0.99,2.73,Meghalaya_Shillong
2019-10-07,10.14,25.05,17.81,0.63,84.53,0.99,3.29,Meghalaya_Shillong
2019-10-08,9.26,22.95,17.68,0.53,91.13,0.99,0.96,Meghalaya_Shillong
2019-10-09,15.08,23.07,17.02,0.95,89.52,0.99,2.21,Meghalaya_Shillong
2019-10-10,7.8,21.77,15.16,0.98,92.82,0.99,1.5,Meghalaya_Shillong
2019-10-11,4.07,24.21,16.49,0.66,87.06,0.99,3.81,Meghalaya_Shillong
2019-10-12,0.17,24.88,15.7,0.65,82.32,0.99,5.53,Meghalaya_Shillong
2019-10-13,0.0,24.09,14.92,0.82,86.52,0.98,4.41,Meghalaya_Shillong
2019-10-14,0.0,24.87,14.82,0.79,79.14,0.98,5.2,Meghalaya_Shillong
2019-10-15,1.15,25.6,14.87,0.85,84.31,0.98,5.07,Meghalaya_Shillong
2019-10-16,1.79,24.68,17.0,0.78,88.56,0.97,3.52,Meghalaya_Shillong
2019-10-17,1.98,24.46,16.74,0.87,86.02,0.97,4.18,Meghalaya_Shillong
2019-10-18,0.02,25.05,16.63,0.55,79.7,0.97,5.25,Meghalaya_Shillong
2019-10-19,0.1,25.54,16.69,0.69,79.55,0.96,5.86,Meghalaya_Shillong
2019-10-20,0.03,22.56,16.08,0.89,81.69,0.96,3.36,Meghalaya_Shillong
2019-10-21,0.51,23.41,15.12,1.41,85.37,0.95,4.17,Meghalaya_Shillong
2019-10-22,0.44,22.9,13.93,1.32,90.81,0.95,3.58,Meghalaya_Shillong
2019-10-23,0.29,23.59,12.42,0.77,71.39,0.94,5.63,Meghalaya_Shillong
2019-10-24,13.6,18.61,14.27,0.54,90.68,0.94,0.68,Meghalaya_Shillong
2019-10-25,62.96,19.84,14.33,0.63,92.91,0.97,0.84,Meghalaya_Shillong
2019-10-26,120.8,20.44,15.32,2.23,97.11,1.0,0.35,Meghalaya_Shillong
2019-10-27,0.48,23.52,15.26,0.84,88.69,0.99,3.85,Meghalaya_Shillong
2019-10-28,0.01,22.15,14.58,0.77,88.69,0.99,2.87,Meghalaya_Shillong
2019-10-29,0.0,23.4,14.08,0.75,88.26,0.98,4.21,Meghalaya_Shillong
2019-10-30,0.0,22.62,15.14,0.9,90.52,0.98,3.26,Meghalaya_Shillong
2019-10-31,0.0,22.45,15.28,0.85,88.88,0.98,3.88,Meghalaya_Shillong
2019-11-01,0.0,22.67,15.27,0.63,86.91,0.97,4.02,Meghalaya_Shillong
2019-11-02,0.0,23.68,13.11,0.98,85.24,0.97,4.48,Meghalaya_Shillong
2019-11-03,0.0,23.2,14.11,0.9,85.84,0.96,4.45,Meghalaya_Shillong
2019-11-04,0.0,22.54,14.5,1.01,88.72,0.96,4.15,Meghalaya_Shillong
2019-11-05,0.92,22.34,13.89,0.9,88.76,0.96,4.24,Meghalaya_Shillong
2019-11-06,1.16,22.27,12.29,0.72,80.95,0.95,4.71,Meghalaya_Shillong
2019-11-07,0.04,23.1,12.52,1.02,87.41,0.95,4.13,Meghalaya_Shillong
2019-11-08,0.38,22.91,13.56,0.82,86.05,0.95,2.99,Meghalaya_Shillong
2019-11-09,10.55,19.71,15.04,0.7,92.11,0.95,0.53,Meghalaya_Shillong
2019-11-10,5.32,18.36,14.65,1.08,92.42,0.96,0.62,Meghalaya_Shillong
2019-11-11,0.27,23.11,14.46,0.69,88.86,0.95,3.93,Meghalaya_Shillong
2019-11-12,0.03,22.15,15.07,0.68,90.23,0.95,3.64,Meghalaya_Shillong
2019-11-13,0.0,22.49,13.95,0.76,89.71,0.95,3.97,Meghalaya_Shillong
2019-11-14,0.01,23.12,12.13,0.79,85.8,0.94,4.57,Meghalaya_Shillong
2019-11-15,0.0,22.78,13.9,0.69,88.33,0.94,4.55,Meghalaya_Shillong
2019-11-16,0.0,21.79,13.44,0.73,87.72,0.93,4.58,Meghalaya_Shillong
2019-11-17,0.0,21.53,11.94,0.96,89.55,0.93,3.88,Meghalaya_Shillong
2019-11-18,0.0,21.99,12.54,0.68,84.07,0.93,5.33,Meghalaya_Shillong
2019-11-19,2.05,19.72,12.71,0.8,88.56,0.92,3.02,Meghalaya_Shillong
2019-11-20,0.4,20.02,11.14,0.8,87.32,0.92,3.0,Meghalaya_Shillong
2019-11-21,0.0,20.77,8.35,0.96,83.69,0.92,4.15,Meghalaya_Shillong
2019-11-22,0.0,19.95,10.04,0.81,82.22,0.91,4.17,Meghalaya_Shillong
2019-11-23,0.0,20.31,9.87,0.58,80.49,0.91,4.89,Meghalaya_Shillong
2019-11-24,0.0,20.68,11.46,0.73,89.74,0.91,3.34,Meghalaya_Shillong
2019-11-25,0.0,18.99,12.34,0.73,88.13,0.91,1.83,Meghalaya_Shillong
2019-11-26,0.0,21.05,11.34,0.81,86.52,0.9,4.02,Meghalaya_Shillong
2019-11-27,0.0,21.92,10.55,0.82,81.09,0.9,4.28,Meghalaya_Shillong
2019-11-28,0.0,24.6,12.42,0.86,71.42,0.9,5.28,Meghalaya_Shillong
2019-11-29,0.0,22.57,11.85,0.79,64.15,0.89,4.67,Meghalaya_Shillong
2019-11-30,0.0,20.08,10.75,1.07,81.83,0.89,3.56,Meghalaya_Shillong
2019-12-01,0.0,19.2,8.77,1.08,85.33,0.89,3.25,Meghalaya_Shillong
2019-12-02,0.0,18.37,9.38,0.72,87.64,0.88,2.59,Meghalaya_Shillong
2019-12-03,0.0,18.21,8.28,0.68,83.09,0.88,3.68,Meghalaya_Shillong
2019-12-04,0.0,18.42,6.97,1.25,85.37,0.88,3.18,Meghalaya_Shillong
2019-12-05,0.0,20.17,6.49,1.2,74.75,0.88,3.92,Meghalaya_Shillong
2019-12-06,0.0,19.44,9.49,0.82,60.35,0.87,3.89,Meghalaya_Shillong
2019-12-07,0.0,19.19,10.24,0.77,75.1,0.87,3.31,Meghalaya_Shillong
2019-12-08,0.0,18.75,10.31,0.76,80.57,0.87,3.38,Meghalaya_Shillong
2019-12-09,0.0,18.53,10.03,0.6,83.75,0.87,3.37,Meghalaya_Shillong
2019-12-10,0.0,16.68,9.03,0.64,87.52,0.86,2.32,Meghalaya_Shillong
2019-12-11,0.0,16.5,10.93,0.84,88.84,0.86,1.84,Meghalaya_Shillong
2019-12-12,0.0,17.46,9.59,0.7,84.71,0.86,2.43,Meghalaya_Shillong
2019-12-13,0.0,18.28,7.77,1.08,87.25,0.86,2.85,Meghalaya_Shillong
2019-12-14,0.0,18.84,8.07,0.93,83.57,0.86,3.35,Meghalaya_Shillong
2019-12-15,0.01,19.4,8.92,0.8,81.93,0.85,4.43,Meghalaya_Shillong
2019-12-16,0.01,18.53,8.98,0.99,87.47,0.85,3.02,Meghalaya_Shillong
2019-12-17,0.0,16.99,6.87,1.06,80.64,0.85,2.73,Meghalaya_Shillong
2019-12-18,0.0,17.07,3.85,0.78,85.96,0.85,2.92,Meghalaya_Shillong
2019-12-19,0.0,16.82,7.8,0.9,86.47,0.85,2.62,Meghalaya_Shillong
2019-12-20,0.0,16.74,7.69,0.7,87.29,0.85,2.67,Meghalaya_Shillong
2019-12-21,0.0,15.83,6.83,0.95,87.91,0.85,1.93,Meghalaya_Shillong
2019-12-22,0.0,18.45,7.33,0.95,85.42,0.84,2.92,Meghalaya_Shillong
2019-12-23,0.0,17.68,6.4,1.02,75.64,0.84,3.22,Meghalaya_Shillong
2019-12-24,0.0,16.73,5.33,0.89,84.23,0.84,2.68,Meghalaya_Shillong
2019-12-25,0.0,16.93,3.78,0.93,74.17,0.84,3.01,Meghalaya_Shillong
2019-12-26,0.23,17.21,7.31,0.88,61.27,0.84,3.04,Meghalaya_Shillong
2019-12-27,1.95,15.59,6.99,0.75,75.83,0.84,1.56,Meghalaya_Shillong
2019-12-28,0.02,16.07,3.68,1.33,86.3,0.84,2.27,Meghalaya_Shillong
2019-12-29,0.03,17.21,2.42,1.11,77.82,0.83,2.62,Meghalaya_Shillong
2019-12-30,0.0,16.84,3.9,1.26,80.52,0.83,2.49,Meghalaya_Shillong
2019-12-31,0.01,17.9,4.4,1.07,78.44,0.83,2.63,Meghalaya_Shillong
2020-01-01,0.25,17.41,7.59,1.14,85.37,0.83,1.89,Meghalaya_Shillong
2020-01-02,2.94,19.19,9.22,0.89,85.18,0.83,2.22,Meghalaya_Shillong
2020-01-03,15.07,15.39,8.85,0.81,90.4,0.84,0.7,Meghalaya_Shillong
2020-01-04,0.71,14.45,7.83,1.27,92.05,0.85,0.88,Meghalaya_Shillong
2020-01-05,2.47,15.43,4.81,1.42,84.94,0.84,2.08,Meghalaya_Shillong
2020-01-06,0.18,14.89,2.29,1.0,80.25,0.84,1.85,Meghalaya_Shillong
2020-01-07,0.77,15.63,3.81,0.99,84.13,0.84,1.76,Meghalaya_Shillong
2020-01-08,0.0,17.73,5.12,0.92,81.19,0.83,2.5,Meghalaya_Shillong
2020-01-09,0.34,15.66,6.7,1.22,85.97,0.83,1.18,Meghalaya_Shillong
2020-01-10,0.05,15.67,7.81,0.77,85.76,0.83,2.03,Meghalaya_Shillong
2020-01-11,0.0,16.54,5.87,0.86,86.75,0.83,2.24,Meghalaya_Shillong
2020-01-12,0.0,17.73,5.28,1.08,84.2,0.83,2.41,Meghalaya_Shillong
2020-01-13,0.0,17.8,5.08,1.1,87.02,0.83,2.39,Meghalaya_Shillong
2020-01-14,0.0,18.25,7.05,0.86,87.45,0.83,2.57,Meghalaya_Shillong
2020-01-15,0.0,19.5,5.81,1.0,84.9,0.82,3.1,Meghalaya_Shillong
2020-01-16,0.0,19.49,7.74,0.99,82.41,0.82,2.96,Meghalaya_Shillong
2020-01-17,0.0,19.66,7.24,1.04,83.26,0.82,3.09,Meghalaya_Shillong
2020-01-18,0.0,18.67,8.77,1.16,81.69,0.82,2.62,Meghalaya_Shillong
2020-01-19,2.68,17.66,7.77,1.32,87.0,0.82,2.09,Meghalaya_Shillong
2020-01-20,0.01,15.81,6.94,1.47,84.92,0.82,1.79,Meghalaya_Shillong
2020-01-21,0.0,15.72,4.12,0.95,74.18,0.82,2.34,Meghalaya_Shillong
2020-01-22,0.0,16.83,3.9,1.41,72.46,0.82,2.65,Meghalaya_Shillong
2020-01-23,0.0,15.52,3.77,1.68,66.51,0.81,2.19,Meghalaya_Shillong
2020-01-24,0.01,13.77,0.99,1.12,78.01,0.81,1.77,Meghalaya_Shillong
2020-01-25,0.0,17.51,2.28,0.99,72.51,0.81,2.86,Meghalaya_Shillong
2020-01-26,0.0,14.82,5.87,1.14,79.27,0.81,1.77,Meghalaya_Shillong
2020-01-27,0.0,15.31,5.82,0.97,80.69,0.81,1.94,Meghalaya_Shillong
2020-01-28,0.0,16.18,4.95,0.97,83.35,0.8,2.17,Meghalaya_Shillong
2020-01-29,0.0,18.02,4.97,1.03,81.42,0.8,2.6,Meghalaya_Shillong
2020-01-30,0.83,17.31,7.4,1.22,83.46,0.8,2.41,Meghalaya_Shillong
2020-01-31,1.27,15.75,6.62,1.39,85.67,0.8,1.81,Meghalaya_Shillong
2020-02-01,0.0,16.21,3.21,1.25,84.64,0.8,2.15,Meghalaya_Shillong
2020-02-02,0.02,15.32,3.54,1.49,77.58,0.8,2.14,Meghalaya_Shillong
2020-02-03,0.0,16.05,1.4,0.95,80.73,0.8,2.42,Meghalaya_Shillong
2020-02-04,0.0,17.01,3.58,0.95,82.15,0.8,2.57,Meghalaya_Shillong
2020-02-05,0.0,16.07,5.05,1.17,73.27,0.79,2.49,Meghalaya_Shillong
2020-02-06,0.0,16.83,4.89,0.93,70.7,0.79,2.73,Meghalaya_Shillong
2020-02-07,0.0,16.72,6.72,0.81,69.64,0.79,2.56,Meghalaya_Shillong
2020-02-08,0.0,18.7,6.37,0.94,74.32,0.79,2.99,Meghalaya_Shillong
2020-02-09,0.09,17.59,7.81,1.54,67.59,0.79,2.79,Meghalaya_Shillong
2020-02-10,0.0,17.95,5.02,1.02,71.67,0.79,2.92,Meghalaya_Shillong
2020-02-11,0.0,18.23,3.96,1.12,69.5,0.79,2.85,Meghalaya_Shillong
2020-02-12,0.0,19.15,6.23,1.0,68.04,0.78,2.98,Meghalaya_Shillong
2020-02-13,0.0,19.74,8.51,0.8,66.93,0.78,3.02,Meghalaya_Shillong
2020-02-14,0.0,18.22,7.95,1.21,67.86,0.78,2.74,Meghalaya_Shillong
2020-02-15,0.0,17.96,7.46,1.03,85.73,0.78,2.01,Meghalaya_Shillong
2020-02-16,0.0,19.07,11.06,0.72,82.97,0.78,2.28,Meghalaya_Shillong
2020-02-17,0.0,20.28,8.19,0.81,81.59,0.78,3.35,Meghalaya_Shillong
2020-02-18,1.17,18.69,6.47,1.51,78.71,0.78,2.69,Meghalaya_Shillong
2020-02-19,0.09,19.51,8.35,0.94,78.3,0.78,3.05,Meghalaya_Shillong
2020-02-20,0.0,19.22,8.95,0.83,72.3,0.77,2.77,Meghalaya_Shillong
2020-02-21,0.0,21.51,7.12,1.11,72.62,0.77,3.61,Meghalaya_Shillong
2020-02-22,0.0,19.94,10.73,0.89,72.02,0.77,1.97,Meghalaya_Shillong
2020-02-23,1.43,21.14,12.71,1.01,67.93,0.77,3.77,Meghalaya_Shillong
2020-02-24,0.27,20.33,9.75,0.98,71.94,0.77,3.2,Meghalaya_Shillong
2020-02-25,2.77,20.36,9.24,1.17,79.06,0.77,2.67,Meghalaya_Shillong
2020-02-26,10.97,17.06,8.78,1.22,87.13,0.78,1.24,Meghalaya_Shillong
2020-02-27,0.65,19.28,7.15,0.54,76.58,0.79,3.72,Meghalaya_Shillong
2020-02-28,0.0,20.71,8.02,0.98,71.67,0.78,3.87,Meghalaya_Shillong
2020-02-29,0.0,21.69,10.22,1.11,73.75,0.77,4.3,Meghalaya_Shillong
2020-03-01,0.0,21.52,11.16,1.16,72.66,0.77,4.32,Meghalaya_Shillong
2020-03-02,0.85,21.52,10.37,1.21,73.51,0.77,4.15,Meghalaya_Shillong
2020-03-03,1.93,19.46,9.29,1.3,76.53,0.77,2.99,Meghalaya_Shillong
2020-03-04,1.28,19.92,9.96,1.13,74.98,0.77,3.21,Meghalaya_Shillong
2020-03-05,3.64,19.47,10.7,1.24,81.49,0.77,2.45,Meghalaya_Shillong
2020-03-06,6.95,19.89,9.55,1.23,85.28,0.77,2.71,Meghalaya_Shillong
2020-03-07,5.09,19.69,9.9,1.2,83.94,0.78,2.44,Meghalaya_Shillong
2020-03-08,1.19,19.42,7.51,1.98,86.18,0.78,2.84,Meghalaya_Shillong
2020-03-09,0.12,20.03,7.1,1.41,74.87,0.77,4.19,Meghalaya_Shillong
2020-03-10,0.01,21.13,7.68,1.17,71.1,0.77,4.45,Meghalaya_Shillong
2020-03-11,0.0,21.6,7.96,1.57,67.74,0.76,4.64,Meghalaya_Shillong
2020-03-12,0.0,22.86,10.99,1.58,73.3,0.76,4.66,Meghalaya_Shillong
2020-03-13,0.0,24.76,12.06,1.03,72.59,0.75,5.55,Meghalaya_Shillong
2020-03-14,0.0,24.52,12.7,0.98,75.06,0.75,4.56,Meghalaya_Shillong
2020-03-15,0.0,23.96,13.91,1.13,69.86,0.75,5.27,Meghalaya_Shillong
2020-03-16,0.0,22.82,11.42,1.3,63.6,0.74,4.91,Meghalaya_Shillong
2020-03-17,0.0,22.23,9.86,1.12,63.32,0.74,5.42,Meghalaya_Shillong
2020-03-18,0.0,21.75,7.83,1.45,69.75,0.74,4.68,Meghalaya_Shillong
2020-03-19,0.0,22.02,10.69,1.41,62.95,0.74,4.86,Meghalaya_Shillong
2020-03-20,0.07,22.07,10.19,1.23,65.29,0.73,4.79,Meghalaya_Shillong
2020-03-21,0.21,21.28,10.97,1.22,62.4,0.73,4.52,Meghalaya_Shillong
2020-03-22,2.97,20.65,11.55,1.06,70.0,0.74,2.87,Meghalaya_Shillong
2020-03-23,0.25,18.93,10.83,0.96,79.51,0.74,2.82,Meghalaya_Shillong
2020-03-24,0.02,20.83,11.94,0.74,74.33,0.73,4.25,Meghalaya_Shillong
2020-03-25,0.02,23.77,12.72,1.01,72.0,0.73,5.6,Meghalaya_Shillong
2020-03-26,0.0,23.85,12.73,0.99,72.01,0.73,5.15,Meghalaya_Shillong
2020-03-27,0.0,24.54,13.66,1.32,71.19,0.72,5.55,Meghalaya_Shillong
2020-03-28,0.0,24.61,13.01,2.07,73.56,0.72,5.74,Meghalaya_Shillong
2020-03-29,0.0,24.39,12.22,2.17,66.39,0.72,6.46,Meghalaya_Shillong
2020-03-30,0.0,23.77,11.28,1.89,54.41,0.71,6.13,Meghalaya_Shillong
2020-03-31,0.0,24.15,12.62,1.33,51.52,0.71,6.29,Meghalaya_Shillong
2020-04-01,0.0,24.78,12.26,1.32,55.38,0.7,6.54,Meghalaya_Shillong
2020-04-02,0.06,24.08,11.81,1.87,69.34,0.7,5.05,Meghalaya_Shillong
2020-04-03,0.49,24.28,12.99,1.52,77.67,0.7,5.47,Meghalaya_Shillong
2020-04-04,0.07,24.13,13.12,1.4,66.08,0.7,6.22,Meghalaya_Shillong
2020-04-05,0.0,24.13,12.9,1.44,65.41,0.69,6.04,Meghalaya_Shillong
2020-04-06,0.01,23.82,12.58,1.44,63.66,0.69,5.28,Meghalaya_Shillong
2020-04-07,0.0,23.73,13.2,1.73,59.24,0.69,5.24,Meghalaya_Shillong
2020-04-08,1.51,25.0,14.82,1.26,66.41,0.69,5.45,Meghalaya_Shillong
2020-04-09,3.84,23.64,14.23,1.35,77.3,0.69,4.19,Meghalaya_Shillong
2020-04-10,0.64,24.6,15.32,1.16,66.55,0.69,5.44,Meghalaya_Shillong
2020-04-11,8.86,24.44,14.75,1.26,67.96,0.69,4.91,Meghalaya_Shillong
2020-04-12,3.41,24.41,14.49,1.04,65.57,0.71,5.75,Meghalaya_Shillong
2020-04-13,0.0,26.99,14.45,0.88,62.04,0.7,7.12,Meghalaya_Shillong
2020-04-14,0.0,26.12,16.85,0.83,66.88,0.7,5.45,Meghalaya_Shillong
2020-04-15,21.13,24.68,15.72,1.08,80.28,0.71,3.24,Meghalaya_Shillong
2020-04-16,26.58,24.18,14.98,1.04,76.44,0.75,4.17,Meghalaya_Shillong
2020-04-17,28.68,22.76,14.6,1.28,83.47,0.79,2.66,Meghalaya_Shillong
2020-04-18,34.54,20.05,14.92,1.77,92.65,0.8,0.75,Meghalaya_Shillong
2020-04-19,24.92,22.53,14.9,2.31,88.78,0.83,3.15,Meghalaya_Shillong
2020-04-20,18.77,24.3,14.11,1.29,85.99,0.83,3.61,Meghalaya_Shillong
2020-04-21,17.85,22.61,13.12,1.37,79.83,0.83,2.46,Meghalaya_Shillong
2020-04-22,10.67,21.26,13.02,1.45,83.48,0.82,2.64,Meghalaya_Shillong
2020-04-23,5.53,22.05,12.83,1.26,80.57,0.81,4.1,Meghalaya_Shillong
2020-04-24,53.05,19.87,12.83,1.43,84.09,0.83,1.53,Meghalaya_Shillong
2020-04-25,3.49,23.15,13.09,0.74,75.33,0.83,4.99,Meghalaya_Shillong
2020-04-26,4.22,23.43,13.17,0.86,83.72,0.81,3.49,Meghalaya_Shillong
2020-04-27,20.43,21.72,15.29,0.8,81.43,0.83,2.11,Meghalaya_Shillong
2020-04-28,18.69,22.48,14.28,0.94,84.99,0.83,2.0,Meghalaya_Shillong
2020-04-29,7.73,22.67,14.39,1.05,84.04,0.83,3.55,Meghalaya_Shillong
2020-04-30,4.21,24.12,15.52,0.68,74.57,0.82,4.84,Meghalaya_Shillong
2020-05-01,3.25,24.26,15.69,0.9,75.33,0.81,4.72,Meghalaya_Shillong
2020-05-02,15.32,22.25,14.84,0.89,85.76,0.82,1.88,Meghalaya_Shillong
2020-05-03,7.16,23.53,15.82,0.98,80.26,0.83,3.87,Meghalaya_Shillong
2020-05-04,10.74,24.89,15.78,0.92,82.03,0.83,4.51,Meghalaya_Shillong
2020-05-05,27.91,24.86,15.28,1.32,86.58,0.84,3.74,Meghalaya_Shillong
2020-05-06,5.86,24.9,14.76,1.1,81.83,0.85,4.57,Meghalaya_Shillong
2020-05-07,8.77,25.36,14.9,1.09,78.81,0.84,5.84,Meghalaya_Shillong
2020-05-08,8.2,24.58,13.73,1.39,75.45,0.84,5.31,Meghalaya_Shillong
2020-05-09,4.7,25.93,14.67,0.91,70.36,0.84,6.0,Meghalaya_Shillong
2020-05-10,2.95,26.67,16.14,0.95,74.12,0.83,5.91,Meghalaya_Shillong
2020-05-11,2.18,26.45,17.12,1.02,78.98,0.83,4.93,Meghalaya_Shillong
2020-05-12,2.18,25.47,16.44,1.41,80.98,0.82,5.56,Meghalaya_Shillong
2020-05-13,29.73,23.37,15.48,1.7,89.15,0.84,2.52,Meghalaya_Shillong
2020-05-14,8.53,25.74,16.37,0.98,74.55,0.85,5.11,Meghalaya_Shillong
2020-05-15,19.14,24.86,16.55,1.24,82.94,0.85,3.4,Meghalaya_Shillong
2020-05-16,28.82,24.59,16.5,1.53,88.96,0.87,2.66,Meghalaya_Shillong
2020-05-17,3.44,26.51,17.58,1.05,72.75,0.87,5.17,Meghalaya_Shillong
2020-05-18,0.14,27.39,18.24,0.98,76.61,0.86,6.32,Meghalaya_Shillong
2020-05-19,1.83,24.9,16.96,0.91,78.93,0.85,3.7,Meghalaya_Shillong
2020-05-20,13.96,24.45,17.6,1.87,85.68,0.85,2.45,Meghalaya_Shillong
2020-05-21,125.77,21.44,18.9,3.48,95.35,0.91,0.44,Meghalaya_Shillong
2020-05-22,98.71,22.8,17.65,2.92,94.63,0.96,0.84,Meghalaya_Shillong
2020-05-23,43.64,25.11,17.35,2.24,91.69,0.96,1.94,Meghalaya_Shillong
2020-05-24,134.28,24.26,20.07,3.57,93.52,0.98,1.63,Meghalaya_Shillong
2020-05-25,88.93,24.14,19.7,4.41,94.18,0.99,1.33,Meghalaya_Shillong
2020-05-26,94.99,23.79,19.76,4.4,94.38,0.99,1.17,Meghalaya_Shillong
2020-05-27,40.23,23.34,19.06,2.61,92.38,0.99,1.41,Meghalaya_Shillong
2020-05-28,13.02,23.64,18.79,0.98,89.49,0.99,1.77,Meghalaya_Shillong
2020-05-29,7.98,23.47,17.1,1.06,88.5,0.99,1.94,Meghalaya_Shillong
2020-05-30,12.81,24.39,15.29,1.08,86.72,0.98,2.41,Meghalaya_Shillong
2020-05-31,38.0,24.26,17.32,1.03,87.38,0.99,2.44,Meghalaya_Shillong
2020-06-01,17.07,24.01,15.69,2.11,91.67,0.99,1.6,Meghalaya_Shillong
2020-06-02,16.61,23.29,18.39,2.42,93.46,0.99,1.31,Meghalaya_Shillong
2020-06-03,22.31,21.44,18.93,2.63,94.32,0.99,0.72,Meghalaya_Shillong
2020-06-04,13.86,23.15,18.51,2.17,94.24,0.99,0.91,Meghalaya_Shillong
2020-06-05,36.39,24.65,18.39,1.95,92.86,0.99,1.48,Meghalaya_Shillong
2020-06-06,53.95,22.74,19.43,2.75,97.01,1.0,0.29,Meghalaya_Shillong
2020-06-07,9.17,24.2,19.17,1.7,92.13,1.0,1.55,Meghalaya_Shillong
2020-06-08,2.37,24.46,18.57,1.19,91.16,0.99,1.75,Meghalaya_Shillong
2020-06-09,2.8,27.44,18.03,0.93,86.51,0.99,2.91,Meghalaya_Shillong
2020-06-10,6.86,26.43,19.05,1.0,88.79,0.99,2.44,Meghalaya_Shillong
2020-06-11,19.19,23.6,19.85,1.37,94.45,0.99,0.67,Meghalaya_Shillong
2020-06-12,19.73,24.62,19.16,1.91,93.97,0.99,1.13,Meghalaya_Shillong
2020-06-13,34.76,23.03,19.39,1.89,95.29,1.0,0.55,Meghalaya_Shillong
2020-06-14,15.29,26.1,18.56,1.21,90.19,1.0,2.04,Meghalaya_Shillong
2020-06-15,11.81,26.43,19.74,1.3,91.18,0.99,2.02,Meghalaya_Shillong
2020-06-16,26.44,23.12,19.54,1.44,95.04,1.0,0.62,Meghalaya_Shillong
2020-06-17,79.54,25.75,19.43,2.5,92.69,1.0,1.74,Meghalaya_Shillong
2020-06-18,38.41,23.3,20.89,3.49,94.71,1.0,0.96,Meghalaya_Shillong
2020-06-19,27.73,25.49,20.46,2.23,91.99,1.0,1.7,Meghalaya_Shillong
2020-06-20,15.31,25.87,20.23,1.52,91.65,1.0,1.79,Meghalaya_Shillong
2020-06-21,19.61,24.22,19.64,2.25,92.89,1.0,1.38,Meghalaya_Shillong
2020-06-22,18.32,25.73,19.33,1.91,91.1,1.0,2.29,Meghalaya_Shillong
2020-06-23,48.88,25.67,19.77,2.15,92.32,1.0,2.02,Meghalaya_Shillong
2020-06-24,54.59,24.66,21.12,2.67,93.57,1.0,1.4,Meghalaya_Shillong
2020-06-25,88.25,23.73,21.11,3.13,95.51,1.0,0.66,Meghalaya_Shillong
2020-06-26,134.38,22.08,20.6,4.11,97.0,1.0,0.29,Meghalaya_Shillong
2020-06-27,194.23,22.77,20.4,3.64,96.6,1.0,0.4,Meghalaya_Shillong
2020-06-28,69.17,24.55,19.97,2.44,93.96,1.0,1.01,Meghalaya_Shillong
2020-06-29,15.07,25.59,19.45,1.21,91.41,1.0,1.66,Meghalaya_Shillong
2020-06-30,3.93,26.0,18.73,1.64,91.5,1.0,2.13,Meghalaya_Shillong
2020-07-01,31.35,23.19,20.35,2.51,96.27,1.0,0.43,Meghalaya_Shillong
2020-07-02,25.71,23.94,20.23,2.02,94.53,1.0,0.75,Meghalaya_Shillong
2020-07-03,16.78,25.78,20.2,1.35,92.65,1.0,1.34,Meghalaya_Shillong
2020-07-04,12.81,26.6,19.84,1.2,89.27,1.0,2.24,Meghalaya_Shillong
2020-07-05,20.8,25.06,20.24,2.07,92.63,1.0,1.45,Meghalaya_Shillong
2020-07-06,26.24,23.14,18.98,1.26,92.48,1.0,0.61,Meghalaya_Shillong
2020-07-07,11.75,25.12,19.0,2.03,93.12,1.0,1.46,Meghalaya_Shillong
2020-07-08,40.95,25.01,20.86,2.2,93.13,1.0,1.3,Meghalaya_Shillong
2020-07-09,57.34,24.07,21.2,3.43,96.19,1.0,0.54,Meghalaya_Shillong
2020-07-10,116.96,23.63,21.32,4.59,96.65,1.0,0.41,Meghalaya_Shillong
2020-07-11,102.15,22.6,20.26,4.05,96.4,1.0,0.43,Meghalaya_Shillong
2020-07-12,63.66,24.71,20.15,2.6,93.41,1.0,1.17,Meghalaya_Shillong
2020-07-13,35.0,26.3,20.08,1.51,92.08,1.0,1.59,Meghalaya_Shillong
2020-07-14,17.13,24.7,20.59,1.34,94.21,1.0,0.92,Meghalaya_Shillong
2020-07-15,17.39,25.92,19.68,1.73,92.77,1.0,1.46,Meghalaya_Shillong
2020-07-16,13.87,24.8,19.96,1.94,92.57,1.0,1.47,Meghalaya_Shillong
2020-07-17,12.25,24.35,19.87,1.95,93.42,1.0,1.37,Meghalaya_Shillong
2020-07-18,49.77,24.12,19.85,2.29,93.39,1.0,1.27,Meghalaya_Shillong
2020-07-19,102.99,24.05,20.32,3.15,94.75,1.0,0.91,Meghalaya_Shillong
2020-07-20,131.95,22.57,20.38,3.93,97.07,1.0,0.31,Meghalaya_Shillong
2020-07-21,74.64,22.63,20.11,3.17,96.0,1.0,0.48,Meghalaya_Shillong
2020-07-22,21.12,25.0,19.73,1.7,93.19,1.0,1.22,Meghalaya_Shillong
2020-07-23,22.68,23.88,19.53,1.74,94.01,1.0,0.93,Meghalaya_Shillong
2020-07-24,16.17,25.71,19.78,1.6,91.63,1.0,1.76,Meghalaya_Shillong
2020-07-25,3.15,26.57,20.08,1.19,91.42,1.0,2.06,Meghalaya_Shillong
2020-07-26,5.58,26.19,20.31,1.24,92.2,0.99,1.69,Meghalaya_Shillong
2020-07-27,11.33,24.92,20.35,1.49,92.83,0.99,1.37,Meghalaya_Shillong
2020-07-28,13.15,25.65,20.07,1.25,92.54,0.99,1.48,Meghalaya_Shillong
2020-07-29,36.92,24.66,20.34,2.17,95.42,1.0,0.8,Meghalaya_Shillong
2020-07-30,14.28,22.99,19.55,2.39,94.78,1.0,0.85,Meghalaya_Shillong
2020-07-31,12.32,26.29,18.96,1.32,92.14,1.0,1.82,Meghalaya_Shillong
2020-08-01,5.69,28.03,19.88,0.84,87.32,0.99,3.51,Meghalaya_Shillong
2020-08-02,10.29,28.34,20.35,0.9,89.34,0.99,2.42,Meghalaya_Shillong
2020-08-03,4.29,28.41,20.82,0.85,86.14,0.99,3.02,Meghalaya_Shillong
2020-08-04,0.11,26.64,21.4,1.69,90.88,0.99,1.72,Meghalaya_Shillong
2020-08-05,1.15,27.24,20.29,2.21,89.48,0.98,2.97,Meghalaya_Shillong
2020-08-06,17.79,27.4,20.14,1.55,88.65,0.98,3.05,Meghalaya_Shillong
2020-08-07,12.89,26.1,20.71,1.96,92.95,0.99,1.85,Meghalaya_Shillong
2020-08-08,13.33,24.7,20.81,1.95,94.99,0.99,1.02,Meghalaya_Shillong
2020-08-09,27.75,23.39,20.26,1.52,95.13,0.99,0.65,Meghalaya_Shillong
2020-08-10,10.84,25.3,19.81,1.49,92.47,0.99,1.9,Meghalaya_Shillong
2020-08-11,29.26,24.5,21.09,2.01,94.43,1.0,1.18,Meghalaya_Shillong
2020-08-12,19.8,26.7,21.06,1.68,91.82,1.0,2.0,Meghalaya_Shillong
2020-08-13,24.24,25.64,20.68,1.25,92.88,1.0,1.56,Meghalaya_Shillong
2020-08-14,18.73,26.67,19.62,0.82,88.24,1.0,1.93,Meghalaya_Shillong
2020-08-15,31.54,24.06,20.22,1.83,92.77,1.0,1.15,Meghalaya_Shillong
2020-08-16,30.82,24.97,20.01,2.71,94.27,1.0,1.05,Meghalaya_Shillong
2020-08-17,31.3,23.68,20.27,2.89,95.47,1.0,0.71,Meghalaya_Shillong
2020-08-18,18.97,26.05,19.89,2.23,93.05,1.0,1.72,Meghalaya_Shillong
2020-08-19,19.54,26.14,19.54,1.57,91.09,1.0,2.01,Meghalaya_Shillong
2020-08-20,10.08,25.03,19.01,1.43,91.77,1.0,1.43,Meghalaya_Shillong
2020-08-21,21.54,25.22,18.08,1.7,92.15,1.0,1.76,Meghalaya_Shillong
2020-08-22,41.75,24.9,18.78,1.65,93.27,1.0,1.29,Meghalaya_Shillong
2020-08-23,1.87,25.11,18.02,1.22,91.94,1.0,2.07,Meghalaya_Shillong
2020-08-24,7.77,26.79,19.38,0.9,89.63,0.99,2.73,Meghalaya_Shillong
2020-08-25,6.82,26.82,20.3,1.38,91.03,0.99,2.04,Meghalaya_Shillong
2020-08-26,4.58,26.61,18.31,1.4,89.36,0.99,2.54,Meghalaya_Shillong
2020-08-27,24.99,23.83,18.87,1.49,94.04,0.99,1.05,Meghalaya_Shillong
2020-08-28,21.32,25.22,18.69,1.76,91.75,1.0,2.37,Meghalaya_Shillong
2020-08-29,30.98,25.04,19.9,2.27,92.93,1.0,1.81,Meghalaya_Shillong
2020-08-30,13.87,25.85,20.22,1.89,92.14,1.0,2.32,Meghalaya_Shillong
2020-08-31,23.08,25.16,19.74,1.29,93.52,1.0,1.25,Meghalaya_Shillong
2020-09-01,13.06,24.07,18.48,1.02,93.35,1.0,0.87,Meghalaya_Shillong
2020-09-02,3.45,27.16,18.17,0.99,88.39,0.99,2.82,Meghalaya_Shillong
2020-09-03,5.94,26.25,19.37,0.93,88.9,0.99,3.08,Meghalaya_Shillong
2020-09-04,3.53,26.9,18.55,1.13,89.33,0.99,3.32,Meghalaya_Shillong
2020-09-05,16.63,25.55,19.85,1.5,91.98,0.99,2.15,Meghalaya_Shillong
2020-09-06,20.32,25.22,19.81,1.65,93.43,0.99,1.71,Meghalaya_Shillong
2020-09-07,39.37,24.68,19.33,1.68,93.36,1.0,1.71,Meghalaya_Shillong
2020-09-08,18.24,23.74,18.83,1.38,95.71,1.0,0.75,Meghalaya_Shillong
2020-09-09,9.49,25.34,19.93,0.89,91.9,0.99,1.68,Meghalaya_Shillong
2020-09-10,14.37,25.43,19.48,1.5,91.58,1.0,1.92,Meghalaya_Shillong
2020-09-11,27.14,25.42,19.81,1.41,94.64,1.0,1.22,Meghalaya_Shillong
2020-09-12,12.68,23.85,20.08,1.46,95.19,1.0,0.94,Meghalaya_Shillong
2020-09-13,16.22,25.71,19.61,1.35,94.38,1.0,1.35,Meghalaya_Shillong
2020-09-14,18.74,24.21,20.08,1.72,94.74,1.0,1.17,Meghalaya_Shillong
2020-09-15,43.44,23.33,19.43,1.54,94.46,1.0,0.9,Meghalaya_Shillong
2020-09-16,63.23,23.59,19.25,2.11,96.11,1.0,0.53,Meghalaya_Shillong
2020-09-17,31.59,23.86,19.7,1.77,94.38,1.0,0.86,Meghalaya_Shillong
2020-09-18,0.67,27.7,18.95,0.67,85.84,1.0,3.83,Meghalaya_Shillong
2020-09-19,0.03,28.1,19.72,1.29,88.36,0.99,3.42,Meghalaya_Shillong
2020-09-20,0.09,27.65,19.58,1.42,87.29,0.99,3.71,Meghalaya_Shillong
2020-09-21,53.19,24.47,19.65,1.39,93.16,0.99,1.33,Meghalaya_Shillong
2020-09-22,92.41,24.48,19.81,2.54,95.97,1.0,0.71,Meghalaya_Shillong
2020-09-23,82.38,22.59,20.5,2.29,96.65,1.0,0.36,Meghalaya_Shillong
2020-09-24,109.18,23.5,20.25,2.89,96.42,1.0,0.59,Meghalaya_Shillong
2020-09-25,110.56,22.73,20.77,2.99,97.21,1.0,0.35,Meghalaya_Shillong
2020-09-26,65.46,22.54,20.14,2.93,96.12,1.0,0.59,Meghalaya_Shillong
2020-09-27,25.56,23.6,19.34,1.97,95.5,1.0,0.71,Meghalaya_Shillong
2020-09-28,1.71,26.37,18.34,0.86,90.37,1.0,3.37,Meghalaya_Shillong
2020-09-29,0.03,26.36,19.53,0.64,88.72,1.0,3.5,Meghalaya_Shillong
2020-09-30,2.1,25.91,19.46,0.7,89.74,0.99,2.91,Meghalaya_Shillong
2020-10-01,4.09,26.11,20.12,0.72,90.3,0.99,2.57,Meghalaya_Shillong
2020-10-02,1.23,26.28,19.48,0.84,89.87,0.99,3.38,Meghalaya_Shillong
2020-10-03,7.86,23.72,19.06,0.94,95.2,0.99,0.86,Meghalaya_Shillong
2020-10-04,9.73,24.79,18.76,1.02,93.24,0.99,1.8,Meghalaya_Shillong
2020-10-05,42.41,24.22,18.47,1.15,92.12,1.0,1.65,Meghalaya_Shillong
2020-10-06,30.76,22.9,19.09,1.43,95.01,1.0,1.02,Meghalaya_Shillong
2020-10-07,32.11,24.48,17.85,1.28,92.64,1.0,2.24,Meghalaya_Shillong
2020-10-08,1.93,26.97,18.59,0.54,86.83,1.0,4.5,Meghalaya_Shillong
2020-10-09,0.38,26.88,19.15,0.73,90.02,0.99,3.13,Meghalaya_Shillong
2020-10-10,0.35,26.32,19.71,0.99,90.77,0.99,3.2,Meghalaya_Shillong
2020-10-11,0.37,25.6,19.71,0.82,91.85,0.99,2.74,Meghalaya_Shillong
2020-10-12,0.4,26.08,19.83,0.7,86.82,0.98,4.22,Meghalaya_Shillong
2020-10-13,0.15,27.03,18.1,0.75,84.9,0.98,5.27,Meghalaya_Shillong
2020-10-14,0.81,27.02,19.17,0.6,84.3,0.98,5.38,Meghalaya_Shillong
2020-10-15,0.14,26.63,18.99,0.77,87.62,0.97,4.76,Meghalaya_Shillong
2020-10-16,0.0,26.89,19.54,0.63,82.4,0.97,5.61,Meghalaya_Shillong
2020-10-17,0.04,26.98,17.74,0.82,81.38,0.96,5.91,Meghalaya_Shillong
2020-10-18,0.08,25.99,16.8,0.88,89.09,0.96,4.64,Meghalaya_Shillong
2020-10-19,0.84,25.18,18.18,0.82,88.29,0.95,4.98,Meghalaya_Shillong
2020-10-20,1.34,26.79,17.76,0.66,86.16,0.95,5.84,Meghalaya_Shillong
2020-10-21,5.87,25.65,17.69,0.73,88.23,0.95,4.36,Meghalaya_Shillong
2020-10-22,16.71,22.13,17.23,0.88,93.39,0.96,0.95,Meghalaya_Shillong
2020-10-23,122.01,20.69,16.32,1.68,95.06,0.98,0.39,Meghalaya_Shillong
2020-10-24,78.09,21.44,16.54,1.63,95.49,1.0,0.74,Meghalaya_Shillong
2020-10-25,11.56,23.08,17.62,1.48,93.64,1.0,2.2,Meghalaya_Shillong
2020-10-26,0.07,24.51,16.07,0.68,87.29,0.99,4.11,Meghalaya_Shillong
2020-10-27,0.03,25.39,15.04,0.64,83.64,0.99,5.38,Meghalaya_Shillong
2020-10-28,0.01,24.82,15.0,0.91,86.89,0.98,4.43,Meghalaya_Shillong
2020-10-29,0.05,25.14,15.63,1.16,89.3,0.98,4.05,Meghalaya_Shillong
2020-10-30,0.07,25.24,15.16,1.27,87.57,0.98,3.91,Meghalaya_Shillong
2020-10-31,2.62,21.99,18.01,0.83,94.33,0.97,0.71,Meghalaya_Shillong
2020-11-01,5.48,22.28,17.42,0.96,90.62,0.97,1.91,Meghalaya_Shillong
2020-11-02,0.83,24.2,17.35,0.78,89.43,0.97,3.51,Meghalaya_Shillong
2020-11-03,0.11,23.04,16.52,1.15,92.17,0.97,3.34,Meghalaya_Shillong
2020-11-04,0.08,22.64,12.9,1.21,85.98,0.97,3.9,Meghalaya_Shillong
2020-11-05,0.0,21.15,11.93,1.25,67.93,0.96,4.24,Meghalaya_Shillong
2020-11-06,0.0,21.41,10.83,0.84,61.22,0.96,4.55,Meghalaya_Shillong
2020-11-07,0.0,22.47,10.33,1.17,86.19,0.95,4.0,Meghalaya_Shillong
2020-11-08,0.0,21.91,10.78,1.27,87.64,0.95,4.07,Meghalaya_Shillong
2020-11-09,0.0,21.75,10.76,1.25,82.5,0.94,4.39,Meghalaya_Shillong
2020-11-10,0.0,22.26,11.27,1.22,80.26,0.94,4.55,Meghalaya_Shillong
2020-11-11,0.0,22.64,11.76,1.23,83.69,0.93,4.26,Meghalaya_Shillong
2020-11-12,0.0,23.71,11.88,0.93,82.46,0.93,4.89,Meghalaya_Shillong
2020-11-13,0.0,24.27,12.1,0.78,80.15,0.93,5.28,Meghalaya_Shillong
2020-11-14,0.0,23.56,14.48,0.69,82.99,0.92,5.04,Meghalaya_Shillong
2020-11-15,0.0,23.41,12.99,1.0,85.43,0.92,4.59,Meghalaya_Shillong
2020-11-16,0.0,23.11,12.29,0.92,87.33,0.91,4.71,Meghalaya_Shillong
2020-11-17,0.19,20.22,12.69,1.2,90.77,0.91,3.35,Meghalaya_Shillong
2020-11-18,0.01,18.48,10.57,1.4,88.59,0.91,3.2,Meghalaya_Shillong
2020-11-19,0.0,19.32,8.84,1.06,89.71,0.91,2.95,Meghalaya_Shillong
2020-11-20,0.0,19.76,10.16,1.15,88.1,0.9,3.23,Meghalaya_Shillong
2020-11-21,0.14,20.17,10.81,1.13,84.53,0.9,3.39,Meghalaya_Shillong
2020-11-22,0.09,17.98,7.35,1.23,83.83,0.9,3.23,Meghalaya_Shillong
2020-11-23,0.0,18.61,5.37,0.99,79.98,0.89,3.41,Meghalaya_Shillong
2020-11-24,0.0,20.43,8.11,0.89,79.22,0.89,4.01,Meghalaya_Shillong
2020-11-25,0.0,21.23,7.81,0.98,83.92,0.89,3.93,Meghalaya_Shillong
2020-11-26,0.0,20.46,10.25,0.92,82.02,0.89,2.53,Meghalaya_Shillong
2020-11-27,0.0,20.74,11.42,0.76,82.47,0.88,2.87,Meghalaya_Shillong
2020-11-28,0.0,22.87,11.71,0.66,74.19,0.88,4.9,Meghalaya_Shillong
2020-11-29,0.0,21.67,10.55,0.88,82.34,0.88,4.04,Meghalaya_Shillong
2020-11-30,0.0,20.91,11.07,0.99,83.78,0.87,3.96,Meghalaya_Shillong
2020-12-01,0.0,20.29,11.16,0.88,77.98,0.87,4.17,Meghalaya_Shillong
2020-12-02,0.0,19.85,9.67,0.87,82.64,0.87,4.21,Meghalaya_Shillong
2020-12-03,0.0,19.31,9.3,0.85,86.47,0.87,3.59,Meghalaya_Shillong
2020-12-04,0.0,18.79,9.87,0.75,85.44,0.86,3.75,Meghalaya_Shillong
2020-12-05,0.04,17.59,9.86,0.88,88.61,0.86,2.62,Meghalaya_Shillong
2020-12-06,0.0,18.79,9.94,0.59,85.41,0.86,3.14,Meghalaya_Shillong
2020-12-07,0.0,19.5,9.03,0.6,80.39,0.86,3.59,Meghalaya_Shillong
2020-12-08,0.0,18.46,8.35,0.73,87.38,0.86,2.71,Meghalaya_Shillong
2020-12-09,0.0,19.31,8.97,0.58,86.66,0.85,3.48,Meghalaya_Shillong
2020-12-10,0.0,19.51,9.89,0.68,88.03,0.85,3.42,Meghalaya_Shillong
2020-12-11,0.0,19.1,9.18,0.57,87.41,0.85,3.41,Meghalaya_Shillong
2020-12-12,0.0,19.31,8.7,0.79,87.98,0.85,3.22,Meghalaya_Shillong
2020-12-13,0.0,19.09,8.69,1.03,86.24,0.85,3.09,Meghalaya_Shillong
2020-12-14,0.0,19.43,7.59,0.84,73.07,0.84,4.05,Meghalaya_Shillong
2020-12-15,0.0,19.04,6.81,0.83,78.04,0.84,3.53,Meghalaya_Shillong
2020-12-16,0.0,20.39,8.72,0.91,78.26,0.84,4.05,Meghalaya_Shillong
2020-12-17,0.0,17.77,7.93,1.26,86.84,0.84,2.88,Meghalaya_Shillong
2020-12-18,0.0,15.47,4.21,1.06,84.22,0.84,2.39,Meghalaya_Shillong
2020-12-19,0.0,16.09,3.16,0.92,72.54,0.84,2.75,Meghalaya_Shillong
2020-12-20,0.0,17.21,4.47,1.11,76.51,0.83,2.82,Meghalaya_Shillong
2020-12-21,0.0,17.79,4.87,1.17,81.23,0.83,2.68,Meghalaya_Shillong
2020-12-22,0.0,17.29,6.51,0.92,85.31,0.83,2.85,Meghalaya_Shillong
2020-12-23,0.0,18.37,6.68,0.8,85.33,0.83,3.18,Meghalaya_Shillong
2020-12-24,0.0,19.18,7.41,0.75,86.02,0.83,3.28,Meghalaya_Shillong
2020-12-25,0.0,18.69,6.61,1.02,85.23,0.83,3.07,Meghalaya_Shillong
2020-12-26,0.0,17.99,3.09,1.03,80.11,0.82,3.19,Meghalaya_Shillong
2020-12-27,0.0,16.94,6.29,0.87,82.74,0.82,2.69,Meghalaya_Shillong
2020-12-28,0.0,17.46,6.17,0.97,86.18,0.82,2.64,Meghalaya_Shillong
2020-12-29,0.0,18.52,5.6,0.61,73.04,0.82,3.35,Meghalaya_Shillong
2020-12-30,0.0,18.46,5.65,0.89,82.13,0.82,3.09,Meghalaya_Shillong
2020-12-31,0.0,19.12,8.15,0.84,78.67,0.82,3.1,Meghalaya_Shillong
2021-01-01,0.0,18.7,6.53,1.07,83.48,0.82,3.15,Meghalaya_Shillong
2021-01-02,0.0,18.22,6.98,0.89,77.4,0.81,3.46,Meghalaya_Shillong
2021-01-03,0.0,19.66,7.09,0.88,71.81,0.81,3.1,Meghalaya_Shillong
2021-01-04,0.0,21.3,9.12,1.01,71.14,0.81,3.45,Meghalaya_Shillong
2021-01-05,0.0,21.71,9.67,1.21,74.63,0.81,3.82,Meghalaya_Shillong
2021-01-06,0.0,21.39,9.46,1.29,76.08,0.81,3.53,Meghalaya_Shillong
2021-01-07,0.0,20.38,8.64,1.37,82.51,0.8,3.06,Meghalaya_Shillong
2021-01-08,0.0,19.32,8.02,1.16,80.63,0.8,2.92,Meghalaya_Shillong
2021-01-09,0.0,20.15,8.53,1.02,79.55,0.8,3.29,Meghalaya_Shillong
2021-01-10,0.0,18.7,7.6,1.35,86.68,0.8,2.33,Meghalaya_Shillong
2021-01-11,0.0,19.05,7.8,1.12,86.76,0.8,2.87,Meghalaya_Shillong
2021-01-12,0.0,17.54,7.82,0.87,86.84,0.8,2.39,Meghalaya_Shillong
2021-01-13,0.0,15.99,5.95,0.79,86.18,0.8,2.16,Meghalaya_Shillong
2021-01-14,0.0,16.4,5.4,0.88,86.86,0.8,2.09,Meghalaya_Shillong
2021-01-15,0.0,17.31,5.86,0.69,85.09,0.8,2.55,Meghalaya_Shillong
2021-01-16,0.0,17.05,7.45,0.58,86.2,0.79,2.32,Meghalaya_Shillong
2021-01-17,0.0,17.05,6.49,1.15,86.19,0.79,2.12,Meghalaya_Shillong
2021-01-18,0.0,18.26,7.78,1.22,87.94,0.79,2.36,Meghalaya_Shillong
2021-01-19,0.06,14.75,7.87,1.37,90.0,0.79,1.26,Meghalaya_Shillong
2021-01-20,2.72,13.89,7.52,1.35,92.39,0.79,0.66,Meghalaya_Shillong
2021-01-21,0.38,15.51,5.11,1.07,84.27,0.8,1.83,Meghalaya_Shillong
2021-01-22,0.01,17.66,5.13,0.91,81.54,0.79,2.69,Meghalaya_Shillong
2021-01-23,0.0,16.75,6.47,0.95,83.22,0.79,2.45,Meghalaya_Shillong
2021-01-24,0.0,17.44,6.55,0.98,84.03,0.79,2.43,Meghalaya_Shillong
2021-01-25,0.0,17.96,3.88,1.03,79.97,0.79,3.13,Meghalaya_Shillong
2021-01-26,0.0,17.67,5.57,0.98,74.8,0.78,3.02,Meghalaya_Shillong
2021-01-27,0.0,18.06,4.2,0.98,69.29,0.78,3.01,Meghalaya_Shillong
2021-01-28,0.0,18.97,4.3,1.02,73.88,0.78,3.16,Meghalaya_Shillong
2021-01-29,0.0,19.53,5.7,0.89,70.61,0.78,3.41,Meghalaya_Shillong
2021-01-30,0.0,15.82,3.83,1.65,70.86,0.78,2.3,Meghalaya_Shillong
2021-01-31,0.0,15.47,3.46,1.06,66.67,0.78,2.2,Meghalaya_Shillong
2021-02-01,0.0,16.55,4.09,0.95,73.72,0.78,2.54,Meghalaya_Shillong
2021-02-02,0.0,18.02,3.34,0.95,71.9,0.78,2.88,Meghalaya_Shillong
2021-02-03,0.0,19.32,5.94,0.93,72.17,0.77,3.32,Meghalaya_Shillong
2021-02-04,0.0,19.76,7.37,0.99,71.02,0.77,3.37,Meghalaya_Shillong
2021-02-05,0.0,19.72,9.0,0.95,70.45,0.77,3.54,Meghalaya_Shillong
2021-02-06,0.0,19.39,6.94,0.91,74.76,0.77,3.33,Meghalaya_Shillong
2021-02-07,1.26,15.48,5.9,0.88,81.16,0.77,0.94,Meghalaya_Shillong
2021-02-08,0.0,19.91,5.4,1.42,68.39,0.77,3.59,Meghalaya_Shillong
2021-02-09,0.0,22.59,9.09,0.99,47.33,0.77,4.44,Meghalaya_Shillong
2021-02-10,0.0,20.76,10.26,0.94,51.37,0.76,4.06,Meghalaya_Shillong
2021-02-11,0.0,18.53,7.83,1.14,63.87,0.76,3.13,Meghalaya_Shillong
2021-02-12,0.0,20.08,7.5,1.08,66.74,0.76,3.57,Meghalaya_Shillong
2021-02-13,0.0,20.0,8.99,0.83,66.36,0.76,3.46,Meghalaya_Shillong
2021-02-14,0.0,19.84,7.89,1.01,74.6,0.76,3.21,Meghalaya_Shillong
2021-02-15,0.0,18.61,7.36,1.25,72.29,0.76,2.9,Meghalaya_Shillong
2021-02-16,0.0,19.87,8.29,1.04,57.69,0.75,3.67,Meghalaya_Shillong
2021-02-17,0.0,21.52,7.52,1.1,64.0,0.75,3.92,Meghalaya_Shillong
2021-02-18,0.0,21.51,11.25,1.33,70.18,0.75,4.03,Meghalaya_Shillong
2021-02-19,0.0,20.99,10.11,1.08,63.06,0.75,3.06,Meghalaya_Shillong
2021-02-20,0.0,19.41,10.16,1.03,69.5,0.75,2.0,Meghalaya_Shillong
2021-02-21,0.0,21.49,8.7,1.04,58.43,0.75,4.46,Meghalaya_Shillong
2021-02-22,0.0,21.74,9.36,1.03,56.31,0.74,4.48,Meghalaya_Shillong
2021-02-23,0.0,21.68,9.87,1.06,54.99,0.74,4.59,Meghalaya_Shillong
2021-02-24,0.0,20.86,9.02,1.33,61.43,0.74,4.06,Meghalaya_Shillong
2021-02-25,0.14,19.5,7.68,1.58,72.75,0.74,2.98,Meghalaya_Shillong
2021-02-26,1.16,21.15,8.72,1.55,64.67,0.74,3.9,Meghalaya_Shillong
2021-02-27,0.0,20.64,9.8,1.57,66.06,0.74,3.7,Meghalaya_Shillong
2021-02-28,0.0,20.74,11.05,1.61,63.46,0.73,4.04,Meghalaya_Shillong
2021-03-01,0.0,21.55,11.52,1.81,66.44,0.73,3.81,Meghalaya_Shillong
2021-03-02,0.0,21.23,10.14,1.71,60.62,0.73,4.43,Meghalaya_Shillong
2021-03-03,0.0,21.01,10.57,1.1,59.5,0.73,3.84,Meghalaya_Shillong
2021-03-04,0.0,20.26,8.76,1.68,54.64,0.72,4.43,Meghalaya_Shillong
2021-03-05,8.54,19.89,8.43,1.85,60.78,0.72,3.7,Meghalaya_Shillong
2021-03-06,13.53,20.74,8.9,1.55,80.77,0.75,2.86,Meghalaya_Shillong
2021-03-07,2.8,20.78,9.67,1.12,76.76,0.76,3.73,Meghalaya_Shillong
2021-03-08,5.43,21.43,11.53,1.1,70.32,0.75,3.56,Meghalaya_Shillong
2021-03-09,5.31,20.35,11.2,1.67,84.19,0.76,2.36,Meghalaya_Shillong
2021-03-10,2.01,22.61,11.7,1.59,73.61,0.75,4.03,Meghalaya_Shillong
2021-03-11,0.04,22.21,11.69,1.48,76.63,0.75,4.34,Meghalaya_Shillong
2021-03-12,0.0,23.9,12.15,1.45,63.97,0.74,5.21,Meghalaya_Shillong
2021-03-13,0.01,23.88,10.75,1.67,67.05,0.73,5.15,Meghalaya_Shillong
2021-03-14,0.14,22.91,10.56,1.65,71.04,0.73,4.6,Meghalaya_Shillong
2021-03-15,0.0,21.67,11.04,1.41,76.52,0.73,3.68,Meghalaya_Shillong
2021-03-16,0.0,23.09,9.93,1.42,68.24,0.72,5.18,Meghalaya_Shillong
2021-03-17,0.0,22.93,9.19,1.43,59.27,0.72,5.21,Meghalaya_Shillong
2021-03-18,0.0,23.81,10.69,1.42,56.35,0.71,5.49,Meghalaya_Shillong
2021-03-19,0.0,24.13,11.53,1.26,64.47,0.71,4.94,Meghalaya_Shillong
2021-03-20,0.0,23.51,12.53,1.64,63.77,0.71,4.68,Meghalaya_Shillong
2021-03-21,0.0,24.22,11.37,2.03,67.29,0.71,5.5,Meghalaya_Shillong
2021-03-22,0.0,25.15,12.25,1.74,53.02,0.7,5.66,Meghalaya_Shillong
2021-03-23,0.0,25.37,13.78,1.63,50.5,0.7,6.06,Meghalaya_Shillong
2021-03-24,0.0,25.36,12.36,2.12,61.59,0.69,5.44,Meghalaya_Shillong
2021-03-25,0.0,24.32,11.57,1.97,59.49,0.69,5.75,Meghalaya_Shillong
2021-03-26,0.0,24.63,12.07,1.94,50.06,0.69,5.93,Meghalaya_Shillong
2021-03-27,0.0,25.72,12.84,1.46,40.47,0.68,6.17,Meghalaya_Shillong
2021-03-28,0.0,25.73,12.09,1.56,48.04,0.68,6.15,Meghalaya_Shillong
2021-03-29,2.39,24.31,11.72,1.48,61.8,0.68,4.26,Meghalaya_Shillong
2021-03-30,19.44,22.68,15.18,1.44,84.01,0.71,2.83,Meghalaya_Shillong
2021-03-31,17.89,23.87,13.76,1.9,86.67,0.74,3.66,Meghalaya_Shillong
2021-04-01,5.21,22.87,11.96,2.12,81.79,0.74,4.22,Meghalaya_Shillong
2021-04-02,15.92,22.75,12.14,2.28,76.85,0.75,4.33,Meghalaya_Shillong
2021-04-03,1.72,24.69,11.57,1.61,69.11,0.75,5.68,Meghalaya_Shillong
2021-04-04,0.01,25.16,14.87,1.56,51.19,0.73,6.81,Meghalaya_Shillong
2021-04-05,1.59,25.4,15.41,0.91,56.54,0.72,6.56,Meghalaya_Shillong
2021-04-06,0.26,25.26,15.62,1.07,53.59,0.72,6.64,Meghalaya_Shillong
2021-04-07,4.63,23.86,14.45,1.34,65.38,0.71,4.55,Meghalaya_Shillong
2021-04-08,3.81,24.03,13.09,1.51,80.42,0.72,4.83,Meghalaya_Shillong
2021-04-09,10.85,22.98,14.61,1.61,86.14,0.73,3.41,Meghalaya_Shillong
2021-04-10,9.0,24.41,14.26,1.83,83.87,0.74,4.6,Meghalaya_Shillong
2021-04-11,0.91,24.66,13.62,1.8,79.34,0.73,5.36,Meghalaya_Shillong
2021-04-12,0.74,25.69,13.24,1.77,70.04,0.72,6.55,Meghalaya_Shillong
2021-04-13,0.35,25.82,14.73,1.82,66.86,0.72,6.37,Meghalaya_Shillong
2021-04-14,6.87,26.04,13.32,1.36,65.02,0.72,6.3,Meghalaya_Shillong
2021-04-15,2.96,22.93,15.3,1.38,73.17,0.72,3.31,Meghalaya_Shillong
2021-04-16,34.41,20.32,14.23,1.1,88.42,0.75,0.88,Meghalaya_Shillong
2021-04-17,9.01,22.57,13.31,1.37,79.14,0.77,3.36,Meghalaya_Shillong
2021-04-18,26.36,22.01,13.3,1.74,85.25,0.78,2.73,Meghalaya_Shillong
2021-04-19,2.48,22.79,12.34,2.07,80.37,0.78,4.66,Meghalaya_Shillong
2021-04-20,5.66,24.58,12.7,1.4,77.54,0.77,5.68,Meghalaya_Shillong
2021-04-21,14.72,24.19,14.09,1.31,74.12,0.77,4.05,Meghalaya_Shillong
2021-04-22,3.19,25.47,15.06,1.33,82.06,0.77,4.47,Meghalaya_Shillong
2021-04-23,0.01,25.37,14.51,1.66,68.32,0.76,6.7,Meghalaya_Shillong
2021-04-24,0.0,25.74,14.39,1.32,60.92,0.74,7.4,Meghalaya_Shillong
2021-04-25,0.0,26.88,16.15,1.3,58.84,0.73,7.66,Meghalaya_Shillong
2021-04-26,0.01,26.65,16.55,1.41,63.46,0.73,7.3,Meghalaya_Shillong
2021-04-27,12.42,26.43,19.22,1.23,65.52,0.73,5.57,Meghalaya_Shillong
2021-04-28,1.97,26.6,17.35,1.06,66.81,0.74,6.24,Meghalaya_Shillong
2021-04-29,0.04,25.92,17.31,0.94,65.9,0.73,5.3,Meghalaya_Shillong
2021-04-30,2.62,25.61,16.93,1.1,75.19,0.73,4.8,Meghalaya_Shillong
2021-05-01,5.82,23.99,15.93,1.45,76.44,0.74,4.07,Meghalaya_Shillong
2021-05-02,15.31,23.49,15.96,1.28,81.08,0.75,3.62,Meghalaya_Shillong
2021-05-03,22.27,20.67,15.46,1.28,90.72,0.77,1.12,Meghalaya_Shillong
2021-05-04,12.03,22.68,14.52,1.28,86.09,0.79,2.29,Meghalaya_Shillong
2021-05-05,18.73,21.45,14.69,0.84,80.5,0.8,1.95,Meghalaya_Shillong
2021-05-06,7.33,23.44,13.25,1.0,83.35,0.8,3.71,Meghalaya_Shillong
2021-05-07,18.98,23.15,14.75,1.27,82.67,0.8,3.39,Meghalaya_Shillong
2021-05-08,13.18,23.3,15.41,1.43,85.19,0.81,3.01,Meghalaya_Shillong
2021-05-09,1.75,24.29,14.13,1.47,83.06,0.8,4.85,Meghalaya_Shillong
2021-05-10,9.46,23.77,14.2,1.65,86.0,0.79,4.36,Meghalaya_Shillong
2021-05-11,2.64,23.48,15.06,1.52,85.16,0.79,3.59,Meghalaya_Shillong
2021-05-12,6.21,22.48,15.63,1.14,86.0,0.79,2.61,Meghalaya_Shillong
2021-05-13,13.67,22.13,15.0,1.91,88.52,0.8,2.38,Meghalaya_Shillong
2021-05-14,20.5,22.89,15.72,1.67,91.27,0.81,1.88,Meghalaya_Shillong
2021-05-15,2.69,23.77,13.9,1.95,87.93,0.81,4.21,Meghalaya_Shillong
2021-05-16,9.44,25.22,15.27,1.46,85.43,0.8,4.68,Meghalaya_Shillong
2021-05-17,19.79,25.53,16.06,1.94,88.06,0.81,3.25,Meghalaya_Shillong
2021-05-18,33.49,25.32,16.93,2.52,88.73,0.83,3.66,Meghalaya_Shillong
2021-05-19,44.77,24.97,18.66,2.5,88.97,0.87,3.19,Meghalaya_Shillong
2021-05-20,34.17,26.84,19.23,2.16,88.32,0.86,4.26,Meghalaya_Shillong
2021-05-21,14.25,24.63,19.45,2.76,91.83,0.87,1.61,Meghalaya_Shillong
2021-05-22,11.06,25.06,19.9,2.64,92.69,0.87,1.87,Meghalaya_Shillong
2021-05-23,0.01,27.52,18.63,0.93,83.49,0.85,5.07,Meghalaya_Shillong
2021-05-24,0.37,27.12,17.83,1.08,87.97,0.84,2.88,Meghalaya_Shillong
2021-05-25,9.59,27.84,19.87,1.18,85.91,0.85,4.22,Meghalaya_Shillong
2021-05-26,14.72,26.55,19.83,1.75,87.51,0.85,3.77,Meghalaya_Shillong
2021-05-27,9.67,24.62,17.0,1.9,81.61,0.86,4.11,Meghalaya_Shillong
2021-05-28,4.42,27.08,17.83,1.27,78.05,0.85,5.76,Meghalaya_Shillong
2021-05-29,10.07,26.22,17.28,1.6,87.03,0.85,4.55,Meghalaya_Shillong
2021-05-30,12.13,26.39,18.27,2.03,88.69,0.85,4.25,Meghalaya_Shillong
2021-05-31,47.32,24.22,20.74,2.92,94.99,0.89,0.91,Meghalaya_Shillong
2021-06-01,23.08,24.26,20.0,2.34,90.47,0.91,2.96,Meghalaya_Shillong
2021-06-02,8.24,23.86,19.71,2.31,92.68,0.91,1.62,Meghalaya_Shillong
2021-06-03,7.42,24.18,19.0,2.24,91.28,0.9,2.64,Meghalaya_Shillong
2021-06-04,21.32,24.03,20.39,2.25,93.88,0.91,1.27,Meghalaya_Shillong
2021-06-05,37.54,24.21,20.75,3.26,93.71,0.93,1.36,Meghalaya_Shillong
2021-06-06,17.99,24.82,20.52,3.28,91.61,0.93,2.54,Meghalaya_Shillong
2021-06-07,9.85,25.28,20.53,3.5,91.12,0.93,2.91,Meghalaya_Shillong
2021-06-08,11.99,24.34,20.1,2.31,92.81,0.93,1.56,Meghalaya_Shillong
2021-06-09,1.69,23.09,18.77,1.44,91.65,0.93,1.46,Meghalaya_Shillong
2021-06-10,5.48,25.78,18.25,0.75,85.06,0.92,2.76,Meghalaya_Shillong
2021-06-11,29.43,24.57,19.28,1.19,90.94,0.94,1.5,Meghalaya_Shillong
2021-06-12,17.78,27.56,19.5,1.33,88.85,0.95,3.02,Meghalaya_Shillong
2021-06-13,5.32,25.7,20.29,0.86,89.94,0.95,1.96,Meghalaya_Shillong
2021-06-14,30.1,25.59,20.14,2.1,92.38,0.96,1.86,Meghalaya_Shillong
2021-06-15,11.9,27.53,19.7,2.07,88.4,0.96,3.77,Meghalaya_Shillong
2021-06-16,15.3,25.69,19.41,2.15,90.52,0.96,2.69,Meghalaya_Shillong
2021-06-17,15.86,26.14,19.87,2.26,90.54,0.96,2.92,Meghalaya_Shillong
2021-06-18,19.81,24.85,18.56,2.27,89.6,0.96,2.83,Meghalaya_Shillong
2021-06-19,41.75,24.51,18.99,2.51,92.51,0.97,1.46,Meghalaya_Shillong
2021-06-20,22.17,25.81,18.21,2.02,89.7,0.98,2.65,Meghalaya_Shillong
2021-06-21,5.61,25.52,18.58,2.15,90.43,0.98,3.02,Meghalaya_Shillong
2021-06-22,6.95,26.29,19.36,2.3,91.57,0.97,2.58,Meghalaya_Shillong
2021-06-23,24.61,25.73,18.63,2.32,90.62,0.97,2.78,Meghalaya_Shillong
2021-06-24,41.6,24.51,19.96,2.7,92.26,0.98,2.08,Meghalaya_Shillong
2021-06-25,28.41,25.54,19.89,2.68,92.13,0.99,2.07,Meghalaya_Shillong
2021-06-26,22.91,25.57,19.41,2.57,91.97,0.99,2.3,Meghalaya_Shillong
2021-06-27,49.57,25.33,20.05,3.06,92.12,0.99,2.04,Meghalaya_Shillong
2021-06-28,64.51,23.95,20.53,3.69,95.48,0.99,0.74,Meghalaya_Shillong
2021-06-29,39.81,23.75,20.67,4.19,95.77,0.99,0.85,Meghalaya_Shillong
2021-06-30,55.39,24.6,20.69,3.43,95.33,0.99,0.76,Meghalaya_Shillong
2021-07-01,14.88,23.93,20.01,3.15,93.06,0.99,1.46,Meghalaya_Shillong
2021-07-02,28.37,22.83,19.74,4.0,95.51,0.99,0.85,Meghalaya_Shillong
2021-07-03,88.85,24.83,20.47,3.15,94.84,0.99,0.8,Meghalaya_Shillong
2021-07-04,16.37,25.61,20.08,2.16,90.98,0.99,1.82,Meghalaya_Shillong
2021-07-05,16.15,25.41,20.03,2.12,92.38,0.99,1.79,Meghalaya_Shillong
2021-07-06,36.55,25.51,20.36,2.15,93.64,0.99,1.07,Meghalaya_Shillong
2021-07-07,25.6,24.12,20.66,2.06,96.06,0.99,0.43,Meghalaya_Shillong
2021-07-08,11.47,26.29,20.14,1.39,90.73,0.99,1.96,Meghalaya_Shillong
2021-07-09,6.1,25.77,20.58,1.11,92.27,0.99,1.57,Meghalaya_Shillong
2021-07-10,22.76,25.95,20.83,0.9,91.2,0.99,1.46,Meghalaya_Shillong
2021-07-11,6.59,23.84,20.7,1.49,95.57,0.99,0.44,Meghalaya_Shillong
2021-07-12,10.58,27.38,20.04,1.25,89.85,0.99,1.98,Meghalaya_Shillong
2021-07-13,21.56,25.56,19.63,1.7,92.36,0.99,1.41,Meghalaya_Shillong
2021-07-14,25.21,23.78,19.39,2.35,94.32,0.99,0.95,Meghalaya_Shillong
2021-07-15,4.18,25.12,19.25,1.8,90.52,0.99,2.38,Meghalaya_Shillong
2021-07-16,19.29,25.53,19.13,1.61,92.93,0.99,1.39,Meghalaya_Shillong
2021-07-17,3.61,25.52,19.01,1.61,93.53,0.99,1.39,Meghalaya_Shillong
2021-07-18,9.92,26.35,19.98,1.51,92.59,0.99,1.81,Meghalaya_Shillong
2021-07-19,25.32,27.19,20.33,1.16,89.99,0.99,1.88,Meghalaya_Shillong
2021-07-20,17.71,25.62,20.54,1.31,91.08,0.99,1.86,Meghalaya_Shillong
2021-07-21,20.3,28.08,20.32,0.96,88.12,0.99,2.44,Meghalaya_Shillong
2021-07-22,3.66,27.52,20.41,1.39,88.31,0.99,2.97,Meghalaya_Shillong
2021-07-23,12.2,25.4,19.68,2.06,91.48,0.99,1.92,Meghalaya_Shillong
2021-07-24,11.66,26.45,19.52,2.32,91.07,0.99,2.31,Meghalaya_Shillong
2021-07-25,7.83,26.44,20.6,2.36,91.71,0.98,2.51,Meghalaya_Shillong
2021-07-26,4.94,25.61,20.68,1.29,91.19,0.98,1.9,Meghalaya_Shillong
2021-07-27,2.39,26.08,20.5,1.41,90.88,0.98,1.66,Meghalaya_Shillong
2021-07-28,4.38,27.23,21.04,2.94,88.34,0.97,3.23,Meghalaya_Shillong
2021-07-29,29.59,24.73,19.86,2.04,91.34,0.98,1.79,Meghalaya_Shillong
2021-07-30,31.82,25.09,20.15,2.28,92.96,0.99,1.59,Meghalaya_Shillong
2021-07-31,21.48,23.83,19.69,2.51,94.46,0.99,1.05,Meghalaya_Shillong
2021-08-01,9.99,25.56,19.89,2.0,92.81,0.99,1.85,Meghalaya_Shillong
2021-08-02,56.12,24.75,21.21,2.06,95.0,1.0,0.84,Meghalaya_Shillong
2021-08-03,17.46,26.95,20.8,0.91,88.99,1.0,1.94,Meghalaya_Shillong
2021-08-04,9.11,26.76,20.69,1.35,90.02,0.99,1.93,Meghalaya_Shillong
2021-08-05,3.23,27.57,18.89,1.33,85.63,0.99,3.26,Meghalaya_Shillong
2021-08-06,14.08,26.16,19.15,2.01,87.76,0.98,2.99,Meghalaya_Shillong
2021-08-07,43.03,23.92,19.16,1.73,93.58,0.99,1.12,Meghalaya_Shillong
2021-08-08,34.11,25.5,21.38,2.87,93.3,1.0,1.48,Meghalaya_Shillong
2021-08-09,44.23,25.84,21.21,2.63,93.18,1.0,1.72,Meghalaya_Shillong
2021-08-10,66.51,24.29,21.25,2.97,95.5,1.0,0.68,Meghalaya_Shillong
2021-08-11,30.45,25.74,21.87,2.47,94.07,1.0,1.25,Meghalaya_Shillong
2021-08-12,46.48,22.84,20.38,3.05,96.93,1.0,0.32,Meghalaya_Shillong
2021-08-13,52.51,23.22,20.54,3.64,96.39,1.0,0.56,Meghalaya_Shillong
2021-08-14,65.42,25.04,20.13,3.28,93.6,1.0,1.23,Meghalaya_Shillong
2021-08-15,8.0,24.81,20.73,2.23,94.84,1.0,0.84,Meghalaya_Shillong
2021-08-16,8.64,24.97,20.25,2.12,92.58,0.99,1.52,Meghalaya_Shillong
2021-08-17,29.07,24.59,19.23,2.5,92.79,1.0,1.47,Meghalaya_Shillong
2021-08-18,20.54,23.81,20.18,2.26,94.79,1.0,1.0,Meghalaya_Shillong
2021-08-19,26.96,22.82,19.4,2.5,95.29,1.0,0.69,Meghalaya_Shillong
2021-08-20,9.0,24.64,18.93,1.98,93.13,1.0,1.45,Meghalaya_Shillong
2021-08-21,6.49,25.56,19.26,1.83,91.73,0.99,2.04,Meghalaya_Shillong
2021-08-22,33.83,23.99,19.17,2.61,93.89,0.99,1.18,Meghalaya_Shillong
2021-08-23,92.64,24.53,18.41,2.17,93.58,1.0,1.12,Meghalaya_Shillong
2021-08-24,12.75,24.49,20.21,2.76,93.79,1.0,1.25,Meghalaya_Shillong
2021-08-25,34.36,24.27,21.0,2.76,95.85,1.0,0.65,Meghalaya_Shillong
2021-08-26,59.65,23.84,20.83,2.04,95.42,1.0,0.57,Meghalaya_Shillong
2021-08-27,19.38,22.79,19.21,1.77,93.37,1.0,0.82,Meghalaya_Shillong
2021-08-28,6.33,24.24,19.24,0.86,90.64,1.0,0.97,Meghalaya_Shillong
2021-08-29,9.68,24.54,18.16,0.86,90.45,1.0,1.53,Meghalaya_Shillong
2021-08-30,13.37,24.44,18.2,1.19,92.24,0.99,1.49,Meghalaya_Shillong
2021-08-31,9.24,24.1,19.62,1.04,93.63,1.0,1.16,Meghalaya_Shillong
2021-09-01,0.97,25.05,19.52,1.07,90.73,0.99,2.25,Meghalaya_Shillong
2021-09-02,6.52,26.07,19.62,0.71,85.36,0.99,2.8,Meghalaya_Shillong
2021-09-03,1.65,26.39,18.54,0.97,90.23,0.99,3.23,Meghalaya_Shillong
2021-09-04,5.58,27.5,18.86,0.91,85.7,0.98,4.05,Meghalaya_Shillong
2021-09-05,3.49,27.43,18.93,1.04,88.32,0.98,3.15,Meghalaya_Shillong
2021-09-06,31.97,26.26,20.62,1.29,92.76,0.99,1.59,Meghalaya_Shillong
2021-09-07,14.25,23.44,19.12,1.11,93.9,0.99,0.87,Meghalaya_Shillong
2021-09-08,4.24,25.79,17.9,1.07,90.34,0.99,2.83,Meghalaya_Shillong
2021-09-09,5.16,26.11,19.46,0.73,85.61,0.99,2.64,Meghalaya_Shillong
2021-09-10,14.83,25.36,19.12,1.48,91.6,0.99,1.79,Meghalaya_Shillong
2021-09-11,23.85,25.72,19.51,1.1,91.31,0.99,1.62,Meghalaya_Shillong
2021-09-12,0.44,26.54,19.62,1.34,86.5,0.99,2.85,Meghalaya_Shillong
2021-09-13,5.14,25.84,18.28,1.55,87.18,0.98,3.0,Meghalaya_Shillong
2021-09-14,13.13,26.23,19.1,1.08,88.68,0.98,2.52,Meghalaya_Shillong
2021-09-15,4.62,27.04,19.91,1.01,85.42,0.98,3.28,Meghalaya_Shillong
2021-09-16,7.17,23.43,19.8,1.07,95.38,0.98,0.6,Meghalaya_Shillong
2021-09-17,9.13,24.23,18.86,1.03,89.57,0.98,1.5,Meghalaya_Shillong
2021-09-18,16.57,22.95,18.86,1.46,94.84,0.98,0.74,Meghalaya_Shillong
2021-09-19,3.38,26.77,17.23,0.92,88.14,0.99,3.81,Meghalaya_Shillong
2021-09-20,5.09,26.6,19.21,1.0,89.53,0.98,3.45,Meghalaya_Shillong
2021-09-21,8.09,26.05,19.09,0.96,89.73,0.98,3.03,Meghalaya_Shillong
2021-09-22,1.94,23.83,18.71,1.03,92.62,0.98,1.62,Meghalaya_Shillong
2021-09-23,3.14,26.52,18.25,0.74,84.85,0.97,4.14,Meghalaya_Shillong
2021-09-24,0.66,27.69,17.94,0.75,83.42,0.97,5.26,Meghalaya_Shillong
2021-09-25,3.91,26.47,18.19,0.98,88.48,0.97,3.53,Meghalaya_Shillong
2021-09-26,0.87,26.92,19.67,1.18,83.97,0.96,4.28,Meghalaya_Shillong
2021-09-27,3.81,25.84,18.44,1.5,86.48,0.96,3.72,Meghalaya_Shillong
2021-09-28,0.4,25.51,17.93,1.35,89.93,0.96,3.43,Meghalaya_Shillong
2021-09-29,10.42,23.12,19.01,0.6,91.92,0.95,1.35,Meghalaya_Shillong
2021-09-30,1.35,25.23,18.31,0.82,91.58,0.96,2.07,Meghalaya_Shillong
2021-10-01,0.54,26.95,17.89,0.86,86.44,0.95,5.43,Meghalaya_Shillong
2021-10-02,2.79,25.61,18.03,1.09,84.25,0.95,4.64,Meghalaya_Shillong
2021-10-03,29.29,24.48,19.18,1.99,93.79,0.96,1.86,Meghalaya_Shillong
2021-10-04,25.77,22.37,18.73,1.59,95.14,0.98,0.97,Meghalaya_Shillong
2021-10-05,27.11,22.99,18.28,1.05,91.88,0.99,1.6,Meghalaya_Shillong
2021-10-06,0.13,25.32,16.77,0.78,86.77,0.98,4.36,Meghalaya_Shillong
2021-10-07,1.27,26.23,17.35,0.77,88.41,0.97,4.77,Meghalaya_Shillong
2021-10-08,1.51,27.65,18.53,0.67,87.6,0.97,4.91,Meghalaya_Shillong
2021-10-09,7.85,26.21,18.55,0.72,88.06,0.97,4.16,Meghalaya_Shillong
2021-10-10,2.98,26.61,19.05,0.83,89.38,0.97,3.97,Meghalaya_Shillong
2021-10-11,0.0,27.87,18.3,0.74,84.56,0.96,5.74,Meghalaya_Shillong
2021-10-12,0.0,27.87,18.25,0.79,81.3,0.96,5.55,Meghalaya_Shillong
2021-10-13,1.21,27.55,18.66,0.95,84.43,0.95,4.78,Meghalaya_Shillong
2021-10-14,1.31,26.92,19.62,0.82,84.81,0.95,3.66,Meghalaya_Shillong
2021-10-15,0.62,27.01,19.82,1.15,82.49,0.94,4.85,Meghalaya_Shillong
2021-10-16,1.35,25.82,18.28,1.43,86.18,0.94,4.32,Meghalaya_Shillong
2021-10-17,0.04,24.0,18.24,1.64,88.04,0.93,3.51,Meghalaya_Shillong
2021-10-18,4.83,22.91,17.93,1.31,89.92,0.93,2.43,Meghalaya_Shillong
2021-10-19,24.61,21.93,18.04,1.44,95.17,0.95,0.88,Meghalaya_Shillong
2021-10-20,38.96,21.73,18.73,2.13,95.51,0.96,1.02,Meghalaya_Shillong
2021-10-21,9.89,22.26,14.56,2.31,93.93,0.98,2.08,Meghalaya_Shillong
2021-10-22,3.25,21.79,11.92,1.0,86.85,0.97,3.81,Meghalaya_Shillong
2021-10-23,0.0,22.69,10.82,0.87,82.86,0.96,4.28,Meghalaya_Shillong
2021-10-24,0.0,24.26,13.67,0.73,84.4,0.96,5.38,Meghalaya_Shillong
2021-10-25,0.0,23.02,14.81,0.85,87.79,0.95,4.81,Meghalaya_Shillong
2021-10-26,0.0,23.48,15.05,0.67,86.18,0.95,5.34,Meghalaya_Shillong
2021-10-27,0.0,23.58,13.27,0.87,84.14,0.94,5.47,Meghalaya_Shillong
2021-10-28,0.0,23.86,12.14,0.93,84.19,0.94,5.28,Meghalaya_Shillong
2021-10-29,0.0,24.14,14.54,0.83,86.0,0.93,5.2,Meghalaya_Shillong
2021-10-30,0.0,22.93,14.14,1.04,88.07,0.93,4.72,Meghalaya_Shillong
2021-10-31,0.0,21.63,12.14,1.17,81.75,0.92,4.84,Meghalaya_Shillong
2021-11-01,0.0,20.2,10.61,0.79,72.21,0.92,4.8,Meghalaya_Shillong
2021-11-02,0.0,22.0,8.8,0.89,65.41,0.92,5.55,Meghalaya_Shillong
2021-11-03,0.0,21.55,9.72,0.92,68.66,0.91,5.5,Meghalaya_Shillong
2021-11-04,0.0,20.95,11.87,0.98,88.32,0.91,4.19,Meghalaya_Shillong
2021-11-05,0.0,21.99,9.37,0.78,71.73,0.9,5.69,Meghalaya_Shillong
2021-11-06,0.0,21.8,9.5,0.76,70.97,0.9,5.74,Meghalaya_Shillong
2021-11-07,0.0,21.39,8.38,0.77,78.1,0.9,5.03,Meghalaya_Shillong
2021-11-08,0.0,21.9,10.69,0.95,69.33,0.89,5.16,Meghalaya_Shillong
2021-11-09,0.0,21.49,10.32,1.03,82.67,0.89,4.23,Meghalaya_Shillong
2021-11-10,0.0,21.63,11.07,0.99,88.38,0.89,4.44,Meghalaya_Shillong
2021-11-11,0.0,21.16,11.13,1.01,83.95,0.88,4.21,Meghalaya_Shillong
2021-11-12,0.0,21.61,11.47,1.03,86.81,0.88,4.31,Meghalaya_Shillong
2021-11-13,0.01,20.11,9.6,1.1,83.13,0.88,4.2,Meghalaya_Shillong
2021-11-14,0.03,20.77,8.74,1.0,84.88,0.87,3.69,Meghalaya_Shillong
2021-11-15,0.03,22.03,12.73,0.97,89.36,0.87,4.33,Meghalaya_Shillong
2021-11-16,0.01,21.34,12.05,0.88,86.82,0.87,4.41,Meghalaya_Shillong
2021-11-17,0.0,20.87,8.67,1.07,81.48,0.86,4.38,Meghalaya_Shillong
2021-11-18,0.0,20.64,8.41,0.97,78.55,0.86,4.61,Meghalaya_Shillong
2021-11-19,0.0,20.18,10.24,0.97,83.16,0.86,4.22,Meghalaya_Shillong
2021-11-20,0.0,20.28,10.62,0.96,87.07,0.86,4.01,Meghalaya_Shillong
2021-11-21,0.0,20.72,11.02,1.19,89.27,0.85,3.52,Meghalaya_Shillong
2021-11-22,0.0,18.96,11.31,1.63,91.74,0.85,2.63,Meghalaya_Shillong
2021-11-23,0.01,18.57,9.89,1.26,87.65,0.85,3.14,Meghalaya_Shillong
2021-11-24,0.0,19.19,7.63,0.84,79.79,0.85,3.99,Meghalaya_Shillong
2021-11-25,0.0,19.88,8.12,0.91,72.57,0.85,4.31,Meghalaya_Shillong
2021-11-26,0.0,21.91,7.91,0.67,68.98,0.84,5.37,Meghalaya_Shillong
2021-11-27,0.0,19.3,6.92,1.11,64.82,0.84,3.82,Meghalaya_Shillong
2021-11-28,0.0,19.65,8.4,0.92,74.47,0.84,3.94,Meghalaya_Shillong
2021-11-29,0.0,19.19,7.64,0.94,74.33,0.83,3.91,Meghalaya_Shillong
2021-11-30,0.0,20.11,6.37,1.13,82.92,0.83,3.65,Meghalaya_Shillong
2021-12-01,0.0,20.73,8.66,0.97,79.39,0.83,4.09,Meghalaya_Shillong
2021-12-02,0.0,20.8,11.3,1.02,77.84,0.83,3.9,Meghalaya_Shillong
2021-12-03,0.04,20.71,11.13,0.74,85.79,0.83,3.76,Meghalaya_Shillong
2021-12-04,0.02,20.56,12.19,0.77,89.13,0.83,3.3,Meghalaya_Shillong
2021-12-05,0.17,21.51,11.85,0.85,87.87,0.82,3.62,Meghalaya_Shillong
2021-12-06,5.28,17.37,12.98,0.75,94.11,0.83,0.52,Meghalaya_Shillong
2021-12-07,3.68,20.14,12.84,1.0,94.15,0.83,1.29,Meghalaya_Shillong
2021-12-08,0.05,20.71,11.03,0.75,87.79,0.83,3.24,Meghalaya_Shillong
2021-12-09,0.0,20.97,11.3,0.87,85.62,0.83,3.81,Meghalaya_Shillong
2021-12-10,0.0,19.25,9.52,1.21,82.03,0.82,3.29,Meghalaya_Shillong
2021-12-11,0.0,18.44,6.8,1.05,74.94,0.82,3.2,Meghalaya_Shillong
2021-12-12,0.0,18.0,5.87,0.95,80.25,0.82,3.34,Meghalaya_Shillong
2021-12-13,0.0,18.7,6.02,0.81,70.85,0.82,3.75,Meghalaya_Shillong
2021-12-14,0.0,18.98,8.3,0.72,81.54,0.82,3.54,Meghalaya_Shillong
2021-12-15,0.0,17.4,7.26,0.81,86.23,0.82,2.73,Meghalaya_Shillong
2021-12-16,0.0,17.95,6.77,0.72,77.8,0.81,2.74,Meghalaya_Shillong
2021-12-17,0.0,19.02,8.15,0.9,65.92,0.81,3.57,Meghalaya_Shillong
2021-12-18,0.0,18.99,8.71,0.97,66.74,0.81,3.59,Meghalaya_Shillong
2021-12-19,0.0,17.31,7.61,0.74,68.75,0.81,3.26,Meghalaya_Shillong
2021-12-20,0.0,16.93,6.06,1.14,79.85,0.81,2.64,Meghalaya_Shillong
2021-12-21,0.0,17.36,5.5,1.09,82.24,0.81,2.73,Meghalaya_Shillong
2021-12-22,4.22,16.04,7.94,0.73,79.05,0.81,1.45,Meghalaya_Shillong
2021-12-23,1.17,16.83,6.27,0.8,78.08,0.81,2.7,Meghalaya_Shillong
2021-12-24,0.0,16.62,7.44,0.84,74.43,0.81,2.71,Meghalaya_Shillong
2021-12-25,0.02,16.49,7.19,0.9,71.31,0.81,2.71,Meghalaya_Shillong
2021-12-26,0.0,16.41,6.89,0.92,76.38,0.8,2.85,Meghalaya_Shillong
2021-12-27,0.0,16.76,6.19,1.05,78.85,0.8,2.63,Meghalaya_Shillong
2021-12-28,0.0,17.18,6.62,0.76,70.46,0.8,2.79,Meghalaya_Shillong
2021-12-29,0.08,16.69,5.72,1.04,77.67,0.8,1.91,Meghalaya_Shillong
2021-12-30,0.21,18.63,7.76,1.01,72.92,0.8,2.17,Meghalaya_Shillong
2021-12-31,0.0,18.3,6.58,0.91,80.39,0.8,3.11,Meghalaya_Shillong
2022-01-01,0.0,15.75,7.25,0.75,85.38,0.8,1.5,Meghalaya_Shillong
2022-01-02,0.0,17.86,5.88,0.94,82.43,0.8,2.84,Meghalaya_Shillong
2022-01-03,0.0,17.46,5.59,0.88,80.38,0.79,2.35,Meghalaya_Shillong
2022-01-04,0.0,18.06,5.04,0.86,78.04,0.79,2.81,Meghalaya_Shillong
2022-01-05,0.0,18.2,5.57,0.84,78.57,0.79,3.22,Meghalaya_Shillong
2022-01-06,0.0,18.16,6.37,1.04,80.67,0.79,3.04,Meghalaya_Shillong
2022-01-07,0.0,19.46,6.77,0.86,81.8,0.79,3.21,Meghalaya_Shillong
2022-01-08,0.0,20.14,7.99,1.0,85.26,0.79,3.21,Meghalaya_Shillong
2022-01-09,0.0,19.66,7.7,0.94,85.41,0.79,3.19,Meghalaya_Shillong
2022-01-10,0.0,19.89,7.61,1.03,86.79,0.78,3.03,Meghalaya_Shillong
2022-01-11,0.02,20.26,7.13,0.88,78.69,0.78,3.16,Meghalaya_Shillong
2022-01-12,8.59,17.11,9.62,1.0,88.29,0.79,1.35,Meghalaya_Shillong
2022-01-13,5.25,16.45,5.71,1.31,88.52,0.8,1.8,Meghalaya_Shillong
2022-01-14,2.55,15.23,2.33,0.86,75.35,0.8,1.58,Meghalaya_Shillong
2022-01-15,0.01,18.14,5.12,1.02,76.71,0.79,3.0,Meghalaya_Shillong
2022-01-16,0.0,17.05,3.75,1.02,82.19,0.79,2.47,Meghalaya_Shillong
2022-01-17,0.0,18.06,4.2,1.25,79.93,0.79,2.69,Meghalaya_Shillong
2022-01-18,0.0,17.51,6.24,1.07,74.37,0.79,2.13,Meghalaya_Shillong
2022-01-19,0.18,16.02,7.07,1.04,84.16,0.78,2.27,Meghalaya_Shillong
2022-01-20,0.51,14.41,7.19,0.94,80.31,0.78,1.47,Meghalaya_Shillong
2022-01-21,0.67,13.8,5.75,1.08,85.53,0.78,1.25,Meghalaya_Shillong
2022-01-22,0.18,14.61,4.42,1.3,80.24,0.78,1.85,Meghalaya_Shillong
2022-01-23,0.34,16.11,5.12,1.14,81.13,0.78,1.87,Meghalaya_Shillong
2022-01-24,0.05,15.11,6.77,1.17,87.21,0.78,1.44,Meghalaya_Shillong
2022-01-25,0.39,16.27,7.04,1.17,86.21,0.78,2.13,Meghalaya_Shillong
2022-01-26,3.83,14.64,6.7,1.06,88.73,0.78,1.2,Meghalaya_Shillong
2022-01-27,1.2,14.34,4.48,1.47,84.41,0.78,1.57,Meghalaya_Shillong
2022-01-28,0.23,12.8,1.27,1.3,78.55,0.78,1.6,Meghalaya_Shillong
2022-01-29,0.0,16.15,1.53,0.82,74.94,0.78,2.7,Meghalaya_Shillong
2022-01-30,0.0,14.75,4.04,1.28,77.5,0.78,1.91,Meghalaya_Shillong
2022-01-31,0.0,15.96,4.08,1.14,78.82,0.78,2.21,Meghalaya_Shillong
2022-02-01,3.9,9.88,2.6,1.62,93.87,0.78,0.21,Meghalaya_Shillong
2022-02-02,0.76,16.65,3.54,0.89,80.14,0.78,2.26,Meghalaya_Shillong
2022-02-03,0.4,16.3,4.4,1.14,81.04,0.78,2.03,Meghalaya_Shillong
2022-02-04,20.18,15.86,7.52,1.15,83.52,0.78,1.03,Meghalaya_Shillong
2022-02-05,8.33,11.51,2.43,2.04,92.45,0.81,0.39,Meghalaya_Shillong
2022-02-06,1.46,15.97,1.14,1.13,79.96,0.8,2.46,Meghalaya_Shillong
2022-02-07,0.0,15.97,3.28,0.98,81.11,0.79,2.4,Meghalaya_Shillong
2022-02-08,0.0,16.04,3.88,1.18,77.07,0.79,2.44,Meghalaya_Shillong
2022-02-09,0.03,16.28,3.85,1.09,78.34,0.79,2.51,Meghalaya_Shillong
2022-02-10,1.04,16.56,3.83,1.51,86.43,0.78,1.81,Meghalaya_Shillong
2022-02-11,0.12,15.97,4.79,1.38,84.76,0.78,2.09,Meghalaya_Shillong
2022-02-12,0.1,15.91,3.04,1.25,77.35,0.78,2.39,Meghalaya_Shillong
2022-02-13,0.0,18.73,3.11,1.08,60.16,0.78,3.47,Meghalaya_Shillong
2022-02-14,0.0,19.09,7.39,0.97,54.33,0.77,3.6,Meghalaya_Shillong
2022-02-15,0.0,18.95,6.77,1.04,57.48,0.77,3.8,Meghalaya_Shillong
2022-02-16,0.0,18.19,5.47,1.2,73.75,0.77,3.16,Meghalaya_Shillong
2022-02-17,0.0,17.88,3.86,1.45,69.58,0.77,3.23,Meghalaya_Shillong
2022-02-18,0.0,18.45,4.69,1.24,66.84,0.76,3.29,Meghalaya_Shillong
2022-02-19,0.0,17.22,5.07,1.59,66.16,0.76,3.13,Meghalaya_Shillong
2022-02-20,2.06,16.17,4.29,2.1,76.74,0.76,2.22,Meghalaya_Shillong
2022-02-21,4.08,14.32,5.31,1.44,82.19,0.77,1.5,Meghalaya_Shillong
2022-02-22,1.65,18.2,4.9,1.06,72.65,0.77,3.01,Meghalaya_Shillong
2022-02-23,0.01,18.37,7.64,0.97,70.39,0.77,2.82,Meghalaya_Shillong
2022-02-24,0.78,19.23,8.09,1.32,78.8,0.77,3.01,Meghalaya_Shillong
2022-02-25,9.5,15.83,8.79,0.96,89.34,0.78,0.75,Meghalaya_Shillong
2022-02-26,0.53,19.38,8.21,1.43,82.39,0.78,2.95,Meghalaya_Shillong
2022-02-27,0.0,19.68,7.61,1.58,78.45,0.77,3.47,Meghalaya_Shillong
2022-02-28,0.05,18.33,8.81,1.93,82.24,0.77,2.54,Meghalaya_Shillong
2022-03-01,0.0,21.22,7.54,0.95,65.91,0.76,4.43,Meghalaya_Shillong
2022-03-02,0.0,21.19,9.42,1.06,63.16,0.76,4.35,Meghalaya_Shillong
2022-03-03,0.0,21.24,7.74,1.24,63.32,0.76,4.42,Meghalaya_Shillong
2022-03-04,0.0,20.54,8.14,1.5,64.44,0.75,4.3,Meghalaya_Shillong
2022-03-05,0.0,20.96,7.8,1.61,64.0,0.75,4.44,Meghalaya_Shillong
2022-03-06,0.0,23.11,8.31,1.43,66.19,0.75,4.86,Meghalaya_Shillong
2022-03-07,0.0,24.6,11.24,1.32,47.68,0.74,5.55,Meghalaya_Shillong
2022-03-08,0.0,24.85,14.53,0.88,46.42,0.74,5.85,Meghalaya_Shillong
2022-03-09,0.0,24.22,12.94,1.09,56.63,0.74,5.46,Meghalaya_Shillong
2022-03-10,0.0,24.99,11.16,1.1,55.1,0.73,5.88,Meghalaya_Shillong
2022-03-11,0.0,24.33,11.26,1.12,51.69,0.73,5.71,Meghalaya_Shillong
2022-03-12,0.0,24.23,10.39,0.95,56.42,0.73,5.53,Meghalaya_Shillong
2022-03-13,0.0,24.62,11.69,1.0,60.92,0.73,5.22,Meghalaya_Shillong
2022-03-14,0.0,25.46,13.22,0.85,50.52,0.72,5.44,Meghalaya_Shillong
2022-03-15,0.0,25.8,14.89,0.66,51.19,0.72,5.89,Meghalaya_Shillong
2022-03-16,0.0,24.72,13.83,1.38,55.71,0.72,5.72,Meghalaya_Shillong
2022-03-17,0.0,24.86,12.7,1.2,59.73,0.71,5.51,Meghalaya_Shillong
2022-03-18,0.0,26.18,13.94,1.23,63.98,0.71,5.56,Meghalaya_Shillong
2022-03-19,0.0,26.12,13.78,1.51,70.53,0.71,5.57,Meghalaya_Shillong
2022-03-20,0.0,24.83,12.56,1.67,70.6,0.71,5.32,Meghalaya_Shillong
2022-03-21,0.0,25.56,11.49,1.45,68.52,0.71,5.54,Meghalaya_Shillong
2022-03-22,1.04,25.07,13.27,1.29,66.74,0.7,5.06,Meghalaya_Shillong
2022-03-23,0.35,26.14,14.97,1.23,68.54,0.7,5.25,Meghalaya_Shillong
2022-03-24,0.68,23.85,14.76,2.32,74.23,0.7,4.83,Meghalaya_Shillong
2022-03-25,21.27,22.07,15.93,3.33,88.19,0.73,2.55,Meghalaya_Shillong
2022-03-26,40.56,22.32,15.99,3.1,90.42,0.78,2.5,Meghalaya_Shillong
2022-03-27,14.79,23.51,14.38,1.4,80.54,0.8,4.28,Meghalaya_Shillong
2022-03-28,1.38,23.37,14.68,0.99,73.01,0.78,4.41,Meghalaya_Shillong
2022-03-29,4.06,22.69,13.57,1.2,82.99,0.77,3.41,Meghalaya_Shillong
2022-03-30,5.95,23.16,14.7,1.04,84.08,0.76,3.1,Meghalaya_Shillong
2022-03-31,30.64,23.37,14.17,1.75,89.56,0.78,2.25,Meghalaya_Shillong
2022-04-01,77.68,22.25,16.7,2.41,92.1,0.85,1.29,Meghalaya_Shillong
2022-04-02,26.97,24.36,16.01,1.14,89.33,0.88,2.8,Meghalaya_Shillong
2022-04-03,19.84,22.67,16.19,2.41,88.71,0.86,2.31,Meghalaya_Shillong
2022-04-04,75.42,21.74,16.79,3.66,92.35,0.89,1.41,Meghalaya_Shillong
2022-04-05,54.5,22.79,15.54,2.16,90.03,0.91,2.6,Meghalaya_Shillong
2022-04-06,13.21,23.73,14.85,1.65,87.93,0.89,3.31,Meghalaya_Shillong
2022-04-07,0.3,24.34,14.09,1.07,79.48,0.87,3.71,Meghalaya_Shillong
2022-04-08,4.35,23.61,14.56,1.54,78.55,0.85,4.11,Meghalaya_Shillong
2022-04-09,10.49,23.26,14.15,1.34,78.24,0.86,3.41,Meghalaya_Shillong
2022-04-10,3.9,23.52,14.94,1.31,76.92,0.86,3.87,Meghalaya_Shillong
2022-04-11,20.09,23.1,15.45,1.63,88.44,0.86,2.21,Meghalaya_Shillong
2022-04-12,11.51,23.76,14.86,1.27,86.91,0.87,3.13,Meghalaya_Shillong
2022-04-13,36.76,23.63,14.58,1.61,90.41,0.89,2.16,Meghalaya_Shillong
2022-04-14,35.58,22.39,17.37,2.53,94.23,0.91,1.14,Meghalaya_Shillong
2022-04-15,14.54,23.69,16.58,2.86,90.25,0.93,2.74,Meghalaya_Shillong
2022-04-16,38.81,22.27,17.94,2.95,92.65,0.93,1.85,Meghalaya_Shillong
2022-04-17,24.56,23.28,17.33,2.12,89.09,0.94,2.87,Meghalaya_Shillong
2022-04-18,15.55,24.51,15.62,1.4,87.38,0.95,3.06,Meghalaya_Shillong
2022-04-19,15.84,24.0,15.75,1.15,85.84,0.94,2.48,Meghalaya_Shillong
2022-04-20,12.51,24.49,15.9,1.02,85.11,0.95,3.13,Meghalaya_Shillong
2022-04-21,6.41,23.02,14.95,1.08,87.14,0.94,3.13,Meghalaya_Shillong
2022-04-22,6.85,22.95,14.09,1.5,89.69,0.94,2.52,Meghalaya_Shillong
2022-04-23,2.03,23.11,15.63,1.88,90.11,0.94,2.97,Meghalaya_Shillong
2022-04-24,3.68,23.83,16.72,2.17,89.17,0.93,2.94,Meghalaya_Shillong
2022-04-25,4.03,24.1,16.14,1.73,85.52,0.93,3.44,Meghalaya_Shillong
2022-04-26,5.11,24.53,16.05,1.47,87.68,0.93,3.17,Meghalaya_Shillong
2022-04-27,8.47,24.19,15.83,1.57,84.73,0.93,3.32,Meghalaya_Shillong
2022-04-28,1.21,26.12,16.86,1.03,75.54,0.92,4.53,Meghalaya_Shillong
2022-04-29,9.84,25.88,15.49,1.34,76.51,0.92,3.98,Meghalaya_Shillong
2022-04-30,20.11,24.38,16.39,1.23,81.36,0.93,2.49,Meghalaya_Shillong
2022-05-01,3.65,24.23,16.57,1.13,80.78,0.93,3.16,Meghalaya_Shillong
2022-05-02,22.15,23.6,16.54,1.25,84.68,0.94,2.4,Meghalaya_Shillong
2022-05-03,6.96,22.61,16.74,1.32,84.13,0.94,1.86,Meghalaya_Shillong
2022-05-04,3.28,23.27,16.09,0.73,87.13,0.94,2.12,Meghalaya_Shillong
2022-05-05,4.23,24.78,15.76,0.71,82.9,0.93,4.04,Meghalaya_Shillong
2022-05-06,1.38,25.82,17.16,0.75,80.13,0.93,4.33,Meghalaya_Shillong
2022-05-07,0.49,25.79,17.39,0.99,76.21,0.92,4.73,Meghalaya_Shillong
2022-05-08,0.04,26.03,17.04,1.16,76.06,0.92,5.26,Meghalaya_Shillong
2022-05-09,9.75,23.92,16.82,1.21,80.32,0.92,3.07,Meghalaya_Shillong
2022-05-10,24.28,22.76,16.41,1.47,91.09,0.93,1.84,Meghalaya_Shillong
2022-05-11,47.07,23.31,18.44,2.6,93.83,0.95,1.21,Meghalaya_Shillong
2022-05-12,80.79,24.45,19.9,2.95,92.93,0.98,1.44,Meghalaya_Shillong
2022-05-13,104.17,24.35,20.34,3.71,93.49,0.99,1.33,Meghalaya_Shillong
2022-05-14,78.87,24.35,20.49,3.95,93.2,1.0,1.42,Meghalaya_Shillong
2022-05-15,45.2,24.46,20.93,3.69,92.94,0.99,1.79,Meghalaya_Shillong
2022-05-16,57.08,23.96,20.13,2.71,93.12,0.99,1.39,Meghalaya_Shillong
2022-05-17,121.42,22.03,19.39,3.59,95.52,1.0,0.6,Meghalaya_Shillong
2022-05-18,52.16,22.02,18.77,3.41,95.69,1.0,0.54,Meghalaya_Shillong
2022-05-19,62.71,23.62,18.66,3.17,94.32,1.0,1.11,Meghalaya_Shillong
2022-05-20,37.8,23.32,18.74,2.28,92.58,1.0,1.28,Meghalaya_Shillong
2022-05-21,9.8,23.94,18.08,1.89,91.88,0.99,1.63,Meghalaya_Shillong
2022-05-22,16.11,24.96,17.71,1.24,87.79,0.99,2.07,Meghalaya_Shillong
2022-05-23,15.81,25.07,17.1,0.97,86.31,0.99,2.63,Meghalaya_Shillong
2022-05-24,0.16,26.66,17.45,0.68,80.97,0.99,4.48,Meghalaya_Shillong
2022-05-25,7.39,22.86,19.33,1.27,91.68,0.99,0.97,Meghalaya_Shillong
2022-05-26,4.45,23.82,17.98,1.9,90.96,0.98,2.33,Meghalaya_Shillong
2022-05-27,0.77,24.09,15.9,1.43,88.17,0.98,2.95,Meghalaya_Shillong
2022-05-28,11.74,24.97,18.23,1.06,86.97,0.98,3.34,Meghalaya_Shillong
2022-05-29,6.27,25.96,17.03,0.85,84.14,0.98,3.86,Meghalaya_Shillong
2022-05-30,2.39,25.04,18.63,1.0,86.59,0.97,3.52,Meghalaya_Shillong
2022-05-31,6.56,25.51,18.49,0.85,85.15,0.97,2.73,Meghalaya_Shillong
2022-06-01,12.43,25.49,18.74,1.01,88.9,0.97,2.13,Meghalaya_Shillong
2022-06-02,38.94,23.57,19.13,1.94,94.26,0.99,0.99,Meghalaya_Shillong
2022-06-03,55.79,23.57,19.22,2.61,94.56,1.0,0.89,Meghalaya_Shillong
2022-06-04,49.4,23.72,19.12,2.33,91.68,1.0,1.46,Meghalaya_Shillong
2022-06-05,61.48,23.59,18.35,2.26,91.52,1.0,1.65,Meghalaya_Shillong
2022-06-06,32.15,24.74,18.64,2.0,91.58,1.0,1.82,Meghalaya_Shillong
2022-06-07,40.6,24.69,19.61,1.92,92.98,1.0,1.22,Meghalaya_Shillong
2022-06-08,27.63,24.48,20.21,2.06,92.79,1.0,1.18,Meghalaya_Shillong
2022-06-09,16.94,24.08,19.98,2.61,93.07,1.0,1.38,Meghalaya_Shillong
2022-06-10,30.77,21.83,17.71,1.78,94.7,1.0,0.55,Meghalaya_Shillong
2022-06-11,47.19,23.85,17.56,2.21,91.98,1.0,1.5,Meghalaya_Shillong
2022-06-12,112.15,24.63,19.57,3.05,93.41,1.0,1.19,Meghalaya_Shillong
2022-06-13,61.2,24.58,19.98,2.91,92.97,1.0,1.29,Meghalaya_Shillong
2022-06-14,71.82,24.51,20.43,2.95,93.01,1.0,1.09,Meghalaya_Shillong
2022-06-15,75.81,22.23,19.34,3.82,95.5,1.0,0.69,Meghalaya_Shillong
2022-06-16,104.13,22.63,18.56,4.23,95.98,1.0,0.54,Meghalaya_Shillong
2022-06-17,73.99,21.57,18.19,4.31,97.16,1.0,0.27,Meghalaya_Shillong
2022-06-18,93.85,21.89,19.14,4.39,97.17,1.0,0.32,Meghalaya_Shillong
2022-06-19,61.88,23.89,19.17,3.54,94.76,1.0,0.88,Meghalaya_Shillong
2022-06-20,50.82,24.47,19.36,2.66,94.0,1.0,0.95,Meghalaya_Shillong
2022-06-21,11.92,24.68,19.33,1.52,92.2,1.0,1.51,Meghalaya_Shillong
2022-06-22,10.09,26.22,19.03,1.24,88.67,1.0,2.41,Meghalaya_Shillong
2022-06-23,10.94,24.0,19.37,2.26,92.7,1.0,1.47,Meghalaya_Shillong
2022-06-24,9.89,23.17,19.59,2.26,94.11,1.0,1.06,Meghalaya_Shillong
2022-06-25,10.72,26.01,18.48,1.94,90.73,0.99,2.52,Meghalaya_Shillong
2022-06-26,14.18,24.81,19.41,2.7,93.18,0.99,1.68,Meghalaya_Shillong
2022-06-27,31.66,25.02,19.76,2.68,92.57,1.0,1.71,Meghalaya_Shillong
2022-06-28,37.58,21.94,20.43,2.79,95.97,1.0,0.49,Meghalaya_Shillong
2022-06-29,31.46,22.95,18.12,2.06,94.05,1.0,0.77,Meghalaya_Shillong
2022-06-30,38.58,24.64,17.74,1.79,93.11,1.0,1.36,Meghalaya_Shillong
2022-07-01,9.62,26.0,19.56,1.82,91.63,1.0,2.01,Meghalaya_Shillong
2022-07-02,7.65,24.81,19.98,1.14,92.36,1.0,1.37,Meghalaya_Shillong
2022-07-03,3.12,27.39,19.48,0.81,88.8,0.99,2.73,Meghalaya_Shillong
2022-07-04,2.84,27.84,20.68,0.87,91.13,0.99,2.22,Meghalaya_Shillong
2022-07-05,13.27,26.18,20.67,0.91,91.53,0.99,1.57,Meghalaya_Shillong
2022-07-06,12.47,26.78,20.42,1.14,90.85,0.99,2.1,Meghalaya_Shillong
2022-07-07,0.74,26.52,19.22,1.38,90.33,0.99,2.71,Meghalaya_Shillong
2022-07-08,3.94,25.2,19.96,1.75,91.9,0.98,2.01,Meghalaya_Shillong
2022-07-09,4.04,27.82,19.44,1.15,86.42,0.98,3.59,Meghalaya_Shillong
2022-07-10,17.82,26.67,19.43,1.16,89.65,0.98,2.98,Meghalaya_Shillong
2022-07-11,8.24,25.94,19.89,1.22,90.93,0.98,2.28,Meghalaya_Shillong
2022-07-12,5.0,27.76,19.22,1.11,87.53,0.98,3.36,Meghalaya_Shillong
2022-07-13,2.98,27.97,20.31,1.4,86.44,0.97,3.72,Meghalaya_Shillong
2022-07-14,1.24,27.84,20.29,1.5,84.51,0.97,4.03,Meghalaya_Shillong
2022-07-15,2.71,27.07,20.72,1.27,84.91,0.96,2.55,Meghalaya_Shillong
2022-07-16,11.94,28.58,19.83,1.09,84.97,0.96,4.17,Meghalaya_Shillong
2022-07-17,30.67,25.85,20.98,1.76,92.06,0.98,1.92,Meghalaya_Shillong
2022-07-18,16.7,25.28,19.95,2.75,91.51,0.98,2.79,Meghalaya_Shillong
2022-07-19,24.7,25.02,20.4,2.84,92.55,0.98,2.06,Meghalaya_Shillong
2022-07-20,34.31,25.89,20.4,1.99,92.41,0.99,1.76,Meghalaya_Shillong
2022-07-21,8.17,25.31,20.38,1.69,91.41,0.99,1.9,Meghalaya_Shillong
2022-07-22,4.75,23.91,20.2,0.57,93.11,0.99,0.7,Meghalaya_Shillong
2022-07-23,29.16,24.34,20.23,1.35,95.64,0.99,0.57,Meghalaya_Shillong
2022-07-24,26.32,23.2,19.93,1.32,95.5,0.99,0.6,Meghalaya_Shillong
2022-07-25,24.72,23.15,18.09,1.12,91.34,1.0,1.21,Meghalaya_Shillong
2022-07-26,31.66,25.76,18.35,1.11,89.28,1.0,2.37,Meghalaya_Shillong
2022-07-27,7.78,26.34,18.99,1.21,89.86,1.0,2.35,Meghalaya_Shillong
2022-07-28,12.74,26.77,19.15,1.02,89.95,0.99,2.17,Meghalaya_Shillong
2022-07-29,18.97,26.35,19.3,1.32,90.48,0.99,2.24,Meghalaya_Shillong
2022-07-30,29.31,25.7,19.53,1.66,93.61,1.0,1.24,Meghalaya_Shillong
2022-07-31,27.47,22.96,19.98,2.23,96.38,1.0,0.48,Meghalaya_Shillong
2022-08-01,16.45,25.13,19.96,1.92,91.88,1.0,1.6,Meghalaya_Shillong
2022-08-02,20.64,26.32,19.36,0.95,90.53,1.0,2.21,Meghalaya_Shillong
2022-08-03,7.52,26.25,20.71,1.02,90.47,1.0,1.92,Meghalaya_Shillong
2022-08-04,25.49,25.17,20.48,0.81,92.93,1.0,1.2,Meghalaya_Shillong
2022-08-05,26.77,25.1,20.05,0.92,90.88,1.0,1.39,Meghalaya_Shillong
2022-08-06,7.58,27.14,20.08,0.9,88.77,0.99,2.75,Meghalaya_Shillong
2022-08-07,16.21,27.88,20.75,0.97,85.11,0.99,3.11,Meghalaya_Shillong
2022-08-08,8.44,27.37,20.36,1.53,88.5,0.99,2.96,Meghalaya_Shillong
2022-08-09,12.75,25.73,20.09,1.87,89.63,0.99,2.26,Meghalaya_Shillong
2022-08-10,1.77,25.06,19.39,1.33,90.58,0.99,1.66,Meghalaya_Shillong
2022-08-11,0.13,26.73,18.71,1.49,87.79,0.98,3.77,Meghalaya_Shillong
2022-08-12,2.46,24.72,19.1,0.88,87.77,0.98,2.12,Meghalaya_Shillong
2022-08-13,7.95,26.89,19.64,1.57,87.99,0.98,2.47,Meghalaya_Shillong
2022-08-14,18.11,26.19,19.09,1.8,89.25,0.98,2.96,Meghalaya_Shillong
2022-08-15,6.11,25.58,18.03,1.44,88.5,0.98,3.46,Meghalaya_Shillong
2022-08-16,6.01,26.6,19.35,1.49,89.08,0.97,3.52,Meghalaya_Shillong
2022-08-17,1.64,27.66,20.2,0.93,88.51,0.97,3.25,Meghalaya_Shillong
2022-08-18,2.43,27.95,20.84,1.2,88.94,0.96,2.94,Meghalaya_Shillong
2022-08-19,3.6,26.1,20.21,1.71,89.52,0.96,3.08,Meghalaya_Shillong
2022-08-20,2.8,26.86,19.45,1.37,88.92,0.96,3.35,Meghalaya_Shillong
2022-08-21,3.62,25.76,19.57,0.88,90.6,0.96,2.48,Meghalaya_Shillong
2022-08-22,12.02,28.89,18.88,0.75,84.19,0.95,4.99,Meghalaya_Shillong
2022-08-23,11.49,26.87,20.85,1.16,90.03,0.96,2.69,Meghalaya_Shillong
2022-08-24,3.88,27.16,19.88,1.43,89.64,0.96,3.78,Meghalaya_Shillong
2022-08-25,1.02,27.17,18.81,1.1,86.7,0.95,4.57,Meghalaya_Shillong
2022-08-26,1.99,28.06,18.48,0.88,82.68,0.94,4.95,Meghalaya_Shillong
2022-08-27,22.73,24.9,19.87,1.92,92.57,0.95,2.16,Meghalaya_Shillong
2022-08-28,22.68,25.24,19.64,1.97,91.47,0.97,2.58,Meghalaya_Shillong
2022-08-29,9.32,25.59,18.96,1.55,91.3,0.96,2.92,Meghalaya_Shillong
2022-08-30,14.87,24.77,19.08,1.61,92.52,0.97,1.86,Meghalaya_Shillong
2022-08-31,3.09,25.86,17.98,1.59,89.56,0.96,3.67,Meghalaya_Shillong
2022-09-01,21.26,23.56,18.6,2.13,92.95,0.97,1.86,Meghalaya_Shillong
2022-09-02,22.44,23.67,18.51,1.87,95.04,0.98,0.99,Meghalaya_Shillong
2022-09-03,45.32,24.64,20.07,2.84,94.44,0.99,1.41,Meghalaya_Shillong
2022-09-04,26.8,25.03,20.57,2.45,93.11,0.99,1.88,Meghalaya_Shillong
2022-09-05,15.92,23.73,19.84,1.84,95.04,0.99,0.87,Meghalaya_Shillong
2022-09-06,9.78,25.05,19.87,1.09,93.38,0.99,1.4,Meghalaya_Shillong
2022-09-07,1.53,24.19,19.47,0.88,93.39,0.99,0.98,Meghalaya_Shillong
2022-09-08,2.68,26.1,19.99,1.04,90.4,0.98,1.82,Meghalaya_Shillong
2022-09-09,3.62,23.76,18.94,2.16,91.92,0.98,1.48,Meghalaya_Shillong
2022-09-10,13.2,25.22,18.34,1.63,91.19,0.98,2.28,Meghalaya_Shillong
2022-09-11,10.23,22.79,18.32,1.54,95.12,0.99,0.86,Meghalaya_Shillong
2022-09-12,28.0,22.74,17.67,1.61,95.28,0.99,0.65,Meghalaya_Shillong
2022-09-13,38.73,25.11,18.5,1.49,92.87,1.0,1.51,Meghalaya_Shillong
2022-09-14,25.41,24.95,17.91,1.55,92.28,0.99,2.23,Meghalaya_Shillong
2022-09-15,32.18,24.83,19.05,1.85,92.98,1.0,2.01,Meghalaya_Shillong
2022-09-16,12.22,25.24,18.99,1.66,92.69,1.0,2.19,Meghalaya_Shillong
2022-09-17,1.14,26.05,18.87,1.13,91.2,0.99,2.95,Meghalaya_Shillong
2022-09-18,10.25,27.27,20.18,0.73,85.43,0.99,4.02,Meghalaya_Shillong
2022-09-19,8.94,26.11,19.29,1.14,91.1,0.99,2.43,Meghalaya_Shillong
2022-09-20,8.37,23.74,19.23,1.31,93.89,0.99,1.44,Meghalaya_Shillong
2022-09-21,7.89,24.73,18.81,1.66,93.09,0.99,2.36,Meghalaya_Shillong
2022-09-22,8.14,24.85,18.69,1.63,92.2,0.99,2.75,Meghalaya_Shillong
2022-09-23,4.7,24.51,19.53,1.34,92.24,0.98,2.41,Meghalaya_Shillong
2022-09-24,12.45,23.48,19.04,1.3,93.57,0.98,1.42,Meghalaya_Shillong
2022-09-25,3.63,23.53,17.66,0.66,86.56,0.98,2.31,Meghalaya_Shillong
2022-09-26,7.69,25.69,16.45,0.94,88.81,0.98,3.18,Meghalaya_Shillong
2022-09-27,2.03,25.3,19.51,0.88,92.19,0.98,2.02,Meghalaya_Shillong
2022-09-28,2.8,26.12,17.76,0.78,84.85,0.98,3.54,Meghalaya_Shillong
2022-09-29,0.46,27.0,18.69,0.7,78.0,0.97,5.21,Meghalaya_Shillong
2022-09-30,0.09,27.77,18.73,0.9,82.41,0.97,5.25,Meghalaya_Shillong
2022-10-01,3.55,26.93,18.35,0.93,82.65,0.96,3.97,Meghalaya_Shillong
2022-10-02,13.29,25.74,18.69,1.2,89.23,0.96,2.59,Meghalaya_Shillong
2022-10-03,29.54,22.58,19.02,1.23,94.5,0.98,0.81,Meghalaya_Shillong
2022-10-04,6.85,23.2,18.34,0.94,92.72,0.98,1.34,Meghalaya_Shillong
2022-10-05,4.48,25.31,18.02,1.06,90.4,0.98,3.45,Meghalaya_Shillong
2022-10-06,0.9,24.39,17.6,1.42,91.52,0.97,3.29,Meghalaya_Shillong
2022-10-07,2.69,24.72,18.22,1.36,91.02,0.97,3.68,Meghalaya_Shillong
2022-10-08,8.15,24.29,17.14,1.52,92.14,0.97,3.01,Meghalaya_Shillong
2022-10-09,10.36,23.83,18.41,1.65,93.55,0.97,2.01,Meghalaya_Shillong
2022-10-10,21.7,23.21,18.18,2.03,93.68,0.97,2.05,Meghalaya_Shillong
2022-10-11,40.29,22.07,18.75,2.34,96.52,0.99,0.59,Meghalaya_Shillong
2022-10-12,22.39,21.32,18.47,1.89,95.61,0.99,0.79,Meghalaya_Shillong
2022-10-13,20.26,21.96,18.15,1.41,96.02,1.0,0.69,Meghalaya_Shillong
2022-10-14,2.84,23.79,17.99,1.27,92.92,0.99,2.13,Meghalaya_Shillong
2022-10-15,0.4,26.21,16.19,0.67,81.97,0.99,6.15,Meghalaya_Shillong
2022-10-16,0.02,26.12,15.81,0.84,77.34,0.98,5.83,Meghalaya_Shillong
2022-10-17,0.69,26.05,16.94,0.64,77.9,0.98,5.93,Meghalaya_Shillong
2022-10-18,0.16,25.6,17.13,0.54,81.11,0.97,6.14,Meghalaya_Shillong
2022-10-19,0.01,24.27,15.67,0.62,81.4,0.97,6.02,Meghalaya_Shillong
2022-10-20,0.0,24.82,14.18,0.66,78.18,0.96,5.83,Meghalaya_Shillong
2022-10-21,0.0,24.09,13.59,1.16,84.23,0.96,4.67,Meghalaya_Shillong
2022-10-22,0.01,24.27,13.17,1.3,80.89,0.96,4.85,Meghalaya_Shillong
2022-10-23,1.35,22.21,14.78,1.07,89.74,0.95,1.55,Meghalaya_Shillong
2022-10-24,90.87,17.36,14.71,2.66,95.44,0.97,0.26,Meghalaya_Shillong
2022-10-25,42.24,20.01,14.33,2.32,95.18,0.99,1.09,Meghalaya_Shillong
2022-10-26,1.95,21.09,12.98,1.0,89.18,0.98,3.03,Meghalaya_Shillong
2022-10-27,0.01,22.21,11.58,0.57,81.71,0.98,5.11,Meghalaya_Shillong
2022-10-28,0.0,22.73,11.57,0.72,79.91,0.97,5.31,Meghalaya_Shillong
2022-10-29,0.0,22.19,11.48,0.95,79.08,0.97,4.41,Meghalaya_Shillong
2022-10-30,0.0,23.79,13.52,0.76,77.19,0.97,5.16,Meghalaya_Shillong
2022-10-31,0.0,24.55,13.39,0.58,76.38,0.96,6.27,Meghalaya_Shillong
2022-11-01,0.0,24.01,13.17,0.77,75.67,0.96,5.83,Meghalaya_Shillong
2022-11-02,0.05,22.63,13.99,1.03,87.23,0.95,3.46,Meghalaya_Shillong
2022-11-03,0.01,22.21,12.67,0.82,86.91,0.95,4.11,Meghalaya_Shillong
2022-11-04,0.28,22.76,11.99,0.86,83.67,0.95,4.79,Meghalaya_Shillong
2022-11-05,0.09,23.08,12.89,0.82,82.13,0.94,4.82,Meghalaya_Shillong
2022-11-06,0.0,21.34,13.89,0.91,87.1,0.94,4.0,Meghalaya_Shillong
2022-11-07,0.0,21.57,12.4,0.87,82.64,0.93,4.9,Meghalaya_Shillong
2022-11-08,0.0,21.42,12.74,0.86,77.04,0.93,4.64,Meghalaya_Shillong
2022-11-09,0.0,20.99,11.4,0.89,73.94,0.92,4.09,Meghalaya_Shillong
2022-11-10,0.0,20.38,9.95,0.97,81.61,0.92,4.52,Meghalaya_Shillong
2022-11-11,0.0,21.16,9.4,0.95,74.2,0.92,5.14,Meghalaya_Shillong
2022-11-12,0.0,21.24,10.75,0.85,86.84,0.91,4.44,Meghalaya_Shillong
2022-11-13,0.0,20.43,9.81,0.73,80.29,0.91,4.64,Meghalaya_Shillong
2022-11-14,0.0,20.63,9.87,0.8,71.95,0.91,4.52,Meghalaya_Shillong
2022-11-15,0.0,20.79,11.75,0.76,79.02,0.9,4.8,Meghalaya_Shillong
2022-11-16,0.0,21.23,10.27,0.86,87.13,0.9,4.49,Meghalaya_Shillong
2022-11-17,0.0,20.65,9.33,0.97,81.51,0.9,4.78,Meghalaya_Shillong
2022-11-18,0.0,19.41,8.34,1.22,77.81,0.89,4.07,Meghalaya_Shillong
2022-11-19,0.0,21.16,7.51,1.21,66.06,0.89,4.56,Meghalaya_Shillong
2022-11-20,0.0,21.23,10.0,1.15,63.86,0.88,4.65,Meghalaya_Shillong
2022-11-21,0.25,20.76,12.04,1.0,66.15,0.88,4.3,Meghalaya_Shillong
2022-11-22,0.0,21.56,11.48,0.56,76.07,0.88,4.92,Meghalaya_Shillong
2022-11-23,0.0,21.24,11.75,0.51,78.07,0.88,4.63,Meghalaya_Shillong
2022-11-24,0.0,21.04,9.58,0.94,80.45,0.87,4.11,Meghalaya_Shillong
2022-11-25,0.0,21.32,10.67,0.9,54.75,0.87,4.54,Meghalaya_Shillong
2022-11-26,0.0,20.55,10.69,0.93,69.44,0.87,4.29,Meghalaya_Shillong
2022-11-27,0.0,19.56,10.72,0.94,75.52,0.86,4.24,Meghalaya_Shillong
2022-11-28,0.0,21.4,10.68,0.82,58.94,0.86,4.43,Meghalaya_Shillong
2022-11-29,0.0,20.97,9.97,0.96,79.54,0.86,3.88,Meghalaya_Shillong
2022-11-30,0.0,20.88,12.04,0.96,86.01,0.86,3.51,Meghalaya_Shillong
2022-12-01,0.0,20.97,11.36,0.64,80.78,0.85,4.1,Meghalaya_Shillong
2022-12-02,0.0,20.28,10.91,0.76,74.7,0.85,4.0,Meghalaya_Shillong
2022-12-03,0.0,19.69,9.87,0.81,75.24,0.85,4.03,Meghalaya_Shillong
2022-12-04,0.0,20.08,9.1,0.88,74.54,0.85,4.11,Meghalaya_Shillong
2022-12-05,0.0,20.34,9.37,0.94,63.32,0.84,4.11,Meghalaya_Shillong
2022-12-06,0.0,20.49,9.02,0.82,70.27,0.84,4.42,Meghalaya_Shillong
2022-12-07,0.0,19.82,7.97,0.88,83.43,0.84,4.14,Meghalaya_Shillong
2022-12-08,0.0,19.77,8.04,0.85,68.25,0.84,4.11,Meghalaya_Shillong
2022-12-09,0.0,18.94,8.56,0.83,63.47,0.84,3.74,Meghalaya_Shillong
2022-12-10,0.0,19.87,7.11,1.04,83.12,0.83,3.6,Meghalaya_Shillong
2022-12-11,0.0,20.01,6.66,1.08,84.64,0.83,3.54,Meghalaya_Shillong
2022-12-12,0.0,19.6,7.93,0.71,84.24,0.83,3.97,Meghalaya_Shillong
2022-12-13,0.0,19.68,9.02,0.7,86.85,0.83,3.56,Meghalaya_Shillong
2022-12-14,0.0,20.81,9.11,0.52,81.88,0.83,4.43,Meghalaya_Shillong
2022-12-15,0.0,18.68,10.1,0.66,87.0,0.82,3.17,Meghalaya_Shillong
2022-12-16,0.0,18.94,10.56,0.66,86.91,0.82,2.97,Meghalaya_Shillong
2022-12-17,0.0,18.92,8.39,1.1,81.82,0.82,3.2,Meghalaya_Shillong
2022-12-18,0.0,18.71,7.73,0.92,76.15,0.82,3.18,Meghalaya_Shillong
2022-12-19,0.0,18.0,8.77,1.01,84.54,0.82,2.65,Meghalaya_Shillong
2022-12-20,0.0,18.74,7.71,0.7,81.44,0.82,3.14,Meghalaya_Shillong
2022-12-21,0.0,18.79,8.27,0.71,86.28,0.82,3.13,Meghalaya_Shillong
2022-12-22,0.0,19.75,9.38,0.9,86.94,0.82,3.72,Meghalaya_Shillong
2022-12-23,0.0,18.34,6.81,0.74,70.87,0.81,3.71,Meghalaya_Shillong
2022-12-24,0.0,18.54,7.63,0.88,80.39,0.81,3.14,Meghalaya_Shillong
2022-12-25,0.53,17.54,6.39,1.38,84.99,0.81,2.01,Meghalaya_Shillong
2022-12-26,4.62,16.48,7.81,1.38,89.06,0.81,1.44,Meghalaya_Shillong
2022-12-27,0.7,15.0,6.99,1.74,92.66,0.82,1.06,Meghalaya_Shillong
2022-12-28,0.0,14.9,3.75,1.24,73.71,0.81,2.2,Meghalaya_Shillong
2022-12-29,0.0,15.64,3.41,0.91,84.97,0.81,2.01,Meghalaya_Shillong
2022-12-30,0.0,16.27,5.97,0.82,83.83,0.81,2.49,Meghalaya_Shillong
2022-12-31,0.0,16.61,6.01,0.96,84.52,0.81,2.38,Meghalaya_Shillong
2023-01-01,0.0,16.48,5.85,0.72,83.18,0.81,2.46,Meghalaya_Shillong
2023-01-02,0.0,16.34,5.68,0.95,79.23,0.8,2.61,Meghalaya_Shillong
2023-01-03,0.0,17.16,5.9,0.89,75.7,0.8,2.86,Meghalaya_Shillong
2023-01-04,0.0,17.7,6.12,0.73,67.28,0.8,3.15,Meghalaya_Shillong
2023-01-05,0.0,17.31,4.93,1.1,73.1,0.8,2.76,Meghalaya_Shillong
2023-01-06,0.0,18.62,4.65,1.32,76.08,0.8,3.0,Meghalaya_Shillong
2023-01-07,0.0,19.47,6.48,1.07,70.59,0.8,3.47,Meghalaya_Shillong
2023-01-08,0.0,19.47,6.84,0.71,63.59,0.79,3.65,Meghalaya_Shillong
2023-01-09,0.0,19.53,6.84,0.78,67.52,0.79,3.52,Meghalaya_Shillong
2023-01-10,0.0,18.37,8.3,0.96,74.69,0.79,2.99,Meghalaya_Shillong
2023-01-11,0.0,17.79,6.66,0.73,78.68,0.79,2.89,Meghalaya_Shillong
2023-01-12,0.0,17.48,6.46,1.09,84.18,0.79,2.42,Meghalaya_Shillong
2023-01-13,0.0,16.53,5.43,1.37,79.77,0.79,2.36,Meghalaya_Shillong
2023-01-14,0.0,15.76,5.64,1.39,81.79,0.79,1.99,Meghalaya_Shillong
2023-01-15,0.0,15.48,4.48,1.34,85.23,0.79,2.01,Meghalaya_Shillong
2023-01-16,0.0,15.05,3.04,1.53,82.35,0.79,1.86,Meghalaya_Shillong
2023-01-17,0.0,14.75,2.26,1.28,68.08,0.79,2.18,Meghalaya_Shillong
2023-01-18,0.0,15.19,2.18,1.31,57.71,0.78,2.24,Meghalaya_Shillong
2023-01-19,0.0,15.85,4.02,1.08,59.67,0.78,2.41,Meghalaya_Shillong
2023-01-20,0.0,17.86,4.4,1.03,61.48,0.78,2.88,Meghalaya_Shillong
2023-01-21,0.0,18.77,5.35,1.33,67.87,0.78,3.08,Meghalaya_Shillong
2023-01-22,0.0,18.12,6.25,1.3,65.27,0.78,3.09,Meghalaya_Shillong
2023-01-23,0.0,17.83,4.65,1.43,74.41,0.78,2.74,Meghalaya_Shillong
2023-01-24,0.0,20.49,7.23,0.94,68.03,0.77,3.6,Meghalaya_Shillong
2023-01-25,0.0,19.6,7.93,1.33,72.71,0.77,3.12,Meghalaya_Shillong
2023-01-26,0.0,20.37,7.06,1.33,83.67,0.77,3.11,Meghalaya_Shillong
2023-01-27,0.0,20.4,7.28,1.26,85.89,0.77,2.97,Meghalaya_Shillong
2023-01-28,0.0,20.52,6.89,1.13,84.46,0.77,3.22,Meghalaya_Shillong
2023-01-29,0.0,20.26,8.3,0.96,79.65,0.77,3.16,Meghalaya_Shillong
2023-01-30,0.0,22.22,7.91,0.98,68.84,0.77,4.09,Meghalaya_Shillong
2023-01-31,0.0,21.45,9.64,0.98,76.89,0.76,3.58,Meghalaya_Shillong
2023-02-01,0.0,20.79,7.2,1.11,73.08,0.76,3.33,Meghalaya_Shillong
2023-02-02,0.0,20.39,3.9,1.03,55.75,0.76,4.06,Meghalaya_Shillong
2023-02-03,0.0,20.75,6.95,1.11,62.5,0.76,3.88,Meghalaya_Shillong
2023-02-04,0.0,19.49,8.07,1.05,72.35,0.76,3.27,Meghalaya_Shillong
2023-02-05,0.0,19.03,7.36,1.05,76.14,0.76,3.04,Meghalaya_Shillong
2023-02-06,0.0,17.72,6.54,1.3,70.13,0.76,2.6,Meghalaya_Shillong
2023-02-07,0.0,16.27,5.67,1.72,71.48,0.75,2.47,Meghalaya_Shillong
2023-02-08,0.0,17.84,6.7,1.52,73.45,0.75,2.6,Meghalaya_Shillong
2023-02-09,0.0,17.78,8.22,1.32,81.78,0.75,2.37,Meghalaya_Shillong
2023-02-10,0.0,17.76,5.54,1.49,78.29,0.75,2.54,Meghalaya_Shillong
2023-02-11,0.0,17.81,7.0,1.75,69.7,0.75,2.77,Meghalaya_Shillong
2023-02-12,0.0,18.02,5.8,1.88,76.36,0.75,2.89,Meghalaya_Shillong
2023-02-13,0.0,17.89,4.5,1.45,55.52,0.75,3.62,Meghalaya_Shillong
2023-02-14,0.0,19.57,5.88,1.12,58.04,0.75,3.68,Meghalaya_Shillong
2023-02-15,0.0,19.41,6.74,1.03,66.13,0.74,3.31,Meghalaya_Shillong
2023-02-16,0.0,21.1,8.81,1.28,66.1,0.74,3.59,Meghalaya_Shillong
2023-02-17,0.0,21.87,11.23,0.99,63.11,0.74,4.21,Meghalaya_Shillong
2023-02-18,0.0,20.94,9.71,1.21,65.06,0.74,3.93,Meghalaya_Shillong
2023-02-19,0.0,21.09,10.27,1.03,60.57,0.74,4.05,Meghalaya_Shillong
2023-02-20,0.12,20.48,9.77,1.26,76.79,0.73,2.73,Meghalaya_Shillong
2023-02-21,2.17,18.9,10.11,1.39,85.96,0.74,1.74,Meghalaya_Shillong
2023-02-22,3.96,19.23,9.54,1.92,90.23,0.74,1.92,Meghalaya_Shillong
2023-02-23,0.88,18.92,10.73,2.17,82.78,0.74,2.3,Meghalaya_Shillong
2023-02-24,2.13,20.3,9.42,1.44,70.82,0.74,3.21,Meghalaya_Shillong
2023-02-25,0.02,21.78,6.98,1.2,70.95,0.74,4.5,Meghalaya_Shillong
2023-02-26,0.02,21.67,9.74,1.2,58.49,0.73,4.81,Meghalaya_Shillong
2023-02-27,0.0,20.47,10.76,1.45,51.17,0.73,4.17,Meghalaya_Shillong
2023-02-28,0.0,20.15,9.65,1.48,56.0,0.73,4.06,Meghalaya_Shillong
2023-03-01,0.0,22.17,9.32,1.33,66.35,0.72,4.37,Meghalaya_Shillong
2023-03-02,0.0,21.86,11.17,1.3,66.27,0.72,4.25,Meghalaya_Shillong
2023-03-03,0.0,22.13,9.9,1.33,62.89,0.72,4.36,Meghalaya_Shillong
2023-03-04,0.0,23.4,13.45,0.85,61.65,0.72,4.82,Meghalaya_Shillong
2023-03-05,0.05,23.54,12.7,1.27,68.76,0.71,4.55,Meghalaya_Shillong
2023-03-06,0.02,22.84,10.4,1.7,67.48,0.71,4.91,Meghalaya_Shillong
2023-03-07,0.04,22.69,9.33,1.44,54.07,0.71,5.2,Meghalaya_Shillong
2023-03-08,0.0,23.12,11.88,1.11,56.09,0.71,4.58,Meghalaya_Shillong
2023-03-09,0.0,22.91,11.49,1.47,63.89,0.7,4.17,Meghalaya_Shillong
2023-03-10,0.0,19.66,9.43,1.23,63.35,0.7,2.16,Meghalaya_Shillong
2023-03-11,0.0,24.03,9.76,1.43,61.02,0.7,5.26,Meghalaya_Shillong
2023-03-12,0.0,23.96,11.1,1.39,64.2,0.7,4.97,Meghalaya_Shillong
2023-03-13,0.0,25.06,13.27,0.93,58.9,0.7,5.32,Meghalaya_Shillong
2023-03-14,1.88,23.41,12.07,1.68,63.04,0.69,4.03,Meghalaya_Shillong
2023-03-15,12.42,21.14,11.32,1.46,81.18,0.71,2.64,Meghalaya_Shillong
2023-03-16,6.36,22.41,11.26,1.23,72.89,0.72,4.11,Meghalaya_Shillong
2023-03-17,10.96,21.12,12.12,0.92,81.63,0.74,2.23,Meghalaya_Shillong
2023-03-18,6.14,21.71,12.02,0.96,78.64,0.74,3.34,Meghalaya_Shillong
2023-03-19,37.32,19.02,12.88,1.09,87.56,0.76,0.89,Meghalaya_Shillong
2023-03-20,33.07,18.77,13.25,2.0,90.39,0.81,1.63,Meghalaya_Shillong
2023-03-21,24.3,19.29,12.32,1.88,87.99,0.84,2.12,Meghalaya_Shillong
2023-03-22,10.25,18.55,10.56,1.87,88.72,0.83,1.92,Meghalaya_Shillong
2023-03-23,0.63,19.04,8.46,1.7,83.99,0.8,2.92,Meghalaya_Shillong
2023-03-24,2.86,20.64,10.04,1.41,76.42,0.79,3.5,Meghalaya_Shillong
2023-03-25,2.96,21.54,11.54,1.36,78.58,0.78,3.62,Meghalaya_Shillong
2023-03-26,3.22,21.43,11.22,1.83,85.59,0.77,3.26,Meghalaya_Shillong
2023-03-27,3.28,21.82,12.33,1.77,85.21,0.77,3.75,Meghalaya_Shillong
2023-03-28,10.91,21.08,11.22,1.79,83.39,0.78,2.95,Meghalaya_Shillong
2023-03-29,4.54,22.06,12.21,1.55,80.71,0.78,3.78,Meghalaya_Shillong
2023-03-30,3.36,22.07,12.72,1.35,75.42,0.77,4.16,Meghalaya_Shillong
2023-03-31,11.37,23.12,12.11,1.06,79.67,0.78,3.81,Meghalaya_Shillong
2023-04-01,19.7,21.94,12.62,0.97,83.32,0.79,2.07,Meghalaya_Shillong
2023-04-02,11.2,19.89,11.41,1.81,86.61,0.81,2.94,Meghalaya_Shillong
2023-04-03,1.84,20.02,10.07,1.85,86.48,0.8,3.2,Meghalaya_Shillong
2023-04-04,5.44,21.15,11.99,1.84,83.46,0.79,3.33,Meghalaya_Shillong
2023-04-05,19.92,22.32,11.99,1.91,88.07,0.81,3.38,Meghalaya_Shillong
2023-04-06,0.97,23.1,12.32,1.45,81.38,0.8,4.72,Meghalaya_Shillong
2023-04-07,0.0,24.11,13.55,1.35,62.86,0.79,5.88,Meghalaya_Shillong
2023-04-08,0.0,25.38,14.55,1.28,58.49,0.78,6.1,Meghalaya_Shillong
2023-04-09,0.0,25.29,14.43,1.51,64.08,0.77,6.26,Meghalaya_Shillong
2023-04-10,0.0,24.59,13.06,1.96,66.25,0.76,5.99,Meghalaya_Shillong
2023-04-11,0.0,25.36,12.98,1.64,63.53,0.76,6.44,Meghalaya_Shillong
2023-04-12,0.0,25.88,13.55,1.52,57.36,0.75,7.27,Meghalaya_Shillong
2023-04-13,0.0,26.23,14.42,1.36,56.1,0.75,6.91,Meghalaya_Shillong
2023-04-14,0.0,27.62,16.45,1.3,56.2,0.74,7.13,Meghalaya_Shillong
2023-04-15,0.0,27.08,17.6,1.1,56.32,0.74,5.48,Meghalaya_Shillong
2023-04-16,0.0,26.35,16.63,1.52,62.1,0.74,5.94,Meghalaya_Shillong
2023-04-17,0.03,26.38,16.11,1.82,70.0,0.74,6.0,Meghalaya_Shillong
2023-04-18,0.08,27.42,16.34,1.5,77.61,0.73,6.49,Meghalaya_Shillong
2023-04-19,10.47,26.99,15.68,1.71,80.08,0.73,6.15,Meghalaya_Shillong
2023-04-20,12.31,26.14,15.59,1.55,80.98,0.76,5.44,Meghalaya_Shillong
2023-04-21,17.94,24.57,15.0,1.88,83.02,0.78,4.22,Meghalaya_Shillong
2023-04-22,12.14,24.21,15.74,1.4,79.96,0.79,4.06,Meghalaya_Shillong
2023-04-23,21.81,20.83,13.91,0.76,76.93,0.79,2.22,Meghalaya_Shillong
2023-04-24,0.28,24.62,13.39,1.13,73.77,0.8,5.83,Meghalaya_Shillong
2023-04-25,3.68,24.75,14.23,1.16,72.12,0.78,5.5,Meghalaya_Shillong
2023-04-26,1.34,25.02,13.16,1.41,72.04,0.78,5.97,Meghalaya_Shillong
2023-04-27,4.12,25.03,13.56,1.46,73.76,0.77,5.6,Meghalaya_Shillong
2023-04-28,1.38,24.28,13.15,1.55,73.57,0.77,4.71,Meghalaya_Shillong
2023-04-29,2.94,24.79,14.71,1.26,71.75,0.76,5.43,Meghalaya_Shillong
2023-04-30,10.58,23.91,15.15,1.24,80.65,0.77,3.79,Meghalaya_Shillong
2023-05-01,12.31,23.95,14.46,1.41,81.96,0.78,3.21,Meghalaya_Shillong
2023-05-02,1.83,24.71,16.16,1.48,72.24,0.78,5.47,Meghalaya_Shillong
2023-05-03,1.4,24.32,14.52,1.59,77.59,0.77,5.38,Meghalaya_Shillong
2023-05-04,16.28,23.34,14.5,1.61,87.46,0.79,3.21,Meghalaya_Shillong
2023-05-05,3.97,24.0,15.03,1.82,87.63,0.79,4.11,Meghalaya_Shillong
2023-05-06,5.99,24.41,13.98,1.71,83.87,0.78,5.04,Meghalaya_Shillong
2023-05-07,0.11,25.19,15.94,1.44,74.63,0.78,6.43,Meghalaya_Shillong
2023-05-08,0.01,26.08,16.59,1.54,69.46,0.77,6.87,Meghalaya_Shillong
2023-05-09,0.0,26.35,17.14,1.79,60.53,0.76,7.12,Meghalaya_Shillong
2023-05-10,1.42,27.47,16.6,1.68,64.57,0.75,7.4,Meghalaya_Shillong
2023-05-11,2.33,26.57,17.45,1.39,70.1,0.75,6.58,Meghalaya_Shillong
2023-05-12,0.86,27.39,16.79,1.03,64.09,0.75,6.75,Meghalaya_Shillong
2023-05-13,0.0,27.93,14.75,1.68,69.44,0.74,7.8,Meghalaya_Shillong
2023-05-14,0.23,24.97,15.5,2.58,72.26,0.74,5.51,Meghalaya_Shillong
2023-05-15,4.71,24.4,14.36,2.29,81.47,0.74,5.43,Meghalaya_Shillong
2023-05-16,28.9,24.44,15.23,1.56,86.66,0.77,4.14,Meghalaya_Shillong
2023-05-17,12.92,24.55,16.17,1.44,86.16,0.8,4.4,Meghalaya_Shillong
2023-05-18,13.58,24.21,15.88,1.5,89.91,0.8,2.64,Meghalaya_Shillong
2023-05-19,11.42,23.98,16.52,1.88,88.69,0.8,3.53,Meghalaya_Shillong
2023-05-20,30.6,23.27,16.53,1.88,90.07,0.81,2.86,Meghalaya_Shillong
2023-05-21,9.62,24.78,15.46,1.34,83.08,0.83,4.61,Meghalaya_Shillong
2023-05-22,6.85,23.88,16.44,1.29,84.96,0.82,3.11,Meghalaya_Shillong
2023-05-23,7.32,23.51,16.92,1.24,86.9,0.81,2.28,Meghalaya_Shillong
2023-05-24,5.01,24.68,16.36,0.96,83.75,0.8,4.61,Meghalaya_Shillong
2023-05-25,12.58,25.23,16.58,1.08,83.95,0.8,4.84,Meghalaya_Shillong
2023-05-26,36.59,24.41,16.51,1.43,88.41,0.84,3.26,Meghalaya_Shillong
2023-05-27,15.13,24.61,16.98,1.45,88.1,0.84,3.41,Meghalaya_Shillong
2023-05-28,0.68,26.05,17.86,0.89,80.31,0.83,5.28,Meghalaya_Shillong
2023-05-29,0.04,28.13,17.18,0.82,77.25,0.81,7.12,Meghalaya_Shillong
2023-05-30,0.0,28.72,17.86,0.85,78.33,0.8,7.06,Meghalaya_Shillong
2023-05-31,0.0,29.09,18.33,1.15,74.37,0.79,8.07,Meghalaya_Shillong
2023-06-01,10.41,26.57,17.65,1.68,87.26,0.79,4.14,Meghalaya_Shillong
2023-06-02,6.58,25.05,18.41,1.78,87.62,0.81,4.21,Meghalaya_Shillong
2023-06-03,0.45,27.38,17.78,1.18,75.32,0.8,5.96,Meghalaya_Shillong
2023-06-04,0.12,26.69,17.43,1.25,79.54,0.79,5.3,Meghalaya_Shillong
2023-06-05,0.0,27.43,18.25,0.64,65.47,0.79,5.03,Meghalaya_Shillong
2023-06-06,0.03,27.44,20.4,0.93,70.43,0.79,5.39,Meghalaya_Shillong
2023-06-07,0.27,29.55,19.51,0.84,69.98,0.78,7.5,Meghalaya_Shillong
2023-06-08,6.9,28.16,20.58,0.63,77.04,0.78,4.73,Meghalaya_Shillong
2023-06-09,28.69,27.53,19.94,0.84,85.5,0.81,3.26,Meghalaya_Shillong
2023-06-10,19.44,25.27,20.51,1.15,92.96,0.83,1.5,Meghalaya_Shillong
2023-06-11,60.35,25.95,20.03,1.72,91.24,0.88,2.37,Meghalaya_Shillong
2023-06-12,8.75,26.52,18.74,1.31,88.39,0.88,4.1,Meghalaya_Shillong
2023-06-13,29.83,26.37,19.43,1.82,88.47,0.87,3.8,Meghalaya_Shillong
2023-06-14,79.22,24.4,20.7,3.29,94.0,0.92,1.18,Meghalaya_Shillong
2023-06-15,115.86,24.6,20.63,4.22,93.39,0.96,1.67,Meghalaya_Shillong
2023-06-16,116.74,25.15,20.31,4.05,93.28,0.97,1.78,Meghalaya_Shillong
2023-06-17,67.11,25.25,19.96,3.52,92.92,0.98,1.7,Meghalaya_Shillong
2023-06-18,94.52,25.04,19.91,2.73,92.82,0.98,1.48,Meghalaya_Shillong
2023-06-19,57.03,24.37,19.86,2.16,94.32,0.99,1.0,Meghalaya_Shillong
2023-06-20,41.21,24.62,19.36,2.87,92.79,0.99,1.68,Meghalaya_Shillong
2023-06-21,57.76,22.53,19.45,2.35,95.47,0.99,0.54,Meghalaya_Shillong
2023-06-22,41.4,23.84,19.42,2.17,94.46,0.99,0.87,Meghalaya_Shillong
2023-06-23,9.63,26.39,19.36,1.48,91.86,0.99,1.97,Meghalaya_Shillong
2023-06-24,2.24,27.2,19.38,1.4,88.01,0.99,3.23,Meghalaya_Shillong
2023-06-25,2.69,26.86,18.72,1.29,88.53,0.98,3.22,Meghalaya_Shillong
2023-06-26,11.15,25.78,19.95,1.74,90.95,0.98,2.37,Meghalaya_Shillong
2023-06-27,30.41,25.57,19.24,2.32,91.11,0.98,2.12,Meghalaya_Shillong
2023-06-28,64.11,25.04,19.6,2.52,92.97,0.99,1.38,Meghalaya_Shillong
2023-06-29,50.33,24.54,19.36,2.7,93.95,0.99,0.99,Meghalaya_Shillong
2023-06-30,58.26,25.59,19.67,2.42,93.28,0.99,1.29,Meghalaya_Shillong
2023-07-01,80.91,25.22,20.85,2.41,92.95,0.99,1.23,Meghalaya_Shillong
2023-07-02,39.44,24.81,20.27,2.5,94.4,0.99,0.96,Meghalaya_Shillong
2023-07-03,54.36,24.89,20.52,2.03,94.53,0.99,0.91,Meghalaya_Shillong
2023-07-04,5.74,26.99,19.43,1.17,90.77,0.99,2.25,Meghalaya_Shillong
2023-07-05,26.34,25.9,20.19,1.02,90.26,0.99,1.87,Meghalaya_Shillong
2023-07-06,50.54,24.38,19.77,2.31,94.04,1.0,1.05,Meghalaya_Shillong
2023-07-07,33.47,24.69,19.62,2.22,93.24,1.0,1.32,Meghalaya_Shillong
2023-07-08,9.18,25.78,19.56,2.01,92.01,0.99,1.99,Meghalaya_Shillong
2023-07-09,7.07,25.58,19.25,1.64,91.54,0.99,2.1,Meghalaya_Shillong
2023-07-10,23.71,26.16,20.58,2.22,92.38,0.99,2.16,Meghalaya_Shillong
2023-07-11,56.58,25.88,20.91,3.31,94.43,0.99,1.13,Meghalaya_Shillong
2023-07-12,54.5,23.79,19.49,3.46,94.61,1.0,1.08,Meghalaya_Shillong
2023-07-13,70.76,25.09,20.54,3.0,93.62,1.0,1.13,Meghalaya_Shillong
2023-07-14,19.31,25.56,19.81,1.71,90.6,1.0,1.87,Meghalaya_Shillong
2023-07-15,5.87,26.33,19.43,1.55,90.43,0.99,2.45,Meghalaya_Shillong
2023-07-16,4.08,25.59,18.87,1.72,91.73,0.99,1.83,Meghalaya_Shillong
2023-07-17,4.01,23.9,19.32,1.3,92.16,0.99,1.02,Meghalaya_Shillong
2023-07-18,1.54,28.03,19.3,1.05,81.12,0.98,3.85,Meghalaya_Shillong
2023-07-19,1.93,28.56,20.3,1.17,84.92,0.98,3.74,Meghalaya_Shillong
2023-07-20,3.13,28.2,20.47,1.04,87.55,0.97,3.48,Meghalaya_Shillong
2023-07-21,25.6,26.52,20.47,1.19,89.97,0.98,2.36,Meghalaya_Shillong
2023-07-22,8.89,25.73,20.59,0.91,91.92,0.98,1.17,Meghalaya_Shillong
2023-07-23,2.23,27.55,20.04,0.86,88.08,0.98,2.83,Meghalaya_Shillong
2023-07-24,1.97,25.55,20.94,0.75,87.95,0.97,1.94,Meghalaya_Shillong
2023-07-25,5.97,27.55,20.4,0.81,84.76,0.97,3.38,Meghalaya_Shillong
2023-07-26,18.88,26.34,19.59,1.42,90.51,0.98,2.7,Meghalaya_Shillong
2023-07-27,36.17,26.45,18.91,1.93,91.86,0.99,2.34,Meghalaya_Shillong
2023-07-28,28.21,26.15,20.35,2.01,91.36,0.99,2.4,Meghalaya_Shillong
2023-07-29,9.1,26.89,20.13,1.29,88.68,0.99,2.92,Meghalaya_Shillong
2023-07-30,4.46,28.71,20.21,0.86,86.3,0.98,3.78,Meghalaya_Shillong
2023-07-31,7.07,28.21,21.24,1.01,89.32,0.98,2.46,Meghalaya_Shillong
2023-08-01,2.67,28.68,20.35,1.63,87.31,0.98,3.73,Meghalaya_Shillong
2023-08-02,9.73,26.52,20.81,1.66,91.0,0.97,2.22,Meghalaya_Shillong
2023-08-03,24.1,26.04,20.23,1.84,91.82,0.98,1.9,Meghalaya_Shillong
2023-08-04,24.26,26.16,20.47,2.75,92.42,0.99,2.23,Meghalaya_Shillong
2023-08-05,25.76,25.21,19.9,2.99,92.7,0.99,2.11,Meghalaya_Shillong
2023-08-06,72.1,24.11,20.84,2.95,95.72,0.99,0.66,Meghalaya_Shillong
2023-08-07,50.99,25.19,20.86,1.96,95.31,1.0,0.7,Meghalaya_Shillong
2023-08-08,26.82,23.94,21.66,2.02,95.34,1.0,0.67,Meghalaya_Shillong
2023-08-09,20.5,26.56,20.98,1.72,92.32,1.0,1.73,Meghalaya_Shillong
2023-08-10,10.44,26.87,19.87,1.58,92.13,0.99,2.01,Meghalaya_Shillong
2023-08-11,18.89,25.43,20.79,2.01,93.65,0.99,1.23,Meghalaya_Shillong
2023-08-12,44.63,24.27,20.76,2.91,95.95,1.0,0.69,Meghalaya_Shillong
2023-08-13,41.67,25.19,19.82,2.44,94.54,1.0,1.11,Meghalaya_Shillong
2023-08-14,14.41,27.53,18.81,1.18,87.42,0.99,2.77,Meghalaya_Shillong
2023-08-15,5.98,25.47,19.82,1.51,93.76,0.99,1.19,Meghalaya_Shillong
2023-08-16,15.0,27.02,19.93,1.12,91.34,0.99,2.23,Meghalaya_Shillong
2023-08-17,7.71,27.94,21.3,1.46,90.43,0.99,2.39,Meghalaya_Shillong
2023-08-18,6.56,27.75,21.16,1.28,89.89,0.99,2.89,Meghalaya_Shillong
2023-08-19,3.57,25.9,20.13,1.27,92.42,0.98,1.67,Meghalaya_Shillong
2023-08-20,1.73,25.91,19.08,1.5,91.06,0.98,2.94,Meghalaya_Shillong
2023-08-21,25.22,25.95,20.06,1.65,92.69,0.98,1.85,Meghalaya_Shillong
2023-08-22,20.32,23.64,20.04,2.24,95.41,0.99,0.88,Meghalaya_Shillong
2023-08-23,28.83,23.63,19.93,2.44,93.7,1.0,1.35,Meghalaya_Shillong
2023-08-24,25.07,25.33,20.0,1.93,93.41,1.0,1.41,Meghalaya_Shillong
2023-08-25,26.08,25.0,19.85,1.81,93.73,1.0,1.31,Meghalaya_Shillong
2023-08-26,44.23,25.07,20.5,2.31,94.18,1.0,1.25,Meghalaya_Shillong
2023-08-27,86.55,24.99,21.01,2.76,94.2,1.0,1.15,Meghalaya_Shillong
2023-08-28,8.12,25.74,20.63,2.1,92.1,1.0,2.14,Meghalaya_Shillong
2023-08-29,0.01,26.89,18.63,0.66,83.62,0.99,3.86,Meghalaya_Shillong
2023-08-30,0.04,28.09,17.54,0.79,83.2,0.99,4.72,Meghalaya_Shillong
2023-08-31,1.13,27.95,17.77,0.7,85.34,0.98,4.57,Meghalaya_Shillong
2023-09-01,5.0,27.98,20.82,0.91,87.18,0.98,3.45,Meghalaya_Shillong
2023-09-02,1.82,28.77,19.72,0.58,84.89,0.98,5.29,Meghalaya_Shillong
2023-09-03,2.15,27.72,20.01,1.39,85.73,0.97,3.73,Meghalaya_Shillong
2023-09-04,2.98,27.81,18.94,1.27,84.44,0.97,3.92,Meghalaya_Shillong
2023-09-05,0.86,28.13,18.15,1.26,82.06,0.96,4.03,Meghalaya_Shillong
2023-09-06,2.74,27.65,18.87,1.47,84.09,0.96,4.56,Meghalaya_Shillong
2023-09-07,13.71,25.86,19.17,1.33,89.03,0.96,2.72,Meghalaya_Shillong
2023-09-08,18.34,24.87,19.79,1.38,92.75,0.97,1.81,Meghalaya_Shillong
2023-09-09,6.22,26.37,19.49,0.92,90.74,0.97,3.07,Meghalaya_Shillong
2023-09-10,8.34,27.64,20.04,0.78,87.73,0.96,4.0,Meghalaya_Shillong
2023-09-11,10.61,26.31,20.23,0.9,92.19,0.97,1.74,Meghalaya_Shillong
2023-09-12,3.89,24.03,19.91,0.84,89.6,0.97,1.25,Meghalaya_Shillong
2023-09-13,8.35,25.64,19.94,0.99,92.35,0.97,1.53,Meghalaya_Shillong
2023-09-14,6.65,26.43,19.02,1.56,89.11,0.97,3.82,Meghalaya_Shillong
2023-09-15,1.36,27.42,18.97,0.77,86.13,0.96,4.53,Meghalaya_Shillong
2023-09-16,0.0,27.74,19.43,0.82,85.3,0.96,4.89,Meghalaya_Shillong
2023-09-17,1.67,27.93,18.72,1.0,83.14,0.95,4.83,Meghalaya_Shillong
2023-09-18,10.99,24.05,19.12,1.32,91.85,0.95,1.22,Meghalaya_Shillong
2023-09-19,19.73,23.47,18.69,1.39,92.82,0.96,1.42,Meghalaya_Shillong
2023-09-20,28.04,22.93,18.25,1.29,93.2,0.98,0.95,Meghalaya_Shillong
2023-09-21,46.35,23.82,18.89,1.65,93.84,0.99,1.31,Meghalaya_Shillong
2023-09-22,22.32,23.63,18.52,1.27,93.36,0.99,1.43,Meghalaya_Shillong
2023-09-23,10.82,24.31,18.69,1.36,92.69,0.99,2.06,Meghalaya_Shillong
2023-09-24,7.82,24.57,19.08,1.56,92.44,0.99,2.29,Meghalaya_Shillong
2023-09-25,4.6,25.06,18.54,0.87,89.59,0.99,2.76,Meghalaya_Shillong
2023-09-26,6.12,26.84,18.51,0.72,87.54,0.98,3.32,Meghalaya_Shillong
2023-09-27,0.61,26.72,19.65,0.65,86.7,0.98,3.65,Meghalaya_Shillong
2023-09-28,0.0,26.79,18.51,1.05,86.64,0.97,4.03,Meghalaya_Shillong
2023-09-29,1.79,26.07,20.05,1.27,90.5,0.97,2.24,Meghalaya_Shillong
2023-09-30,9.71,25.1,19.2,1.03,92.31,0.97,1.68,Meghalaya_Shillong
2023-10-01,15.21,25.35,19.09,1.29,89.36,0.98,2.99,Meghalaya_Shillong
2023-10-02,17.7,26.65,18.42,1.2,90.85,0.98,3.25,Meghalaya_Shillong
2023-10-03,13.75,25.32,18.82,1.4,93.21,0.98,1.9,Meghalaya_Shillong
2023-10-04,16.99,23.53,18.31,1.27,92.09,0.98,1.84,Meghalaya_Shillong
2023-10-05,73.29,20.45,17.79,1.33,93.46,0.99,0.64,Meghalaya_Shillong
2023-10-06,107.4,22.59,17.76,2.38,95.6,1.0,0.74,Meghalaya_Shillong
2023-10-07,37.04,23.54,18.58,1.9,95.41,1.0,0.89,Meghalaya_Shillong
2023-10-08,30.18,24.37,18.52,2.2,94.39,1.0,1.47,Meghalaya_Shillong
2023-10-09,13.16,24.76,16.8,1.42,93.93,1.0,1.52,Meghalaya_Shillong
2023-10-10,0.41,25.04,18.55,1.0,89.52,0.99,3.36,Meghalaya_Shillong
2023-10-11,1.05,24.39,16.88,1.04,90.0,0.99,3.13,Meghalaya_Shillong
2023-10-12,1.69,24.32,16.94,1.0,90.49,0.99,3.13,Meghalaya_Shillong
2023-10-13,1.24,24.92,14.64,0.75,78.21,0.98,4.96,Meghalaya_Shillong
2023-10-14,0.26,23.89,15.76,0.58,80.27,0.98,5.11,Meghalaya_Shillong
2023-10-15,0.03,23.81,15.79,0.6,82.18,0.98,5.04,Meghalaya_Shillong
2023-10-16,0.0,24.3,14.28,0.85,78.76,0.97,5.04,Meghalaya_Shillong
2023-10-17,0.0,23.22,14.79,1.02,83.28,0.97,4.2,Meghalaya_Shillong
2023-10-18,0.0,23.35,14.91,0.74,80.04,0.96,5.41,Meghalaya_Shillong
2023-10-19,0.0,24.13,14.49,0.68,83.01,0.96,6.05,Meghalaya_Shillong
2023-10-20,0.0,23.85,13.11,0.75,76.96,0.96,5.58,Meghalaya_Shillong
2023-10-21,0.0,23.74,12.46,1.04,70.92,0.95,5.19,Meghalaya_Shillong
2023-10-22,0.02,24.38,13.79,0.84,71.02,0.95,5.5,Meghalaya_Shillong
2023-10-23,2.58,23.86,14.67,0.67,82.91,0.94,3.67,Meghalaya_Shillong
2023-10-24,2.99,22.24,15.81,0.89,90.9,0.94,1.92,Meghalaya_Shillong
2023-10-25,2.17,24.38,15.34,0.78,87.51,0.94,4.56,Meghalaya_Shillong
2023-10-26,3.67,22.73,15.94,1.03,89.69,0.94,3.5,Meghalaya_Shillong
2023-10-27,0.67,22.51,13.72,0.67,85.63,0.93,4.42,Meghalaya_Shillong
2023-10-28,0.03,22.5,12.24,0.85,82.31,0.93,5.54,Meghalaya_Shillong
2023-10-29,0.0,22.26,12.06,0.99,77.57,0.92,5.11,Meghalaya_Shillong
2023-10-30,0.0,22.83,11.83,1.07,80.99,0.92,4.73,Meghalaya_Shillong
2023-10-31,0.0,23.64,12.58,0.93,73.4,0.92,5.18,Meghalaya_Shillong
2023-11-01,0.0,24.37,14.66,0.68,63.27,0.91,6.41,Meghalaya_Shillong
2023-11-02,0.0,23.61,14.34,0.9,69.96,0.91,5.74,Meghalaya_Shillong
2023-11-03,0.0,22.15,13.54,0.9,80.51,0.9,5.06,Meghalaya_Shillong
2023-11-04,0.0,22.07,12.51,1.08,87.6,0.9,4.35,Meghalaya_Shillong
2023-11-05,0.0,22.29,11.55,0.66,81.3,0.9,4.89,Meghalaya_Shillong
2023-11-06,0.0,21.84,10.81,0.72,73.15,0.89,5.6,Meghalaya_Shillong
2023-11-07,0.0,21.71,12.23,0.7,62.91,0.89,5.34,Meghalaya_Shillong
2023-11-08,0.15,20.69,10.48,0.71,77.27,0.88,5.03,Meghalaya_Shillong
2023-11-09,0.03,21.05,11.08,0.79,83.71,0.88,4.59,Meghalaya_Shillong
2023-11-10,0.0,22.11,11.23,0.74,77.45,0.88,5.41,Meghalaya_Shillong
2023-11-11,0.0,22.57,12.65,0.77,68.54,0.87,5.62,Meghalaya_Shillong
2023-11-12,0.0,22.56,11.58,0.78,64.68,0.87,5.92,Meghalaya_Shillong
2023-11-13,0.0,21.99,11.9,0.99,66.93,0.87,4.97,Meghalaya_Shillong
2023-11-14,0.0,21.96,11.64,0.91,70.98,0.86,4.87,Meghalaya_Shillong
2023-11-15,0.0,22.01,14.05,0.84,59.15,0.86,5.01,Meghalaya_Shillong
2023-11-16,1.58,22.1,12.83,0.75,81.53,0.86,2.57,Meghalaya_Shillong
2023-11-17,21.77,18.18,14.33,1.76,93.43,0.87,0.44,Meghalaya_Shillong
2023-11-18,4.33,19.78,13.46,1.91,89.04,0.88,2.5,Meghalaya_Shillong
2023-11-19,0.8,22.25,13.0,0.82,88.81,0.88,3.39,Meghalaya_Shillong
2023-11-20,0.0,21.65,13.66,0.66,88.91,0.87,4.11,Meghalaya_Shillong
2023-11-21,0.03,21.09,13.8,0.76,89.12,0.87,3.77,Meghalaya_Shillong
2023-11-22,0.0,20.77,12.03,0.63,86.63,0.86,4.0,Meghalaya_Shillong
2023-11-23,0.0,20.46,10.95,1.06,83.57,0.86,3.94,Meghalaya_Shillong
2023-11-24,0.0,20.32,10.55,0.93,79.71,0.86,4.05,Meghalaya_Shillong
2023-11-25,0.0,19.89,9.42,1.06,75.69,0.86,4.06,Meghalaya_Shillong
2023-11-26,0.0,21.36,9.36,1.19,73.59,0.85,4.42,Meghalaya_Shillong
2023-11-27,0.0,19.77,11.13,0.93,66.71,0.85,2.96,Meghalaya_Shillong
2023-11-28,0.0,21.91,12.26,0.7,61.21,0.85,5.26,Meghalaya_Shillong
2023-11-29,0.0,21.79,11.77,0.82,72.07,0.85,4.73,Meghalaya_Shillong
2023-11-30,0.0,21.18,9.47,1.02,76.29,0.84,4.21,Meghalaya_Shillong
2023-12-01,0.0,22.46,10.51,0.78,68.88,0.84,5.1,Meghalaya_Shillong
2023-12-02,0.0,21.95,12.38,0.94,71.22,0.84,4.46,Meghalaya_Shillong
2023-12-03,0.0,22.54,10.2,0.97,84.28,0.84,4.48,Meghalaya_Shillong
2023-12-04,0.0,22.35,9.39,1.07,78.36,0.83,4.59,Meghalaya_Shillong
2023-12-05,0.0,20.74,10.9,1.23,74.0,0.83,3.87,Meghalaya_Shillong
2023-12-06,0.19,21.37,10.26,0.94,86.44,0.83,3.33,Meghalaya_Shillong
2023-12-07,14.5,18.05,13.02,0.45,91.76,0.84,1.24,Meghalaya_Shillong
2023-12-08,6.23,19.39,12.21,0.79,93.55,0.85,1.38,Meghalaya_Shillong
2023-12-09,0.3,18.56,11.85,0.71,88.98,0.85,2.5,Meghalaya_Shillong
2023-12-10,0.0,17.66,11.49,0.47,88.48,0.84,2.65,Meghalaya_Shillong
2023-12-11,0.02,17.96,9.13,1.05,86.66,0.84,2.89,Meghalaya_Shillong
2023-12-12,0.04,17.81,8.6,0.98,86.22,0.84,2.84,Meghalaya_Shillong
2023-12-13,0.09,16.71,7.77,1.34,89.12,0.84,2.4,Meghalaya_Shillong
2023-12-14,0.0,16.68,5.62,0.75,75.44,0.83,2.95,Meghalaya_Shillong
2023-12-15,0.0,18.26,5.12,0.71,76.94,0.83,3.43,Meghalaya_Shillong
2023-12-16,0.0,18.06,5.34,0.84,79.83,0.83,3.22,Meghalaya_Shillong
2023-12-17,0.0,17.73,6.63,1.03,80.31,0.83,3.05,Meghalaya_Shillong
2023-12-18,0.0,18.58,7.27,0.69,79.66,0.83,3.5,Meghalaya_Shillong
2023-12-19,0.0,17.94,6.52,0.87,72.5,0.82,3.16,Meghalaya_Shillong
2023-12-20,0.0,18.27,6.23,1.2,67.9,0.82,3.18,Meghalaya_Shillong
2023-12-21,0.0,18.72,7.7,0.96,76.24,0.82,2.87,Meghalaya_Shillong
2023-12-22,0.0,18.18,9.4,0.88,76.84,0.82,2.78,Meghalaya_Shillong
2023-12-23,0.0,18.47,9.58,1.03,83.21,0.82,1.56,Meghalaya_Shillong
2023-12-24,0.58,17.84,10.52,1.08,88.12,0.82,1.45,Meghalaya_Shillong
2023-12-25,0.01,17.7,9.32,0.68,88.5,0.82,2.44,Meghalaya_Shillong
2023-12-26,0.0,18.82,9.31,0.74,81.85,0.82,3.14,Meghalaya_Shillong
2023-12-27,0.0,18.89,8.59,1.0,84.94,0.82,2.88,Meghalaya_Shillong
2023-12-28,0.0,17.76,9.1,0.86,81.24,0.81,2.9,Meghalaya_Shillong
2023-12-29,0.0,19.03,8.27,0.99,78.07,0.81,3.16,Meghalaya_Shillong
2023-12-30,0.0,18.83,8.77,0.85,74.78,0.81,3.17,Meghalaya_Shillong
2023-12-31,0.0,18.12,9.72,0.63,76.22,0.81,2.8,Meghalaya_Shillong
