date,rainfall_mm,temp_max,temp_min,wind_speed,humidity,soil_moisture,evapotranspiration,station
2005-01-01,0.0,23.84,10.1,0.97,71.65,0.57,1.55,Meghna_Bhairab Bazar
2005-01-02,0.0,23.84,11.88,1.02,73.29,0.57,1.18,Meghna_Bhairab Bazar
2005-01-03,0.0,25.4,13.97,0.98,72.4,0.57,1.38,Meghna_Bhairab Bazar
2005-01-04,0.0,23.24,15.2,0.91,76.25,0.56,0.48,Meghna_Bhairab Bazar
2005-01-05,0.0,25.54,12.51,1.55,77.32,0.56,1.43,Meghna_Bhairab Bazar
2005-01-06,0.0,25.3,12.77,1.09,71.18,0.56,1.42,Meghna_Bhairab Bazar
2005-01-07,0.0,25.47,13.12,1.12,72.76,0.55,1.37,Meghna_Bhairab Bazar
2005-01-08,0.0,25.27,12.84,1.23,69.85,0.55,1.36,Meghna_Bhairab Bazar
2005-01-09,0.0,23.6,12.41,1.18,71.34,0.55,1.21,Meghna_Bhairab Bazar
2005-01-10,0.06,23.28,11.0,1.0,63.15,0.55,1.03,Meghna_Bhairab Bazar
2005-01-11,1.87,23.83,10.53,1.26,70.52,0.54,0.95,Meghna_Bhairab Bazar
2005-01-12,0.92,23.68,11.28,1.6,72.97,0.54,1.19,Meghna_Bhairab Bazar
2005-01-13,0.0,22.89,11.02,1.18,72.11,0.54,1.05,Meghna_Bhairab Bazar
2005-01-14,0.0,23.37,10.85,0.99,71.68,0.54,1.02,Meghna_Bhairab Bazar
2005-01-15,0.0,24.08,10.56,1.25,70.63,0.54,1.07,Meghna_Bhairab Bazar
2005-01-16,0.0,24.82,12.38,1.2,65.4,0.53,1.08,Meghna_Bhairab Bazar
2005-01-17,0.0,24.68,11.24,1.29,66.69,0.53,1.09,Meghna_Bhairab Bazar
2005-01-18,0.2,25.09,11.43,1.25,69.22,0.53,0.97,Meghna_Bhairab Bazar
2005-01-19,0.43,23.41,13.28,1.28,74.96,0.53,0.68,Meghna_Bhairab Bazar
2005-01-20,0.0,23.98,12.0,1.58,69.31,0.52,1.03,Meghna_Bhairab Bazar
2005-01-21,0.0,22.2,9.07,1.8,68.12,0.52,0.79,Meghna_Bhairab Bazar
2005-01-22,0.0,22.69,9.97,1.25,64.59,0.52,0.7,Meghna_Bhairab Bazar
2005-01-23,0.37,25.67,10.8,1.39,60.74,0.52,0.96,Meghna_Bhairab Bazar
2005-01-24,0.03,24.81,12.82,1.18,72.47,0.51,0.91,Meghna_Bhairab Bazar
2005-01-25,0.0,23.89,12.63,1.38,71.04,0.51,0.85,Meghna_Bhairab Bazar
2005-01-26,0.0,24.96,10.71,1.57,68.79,0.51,0.99,Meghna_Bhairab Bazar
2005-01-27,0.0,25.81,12.06,1.38,62.57,0.51,0.99,Meghna_Bhairab Bazar
2005-01-28,0.0,24.29,12.43,1.38,64.95,0.5,0.63,Meghna_Bhairab Bazar
2005-01-29,0.03,25.19,13.94,1.4,61.53,0.5,0.87,Meghna_Bhairab Bazar
2005-01-30,0.0,27.0,11.76,1.62,62.26,0.5,0.96,Meghna_Bhairab Bazar
2005-01-31,0.0,29.49,12.84,1.47,59.11,0.49,1.04,Meghna_Bhairab Bazar
2005-02-01,0.15,27.74,14.07,2.08,69.37,0.49,0.87,Meghna_Bhairab Bazar
2005-02-02,0.0,25.79,13.32,2.13,70.22,0.49,0.86,Meghna_Bhairab Bazar
2005-02-03,0.0,24.22,10.03,1.68,59.23,0.48,0.79,Meghna_Bhairab Bazar
2005-02-04,0.0,25.51,9.29,1.36,58.15,0.48,0.83,Meghna_Bhairab Bazar
2005-02-05,0.0,26.49,11.15,1.26,55.25,0.48,0.78,Meghna_Bhairab Bazar
2005-02-06,0.0,28.16,11.8,1.28,52.02,0.48,0.72,Meghna_Bhairab Bazar
2005-02-07,0.0,29.53,13.7,1.06,54.29,0.47,0.82,Meghna_Bhairab Bazar
2005-02-08,0.0,30.25,14.07,1.68,58.49,0.47,0.85,Meghna_Bhairab Bazar
2005-02-09,0.0,30.11,14.99,1.36,58.52,0.47,0.83,Meghna_Bhairab Bazar
2005-02-10,0.0,30.0,15.58,1.54,60.13,0.47,0.78,Meghna_Bhairab Bazar
2005-02-11,0.0,30.04,15.43,1.34,53.61,0.46,0.78,Meghna_Bhairab Bazar
2005-02-12,0.0,31.49,16.29,1.5,51.64,0.46,0.77,Meghna_Bhairab Bazar
2005-02-13,0.03,32.86,15.42,2.31,61.16,0.46,0.77,Meghna_Bhairab Bazar
2005-02-14,0.0,31.82,15.33,2.55,53.76,0.45,0.79,Meghna_Bhairab Bazar
2005-02-15,0.0,30.97,15.55,2.37,62.51,0.45,0.69,Meghna_Bhairab Bazar
2005-02-16,0.39,31.86,18.15,3.34,73.09,0.45,0.67,Meghna_Bhairab Bazar
2005-02-17,6.81,31.52,19.6,2.16,77.41,0.45,0.6,Meghna_Bhairab Bazar
2005-02-18,3.95,31.47,19.75,2.01,76.12,0.46,0.68,Meghna_Bhairab Bazar
2005-02-19,0.2,33.04,19.04,1.53,68.89,0.46,0.77,Meghna_Bhairab Bazar
2005-02-20,0.16,33.62,19.09,1.52,65.46,0.45,0.77,Meghna_Bhairab Bazar
2005-02-21,0.0,34.62,19.57,1.66,57.37,0.45,0.73,Meghna_Bhairab Bazar
2005-02-22,0.11,33.37,18.69,1.41,50.46,0.44,0.74,Meghna_Bhairab Bazar
2005-02-23,0.06,31.05,16.38,1.87,55.18,0.44,0.62,Meghna_Bhairab Bazar
2005-02-24,0.0,30.65,17.2,1.54,54.83,0.44,0.61,Meghna_Bhairab Bazar
2005-02-25,0.0,30.2,15.05,1.62,43.2,0.43,0.54,Meghna_Bhairab Bazar
2005-02-26,0.0,32.57,17.93,1.5,38.1,0.43,0.59,Meghna_Bhairab Bazar
2005-02-27,0.0,32.03,17.74,1.28,38.0,0.43,0.57,Meghna_Bhairab Bazar
2005-02-28,0.0,32.03,15.66,1.42,42.14,0.43,0.56,Meghna_Bhairab Bazar
2005-03-01,0.0,33.1,15.7,1.43,42.07,0.42,0.53,Meghna_Bhairab Bazar
2005-03-02,0.0,34.72,17.91,1.72,42.38,0.42,0.5,Meghna_Bhairab Bazar
2005-03-03,0.0,35.63,18.54,2.09,58.49,0.42,0.48,Meghna_Bhairab Bazar
2005-03-04,0.0,36.22,19.46,2.21,59.71,0.41,0.48,Meghna_Bhairab Bazar
2005-03-05,0.06,36.06,20.79,2.82,66.47,0.41,0.43,Meghna_Bhairab Bazar
2005-03-06,0.07,36.51,22.88,3.38,64.13,0.41,0.47,Meghna_Bhairab Bazar
2005-03-07,0.72,35.23,22.26,2.97,65.98,0.41,0.42,Meghna_Bhairab Bazar
2005-03-08,4.25,33.46,22.09,1.7,65.12,0.41,0.33,Meghna_Bhairab Bazar
2005-03-09,0.17,34.83,20.4,1.62,57.42,0.41,0.42,Meghna_Bhairab Bazar
2005-03-10,0.16,35.57,21.58,1.77,52.42,0.41,0.4,Meghna_Bhairab Bazar
2005-03-11,0.55,32.09,23.74,1.07,53.92,0.4,0.24,Meghna_Bhairab Bazar
2005-03-12,0.36,31.83,21.7,1.31,54.07,0.4,0.23,Meghna_Bhairab Bazar
2005-03-13,0.0,34.79,18.87,1.54,49.26,0.4,0.39,Meghna_Bhairab Bazar
2005-03-14,0.0,33.99,19.82,1.12,46.53,0.4,0.34,Meghna_Bhairab Bazar
2005-03-15,0.07,34.83,21.22,1.21,42.55,0.4,0.36,Meghna_Bhairab Bazar
2005-03-16,0.0,33.93,19.71,1.5,57.23,0.39,0.31,Meghna_Bhairab Bazar
2005-03-17,0.02,35.1,20.59,0.84,54.0,0.39,0.32,Meghna_Bhairab Bazar
2005-03-18,1.5,34.43,22.16,1.22,55.55,0.39,0.26,Meghna_Bhairab Bazar
2005-03-19,0.95,35.48,22.68,1.29,53.53,0.39,0.29,Meghna_Bhairab Bazar
2005-03-20,5.27,36.12,22.05,2.83,58.24,0.39,0.29,Meghna_Bhairab Bazar
2005-03-21,7.26,36.54,23.21,3.68,66.09,0.4,0.35,Meghna_Bhairab Bazar
2005-03-22,4.52,36.59,23.73,3.65,66.15,0.4,0.4,Meghna_Bhairab Bazar
2005-03-23,12.53,32.88,24.12,3.74,75.47,0.41,0.33,Meghna_Bhairab Bazar
2005-03-24,31.19,28.87,22.05,3.4,82.99,0.45,0.31,Meghna_Bhairab Bazar
2005-03-25,4.78,31.42,20.71,2.06,66.03,0.47,1.19,Meghna_Bhairab Bazar
2005-03-26,2.49,32.02,18.33,1.94,57.89,0.46,1.05,Meghna_Bhairab Bazar
2005-03-27,5.51,33.75,20.11,1.73,61.85,0.46,1.18,Meghna_Bhairab Bazar
2005-03-28,16.26,32.68,22.14,2.87,74.16,0.48,1.31,Meghna_Bhairab Bazar
2005-03-29,1.76,34.18,21.54,2.76,69.19,0.48,1.41,Meghna_Bhairab Bazar
2005-03-30,51.96,32.78,22.22,2.15,77.49,0.52,1.38,Meghna_Bhairab Bazar
2005-03-31,9.93,30.75,21.72,1.37,76.02,0.56,2.45,Meghna_Bhairab Bazar
2005-04-01,0.21,33.36,21.46,0.88,66.7,0.55,3.37,Meghna_Bhairab Bazar
2005-04-02,0.04,35.35,20.53,1.72,56.44,0.54,3.03,Meghna_Bhairab Bazar
2005-04-03,0.13,35.73,19.92,1.69,49.11,0.53,2.78,Meghna_Bhairab Bazar
2005-04-04,7.26,34.51,19.14,0.96,54.76,0.53,3.03,Meghna_Bhairab Bazar
2005-04-05,0.01,34.34,19.02,0.92,57.06,0.53,2.93,Meghna_Bhairab Bazar
2005-04-06,1.52,33.8,21.57,1.18,64.89,0.52,2.46,Meghna_Bhairab Bazar
2005-04-07,0.31,35.29,22.75,2.77,66.42,0.51,2.43,Meghna_Bhairab Bazar
2005-04-08,0.02,35.24,22.71,3.1,68.28,0.51,2.22,Meghna_Bhairab Bazar
2005-04-09,1.11,34.84,22.95,2.9,72.14,0.5,2.02,Meghna_Bhairab Bazar
2005-04-10,22.01,32.89,24.21,2.47,81.74,0.52,1.76,Meghna_Bhairab Bazar
2005-04-11,11.95,30.83,23.71,2.09,84.07,0.54,1.41,Meghna_Bhairab Bazar
2005-04-12,5.92,34.64,21.88,1.74,64.23,0.54,2.91,Meghna_Bhairab Bazar
2005-04-13,0.0,34.89,18.24,1.19,55.79,0.54,3.08,Meghna_Bhairab Bazar
2005-04-14,0.0,35.41,17.64,1.12,51.05,0.53,2.99,Meghna_Bhairab Bazar
2005-04-15,0.0,36.12,20.35,1.33,56.07,0.52,2.8,Meghna_Bhairab Bazar
2005-04-16,0.01,35.94,23.18,2.31,68.84,0.51,2.12,Meghna_Bhairab Bazar
2005-04-17,0.36,32.65,24.26,2.16,78.13,0.51,1.07,Meghna_Bhairab Bazar
2005-04-18,2.89,32.95,23.59,2.02,76.91,0.51,1.2,Meghna_Bhairab Bazar
2005-04-19,0.01,31.67,24.1,1.21,74.49,0.51,0.77,Meghna_Bhairab Bazar
2005-04-20,0.0,34.97,23.21,1.23,62.2,0.5,1.22,Meghna_Bhairab Bazar
2005-04-21,0.0,37.38,22.44,1.1,57.02,0.5,2.54,Meghna_Bhairab Bazar
2005-04-22,0.03,36.38,23.59,1.05,58.83,0.49,1.98,Meghna_Bhairab Bazar
2005-04-23,3.22,36.24,23.84,1.58,64.7,0.49,1.66,Meghna_Bhairab Bazar
2005-04-24,2.98,36.83,24.15,1.9,65.58,0.49,1.55,Meghna_Bhairab Bazar
2005-04-25,4.37,33.96,25.04,1.52,70.61,0.49,1.08,Meghna_Bhairab Bazar
2005-04-26,8.21,34.43,25.57,1.89,70.41,0.5,1.56,Meghna_Bhairab Bazar
2005-04-27,12.97,34.23,24.57,2.43,74.03,0.51,1.84,Meghna_Bhairab Bazar
2005-04-28,14.77,35.47,24.67,2.9,72.57,0.52,2.16,Meghna_Bhairab Bazar
2005-04-29,16.3,29.63,23.89,2.38,83.56,0.54,1.05,Meghna_Bhairab Bazar
2005-04-30,3.12,30.07,22.67,1.29,75.49,0.55,1.09,Meghna_Bhairab Bazar
2005-05-01,0.56,31.92,22.03,0.81,65.2,0.54,2.36,Meghna_Bhairab Bazar
2005-05-02,0.05,31.5,21.71,1.15,67.02,0.53,1.74,Meghna_Bhairab Bazar
2005-05-03,4.52,33.87,23.16,0.84,60.11,0.53,2.98,Meghna_Bhairab Bazar
2005-05-04,2.53,33.92,22.83,0.99,64.19,0.53,2.82,Meghna_Bhairab Bazar
2005-05-05,10.71,31.69,22.13,2.13,78.44,0.53,1.27,Meghna_Bhairab Bazar
2005-05-06,2.56,30.77,20.54,1.26,74.12,0.54,1.7,Meghna_Bhairab Bazar
2005-05-07,8.05,32.77,22.71,1.1,71.21,0.54,2.73,Meghna_Bhairab Bazar
2005-05-08,3.8,33.18,23.12,1.37,70.76,0.54,2.72,Meghna_Bhairab Bazar
2005-05-09,9.53,34.08,24.91,1.48,73.02,0.54,2.92,Meghna_Bhairab Bazar
2005-05-10,1.33,37.52,24.76,2.57,67.33,0.54,3.14,Meghna_Bhairab Bazar
2005-05-11,2.46,35.73,25.61,2.14,70.34,0.53,2.74,Meghna_Bhairab Bazar
2005-05-12,0.73,37.36,24.55,1.55,64.73,0.53,3.24,Meghna_Bhairab Bazar
2005-05-13,21.88,32.76,25.41,1.81,75.22,0.54,2.48,Meghna_Bhairab Bazar
2005-05-14,7.58,34.9,24.91,2.34,74.03,0.55,2.97,Meghna_Bhairab Bazar
2005-05-15,29.82,33.25,24.66,2.66,80.2,0.58,2.85,Meghna_Bhairab Bazar
2005-05-16,3.01,35.17,25.43,2.35,77.39,0.58,3.95,Meghna_Bhairab Bazar
2005-05-17,18.62,33.71,25.28,2.04,79.63,0.58,3.46,Meghna_Bhairab Bazar
2005-05-18,9.4,34.28,25.56,1.9,78.67,0.6,3.64,Meghna_Bhairab Bazar
2005-05-19,23.03,29.07,24.4,2.22,85.51,0.61,1.75,Meghna_Bhairab Bazar
2005-05-20,41.89,31.0,24.09,1.4,84.58,0.66,3.38,Meghna_Bhairab Bazar
2005-05-21,20.25,30.72,23.84,1.65,86.17,0.68,2.99,Meghna_Bhairab Bazar
2005-05-22,38.27,31.16,23.41,2.76,87.41,0.71,3.18,Meghna_Bhairab Bazar
2005-05-23,2.58,31.91,23.81,2.19,86.07,0.71,4.76,Meghna_Bhairab Bazar
2005-05-24,19.86,31.36,25.36,2.07,88.9,0.71,2.83,Meghna_Bhairab Bazar
2005-05-25,13.81,30.68,25.46,2.28,91.04,0.73,1.76,Meghna_Bhairab Bazar
2005-05-26,1.29,30.99,25.72,2.11,91.0,0.72,1.94,Meghna_Bhairab Bazar
2005-05-27,4.18,30.71,25.68,1.92,90.1,0.72,2.48,Meghna_Bhairab Bazar
2005-05-28,3.31,31.07,26.32,1.97,88.89,0.72,2.26,Meghna_Bhairab Bazar
2005-05-29,0.73,31.03,25.56,1.34,86.65,0.72,2.67,Meghna_Bhairab Bazar
2005-05-30,0.37,33.76,25.17,0.97,79.9,0.71,6.38,Meghna_Bhairab Bazar
2005-05-31,0.22,32.64,25.93,1.8,84.89,0.7,4.46,Meghna_Bhairab Bazar
2005-06-01,0.2,32.67,26.09,2.56,85.06,0.69,4.26,Meghna_Bhairab Bazar
2005-06-02,0.75,32.67,26.4,2.83,86.37,0.68,4.43,Meghna_Bhairab Bazar
2005-06-03,4.81,33.47,25.97,2.37,85.1,0.68,5.28,Meghna_Bhairab Bazar
2005-06-04,10.82,32.93,24.81,1.91,86.75,0.68,4.12,Meghna_Bhairab Bazar
2005-06-05,0.53,31.0,25.23,1.71,85.62,0.68,2.77,Meghna_Bhairab Bazar
2005-06-06,0.1,30.81,23.79,0.81,78.68,0.67,3.9,Meghna_Bhairab Bazar
2005-06-07,0.0,33.34,23.49,0.78,72.39,0.66,7.0,Meghna_Bhairab Bazar
2005-06-08,0.21,32.38,25.11,0.88,77.31,0.65,3.89,Meghna_Bhairab Bazar
2005-06-09,5.86,33.19,25.58,0.93,79.3,0.65,3.97,Meghna_Bhairab Bazar
2005-06-10,12.32,32.76,26.25,0.78,81.42,0.66,3.57,Meghna_Bhairab Bazar
2005-06-11,0.01,32.15,26.55,2.25,84.3,0.66,3.59,Meghna_Bhairab Bazar
2005-06-12,0.02,34.24,26.13,1.25,79.18,0.65,5.56,Meghna_Bhairab Bazar
2005-06-13,0.25,32.61,26.81,1.46,84.96,0.64,2.85,Meghna_Bhairab Bazar
2005-06-14,13.98,33.51,26.76,1.79,82.14,0.64,4.08,Meghna_Bhairab Bazar
2005-06-15,8.41,32.8,26.74,2.27,84.7,0.65,4.36,Meghna_Bhairab Bazar
2005-06-16,6.74,32.81,26.95,1.38,85.91,0.65,2.64,Meghna_Bhairab Bazar
2005-06-17,0.63,33.91,26.87,2.02,84.0,0.65,4.02,Meghna_Bhairab Bazar
2005-06-18,2.47,32.0,27.54,2.72,89.64,0.64,2.0,Meghna_Bhairab Bazar
2005-06-19,1.06,33.67,25.93,3.11,83.76,0.64,3.86,Meghna_Bhairab Bazar
2005-06-20,0.13,33.87,25.76,2.59,80.3,0.63,5.0,Meghna_Bhairab Bazar
2005-06-21,1.9,31.56,26.29,2.32,85.64,0.62,2.31,Meghna_Bhairab Bazar
2005-06-22,2.04,31.36,26.64,2.48,87.76,0.62,1.82,Meghna_Bhairab Bazar
2005-06-23,6.12,31.78,26.52,2.45,85.95,0.62,2.26,Meghna_Bhairab Bazar
2005-06-24,9.41,31.44,26.58,2.4,88.98,0.63,1.93,Meghna_Bhairab Bazar
2005-06-25,1.63,29.6,25.89,3.24,91.82,0.63,1.17,Meghna_Bhairab Bazar
2005-06-26,3.29,31.48,25.77,2.85,86.42,0.63,2.86,Meghna_Bhairab Bazar
2005-06-27,7.72,33.45,26.04,3.65,84.55,0.63,4.16,Meghna_Bhairab Bazar
2005-06-28,10.54,30.68,26.49,3.15,88.9,0.63,1.74,Meghna_Bhairab Bazar
2005-06-29,16.83,32.17,26.16,2.66,87.84,0.65,2.19,Meghna_Bhairab Bazar
2005-06-30,13.49,32.66,25.54,2.31,88.39,0.66,2.95,Meghna_Bhairab Bazar
2005-07-01,14.31,32.61,25.6,1.77,85.81,0.67,4.39,Meghna_Bhairab Bazar
2005-07-02,25.84,32.64,25.56,1.72,86.81,0.68,4.59,Meghna_Bhairab Bazar
2005-07-03,20.71,32.02,25.79,3.24,88.89,0.71,4.04,Meghna_Bhairab Bazar
2005-07-04,11.65,30.38,26.05,1.34,89.13,0.71,1.87,Meghna_Bhairab Bazar
2005-07-05,7.95,29.32,25.43,2.45,91.85,0.72,1.49,Meghna_Bhairab Bazar
2005-07-06,0.72,32.33,25.18,0.94,85.56,0.71,5.32,Meghna_Bhairab Bazar
2005-07-07,4.22,32.07,25.39,1.69,86.48,0.7,4.63,Meghna_Bhairab Bazar
2005-07-08,0.35,32.43,25.55,2.26,85.58,0.69,6.51,Meghna_Bhairab Bazar
2005-07-09,2.05,31.89,25.56,3.39,86.32,0.68,5.69,Meghna_Bhairab Bazar
2005-07-10,6.88,32.21,25.53,3.77,86.27,0.68,5.18,Meghna_Bhairab Bazar
2005-07-11,12.84,30.99,25.75,3.08,88.97,0.68,3.44,Meghna_Bhairab Bazar
2005-07-12,16.31,30.74,25.46,2.51,90.88,0.7,2.17,Meghna_Bhairab Bazar
2005-07-13,18.17,30.86,25.24,2.61,90.24,0.71,2.77,Meghna_Bhairab Bazar
2005-07-14,43.54,28.41,25.67,2.95,93.24,0.74,1.01,Meghna_Bhairab Bazar
2005-07-15,17.53,28.16,24.66,2.73,91.7,0.77,1.68,Meghna_Bhairab Bazar
2005-07-16,5.91,30.69,23.9,1.94,87.31,0.77,3.95,Meghna_Bhairab Bazar
2005-07-17,6.53,31.62,25.03,2.46,87.04,0.76,4.78,Meghna_Bhairab Bazar
2005-07-18,9.41,30.77,25.43,2.03,88.33,0.76,3.1,Meghna_Bhairab Bazar
2005-07-19,1.59,31.63,25.84,2.49,87.43,0.76,5.05,Meghna_Bhairab Bazar
2005-07-20,11.56,32.25,26.11,2.23,87.13,0.75,4.84,Meghna_Bhairab Bazar
2005-07-21,16.01,29.96,25.99,1.54,91.3,0.76,1.79,Meghna_Bhairab Bazar
2005-07-22,9.49,32.71,25.68,1.53,87.35,0.77,2.87,Meghna_Bhairab Bazar
2005-07-23,9.27,33.17,26.75,2.45,86.63,0.77,4.46,Meghna_Bhairab Bazar
2005-07-24,24.6,32.11,26.74,1.82,86.73,0.77,4.52,Meghna_Bhairab Bazar
2005-07-25,33.24,33.62,25.94,2.34,86.83,0.81,4.58,Meghna_Bhairab Bazar
2005-07-26,8.98,31.78,26.43,2.84,88.69,0.81,3.9,Meghna_Bhairab Bazar
2005-07-27,13.53,32.85,26.4,2.91,88.11,0.81,3.99,Meghna_Bhairab Bazar
2005-07-28,3.46,33.81,26.03,2.07,85.97,0.8,6.24,Meghna_Bhairab Bazar
2005-07-29,1.26,32.5,26.32,2.39,87.52,0.79,4.84,Meghna_Bhairab Bazar
2005-07-30,1.55,33.3,26.03,2.57,86.25,0.78,6.51,Meghna_Bhairab Bazar
2005-07-31,4.17,32.77,25.98,1.98,87.32,0.77,5.39,Meghna_Bhairab Bazar
2005-08-01,0.26,34.09,25.83,1.22,83.44,0.76,7.15,Meghna_Bhairab Bazar
2005-08-02,9.15,31.18,27.25,1.96,89.66,0.76,3.21,Meghna_Bhairab Bazar
2005-08-03,2.36,32.66,26.23,4.04,87.99,0.76,4.85,Meghna_Bhairab Bazar
2005-08-04,4.29,32.41,26.32,3.73,88.5,0.75,4.77,Meghna_Bhairab Bazar
2005-08-05,14.22,30.43,26.25,2.85,91.58,0.75,2.1,Meghna_Bhairab Bazar
2005-08-06,19.34,31.62,26.05,3.38,88.79,0.77,4.05,Meghna_Bhairab Bazar
2005-08-07,6.17,32.09,26.3,2.64,90.48,0.77,3.34,Meghna_Bhairab Bazar
2005-08-08,9.94,32.67,26.49,1.8,88.43,0.77,3.63,Meghna_Bhairab Bazar
2005-08-09,16.06,31.11,26.84,1.45,91.28,0.78,1.72,Meghna_Bhairab Bazar
2005-08-10,16.94,31.45,26.33,1.49,89.31,0.79,3.28,Meghna_Bhairab Bazar
2005-08-11,16.29,29.28,26.3,1.97,93.43,0.8,1.02,Meghna_Bhairab Bazar
2005-08-12,14.2,33.03,25.43,0.93,83.46,0.81,5.22,Meghna_Bhairab Bazar
2005-08-13,3.01,33.86,26.3,1.49,85.13,0.8,5.73,Meghna_Bhairab Bazar
2005-08-14,8.17,29.95,25.96,2.45,94.46,0.8,0.82,Meghna_Bhairab Bazar
2005-08-15,2.7,31.97,25.4,2.52,87.73,0.8,5.41,Meghna_Bhairab Bazar
2005-08-16,3.88,30.93,25.72,2.06,91.19,0.79,2.34,Meghna_Bhairab Bazar
2005-08-17,3.81,32.59,25.76,1.31,86.94,0.79,4.77,Meghna_Bhairab Bazar
2005-08-18,9.88,31.93,26.36,1.62,89.69,0.79,3.36,Meghna_Bhairab Bazar
2005-08-19,7.74,32.15,26.36,2.25,89.95,0.79,3.56,Meghna_Bhairab Bazar
2005-08-20,17.45,31.93,26.14,3.33,90.63,0.8,3.54,Meghna_Bhairab Bazar
2005-08-21,19.95,31.28,25.59,3.89,90.02,0.81,4.13,Meghna_Bhairab Bazar
2005-08-22,27.37,30.81,26.18,3.71,92.16,0.82,2.1,Meghna_Bhairab Bazar
2005-08-23,28.34,31.45,26.3,3.15,91.84,0.84,2.61,Meghna_Bhairab Bazar
2005-08-24,44.13,29.91,26.36,2.4,93.35,0.87,1.22,Meghna_Bhairab Bazar
2005-08-25,20.61,30.64,25.65,2.31,90.95,0.9,2.29,Meghna_Bhairab Bazar
2005-08-26,6.46,30.78,25.81,2.08,91.23,0.89,2.28,Meghna_Bhairab Bazar
2005-08-27,10.72,30.4,25.41,2.17,91.21,0.89,2.36,Meghna_Bhairab Bazar
2005-08-28,14.01,30.76,25.27,1.84,89.37,0.89,2.7,Meghna_Bhairab Bazar
2005-08-29,5.55,31.77,24.87,1.43,87.17,0.89,5.02,Meghna_Bhairab Bazar
2005-08-30,6.04,31.66,25.19,1.56,84.13,0.88,4.77,Meghna_Bhairab Bazar
2005-08-31,3.73,33.01,23.74,0.85,77.18,0.88,6.39,Meghna_Bhairab Bazar
2005-09-01,27.91,32.81,26.45,0.82,78.33,0.88,4.61,Meghna_Bhairab Bazar
2005-09-02,9.94,33.51,25.74,1.0,82.62,0.89,6.76,Meghna_Bhairab Bazar
2005-09-03,2.3,31.16,26.59,1.12,90.17,0.88,2.42,Meghna_Bhairab Bazar
2005-09-04,1.5,28.91,26.2,1.08,89.71,0.88,1.35,Meghna_Bhairab Bazar
2005-09-05,2.39,31.96,24.97,0.78,83.13,0.87,4.61,Meghna_Bhairab Bazar
2005-09-06,4.68,31.54,25.25,0.97,82.91,0.87,4.92,Meghna_Bhairab Bazar
2005-09-07,6.61,30.98,26.37,0.5,81.39,0.87,2.89,Meghna_Bhairab Bazar
2005-09-08,4.33,30.88,25.6,0.67,81.74,0.87,3.93,Meghna_Bhairab Bazar
2005-09-09,11.78,31.8,25.69,0.62,78.97,0.87,3.4,Meghna_Bhairab Bazar
2005-09-10,19.2,29.32,25.34,1.69,91.3,0.88,1.83,Meghna_Bhairab Bazar
2005-09-11,18.51,28.43,24.92,1.88,93.66,0.89,1.07,Meghna_Bhairab Bazar
2005-09-12,10.64,30.47,25.07,2.18,90.53,0.89,2.46,Meghna_Bhairab Bazar
2005-09-13,3.56,30.85,24.34,1.75,89.57,0.89,3.65,Meghna_Bhairab Bazar
2005-09-14,0.65,32.05,24.39,1.04,84.93,0.88,5.7,Meghna_Bhairab Bazar
2005-09-15,2.91,32.76,24.04,1.05,82.2,0.87,6.75,Meghna_Bhairab Bazar
2005-09-16,3.15,31.52,25.55,1.59,86.44,0.87,2.85,Meghna_Bhairab Bazar
2005-09-17,2.12,29.42,24.84,2.62,91.66,0.87,2.14,Meghna_Bhairab Bazar
2005-09-18,0.53,32.13,25.48,1.3,86.83,0.86,5.42,Meghna_Bhairab Bazar
2005-09-19,19.41,32.07,26.26,1.15,89.29,0.86,4.1,Meghna_Bhairab Bazar
2005-09-20,28.32,27.7,25.69,2.91,95.58,0.89,0.36,Meghna_Bhairab Bazar
2005-09-21,13.65,29.59,25.01,1.41,91.1,0.89,1.7,Meghna_Bhairab Bazar
2005-09-22,2.94,30.1,24.35,1.55,90.14,0.89,4.06,Meghna_Bhairab Bazar
2005-09-23,5.32,30.26,24.54,2.11,90.15,0.88,4.47,Meghna_Bhairab Bazar
2005-09-24,29.11,29.92,25.04,1.97,92.43,0.89,1.8,Meghna_Bhairab Bazar
2005-09-25,5.03,30.24,25.34,0.83,87.01,0.9,3.06,Meghna_Bhairab Bazar
2005-09-26,1.46,31.87,24.59,0.9,84.06,0.89,6.15,Meghna_Bhairab Bazar
2005-09-27,4.71,30.38,25.0,1.18,88.04,0.89,2.66,Meghna_Bhairab Bazar
2005-09-28,3.29,31.73,25.38,1.15,87.83,0.88,4.26,Meghna_Bhairab Bazar
2005-09-29,15.24,30.93,25.37,0.89,88.38,0.89,0.92,Meghna_Bhairab Bazar
2005-09-30,14.89,29.38,24.74,1.06,90.43,0.89,1.52,Meghna_Bhairab Bazar
2005-10-01,42.91,27.45,24.48,2.85,94.49,0.92,0.68,Meghna_Bhairab Bazar
2005-10-02,27.01,29.03,23.99,1.89,90.43,0.93,1.98,Meghna_Bhairab Bazar
2005-10-03,10.42,29.83,24.28,1.75,90.64,0.93,2.49,Meghna_Bhairab Bazar
2005-10-04,15.4,30.0,23.66,2.16,90.89,0.93,3.21,Meghna_Bhairab Bazar
2005-10-05,3.73,30.76,23.43,0.72,84.04,0.93,5.99,Meghna_Bhairab Bazar
2005-10-06,0.04,30.92,24.33,0.6,78.79,0.92,7.46,Meghna_Bhairab Bazar
2005-10-07,0.0,30.91,23.74,1.04,81.08,0.91,6.24,Meghna_Bhairab Bazar
2005-10-08,0.34,31.47,23.27,1.08,81.97,0.9,6.58,Meghna_Bhairab Bazar
2005-10-09,0.3,31.16,23.64,1.29,83.1,0.9,5.74,Meghna_Bhairab Bazar
2005-10-10,0.0,31.59,24.41,0.71,78.96,0.89,7.04,Meghna_Bhairab Bazar
2005-10-11,0.41,30.34,25.57,0.35,78.4,0.89,4.15,Meghna_Bhairab Bazar
2005-10-12,0.17,29.29,24.77,0.91,84.29,0.88,2.99,Meghna_Bhairab Bazar
2005-10-13,0.0,31.03,23.76,1.17,83.91,0.88,5.73,Meghna_Bhairab Bazar
2005-10-14,0.0,31.94,24.44,0.86,79.06,0.87,7.71,Meghna_Bhairab Bazar
2005-10-15,0.0,30.64,23.7,0.64,79.03,0.87,5.29,Meghna_Bhairab Bazar
2005-10-16,2.28,31.33,24.45,0.58,79.18,0.86,7.25,Meghna_Bhairab Bazar
2005-10-17,5.52,30.22,23.81,0.75,82.99,0.86,4.82,Meghna_Bhairab Bazar
2005-10-18,8.66,28.47,23.29,1.17,88.93,0.86,2.04,Meghna_Bhairab Bazar
2005-10-19,7.45,27.18,21.9,1.27,89.79,0.86,2.11,Meghna_Bhairab Bazar
2005-10-20,9.49,26.01,21.41,1.25,93.07,0.87,1.11,Meghna_Bhairab Bazar
2005-10-21,11.99,26.53,22.28,2.3,93.56,0.87,1.12,Meghna_Bhairab Bazar
2005-10-22,30.91,26.33,21.63,1.64,92.59,0.89,0.9,Meghna_Bhairab Bazar
2005-10-23,50.53,26.33,21.32,1.77,92.84,0.92,1.27,Meghna_Bhairab Bazar
2005-10-24,7.75,28.8,20.97,1.07,87.34,0.92,4.89,Meghna_Bhairab Bazar
2005-10-25,0.0,28.24,20.36,1.53,85.7,0.91,4.15,Meghna_Bhairab Bazar
2005-10-26,0.0,29.69,21.19,0.87,79.72,0.9,6.29,Meghna_Bhairab Bazar
2005-10-27,0.03,29.15,21.07,1.15,81.68,0.89,5.27,Meghna_Bhairab Bazar
2005-10-28,0.16,28.96,20.8,1.13,83.8,0.89,3.84,Meghna_Bhairab Bazar
2005-10-29,0.0,29.26,21.99,1.33,84.01,0.88,5.02,Meghna_Bhairab Bazar
2005-10-30,0.01,29.68,21.67,1.1,82.11,0.88,5.21,Meghna_Bhairab Bazar
2005-10-31,0.16,29.6,19.38,1.29,81.78,0.87,5.69,Meghna_Bhairab Bazar
2005-11-01,0.0,28.27,18.92,0.98,78.38,0.87,5.69,Meghna_Bhairab Bazar
2005-11-02,0.0,27.3,18.43,1.38,81.68,0.86,4.45,Meghna_Bhairab Bazar
2005-11-03,0.0,28.11,18.43,1.48,84.03,0.85,4.71,Meghna_Bhairab Bazar
2005-11-04,0.0,28.64,18.04,0.94,82.86,0.85,5.97,Meghna_Bhairab Bazar
2005-11-05,0.0,28.22,17.87,1.1,81.51,0.84,5.38,Meghna_Bhairab Bazar
2005-11-06,0.0,27.03,16.82,1.32,84.68,0.83,4.8,Meghna_Bhairab Bazar
2005-11-07,0.0,27.57,17.47,1.24,84.6,0.83,4.65,Meghna_Bhairab Bazar
2005-11-08,1.38,28.66,19.85,0.48,78.52,0.82,4.77,Meghna_Bhairab Bazar
2005-11-09,0.98,28.07,20.79,0.91,83.65,0.82,4.31,Meghna_Bhairab Bazar
2005-11-10,0.07,28.47,20.43,1.2,85.58,0.81,4.86,Meghna_Bhairab Bazar
2005-11-11,0.0,28.2,19.14,1.12,83.64,0.8,5.12,Meghna_Bhairab Bazar
2005-11-12,0.0,27.09,17.04,1.09,83.26,0.8,5.07,Meghna_Bhairab Bazar
2005-11-13,0.0,25.56,16.28,0.94,80.9,0.79,4.5,Meghna_Bhairab Bazar
2005-11-14,0.0,25.5,16.19,1.07,80.81,0.79,4.17,Meghna_Bhairab Bazar
2005-11-15,0.0,25.94,15.95,0.95,82.92,0.78,4.68,Meghna_Bhairab Bazar
2005-11-16,0.0,26.21,17.05,1.0,82.25,0.78,4.31,Meghna_Bhairab Bazar
2005-11-17,0.0,26.59,17.48,0.8,79.62,0.77,4.5,Meghna_Bhairab Bazar
2005-11-18,0.0,26.22,17.12,0.57,77.53,0.76,4.58,Meghna_Bhairab Bazar
2005-11-19,0.0,25.65,15.55,1.17,81.8,0.76,4.0,Meghna_Bhairab Bazar
2005-11-20,0.0,26.19,16.0,0.79,77.37,0.75,4.46,Meghna_Bhairab Bazar
2005-11-21,0.0,25.35,16.5,0.64,78.89,0.75,3.74,Meghna_Bhairab Bazar
2005-11-22,0.0,25.65,16.29,0.7,74.73,0.74,3.84,Meghna_Bhairab Bazar
2005-11-23,0.03,25.41,17.69,0.65,76.55,0.74,3.26,Meghna_Bhairab Bazar
2005-11-24,0.01,25.17,15.6,1.19,84.44,0.74,3.19,Meghna_Bhairab Bazar
2005-11-25,0.0,24.67,13.77,1.41,83.54,0.73,3.29,Meghna_Bhairab Bazar
2005-11-26,0.0,24.25,12.88,1.42,83.05,0.73,3.41,Meghna_Bhairab Bazar
2005-11-27,0.0,24.26,12.97,1.21,80.53,0.72,3.57,Meghna_Bhairab Bazar
2005-11-28,0.0,24.1,12.49,1.4,81.11,0.71,3.45,Meghna_Bhairab Bazar
2005-11-29,0.0,24.72,12.17,1.08,76.71,0.71,3.96,Meghna_Bhairab Bazar
2005-11-30,0.0,23.74,13.28,1.13,76.25,0.71,3.41,Meghna_Bhairab Bazar
2005-12-01,0.0,23.68,13.11,1.17,79.86,0.7,3.07,Meghna_Bhairab Bazar
2005-12-02,0.0,24.93,13.4,1.07,78.77,0.7,3.51,Meghna_Bhairab Bazar
2005-12-03,0.0,25.04,13.53,1.12,80.54,0.69,3.59,Meghna_Bhairab Bazar
2005-12-04,0.0,24.66,15.02,1.22,82.93,0.69,3.34,Meghna_Bhairab Bazar
2005-12-05,0.0,24.48,12.89,1.26,83.52,0.68,3.06,Meghna_Bhairab Bazar
2005-12-06,0.0,23.42,11.57,1.22,80.02,0.68,3.02,Meghna_Bhairab Bazar
2005-12-07,0.0,24.19,11.61,1.22,80.37,0.67,2.87,Meghna_Bhairab Bazar
2005-12-08,0.0,25.23,12.53,0.82,72.46,0.67,3.4,Meghna_Bhairab Bazar
2005-12-09,0.0,24.34,13.69,1.03,72.88,0.66,2.98,Meghna_Bhairab Bazar
2005-12-10,0.0,24.21,12.68,1.03,75.9,0.66,2.89,Meghna_Bhairab Bazar
2005-12-11,0.0,23.68,12.13,1.23,76.56,0.66,2.78,Meghna_Bhairab Bazar
2005-12-12,0.0,23.84,10.5,1.37,80.18,0.65,2.62,Meghna_Bhairab Bazar
2005-12-13,0.0,24.45,11.66,1.2,81.32,0.65,2.67,Meghna_Bhairab Bazar
2005-12-14,0.0,24.13,11.45,1.21,80.92,0.64,2.49,Meghna_Bhairab Bazar
2005-12-15,0.0,25.33,11.37,1.13,79.49,0.64,2.62,Meghna_Bhairab Bazar
2005-12-16,0.0,26.14,14.87,1.0,79.29,0.64,2.61,Meghna_Bhairab Bazar
2005-12-17,0.0,26.76,15.8,1.08,80.91,0.63,2.66,Meghna_Bhairab Bazar
2005-12-18,0.0,26.9,16.6,0.9,79.22,0.63,2.8,Meghna_Bhairab Bazar
2005-12-19,0.0,25.77,14.76,1.11,80.87,0.62,2.37,Meghna_Bhairab Bazar
2005-12-20,0.0,25.24,14.9,1.23,79.99,0.62,2.0,Meghna_Bhairab Bazar
2005-12-21,0.0,25.95,13.62,1.14,76.38,0.62,2.03,Meghna_Bhairab Bazar
2005-12-22,0.37,22.34,17.1,1.14,85.87,0.61,0.63,Meghna_Bhairab Bazar
2005-12-23,0.43,23.82,15.86,1.0,87.67,0.61,1.1,Meghna_Bhairab Bazar
2005-12-24,0.01,25.21,12.73,1.48,82.82,0.61,2.2,Meghna_Bhairab Bazar
2005-12-25,0.0,25.71,13.72,1.5,81.66,0.6,2.32,Meghna_Bhairab Bazar
2005-12-26,0.01,25.08,12.57,1.63,80.28,0.6,1.97,Meghna_Bhairab Bazar
2005-12-27,0.01,24.69,13.16,1.28,74.06,0.6,1.86,Meghna_Bhairab Bazar
2005-12-28,0.0,24.78,11.44,1.4,74.16,0.59,1.9,Meghna_Bhairab Bazar
2005-12-29,0.0,25.17,12.49,0.99,67.13,0.59,1.75,Meghna_Bhairab Bazar
2005-12-30,0.0,24.47,11.4,1.2,69.95,0.59,1.76,Meghna_Bhairab Bazar
2005-12-31,0.0,24.81,12.36,1.18,64.66,0.58,1.84,Meghna_Bhairab Bazar
2006-01-01,0.0,24.91,11.3,1.18,63.36,0.58,1.83,Meghna_Bhairab Bazar
2006-01-02,0.0,24.98,12.1,1.06,61.05,0.58,1.79,Meghna_Bhairab Bazar
2006-01-03,0.0,24.36,13.02,1.2,68.39,0.57,1.64,Meghna_Bhairab Bazar
2006-01-04,0.0,24.49,11.47,1.32,73.62,0.57,1.33,Meghna_Bhairab Bazar
2006-01-05,0.0,23.95,11.5,1.21,71.12,0.57,1.21,Meghna_Bhairab Bazar
2006-01-06,0.0,24.53,11.89,1.01,67.62,0.56,1.22,Meghna_Bhairab Bazar
2006-01-07,0.0,23.3,13.5,0.9,68.05,0.56,0.62,Meghna_Bhairab Bazar
2006-01-08,0.0,23.79,12.04,1.23,68.7,0.56,1.04,Meghna_Bhairab Bazar
2006-01-09,0.0,24.85,10.44,1.34,72.86,0.56,1.29,Meghna_Bhairab Bazar
2006-01-10,0.0,24.46,9.8,1.11,71.8,0.55,1.37,Meghna_Bhairab Bazar
2006-01-11,0.0,24.02,10.21,1.11,69.16,0.55,1.28,Meghna_Bhairab Bazar
2006-01-12,0.04,24.4,10.8,1.17,70.2,0.55,1.16,Meghna_Bhairab Bazar
2006-01-13,0.0,24.03,10.91,1.1,65.61,0.54,1.01,Meghna_Bhairab Bazar
2006-01-14,0.0,23.89,10.99,1.02,68.77,0.54,0.56,Meghna_Bhairab Bazar
2006-01-15,0.0,23.81,12.0,1.06,67.55,0.54,0.97,Meghna_Bhairab Bazar
2006-01-16,0.0,23.12,10.7,1.23,66.18,0.54,0.8,Meghna_Bhairab Bazar
2006-01-17,0.0,24.77,11.42,1.09,62.35,0.54,0.93,Meghna_Bhairab Bazar
2006-01-18,0.0,26.33,11.07,1.53,74.05,0.53,0.92,Meghna_Bhairab Bazar
2006-01-19,0.0,26.69,13.89,1.13,72.52,0.53,1.08,Meghna_Bhairab Bazar
2006-01-20,0.0,26.33,13.31,1.56,67.71,0.53,1.04,Meghna_Bhairab Bazar
2006-01-21,0.0,26.3,11.99,1.32,62.62,0.53,1.17,Meghna_Bhairab Bazar
2006-01-22,0.0,25.88,12.44,1.42,54.93,0.52,1.1,Meghna_Bhairab Bazar
2006-01-23,0.0,25.1,10.09,1.3,54.07,0.52,1.09,Meghna_Bhairab Bazar
2006-01-24,0.0,25.3,9.61,1.52,61.46,0.52,0.93,Meghna_Bhairab Bazar
2006-01-25,0.0,25.3,13.86,1.76,67.32,0.51,0.96,Meghna_Bhairab Bazar
2006-01-26,0.0,27.02,11.73,1.2,67.84,0.51,1.08,Meghna_Bhairab Bazar
2006-01-27,0.0,26.61,11.16,1.15,68.49,0.51,1.08,Meghna_Bhairab Bazar
2006-01-28,0.0,26.96,13.58,1.1,58.41,0.5,1.13,Meghna_Bhairab Bazar
2006-01-29,0.0,26.65,13.6,1.04,60.94,0.5,1.06,Meghna_Bhairab Bazar
2006-01-30,0.0,27.28,13.08,1.2,59.19,0.5,0.91,Meghna_Bhairab Bazar
2006-01-31,0.0,28.5,14.59,1.06,57.48,0.49,1.01,Meghna_Bhairab Bazar
2006-02-01,0.0,29.1,14.17,1.03,60.72,0.49,1.08,Meghna_Bhairab Bazar
2006-02-02,0.0,29.36,15.43,0.98,58.43,0.49,1.04,Meghna_Bhairab Bazar
2006-02-03,0.0,29.66,15.6,1.29,60.05,0.49,0.98,Meghna_Bhairab Bazar
2006-02-04,0.0,29.45,17.06,1.11,59.3,0.48,0.77,Meghna_Bhairab Bazar
2006-02-05,0.0,28.65,15.95,1.03,55.51,0.48,0.79,Meghna_Bhairab Bazar
2006-02-06,0.0,28.58,13.96,1.15,57.31,0.48,0.84,Meghna_Bhairab Bazar
2006-02-07,0.0,30.71,15.06,1.14,53.22,0.48,0.93,Meghna_Bhairab Bazar
2006-02-08,0.0,29.95,14.32,1.14,51.61,0.47,0.87,Meghna_Bhairab Bazar
2006-02-09,0.0,30.13,15.15,1.19,46.53,0.47,0.83,Meghna_Bhairab Bazar
2006-02-10,0.0,30.7,14.59,1.22,47.14,0.47,0.9,Meghna_Bhairab Bazar
2006-02-11,0.0,29.99,15.16,1.4,49.64,0.46,0.79,Meghna_Bhairab Bazar
2006-02-12,0.0,30.71,16.36,1.26,50.33,0.46,0.78,Meghna_Bhairab Bazar
2006-02-13,0.0,30.0,15.31,0.98,52.74,0.46,0.6,Meghna_Bhairab Bazar
2006-02-14,0.03,30.32,15.93,1.83,64.24,0.46,0.66,Meghna_Bhairab Bazar
2006-02-15,0.35,31.6,16.56,2.48,71.23,0.45,0.66,Meghna_Bhairab Bazar
2006-02-16,0.22,31.34,19.62,3.58,75.89,0.45,0.67,Meghna_Bhairab Bazar
2006-02-17,3.55,31.5,19.18,1.85,68.74,0.45,0.65,Meghna_Bhairab Bazar
2006-02-18,2.08,31.65,18.3,1.4,69.83,0.45,0.69,Meghna_Bhairab Bazar
2006-02-19,0.22,32.57,18.23,1.29,61.82,0.45,0.74,Meghna_Bhairab Bazar
2006-02-20,0.0,32.01,19.11,1.57,64.85,0.45,0.73,Meghna_Bhairab Bazar
2006-02-21,4.39,30.95,19.35,1.93,72.93,0.45,0.6,Meghna_Bhairab Bazar
2006-02-22,1.87,32.42,18.7,1.61,69.12,0.45,0.68,Meghna_Bhairab Bazar
2006-02-23,0.23,33.82,18.5,1.81,63.42,0.45,0.78,Meghna_Bhairab Bazar
2006-02-24,0.0,34.48,18.07,1.83,63.64,0.45,0.76,Meghna_Bhairab Bazar
2006-02-25,0.0,34.07,18.09,1.66,60.92,0.44,0.72,Meghna_Bhairab Bazar
2006-02-26,0.0,34.98,17.54,1.94,55.17,0.44,0.72,Meghna_Bhairab Bazar
2006-02-27,0.0,35.95,17.64,2.62,62.54,0.43,0.68,Meghna_Bhairab Bazar
2006-02-28,0.0,36.13,19.53,2.08,56.75,0.43,0.66,Meghna_Bhairab Bazar
2006-03-01,0.0,35.3,20.01,1.53,56.08,0.43,0.59,Meghna_Bhairab Bazar
2006-03-02,0.05,35.15,19.36,1.31,47.9,0.43,0.59,Meghna_Bhairab Bazar
2006-03-03,0.01,33.14,19.54,1.81,39.36,0.42,0.52,Meghna_Bhairab Bazar
2006-03-04,0.0,33.36,15.97,1.31,38.37,0.42,0.51,Meghna_Bhairab Bazar
2006-03-05,0.04,33.89,18.55,1.31,44.16,0.42,0.47,Meghna_Bhairab Bazar
2006-03-06,0.0,35.07,19.57,1.25,53.18,0.41,0.49,Meghna_Bhairab Bazar
2006-03-07,0.0,35.25,20.6,1.15,49.46,0.41,0.46,Meghna_Bhairab Bazar
2006-03-08,0.0,35.82,18.53,1.56,41.45,0.41,0.42,Meghna_Bhairab Bazar
2006-03-09,0.0,36.81,19.32,1.48,41.15,0.4,0.41,Meghna_Bhairab Bazar
2006-03-10,0.14,34.36,21.54,1.16,45.62,0.4,0.27,Meghna_Bhairab Bazar
2006-03-11,0.25,31.2,21.47,1.55,46.6,0.4,0.18,Meghna_Bhairab Bazar
2006-03-12,0.61,31.41,18.22,1.92,57.2,0.4,0.29,Meghna_Bhairab Bazar
2006-03-13,0.02,33.38,18.53,1.3,51.06,0.4,0.33,Meghna_Bhairab Bazar
2006-03-14,0.0,34.08,19.5,1.63,46.76,0.39,0.32,Meghna_Bhairab Bazar
2006-03-15,0.01,34.92,20.21,1.12,42.87,0.39,0.3,Meghna_Bhairab Bazar
2006-03-16,0.21,32.89,20.71,1.58,52.03,0.39,0.22,Meghna_Bhairab Bazar
2006-03-17,0.08,33.8,20.7,1.91,49.63,0.39,0.25,Meghna_Bhairab Bazar
2006-03-18,0.0,34.08,18.1,1.69,38.04,0.38,0.23,Meghna_Bhairab Bazar
2006-03-19,0.0,33.79,16.95,1.64,32.63,0.38,0.21,Meghna_Bhairab Bazar
2006-03-20,0.0,34.68,17.27,1.53,33.02,0.38,0.19,Meghna_Bhairab Bazar
2006-03-21,0.0,34.92,19.04,1.41,30.14,0.38,0.17,Meghna_Bhairab Bazar
2006-03-22,0.82,35.99,18.53,2.12,49.02,0.37,0.14,Meghna_Bhairab Bazar
2006-03-23,0.56,35.96,20.56,1.37,53.01,0.37,0.17,Meghna_Bhairab Bazar
2006-03-24,0.0,36.17,19.11,1.16,38.31,0.37,0.15,Meghna_Bhairab Bazar
2006-03-25,0.0,37.15,18.6,1.57,46.0,0.37,0.13,Meghna_Bhairab Bazar
2006-03-26,0.0,39.12,20.33,2.41,53.52,0.37,0.12,Meghna_Bhairab Bazar
2006-03-27,0.0,39.44,21.72,2.26,55.63,0.36,0.1,Meghna_Bhairab Bazar
2006-03-28,0.0,38.75,22.72,1.65,47.41,0.36,0.09,Meghna_Bhairab Bazar
2006-03-29,0.0,38.01,21.27,1.8,28.62,0.36,0.07,Meghna_Bhairab Bazar
2006-03-30,0.0,38.46,20.78,1.1,27.5,0.36,0.06,Meghna_Bhairab Bazar
2006-03-31,0.0,37.77,22.1,1.14,36.7,0.35,0.05,Meghna_Bhairab Bazar
2006-04-01,0.41,37.41,22.4,2.48,53.83,0.35,0.03,Meghna_Bhairab Bazar
2006-04-02,1.27,37.81,24.4,3.09,53.23,0.35,0.03,Meghna_Bhairab Bazar
2006-04-03,10.01,34.43,23.16,3.22,67.17,0.36,0.03,Meghna_Bhairab Bazar
2006-04-04,45.66,30.92,23.11,3.55,78.78,0.42,0.35,Meghna_Bhairab Bazar
2006-04-05,35.64,31.41,23.83,3.02,79.71,0.47,0.96,Meghna_Bhairab Bazar
2006-04-06,20.4,32.86,22.92,2.09,77.06,0.51,1.72,Meghna_Bhairab Bazar
2006-04-07,1.44,34.28,22.83,2.0,70.81,0.5,1.83,Meghna_Bhairab Bazar
2006-04-08,1.94,33.74,23.33,1.89,69.8,0.49,1.56,Meghna_Bhairab Bazar
2006-04-09,2.14,34.76,24.22,2.35,67.26,0.49,1.62,Meghna_Bhairab Bazar
2006-04-10,0.88,35.14,23.3,2.87,67.57,0.48,1.49,Meghna_Bhairab Bazar
2006-04-11,1.4,36.36,24.5,3.8,69.88,0.48,1.6,Meghna_Bhairab Bazar
2006-04-12,0.07,37.26,25.58,3.41,66.37,0.47,1.55,Meghna_Bhairab Bazar
2006-04-13,2.66,35.63,24.62,2.55,71.15,0.47,1.18,Meghna_Bhairab Bazar
2006-04-14,2.01,37.48,24.62,2.17,65.74,0.47,1.45,Meghna_Bhairab Bazar
2006-04-15,0.0,38.26,25.49,2.36,60.11,0.47,1.33,Meghna_Bhairab Bazar
2006-04-16,2.06,36.61,24.08,2.5,63.74,0.46,1.16,Meghna_Bhairab Bazar
2006-04-17,11.97,31.85,24.91,1.98,76.44,0.47,0.64,Meghna_Bhairab Bazar
2006-04-18,1.56,30.5,23.52,1.33,72.88,0.48,0.75,Meghna_Bhairab Bazar
2006-04-19,4.01,32.9,22.93,1.3,65.18,0.48,1.32,Meghna_Bhairab Bazar
2006-04-20,0.0,34.43,21.24,1.36,57.36,0.47,1.64,Meghna_Bhairab Bazar
2006-04-21,0.0,35.81,20.79,1.39,49.55,0.47,1.5,Meghna_Bhairab Bazar
2006-04-22,2.82,36.5,21.4,1.35,52.08,0.46,1.52,Meghna_Bhairab Bazar
2006-04-23,2.42,36.74,23.29,1.01,55.61,0.46,1.51,Meghna_Bhairab Bazar
2006-04-24,1.9,38.15,22.5,1.34,52.9,0.46,1.49,Meghna_Bhairab Bazar
2006-04-25,0.08,38.07,22.57,1.24,50.52,0.45,1.4,Meghna_Bhairab Bazar
2006-04-26,0.1,36.85,24.72,1.55,55.87,0.45,0.99,Meghna_Bhairab Bazar
2006-04-27,3.13,36.48,25.11,1.74,60.6,0.45,1.11,Meghna_Bhairab Bazar
2006-04-28,0.14,37.26,24.44,1.44,55.05,0.44,1.03,Meghna_Bhairab Bazar
2006-04-29,0.05,38.69,24.42,1.91,51.0,0.44,1.02,Meghna_Bhairab Bazar
2006-04-30,0.0,39.54,23.45,1.49,43.8,0.43,1.04,Meghna_Bhairab Bazar
2006-05-01,3.47,38.14,25.37,2.05,60.78,0.43,0.83,Meghna_Bhairab Bazar
2006-05-02,0.16,39.98,25.5,1.86,52.37,0.43,0.93,Meghna_Bhairab Bazar
2006-05-03,0.27,38.15,24.99,1.89,57.71,0.43,0.71,Meghna_Bhairab Bazar
2006-05-04,0.73,38.55,26.08,2.26,55.17,0.42,0.75,Meghna_Bhairab Bazar
2006-05-05,2.22,37.43,25.98,2.12,59.07,0.42,0.68,Meghna_Bhairab Bazar
2006-05-06,11.02,34.96,26.48,2.42,67.17,0.43,0.52,Meghna_Bhairab Bazar
2006-05-07,12.62,31.2,24.97,1.9,77.95,0.46,0.43,Meghna_Bhairab Bazar
2006-05-08,0.02,34.46,24.13,2.4,59.81,0.45,0.97,Meghna_Bhairab Bazar
2006-05-09,1.88,33.35,24.14,2.41,65.46,0.45,0.69,Meghna_Bhairab Bazar
2006-05-10,9.54,32.22,25.28,2.87,78.58,0.45,0.54,Meghna_Bhairab Bazar
2006-05-11,41.51,31.19,24.54,2.91,82.82,0.48,0.63,Meghna_Bhairab Bazar
2006-05-12,38.99,30.62,24.88,2.74,87.9,0.57,1.46,Meghna_Bhairab Bazar
2006-05-13,13.64,31.42,24.55,2.56,83.17,0.58,2.44,Meghna_Bhairab Bazar
2006-05-14,13.47,30.38,24.03,1.69,86.07,0.59,1.59,Meghna_Bhairab Bazar
2006-05-15,0.64,32.81,23.57,2.16,75.58,0.58,3.17,Meghna_Bhairab Bazar
2006-05-16,0.0,34.98,22.14,1.35,67.63,0.57,4.53,Meghna_Bhairab Bazar
2006-05-17,0.0,36.03,23.2,1.04,66.06,0.56,4.41,Meghna_Bhairab Bazar
2006-05-18,0.0,36.98,25.48,0.81,56.02,0.55,4.33,Meghna_Bhairab Bazar
2006-05-19,0.1,37.18,24.56,1.0,60.03,0.54,3.7,Meghna_Bhairab Bazar
2006-05-20,0.62,36.29,25.51,0.71,63.86,0.53,3.23,Meghna_Bhairab Bazar
2006-05-21,0.57,36.94,25.83,0.95,61.81,0.53,3.2,Meghna_Bhairab Bazar
2006-05-22,0.76,37.76,25.72,1.06,55.95,0.52,3.31,Meghna_Bhairab Bazar
2006-05-23,1.48,37.3,25.98,0.7,55.99,0.51,3.17,Meghna_Bhairab Bazar
2006-05-24,7.24,35.84,27.02,0.91,62.46,0.51,2.29,Meghna_Bhairab Bazar
2006-05-25,9.16,35.06,26.99,1.44,72.11,0.52,1.98,Meghna_Bhairab Bazar
2006-05-26,32.51,29.4,26.25,2.76,90.15,0.54,0.62,Meghna_Bhairab Bazar
2006-05-27,88.03,28.87,25.42,2.5,93.83,0.65,0.56,Meghna_Bhairab Bazar
2006-05-28,43.2,28.36,25.29,3.47,94.47,0.72,0.54,Meghna_Bhairab Bazar
2006-05-29,17.05,30.2,25.72,3.03,92.8,0.74,1.41,Meghna_Bhairab Bazar
2006-05-30,15.92,29.87,26.06,3.58,93.66,0.74,0.9,Meghna_Bhairab Bazar
2006-05-31,21.97,30.16,25.28,2.06,91.49,0.75,1.18,Meghna_Bhairab Bazar
2006-06-01,31.58,29.42,26.44,2.62,92.99,0.78,0.95,Meghna_Bhairab Bazar
2006-06-02,43.83,29.74,25.8,1.69,92.1,0.82,0.96,Meghna_Bhairab Bazar
2006-06-03,16.48,29.27,25.31,0.91,90.51,0.84,1.1,Meghna_Bhairab Bazar
2006-06-04,10.93,30.45,25.17,1.15,86.45,0.84,2.17,Meghna_Bhairab Bazar
2006-06-05,12.06,30.57,25.68,3.06,88.47,0.84,3.37,Meghna_Bhairab Bazar
2006-06-06,8.44,31.51,25.71,3.37,89.56,0.84,3.32,Meghna_Bhairab Bazar
2006-06-07,4.56,32.27,25.97,3.42,88.09,0.83,4.09,Meghna_Bhairab Bazar
2006-06-08,3.63,30.53,25.73,3.21,89.04,0.82,2.83,Meghna_Bhairab Bazar
2006-06-09,25.25,31.31,25.36,3.28,90.02,0.83,2.65,Meghna_Bhairab Bazar
2006-06-10,69.03,29.47,25.8,3.5,92.71,0.87,1.07,Meghna_Bhairab Bazar
2006-06-11,10.99,32.11,26.35,3.93,90.01,0.89,2.78,Meghna_Bhairab Bazar
2006-06-12,15.72,31.8,26.69,3.86,92.03,0.89,1.5,Meghna_Bhairab Bazar
2006-06-13,28.13,30.41,26.28,2.97,92.08,0.9,1.29,Meghna_Bhairab Bazar
2006-06-14,21.67,29.68,25.88,2.02,93.2,0.91,0.84,Meghna_Bhairab Bazar
2006-06-15,2.72,30.8,25.28,1.87,90.45,0.9,1.85,Meghna_Bhairab Bazar
2006-06-16,11.31,30.6,25.82,2.41,92.31,0.9,1.31,Meghna_Bhairab Bazar
2006-06-17,9.82,31.2,25.68,1.84,90.22,0.91,1.95,Meghna_Bhairab Bazar
2006-06-18,1.21,33.32,25.28,1.07,85.61,0.9,3.94,Meghna_Bhairab Bazar
2006-06-19,1.46,33.38,26.2,0.57,77.44,0.89,4.8,Meghna_Bhairab Bazar
2006-06-20,7.51,32.48,25.96,1.25,82.73,0.89,3.73,Meghna_Bhairab Bazar
2006-06-21,11.96,31.75,25.64,0.68,81.54,0.89,3.49,Meghna_Bhairab Bazar
2006-06-22,6.77,31.27,26.03,1.19,86.0,0.89,2.8,Meghna_Bhairab Bazar
2006-06-23,17.88,31.11,25.67,1.89,90.2,0.9,1.85,Meghna_Bhairab Bazar
2006-06-24,2.55,30.44,25.6,1.19,87.96,0.89,1.99,Meghna_Bhairab Bazar
2006-06-25,1.49,30.57,26.16,0.86,86.84,0.89,2.34,Meghna_Bhairab Bazar
2006-06-26,8.4,31.08,25.47,1.17,87.82,0.89,2.46,Meghna_Bhairab Bazar
2006-06-27,7.06,31.01,25.75,1.23,87.73,0.89,1.77,Meghna_Bhairab Bazar
2006-06-28,11.7,31.52,25.79,1.55,88.33,0.89,2.88,Meghna_Bhairab Bazar
2006-06-29,1.28,33.89,25.93,0.96,81.7,0.88,5.84,Meghna_Bhairab Bazar
2006-06-30,6.73,32.15,26.9,1.65,88.16,0.88,3.03,Meghna_Bhairab Bazar
2006-07-01,19.33,33.39,26.77,1.45,87.67,0.88,3.25,Meghna_Bhairab Bazar
2006-07-02,4.4,33.57,27.21,1.93,87.33,0.88,3.55,Meghna_Bhairab Bazar
2006-07-03,0.61,32.51,26.44,3.19,87.65,0.87,4.48,Meghna_Bhairab Bazar
2006-07-04,5.07,31.28,26.13,2.59,90.8,0.87,2.13,Meghna_Bhairab Bazar
2006-07-05,6.9,30.87,26.11,2.46,91.3,0.87,2.07,Meghna_Bhairab Bazar
2006-07-06,22.61,31.27,26.49,2.85,90.63,0.87,2.44,Meghna_Bhairab Bazar
2006-07-07,31.97,31.97,27.05,2.36,89.91,0.89,2.4,Meghna_Bhairab Bazar
2006-07-08,19.74,30.16,26.79,1.84,92.59,0.9,0.98,Meghna_Bhairab Bazar
2006-07-09,12.63,30.86,26.11,3.54,90.74,0.9,2.66,Meghna_Bhairab Bazar
2006-07-10,12.41,33.13,25.3,2.88,89.09,0.9,3.42,Meghna_Bhairab Bazar
2006-07-11,12.43,30.72,26.08,4.44,92.18,0.9,1.66,Meghna_Bhairab Bazar
2006-07-12,5.82,31.06,26.0,3.16,90.11,0.9,2.73,Meghna_Bhairab Bazar
2006-07-13,2.16,30.91,25.92,2.56,89.6,0.89,3.02,Meghna_Bhairab Bazar
2006-07-14,2.35,31.88,25.68,2.2,89.38,0.88,2.87,Meghna_Bhairab Bazar
2006-07-15,1.0,31.31,26.14,1.97,90.63,0.88,1.67,Meghna_Bhairab Bazar
2006-07-16,3.27,33.24,26.45,2.16,87.34,0.87,4.17,Meghna_Bhairab Bazar
2006-07-17,6.22,31.15,25.95,2.24,89.52,0.87,2.85,Meghna_Bhairab Bazar
2006-07-18,5.02,31.59,25.62,2.75,88.33,0.86,3.97,Meghna_Bhairab Bazar
2006-07-19,7.49,31.13,25.34,2.84,90.13,0.86,2.82,Meghna_Bhairab Bazar
2006-07-20,2.12,31.58,25.11,2.79,87.7,0.85,4.7,Meghna_Bhairab Bazar
2006-07-21,2.49,31.75,25.27,2.66,86.99,0.84,5.01,Meghna_Bhairab Bazar
2006-07-22,8.71,31.48,24.56,2.52,88.03,0.84,4.01,Meghna_Bhairab Bazar
2006-07-23,2.76,30.73,24.72,2.11,88.09,0.83,3.54,Meghna_Bhairab Bazar
2006-07-24,5.21,32.46,25.13,2.25,87.73,0.83,4.68,Meghna_Bhairab Bazar
2006-07-25,3.66,31.72,25.58,2.06,88.01,0.82,4.45,Meghna_Bhairab Bazar
2006-07-26,2.44,29.51,25.85,1.52,90.13,0.82,1.8,Meghna_Bhairab Bazar
2006-07-27,4.61,31.44,25.1,1.63,88.74,0.81,3.71,Meghna_Bhairab Bazar
2006-07-28,2.46,31.24,24.85,2.4,88.97,0.81,4.06,Meghna_Bhairab Bazar
2006-07-29,3.21,30.67,24.88,2.6,89.87,0.8,2.44,Meghna_Bhairab Bazar
2006-07-30,1.38,30.64,25.74,1.68,90.43,0.8,1.98,Meghna_Bhairab Bazar
2006-07-31,1.05,31.78,25.48,1.59,86.6,0.79,4.21,Meghna_Bhairab Bazar
2006-08-01,2.28,33.66,25.46,1.77,86.57,0.78,5.85,Meghna_Bhairab Bazar
2006-08-02,2.35,30.66,25.02,1.99,86.5,0.78,3.52,Meghna_Bhairab Bazar
2006-08-03,4.55,32.13,24.95,2.31,87.26,0.78,4.78,Meghna_Bhairab Bazar
2006-08-04,6.73,29.76,23.89,2.83,89.2,0.77,3.82,Meghna_Bhairab Bazar
2006-08-05,9.27,28.46,23.72,2.12,92.27,0.78,1.53,Meghna_Bhairab Bazar
2006-08-06,4.11,30.83,23.19,1.93,88.51,0.77,4.38,Meghna_Bhairab Bazar
2006-08-07,4.4,31.12,24.54,1.64,87.98,0.77,3.61,Meghna_Bhairab Bazar
2006-08-08,3.51,31.92,25.3,1.28,86.68,0.77,4.49,Meghna_Bhairab Bazar
2006-08-09,6.02,32.23,25.49,0.68,83.23,0.76,4.53,Meghna_Bhairab Bazar
2006-08-10,24.94,31.91,26.23,1.52,87.79,0.78,2.55,Meghna_Bhairab Bazar
2006-08-11,29.08,33.28,26.35,1.16,86.16,0.8,4.37,Meghna_Bhairab Bazar
2006-08-12,12.94,32.3,25.88,2.21,87.55,0.81,4.84,Meghna_Bhairab Bazar
2006-08-13,4.49,30.64,25.8,1.89,90.61,0.81,2.45,Meghna_Bhairab Bazar
2006-08-14,2.22,29.79,25.69,1.26,90.67,0.8,1.93,Meghna_Bhairab Bazar
2006-08-15,3.38,32.35,25.61,1.54,88.81,0.8,4.22,Meghna_Bhairab Bazar
2006-08-16,0.17,32.41,24.88,1.89,87.89,0.79,4.54,Meghna_Bhairab Bazar
2006-08-17,1.02,31.16,24.84,2.0,88.87,0.78,3.74,Meghna_Bhairab Bazar
2006-08-18,2.13,31.56,25.31,2.1,89.02,0.77,4.53,Meghna_Bhairab Bazar
2006-08-19,7.66,32.2,25.42,1.51,87.94,0.77,4.96,Meghna_Bhairab Bazar
2006-08-20,13.11,30.64,25.64,0.93,85.12,0.77,3.5,Meghna_Bhairab Bazar
2006-08-21,18.28,30.12,25.7,2.07,89.19,0.79,2.81,Meghna_Bhairab Bazar
2006-08-22,3.4,30.8,24.57,3.3,89.6,0.79,3.96,Meghna_Bhairab Bazar
2006-08-23,13.01,31.74,24.22,3.51,88.86,0.79,4.45,Meghna_Bhairab Bazar
2006-08-24,37.78,31.79,24.67,2.87,89.88,0.8,3.99,Meghna_Bhairab Bazar
2006-08-25,11.57,31.73,25.1,1.9,88.46,0.82,4.48,Meghna_Bhairab Bazar
2006-08-26,1.75,31.46,25.03,2.25,88.31,0.81,5.2,Meghna_Bhairab Bazar
2006-08-27,1.22,31.73,24.45,1.46,85.54,0.8,4.77,Meghna_Bhairab Bazar
2006-08-28,6.85,31.36,25.85,1.18,86.3,0.8,3.69,Meghna_Bhairab Bazar
2006-08-29,5.1,30.9,25.01,1.98,88.96,0.8,4.21,Meghna_Bhairab Bazar
2006-08-30,7.4,29.08,24.99,1.72,91.6,0.8,1.91,Meghna_Bhairab Bazar
2006-08-31,0.99,30.32,24.42,1.13,89.74,0.8,3.15,Meghna_Bhairab Bazar
2006-09-01,0.59,30.52,24.88,1.04,88.43,0.79,2.9,Meghna_Bhairab Bazar
2006-09-02,6.47,30.97,24.83,1.74,88.17,0.79,3.37,Meghna_Bhairab Bazar
2006-09-03,7.49,31.38,24.5,2.77,88.37,0.79,5.53,Meghna_Bhairab Bazar
2006-09-04,1.26,31.35,24.11,1.97,87.63,0.78,6.29,Meghna_Bhairab Bazar
2006-09-05,1.24,31.16,23.27,1.37,85.83,0.77,6.19,Meghna_Bhairab Bazar
2006-09-06,0.09,31.69,24.79,1.36,86.0,0.76,6.47,Meghna_Bhairab Bazar
2006-09-07,1.94,31.78,24.67,1.63,86.75,0.75,6.78,Meghna_Bhairab Bazar
2006-09-08,5.63,32.15,25.34,1.7,87.15,0.75,5.83,Meghna_Bhairab Bazar
2006-09-09,4.25,32.29,25.45,1.02,85.31,0.74,6.2,Meghna_Bhairab Bazar
2006-09-10,34.39,28.87,25.78,1.74,93.49,0.75,1.36,Meghna_Bhairab Bazar
2006-09-11,31.77,28.91,25.27,1.97,93.84,0.81,1.13,Meghna_Bhairab Bazar
2006-09-12,14.08,29.77,24.45,2.35,90.73,0.81,3.09,Meghna_Bhairab Bazar
2006-09-13,1.96,30.74,24.62,1.28,88.45,0.81,3.98,Meghna_Bhairab Bazar
2006-09-14,0.43,31.37,25.1,0.83,86.13,0.8,5.23,Meghna_Bhairab Bazar
2006-09-15,0.61,31.6,25.53,0.62,80.4,0.79,5.41,Meghna_Bhairab Bazar
2006-09-16,2.49,31.99,24.74,0.63,81.09,0.79,5.94,Meghna_Bhairab Bazar
2006-09-17,1.4,31.86,25.68,0.57,77.76,0.78,6.07,Meghna_Bhairab Bazar
2006-09-18,2.35,32.79,24.49,1.18,81.29,0.77,7.69,Meghna_Bhairab Bazar
2006-09-19,6.36,30.32,24.33,2.09,88.68,0.77,3.42,Meghna_Bhairab Bazar
2006-09-20,13.98,27.58,24.58,3.0,91.78,0.77,1.83,Meghna_Bhairab Bazar
2006-09-21,47.32,27.3,23.91,3.65,93.2,0.8,1.29,Meghna_Bhairab Bazar
2006-09-22,46.16,27.54,23.93,3.76,93.99,0.85,0.9,Meghna_Bhairab Bazar
2006-09-23,25.9,27.84,23.93,3.0,93.1,0.88,1.48,Meghna_Bhairab Bazar
2006-09-24,3.99,30.44,23.57,2.07,89.34,0.88,4.57,Meghna_Bhairab Bazar
2006-09-25,3.72,30.9,24.23,1.39,88.75,0.87,4.8,Meghna_Bhairab Bazar
2006-09-26,0.96,31.51,24.5,0.86,85.31,0.86,6.58,Meghna_Bhairab Bazar
2006-09-27,0.01,31.34,24.21,0.89,82.23,0.85,5.67,Meghna_Bhairab Bazar
2006-09-28,1.37,31.36,25.49,1.08,86.74,0.84,3.82,Meghna_Bhairab Bazar
2006-09-29,3.53,30.83,25.75,1.02,86.25,0.84,1.65,Meghna_Bhairab Bazar
2006-09-30,9.52,30.52,24.45,0.74,85.93,0.85,4.49,Meghna_Bhairab Bazar
2006-10-01,4.95,29.75,24.89,0.59,88.77,0.85,0.82,Meghna_Bhairab Bazar
2006-10-02,4.49,31.61,24.56,0.85,85.13,0.85,6.61,Meghna_Bhairab Bazar
2006-10-03,5.33,31.92,25.02,0.83,82.28,0.84,5.93,Meghna_Bhairab Bazar
2006-10-04,14.02,31.73,25.35,1.0,87.44,0.85,4.41,Meghna_Bhairab Bazar
2006-10-05,6.78,29.97,25.2,1.07,90.1,0.85,2.8,Meghna_Bhairab Bazar
2006-10-06,12.63,31.43,24.86,0.57,81.36,0.85,6.36,Meghna_Bhairab Bazar
2006-10-07,2.58,31.32,23.58,0.78,81.32,0.85,6.76,Meghna_Bhairab Bazar
2006-10-08,0.0,32.03,23.81,1.1,82.77,0.84,7.22,Meghna_Bhairab Bazar
2006-10-09,0.2,32.39,24.05,0.84,79.88,0.83,7.99,Meghna_Bhairab Bazar
2006-10-10,0.52,31.81,24.36,0.75,79.12,0.82,7.75,Meghna_Bhairab Bazar
2006-10-11,0.69,32.1,23.95,0.66,77.89,0.81,8.34,Meghna_Bhairab Bazar
2006-10-12,2.64,32.06,24.59,0.87,79.27,0.81,7.19,Meghna_Bhairab Bazar
2006-10-13,5.28,31.67,25.03,0.75,84.19,0.8,6.07,Meghna_Bhairab Bazar
2006-10-14,10.59,29.38,24.83,0.82,88.17,0.81,2.86,Meghna_Bhairab Bazar
2006-10-15,2.01,30.01,24.92,0.48,80.48,0.81,5.05,Meghna_Bhairab Bazar
2006-10-16,0.11,30.45,23.2,1.0,81.4,0.8,6.21,Meghna_Bhairab Bazar
2006-10-17,1.26,29.71,22.5,1.01,84.21,0.79,3.83,Meghna_Bhairab Bazar
2006-10-18,0.35,28.15,22.72,0.94,86.76,0.79,2.29,Meghna_Bhairab Bazar
2006-10-19,0.16,26.99,23.06,0.72,82.39,0.79,1.77,Meghna_Bhairab Bazar
2006-10-20,1.13,27.73,21.76,0.93,80.73,0.79,2.35,Meghna_Bhairab Bazar
2006-10-21,0.27,29.25,21.32,0.91,79.26,0.78,6.04,Meghna_Bhairab Bazar
2006-10-22,0.0,29.6,21.23,0.9,81.8,0.78,6.85,Meghna_Bhairab Bazar
2006-10-23,0.0,29.92,20.94,1.07,81.41,0.77,6.84,Meghna_Bhairab Bazar
2006-10-24,0.0,29.72,19.77,1.08,81.89,0.76,6.87,Meghna_Bhairab Bazar
2006-10-25,0.0,29.35,19.83,1.5,82.78,0.75,5.83,Meghna_Bhairab Bazar
2006-10-26,0.0,29.67,19.55,1.26,78.08,0.74,6.61,Meghna_Bhairab Bazar
2006-10-27,0.0,29.78,19.76,1.15,78.17,0.73,6.67,Meghna_Bhairab Bazar
2006-10-28,0.0,27.26,20.79,0.86,80.57,0.73,3.17,Meghna_Bhairab Bazar
2006-10-29,0.0,29.42,20.14,1.21,79.21,0.72,6.22,Meghna_Bhairab Bazar
2006-10-30,0.0,29.28,18.19,1.17,79.74,0.71,5.68,Meghna_Bhairab Bazar
2006-10-31,0.01,29.32,20.05,1.31,79.36,0.71,6.28,Meghna_Bhairab Bazar
2006-11-01,0.2,28.97,20.58,0.9,76.6,0.7,4.83,Meghna_Bhairab Bazar
2006-11-02,0.49,29.93,21.12,1.13,79.86,0.7,6.2,Meghna_Bhairab Bazar
2006-11-03,0.0,30.37,21.5,0.95,78.72,0.69,6.59,Meghna_Bhairab Bazar
2006-11-04,0.0,30.44,19.85,1.12,79.39,0.68,6.12,Meghna_Bhairab Bazar
2006-11-05,0.0,28.73,19.63,1.38,82.93,0.67,4.86,Meghna_Bhairab Bazar
2006-11-06,0.0,28.37,19.56,1.41,81.35,0.67,4.04,Meghna_Bhairab Bazar
2006-11-07,0.12,25.82,19.9,1.13,84.5,0.66,1.72,Meghna_Bhairab Bazar
2006-11-08,0.42,27.45,19.73,0.82,82.56,0.66,2.85,Meghna_Bhairab Bazar
2006-11-09,0.27,26.13,20.9,0.81,85.25,0.66,1.49,Meghna_Bhairab Bazar
2006-11-10,0.45,27.36,20.34,1.18,84.51,0.66,2.56,Meghna_Bhairab Bazar
2006-11-11,0.88,25.98,19.25,1.61,87.41,0.65,2.47,Meghna_Bhairab Bazar
2006-11-12,0.44,27.48,18.88,1.12,82.73,0.65,3.15,Meghna_Bhairab Bazar
2006-11-13,0.07,28.84,19.1,0.98,79.13,0.64,4.4,Meghna_Bhairab Bazar
2006-11-14,0.0,29.16,19.87,0.75,74.07,0.64,4.3,Meghna_Bhairab Bazar
2006-11-15,0.0,28.79,17.63,1.13,71.65,0.63,4.21,Meghna_Bhairab Bazar
2006-11-16,0.0,28.21,17.32,1.16,69.76,0.63,4.03,Meghna_Bhairab Bazar
2006-11-17,0.0,27.54,16.26,1.08,72.56,0.62,3.73,Meghna_Bhairab Bazar
2006-11-18,0.0,27.94,16.0,1.15,69.46,0.62,3.63,Meghna_Bhairab Bazar
2006-11-19,0.0,27.48,17.74,0.94,67.31,0.61,3.44,Meghna_Bhairab Bazar
2006-11-20,0.15,27.88,17.82,1.0,71.91,0.61,2.53,Meghna_Bhairab Bazar
2006-11-21,0.07,27.76,17.17,0.98,75.01,0.6,2.92,Meghna_Bhairab Bazar
2006-11-22,0.0,26.65,16.31,1.1,72.96,0.6,2.77,Meghna_Bhairab Bazar
2006-11-23,0.0,26.94,16.87,0.98,70.1,0.6,2.64,Meghna_Bhairab Bazar
2006-11-24,0.0,27.9,16.19,1.15,73.34,0.59,2.52,Meghna_Bhairab Bazar
2006-11-25,0.01,29.11,18.37,0.98,67.04,0.59,2.63,Meghna_Bhairab Bazar
2006-11-26,0.44,27.14,17.55,0.72,65.43,0.58,2.19,Meghna_Bhairab Bazar
2006-11-27,0.0,26.3,15.5,1.15,67.67,0.58,2.25,Meghna_Bhairab Bazar
2006-11-28,0.0,24.77,13.52,1.2,63.59,0.58,2.13,Meghna_Bhairab Bazar
2006-11-29,0.0,24.34,11.27,1.16,68.78,0.57,1.95,Meghna_Bhairab Bazar
2006-11-30,0.0,24.64,11.3,1.21,72.4,0.57,1.83,Meghna_Bhairab Bazar
2006-12-01,0.0,24.44,12.38,1.36,73.92,0.57,1.66,Meghna_Bhairab Bazar
2006-12-02,0.0,24.48,11.39,1.3,68.99,0.56,1.63,Meghna_Bhairab Bazar
2006-12-03,0.0,24.36,11.36,1.24,66.6,0.56,1.56,Meghna_Bhairab Bazar
2006-12-04,0.0,25.77,12.14,1.02,64.29,0.56,1.76,Meghna_Bhairab Bazar
2006-12-05,0.0,25.89,13.81,0.88,66.59,0.55,1.79,Meghna_Bhairab Bazar
2006-12-06,0.0,26.73,14.3,0.93,65.67,0.55,1.85,Meghna_Bhairab Bazar
2006-12-07,0.0,26.78,13.98,1.22,67.11,0.55,1.73,Meghna_Bhairab Bazar
2006-12-08,0.0,27.44,14.21,1.12,64.5,0.54,1.65,Meghna_Bhairab Bazar
2006-12-09,0.0,27.32,13.99,1.45,69.23,0.54,1.44,Meghna_Bhairab Bazar
2006-12-10,0.0,26.57,15.56,1.06,70.51,0.54,1.33,Meghna_Bhairab Bazar
2006-12-11,0.0,26.89,13.42,1.19,68.51,0.53,1.34,Meghna_Bhairab Bazar
2006-12-12,0.71,25.76,14.02,1.26,73.69,0.53,1.04,Meghna_Bhairab Bazar
2006-12-13,0.0,25.48,14.32,1.48,76.88,0.53,1.15,Meghna_Bhairab Bazar
2006-12-14,0.0,24.76,12.04,0.93,73.88,0.53,1.31,Meghna_Bhairab Bazar
2006-12-15,0.0,25.1,13.1,1.05,73.21,0.53,1.14,Meghna_Bhairab Bazar
2006-12-16,0.0,27.53,12.3,1.07,67.34,0.52,1.39,Meghna_Bhairab Bazar
2006-12-17,0.0,27.89,13.0,1.09,64.59,0.52,1.38,Meghna_Bhairab Bazar
2006-12-18,0.2,26.36,15.01,1.01,72.13,0.52,1.05,Meghna_Bhairab Bazar
2006-12-19,0.01,27.23,15.04,0.84,72.88,0.51,1.2,Meghna_Bhairab Bazar
2006-12-20,0.0,28.75,15.7,1.33,74.19,0.51,1.29,Meghna_Bhairab Bazar
2006-12-21,0.0,28.29,14.83,0.89,69.26,0.51,1.3,Meghna_Bhairab Bazar
2006-12-22,0.0,27.96,14.48,0.97,64.28,0.51,1.28,Meghna_Bhairab Bazar
2006-12-23,0.0,27.18,14.82,1.22,66.88,0.5,1.08,Meghna_Bhairab Bazar
2006-12-24,0.0,26.78,14.16,1.58,68.11,0.5,1.03,Meghna_Bhairab Bazar
2006-12-25,0.0,25.63,13.37,1.36,67.18,0.5,0.88,Meghna_Bhairab Bazar
2006-12-26,0.0,25.33,12.89,0.96,60.86,0.49,0.8,Meghna_Bhairab Bazar
2006-12-27,0.0,26.02,12.07,1.13,62.56,0.49,0.83,Meghna_Bhairab Bazar
2006-12-28,0.0,25.74,12.36,1.32,66.04,0.49,0.68,Meghna_Bhairab Bazar
2006-12-29,0.0,25.57,11.69,1.21,65.53,0.49,0.73,Meghna_Bhairab Bazar
2006-12-30,0.0,24.82,13.38,0.95,67.35,0.49,0.67,Meghna_Bhairab Bazar
2006-12-31,0.0,24.32,12.14,1.04,71.92,0.49,0.61,Meghna_Bhairab Bazar
2007-01-01,0.0,24.37,12.19,1.11,68.19,0.48,0.64,Meghna_Bhairab Bazar
2007-01-02,0.0,24.02,11.92,1.19,59.03,0.48,0.6,Meghna_Bhairab Bazar
2007-01-03,0.0,22.78,10.81,1.31,60.09,0.48,0.56,Meghna_Bhairab Bazar
2007-01-04,0.0,21.77,9.85,1.12,62.36,0.48,0.44,Meghna_Bhairab Bazar
2007-01-05,0.0,23.92,10.29,1.24,62.92,0.48,0.48,Meghna_Bhairab Bazar
2007-01-06,0.0,25.6,10.8,1.44,61.78,0.47,0.49,Meghna_Bhairab Bazar
2007-01-07,0.0,25.61,11.51,1.24,60.8,0.47,0.65,Meghna_Bhairab Bazar
2007-01-08,0.0,24.85,11.52,1.23,63.44,0.47,0.6,Meghna_Bhairab Bazar
2007-01-09,0.0,25.16,11.92,1.14,57.33,0.47,0.6,Meghna_Bhairab Bazar
2007-01-10,0.0,25.04,12.4,1.02,58.17,0.47,0.54,Meghna_Bhairab Bazar
2007-01-11,0.0,25.31,10.63,1.25,58.05,0.46,0.55,Meghna_Bhairab Bazar
2007-01-12,0.0,25.75,10.42,1.45,56.79,0.46,0.53,Meghna_Bhairab Bazar
2007-01-13,0.0,24.72,11.72,1.38,58.36,0.46,0.37,Meghna_Bhairab Bazar
2007-01-14,0.0,24.19,11.12,1.46,54.15,0.46,0.41,Meghna_Bhairab Bazar
2007-01-15,0.0,23.33,7.85,1.41,51.79,0.46,0.43,Meghna_Bhairab Bazar
2007-01-16,0.0,24.46,8.37,1.44,48.64,0.46,0.43,Meghna_Bhairab Bazar
2007-01-17,0.0,25.85,10.63,1.41,47.91,0.45,0.46,Meghna_Bhairab Bazar
2007-01-18,0.0,25.52,10.94,1.46,52.03,0.45,0.45,Meghna_Bhairab Bazar
2007-01-19,0.0,24.31,9.24,1.55,56.52,0.45,0.39,Meghna_Bhairab Bazar
2007-01-20,0.0,24.19,10.14,1.18,46.8,0.45,0.32,Meghna_Bhairab Bazar
2007-01-21,0.0,25.12,9.23,1.21,50.74,0.45,0.39,Meghna_Bhairab Bazar
2007-01-22,0.0,26.5,12.56,1.33,48.54,0.44,0.4,Meghna_Bhairab Bazar
2007-01-23,0.0,26.01,9.85,1.48,51.42,0.44,0.41,Meghna_Bhairab Bazar
2007-01-24,0.0,26.78,9.6,1.38,53.33,0.44,0.41,Meghna_Bhairab Bazar
2007-01-25,0.0,27.21,12.97,0.89,51.03,0.44,0.45,Meghna_Bhairab Bazar
2007-01-26,0.0,27.61,13.7,0.84,49.8,0.44,0.38,Meghna_Bhairab Bazar
2007-01-27,0.0,28.61,14.24,0.95,48.46,0.43,0.43,Meghna_Bhairab Bazar
2007-01-28,0.0,29.65,14.51,1.3,50.81,0.43,0.42,Meghna_Bhairab Bazar
2007-01-29,0.0,28.5,15.31,0.84,48.54,0.43,0.32,Meghna_Bhairab Bazar
2007-01-30,0.0,28.73,15.79,1.02,62.42,0.43,0.31,Meghna_Bhairab Bazar
2007-01-31,0.0,29.01,14.93,1.29,72.06,0.43,0.3,Meghna_Bhairab Bazar
2007-02-01,0.54,29.12,16.48,1.01,69.03,0.43,0.33,Meghna_Bhairab Bazar
2007-02-02,0.0,28.97,14.36,1.19,63.52,0.43,0.28,Meghna_Bhairab Bazar
2007-02-03,0.01,28.97,15.74,1.02,59.94,0.42,0.35,Meghna_Bhairab Bazar
2007-02-04,12.79,26.22,16.15,2.06,74.21,0.43,0.3,Meghna_Bhairab Bazar
2007-02-05,10.85,25.04,16.42,2.55,84.85,0.46,0.33,Meghna_Bhairab Bazar
2007-02-06,0.6,26.67,15.64,1.84,79.51,0.46,0.44,Meghna_Bhairab Bazar
2007-02-07,5.19,26.25,15.31,1.49,77.1,0.46,0.48,Meghna_Bhairab Bazar
2007-02-08,1.18,28.2,14.28,1.05,68.5,0.46,0.63,Meghna_Bhairab Bazar
2007-02-09,0.13,28.76,15.35,1.23,62.17,0.46,0.67,Meghna_Bhairab Bazar
2007-02-10,0.0,30.09,14.21,1.53,57.86,0.45,0.72,Meghna_Bhairab Bazar
2007-02-11,0.0,30.11,16.45,1.13,47.87,0.45,0.73,Meghna_Bhairab Bazar
2007-02-12,0.07,29.36,14.67,1.17,53.85,0.45,0.56,Meghna_Bhairab Bazar
2007-02-13,1.95,27.32,15.74,1.21,66.71,0.44,0.47,Meghna_Bhairab Bazar
2007-02-14,12.8,23.38,16.53,2.11,83.08,0.46,0.24,Meghna_Bhairab Bazar
2007-02-15,0.0,25.98,12.33,1.97,63.59,0.46,0.72,Meghna_Bhairab Bazar
2007-02-16,0.01,25.83,12.27,1.26,50.88,0.46,0.73,Meghna_Bhairab Bazar
2007-02-17,0.0,26.77,11.67,1.45,58.66,0.45,0.65,Meghna_Bhairab Bazar
2007-02-18,0.0,27.18,13.19,1.4,53.9,0.45,0.64,Meghna_Bhairab Bazar
2007-02-19,0.0,27.04,12.76,1.62,51.0,0.45,0.59,Meghna_Bhairab Bazar
2007-02-20,0.0,27.42,13.02,1.48,45.05,0.45,0.58,Meghna_Bhairab Bazar
2007-02-21,0.0,28.56,11.99,1.4,47.79,0.44,0.59,Meghna_Bhairab Bazar
2007-02-22,0.0,29.4,13.21,1.31,47.56,0.44,0.61,Meghna_Bhairab Bazar
2007-02-23,0.0,29.3,14.65,1.35,48.91,0.44,0.55,Meghna_Bhairab Bazar
2007-02-24,0.0,30.58,16.01,1.26,45.75,0.43,0.56,Meghna_Bhairab Bazar
2007-02-25,0.0,30.83,15.28,1.33,47.67,0.43,0.54,Meghna_Bhairab Bazar
2007-02-26,0.3,30.35,17.9,1.63,49.18,0.43,0.48,Meghna_Bhairab Bazar
2007-02-27,0.07,30.02,15.02,1.66,54.01,0.43,0.51,Meghna_Bhairab Bazar
2007-02-28,0.0,30.69,15.59,1.45,50.42,0.42,0.51,Meghna_Bhairab Bazar
2007-03-01,1.68,31.96,16.48,1.17,49.94,0.42,0.54,Meghna_Bhairab Bazar
2007-03-02,3.39,28.4,16.42,1.76,65.48,0.43,0.35,Meghna_Bhairab Bazar
2007-03-03,0.1,29.31,16.2,1.5,60.92,0.42,0.48,Meghna_Bhairab Bazar
2007-03-04,0.0,30.04,14.63,1.55,50.67,0.42,0.47,Meghna_Bhairab Bazar
2007-03-05,0.0,30.75,15.42,1.49,43.76,0.42,0.44,Meghna_Bhairab Bazar
2007-03-06,0.0,30.51,15.09,1.42,40.56,0.42,0.43,Meghna_Bhairab Bazar
2007-03-07,0.0,30.71,15.26,1.69,35.57,0.41,0.4,Meghna_Bhairab Bazar
2007-03-08,0.0,30.41,14.66,1.32,34.68,0.41,0.41,Meghna_Bhairab Bazar
2007-03-09,0.0,31.05,13.2,1.56,36.15,0.41,0.37,Meghna_Bhairab Bazar
2007-03-10,0.0,31.84,13.33,1.58,39.61,0.4,0.35,Meghna_Bhairab Bazar
2007-03-11,0.0,33.85,15.67,1.23,41.25,0.4,0.36,Meghna_Bhairab Bazar
2007-03-12,0.0,35.19,17.7,1.38,45.13,0.4,0.37,Meghna_Bhairab Bazar
2007-03-13,0.33,33.98,18.37,1.55,49.05,0.4,0.31,Meghna_Bhairab Bazar
2007-03-14,0.0,34.16,19.39,1.99,47.57,0.4,0.28,Meghna_Bhairab Bazar
2007-03-15,0.02,32.97,20.78,1.96,54.51,0.39,0.24,Meghna_Bhairab Bazar
2007-03-16,0.0,31.56,16.92,2.32,37.48,0.39,0.26,Meghna_Bhairab Bazar
2007-03-17,0.0,32.5,16.56,1.2,30.68,0.39,0.25,Meghna_Bhairab Bazar
2007-03-18,0.0,32.1,14.78,1.35,34.0,0.39,0.23,Meghna_Bhairab Bazar
2007-03-19,0.0,33.62,15.79,1.17,33.26,0.38,0.23,Meghna_Bhairab Bazar
2007-03-20,0.0,34.46,17.0,1.08,34.18,0.38,0.21,Meghna_Bhairab Bazar
2007-03-21,0.0,34.12,18.47,1.75,59.76,0.38,0.16,Meghna_Bhairab Bazar
2007-03-22,1.38,34.28,21.05,2.76,65.76,0.38,0.15,Meghna_Bhairab Bazar
2007-03-23,0.33,35.05,21.68,2.67,65.71,0.38,0.17,Meghna_Bhairab Bazar
2007-03-24,1.02,35.49,21.6,2.16,63.28,0.38,0.17,Meghna_Bhairab Bazar
2007-03-25,0.61,36.34,20.94,1.61,49.69,0.37,0.17,Meghna_Bhairab Bazar
2007-03-26,0.0,36.65,20.41,1.33,31.61,0.37,0.15,Meghna_Bhairab Bazar
2007-03-27,0.0,36.52,17.71,1.34,34.19,0.37,0.14,Meghna_Bhairab Bazar
2007-03-28,0.32,36.67,18.01,1.33,37.12,0.37,0.13,Meghna_Bhairab Bazar
2007-03-29,0.0,37.31,20.86,1.16,33.18,0.36,0.11,Meghna_Bhairab Bazar
2007-03-30,0.0,37.81,21.95,1.3,32.94,0.36,0.09,Meghna_Bhairab Bazar
2007-03-31,0.0,37.99,19.86,1.95,51.99,0.36,0.07,Meghna_Bhairab Bazar
2007-04-01,0.0,37.83,21.15,2.38,55.5,0.36,0.06,Meghna_Bhairab Bazar
2007-04-02,0.0,38.31,22.67,3.37,58.17,0.35,0.05,Meghna_Bhairab Bazar
2007-04-03,2.4,38.21,23.45,3.4,62.45,0.35,0.04,Meghna_Bhairab Bazar
2007-04-04,3.71,37.61,24.15,3.2,63.62,0.36,0.06,Meghna_Bhairab Bazar
2007-04-05,3.2,37.0,23.12,2.58,63.86,0.36,0.07,Meghna_Bhairab Bazar
2007-04-06,1.81,36.5,23.57,2.56,61.3,0.36,0.08,Meghna_Bhairab Bazar
2007-04-07,1.0,36.61,24.77,3.22,59.78,0.36,0.07,Meghna_Bhairab Bazar
2007-04-08,2.58,36.43,23.39,4.06,64.37,0.36,0.07,Meghna_Bhairab Bazar
2007-04-09,2.13,37.66,24.59,4.15,62.53,0.36,0.08,Meghna_Bhairab Bazar
2007-04-10,76.99,33.54,24.16,3.17,77.04,0.42,0.19,Meghna_Bhairab Bazar
2007-04-11,49.07,30.62,22.64,3.11,82.77,0.53,1.67,Meghna_Bhairab Bazar
2007-04-12,14.39,30.88,22.47,1.9,83.13,0.55,1.69,Meghna_Bhairab Bazar
2007-04-13,0.85,29.63,21.5,0.92,76.59,0.54,1.74,Meghna_Bhairab Bazar
2007-04-14,0.0,30.2,21.96,0.72,72.08,0.53,1.29,Meghna_Bhairab Bazar
2007-04-15,0.0,31.82,22.56,0.64,67.47,0.53,1.64,Meghna_Bhairab Bazar
2007-04-16,0.21,33.5,22.78,1.59,67.44,0.52,1.86,Meghna_Bhairab Bazar
2007-04-17,0.44,34.84,22.12,1.17,66.95,0.51,2.48,Meghna_Bhairab Bazar
2007-04-18,1.33,35.06,23.66,0.83,61.38,0.51,2.36,Meghna_Bhairab Bazar
2007-04-19,2.44,35.29,23.7,1.17,60.84,0.51,2.44,Meghna_Bhairab Bazar
2007-04-20,2.58,34.01,24.1,2.23,66.98,0.5,1.94,Meghna_Bhairab Bazar
2007-04-21,12.03,33.64,24.22,2.85,73.22,0.5,1.77,Meghna_Bhairab Bazar
2007-04-22,52.33,30.9,24.24,3.64,85.9,0.56,1.59,Meghna_Bhairab Bazar
2007-04-23,33.61,31.76,24.87,3.91,83.82,0.61,3.18,Meghna_Bhairab Bazar
2007-04-24,28.91,31.78,24.26,3.37,86.09,0.64,3.29,Meghna_Bhairab Bazar
2007-04-25,11.91,31.97,23.68,2.74,82.62,0.65,4.67,Meghna_Bhairab Bazar
2007-04-26,10.74,32.41,23.46,2.21,81.83,0.64,4.31,Meghna_Bhairab Bazar
2007-04-27,13.62,32.36,23.16,2.27,79.84,0.65,4.59,Meghna_Bhairab Bazar
2007-04-28,0.74,30.7,21.88,1.17,77.71,0.65,4.91,Meghna_Bhairab Bazar
2007-04-29,0.0,32.73,21.98,1.25,74.13,0.63,5.95,Meghna_Bhairab Bazar
2007-04-30,0.0,33.54,21.52,1.28,69.24,0.62,5.69,Meghna_Bhairab Bazar
2007-05-01,0.0,34.98,21.27,1.6,64.31,0.61,5.52,Meghna_Bhairab Bazar
2007-05-02,0.0,35.37,22.76,1.38,58.98,0.6,5.23,Meghna_Bhairab Bazar
2007-05-03,0.0,35.16,23.85,1.12,67.21,0.59,4.6,Meghna_Bhairab Bazar
2007-05-04,0.0,35.53,23.76,0.97,61.52,0.58,4.92,Meghna_Bhairab Bazar
2007-05-05,0.0,35.97,25.93,1.06,59.32,0.58,4.38,Meghna_Bhairab Bazar
2007-05-06,0.18,35.9,25.54,0.83,64.64,0.57,3.83,Meghna_Bhairab Bazar
2007-05-07,0.21,33.99,26.49,1.14,65.27,0.56,3.47,Meghna_Bhairab Bazar
2007-05-08,0.91,34.66,24.27,0.97,66.17,0.55,3.67,Meghna_Bhairab Bazar
2007-05-09,14.55,32.28,25.13,1.07,74.17,0.56,2.42,Meghna_Bhairab Bazar
2007-05-10,18.43,33.07,25.62,0.65,70.94,0.58,4.21,Meghna_Bhairab Bazar
2007-05-11,7.41,33.53,25.57,1.15,75.77,0.59,3.97,Meghna_Bhairab Bazar
2007-05-12,13.48,31.5,25.51,1.13,79.32,0.6,1.79,Meghna_Bhairab Bazar
2007-05-13,0.65,31.83,24.39,2.36,79.08,0.59,3.17,Meghna_Bhairab Bazar
2007-05-14,10.06,30.02,22.91,3.91,81.58,0.59,2.55,Meghna_Bhairab Bazar
2007-05-15,18.51,29.19,22.45,3.0,81.92,0.62,2.41,Meghna_Bhairab Bazar
2007-05-16,8.6,32.55,23.27,1.37,80.92,0.61,3.88,Meghna_Bhairab Bazar
2007-05-17,12.83,29.49,23.63,1.97,83.3,0.63,2.2,Meghna_Bhairab Bazar
2007-05-18,19.72,31.74,23.02,1.7,82.17,0.64,4.2,Meghna_Bhairab Bazar
2007-05-19,13.66,30.19,25.16,0.77,85.35,0.65,2.2,Meghna_Bhairab Bazar
2007-05-20,42.22,30.16,25.28,1.26,89.4,0.68,1.75,Meghna_Bhairab Bazar
2007-05-21,12.64,30.25,25.85,2.07,88.78,0.71,2.51,Meghna_Bhairab Bazar
2007-05-22,4.04,30.88,25.22,2.69,88.82,0.7,2.61,Meghna_Bhairab Bazar
2007-05-23,4.82,31.38,25.56,3.07,89.31,0.7,2.92,Meghna_Bhairab Bazar
2007-05-24,9.91,30.29,25.54,2.88,92.1,0.7,1.55,Meghna_Bhairab Bazar
2007-05-25,21.7,29.62,24.64,2.42,90.41,0.72,1.8,Meghna_Bhairab Bazar
2007-05-26,10.2,30.34,23.8,2.33,87.24,0.73,3.4,Meghna_Bhairab Bazar
2007-05-27,10.32,31.78,22.65,1.83,87.19,0.73,4.15,Meghna_Bhairab Bazar
2007-05-28,18.3,31.04,25.62,1.57,89.35,0.74,2.24,Meghna_Bhairab Bazar
2007-05-29,2.35,32.69,25.34,1.04,83.41,0.74,4.25,Meghna_Bhairab Bazar
2007-05-30,0.11,32.37,24.93,1.47,86.32,0.73,4.21,Meghna_Bhairab Bazar
2007-05-31,0.84,32.88,25.21,2.28,86.81,0.72,4.06,Meghna_Bhairab Bazar
2007-06-01,2.26,32.29,26.04,2.56,86.78,0.72,4.09,Meghna_Bhairab Bazar
2007-06-02,3.38,30.93,25.69,2.25,89.44,0.71,2.46,Meghna_Bhairab Bazar
2007-06-03,6.67,30.69,25.96,2.01,91.79,0.71,1.69,Meghna_Bhairab Bazar
2007-06-04,7.04,32.43,25.0,1.15,85.22,0.72,4.45,Meghna_Bhairab Bazar
2007-06-05,8.68,29.9,25.79,1.86,90.72,0.72,1.97,Meghna_Bhairab Bazar
2007-06-06,6.78,31.07,25.52,2.38,89.58,0.72,2.92,Meghna_Bhairab Bazar
2007-06-07,28.22,31.24,25.49,2.45,88.77,0.73,3.11,Meghna_Bhairab Bazar
2007-06-08,87.02,30.99,25.68,3.36,90.34,0.8,2.02,Meghna_Bhairab Bazar
2007-06-09,16.12,29.15,26.08,2.87,93.79,0.82,0.71,Meghna_Bhairab Bazar
2007-06-10,74.71,28.33,25.5,3.17,94.36,0.87,0.46,Meghna_Bhairab Bazar
2007-06-11,85.3,29.65,26.22,2.48,94.1,0.93,0.44,Meghna_Bhairab Bazar
2007-06-12,16.57,31.62,25.18,1.48,88.9,0.94,2.36,Meghna_Bhairab Bazar
2007-06-13,2.01,30.28,25.01,2.77,90.66,0.92,2.38,Meghna_Bhairab Bazar
2007-06-14,0.23,32.03,24.34,2.62,88.65,0.91,3.58,Meghna_Bhairab Bazar
2007-06-15,16.48,28.65,25.62,3.37,94.46,0.9,0.59,Meghna_Bhairab Bazar
2007-06-16,78.04,29.05,25.86,3.63,93.89,0.94,0.59,Meghna_Bhairab Bazar
2007-06-17,31.53,29.51,26.16,3.08,92.89,0.96,1.03,Meghna_Bhairab Bazar
2007-06-18,26.62,29.86,25.43,2.3,93.0,0.96,1.09,Meghna_Bhairab Bazar
2007-06-19,2.02,31.47,25.11,1.3,86.38,0.95,2.39,Meghna_Bhairab Bazar
2007-06-20,1.97,32.56,25.67,1.02,80.5,0.94,3.55,Meghna_Bhairab Bazar
2007-06-21,6.55,30.36,25.66,0.84,86.25,0.94,1.29,Meghna_Bhairab Bazar
2007-06-22,9.53,30.52,25.89,1.24,89.07,0.94,1.22,Meghna_Bhairab Bazar
2007-06-23,7.04,31.21,26.22,1.58,90.26,0.94,1.7,Meghna_Bhairab Bazar
2007-06-24,2.49,31.24,25.9,1.24,87.42,0.93,2.87,Meghna_Bhairab Bazar
2007-06-25,9.32,30.16,25.46,1.32,90.2,0.93,1.55,Meghna_Bhairab Bazar
2007-06-26,6.16,32.01,25.54,1.38,88.24,0.93,2.68,Meghna_Bhairab Bazar
2007-06-27,1.18,33.96,26.4,1.27,83.49,0.92,5.22,Meghna_Bhairab Bazar
2007-06-28,5.38,31.63,26.3,2.4,89.94,0.92,2.08,Meghna_Bhairab Bazar
2007-06-29,0.55,29.85,26.05,2.61,92.77,0.91,1.13,Meghna_Bhairab Bazar
2007-06-30,21.12,29.43,25.87,2.79,93.75,0.92,0.78,Meghna_Bhairab Bazar
2007-07-01,18.89,32.02,25.45,2.81,90.65,0.93,2.39,Meghna_Bhairab Bazar
2007-07-02,11.38,34.02,26.27,1.52,85.49,0.93,4.96,Meghna_Bhairab Bazar
2007-07-03,5.44,32.2,26.14,2.21,89.77,0.92,2.62,Meghna_Bhairab Bazar
2007-07-04,2.95,31.53,25.42,4.35,89.81,0.91,2.57,Meghna_Bhairab Bazar
2007-07-05,9.25,32.12,26.43,3.47,89.62,0.91,2.83,Meghna_Bhairab Bazar
2007-07-06,3.76,32.22,25.79,3.57,88.94,0.9,3.67,Meghna_Bhairab Bazar
2007-07-07,7.92,31.02,25.31,3.22,89.77,0.9,2.74,Meghna_Bhairab Bazar
2007-07-08,4.67,30.97,24.84,2.82,88.33,0.9,3.62,Meghna_Bhairab Bazar
2007-07-09,4.45,32.24,24.87,2.33,87.94,0.89,3.77,Meghna_Bhairab Bazar
2007-07-10,1.65,31.27,26.28,2.32,89.5,0.88,2.28,Meghna_Bhairab Bazar
2007-07-11,0.21,32.35,25.76,2.09,87.12,0.88,4.52,Meghna_Bhairab Bazar
2007-07-12,1.98,33.57,25.16,1.09,84.24,0.87,5.17,Meghna_Bhairab Bazar
2007-07-13,4.55,30.96,27.01,1.47,90.17,0.87,1.77,Meghna_Bhairab Bazar
2007-07-14,7.48,30.86,26.52,1.33,88.85,0.87,1.63,Meghna_Bhairab Bazar
2007-07-15,17.35,32.25,26.38,2.38,90.84,0.87,2.34,Meghna_Bhairab Bazar
2007-07-16,21.75,31.3,26.71,3.35,92.16,0.88,1.76,Meghna_Bhairab Bazar
2007-07-17,33.82,29.98,26.08,2.88,94.68,0.9,0.62,Meghna_Bhairab Bazar
2007-07-18,42.99,30.59,26.23,3.07,91.04,0.92,2.16,Meghna_Bhairab Bazar
2007-07-19,66.57,30.89,26.78,3.63,92.7,0.95,1.3,Meghna_Bhairab Bazar
2007-07-20,36.94,29.93,25.58,3.59,90.73,0.96,1.92,Meghna_Bhairab Bazar
2007-07-21,58.71,28.23,25.44,4.13,92.51,0.97,0.97,Meghna_Bhairab Bazar
2007-07-22,43.11,29.53,24.91,3.85,91.09,0.98,1.7,Meghna_Bhairab Bazar
2007-07-23,33.71,30.31,24.65,2.23,90.49,0.98,1.33,Meghna_Bhairab Bazar
2007-07-24,39.56,29.25,25.0,3.14,92.36,0.98,1.13,Meghna_Bhairab Bazar
2007-07-25,32.89,28.63,25.07,3.37,94.44,0.98,0.4,Meghna_Bhairab Bazar
2007-07-26,107.46,28.71,24.78,3.02,94.14,0.99,0.47,Meghna_Bhairab Bazar
2007-07-27,51.79,28.13,24.63,3.12,94.07,1.0,0.48,Meghna_Bhairab Bazar
2007-07-28,11.46,28.51,24.48,2.9,93.38,0.99,0.82,Meghna_Bhairab Bazar
2007-07-29,10.21,29.02,24.76,1.93,92.35,0.99,0.93,Meghna_Bhairab Bazar
2007-07-30,4.79,31.32,24.8,1.93,88.35,0.98,2.63,Meghna_Bhairab Bazar
2007-07-31,13.79,30.19,25.68,2.03,90.74,0.98,1.49,Meghna_Bhairab Bazar
2007-08-01,43.19,30.32,25.62,2.32,90.43,0.99,1.57,Meghna_Bhairab Bazar
2007-08-02,7.85,31.26,25.32,1.41,89.14,0.98,2.79,Meghna_Bhairab Bazar
2007-08-03,0.64,31.72,24.97,1.35,87.68,0.97,3.87,Meghna_Bhairab Bazar
2007-08-04,0.89,33.15,24.92,0.97,84.49,0.96,5.49,Meghna_Bhairab Bazar
2007-08-05,3.78,33.83,26.68,1.48,83.99,0.96,4.57,Meghna_Bhairab Bazar
2007-08-06,2.19,32.3,26.46,2.55,88.48,0.95,3.48,Meghna_Bhairab Bazar
2007-08-07,4.82,32.0,25.57,2.65,89.49,0.94,3.29,Meghna_Bhairab Bazar
2007-08-08,2.79,32.05,25.73,1.83,88.52,0.94,3.84,Meghna_Bhairab Bazar
2007-08-09,0.38,34.22,25.77,0.86,82.1,0.93,7.42,Meghna_Bhairab Bazar
2007-08-10,0.31,34.39,27.09,1.1,83.94,0.92,5.26,Meghna_Bhairab Bazar
2007-08-11,3.02,34.21,27.01,2.11,87.05,0.91,3.16,Meghna_Bhairab Bazar
2007-08-12,5.16,29.87,26.3,3.75,92.28,0.91,1.77,Meghna_Bhairab Bazar
2007-08-13,13.83,29.66,26.18,3.05,92.09,0.91,1.86,Meghna_Bhairab Bazar
2007-08-14,22.51,30.19,26.01,4.31,92.84,0.92,1.62,Meghna_Bhairab Bazar
2007-08-15,25.61,31.33,26.07,1.7,88.79,0.92,2.43,Meghna_Bhairab Bazar
2007-08-16,7.62,30.68,26.09,1.95,91.61,0.93,2.06,Meghna_Bhairab Bazar
2007-08-17,6.41,30.82,25.77,1.44,90.41,0.92,2.11,Meghna_Bhairab Bazar
2007-08-18,8.73,30.27,25.43,2.01,92.79,0.92,1.32,Meghna_Bhairab Bazar
2007-08-19,3.64,30.22,25.27,2.33,90.17,0.92,2.39,Meghna_Bhairab Bazar
2007-08-20,2.15,30.58,24.15,1.5,87.73,0.92,3.17,Meghna_Bhairab Bazar
2007-08-21,3.37,32.5,25.38,0.79,83.54,0.91,6.19,Meghna_Bhairab Bazar
2007-08-22,1.6,29.68,25.91,1.15,90.47,0.91,1.75,Meghna_Bhairab Bazar
2007-08-23,0.99,32.51,25.51,0.79,85.53,0.9,4.83,Meghna_Bhairab Bazar
2007-08-24,9.41,29.25,25.85,1.21,90.24,0.9,1.63,Meghna_Bhairab Bazar
2007-08-25,25.83,31.15,25.2,1.81,90.18,0.92,3.28,Meghna_Bhairab Bazar
2007-08-26,17.15,30.09,24.87,1.62,90.17,0.92,2.01,Meghna_Bhairab Bazar
2007-08-27,14.68,30.61,24.89,1.96,90.28,0.92,2.95,Meghna_Bhairab Bazar
2007-08-28,1.53,31.87,24.42,1.31,87.23,0.91,5.34,Meghna_Bhairab Bazar
2007-08-29,2.08,29.18,25.18,1.61,92.55,0.91,1.52,Meghna_Bhairab Bazar
2007-08-30,2.88,32.9,24.32,1.14,86.3,0.9,6.77,Meghna_Bhairab Bazar
2007-08-31,3.72,32.16,25.81,1.22,87.28,0.9,5.03,Meghna_Bhairab Bazar
2007-09-01,4.6,31.99,25.76,1.24,88.08,0.9,4.36,Meghna_Bhairab Bazar
2007-09-02,6.03,31.69,25.69,1.83,89.18,0.9,3.91,Meghna_Bhairab Bazar
2007-09-03,4.28,31.26,25.59,2.03,91.3,0.89,2.6,Meghna_Bhairab Bazar
2007-09-04,5.47,29.49,25.67,1.89,93.23,0.89,1.33,Meghna_Bhairab Bazar
2007-09-05,14.79,29.49,25.11,2.74,94.23,0.89,1.02,Meghna_Bhairab Bazar
2007-09-06,34.99,28.5,24.48,3.78,95.13,0.91,0.44,Meghna_Bhairab Bazar
2007-09-07,40.64,28.6,25.91,4.44,93.98,0.93,0.9,Meghna_Bhairab Bazar
2007-09-08,47.35,28.42,25.89,3.34,94.21,0.95,0.75,Meghna_Bhairab Bazar
2007-09-09,15.41,30.27,25.45,2.29,92.51,0.96,2.08,Meghna_Bhairab Bazar
2007-09-10,4.63,30.38,25.81,1.5,91.64,0.95,1.95,Meghna_Bhairab Bazar
2007-09-11,7.71,31.53,25.38,1.47,90.47,0.94,3.11,Meghna_Bhairab Bazar
2007-09-12,5.18,30.21,25.16,0.96,88.92,0.94,2.24,Meghna_Bhairab Bazar
2007-09-13,0.73,31.57,25.52,0.82,86.06,0.94,3.81,Meghna_Bhairab Bazar
2007-09-14,2.59,29.59,25.79,0.83,90.98,0.93,1.77,Meghna_Bhairab Bazar
2007-09-15,3.18,30.27,25.34,0.95,89.5,0.93,2.67,Meghna_Bhairab Bazar
2007-09-16,2.11,30.51,25.33,0.93,89.3,0.93,2.69,Meghna_Bhairab Bazar
2007-09-17,0.95,30.95,25.75,0.5,84.34,0.92,2.44,Meghna_Bhairab Bazar
2007-09-18,1.26,31.4,25.13,1.02,87.36,0.92,3.32,Meghna_Bhairab Bazar
2007-09-19,0.4,32.75,24.55,1.23,80.19,0.92,6.33,Meghna_Bhairab Bazar
2007-09-20,0.66,32.21,24.99,1.43,84.26,0.91,5.2,Meghna_Bhairab Bazar
2007-09-21,0.0,30.24,24.27,1.32,87.17,0.9,2.31,Meghna_Bhairab Bazar
2007-09-22,0.4,28.85,23.64,1.93,86.35,0.9,2.86,Meghna_Bhairab Bazar
2007-09-23,1.25,28.92,23.15,1.89,88.9,0.9,2.31,Meghna_Bhairab Bazar
2007-09-24,1.7,27.35,23.31,1.73,91.74,0.89,1.37,Meghna_Bhairab Bazar
2007-09-25,0.25,28.97,23.91,1.29,91.56,0.89,2.15,Meghna_Bhairab Bazar
2007-09-26,0.02,30.78,24.2,0.53,81.51,0.89,5.98,Meghna_Bhairab Bazar
2007-09-27,0.1,31.77,24.82,0.85,82.89,0.88,7.71,Meghna_Bhairab Bazar
2007-09-28,0.16,30.99,24.71,1.11,86.94,0.87,5.19,Meghna_Bhairab Bazar
2007-09-29,2.68,28.88,25.36,0.76,90.38,0.87,1.91,Meghna_Bhairab Bazar
2007-09-30,16.03,30.49,24.85,0.65,84.95,0.88,2.8,Meghna_Bhairab Bazar
2007-10-01,3.1,30.02,25.23,0.74,86.76,0.88,3.58,Meghna_Bhairab Bazar
2007-10-02,2.51,31.39,24.61,0.76,82.84,0.88,5.73,Meghna_Bhairab Bazar
2007-10-03,3.02,29.07,25.13,0.85,87.88,0.87,2.09,Meghna_Bhairab Bazar
2007-10-04,0.0,31.19,24.93,1.0,86.72,0.87,3.75,Meghna_Bhairab Bazar
2007-10-05,0.0,32.58,25.11,1.33,85.99,0.86,5.17,Meghna_Bhairab Bazar
2007-10-06,3.31,31.17,25.73,1.09,88.78,0.86,2.28,Meghna_Bhairab Bazar
2007-10-07,21.4,30.09,25.55,1.91,91.58,0.86,1.68,Meghna_Bhairab Bazar
2007-10-08,75.21,27.78,25.33,3.29,94.59,0.9,0.75,Meghna_Bhairab Bazar
2007-10-09,42.47,28.81,24.76,2.91,92.43,0.95,2.03,Meghna_Bhairab Bazar
2007-10-10,1.84,29.51,23.58,1.36,88.91,0.93,4.22,Meghna_Bhairab Bazar
2007-10-11,1.61,30.21,22.98,0.9,86.9,0.92,5.6,Meghna_Bhairab Bazar
2007-10-12,0.02,31.11,23.65,0.68,83.06,0.91,7.17,Meghna_Bhairab Bazar
2007-10-13,0.31,31.02,23.99,0.87,85.26,0.9,5.85,Meghna_Bhairab Bazar
2007-10-14,1.16,26.85,23.8,1.43,93.89,0.9,0.89,Meghna_Bhairab Bazar
2007-10-15,13.16,27.42,22.87,1.68,93.64,0.9,1.23,Meghna_Bhairab Bazar
2007-10-16,51.41,26.78,23.51,3.19,94.07,0.93,0.81,Meghna_Bhairab Bazar
2007-10-17,5.22,28.06,23.84,2.32,91.96,0.93,1.82,Meghna_Bhairab Bazar
2007-10-18,9.08,28.58,23.28,0.87,88.23,0.93,2.22,Meghna_Bhairab Bazar
2007-10-19,3.85,27.95,21.86,0.94,85.7,0.93,2.91,Meghna_Bhairab Bazar
2007-10-20,0.4,29.29,21.25,1.07,85.19,0.92,4.98,Meghna_Bhairab Bazar
2007-10-21,0.01,27.77,18.71,1.38,82.41,0.92,4.71,Meghna_Bhairab Bazar
2007-10-22,0.0,28.03,18.44,1.34,80.67,0.91,4.67,Meghna_Bhairab Bazar
2007-10-23,0.0,27.62,17.8,1.54,84.46,0.9,4.34,Meghna_Bhairab Bazar
2007-10-24,0.0,27.89,17.42,1.38,83.32,0.9,4.72,Meghna_Bhairab Bazar
2007-10-25,0.0,28.06,17.52,1.3,80.35,0.89,5.02,Meghna_Bhairab Bazar
2007-10-26,0.0,28.11,17.17,1.22,77.38,0.89,5.27,Meghna_Bhairab Bazar
2007-10-27,0.0,27.62,17.77,0.92,78.22,0.88,5.33,Meghna_Bhairab Bazar
2007-10-28,0.0,27.58,18.02,1.07,79.8,0.88,5.04,Meghna_Bhairab Bazar
2007-10-29,0.0,27.93,18.18,1.3,84.01,0.87,4.78,Meghna_Bhairab Bazar
2007-10-30,0.0,29.21,18.56,1.19,84.62,0.87,5.33,Meghna_Bhairab Bazar
2007-10-31,0.2,28.65,18.81,1.33,84.17,0.86,4.87,Meghna_Bhairab Bazar
2007-11-01,0.26,29.36,19.1,1.01,83.59,0.85,4.91,Meghna_Bhairab Bazar
2007-11-02,0.17,28.77,19.92,1.2,85.16,0.85,5.01,Meghna_Bhairab Bazar
2007-11-03,0.08,29.05,18.59,0.92,79.32,0.84,5.78,Meghna_Bhairab Bazar
2007-11-04,0.0,28.99,18.48,1.33,80.81,0.83,4.67,Meghna_Bhairab Bazar
2007-11-05,0.0,28.72,19.02,0.77,78.46,0.83,5.59,Meghna_Bhairab Bazar
2007-11-06,0.0,28.42,19.38,0.9,79.82,0.82,4.92,Meghna_Bhairab Bazar
2007-11-07,0.0,28.98,18.96,0.86,78.72,0.81,5.43,Meghna_Bhairab Bazar
2007-11-08,0.0,28.18,19.59,1.2,83.1,0.81,4.58,Meghna_Bhairab Bazar
2007-11-09,0.06,28.62,19.41,1.11,82.76,0.8,4.96,Meghna_Bhairab Bazar
2007-11-10,0.04,27.83,19.78,1.22,86.14,0.79,4.23,Meghna_Bhairab Bazar
2007-11-11,0.0,28.25,18.56,1.17,81.36,0.79,5.03,Meghna_Bhairab Bazar
2007-11-12,0.0,27.75,18.25,1.43,81.71,0.78,4.74,Meghna_Bhairab Bazar
2007-11-13,0.01,27.92,16.43,1.12,81.62,0.77,5.15,Meghna_Bhairab Bazar
2007-11-14,3.06,26.66,18.01,1.63,87.5,0.77,3.54,Meghna_Bhairab Bazar
2007-11-15,64.05,22.52,19.34,4.29,93.7,0.79,0.66,Meghna_Bhairab Bazar
2007-11-16,12.54,25.77,19.96,4.07,92.48,0.85,1.57,Meghna_Bhairab Bazar
2007-11-17,0.12,27.25,19.57,0.85,85.94,0.84,4.49,Meghna_Bhairab Bazar
2007-11-18,0.0,27.12,17.45,1.1,84.91,0.83,4.46,Meghna_Bhairab Bazar
2007-11-19,0.0,27.12,17.28,1.16,87.32,0.82,4.23,Meghna_Bhairab Bazar
2007-11-20,0.0,27.15,17.48,1.2,87.34,0.81,4.17,Meghna_Bhairab Bazar
2007-11-21,0.0,26.94,17.79,1.05,83.71,0.81,4.85,Meghna_Bhairab Bazar
2007-11-22,0.0,27.18,17.12,0.92,83.75,0.8,4.65,Meghna_Bhairab Bazar
2007-11-23,0.0,27.06,17.25,1.25,83.72,0.79,4.08,Meghna_Bhairab Bazar
2007-11-24,0.0,26.94,17.9,1.12,86.34,0.79,4.12,Meghna_Bhairab Bazar
2007-11-25,0.0,26.88,17.06,1.07,82.76,0.78,4.32,Meghna_Bhairab Bazar
2007-11-26,0.0,26.87,17.06,0.92,77.9,0.78,4.39,Meghna_Bhairab Bazar
2007-11-27,0.0,26.61,17.21,0.61,78.73,0.77,4.86,Meghna_Bhairab Bazar
2007-11-28,0.0,25.85,17.13,0.57,80.05,0.77,4.35,Meghna_Bhairab Bazar
2007-11-29,0.0,25.98,17.06,1.01,82.87,0.76,3.72,Meghna_Bhairab Bazar
2007-11-30,0.0,26.27,16.53,0.76,80.24,0.76,4.35,Meghna_Bhairab Bazar
2007-12-01,0.0,25.64,17.36,0.6,74.79,0.75,4.11,Meghna_Bhairab Bazar
2007-12-02,0.0,25.51,16.04,1.06,81.49,0.75,3.36,Meghna_Bhairab Bazar
2007-12-03,0.0,24.61,16.02,0.93,81.66,0.74,3.03,Meghna_Bhairab Bazar
2007-12-04,0.0,24.73,14.95,1.03,80.95,0.74,3.07,Meghna_Bhairab Bazar
2007-12-05,0.0,24.31,13.69,1.39,83.15,0.73,3.01,Meghna_Bhairab Bazar
2007-12-06,0.0,24.7,12.46,1.4,82.42,0.73,3.17,Meghna_Bhairab Bazar
2007-12-07,0.0,24.86,13.05,0.98,76.06,0.72,3.28,Meghna_Bhairab Bazar
2007-12-08,0.0,24.74,16.05,0.64,72.78,0.72,2.9,Meghna_Bhairab Bazar
2007-12-09,0.0,23.95,13.54,1.13,79.46,0.71,3.25,Meghna_Bhairab Bazar
2007-12-10,0.0,24.3,12.89,0.93,76.86,0.71,3.75,Meghna_Bhairab Bazar
2007-12-11,0.0,23.6,13.4,0.75,74.05,0.71,3.58,Meghna_Bhairab Bazar
2007-12-12,0.0,23.27,11.55,1.27,75.67,0.7,3.11,Meghna_Bhairab Bazar
2007-12-13,0.0,24.12,12.08,1.34,80.31,0.7,3.02,Meghna_Bhairab Bazar
2007-12-14,0.0,24.68,14.0,1.21,79.86,0.69,3.13,Meghna_Bhairab Bazar
2007-12-15,0.0,23.76,14.16,1.48,81.67,0.69,2.71,Meghna_Bhairab Bazar
2007-12-16,0.0,24.11,11.67,1.4,76.89,0.68,2.9,Meghna_Bhairab Bazar
2007-12-17,0.0,22.94,10.84,1.04,70.51,0.68,3.07,Meghna_Bhairab Bazar
2007-12-18,0.0,23.3,10.82,1.05,70.5,0.67,2.71,Meghna_Bhairab Bazar
2007-12-19,0.0,23.69,12.05,1.09,71.63,0.67,2.65,Meghna_Bhairab Bazar
2007-12-20,0.0,22.99,9.82,1.16,78.77,0.67,2.56,Meghna_Bhairab Bazar
2007-12-21,0.0,21.41,10.0,1.22,74.82,0.66,1.82,Meghna_Bhairab Bazar
2007-12-22,0.0,21.12,9.47,0.89,71.24,0.66,1.38,Meghna_Bhairab Bazar
2007-12-23,0.0,22.4,9.31,1.02,74.77,0.66,1.96,Meghna_Bhairab Bazar
2007-12-24,0.0,22.63,10.87,0.88,77.04,0.65,1.67,Meghna_Bhairab Bazar
2007-12-25,0.0,23.81,12.72,0.88,74.78,0.65,2.22,Meghna_Bhairab Bazar
2007-12-26,0.0,23.63,12.59,0.94,77.44,0.65,1.94,Meghna_Bhairab Bazar
2007-12-27,0.0,24.07,12.74,0.86,76.99,0.64,2.25,Meghna_Bhairab Bazar
2007-12-28,0.0,22.84,11.66,1.03,79.67,0.64,1.86,Meghna_Bhairab Bazar
2007-12-29,0.0,23.21,11.75,1.07,77.78,0.64,1.82,Meghna_Bhairab Bazar
2007-12-30,0.0,23.24,10.37,1.31,80.89,0.63,1.85,Meghna_Bhairab Bazar
2007-12-31,0.0,22.09,10.87,1.17,79.42,0.63,1.58,Meghna_Bhairab Bazar
2008-01-01,0.0,23.6,9.68,1.34,75.16,0.63,1.95,Meghna_Bhairab Bazar
2008-01-02,0.0,22.55,12.87,0.81,76.78,0.62,1.18,Meghna_Bhairab Bazar
2008-01-03,0.0,25.14,14.79,0.81,72.27,0.62,2.41,Meghna_Bhairab Bazar
2008-01-04,0.0,25.23,12.47,1.31,76.24,0.62,2.11,Meghna_Bhairab Bazar
2008-01-05,0.0,24.58,11.51,1.2,68.42,0.61,1.97,Meghna_Bhairab Bazar
2008-01-06,0.0,24.23,10.87,1.25,67.67,0.61,1.93,Meghna_Bhairab Bazar
2008-01-07,0.0,25.26,12.85,0.85,64.15,0.6,2.23,Meghna_Bhairab Bazar
2008-01-08,0.0,25.68,13.47,1.04,64.91,0.6,2.03,Meghna_Bhairab Bazar
2008-01-09,0.0,26.2,14.05,0.92,68.62,0.6,2.04,Meghna_Bhairab Bazar
2008-01-10,0.0,25.14,13.01,1.07,70.64,0.59,1.72,Meghna_Bhairab Bazar
2008-01-11,0.0,25.69,13.77,1.09,67.34,0.59,1.5,Meghna_Bhairab Bazar
2008-01-12,0.0,25.3,13.78,1.08,70.07,0.59,1.58,Meghna_Bhairab Bazar
2008-01-13,0.0,24.0,13.54,1.15,73.18,0.58,1.63,Meghna_Bhairab Bazar
2008-01-14,0.0,23.59,12.36,1.08,65.03,0.58,1.54,Meghna_Bhairab Bazar
2008-01-15,0.0,23.04,10.91,1.09,67.37,0.58,1.34,Meghna_Bhairab Bazar
2008-01-16,0.0,23.16,11.44,1.04,69.56,0.58,1.1,Meghna_Bhairab Bazar
2008-01-17,0.0,24.25,12.19,0.93,71.1,0.57,1.31,Meghna_Bhairab Bazar
2008-01-18,0.0,24.55,13.06,0.71,68.85,0.57,0.98,Meghna_Bhairab Bazar
2008-01-19,0.0,25.35,12.73,1.12,77.7,0.57,1.12,Meghna_Bhairab Bazar
2008-01-20,0.26,25.46,13.01,1.66,84.64,0.57,1.31,Meghna_Bhairab Bazar
2008-01-21,13.17,24.46,14.62,1.44,86.1,0.58,0.9,Meghna_Bhairab Bazar
2008-01-22,0.0,23.77,11.17,1.51,68.12,0.58,1.49,Meghna_Bhairab Bazar
2008-01-23,0.25,23.9,9.09,1.58,61.92,0.57,1.14,Meghna_Bhairab Bazar
2008-01-24,2.68,23.93,13.26,1.65,73.05,0.57,1.35,Meghna_Bhairab Bazar
2008-01-25,1.7,20.47,13.33,2.03,87.59,0.57,0.66,Meghna_Bhairab Bazar
2008-01-26,14.4,20.48,12.8,2.04,90.42,0.59,0.52,Meghna_Bhairab Bazar
2008-01-27,3.9,21.12,13.6,1.45,82.95,0.59,1.02,Meghna_Bhairab Bazar
2008-01-28,0.04,22.13,11.13,1.18,70.59,0.59,1.68,Meghna_Bhairab Bazar
2008-01-29,0.07,21.73,11.0,1.09,61.96,0.59,1.57,Meghna_Bhairab Bazar
2008-01-30,0.2,22.76,9.15,1.07,61.07,0.58,1.4,Meghna_Bhairab Bazar
2008-01-31,2.13,22.6,11.62,1.5,75.84,0.58,1.3,Meghna_Bhairab Bazar
2008-02-01,0.0,22.56,10.85,1.48,64.54,0.58,1.6,Meghna_Bhairab Bazar
2008-02-02,0.0,21.66,8.86,1.42,62.08,0.57,1.49,Meghna_Bhairab Bazar
2008-02-03,0.0,22.5,7.63,1.38,64.9,0.57,1.47,Meghna_Bhairab Bazar
2008-02-04,0.0,23.87,10.11,1.11,59.88,0.56,1.6,Meghna_Bhairab Bazar
2008-02-05,0.0,25.85,10.3,1.19,61.47,0.56,1.6,Meghna_Bhairab Bazar
2008-02-06,0.0,27.03,12.1,1.32,66.69,0.56,1.6,Meghna_Bhairab Bazar
2008-02-07,0.0,25.94,15.28,1.25,71.96,0.55,1.14,Meghna_Bhairab Bazar
2008-02-08,0.05,27.4,15.06,1.01,76.5,0.55,1.19,Meghna_Bhairab Bazar
2008-02-09,0.94,25.88,16.58,1.2,85.46,0.55,0.92,Meghna_Bhairab Bazar
2008-02-10,2.31,25.24,13.1,1.81,73.83,0.55,1.31,Meghna_Bhairab Bazar
2008-02-11,0.0,24.34,10.31,1.34,59.39,0.54,1.56,Meghna_Bhairab Bazar
2008-02-12,0.0,23.58,9.25,1.5,61.65,0.54,1.35,Meghna_Bhairab Bazar
2008-02-13,0.0,23.66,9.98,1.63,56.47,0.54,1.28,Meghna_Bhairab Bazar
2008-02-14,0.0,24.58,9.12,1.44,52.95,0.53,1.37,Meghna_Bhairab Bazar
2008-02-15,0.0,24.2,9.84,1.35,53.59,0.53,1.29,Meghna_Bhairab Bazar
2008-02-16,0.0,24.45,11.03,0.91,49.83,0.53,1.14,Meghna_Bhairab Bazar
2008-02-17,0.0,25.23,11.57,0.85,53.17,0.52,1.11,Meghna_Bhairab Bazar
2008-02-18,0.0,26.8,12.92,1.29,64.52,0.52,1.14,Meghna_Bhairab Bazar
2008-02-19,9.66,27.01,14.12,1.75,79.25,0.52,1.08,Meghna_Bhairab Bazar
2008-02-20,1.8,24.05,14.46,1.13,78.42,0.53,0.7,Meghna_Bhairab Bazar
2008-02-21,0.0,26.79,13.29,1.3,56.61,0.53,1.58,Meghna_Bhairab Bazar
2008-02-22,0.0,28.74,12.3,1.32,56.5,0.52,1.69,Meghna_Bhairab Bazar
2008-02-23,0.0,29.21,12.82,1.26,53.16,0.52,1.68,Meghna_Bhairab Bazar
2008-02-24,0.0,30.05,15.88,0.91,49.21,0.51,1.54,Meghna_Bhairab Bazar
2008-02-25,0.03,29.08,14.87,1.41,70.37,0.51,1.23,Meghna_Bhairab Bazar
2008-02-26,0.13,29.33,15.57,1.13,65.31,0.51,1.34,Meghna_Bhairab Bazar
2008-02-27,0.0,30.01,14.63,1.67,55.32,0.5,1.33,Meghna_Bhairab Bazar
2008-02-28,0.0,29.71,14.31,1.16,44.21,0.5,1.35,Meghna_Bhairab Bazar
2008-02-29,0.0,30.97,15.01,1.23,46.38,0.49,1.49,Meghna_Bhairab Bazar
2008-03-01,0.0,29.53,16.13,0.71,47.05,0.49,1.35,Meghna_Bhairab Bazar
2008-03-02,0.0,29.7,14.92,0.86,56.0,0.49,1.12,Meghna_Bhairab Bazar
2008-03-03,0.53,30.53,17.02,1.0,64.42,0.48,1.22,Meghna_Bhairab Bazar
2008-03-04,10.31,29.54,17.35,1.67,70.5,0.49,1.21,Meghna_Bhairab Bazar
2008-03-05,8.26,28.6,17.55,1.32,70.91,0.5,1.05,Meghna_Bhairab Bazar
2008-03-06,0.0,30.26,16.29,1.12,65.59,0.5,1.5,Meghna_Bhairab Bazar
2008-03-07,0.03,31.14,17.69,0.99,57.07,0.49,1.47,Meghna_Bhairab Bazar
2008-03-08,0.0,31.59,18.26,0.86,59.0,0.49,1.47,Meghna_Bhairab Bazar
2008-03-09,0.0,31.89,18.37,0.73,56.01,0.49,1.46,Meghna_Bhairab Bazar
2008-03-10,0.0,31.74,18.05,0.99,53.86,0.48,1.34,Meghna_Bhairab Bazar
2008-03-11,0.0,30.41,18.96,1.16,61.58,0.48,0.74,Meghna_Bhairab Bazar
2008-03-12,0.0,31.11,18.74,1.36,62.44,0.48,0.77,Meghna_Bhairab Bazar
2008-03-13,0.0,33.44,17.55,1.15,55.66,0.47,1.34,Meghna_Bhairab Bazar
2008-03-14,0.0,29.79,20.56,1.58,70.49,0.47,0.52,Meghna_Bhairab Bazar
2008-03-15,0.0,35.52,19.68,1.43,55.65,0.47,1.23,Meghna_Bhairab Bazar
2008-03-16,0.05,34.93,19.97,1.25,52.39,0.46,1.14,Meghna_Bhairab Bazar
2008-03-17,0.18,34.76,19.34,1.34,41.45,0.46,1.16,Meghna_Bhairab Bazar
2008-03-18,0.6,34.72,18.75,1.31,50.59,0.46,1.12,Meghna_Bhairab Bazar
2008-03-19,1.72,35.35,19.09,2.23,63.1,0.45,1.04,Meghna_Bhairab Bazar
2008-03-20,1.04,33.77,21.58,1.92,68.19,0.45,0.89,Meghna_Bhairab Bazar
2008-03-21,1.68,34.68,22.6,2.88,66.28,0.45,0.92,Meghna_Bhairab Bazar
2008-03-22,4.25,34.78,22.24,2.0,64.74,0.45,1.06,Meghna_Bhairab Bazar
2008-03-23,11.7,32.3,21.34,1.38,70.4,0.46,0.97,Meghna_Bhairab Bazar
2008-03-24,1.26,31.43,23.14,1.73,67.2,0.47,0.78,Meghna_Bhairab Bazar
2008-03-25,0.33,34.63,21.81,1.32,56.03,0.46,1.28,Meghna_Bhairab Bazar
2008-03-26,0.26,35.46,21.74,2.11,61.83,0.46,1.14,Meghna_Bhairab Bazar
2008-03-27,0.95,35.58,22.79,2.23,60.49,0.45,1.11,Meghna_Bhairab Bazar
2008-03-28,4.21,36.82,23.08,2.6,60.6,0.45,1.14,Meghna_Bhairab Bazar
2008-03-29,0.32,35.9,22.54,3.21,65.23,0.45,0.97,Meghna_Bhairab Bazar
2008-03-30,1.2,34.68,22.76,1.99,63.01,0.45,0.95,Meghna_Bhairab Bazar
2008-03-31,1.83,34.36,22.16,2.21,65.71,0.44,0.83,Meghna_Bhairab Bazar
2008-04-01,2.5,33.78,22.88,1.1,63.31,0.44,0.77,Meghna_Bhairab Bazar
2008-04-02,0.0,34.47,20.19,1.2,54.5,0.44,0.96,Meghna_Bhairab Bazar
2008-04-03,14.36,32.28,21.74,1.61,68.12,0.45,0.86,Meghna_Bhairab Bazar
2008-04-04,10.53,30.24,21.56,1.27,72.21,0.47,0.89,Meghna_Bhairab Bazar
2008-04-05,0.06,32.0,22.0,1.35,65.76,0.47,0.88,Meghna_Bhairab Bazar
2008-04-06,0.06,34.36,21.57,1.85,57.6,0.46,1.19,Meghna_Bhairab Bazar
2008-04-07,0.0,34.75,19.65,2.19,53.88,0.46,1.23,Meghna_Bhairab Bazar
2008-04-08,0.0,34.33,18.79,1.78,44.73,0.45,1.05,Meghna_Bhairab Bazar
2008-04-09,0.0,32.29,20.15,1.35,41.62,0.45,0.65,Meghna_Bhairab Bazar
2008-04-10,0.0,35.03,20.79,0.91,41.81,0.44,0.76,Meghna_Bhairab Bazar
2008-04-11,0.0,37.51,22.48,1.06,44.37,0.44,1.02,Meghna_Bhairab Bazar
2008-04-12,0.0,38.85,21.41,1.68,50.81,0.44,1.0,Meghna_Bhairab Bazar
2008-04-13,2.32,37.34,23.6,2.87,57.6,0.43,0.87,Meghna_Bhairab Bazar
2008-04-14,9.27,33.96,23.02,1.9,69.39,0.44,0.79,Meghna_Bhairab Bazar
2008-04-15,1.45,36.25,23.77,1.74,62.14,0.44,1.01,Meghna_Bhairab Bazar
2008-04-16,0.32,36.09,23.79,1.67,60.5,0.44,0.95,Meghna_Bhairab Bazar
2008-04-17,2.9,36.89,24.21,1.98,63.96,0.44,0.94,Meghna_Bhairab Bazar
2008-04-18,2.17,37.26,25.09,2.67,65.72,0.44,0.83,Meghna_Bhairab Bazar
2008-04-19,1.04,37.94,25.24,2.1,62.29,0.43,0.84,Meghna_Bhairab Bazar
2008-04-20,0.0,39.26,23.68,1.96,52.78,0.43,0.85,Meghna_Bhairab Bazar
2008-04-21,0.0,39.82,21.43,1.26,45.94,0.42,0.82,Meghna_Bhairab Bazar
2008-04-22,0.0,39.48,20.92,1.39,44.49,0.42,0.74,Meghna_Bhairab Bazar
2008-04-23,0.0,40.02,23.58,1.58,46.96,0.42,0.68,Meghna_Bhairab Bazar
2008-04-24,0.0,40.18,24.23,2.32,54.45,0.41,0.64,Meghna_Bhairab Bazar
2008-04-25,0.0,39.61,24.45,2.17,53.4,0.41,0.59,Meghna_Bhairab Bazar
2008-04-26,0.0,39.45,23.8,2.55,54.41,0.41,0.55,Meghna_Bhairab Bazar
2008-04-27,0.03,38.6,25.82,3.52,57.21,0.4,0.49,Meghna_Bhairab Bazar
2008-04-28,0.08,39.64,25.28,2.9,56.97,0.4,0.45,Meghna_Bhairab Bazar
2008-04-29,0.02,38.02,25.75,1.7,59.78,0.4,0.36,Meghna_Bhairab Bazar
2008-04-30,0.08,38.97,26.18,0.8,53.9,0.39,0.4,Meghna_Bhairab Bazar
2008-05-01,0.13,37.52,26.4,1.55,56.02,0.39,0.3,Meghna_Bhairab Bazar
2008-05-02,3.58,36.75,26.48,2.24,61.85,0.39,0.29,Meghna_Bhairab Bazar
2008-05-03,1.13,39.88,24.94,1.12,52.82,0.39,0.43,Meghna_Bhairab Bazar
2008-05-04,1.46,38.58,24.85,1.03,47.44,0.39,0.41,Meghna_Bhairab Bazar
2008-05-05,18.27,36.03,25.91,1.75,61.28,0.4,0.28,Meghna_Bhairab Bazar
2008-05-06,24.33,33.6,25.37,1.68,67.95,0.44,0.92,Meghna_Bhairab Bazar
2008-05-07,4.52,32.39,25.44,1.94,72.62,0.45,0.55,Meghna_Bhairab Bazar
2008-05-08,7.04,32.2,25.73,1.59,73.57,0.46,0.55,Meghna_Bhairab Bazar
2008-05-09,7.85,32.45,25.37,1.26,68.15,0.47,0.82,Meghna_Bhairab Bazar
2008-05-10,0.55,35.78,25.15,0.78,59.4,0.46,1.12,Meghna_Bhairab Bazar
2008-05-11,0.24,37.62,26.42,1.05,56.53,0.46,1.25,Meghna_Bhairab Bazar
2008-05-12,0.0,34.77,26.47,0.9,58.82,0.45,0.72,Meghna_Bhairab Bazar
2008-05-13,0.02,35.86,26.76,0.8,56.68,0.45,0.73,Meghna_Bhairab Bazar
2008-05-14,0.0,37.48,26.41,0.76,50.84,0.44,1.15,Meghna_Bhairab Bazar
2008-05-15,0.44,38.24,25.68,1.24,49.14,0.44,0.96,Meghna_Bhairab Bazar
2008-05-16,2.18,36.57,26.98,1.73,60.34,0.44,0.82,Meghna_Bhairab Bazar
2008-05-17,3.15,37.53,26.57,2.46,66.55,0.44,0.86,Meghna_Bhairab Bazar
2008-05-18,8.43,35.7,26.55,3.27,73.41,0.45,0.79,Meghna_Bhairab Bazar
2008-05-19,7.96,33.42,26.42,2.58,75.41,0.46,0.48,Meghna_Bhairab Bazar
2008-05-20,1.75,36.87,25.4,3.05,59.74,0.46,1.09,Meghna_Bhairab Bazar
2008-05-21,0.46,36.31,24.85,2.07,60.61,0.45,1.07,Meghna_Bhairab Bazar
2008-05-22,11.33,36.1,26.56,2.24,65.47,0.45,1.02,Meghna_Bhairab Bazar
2008-05-23,13.48,32.43,25.37,1.62,74.9,0.47,0.8,Meghna_Bhairab Bazar
2008-05-24,2.99,34.39,25.65,2.11,67.04,0.48,1.29,Meghna_Bhairab Bazar
2008-05-25,10.22,30.99,25.12,1.66,74.16,0.48,0.91,Meghna_Bhairab Bazar
2008-05-26,26.62,30.82,24.84,1.76,81.56,0.51,0.76,Meghna_Bhairab Bazar
2008-05-27,25.96,30.27,24.7,2.41,83.41,0.55,1.32,Meghna_Bhairab Bazar
2008-05-28,4.97,32.55,24.07,2.68,81.16,0.55,1.78,Meghna_Bhairab Bazar
2008-05-29,6.69,33.64,25.56,2.79,79.91,0.55,2.25,Meghna_Bhairab Bazar
2008-05-30,6.11,31.74,25.71,2.17,85.1,0.56,1.19,Meghna_Bhairab Bazar
2008-05-31,5.97,32.87,25.84,1.8,81.6,0.56,1.81,Meghna_Bhairab Bazar
2008-06-01,14.45,31.64,25.68,2.33,82.39,0.56,1.89,Meghna_Bhairab Bazar
2008-06-02,16.61,31.21,24.58,1.88,84.81,0.58,1.66,Meghna_Bhairab Bazar
2008-06-03,19.54,30.94,24.83,0.82,74.53,0.61,2.55,Meghna_Bhairab Bazar
2008-06-04,5.69,32.05,24.73,2.03,82.45,0.61,2.57,Meghna_Bhairab Bazar
2008-06-05,22.27,30.67,25.15,2.16,88.75,0.63,1.69,Meghna_Bhairab Bazar
2008-06-06,2.9,31.46,25.13,1.46,79.53,0.63,3.01,Meghna_Bhairab Bazar
2008-06-07,4.67,29.64,24.73,2.48,86.89,0.63,1.99,Meghna_Bhairab Bazar
2008-06-08,2.68,30.94,24.22,2.07,87.27,0.62,2.54,Meghna_Bhairab Bazar
2008-06-09,8.41,29.89,25.02,2.89,88.72,0.63,1.62,Meghna_Bhairab Bazar
2008-06-10,5.34,32.95,24.83,2.57,84.09,0.63,3.97,Meghna_Bhairab Bazar
2008-06-11,0.42,31.97,25.18,2.26,84.75,0.62,3.37,Meghna_Bhairab Bazar
2008-06-12,0.34,33.97,26.05,2.91,82.33,0.61,4.61,Meghna_Bhairab Bazar
2008-06-13,0.94,33.59,26.0,2.2,81.48,0.6,3.66,Meghna_Bhairab Bazar
2008-06-14,1.32,32.13,26.34,1.48,83.34,0.6,2.02,Meghna_Bhairab Bazar
2008-06-15,21.07,34.85,26.61,2.12,77.1,0.6,3.95,Meghna_Bhairab Bazar
2008-06-16,6.54,30.96,26.42,3.17,87.35,0.62,2.03,Meghna_Bhairab Bazar
2008-06-17,32.2,29.81,26.19,5.07,90.04,0.65,1.55,Meghna_Bhairab Bazar
2008-06-18,9.77,30.35,25.93,4.71,87.52,0.67,3.0,Meghna_Bhairab Bazar
2008-06-19,8.76,29.55,25.63,3.72,90.25,0.66,2.01,Meghna_Bhairab Bazar
2008-06-20,5.07,29.2,25.27,3.88,91.95,0.67,1.66,Meghna_Bhairab Bazar
2008-06-21,3.54,31.66,25.06,2.95,86.09,0.66,4.32,Meghna_Bhairab Bazar
2008-06-22,1.26,32.76,25.17,2.84,84.4,0.65,5.26,Meghna_Bhairab Bazar
2008-06-23,2.93,32.54,24.98,2.68,83.4,0.65,5.32,Meghna_Bhairab Bazar
2008-06-24,1.05,34.24,25.13,2.51,82.09,0.64,5.45,Meghna_Bhairab Bazar
2008-06-25,0.96,31.87,25.58,2.39,86.55,0.63,2.62,Meghna_Bhairab Bazar
2008-06-26,0.74,31.72,25.43,2.62,85.86,0.62,2.97,Meghna_Bhairab Bazar
2008-06-27,3.29,32.01,26.11,2.44,88.27,0.62,2.38,Meghna_Bhairab Bazar
2008-06-28,19.58,32.3,25.87,2.72,86.92,0.63,2.78,Meghna_Bhairab Bazar
2008-06-29,19.57,30.33,25.56,3.4,90.77,0.66,1.98,Meghna_Bhairab Bazar
2008-06-30,11.05,29.96,25.56,2.95,89.93,0.66,2.22,Meghna_Bhairab Bazar
2008-07-01,12.23,32.07,25.25,3.58,86.28,0.67,4.98,Meghna_Bhairab Bazar
2008-07-02,15.87,32.36,25.67,2.95,86.61,0.68,4.15,Meghna_Bhairab Bazar
2008-07-03,11.91,32.13,25.78,3.46,89.41,0.68,3.53,Meghna_Bhairab Bazar
2008-07-04,26.26,29.28,26.06,3.83,93.05,0.7,1.19,Meghna_Bhairab Bazar
2008-07-05,19.48,29.43,25.72,2.11,91.81,0.73,1.13,Meghna_Bhairab Bazar
2008-07-06,6.96,31.42,24.63,1.66,86.86,0.73,3.97,Meghna_Bhairab Bazar
2008-07-07,7.49,30.13,25.33,2.65,89.99,0.72,2.55,Meghna_Bhairab Bazar
2008-07-08,15.18,29.86,25.04,2.54,90.31,0.74,2.2,Meghna_Bhairab Bazar
2008-07-09,21.66,30.54,25.01,2.62,89.36,0.74,3.15,Meghna_Bhairab Bazar
2008-07-10,21.22,30.63,25.02,2.87,91.08,0.77,2.11,Meghna_Bhairab Bazar
2008-07-11,9.52,29.67,25.28,3.02,92.07,0.77,1.67,Meghna_Bhairab Bazar
2008-07-12,10.52,32.1,24.65,2.62,88.83,0.77,3.56,Meghna_Bhairab Bazar
2008-07-13,11.03,29.82,25.85,2.65,91.63,0.78,1.74,Meghna_Bhairab Bazar
2008-07-14,44.08,30.65,25.96,3.36,92.19,0.8,1.72,Meghna_Bhairab Bazar
2008-07-15,32.8,31.13,25.97,3.07,89.84,0.84,2.75,Meghna_Bhairab Bazar
2008-07-16,5.12,31.86,25.15,2.88,88.63,0.84,3.93,Meghna_Bhairab Bazar
2008-07-17,1.01,32.7,25.6,2.26,88.14,0.82,4.44,Meghna_Bhairab Bazar
2008-07-18,1.56,31.95,25.99,1.39,88.72,0.81,3.42,Meghna_Bhairab Bazar
2008-07-19,1.51,30.86,24.6,3.26,89.81,0.81,2.91,Meghna_Bhairab Bazar
2008-07-20,3.84,31.65,24.52,3.61,88.27,0.8,4.48,Meghna_Bhairab Bazar
2008-07-21,4.19,31.73,24.74,3.21,87.45,0.79,5.1,Meghna_Bhairab Bazar
2008-07-22,1.35,30.78,25.75,3.12,89.27,0.78,3.12,Meghna_Bhairab Bazar
2008-07-23,1.38,30.46,25.71,2.65,90.57,0.78,2.64,Meghna_Bhairab Bazar
2008-07-24,0.13,32.09,25.93,1.08,85.61,0.77,3.58,Meghna_Bhairab Bazar
2008-07-25,0.53,31.49,26.43,2.14,89.83,0.77,3.59,Meghna_Bhairab Bazar
2008-07-26,9.04,32.61,25.9,2.06,88.6,0.76,3.52,Meghna_Bhairab Bazar
2008-07-27,12.98,30.89,25.57,2.28,88.84,0.77,2.95,Meghna_Bhairab Bazar
2008-07-28,3.81,31.94,25.71,3.03,88.91,0.77,4.61,Meghna_Bhairab Bazar
2008-07-29,0.18,31.98,25.14,2.37,88.3,0.76,4.43,Meghna_Bhairab Bazar
2008-07-30,0.75,31.95,24.87,2.61,87.64,0.75,5.72,Meghna_Bhairab Bazar
2008-07-31,0.53,31.43,25.48,2.38,88.73,0.74,4.11,Meghna_Bhairab Bazar
2008-08-01,0.18,30.69,25.5,1.81,89.87,0.74,2.99,Meghna_Bhairab Bazar
2008-08-02,0.9,29.22,25.24,1.2,90.7,0.73,1.91,Meghna_Bhairab Bazar
2008-08-03,8.84,29.31,25.54,1.8,92.6,0.74,1.35,Meghna_Bhairab Bazar
2008-08-04,4.31,31.84,24.91,1.32,86.3,0.74,4.54,Meghna_Bhairab Bazar
2008-08-05,13.1,29.94,25.65,2.31,90.82,0.74,2.4,Meghna_Bhairab Bazar
2008-08-06,5.48,30.87,25.17,1.82,90.66,0.74,2.55,Meghna_Bhairab Bazar
2008-08-07,3.8,31.37,25.33,1.41,88.06,0.74,3.54,Meghna_Bhairab Bazar
2008-08-08,10.44,33.44,25.77,0.77,82.28,0.74,4.65,Meghna_Bhairab Bazar
2008-08-09,9.74,31.32,26.81,2.21,88.35,0.75,3.52,Meghna_Bhairab Bazar
2008-08-10,15.4,30.83,25.74,3.3,89.98,0.75,3.22,Meghna_Bhairab Bazar
2008-08-11,28.52,30.63,25.57,3.6,92.27,0.77,1.98,Meghna_Bhairab Bazar
2008-08-12,13.44,29.77,25.79,2.85,92.43,0.79,1.74,Meghna_Bhairab Bazar
2008-08-13,9.74,30.8,25.29,2.22,90.88,0.79,2.42,Meghna_Bhairab Bazar
2008-08-14,6.49,30.77,25.47,2.05,90.52,0.79,2.45,Meghna_Bhairab Bazar
2008-08-15,9.28,28.9,25.72,2.26,93.52,0.79,1.11,Meghna_Bhairab Bazar
2008-08-16,16.23,30.54,24.76,2.8,90.35,0.8,3.22,Meghna_Bhairab Bazar
2008-08-17,6.54,30.5,25.66,2.87,89.7,0.8,3.34,Meghna_Bhairab Bazar
2008-08-18,11.79,31.13,25.28,3.01,89.97,0.8,3.55,Meghna_Bhairab Bazar
2008-08-19,13.53,31.52,25.54,2.03,89.9,0.81,3.32,Meghna_Bhairab Bazar
2008-08-20,1.24,31.55,25.11,2.09,88.66,0.8,4.39,Meghna_Bhairab Bazar
2008-08-21,1.53,31.63,25.1,1.82,88.45,0.79,4.79,Meghna_Bhairab Bazar
2008-08-22,1.5,32.41,24.66,1.66,85.7,0.79,6.44,Meghna_Bhairab Bazar
2008-08-23,1.56,32.96,24.71,1.58,84.4,0.77,7.13,Meghna_Bhairab Bazar
2008-08-24,4.4,31.09,25.49,2.26,88.74,0.77,4.42,Meghna_Bhairab Bazar
2008-08-25,1.09,31.65,25.12,2.52,88.53,0.76,5.44,Meghna_Bhairab Bazar
2008-08-26,1.24,29.29,24.86,2.15,89.83,0.76,2.23,Meghna_Bhairab Bazar
2008-08-27,10.73,30.76,24.95,3.28,90.61,0.76,3.43,Meghna_Bhairab Bazar
2008-08-28,42.45,29.55,25.98,2.7,92.68,0.78,1.58,Meghna_Bhairab Bazar
2008-08-29,20.38,29.75,25.53,2.52,92.85,0.82,1.48,Meghna_Bhairab Bazar
2008-08-30,4.4,30.75,25.19,2.23,88.74,0.82,3.7,Meghna_Bhairab Bazar
2008-08-31,0.41,31.09,24.37,1.79,88.09,0.8,4.59,Meghna_Bhairab Bazar
2008-09-01,1.77,30.99,24.62,1.81,88.66,0.79,4.56,Meghna_Bhairab Bazar
2008-09-02,3.77,28.83,25.51,2.11,92.35,0.79,1.48,Meghna_Bhairab Bazar
2008-09-03,4.38,31.15,24.85,2.46,89.45,0.79,5.18,Meghna_Bhairab Bazar
2008-09-04,3.82,28.72,25.25,2.27,94.13,0.79,0.93,Meghna_Bhairab Bazar
2008-09-05,2.14,29.72,24.83,2.16,91.51,0.79,2.69,Meghna_Bhairab Bazar
2008-09-06,0.1,30.19,24.6,1.36,88.65,0.78,3.43,Meghna_Bhairab Bazar
2008-09-07,1.34,31.6,24.34,0.99,83.84,0.77,6.13,Meghna_Bhairab Bazar
2008-09-08,6.57,29.77,25.05,1.5,91.03,0.77,2.45,Meghna_Bhairab Bazar
2008-09-09,1.58,29.82,24.59,1.14,89.6,0.77,2.56,Meghna_Bhairab Bazar
2008-09-10,3.35,32.97,24.35,1.04,83.38,0.76,7.76,Meghna_Bhairab Bazar
2008-09-11,5.36,30.48,24.56,1.0,86.93,0.76,3.16,Meghna_Bhairab Bazar
2008-09-12,1.33,30.21,25.79,0.7,85.42,0.76,3.1,Meghna_Bhairab Bazar
2008-09-13,4.24,29.23,25.27,0.85,90.81,0.76,1.65,Meghna_Bhairab Bazar
2008-09-14,2.6,30.59,24.8,2.01,91.36,0.76,2.75,Meghna_Bhairab Bazar
2008-09-15,6.02,30.78,25.13,1.15,90.08,0.76,2.96,Meghna_Bhairab Bazar
2008-09-16,7.1,29.22,24.83,1.75,92.26,0.77,1.69,Meghna_Bhairab Bazar
2008-09-17,5.01,28.97,25.06,2.35,91.95,0.76,2.34,Meghna_Bhairab Bazar
2008-09-18,11.34,30.8,25.02,1.7,89.74,0.77,3.44,Meghna_Bhairab Bazar
2008-09-19,13.28,30.19,25.14,1.36,90.44,0.78,3.36,Meghna_Bhairab Bazar
2008-09-20,6.27,32.39,24.8,0.81,85.6,0.78,6.64,Meghna_Bhairab Bazar
2008-09-21,12.13,29.81,25.38,0.83,90.48,0.78,1.71,Meghna_Bhairab Bazar
2008-09-22,11.59,28.37,24.52,1.15,92.38,0.79,1.35,Meghna_Bhairab Bazar
2008-09-23,3.83,28.94,24.31,1.37,91.91,0.79,1.69,Meghna_Bhairab Bazar
2008-09-24,4.63,31.63,24.47,0.89,84.65,0.79,6.07,Meghna_Bhairab Bazar
2008-09-25,1.38,31.46,25.34,0.81,83.28,0.78,6.26,Meghna_Bhairab Bazar
2008-09-26,5.03,30.81,25.54,0.64,85.31,0.78,2.15,Meghna_Bhairab Bazar
2008-09-27,3.7,31.82,24.86,2.33,89.18,0.78,4.62,Meghna_Bhairab Bazar
2008-09-28,3.29,30.74,24.58,2.72,90.48,0.78,4.03,Meghna_Bhairab Bazar
2008-09-29,0.4,31.08,24.34,1.64,86.54,0.77,5.76,Meghna_Bhairab Bazar
2008-09-30,0.0,30.88,23.76,0.56,81.14,0.76,6.62,Meghna_Bhairab Bazar
2008-10-01,0.57,32.51,24.2,1.12,83.28,0.75,7.43,Meghna_Bhairab Bazar
2008-10-02,3.97,28.03,24.99,0.92,89.61,0.75,1.61,Meghna_Bhairab Bazar
2008-10-03,3.15,30.39,23.05,0.82,84.03,0.75,6.24,Meghna_Bhairab Bazar
2008-10-04,5.4,29.44,24.46,0.94,87.91,0.75,3.26,Meghna_Bhairab Bazar
2008-10-05,9.34,28.68,24.37,0.93,90.29,0.75,2.03,Meghna_Bhairab Bazar
2008-10-06,12.09,28.13,23.46,1.27,92.92,0.77,1.42,Meghna_Bhairab Bazar
2008-10-07,4.77,28.73,22.99,1.41,90.43,0.76,3.11,Meghna_Bhairab Bazar
2008-10-08,7.22,28.83,23.32,1.35,88.41,0.76,3.02,Meghna_Bhairab Bazar
2008-10-09,10.91,29.26,22.84,1.03,89.31,0.77,2.58,Meghna_Bhairab Bazar
2008-10-10,3.03,29.94,23.41,0.98,85.1,0.77,4.85,Meghna_Bhairab Bazar
2008-10-11,0.0,30.68,23.29,0.81,79.43,0.76,7.18,Meghna_Bhairab Bazar
2008-10-12,0.0,31.35,22.57,0.88,81.91,0.75,8.07,Meghna_Bhairab Bazar
2008-10-13,0.0,31.73,23.46,0.83,81.81,0.74,8.36,Meghna_Bhairab Bazar
2008-10-14,0.0,31.69,23.66,0.93,80.18,0.73,8.2,Meghna_Bhairab Bazar
2008-10-15,0.0,31.37,22.87,1.12,81.35,0.72,7.74,Meghna_Bhairab Bazar
2008-10-16,0.0,31.61,22.83,1.11,81.39,0.72,8.12,Meghna_Bhairab Bazar
2008-10-17,0.0,31.48,22.41,0.93,79.26,0.71,8.3,Meghna_Bhairab Bazar
2008-10-18,0.0,30.95,22.62,1.12,76.57,0.7,7.26,Meghna_Bhairab Bazar
2008-10-19,0.0,31.04,22.4,1.15,78.24,0.69,7.32,Meghna_Bhairab Bazar
2008-10-20,0.0,31.31,22.36,0.87,79.47,0.68,7.87,Meghna_Bhairab Bazar
2008-10-21,0.01,31.42,21.96,1.27,82.06,0.67,6.99,Meghna_Bhairab Bazar
2008-10-22,0.04,31.28,21.97,1.39,83.87,0.67,6.3,Meghna_Bhairab Bazar
2008-10-23,0.34,31.09,21.87,1.07,78.58,0.66,5.83,Meghna_Bhairab Bazar
2008-10-24,2.38,28.39,23.68,0.74,85.06,0.66,2.23,Meghna_Bhairab Bazar
2008-10-25,33.51,26.51,21.68,3.06,91.34,0.67,1.73,Meghna_Bhairab Bazar
2008-10-26,64.08,21.81,19.81,4.35,94.62,0.75,0.28,Meghna_Bhairab Bazar
2008-10-27,24.97,28.17,19.18,5.03,91.6,0.79,1.96,Meghna_Bhairab Bazar
2008-10-28,0.14,27.59,18.79,1.39,85.4,0.78,5.31,Meghna_Bhairab Bazar
2008-10-29,0.0,29.0,17.98,0.74,81.78,0.77,6.8,Meghna_Bhairab Bazar
2008-10-30,0.0,29.11,20.2,1.02,82.92,0.76,6.06,Meghna_Bhairab Bazar
2008-10-31,0.0,29.5,20.38,1.14,81.86,0.75,6.38,Meghna_Bhairab Bazar
2008-11-01,0.0,29.91,20.43,0.94,81.67,0.74,6.72,Meghna_Bhairab Bazar
2008-11-02,0.0,29.61,20.41,0.52,76.99,0.73,6.97,Meghna_Bhairab Bazar
2008-11-03,0.01,29.93,21.0,0.72,75.44,0.72,7.37,Meghna_Bhairab Bazar
2008-11-04,0.0,28.99,19.49,0.95,75.43,0.72,6.71,Meghna_Bhairab Bazar
2008-11-05,0.09,28.68,19.53,0.93,74.15,0.71,6.54,Meghna_Bhairab Bazar
2008-11-06,0.01,28.58,18.82,1.32,84.94,0.7,5.67,Meghna_Bhairab Bazar
2008-11-07,0.0,29.06,16.64,1.52,84.05,0.7,5.59,Meghna_Bhairab Bazar
2008-11-08,0.0,27.97,15.36,1.61,80.44,0.69,5.15,Meghna_Bhairab Bazar
2008-11-09,0.0,28.09,15.86,1.29,78.45,0.68,5.12,Meghna_Bhairab Bazar
2008-11-10,0.0,28.46,17.78,0.76,75.33,0.68,5.47,Meghna_Bhairab Bazar
2008-11-11,0.0,28.83,18.5,0.54,71.14,0.67,5.38,Meghna_Bhairab Bazar
2008-11-12,0.0,28.07,17.86,0.71,71.02,0.66,5.38,Meghna_Bhairab Bazar
2008-11-13,0.0,27.49,16.6,0.98,74.18,0.66,4.49,Meghna_Bhairab Bazar
2008-11-14,0.0,27.67,16.35,1.15,77.16,0.65,4.07,Meghna_Bhairab Bazar
2008-11-15,0.0,27.35,16.42,1.09,79.71,0.65,4.18,Meghna_Bhairab Bazar
2008-11-16,0.0,27.71,17.86,1.03,77.88,0.64,4.22,Meghna_Bhairab Bazar
2008-11-17,0.0,27.23,17.01,1.21,79.31,0.64,3.65,Meghna_Bhairab Bazar
2008-11-18,0.0,27.41,15.42,1.34,77.94,0.63,3.6,Meghna_Bhairab Bazar
2008-11-19,0.0,27.33,15.19,1.28,76.3,0.63,3.35,Meghna_Bhairab Bazar
2008-11-20,0.0,27.34,16.19,1.09,75.05,0.62,3.29,Meghna_Bhairab Bazar
2008-11-21,0.0,28.47,17.3,0.83,72.92,0.62,3.46,Meghna_Bhairab Bazar
2008-11-22,0.0,27.85,16.9,1.35,81.69,0.61,2.67,Meghna_Bhairab Bazar
2008-11-23,0.0,27.13,15.77,1.29,80.41,0.61,2.85,Meghna_Bhairab Bazar
2008-11-24,0.0,27.13,15.45,0.76,74.34,0.61,3.15,Meghna_Bhairab Bazar
2008-11-25,0.0,26.99,15.23,1.02,70.13,0.6,2.86,Meghna_Bhairab Bazar
2008-11-26,0.06,27.67,14.96,1.08,73.92,0.6,2.77,Meghna_Bhairab Bazar
2008-11-27,0.0,27.9,14.32,1.09,71.62,0.59,2.94,Meghna_Bhairab Bazar
2008-11-28,0.0,28.65,15.94,0.82,70.63,0.59,3.04,Meghna_Bhairab Bazar
2008-11-29,0.0,28.3,16.75,0.97,73.32,0.58,2.68,Meghna_Bhairab Bazar
2008-11-30,0.0,28.92,16.53,0.94,74.43,0.58,2.6,Meghna_Bhairab Bazar
2008-12-01,0.0,28.77,17.69,0.82,76.17,0.58,2.39,Meghna_Bhairab Bazar
2008-12-02,0.0,27.17,17.35,0.82,78.08,0.57,2.31,Meghna_Bhairab Bazar
2008-12-03,0.0,27.08,17.42,0.75,72.86,0.57,2.14,Meghna_Bhairab Bazar
2008-12-04,0.0,27.87,16.54,1.18,75.84,0.57,2.07,Meghna_Bhairab Bazar
2008-12-05,0.0,28.69,16.42,1.02,75.81,0.56,2.17,Meghna_Bhairab Bazar
2008-12-06,0.0,28.91,16.97,0.78,72.91,0.56,2.22,Meghna_Bhairab Bazar
2008-12-07,0.0,28.13,17.09,0.7,71.87,0.55,2.09,Meghna_Bhairab Bazar
2008-12-08,0.0,28.85,16.68,1.28,76.04,0.55,2.01,Meghna_Bhairab Bazar
2008-12-09,0.08,28.43,16.46,0.87,74.54,0.55,2.01,Meghna_Bhairab Bazar
2008-12-10,0.04,27.6,18.29,0.74,72.18,0.54,1.65,Meghna_Bhairab Bazar
2008-12-11,0.0,28.61,17.11,0.9,74.91,0.54,1.72,Meghna_Bhairab Bazar
2008-12-12,0.0,27.68,17.3,1.18,78.34,0.54,1.38,Meghna_Bhairab Bazar
2008-12-13,0.0,27.03,15.35,1.34,74.83,0.54,1.34,Meghna_Bhairab Bazar
2008-12-14,0.0,26.71,14.18,1.4,74.78,0.53,1.25,Meghna_Bhairab Bazar
2008-12-15,0.0,26.26,15.59,0.98,70.41,0.53,1.19,Meghna_Bhairab Bazar
2008-12-16,0.0,26.13,13.03,1.16,71.96,0.53,1.36,Meghna_Bhairab Bazar
2008-12-17,0.0,26.49,12.15,1.25,73.16,0.53,1.29,Meghna_Bhairab Bazar
2008-12-18,0.0,26.46,12.99,0.92,71.27,0.52,1.42,Meghna_Bhairab Bazar
2008-12-19,0.0,25.59,13.6,0.88,72.46,0.52,1.06,Meghna_Bhairab Bazar
2008-12-20,0.0,26.89,15.17,0.73,72.53,0.52,1.24,Meghna_Bhairab Bazar
2008-12-21,0.0,25.01,15.76,0.9,76.04,0.52,0.86,Meghna_Bhairab Bazar
2008-12-22,0.0,25.47,16.0,0.85,76.98,0.51,0.93,Meghna_Bhairab Bazar
2008-12-23,0.0,25.94,15.87,0.95,75.95,0.51,1.06,Meghna_Bhairab Bazar
2008-12-24,0.0,25.14,15.98,0.96,73.62,0.51,0.89,Meghna_Bhairab Bazar
2008-12-25,0.0,26.69,13.63,1.02,74.62,0.51,1.1,Meghna_Bhairab Bazar
2008-12-26,0.0,26.34,14.31,1.07,71.15,0.51,1.0,Meghna_Bhairab Bazar
2008-12-27,0.0,24.21,13.34,0.92,70.24,0.5,0.66,Meghna_Bhairab Bazar
2008-12-28,0.0,24.9,13.15,1.2,66.79,0.5,0.79,Meghna_Bhairab Bazar
2008-12-29,0.0,26.03,13.56,1.11,65.98,0.5,0.93,Meghna_Bhairab Bazar
2008-12-30,0.0,25.91,13.07,1.29,69.38,0.5,0.89,Meghna_Bhairab Bazar
2008-12-31,3.32,26.44,13.53,1.03,67.93,0.5,1.0,Meghna_Bhairab Bazar
2009-01-01,0.0,26.06,13.27,1.21,66.24,0.5,0.91,Meghna_Bhairab Bazar
2009-01-02,0.0,25.97,12.74,1.43,64.71,0.49,0.84,Meghna_Bhairab Bazar
2009-01-03,0.0,25.16,10.55,1.43,64.62,0.49,0.84,Meghna_Bhairab Bazar
2009-01-04,0.0,25.31,12.06,1.06,64.63,0.49,0.82,Meghna_Bhairab Bazar
2009-01-05,0.0,26.2,12.33,1.03,61.89,0.49,0.8,Meghna_Bhairab Bazar
2009-01-06,0.0,26.64,11.59,1.24,62.04,0.48,0.76,Meghna_Bhairab Bazar
2009-01-07,0.0,26.65,11.97,1.44,66.79,0.48,0.71,Meghna_Bhairab Bazar
2009-01-08,0.0,28.04,14.18,1.26,64.22,0.48,0.79,Meghna_Bhairab Bazar
2009-01-09,0.0,28.2,14.46,1.24,67.05,0.48,0.79,Meghna_Bhairab Bazar
2009-01-10,0.0,27.37,14.15,1.32,67.81,0.47,0.77,Meghna_Bhairab Bazar
2009-01-11,0.0,26.93,14.27,1.49,65.21,0.47,0.7,Meghna_Bhairab Bazar
2009-01-12,0.0,26.54,13.95,1.46,65.77,0.47,0.68,Meghna_Bhairab Bazar
2009-01-13,0.0,26.57,12.18,1.25,65.55,0.47,0.69,Meghna_Bhairab Bazar
2009-01-14,0.0,26.76,13.28,0.9,60.52,0.47,0.68,Meghna_Bhairab Bazar
2009-01-15,0.0,27.53,13.41,0.99,58.16,0.46,0.69,Meghna_Bhairab Bazar
2009-01-16,0.0,27.27,13.18,1.02,58.08,0.46,0.67,Meghna_Bhairab Bazar
2009-01-17,0.0,27.38,12.61,1.07,60.34,0.46,0.67,Meghna_Bhairab Bazar
2009-01-18,0.0,27.56,13.23,1.17,61.29,0.46,0.63,Meghna_Bhairab Bazar
2009-01-19,0.0,27.52,12.99,1.29,65.29,0.46,0.6,Meghna_Bhairab Bazar
2009-01-20,0.0,26.55,13.69,1.11,62.94,0.45,0.51,Meghna_Bhairab Bazar
2009-01-21,0.0,26.98,13.58,1.26,62.72,0.45,0.5,Meghna_Bhairab Bazar
2009-01-22,0.0,25.59,14.08,1.06,64.01,0.45,0.46,Meghna_Bhairab Bazar
2009-01-23,0.0,26.04,12.95,1.07,65.96,0.45,0.42,Meghna_Bhairab Bazar
2009-01-24,0.0,27.15,13.76,0.97,64.38,0.45,0.45,Meghna_Bhairab Bazar
2009-01-25,0.0,27.37,14.36,1.18,67.53,0.44,0.41,Meghna_Bhairab Bazar
2009-01-26,0.0,28.33,14.7,1.88,77.57,0.44,0.41,Meghna_Bhairab Bazar
2009-01-27,0.0,29.2,15.84,1.77,77.77,0.44,0.44,Meghna_Bhairab Bazar
2009-01-28,0.0,29.33,16.24,1.67,69.14,0.44,0.48,Meghna_Bhairab Bazar
2009-01-29,0.0,28.96,14.01,1.6,55.67,0.44,0.54,Meghna_Bhairab Bazar
2009-01-30,0.0,28.48,12.45,1.29,53.87,0.43,0.52,Meghna_Bhairab Bazar
2009-01-31,0.0,27.86,14.87,1.24,56.77,0.43,0.44,Meghna_Bhairab Bazar
2009-02-01,0.46,28.32,13.93,1.33,54.67,0.43,0.43,Meghna_Bhairab Bazar
2009-02-02,0.0,27.49,12.23,1.33,49.61,0.43,0.47,Meghna_Bhairab Bazar
2009-02-03,0.0,28.24,11.9,1.37,54.29,0.43,0.43,Meghna_Bhairab Bazar
2009-02-04,0.0,28.16,13.61,1.26,51.51,0.42,0.4,Meghna_Bhairab Bazar
2009-02-05,0.0,29.27,13.07,1.19,52.15,0.42,0.42,Meghna_Bhairab Bazar
2009-02-06,0.0,30.63,14.36,1.34,52.26,0.42,0.42,Meghna_Bhairab Bazar
2009-02-07,1.06,30.39,13.91,1.21,50.76,0.42,0.44,Meghna_Bhairab Bazar
2009-02-08,0.0,30.52,14.13,1.37,51.21,0.42,0.41,Meghna_Bhairab Bazar
2009-02-09,1.7,30.18,15.18,1.36,51.81,0.42,0.4,Meghna_Bhairab Bazar
2009-02-10,0.0,30.99,15.92,1.16,50.18,0.42,0.43,Meghna_Bhairab Bazar
2009-02-11,0.0,31.65,16.62,1.17,47.66,0.41,0.41,Meghna_Bhairab Bazar
2009-02-12,0.34,30.13,17.36,1.4,51.34,0.41,0.3,Meghna_Bhairab Bazar
2009-02-13,0.0,29.58,16.39,1.49,54.88,0.41,0.32,Meghna_Bhairab Bazar
2009-02-14,0.0,30.16,14.13,1.63,49.31,0.41,0.35,Meghna_Bhairab Bazar
2009-02-15,0.0,31.36,15.43,1.56,51.22,0.41,0.32,Meghna_Bhairab Bazar
2009-02-16,0.0,30.84,14.29,1.69,46.42,0.4,0.3,Meghna_Bhairab Bazar
2009-02-17,0.0,31.74,14.77,1.54,44.31,0.4,0.31,Meghna_Bhairab Bazar
2009-02-18,0.0,32.44,15.43,1.46,44.2,0.4,0.3,Meghna_Bhairab Bazar
2009-02-19,0.0,31.88,16.09,1.47,43.42,0.4,0.27,Meghna_Bhairab Bazar
2009-02-20,0.0,32.44,15.15,1.56,40.9,0.39,0.27,Meghna_Bhairab Bazar
2009-02-21,0.0,31.0,16.06,1.57,37.55,0.39,0.23,Meghna_Bhairab Bazar
2009-02-22,0.0,31.78,13.51,2.08,42.24,0.39,0.22,Meghna_Bhairab Bazar
2009-02-23,0.0,32.28,13.85,1.55,47.77,0.39,0.21,Meghna_Bhairab Bazar
2009-02-24,0.0,32.7,14.57,2.22,56.27,0.39,0.18,Meghna_Bhairab Bazar
2009-02-25,1.58,33.88,18.72,3.06,72.29,0.38,0.19,Meghna_Bhairab Bazar
2009-02-26,1.64,33.38,20.44,2.3,66.05,0.39,0.21,Meghna_Bhairab Bazar
2009-02-27,0.0,34.74,17.69,1.96,54.75,0.38,0.22,Meghna_Bhairab Bazar
2009-02-28,0.03,34.49,18.63,1.95,52.54,0.38,0.21,Meghna_Bhairab Bazar
2009-03-01,0.0,33.2,16.27,1.62,37.35,0.38,0.19,Meghna_Bhairab Bazar
2009-03-02,0.0,32.36,13.79,1.58,31.25,0.38,0.17,Meghna_Bhairab Bazar
2009-03-03,0.0,32.91,14.14,1.53,42.26,0.37,0.14,Meghna_Bhairab Bazar
2009-03-04,0.02,33.66,18.58,1.91,60.28,0.37,0.13,Meghna_Bhairab Bazar
2009-03-05,0.6,34.16,18.16,2.69,66.43,0.37,0.12,Meghna_Bhairab Bazar
2009-03-06,5.83,34.53,20.89,2.11,64.03,0.38,0.15,Meghna_Bhairab Bazar
2009-03-07,0.0,34.95,19.46,1.81,58.15,0.38,0.16,Meghna_Bhairab Bazar
2009-03-08,0.0,35.68,17.7,1.63,44.98,0.37,0.16,Meghna_Bhairab Bazar
2009-03-09,0.0,36.27,19.25,0.73,36.61,0.37,0.14,Meghna_Bhairab Bazar
2009-03-10,0.0,36.63,22.15,1.31,38.62,0.37,0.11,Meghna_Bhairab Bazar
2009-03-11,0.0,36.2,22.39,1.61,37.3,0.37,0.12,Meghna_Bhairab Bazar
2009-03-12,0.0,35.34,19.7,1.89,30.98,0.36,0.1,Meghna_Bhairab Bazar
2009-03-13,0.0,36.18,15.58,1.69,30.2,0.36,0.09,Meghna_Bhairab Bazar
2009-03-14,0.0,36.09,15.85,1.42,35.4,0.36,0.06,Meghna_Bhairab Bazar
2009-03-15,0.0,36.31,19.14,1.26,33.61,0.36,0.06,Meghna_Bhairab Bazar
2009-03-16,0.0,31.36,20.39,0.68,37.29,0.36,0.03,Meghna_Bhairab Bazar
2009-03-17,0.0,35.83,20.35,0.99,31.65,0.35,0.05,Meghna_Bhairab Bazar
2009-03-18,0.0,36.35,19.2,0.86,45.27,0.35,0.04,Meghna_Bhairab Bazar
2009-03-19,0.0,37.04,21.19,1.36,44.63,0.35,0.04,Meghna_Bhairab Bazar
2009-03-20,0.0,36.94,20.2,1.86,48.76,0.35,0.03,Meghna_Bhairab Bazar
2009-03-21,0.0,37.79,19.71,1.15,50.66,0.35,0.03,Meghna_Bhairab Bazar
2009-03-22,0.01,35.55,21.02,0.98,48.64,0.34,0.02,Meghna_Bhairab Bazar
2009-03-23,0.0,36.87,21.95,1.58,40.84,0.34,0.02,Meghna_Bhairab Bazar
2009-03-24,0.0,37.81,21.15,1.66,33.02,0.34,0.02,Meghna_Bhairab Bazar
2009-03-25,0.0,37.8,20.41,1.04,31.58,0.34,0.01,Meghna_Bhairab Bazar
2009-03-26,0.0,37.02,20.95,1.06,44.51,0.34,0.01,Meghna_Bhairab Bazar
2009-03-27,3.04,33.5,21.27,1.17,56.0,0.34,0.01,Meghna_Bhairab Bazar
2009-03-28,0.44,31.44,23.28,0.89,55.63,0.34,0.01,Meghna_Bhairab Bazar
2009-03-29,5.95,35.03,20.88,2.38,54.52,0.34,0.02,Meghna_Bhairab Bazar
2009-03-30,6.14,32.03,22.3,1.95,67.52,0.36,0.03,Meghna_Bhairab Bazar
2009-03-31,7.0,34.31,23.06,3.13,69.77,0.36,0.06,Meghna_Bhairab Bazar
2009-04-01,9.69,32.48,22.86,2.72,72.53,0.38,0.15,Meghna_Bhairab Bazar
2009-04-02,6.39,34.39,21.85,1.81,64.3,0.38,0.23,Meghna_Bhairab Bazar
2009-04-03,8.85,33.08,22.23,1.58,65.97,0.39,0.3,Meghna_Bhairab Bazar
2009-04-04,9.71,34.65,22.5,2.11,68.05,0.4,0.41,Meghna_Bhairab Bazar
2009-04-05,0.06,37.28,23.8,2.83,62.06,0.4,0.4,Meghna_Bhairab Bazar
2009-04-06,1.05,35.82,23.73,1.87,62.57,0.4,0.35,Meghna_Bhairab Bazar
2009-04-07,0.06,37.0,23.74,1.8,59.08,0.39,0.34,Meghna_Bhairab Bazar
2009-04-08,0.37,38.67,23.49,2.2,57.01,0.39,0.31,Meghna_Bhairab Bazar
2009-04-09,1.43,38.11,24.85,1.61,53.88,0.39,0.3,Meghna_Bhairab Bazar
2009-04-10,0.08,38.13,22.78,1.44,42.72,0.39,0.3,Meghna_Bhairab Bazar
2009-04-11,1.48,38.11,23.93,1.86,46.73,0.38,0.27,Meghna_Bhairab Bazar
2009-04-12,0.0,38.65,22.35,1.48,48.95,0.38,0.24,Meghna_Bhairab Bazar
2009-04-13,0.0,38.38,23.14,0.91,43.72,0.38,0.23,Meghna_Bhairab Bazar
2009-04-14,0.0,39.41,22.67,0.9,39.98,0.37,0.22,Meghna_Bhairab Bazar
2009-04-15,0.0,38.63,23.69,2.09,49.41,0.37,0.16,Meghna_Bhairab Bazar
2009-04-16,0.73,37.38,24.44,1.91,61.01,0.37,0.16,Meghna_Bhairab Bazar
2009-04-17,6.71,32.19,24.73,2.32,74.59,0.38,0.11,Meghna_Bhairab Bazar
2009-04-18,0.68,37.98,23.6,3.48,66.1,0.38,0.24,Meghna_Bhairab Bazar
2009-04-19,1.72,38.91,25.74,4.12,64.63,0.38,0.22,Meghna_Bhairab Bazar
2009-04-20,3.75,37.33,25.82,3.9,66.92,0.38,0.21,Meghna_Bhairab Bazar
2009-04-21,14.53,35.24,24.84,3.45,71.3,0.39,0.29,Meghna_Bhairab Bazar
2009-04-22,2.32,37.93,26.32,4.78,67.81,0.4,0.39,Meghna_Bhairab Bazar
2009-04-23,1.49,38.45,26.98,4.08,64.4,0.39,0.35,Meghna_Bhairab Bazar
2009-04-24,0.47,39.49,25.82,2.27,55.03,0.39,0.35,Meghna_Bhairab Bazar
2009-04-25,0.0,39.59,22.74,1.3,48.91,0.39,0.32,Meghna_Bhairab Bazar
2009-04-26,0.0,40.37,22.91,1.25,45.33,0.38,0.3,Meghna_Bhairab Bazar
2009-04-27,0.0,40.33,24.3,1.63,48.78,0.38,0.25,Meghna_Bhairab Bazar
2009-04-28,0.0,39.05,24.42,2.66,59.55,0.38,0.19,Meghna_Bhairab Bazar
2009-04-29,0.0,38.74,23.91,2.77,61.48,0.37,0.19,Meghna_Bhairab Bazar
2009-04-30,2.38,37.14,25.04,3.19,63.85,0.37,0.14,Meghna_Bhairab Bazar
2009-05-01,12.52,34.98,24.78,2.74,70.74,0.39,0.14,Meghna_Bhairab Bazar
2009-05-02,15.97,30.45,24.84,1.67,81.1,0.41,0.15,Meghna_Bhairab Bazar
2009-05-03,15.15,32.71,23.95,1.59,76.8,0.43,0.61,Meghna_Bhairab Bazar
2009-05-04,4.48,32.62,24.5,1.67,76.18,0.44,0.45,Meghna_Bhairab Bazar
2009-05-05,2.69,34.32,25.17,1.42,69.31,0.44,0.68,Meghna_Bhairab Bazar
2009-05-06,8.0,33.98,24.78,2.01,72.67,0.45,0.75,Meghna_Bhairab Bazar
2009-05-07,0.63,35.9,25.28,3.02,70.07,0.44,0.88,Meghna_Bhairab Bazar
2009-05-08,0.04,37.69,25.29,2.87,62.32,0.44,0.96,Meghna_Bhairab Bazar
2009-05-09,1.09,38.17,25.39,3.51,65.17,0.43,0.83,Meghna_Bhairab Bazar
2009-05-10,7.45,34.91,25.37,2.88,72.5,0.44,0.7,Meghna_Bhairab Bazar
2009-05-11,11.04,34.5,25.26,1.45,70.68,0.45,0.8,Meghna_Bhairab Bazar
2009-05-12,0.54,35.33,25.2,0.9,61.25,0.45,0.88,Meghna_Bhairab Bazar
2009-05-13,2.08,33.43,24.97,1.17,65.18,0.45,0.62,Meghna_Bhairab Bazar
2009-05-14,12.41,31.38,24.09,1.61,75.88,0.47,0.62,Meghna_Bhairab Bazar
2009-05-15,0.34,34.49,25.14,1.21,68.39,0.46,1.08,Meghna_Bhairab Bazar
2009-05-16,8.11,34.15,25.12,2.03,70.83,0.47,0.99,Meghna_Bhairab Bazar
2009-05-17,6.92,34.61,24.79,2.14,70.45,0.47,1.28,Meghna_Bhairab Bazar
2009-05-18,48.83,32.54,25.43,2.86,82.65,0.52,1.34,Meghna_Bhairab Bazar
2009-05-19,7.79,33.32,25.32,2.29,79.69,0.55,2.74,Meghna_Bhairab Bazar
2009-05-20,2.02,34.76,24.86,1.41,72.56,0.54,2.86,Meghna_Bhairab Bazar
2009-05-21,0.08,37.35,25.37,0.88,64.84,0.53,3.4,Meghna_Bhairab Bazar
2009-05-22,0.03,38.25,25.99,0.64,61.81,0.52,3.61,Meghna_Bhairab Bazar
2009-05-23,0.8,37.59,26.87,1.3,61.2,0.51,2.71,Meghna_Bhairab Bazar
2009-05-24,16.91,32.49,25.71,1.69,77.14,0.51,0.92,Meghna_Bhairab Bazar
2009-05-25,27.73,30.62,25.54,4.93,83.85,0.55,1.3,Meghna_Bhairab Bazar
2009-05-26,35.48,31.68,26.43,5.75,85.84,0.59,2.1,Meghna_Bhairab Bazar
2009-05-27,10.25,33.29,25.8,1.57,80.87,0.61,3.59,Meghna_Bhairab Bazar
2009-05-28,0.01,32.84,25.79,1.89,79.61,0.6,3.74,Meghna_Bhairab Bazar
2009-05-29,9.18,32.98,24.84,1.45,80.92,0.59,3.18,Meghna_Bhairab Bazar
2009-05-30,21.76,32.59,26.02,1.88,83.19,0.62,3.28,Meghna_Bhairab Bazar
2009-05-31,9.81,30.64,25.74,1.99,85.49,0.62,2.02,Meghna_Bhairab Bazar
2009-06-01,7.82,31.68,25.05,2.59,83.53,0.63,3.42,Meghna_Bhairab Bazar
2009-06-02,12.96,33.01,25.35,2.28,81.93,0.63,4.49,Meghna_Bhairab Bazar
2009-06-03,3.88,33.69,24.8,1.4,79.23,0.63,4.86,Meghna_Bhairab Bazar
2009-06-04,8.53,33.45,25.4,1.49,80.36,0.63,4.75,Meghna_Bhairab Bazar
2009-06-05,29.06,30.89,26.01,1.02,83.93,0.65,2.81,Meghna_Bhairab Bazar
2009-06-06,16.81,31.93,25.55,2.19,84.9,0.66,3.51,Meghna_Bhairab Bazar
2009-06-07,11.88,29.08,25.49,2.92,88.6,0.68,1.49,Meghna_Bhairab Bazar
2009-06-08,18.36,30.75,24.6,1.67,88.3,0.69,1.67,Meghna_Bhairab Bazar
2009-06-09,18.21,32.9,25.78,3.57,87.14,0.71,4.95,Meghna_Bhairab Bazar
2009-06-10,4.71,32.5,25.59,2.72,85.42,0.7,5.65,Meghna_Bhairab Bazar
2009-06-11,3.0,32.61,24.4,2.06,85.16,0.69,5.77,Meghna_Bhairab Bazar
2009-06-12,7.25,32.53,25.21,2.0,86.13,0.68,5.2,Meghna_Bhairab Bazar
2009-06-13,25.23,30.64,25.81,1.9,90.04,0.7,2.2,Meghna_Bhairab Bazar
2009-06-14,11.63,30.16,25.43,1.98,89.99,0.72,2.09,Meghna_Bhairab Bazar
2009-06-15,7.04,30.66,25.65,2.1,91.13,0.72,1.69,Meghna_Bhairab Bazar
2009-06-16,4.24,32.77,25.13,1.68,85.68,0.72,3.9,Meghna_Bhairab Bazar
2009-06-17,0.05,33.61,25.18,1.24,82.87,0.71,5.89,Meghna_Bhairab Bazar
2009-06-18,0.27,30.79,25.6,1.3,89.39,0.7,2.11,Meghna_Bhairab Bazar
2009-06-19,2.08,33.4,25.73,1.94,85.79,0.7,5.67,Meghna_Bhairab Bazar
2009-06-20,11.5,32.22,25.87,2.72,86.57,0.69,5.1,Meghna_Bhairab Bazar
2009-06-21,7.28,32.27,25.74,2.95,86.99,0.7,5.08,Meghna_Bhairab Bazar
2009-06-22,0.52,32.28,25.86,2.45,88.76,0.69,3.39,Meghna_Bhairab Bazar
2009-06-23,1.53,32.86,26.35,2.14,85.21,0.68,5.21,Meghna_Bhairab Bazar
2009-06-24,11.63,32.15,26.14,1.92,86.92,0.68,3.36,Meghna_Bhairab Bazar
2009-06-25,9.48,32.4,26.12,2.08,88.22,0.69,3.79,Meghna_Bhairab Bazar
2009-06-26,0.81,30.35,25.92,2.41,88.71,0.69,3.07,Meghna_Bhairab Bazar
2009-06-27,11.6,32.93,26.46,2.85,87.95,0.68,4.17,Meghna_Bhairab Bazar
2009-06-28,17.01,30.97,26.43,3.13,90.26,0.7,2.42,Meghna_Bhairab Bazar
2009-06-29,35.74,30.16,26.42,4.06,92.34,0.73,1.58,Meghna_Bhairab Bazar
2009-06-30,64.75,30.26,26.9,3.86,92.78,0.79,1.17,Meghna_Bhairab Bazar
2009-07-01,45.05,30.03,26.98,2.87,90.83,0.83,1.64,Meghna_Bhairab Bazar
2009-07-02,34.8,29.2,26.38,2.86,93.33,0.86,0.87,Meghna_Bhairab Bazar
2009-07-03,26.46,29.85,25.76,2.82,91.94,0.88,1.35,Meghna_Bhairab Bazar
2009-07-04,8.72,30.79,25.42,3.23,88.69,0.88,3.58,Meghna_Bhairab Bazar
2009-07-05,2.17,30.01,24.77,2.19,90.72,0.86,2.26,Meghna_Bhairab Bazar
2009-07-06,3.94,31.53,26.04,3.39,89.45,0.86,3.76,Meghna_Bhairab Bazar
2009-07-07,5.0,32.22,25.77,3.61,90.28,0.85,2.81,Meghna_Bhairab Bazar
2009-07-08,2.25,31.61,25.51,3.59,89.65,0.84,3.58,Meghna_Bhairab Bazar
2009-07-09,2.9,31.27,25.43,2.63,89.89,0.84,2.54,Meghna_Bhairab Bazar
2009-07-10,2.49,31.91,25.21,2.71,88.63,0.83,3.67,Meghna_Bhairab Bazar
2009-07-11,1.43,32.63,24.98,2.56,87.65,0.82,4.97,Meghna_Bhairab Bazar
2009-07-12,1.17,32.96,25.74,2.47,86.8,0.81,5.36,Meghna_Bhairab Bazar
2009-07-13,4.55,33.63,25.99,1.6,86.0,0.8,4.98,Meghna_Bhairab Bazar
2009-07-14,5.06,31.76,26.35,1.88,87.55,0.8,3.09,Meghna_Bhairab Bazar
2009-07-15,2.09,33.25,25.69,3.53,86.23,0.79,5.98,Meghna_Bhairab Bazar
2009-07-16,8.43,32.92,26.16,3.07,87.06,0.79,5.14,Meghna_Bhairab Bazar
2009-07-17,0.44,33.01,25.55,2.16,85.54,0.78,6.37,Meghna_Bhairab Bazar
2009-07-18,12.92,32.07,25.99,1.54,88.7,0.77,2.55,Meghna_Bhairab Bazar
2009-07-19,13.03,32.73,25.64,1.93,85.28,0.78,4.8,Meghna_Bhairab Bazar
2009-07-20,0.32,34.08,25.84,2.24,83.37,0.77,6.55,Meghna_Bhairab Bazar
2009-07-21,4.27,31.14,25.53,2.06,89.55,0.76,3.16,Meghna_Bhairab Bazar
2009-07-22,10.72,31.86,26.02,3.41,88.91,0.77,4.46,Meghna_Bhairab Bazar
2009-07-23,2.59,32.88,25.34,2.27,86.59,0.76,6.13,Meghna_Bhairab Bazar
2009-07-24,1.5,32.08,25.74,1.65,86.81,0.75,3.83,Meghna_Bhairab Bazar
2009-07-25,4.33,32.25,26.81,1.7,88.01,0.75,3.97,Meghna_Bhairab Bazar
2009-07-26,10.19,32.48,26.18,1.5,85.52,0.75,4.1,Meghna_Bhairab Bazar
2009-07-27,79.17,30.81,26.43,2.21,90.61,0.79,1.68,Meghna_Bhairab Bazar
2009-07-28,101.3,31.68,26.17,3.58,89.52,0.9,2.98,Meghna_Bhairab Bazar
2009-07-29,27.04,31.91,26.04,2.23,90.11,0.91,2.53,Meghna_Bhairab Bazar
2009-07-30,17.41,30.73,25.89,1.82,88.94,0.91,2.46,Meghna_Bhairab Bazar
2009-07-31,12.02,31.94,26.18,2.28,90.13,0.9,2.74,Meghna_Bhairab Bazar
2009-08-01,1.07,32.39,26.44,1.35,84.31,0.9,4.43,Meghna_Bhairab Bazar
2009-08-02,3.04,33.76,26.64,0.7,80.26,0.89,5.47,Meghna_Bhairab Bazar
2009-08-03,6.12,31.71,27.47,1.07,88.57,0.88,2.22,Meghna_Bhairab Bazar
2009-08-04,13.22,32.02,27.14,2.38,91.14,0.89,2.44,Meghna_Bhairab Bazar
2009-08-05,12.92,32.71,26.99,1.11,87.68,0.89,2.97,Meghna_Bhairab Bazar
2009-08-06,50.96,32.1,27.7,0.59,83.35,0.91,2.09,Meghna_Bhairab Bazar
2009-08-07,22.14,34.01,26.54,0.72,82.56,0.93,5.75,Meghna_Bhairab Bazar
2009-08-08,12.69,30.88,27.08,1.69,92.01,0.92,1.41,Meghna_Bhairab Bazar
2009-08-09,5.29,32.81,26.72,2.3,87.82,0.92,4.37,Meghna_Bhairab Bazar
2009-08-10,2.11,33.05,26.66,2.2,88.74,0.91,4.09,Meghna_Bhairab Bazar
2009-08-11,1.75,32.09,26.03,2.74,89.13,0.9,3.91,Meghna_Bhairab Bazar
2009-08-12,1.54,31.81,25.87,2.71,89.3,0.89,3.68,Meghna_Bhairab Bazar
2009-08-13,6.64,31.23,25.86,2.53,89.89,0.89,3.15,Meghna_Bhairab Bazar
2009-08-14,8.38,29.36,25.83,1.8,91.99,0.89,1.29,Meghna_Bhairab Bazar
2009-08-15,8.28,29.82,25.69,2.68,92.21,0.89,1.91,Meghna_Bhairab Bazar
2009-08-16,8.87,30.43,25.46,2.49,90.05,0.89,2.89,Meghna_Bhairab Bazar
2009-08-17,4.4,31.16,24.95,2.58,88.53,0.89,4.11,Meghna_Bhairab Bazar
2009-08-18,35.78,31.23,24.4,3.05,89.85,0.89,3.56,Meghna_Bhairab Bazar
2009-08-19,21.99,30.6,25.51,2.96,91.48,0.91,2.22,Meghna_Bhairab Bazar
2009-08-20,30.52,28.54,25.0,2.64,93.05,0.92,1.21,Meghna_Bhairab Bazar
2009-08-21,7.66,29.08,24.72,2.62,93.24,0.92,1.37,Meghna_Bhairab Bazar
2009-08-22,6.97,31.17,24.2,1.96,88.16,0.91,3.92,Meghna_Bhairab Bazar
2009-08-23,5.52,30.06,24.81,1.67,89.82,0.91,2.55,Meghna_Bhairab Bazar
2009-08-24,11.51,32.56,25.08,0.99,82.72,0.91,5.43,Meghna_Bhairab Bazar
2009-08-25,5.69,30.97,25.35,1.78,87.29,0.91,3.42,Meghna_Bhairab Bazar
2009-08-26,13.15,30.88,24.58,1.85,86.63,0.9,3.55,Meghna_Bhairab Bazar
2009-08-27,7.55,29.3,24.38,2.72,92.44,0.9,2.01,Meghna_Bhairab Bazar
2009-08-28,3.97,30.93,24.58,1.27,88.1,0.9,3.33,Meghna_Bhairab Bazar
2009-08-29,0.1,32.64,25.74,0.74,81.51,0.89,7.69,Meghna_Bhairab Bazar
2009-08-30,15.14,31.6,25.41,0.75,84.73,0.89,2.98,Meghna_Bhairab Bazar
2009-08-31,14.89,33.15,26.21,0.63,78.93,0.9,6.36,Meghna_Bhairab Bazar
2009-09-01,6.06,33.14,25.92,1.01,82.01,0.9,6.88,Meghna_Bhairab Bazar
2009-09-02,2.84,33.02,25.53,0.87,83.86,0.89,7.77,Meghna_Bhairab Bazar
2009-09-03,7.87,30.71,26.44,2.2,92.31,0.89,2.18,Meghna_Bhairab Bazar
2009-09-04,7.93,29.4,25.7,1.78,92.71,0.89,1.22,Meghna_Bhairab Bazar
2009-09-05,9.01,30.14,25.24,3.05,90.78,0.89,2.16,Meghna_Bhairab Bazar
2009-09-06,8.11,30.8,25.19,2.21,89.65,0.89,2.82,Meghna_Bhairab Bazar
2009-09-07,5.0,32.2,24.94,1.57,87.62,0.89,4.35,Meghna_Bhairab Bazar
2009-09-08,4.97,31.07,25.54,3.35,89.67,0.88,3.27,Meghna_Bhairab Bazar
2009-09-09,5.45,29.72,24.38,2.06,89.46,0.88,3.19,Meghna_Bhairab Bazar
2009-09-10,5.5,29.35,24.25,1.05,89.29,0.88,2.6,Meghna_Bhairab Bazar
2009-09-11,4.72,32.19,23.82,0.65,79.34,0.88,7.33,Meghna_Bhairab Bazar
2009-09-12,0.0,32.78,24.65,0.79,80.91,0.87,8.22,Meghna_Bhairab Bazar
2009-09-13,0.08,33.08,25.39,0.95,81.26,0.86,7.29,Meghna_Bhairab Bazar
2009-09-14,4.22,30.3,25.79,1.16,89.06,0.85,1.82,Meghna_Bhairab Bazar
2009-09-15,9.79,31.76,25.24,1.28,84.23,0.85,5.82,Meghna_Bhairab Bazar
2009-09-16,8.66,31.31,24.64,1.01,86.95,0.85,4.28,Meghna_Bhairab Bazar
2009-09-17,28.2,28.8,25.79,1.06,90.17,0.87,1.9,Meghna_Bhairab Bazar
2009-09-18,8.11,30.55,25.15,1.6,90.81,0.88,2.65,Meghna_Bhairab Bazar
2009-09-19,8.29,29.93,25.27,1.81,89.88,0.88,2.58,Meghna_Bhairab Bazar
2009-09-20,3.5,29.66,24.75,1.96,90.68,0.87,2.93,Meghna_Bhairab Bazar
2009-09-21,14.97,29.85,24.23,2.06,91.74,0.88,2.79,Meghna_Bhairab Bazar
2009-09-22,16.23,28.94,24.26,1.66,92.65,0.89,1.89,Meghna_Bhairab Bazar
2009-09-23,7.06,28.52,24.71,2.12,93.36,0.89,0.92,Meghna_Bhairab Bazar
2009-09-24,5.51,30.65,23.9,1.35,87.28,0.88,4.17,Meghna_Bhairab Bazar
2009-09-25,6.36,29.85,24.77,0.98,88.48,0.88,2.15,Meghna_Bhairab Bazar
2009-09-26,0.01,31.68,24.59,1.07,86.5,0.88,4.39,Meghna_Bhairab Bazar
2009-09-27,0.0,31.23,25.61,1.18,85.44,0.87,2.6,Meghna_Bhairab Bazar
2009-09-28,1.2,29.57,25.27,1.13,88.06,0.87,2.18,Meghna_Bhairab Bazar
2009-09-29,3.88,32.78,25.76,0.76,83.19,0.87,5.37,Meghna_Bhairab Bazar
2009-09-30,1.18,29.62,25.87,1.03,89.36,0.87,2.15,Meghna_Bhairab Bazar
2009-10-01,0.0,32.35,25.63,0.79,82.15,0.86,2.91,Meghna_Bhairab Bazar
2009-10-02,4.36,32.17,25.23,0.83,79.4,0.86,3.5,Meghna_Bhairab Bazar
2009-10-03,12.27,30.65,24.93,1.08,87.34,0.87,2.14,Meghna_Bhairab Bazar
2009-10-04,14.98,28.29,24.95,2.88,93.7,0.87,1.21,Meghna_Bhairab Bazar
2009-10-05,30.27,28.78,24.4,1.39,93.82,0.89,1.08,Meghna_Bhairab Bazar
2009-10-06,12.6,29.85,24.69,1.81,91.93,0.9,2.7,Meghna_Bhairab Bazar
2009-10-07,12.07,29.02,25.38,1.73,94.89,0.9,0.78,Meghna_Bhairab Bazar
2009-10-08,18.47,29.0,25.01,2.31,94.71,0.9,0.86,Meghna_Bhairab Bazar
2009-10-09,9.51,28.25,24.58,1.7,92.37,0.91,1.07,Meghna_Bhairab Bazar
2009-10-10,3.22,29.67,23.21,1.05,83.99,0.91,3.73,Meghna_Bhairab Bazar
2009-10-11,0.24,30.98,22.83,0.54,75.9,0.9,8.47,Meghna_Bhairab Bazar
2009-10-12,0.0,30.88,22.98,1.0,80.74,0.89,6.78,Meghna_Bhairab Bazar
2009-10-13,0.0,31.06,22.34,1.06,83.56,0.88,7.1,Meghna_Bhairab Bazar
2009-10-14,0.0,31.29,22.22,1.01,83.15,0.88,7.43,Meghna_Bhairab Bazar
2009-10-15,0.93,30.35,23.5,0.75,81.8,0.87,5.13,Meghna_Bhairab Bazar
2009-10-16,2.78,30.33,23.99,0.81,85.68,0.87,5.11,Meghna_Bhairab Bazar
2009-10-17,10.21,30.48,23.99,0.91,87.54,0.87,5.06,Meghna_Bhairab Bazar
2009-10-18,3.38,30.83,22.56,0.93,84.14,0.87,5.97,Meghna_Bhairab Bazar
2009-10-19,1.3,30.47,21.48,0.99,82.82,0.86,5.95,Meghna_Bhairab Bazar
2009-10-20,0.0,29.12,19.69,1.04,76.47,0.85,6.28,Meghna_Bhairab Bazar
2009-10-21,0.0,28.95,18.6,1.24,77.49,0.84,5.88,Meghna_Bhairab Bazar
2009-10-22,0.0,30.09,18.8,0.98,77.96,0.84,6.73,Meghna_Bhairab Bazar
2009-10-23,0.0,29.41,19.3,0.94,74.35,0.83,6.98,Meghna_Bhairab Bazar
2009-10-24,0.0,28.82,19.84,0.9,77.86,0.82,6.31,Meghna_Bhairab Bazar
2009-10-25,0.0,28.78,18.97,1.35,84.12,0.81,5.77,Meghna_Bhairab Bazar
2009-10-26,0.0,29.02,19.14,1.22,83.06,0.8,5.9,Meghna_Bhairab Bazar
2009-10-27,0.0,28.99,18.47,1.07,81.35,0.8,5.68,Meghna_Bhairab Bazar
2009-10-28,0.0,28.47,18.53,1.07,82.08,0.79,5.12,Meghna_Bhairab Bazar
2009-10-29,0.0,29.53,18.82,1.0,81.9,0.78,6.52,Meghna_Bhairab Bazar
2009-10-30,0.0,29.24,19.12,1.12,81.37,0.78,6.27,Meghna_Bhairab Bazar
2009-10-31,0.0,28.8,19.0,1.06,81.42,0.77,6.0,Meghna_Bhairab Bazar
2009-11-01,0.0,28.49,19.01,1.17,83.17,0.76,5.54,Meghna_Bhairab Bazar
2009-11-02,0.0,27.69,19.48,1.24,88.32,0.76,3.15,Meghna_Bhairab Bazar
2009-11-03,0.0,28.23,19.9,1.28,88.33,0.75,3.38,Meghna_Bhairab Bazar
2009-11-04,0.0,24.83,20.9,1.73,89.29,0.75,1.74,Meghna_Bhairab Bazar
2009-11-05,0.0,29.8,19.95,0.99,77.84,0.74,5.09,Meghna_Bhairab Bazar
2009-11-06,0.0,30.0,20.42,1.03,78.8,0.74,6.02,Meghna_Bhairab Bazar
2009-11-07,0.0,29.46,20.7,0.99,80.03,0.73,5.82,Meghna_Bhairab Bazar
2009-11-08,0.0,29.0,19.64,1.23,81.19,0.72,5.57,Meghna_Bhairab Bazar
2009-11-09,0.0,28.44,18.16,1.21,76.06,0.72,5.39,Meghna_Bhairab Bazar
2009-11-10,0.0,27.35,17.16,1.06,77.6,0.71,4.36,Meghna_Bhairab Bazar
2009-11-11,0.0,27.37,18.17,1.08,79.14,0.71,4.26,Meghna_Bhairab Bazar
2009-11-12,0.0,28.18,17.99,1.35,80.4,0.7,4.4,Meghna_Bhairab Bazar
2009-11-13,0.0,27.94,18.19,1.3,76.36,0.69,4.53,Meghna_Bhairab Bazar
2009-11-14,0.0,29.11,19.6,0.95,79.26,0.69,4.41,Meghna_Bhairab Bazar
2009-11-15,0.22,29.32,20.78,1.11,84.04,0.68,4.52,Meghna_Bhairab Bazar
2009-11-16,18.91,29.48,21.67,1.07,85.16,0.69,3.6,Meghna_Bhairab Bazar
2009-11-17,15.2,26.98,19.83,1.26,87.82,0.71,2.79,Meghna_Bhairab Bazar
2009-11-18,0.38,25.96,19.35,1.09,87.59,0.71,3.43,Meghna_Bhairab Bazar
2009-11-19,0.24,26.82,19.26,1.29,85.06,0.7,4.43,Meghna_Bhairab Bazar
2009-11-20,0.0,25.73,16.74,1.62,81.05,0.7,4.27,Meghna_Bhairab Bazar
2009-11-21,0.0,25.01,14.47,1.24,79.14,0.69,4.05,Meghna_Bhairab Bazar
2009-11-22,0.0,25.34,13.73,0.71,75.43,0.68,4.25,Meghna_Bhairab Bazar
2009-11-23,0.0,25.9,16.04,0.72,75.55,0.68,4.32,Meghna_Bhairab Bazar
2009-11-24,0.0,25.72,16.52,0.56,70.9,0.67,4.39,Meghna_Bhairab Bazar
2009-11-25,0.0,25.81,15.81,0.89,76.98,0.67,4.05,Meghna_Bhairab Bazar
2009-11-26,0.0,26.4,16.27,0.8,78.56,0.66,4.12,Meghna_Bhairab Bazar
2009-11-27,0.0,26.2,15.74,0.94,77.53,0.66,3.64,Meghna_Bhairab Bazar
2009-11-28,0.0,26.28,14.56,0.96,76.21,0.65,3.7,Meghna_Bhairab Bazar
2009-11-29,0.0,26.35,15.44,0.67,71.11,0.65,3.87,Meghna_Bhairab Bazar
2009-11-30,0.0,26.32,15.31,0.76,71.99,0.65,3.65,Meghna_Bhairab Bazar
2009-12-01,0.0,26.95,16.07,0.56,73.29,0.64,3.73,Meghna_Bhairab Bazar
2009-12-02,0.0,25.93,15.43,0.83,74.54,0.64,3.32,Meghna_Bhairab Bazar
2009-12-03,0.0,26.19,14.21,1.04,75.92,0.63,3.02,Meghna_Bhairab Bazar
2009-12-04,0.0,25.74,16.6,0.48,72.77,0.63,3.03,Meghna_Bhairab Bazar
2009-12-05,0.0,25.89,16.95,0.77,73.2,0.62,3.07,Meghna_Bhairab Bazar
2009-12-06,0.0,25.35,17.09,0.65,77.12,0.62,1.65,Meghna_Bhairab Bazar
2009-12-07,0.0,25.12,15.68,0.79,73.03,0.62,1.93,Meghna_Bhairab Bazar
2009-12-08,0.0,25.13,13.5,1.22,76.11,0.61,1.9,Meghna_Bhairab Bazar
2009-12-09,0.0,24.91,12.94,1.14,74.28,0.61,1.93,Meghna_Bhairab Bazar
2009-12-10,0.0,23.78,13.09,1.02,72.21,0.61,1.76,Meghna_Bhairab Bazar
2009-12-11,0.0,23.39,12.1,0.9,78.23,0.61,1.78,Meghna_Bhairab Bazar
2009-12-12,0.0,24.38,12.27,1.0,79.22,0.6,2.06,Meghna_Bhairab Bazar
2009-12-13,0.0,25.27,13.04,0.81,74.32,0.6,2.24,Meghna_Bhairab Bazar
2009-12-14,0.0,25.57,13.97,0.84,71.78,0.6,2.16,Meghna_Bhairab Bazar
2009-12-15,0.0,25.33,12.91,1.27,73.38,0.59,1.9,Meghna_Bhairab Bazar
2009-12-16,0.0,26.09,14.9,0.92,74.78,0.59,1.94,Meghna_Bhairab Bazar
2009-12-17,0.0,26.26,15.94,1.06,69.94,0.59,1.69,Meghna_Bhairab Bazar
2009-12-18,0.0,26.39,14.68,1.28,74.31,0.58,1.83,Meghna_Bhairab Bazar
2009-12-19,9.92,25.99,16.8,1.18,78.09,0.58,1.54,Meghna_Bhairab Bazar
2009-12-20,0.15,25.41,14.23,1.69,79.45,0.59,1.88,Meghna_Bhairab Bazar
2009-12-21,0.0,24.95,11.74,1.29,76.38,0.59,1.92,Meghna_Bhairab Bazar
2009-12-22,0.0,24.05,11.89,1.14,75.19,0.58,1.8,Meghna_Bhairab Bazar
2009-12-23,0.0,24.14,12.94,1.19,71.87,0.58,1.64,Meghna_Bhairab Bazar
2009-12-24,0.0,23.87,11.96,1.05,74.67,0.58,1.46,Meghna_Bhairab Bazar
2009-12-25,0.01,22.7,11.32,1.12,71.22,0.57,1.26,Meghna_Bhairab Bazar
2009-12-26,0.0,22.53,11.74,0.89,69.34,0.57,1.27,Meghna_Bhairab Bazar
2009-12-27,0.0,22.9,10.28,1.14,71.15,0.57,1.27,Meghna_Bhairab Bazar
2009-12-28,0.0,23.46,11.19,1.07,73.45,0.57,1.36,Meghna_Bhairab Bazar
2009-12-29,0.0,22.71,10.48,1.18,73.38,0.56,1.26,Meghna_Bhairab Bazar
2009-12-30,0.0,23.57,10.64,1.03,69.99,0.56,1.37,Meghna_Bhairab Bazar
2009-12-31,0.01,22.96,12.41,1.4,74.09,0.56,0.99,Meghna_Bhairab Bazar
2010-01-01,0.0,22.72,9.52,1.54,78.73,0.55,1.14,Meghna_Bhairab Bazar
2010-01-02,0.0,24.39,9.67,1.2,75.29,0.55,1.28,Meghna_Bhairab Bazar
2010-01-03,0.0,25.61,11.66,1.08,71.42,0.55,1.45,Meghna_Bhairab Bazar
2010-01-04,0.0,24.27,9.54,1.36,74.26,0.55,1.29,Meghna_Bhairab Bazar
2010-01-05,0.0,24.0,11.1,1.4,66.26,0.54,1.28,Meghna_Bhairab Bazar
2010-01-06,0.0,24.76,10.11,1.15,69.49,0.54,1.29,Meghna_Bhairab Bazar
2010-01-07,0.0,25.88,10.66,1.23,64.13,0.54,1.31,Meghna_Bhairab Bazar
2010-01-08,0.0,26.33,13.22,0.95,60.15,0.53,1.4,Meghna_Bhairab Bazar
2010-01-09,0.0,25.21,10.7,1.31,66.86,0.53,1.16,Meghna_Bhairab Bazar
2010-01-10,0.0,25.32,10.7,1.11,63.94,0.53,1.17,Meghna_Bhairab Bazar
2010-01-11,0.0,24.21,10.57,1.18,64.66,0.52,0.94,Meghna_Bhairab Bazar
2010-01-12,0.0,23.46,9.87,1.18,66.59,0.52,0.88,Meghna_Bhairab Bazar
2010-01-13,0.0,24.37,9.62,1.27,67.88,0.52,0.91,Meghna_Bhairab Bazar
2010-01-14,0.0,25.89,12.95,1.35,62.77,0.52,1.0,Meghna_Bhairab Bazar
2010-01-15,0.0,26.3,11.84,1.61,68.12,0.51,1.07,Meghna_Bhairab Bazar
2010-01-16,0.0,26.33,11.83,1.0,69.12,0.51,1.1,Meghna_Bhairab Bazar
2010-01-17,0.0,27.21,13.11,1.17,63.04,0.51,1.14,Meghna_Bhairab Bazar
2010-01-18,0.0,26.03,14.74,0.91,64.12,0.51,0.82,Meghna_Bhairab Bazar
2010-01-19,0.08,25.04,13.84,1.01,65.89,0.5,0.76,Meghna_Bhairab Bazar
2010-01-20,0.0,26.28,12.9,1.37,64.23,0.5,0.95,Meghna_Bhairab Bazar
2010-01-21,0.0,27.07,11.3,1.27,65.2,0.5,0.99,Meghna_Bhairab Bazar
2010-01-22,0.0,27.56,13.05,1.09,57.87,0.5,1.09,Meghna_Bhairab Bazar
2010-01-23,0.0,27.27,13.36,1.17,57.1,0.49,1.02,Meghna_Bhairab Bazar
2010-01-24,0.0,27.49,12.71,1.07,57.34,0.49,1.02,Meghna_Bhairab Bazar
2010-01-25,0.0,28.35,11.85,1.08,51.74,0.49,1.01,Meghna_Bhairab Bazar
2010-01-26,0.0,28.15,13.8,1.11,47.8,0.48,0.9,Meghna_Bhairab Bazar
2010-01-27,0.0,27.74,13.28,1.31,54.6,0.48,0.8,Meghna_Bhairab Bazar
2010-01-28,0.0,27.31,12.17,1.44,56.14,0.48,0.8,Meghna_Bhairab Bazar
2010-01-29,0.0,27.1,12.41,1.21,54.61,0.48,0.83,Meghna_Bhairab Bazar
2010-01-30,0.0,26.67,12.67,1.19,53.86,0.47,0.77,Meghna_Bhairab Bazar
2010-01-31,0.0,26.54,11.3,1.3,55.76,0.47,0.7,Meghna_Bhairab Bazar
2010-02-01,0.0,26.54,12.36,1.38,53.2,0.47,0.66,Meghna_Bhairab Bazar
2010-02-02,0.0,26.94,12.42,1.31,49.83,0.47,0.73,Meghna_Bhairab Bazar
2010-02-03,0.0,27.31,12.38,1.7,47.09,0.46,0.65,Meghna_Bhairab Bazar
2010-02-04,0.0,27.18,11.0,1.51,46.54,0.46,0.64,Meghna_Bhairab Bazar
2010-02-05,0.0,27.3,12.66,1.54,42.5,0.46,0.62,Meghna_Bhairab Bazar
2010-02-06,0.0,26.57,10.26,1.5,42.86,0.46,0.56,Meghna_Bhairab Bazar
2010-02-07,0.0,27.79,9.85,1.41,49.6,0.45,0.62,Meghna_Bhairab Bazar
2010-02-08,0.0,28.66,14.17,0.84,42.39,0.45,0.61,Meghna_Bhairab Bazar
2010-02-09,0.0,28.32,13.63,1.06,51.16,0.45,0.45,Meghna_Bhairab Bazar
2010-02-10,0.0,30.3,13.79,1.42,57.33,0.45,0.52,Meghna_Bhairab Bazar
2010-02-11,0.0,30.73,16.04,1.58,54.82,0.44,0.58,Meghna_Bhairab Bazar
2010-02-12,0.0,30.54,14.12,1.63,50.01,0.44,0.59,Meghna_Bhairab Bazar
2010-02-13,0.0,29.7,15.4,1.51,47.08,0.44,0.5,Meghna_Bhairab Bazar
2010-02-14,0.0,30.06,15.5,1.47,58.55,0.44,0.52,Meghna_Bhairab Bazar
2010-02-15,0.0,30.21,17.41,1.34,49.84,0.43,0.51,Meghna_Bhairab Bazar
2010-02-16,0.03,30.34,15.37,1.61,51.2,0.43,0.45,Meghna_Bhairab Bazar
2010-02-17,0.08,30.1,17.32,1.54,59.98,0.43,0.38,Meghna_Bhairab Bazar
2010-02-18,0.0,30.41,16.86,2.08,56.28,0.43,0.46,Meghna_Bhairab Bazar
2010-02-19,0.0,29.66,14.37,1.41,38.0,0.42,0.46,Meghna_Bhairab Bazar
2010-02-20,0.0,29.81,14.4,1.47,36.73,0.42,0.41,Meghna_Bhairab Bazar
2010-02-21,0.0,29.23,14.08,1.41,42.32,0.42,0.38,Meghna_Bhairab Bazar
2010-02-22,0.0,30.15,13.63,1.28,47.03,0.42,0.38,Meghna_Bhairab Bazar
2010-02-23,0.07,30.36,16.96,1.36,47.76,0.41,0.31,Meghna_Bhairab Bazar
2010-02-24,0.31,31.66,18.21,1.55,45.76,0.41,0.35,Meghna_Bhairab Bazar
2010-02-25,10.29,29.01,18.07,1.59,75.16,0.42,0.33,Meghna_Bhairab Bazar
2010-02-26,0.0,31.61,17.78,1.28,60.81,0.43,0.51,Meghna_Bhairab Bazar
2010-02-27,0.0,31.03,16.56,1.37,47.97,0.42,0.49,Meghna_Bhairab Bazar
2010-02-28,0.0,32.01,16.96,1.21,46.87,0.42,0.46,Meghna_Bhairab Bazar
2010-03-01,0.0,33.09,17.35,1.53,52.17,0.41,0.44,Meghna_Bhairab Bazar
2010-03-02,0.0,34.53,18.0,2.04,53.46,0.41,0.43,Meghna_Bhairab Bazar
2010-03-03,0.0,34.73,17.04,2.74,60.24,0.41,0.42,Meghna_Bhairab Bazar
2010-03-04,0.0,34.4,19.22,2.71,63.81,0.41,0.39,Meghna_Bhairab Bazar
2010-03-05,0.0,34.8,21.0,3.6,67.82,0.4,0.38,Meghna_Bhairab Bazar
2010-03-06,0.0,33.87,22.05,2.83,69.14,0.4,0.34,Meghna_Bhairab Bazar
2010-03-07,0.0,35.58,21.17,2.45,59.19,0.4,0.35,Meghna_Bhairab Bazar
2010-03-08,0.0,35.73,20.22,1.73,56.23,0.4,0.32,Meghna_Bhairab Bazar
2010-03-09,0.0,35.48,19.22,1.7,37.5,0.39,0.32,Meghna_Bhairab Bazar
2010-03-10,0.0,34.91,17.88,1.79,34.29,0.39,0.29,Meghna_Bhairab Bazar
2010-03-11,0.0,34.49,17.5,1.77,32.93,0.39,0.26,Meghna_Bhairab Bazar
2010-03-12,0.0,34.93,17.88,1.68,33.27,0.39,0.24,Meghna_Bhairab Bazar
2010-03-13,0.0,34.58,19.08,1.56,29.95,0.38,0.2,Meghna_Bhairab Bazar
2010-03-14,0.05,35.98,16.61,1.53,33.32,0.38,0.21,Meghna_Bhairab Bazar
2010-03-15,12.52,34.66,18.8,1.5,59.54,0.39,0.22,Meghna_Bhairab Bazar
2010-03-16,0.24,35.65,20.14,1.4,50.35,0.4,0.35,Meghna_Bhairab Bazar
2010-03-17,0.0,37.44,19.68,1.55,42.07,0.39,0.33,Meghna_Bhairab Bazar
2010-03-18,0.0,38.42,19.93,1.45,39.85,0.39,0.31,Meghna_Bhairab Bazar
2010-03-19,0.0,37.39,20.64,1.49,40.12,0.39,0.26,Meghna_Bhairab Bazar
2010-03-20,0.0,38.33,22.31,1.4,36.1,0.38,0.24,Meghna_Bhairab Bazar
2010-03-21,0.0,38.3,21.6,1.4,34.06,0.38,0.23,Meghna_Bhairab Bazar
2010-03-22,0.0,38.05,20.89,2.95,53.99,0.38,0.19,Meghna_Bhairab Bazar
2010-03-23,0.45,37.06,23.44,4.36,65.93,0.37,0.17,Meghna_Bhairab Bazar
2010-03-24,0.28,37.31,24.43,4.14,64.1,0.37,0.16,Meghna_Bhairab Bazar
2010-03-25,0.0,37.44,23.96,3.8,62.47,0.37,0.15,Meghna_Bhairab Bazar
2010-03-26,0.0,36.27,22.81,2.82,64.65,0.37,0.12,Meghna_Bhairab Bazar
2010-03-27,0.06,35.05,23.79,3.99,67.64,0.37,0.11,Meghna_Bhairab Bazar
2010-03-28,7.6,34.05,24.89,4.44,68.78,0.37,0.1,Meghna_Bhairab Bazar
2010-03-29,17.55,33.56,24.65,4.33,73.93,0.4,0.28,Meghna_Bhairab Bazar
2010-03-30,12.43,34.74,24.1,4.27,75.06,0.41,0.41,Meghna_Bhairab Bazar
2010-03-31,12.4,34.64,24.24,5.3,75.62,0.43,0.59,Meghna_Bhairab Bazar
2010-04-01,2.39,37.15,25.3,4.67,69.71,0.43,0.8,Meghna_Bhairab Bazar
2010-04-02,5.19,35.65,25.58,4.56,71.87,0.43,0.66,Meghna_Bhairab Bazar
2010-04-03,7.22,35.79,25.06,3.86,71.46,0.44,0.77,Meghna_Bhairab Bazar
2010-04-04,0.18,36.16,24.55,3.04,66.96,0.43,0.73,Meghna_Bhairab Bazar
2010-04-05,0.54,37.33,25.08,3.37,65.23,0.43,0.74,Meghna_Bhairab Bazar
2010-04-06,0.5,38.75,24.29,2.99,62.8,0.42,0.73,Meghna_Bhairab Bazar
2010-04-07,0.45,39.58,24.48,1.75,58.28,0.42,0.72,Meghna_Bhairab Bazar
2010-04-08,0.0,39.74,23.25,1.12,44.83,0.42,0.72,Meghna_Bhairab Bazar
2010-04-09,0.0,39.41,23.9,2.72,55.93,0.41,0.61,Meghna_Bhairab Bazar
2010-04-10,0.89,39.91,25.33,4.14,64.08,0.41,0.6,Meghna_Bhairab Bazar
2010-04-11,1.76,38.12,25.96,3.87,65.82,0.41,0.5,Meghna_Bhairab Bazar
2010-04-12,0.02,38.1,25.58,3.61,65.3,0.41,0.47,Meghna_Bhairab Bazar
2010-04-13,1.3,35.54,26.0,3.42,67.93,0.4,0.35,Meghna_Bhairab Bazar
2010-04-14,4.31,34.3,25.17,2.57,71.78,0.41,0.28,Meghna_Bhairab Bazar
2010-04-15,5.27,32.75,24.84,1.32,72.77,0.41,0.3,Meghna_Bhairab Bazar
2010-04-16,2.08,38.17,23.78,1.12,57.1,0.42,0.68,Meghna_Bhairab Bazar
2010-04-17,13.68,35.53,25.06,3.23,67.53,0.42,0.65,Meghna_Bhairab Bazar
2010-04-18,15.62,32.76,24.69,3.42,78.81,0.44,0.52,Meghna_Bhairab Bazar
2010-04-19,5.52,35.82,25.67,5.35,70.32,0.45,1.08,Meghna_Bhairab Bazar
2010-04-20,3.67,37.14,26.51,5.95,68.29,0.45,1.18,Meghna_Bhairab Bazar
2010-04-21,4.55,37.22,26.93,5.52,69.96,0.45,1.11,Meghna_Bhairab Bazar
2010-04-22,2.21,36.94,26.97,5.01,67.53,0.45,1.12,Meghna_Bhairab Bazar
2010-04-23,1.63,36.66,26.64,4.13,64.43,0.44,0.96,Meghna_Bhairab Bazar
2010-04-24,5.17,37.12,25.31,3.95,66.7,0.44,0.98,Meghna_Bhairab Bazar
2010-04-25,9.58,33.9,26.19,4.71,73.25,0.46,0.9,Meghna_Bhairab Bazar
2010-04-26,10.45,35.13,25.45,3.31,76.14,0.46,0.96,Meghna_Bhairab Bazar
2010-04-27,2.43,32.81,23.9,2.76,73.5,0.47,0.74,Meghna_Bhairab Bazar
2010-04-28,7.32,35.44,22.14,1.29,63.63,0.47,1.36,Meghna_Bhairab Bazar
2010-04-29,23.74,30.35,24.81,1.45,82.7,0.49,0.5,Meghna_Bhairab Bazar
2010-04-30,21.72,30.7,24.1,1.12,82.08,0.53,1.09,Meghna_Bhairab Bazar
2010-05-01,3.16,32.64,23.55,0.98,75.53,0.53,1.71,Meghna_Bhairab Bazar
2010-05-02,15.19,31.28,25.27,1.41,82.04,0.54,0.9,Meghna_Bhairab Bazar
2010-05-03,10.13,30.05,24.4,1.34,83.81,0.56,0.95,Meghna_Bhairab Bazar
2010-05-04,0.31,32.8,23.53,1.15,74.24,0.55,1.45,Meghna_Bhairab Bazar
2010-05-05,2.82,32.42,24.5,1.2,72.73,0.55,1.53,Meghna_Bhairab Bazar
2010-05-06,4.98,31.13,24.67,1.12,78.98,0.55,1.31,Meghna_Bhairab Bazar
2010-05-07,3.5,32.0,24.13,1.02,74.64,0.55,1.83,Meghna_Bhairab Bazar
2010-05-08,0.71,32.86,24.84,1.98,73.74,0.55,2.26,Meghna_Bhairab Bazar
2010-05-09,9.1,36.23,25.09,2.97,71.69,0.55,3.05,Meghna_Bhairab Bazar
2010-05-10,18.76,36.59,26.24,3.55,75.74,0.57,3.31,Meghna_Bhairab Bazar
2010-05-11,1.82,36.33,26.38,3.76,73.64,0.56,3.7,Meghna_Bhairab Bazar
2010-05-12,3.36,35.63,26.56,3.77,76.07,0.56,2.96,Meghna_Bhairab Bazar
2010-05-13,4.39,34.77,26.95,3.7,77.43,0.55,2.35,Meghna_Bhairab Bazar
2010-05-14,7.21,34.27,26.34,2.92,78.98,0.55,2.11,Meghna_Bhairab Bazar
2010-05-15,5.2,34.75,25.81,2.58,77.25,0.56,2.51,Meghna_Bhairab Bazar
2010-05-16,2.24,35.34,25.48,2.15,75.41,0.55,2.46,Meghna_Bhairab Bazar
2010-05-17,4.94,35.63,25.74,1.28,72.43,0.55,2.66,Meghna_Bhairab Bazar
2010-05-18,3.68,36.91,26.11,1.49,65.74,0.55,3.54,Meghna_Bhairab Bazar
2010-05-19,5.85,35.88,26.05,3.47,72.82,0.55,2.93,Meghna_Bhairab Bazar
2010-05-20,64.08,31.81,26.56,3.86,86.18,0.59,1.19,Meghna_Bhairab Bazar
2010-05-21,36.93,29.03,25.92,2.28,92.28,0.67,1.18,Meghna_Bhairab Bazar
2010-05-22,8.89,30.32,24.7,2.36,88.76,0.68,3.42,Meghna_Bhairab Bazar
2010-05-23,3.19,30.94,24.26,2.11,87.43,0.67,3.67,Meghna_Bhairab Bazar
2010-05-24,1.96,29.79,23.83,2.64,90.75,0.66,1.75,Meghna_Bhairab Bazar
2010-05-25,24.76,33.02,23.34,1.29,81.4,0.67,5.81,Meghna_Bhairab Bazar
2010-05-26,47.16,30.43,25.99,2.36,92.71,0.72,0.94,Meghna_Bhairab Bazar
2010-05-27,7.05,31.7,25.69,3.74,88.1,0.73,3.72,Meghna_Bhairab Bazar
2010-05-28,67.42,28.88,24.3,2.82,89.82,0.77,1.67,Meghna_Bhairab Bazar
2010-05-29,5.58,32.25,24.15,2.12,87.29,0.79,3.67,Meghna_Bhairab Bazar
2010-05-30,15.24,30.73,25.77,3.16,90.35,0.78,2.78,Meghna_Bhairab Bazar
2010-05-31,18.6,30.18,25.98,3.23,91.28,0.8,1.9,Meghna_Bhairab Bazar
2010-06-01,13.82,31.86,25.44,3.49,88.84,0.8,3.78,Meghna_Bhairab Bazar
2010-06-02,18.8,32.3,26.38,3.06,90.16,0.8,2.95,Meghna_Bhairab Bazar
2010-06-03,34.98,30.44,26.17,2.82,91.73,0.82,1.53,Meghna_Bhairab Bazar
2010-06-04,42.39,29.99,25.8,3.0,93.15,0.86,1.11,Meghna_Bhairab Bazar
2010-06-05,35.88,30.46,23.48,4.28,89.91,0.88,2.09,Meghna_Bhairab Bazar
2010-06-06,22.76,31.42,23.33,3.96,91.5,0.9,1.91,Meghna_Bhairab Bazar
2010-06-07,3.14,31.27,26.61,3.35,91.83,0.89,2.0,Meghna_Bhairab Bazar
2010-06-08,2.88,32.1,25.93,2.33,87.87,0.88,3.26,Meghna_Bhairab Bazar
2010-06-09,1.72,30.82,25.23,1.8,90.21,0.87,2.03,Meghna_Bhairab Bazar
2010-06-10,2.22,30.58,26.29,1.67,90.72,0.87,1.51,Meghna_Bhairab Bazar
2010-06-11,5.62,30.61,25.7,1.41,88.96,0.87,2.14,Meghna_Bhairab Bazar
2010-06-12,20.42,29.41,25.49,1.81,91.33,0.87,1.53,Meghna_Bhairab Bazar
2010-06-13,34.85,29.96,25.06,2.05,91.7,0.9,1.32,Meghna_Bhairab Bazar
2010-06-14,7.42,30.01,25.86,2.42,90.41,0.9,1.46,Meghna_Bhairab Bazar
2010-06-15,5.71,30.71,26.16,2.58,90.88,0.89,1.95,Meghna_Bhairab Bazar
2010-06-16,8.54,32.17,26.5,2.07,87.52,0.89,3.29,Meghna_Bhairab Bazar
2010-06-17,25.97,31.87,26.26,2.59,88.88,0.89,2.77,Meghna_Bhairab Bazar
2010-06-18,11.3,30.4,25.37,2.33,90.2,0.9,1.93,Meghna_Bhairab Bazar
2010-06-19,4.18,32.01,25.68,2.65,87.64,0.89,3.7,Meghna_Bhairab Bazar
2010-06-20,8.76,31.32,26.47,3.6,88.74,0.89,3.18,Meghna_Bhairab Bazar
2010-06-21,5.11,31.82,26.14,2.64,88.8,0.89,3.18,Meghna_Bhairab Bazar
2010-06-22,2.4,31.74,26.2,2.21,89.38,0.88,2.77,Meghna_Bhairab Bazar
2010-06-23,0.5,30.6,26.1,1.85,90.56,0.87,1.65,Meghna_Bhairab Bazar
2010-06-24,1.03,32.32,25.78,1.46,86.02,0.87,4.22,Meghna_Bhairab Bazar
2010-06-25,9.49,31.74,25.77,3.21,90.3,0.87,2.66,Meghna_Bhairab Bazar
2010-06-26,25.82,30.13,25.86,3.84,91.42,0.88,1.43,Meghna_Bhairab Bazar
2010-06-27,22.83,31.57,26.13,3.86,90.44,0.89,2.42,Meghna_Bhairab Bazar
2010-06-28,15.55,31.0,26.43,3.8,91.48,0.89,1.73,Meghna_Bhairab Bazar
2010-06-29,51.83,31.27,26.61,2.68,93.01,0.91,1.19,Meghna_Bhairab Bazar
2010-06-30,23.63,30.85,26.44,1.94,92.77,0.93,1.17,Meghna_Bhairab Bazar
2010-07-01,4.94,30.57,26.15,2.01,89.7,0.92,1.9,Meghna_Bhairab Bazar
2010-07-02,6.11,30.67,25.36,1.79,90.12,0.91,1.93,Meghna_Bhairab Bazar
2010-07-03,5.53,32.34,25.22,1.85,87.94,0.91,3.38,Meghna_Bhairab Bazar
2010-07-04,3.78,32.68,25.67,1.72,86.26,0.9,4.44,Meghna_Bhairab Bazar
2010-07-05,7.12,30.47,25.59,1.88,89.94,0.9,2.25,Meghna_Bhairab Bazar
2010-07-06,5.37,31.28,25.12,2.69,88.81,0.9,3.21,Meghna_Bhairab Bazar
2010-07-07,8.27,31.11,25.56,2.79,89.78,0.89,2.76,Meghna_Bhairab Bazar
2010-07-08,2.54,31.3,24.86,2.83,88.49,0.89,3.59,Meghna_Bhairab Bazar
2010-07-09,3.94,31.86,25.77,3.05,89.08,0.88,3.36,Meghna_Bhairab Bazar
2010-07-10,4.08,31.59,26.2,3.09,88.91,0.88,3.46,Meghna_Bhairab Bazar
2010-07-11,7.18,30.86,26.46,2.92,91.69,0.87,1.9,Meghna_Bhairab Bazar
2010-07-12,2.23,30.14,26.17,2.46,91.2,0.87,1.79,Meghna_Bhairab Bazar
2010-07-13,5.15,32.14,25.25,2.59,88.87,0.87,3.92,Meghna_Bhairab Bazar
2010-07-14,0.86,32.16,25.58,2.43,88.69,0.86,3.99,Meghna_Bhairab Bazar
2010-07-15,1.4,32.18,25.82,1.81,87.15,0.85,4.31,Meghna_Bhairab Bazar
2010-07-16,0.37,31.24,24.89,1.71,88.43,0.84,3.13,Meghna_Bhairab Bazar
2010-07-17,1.33,32.89,26.08,2.09,86.4,0.83,5.29,Meghna_Bhairab Bazar
2010-07-18,2.22,32.33,26.31,2.07,86.83,0.82,4.52,Meghna_Bhairab Bazar
2010-07-19,10.5,30.57,26.37,2.65,90.54,0.82,1.99,Meghna_Bhairab Bazar
2010-07-20,3.7,30.29,25.61,2.17,91.24,0.82,1.85,Meghna_Bhairab Bazar
2010-07-21,4.4,32.0,25.68,2.48,89.85,0.82,3.47,Meghna_Bhairab Bazar
2010-07-22,2.68,31.72,25.8,2.64,88.72,0.81,4.15,Meghna_Bhairab Bazar
2010-07-23,5.1,31.87,25.82,2.45,90.6,0.81,2.78,Meghna_Bhairab Bazar
2010-07-24,1.75,33.18,26.26,2.11,86.58,0.8,5.28,Meghna_Bhairab Bazar
2010-07-25,5.27,31.55,26.32,3.27,88.65,0.79,4.02,Meghna_Bhairab Bazar
2010-07-26,4.98,30.69,25.47,2.85,89.15,0.79,3.19,Meghna_Bhairab Bazar
2010-07-27,3.48,32.89,25.85,1.47,87.05,0.79,4.29,Meghna_Bhairab Bazar
2010-07-28,4.16,33.58,25.65,1.17,84.0,0.78,6.17,Meghna_Bhairab Bazar
2010-07-29,11.65,29.64,25.86,1.78,91.61,0.78,1.84,Meghna_Bhairab Bazar
2010-07-30,24.51,29.74,25.6,2.82,92.63,0.8,1.72,Meghna_Bhairab Bazar
2010-07-31,16.19,28.94,25.43,1.78,92.15,0.81,1.46,Meghna_Bhairab Bazar
2010-08-01,6.55,30.01,25.46,2.35,91.82,0.82,1.95,Meghna_Bhairab Bazar
2010-08-02,3.73,30.06,25.3,1.42,90.21,0.82,2.02,Meghna_Bhairab Bazar
2010-08-03,2.95,31.49,25.42,1.42,89.19,0.81,2.99,Meghna_Bhairab Bazar
2010-08-04,5.3,32.17,25.22,1.8,85.98,0.8,5.1,Meghna_Bhairab Bazar
2010-08-05,9.41,32.59,25.02,2.64,87.52,0.81,5.07,Meghna_Bhairab Bazar
2010-08-06,1.04,32.0,24.96,2.0,87.13,0.79,5.13,Meghna_Bhairab Bazar
2010-08-07,0.31,32.34,25.3,1.37,85.64,0.79,6.05,Meghna_Bhairab Bazar
2010-08-08,8.58,31.75,25.36,0.87,82.17,0.78,4.39,Meghna_Bhairab Bazar
2010-08-09,0.86,33.65,26.03,0.89,79.84,0.78,7.57,Meghna_Bhairab Bazar
2010-08-10,7.5,31.71,26.25,0.8,84.21,0.78,2.53,Meghna_Bhairab Bazar
2010-08-11,20.82,30.1,26.24,1.48,91.75,0.79,1.14,Meghna_Bhairab Bazar
2010-08-12,44.82,31.66,26.33,1.89,89.52,0.82,2.71,Meghna_Bhairab Bazar
2010-08-13,17.45,29.27,26.09,1.79,93.04,0.84,1.06,Meghna_Bhairab Bazar
2010-08-14,12.27,30.73,25.64,1.96,90.67,0.85,2.89,Meghna_Bhairab Bazar
2010-08-15,2.77,31.25,25.0,2.3,88.5,0.84,4.05,Meghna_Bhairab Bazar
2010-08-16,6.3,31.41,25.24,2.7,89.1,0.83,4.38,Meghna_Bhairab Bazar
2010-08-17,4.84,31.73,25.66,2.83,88.03,0.83,4.99,Meghna_Bhairab Bazar
2010-08-18,4.62,31.99,25.23,2.45,88.58,0.82,4.72,Meghna_Bhairab Bazar
2010-08-19,7.13,31.21,25.67,2.26,89.08,0.81,3.98,Meghna_Bhairab Bazar
2010-08-20,21.66,31.46,25.28,2.41,89.85,0.82,3.3,Meghna_Bhairab Bazar
2010-08-21,3.13,31.86,25.53,2.57,88.34,0.83,5.12,Meghna_Bhairab Bazar
2010-08-22,5.17,31.05,25.36,1.87,87.92,0.82,4.29,Meghna_Bhairab Bazar
2010-08-23,1.05,32.9,25.58,0.77,82.77,0.81,6.41,Meghna_Bhairab Bazar
2010-08-24,3.22,30.29,25.83,1.51,90.35,0.8,2.11,Meghna_Bhairab Bazar
2010-08-25,10.42,32.69,24.67,0.98,84.79,0.8,6.27,Meghna_Bhairab Bazar
2010-08-26,13.33,30.47,25.91,2.14,90.68,0.81,2.65,Meghna_Bhairab Bazar
2010-08-27,5.55,29.55,25.13,2.32,92.88,0.81,1.55,Meghna_Bhairab Bazar
2010-08-28,13.62,30.68,25.57,2.27,89.46,0.82,3.93,Meghna_Bhairab Bazar
2010-08-29,8.53,32.25,24.74,1.57,86.91,0.82,5.64,Meghna_Bhairab Bazar
2010-08-30,16.6,32.37,25.11,1.86,88.35,0.82,5.14,Meghna_Bhairab Bazar
2010-08-31,1.46,30.65,25.57,2.18,90.15,0.82,3.11,Meghna_Bhairab Bazar
2010-09-01,0.41,32.31,25.48,1.65,87.81,0.81,5.29,Meghna_Bhairab Bazar
2010-09-02,0.53,29.83,25.36,1.27,90.02,0.8,2.61,Meghna_Bhairab Bazar
2010-09-03,6.82,30.27,25.15,1.02,87.79,0.8,2.77,Meghna_Bhairab Bazar
2010-09-04,6.13,30.59,25.12,1.66,90.83,0.81,3.08,Meghna_Bhairab Bazar
2010-09-05,1.1,32.49,25.3,1.97,88.45,0.8,6.01,Meghna_Bhairab Bazar
2010-09-06,4.32,32.07,25.3,1.71,87.8,0.79,6.38,Meghna_Bhairab Bazar
2010-09-07,5.32,31.04,25.61,1.85,89.97,0.79,3.67,Meghna_Bhairab Bazar
2010-09-08,1.72,31.66,25.79,1.83,88.88,0.78,4.92,Meghna_Bhairab Bazar
2010-09-09,2.41,30.55,25.56,1.69,90.57,0.78,2.69,Meghna_Bhairab Bazar
2010-09-10,4.74,30.15,25.88,1.72,92.09,0.78,1.75,Meghna_Bhairab Bazar
2010-09-11,3.82,30.59,25.62,1.26,88.48,0.78,2.86,Meghna_Bhairab Bazar
2010-09-12,1.9,31.11,25.07,1.06,86.05,0.77,5.83,Meghna_Bhairab Bazar
2010-09-13,7.54,28.29,25.36,1.72,93.71,0.77,0.98,Meghna_Bhairab Bazar
2010-09-14,15.9,29.96,24.49,1.77,92.26,0.78,2.04,Meghna_Bhairab Bazar
2010-09-15,4.25,29.73,25.02,1.78,91.41,0.79,2.47,Meghna_Bhairab Bazar
2010-09-16,6.05,30.13,24.21,1.71,88.86,0.78,4.47,Meghna_Bhairab Bazar
2010-09-17,9.83,29.9,23.55,1.86,89.62,0.78,3.8,Meghna_Bhairab Bazar
2010-09-18,5.4,28.22,24.64,1.49,93.81,0.79,1.06,Meghna_Bhairab Bazar
2010-09-19,5.21,27.55,24.39,1.19,94.58,0.79,0.7,Meghna_Bhairab Bazar
2010-09-20,3.4,28.84,24.49,0.97,90.13,0.79,1.82,Meghna_Bhairab Bazar
2010-09-21,5.45,29.7,24.24,1.01,85.7,0.79,2.71,Meghna_Bhairab Bazar
2010-09-22,1.24,31.85,23.6,0.72,82.5,0.79,7.52,Meghna_Bhairab Bazar
2010-09-23,1.43,31.18,25.41,0.61,82.51,0.78,5.32,Meghna_Bhairab Bazar
2010-09-24,12.35,29.45,25.13,1.7,92.19,0.78,2.03,Meghna_Bhairab Bazar
2010-09-25,15.31,29.31,24.48,1.84,92.25,0.79,1.98,Meghna_Bhairab Bazar
2010-09-26,11.12,29.11,24.14,2.28,92.17,0.8,2.19,Meghna_Bhairab Bazar
2010-09-27,24.18,30.71,24.28,1.72,89.55,0.81,3.59,Meghna_Bhairab Bazar
2010-09-28,17.03,31.63,24.81,0.68,81.87,0.83,6.52,Meghna_Bhairab Bazar
2010-09-29,2.04,30.99,25.01,1.1,85.19,0.83,4.32,Meghna_Bhairab Bazar
2010-09-30,0.17,31.25,24.58,0.92,86.0,0.82,5.76,Meghna_Bhairab Bazar
2010-10-01,0.86,31.41,24.84,1.17,86.16,0.81,5.74,Meghna_Bhairab Bazar
2010-10-02,0.11,33.03,24.4,0.65,79.11,0.8,9.13,Meghna_Bhairab Bazar
2010-10-03,0.0,32.59,25.09,0.81,81.78,0.79,6.74,Meghna_Bhairab Bazar
2010-10-04,0.0,30.54,25.25,0.75,86.77,0.78,3.62,Meghna_Bhairab Bazar
2010-10-05,10.49,29.54,24.85,1.41,92.11,0.78,1.41,Meghna_Bhairab Bazar
2010-10-06,17.18,28.24,23.55,1.67,92.36,0.8,1.86,Meghna_Bhairab Bazar
2010-10-07,29.52,25.96,23.41,3.73,94.65,0.82,0.7,Meghna_Bhairab Bazar
2010-10-08,124.14,27.51,22.69,3.94,95.22,0.89,0.37,Meghna_Bhairab Bazar
2010-10-09,33.35,29.18,23.04,2.9,90.9,0.95,3.06,Meghna_Bhairab Bazar
2010-10-10,0.04,30.08,21.76,0.9,80.18,0.92,6.79,Meghna_Bhairab Bazar
2010-10-11,0.01,30.33,21.86,1.37,81.98,0.91,5.55,Meghna_Bhairab Bazar
2010-10-12,0.0,29.66,21.74,1.61,85.38,0.9,4.51,Meghna_Bhairab Bazar
2010-10-13,0.09,30.77,22.63,1.5,85.64,0.89,4.72,Meghna_Bhairab Bazar
2010-10-14,4.24,28.94,24.72,1.07,92.41,0.89,1.51,Meghna_Bhairab Bazar
2010-10-15,5.21,30.23,24.45,1.02,87.66,0.89,1.03,Meghna_Bhairab Bazar
2010-10-16,1.51,29.21,25.11,0.96,89.27,0.89,1.74,Meghna_Bhairab Bazar
2010-10-17,0.51,29.85,24.23,0.85,85.75,0.89,3.55,Meghna_Bhairab Bazar
2010-10-18,0.44,30.58,23.94,1.22,87.24,0.88,4.1,Meghna_Bhairab Bazar
2010-10-19,0.28,32.15,24.11,0.9,83.73,0.88,5.91,Meghna_Bhairab Bazar
2010-10-20,0.31,30.59,25.22,1.1,88.3,0.87,3.46,Meghna_Bhairab Bazar
2010-10-21,4.74,31.11,23.62,1.01,88.08,0.87,4.99,Meghna_Bhairab Bazar
2010-10-22,3.1,29.64,24.35,0.8,86.4,0.87,4.32,Meghna_Bhairab Bazar
2010-10-23,2.05,28.84,24.12,1.25,91.57,0.87,2.16,Meghna_Bhairab Bazar
2010-10-24,2.83,29.9,22.83,1.13,86.81,0.86,5.42,Meghna_Bhairab Bazar
2010-10-25,3.36,29.98,22.38,0.98,84.69,0.86,4.59,Meghna_Bhairab Bazar
2010-10-26,0.22,30.54,22.87,1.01,84.24,0.85,6.04,Meghna_Bhairab Bazar
2010-10-27,0.0,28.96,22.09,1.25,87.36,0.85,3.65,Meghna_Bhairab Bazar
2010-10-28,0.0,28.68,19.56,1.32,84.29,0.84,5.34,Meghna_Bhairab Bazar
2010-10-29,0.0,28.53,18.72,1.39,85.63,0.83,4.99,Meghna_Bhairab Bazar
2010-10-30,0.0,30.03,19.13,1.47,85.21,0.83,5.47,Meghna_Bhairab Bazar
2010-10-31,0.07,30.48,20.27,1.25,84.77,0.82,5.69,Meghna_Bhairab Bazar
2010-11-01,0.61,28.13,21.68,1.62,87.51,0.81,3.2,Meghna_Bhairab Bazar
2010-11-02,0.47,27.66,20.56,1.61,87.7,0.81,3.98,Meghna_Bhairab Bazar
2010-11-03,0.14,29.3,21.16,1.07,83.82,0.8,5.85,Meghna_Bhairab Bazar
2010-11-04,0.0,29.34,19.83,1.3,86.17,0.79,5.42,Meghna_Bhairab Bazar
2010-11-05,0.0,30.57,20.44,0.99,84.01,0.79,6.26,Meghna_Bhairab Bazar
2010-11-06,0.0,30.31,20.92,1.19,83.06,0.78,6.09,Meghna_Bhairab Bazar
2010-11-07,0.0,30.11,21.07,1.14,82.3,0.77,6.01,Meghna_Bhairab Bazar
2010-11-08,0.0,29.29,20.86,1.23,81.41,0.76,5.29,Meghna_Bhairab Bazar
2010-11-09,0.0,28.42,18.81,1.32,81.01,0.76,5.29,Meghna_Bhairab Bazar
2010-11-10,0.0,29.09,18.51,0.84,78.67,0.75,6.36,Meghna_Bhairab Bazar
2010-11-11,0.0,28.28,19.15,0.87,80.3,0.74,5.67,Meghna_Bhairab Bazar
2010-11-12,0.0,28.01,19.58,0.76,78.58,0.74,5.82,Meghna_Bhairab Bazar
2010-11-13,0.0,28.11,19.08,0.86,80.61,0.73,5.63,Meghna_Bhairab Bazar
2010-11-14,0.0,28.5,18.25,0.76,79.77,0.72,6.0,Meghna_Bhairab Bazar
2010-11-15,0.0,28.53,19.11,1.04,81.93,0.72,5.31,Meghna_Bhairab Bazar
2010-11-16,0.0,27.8,19.13,0.73,77.63,0.71,5.29,Meghna_Bhairab Bazar
2010-11-17,0.0,27.48,18.07,0.97,79.64,0.71,4.68,Meghna_Bhairab Bazar
2010-11-18,0.0,27.38,18.08,1.22,82.73,0.7,4.39,Meghna_Bhairab Bazar
2010-11-19,0.01,28.05,19.79,0.88,82.72,0.7,4.14,Meghna_Bhairab Bazar
2010-11-20,5.59,27.57,19.45,1.2,86.35,0.7,3.1,Meghna_Bhairab Bazar
2010-11-21,1.33,26.98,17.43,1.35,84.93,0.7,3.18,Meghna_Bhairab Bazar
2010-11-22,0.0,26.57,15.56,1.22,77.87,0.69,4.39,Meghna_Bhairab Bazar
2010-11-23,0.0,26.22,16.88,0.77,73.15,0.68,4.4,Meghna_Bhairab Bazar
2010-11-24,0.0,26.8,16.93,0.93,77.74,0.68,4.29,Meghna_Bhairab Bazar
2010-11-25,0.0,26.9,17.55,0.96,79.28,0.67,4.04,Meghna_Bhairab Bazar
2010-11-26,0.0,27.24,18.62,0.92,79.16,0.67,3.57,Meghna_Bhairab Bazar
2010-11-27,0.0,27.41,18.59,0.84,79.84,0.66,3.42,Meghna_Bhairab Bazar
2010-11-28,0.0,27.34,18.92,0.87,81.32,0.66,3.32,Meghna_Bhairab Bazar
2010-11-29,0.0,27.19,18.47,1.18,82.88,0.65,3.28,Meghna_Bhairab Bazar
2010-11-30,0.0,26.17,16.52,1.33,79.32,0.65,3.1,Meghna_Bhairab Bazar
2010-12-01,0.0,24.7,13.33,1.47,78.44,0.64,2.92,Meghna_Bhairab Bazar
2010-12-02,0.0,26.17,13.24,1.26,77.16,0.64,2.96,Meghna_Bhairab Bazar
2010-12-03,0.0,26.72,13.41,1.25,76.88,0.64,2.95,Meghna_Bhairab Bazar
2010-12-04,10.15,27.24,14.91,1.26,80.63,0.64,3.14,Meghna_Bhairab Bazar
2010-12-05,0.0,27.08,14.87,1.49,81.66,0.64,3.03,Meghna_Bhairab Bazar
2010-12-06,0.02,25.69,16.69,1.47,84.94,0.63,1.59,Meghna_Bhairab Bazar
2010-12-07,0.16,26.56,17.46,1.66,81.86,0.63,2.07,Meghna_Bhairab Bazar
2010-12-08,0.5,24.74,19.16,1.03,86.44,0.63,1.02,Meghna_Bhairab Bazar
2010-12-09,46.89,23.62,19.16,1.21,93.49,0.67,0.54,Meghna_Bhairab Bazar
2010-12-10,3.18,27.08,19.51,1.65,89.84,0.69,2.37,Meghna_Bhairab Bazar
2010-12-11,0.02,26.56,16.64,1.83,83.12,0.68,3.68,Meghna_Bhairab Bazar
2010-12-12,0.0,23.65,14.89,1.66,77.27,0.67,2.7,Meghna_Bhairab Bazar
2010-12-13,0.0,23.08,12.99,1.48,75.89,0.67,2.39,Meghna_Bhairab Bazar
2010-12-14,0.0,23.39,13.41,1.13,74.96,0.66,2.06,Meghna_Bhairab Bazar
2010-12-15,0.0,22.8,12.23,1.09,74.89,0.66,2.39,Meghna_Bhairab Bazar
2010-12-16,0.0,23.32,11.81,1.05,75.95,0.66,2.27,Meghna_Bhairab Bazar
2010-12-17,0.0,24.07,12.42,0.65,71.41,0.65,2.92,Meghna_Bhairab Bazar
2010-12-18,0.0,23.83,12.88,0.97,70.24,0.65,2.65,Meghna_Bhairab Bazar
2010-12-19,0.0,24.05,11.57,1.27,75.85,0.64,2.56,Meghna_Bhairab Bazar
2010-12-20,0.0,23.78,11.44,1.39,75.92,0.64,2.37,Meghna_Bhairab Bazar
2010-12-21,0.0,23.18,11.17,1.03,72.72,0.64,2.24,Meghna_Bhairab Bazar
2010-12-22,0.0,22.88,12.79,0.61,68.01,0.63,2.03,Meghna_Bhairab Bazar
2010-12-23,0.0,22.81,12.04,0.96,71.21,0.63,1.73,Meghna_Bhairab Bazar
2010-12-24,0.0,23.26,11.93,1.03,70.92,0.62,1.81,Meghna_Bhairab Bazar
2010-12-25,0.0,22.6,9.99,1.5,74.94,0.62,1.73,Meghna_Bhairab Bazar
2010-12-26,0.0,23.19,9.86,1.29,72.9,0.62,1.87,Meghna_Bhairab Bazar
2010-12-27,0.0,23.85,11.04,0.88,66.13,0.61,2.06,Meghna_Bhairab Bazar
2010-12-28,0.0,23.55,11.01,1.06,69.8,0.61,1.92,Meghna_Bhairab Bazar
2010-12-29,0.0,23.57,10.99,1.18,72.93,0.61,1.9,Meghna_Bhairab Bazar
2010-12-30,0.0,24.78,11.07,0.99,71.41,0.6,2.05,Meghna_Bhairab Bazar
2010-12-31,0.0,24.13,11.33,1.07,74.9,0.6,1.81,Meghna_Bhairab Bazar
2011-01-01,0.01,23.92,12.27,0.95,76.88,0.59,1.1,Meghna_Bhairab Bazar
2011-01-02,0.0,22.94,12.32,1.43,78.9,0.59,1.53,Meghna_Bhairab Bazar
2011-01-03,0.0,22.4,10.62,1.19,73.23,0.59,1.47,Meghna_Bhairab Bazar
2011-01-04,0.0,23.64,10.64,1.06,73.37,0.58,1.61,Meghna_Bhairab Bazar
2011-01-05,0.0,24.19,11.9,0.96,72.3,0.58,1.61,Meghna_Bhairab Bazar
2011-01-06,0.0,24.74,11.63,1.16,74.49,0.58,1.6,Meghna_Bhairab Bazar
2011-01-07,0.0,24.81,12.32,1.15,73.51,0.57,1.55,Meghna_Bhairab Bazar
2011-01-08,0.0,24.4,10.81,1.13,72.68,0.57,1.5,Meghna_Bhairab Bazar
2011-01-09,0.0,24.61,12.4,1.03,74.96,0.57,1.04,Meghna_Bhairab Bazar
2011-01-10,0.0,23.74,11.26,1.75,72.05,0.56,1.4,Meghna_Bhairab Bazar
2011-01-11,0.0,22.4,9.2,1.15,64.23,0.56,1.32,Meghna_Bhairab Bazar
2011-01-12,0.0,21.76,8.28,1.26,63.62,0.56,1.15,Meghna_Bhairab Bazar
2011-01-13,0.0,21.33,9.14,1.08,66.84,0.55,1.04,Meghna_Bhairab Bazar
2011-01-14,0.0,22.69,8.83,1.38,64.1,0.55,1.03,Meghna_Bhairab Bazar
2011-01-15,0.0,24.11,9.17,1.43,65.56,0.55,1.16,Meghna_Bhairab Bazar
2011-01-16,0.14,23.84,10.46,1.75,75.65,0.55,0.9,Meghna_Bhairab Bazar
2011-01-17,0.1,22.45,10.16,1.65,70.12,0.54,1.03,Meghna_Bhairab Bazar
2011-01-18,0.0,21.03,8.78,1.26,57.64,0.54,0.97,Meghna_Bhairab Bazar
2011-01-19,0.0,22.99,7.65,1.57,63.45,0.54,0.95,Meghna_Bhairab Bazar
2011-01-20,0.0,23.58,9.43,1.8,66.17,0.54,1.08,Meghna_Bhairab Bazar
2011-01-21,0.0,22.52,8.25,1.18,65.76,0.53,0.97,Meghna_Bhairab Bazar
2011-01-22,0.0,23.01,9.44,1.1,60.85,0.53,0.95,Meghna_Bhairab Bazar
2011-01-23,0.0,23.06,9.31,1.24,67.62,0.53,0.89,Meghna_Bhairab Bazar
2011-01-24,0.0,24.0,9.9,1.45,70.02,0.53,0.83,Meghna_Bhairab Bazar
2011-01-25,0.0,26.35,12.22,1.29,66.04,0.52,0.99,Meghna_Bhairab Bazar
2011-01-26,0.0,27.13,12.1,1.48,67.35,0.52,1.07,Meghna_Bhairab Bazar
2011-01-27,0.0,27.57,14.67,1.36,64.07,0.52,1.02,Meghna_Bhairab Bazar
2011-01-28,0.0,26.11,12.99,1.8,65.05,0.51,1.09,Meghna_Bhairab Bazar
2011-01-29,0.0,25.88,9.96,1.45,59.17,0.51,1.13,Meghna_Bhairab Bazar
2011-01-30,0.0,26.39,10.66,1.55,63.44,0.51,0.97,Meghna_Bhairab Bazar
2011-01-31,0.0,27.79,13.43,1.45,65.04,0.51,0.97,Meghna_Bhairab Bazar
2011-02-01,0.0,26.8,14.13,1.55,63.22,0.5,0.94,Meghna_Bhairab Bazar
2011-02-02,0.0,25.98,11.63,1.35,59.31,0.5,0.92,Meghna_Bhairab Bazar
2011-02-03,0.0,27.74,12.63,1.47,63.39,0.5,0.97,Meghna_Bhairab Bazar
2011-02-04,0.0,28.93,13.72,0.98,59.23,0.49,1.16,Meghna_Bhairab Bazar
2011-02-05,0.0,28.66,13.56,0.9,56.82,0.49,1.17,Meghna_Bhairab Bazar
2011-02-06,0.0,28.64,14.03,0.9,56.68,0.49,1.06,Meghna_Bhairab Bazar
2011-02-07,0.0,28.64,15.67,0.93,55.85,0.48,0.94,Meghna_Bhairab Bazar
2011-02-08,0.0,29.09,15.25,1.3,56.71,0.48,0.81,Meghna_Bhairab Bazar
2011-02-09,0.0,30.0,13.43,1.38,61.93,0.48,0.83,Meghna_Bhairab Bazar
2011-02-10,0.0,29.71,15.53,1.49,48.91,0.48,0.99,Meghna_Bhairab Bazar
2011-02-11,0.0,28.69,13.39,1.43,40.19,0.47,0.92,Meghna_Bhairab Bazar
2011-02-12,0.0,28.04,12.32,1.43,46.56,0.47,0.79,Meghna_Bhairab Bazar
2011-02-13,0.0,28.57,12.64,1.16,44.46,0.47,0.77,Meghna_Bhairab Bazar
2011-02-14,0.0,29.03,13.48,1.33,58.18,0.46,0.71,Meghna_Bhairab Bazar
2011-02-15,0.0,30.87,15.28,1.98,74.91,0.46,0.73,Meghna_Bhairab Bazar
2011-02-16,0.02,31.19,17.48,2.38,75.99,0.46,0.77,Meghna_Bhairab Bazar
2011-02-17,1.81,29.29,17.13,2.23,73.8,0.46,0.72,Meghna_Bhairab Bazar
2011-02-18,0.1,28.3,17.02,1.35,64.22,0.46,0.7,Meghna_Bhairab Bazar
2011-02-19,0.0,29.8,15.81,1.32,56.29,0.45,0.77,Meghna_Bhairab Bazar
2011-02-20,0.0,29.6,15.48,1.58,58.33,0.45,0.71,Meghna_Bhairab Bazar
2011-02-21,0.0,28.86,15.55,2.37,53.69,0.45,0.63,Meghna_Bhairab Bazar
2011-02-22,0.0,29.76,14.47,1.76,47.81,0.45,0.68,Meghna_Bhairab Bazar
2011-02-23,0.0,30.75,14.44,1.57,45.28,0.44,0.67,Meghna_Bhairab Bazar
2011-02-24,0.0,30.55,15.23,1.54,45.87,0.44,0.62,Meghna_Bhairab Bazar
2011-02-25,0.0,30.8,13.91,1.31,47.19,0.44,0.66,Meghna_Bhairab Bazar
2011-02-26,0.0,32.27,16.73,1.63,46.38,0.43,0.6,Meghna_Bhairab Bazar
2011-02-27,0.0,32.34,15.99,2.3,49.26,0.43,0.59,Meghna_Bhairab Bazar
2011-02-28,0.0,30.98,14.26,1.73,40.55,0.43,0.56,Meghna_Bhairab Bazar
2011-03-01,0.0,31.44,13.01,1.7,39.75,0.42,0.54,Meghna_Bhairab Bazar
2011-03-02,0.0,32.73,15.43,1.5,40.16,0.42,0.54,Meghna_Bhairab Bazar
2011-03-03,0.0,33.09,16.45,1.54,41.49,0.42,0.51,Meghna_Bhairab Bazar
2011-03-04,0.0,34.34,17.58,1.67,42.02,0.41,0.5,Meghna_Bhairab Bazar
2011-03-05,0.0,35.06,18.06,1.83,45.51,0.41,0.47,Meghna_Bhairab Bazar
2011-03-06,0.0,35.11,19.7,2.03,43.33,0.41,0.45,Meghna_Bhairab Bazar
2011-03-07,0.0,33.67,16.58,2.01,33.81,0.41,0.43,Meghna_Bhairab Bazar
2011-03-08,0.0,33.42,17.07,1.7,30.94,0.4,0.37,Meghna_Bhairab Bazar
2011-03-09,0.0,35.77,16.05,1.81,41.12,0.4,0.38,Meghna_Bhairab Bazar
2011-03-10,0.12,35.7,17.72,1.67,53.05,0.4,0.34,Meghna_Bhairab Bazar
2011-03-11,0.01,35.38,19.29,1.86,55.68,0.4,0.3,Meghna_Bhairab Bazar
2011-03-12,0.09,33.57,21.28,1.13,55.91,0.39,0.28,Meghna_Bhairab Bazar
2011-03-13,0.0,34.22,21.31,1.26,45.03,0.39,0.3,Meghna_Bhairab Bazar
2011-03-14,0.0,34.74,17.72,1.25,42.63,0.39,0.28,Meghna_Bhairab Bazar
2011-03-15,0.0,34.77,17.42,1.52,41.51,0.39,0.24,Meghna_Bhairab Bazar
2011-03-16,0.07,32.46,20.8,1.5,50.96,0.38,0.15,Meghna_Bhairab Bazar
2011-03-17,0.22,33.07,19.11,3.03,64.0,0.38,0.2,Meghna_Bhairab Bazar
2011-03-18,0.83,31.9,19.62,4.41,63.54,0.38,0.19,Meghna_Bhairab Bazar
2011-03-19,1.19,34.12,21.59,5.71,65.23,0.38,0.25,Meghna_Bhairab Bazar
2011-03-20,0.01,34.12,23.36,5.54,66.07,0.38,0.23,Meghna_Bhairab Bazar
2011-03-21,1.59,35.22,23.09,5.25,64.49,0.38,0.22,Meghna_Bhairab Bazar
2011-03-22,1.01,35.05,22.9,3.39,66.39,0.38,0.2,Meghna_Bhairab Bazar
2011-03-23,0.02,36.08,20.68,2.23,61.09,0.38,0.2,Meghna_Bhairab Bazar
2011-03-24,1.06,36.76,21.18,2.5,59.55,0.38,0.18,Meghna_Bhairab Bazar
2011-03-25,0.7,36.67,22.74,2.3,58.28,0.37,0.18,Meghna_Bhairab Bazar
2011-03-26,4.49,34.45,24.06,2.81,62.53,0.37,0.15,Meghna_Bhairab Bazar
2011-03-27,0.55,30.8,22.81,1.67,65.17,0.38,0.12,Meghna_Bhairab Bazar
2011-03-28,0.53,34.12,19.59,1.12,52.7,0.38,0.18,Meghna_Bhairab Bazar
2011-03-29,1.52,31.56,20.7,1.74,61.74,0.38,0.13,Meghna_Bhairab Bazar
2011-03-30,13.67,31.63,21.86,2.99,71.22,0.39,0.14,Meghna_Bhairab Bazar
2011-03-31,25.29,30.42,22.28,3.64,79.25,0.43,0.46,Meghna_Bhairab Bazar
2011-04-01,1.6,33.69,21.28,2.63,65.75,0.43,0.87,Meghna_Bhairab Bazar
2011-04-02,8.33,32.47,21.71,2.34,71.39,0.43,0.69,Meghna_Bhairab Bazar
2011-04-03,6.21,33.6,20.74,1.5,66.75,0.44,0.82,Meghna_Bhairab Bazar
2011-04-04,0.07,35.7,21.43,1.39,59.77,0.44,0.85,Meghna_Bhairab Bazar
2011-04-05,2.77,33.88,21.86,1.31,58.81,0.43,0.77,Meghna_Bhairab Bazar
2011-04-06,0.0,36.39,20.89,1.3,50.12,0.43,0.9,Meghna_Bhairab Bazar
2011-04-07,0.0,36.66,23.01,1.14,38.02,0.42,0.78,Meghna_Bhairab Bazar
2011-04-08,0.0,37.43,20.21,1.91,48.46,0.42,0.69,Meghna_Bhairab Bazar
2011-04-09,0.0,37.54,21.91,1.78,53.87,0.42,0.61,Meghna_Bhairab Bazar
2011-04-10,0.0,33.06,23.9,1.26,58.91,0.41,0.3,Meghna_Bhairab Bazar
2011-04-11,0.0,37.13,21.06,1.2,47.29,0.41,0.62,Meghna_Bhairab Bazar
2011-04-12,0.0,38.4,21.43,1.11,42.42,0.41,0.59,Meghna_Bhairab Bazar
2011-04-13,0.02,38.14,22.95,1.82,50.75,0.4,0.46,Meghna_Bhairab Bazar
2011-04-14,1.14,37.42,24.4,2.57,55.58,0.4,0.44,Meghna_Bhairab Bazar
2011-04-15,1.56,35.79,23.63,1.96,57.66,0.4,0.44,Meghna_Bhairab Bazar
2011-04-16,1.6,37.17,23.37,1.5,56.89,0.4,0.48,Meghna_Bhairab Bazar
2011-04-17,2.96,36.32,23.69,1.16,56.55,0.4,0.45,Meghna_Bhairab Bazar
2011-04-18,0.12,36.22,24.66,1.53,57.49,0.4,0.32,Meghna_Bhairab Bazar
2011-04-19,4.76,32.19,25.47,1.45,65.77,0.4,0.22,Meghna_Bhairab Bazar
2011-04-20,12.88,33.23,24.24,2.13,68.75,0.42,0.49,Meghna_Bhairab Bazar
2011-04-21,4.94,32.52,24.32,2.45,71.7,0.43,0.44,Meghna_Bhairab Bazar
2011-04-22,1.79,34.84,23.7,1.56,66.45,0.43,0.62,Meghna_Bhairab Bazar
2011-04-23,0.08,32.11,25.19,1.21,61.74,0.42,0.41,Meghna_Bhairab Bazar
2011-04-24,0.14,36.53,22.59,2.06,56.95,0.42,0.73,Meghna_Bhairab Bazar
2011-04-25,2.68,32.55,23.1,1.51,67.74,0.42,0.45,Meghna_Bhairab Bazar
2011-04-26,2.46,34.06,22.47,0.84,62.51,0.42,0.58,Meghna_Bhairab Bazar
2011-04-27,4.89,29.86,22.97,1.42,68.2,0.42,0.29,Meghna_Bhairab Bazar
2011-04-28,3.04,34.95,21.98,1.03,61.61,0.42,0.69,Meghna_Bhairab Bazar
2011-04-29,6.74,33.21,22.97,1.32,68.26,0.43,0.71,Meghna_Bhairab Bazar
2011-04-30,0.7,35.02,23.24,1.75,63.82,0.43,0.79,Meghna_Bhairab Bazar
2011-05-01,6.52,34.85,23.82,2.73,68.05,0.43,0.72,Meghna_Bhairab Bazar
2011-05-02,7.15,35.05,24.06,3.52,70.95,0.44,0.81,Meghna_Bhairab Bazar
2011-05-03,3.83,34.85,24.04,3.32,71.73,0.44,0.71,Meghna_Bhairab Bazar
2011-05-04,8.5,32.68,24.77,2.68,76.4,0.44,0.51,Meghna_Bhairab Bazar
2011-05-05,20.71,31.14,23.66,1.78,78.76,0.47,0.82,Meghna_Bhairab Bazar
2011-05-06,7.95,34.65,23.37,2.06,71.23,0.48,1.66,Meghna_Bhairab Bazar
2011-05-07,8.63,34.74,23.72,1.66,71.47,0.48,1.79,Meghna_Bhairab Bazar
2011-05-08,4.94,35.0,24.55,1.4,69.27,0.48,1.69,Meghna_Bhairab Bazar
2011-05-09,1.92,36.86,24.47,1.22,59.73,0.48,1.99,Meghna_Bhairab Bazar
2011-05-10,12.84,35.25,24.94,2.44,69.17,0.48,1.74,Meghna_Bhairab Bazar
2011-05-11,23.31,32.73,24.47,2.78,79.23,0.51,1.4,Meghna_Bhairab Bazar
2011-05-12,4.1,35.5,24.46,2.27,72.85,0.52,2.48,Meghna_Bhairab Bazar
2011-05-13,5.51,34.89,25.12,2.65,74.08,0.51,1.92,Meghna_Bhairab Bazar
2011-05-14,20.81,33.91,25.13,2.16,77.45,0.53,2.35,Meghna_Bhairab Bazar
2011-05-15,3.83,35.11,24.37,2.26,75.66,0.53,2.4,Meghna_Bhairab Bazar
2011-05-16,3.63,35.26,24.36,1.09,70.98,0.53,2.65,Meghna_Bhairab Bazar
2011-05-17,0.78,34.08,25.27,1.41,72.85,0.53,2.07,Meghna_Bhairab Bazar
2011-05-18,13.35,32.89,26.15,1.5,79.28,0.53,1.33,Meghna_Bhairab Bazar
2011-05-19,29.06,32.23,25.55,1.66,81.37,0.57,2.44,Meghna_Bhairab Bazar
2011-05-20,3.01,31.6,26.13,2.31,83.52,0.57,1.88,Meghna_Bhairab Bazar
2011-05-21,33.6,30.93,25.65,3.31,88.8,0.59,1.23,Meghna_Bhairab Bazar
2011-05-22,14.72,30.78,25.9,2.87,87.94,0.63,2.08,Meghna_Bhairab Bazar
2011-05-23,12.11,32.1,26.05,2.76,86.46,0.63,2.73,Meghna_Bhairab Bazar
2011-05-24,26.13,32.06,25.63,2.25,86.24,0.65,3.29,Meghna_Bhairab Bazar
2011-05-25,10.71,32.25,25.56,1.3,83.56,0.66,3.17,Meghna_Bhairab Bazar
2011-05-26,3.72,30.71,25.84,1.87,88.33,0.66,2.13,Meghna_Bhairab Bazar
2011-05-27,2.4,30.23,25.25,1.61,85.7,0.65,2.65,Meghna_Bhairab Bazar
2011-05-28,3.06,33.06,24.52,1.13,81.25,0.65,5.39,Meghna_Bhairab Bazar
2011-05-29,18.97,29.39,25.28,1.67,88.3,0.65,1.76,Meghna_Bhairab Bazar
2011-05-30,16.78,29.6,25.32,2.63,93.13,0.68,1.0,Meghna_Bhairab Bazar
2011-05-31,22.13,30.37,25.93,3.43,92.91,0.69,0.95,Meghna_Bhairab Bazar
2011-06-01,13.76,29.77,24.54,2.7,88.95,0.72,2.43,Meghna_Bhairab Bazar
2011-06-02,7.85,30.3,23.52,1.96,89.49,0.71,2.54,Meghna_Bhairab Bazar
2011-06-03,9.4,31.55,24.78,1.52,86.27,0.72,4.09,Meghna_Bhairab Bazar
2011-06-04,3.1,31.18,24.82,1.95,87.71,0.71,3.25,Meghna_Bhairab Bazar
2011-06-05,2.05,32.06,25.32,1.73,85.66,0.71,4.41,Meghna_Bhairab Bazar
2011-06-06,0.75,32.63,25.27,1.39,85.09,0.7,5.38,Meghna_Bhairab Bazar
2011-06-07,18.22,30.26,25.74,1.51,91.02,0.7,1.69,Meghna_Bhairab Bazar
2011-06-08,35.82,28.97,24.94,1.44,88.45,0.74,1.93,Meghna_Bhairab Bazar
2011-06-09,15.33,32.47,24.84,1.29,84.57,0.76,4.06,Meghna_Bhairab Bazar
2011-06-10,0.38,31.9,25.68,1.76,86.35,0.75,3.25,Meghna_Bhairab Bazar
2011-06-11,3.63,30.65,25.81,2.35,90.47,0.74,2.18,Meghna_Bhairab Bazar
2011-06-12,4.54,31.23,25.29,1.22,81.36,0.74,2.98,Meghna_Bhairab Bazar
2011-06-13,2.59,33.16,25.12,0.68,75.76,0.74,6.6,Meghna_Bhairab Bazar
2011-06-14,2.77,29.94,25.47,1.71,90.11,0.73,1.8,Meghna_Bhairab Bazar
2011-06-15,13.12,30.74,25.23,1.77,87.76,0.73,2.02,Meghna_Bhairab Bazar
2011-06-16,6.87,30.64,25.55,3.47,89.9,0.74,2.55,Meghna_Bhairab Bazar
2011-06-17,24.9,31.25,24.44,4.87,89.07,0.75,3.32,Meghna_Bhairab Bazar
2011-06-18,2.73,30.99,25.76,3.8,90.18,0.76,3.13,Meghna_Bhairab Bazar
2011-06-19,0.9,32.26,25.52,3.01,88.1,0.75,4.29,Meghna_Bhairab Bazar
2011-06-20,4.94,32.54,25.68,2.32,86.42,0.74,5.39,Meghna_Bhairab Bazar
2011-06-21,0.16,32.68,25.75,2.37,85.93,0.73,5.79,Meghna_Bhairab Bazar
2011-06-22,1.19,32.48,25.24,2.51,85.93,0.72,6.24,Meghna_Bhairab Bazar
2011-06-23,3.78,31.28,26.1,2.22,88.93,0.71,2.27,Meghna_Bhairab Bazar
2011-06-24,10.38,31.63,26.62,1.11,86.74,0.72,1.9,Meghna_Bhairab Bazar
2011-06-25,4.94,32.51,26.32,1.92,85.69,0.72,4.75,Meghna_Bhairab Bazar
2011-06-26,8.65,30.55,25.7,2.38,90.37,0.72,2.37,Meghna_Bhairab Bazar
2011-06-27,13.78,30.18,25.67,2.4,91.32,0.73,2.01,Meghna_Bhairab Bazar
2011-06-28,16.79,29.66,25.83,2.75,92.45,0.74,1.48,Meghna_Bhairab Bazar
2011-06-29,13.54,30.12,26.03,2.59,90.61,0.76,2.12,Meghna_Bhairab Bazar
2011-06-30,40.53,30.5,25.86,2.68,92.66,0.77,1.46,Meghna_Bhairab Bazar
2011-07-01,28.37,31.57,25.35,3.2,90.49,0.81,2.72,Meghna_Bhairab Bazar
2011-07-02,32.78,30.4,25.68,3.12,89.83,0.83,2.1,Meghna_Bhairab Bazar
2011-07-03,1.57,31.08,25.38,2.45,87.76,0.83,3.76,Meghna_Bhairab Bazar
2011-07-04,5.43,30.97,24.71,2.49,89.24,0.82,3.23,Meghna_Bhairab Bazar
2011-07-05,3.97,31.48,24.47,2.03,86.49,0.81,5.1,Meghna_Bhairab Bazar
2011-07-06,3.03,31.66,24.33,2.81,86.77,0.8,5.41,Meghna_Bhairab Bazar
2011-07-07,10.71,31.38,24.58,3.4,88.11,0.79,4.45,Meghna_Bhairab Bazar
2011-07-08,16.7,31.3,24.89,2.76,87.81,0.8,4.0,Meghna_Bhairab Bazar
2011-07-09,7.43,32.24,25.14,2.44,87.35,0.8,4.87,Meghna_Bhairab Bazar
2011-07-10,1.68,32.44,25.76,2.2,86.66,0.79,5.2,Meghna_Bhairab Bazar
2011-07-11,0.7,32.61,26.3,2.38,87.05,0.78,5.28,Meghna_Bhairab Bazar
2011-07-12,3.79,31.89,25.83,2.63,87.98,0.77,4.11,Meghna_Bhairab Bazar
2011-07-13,3.06,32.53,25.02,2.23,86.49,0.77,5.56,Meghna_Bhairab Bazar
2011-07-14,3.62,31.28,25.78,2.62,89.6,0.76,3.63,Meghna_Bhairab Bazar
2011-07-15,10.04,30.66,26.0,2.25,89.09,0.76,3.22,Meghna_Bhairab Bazar
2011-07-16,1.9,31.15,25.46,2.36,88.14,0.76,4.26,Meghna_Bhairab Bazar
2011-07-17,0.8,32.29,24.89,2.81,87.36,0.75,5.56,Meghna_Bhairab Bazar
2011-07-18,5.12,29.94,26.09,4.02,90.54,0.74,2.52,Meghna_Bhairab Bazar
2011-07-19,20.82,30.43,25.96,2.24,91.22,0.75,1.66,Meghna_Bhairab Bazar
2011-07-20,9.59,31.36,25.87,2.33,89.56,0.76,3.14,Meghna_Bhairab Bazar
2011-07-21,20.0,31.21,25.55,2.96,90.6,0.77,2.3,Meghna_Bhairab Bazar
2011-07-22,7.79,30.65,25.15,3.31,90.28,0.78,2.79,Meghna_Bhairab Bazar
2011-07-23,1.5,29.47,24.48,1.78,90.62,0.77,1.7,Meghna_Bhairab Bazar
2011-07-24,1.48,32.29,24.5,1.36,85.58,0.77,5.81,Meghna_Bhairab Bazar
2011-07-25,5.15,31.35,25.79,1.82,88.18,0.76,3.57,Meghna_Bhairab Bazar
2011-07-26,6.35,32.05,25.22,1.72,85.34,0.76,5.34,Meghna_Bhairab Bazar
2011-07-27,0.51,31.26,25.88,1.87,86.69,0.75,4.62,Meghna_Bhairab Bazar
2011-07-28,1.77,32.66,25.66,1.51,84.88,0.74,6.16,Meghna_Bhairab Bazar
2011-07-29,2.23,32.56,25.37,1.54,85.41,0.73,5.15,Meghna_Bhairab Bazar
2011-07-30,9.06,32.73,25.67,2.06,85.89,0.73,6.28,Meghna_Bhairab Bazar
2011-07-31,7.49,33.68,25.49,1.11,82.94,0.73,7.61,Meghna_Bhairab Bazar
2011-08-01,0.22,34.16,27.4,0.86,78.48,0.72,8.46,Meghna_Bhairab Bazar
2011-08-02,6.26,33.87,27.32,1.46,83.1,0.71,5.6,Meghna_Bhairab Bazar
2011-08-03,10.14,32.18,26.37,2.27,87.79,0.71,4.12,Meghna_Bhairab Bazar
2011-08-04,11.3,32.05,26.23,2.45,88.91,0.72,4.42,Meghna_Bhairab Bazar
2011-08-05,20.08,30.29,25.99,3.06,92.07,0.73,1.93,Meghna_Bhairab Bazar
2011-08-06,25.02,30.67,26.24,2.82,91.24,0.76,1.59,Meghna_Bhairab Bazar
2011-08-07,11.21,29.85,26.2,2.79,93.48,0.77,1.27,Meghna_Bhairab Bazar
2011-08-08,23.3,29.24,26.06,2.24,93.1,0.78,1.24,Meghna_Bhairab Bazar
2011-08-09,47.54,29.09,25.05,2.46,94.7,0.81,0.71,Meghna_Bhairab Bazar
2011-08-10,26.21,29.68,25.24,1.36,90.64,0.85,2.08,Meghna_Bhairab Bazar
2011-08-11,2.45,31.56,24.87,2.06,86.8,0.84,4.72,Meghna_Bhairab Bazar
2011-08-12,3.23,31.14,24.39,2.62,89.4,0.83,3.7,Meghna_Bhairab Bazar
2011-08-13,10.14,30.45,24.52,2.45,89.57,0.83,2.67,Meghna_Bhairab Bazar
2011-08-14,8.08,30.14,25.08,2.23,90.24,0.83,2.8,Meghna_Bhairab Bazar
2011-08-15,13.64,30.97,24.89,2.21,88.82,0.83,3.66,Meghna_Bhairab Bazar
2011-08-16,72.82,27.95,24.75,2.36,92.99,0.86,0.88,Meghna_Bhairab Bazar
2011-08-17,31.15,27.01,23.84,1.92,92.94,0.92,0.74,Meghna_Bhairab Bazar
2011-08-18,6.38,29.56,23.75,2.21,90.39,0.91,2.48,Meghna_Bhairab Bazar
2011-08-19,8.61,29.87,24.04,1.39,87.15,0.9,2.51,Meghna_Bhairab Bazar
2011-08-20,11.02,32.4,24.92,1.03,85.76,0.9,5.11,Meghna_Bhairab Bazar
2011-08-21,13.92,28.85,25.62,1.99,94.19,0.9,0.67,Meghna_Bhairab Bazar
2011-08-22,8.5,30.52,25.34,2.06,91.28,0.9,2.02,Meghna_Bhairab Bazar
2011-08-23,9.73,30.43,25.21,1.83,90.61,0.9,2.42,Meghna_Bhairab Bazar
2011-08-24,8.23,28.86,25.26,1.84,92.76,0.9,1.21,Meghna_Bhairab Bazar
2011-08-25,3.84,28.77,24.71,1.43,93.02,0.9,1.18,Meghna_Bhairab Bazar
2011-08-26,3.51,29.18,24.77,1.24,91.83,0.9,1.39,Meghna_Bhairab Bazar
2011-08-27,2.63,30.08,24.77,1.03,90.04,0.9,1.98,Meghna_Bhairab Bazar
2011-08-28,0.7,29.74,25.59,1.14,90.57,0.9,2.04,Meghna_Bhairab Bazar
2011-08-29,0.5,32.43,24.87,1.21,86.69,0.89,4.61,Meghna_Bhairab Bazar
2011-08-30,2.63,32.38,25.5,1.19,86.43,0.88,5.69,Meghna_Bhairab Bazar
2011-08-31,3.19,30.84,25.06,1.7,89.84,0.88,3.69,Meghna_Bhairab Bazar
2011-09-01,1.78,31.39,24.99,2.06,87.9,0.88,5.1,Meghna_Bhairab Bazar
2011-09-02,3.62,31.06,24.42,1.6,88.19,0.87,4.87,Meghna_Bhairab Bazar
2011-09-03,0.48,31.88,22.94,1.47,82.56,0.86,6.56,Meghna_Bhairab Bazar
2011-09-04,1.46,31.87,25.5,1.67,87.26,0.85,4.82,Meghna_Bhairab Bazar
2011-09-05,3.57,31.48,25.5,1.44,88.09,0.85,3.95,Meghna_Bhairab Bazar
2011-09-06,5.13,30.48,25.67,2.17,91.47,0.85,2.72,Meghna_Bhairab Bazar
2011-09-07,8.99,28.32,25.27,2.46,93.78,0.85,1.05,Meghna_Bhairab Bazar
2011-09-08,4.73,30.7,24.23,2.86,91.77,0.85,2.98,Meghna_Bhairab Bazar
2011-09-09,0.9,30.69,25.28,2.23,91.07,0.84,2.66,Meghna_Bhairab Bazar
2011-09-10,1.46,30.78,25.02,1.24,89.17,0.84,2.93,Meghna_Bhairab Bazar
2011-09-11,4.83,30.73,24.95,0.87,84.07,0.84,3.72,Meghna_Bhairab Bazar
2011-09-12,1.21,32.3,25.5,0.87,83.58,0.83,4.67,Meghna_Bhairab Bazar
2011-09-13,5.81,33.86,26.52,1.51,86.11,0.83,5.35,Meghna_Bhairab Bazar
2011-09-14,18.93,29.32,25.6,2.28,92.22,0.84,1.7,Meghna_Bhairab Bazar
2011-09-15,9.66,28.18,25.23,2.41,94.13,0.84,0.87,Meghna_Bhairab Bazar
2011-09-16,46.06,28.62,25.44,3.06,95.35,0.87,0.43,Meghna_Bhairab Bazar
2011-09-17,21.74,29.28,25.09,3.02,94.22,0.9,1.11,Meghna_Bhairab Bazar
2011-09-18,5.09,29.9,24.7,2.39,91.17,0.89,2.87,Meghna_Bhairab Bazar
2011-09-19,2.51,31.96,25.08,1.42,88.8,0.89,4.7,Meghna_Bhairab Bazar
2011-09-20,4.34,30.04,24.67,1.17,88.24,0.88,2.36,Meghna_Bhairab Bazar
2011-09-21,2.66,30.62,24.37,1.9,89.45,0.88,3.98,Meghna_Bhairab Bazar
2011-09-22,2.0,30.51,25.14,1.69,90.58,0.87,3.12,Meghna_Bhairab Bazar
2011-09-23,3.1,30.01,24.9,2.05,90.26,0.87,3.11,Meghna_Bhairab Bazar
2011-09-24,1.3,30.92,24.17,2.68,89.38,0.86,5.1,Meghna_Bhairab Bazar
2011-09-25,1.02,31.0,24.35,2.28,88.99,0.85,5.67,Meghna_Bhairab Bazar
2011-09-26,1.51,31.24,24.02,1.76,88.4,0.84,6.01,Meghna_Bhairab Bazar
2011-09-27,7.18,30.91,24.39,2.2,89.5,0.84,4.88,Meghna_Bhairab Bazar
2011-09-28,3.13,31.46,24.77,1.13,85.66,0.84,6.13,Meghna_Bhairab Bazar
2011-09-29,0.27,31.76,24.56,1.01,84.66,0.83,6.99,Meghna_Bhairab Bazar
2011-09-30,0.24,32.51,24.08,1.47,86.12,0.82,7.07,Meghna_Bhairab Bazar
2011-10-01,0.16,33.0,25.15,1.69,86.04,0.81,6.89,Meghna_Bhairab Bazar
2011-10-02,1.89,31.78,25.07,1.85,86.56,0.8,5.84,Meghna_Bhairab Bazar
2011-10-03,12.29,31.85,24.03,1.14,84.77,0.8,6.31,Meghna_Bhairab Bazar
2011-10-04,7.1,31.76,24.75,1.1,84.0,0.8,6.12,Meghna_Bhairab Bazar
2011-10-05,1.01,31.93,24.0,1.16,83.33,0.79,6.56,Meghna_Bhairab Bazar
2011-10-06,0.96,31.77,25.08,0.51,78.16,0.79,7.99,Meghna_Bhairab Bazar
2011-10-07,1.85,31.44,24.0,0.72,80.85,0.78,6.97,Meghna_Bhairab Bazar
2011-10-08,3.09,31.61,24.93,0.77,78.42,0.78,5.74,Meghna_Bhairab Bazar
2011-10-09,1.3,31.33,25.25,0.74,77.51,0.77,6.47,Meghna_Bhairab Bazar
2011-10-10,0.68,31.45,25.01,0.76,79.66,0.76,6.62,Meghna_Bhairab Bazar
2011-10-11,0.16,31.81,24.87,0.92,80.54,0.76,7.47,Meghna_Bhairab Bazar
2011-10-12,0.0,31.71,23.18,1.28,83.19,0.75,7.68,Meghna_Bhairab Bazar
2011-10-13,0.0,31.22,21.72,1.13,83.58,0.74,7.44,Meghna_Bhairab Bazar
2011-10-14,0.0,31.02,22.24,0.96,82.95,0.73,7.5,Meghna_Bhairab Bazar
2011-10-15,0.0,31.19,22.62,0.57,79.94,0.72,7.68,Meghna_Bhairab Bazar
2011-10-16,0.0,30.76,22.76,0.8,77.32,0.71,7.5,Meghna_Bhairab Bazar
2011-10-17,0.15,30.87,22.85,1.08,81.93,0.71,6.94,Meghna_Bhairab Bazar
2011-10-18,0.74,27.83,23.55,1.33,91.31,0.7,2.49,Meghna_Bhairab Bazar
2011-10-19,0.91,29.62,22.62,1.47,85.2,0.7,5.38,Meghna_Bhairab Bazar
2011-10-20,0.0,28.31,22.91,2.57,91.04,0.69,2.58,Meghna_Bhairab Bazar
2011-10-21,2.15,27.81,23.54,1.07,90.84,0.69,2.34,Meghna_Bhairab Bazar
2011-10-22,9.17,28.82,22.72,0.95,87.51,0.7,3.02,Meghna_Bhairab Bazar
2011-10-23,1.81,29.7,22.09,0.69,81.64,0.7,6.8,Meghna_Bhairab Bazar
2011-10-24,0.0,29.9,20.97,1.23,80.81,0.69,6.44,Meghna_Bhairab Bazar
2011-10-25,0.0,29.85,20.36,1.02,77.48,0.68,6.14,Meghna_Bhairab Bazar
2011-10-26,0.0,30.26,20.78,0.92,75.51,0.67,6.38,Meghna_Bhairab Bazar
2011-10-27,0.0,30.19,21.32,1.05,76.32,0.66,5.87,Meghna_Bhairab Bazar
2011-10-28,0.0,29.66,20.1,1.32,77.06,0.66,5.22,Meghna_Bhairab Bazar
2011-10-29,0.0,29.8,18.87,0.92,74.14,0.65,5.5,Meghna_Bhairab Bazar
2011-10-30,0.0,29.3,19.99,0.69,74.24,0.64,5.06,Meghna_Bhairab Bazar
2011-10-31,0.0,28.66,19.97,0.97,74.26,0.64,4.79,Meghna_Bhairab Bazar
2011-11-01,0.0,28.26,19.68,0.76,72.41,0.63,4.44,Meghna_Bhairab Bazar
2011-11-02,0.0,28.54,19.09,1.03,70.42,0.63,4.27,Meghna_Bhairab Bazar
2011-11-03,0.0,28.33,17.6,0.85,68.13,0.62,4.18,Meghna_Bhairab Bazar
2011-11-04,0.0,28.37,17.13,1.0,69.81,0.62,3.81,Meghna_Bhairab Bazar
2011-11-05,0.0,29.41,17.32,0.87,71.28,0.61,4.27,Meghna_Bhairab Bazar
2011-11-06,0.0,28.67,18.56,0.68,68.65,0.6,3.71,Meghna_Bhairab Bazar
2011-11-07,0.0,28.06,17.6,1.13,74.32,0.6,3.28,Meghna_Bhairab Bazar
2011-11-08,0.0,29.45,16.83,1.43,75.78,0.6,3.47,Meghna_Bhairab Bazar
2011-11-09,0.0,30.45,16.48,1.13,69.49,0.59,3.71,Meghna_Bhairab Bazar
2011-11-10,0.0,30.29,17.62,0.87,66.88,0.59,3.7,Meghna_Bhairab Bazar
2011-11-11,0.0,29.5,18.33,0.7,65.63,0.58,3.5,Meghna_Bhairab Bazar
2011-11-12,0.0,29.22,18.87,0.72,69.11,0.58,2.98,Meghna_Bhairab Bazar
2011-11-13,0.0,29.57,18.59,0.67,70.83,0.57,3.07,Meghna_Bhairab Bazar
2011-11-14,0.0,29.25,18.14,0.86,70.58,0.57,2.89,Meghna_Bhairab Bazar
2011-11-15,0.0,28.69,18.42,0.86,72.07,0.56,2.44,Meghna_Bhairab Bazar
2011-11-16,0.02,28.5,18.53,0.91,68.54,0.56,2.34,Meghna_Bhairab Bazar
2011-11-17,0.01,28.14,17.21,1.11,73.76,0.56,2.15,Meghna_Bhairab Bazar
2011-11-18,0.0,28.11,16.38,1.14,72.46,0.55,2.05,Meghna_Bhairab Bazar
2011-11-19,0.0,28.22,15.92,1.12,72.57,0.55,1.98,Meghna_Bhairab Bazar
2011-11-20,0.0,29.75,16.39,1.06,73.7,0.54,2.29,Meghna_Bhairab Bazar
2011-11-21,0.0,29.81,16.42,1.06,70.44,0.54,2.31,Meghna_Bhairab Bazar
2011-11-22,0.0,30.28,16.55,1.2,67.32,0.54,2.25,Meghna_Bhairab Bazar
2011-11-23,0.0,30.7,15.9,1.34,71.74,0.53,2.14,Meghna_Bhairab Bazar
2011-11-24,0.0,30.98,15.83,1.09,69.18,0.53,2.23,Meghna_Bhairab Bazar
2011-11-25,0.0,29.9,16.92,1.29,70.44,0.53,2.02,Meghna_Bhairab Bazar
2011-11-26,0.0,29.16,17.2,1.06,68.56,0.52,1.89,Meghna_Bhairab Bazar
2011-11-27,0.0,27.86,17.24,0.89,67.1,0.52,1.64,Meghna_Bhairab Bazar
2011-11-28,0.0,27.66,16.67,1.1,69.93,0.52,1.41,Meghna_Bhairab Bazar
2011-11-29,0.0,27.62,16.14,1.19,72.1,0.51,1.4,Meghna_Bhairab Bazar
2011-11-30,0.0,27.84,15.81,1.11,72.91,0.51,1.32,Meghna_Bhairab Bazar
2011-12-01,0.0,29.86,17.08,0.83,69.01,0.51,1.58,Meghna_Bhairab Bazar
2011-12-02,0.0,30.4,17.05,0.78,70.28,0.5,1.7,Meghna_Bhairab Bazar
2011-12-03,0.0,28.76,18.67,1.18,71.7,0.5,1.34,Meghna_Bhairab Bazar
2011-12-04,0.0,27.5,16.57,1.19,75.84,0.5,0.99,Meghna_Bhairab Bazar
2011-12-05,0.0,28.52,18.09,0.81,69.65,0.5,1.21,Meghna_Bhairab Bazar
2011-12-06,0.0,28.58,16.72,1.06,74.01,0.49,1.18,Meghna_Bhairab Bazar
2011-12-07,0.0,29.26,16.31,1.14,71.29,0.49,1.22,Meghna_Bhairab Bazar
2011-12-08,0.0,29.24,16.48,0.9,71.2,0.49,1.29,Meghna_Bhairab Bazar
2011-12-09,0.0,28.4,16.0,0.98,71.86,0.49,1.11,Meghna_Bhairab Bazar
2011-12-10,0.0,28.11,16.85,1.03,67.26,0.48,1.0,Meghna_Bhairab Bazar
2011-12-11,0.0,27.27,14.86,1.14,68.31,0.48,0.86,Meghna_Bhairab Bazar
2011-12-12,0.0,26.7,14.58,1.47,68.96,0.48,0.81,Meghna_Bhairab Bazar
2011-12-13,0.0,24.72,12.61,1.38,67.79,0.48,0.68,Meghna_Bhairab Bazar
2011-12-14,0.0,24.72,12.91,1.16,69.67,0.47,0.67,Meghna_Bhairab Bazar
2011-12-15,0.0,24.52,12.4,1.06,67.91,0.47,0.66,Meghna_Bhairab Bazar
2011-12-16,0.0,25.01,11.56,1.2,67.99,0.47,0.68,Meghna_Bhairab Bazar
2011-12-17,0.0,24.08,11.37,1.2,66.2,0.47,0.67,Meghna_Bhairab Bazar
2011-12-18,0.06,24.83,10.28,1.21,62.91,0.47,0.68,Meghna_Bhairab Bazar
2011-12-19,0.0,24.23,11.46,1.1,59.94,0.47,0.67,Meghna_Bhairab Bazar
2011-12-20,0.0,24.74,10.95,1.25,60.32,0.46,0.66,Meghna_Bhairab Bazar
2011-12-21,0.0,25.64,11.97,1.06,61.09,0.46,0.68,Meghna_Bhairab Bazar
2011-12-22,0.04,25.7,10.14,1.18,63.36,0.46,0.67,Meghna_Bhairab Bazar
2011-12-23,0.0,24.54,10.35,1.15,61.73,0.46,0.59,Meghna_Bhairab Bazar
2011-12-24,0.0,25.13,12.16,1.0,56.72,0.46,0.49,Meghna_Bhairab Bazar
2011-12-25,0.0,27.5,11.73,1.07,62.28,0.45,0.67,Meghna_Bhairab Bazar
2011-12-26,0.0,28.1,13.34,0.94,60.14,0.45,0.64,Meghna_Bhairab Bazar
2011-12-27,0.0,28.54,14.35,0.94,57.74,0.45,0.65,Meghna_Bhairab Bazar
2011-12-28,0.0,29.29,13.67,1.23,59.88,0.45,0.63,Meghna_Bhairab Bazar
2011-12-29,0.0,29.27,14.78,1.39,65.59,0.45,0.62,Meghna_Bhairab Bazar
2011-12-30,0.0,28.89,14.67,1.31,62.37,0.44,0.6,Meghna_Bhairab Bazar
2011-12-31,0.0,27.85,12.82,1.37,58.74,0.44,0.55,Meghna_Bhairab Bazar
2012-01-01,0.0,28.3,13.34,1.15,57.68,0.44,0.54,Meghna_Bhairab Bazar
2012-01-02,1.19,28.36,16.71,1.67,61.45,0.44,0.55,Meghna_Bhairab Bazar
2012-01-03,0.89,25.66,16.02,1.36,72.59,0.44,0.34,Meghna_Bhairab Bazar
2012-01-04,0.0,25.78,13.32,1.38,68.46,0.44,0.38,Meghna_Bhairab Bazar
2012-01-05,0.03,26.12,13.14,1.27,62.02,0.43,0.39,Meghna_Bhairab Bazar
2012-01-06,0.11,25.78,12.77,1.24,63.05,0.43,0.38,Meghna_Bhairab Bazar
2012-01-07,0.01,26.36,13.23,1.49,67.43,0.43,0.35,Meghna_Bhairab Bazar
2012-01-08,0.31,26.96,13.69,1.29,68.14,0.43,0.37,Meghna_Bhairab Bazar
2012-01-09,3.89,27.25,14.3,1.3,69.05,0.43,0.35,Meghna_Bhairab Bazar
2012-01-10,0.77,26.38,14.77,1.01,69.82,0.43,0.38,Meghna_Bhairab Bazar
2012-01-11,0.01,26.78,15.59,1.52,66.3,0.43,0.44,Meghna_Bhairab Bazar
2012-01-12,0.0,24.86,11.91,2.08,65.02,0.43,0.34,Meghna_Bhairab Bazar
2012-01-13,0.0,22.24,8.78,2.01,58.38,0.43,0.28,Meghna_Bhairab Bazar
2012-01-14,0.0,22.61,8.92,1.81,60.59,0.43,0.23,Meghna_Bhairab Bazar
2012-01-15,0.0,23.9,8.96,1.19,53.26,0.43,0.29,Meghna_Bhairab Bazar
2012-01-16,0.0,24.44,11.45,1.03,48.78,0.42,0.28,Meghna_Bhairab Bazar
2012-01-17,0.0,25.99,10.82,1.11,52.45,0.42,0.29,Meghna_Bhairab Bazar
2012-01-18,0.03,26.72,12.03,1.42,61.39,0.42,0.23,Meghna_Bhairab Bazar
2012-01-19,0.95,27.37,14.61,0.88,57.53,0.42,0.32,Meghna_Bhairab Bazar
2012-01-20,0.28,26.58,12.03,1.09,58.52,0.42,0.3,Meghna_Bhairab Bazar
2012-01-21,0.0,26.35,14.26,1.45,58.79,0.42,0.26,Meghna_Bhairab Bazar
2012-01-22,0.0,23.64,10.92,1.46,59.32,0.42,0.23,Meghna_Bhairab Bazar
2012-01-23,0.0,24.15,9.68,1.38,55.67,0.41,0.23,Meghna_Bhairab Bazar
2012-01-24,0.0,24.29,10.29,1.37,54.56,0.41,0.2,Meghna_Bhairab Bazar
2012-01-25,0.0,24.54,10.07,1.29,48.28,0.41,0.19,Meghna_Bhairab Bazar
2012-01-26,0.0,25.33,9.34,1.47,49.42,0.41,0.2,Meghna_Bhairab Bazar
2012-01-27,0.0,26.2,11.49,1.45,51.51,0.41,0.21,Meghna_Bhairab Bazar
2012-01-28,0.0,25.89,11.34,1.74,50.86,0.41,0.21,Meghna_Bhairab Bazar
2012-01-29,0.0,25.41,9.84,1.83,52.76,0.41,0.2,Meghna_Bhairab Bazar
2012-01-30,0.0,27.75,10.57,1.83,52.23,0.4,0.22,Meghna_Bhairab Bazar
2012-01-31,0.0,27.24,10.92,1.66,48.27,0.4,0.21,Meghna_Bhairab Bazar
2012-02-01,0.0,27.01,10.41,1.92,47.45,0.4,0.18,Meghna_Bhairab Bazar
2012-02-02,0.0,25.78,9.53,1.72,42.14,0.4,0.17,Meghna_Bhairab Bazar
2012-02-03,0.0,27.07,10.56,1.13,40.76,0.4,0.19,Meghna_Bhairab Bazar
2012-02-04,0.0,27.98,12.45,1.23,44.71,0.4,0.18,Meghna_Bhairab Bazar
2012-02-05,0.0,29.42,14.05,1.32,43.77,0.39,0.17,Meghna_Bhairab Bazar
2012-02-06,0.0,29.57,14.12,1.26,42.7,0.39,0.16,Meghna_Bhairab Bazar
2012-02-07,0.0,29.6,15.59,1.36,44.28,0.39,0.17,Meghna_Bhairab Bazar
2012-02-08,0.0,29.7,13.38,1.2,49.89,0.39,0.16,Meghna_Bhairab Bazar
2012-02-09,0.0,29.57,16.64,1.79,55.24,0.39,0.12,Meghna_Bhairab Bazar
2012-02-10,0.0,27.87,12.97,2.02,47.53,0.39,0.15,Meghna_Bhairab Bazar
2012-02-11,0.0,27.32,9.93,1.74,35.97,0.38,0.13,Meghna_Bhairab Bazar
2012-02-12,0.0,25.93,11.47,1.56,36.93,0.38,0.11,Meghna_Bhairab Bazar
2012-02-13,0.0,29.05,11.53,1.29,37.26,0.38,0.12,Meghna_Bhairab Bazar
2012-02-14,0.0,29.86,13.01,1.42,39.06,0.38,0.11,Meghna_Bhairab Bazar
2012-02-15,0.0,30.61,14.95,1.43,44.57,0.38,0.1,Meghna_Bhairab Bazar
2012-02-16,0.01,31.94,15.95,1.5,51.91,0.38,0.12,Meghna_Bhairab Bazar
2012-02-17,0.0,31.55,16.66,1.81,49.98,0.37,0.1,Meghna_Bhairab Bazar
2012-02-18,0.0,31.51,16.58,1.42,47.12,0.37,0.1,Meghna_Bhairab Bazar
2012-02-19,0.0,30.84,14.83,1.48,36.83,0.37,0.1,Meghna_Bhairab Bazar
2012-02-20,0.0,29.85,14.59,1.52,33.44,0.37,0.08,Meghna_Bhairab Bazar
2012-02-21,0.0,30.49,14.24,1.4,36.67,0.37,0.08,Meghna_Bhairab Bazar
2012-02-22,0.0,32.24,14.8,1.19,41.5,0.36,0.07,Meghna_Bhairab Bazar
2012-02-23,0.0,33.28,15.48,1.22,47.8,0.36,0.07,Meghna_Bhairab Bazar
2012-02-24,0.0,33.84,16.04,1.71,41.49,0.36,0.06,Meghna_Bhairab Bazar
2012-02-25,0.0,34.76,16.72,1.55,32.76,0.36,0.06,Meghna_Bhairab Bazar
2012-02-26,0.0,34.62,17.78,1.66,31.47,0.36,0.05,Meghna_Bhairab Bazar
2012-02-27,0.0,32.49,17.51,1.49,30.25,0.35,0.04,Meghna_Bhairab Bazar
2012-02-28,0.0,32.02,14.38,1.91,30.23,0.35,0.03,Meghna_Bhairab Bazar
2012-02-29,13.95,29.35,16.53,1.69,74.82,0.37,0.07,Meghna_Bhairab Bazar
2012-03-01,0.15,32.74,19.13,1.6,59.27,0.37,0.12,Meghna_Bhairab Bazar
2012-03-02,0.64,32.27,18.27,2.1,59.6,0.37,0.1,Meghna_Bhairab Bazar
2012-03-03,0.74,32.86,18.78,1.29,56.26,0.37,0.1,Meghna_Bhairab Bazar
2012-03-04,0.18,32.66,16.64,1.89,47.44,0.37,0.09,Meghna_Bhairab Bazar
2012-03-05,0.0,33.77,17.42,1.95,46.65,0.36,0.08,Meghna_Bhairab Bazar
2012-03-06,0.01,35.02,18.06,2.49,59.19,0.36,0.07,Meghna_Bhairab Bazar
2012-03-07,0.42,35.03,19.88,2.68,65.73,0.36,0.07,Meghna_Bhairab Bazar
2012-03-08,2.18,32.4,21.02,2.05,67.38,0.36,0.05,Meghna_Bhairab Bazar
2012-03-09,0.0,34.17,19.64,1.28,60.87,0.36,0.06,Meghna_Bhairab Bazar
2012-03-10,0.04,34.35,19.89,1.14,51.23,0.36,0.06,Meghna_Bhairab Bazar
2012-03-11,0.0,35.11,18.68,1.85,40.27,0.36,0.05,Meghna_Bhairab Bazar
2012-03-12,0.0,35.02,15.63,1.83,29.83,0.35,0.04,Meghna_Bhairab Bazar
2012-03-13,0.0,35.64,18.26,1.97,29.95,0.35,0.03,Meghna_Bhairab Bazar
2012-03-14,0.15,34.2,17.11,1.73,48.67,0.35,0.02,Meghna_Bhairab Bazar
2012-03-15,0.0,32.66,19.8,1.79,42.1,0.35,0.01,Meghna_Bhairab Bazar
2012-03-16,0.0,33.44,17.78,1.76,34.39,0.35,0.01,Meghna_Bhairab Bazar
2012-03-17,0.0,34.46,16.57,1.22,32.11,0.34,0.01,Meghna_Bhairab Bazar
2012-03-18,3.62,31.64,20.07,1.61,53.83,0.35,0.01,Meghna_Bhairab Bazar
2012-03-19,0.05,34.83,19.68,1.33,48.6,0.35,0.01,Meghna_Bhairab Bazar
2012-03-20,0.01,35.88,20.96,1.35,58.59,0.34,0.01,Meghna_Bhairab Bazar
2012-03-21,0.0,36.59,22.46,2.43,58.71,0.34,0.01,Meghna_Bhairab Bazar
2012-03-22,0.06,37.84,21.79,2.89,57.12,0.34,0.01,Meghna_Bhairab Bazar
2012-03-23,0.0,36.98,20.8,1.52,42.89,0.34,0.01,Meghna_Bhairab Bazar
2012-03-24,0.0,37.01,16.55,1.26,28.64,0.34,0.0,Meghna_Bhairab Bazar
2012-03-25,0.0,37.39,19.3,1.92,46.32,0.34,0.0,Meghna_Bhairab Bazar
2012-03-26,0.0,37.94,20.73,2.32,52.71,0.34,0.0,Meghna_Bhairab Bazar
2012-03-27,0.0,38.0,21.08,2.77,51.08,0.34,0.0,Meghna_Bhairab Bazar
2012-03-28,0.0,38.76,21.53,2.91,50.79,0.34,0.0,Meghna_Bhairab Bazar
2012-03-29,0.0,39.71,22.06,2.85,49.7,0.33,0.0,Meghna_Bhairab Bazar
2012-03-30,0.0,38.76,22.34,1.73,49.1,0.33,0.0,Meghna_Bhairab Bazar
2012-03-31,0.0,36.99,24.19,1.24,46.01,0.33,0.0,Meghna_Bhairab Bazar
2012-04-01,0.0,38.95,22.83,1.54,30.63,0.33,0.0,Meghna_Bhairab Bazar
2012-04-02,0.0,38.16,24.8,1.33,38.07,0.33,0.0,Meghna_Bhairab Bazar
2012-04-03,0.0,38.97,23.8,1.74,48.23,0.33,0.0,Meghna_Bhairab Bazar
2012-04-04,0.48,38.33,24.93,2.73,47.56,0.33,0.0,Meghna_Bhairab Bazar
2012-04-05,2.97,36.48,24.21,2.62,53.51,0.34,0.0,Meghna_Bhairab Bazar
2012-04-06,18.32,28.39,22.68,2.01,78.62,0.36,0.01,Meghna_Bhairab Bazar
2012-04-07,8.21,30.95,20.59,1.62,72.83,0.38,0.12,Meghna_Bhairab Bazar
2012-04-08,31.48,32.05,20.08,2.46,79.22,0.4,0.18,Meghna_Bhairab Bazar
2012-04-09,26.6,30.81,23.1,3.73,82.46,0.45,0.58,Meghna_Bhairab Bazar
2012-04-10,15.59,30.21,22.65,1.81,83.28,0.47,0.72,Meghna_Bhairab Bazar
2012-04-11,8.46,29.7,23.0,2.16,82.71,0.49,0.84,Meghna_Bhairab Bazar
2012-04-12,15.88,31.33,22.14,2.63,81.23,0.5,1.19,Meghna_Bhairab Bazar
2012-04-13,8.46,29.42,22.74,2.41,87.65,0.51,0.7,Meghna_Bhairab Bazar
2012-04-14,0.14,34.07,21.58,1.71,72.97,0.51,1.89,Meghna_Bhairab Bazar
2012-04-15,6.12,33.72,21.77,1.89,71.68,0.5,1.83,Meghna_Bhairab Bazar
2012-04-16,9.41,33.46,22.5,2.19,70.54,0.51,2.09,Meghna_Bhairab Bazar
2012-04-17,5.1,34.73,23.19,2.3,67.69,0.51,2.3,Meghna_Bhairab Bazar
2012-04-18,3.73,35.63,23.49,3.18,71.16,0.51,2.16,Meghna_Bhairab Bazar
2012-04-19,11.49,33.52,24.32,2.92,77.22,0.51,1.79,Meghna_Bhairab Bazar
2012-04-20,8.71,33.77,24.97,2.21,77.76,0.52,1.84,Meghna_Bhairab Bazar
2012-04-21,14.12,32.33,24.26,1.67,78.14,0.53,2.14,Meghna_Bhairab Bazar
2012-04-22,6.01,35.36,24.0,3.01,73.98,0.54,2.59,Meghna_Bhairab Bazar
2012-04-23,0.75,36.64,24.03,3.65,70.37,0.53,3.17,Meghna_Bhairab Bazar
2012-04-24,1.3,35.33,25.0,3.31,73.24,0.52,2.52,Meghna_Bhairab Bazar
2012-04-25,5.02,34.8,24.97,3.14,75.29,0.52,2.33,Meghna_Bhairab Bazar
2012-04-26,16.37,32.55,24.22,2.44,77.4,0.53,2.24,Meghna_Bhairab Bazar
2012-04-27,6.09,35.27,24.7,3.73,75.04,0.54,2.59,Meghna_Bhairab Bazar
2012-04-28,5.02,35.14,24.74,3.99,75.8,0.54,2.6,Meghna_Bhairab Bazar
2012-04-29,5.71,36.13,25.83,4.33,71.77,0.53,3.1,Meghna_Bhairab Bazar
2012-04-30,14.3,34.14,25.05,3.87,76.04,0.54,2.87,Meghna_Bhairab Bazar
2012-05-01,20.37,31.73,25.65,3.57,81.75,0.56,2.49,Meghna_Bhairab Bazar
2012-05-02,11.55,32.73,25.15,2.02,80.17,0.57,2.92,Meghna_Bhairab Bazar
2012-05-03,12.51,32.32,24.51,1.33,77.58,0.58,3.33,Meghna_Bhairab Bazar
2012-05-04,2.95,30.96,23.67,0.92,76.58,0.58,2.77,Meghna_Bhairab Bazar
2012-05-05,0.0,31.97,22.89,1.09,68.1,0.57,2.22,Meghna_Bhairab Bazar
2012-05-06,0.0,35.52,24.38,0.91,60.51,0.57,4.35,Meghna_Bhairab Bazar
2012-05-07,0.0,37.34,22.93,1.21,57.12,0.55,4.07,Meghna_Bhairab Bazar
2012-05-08,0.0,36.63,23.43,0.84,57.79,0.55,4.04,Meghna_Bhairab Bazar
2012-05-09,0.02,35.34,24.82,1.07,67.75,0.54,3.02,Meghna_Bhairab Bazar
2012-05-10,0.09,33.99,25.38,1.1,72.7,0.53,1.88,Meghna_Bhairab Bazar
2012-05-11,1.51,34.11,25.84,1.92,73.65,0.53,2.34,Meghna_Bhairab Bazar
2012-05-12,5.97,33.91,25.18,2.3,75.38,0.53,2.46,Meghna_Bhairab Bazar
2012-05-13,6.16,33.15,25.36,2.98,81.04,0.53,1.74,Meghna_Bhairab Bazar
2012-05-14,6.54,34.58,26.33,3.52,80.63,0.54,1.96,Meghna_Bhairab Bazar
2012-05-15,6.25,34.46,26.63,3.29,80.21,0.54,1.74,Meghna_Bhairab Bazar
2012-05-16,6.92,33.69,25.08,2.7,79.31,0.55,2.29,Meghna_Bhairab Bazar
2012-05-17,2.04,35.45,25.11,2.34,75.28,0.54,2.72,Meghna_Bhairab Bazar
2012-05-18,1.47,35.6,24.82,1.44,73.93,0.54,2.36,Meghna_Bhairab Bazar
2012-05-19,14.33,33.06,25.68,2.01,80.36,0.54,1.86,Meghna_Bhairab Bazar
2012-05-20,9.56,33.86,25.5,1.49,77.69,0.56,2.78,Meghna_Bhairab Bazar
2012-05-21,11.46,31.35,25.68,1.64,85.17,0.57,1.37,Meghna_Bhairab Bazar
2012-05-22,1.24,35.2,25.45,2.38,77.4,0.56,3.27,Meghna_Bhairab Bazar
2012-05-23,2.9,34.64,26.27,2.91,79.76,0.56,2.17,Meghna_Bhairab Bazar
2012-05-24,4.55,34.45,26.22,3.03,79.58,0.56,2.55,Meghna_Bhairab Bazar
2012-05-25,3.06,34.81,26.15,1.97,77.89,0.56,2.2,Meghna_Bhairab Bazar
2012-05-26,3.31,34.33,26.38,1.59,77.13,0.55,2.11,Meghna_Bhairab Bazar
2012-05-27,8.94,32.6,26.23,1.84,82.71,0.56,1.47,Meghna_Bhairab Bazar
2012-05-28,12.15,32.35,27.05,2.17,82.41,0.57,1.67,Meghna_Bhairab Bazar
2012-05-29,5.03,34.51,25.89,1.01,74.26,0.57,2.81,Meghna_Bhairab Bazar
2012-05-30,13.25,31.24,26.78,1.07,86.17,0.58,1.05,Meghna_Bhairab Bazar
2012-05-31,14.57,29.55,26.36,1.48,91.85,0.6,0.63,Meghna_Bhairab Bazar
2012-06-01,15.35,31.12,26.0,2.48,88.57,0.62,1.52,Meghna_Bhairab Bazar
2012-06-02,13.82,32.05,25.54,3.03,87.05,0.63,2.49,Meghna_Bhairab Bazar
2012-06-03,14.42,33.24,26.63,4.57,86.63,0.64,3.62,Meghna_Bhairab Bazar
2012-06-04,21.88,32.36,27.08,4.52,88.35,0.65,2.34,Meghna_Bhairab Bazar
2012-06-05,14.98,32.19,26.46,3.06,87.19,0.67,3.84,Meghna_Bhairab Bazar
2012-06-06,4.77,31.22,25.25,2.04,88.05,0.67,2.87,Meghna_Bhairab Bazar
2012-06-07,9.25,33.19,25.6,1.88,86.26,0.66,3.96,Meghna_Bhairab Bazar
2012-06-08,4.2,32.81,26.56,1.14,82.91,0.67,4.02,Meghna_Bhairab Bazar
2012-06-09,1.01,31.93,27.12,2.04,87.86,0.66,2.23,Meghna_Bhairab Bazar
2012-06-10,3.69,31.76,26.37,2.74,86.91,0.66,2.7,Meghna_Bhairab Bazar
2012-06-11,8.33,32.99,25.44,2.59,84.68,0.66,4.7,Meghna_Bhairab Bazar
2012-06-12,3.0,33.97,25.49,1.8,82.81,0.65,5.63,Meghna_Bhairab Bazar
2012-06-13,1.46,33.92,26.98,2.56,83.2,0.64,4.97,Meghna_Bhairab Bazar
2012-06-14,9.04,32.43,26.84,3.62,87.21,0.64,3.04,Meghna_Bhairab Bazar
2012-06-15,45.78,30.97,26.3,3.95,90.42,0.67,1.6,Meghna_Bhairab Bazar
2012-06-16,45.47,28.94,26.25,3.5,92.65,0.74,0.95,Meghna_Bhairab Bazar
2012-06-17,4.65,31.91,25.55,2.01,87.23,0.74,4.12,Meghna_Bhairab Bazar
2012-06-18,8.28,32.96,25.12,1.3,83.9,0.73,5.72,Meghna_Bhairab Bazar
2012-06-19,14.07,31.21,25.92,1.66,87.55,0.74,2.8,Meghna_Bhairab Bazar
2012-06-20,3.85,32.47,26.16,3.57,89.66,0.74,3.14,Meghna_Bhairab Bazar
2012-06-21,11.23,32.08,26.29,3.6,88.05,0.73,3.99,Meghna_Bhairab Bazar
2012-06-22,10.23,30.11,25.79,3.09,91.73,0.74,1.53,Meghna_Bhairab Bazar
2012-06-23,18.14,30.22,26.3,4.76,89.43,0.75,3.12,Meghna_Bhairab Bazar
2012-06-24,24.85,30.87,26.35,4.42,91.47,0.77,1.93,Meghna_Bhairab Bazar
2012-06-25,23.15,30.64,26.04,4.88,90.06,0.79,2.41,Meghna_Bhairab Bazar
2012-06-26,6.23,30.33,26.18,4.3,91.74,0.79,1.57,Meghna_Bhairab Bazar
2012-06-27,2.69,30.4,26.26,3.97,91.95,0.79,1.7,Meghna_Bhairab Bazar
2012-06-28,2.04,32.33,25.96,2.82,87.23,0.78,4.1,Meghna_Bhairab Bazar
2012-06-29,0.0,33.35,25.11,1.87,84.93,0.77,5.34,Meghna_Bhairab Bazar
2012-06-30,0.07,33.08,25.65,2.0,84.8,0.76,5.73,Meghna_Bhairab Bazar
2012-07-01,15.22,33.16,26.1,2.03,84.46,0.75,5.51,Meghna_Bhairab Bazar
2012-07-02,3.21,33.02,25.48,2.08,85.09,0.76,5.75,Meghna_Bhairab Bazar
2012-07-03,2.83,31.7,25.68,3.26,87.56,0.74,4.27,Meghna_Bhairab Bazar
2012-07-04,5.48,30.28,25.52,2.73,90.64,0.74,1.87,Meghna_Bhairab Bazar
2012-07-05,6.77,32.31,25.66,3.0,87.89,0.74,4.16,Meghna_Bhairab Bazar
2012-07-06,1.74,32.63,25.21,2.68,86.71,0.73,5.44,Meghna_Bhairab Bazar
2012-07-07,5.7,31.66,25.7,2.28,88.38,0.73,3.75,Meghna_Bhairab Bazar
2012-07-08,3.65,31.85,25.92,3.33,86.61,0.73,5.63,Meghna_Bhairab Bazar
2012-07-09,8.0,32.14,25.1,3.41,86.49,0.72,5.74,Meghna_Bhairab Bazar
2012-07-10,9.96,32.13,25.37,3.22,88.51,0.72,4.04,Meghna_Bhairab Bazar
2012-07-11,4.48,31.8,25.22,2.82,88.41,0.72,3.75,Meghna_Bhairab Bazar
2012-07-12,10.66,32.68,26.09,3.17,87.61,0.72,4.75,Meghna_Bhairab Bazar
2012-07-13,24.51,32.13,26.76,2.79,88.96,0.73,2.98,Meghna_Bhairab Bazar
2012-07-14,26.43,29.28,26.64,3.12,94.69,0.76,0.55,Meghna_Bhairab Bazar
2012-07-15,7.93,30.22,26.06,3.85,90.4,0.77,2.38,Meghna_Bhairab Bazar
2012-07-16,2.67,30.85,25.75,3.54,88.91,0.76,3.13,Meghna_Bhairab Bazar
2012-07-17,17.33,31.88,25.97,3.45,90.8,0.76,2.71,Meghna_Bhairab Bazar
2012-07-18,30.71,29.54,26.56,3.53,93.93,0.79,0.68,Meghna_Bhairab Bazar
2012-07-19,26.49,31.62,25.52,3.08,89.49,0.81,3.29,Meghna_Bhairab Bazar
2012-07-20,10.89,32.48,25.41,2.53,89.01,0.82,3.65,Meghna_Bhairab Bazar
2012-07-21,2.31,32.4,25.72,3.51,87.63,0.81,4.93,Meghna_Bhairab Bazar
2012-07-22,3.4,31.61,25.85,3.76,88.21,0.8,4.51,Meghna_Bhairab Bazar
2012-07-23,18.36,31.45,25.98,3.5,90.2,0.79,3.24,Meghna_Bhairab Bazar
2012-07-24,15.02,29.65,26.13,2.98,91.64,0.81,1.6,Meghna_Bhairab Bazar
2012-07-25,1.12,32.83,25.38,2.71,87.94,0.81,4.82,Meghna_Bhairab Bazar
2012-07-26,2.26,32.09,25.42,2.92,89.34,0.79,4.21,Meghna_Bhairab Bazar
2012-07-27,3.97,31.61,25.34,3.61,88.49,0.79,4.91,Meghna_Bhairab Bazar
2012-07-28,4.64,29.88,25.82,3.86,91.5,0.78,1.87,Meghna_Bhairab Bazar
2012-07-29,5.94,29.82,26.09,2.39,90.94,0.79,1.57,Meghna_Bhairab Bazar
2012-07-30,1.29,31.73,25.43,3.32,86.37,0.78,5.92,Meghna_Bhairab Bazar
2012-07-31,1.16,31.76,24.97,3.15,88.84,0.77,4.83,Meghna_Bhairab Bazar
2012-08-01,1.21,32.33,25.3,3.12,87.49,0.76,5.56,Meghna_Bhairab Bazar
2012-08-02,4.13,30.91,25.71,2.62,90.2,0.75,3.32,Meghna_Bhairab Bazar
2012-08-03,14.36,31.4,25.51,1.94,90.13,0.76,2.72,Meghna_Bhairab Bazar
2012-08-04,16.09,30.85,25.49,2.41,89.97,0.77,2.23,Meghna_Bhairab Bazar
2012-08-05,16.74,32.2,25.48,3.06,88.28,0.78,4.79,Meghna_Bhairab Bazar
2012-08-06,10.04,31.42,25.61,3.03,90.26,0.78,3.01,Meghna_Bhairab Bazar
2012-08-07,4.12,29.4,25.79,2.01,92.77,0.78,1.17,Meghna_Bhairab Bazar
2012-08-08,10.97,30.0,26.2,1.83,90.94,0.79,1.59,Meghna_Bhairab Bazar
2012-08-09,8.28,31.65,25.97,1.56,89.83,0.79,2.68,Meghna_Bhairab Bazar
2012-08-10,5.69,31.86,24.89,2.48,87.82,0.79,4.08,Meghna_Bhairab Bazar
2012-08-11,5.33,31.81,25.0,2.66,87.96,0.78,5.05,Meghna_Bhairab Bazar
2012-08-12,21.44,29.61,25.28,2.23,91.58,0.79,2.02,Meghna_Bhairab Bazar
2012-08-13,22.36,29.76,25.36,2.63,91.52,0.81,1.76,Meghna_Bhairab Bazar
2012-08-14,5.77,31.54,25.29,2.09,90.21,0.81,3.54,Meghna_Bhairab Bazar
2012-08-15,17.63,31.11,26.17,2.15,90.19,0.82,2.34,Meghna_Bhairab Bazar
2012-08-16,12.35,32.76,25.83,1.96,87.45,0.82,4.08,Meghna_Bhairab Bazar
2012-08-17,19.1,32.37,25.65,2.43,88.07,0.83,4.89,Meghna_Bhairab Bazar
2012-08-18,0.2,32.66,24.93,2.13,86.86,0.82,6.33,Meghna_Bhairab Bazar
2012-08-19,4.79,32.0,25.6,2.95,89.28,0.81,4.61,Meghna_Bhairab Bazar
2012-08-20,8.28,29.49,25.02,3.37,91.18,0.81,2.28,Meghna_Bhairab Bazar
2012-08-21,27.1,31.16,24.59,3.55,91.07,0.82,3.14,Meghna_Bhairab Bazar
2012-08-22,31.07,30.8,25.51,2.62,90.96,0.85,2.56,Meghna_Bhairab Bazar
2012-08-23,5.97,30.23,25.94,1.89,91.54,0.86,1.56,Meghna_Bhairab Bazar
2012-08-24,3.17,30.57,25.9,0.74,89.12,0.85,1.89,Meghna_Bhairab Bazar
2012-08-25,5.11,31.26,26.11,1.02,88.24,0.85,1.23,Meghna_Bhairab Bazar
2012-08-26,3.62,29.18,25.62,1.69,92.64,0.85,1.57,Meghna_Bhairab Bazar
2012-08-27,6.79,31.05,25.27,1.69,89.79,0.85,3.38,Meghna_Bhairab Bazar
2012-08-28,2.1,30.41,25.54,1.6,89.37,0.85,2.72,Meghna_Bhairab Bazar
2012-08-29,12.75,31.42,26.0,1.48,88.7,0.85,2.93,Meghna_Bhairab Bazar
2012-08-30,12.49,31.08,26.15,2.37,89.86,0.86,3.31,Meghna_Bhairab Bazar
2012-08-31,1.09,32.35,25.36,2.34,88.41,0.85,5.41,Meghna_Bhairab Bazar
2012-09-01,1.5,31.83,25.8,1.82,87.93,0.84,4.37,Meghna_Bhairab Bazar
2012-09-02,5.34,30.04,26.38,1.67,91.43,0.84,1.45,Meghna_Bhairab Bazar
2012-09-03,4.57,30.83,26.23,1.7,90.28,0.84,2.39,Meghna_Bhairab Bazar
2012-09-04,3.51,29.24,25.32,1.98,92.59,0.84,1.8,Meghna_Bhairab Bazar
2012-09-05,2.76,28.15,25.05,1.33,93.38,0.84,0.96,Meghna_Bhairab Bazar
2012-09-06,4.5,30.75,24.37,1.42,90.63,0.84,3.25,Meghna_Bhairab Bazar
2012-09-07,0.35,32.04,25.05,1.3,87.61,0.83,4.65,Meghna_Bhairab Bazar
2012-09-08,3.25,32.69,25.65,1.26,86.38,0.82,2.71,Meghna_Bhairab Bazar
2012-09-09,9.92,31.31,25.63,2.0,89.43,0.82,3.71,Meghna_Bhairab Bazar
2012-09-10,2.93,30.02,24.86,2.13,90.98,0.83,2.33,Meghna_Bhairab Bazar
2012-09-11,6.02,29.1,25.82,2.59,93.8,0.83,1.2,Meghna_Bhairab Bazar
2012-09-12,24.33,30.2,25.29,2.73,92.43,0.84,1.96,Meghna_Bhairab Bazar
2012-09-13,4.13,29.81,25.14,2.53,92.1,0.85,2.41,Meghna_Bhairab Bazar
2012-09-14,8.73,29.28,25.48,2.08,93.61,0.84,1.15,Meghna_Bhairab Bazar
2012-09-15,18.69,28.7,25.11,1.97,94.79,0.85,0.75,Meghna_Bhairab Bazar
2012-09-16,16.89,28.75,24.95,2.21,93.22,0.87,1.51,Meghna_Bhairab Bazar
2012-09-17,5.74,30.29,24.58,1.75,92.27,0.87,2.2,Meghna_Bhairab Bazar
2012-09-18,2.36,30.5,25.32,2.3,91.66,0.87,2.89,Meghna_Bhairab Bazar
2012-09-19,2.35,30.78,25.41,2.87,90.79,0.86,3.75,Meghna_Bhairab Bazar
2012-09-20,1.85,30.97,25.53,3.07,90.38,0.85,3.73,Meghna_Bhairab Bazar
2012-09-21,0.84,31.08,25.34,3.33,89.37,0.84,5.27,Meghna_Bhairab Bazar
2012-09-22,1.2,30.51,25.36,2.75,89.96,0.84,3.53,Meghna_Bhairab Bazar
2012-09-23,3.25,30.17,25.22,2.38,91.5,0.83,3.14,Meghna_Bhairab Bazar
2012-09-24,14.61,30.05,25.35,1.18,89.78,0.83,1.91,Meghna_Bhairab Bazar
2012-09-25,11.04,31.24,24.64,0.99,85.2,0.85,3.56,Meghna_Bhairab Bazar
2012-09-26,7.32,31.58,24.75,0.9,85.82,0.85,3.84,Meghna_Bhairab Bazar
2012-09-27,1.82,31.4,25.58,0.73,86.82,0.85,2.6,Meghna_Bhairab Bazar
2012-09-28,0.0,30.1,25.67,1.18,86.33,0.84,2.03,Meghna_Bhairab Bazar
2012-09-29,0.01,28.55,25.51,1.4,92.76,0.84,1.01,Meghna_Bhairab Bazar
2012-09-30,0.13,28.49,25.12,1.06,94.41,0.84,0.93,Meghna_Bhairab Bazar
2012-10-01,2.76,28.57,25.35,1.82,91.0,0.83,1.46,Meghna_Bhairab Bazar
2012-10-02,3.6,29.54,25.34,2.05,92.88,0.84,1.71,Meghna_Bhairab Bazar
2012-10-03,9.26,28.55,25.45,2.56,95.06,0.83,0.62,Meghna_Bhairab Bazar
2012-10-04,16.21,27.95,25.34,2.88,94.52,0.85,0.64,Meghna_Bhairab Bazar
2012-10-05,10.06,28.64,24.93,1.76,95.05,0.86,0.5,Meghna_Bhairab Bazar
2012-10-06,6.06,29.41,24.32,0.78,85.46,0.86,2.91,Meghna_Bhairab Bazar
2012-10-07,0.0,30.51,25.55,0.52,82.78,0.86,4.49,Meghna_Bhairab Bazar
2012-10-08,0.23,31.45,24.62,1.23,87.3,0.85,4.49,Meghna_Bhairab Bazar
2012-10-09,6.25,31.34,25.13,0.83,85.68,0.85,1.89,Meghna_Bhairab Bazar
2012-10-10,5.71,29.67,24.95,0.96,90.86,0.85,1.46,Meghna_Bhairab Bazar
2012-10-11,10.14,27.63,24.12,2.1,93.39,0.86,0.85,Meghna_Bhairab Bazar
2012-10-12,1.85,30.49,22.69,1.56,86.92,0.86,5.12,Meghna_Bhairab Bazar
2012-10-13,0.57,30.41,23.35,1.31,83.12,0.85,5.41,Meghna_Bhairab Bazar
2012-10-14,0.19,29.6,22.11,1.35,84.95,0.84,5.33,Meghna_Bhairab Bazar
2012-10-15,0.1,30.55,22.07,1.31,83.94,0.83,6.32,Meghna_Bhairab Bazar
2012-10-16,0.0,30.94,21.18,1.35,83.86,0.82,6.83,Meghna_Bhairab Bazar
2012-10-17,0.0,31.49,22.02,0.95,81.7,0.81,7.48,Meghna_Bhairab Bazar
2012-10-18,0.0,31.38,22.21,1.37,83.45,0.8,6.63,Meghna_Bhairab Bazar
2012-10-19,0.0,30.33,21.63,1.47,85.35,0.8,5.91,Meghna_Bhairab Bazar
2012-10-20,0.0,30.03,20.48,1.32,84.49,0.79,6.36,Meghna_Bhairab Bazar
2012-10-21,0.0,30.45,19.73,1.29,83.76,0.78,7.08,Meghna_Bhairab Bazar
2012-10-22,0.0,30.17,19.68,1.43,84.69,0.77,6.61,Meghna_Bhairab Bazar
2012-10-23,0.0,29.58,19.97,1.19,85.53,0.77,6.73,Meghna_Bhairab Bazar
2012-10-24,0.0,28.58,19.25,1.51,83.9,0.76,5.93,Meghna_Bhairab Bazar
2012-10-25,0.0,28.36,18.07,1.08,81.63,0.75,5.68,Meghna_Bhairab Bazar
2012-10-26,0.0,28.56,17.75,1.64,82.37,0.74,5.52,Meghna_Bhairab Bazar
2012-10-27,0.0,28.8,15.94,1.54,84.74,0.73,5.5,Meghna_Bhairab Bazar
2012-10-28,0.0,29.62,17.66,1.35,84.62,0.73,6.05,Meghna_Bhairab Bazar
2012-10-29,0.0,30.68,19.16,1.31,84.66,0.72,6.42,Meghna_Bhairab Bazar
2012-10-30,0.0,31.17,19.58,1.19,85.0,0.71,6.76,Meghna_Bhairab Bazar
2012-10-31,0.0,31.2,20.31,1.05,83.48,0.71,6.69,Meghna_Bhairab Bazar
2012-11-01,0.0,30.39,19.63,1.11,81.26,0.7,6.37,Meghna_Bhairab Bazar
2012-11-02,0.09,28.62,18.66,1.19,77.51,0.69,4.93,Meghna_Bhairab Bazar
2012-11-03,4.29,25.75,18.27,1.19,74.98,0.69,2.08,Meghna_Bhairab Bazar
2012-11-04,6.37,26.98,17.59,1.03,79.21,0.69,3.27,Meghna_Bhairab Bazar
2012-11-05,13.16,28.24,20.7,0.77,82.41,0.7,3.63,Meghna_Bhairab Bazar
2012-11-06,11.72,28.67,22.09,2.01,89.69,0.71,3.69,Meghna_Bhairab Bazar
2012-11-07,8.21,27.4,20.35,1.6,86.78,0.71,4.09,Meghna_Bhairab Bazar
2012-11-08,0.0,27.19,19.4,1.04,83.44,0.71,4.71,Meghna_Bhairab Bazar
2012-11-09,0.0,26.79,17.01,1.22,77.12,0.7,4.22,Meghna_Bhairab Bazar
2012-11-10,0.0,26.55,16.32,1.1,77.45,0.7,4.62,Meghna_Bhairab Bazar
2012-11-11,0.0,27.31,15.95,0.94,79.54,0.69,5.22,Meghna_Bhairab Bazar
2012-11-12,0.0,27.19,17.4,0.83,78.8,0.68,5.42,Meghna_Bhairab Bazar
2012-11-13,0.0,27.64,17.03,1.2,81.61,0.68,4.49,Meghna_Bhairab Bazar
2012-11-14,0.0,27.47,17.3,0.79,77.42,0.67,4.79,Meghna_Bhairab Bazar
2012-11-15,0.0,28.06,17.74,0.69,72.85,0.67,5.4,Meghna_Bhairab Bazar
2012-11-16,0.0,28.9,16.14,1.13,76.19,0.66,4.55,Meghna_Bhairab Bazar
2012-11-17,0.0,29.59,18.01,1.07,79.21,0.65,4.74,Meghna_Bhairab Bazar
2012-11-18,0.0,30.74,19.61,1.03,78.96,0.65,4.84,Meghna_Bhairab Bazar
2012-11-19,0.15,30.22,19.03,1.25,78.61,0.64,4.58,Meghna_Bhairab Bazar
2012-11-20,0.0,29.78,18.04,1.69,79.68,0.64,4.07,Meghna_Bhairab Bazar
2012-11-21,0.0,29.77,17.22,1.71,76.51,0.63,4.07,Meghna_Bhairab Bazar
2012-11-22,0.0,26.78,14.61,1.81,75.55,0.62,3.35,Meghna_Bhairab Bazar
2012-11-23,0.0,26.56,12.89,1.52,73.99,0.62,2.65,Meghna_Bhairab Bazar
2012-11-24,0.0,25.86,12.26,1.51,73.08,0.62,2.6,Meghna_Bhairab Bazar
2012-11-25,0.0,25.35,12.75,1.2,72.89,0.61,2.0,Meghna_Bhairab Bazar
2012-11-26,0.0,25.86,13.25,1.51,74.0,0.61,2.17,Meghna_Bhairab Bazar
2012-11-27,0.0,25.47,11.74,1.39,75.21,0.6,2.11,Meghna_Bhairab Bazar
2012-11-28,0.0,25.03,12.18,1.51,75.59,0.6,2.04,Meghna_Bhairab Bazar
2012-11-29,0.0,25.33,11.03,1.31,77.7,0.6,2.26,Meghna_Bhairab Bazar
2012-11-30,0.0,26.44,13.39,0.97,73.64,0.59,2.29,Meghna_Bhairab Bazar
2012-12-01,0.0,26.92,13.67,1.16,69.96,0.59,2.39,Meghna_Bhairab Bazar
2012-12-02,0.0,26.21,13.45,1.38,69.53,0.59,2.06,Meghna_Bhairab Bazar
2012-12-03,0.0,26.54,11.67,1.61,75.14,0.58,1.95,Meghna_Bhairab Bazar
2012-12-04,0.0,26.8,12.78,1.19,69.86,0.58,1.96,Meghna_Bhairab Bazar
2012-12-05,0.0,27.33,13.11,1.07,67.99,0.58,1.83,Meghna_Bhairab Bazar
2012-12-06,0.0,26.13,12.35,1.06,68.86,0.57,1.66,Meghna_Bhairab Bazar
2012-12-07,0.0,25.17,11.76,1.05,71.89,0.57,1.21,Meghna_Bhairab Bazar
2012-12-08,0.0,24.58,11.47,1.13,73.32,0.57,1.14,Meghna_Bhairab Bazar
2012-12-09,0.0,25.4,11.32,1.34,76.33,0.57,1.24,Meghna_Bhairab Bazar
2012-12-10,0.0,26.3,11.81,1.18,71.03,0.56,1.27,Meghna_Bhairab Bazar
2012-12-11,0.0,27.22,13.96,1.09,66.35,0.56,1.33,Meghna_Bhairab Bazar
2012-12-12,1.23,25.4,17.09,1.07,77.93,0.56,0.81,Meghna_Bhairab Bazar
2012-12-13,0.0,26.69,15.93,1.08,77.11,0.56,1.7,Meghna_Bhairab Bazar
2012-12-14,0.0,27.13,14.05,1.28,69.1,0.55,1.6,Meghna_Bhairab Bazar
2012-12-15,0.0,27.05,14.41,1.14,67.57,0.55,1.6,Meghna_Bhairab Bazar
2012-12-16,0.0,26.86,11.53,1.65,67.65,0.55,1.47,Meghna_Bhairab Bazar
2012-12-17,0.0,25.22,11.0,1.47,73.4,0.54,1.23,Meghna_Bhairab Bazar
2012-12-18,0.0,24.92,12.81,1.27,74.87,0.54,1.15,Meghna_Bhairab Bazar
2012-12-19,0.0,24.13,12.93,1.06,72.4,0.54,0.92,Meghna_Bhairab Bazar
2012-12-20,0.0,23.68,12.53,1.12,67.5,0.54,1.05,Meghna_Bhairab Bazar
2012-12-21,0.0,24.04,10.47,1.41,65.97,0.53,1.19,Meghna_Bhairab Bazar
2012-12-22,0.0,23.2,7.54,1.49,69.18,0.53,0.95,Meghna_Bhairab Bazar
2012-12-23,0.0,25.33,7.62,1.23,71.34,0.53,1.09,Meghna_Bhairab Bazar
2012-12-24,0.0,25.29,11.02,1.3,74.67,0.53,1.17,Meghna_Bhairab Bazar
2012-12-25,0.0,24.01,9.88,1.4,70.74,0.52,0.99,Meghna_Bhairab Bazar
2012-12-26,0.0,23.09,7.99,1.46,65.54,0.52,1.01,Meghna_Bhairab Bazar
2012-12-27,0.0,23.07,6.44,1.21,66.06,0.52,0.9,Meghna_Bhairab Bazar
2012-12-28,0.0,22.8,7.21,1.29,66.76,0.52,0.92,Meghna_Bhairab Bazar
2012-12-29,0.08,23.19,9.29,1.25,63.17,0.51,0.88,Meghna_Bhairab Bazar
2012-12-30,0.0,24.03,9.82,1.27,65.28,0.51,0.92,Meghna_Bhairab Bazar
2012-12-31,4.15,23.15,8.68,1.32,63.3,0.51,0.79,Meghna_Bhairab Bazar
2013-01-01,0.0,24.84,10.88,1.35,64.4,0.51,0.83,Meghna_Bhairab Bazar
2013-01-02,0.0,25.69,10.99,1.35,67.75,0.51,0.88,Meghna_Bhairab Bazar
2013-01-03,0.02,22.18,12.82,1.2,73.63,0.51,0.35,Meghna_Bhairab Bazar
2013-01-04,0.0,25.97,13.47,1.3,73.42,0.51,0.92,Meghna_Bhairab Bazar
2013-01-05,0.0,24.4,9.59,1.45,63.66,0.5,0.77,Meghna_Bhairab Bazar
2013-01-06,0.0,24.64,8.63,1.49,55.62,0.5,0.69,Meghna_Bhairab Bazar
2013-01-07,0.0,23.9,8.79,1.91,59.04,0.5,0.66,Meghna_Bhairab Bazar
2013-01-08,0.0,20.63,6.4,1.96,52.63,0.5,0.59,Meghna_Bhairab Bazar
2013-01-09,0.0,19.81,3.68,1.76,55.0,0.49,0.57,Meghna_Bhairab Bazar
2013-01-10,0.0,19.87,4.94,1.63,57.37,0.49,0.45,Meghna_Bhairab Bazar
2013-01-11,0.0,20.26,6.76,1.31,61.64,0.49,0.41,Meghna_Bhairab Bazar
2013-01-12,0.0,22.65,9.35,1.1,64.59,0.49,0.55,Meghna_Bhairab Bazar
2013-01-13,0.0,24.01,8.6,1.18,64.38,0.49,0.61,Meghna_Bhairab Bazar
2013-01-14,0.0,25.8,11.41,1.09,60.56,0.48,0.66,Meghna_Bhairab Bazar
2013-01-15,0.0,25.71,11.86,1.24,61.12,0.48,0.74,Meghna_Bhairab Bazar
2013-01-16,0.0,26.53,12.43,1.02,56.09,0.48,0.66,Meghna_Bhairab Bazar
2013-01-17,0.0,28.38,13.25,1.11,58.7,0.48,0.66,Meghna_Bhairab Bazar
2013-01-18,0.0,28.61,15.1,1.0,61.57,0.47,0.76,Meghna_Bhairab Bazar
2013-01-19,0.0,28.58,14.59,1.24,61.62,0.47,0.66,Meghna_Bhairab Bazar
2013-01-20,0.0,27.72,14.15,1.61,65.94,0.47,0.61,Meghna_Bhairab Bazar
2013-01-21,0.0,26.65,12.55,2.22,55.58,0.47,0.63,Meghna_Bhairab Bazar
2013-01-22,0.0,26.99,8.91,1.98,49.64,0.47,0.64,Meghna_Bhairab Bazar
2013-01-23,0.0,27.3,8.14,2.05,50.39,0.46,0.62,Meghna_Bhairab Bazar
2013-01-24,0.0,26.29,7.09,2.07,47.5,0.46,0.52,Meghna_Bhairab Bazar
2013-01-25,0.0,24.75,6.19,1.97,46.72,0.46,0.48,Meghna_Bhairab Bazar
2013-01-26,0.0,24.74,5.62,2.03,49.79,0.46,0.44,Meghna_Bhairab Bazar
2013-01-27,0.0,24.56,6.96,1.71,53.85,0.45,0.43,Meghna_Bhairab Bazar
2013-01-28,0.0,26.79,10.3,1.58,53.54,0.45,0.4,Meghna_Bhairab Bazar
2013-01-29,0.0,27.08,9.84,1.77,53.71,0.45,0.48,Meghna_Bhairab Bazar
2013-01-30,0.0,26.29,9.34,1.53,51.04,0.45,0.42,Meghna_Bhairab Bazar
2013-01-31,0.0,27.2,11.82,1.4,50.84,0.45,0.39,Meghna_Bhairab Bazar
2013-02-01,0.0,25.87,13.22,1.2,55.91,0.44,0.25,Meghna_Bhairab Bazar
2013-02-02,0.0,28.27,11.38,1.22,55.78,0.44,0.45,Meghna_Bhairab Bazar
2013-02-03,0.0,28.82,13.95,1.59,49.23,0.44,0.42,Meghna_Bhairab Bazar
2013-02-04,0.0,29.56,13.06,1.17,45.07,0.44,0.45,Meghna_Bhairab Bazar
2013-02-05,0.0,31.51,16.21,1.25,48.98,0.44,0.54,Meghna_Bhairab Bazar
2013-02-06,0.0,32.76,16.25,1.59,50.76,0.43,0.53,Meghna_Bhairab Bazar
2013-02-07,0.0,32.24,17.35,1.68,52.82,0.43,0.47,Meghna_Bhairab Bazar
2013-02-08,0.0,30.15,16.68,2.3,59.04,0.43,0.41,Meghna_Bhairab Bazar
2013-02-09,0.0,29.48,13.61,2.02,41.95,0.43,0.43,Meghna_Bhairab Bazar
2013-02-10,0.0,30.55,11.11,2.23,40.39,0.42,0.41,Meghna_Bhairab Bazar
2013-02-11,0.0,30.6,11.53,1.63,40.86,0.42,0.39,Meghna_Bhairab Bazar
2013-02-12,0.0,30.94,12.82,1.61,39.1,0.42,0.34,Meghna_Bhairab Bazar
2013-02-13,0.0,31.41,13.73,1.68,41.58,0.42,0.29,Meghna_Bhairab Bazar
2013-02-14,0.0,31.49,13.64,1.77,42.0,0.41,0.32,Meghna_Bhairab Bazar
2013-02-15,0.0,31.74,14.72,1.73,37.77,0.41,0.35,Meghna_Bhairab Bazar
2013-02-16,0.0,33.33,13.51,1.92,40.95,0.41,0.33,Meghna_Bhairab Bazar
2013-02-17,1.18,31.58,17.89,2.27,56.16,0.41,0.26,Meghna_Bhairab Bazar
2013-02-18,6.4,27.32,15.14,2.12,63.49,0.42,0.3,Meghna_Bhairab Bazar
2013-02-19,0.0,28.34,11.59,1.94,49.45,0.41,0.34,Meghna_Bhairab Bazar
2013-02-20,0.0,29.53,12.55,2.29,50.75,0.41,0.32,Meghna_Bhairab Bazar
2013-02-21,0.0,30.93,13.38,2.21,48.56,0.41,0.33,Meghna_Bhairab Bazar
2013-02-22,0.0,33.2,14.07,2.21,46.26,0.41,0.35,Meghna_Bhairab Bazar
2013-02-23,0.0,34.36,15.23,1.83,47.42,0.4,0.34,Meghna_Bhairab Bazar
2013-02-24,0.0,34.53,16.58,2.03,44.46,0.4,0.32,Meghna_Bhairab Bazar
2013-02-25,0.0,34.49,16.07,2.18,44.8,0.4,0.28,Meghna_Bhairab Bazar
2013-02-26,0.0,33.37,17.18,2.53,42.38,0.39,0.26,Meghna_Bhairab Bazar
2013-02-27,0.0,33.35,15.74,1.98,44.46,0.39,0.25,Meghna_Bhairab Bazar
2013-02-28,0.0,34.14,14.43,1.72,42.35,0.39,0.25,Meghna_Bhairab Bazar
2013-03-01,0.0,33.29,14.69,2.05,39.81,0.39,0.22,Meghna_Bhairab Bazar
2013-03-02,0.0,33.13,14.79,1.52,36.46,0.39,0.21,Meghna_Bhairab Bazar
2013-03-03,0.0,34.25,16.36,1.5,39.69,0.38,0.19,Meghna_Bhairab Bazar
2013-03-04,0.0,33.99,18.02,1.38,39.84,0.38,0.17,Meghna_Bhairab Bazar
2013-03-05,0.0,34.63,16.6,1.28,37.12,0.38,0.18,Meghna_Bhairab Bazar
2013-03-06,0.0,34.16,18.22,1.2,36.15,0.38,0.15,Meghna_Bhairab Bazar
2013-03-07,0.0,34.72,16.89,1.38,44.37,0.37,0.15,Meghna_Bhairab Bazar
2013-03-08,0.0,34.97,18.93,1.6,37.35,0.37,0.13,Meghna_Bhairab Bazar
2013-03-09,0.0,34.21,17.15,1.53,38.16,0.37,0.11,Meghna_Bhairab Bazar
2013-03-10,0.0,35.2,16.82,1.55,43.96,0.37,0.11,Meghna_Bhairab Bazar
2013-03-11,0.0,34.87,18.3,2.18,59.99,0.37,0.09,Meghna_Bhairab Bazar
2013-03-12,0.19,35.05,19.36,2.61,63.52,0.36,0.09,Meghna_Bhairab Bazar
2013-03-13,1.51,34.23,21.9,2.28,65.05,0.36,0.08,Meghna_Bhairab Bazar
2013-03-14,2.15,33.67,21.48,1.56,66.13,0.37,0.08,Meghna_Bhairab Bazar
2013-03-15,0.0,35.05,21.93,1.77,58.5,0.36,0.07,Meghna_Bhairab Bazar
2013-03-16,0.0,37.35,22.6,1.72,49.86,0.36,0.09,Meghna_Bhairab Bazar
2013-03-17,6.52,35.0,21.01,1.61,55.02,0.36,0.08,Meghna_Bhairab Bazar
2013-03-18,0.83,33.72,19.72,1.94,46.19,0.37,0.11,Meghna_Bhairab Bazar
2013-03-19,0.0,35.11,18.38,2.37,46.36,0.37,0.11,Meghna_Bhairab Bazar
2013-03-20,0.0,35.7,20.08,1.97,56.91,0.36,0.09,Meghna_Bhairab Bazar
2013-03-21,0.14,36.72,20.98,2.42,57.1,0.36,0.08,Meghna_Bhairab Bazar
2013-03-22,2.89,35.67,21.08,2.08,59.26,0.36,0.07,Meghna_Bhairab Bazar
2013-03-23,6.04,33.89,22.3,1.64,68.09,0.37,0.1,Meghna_Bhairab Bazar
2013-03-24,4.09,35.68,22.87,1.49,59.67,0.37,0.15,Meghna_Bhairab Bazar
2013-03-25,0.0,37.33,22.36,2.33,53.49,0.37,0.14,Meghna_Bhairab Bazar
2013-03-26,0.0,38.07,21.83,2.39,53.27,0.37,0.13,Meghna_Bhairab Bazar
2013-03-27,0.0,37.92,21.36,1.75,50.73,0.36,0.11,Meghna_Bhairab Bazar
2013-03-28,0.0,37.28,22.34,1.49,50.77,0.36,0.08,Meghna_Bhairab Bazar
2013-03-29,0.0,37.16,21.69,1.92,49.48,0.36,0.07,Meghna_Bhairab Bazar
2013-03-30,0.0,38.38,22.36,2.6,48.89,0.36,0.06,Meghna_Bhairab Bazar
2013-03-31,1.33,37.6,23.82,2.27,52.63,0.35,0.05,Meghna_Bhairab Bazar
2013-04-01,4.73,35.96,23.65,1.99,59.87,0.36,0.06,Meghna_Bhairab Bazar
2013-04-02,3.07,37.0,24.15,2.27,59.14,0.36,0.08,Meghna_Bhairab Bazar
2013-04-03,1.38,38.57,24.13,2.36,52.61,0.36,0.09,Meghna_Bhairab Bazar
2013-04-04,0.22,39.91,23.94,3.22,48.71,0.36,0.08,Meghna_Bhairab Bazar
2013-04-05,0.0,39.27,23.45,2.57,41.16,0.35,0.06,Meghna_Bhairab Bazar
2013-04-06,0.0,38.74,20.9,2.87,44.81,0.35,0.05,Meghna_Bhairab Bazar
2013-04-07,0.0,38.16,21.15,2.98,54.75,0.35,0.03,Meghna_Bhairab Bazar
2013-04-08,0.0,38.91,23.1,3.21,55.19,0.35,0.03,Meghna_Bhairab Bazar
2013-04-09,0.0,39.23,23.68,3.33,56.5,0.35,0.02,Meghna_Bhairab Bazar
2013-04-10,0.06,39.62,24.49,3.7,56.66,0.34,0.01,Meghna_Bhairab Bazar
2013-04-11,0.26,39.44,24.58,3.83,58.35,0.34,0.01,Meghna_Bhairab Bazar
2013-04-12,0.0,39.57,25.21,3.51,56.07,0.34,0.01,Meghna_Bhairab Bazar
2013-04-13,0.0,40.25,25.28,3.47,53.44,0.34,0.01,Meghna_Bhairab Bazar
2013-04-14,0.11,39.29,25.44,2.86,49.77,0.34,0.01,Meghna_Bhairab Bazar
2013-04-15,8.08,37.6,24.58,2.27,62.09,0.34,0.0,Meghna_Bhairab Bazar
2013-04-16,14.26,31.94,23.02,1.18,70.05,0.37,0.07,Meghna_Bhairab Bazar
2013-04-17,3.87,33.06,22.96,2.83,66.35,0.37,0.13,Meghna_Bhairab Bazar
2013-04-18,1.57,35.68,23.6,2.35,63.64,0.38,0.15,Meghna_Bhairab Bazar
2013-04-19,3.31,32.2,22.64,1.45,67.84,0.37,0.09,Meghna_Bhairab Bazar
2013-04-20,2.8,32.56,24.61,1.41,68.37,0.38,0.11,Meghna_Bhairab Bazar
2013-04-21,0.16,31.99,24.14,1.06,63.58,0.38,0.08,Meghna_Bhairab Bazar
2013-04-22,0.26,32.95,23.92,0.83,56.46,0.38,0.12,Meghna_Bhairab Bazar
2013-04-23,0.12,36.11,21.77,1.56,51.68,0.37,0.16,Meghna_Bhairab Bazar
2013-04-24,0.05,36.91,23.44,1.57,49.94,0.37,0.14,Meghna_Bhairab Bazar
2013-04-25,0.0,37.3,25.38,1.38,45.46,0.37,0.12,Meghna_Bhairab Bazar
2013-04-26,1.19,37.52,25.72,1.74,48.71,0.36,0.09,Meghna_Bhairab Bazar
2013-04-27,16.51,34.79,25.55,2.95,67.18,0.38,0.1,Meghna_Bhairab Bazar
2013-04-28,10.43,35.77,24.65,2.95,71.08,0.4,0.39,Meghna_Bhairab Bazar
2013-04-29,10.07,37.46,25.91,3.69,67.75,0.4,0.42,Meghna_Bhairab Bazar
2013-04-30,10.34,37.78,25.58,3.57,68.38,0.42,0.68,Meghna_Bhairab Bazar
2013-05-01,4.44,38.98,26.14,4.52,63.78,0.42,0.7,Meghna_Bhairab Bazar
2013-05-02,3.85,37.97,26.62,5.29,66.07,0.42,0.77,Meghna_Bhairab Bazar
2013-05-03,6.26,36.85,27.35,5.52,66.09,0.42,0.6,Meghna_Bhairab Bazar
2013-05-04,30.0,34.06,25.29,4.24,76.33,0.45,0.7,Meghna_Bhairab Bazar
2013-05-05,40.65,29.97,24.3,3.18,84.16,0.51,1.01,Meghna_Bhairab Bazar
2013-05-06,40.6,30.25,24.61,2.92,86.07,0.56,1.26,Meghna_Bhairab Bazar
2013-05-07,40.1,30.73,24.88,2.98,86.89,0.6,2.16,Meghna_Bhairab Bazar
2013-05-08,45.59,32.68,25.58,3.74,86.41,0.64,3.18,Meghna_Bhairab Bazar
2013-05-09,34.79,32.47,25.96,3.64,88.22,0.69,3.62,Meghna_Bhairab Bazar
2013-05-10,37.56,31.29,26.36,3.88,89.18,0.71,3.0,Meghna_Bhairab Bazar
2013-05-11,27.32,32.12,26.28,3.43,88.57,0.73,3.66,Meghna_Bhairab Bazar
2013-05-12,13.33,32.04,25.43,2.82,87.02,0.74,4.05,Meghna_Bhairab Bazar
2013-05-13,6.61,30.31,24.37,2.19,88.97,0.73,2.61,Meghna_Bhairab Bazar
2013-05-14,3.53,31.59,24.04,1.97,84.95,0.73,4.78,Meghna_Bhairab Bazar
2013-05-15,27.51,30.62,24.02,1.81,87.23,0.73,3.71,Meghna_Bhairab Bazar
2013-05-16,49.83,27.42,24.24,2.69,92.85,0.79,0.76,Meghna_Bhairab Bazar
2013-05-17,5.22,31.39,23.05,2.74,87.23,0.8,4.37,Meghna_Bhairab Bazar
2013-05-18,13.08,31.89,24.96,3.09,87.47,0.79,4.18,Meghna_Bhairab Bazar
2013-05-19,4.73,31.79,25.44,2.81,87.8,0.79,4.1,Meghna_Bhairab Bazar
2013-05-20,11.33,30.5,25.52,2.56,90.11,0.78,1.94,Meghna_Bhairab Bazar
2013-05-21,14.85,28.95,25.7,3.03,91.6,0.8,1.64,Meghna_Bhairab Bazar
2013-05-22,14.29,30.69,25.09,2.96,90.66,0.8,2.19,Meghna_Bhairab Bazar
2013-05-23,26.26,29.23,25.69,3.13,93.14,0.82,0.88,Meghna_Bhairab Bazar
2013-05-24,14.04,30.67,25.51,3.95,91.26,0.83,2.16,Meghna_Bhairab Bazar
2013-05-25,3.56,30.37,25.84,3.45,91.4,0.83,1.64,Meghna_Bhairab Bazar
2013-05-26,0.5,30.55,25.55,2.8,89.12,0.83,2.12,Meghna_Bhairab Bazar
2013-05-27,7.63,31.97,25.68,1.64,86.63,0.82,3.27,Meghna_Bhairab Bazar
2013-05-28,8.76,30.59,25.19,1.89,88.75,0.82,2.74,Meghna_Bhairab Bazar
2013-05-29,15.35,31.72,25.52,2.55,87.99,0.82,3.33,Meghna_Bhairab Bazar
2013-05-30,5.16,31.15,24.5,4.29,85.98,0.82,4.01,Meghna_Bhairab Bazar
2013-05-31,10.18,30.71,23.97,3.81,87.51,0.82,3.8,Meghna_Bhairab Bazar
2013-06-01,4.49,31.51,24.45,2.19,87.68,0.82,3.63,Meghna_Bhairab Bazar
2013-06-02,2.09,31.24,25.44,1.67,87.41,0.81,3.28,Meghna_Bhairab Bazar
2013-06-03,0.01,31.5,25.55,1.43,87.87,0.8,2.32,Meghna_Bhairab Bazar
2013-06-04,5.27,31.1,25.96,1.37,89.36,0.8,1.93,Meghna_Bhairab Bazar
2013-06-05,7.53,30.53,26.38,2.24,90.86,0.8,1.8,Meghna_Bhairab Bazar
2013-06-06,5.58,30.18,26.2,2.25,91.12,0.8,1.63,Meghna_Bhairab Bazar
2013-06-07,12.07,29.03,25.72,2.13,91.84,0.81,1.13,Meghna_Bhairab Bazar
2013-06-08,10.78,29.29,25.68,2.41,93.89,0.82,0.82,Meghna_Bhairab Bazar
2013-06-09,3.04,30.11,26.39,2.27,91.65,0.82,1.58,Meghna_Bhairab Bazar
2013-06-10,0.37,31.32,26.13,2.02,89.2,0.81,2.93,Meghna_Bhairab Bazar
2013-06-11,0.23,30.54,25.94,1.8,91.51,0.81,1.36,Meghna_Bhairab Bazar
2013-06-12,4.41,33.57,25.03,2.19,85.64,0.8,5.21,Meghna_Bhairab Bazar
2013-06-13,7.29,32.35,25.56,2.27,86.19,0.79,4.49,Meghna_Bhairab Bazar
2013-06-14,9.69,31.94,25.47,2.46,89.69,0.8,2.76,Meghna_Bhairab Bazar
2013-06-15,2.12,32.22,25.28,1.78,86.97,0.79,4.14,Meghna_Bhairab Bazar
2013-06-16,0.23,33.14,25.57,1.58,84.1,0.78,5.89,Meghna_Bhairab Bazar
2013-06-17,0.01,32.38,26.22,2.21,86.12,0.77,4.7,Meghna_Bhairab Bazar
2013-06-18,0.12,33.2,25.89,2.32,85.36,0.76,5.1,Meghna_Bhairab Bazar
2013-06-19,9.07,30.77,27.1,2.21,90.22,0.75,1.45,Meghna_Bhairab Bazar
2013-06-20,15.48,31.57,26.39,1.63,89.42,0.77,2.28,Meghna_Bhairab Bazar
2013-06-21,19.61,30.38,26.37,1.85,91.91,0.78,1.27,Meghna_Bhairab Bazar
2013-06-22,21.62,33.55,25.84,2.26,86.62,0.8,4.61,Meghna_Bhairab Bazar
2013-06-23,48.96,32.86,26.51,2.1,87.26,0.81,3.53,Meghna_Bhairab Bazar
2013-06-24,26.27,32.58,25.27,2.72,87.68,0.86,3.88,Meghna_Bhairab Bazar
2013-06-25,13.57,31.31,26.28,3.37,90.99,0.85,2.1,Meghna_Bhairab Bazar
2013-06-26,11.61,31.71,26.12,3.64,90.13,0.85,2.6,Meghna_Bhairab Bazar
2013-06-27,19.46,30.17,26.31,4.1,92.42,0.86,1.26,Meghna_Bhairab Bazar
2013-06-28,23.64,30.47,26.64,3.54,92.77,0.87,1.19,Meghna_Bhairab Bazar
2013-06-29,24.19,30.41,25.95,4.35,91.96,0.89,1.55,Meghna_Bhairab Bazar
2013-06-30,3.59,32.59,25.76,3.11,90.04,0.89,2.73,Meghna_Bhairab Bazar
2013-07-01,1.52,32.35,25.95,3.27,88.42,0.88,3.88,Meghna_Bhairab Bazar
2013-07-02,3.88,29.97,25.96,2.45,92.16,0.87,1.28,Meghna_Bhairab Bazar
2013-07-03,9.64,31.31,25.84,2.78,90.08,0.87,2.37,Meghna_Bhairab Bazar
2013-07-04,3.09,31.27,25.37,3.03,88.65,0.87,3.51,Meghna_Bhairab Bazar
2013-07-05,3.77,31.87,25.61,3.05,88.96,0.86,3.56,Meghna_Bhairab Bazar
2013-07-06,4.83,30.44,25.57,2.85,90.49,0.86,1.93,Meghna_Bhairab Bazar
2013-07-07,6.39,32.24,24.79,2.56,87.39,0.85,4.48,Meghna_Bhairab Bazar
2013-07-08,0.72,31.83,25.58,2.88,87.38,0.84,4.1,Meghna_Bhairab Bazar
2013-07-09,1.36,31.25,25.8,2.86,90.02,0.83,2.87,Meghna_Bhairab Bazar
2013-07-10,3.64,31.86,26.06,2.65,88.2,0.83,4.1,Meghna_Bhairab Bazar
2013-07-11,4.56,30.94,25.67,2.7,90.46,0.82,2.43,Meghna_Bhairab Bazar
2013-07-12,3.3,29.89,25.05,3.14,91.26,0.82,1.8,Meghna_Bhairab Bazar
2013-07-13,3.01,30.23,25.49,3.14,90.74,0.82,2.28,Meghna_Bhairab Bazar
2013-07-14,2.72,32.47,25.2,2.64,87.62,0.81,4.46,Meghna_Bhairab Bazar
2013-07-15,7.69,31.54,25.27,2.11,89.61,0.8,2.53,Meghna_Bhairab Bazar
2013-07-16,14.59,32.88,25.7,2.17,87.86,0.81,4.05,Meghna_Bhairab Bazar
2013-07-17,6.52,31.82,25.71,3.48,88.14,0.81,4.26,Meghna_Bhairab Bazar
2013-07-18,2.97,31.6,25.22,3.17,88.86,0.8,3.94,Meghna_Bhairab Bazar
2013-07-19,5.11,32.48,25.19,3.07,88.01,0.79,4.88,Meghna_Bhairab Bazar
2013-07-20,3.68,31.77,25.96,2.74,89.35,0.79,3.34,Meghna_Bhairab Bazar
2013-07-21,4.8,32.62,25.75,2.22,88.01,0.78,4.66,Meghna_Bhairab Bazar
2013-07-22,2.73,33.54,26.07,2.01,86.58,0.78,5.19,Meghna_Bhairab Bazar
2013-07-23,4.29,32.48,26.25,2.6,88.56,0.77,3.77,Meghna_Bhairab Bazar
2013-07-24,1.91,32.27,26.15,2.19,87.72,0.77,4.96,Meghna_Bhairab Bazar
2013-07-25,1.49,32.33,25.83,2.7,87.98,0.76,4.8,Meghna_Bhairab Bazar
2013-07-26,18.34,31.46,26.26,4.24,90.27,0.76,3.72,Meghna_Bhairab Bazar
2013-07-27,43.65,29.09,26.06,3.23,93.17,0.78,1.19,Meghna_Bhairab Bazar
2013-07-28,27.92,30.71,25.74,3.04,90.18,0.83,2.88,Meghna_Bhairab Bazar
2013-07-29,1.99,32.15,25.22,2.4,88.6,0.82,4.06,Meghna_Bhairab Bazar
2013-07-30,0.96,32.21,24.95,2.64,88.16,0.8,4.56,Meghna_Bhairab Bazar
2013-07-31,10.82,31.44,25.53,2.81,89.19,0.8,3.62,Meghna_Bhairab Bazar
2013-08-01,5.87,31.68,25.44,2.56,88.78,0.8,3.51,Meghna_Bhairab Bazar
2013-08-02,2.03,30.52,25.14,1.94,90.07,0.8,2.27,Meghna_Bhairab Bazar
2013-08-03,5.82,32.93,25.57,1.26,84.04,0.8,5.02,Meghna_Bhairab Bazar
2013-08-04,5.69,30.07,26.41,2.01,92.46,0.8,1.17,Meghna_Bhairab Bazar
2013-08-05,2.17,30.15,25.88,2.1,91.99,0.8,1.64,Meghna_Bhairab Bazar
2013-08-06,12.11,30.54,24.54,3.31,91.17,0.79,2.63,Meghna_Bhairab Bazar
2013-08-07,31.93,30.62,25.49,3.18,90.4,0.82,2.75,Meghna_Bhairab Bazar
2013-08-08,11.73,31.31,25.3,2.96,88.63,0.83,3.7,Meghna_Bhairab Bazar
2013-08-09,4.81,29.88,25.56,1.63,91.64,0.82,1.4,Meghna_Bhairab Bazar
2013-08-10,12.98,31.43,25.2,2.35,89.06,0.82,3.6,Meghna_Bhairab Bazar
2013-08-11,17.22,28.09,24.92,2.86,92.68,0.84,1.07,Meghna_Bhairab Bazar
2013-08-12,8.8,31.28,24.1,1.73,88.12,0.84,3.97,Meghna_Bhairab Bazar
2013-08-13,2.5,31.25,25.25,1.41,87.99,0.83,3.56,Meghna_Bhairab Bazar
2013-08-14,7.58,29.73,25.6,1.68,91.01,0.83,1.62,Meghna_Bhairab Bazar
2013-08-15,17.6,29.07,25.69,2.0,91.65,0.84,1.49,Meghna_Bhairab Bazar
2013-08-16,10.68,29.43,25.45,1.48,90.23,0.85,2.07,Meghna_Bhairab Bazar
2013-08-17,2.85,30.54,25.16,1.48,88.87,0.85,2.31,Meghna_Bhairab Bazar
2013-08-18,5.07,29.14,25.71,2.62,93.05,0.85,1.24,Meghna_Bhairab Bazar
2013-08-19,8.66,29.94,25.28,1.81,90.26,0.85,1.74,Meghna_Bhairab Bazar
2013-08-20,6.52,29.9,25.26,3.44,90.69,0.85,2.68,Meghna_Bhairab Bazar
2013-08-21,5.21,30.85,25.18,2.76,90.92,0.85,2.64,Meghna_Bhairab Bazar
2013-08-22,0.57,31.61,24.9,2.61,87.99,0.84,4.88,Meghna_Bhairab Bazar
2013-08-23,12.89,31.92,24.99,2.01,89.05,0.83,3.68,Meghna_Bhairab Bazar
2013-08-24,7.68,31.63,25.28,1.64,87.1,0.84,4.63,Meghna_Bhairab Bazar
2013-08-25,0.09,32.64,26.35,2.41,88.41,0.83,4.24,Meghna_Bhairab Bazar
2013-08-26,4.6,29.51,26.49,2.53,93.08,0.83,1.55,Meghna_Bhairab Bazar
2013-08-27,10.19,31.07,25.2,2.7,90.69,0.83,2.6,Meghna_Bhairab Bazar
2013-08-28,7.64,30.51,24.58,3.5,91.01,0.83,3.13,Meghna_Bhairab Bazar
2013-08-29,4.25,31.09,25.31,2.83,90.63,0.83,3.14,Meghna_Bhairab Bazar
2013-08-30,5.08,31.14,25.24,2.89,89.08,0.82,4.88,Meghna_Bhairab Bazar
2013-08-31,8.91,31.65,25.4,2.85,89.31,0.82,4.49,Meghna_Bhairab Bazar
2013-09-01,3.16,31.93,25.78,3.17,89.89,0.82,4.5,Meghna_Bhairab Bazar
2013-09-02,5.6,30.85,25.52,3.85,89.83,0.81,4.31,Meghna_Bhairab Bazar
2013-09-03,4.54,30.9,25.41,3.99,88.91,0.81,4.39,Meghna_Bhairab Bazar
2013-09-04,16.41,30.51,25.81,3.27,91.58,0.8,2.35,Meghna_Bhairab Bazar
2013-09-05,15.32,29.66,26.31,2.58,93.23,0.83,1.23,Meghna_Bhairab Bazar
2013-09-06,2.88,31.59,25.72,2.49,88.72,0.82,4.33,Meghna_Bhairab Bazar
2013-09-07,6.02,30.1,25.05,2.66,91.78,0.82,2.64,Meghna_Bhairab Bazar
2013-09-08,9.29,31.12,24.28,1.44,88.84,0.82,3.98,Meghna_Bhairab Bazar
2013-09-09,8.05,28.01,24.97,2.01,95.38,0.82,0.49,Meghna_Bhairab Bazar
2013-09-10,4.12,30.12,24.99,1.68,87.91,0.83,3.85,Meghna_Bhairab Bazar
2013-09-11,2.49,28.91,25.16,1.14,91.28,0.82,1.09,Meghna_Bhairab Bazar
2013-09-12,0.55,32.37,24.22,0.65,80.85,0.82,7.36,Meghna_Bhairab Bazar
2013-09-13,4.09,31.78,26.13,0.61,81.66,0.81,3.92,Meghna_Bhairab Bazar
2013-09-14,4.32,31.38,25.82,0.96,87.62,0.81,3.3,Meghna_Bhairab Bazar
2013-09-15,5.69,31.15,25.13,1.45,86.94,0.81,4.92,Meghna_Bhairab Bazar
2013-09-16,8.94,30.52,25.1,1.78,90.54,0.81,2.38,Meghna_Bhairab Bazar
2013-09-17,9.34,30.97,25.13,1.1,87.99,0.82,2.93,Meghna_Bhairab Bazar
2013-09-18,9.8,30.32,25.81,1.73,92.96,0.82,1.53,Meghna_Bhairab Bazar
2013-09-19,3.74,31.42,25.37,2.27,89.92,0.82,4.21,Meghna_Bhairab Bazar
2013-09-20,2.86,32.26,24.94,1.56,86.45,0.81,6.78,Meghna_Bhairab Bazar
2013-09-21,4.03,31.0,25.33,0.98,86.45,0.81,3.27,Meghna_Bhairab Bazar
2013-09-22,2.43,32.14,24.92,1.21,85.99,0.8,6.05,Meghna_Bhairab Bazar
2013-09-23,1.29,32.34,25.53,1.24,86.98,0.8,5.12,Meghna_Bhairab Bazar
2013-09-24,2.16,32.37,26.18,0.77,85.37,0.79,4.38,Meghna_Bhairab Bazar
2013-09-25,3.79,29.48,26.12,1.29,92.42,0.79,1.25,Meghna_Bhairab Bazar
2013-09-26,6.12,31.63,25.4,0.62,82.06,0.79,5.2,Meghna_Bhairab Bazar
2013-09-27,8.46,31.48,25.19,1.07,85.75,0.8,3.17,Meghna_Bhairab Bazar
2013-09-28,6.62,27.89,25.45,1.91,94.38,0.8,0.72,Meghna_Bhairab Bazar
2013-09-29,21.39,28.01,24.74,1.28,93.98,0.81,0.85,Meghna_Bhairab Bazar
2013-09-30,11.11,30.34,24.47,1.52,88.27,0.82,4.39,Meghna_Bhairab Bazar
2013-10-01,1.55,30.23,24.88,0.95,87.87,0.82,2.57,Meghna_Bhairab Bazar
2013-10-02,5.81,31.81,25.73,0.77,83.94,0.82,4.84,Meghna_Bhairab Bazar
2013-10-03,18.71,28.23,24.31,2.3,91.37,0.83,2.42,Meghna_Bhairab Bazar
2013-10-04,9.16,27.71,23.47,2.17,94.11,0.83,0.96,Meghna_Bhairab Bazar
2013-10-05,15.91,28.1,24.14,2.25,94.0,0.84,1.1,Meghna_Bhairab Bazar
2013-10-06,27.48,28.3,24.52,1.26,91.91,0.86,1.15,Meghna_Bhairab Bazar
2013-10-07,6.82,28.47,23.91,0.83,89.91,0.87,1.76,Meghna_Bhairab Bazar
2013-10-08,2.15,26.53,22.56,2.68,92.3,0.87,1.74,Meghna_Bhairab Bazar
2013-10-09,0.41,27.15,21.22,1.03,86.78,0.86,1.69,Meghna_Bhairab Bazar
2013-10-10,0.0,30.56,23.64,0.64,80.16,0.86,5.03,Meghna_Bhairab Bazar
2013-10-11,0.0,32.27,23.23,0.94,82.63,0.85,6.53,Meghna_Bhairab Bazar
2013-10-12,9.96,29.15,24.26,0.99,90.45,0.85,1.81,Meghna_Bhairab Bazar
2013-10-13,8.25,30.4,24.18,1.23,88.42,0.86,2.89,Meghna_Bhairab Bazar
2013-10-14,0.2,31.44,23.62,1.79,88.24,0.85,5.64,Meghna_Bhairab Bazar
2013-10-15,1.43,31.03,23.68,1.12,86.73,0.84,5.64,Meghna_Bhairab Bazar
2013-10-16,3.6,31.12,24.18,0.89,84.21,0.84,6.42,Meghna_Bhairab Bazar
2013-10-17,0.89,31.75,23.22,0.88,82.63,0.83,7.49,Meghna_Bhairab Bazar
2013-10-18,0.0,31.96,24.19,0.96,84.77,0.82,7.65,Meghna_Bhairab Bazar
2013-10-19,0.19,31.52,23.92,0.71,81.63,0.81,6.5,Meghna_Bhairab Bazar
2013-10-20,3.97,30.55,24.29,0.86,84.24,0.81,5.06,Meghna_Bhairab Bazar
2013-10-21,22.86,30.41,24.3,1.15,88.05,0.82,3.96,Meghna_Bhairab Bazar
2013-10-22,7.6,26.88,22.93,1.39,92.55,0.83,1.0,Meghna_Bhairab Bazar
2013-10-23,0.8,28.93,21.57,0.94,85.32,0.83,4.88,Meghna_Bhairab Bazar
2013-10-24,0.76,30.29,22.64,0.78,84.93,0.82,5.61,Meghna_Bhairab Bazar
2013-10-25,13.36,26.3,23.03,1.69,95.34,0.82,0.48,Meghna_Bhairab Bazar
2013-10-26,3.03,26.67,21.96,1.96,91.68,0.83,1.98,Meghna_Bhairab Bazar
2013-10-27,2.71,28.57,21.22,1.49,89.3,0.83,4.31,Meghna_Bhairab Bazar
2013-10-28,0.0,28.36,21.41,1.42,85.98,0.82,5.55,Meghna_Bhairab Bazar
2013-10-29,0.68,28.88,21.73,1.28,83.15,0.81,5.39,Meghna_Bhairab Bazar
2013-10-30,1.17,28.64,20.81,0.76,77.28,0.81,4.9,Meghna_Bhairab Bazar
2013-10-31,0.0,28.92,19.59,0.7,76.49,0.8,5.24,Meghna_Bhairab Bazar
2013-11-01,0.0,28.48,19.12,0.94,79.85,0.79,4.69,Meghna_Bhairab Bazar
2013-11-02,0.0,28.39,18.83,0.71,77.93,0.79,5.0,Meghna_Bhairab Bazar
2013-11-03,0.0,28.39,19.96,0.94,80.08,0.78,4.5,Meghna_Bhairab Bazar
2013-11-04,0.0,28.21,18.79,1.11,81.01,0.78,4.73,Meghna_Bhairab Bazar
2013-11-05,0.0,28.04,19.27,0.93,80.23,0.77,5.1,Meghna_Bhairab Bazar
2013-11-06,0.0,28.66,18.37,0.72,78.95,0.76,6.11,Meghna_Bhairab Bazar
2013-11-07,0.0,29.31,19.2,0.69,76.39,0.76,6.44,Meghna_Bhairab Bazar
2013-11-08,0.0,29.28,19.53,0.97,80.25,0.75,5.98,Meghna_Bhairab Bazar
2013-11-09,0.0,29.63,18.59,0.87,81.17,0.74,6.29,Meghna_Bhairab Bazar
2013-11-10,0.0,29.27,19.09,1.27,85.13,0.74,5.51,Meghna_Bhairab Bazar
2013-11-11,0.0,29.6,18.04,1.33,84.1,0.73,5.94,Meghna_Bhairab Bazar
2013-11-12,0.0,29.4,16.97,1.38,84.16,0.72,5.74,Meghna_Bhairab Bazar
2013-11-13,0.0,27.51,15.71,1.31,83.64,0.72,5.12,Meghna_Bhairab Bazar
2013-11-14,0.0,27.97,16.67,1.21,84.63,0.71,4.99,Meghna_Bhairab Bazar
2013-11-15,0.0,28.37,16.59,1.35,81.27,0.71,4.98,Meghna_Bhairab Bazar
2013-11-16,0.0,28.86,18.27,1.45,79.46,0.7,5.24,Meghna_Bhairab Bazar
2013-11-17,0.0,28.06,17.53,0.94,77.76,0.69,4.49,Meghna_Bhairab Bazar
2013-11-18,0.0,28.57,17.91,0.93,80.23,0.69,5.34,Meghna_Bhairab Bazar
2013-11-19,0.0,27.15,16.03,1.2,78.79,0.68,4.85,Meghna_Bhairab Bazar
2013-11-20,0.0,27.0,15.26,1.16,79.99,0.67,4.45,Meghna_Bhairab Bazar
2013-11-21,0.0,27.2,15.21,0.9,77.75,0.67,4.37,Meghna_Bhairab Bazar
2013-11-22,0.0,27.39,15.73,1.06,78.45,0.66,4.25,Meghna_Bhairab Bazar
2013-11-23,0.0,27.38,16.51,1.09,80.75,0.66,4.21,Meghna_Bhairab Bazar
2013-11-24,0.0,26.45,14.89,1.08,78.32,0.65,3.83,Meghna_Bhairab Bazar
2013-11-25,0.0,27.55,15.78,0.77,75.07,0.65,4.1,Meghna_Bhairab Bazar
2013-11-26,0.0,27.96,17.11,0.6,73.59,0.64,4.2,Meghna_Bhairab Bazar
2013-11-27,0.0,28.48,17.02,0.75,76.51,0.64,3.85,Meghna_Bhairab Bazar
2013-11-28,0.0,28.14,17.11,1.04,78.87,0.64,3.61,Meghna_Bhairab Bazar
2013-11-29,0.0,27.89,19.11,0.93,77.78,0.63,3.28,Meghna_Bhairab Bazar
2013-11-30,0.0,27.76,17.54,1.4,83.38,0.62,3.06,Meghna_Bhairab Bazar
2013-12-01,0.0,28.85,17.01,1.4,80.67,0.62,3.12,Meghna_Bhairab Bazar
2013-12-02,0.0,28.36,16.05,1.08,79.14,0.62,3.26,Meghna_Bhairab Bazar
2013-12-03,0.01,28.57,17.91,0.83,77.83,0.61,3.24,Meghna_Bhairab Bazar
2013-12-04,0.0,29.01,16.96,1.05,77.97,0.61,3.07,Meghna_Bhairab Bazar
2013-12-05,0.0,28.23,17.94,0.81,73.79,0.6,3.16,Meghna_Bhairab Bazar
2013-12-06,0.0,28.03,16.87,0.7,71.61,0.6,3.05,Meghna_Bhairab Bazar
2013-12-07,0.0,28.19,16.27,0.8,71.25,0.59,2.87,Meghna_Bhairab Bazar
2013-12-08,0.0,27.64,17.04,0.86,74.0,0.59,2.61,Meghna_Bhairab Bazar
2013-12-09,0.0,27.5,16.11,0.86,75.15,0.59,2.57,Meghna_Bhairab Bazar
2013-12-10,0.0,28.0,16.44,0.9,78.07,0.58,2.56,Meghna_Bhairab Bazar
2013-12-11,0.0,26.91,15.24,1.26,77.16,0.58,2.24,Meghna_Bhairab Bazar
2013-12-12,0.0,25.25,13.55,1.29,72.02,0.58,1.7,Meghna_Bhairab Bazar
2013-12-13,0.0,25.15,13.92,0.95,61.54,0.57,1.62,Meghna_Bhairab Bazar
2013-12-14,0.0,24.98,14.23,0.99,63.48,0.57,1.5,Meghna_Bhairab Bazar
2013-12-15,0.0,25.49,14.63,1.4,64.55,0.57,1.52,Meghna_Bhairab Bazar
2013-12-16,0.0,25.98,11.99,1.22,64.98,0.56,1.84,Meghna_Bhairab Bazar
2013-12-17,0.0,25.6,10.21,0.94,58.75,0.56,1.83,Meghna_Bhairab Bazar
2013-12-18,0.0,24.94,12.02,1.13,66.06,0.56,1.41,Meghna_Bhairab Bazar
2013-12-19,0.0,23.74,11.86,1.17,80.22,0.55,0.98,Meghna_Bhairab Bazar
2013-12-20,1.11,23.91,12.98,1.51,84.55,0.55,0.95,Meghna_Bhairab Bazar
2013-12-21,1.3,25.4,13.71,0.9,76.98,0.55,1.27,Meghna_Bhairab Bazar
2013-12-22,0.0,25.4,14.52,0.95,74.56,0.55,1.32,Meghna_Bhairab Bazar
2013-12-23,0.05,26.01,13.37,0.95,68.95,0.55,1.42,Meghna_Bhairab Bazar
2013-12-24,0.0,25.63,15.4,1.16,72.63,0.54,1.39,Meghna_Bhairab Bazar
2013-12-25,0.0,23.94,12.39,1.4,76.4,0.54,1.18,Meghna_Bhairab Bazar
2013-12-26,0.0,23.17,10.96,1.21,74.48,0.54,1.0,Meghna_Bhairab Bazar
2013-12-27,0.0,23.04,11.87,0.98,75.4,0.54,0.94,Meghna_Bhairab Bazar
2013-12-28,0.0,23.76,11.54,1.01,67.68,0.53,0.99,Meghna_Bhairab Bazar
2013-12-29,0.0,24.12,13.55,1.05,66.51,0.53,0.99,Meghna_Bhairab Bazar
2013-12-30,0.0,24.4,11.5,1.35,72.43,0.53,1.08,Meghna_Bhairab Bazar
2013-12-31,0.0,25.0,10.87,1.07,70.79,0.53,1.18,Meghna_Bhairab Bazar
2014-01-01,0.0,25.51,12.28,1.14,70.96,0.52,1.17,Meghna_Bhairab Bazar
2014-01-02,0.0,26.02,11.97,1.72,73.57,0.52,1.02,Meghna_Bhairab Bazar
2014-01-03,0.0,23.24,11.49,1.5,72.56,0.52,0.93,Meghna_Bhairab Bazar
2014-01-04,0.0,23.77,9.65,1.34,74.22,0.52,0.86,Meghna_Bhairab Bazar
2014-01-05,0.0,24.0,11.14,1.02,76.39,0.51,0.83,Meghna_Bhairab Bazar
2014-01-06,0.0,25.19,12.47,1.34,73.44,0.51,0.84,Meghna_Bhairab Bazar
2014-01-07,0.02,23.67,12.46,1.25,74.58,0.51,0.76,Meghna_Bhairab Bazar
2014-01-08,0.0,23.41,10.75,1.47,67.85,0.51,0.84,Meghna_Bhairab Bazar
2014-01-09,0.0,23.54,9.99,1.12,65.33,0.5,0.8,Meghna_Bhairab Bazar
2014-01-10,0.0,25.04,10.87,0.96,65.42,0.5,0.84,Meghna_Bhairab Bazar
2014-01-11,0.0,26.7,12.6,1.14,64.12,0.5,0.9,Meghna_Bhairab Bazar
2014-01-12,0.0,23.3,13.0,1.5,80.01,0.5,0.43,Meghna_Bhairab Bazar
2014-01-13,0.0,26.6,12.72,1.43,68.66,0.5,0.86,Meghna_Bhairab Bazar
2014-01-14,0.0,26.67,11.99,1.33,74.94,0.49,0.83,Meghna_Bhairab Bazar
2014-01-15,0.0,26.0,12.35,1.24,74.84,0.49,0.79,Meghna_Bhairab Bazar
2014-01-16,0.0,24.89,12.12,1.21,73.38,0.49,0.77,Meghna_Bhairab Bazar
2014-01-17,0.0,26.92,12.48,1.1,69.06,0.49,0.8,Meghna_Bhairab Bazar
2014-01-18,0.0,29.84,14.15,1.58,71.84,0.48,0.93,Meghna_Bhairab Bazar
2014-01-19,0.0,27.92,13.54,1.67,69.29,0.48,0.76,Meghna_Bhairab Bazar
2014-01-20,0.0,27.25,14.07,1.67,63.13,0.48,0.81,Meghna_Bhairab Bazar
2014-01-21,0.0,27.99,13.15,0.88,58.33,0.48,0.83,Meghna_Bhairab Bazar
2014-01-22,0.0,28.85,14.02,1.01,53.92,0.47,0.86,Meghna_Bhairab Bazar
2014-01-23,0.0,29.41,16.06,1.16,52.9,0.47,0.83,Meghna_Bhairab Bazar
2014-01-24,0.0,27.56,14.55,1.26,60.69,0.47,0.73,Meghna_Bhairab Bazar
2014-01-25,0.0,28.73,13.86,1.78,62.41,0.46,0.7,Meghna_Bhairab Bazar
2014-01-26,0.0,27.38,12.89,1.84,58.67,0.46,0.7,Meghna_Bhairab Bazar
2014-01-27,0.0,26.94,10.89,1.75,62.88,0.46,0.63,Meghna_Bhairab Bazar
2014-01-28,0.0,26.29,9.88,1.41,61.6,0.46,0.56,Meghna_Bhairab Bazar
2014-01-29,0.0,28.44,11.29,1.33,56.86,0.46,0.67,Meghna_Bhairab Bazar
2014-01-30,0.0,28.99,13.66,0.98,54.17,0.45,0.65,Meghna_Bhairab Bazar
2014-01-31,0.0,29.19,12.96,1.13,57.41,0.45,0.68,Meghna_Bhairab Bazar
2014-02-01,0.0,29.53,11.99,1.46,60.76,0.45,0.6,Meghna_Bhairab Bazar
2014-02-02,0.0,29.05,11.61,2.06,51.05,0.45,0.58,Meghna_Bhairab Bazar
2014-02-03,0.0,28.88,10.95,1.96,50.29,0.44,0.53,Meghna_Bhairab Bazar
2014-02-04,0.0,27.15,12.22,1.32,51.22,0.44,0.45,Meghna_Bhairab Bazar
2014-02-05,0.0,26.61,12.83,1.33,49.7,0.44,0.34,Meghna_Bhairab Bazar
2014-02-06,0.0,28.77,14.0,1.27,48.19,0.44,0.42,Meghna_Bhairab Bazar
2014-02-07,0.0,28.91,15.71,1.15,47.29,0.43,0.49,Meghna_Bhairab Bazar
2014-02-08,0.0,31.19,14.94,2.16,57.61,0.43,0.47,Meghna_Bhairab Bazar
2014-02-09,0.0,30.53,17.49,1.55,66.68,0.43,0.43,Meghna_Bhairab Bazar
2014-02-10,0.5,29.51,16.25,1.26,61.28,0.43,0.44,Meghna_Bhairab Bazar
2014-02-11,0.0,29.95,15.65,1.36,52.28,0.43,0.47,Meghna_Bhairab Bazar
2014-02-12,0.0,29.42,14.97,1.63,46.37,0.42,0.41,Meghna_Bhairab Bazar
2014-02-13,0.0,29.07,13.2,1.56,43.92,0.42,0.41,Meghna_Bhairab Bazar
2014-02-14,0.0,29.45,12.18,1.34,42.81,0.42,0.42,Meghna_Bhairab Bazar
2014-02-15,2.77,28.9,14.67,1.18,56.03,0.42,0.35,Meghna_Bhairab Bazar
2014-02-16,4.16,23.35,14.46,1.11,78.29,0.42,0.17,Meghna_Bhairab Bazar
2014-02-17,5.11,23.61,13.82,1.88,73.73,0.43,0.18,Meghna_Bhairab Bazar
2014-02-18,0.0,26.48,10.13,1.62,52.49,0.43,0.42,Meghna_Bhairab Bazar
2014-02-19,0.0,29.14,12.26,1.51,50.38,0.43,0.45,Meghna_Bhairab Bazar
2014-02-20,0.0,29.98,14.06,1.22,46.9,0.42,0.46,Meghna_Bhairab Bazar
2014-02-21,0.0,29.77,15.1,1.07,40.69,0.42,0.4,Meghna_Bhairab Bazar
2014-02-22,0.0,30.37,13.43,1.22,44.9,0.42,0.4,Meghna_Bhairab Bazar
2014-02-23,0.0,30.39,16.86,1.46,46.95,0.42,0.31,Meghna_Bhairab Bazar
2014-02-24,0.0,30.56,16.51,1.69,61.0,0.41,0.36,Meghna_Bhairab Bazar
2014-02-25,0.0,31.0,16.36,1.68,51.27,0.41,0.38,Meghna_Bhairab Bazar
2014-02-26,0.0,31.01,15.62,1.43,40.83,0.41,0.35,Meghna_Bhairab Bazar
2014-02-27,0.0,32.17,17.45,1.38,47.08,0.41,0.34,Meghna_Bhairab Bazar
2014-02-28,0.15,31.37,17.7,1.76,57.45,0.4,0.31,Meghna_Bhairab Bazar
2014-03-01,0.0,32.08,16.56,1.61,59.72,0.4,0.32,Meghna_Bhairab Bazar
2014-03-02,0.0,32.52,16.91,2.23,56.11,0.4,0.32,Meghna_Bhairab Bazar
2014-03-03,0.0,31.8,17.45,1.66,56.72,0.4,0.27,Meghna_Bhairab Bazar
2014-03-04,0.0,28.93,18.13,1.64,45.22,0.4,0.15,Meghna_Bhairab Bazar
2014-03-05,0.0,31.81,15.89,2.06,41.31,0.39,0.25,Meghna_Bhairab Bazar
2014-03-06,0.0,31.89,15.31,1.65,39.56,0.39,0.24,Meghna_Bhairab Bazar
2014-03-07,0.0,31.32,17.19,1.46,38.9,0.39,0.21,Meghna_Bhairab Bazar
2014-03-08,0.0,32.02,16.02,1.46,38.94,0.39,0.22,Meghna_Bhairab Bazar
2014-03-09,0.0,32.32,15.18,1.52,34.91,0.38,0.21,Meghna_Bhairab Bazar
2014-03-10,0.0,33.52,15.74,1.54,35.05,0.38,0.2,Meghna_Bhairab Bazar
2014-03-11,0.0,33.85,16.71,1.81,40.63,0.38,0.17,Meghna_Bhairab Bazar
2014-03-12,0.0,33.64,19.61,1.2,41.27,0.38,0.16,Meghna_Bhairab Bazar
2014-03-13,0.0,34.05,19.6,1.13,45.98,0.38,0.13,Meghna_Bhairab Bazar
2014-03-14,0.0,35.05,21.57,1.39,43.78,0.37,0.15,Meghna_Bhairab Bazar
2014-03-15,0.0,35.44,19.16,1.64,37.72,0.37,0.14,Meghna_Bhairab Bazar
2014-03-16,0.0,35.2,19.44,1.36,32.92,0.37,0.12,Meghna_Bhairab Bazar
2014-03-17,0.0,35.4,18.98,1.37,34.45,0.37,0.12,Meghna_Bhairab Bazar
2014-03-18,0.0,35.83,17.67,1.47,41.77,0.36,0.1,Meghna_Bhairab Bazar
2014-03-19,2.63,36.87,20.57,2.43,59.35,0.36,0.09,Meghna_Bhairab Bazar
2014-03-20,2.54,34.75,20.83,2.28,60.76,0.37,0.1,Meghna_Bhairab Bazar
2014-03-21,0.84,35.02,19.73,1.52,54.3,0.37,0.11,Meghna_Bhairab Bazar
2014-03-22,4.57,34.77,20.47,1.86,59.36,0.37,0.11,Meghna_Bhairab Bazar
2014-03-23,2.43,32.98,20.58,1.71,59.36,0.37,0.13,Meghna_Bhairab Bazar
2014-03-24,1.46,33.57,20.53,1.38,56.0,0.37,0.15,Meghna_Bhairab Bazar
2014-03-25,6.86,33.41,21.12,1.61,60.85,0.38,0.18,Meghna_Bhairab Bazar
2014-03-26,1.04,35.78,20.39,1.56,58.36,0.38,0.2,Meghna_Bhairab Bazar
2014-03-27,0.19,37.42,23.47,2.58,53.6,0.37,0.18,Meghna_Bhairab Bazar
2014-03-28,0.0,38.93,23.48,2.73,53.95,0.37,0.17,Meghna_Bhairab Bazar
2014-03-29,0.0,39.28,22.09,3.17,49.86,0.37,0.16,Meghna_Bhairab Bazar
2014-03-30,0.0,40.92,22.72,3.23,48.66,0.36,0.13,Meghna_Bhairab Bazar
2014-03-31,0.0,39.82,23.61,3.04,53.7,0.36,0.11,Meghna_Bhairab Bazar
2014-04-01,0.0,38.58,23.14,2.75,57.56,0.36,0.08,Meghna_Bhairab Bazar
2014-04-02,0.0,39.07,22.99,2.3,50.65,0.36,0.08,Meghna_Bhairab Bazar
2014-04-03,12.34,37.76,23.18,2.34,61.98,0.37,0.06,Meghna_Bhairab Bazar
2014-04-04,7.01,34.8,21.92,1.59,58.06,0.38,0.2,Meghna_Bhairab Bazar
2014-04-05,0.1,36.28,21.5,1.27,50.38,0.38,0.22,Meghna_Bhairab Bazar
2014-04-06,1.56,35.63,22.53,1.79,56.89,0.38,0.17,Meghna_Bhairab Bazar
2014-04-07,2.14,36.24,22.54,2.89,61.6,0.38,0.18,Meghna_Bhairab Bazar
2014-04-08,14.85,36.0,24.58,3.63,70.56,0.39,0.29,Meghna_Bhairab Bazar
2014-04-09,4.14,36.01,25.07,2.92,67.32,0.4,0.34,Meghna_Bhairab Bazar
2014-04-10,7.1,35.9,24.18,1.72,63.08,0.4,0.41,Meghna_Bhairab Bazar
2014-04-11,0.0,38.58,21.69,1.81,49.78,0.4,0.45,Meghna_Bhairab Bazar
2014-04-12,0.0,38.4,22.87,1.71,52.59,0.4,0.38,Meghna_Bhairab Bazar
2014-04-13,0.0,38.43,22.97,1.04,48.75,0.39,0.38,Meghna_Bhairab Bazar
2014-04-14,0.0,39.39,23.98,1.12,42.78,0.39,0.34,Meghna_Bhairab Bazar
2014-04-15,0.0,38.92,23.78,1.44,43.45,0.38,0.27,Meghna_Bhairab Bazar
2014-04-16,0.0,40.27,23.92,1.8,46.45,0.38,0.27,Meghna_Bhairab Bazar
2014-04-17,0.0,40.5,25.51,2.54,46.57,0.38,0.22,Meghna_Bhairab Bazar
2014-04-18,0.06,40.92,24.95,1.98,49.49,0.38,0.22,Meghna_Bhairab Bazar
2014-04-19,3.06,39.78,24.73,1.44,53.33,0.38,0.21,Meghna_Bhairab Bazar
2014-04-20,6.16,39.03,26.71,1.3,45.75,0.38,0.26,Meghna_Bhairab Bazar
2014-04-21,0.0,39.91,26.2,1.41,38.42,0.38,0.24,Meghna_Bhairab Bazar
2014-04-22,0.0,41.03,25.42,1.45,33.01,0.38,0.22,Meghna_Bhairab Bazar
2014-04-23,0.0,40.66,24.31,2.02,38.46,0.37,0.17,Meghna_Bhairab Bazar
2014-04-24,0.0,41.85,24.23,2.14,44.99,0.37,0.16,Meghna_Bhairab Bazar
2014-04-25,1.66,41.74,26.28,2.74,46.03,0.37,0.14,Meghna_Bhairab Bazar
2014-04-26,2.67,40.1,25.72,2.26,52.09,0.37,0.14,Meghna_Bhairab Bazar
2014-04-27,1.66,40.48,25.84,2.42,51.55,0.37,0.14,Meghna_Bhairab Bazar
2014-04-28,9.51,37.78,26.21,2.36,59.29,0.38,0.18,Meghna_Bhairab Bazar
2014-04-29,5.95,38.0,25.33,2.52,61.77,0.38,0.19,Meghna_Bhairab Bazar
2014-04-30,7.46,37.45,25.34,2.18,64.51,0.39,0.32,Meghna_Bhairab Bazar
2014-05-01,4.32,36.05,26.04,2.55,66.83,0.39,0.21,Meghna_Bhairab Bazar
2014-05-02,5.09,34.89,24.68,2.12,70.16,0.4,0.28,Meghna_Bhairab Bazar
2014-05-03,2.58,35.07,24.99,2.75,65.6,0.4,0.3,Meghna_Bhairab Bazar
2014-05-04,2.06,35.7,24.4,2.04,62.66,0.4,0.31,Meghna_Bhairab Bazar
2014-05-05,1.03,33.66,25.72,1.88,67.3,0.4,0.2,Meghna_Bhairab Bazar
2014-05-06,0.39,36.41,25.45,1.51,59.65,0.39,0.29,Meghna_Bhairab Bazar
2014-05-07,26.96,37.16,25.44,3.22,65.61,0.41,0.34,Meghna_Bhairab Bazar
2014-05-08,41.22,32.34,24.9,4.45,79.24,0.48,0.89,Meghna_Bhairab Bazar
2014-05-09,23.69,35.19,26.28,5.14,78.43,0.52,1.98,Meghna_Bhairab Bazar
2014-05-10,6.68,35.92,26.82,4.65,75.4,0.51,2.11,Meghna_Bhairab Bazar
2014-05-11,4.96,35.51,25.94,4.03,73.98,0.51,2.31,Meghna_Bhairab Bazar
2014-05-12,2.87,34.86,26.09,3.19,76.31,0.51,1.54,Meghna_Bhairab Bazar
2014-05-13,5.98,37.25,25.59,2.88,73.14,0.5,1.87,Meghna_Bhairab Bazar
2014-05-14,5.2,35.35,26.65,3.36,72.69,0.51,1.66,Meghna_Bhairab Bazar
2014-05-15,2.19,37.48,26.28,3.43,69.75,0.51,2.11,Meghna_Bhairab Bazar
2014-05-16,0.77,39.01,26.03,2.9,61.93,0.5,2.41,Meghna_Bhairab Bazar
2014-05-17,4.47,37.51,25.77,2.37,65.68,0.49,1.94,Meghna_Bhairab Bazar
2014-05-18,2.73,38.93,25.71,1.26,62.05,0.49,2.21,Meghna_Bhairab Bazar
2014-05-19,0.0,40.19,26.74,1.56,58.71,0.49,2.19,Meghna_Bhairab Bazar
2014-05-20,0.0,39.8,27.52,2.55,60.82,0.48,1.96,Meghna_Bhairab Bazar
2014-05-21,0.0,39.55,26.65,3.03,61.82,0.47,1.75,Meghna_Bhairab Bazar
2014-05-22,0.19,39.09,26.41,2.23,61.56,0.47,1.39,Meghna_Bhairab Bazar
2014-05-23,1.42,37.97,27.25,1.2,57.56,0.46,1.46,Meghna_Bhairab Bazar
2014-05-24,3.18,34.7,27.17,1.22,64.14,0.46,0.91,Meghna_Bhairab Bazar
2014-05-25,20.43,31.2,26.23,0.79,81.24,0.49,0.64,Meghna_Bhairab Bazar
2014-05-26,9.11,33.62,25.69,1.02,75.47,0.5,1.3,Meghna_Bhairab Bazar
2014-05-27,7.36,32.5,26.52,1.72,79.19,0.51,1.04,Meghna_Bhairab Bazar
2014-05-28,13.07,34.55,25.85,3.18,79.15,0.51,1.67,Meghna_Bhairab Bazar
2014-05-29,11.05,33.32,26.9,2.98,78.17,0.53,1.78,Meghna_Bhairab Bazar
2014-05-30,31.4,32.44,26.82,1.8,83.04,0.54,1.18,Meghna_Bhairab Bazar
2014-05-31,53.38,30.14,26.42,1.67,90.36,0.63,1.0,Meghna_Bhairab Bazar
2014-06-01,4.83,33.02,25.97,2.28,83.15,0.64,4.86,Meghna_Bhairab Bazar
2014-06-02,11.14,32.71,25.55,2.44,85.12,0.63,3.56,Meghna_Bhairab Bazar
2014-06-03,7.23,33.21,25.79,2.58,83.57,0.63,4.55,Meghna_Bhairab Bazar
2014-06-04,1.58,34.24,26.14,2.5,81.71,0.62,4.49,Meghna_Bhairab Bazar
2014-06-05,0.05,32.76,27.5,2.23,83.14,0.61,2.24,Meghna_Bhairab Bazar
2014-06-06,0.0,34.65,26.69,2.57,80.91,0.61,4.05,Meghna_Bhairab Bazar
2014-06-07,0.0,34.42,27.29,2.65,79.22,0.6,4.56,Meghna_Bhairab Bazar
2014-06-08,0.31,33.58,26.84,3.22,81.72,0.59,2.84,Meghna_Bhairab Bazar
2014-06-09,0.66,32.99,27.63,3.57,83.64,0.59,2.22,Meghna_Bhairab Bazar
2014-06-10,38.83,33.61,27.28,3.08,86.16,0.6,2.26,Meghna_Bhairab Bazar
2014-06-11,72.03,32.84,26.81,3.31,88.55,0.7,3.3,Meghna_Bhairab Bazar
2014-06-12,12.72,33.67,26.0,2.46,86.37,0.71,5.24,Meghna_Bhairab Bazar
2014-06-13,23.07,31.9,26.8,1.9,91.15,0.72,1.52,Meghna_Bhairab Bazar
2014-06-14,3.93,32.88,26.87,1.55,84.22,0.73,2.49,Meghna_Bhairab Bazar
2014-06-15,9.1,31.37,26.22,1.59,87.14,0.72,2.29,Meghna_Bhairab Bazar
2014-06-16,18.92,31.1,27.14,2.03,89.45,0.74,2.15,Meghna_Bhairab Bazar
2014-06-17,11.34,32.57,26.62,1.61,88.17,0.74,2.69,Meghna_Bhairab Bazar
2014-06-18,20.21,30.01,26.51,2.1,91.64,0.76,1.46,Meghna_Bhairab Bazar
2014-06-19,15.0,32.48,26.23,2.88,88.79,0.77,3.61,Meghna_Bhairab Bazar
2014-06-20,22.42,29.54,26.42,3.97,93.75,0.78,0.96,Meghna_Bhairab Bazar
2014-06-21,52.69,29.36,26.98,4.43,93.45,0.81,0.87,Meghna_Bhairab Bazar
2014-06-22,52.81,30.75,26.98,4.16,92.29,0.87,1.71,Meghna_Bhairab Bazar
2014-06-23,38.39,31.69,26.35,3.65,90.72,0.9,2.17,Meghna_Bhairab Bazar
2014-06-24,7.33,30.02,26.27,3.14,91.08,0.89,2.1,Meghna_Bhairab Bazar
2014-06-25,2.57,32.87,25.81,2.17,86.77,0.88,3.92,Meghna_Bhairab Bazar
2014-06-26,21.68,30.93,26.08,2.78,90.48,0.89,2.19,Meghna_Bhairab Bazar
2014-06-27,5.55,32.34,25.74,3.02,88.76,0.88,3.4,Meghna_Bhairab Bazar
2014-06-28,5.07,32.19,25.57,2.73,89.08,0.88,3.48,Meghna_Bhairab Bazar
2014-06-29,11.77,30.77,26.08,2.91,92.27,0.88,1.48,Meghna_Bhairab Bazar
2014-06-30,7.21,31.38,26.84,2.48,91.59,0.88,1.44,Meghna_Bhairab Bazar
2014-07-01,6.02,32.72,26.22,2.97,88.7,0.87,3.53,Meghna_Bhairab Bazar
2014-07-02,7.75,31.71,25.85,3.56,89.22,0.87,3.42,Meghna_Bhairab Bazar
2014-07-03,6.94,29.74,25.45,3.83,91.15,0.87,2.22,Meghna_Bhairab Bazar
2014-07-04,16.73,30.56,25.04,4.77,91.42,0.87,1.83,Meghna_Bhairab Bazar
2014-07-05,12.17,32.17,25.82,3.21,89.08,0.87,3.51,Meghna_Bhairab Bazar
2014-07-06,8.74,32.25,25.7,2.52,88.34,0.87,3.93,Meghna_Bhairab Bazar
2014-07-07,4.68,30.84,25.99,3.37,89.34,0.86,2.79,Meghna_Bhairab Bazar
2014-07-08,3.12,31.27,26.57,3.71,89.43,0.85,3.05,Meghna_Bhairab Bazar
2014-07-09,9.46,32.46,26.06,2.68,88.12,0.85,4.34,Meghna_Bhairab Bazar
2014-07-10,4.64,32.54,25.86,2.31,87.14,0.84,4.47,Meghna_Bhairab Bazar
2014-07-11,6.15,32.9,26.12,1.12,83.83,0.84,4.02,Meghna_Bhairab Bazar
2014-07-12,3.13,33.23,27.15,1.2,87.09,0.84,3.7,Meghna_Bhairab Bazar
2014-07-13,8.15,31.2,27.29,1.06,90.37,0.84,1.57,Meghna_Bhairab Bazar
2014-07-14,5.28,32.21,26.7,2.25,89.08,0.84,3.26,Meghna_Bhairab Bazar
2014-07-15,3.41,31.49,26.72,2.88,90.04,0.83,2.81,Meghna_Bhairab Bazar
2014-07-16,2.93,31.07,25.85,3.53,90.89,0.83,2.13,Meghna_Bhairab Bazar
2014-07-17,4.6,31.02,26.11,3.41,90.04,0.82,3.0,Meghna_Bhairab Bazar
2014-07-18,3.65,32.25,26.18,2.41,89.35,0.82,3.72,Meghna_Bhairab Bazar
2014-07-19,3.08,33.37,25.84,2.43,87.9,0.81,4.21,Meghna_Bhairab Bazar
2014-07-20,4.52,32.98,26.31,3.33,87.09,0.8,4.14,Meghna_Bhairab Bazar
2014-07-21,13.01,31.14,25.84,4.19,89.43,0.81,3.1,Meghna_Bhairab Bazar
2014-07-22,1.74,31.32,25.08,2.98,88.48,0.8,3.79,Meghna_Bhairab Bazar
2014-07-23,3.32,29.13,25.31,2.41,90.06,0.79,2.39,Meghna_Bhairab Bazar
2014-07-24,4.68,31.12,24.9,1.73,89.23,0.79,2.35,Meghna_Bhairab Bazar
2014-07-25,1.95,32.32,25.95,1.67,85.67,0.79,4.52,Meghna_Bhairab Bazar
2014-07-26,10.02,32.14,26.21,1.47,86.55,0.79,3.99,Meghna_Bhairab Bazar
2014-07-27,19.85,30.38,26.42,0.89,89.51,0.8,1.24,Meghna_Bhairab Bazar
2014-07-28,18.69,32.02,26.0,0.83,84.92,0.82,3.06,Meghna_Bhairab Bazar
2014-07-29,1.89,29.99,25.89,1.71,88.29,0.82,2.71,Meghna_Bhairab Bazar
2014-07-30,1.59,32.72,25.73,1.64,86.77,0.8,5.07,Meghna_Bhairab Bazar
2014-07-31,6.06,32.93,25.9,2.06,87.6,0.8,5.28,Meghna_Bhairab Bazar
2014-08-01,3.33,32.02,26.08,1.97,88.58,0.79,4.26,Meghna_Bhairab Bazar
2014-08-02,1.42,32.16,26.54,2.03,89.33,0.79,3.44,Meghna_Bhairab Bazar
2014-08-03,1.44,30.19,25.43,2.65,90.66,0.78,2.53,Meghna_Bhairab Bazar
2014-08-04,4.74,31.32,25.31,3.31,89.15,0.78,4.14,Meghna_Bhairab Bazar
2014-08-05,14.06,32.33,25.24,2.82,89.21,0.78,4.38,Meghna_Bhairab Bazar
2014-08-06,7.59,30.64,25.74,1.92,89.98,0.78,2.62,Meghna_Bhairab Bazar
2014-08-07,6.74,32.24,25.2,2.27,89.01,0.78,4.11,Meghna_Bhairab Bazar
2014-08-08,7.4,33.25,25.67,2.07,86.13,0.77,6.1,Meghna_Bhairab Bazar
2014-08-09,3.51,31.58,25.77,2.56,89.2,0.77,3.91,Meghna_Bhairab Bazar
2014-08-10,1.97,32.03,25.47,3.37,87.53,0.76,5.47,Meghna_Bhairab Bazar
2014-08-11,7.69,31.57,25.26,3.37,88.09,0.76,5.36,Meghna_Bhairab Bazar
2014-08-12,8.83,31.7,25.64,3.58,88.57,0.76,5.03,Meghna_Bhairab Bazar
2014-08-13,43.88,31.57,26.17,3.79,90.75,0.77,3.16,Meghna_Bhairab Bazar
2014-08-14,73.46,29.27,26.4,2.93,93.78,0.83,0.8,Meghna_Bhairab Bazar
2014-08-15,21.56,30.59,26.37,3.75,92.0,0.87,2.2,Meghna_Bhairab Bazar
2014-08-16,20.69,29.5,25.99,3.17,93.52,0.88,1.38,Meghna_Bhairab Bazar
2014-08-17,2.87,31.92,25.19,2.0,89.27,0.87,4.03,Meghna_Bhairab Bazar
2014-08-18,9.77,32.06,25.01,2.81,88.93,0.87,4.53,Meghna_Bhairab Bazar
2014-08-19,11.73,31.49,25.42,3.08,89.21,0.86,3.97,Meghna_Bhairab Bazar
2014-08-20,28.33,31.41,25.26,2.5,90.15,0.88,3.38,Meghna_Bhairab Bazar
2014-08-21,7.75,30.62,24.93,2.63,91.07,0.88,2.01,Meghna_Bhairab Bazar
2014-08-22,6.17,30.28,25.61,3.24,92.5,0.88,1.65,Meghna_Bhairab Bazar
2014-08-23,6.45,30.88,25.27,3.33,90.58,0.87,3.04,Meghna_Bhairab Bazar
2014-08-24,12.26,31.28,25.23,3.09,89.79,0.88,3.44,Meghna_Bhairab Bazar
2014-08-25,10.49,30.86,25.54,2.26,89.93,0.88,2.74,Meghna_Bhairab Bazar
2014-08-26,6.1,30.19,24.62,1.17,89.72,0.88,1.9,Meghna_Bhairab Bazar
2014-08-27,12.25,31.5,25.24,1.06,86.5,0.88,3.59,Meghna_Bhairab Bazar
2014-08-28,23.57,30.6,25.28,0.95,84.71,0.89,3.09,Meghna_Bhairab Bazar
2014-08-29,5.51,31.74,25.88,1.05,87.05,0.89,3.46,Meghna_Bhairab Bazar
2014-08-30,5.97,29.83,25.51,1.54,91.56,0.88,1.78,Meghna_Bhairab Bazar
2014-08-31,9.7,30.68,24.86,2.51,89.32,0.89,3.17,Meghna_Bhairab Bazar
2014-09-01,4.56,31.02,24.1,1.77,86.39,0.88,4.69,Meghna_Bhairab Bazar
2014-09-02,1.82,31.47,24.73,1.83,87.92,0.88,5.66,Meghna_Bhairab Bazar
2014-09-03,4.5,31.72,24.62,1.19,87.28,0.87,4.68,Meghna_Bhairab Bazar
2014-09-04,3.46,29.93,25.53,1.25,89.44,0.87,2.33,Meghna_Bhairab Bazar
2014-09-05,4.87,31.66,25.41,1.74,87.38,0.86,5.04,Meghna_Bhairab Bazar
2014-09-06,3.81,32.42,24.43,1.78,86.91,0.85,6.1,Meghna_Bhairab Bazar
2014-09-07,15.52,30.47,25.57,1.33,90.94,0.86,1.93,Meghna_Bhairab Bazar
2014-09-08,2.88,30.61,25.11,1.86,88.9,0.86,3.7,Meghna_Bhairab Bazar
2014-09-09,1.84,31.45,24.44,2.04,88.28,0.85,5.79,Meghna_Bhairab Bazar
2014-09-10,1.62,31.23,24.14,1.71,87.61,0.84,5.4,Meghna_Bhairab Bazar
2014-09-11,1.3,31.37,24.76,1.53,88.23,0.84,4.67,Meghna_Bhairab Bazar
2014-09-12,1.3,31.29,24.54,1.59,88.15,0.83,5.37,Meghna_Bhairab Bazar
2014-09-13,3.23,31.19,24.48,1.63,88.37,0.82,5.46,Meghna_Bhairab Bazar
2014-09-14,5.21,31.55,24.54,1.32,87.27,0.82,5.34,Meghna_Bhairab Bazar
2014-09-15,6.16,31.55,24.69,1.2,85.37,0.82,6.09,Meghna_Bhairab Bazar
2014-09-16,2.05,32.29,24.5,1.0,84.35,0.81,7.39,Meghna_Bhairab Bazar
2014-09-17,0.0,31.69,25.67,1.11,86.75,0.8,4.57,Meghna_Bhairab Bazar
2014-09-18,18.45,29.91,26.24,1.63,93.26,0.8,1.34,Meghna_Bhairab Bazar
2014-09-19,42.65,28.68,25.84,1.93,92.98,0.84,1.16,Meghna_Bhairab Bazar
2014-09-20,20.7,29.91,24.81,2.59,92.39,0.86,1.98,Meghna_Bhairab Bazar
2014-09-21,25.82,28.91,25.45,3.04,94.15,0.88,0.82,Meghna_Bhairab Bazar
2014-09-22,47.19,29.96,25.12,3.25,92.98,0.89,1.76,Meghna_Bhairab Bazar
2014-09-23,30.79,28.99,24.53,2.37,94.23,0.93,0.68,Meghna_Bhairab Bazar
2014-09-24,7.28,31.07,24.0,1.95,88.72,0.91,4.3,Meghna_Bhairab Bazar
2014-09-25,10.85,28.54,24.78,2.2,92.86,0.91,1.41,Meghna_Bhairab Bazar
2014-09-26,20.45,28.54,24.41,2.7,94.06,0.92,1.04,Meghna_Bhairab Bazar
2014-09-27,11.78,30.99,24.61,1.88,86.87,0.92,3.88,Meghna_Bhairab Bazar
2014-09-28,0.24,32.11,22.98,1.12,83.06,0.91,7.19,Meghna_Bhairab Bazar
2014-09-29,0.07,31.52,22.94,0.85,82.29,0.9,7.06,Meghna_Bhairab Bazar
2014-09-30,0.02,31.78,24.03,0.78,81.01,0.9,6.81,Meghna_Bhairab Bazar
2014-10-01,0.0,32.02,25.14,0.69,77.78,0.89,7.17,Meghna_Bhairab Bazar
2014-10-02,0.26,32.45,25.35,0.61,76.44,0.89,7.79,Meghna_Bhairab Bazar
2014-10-03,0.27,31.64,24.4,0.85,79.02,0.88,6.72,Meghna_Bhairab Bazar
2014-10-04,0.01,31.78,24.81,0.6,77.19,0.87,7.04,Meghna_Bhairab Bazar
2014-10-05,0.0,32.69,25.12,0.57,78.91,0.87,8.64,Meghna_Bhairab Bazar
2014-10-06,1.68,32.8,25.63,0.56,78.32,0.86,7.85,Meghna_Bhairab Bazar
2014-10-07,1.3,30.81,25.2,0.91,86.03,0.86,4.31,Meghna_Bhairab Bazar
2014-10-08,0.12,31.4,24.33,0.46,79.87,0.85,7.05,Meghna_Bhairab Bazar
2014-10-09,0.0,32.3,25.71,0.57,77.09,0.84,8.72,Meghna_Bhairab Bazar
2014-10-10,3.31,31.71,24.18,1.08,84.99,0.83,6.79,Meghna_Bhairab Bazar
2014-10-11,14.37,31.07,23.65,0.94,85.55,0.84,6.56,Meghna_Bhairab Bazar
2014-10-12,12.49,28.82,24.18,0.76,86.73,0.85,1.68,Meghna_Bhairab Bazar
2014-10-13,6.21,30.66,23.25,0.87,86.4,0.85,5.48,Meghna_Bhairab Bazar
2014-10-14,2.14,30.17,24.22,1.17,89.87,0.84,4.19,Meghna_Bhairab Bazar
2014-10-15,19.02,30.86,24.07,1.23,88.78,0.84,4.97,Meghna_Bhairab Bazar
2014-10-16,4.97,29.01,23.92,0.82,89.25,0.85,2.08,Meghna_Bhairab Bazar
2014-10-17,0.12,29.31,22.51,1.46,86.09,0.85,5.57,Meghna_Bhairab Bazar
2014-10-18,0.0,28.43,21.28,1.3,84.16,0.84,4.42,Meghna_Bhairab Bazar
2014-10-19,0.0,29.51,20.35,1.03,80.57,0.83,6.47,Meghna_Bhairab Bazar
2014-10-20,0.0,29.62,19.92,1.09,77.27,0.82,6.53,Meghna_Bhairab Bazar
2014-10-21,0.0,30.64,20.18,0.82,76.88,0.81,7.48,Meghna_Bhairab Bazar
2014-10-22,0.0,30.74,21.37,0.85,78.4,0.81,7.55,Meghna_Bhairab Bazar
2014-10-23,0.0,30.08,20.31,0.9,76.43,0.8,7.25,Meghna_Bhairab Bazar
2014-10-24,0.0,29.74,20.63,0.67,72.96,0.79,7.55,Meghna_Bhairab Bazar
2014-10-25,1.17,29.91,22.11,0.66,75.81,0.78,6.73,Meghna_Bhairab Bazar
2014-10-26,0.28,27.31,22.29,0.75,80.55,0.78,1.66,Meghna_Bhairab Bazar
2014-10-27,0.13,25.43,20.69,0.67,81.09,0.78,1.77,Meghna_Bhairab Bazar
2014-10-28,1.0,26.43,19.97,0.73,83.13,0.78,3.43,Meghna_Bhairab Bazar
2014-10-29,0.05,27.94,18.47,1.03,81.79,0.77,5.83,Meghna_Bhairab Bazar
2014-10-30,0.0,28.6,19.22,1.04,78.18,0.76,6.24,Meghna_Bhairab Bazar
2014-10-31,0.0,28.95,19.74,0.45,71.62,0.76,7.32,Meghna_Bhairab Bazar
2014-11-01,0.0,28.35,20.5,0.58,70.25,0.75,5.91,Meghna_Bhairab Bazar
2014-11-02,0.0,29.39,20.73,0.66,76.35,0.74,6.48,Meghna_Bhairab Bazar
2014-11-03,0.0,29.36,20.22,0.72,80.5,0.73,6.73,Meghna_Bhairab Bazar
2014-11-04,0.0,29.94,20.73,0.39,79.59,0.73,7.0,Meghna_Bhairab Bazar
2014-11-05,0.0,29.02,21.32,0.9,79.77,0.72,5.91,Meghna_Bhairab Bazar
2014-11-06,0.0,29.85,20.31,0.83,78.47,0.71,6.69,Meghna_Bhairab Bazar
2014-11-07,0.0,30.58,20.44,0.55,75.74,0.71,7.3,Meghna_Bhairab Bazar
2014-11-08,0.0,30.78,21.04,0.76,72.53,0.7,6.73,Meghna_Bhairab Bazar
2014-11-09,0.01,29.78,23.21,0.74,81.36,0.69,5.11,Meghna_Bhairab Bazar
2014-11-10,0.0,28.94,20.33,1.19,82.58,0.69,5.69,Meghna_Bhairab Bazar
2014-11-11,0.0,28.16,19.05,0.86,76.09,0.68,5.41,Meghna_Bhairab Bazar
2014-11-12,0.0,28.53,19.65,0.82,74.12,0.67,4.92,Meghna_Bhairab Bazar
2014-11-13,0.0,29.17,20.16,1.0,78.42,0.67,4.55,Meghna_Bhairab Bazar
2014-11-14,0.0,27.96,17.97,1.11,72.74,0.66,4.21,Meghna_Bhairab Bazar
2014-11-15,0.0,26.51,17.56,0.74,64.15,0.66,3.11,Meghna_Bhairab Bazar
2014-11-16,0.0,27.39,16.98,0.68,62.91,0.65,3.89,Meghna_Bhairab Bazar
2014-11-17,0.0,27.32,17.82,0.62,70.69,0.65,3.74,Meghna_Bhairab Bazar
2014-11-18,0.0,28.05,19.09,0.42,72.11,0.65,4.59,Meghna_Bhairab Bazar
2014-11-19,0.0,28.27,18.47,0.77,75.47,0.64,4.35,Meghna_Bhairab Bazar
2014-11-20,0.0,27.36,17.47,1.02,79.42,0.64,3.43,Meghna_Bhairab Bazar
2014-11-21,0.0,27.21,17.53,1.03,75.49,0.63,3.31,Meghna_Bhairab Bazar
2014-11-22,0.0,27.07,16.75,0.77,65.28,0.63,3.2,Meghna_Bhairab Bazar
2014-11-23,0.0,27.05,17.17,0.59,55.91,0.62,2.92,Meghna_Bhairab Bazar
2014-11-24,0.0,26.45,15.84,1.13,66.08,0.62,2.61,Meghna_Bhairab Bazar
2014-11-25,0.0,27.21,15.35,0.79,64.84,0.61,3.18,Meghna_Bhairab Bazar
2014-11-26,0.0,25.84,15.2,0.74,73.76,0.61,2.55,Meghna_Bhairab Bazar
2014-11-27,0.0,25.47,16.39,0.46,66.94,0.61,2.19,Meghna_Bhairab Bazar
2014-11-28,0.0,26.35,15.19,0.81,72.36,0.6,2.4,Meghna_Bhairab Bazar
2014-11-29,0.0,26.51,16.65,0.63,66.21,0.6,2.4,Meghna_Bhairab Bazar
2014-11-30,0.0,26.95,15.41,1.0,71.67,0.6,2.47,Meghna_Bhairab Bazar
2014-12-01,0.0,27.47,15.79,0.77,72.06,0.59,2.6,Meghna_Bhairab Bazar
2014-12-02,0.0,27.43,16.59,0.82,72.51,0.59,2.51,Meghna_Bhairab Bazar
2014-12-03,0.0,26.88,16.71,0.67,72.04,0.59,2.36,Meghna_Bhairab Bazar
2014-12-04,0.0,27.7,17.82,0.5,71.19,0.58,2.38,Meghna_Bhairab Bazar
2014-12-05,0.0,28.35,16.36,0.69,74.23,0.58,2.61,Meghna_Bhairab Bazar
2014-12-06,0.0,27.55,17.52,0.78,75.41,0.58,2.46,Meghna_Bhairab Bazar
2014-12-07,0.0,26.76,15.34,1.36,78.41,0.57,2.09,Meghna_Bhairab Bazar
2014-12-08,0.0,25.81,14.21,1.02,68.19,0.57,1.94,Meghna_Bhairab Bazar
2014-12-09,0.0,26.0,14.79,0.66,64.89,0.56,1.97,Meghna_Bhairab Bazar
2014-12-10,0.0,25.17,14.84,0.83,64.19,0.56,1.6,Meghna_Bhairab Bazar
2014-12-11,0.12,25.3,13.22,1.14,66.25,0.56,1.67,Meghna_Bhairab Bazar
2014-12-12,12.15,23.5,11.71,1.12,75.64,0.57,1.45,Meghna_Bhairab Bazar
2014-12-13,0.0,24.31,12.36,0.85,72.77,0.57,1.43,Meghna_Bhairab Bazar
2014-12-14,0.0,24.93,15.56,0.75,73.3,0.57,1.0,Meghna_Bhairab Bazar
2014-12-15,0.0,27.05,16.41,0.9,68.89,0.57,1.68,Meghna_Bhairab Bazar
2014-12-16,0.0,27.24,16.6,1.18,69.05,0.56,1.94,Meghna_Bhairab Bazar
2014-12-17,0.0,25.61,13.41,2.43,75.6,0.56,1.58,Meghna_Bhairab Bazar
2014-12-18,0.0,23.88,9.78,1.41,65.34,0.55,1.39,Meghna_Bhairab Bazar
2014-12-19,0.0,25.12,10.48,1.34,71.33,0.55,1.4,Meghna_Bhairab Bazar
2014-12-20,0.0,24.95,13.2,0.93,69.41,0.55,1.19,Meghna_Bhairab Bazar
2014-12-21,0.0,25.69,14.8,0.67,64.09,0.54,1.58,Meghna_Bhairab Bazar
2014-12-22,0.0,25.28,13.04,1.01,69.8,0.54,1.44,Meghna_Bhairab Bazar
2014-12-23,0.0,25.73,13.72,0.89,68.85,0.54,1.46,Meghna_Bhairab Bazar
2014-12-24,0.0,26.43,14.03,0.78,67.52,0.54,1.48,Meghna_Bhairab Bazar
2014-12-25,0.0,25.67,12.58,1.16,74.41,0.53,1.31,Meghna_Bhairab Bazar
2014-12-26,0.0,24.55,10.82,1.25,71.8,0.53,1.22,Meghna_Bhairab Bazar
2014-12-27,0.0,23.96,10.53,1.07,68.59,0.53,1.16,Meghna_Bhairab Bazar
2014-12-28,0.0,25.94,10.81,1.07,66.62,0.53,1.23,Meghna_Bhairab Bazar
2014-12-29,0.0,24.92,10.97,1.01,71.68,0.52,0.96,Meghna_Bhairab Bazar
2014-12-30,0.0,23.87,13.03,0.68,70.0,0.52,0.63,Meghna_Bhairab Bazar
2014-12-31,0.02,24.12,15.36,0.72,62.45,0.52,0.58,Meghna_Bhairab Bazar
2015-01-01,0.21,24.05,16.99,0.73,74.49,0.52,0.46,Meghna_Bhairab Bazar
2015-01-02,0.01,29.04,17.49,0.8,72.49,0.52,1.18,Meghna_Bhairab Bazar
2015-01-03,0.06,29.31,19.49,0.92,72.61,0.51,1.06,Meghna_Bhairab Bazar
2015-01-04,1.26,27.67,17.59,1.46,80.84,0.51,0.93,Meghna_Bhairab Bazar
2015-01-05,0.06,26.03,15.16,1.57,74.74,0.51,1.1,Meghna_Bhairab Bazar
2015-01-06,0.0,24.55,13.22,1.09,65.38,0.51,1.02,Meghna_Bhairab Bazar
2015-01-07,0.0,23.47,12.08,1.1,64.95,0.51,0.73,Meghna_Bhairab Bazar
2015-01-08,0.0,24.04,13.35,1.14,63.26,0.5,0.72,Meghna_Bhairab Bazar
2015-01-09,0.01,24.36,11.84,1.26,63.24,0.5,0.62,Meghna_Bhairab Bazar
2015-01-10,0.0,24.39,11.09,1.32,66.74,0.5,0.72,Meghna_Bhairab Bazar
2015-01-11,0.0,24.79,11.44,1.18,60.53,0.5,0.81,Meghna_Bhairab Bazar
2015-01-12,0.0,25.96,10.94,0.98,60.51,0.49,0.89,Meghna_Bhairab Bazar
2015-01-13,0.0,27.41,12.67,0.8,62.8,0.49,0.97,Meghna_Bhairab Bazar
2015-01-14,0.0,27.82,14.48,0.85,64.29,0.49,0.99,Meghna_Bhairab Bazar
2015-01-15,0.0,28.47,15.64,0.98,58.81,0.49,0.98,Meghna_Bhairab Bazar
2015-01-16,0.0,28.07,13.36,0.78,47.53,0.48,0.94,Meghna_Bhairab Bazar
2015-01-17,2.76,28.27,14.64,1.11,58.33,0.48,0.88,Meghna_Bhairab Bazar
2015-01-18,0.13,24.95,11.87,1.7,65.72,0.48,0.73,Meghna_Bhairab Bazar
2015-01-19,0.0,25.02,11.87,1.16,62.29,0.48,0.75,Meghna_Bhairab Bazar
2015-01-20,0.0,25.9,11.27,1.24,63.08,0.48,0.73,Meghna_Bhairab Bazar
2015-01-21,0.0,27.23,11.78,0.97,58.94,0.47,0.79,Meghna_Bhairab Bazar
2015-01-22,0.0,27.37,13.0,0.96,58.75,0.47,0.76,Meghna_Bhairab Bazar
2015-01-23,0.0,26.83,13.2,1.13,56.31,0.47,0.66,Meghna_Bhairab Bazar
2015-01-24,0.0,27.55,12.52,1.29,57.17,0.47,0.66,Meghna_Bhairab Bazar
2015-01-25,0.0,26.97,13.06,1.39,58.13,0.46,0.68,Meghna_Bhairab Bazar
2015-01-26,0.0,27.15,11.9,1.33,49.71,0.46,0.66,Meghna_Bhairab Bazar
2015-01-27,0.0,28.06,14.27,1.16,51.58,0.46,0.62,Meghna_Bhairab Bazar
2015-01-28,0.0,29.33,15.73,1.24,62.65,0.46,0.62,Meghna_Bhairab Bazar
2015-01-29,0.0,29.18,14.45,1.43,61.72,0.46,0.66,Meghna_Bhairab Bazar
2015-01-30,0.0,26.77,13.8,1.7,67.76,0.45,0.51,Meghna_Bhairab Bazar
2015-01-31,0.0,24.23,10.73,1.45,51.21,0.45,0.51,Meghna_Bhairab Bazar
2015-02-01,0.0,25.16,9.64,1.59,50.45,0.45,0.44,Meghna_Bhairab Bazar
2015-02-02,0.0,27.03,10.88,1.19,50.76,0.45,0.53,Meghna_Bhairab Bazar
2015-02-03,0.0,28.9,13.92,0.83,47.52,0.44,0.55,Meghna_Bhairab Bazar
2015-02-04,0.0,29.38,14.6,1.27,47.52,0.44,0.48,Meghna_Bhairab Bazar
2015-02-05,0.0,29.4,16.51,1.04,43.76,0.44,0.45,Meghna_Bhairab Bazar
2015-02-06,0.0,28.04,14.42,1.49,46.31,0.44,0.45,Meghna_Bhairab Bazar
2015-02-07,0.0,26.02,13.27,1.26,41.72,0.43,0.33,Meghna_Bhairab Bazar
2015-02-08,0.0,27.12,13.65,0.98,44.97,0.43,0.29,Meghna_Bhairab Bazar
2015-02-09,0.0,27.45,15.18,1.02,49.22,0.43,0.29,Meghna_Bhairab Bazar
2015-02-10,0.0,29.3,17.2,1.53,51.68,0.43,0.39,Meghna_Bhairab Bazar
2015-02-11,0.0,26.83,15.23,1.34,47.69,0.43,0.27,Meghna_Bhairab Bazar
2015-02-12,0.0,28.51,14.19,1.21,39.46,0.43,0.39,Meghna_Bhairab Bazar
2015-02-13,0.0,28.82,14.16,1.4,45.47,0.42,0.35,Meghna_Bhairab Bazar
2015-02-14,0.0,28.39,13.88,1.09,52.87,0.42,0.37,Meghna_Bhairab Bazar
2015-02-15,0.95,28.73,14.7,0.91,51.73,0.42,0.34,Meghna_Bhairab Bazar
2015-02-16,0.0,30.14,16.13,0.81,49.28,0.42,0.39,Meghna_Bhairab Bazar
2015-02-17,0.0,30.91,15.81,0.97,44.84,0.42,0.4,Meghna_Bhairab Bazar
2015-02-18,0.19,30.74,15.55,1.22,51.79,0.41,0.35,Meghna_Bhairab Bazar
2015-02-19,15.5,27.6,17.0,1.23,71.88,0.43,0.37,Meghna_Bhairab Bazar
2015-02-20,0.13,30.24,16.0,1.15,61.52,0.44,0.52,Meghna_Bhairab Bazar
2015-02-21,0.05,30.84,17.03,1.4,56.51,0.43,0.49,Meghna_Bhairab Bazar
2015-02-22,14.07,29.56,17.7,1.28,63.48,0.44,0.58,Meghna_Bhairab Bazar
2015-02-23,0.0,32.21,17.01,1.2,60.54,0.45,0.79,Meghna_Bhairab Bazar
2015-02-24,0.0,32.75,18.91,1.54,63.6,0.44,0.68,Meghna_Bhairab Bazar
2015-02-25,0.0,32.01,18.73,1.78,63.6,0.44,0.62,Meghna_Bhairab Bazar
2015-02-26,0.0,32.21,18.85,2.22,68.18,0.44,0.6,Meghna_Bhairab Bazar
2015-02-27,0.02,32.82,18.87,2.62,68.0,0.43,0.58,Meghna_Bhairab Bazar
2015-02-28,0.0,33.23,19.1,1.64,63.47,0.43,0.55,Meghna_Bhairab Bazar
2015-03-01,0.0,34.33,20.04,1.04,58.93,0.43,0.55,Meghna_Bhairab Bazar
2015-03-02,0.0,35.17,21.13,1.83,53.04,0.42,0.55,Meghna_Bhairab Bazar
2015-03-03,0.0,32.72,19.33,2.25,50.19,0.42,0.47,Meghna_Bhairab Bazar
2015-03-04,12.02,26.97,18.58,1.79,65.47,0.43,0.3,Meghna_Bhairab Bazar
2015-03-05,0.17,31.44,17.18,1.85,55.27,0.44,0.67,Meghna_Bhairab Bazar
2015-03-06,0.0,30.78,13.85,1.8,41.87,0.43,0.61,Meghna_Bhairab Bazar
2015-03-07,0.0,31.32,13.83,1.66,41.95,0.43,0.56,Meghna_Bhairab Bazar
2015-03-08,0.0,32.59,15.76,1.65,40.83,0.42,0.55,Meghna_Bhairab Bazar
2015-03-09,0.0,34.29,17.44,1.6,39.45,0.42,0.55,Meghna_Bhairab Bazar
2015-03-10,0.0,35.01,17.88,1.67,36.85,0.42,0.5,Meghna_Bhairab Bazar
2015-03-11,0.0,34.32,15.94,2.03,35.49,0.41,0.5,Meghna_Bhairab Bazar
2015-03-12,0.0,34.65,13.72,1.78,32.16,0.41,0.46,Meghna_Bhairab Bazar
2015-03-13,0.0,34.6,15.08,1.64,33.58,0.41,0.41,Meghna_Bhairab Bazar
2015-03-14,0.0,35.85,18.43,1.84,42.96,0.4,0.38,Meghna_Bhairab Bazar
2015-03-15,0.0,36.24,20.69,1.58,43.66,0.4,0.39,Meghna_Bhairab Bazar
2015-03-16,0.0,36.18,20.0,2.37,42.43,0.4,0.33,Meghna_Bhairab Bazar
2015-03-17,0.0,35.56,20.67,1.86,45.07,0.4,0.33,Meghna_Bhairab Bazar
2015-03-18,0.0,35.62,21.01,1.4,46.08,0.39,0.31,Meghna_Bhairab Bazar
2015-03-19,0.0,35.49,22.02,1.67,40.74,0.39,0.28,Meghna_Bhairab Bazar
2015-03-20,0.0,34.86,20.2,1.54,31.42,0.39,0.28,Meghna_Bhairab Bazar
2015-03-21,0.0,36.16,17.69,1.74,34.64,0.39,0.23,Meghna_Bhairab Bazar
2015-03-22,0.0,36.3,20.07,1.25,31.91,0.38,0.23,Meghna_Bhairab Bazar
2015-03-23,0.0,37.31,20.72,1.32,33.71,0.38,0.21,Meghna_Bhairab Bazar
2015-03-24,0.0,37.32,19.93,1.51,51.82,0.38,0.2,Meghna_Bhairab Bazar
2015-03-25,0.06,37.22,21.02,1.88,57.05,0.38,0.17,Meghna_Bhairab Bazar
2015-03-26,0.19,35.17,21.98,1.64,57.16,0.37,0.16,Meghna_Bhairab Bazar
2015-03-27,0.01,36.0,21.91,1.61,54.06,0.37,0.14,Meghna_Bhairab Bazar
2015-03-28,4.82,32.57,22.89,1.52,61.82,0.37,0.1,Meghna_Bhairab Bazar
2015-03-29,0.92,35.39,23.45,1.48,56.47,0.38,0.18,Meghna_Bhairab Bazar
2015-03-30,0.29,35.71,22.6,2.04,58.05,0.37,0.16,Meghna_Bhairab Bazar
2015-03-31,4.8,31.05,23.56,2.0,70.9,0.38,0.1,Meghna_Bhairab Bazar
2015-04-01,3.76,34.84,22.01,2.98,65.45,0.38,0.21,Meghna_Bhairab Bazar
2015-04-02,41.13,32.14,22.3,3.33,78.76,0.42,0.45,Meghna_Bhairab Bazar
2015-04-03,18.9,33.58,23.25,2.62,76.66,0.47,1.07,Meghna_Bhairab Bazar
2015-04-04,14.63,34.05,23.98,3.79,75.25,0.48,1.38,Meghna_Bhairab Bazar
2015-04-05,40.7,30.8,23.64,2.53,84.14,0.52,1.21,Meghna_Bhairab Bazar
2015-04-06,33.46,30.81,22.42,1.01,80.82,0.58,2.66,Meghna_Bhairab Bazar
2015-04-07,2.97,32.35,21.74,1.12,76.71,0.57,3.27,Meghna_Bhairab Bazar
2015-04-08,5.22,32.81,22.72,1.19,75.08,0.57,3.4,Meghna_Bhairab Bazar
2015-04-09,1.08,33.3,21.85,1.93,71.13,0.56,3.04,Meghna_Bhairab Bazar
2015-04-10,0.39,34.43,22.8,2.4,71.13,0.55,3.37,Meghna_Bhairab Bazar
2015-04-11,6.89,33.71,21.94,1.55,72.72,0.55,2.9,Meghna_Bhairab Bazar
2015-04-12,11.47,31.4,23.59,0.73,75.77,0.56,1.87,Meghna_Bhairab Bazar
2015-04-13,0.05,31.81,24.26,1.3,71.79,0.56,1.7,Meghna_Bhairab Bazar
2015-04-14,0.03,32.86,22.88,1.12,67.28,0.55,2.09,Meghna_Bhairab Bazar
2015-04-15,0.0,33.28,23.36,1.06,67.12,0.55,1.18,Meghna_Bhairab Bazar
2015-04-16,0.0,33.79,23.79,1.19,64.33,0.54,1.82,Meghna_Bhairab Bazar
2015-04-17,0.07,32.75,23.35,1.57,62.96,0.54,1.62,Meghna_Bhairab Bazar
2015-04-18,19.39,32.01,22.66,2.23,75.78,0.55,1.9,Meghna_Bhairab Bazar
2015-04-19,27.98,32.61,23.01,2.12,79.5,0.6,4.05,Meghna_Bhairab Bazar
2015-04-20,12.26,32.88,23.32,1.91,77.92,0.59,3.4,Meghna_Bhairab Bazar
2015-04-21,21.61,33.23,23.68,3.35,82.01,0.61,3.51,Meghna_Bhairab Bazar
2015-04-22,28.64,31.24,24.86,3.46,85.46,0.64,3.18,Meghna_Bhairab Bazar
2015-04-23,25.69,30.31,24.48,3.29,87.26,0.67,3.66,Meghna_Bhairab Bazar
2015-04-24,5.46,29.7,23.11,2.26,87.66,0.67,3.08,Meghna_Bhairab Bazar
2015-04-25,9.46,28.96,22.06,1.47,85.78,0.67,3.13,Meghna_Bhairab Bazar
2015-04-26,1.94,27.68,21.79,0.99,81.75,0.67,2.39,Meghna_Bhairab Bazar
2015-04-27,0.7,30.29,21.56,1.05,77.95,0.66,4.82,Meghna_Bhairab Bazar
2015-04-28,0.52,30.84,21.57,1.35,78.74,0.65,5.21,Meghna_Bhairab Bazar
2015-04-29,2.16,30.45,22.25,1.98,83.07,0.64,3.48,Meghna_Bhairab Bazar
2015-04-30,5.82,31.4,22.62,1.96,83.31,0.64,4.78,Meghna_Bhairab Bazar
2015-05-01,16.72,31.78,24.41,1.95,82.71,0.65,4.47,Meghna_Bhairab Bazar
2015-05-02,7.92,30.82,23.79,2.51,85.97,0.66,3.56,Meghna_Bhairab Bazar
2015-05-03,1.44,31.44,23.63,1.61,82.23,0.65,3.43,Meghna_Bhairab Bazar
2015-05-04,0.61,32.37,24.19,1.22,77.71,0.65,3.74,Meghna_Bhairab Bazar
2015-05-05,0.19,32.32,23.69,1.5,79.16,0.64,3.16,Meghna_Bhairab Bazar
2015-05-06,5.16,32.33,24.57,1.71,80.15,0.64,3.9,Meghna_Bhairab Bazar
2015-05-07,8.03,32.7,23.91,1.77,81.39,0.64,4.12,Meghna_Bhairab Bazar
2015-05-08,14.32,30.52,23.33,1.07,82.82,0.65,2.71,Meghna_Bhairab Bazar
2015-05-09,0.27,32.62,22.95,1.5,80.23,0.65,5.01,Meghna_Bhairab Bazar
2015-05-10,22.39,31.53,24.71,1.94,87.28,0.66,2.92,Meghna_Bhairab Bazar
2015-05-11,27.31,28.87,25.53,1.44,90.98,0.68,1.08,Meghna_Bhairab Bazar
2015-05-12,7.92,31.77,24.52,1.64,88.27,0.7,3.77,Meghna_Bhairab Bazar
2015-05-13,0.74,32.6,24.35,1.56,82.26,0.69,5.6,Meghna_Bhairab Bazar
2015-05-14,1.3,33.47,24.98,2.14,83.41,0.67,5.73,Meghna_Bhairab Bazar
2015-05-15,21.74,32.42,25.81,2.38,86.06,0.68,3.82,Meghna_Bhairab Bazar
2015-05-16,12.33,29.52,25.64,1.29,88.43,0.7,1.77,Meghna_Bhairab Bazar
2015-05-17,13.1,30.69,25.12,1.44,87.76,0.71,2.26,Meghna_Bhairab Bazar
2015-05-18,4.81,32.32,24.0,1.85,82.31,0.71,6.33,Meghna_Bhairab Bazar
2015-05-19,0.04,33.48,23.83,1.55,80.66,0.69,6.95,Meghna_Bhairab Bazar
2015-05-20,0.0,33.57,24.29,1.13,79.48,0.68,6.84,Meghna_Bhairab Bazar
2015-05-21,1.74,33.05,25.88,1.98,81.49,0.67,5.49,Meghna_Bhairab Bazar
2015-05-22,6.77,34.46,25.22,2.47,82.9,0.67,5.96,Meghna_Bhairab Bazar
2015-05-23,11.12,34.33,25.66,3.19,84.61,0.67,5.5,Meghna_Bhairab Bazar
2015-05-24,24.38,31.03,25.53,3.2,90.82,0.69,2.14,Meghna_Bhairab Bazar
2015-05-25,6.63,31.49,25.5,2.98,86.65,0.69,3.9,Meghna_Bhairab Bazar
2015-05-26,13.32,31.29,25.12,2.16,87.58,0.7,3.15,Meghna_Bhairab Bazar
2015-05-27,23.7,30.79,24.94,2.42,90.12,0.72,2.27,Meghna_Bhairab Bazar
2015-05-28,12.72,32.32,25.25,2.88,88.79,0.73,3.75,Meghna_Bhairab Bazar
2015-05-29,2.98,32.41,25.52,2.58,87.02,0.72,4.43,Meghna_Bhairab Bazar
2015-05-30,25.23,31.48,26.32,2.0,90.08,0.73,2.21,Meghna_Bhairab Bazar
2015-05-31,12.7,30.92,26.11,2.59,89.22,0.75,2.42,Meghna_Bhairab Bazar
2015-06-01,3.83,30.96,26.41,2.72,88.95,0.75,2.3,Meghna_Bhairab Bazar
2015-06-02,3.06,32.55,25.94,2.48,86.41,0.74,4.2,Meghna_Bhairab Bazar
2015-06-03,11.13,32.01,26.08,1.78,87.16,0.74,2.74,Meghna_Bhairab Bazar
2015-06-04,0.43,31.98,25.95,1.43,85.69,0.74,3.27,Meghna_Bhairab Bazar
2015-06-05,0.6,33.48,25.73,2.08,83.09,0.73,5.57,Meghna_Bhairab Bazar
2015-06-06,0.22,32.31,26.2,2.9,86.32,0.72,4.61,Meghna_Bhairab Bazar
2015-06-07,1.39,31.0,26.22,2.65,89.3,0.71,2.37,Meghna_Bhairab Bazar
2015-06-08,0.89,32.67,26.0,2.87,86.81,0.71,4.11,Meghna_Bhairab Bazar
2015-06-09,4.73,32.71,26.52,3.66,86.77,0.7,4.24,Meghna_Bhairab Bazar
2015-06-10,37.6,30.9,26.36,3.4,91.29,0.72,1.99,Meghna_Bhairab Bazar
2015-06-11,38.94,29.87,26.3,2.87,93.41,0.77,0.97,Meghna_Bhairab Bazar
2015-06-12,26.55,29.91,25.56,2.9,93.48,0.79,0.89,Meghna_Bhairab Bazar
2015-06-13,35.45,30.19,25.29,3.12,89.71,0.82,2.02,Meghna_Bhairab Bazar
2015-06-14,11.24,31.26,24.72,2.18,88.51,0.83,3.07,Meghna_Bhairab Bazar
2015-06-15,7.65,29.5,25.28,1.79,92.51,0.82,1.21,Meghna_Bhairab Bazar
2015-06-16,6.24,29.7,25.11,2.53,91.88,0.82,1.63,Meghna_Bhairab Bazar
2015-06-17,1.81,30.53,25.01,1.6,89.12,0.82,2.52,Meghna_Bhairab Bazar
2015-06-18,1.82,29.95,24.84,0.86,84.22,0.82,1.91,Meghna_Bhairab Bazar
2015-06-19,12.63,32.58,25.61,1.3,85.0,0.81,4.5,Meghna_Bhairab Bazar
2015-06-20,13.2,31.14,25.76,1.82,89.31,0.82,2.85,Meghna_Bhairab Bazar
2015-06-21,8.18,32.57,25.83,2.5,89.6,0.82,2.93,Meghna_Bhairab Bazar
2015-06-22,17.69,31.4,25.52,3.52,89.78,0.82,2.76,Meghna_Bhairab Bazar
2015-06-23,15.41,31.48,26.06,3.9,91.07,0.84,2.32,Meghna_Bhairab Bazar
2015-06-24,11.17,32.56,26.2,3.04,89.2,0.84,3.35,Meghna_Bhairab Bazar
2015-06-25,37.52,32.07,27.0,1.56,89.01,0.85,2.14,Meghna_Bhairab Bazar
2015-06-26,30.89,29.24,26.26,3.21,93.87,0.89,0.76,Meghna_Bhairab Bazar
2015-06-27,15.65,29.46,25.5,3.77,91.52,0.89,1.79,Meghna_Bhairab Bazar
2015-06-28,6.69,31.11,25.47,2.79,88.98,0.88,2.77,Meghna_Bhairab Bazar
2015-06-29,3.91,31.13,24.8,2.94,87.82,0.88,3.79,Meghna_Bhairab Bazar
2015-06-30,2.44,32.95,23.93,2.71,87.89,0.87,4.18,Meghna_Bhairab Bazar
2015-07-01,3.24,32.03,24.57,2.74,87.48,0.86,4.55,Meghna_Bhairab Bazar
2015-07-02,5.87,32.47,25.42,2.8,88.2,0.85,3.83,Meghna_Bhairab Bazar
2015-07-03,4.7,32.57,26.44,3.16,88.08,0.85,4.44,Meghna_Bhairab Bazar
2015-07-04,1.89,32.78,26.01,2.93,88.02,0.84,4.33,Meghna_Bhairab Bazar
2015-07-05,6.17,31.61,26.64,1.53,88.5,0.83,2.11,Meghna_Bhairab Bazar
2015-07-06,9.52,30.45,26.71,1.65,91.32,0.84,1.2,Meghna_Bhairab Bazar
2015-07-07,22.59,31.35,26.08,1.43,87.12,0.85,2.07,Meghna_Bhairab Bazar
2015-07-08,54.85,30.27,26.59,1.96,93.02,0.88,0.82,Meghna_Bhairab Bazar
2015-07-09,51.1,29.63,25.58,3.08,92.62,0.93,1.22,Meghna_Bhairab Bazar
2015-07-10,22.72,32.74,24.76,2.46,85.37,0.92,3.65,Meghna_Bhairab Bazar
2015-07-11,31.18,30.46,24.34,1.99,89.72,0.92,1.75,Meghna_Bhairab Bazar
2015-07-12,2.37,32.25,25.28,2.17,88.11,0.92,3.77,Meghna_Bhairab Bazar
2015-07-13,6.69,32.64,25.56,2.23,87.43,0.91,3.96,Meghna_Bhairab Bazar
2015-07-14,18.75,32.38,26.38,2.55,90.09,0.91,2.78,Meghna_Bhairab Bazar
2015-07-15,41.48,30.33,26.58,2.66,93.31,0.93,0.85,Meghna_Bhairab Bazar
2015-07-16,72.74,29.21,26.37,2.04,93.19,0.96,0.58,Meghna_Bhairab Bazar
2015-07-17,23.3,28.36,25.71,2.22,94.19,0.97,0.53,Meghna_Bhairab Bazar
2015-07-18,46.84,28.48,25.34,2.83,95.85,0.97,0.24,Meghna_Bhairab Bazar
2015-07-19,64.81,28.93,25.01,2.43,93.08,0.99,0.77,Meghna_Bhairab Bazar
2015-07-20,17.43,31.41,25.12,1.94,90.21,0.98,1.84,Meghna_Bhairab Bazar
2015-07-21,13.81,30.5,25.23,1.93,92.1,0.98,1.26,Meghna_Bhairab Bazar
2015-07-22,11.13,30.87,25.32,2.48,91.9,0.98,1.58,Meghna_Bhairab Bazar
2015-07-23,14.51,30.21,25.41,3.12,92.52,0.97,1.25,Meghna_Bhairab Bazar
2015-07-24,23.98,28.71,25.38,2.82,94.92,0.97,0.38,Meghna_Bhairab Bazar
2015-07-25,18.2,28.41,24.78,3.35,93.15,0.98,0.58,Meghna_Bhairab Bazar
2015-07-26,7.14,28.69,25.03,2.48,94.33,0.97,0.39,Meghna_Bhairab Bazar
2015-07-27,17.3,28.05,24.95,3.34,94.25,0.98,0.32,Meghna_Bhairab Bazar
2015-07-28,10.16,29.31,25.29,1.93,91.05,0.98,1.1,Meghna_Bhairab Bazar
2015-07-29,1.33,32.38,25.12,2.39,86.7,0.97,2.49,Meghna_Bhairab Bazar
2015-07-30,16.13,29.17,25.58,4.64,92.86,0.96,0.91,Meghna_Bhairab Bazar
2015-07-31,38.94,27.96,25.31,5.54,95.52,0.97,0.23,Meghna_Bhairab Bazar
2015-08-01,22.84,29.11,24.73,3.6,93.14,0.98,0.86,Meghna_Bhairab Bazar
2015-08-02,0.7,29.99,23.86,2.65,89.62,0.97,2.21,Meghna_Bhairab Bazar
2015-08-03,6.07,30.74,23.69,2.2,89.11,0.96,2.8,Meghna_Bhairab Bazar
2015-08-04,16.91,31.64,24.14,2.23,89.7,0.96,2.63,Meghna_Bhairab Bazar
2015-08-05,5.31,31.21,24.92,2.2,89.24,0.96,2.7,Meghna_Bhairab Bazar
2015-08-06,1.46,32.06,25.4,1.72,87.39,0.95,3.27,Meghna_Bhairab Bazar
2015-08-07,9.88,29.6,26.16,1.52,91.53,0.95,0.85,Meghna_Bhairab Bazar
2015-08-08,0.71,30.86,25.43,1.15,89.15,0.95,1.94,Meghna_Bhairab Bazar
2015-08-09,5.75,31.55,25.38,1.82,88.66,0.94,3.3,Meghna_Bhairab Bazar
2015-08-10,16.57,31.23,25.0,1.45,85.17,0.94,2.62,Meghna_Bhairab Bazar
2015-08-11,7.22,31.76,26.49,1.0,85.89,0.94,2.36,Meghna_Bhairab Bazar
2015-08-12,5.46,32.09,25.61,1.54,88.58,0.94,3.29,Meghna_Bhairab Bazar
2015-08-13,5.74,31.33,25.91,2.06,90.81,0.93,2.79,Meghna_Bhairab Bazar
2015-08-14,7.04,32.37,25.73,2.12,89.54,0.93,3.24,Meghna_Bhairab Bazar
2015-08-15,4.16,31.31,26.38,2.62,91.19,0.93,2.19,Meghna_Bhairab Bazar
2015-08-16,7.16,30.55,26.02,3.47,91.12,0.92,2.51,Meghna_Bhairab Bazar
2015-08-17,24.27,30.94,25.47,3.83,91.48,0.92,2.43,Meghna_Bhairab Bazar
2015-08-18,33.12,31.33,25.73,3.23,91.75,0.93,2.13,Meghna_Bhairab Bazar
2015-08-19,37.71,31.68,25.73,3.46,91.06,0.95,2.64,Meghna_Bhairab Bazar
2015-08-20,26.89,30.77,26.72,2.32,92.42,0.96,1.49,Meghna_Bhairab Bazar
2015-08-21,20.42,28.21,25.5,1.7,95.26,0.96,0.44,Meghna_Bhairab Bazar
2015-08-22,2.13,31.67,25.01,1.83,88.77,0.95,3.63,Meghna_Bhairab Bazar
2015-08-23,4.52,29.85,25.5,1.87,91.79,0.95,1.26,Meghna_Bhairab Bazar
2015-08-24,0.64,31.68,25.27,2.03,88.96,0.94,3.58,Meghna_Bhairab Bazar
2015-08-25,0.13,31.29,25.7,1.77,90.52,0.93,2.89,Meghna_Bhairab Bazar
2015-08-26,1.27,30.77,25.18,1.37,90.28,0.93,2.5,Meghna_Bhairab Bazar
2015-08-27,3.58,29.49,25.76,1.76,92.41,0.93,1.57,Meghna_Bhairab Bazar
2015-08-28,3.88,30.53,25.04,2.34,91.38,0.92,2.42,Meghna_Bhairab Bazar
2015-08-29,5.64,31.54,25.34,3.18,90.69,0.92,3.12,Meghna_Bhairab Bazar
2015-08-30,22.07,30.98,25.21,3.03,92.3,0.92,2.01,Meghna_Bhairab Bazar
2015-08-31,49.55,29.27,26.22,2.93,94.57,0.94,0.71,Meghna_Bhairab Bazar
2015-09-01,14.08,29.31,26.0,1.9,94.16,0.95,0.81,Meghna_Bhairab Bazar
2015-09-02,7.16,29.74,25.59,1.2,90.52,0.95,2.05,Meghna_Bhairab Bazar
2015-09-03,11.17,27.91,25.67,2.1,93.64,0.95,0.59,Meghna_Bhairab Bazar
2015-09-04,5.31,29.75,25.21,1.69,90.95,0.95,1.35,Meghna_Bhairab Bazar
2015-09-05,5.78,30.98,24.91,1.66,90.42,0.94,2.85,Meghna_Bhairab Bazar
2015-09-06,1.61,31.76,24.85,1.56,88.35,0.94,3.84,Meghna_Bhairab Bazar
2015-09-07,3.1,30.57,25.64,2.02,91.78,0.93,2.16,Meghna_Bhairab Bazar
2015-09-08,3.55,30.42,24.85,1.56,90.33,0.93,2.35,Meghna_Bhairab Bazar
2015-09-09,1.68,32.6,25.07,1.01,83.64,0.93,5.13,Meghna_Bhairab Bazar
2015-09-10,5.63,30.76,26.4,1.08,88.78,0.92,0.97,Meghna_Bhairab Bazar
2015-09-11,9.31,31.17,25.57,1.01,86.83,0.92,2.21,Meghna_Bhairab Bazar
2015-09-12,4.86,33.58,24.5,0.76,81.75,0.92,8.02,Meghna_Bhairab Bazar
2015-09-13,9.85,30.54,25.83,1.12,89.23,0.92,1.87,Meghna_Bhairab Bazar
2015-09-14,13.55,29.89,25.7,1.33,91.02,0.93,1.88,Meghna_Bhairab Bazar
2015-09-15,8.68,31.52,25.99,0.97,87.95,0.93,2.85,Meghna_Bhairab Bazar
2015-09-16,0.64,32.53,25.44,1.33,87.43,0.92,5.51,Meghna_Bhairab Bazar
2015-09-17,0.0,33.57,25.92,0.51,80.81,0.91,7.25,Meghna_Bhairab Bazar
2015-09-18,1.68,34.19,26.23,0.67,79.65,0.91,5.44,Meghna_Bhairab Bazar
2015-09-19,6.55,28.69,25.36,2.03,94.45,0.91,0.56,Meghna_Bhairab Bazar
2015-09-20,11.85,28.66,24.36,2.85,93.8,0.91,1.25,Meghna_Bhairab Bazar
2015-09-21,23.09,30.61,25.04,3.18,92.22,0.92,2.25,Meghna_Bhairab Bazar
2015-09-22,18.73,31.34,25.61,2.65,91.19,0.92,2.92,Meghna_Bhairab Bazar
2015-09-23,23.11,29.05,25.94,2.7,94.39,0.93,0.8,Meghna_Bhairab Bazar
2015-09-24,7.66,29.73,25.46,2.04,91.69,0.93,2.02,Meghna_Bhairab Bazar
2015-09-25,0.49,31.15,25.15,1.71,87.39,0.92,4.38,Meghna_Bhairab Bazar
2015-09-26,0.0,31.9,24.09,0.9,76.52,0.92,6.96,Meghna_Bhairab Bazar
2015-09-27,0.0,31.57,23.93,0.78,71.71,0.91,7.49,Meghna_Bhairab Bazar
2015-09-28,0.0,31.97,23.86,0.93,77.62,0.9,7.1,Meghna_Bhairab Bazar
2015-09-29,0.0,32.74,24.53,0.94,82.84,0.89,7.06,Meghna_Bhairab Bazar
2015-09-30,0.06,32.04,25.98,0.91,83.84,0.89,4.45,Meghna_Bhairab Bazar
2015-10-01,0.19,31.81,25.73,0.97,85.36,0.88,3.86,Meghna_Bhairab Bazar
2015-10-02,1.66,31.88,25.72,1.06,87.2,0.88,4.36,Meghna_Bhairab Bazar
2015-10-03,9.46,30.89,25.85,1.27,90.16,0.88,3.36,Meghna_Bhairab Bazar
2015-10-04,0.44,31.96,25.39,0.67,80.9,0.88,4.65,Meghna_Bhairab Bazar
2015-10-05,8.18,31.14,25.38,0.71,84.55,0.88,3.64,Meghna_Bhairab Bazar
2015-10-06,6.22,30.16,25.24,0.9,87.02,0.88,2.39,Meghna_Bhairab Bazar
2015-10-07,15.46,29.62,24.99,1.35,91.41,0.88,1.7,Meghna_Bhairab Bazar
2015-10-08,15.7,27.79,23.87,1.5,94.44,0.9,0.66,Meghna_Bhairab Bazar
2015-10-09,11.31,30.79,24.27,2.17,89.08,0.9,4.02,Meghna_Bhairab Bazar
2015-10-10,1.35,31.36,24.99,1.35,87.03,0.89,5.65,Meghna_Bhairab Bazar
2015-10-11,1.27,30.67,23.76,1.42,84.98,0.88,5.45,Meghna_Bhairab Bazar
2015-10-12,5.79,29.13,22.45,1.51,87.86,0.88,4.55,Meghna_Bhairab Bazar
2015-10-13,4.24,28.35,22.44,1.29,89.24,0.88,3.3,Meghna_Bhairab Bazar
2015-10-14,2.65,28.92,22.29,1.26,87.85,0.88,4.05,Meghna_Bhairab Bazar
2015-10-15,1.02,28.97,23.27,0.64,82.6,0.87,4.19,Meghna_Bhairab Bazar
2015-10-16,0.35,30.16,22.74,0.88,81.62,0.87,6.56,Meghna_Bhairab Bazar
2015-10-17,0.0,30.47,22.98,0.69,79.25,0.86,7.24,Meghna_Bhairab Bazar
2015-10-18,0.0,30.55,23.11,0.83,78.94,0.85,7.02,Meghna_Bhairab Bazar
2015-10-19,0.0,30.77,23.21,0.7,80.23,0.84,7.33,Meghna_Bhairab Bazar
2015-10-20,0.0,30.97,23.43,0.68,77.43,0.83,7.86,Meghna_Bhairab Bazar
2015-10-21,0.0,30.37,22.91,0.54,72.52,0.83,7.72,Meghna_Bhairab Bazar
2015-10-22,0.0,30.52,21.68,0.68,75.69,0.82,7.56,Meghna_Bhairab Bazar
2015-10-23,1.47,29.86,21.59,0.76,79.82,0.81,5.55,Meghna_Bhairab Bazar
2015-10-24,0.14,29.58,21.57,0.8,79.34,0.81,5.86,Meghna_Bhairab Bazar
2015-10-25,0.0,29.55,21.79,0.69,76.87,0.8,7.12,Meghna_Bhairab Bazar
2015-10-26,0.0,29.92,20.87,0.8,75.96,0.79,7.13,Meghna_Bhairab Bazar
2015-10-27,0.0,29.24,20.33,0.72,72.31,0.78,6.93,Meghna_Bhairab Bazar
2015-10-28,0.0,28.55,20.08,0.62,73.1,0.78,6.71,Meghna_Bhairab Bazar
2015-10-29,0.0,28.97,20.52,0.79,75.57,0.77,6.42,Meghna_Bhairab Bazar
2015-10-30,0.0,29.05,19.48,0.86,81.26,0.76,5.73,Meghna_Bhairab Bazar
2015-10-31,0.28,26.17,21.75,1.28,90.77,0.76,2.12,Meghna_Bhairab Bazar
2015-11-01,2.4,28.5,20.68,1.46,87.81,0.76,5.3,Meghna_Bhairab Bazar
2015-11-02,3.13,28.54,20.27,1.11,88.23,0.75,4.6,Meghna_Bhairab Bazar
2015-11-03,0.0,28.69,20.53,0.96,83.97,0.75,6.33,Meghna_Bhairab Bazar
2015-11-04,0.01,28.97,20.12,0.9,79.29,0.74,6.05,Meghna_Bhairab Bazar
2015-11-05,0.09,29.12,21.83,0.7,74.65,0.73,6.31,Meghna_Bhairab Bazar
2015-11-06,0.05,29.49,20.43,0.81,73.39,0.73,5.91,Meghna_Bhairab Bazar
2015-11-07,0.0,28.69,19.78,1.13,77.36,0.72,5.19,Meghna_Bhairab Bazar
2015-11-08,0.0,28.39,17.39,1.28,75.47,0.71,5.4,Meghna_Bhairab Bazar
2015-11-09,0.0,28.22,19.21,0.84,75.07,0.71,5.55,Meghna_Bhairab Bazar
2015-11-10,0.0,28.57,19.4,0.7,72.27,0.7,5.89,Meghna_Bhairab Bazar
2015-11-11,0.0,28.11,18.38,0.63,74.79,0.7,5.8,Meghna_Bhairab Bazar
2015-11-12,0.0,27.82,18.33,0.87,73.95,0.69,5.31,Meghna_Bhairab Bazar
2015-11-13,0.0,27.89,18.89,0.64,74.83,0.68,5.37,Meghna_Bhairab Bazar
2015-11-14,0.0,27.78,19.41,0.7,75.66,0.68,5.22,Meghna_Bhairab Bazar
2015-11-15,0.09,28.11,18.21,0.73,79.24,0.67,4.97,Meghna_Bhairab Bazar
2015-11-16,0.03,27.95,17.73,0.92,78.52,0.67,4.38,Meghna_Bhairab Bazar
2015-11-17,0.01,28.1,19.14,0.74,75.85,0.66,2.91,Meghna_Bhairab Bazar
2015-11-18,0.01,27.62,20.24,0.64,77.2,0.66,2.13,Meghna_Bhairab Bazar
2015-11-19,0.0,27.54,17.23,1.19,76.77,0.66,3.88,Meghna_Bhairab Bazar
2015-11-20,0.0,28.89,16.82,1.03,75.04,0.65,4.27,Meghna_Bhairab Bazar
2015-11-21,0.0,29.27,18.71,0.9,74.62,0.64,4.36,Meghna_Bhairab Bazar
2015-11-22,0.0,29.02,19.55,0.69,76.44,0.64,4.41,Meghna_Bhairab Bazar
2015-11-23,0.0,28.52,17.55,0.85,70.91,0.63,4.12,Meghna_Bhairab Bazar
2015-11-24,0.0,27.83,18.57,0.55,60.11,0.63,4.27,Meghna_Bhairab Bazar
2015-11-25,0.0,27.71,15.49,0.89,70.09,0.62,3.66,Meghna_Bhairab Bazar
2015-11-26,0.0,27.32,15.46,0.91,74.77,0.62,3.24,Meghna_Bhairab Bazar
2015-11-27,0.0,26.77,15.76,1.07,74.17,0.61,2.96,Meghna_Bhairab Bazar
2015-11-28,0.0,27.04,14.93,0.97,72.65,0.61,2.71,Meghna_Bhairab Bazar
2015-11-29,0.0,28.47,17.21,0.71,70.64,0.61,3.08,Meghna_Bhairab Bazar
2015-11-30,0.0,28.25,17.45,0.87,76.57,0.6,2.87,Meghna_Bhairab Bazar
2015-12-01,0.0,28.38,18.57,0.88,77.81,0.6,2.48,Meghna_Bhairab Bazar
2015-12-02,0.0,26.26,19.4,0.61,78.33,0.6,1.49,Meghna_Bhairab Bazar
2015-12-03,0.04,27.22,18.52,1.2,81.69,0.59,1.86,Meghna_Bhairab Bazar
2015-12-04,0.04,27.2,18.32,1.02,77.11,0.59,2.12,Meghna_Bhairab Bazar
2015-12-05,0.0,27.25,17.62,0.96,71.99,0.59,2.36,Meghna_Bhairab Bazar
2015-12-06,0.0,27.45,16.03,0.82,68.61,0.58,2.4,Meghna_Bhairab Bazar
2015-12-07,0.0,26.47,16.81,0.83,73.24,0.58,1.88,Meghna_Bhairab Bazar
2015-12-08,0.01,26.52,16.75,0.9,74.09,0.58,1.85,Meghna_Bhairab Bazar
2015-12-09,0.01,26.57,16.96,0.84,71.69,0.57,1.87,Meghna_Bhairab Bazar
2015-12-10,0.0,26.65,16.16,1.21,72.44,0.57,1.96,Meghna_Bhairab Bazar
2015-12-11,0.0,26.62,15.67,1.19,73.45,0.57,1.63,Meghna_Bhairab Bazar
2015-12-12,0.11,26.77,14.9,1.45,82.96,0.56,1.27,Meghna_Bhairab Bazar
2015-12-13,2.27,27.24,16.87,1.2,83.54,0.56,1.23,Meghna_Bhairab Bazar
2015-12-14,0.01,26.59,16.76,1.19,73.15,0.56,1.39,Meghna_Bhairab Bazar
2015-12-15,0.0,25.39,14.18,1.24,67.94,0.56,1.34,Meghna_Bhairab Bazar
2015-12-16,0.0,24.39,12.29,1.24,61.35,0.55,1.46,Meghna_Bhairab Bazar
2015-12-17,0.0,23.77,12.91,0.93,54.42,0.55,1.32,Meghna_Bhairab Bazar
2015-12-18,0.14,20.43,11.07,1.19,79.95,0.55,0.75,Meghna_Bhairab Bazar
2015-12-19,0.0,22.83,12.09,1.17,73.98,0.55,1.11,Meghna_Bhairab Bazar
2015-12-20,0.0,24.01,11.42,0.99,58.67,0.54,1.19,Meghna_Bhairab Bazar
2015-12-21,0.0,23.57,12.02,0.95,53.53,0.54,1.26,Meghna_Bhairab Bazar
2015-12-22,0.0,23.82,11.55,0.86,57.11,0.54,1.28,Meghna_Bhairab Bazar
2015-12-23,0.0,24.67,11.38,1.13,61.07,0.54,1.36,Meghna_Bhairab Bazar
2015-12-24,0.0,24.09,12.45,1.15,58.23,0.53,1.09,Meghna_Bhairab Bazar
2015-12-25,0.0,24.8,11.57,1.43,66.37,0.53,1.04,Meghna_Bhairab Bazar
2015-12-26,0.0,24.28,10.06,1.18,65.38,0.53,1.14,Meghna_Bhairab Bazar
2015-12-27,0.0,24.42,12.47,0.73,56.93,0.53,1.12,Meghna_Bhairab Bazar
2015-12-28,0.0,25.04,13.9,0.77,60.9,0.52,1.0,Meghna_Bhairab Bazar
2015-12-29,0.0,25.64,13.0,0.76,64.23,0.52,1.0,Meghna_Bhairab Bazar
2015-12-30,0.0,26.11,14.32,0.51,62.14,0.52,1.03,Meghna_Bhairab Bazar
2015-12-31,0.0,26.71,15.91,0.64,62.93,0.52,0.94,Meghna_Bhairab Bazar
2016-01-01,0.0,27.27,13.81,0.84,67.42,0.51,1.19,Meghna_Bhairab Bazar
2016-01-02,0.0,27.56,14.58,1.0,63.56,0.51,1.25,Meghna_Bhairab Bazar
2016-01-03,0.0,25.9,14.67,1.0,62.27,0.51,0.97,Meghna_Bhairab Bazar
2016-01-04,0.0,26.13,14.88,0.78,61.83,0.51,1.05,Meghna_Bhairab Bazar
2016-01-05,0.0,25.76,15.17,0.86,60.17,0.5,1.0,Meghna_Bhairab Bazar
2016-01-06,0.0,25.64,15.01,0.91,56.35,0.5,0.93,Meghna_Bhairab Bazar
2016-01-07,0.0,27.13,15.33,0.96,59.0,0.5,0.96,Meghna_Bhairab Bazar
2016-01-08,0.0,26.69,15.16,1.08,57.34,0.5,0.81,Meghna_Bhairab Bazar
2016-01-09,0.16,26.65,13.09,1.78,72.84,0.49,0.72,Meghna_Bhairab Bazar
2016-01-10,0.01,26.31,14.33,0.77,69.73,0.49,0.77,Meghna_Bhairab Bazar
2016-01-11,0.0,25.6,13.94,1.19,63.86,0.49,0.81,Meghna_Bhairab Bazar
2016-01-12,0.0,24.58,12.6,1.11,52.69,0.49,0.66,Meghna_Bhairab Bazar
2016-01-13,0.0,24.31,13.92,1.05,54.41,0.49,0.57,Meghna_Bhairab Bazar
2016-01-14,0.0,25.56,14.17,1.08,56.77,0.48,0.68,Meghna_Bhairab Bazar
2016-01-15,0.0,25.65,13.03,1.27,57.24,0.48,0.6,Meghna_Bhairab Bazar
2016-01-16,0.0,26.62,13.96,1.17,53.59,0.48,0.59,Meghna_Bhairab Bazar
2016-01-17,0.0,26.05,13.68,0.98,53.74,0.48,0.6,Meghna_Bhairab Bazar
2016-01-18,0.0,26.01,12.88,0.89,48.46,0.48,0.66,Meghna_Bhairab Bazar
2016-01-19,0.1,27.6,13.11,1.04,56.95,0.47,0.7,Meghna_Bhairab Bazar
2016-01-20,17.48,27.05,13.89,1.55,69.93,0.5,0.79,Meghna_Bhairab Bazar
2016-01-21,2.11,22.93,14.62,1.44,81.63,0.5,0.39,Meghna_Bhairab Bazar
2016-01-22,0.0,23.62,10.11,1.66,70.33,0.5,0.81,Meghna_Bhairab Bazar
2016-01-23,0.01,23.73,10.69,1.47,61.14,0.49,0.77,Meghna_Bhairab Bazar
2016-01-24,0.0,23.37,10.43,1.22,51.62,0.49,0.71,Meghna_Bhairab Bazar
2016-01-25,0.0,23.89,9.32,1.32,51.34,0.49,0.71,Meghna_Bhairab Bazar
2016-01-26,0.0,23.3,9.74,1.09,47.84,0.48,0.61,Meghna_Bhairab Bazar
2016-01-27,0.0,23.65,9.65,1.09,47.81,0.48,0.6,Meghna_Bhairab Bazar
2016-01-28,0.0,25.69,10.45,1.05,56.61,0.48,0.6,Meghna_Bhairab Bazar
2016-01-29,0.0,27.02,13.43,1.35,67.85,0.48,0.58,Meghna_Bhairab Bazar
2016-01-30,0.0,25.95,14.46,1.05,52.74,0.48,0.51,Meghna_Bhairab Bazar
2016-01-31,0.0,26.9,12.7,1.22,60.38,0.47,0.54,Meghna_Bhairab Bazar
2016-02-01,0.0,27.52,13.85,1.26,72.29,0.47,0.61,Meghna_Bhairab Bazar
2016-02-02,0.0,28.93,14.0,1.59,66.42,0.47,0.65,Meghna_Bhairab Bazar
2016-02-03,0.0,28.35,16.95,1.33,50.78,0.47,0.67,Meghna_Bhairab Bazar
2016-02-04,0.0,27.58,13.08,1.43,55.38,0.46,0.66,Meghna_Bhairab Bazar
2016-02-05,0.0,26.96,13.86,1.28,45.43,0.46,0.62,Meghna_Bhairab Bazar
2016-02-06,0.0,28.36,13.27,1.18,46.17,0.46,0.66,Meghna_Bhairab Bazar
2016-02-07,0.0,29.12,14.52,0.88,45.01,0.46,0.61,Meghna_Bhairab Bazar
2016-02-08,0.0,29.45,12.7,1.62,55.99,0.46,0.57,Meghna_Bhairab Bazar
2016-02-09,0.35,26.78,15.14,1.69,75.42,0.45,0.33,Meghna_Bhairab Bazar
2016-02-10,0.33,28.31,17.25,1.68,68.21,0.45,0.53,Meghna_Bhairab Bazar
2016-02-11,0.13,29.66,15.26,1.73,63.88,0.45,0.54,Meghna_Bhairab Bazar
2016-02-12,15.82,28.69,17.6,1.93,81.0,0.47,0.53,Meghna_Bhairab Bazar
2016-02-13,0.08,30.72,17.89,1.15,64.82,0.47,0.93,Meghna_Bhairab Bazar
2016-02-14,0.0,30.95,16.19,1.22,56.06,0.47,0.74,Meghna_Bhairab Bazar
2016-02-15,0.0,31.99,18.05,1.18,56.18,0.46,0.79,Meghna_Bhairab Bazar
2016-02-16,0.0,32.92,19.22,1.19,47.29,0.46,0.81,Meghna_Bhairab Bazar
2016-02-17,0.0,32.99,18.55,1.22,43.63,0.46,0.78,Meghna_Bhairab Bazar
2016-02-18,0.0,33.28,22.43,1.28,46.52,0.45,0.7,Meghna_Bhairab Bazar
2016-02-19,0.0,33.81,18.15,1.83,59.42,0.45,0.73,Meghna_Bhairab Bazar
2016-02-20,0.0,33.8,20.05,2.49,68.25,0.45,0.65,Meghna_Bhairab Bazar
2016-02-21,0.0,35.07,19.52,3.03,63.31,0.44,0.77,Meghna_Bhairab Bazar
2016-02-22,0.4,33.85,21.64,2.14,65.57,0.44,0.65,Meghna_Bhairab Bazar
2016-02-23,0.73,33.25,20.52,2.02,68.83,0.44,0.6,Meghna_Bhairab Bazar
2016-02-24,18.55,31.84,20.02,1.75,69.87,0.46,0.81,Meghna_Bhairab Bazar
2016-02-25,22.03,29.8,21.28,1.58,71.77,0.5,1.25,Meghna_Bhairab Bazar
2016-02-26,0.0,32.26,19.44,1.0,57.85,0.49,1.32,Meghna_Bhairab Bazar
2016-02-27,0.01,28.75,20.73,1.04,60.95,0.49,0.64,Meghna_Bhairab Bazar
2016-02-28,0.0,32.4,19.83,0.89,53.1,0.48,1.33,Meghna_Bhairab Bazar
2016-02-29,0.0,33.05,19.03,0.8,46.64,0.48,1.37,Meghna_Bhairab Bazar
2016-03-01,0.0,33.38,19.64,1.12,46.3,0.47,1.15,Meghna_Bhairab Bazar
2016-03-02,0.0,33.63,19.94,1.17,48.54,0.47,1.09,Meghna_Bhairab Bazar
2016-03-03,0.12,34.18,21.9,1.01,47.17,0.46,1.12,Meghna_Bhairab Bazar
2016-03-04,0.17,34.23,18.29,1.59,49.66,0.46,0.95,Meghna_Bhairab Bazar
2016-03-05,0.89,34.9,18.73,0.99,56.52,0.46,0.98,Meghna_Bhairab Bazar
2016-03-06,0.0,36.1,20.01,1.49,54.27,0.45,0.95,Meghna_Bhairab Bazar
2016-03-07,2.78,34.4,20.16,1.39,53.83,0.45,0.95,Meghna_Bhairab Bazar
2016-03-08,0.0,35.09,20.63,1.78,46.69,0.45,0.9,Meghna_Bhairab Bazar
2016-03-09,0.0,35.74,20.56,2.03,54.9,0.45,0.9,Meghna_Bhairab Bazar
2016-03-10,0.1,35.45,22.53,1.85,57.81,0.44,0.82,Meghna_Bhairab Bazar
2016-03-11,0.01,35.83,22.76,1.56,53.69,0.44,0.81,Meghna_Bhairab Bazar
2016-03-12,0.0,33.5,22.01,1.81,58.09,0.44,0.48,Meghna_Bhairab Bazar
2016-03-13,0.01,37.02,19.83,1.89,53.85,0.43,0.77,Meghna_Bhairab Bazar
2016-03-14,0.0,35.45,20.42,1.5,46.42,0.43,0.64,Meghna_Bhairab Bazar
2016-03-15,0.05,34.41,20.75,1.41,44.84,0.43,0.6,Meghna_Bhairab Bazar
2016-03-16,3.5,34.13,20.65,1.73,50.41,0.43,0.63,Meghna_Bhairab Bazar
2016-03-17,0.0,35.06,21.44,1.44,43.93,0.43,0.67,Meghna_Bhairab Bazar
2016-03-18,0.0,35.23,19.8,1.27,33.35,0.42,0.64,Meghna_Bhairab Bazar
2016-03-19,6.04,33.8,20.63,1.98,63.14,0.43,0.54,Meghna_Bhairab Bazar
2016-03-20,1.32,35.5,22.22,1.84,65.63,0.43,0.63,Meghna_Bhairab Bazar
2016-03-21,5.15,35.67,22.55,2.55,65.39,0.43,0.67,Meghna_Bhairab Bazar
2016-03-22,8.59,35.18,22.89,2.45,67.46,0.44,0.82,Meghna_Bhairab Bazar
2016-03-23,0.21,35.89,22.25,1.96,62.64,0.44,0.78,Meghna_Bhairab Bazar
2016-03-24,0.03,35.85,20.98,1.15,58.57,0.43,0.8,Meghna_Bhairab Bazar
2016-03-25,0.0,37.2,21.71,1.34,42.91,0.43,0.75,Meghna_Bhairab Bazar
2016-03-26,0.0,36.61,20.3,1.48,44.61,0.42,0.56,Meghna_Bhairab Bazar
2016-03-27,0.01,36.68,23.25,3.13,60.48,0.42,0.6,Meghna_Bhairab Bazar
2016-03-28,25.61,31.17,22.73,2.99,81.07,0.44,0.34,Meghna_Bhairab Bazar
2016-03-29,20.94,32.22,21.96,2.25,78.98,0.49,1.31,Meghna_Bhairab Bazar
2016-03-30,4.56,32.02,23.22,2.06,74.32,0.49,1.06,Meghna_Bhairab Bazar
2016-03-31,13.1,28.9,22.34,1.92,86.19,0.49,0.46,Meghna_Bhairab Bazar
2016-04-01,21.72,26.23,21.28,1.52,88.83,0.53,0.35,Meghna_Bhairab Bazar
2016-04-02,1.43,32.28,20.03,1.21,76.98,0.53,2.28,Meghna_Bhairab Bazar
2016-04-03,20.68,32.94,22.44,2.15,82.4,0.53,1.94,Meghna_Bhairab Bazar
2016-04-04,71.3,30.74,23.87,2.92,87.13,0.62,2.24,Meghna_Bhairab Bazar
2016-04-05,8.67,31.93,23.56,3.92,85.83,0.64,3.81,Meghna_Bhairab Bazar
2016-04-06,9.55,33.38,23.93,3.6,84.11,0.63,4.79,Meghna_Bhairab Bazar
2016-04-07,2.1,33.74,23.99,3.39,81.8,0.63,5.03,Meghna_Bhairab Bazar
2016-04-08,1.02,34.91,23.87,2.79,78.43,0.62,4.91,Meghna_Bhairab Bazar
2016-04-09,0.34,35.56,23.42,2.81,76.96,0.61,4.59,Meghna_Bhairab Bazar
2016-04-10,0.0,36.26,24.25,2.29,75.44,0.6,4.88,Meghna_Bhairab Bazar
2016-04-11,0.01,36.17,24.45,3.2,76.03,0.59,4.54,Meghna_Bhairab Bazar
2016-04-12,0.63,36.66,25.01,3.55,76.39,0.58,4.23,Meghna_Bhairab Bazar
2016-04-13,2.67,36.9,24.78,3.05,73.91,0.57,4.18,Meghna_Bhairab Bazar
2016-04-14,18.59,35.01,24.9,3.65,78.59,0.58,4.05,Meghna_Bhairab Bazar
2016-04-15,15.91,34.21,24.86,3.14,81.37,0.6,4.17,Meghna_Bhairab Bazar
2016-04-16,17.75,34.06,25.15,4.5,82.21,0.61,4.43,Meghna_Bhairab Bazar
2016-04-17,5.37,32.98,25.13,2.7,83.14,0.62,3.33,Meghna_Bhairab Bazar
2016-04-18,4.1,32.59,24.69,3.02,81.9,0.61,3.32,Meghna_Bhairab Bazar
2016-04-19,1.07,35.6,24.89,3.72,77.52,0.6,5.02,Meghna_Bhairab Bazar
2016-04-20,1.5,34.47,24.12,3.54,77.92,0.6,4.33,Meghna_Bhairab Bazar
2016-04-21,2.71,34.78,24.54,4.67,76.51,0.59,4.49,Meghna_Bhairab Bazar
2016-04-22,5.56,34.75,25.62,4.79,78.44,0.58,4.18,Meghna_Bhairab Bazar
2016-04-23,2.82,35.24,25.37,4.83,76.85,0.58,4.36,Meghna_Bhairab Bazar
2016-04-24,1.0,36.36,25.48,3.91,74.73,0.57,4.05,Meghna_Bhairab Bazar
2016-04-25,4.61,35.31,25.55,3.77,76.32,0.56,3.65,Meghna_Bhairab Bazar
2016-04-26,4.16,36.03,24.89,2.98,75.69,0.56,3.68,Meghna_Bhairab Bazar
2016-04-27,0.82,35.74,24.86,2.73,74.55,0.56,3.25,Meghna_Bhairab Bazar
2016-04-28,1.39,36.13,24.92,2.86,74.72,0.55,3.03,Meghna_Bhairab Bazar
2016-04-29,0.74,35.66,24.58,2.58,76.55,0.55,2.59,Meghna_Bhairab Bazar
2016-04-30,0.74,36.54,24.91,2.72,74.4,0.54,2.51,Meghna_Bhairab Bazar
2016-05-01,7.4,35.92,25.03,2.92,73.94,0.54,2.7,Meghna_Bhairab Bazar
2016-05-02,16.69,33.18,24.28,1.76,81.84,0.56,2.09,Meghna_Bhairab Bazar
2016-05-03,14.29,32.53,23.13,1.15,79.57,0.57,2.71,Meghna_Bhairab Bazar
2016-05-04,20.81,30.63,24.27,1.2,85.68,0.6,1.46,Meghna_Bhairab Bazar
2016-05-05,3.0,32.93,24.18,1.17,74.49,0.6,3.72,Meghna_Bhairab Bazar
2016-05-06,23.02,32.66,23.51,1.65,77.8,0.61,3.63,Meghna_Bhairab Bazar
2016-05-07,14.84,32.25,23.26,0.92,77.9,0.63,3.57,Meghna_Bhairab Bazar
2016-05-08,2.09,33.29,24.19,0.96,71.59,0.62,4.83,Meghna_Bhairab Bazar
2016-05-09,0.93,33.85,24.85,1.06,72.89,0.61,4.43,Meghna_Bhairab Bazar
2016-05-10,0.04,32.63,25.52,0.81,75.59,0.61,2.27,Meghna_Bhairab Bazar
2016-05-11,0.09,34.94,25.22,0.88,67.37,0.6,3.93,Meghna_Bhairab Bazar
2016-05-12,4.84,35.67,25.1,1.49,70.96,0.59,4.34,Meghna_Bhairab Bazar
2016-05-13,37.21,30.27,25.1,2.07,87.23,0.62,1.65,Meghna_Bhairab Bazar
2016-05-14,42.14,32.82,25.09,2.26,85.55,0.67,4.45,Meghna_Bhairab Bazar
2016-05-15,34.13,32.45,25.09,2.67,86.64,0.71,4.29,Meghna_Bhairab Bazar
2016-05-16,6.86,33.23,25.98,3.32,84.0,0.71,5.7,Meghna_Bhairab Bazar
2016-05-17,12.42,33.34,26.21,3.63,84.95,0.7,5.28,Meghna_Bhairab Bazar
2016-05-18,22.14,33.0,26.17,3.06,86.19,0.71,4.9,Meghna_Bhairab Bazar
2016-05-19,52.77,29.05,25.07,2.07,91.87,0.76,1.22,Meghna_Bhairab Bazar
2016-05-20,16.06,28.69,24.65,2.44,92.0,0.78,1.67,Meghna_Bhairab Bazar
2016-05-21,137.66,27.05,24.15,4.12,94.74,0.84,0.42,Meghna_Bhairab Bazar
2016-05-22,4.73,32.33,24.65,2.35,83.27,0.87,4.32,Meghna_Bhairab Bazar
2016-05-23,0.75,32.69,25.53,1.61,86.97,0.85,3.53,Meghna_Bhairab Bazar
2016-05-24,0.39,31.62,26.33,1.49,87.29,0.84,3.03,Meghna_Bhairab Bazar
2016-05-25,1.63,33.7,26.14,2.09,83.89,0.83,4.95,Meghna_Bhairab Bazar
2016-05-26,17.9,33.07,24.91,2.05,85.4,0.83,4.1,Meghna_Bhairab Bazar
2016-05-27,13.97,32.77,25.41,1.67,83.47,0.83,4.92,Meghna_Bhairab Bazar
2016-05-28,64.55,31.92,25.03,2.0,87.47,0.86,3.19,Meghna_Bhairab Bazar
2016-05-29,14.04,32.51,24.94,1.61,86.8,0.89,3.55,Meghna_Bhairab Bazar
2016-05-30,6.85,32.33,25.75,1.83,86.42,0.88,3.37,Meghna_Bhairab Bazar
2016-05-31,7.67,31.79,25.73,2.24,88.38,0.87,2.83,Meghna_Bhairab Bazar
2016-06-01,4.97,32.57,25.29,1.8,85.21,0.87,4.65,Meghna_Bhairab Bazar
2016-06-02,0.28,33.18,24.56,1.61,82.9,0.86,5.5,Meghna_Bhairab Bazar
2016-06-03,1.34,33.43,25.19,1.55,82.84,0.84,5.99,Meghna_Bhairab Bazar
2016-06-04,18.74,32.51,25.56,1.88,85.24,0.84,4.76,Meghna_Bhairab Bazar
2016-06-05,2.1,32.5,25.34,2.09,87.82,0.84,3.97,Meghna_Bhairab Bazar
2016-06-06,17.92,30.28,25.92,2.55,89.87,0.84,1.92,Meghna_Bhairab Bazar
2016-06-07,26.83,29.49,25.63,2.72,93.73,0.86,0.73,Meghna_Bhairab Bazar
2016-06-08,13.82,30.16,26.14,3.01,92.01,0.88,1.45,Meghna_Bhairab Bazar
2016-06-09,7.23,28.85,25.05,2.79,93.05,0.87,0.81,Meghna_Bhairab Bazar
2016-06-10,7.51,32.22,24.45,1.77,85.29,0.87,2.95,Meghna_Bhairab Bazar
2016-06-11,14.97,31.72,26.57,1.86,91.45,0.87,1.5,Meghna_Bhairab Bazar
2016-06-12,24.03,29.87,26.35,2.79,93.67,0.89,0.76,Meghna_Bhairab Bazar
2016-06-13,5.84,29.65,24.7,2.84,93.7,0.89,0.97,Meghna_Bhairab Bazar
2016-06-14,4.06,31.14,25.85,2.24,90.22,0.88,1.7,Meghna_Bhairab Bazar
2016-06-15,5.96,30.37,26.25,2.56,92.0,0.88,1.33,Meghna_Bhairab Bazar
2016-06-16,14.78,32.01,25.79,2.49,87.63,0.88,3.07,Meghna_Bhairab Bazar
2016-06-17,12.24,30.66,25.75,2.42,90.27,0.89,1.66,Meghna_Bhairab Bazar
2016-06-18,2.06,30.57,25.48,2.58,90.93,0.89,1.65,Meghna_Bhairab Bazar
2016-06-19,4.43,29.97,25.88,2.69,90.85,0.88,1.64,Meghna_Bhairab Bazar
2016-06-20,4.73,32.11,25.24,2.25,87.75,0.88,3.52,Meghna_Bhairab Bazar
2016-06-21,4.26,31.48,25.88,2.3,88.21,0.87,3.02,Meghna_Bhairab Bazar
2016-06-22,16.92,30.83,26.21,2.28,89.41,0.87,2.36,Meghna_Bhairab Bazar
2016-06-23,10.21,31.15,26.3,1.76,88.82,0.88,2.09,Meghna_Bhairab Bazar
2016-06-24,3.78,31.83,25.99,1.87,88.02,0.88,3.17,Meghna_Bhairab Bazar
2016-06-25,1.34,32.56,25.95,1.45,85.85,0.87,3.81,Meghna_Bhairab Bazar
2016-06-26,11.15,33.14,25.88,1.23,86.52,0.86,3.53,Meghna_Bhairab Bazar
2016-06-27,6.54,32.99,26.42,1.8,87.63,0.87,3.52,Meghna_Bhairab Bazar
2016-06-28,10.08,34.16,26.22,1.8,85.59,0.87,4.84,Meghna_Bhairab Bazar
2016-06-29,13.03,33.35,26.22,1.32,84.03,0.87,3.98,Meghna_Bhairab Bazar
2016-06-30,2.33,31.17,26.53,1.76,89.26,0.86,2.42,Meghna_Bhairab Bazar
2016-07-01,8.66,31.79,25.85,2.57,89.51,0.86,3.01,Meghna_Bhairab Bazar
2016-07-02,13.64,30.13,26.76,3.27,92.93,0.86,1.12,Meghna_Bhairab Bazar
2016-07-03,39.29,31.24,26.42,3.91,91.37,0.88,1.9,Meghna_Bhairab Bazar
2016-07-04,22.73,30.41,26.3,3.53,92.45,0.9,1.39,Meghna_Bhairab Bazar
2016-07-05,24.86,30.7,26.08,3.08,91.88,0.91,1.77,Meghna_Bhairab Bazar
2016-07-06,17.1,32.4,25.94,2.75,89.74,0.91,2.97,Meghna_Bhairab Bazar
2016-07-07,10.89,32.62,25.75,2.24,88.82,0.9,3.03,Meghna_Bhairab Bazar
2016-07-08,5.66,33.2,26.0,2.11,87.96,0.9,3.69,Meghna_Bhairab Bazar
2016-07-09,13.52,32.25,25.74,2.6,90.23,0.9,2.49,Meghna_Bhairab Bazar
2016-07-10,9.98,31.94,25.53,2.42,89.55,0.9,2.89,Meghna_Bhairab Bazar
2016-07-11,3.6,32.27,25.5,2.68,88.56,0.89,3.63,Meghna_Bhairab Bazar
2016-07-12,7.41,31.83,25.79,2.84,89.95,0.89,2.82,Meghna_Bhairab Bazar
2016-07-13,12.45,32.37,25.65,2.63,89.23,0.89,3.35,Meghna_Bhairab Bazar
2016-07-14,4.97,31.81,26.42,2.48,88.67,0.89,3.06,Meghna_Bhairab Bazar
2016-07-15,13.51,30.33,26.12,2.97,91.91,0.88,1.35,Meghna_Bhairab Bazar
2016-07-16,25.81,29.21,25.65,3.9,92.3,0.9,1.38,Meghna_Bhairab Bazar
2016-07-17,16.48,30.73,25.4,3.7,90.23,0.9,2.83,Meghna_Bhairab Bazar
2016-07-18,30.93,30.35,25.65,3.77,90.88,0.91,2.18,Meghna_Bhairab Bazar
2016-07-19,35.42,30.6,25.33,3.4,90.7,0.92,2.27,Meghna_Bhairab Bazar
2016-07-20,18.02,31.61,26.02,2.55,90.78,0.93,2.17,Meghna_Bhairab Bazar
2016-07-21,5.06,31.52,25.93,2.72,89.78,0.92,2.62,Meghna_Bhairab Bazar
2016-07-22,6.18,29.54,25.21,2.58,91.66,0.91,1.85,Meghna_Bhairab Bazar
2016-07-23,21.01,30.98,25.25,2.6,90.55,0.92,2.42,Meghna_Bhairab Bazar
2016-07-24,13.93,29.8,25.1,2.32,91.99,0.92,1.6,Meghna_Bhairab Bazar
2016-07-25,18.68,29.34,24.99,2.89,92.47,0.92,1.41,Meghna_Bhairab Bazar
2016-07-26,5.78,30.86,24.36,1.97,89.47,0.92,2.51,Meghna_Bhairab Bazar
2016-07-27,0.89,31.74,24.04,1.21,85.06,0.91,4.44,Meghna_Bhairab Bazar
2016-07-28,3.49,30.59,25.65,1.38,89.17,0.91,1.86,Meghna_Bhairab Bazar
2016-07-29,12.38,30.82,25.79,1.15,86.91,0.91,1.93,Meghna_Bhairab Bazar
2016-07-30,24.49,31.15,25.55,1.3,88.76,0.92,2.05,Meghna_Bhairab Bazar
2016-07-31,30.09,28.97,25.51,1.12,90.23,0.93,1.03,Meghna_Bhairab Bazar
2016-08-01,24.37,32.36,25.37,1.63,87.0,0.94,2.95,Meghna_Bhairab Bazar
2016-08-02,15.6,31.41,25.58,1.89,88.3,0.94,2.78,Meghna_Bhairab Bazar
2016-08-03,2.56,32.44,25.69,2.07,88.27,0.93,3.16,Meghna_Bhairab Bazar
2016-08-04,5.07,32.78,25.81,2.17,88.55,0.92,3.44,Meghna_Bhairab Bazar
2016-08-05,8.51,31.59,26.18,2.38,89.94,0.92,2.65,Meghna_Bhairab Bazar
2016-08-06,5.36,30.38,25.4,2.91,92.25,0.92,1.57,Meghna_Bhairab Bazar
2016-08-07,1.67,30.51,25.29,2.4,90.59,0.91,2.1,Meghna_Bhairab Bazar
2016-08-08,3.85,31.84,25.38,2.2,88.77,0.91,3.15,Meghna_Bhairab Bazar
2016-08-09,4.74,30.15,25.59,2.98,91.51,0.91,2.2,Meghna_Bhairab Bazar
2016-08-10,10.56,28.76,25.07,4.32,93.19,0.91,1.11,Meghna_Bhairab Bazar
2016-08-11,3.58,31.55,25.63,2.73,90.57,0.9,2.92,Meghna_Bhairab Bazar
2016-08-12,2.09,31.96,25.54,2.24,88.25,0.9,4.34,Meghna_Bhairab Bazar
2016-08-13,24.81,32.28,25.74,2.31,88.91,0.9,3.64,Meghna_Bhairab Bazar
2016-08-14,34.97,31.22,26.46,1.91,89.57,0.92,2.27,Meghna_Bhairab Bazar
2016-08-15,21.13,32.22,25.71,1.56,88.25,0.92,3.02,Meghna_Bhairab Bazar
2016-08-16,20.36,32.44,26.0,1.81,86.43,0.93,3.01,Meghna_Bhairab Bazar
2016-08-17,23.55,31.28,25.57,3.5,89.79,0.93,2.61,Meghna_Bhairab Bazar
2016-08-18,1.6,31.87,26.07,2.3,89.71,0.92,3.21,Meghna_Bhairab Bazar
2016-08-19,0.25,32.1,25.62,1.87,87.35,0.91,4.75,Meghna_Bhairab Bazar
2016-08-20,2.02,32.79,25.7,1.48,86.87,0.91,4.13,Meghna_Bhairab Bazar
2016-08-21,20.98,30.45,24.57,3.41,94.94,0.91,0.46,Meghna_Bhairab Bazar
2016-08-22,0.82,31.88,24.32,3.04,86.43,0.91,4.78,Meghna_Bhairab Bazar
2016-08-23,0.24,32.0,24.51,1.21,85.06,0.9,5.5,Meghna_Bhairab Bazar
2016-08-24,0.04,32.0,25.38,1.15,86.34,0.89,3.8,Meghna_Bhairab Bazar
2016-08-25,14.16,32.33,26.14,1.12,86.78,0.89,2.93,Meghna_Bhairab Bazar
2016-08-26,23.52,30.35,26.35,0.86,88.65,0.91,1.54,Meghna_Bhairab Bazar
2016-08-27,13.46,32.64,25.93,0.8,85.66,0.91,4.4,Meghna_Bhairab Bazar
2016-08-28,29.72,30.17,26.45,1.0,92.03,0.92,1.34,Meghna_Bhairab Bazar
2016-08-29,19.8,30.96,26.13,1.55,88.5,0.93,3.05,Meghna_Bhairab Bazar
2016-08-30,6.5,30.6,26.12,1.99,91.31,0.92,1.9,Meghna_Bhairab Bazar
2016-08-31,21.01,29.73,25.82,2.11,92.46,0.93,1.39,Meghna_Bhairab Bazar
2016-09-01,25.49,29.3,25.83,2.25,94.55,0.93,0.74,Meghna_Bhairab Bazar
2016-09-02,13.38,30.74,25.93,2.31,91.7,0.94,2.29,Meghna_Bhairab Bazar
2016-09-03,14.1,32.03,25.77,2.21,90.99,0.94,2.89,Meghna_Bhairab Bazar
2016-09-04,11.04,31.48,26.24,1.95,92.65,0.94,1.98,Meghna_Bhairab Bazar
2016-09-05,5.62,31.66,25.51,2.62,90.24,0.93,3.27,Meghna_Bhairab Bazar
2016-09-06,10.84,31.2,25.29,2.84,90.79,0.93,3.2,Meghna_Bhairab Bazar
2016-09-07,1.58,32.16,25.08,2.16,89.07,0.93,4.35,Meghna_Bhairab Bazar
2016-09-08,3.67,31.52,25.56,2.18,90.33,0.92,3.61,Meghna_Bhairab Bazar
2016-09-09,7.9,31.61,25.06,1.66,88.6,0.92,4.34,Meghna_Bhairab Bazar
2016-09-10,5.65,30.59,25.29,1.18,88.1,0.91,3.11,Meghna_Bhairab Bazar
2016-09-11,9.12,29.66,25.4,1.41,91.66,0.91,1.8,Meghna_Bhairab Bazar
2016-09-12,15.33,29.19,25.13,1.17,90.61,0.92,1.18,Meghna_Bhairab Bazar
2016-09-13,14.69,27.58,24.95,1.61,92.58,0.93,1.37,Meghna_Bhairab Bazar
2016-09-14,23.57,29.46,24.28,1.07,90.71,0.93,1.77,Meghna_Bhairab Bazar
2016-09-15,15.76,31.53,24.43,0.94,85.8,0.94,4.4,Meghna_Bhairab Bazar
2016-09-16,4.23,31.35,25.44,1.2,88.6,0.93,3.56,Meghna_Bhairab Bazar
2016-09-17,5.12,30.48,25.59,1.07,88.67,0.93,2.8,Meghna_Bhairab Bazar
2016-09-18,18.22,31.01,25.66,0.94,88.01,0.93,3.2,Meghna_Bhairab Bazar
2016-09-19,11.89,30.6,25.79,0.86,90.22,0.93,1.83,Meghna_Bhairab Bazar
2016-09-20,10.77,30.08,25.55,0.93,87.38,0.94,1.72,Meghna_Bhairab Bazar
2016-09-21,4.9,31.65,25.23,0.77,84.97,0.93,3.64,Meghna_Bhairab Bazar
2016-09-22,3.13,31.66,24.8,0.74,86.4,0.93,4.17,Meghna_Bhairab Bazar
2016-09-23,4.98,31.88,24.87,0.79,83.43,0.92,6.26,Meghna_Bhairab Bazar
2016-09-24,7.53,30.67,25.79,1.16,88.27,0.92,2.53,Meghna_Bhairab Bazar
2016-09-25,7.47,30.34,25.05,0.84,89.6,0.92,2.28,Meghna_Bhairab Bazar
2016-09-26,9.87,30.55,25.65,1.0,88.57,0.93,2.4,Meghna_Bhairab Bazar
2016-09-27,6.56,31.49,25.29,0.5,82.6,0.92,5.48,Meghna_Bhairab Bazar
2016-09-28,11.28,31.57,25.44,1.12,87.85,0.93,3.61,Meghna_Bhairab Bazar
2016-09-29,7.69,31.62,25.88,1.21,89.01,0.93,3.74,Meghna_Bhairab Bazar
2016-09-30,1.73,30.18,25.49,0.99,89.03,0.92,2.75,Meghna_Bhairab Bazar
2016-10-01,7.38,31.81,25.53,0.75,82.77,0.92,4.2,Meghna_Bhairab Bazar
2016-10-02,4.01,30.66,26.0,0.9,87.91,0.92,2.04,Meghna_Bhairab Bazar
2016-10-03,1.67,31.81,25.79,0.82,86.43,0.92,4.22,Meghna_Bhairab Bazar
2016-10-04,4.82,32.03,25.41,0.69,83.53,0.91,4.99,Meghna_Bhairab Bazar
2016-10-05,17.8,31.62,25.45,0.78,84.56,0.92,3.9,Meghna_Bhairab Bazar
2016-10-06,30.22,30.33,25.54,0.94,87.87,0.93,2.35,Meghna_Bhairab Bazar
2016-10-07,8.87,31.77,25.37,0.73,86.04,0.93,4.91,Meghna_Bhairab Bazar
2016-10-08,27.26,29.23,25.19,1.08,92.11,0.94,1.42,Meghna_Bhairab Bazar
2016-10-09,7.47,28.93,24.83,1.07,92.01,0.94,1.06,Meghna_Bhairab Bazar
2016-10-10,5.12,30.19,24.98,1.84,92.47,0.94,1.95,Meghna_Bhairab Bazar
2016-10-11,11.7,28.54,24.69,2.69,94.43,0.94,0.79,Meghna_Bhairab Bazar
2016-10-12,12.08,29.1,23.56,2.85,94.31,0.94,1.03,Meghna_Bhairab Bazar
2016-10-13,15.11,30.71,24.57,1.09,82.5,0.94,3.49,Meghna_Bhairab Bazar
2016-10-14,5.1,30.87,24.46,0.64,79.37,0.94,5.21,Meghna_Bhairab Bazar
2016-10-15,1.26,31.16,22.15,1.22,83.74,0.93,6.05,Meghna_Bhairab Bazar
2016-10-16,0.0,32.25,22.26,1.11,84.04,0.93,7.57,Meghna_Bhairab Bazar
2016-10-17,0.0,32.41,23.02,1.31,85.13,0.92,7.27,Meghna_Bhairab Bazar
2016-10-18,0.0,32.29,23.32,1.35,83.21,0.91,6.83,Meghna_Bhairab Bazar
2016-10-19,0.0,31.86,22.65,1.14,84.05,0.91,6.72,Meghna_Bhairab Bazar
2016-10-20,0.0,31.3,22.51,1.13,83.64,0.9,6.77,Meghna_Bhairab Bazar
2016-10-21,0.0,30.84,21.46,1.15,81.81,0.89,6.51,Meghna_Bhairab Bazar
2016-10-22,0.0,30.49,21.29,1.06,79.78,0.89,6.77,Meghna_Bhairab Bazar
2016-10-23,0.0,29.86,19.85,1.22,82.2,0.88,5.89,Meghna_Bhairab Bazar
2016-10-24,0.0,29.9,20.75,0.84,81.73,0.88,6.7,Meghna_Bhairab Bazar
2016-10-25,0.01,30.67,21.79,0.65,80.51,0.87,7.24,Meghna_Bhairab Bazar
2016-10-26,0.24,30.5,23.74,0.48,78.66,0.86,5.44,Meghna_Bhairab Bazar
2016-10-27,7.25,29.87,24.82,0.37,83.08,0.86,3.01,Meghna_Bhairab Bazar
2016-10-28,10.63,28.98,24.04,0.89,87.4,0.87,3.56,Meghna_Bhairab Bazar
2016-10-29,14.99,30.4,23.63,0.56,86.77,0.88,3.91,Meghna_Bhairab Bazar
2016-10-30,5.87,29.85,24.02,0.61,86.4,0.88,4.54,Meghna_Bhairab Bazar
2016-10-31,1.44,31.12,23.43,0.64,81.67,0.87,5.67,Meghna_Bhairab Bazar
2016-11-01,0.0,30.69,23.59,0.57,79.66,0.86,6.37,Meghna_Bhairab Bazar
2016-11-02,0.0,30.93,24.04,0.64,79.03,0.86,5.3,Meghna_Bhairab Bazar
2016-11-03,0.67,29.94,24.13,0.62,80.92,0.86,2.47,Meghna_Bhairab Bazar
2016-11-04,11.01,27.82,21.92,1.07,91.39,0.86,0.89,Meghna_Bhairab Bazar
2016-11-05,54.76,25.61,20.73,1.95,91.5,0.87,1.45,Meghna_Bhairab Bazar
2016-11-06,96.42,27.36,21.19,2.64,92.53,0.94,1.57,Meghna_Bhairab Bazar
2016-11-07,23.02,27.61,21.21,1.2,90.12,0.96,2.19,Meghna_Bhairab Bazar
2016-11-08,0.34,27.59,19.69,1.08,84.96,0.94,4.05,Meghna_Bhairab Bazar
2016-11-09,0.0,28.12,19.21,0.76,79.14,0.93,5.61,Meghna_Bhairab Bazar
2016-11-10,0.0,28.25,19.31,0.9,81.41,0.92,5.15,Meghna_Bhairab Bazar
2016-11-11,0.0,27.25,17.87,1.01,80.65,0.92,4.38,Meghna_Bhairab Bazar
2016-11-12,0.0,27.66,18.77,0.55,74.73,0.91,4.7,Meghna_Bhairab Bazar
2016-11-13,0.0,27.59,18.66,0.82,77.27,0.91,4.07,Meghna_Bhairab Bazar
2016-11-14,0.0,27.74,18.89,1.29,84.16,0.9,3.85,Meghna_Bhairab Bazar
2016-11-15,0.0,27.49,16.86,1.13,79.59,0.9,4.17,Meghna_Bhairab Bazar
2016-11-16,0.0,28.03,16.86,1.16,80.74,0.9,4.38,Meghna_Bhairab Bazar
2016-11-17,0.0,28.14,16.15,1.22,83.26,0.89,4.66,Meghna_Bhairab Bazar
2016-11-18,0.0,28.1,16.0,0.93,81.57,0.89,5.01,Meghna_Bhairab Bazar
2016-11-19,0.0,27.7,16.01,0.84,79.77,0.88,5.24,Meghna_Bhairab Bazar
2016-11-20,0.0,27.37,16.9,0.61,73.77,0.88,5.0,Meghna_Bhairab Bazar
2016-11-21,0.0,26.47,17.84,0.74,74.53,0.87,4.36,Meghna_Bhairab Bazar
2016-11-22,0.0,26.28,17.76,0.58,74.36,0.87,4.21,Meghna_Bhairab Bazar
2016-11-23,0.0,26.16,16.86,0.64,77.39,0.86,4.45,Meghna_Bhairab Bazar
2016-11-24,0.0,26.46,15.65,0.71,76.57,0.86,4.5,Meghna_Bhairab Bazar
2016-11-25,0.0,26.09,17.17,0.53,72.75,0.86,4.51,Meghna_Bhairab Bazar
2016-11-26,0.0,26.75,17.25,0.61,74.48,0.85,4.43,Meghna_Bhairab Bazar
2016-11-27,0.0,26.81,16.71,0.56,76.57,0.85,4.71,Meghna_Bhairab Bazar
2016-11-28,0.0,26.7,17.89,0.75,80.73,0.84,4.26,Meghna_Bhairab Bazar
2016-11-29,0.0,26.61,17.59,0.77,81.4,0.84,4.09,Meghna_Bhairab Bazar
2016-11-30,0.0,26.82,17.98,0.81,81.29,0.83,3.93,Meghna_Bhairab Bazar
2016-12-01,0.0,27.02,17.05,0.75,81.72,0.83,4.33,Meghna_Bhairab Bazar
2016-12-02,0.0,27.03,17.21,0.67,77.4,0.82,3.9,Meghna_Bhairab Bazar
2016-12-03,0.0,26.07,16.78,1.11,83.76,0.82,3.39,Meghna_Bhairab Bazar
2016-12-04,0.0,27.06,16.75,0.94,81.1,0.81,3.74,Meghna_Bhairab Bazar
2016-12-05,0.0,26.66,16.17,1.0,83.84,0.8,3.5,Meghna_Bhairab Bazar
2016-12-06,0.0,27.0,17.17,0.81,80.67,0.8,3.7,Meghna_Bhairab Bazar
2016-12-07,0.0,27.22,15.9,0.69,75.49,0.79,4.23,Meghna_Bhairab Bazar
2016-12-08,0.0,26.74,15.86,0.97,77.9,0.79,3.81,Meghna_Bhairab Bazar
2016-12-09,0.0,26.86,15.71,0.95,79.87,0.79,3.86,Meghna_Bhairab Bazar
2016-12-10,0.0,26.26,15.12,1.04,80.97,0.78,3.66,Meghna_Bhairab Bazar
2016-12-11,0.0,25.49,14.77,0.84,80.57,0.78,3.61,Meghna_Bhairab Bazar
2016-12-12,0.0,25.43,14.39,1.05,83.11,0.77,3.43,Meghna_Bhairab Bazar
2016-12-13,0.0,24.46,12.91,1.12,80.72,0.77,2.97,Meghna_Bhairab Bazar
2016-12-14,0.0,24.29,12.89,1.02,80.97,0.76,2.86,Meghna_Bhairab Bazar
2016-12-15,0.0,24.44,12.49,1.05,83.1,0.76,2.87,Meghna_Bhairab Bazar
2016-12-16,0.0,24.77,13.88,0.82,83.37,0.75,3.25,Meghna_Bhairab Bazar
2016-12-17,0.0,25.14,16.22,0.92,84.95,0.75,2.92,Meghna_Bhairab Bazar
2016-12-18,0.0,24.78,15.18,1.03,83.7,0.74,2.72,Meghna_Bhairab Bazar
2016-12-19,0.0,24.04,16.34,1.03,84.59,0.74,2.2,Meghna_Bhairab Bazar
2016-12-20,0.0,24.1,15.31,1.11,82.5,0.74,2.6,Meghna_Bhairab Bazar
2016-12-21,0.0,23.48,14.55,0.92,74.47,0.73,2.04,Meghna_Bhairab Bazar
2016-12-22,0.0,25.1,14.5,0.75,75.45,0.73,2.77,Meghna_Bhairab Bazar
2016-12-23,0.0,25.0,15.74,0.86,79.72,0.72,2.86,Meghna_Bhairab Bazar
2016-12-24,0.0,25.78,15.85,0.8,78.39,0.72,2.95,Meghna_Bhairab Bazar
2016-12-25,0.0,26.23,18.09,0.46,73.83,0.72,3.43,Meghna_Bhairab Bazar
2016-12-26,0.87,26.36,17.51,0.7,76.74,0.71,3.06,Meghna_Bhairab Bazar
2016-12-27,0.66,24.82,16.48,0.99,82.63,0.71,2.03,Meghna_Bhairab Bazar
2016-12-28,0.0,24.75,14.72,0.84,80.88,0.71,2.99,Meghna_Bhairab Bazar
2016-12-29,0.0,25.23,14.86,0.67,76.63,0.7,3.16,Meghna_Bhairab Bazar
2016-12-30,0.0,24.73,14.48,1.08,83.59,0.7,2.64,Meghna_Bhairab Bazar
2016-12-31,0.0,24.57,14.85,0.82,80.04,0.69,2.82,Meghna_Bhairab Bazar
2017-01-01,0.0,24.8,15.16,0.76,73.67,0.69,2.4,Meghna_Bhairab Bazar
2017-01-02,0.0,25.89,15.93,0.63,67.89,0.68,3.25,Meghna_Bhairab Bazar
2017-01-03,0.0,25.78,14.95,1.08,73.83,0.68,3.08,Meghna_Bhairab Bazar
2017-01-04,0.0,25.13,13.88,1.36,82.73,0.67,2.61,Meghna_Bhairab Bazar
2017-01-05,0.0,25.12,13.24,1.32,78.16,0.67,2.56,Meghna_Bhairab Bazar
2017-01-06,0.0,24.68,12.84,1.18,72.32,0.67,2.48,Meghna_Bhairab Bazar
2017-01-07,0.0,24.7,12.84,0.96,69.76,0.66,2.65,Meghna_Bhairab Bazar
2017-01-08,0.0,24.77,12.14,1.21,70.19,0.66,2.54,Meghna_Bhairab Bazar
2017-01-09,0.0,25.26,13.02,1.0,64.74,0.65,2.62,Meghna_Bhairab Bazar
2017-01-10,0.0,26.14,13.65,1.19,70.98,0.65,2.56,Meghna_Bhairab Bazar
2017-01-11,0.0,24.13,12.29,1.35,78.79,0.64,2.22,Meghna_Bhairab Bazar
2017-01-12,0.0,23.0,11.26,1.63,74.38,0.64,2.03,Meghna_Bhairab Bazar
2017-01-13,0.0,22.61,8.84,1.8,67.28,0.64,1.93,Meghna_Bhairab Bazar
2017-01-14,5.68,21.3,7.98,1.32,62.14,0.64,1.85,Meghna_Bhairab Bazar
2017-01-15,0.0,22.8,8.55,1.24,67.23,0.64,1.92,Meghna_Bhairab Bazar
2017-01-16,0.0,24.01,9.19,1.41,70.45,0.63,2.0,Meghna_Bhairab Bazar
2017-01-17,0.0,24.2,10.46,1.18,60.12,0.63,1.75,Meghna_Bhairab Bazar
2017-01-18,0.0,24.53,11.95,1.2,58.6,0.62,1.91,Meghna_Bhairab Bazar
2017-01-19,0.0,25.91,12.31,1.36,65.08,0.62,2.16,Meghna_Bhairab Bazar
2017-01-20,0.0,25.9,11.25,1.38,66.28,0.61,2.02,Meghna_Bhairab Bazar
2017-01-21,0.0,25.24,12.32,1.16,61.28,0.61,2.07,Meghna_Bhairab Bazar
2017-01-22,0.0,26.38,11.46,1.18,68.46,0.6,2.2,Meghna_Bhairab Bazar
2017-01-23,0.0,25.57,12.08,1.3,67.16,0.6,1.9,Meghna_Bhairab Bazar
2017-01-24,0.0,26.33,13.99,1.0,58.92,0.6,2.06,Meghna_Bhairab Bazar
2017-01-25,0.0,27.01,14.53,0.85,60.12,0.59,2.24,Meghna_Bhairab Bazar
2017-01-26,0.0,27.93,14.97,0.66,61.82,0.59,2.34,Meghna_Bhairab Bazar
2017-01-27,0.0,27.93,14.11,1.11,68.93,0.58,1.98,Meghna_Bhairab Bazar
2017-01-28,0.0,27.55,14.94,1.3,71.48,0.58,1.86,Meghna_Bhairab Bazar
2017-01-29,0.0,25.68,13.53,1.41,71.94,0.58,1.81,Meghna_Bhairab Bazar
2017-01-30,0.0,25.87,13.1,1.49,67.56,0.57,1.73,Meghna_Bhairab Bazar
2017-01-31,0.0,25.71,13.74,1.15,60.51,0.57,1.5,Meghna_Bhairab Bazar
2017-02-01,0.0,26.93,13.25,1.1,60.13,0.57,1.74,Meghna_Bhairab Bazar
2017-02-02,0.0,26.46,12.63,1.58,64.29,0.56,1.56,Meghna_Bhairab Bazar
2017-02-03,0.0,25.59,12.64,1.3,62.2,0.56,1.51,Meghna_Bhairab Bazar
2017-02-04,0.0,28.01,13.05,1.15,64.24,0.55,1.76,Meghna_Bhairab Bazar
2017-02-05,0.0,29.62,15.74,0.99,62.6,0.55,2.04,Meghna_Bhairab Bazar
2017-02-06,0.0,29.05,13.08,1.17,65.92,0.54,1.82,Meghna_Bhairab Bazar
2017-02-07,0.0,28.83,14.58,1.51,65.28,0.54,1.5,Meghna_Bhairab Bazar
2017-02-08,0.0,28.14,15.75,1.23,54.37,0.54,1.61,Meghna_Bhairab Bazar
2017-02-09,0.0,28.47,14.21,1.31,50.96,0.53,1.49,Meghna_Bhairab Bazar
2017-02-10,0.0,28.89,12.31,1.22,51.42,0.53,1.44,Meghna_Bhairab Bazar
2017-02-11,0.0,29.2,16.6,0.95,50.45,0.53,1.28,Meghna_Bhairab Bazar
2017-02-12,0.0,29.47,15.55,1.23,56.25,0.52,1.5,Meghna_Bhairab Bazar
2017-02-13,0.0,29.57,15.84,1.14,52.94,0.52,1.36,Meghna_Bhairab Bazar
2017-02-14,0.0,30.14,16.44,1.38,57.47,0.52,1.41,Meghna_Bhairab Bazar
2017-02-15,0.0,29.78,16.14,1.41,57.28,0.51,1.31,Meghna_Bhairab Bazar
2017-02-16,0.0,30.35,16.5,1.02,53.24,0.51,1.38,Meghna_Bhairab Bazar
2017-02-17,0.0,30.36,17.64,0.78,49.27,0.5,1.44,Meghna_Bhairab Bazar
2017-02-18,0.0,31.09,17.2,1.02,51.6,0.5,1.44,Meghna_Bhairab Bazar
2017-02-19,0.0,30.34,15.85,1.35,59.71,0.5,1.02,Meghna_Bhairab Bazar
2017-02-20,0.47,29.16,17.15,2.57,72.03,0.49,1.02,Meghna_Bhairab Bazar
2017-02-21,4.8,30.4,20.44,3.92,81.61,0.5,1.09,Meghna_Bhairab Bazar
2017-02-22,2.09,31.26,20.01,3.6,78.93,0.5,1.26,Meghna_Bhairab Bazar
2017-02-23,15.62,29.14,20.06,2.17,81.91,0.51,1.11,Meghna_Bhairab Bazar
2017-02-24,0.07,30.48,18.64,1.26,52.58,0.51,1.69,Meghna_Bhairab Bazar
2017-02-25,0.12,29.21,14.04,1.33,40.5,0.51,1.56,Meghna_Bhairab Bazar
2017-02-26,0.0,29.68,14.62,1.12,34.62,0.5,1.44,Meghna_Bhairab Bazar
2017-02-27,0.0,30.44,13.16,1.26,46.61,0.49,1.41,Meghna_Bhairab Bazar
2017-02-28,0.0,30.93,15.82,1.16,43.17,0.49,1.38,Meghna_Bhairab Bazar
2017-03-01,0.0,31.81,16.3,1.08,41.02,0.49,1.31,Meghna_Bhairab Bazar
2017-03-02,0.0,33.1,14.92,1.81,50.64,0.48,1.29,Meghna_Bhairab Bazar
2017-03-03,0.0,33.41,17.15,2.33,68.01,0.48,1.23,Meghna_Bhairab Bazar
2017-03-04,0.01,32.56,18.3,2.14,68.63,0.47,1.12,Meghna_Bhairab Bazar
2017-03-05,9.66,31.68,17.98,2.69,73.58,0.47,1.01,Meghna_Bhairab Bazar
2017-03-06,39.38,29.75,19.98,1.92,82.24,0.52,1.28,Meghna_Bhairab Bazar
2017-03-07,22.58,29.96,18.09,0.89,68.44,0.57,2.87,Meghna_Bhairab Bazar
2017-03-08,4.93,30.42,19.81,1.24,62.85,0.56,2.38,Meghna_Bhairab Bazar
2017-03-09,9.8,28.85,18.52,1.35,75.33,0.57,2.37,Meghna_Bhairab Bazar
2017-03-10,8.7,29.91,19.05,1.8,80.94,0.57,2.34,Meghna_Bhairab Bazar
2017-03-11,49.72,28.12,21.62,2.61,91.24,0.62,1.03,Meghna_Bhairab Bazar
2017-03-12,5.07,27.96,20.63,1.5,73.57,0.64,2.84,Meghna_Bhairab Bazar
2017-03-13,0.02,27.9,16.06,1.37,54.81,0.63,4.22,Meghna_Bhairab Bazar
2017-03-14,0.0,28.69,14.6,1.23,43.24,0.61,3.91,Meghna_Bhairab Bazar
2017-03-15,0.0,28.0,15.79,1.08,45.26,0.61,3.85,Meghna_Bhairab Bazar
2017-03-16,0.0,29.08,16.5,1.12,44.0,0.6,3.65,Meghna_Bhairab Bazar
2017-03-17,0.0,29.55,16.03,1.32,51.87,0.59,3.6,Meghna_Bhairab Bazar
2017-03-18,6.94,29.37,15.39,1.66,74.91,0.59,2.62,Meghna_Bhairab Bazar
2017-03-19,4.56,30.12,17.88,1.41,68.72,0.6,3.63,Meghna_Bhairab Bazar
2017-03-20,4.46,25.35,17.76,1.06,76.77,0.59,1.38,Meghna_Bhairab Bazar
2017-03-21,0.36,28.48,17.4,0.89,67.9,0.59,3.48,Meghna_Bhairab Bazar
2017-03-22,0.18,30.03,18.32,1.01,63.93,0.59,3.42,Meghna_Bhairab Bazar
2017-03-23,0.0,31.09,19.53,1.05,66.86,0.58,3.49,Meghna_Bhairab Bazar
2017-03-24,0.03,32.2,19.99,1.96,75.01,0.57,3.29,Meghna_Bhairab Bazar
2017-03-25,30.92,30.26,21.58,1.91,85.88,0.59,2.16,Meghna_Bhairab Bazar
2017-03-26,0.86,31.7,21.05,0.86,77.22,0.61,3.94,Meghna_Bhairab Bazar
2017-03-27,0.15,31.65,21.28,1.78,80.4,0.6,3.67,Meghna_Bhairab Bazar
2017-03-28,2.43,31.33,22.16,2.23,83.85,0.59,2.96,Meghna_Bhairab Bazar
2017-03-29,27.17,30.75,22.45,3.66,86.14,0.6,2.79,Meghna_Bhairab Bazar
2017-03-30,22.8,31.72,23.56,4.49,84.89,0.63,4.07,Meghna_Bhairab Bazar
2017-03-31,19.28,31.34,23.34,3.22,86.22,0.65,4.05,Meghna_Bhairab Bazar
2017-04-01,9.34,31.28,22.75,3.48,86.23,0.65,4.56,Meghna_Bhairab Bazar
2017-04-02,4.56,31.56,23.02,4.53,85.09,0.65,4.68,Meghna_Bhairab Bazar
2017-04-03,20.85,29.71,23.75,4.52,87.77,0.65,3.21,Meghna_Bhairab Bazar
2017-04-04,25.62,29.91,22.88,3.59,87.72,0.67,3.56,Meghna_Bhairab Bazar
2017-04-05,35.15,29.49,23.0,2.55,89.23,0.71,2.91,Meghna_Bhairab Bazar
2017-04-06,26.37,30.6,21.73,1.03,83.35,0.74,4.55,Meghna_Bhairab Bazar
2017-04-07,3.9,31.58,22.79,2.06,86.92,0.74,4.42,Meghna_Bhairab Bazar
2017-04-08,1.48,31.42,24.25,2.12,87.66,0.73,4.49,Meghna_Bhairab Bazar
2017-04-09,2.92,32.45,23.95,2.1,85.13,0.72,5.37,Meghna_Bhairab Bazar
2017-04-10,0.39,31.9,23.39,2.01,82.28,0.71,5.82,Meghna_Bhairab Bazar
2017-04-11,0.16,32.31,22.27,1.43,75.61,0.7,6.51,Meghna_Bhairab Bazar
2017-04-12,0.0,32.29,21.17,0.91,71.33,0.69,6.82,Meghna_Bhairab Bazar
2017-04-13,0.0,33.4,22.48,0.89,69.09,0.68,7.27,Meghna_Bhairab Bazar
2017-04-14,0.0,32.75,21.98,1.14,75.86,0.67,6.25,Meghna_Bhairab Bazar
2017-04-15,0.66,31.85,21.31,2.25,83.41,0.66,5.33,Meghna_Bhairab Bazar
2017-04-16,24.74,30.04,22.13,1.2,84.9,0.68,4.24,Meghna_Bhairab Bazar
2017-04-17,1.29,31.56,20.1,1.09,72.9,0.68,6.81,Meghna_Bhairab Bazar
2017-04-18,0.65,31.51,22.15,1.97,82.82,0.67,5.91,Meghna_Bhairab Bazar
2017-04-19,69.13,29.94,23.33,3.33,89.41,0.69,2.42,Meghna_Bhairab Bazar
2017-04-20,90.18,29.94,24.6,2.71,90.03,0.81,1.78,Meghna_Bhairab Bazar
2017-04-21,98.83,27.43,23.93,2.92,94.69,0.89,0.4,Meghna_Bhairab Bazar
2017-04-22,84.27,28.56,24.28,3.21,92.8,0.95,0.95,Meghna_Bhairab Bazar
2017-04-23,51.23,29.69,24.31,3.0,90.39,0.96,1.77,Meghna_Bhairab Bazar
2017-04-24,31.66,29.98,24.26,3.63,90.62,0.96,2.14,Meghna_Bhairab Bazar
2017-04-25,21.75,31.1,25.03,4.16,90.56,0.96,2.28,Meghna_Bhairab Bazar
2017-04-26,10.32,30.4,25.59,4.01,90.68,0.95,2.12,Meghna_Bhairab Bazar
2017-04-27,8.84,30.0,24.44,2.73,90.95,0.94,1.98,Meghna_Bhairab Bazar
2017-04-28,2.45,29.39,23.48,1.93,90.47,0.93,1.95,Meghna_Bhairab Bazar
2017-04-29,10.34,31.01,22.55,2.01,89.41,0.93,2.8,Meghna_Bhairab Bazar
2017-04-30,5.88,30.21,23.45,2.12,90.2,0.93,2.43,Meghna_Bhairab Bazar
2017-05-01,17.99,28.72,24.26,1.52,91.37,0.93,0.83,Meghna_Bhairab Bazar
2017-05-02,43.54,30.45,23.88,1.0,83.09,0.95,3.16,Meghna_Bhairab Bazar
2017-05-03,2.26,31.99,22.92,1.17,81.24,0.94,4.16,Meghna_Bhairab Bazar
2017-05-04,3.82,32.34,23.88,1.2,84.16,0.93,3.95,Meghna_Bhairab Bazar
2017-05-05,0.93,31.67,23.64,2.34,87.9,0.93,2.96,Meghna_Bhairab Bazar
2017-05-06,6.62,30.92,23.93,2.33,88.83,0.92,2.83,Meghna_Bhairab Bazar
2017-05-07,8.73,30.7,23.77,1.99,88.69,0.92,2.88,Meghna_Bhairab Bazar
2017-05-08,1.9,30.55,24.26,1.57,89.05,0.91,2.26,Meghna_Bhairab Bazar
2017-05-09,3.59,29.06,24.04,1.25,90.07,0.91,1.32,Meghna_Bhairab Bazar
2017-05-10,2.51,30.05,23.14,0.77,79.64,0.91,2.09,Meghna_Bhairab Bazar
2017-05-11,3.14,32.19,23.66,1.33,81.65,0.9,3.56,Meghna_Bhairab Bazar
2017-05-12,2.54,32.97,24.72,0.8,80.22,0.9,4.92,Meghna_Bhairab Bazar
2017-05-13,2.86,32.52,24.86,1.34,83.24,0.89,4.31,Meghna_Bhairab Bazar
2017-05-14,19.92,32.17,24.95,1.65,86.93,0.89,3.67,Meghna_Bhairab Bazar
2017-05-15,28.13,31.5,25.45,2.41,90.02,0.91,2.16,Meghna_Bhairab Bazar
2017-05-16,38.97,29.93,25.44,1.99,90.36,0.93,1.75,Meghna_Bhairab Bazar
2017-05-17,14.98,31.4,25.29,1.49,87.88,0.93,2.62,Meghna_Bhairab Bazar
2017-05-18,5.86,32.06,25.27,1.51,87.48,0.92,3.21,Meghna_Bhairab Bazar
2017-05-19,39.28,31.63,26.18,1.94,90.86,0.93,1.71,Meghna_Bhairab Bazar
2017-05-20,34.9,32.16,26.29,2.16,89.0,0.94,2.47,Meghna_Bhairab Bazar
2017-05-21,18.21,31.91,26.02,1.73,89.56,0.95,2.21,Meghna_Bhairab Bazar
2017-05-22,2.59,31.86,25.96,1.9,88.46,0.94,2.6,Meghna_Bhairab Bazar
2017-05-23,1.74,32.58,26.18,1.68,87.42,0.93,2.96,Meghna_Bhairab Bazar
2017-05-24,3.75,32.28,27.08,1.88,88.28,0.92,2.36,Meghna_Bhairab Bazar
2017-05-25,1.75,32.48,26.4,1.6,87.54,0.92,2.59,Meghna_Bhairab Bazar
2017-05-26,3.98,33.18,26.4,1.11,82.1,0.91,4.35,Meghna_Bhairab Bazar
2017-05-27,5.95,33.31,26.09,0.89,80.4,0.91,4.15,Meghna_Bhairab Bazar
2017-05-28,1.75,32.93,25.83,0.93,79.61,0.9,2.8,Meghna_Bhairab Bazar
2017-05-29,3.3,31.83,25.78,1.09,83.25,0.9,2.04,Meghna_Bhairab Bazar
2017-05-30,47.13,30.07,25.31,5.09,93.22,0.91,0.82,Meghna_Bhairab Bazar
2017-05-31,45.75,29.89,25.38,3.14,91.89,0.93,1.16,Meghna_Bhairab Bazar
2017-06-01,83.3,30.04,26.9,3.49,93.28,0.97,0.75,Meghna_Bhairab Bazar
2017-06-02,35.56,30.57,26.53,3.64,92.17,0.98,1.19,Meghna_Bhairab Bazar
2017-06-03,44.32,31.46,25.99,3.69,92.26,0.98,1.29,Meghna_Bhairab Bazar
2017-06-04,50.83,30.8,26.77,2.91,93.43,0.99,0.8,Meghna_Bhairab Bazar
2017-06-05,17.38,30.77,26.01,2.28,92.89,0.99,0.98,Meghna_Bhairab Bazar
2017-06-06,15.27,32.46,25.59,1.25,89.2,0.98,1.84,Meghna_Bhairab Bazar
2017-06-07,3.05,33.35,26.68,0.93,83.89,0.98,1.3,Meghna_Bhairab Bazar
2017-06-08,18.29,32.31,26.75,1.22,84.92,0.97,2.12,Meghna_Bhairab Bazar
2017-06-09,5.86,30.63,26.55,1.52,91.4,0.97,1.12,Meghna_Bhairab Bazar
2017-06-10,7.75,30.27,25.53,1.12,88.03,0.97,1.0,Meghna_Bhairab Bazar
2017-06-11,53.55,29.6,25.75,3.15,93.39,0.98,0.47,Meghna_Bhairab Bazar
2017-06-12,88.62,29.3,25.67,4.71,93.62,0.99,0.58,Meghna_Bhairab Bazar
2017-06-13,43.77,29.82,26.32,3.63,95.38,1.0,0.24,Meghna_Bhairab Bazar
2017-06-14,23.17,31.0,26.46,1.47,89.49,0.99,1.3,Meghna_Bhairab Bazar
2017-06-15,22.75,29.8,25.04,3.34,91.63,0.99,0.9,Meghna_Bhairab Bazar
2017-06-16,45.32,30.35,24.32,3.15,91.91,0.99,0.8,Meghna_Bhairab Bazar
2017-06-17,68.36,30.51,26.2,2.91,91.65,1.0,0.87,Meghna_Bhairab Bazar
2017-06-18,42.12,30.35,26.28,3.38,94.13,1.0,0.5,Meghna_Bhairab Bazar
2017-06-19,62.3,28.54,26.05,3.73,95.66,1.0,0.12,Meghna_Bhairab Bazar
2017-06-20,28.68,28.89,26.02,2.34,93.87,1.0,0.42,Meghna_Bhairab Bazar
2017-06-21,11.63,29.73,25.47,2.14,91.68,0.99,0.91,Meghna_Bhairab Bazar
2017-06-22,21.86,30.66,25.47,2.29,92.28,0.99,1.04,Meghna_Bhairab Bazar
2017-06-23,24.06,31.67,25.78,1.36,88.22,0.99,1.82,Meghna_Bhairab Bazar
2017-06-24,6.47,32.33,25.7,2.0,88.98,0.98,2.41,Meghna_Bhairab Bazar
2017-06-25,7.83,32.05,25.72,2.21,89.53,0.98,2.35,Meghna_Bhairab Bazar
2017-06-26,8.77,31.89,25.91,2.0,89.44,0.97,2.11,Meghna_Bhairab Bazar
2017-06-27,2.07,28.88,25.71,1.89,92.64,0.97,0.79,Meghna_Bhairab Bazar
2017-06-28,8.21,29.8,25.77,2.05,92.34,0.97,1.14,Meghna_Bhairab Bazar
2017-06-29,8.38,30.7,26.03,1.92,91.97,0.96,1.16,Meghna_Bhairab Bazar
2017-06-30,16.17,29.56,26.01,2.78,94.08,0.96,0.54,Meghna_Bhairab Bazar
2017-07-01,17.07,29.64,26.33,3.0,93.22,0.97,0.79,Meghna_Bhairab Bazar
2017-07-02,22.54,31.73,26.71,3.54,90.54,0.97,1.92,Meghna_Bhairab Bazar
2017-07-03,29.17,31.02,26.37,3.18,93.12,0.97,0.97,Meghna_Bhairab Bazar
2017-07-04,29.52,29.47,26.41,3.06,94.43,0.98,0.51,Meghna_Bhairab Bazar
2017-07-05,11.98,31.43,26.32,3.21,91.13,0.97,1.74,Meghna_Bhairab Bazar
2017-07-06,3.74,31.99,25.85,2.82,88.93,0.97,2.54,Meghna_Bhairab Bazar
2017-07-07,4.1,32.18,26.04,2.38,89.26,0.96,2.09,Meghna_Bhairab Bazar
2017-07-08,3.42,30.46,25.74,2.75,92.84,0.96,1.05,Meghna_Bhairab Bazar
2017-07-09,8.42,30.76,25.55,2.86,91.72,0.95,1.52,Meghna_Bhairab Bazar
2017-07-10,19.82,30.67,25.78,3.01,92.46,0.95,1.41,Meghna_Bhairab Bazar
2017-07-11,39.01,29.34,25.79,2.38,94.91,0.96,0.37,Meghna_Bhairab Bazar
2017-07-12,23.43,30.29,25.28,1.97,90.06,0.97,1.37,Meghna_Bhairab Bazar
2017-07-13,28.81,30.25,25.14,1.78,91.31,0.97,1.43,Meghna_Bhairab Bazar
2017-07-14,20.35,31.21,25.33,2.0,89.92,0.97,1.75,Meghna_Bhairab Bazar
2017-07-15,2.31,32.12,25.17,1.31,86.54,0.96,3.49,Meghna_Bhairab Bazar
2017-07-16,3.99,31.28,25.9,1.25,90.12,0.96,1.51,Meghna_Bhairab Bazar
2017-07-17,8.88,32.61,26.1,0.97,83.88,0.96,1.3,Meghna_Bhairab Bazar
2017-07-18,7.8,32.93,26.86,1.36,87.18,0.96,2.41,Meghna_Bhairab Bazar
2017-07-19,21.37,29.83,26.07,3.3,93.01,0.95,0.95,Meghna_Bhairab Bazar
2017-07-20,85.33,29.29,25.76,2.71,94.05,0.97,0.59,Meghna_Bhairab Bazar
2017-07-21,53.5,31.59,25.48,2.73,90.96,1.0,1.58,Meghna_Bhairab Bazar
2017-07-22,3.56,31.14,26.19,2.45,89.26,0.98,1.8,Meghna_Bhairab Bazar
2017-07-23,28.43,29.26,25.48,3.5,92.15,0.98,1.09,Meghna_Bhairab Bazar
2017-07-24,29.03,28.78,25.19,4.39,93.24,0.98,0.68,Meghna_Bhairab Bazar
2017-07-25,41.99,29.55,25.31,3.7,91.88,0.99,1.14,Meghna_Bhairab Bazar
2017-07-26,41.38,30.01,25.08,1.88,90.42,0.99,1.39,Meghna_Bhairab Bazar
2017-07-27,6.48,30.19,24.84,1.49,90.06,0.98,1.38,Meghna_Bhairab Bazar
2017-07-28,13.76,31.77,25.69,1.34,88.09,0.98,2.14,Meghna_Bhairab Bazar
2017-07-29,4.11,30.37,26.57,1.33,91.73,0.98,1.13,Meghna_Bhairab Bazar
2017-07-30,14.15,31.54,25.76,2.0,89.61,0.97,2.32,Meghna_Bhairab Bazar
2017-07-31,6.41,32.32,24.97,2.05,88.35,0.97,3.1,Meghna_Bhairab Bazar
2017-08-01,2.86,29.88,26.66,2.19,91.53,0.96,1.04,Meghna_Bhairab Bazar
2017-08-02,15.58,31.51,26.22,1.81,90.5,0.96,2.0,Meghna_Bhairab Bazar
2017-08-03,18.53,32.28,26.19,1.79,88.91,0.96,2.92,Meghna_Bhairab Bazar
2017-08-04,16.09,31.75,27.2,1.03,87.98,0.97,1.62,Meghna_Bhairab Bazar
2017-08-05,23.0,31.96,26.76,1.94,90.5,0.97,1.99,Meghna_Bhairab Bazar
2017-08-06,15.16,30.95,26.26,2.12,89.78,0.96,2.16,Meghna_Bhairab Bazar
2017-08-07,11.72,31.56,25.64,2.56,89.88,0.96,2.93,Meghna_Bhairab Bazar
2017-08-08,10.36,31.92,25.54,2.63,90.65,0.96,2.42,Meghna_Bhairab Bazar
2017-08-09,22.27,31.07,25.84,2.92,91.99,0.95,1.53,Meghna_Bhairab Bazar
2017-08-10,34.47,30.54,25.88,3.95,92.17,0.96,1.68,Meghna_Bhairab Bazar
2017-08-11,151.47,29.36,26.22,3.64,94.54,0.99,0.55,Meghna_Bhairab Bazar
2017-08-12,124.3,28.75,26.67,3.34,95.81,1.0,0.14,Meghna_Bhairab Bazar
2017-08-13,24.91,29.83,25.59,2.38,91.65,1.0,1.25,Meghna_Bhairab Bazar
2017-08-14,12.94,30.93,25.71,2.1,90.95,0.99,1.65,Meghna_Bhairab Bazar
2017-08-15,57.35,31.0,26.0,2.25,91.5,0.99,1.18,Meghna_Bhairab Bazar
2017-08-16,24.29,29.48,25.68,2.3,92.41,1.0,0.99,Meghna_Bhairab Bazar
2017-08-17,9.53,32.3,25.28,2.22,89.05,0.99,2.89,Meghna_Bhairab Bazar
2017-08-18,27.64,31.75,25.58,1.81,88.93,0.99,2.38,Meghna_Bhairab Bazar
2017-08-19,11.91,32.04,25.42,1.5,87.63,0.98,3.63,Meghna_Bhairab Bazar
2017-08-20,7.12,31.75,25.39,1.3,87.09,0.98,4.5,Meghna_Bhairab Bazar
2017-08-21,9.5,32.65,25.28,1.0,83.66,0.97,5.05,Meghna_Bhairab Bazar
2017-08-22,16.44,30.9,25.75,0.93,87.75,0.97,1.98,Meghna_Bhairab Bazar
2017-08-23,21.31,31.28,26.19,1.41,88.17,0.97,2.44,Meghna_Bhairab Bazar
2017-08-24,31.25,31.17,26.38,1.43,88.38,0.98,2.25,Meghna_Bhairab Bazar
2017-08-25,15.13,31.84,25.77,1.59,89.55,0.97,3.16,Meghna_Bhairab Bazar
2017-08-26,11.23,30.25,25.79,1.75,91.45,0.97,1.44,Meghna_Bhairab Bazar
2017-08-27,4.78,32.02,25.11,1.86,87.66,0.97,3.8,Meghna_Bhairab Bazar
2017-08-28,19.31,30.65,25.78,1.79,90.74,0.97,1.86,Meghna_Bhairab Bazar
2017-08-29,9.38,31.62,25.31,1.77,90.13,0.96,3.01,Meghna_Bhairab Bazar
2017-08-30,10.99,31.03,25.59,1.15,89.34,0.96,2.55,Meghna_Bhairab Bazar
2017-08-31,23.54,30.64,25.89,1.54,90.78,0.96,2.08,Meghna_Bhairab Bazar
2017-09-01,39.39,29.33,25.46,2.33,94.32,0.98,0.79,Meghna_Bhairab Bazar
2017-09-02,18.31,30.55,25.62,2.24,91.33,0.97,2.5,Meghna_Bhairab Bazar
2017-09-03,24.19,30.53,25.71,2.16,91.84,0.97,1.76,Meghna_Bhairab Bazar
2017-09-04,8.89,29.62,25.86,1.58,92.33,0.97,0.96,Meghna_Bhairab Bazar
2017-09-05,20.1,30.73,25.5,1.59,90.51,0.97,2.26,Meghna_Bhairab Bazar
2017-09-06,18.39,30.94,25.16,0.94,88.2,0.97,2.53,Meghna_Bhairab Bazar
2017-09-07,53.23,29.56,25.25,1.67,92.6,0.98,0.99,Meghna_Bhairab Bazar
2017-09-08,24.02,30.87,24.46,1.98,90.04,0.99,2.55,Meghna_Bhairab Bazar
2017-09-09,13.02,29.94,25.58,2.27,90.87,0.98,2.26,Meghna_Bhairab Bazar
2017-09-10,50.42,27.84,24.96,2.53,94.43,0.98,0.71,Meghna_Bhairab Bazar
2017-09-11,45.35,30.41,24.26,1.61,90.86,0.99,2.33,Meghna_Bhairab Bazar
2017-09-12,17.23,30.65,24.7,1.26,89.41,0.99,2.58,Meghna_Bhairab Bazar
2017-09-13,7.4,30.41,25.2,1.75,90.89,0.98,2.75,Meghna_Bhairab Bazar
2017-09-14,17.04,31.42,24.71,1.26,87.4,0.98,4.06,Meghna_Bhairab Bazar
2017-09-15,11.25,32.45,25.12,0.7,84.42,0.98,5.71,Meghna_Bhairab Bazar
2017-09-16,6.05,32.24,27.1,0.63,79.16,0.97,3.72,Meghna_Bhairab Bazar
2017-09-17,10.75,31.48,26.84,1.36,90.89,0.97,1.49,Meghna_Bhairab Bazar
2017-09-18,20.3,30.6,25.18,1.82,89.2,0.97,2.35,Meghna_Bhairab Bazar
2017-09-19,25.19,30.37,25.78,2.08,92.37,0.98,1.82,Meghna_Bhairab Bazar
2017-09-20,13.72,30.62,26.23,2.11,94.69,0.98,1.0,Meghna_Bhairab Bazar
2017-09-21,3.33,30.86,25.83,1.46,91.36,0.97,2.38,Meghna_Bhairab Bazar
2017-09-22,7.47,31.03,26.13,1.09,89.33,0.97,3.25,Meghna_Bhairab Bazar
2017-09-23,4.92,32.74,25.89,0.93,85.68,0.97,4.01,Meghna_Bhairab Bazar
2017-09-24,1.61,32.94,26.91,0.7,82.15,0.96,6.28,Meghna_Bhairab Bazar
2017-09-25,6.55,32.58,25.73,0.75,83.44,0.96,5.45,Meghna_Bhairab Bazar
2017-09-26,4.85,32.49,26.37,0.88,84.97,0.95,4.35,Meghna_Bhairab Bazar
2017-09-27,11.96,30.75,26.25,0.98,90.09,0.95,0.7,Meghna_Bhairab Bazar
2017-09-28,23.81,30.74,25.31,1.05,89.14,0.95,2.21,Meghna_Bhairab Bazar
2017-09-29,32.2,29.86,25.21,2.12,92.05,0.97,2.28,Meghna_Bhairab Bazar
2017-09-30,35.8,29.93,25.23,1.74,92.81,0.98,1.51,Meghna_Bhairab Bazar
2017-10-01,11.66,30.23,25.2,0.84,89.63,0.97,2.79,Meghna_Bhairab Bazar
2017-10-02,4.87,31.81,24.98,0.92,85.06,0.97,4.36,Meghna_Bhairab Bazar
2017-10-03,2.48,31.8,25.21,0.6,81.87,0.96,4.84,Meghna_Bhairab Bazar
2017-10-04,0.87,31.38,25.82,0.49,82.22,0.96,4.79,Meghna_Bhairab Bazar
2017-10-05,0.17,32.23,25.34,0.97,85.64,0.95,3.59,Meghna_Bhairab Bazar
2017-10-06,9.08,31.8,25.65,0.89,86.77,0.95,4.26,Meghna_Bhairab Bazar
2017-10-07,28.86,28.39,24.94,1.39,94.36,0.96,0.81,Meghna_Bhairab Bazar
2017-10-08,12.81,29.41,24.21,1.51,91.6,0.96,2.03,Meghna_Bhairab Bazar
2017-10-09,2.42,30.24,24.36,1.24,86.65,0.96,2.96,Meghna_Bhairab Bazar
2017-10-10,0.1,32.02,24.42,0.71,81.13,0.95,7.43,Meghna_Bhairab Bazar
2017-10-11,0.06,31.95,25.25,1.05,84.68,0.95,6.08,Meghna_Bhairab Bazar
2017-10-12,0.63,31.52,24.79,1.41,87.94,0.94,4.39,Meghna_Bhairab Bazar
2017-10-13,4.7,30.54,25.26,1.7,90.04,0.93,3.68,Meghna_Bhairab Bazar
2017-10-14,1.11,30.64,24.9,1.5,89.27,0.93,4.35,Meghna_Bhairab Bazar
2017-10-15,11.39,31.36,25.02,0.99,84.43,0.93,4.48,Meghna_Bhairab Bazar
2017-10-16,0.02,31.27,24.17,1.21,80.7,0.92,5.36,Meghna_Bhairab Bazar
2017-10-17,1.31,32.81,22.86,1.02,83.39,0.92,6.53,Meghna_Bhairab Bazar
2017-10-18,23.85,28.56,25.16,1.29,91.54,0.92,1.08,Meghna_Bhairab Bazar
2017-10-19,19.44,28.33,25.14,1.19,91.72,0.93,1.53,Meghna_Bhairab Bazar
2017-10-20,89.98,27.35,24.59,2.47,95.08,0.96,0.48,Meghna_Bhairab Bazar
2017-10-21,133.04,27.36,23.71,5.3,94.78,0.99,0.54,Meghna_Bhairab Bazar
2017-10-22,13.64,27.7,21.97,2.87,89.87,0.99,2.24,Meghna_Bhairab Bazar
2017-10-23,1.12,29.76,21.44,1.09,85.3,0.98,4.12,Meghna_Bhairab Bazar
2017-10-24,0.0,30.0,20.76,0.97,81.67,0.97,5.0,Meghna_Bhairab Bazar
2017-10-25,0.0,29.53,21.88,0.86,78.69,0.97,4.9,Meghna_Bhairab Bazar
2017-10-26,0.0,29.32,19.27,1.26,77.52,0.96,4.25,Meghna_Bhairab Bazar
2017-10-27,0.0,28.45,17.58,1.0,71.21,0.96,5.06,Meghna_Bhairab Bazar
2017-10-28,0.01,28.46,18.29,1.06,73.03,0.95,4.86,Meghna_Bhairab Bazar
2017-10-29,3.97,28.55,19.24,0.88,78.47,0.95,4.06,Meghna_Bhairab Bazar
2017-10-30,11.76,25.46,19.97,1.5,92.85,0.95,1.36,Meghna_Bhairab Bazar
2017-10-31,0.68,27.27,18.51,0.67,80.65,0.95,5.04,Meghna_Bhairab Bazar
2017-11-01,0.08,27.34,18.84,1.02,82.32,0.94,4.43,Meghna_Bhairab Bazar
2017-11-02,0.0,28.72,18.81,0.94,79.47,0.94,4.97,Meghna_Bhairab Bazar
2017-11-03,0.0,28.73,18.81,1.26,82.0,0.93,4.46,Meghna_Bhairab Bazar
2017-11-04,0.0,29.78,19.47,1.37,85.8,0.92,4.36,Meghna_Bhairab Bazar
2017-11-05,0.0,29.89,19.76,1.1,81.91,0.92,5.33,Meghna_Bhairab Bazar
2017-11-06,0.0,29.53,19.34,1.04,79.47,0.91,5.22,Meghna_Bhairab Bazar
2017-11-07,0.0,28.67,18.98,1.1,78.07,0.91,4.65,Meghna_Bhairab Bazar
2017-11-08,0.11,28.86,18.08,0.81,75.33,0.9,5.48,Meghna_Bhairab Bazar
2017-11-09,0.0,29.14,18.02,0.57,71.52,0.9,6.13,Meghna_Bhairab Bazar
2017-11-10,0.0,28.23,18.46,0.88,73.81,0.89,5.09,Meghna_Bhairab Bazar
2017-11-11,0.0,29.34,18.72,0.96,77.66,0.89,5.4,Meghna_Bhairab Bazar
2017-11-12,0.0,28.97,18.67,1.16,82.48,0.88,4.68,Meghna_Bhairab Bazar
2017-11-13,0.0,28.67,18.88,0.96,80.07,0.88,5.11,Meghna_Bhairab Bazar
2017-11-14,0.0,27.72,18.59,0.97,84.96,0.88,3.02,Meghna_Bhairab Bazar
2017-11-15,2.21,25.86,20.58,1.38,92.23,0.87,0.98,Meghna_Bhairab Bazar
2017-11-16,2.81,25.39,19.94,1.93,91.92,0.88,0.99,Meghna_Bhairab Bazar
2017-11-17,1.77,28.32,21.07,1.31,88.42,0.87,3.16,Meghna_Bhairab Bazar
2017-11-18,2.88,29.31,21.54,0.77,86.18,0.87,3.99,Meghna_Bhairab Bazar
2017-11-19,0.03,28.91,21.34,1.13,87.07,0.87,4.42,Meghna_Bhairab Bazar
2017-11-20,0.0,27.99,18.75,1.45,84.42,0.86,3.85,Meghna_Bhairab Bazar
2017-11-21,0.0,27.41,18.64,1.25,86.08,0.86,3.3,Meghna_Bhairab Bazar
2017-11-22,0.0,26.39,15.96,1.31,79.77,0.85,3.39,Meghna_Bhairab Bazar
2017-11-23,0.0,25.62,14.32,1.33,78.64,0.85,3.12,Meghna_Bhairab Bazar
2017-11-24,0.0,24.95,14.2,1.56,85.97,0.84,2.79,Meghna_Bhairab Bazar
2017-11-25,0.0,26.16,14.11,1.02,76.4,0.84,3.69,Meghna_Bhairab Bazar
2017-11-26,0.0,25.61,15.08,0.96,79.12,0.83,3.72,Meghna_Bhairab Bazar
2017-11-27,0.0,25.31,15.53,0.96,84.14,0.83,3.31,Meghna_Bhairab Bazar
2017-11-28,0.0,25.55,16.66,0.64,75.19,0.82,3.0,Meghna_Bhairab Bazar
2017-11-29,0.0,24.75,14.91,1.1,77.79,0.82,2.76,Meghna_Bhairab Bazar
2017-11-30,0.0,25.04,14.9,0.98,75.47,0.81,3.35,Meghna_Bhairab Bazar
2017-12-01,0.0,25.39,14.71,0.92,75.59,0.81,3.67,Meghna_Bhairab Bazar
2017-12-02,0.0,25.63,15.08,0.75,75.73,0.8,3.68,Meghna_Bhairab Bazar
2017-12-03,0.0,24.46,14.26,0.94,73.97,0.8,3.59,Meghna_Bhairab Bazar
2017-12-04,0.0,24.59,14.33,0.8,70.22,0.79,3.42,Meghna_Bhairab Bazar
2017-12-05,0.0,25.6,14.35,0.69,71.7,0.79,4.03,Meghna_Bhairab Bazar
2017-12-06,0.0,24.82,13.9,0.59,73.86,0.78,3.73,Meghna_Bhairab Bazar
2017-12-07,0.0,25.69,14.48,0.7,73.36,0.78,3.93,Meghna_Bhairab Bazar
2017-12-08,3.75,20.7,17.36,0.95,87.06,0.77,0.54,Meghna_Bhairab Bazar
2017-12-09,16.58,23.99,17.44,1.03,94.5,0.79,0.43,Meghna_Bhairab Bazar
2017-12-10,55.08,26.95,19.77,1.17,91.02,0.84,1.55,Meghna_Bhairab Bazar
2017-12-11,94.07,27.37,19.89,2.14,94.09,0.91,1.0,Meghna_Bhairab Bazar
2017-12-12,2.98,26.04,18.21,1.2,86.47,0.91,2.3,Meghna_Bhairab Bazar
2017-12-13,0.0,26.03,18.24,0.73,81.33,0.9,2.62,Meghna_Bhairab Bazar
2017-12-14,0.0,25.79,17.14,0.95,82.02,0.89,2.1,Meghna_Bhairab Bazar
2017-12-15,0.0,24.68,15.86,0.97,77.06,0.89,2.4,Meghna_Bhairab Bazar
2017-12-16,0.0,25.41,14.11,0.86,74.67,0.88,2.89,Meghna_Bhairab Bazar
2017-12-17,0.0,24.41,13.49,1.0,83.34,0.88,2.62,Meghna_Bhairab Bazar
2017-12-18,0.0,24.15,14.61,0.92,84.51,0.87,2.58,Meghna_Bhairab Bazar
2017-12-19,0.0,24.45,13.54,0.86,84.69,0.87,2.52,Meghna_Bhairab Bazar
2017-12-20,0.0,25.32,15.77,0.83,85.69,0.87,2.71,Meghna_Bhairab Bazar
2017-12-21,0.0,25.53,16.78,0.79,85.75,0.86,2.55,Meghna_Bhairab Bazar
2017-12-22,0.0,24.53,16.63,0.86,83.13,0.86,2.43,Meghna_Bhairab Bazar
2017-12-23,0.0,24.47,15.65,1.05,82.38,0.86,2.55,Meghna_Bhairab Bazar
2017-12-24,0.0,25.01,14.68,1.06,84.47,0.85,2.6,Meghna_Bhairab Bazar
2017-12-25,0.0,24.37,15.63,0.74,82.12,0.85,2.51,Meghna_Bhairab Bazar
2017-12-26,0.0,25.12,16.04,0.93,85.75,0.85,2.69,Meghna_Bhairab Bazar
2017-12-27,0.0,25.45,13.99,1.02,83.25,0.84,2.89,Meghna_Bhairab Bazar
2017-12-28,0.0,25.88,13.65,1.11,84.44,0.84,2.71,Meghna_Bhairab Bazar
2017-12-29,0.0,25.62,15.1,0.87,82.33,0.83,3.02,Meghna_Bhairab Bazar
2017-12-30,0.0,26.16,14.3,0.93,76.59,0.83,3.1,Meghna_Bhairab Bazar
2017-12-31,0.0,26.33,15.87,0.83,75.29,0.82,3.2,Meghna_Bhairab Bazar
2018-01-01,0.0,24.74,16.01,0.71,77.45,0.82,2.81,Meghna_Bhairab Bazar
2018-01-02,1.42,23.1,15.6,0.94,84.52,0.81,1.0,Meghna_Bhairab Bazar
2018-01-03,5.98,22.29,12.19,1.59,86.14,0.82,1.35,Meghna_Bhairab Bazar
2018-01-04,10.77,21.08,9.9,1.24,80.84,0.82,1.54,Meghna_Bhairab Bazar
2018-01-05,0.0,22.39,9.15,1.19,83.41,0.82,2.02,Meghna_Bhairab Bazar
2018-01-06,0.0,21.37,9.48,1.36,82.37,0.82,1.65,Meghna_Bhairab Bazar
2018-01-07,0.0,19.38,8.93,1.29,73.98,0.81,1.52,Meghna_Bhairab Bazar
2018-01-08,0.0,18.87,7.52,1.2,72.65,0.81,1.58,Meghna_Bhairab Bazar
2018-01-09,0.0,19.66,8.37,0.94,71.5,0.8,1.79,Meghna_Bhairab Bazar
2018-01-10,0.0,19.53,7.39,1.11,75.31,0.8,1.51,Meghna_Bhairab Bazar
2018-01-11,0.0,20.19,8.45,0.94,77.68,0.8,1.44,Meghna_Bhairab Bazar
2018-01-12,0.0,20.98,9.46,0.92,79.57,0.79,1.49,Meghna_Bhairab Bazar
2018-01-13,0.0,21.25,10.89,0.66,80.07,0.79,1.8,Meghna_Bhairab Bazar
2018-01-14,0.0,21.26,10.84,1.12,87.36,0.79,0.96,Meghna_Bhairab Bazar
2018-01-15,0.0,21.22,10.13,1.34,86.46,0.78,1.16,Meghna_Bhairab Bazar
2018-01-16,0.0,22.04,11.92,1.17,82.57,0.78,1.54,Meghna_Bhairab Bazar
2018-01-17,0.0,23.55,11.98,0.9,77.87,0.78,2.08,Meghna_Bhairab Bazar
2018-01-18,0.0,23.91,12.73,1.0,81.88,0.77,2.15,Meghna_Bhairab Bazar
2018-01-19,0.0,23.56,12.3,1.15,81.27,0.77,2.18,Meghna_Bhairab Bazar
2018-01-20,0.0,22.13,11.11,1.02,68.83,0.76,2.03,Meghna_Bhairab Bazar
2018-01-21,0.0,23.08,11.47,1.09,72.78,0.76,2.13,Meghna_Bhairab Bazar
2018-01-22,0.0,23.7,10.96,0.92,76.91,0.75,2.03,Meghna_Bhairab Bazar
2018-01-23,0.0,23.11,11.83,1.16,74.91,0.75,2.09,Meghna_Bhairab Bazar
2018-01-24,0.0,23.56,13.2,0.99,73.19,0.74,2.23,Meghna_Bhairab Bazar
2018-01-25,0.0,23.81,12.51,0.96,74.16,0.74,1.6,Meghna_Bhairab Bazar
2018-01-26,0.0,23.03,10.91,1.31,71.32,0.74,2.61,Meghna_Bhairab Bazar
2018-01-27,0.0,21.4,11.64,1.17,72.52,0.73,2.0,Meghna_Bhairab Bazar
2018-01-28,0.0,20.18,9.48,1.39,69.59,0.73,1.99,Meghna_Bhairab Bazar
2018-01-29,0.0,20.82,10.6,1.0,61.55,0.72,2.0,Meghna_Bhairab Bazar
2018-01-30,0.0,21.54,9.87,0.97,63.29,0.72,1.86,Meghna_Bhairab Bazar
2018-01-31,0.0,22.56,9.26,1.09,72.15,0.71,1.76,Meghna_Bhairab Bazar
2018-02-01,0.0,23.14,11.09,1.09,79.59,0.71,1.9,Meghna_Bhairab Bazar
2018-02-02,0.0,23.65,13.03,1.03,79.4,0.71,2.1,Meghna_Bhairab Bazar
2018-02-03,0.0,24.21,13.12,1.18,81.02,0.7,2.19,Meghna_Bhairab Bazar
2018-02-04,0.0,25.03,13.08,1.73,86.09,0.7,2.16,Meghna_Bhairab Bazar
2018-02-05,0.0,25.58,13.83,1.13,85.12,0.69,2.66,Meghna_Bhairab Bazar
2018-02-06,0.0,25.35,15.3,1.27,83.28,0.69,2.6,Meghna_Bhairab Bazar
2018-02-07,0.0,25.37,14.33,1.49,78.53,0.68,2.78,Meghna_Bhairab Bazar
2018-02-08,0.0,25.43,15.47,1.61,77.8,0.68,2.18,Meghna_Bhairab Bazar
2018-02-09,0.0,25.93,14.25,1.54,75.96,0.67,2.79,Meghna_Bhairab Bazar
2018-02-10,0.17,26.08,16.02,0.95,71.93,0.67,2.0,Meghna_Bhairab Bazar
2018-02-11,0.0,26.04,14.94,1.18,63.66,0.66,2.61,Meghna_Bhairab Bazar
2018-02-12,0.0,26.51,13.58,1.29,64.83,0.66,3.07,Meghna_Bhairab Bazar
2018-02-13,0.0,27.63,14.05,1.19,67.08,0.65,3.09,Meghna_Bhairab Bazar
2018-02-14,0.0,26.69,15.99,1.34,72.47,0.65,2.68,Meghna_Bhairab Bazar
2018-02-15,0.0,26.46,16.24,1.25,69.15,0.64,3.11,Meghna_Bhairab Bazar
2018-02-16,0.0,26.43,13.8,1.34,66.79,0.64,2.99,Meghna_Bhairab Bazar
2018-02-17,0.0,26.3,13.14,1.1,60.39,0.63,2.69,Meghna_Bhairab Bazar
2018-02-18,0.0,26.94,14.44,0.85,57.81,0.62,2.6,Meghna_Bhairab Bazar
2018-02-19,0.0,27.89,15.13,0.87,57.74,0.62,2.74,Meghna_Bhairab Bazar
2018-02-20,0.0,28.07,14.94,1.05,66.83,0.61,2.52,Meghna_Bhairab Bazar
2018-02-21,0.0,28.63,16.39,0.92,63.89,0.61,2.81,Meghna_Bhairab Bazar
2018-02-22,0.0,28.83,16.5,0.82,60.69,0.6,2.8,Meghna_Bhairab Bazar
2018-02-23,0.11,29.91,17.83,1.22,68.93,0.6,2.63,Meghna_Bhairab Bazar
2018-02-24,1.48,30.19,18.42,1.27,73.96,0.6,2.76,Meghna_Bhairab Bazar
2018-02-25,0.79,30.5,17.14,1.37,74.18,0.59,2.77,Meghna_Bhairab Bazar
2018-02-26,25.34,28.58,18.2,1.31,75.81,0.61,2.34,Meghna_Bhairab Bazar
2018-02-27,1.46,28.99,17.93,0.91,71.82,0.62,3.26,Meghna_Bhairab Bazar
2018-02-28,0.21,29.36,17.2,0.91,69.68,0.61,3.31,Meghna_Bhairab Bazar
2018-03-01,0.0,29.5,19.5,1.1,63.44,0.6,3.13,Meghna_Bhairab Bazar
2018-03-02,0.0,30.1,18.15,1.15,65.32,0.6,2.88,Meghna_Bhairab Bazar
2018-03-03,0.01,31.01,17.92,2.52,74.85,0.59,3.08,Meghna_Bhairab Bazar
2018-03-04,0.02,31.8,18.93,2.29,79.89,0.58,2.99,Meghna_Bhairab Bazar
2018-03-05,0.0,31.5,19.11,1.54,76.83,0.58,2.7,Meghna_Bhairab Bazar
2018-03-06,0.0,32.7,19.48,1.46,60.88,0.57,2.85,Meghna_Bhairab Bazar
2018-03-07,0.0,31.85,20.81,1.11,47.61,0.57,3.0,Meghna_Bhairab Bazar
2018-03-08,0.0,31.02,15.48,1.38,51.63,0.56,3.04,Meghna_Bhairab Bazar
2018-03-09,0.0,31.95,18.75,1.33,51.75,0.55,2.5,Meghna_Bhairab Bazar
2018-03-10,0.0,31.96,17.63,1.15,49.21,0.55,2.58,Meghna_Bhairab Bazar
2018-03-11,0.0,32.14,17.67,1.1,46.14,0.54,2.48,Meghna_Bhairab Bazar
2018-03-12,0.0,32.94,16.83,1.83,60.43,0.54,2.41,Meghna_Bhairab Bazar
2018-03-13,0.27,31.38,19.12,1.41,72.09,0.53,1.97,Meghna_Bhairab Bazar
2018-03-14,0.0,31.84,18.22,1.38,72.88,0.53,2.19,Meghna_Bhairab Bazar
2018-03-15,0.01,32.68,19.24,2.0,74.43,0.52,2.12,Meghna_Bhairab Bazar
2018-03-16,0.79,31.85,20.88,2.53,76.12,0.52,1.51,Meghna_Bhairab Bazar
2018-03-17,0.51,32.76,20.07,2.08,72.43,0.52,2.02,Meghna_Bhairab Bazar
2018-03-18,0.22,32.78,19.74,1.28,63.72,0.51,2.06,Meghna_Bhairab Bazar
2018-03-19,0.0,33.84,19.82,1.1,62.3,0.51,2.1,Meghna_Bhairab Bazar
2018-03-20,0.0,34.1,19.6,1.02,48.55,0.5,2.06,Meghna_Bhairab Bazar
2018-03-21,0.0,34.38,18.08,1.1,48.66,0.5,1.99,Meghna_Bhairab Bazar
2018-03-22,0.0,34.6,19.28,1.16,58.62,0.49,1.67,Meghna_Bhairab Bazar
2018-03-23,0.0,34.03,19.98,1.82,65.43,0.49,1.49,Meghna_Bhairab Bazar
2018-03-24,0.0,34.06,20.61,1.37,66.65,0.48,1.51,Meghna_Bhairab Bazar
2018-03-25,0.97,34.31,22.0,1.03,61.6,0.48,1.56,Meghna_Bhairab Bazar
2018-03-26,5.42,34.18,23.56,1.39,63.7,0.48,1.55,Meghna_Bhairab Bazar
2018-03-27,12.66,32.22,22.11,1.07,72.47,0.5,1.66,Meghna_Bhairab Bazar
2018-03-28,3.84,32.96,21.48,1.35,73.24,0.5,1.48,Meghna_Bhairab Bazar
2018-03-29,4.5,32.78,22.19,1.96,73.31,0.5,1.59,Meghna_Bhairab Bazar
2018-03-30,1.67,33.94,21.06,1.88,72.05,0.5,1.6,Meghna_Bhairab Bazar
2018-03-31,26.36,28.73,20.48,1.4,77.73,0.52,0.97,Meghna_Bhairab Bazar
2018-04-01,0.32,32.31,19.42,0.94,60.48,0.53,1.51,Meghna_Bhairab Bazar
2018-04-02,0.0,31.68,20.63,1.18,61.91,0.52,1.39,Meghna_Bhairab Bazar
2018-04-03,0.04,32.84,21.01,0.67,61.83,0.52,1.78,Meghna_Bhairab Bazar
2018-04-04,0.34,34.39,20.68,0.92,60.07,0.51,2.35,Meghna_Bhairab Bazar
2018-04-05,0.16,32.32,21.41,1.66,69.17,0.51,1.38,Meghna_Bhairab Bazar
2018-04-06,11.19,30.91,20.78,0.98,71.2,0.52,1.74,Meghna_Bhairab Bazar
2018-04-07,3.04,31.66,21.71,1.0,70.16,0.52,1.41,Meghna_Bhairab Bazar
2018-04-08,3.32,28.51,23.16,1.1,82.73,0.52,0.56,Meghna_Bhairab Bazar
2018-04-09,3.58,31.15,21.43,1.4,76.66,0.52,1.6,Meghna_Bhairab Bazar
2018-04-10,3.9,31.87,22.32,1.45,74.06,0.52,1.86,Meghna_Bhairab Bazar
2018-04-11,4.47,32.45,21.77,1.79,73.78,0.52,2.01,Meghna_Bhairab Bazar
2018-04-12,3.36,33.86,21.92,1.56,68.9,0.52,2.31,Meghna_Bhairab Bazar
2018-04-13,3.37,33.85,22.43,1.54,69.0,0.52,2.3,Meghna_Bhairab Bazar
2018-04-14,9.12,33.87,22.79,1.88,72.69,0.52,2.18,Meghna_Bhairab Bazar
2018-04-15,5.5,35.14,22.51,1.3,68.87,0.52,2.82,Meghna_Bhairab Bazar
2018-04-16,1.49,35.86,23.57,0.85,65.06,0.52,2.69,Meghna_Bhairab Bazar
2018-04-17,10.64,33.63,23.54,1.09,68.6,0.52,1.89,Meghna_Bhairab Bazar
2018-04-18,6.74,33.4,22.75,1.82,72.3,0.53,2.52,Meghna_Bhairab Bazar
2018-04-19,23.42,31.88,23.21,2.54,82.9,0.55,2.24,Meghna_Bhairab Bazar
2018-04-20,22.51,32.52,23.01,2.92,83.38,0.57,3.01,Meghna_Bhairab Bazar
2018-04-21,52.63,31.72,24.26,3.29,87.03,0.62,2.66,Meghna_Bhairab Bazar
2018-04-22,32.54,31.51,24.59,2.29,87.47,0.66,3.39,Meghna_Bhairab Bazar
2018-04-23,6.79,31.78,23.46,1.25,81.68,0.67,4.97,Meghna_Bhairab Bazar
2018-04-24,7.78,32.75,23.46,0.81,74.55,0.66,5.88,Meghna_Bhairab Bazar
2018-04-25,2.29,32.74,22.38,1.44,78.71,0.66,5.28,Meghna_Bhairab Bazar
2018-04-26,24.67,31.06,22.5,0.82,78.18,0.67,4.09,Meghna_Bhairab Bazar
2018-04-27,16.86,27.88,23.17,0.97,83.2,0.69,1.41,Meghna_Bhairab Bazar
2018-04-28,4.18,30.95,21.13,1.26,80.61,0.69,4.66,Meghna_Bhairab Bazar
2018-04-29,48.43,29.25,23.08,2.33,87.85,0.72,2.61,Meghna_Bhairab Bazar
2018-04-30,34.26,29.68,21.88,2.02,89.92,0.75,2.68,Meghna_Bhairab Bazar
2018-05-01,23.9,30.28,22.63,1.24,86.09,0.78,3.35,Meghna_Bhairab Bazar
2018-05-02,3.73,30.37,22.9,1.33,85.51,0.78,3.26,Meghna_Bhairab Bazar
2018-05-03,8.92,30.12,23.05,1.27,85.25,0.78,3.62,Meghna_Bhairab Bazar
2018-05-04,16.15,29.95,23.16,1.93,87.61,0.78,3.11,Meghna_Bhairab Bazar
2018-05-05,40.92,30.73,23.64,2.58,88.88,0.81,3.2,Meghna_Bhairab Bazar
2018-05-06,26.82,31.34,24.12,3.43,88.81,0.82,3.94,Meghna_Bhairab Bazar
2018-05-07,31.39,31.26,25.06,3.65,89.67,0.85,3.32,Meghna_Bhairab Bazar
2018-05-08,21.82,31.96,25.23,3.21,88.67,0.85,3.37,Meghna_Bhairab Bazar
2018-05-09,22.43,31.32,24.93,3.37,90.39,0.86,3.0,Meghna_Bhairab Bazar
2018-05-10,39.61,31.15,23.73,1.8,90.24,0.88,2.69,Meghna_Bhairab Bazar
2018-05-11,24.91,30.26,23.98,1.47,88.14,0.9,2.68,Meghna_Bhairab Bazar
2018-05-12,12.02,29.8,23.93,1.24,84.63,0.9,2.43,Meghna_Bhairab Bazar
2018-05-13,3.43,30.7,23.99,1.52,83.35,0.89,3.24,Meghna_Bhairab Bazar
2018-05-14,7.71,29.53,24.21,1.85,89.51,0.88,2.0,Meghna_Bhairab Bazar
2018-05-15,27.72,30.09,23.87,2.2,88.14,0.89,2.49,Meghna_Bhairab Bazar
2018-05-16,37.71,29.31,23.04,1.44,88.98,0.92,2.52,Meghna_Bhairab Bazar
2018-05-17,54.73,30.39,23.34,1.88,88.63,0.93,2.47,Meghna_Bhairab Bazar
2018-05-18,57.59,30.65,24.0,2.0,88.61,0.96,2.28,Meghna_Bhairab Bazar
2018-05-19,22.88,30.81,24.37,2.22,88.46,0.95,2.45,Meghna_Bhairab Bazar
2018-05-20,25.85,31.23,24.35,2.25,88.12,0.95,2.54,Meghna_Bhairab Bazar
2018-05-21,26.26,30.87,24.73,2.21,89.27,0.96,2.37,Meghna_Bhairab Bazar
2018-05-22,7.1,30.69,25.15,2.31,88.54,0.95,2.46,Meghna_Bhairab Bazar
2018-05-23,27.82,29.68,24.93,2.02,91.2,0.94,1.31,Meghna_Bhairab Bazar
2018-05-24,8.68,29.4,24.9,2.05,92.23,0.95,1.1,Meghna_Bhairab Bazar
2018-05-25,14.78,30.03,25.23,2.57,92.56,0.95,0.95,Meghna_Bhairab Bazar
2018-05-26,17.92,30.59,26.13,2.24,92.16,0.95,1.13,Meghna_Bhairab Bazar
2018-05-27,1.98,30.55,25.76,1.51,90.11,0.95,1.65,Meghna_Bhairab Bazar
2018-05-28,4.41,31.42,25.22,1.48,87.8,0.95,2.31,Meghna_Bhairab Bazar
2018-05-29,23.88,33.47,25.48,0.92,79.32,0.95,4.21,Meghna_Bhairab Bazar
2018-05-30,11.16,33.22,24.76,1.26,80.54,0.94,4.43,Meghna_Bhairab Bazar
2018-05-31,51.12,30.77,25.99,2.45,91.19,0.96,1.69,Meghna_Bhairab Bazar
2018-06-01,11.79,29.38,25.27,1.58,90.71,0.96,1.12,Meghna_Bhairab Bazar
2018-06-02,15.9,30.45,24.54,1.21,90.11,0.96,1.68,Meghna_Bhairab Bazar
2018-06-03,11.59,31.62,25.03,1.78,88.26,0.96,2.4,Meghna_Bhairab Bazar
2018-06-04,18.23,30.78,25.6,1.5,90.91,0.96,1.19,Meghna_Bhairab Bazar
2018-06-05,22.67,30.13,25.17,1.82,90.67,0.96,1.45,Meghna_Bhairab Bazar
2018-06-06,22.06,31.2,24.87,1.05,87.2,0.96,2.13,Meghna_Bhairab Bazar
2018-06-07,9.46,30.37,26.03,1.2,86.48,0.96,1.32,Meghna_Bhairab Bazar
2018-06-08,15.86,31.18,25.59,1.1,87.58,0.96,1.5,Meghna_Bhairab Bazar
2018-06-09,7.14,30.79,26.43,2.1,90.88,0.96,0.79,Meghna_Bhairab Bazar
2018-06-10,30.08,31.56,25.46,2.68,90.93,0.96,1.52,Meghna_Bhairab Bazar
2018-06-11,43.8,29.97,26.33,2.9,93.53,0.97,0.56,Meghna_Bhairab Bazar
2018-06-12,53.78,29.82,26.42,3.13,94.74,0.98,0.38,Meghna_Bhairab Bazar
2018-06-13,32.54,29.64,26.48,3.0,94.05,0.99,0.54,Meghna_Bhairab Bazar
2018-06-14,25.1,31.12,26.43,3.22,93.38,0.99,0.79,Meghna_Bhairab Bazar
2018-06-15,75.43,30.01,26.14,3.57,93.93,1.0,0.56,Meghna_Bhairab Bazar
2018-06-16,35.14,29.88,25.05,3.0,93.79,1.0,0.61,Meghna_Bhairab Bazar
2018-06-17,10.24,32.58,25.54,2.69,90.28,0.99,1.43,Meghna_Bhairab Bazar
2018-06-18,18.04,32.39,25.71,2.17,89.13,0.98,1.97,Meghna_Bhairab Bazar
2018-06-19,33.66,32.37,26.08,2.08,89.4,0.98,1.93,Meghna_Bhairab Bazar
2018-06-20,6.06,31.4,25.71,1.96,91.12,0.98,1.67,Meghna_Bhairab Bazar
2018-06-21,3.31,30.83,26.72,1.93,90.72,0.97,1.32,Meghna_Bhairab Bazar
2018-06-22,10.79,30.89,26.16,2.2,90.43,0.97,1.46,Meghna_Bhairab Bazar
2018-06-23,17.37,30.59,26.41,2.38,91.66,0.97,1.4,Meghna_Bhairab Bazar
2018-06-24,17.65,30.19,25.66,2.59,92.18,0.97,1.07,Meghna_Bhairab Bazar
2018-06-25,17.3,31.68,26.19,2.57,90.47,0.97,1.95,Meghna_Bhairab Bazar
2018-06-26,5.46,31.3,25.62,2.62,90.46,0.96,1.99,Meghna_Bhairab Bazar
2018-06-27,8.26,31.95,25.27,3.24,90.14,0.96,2.06,Meghna_Bhairab Bazar
2018-06-28,2.23,31.65,25.57,2.62,91.19,0.95,1.93,Meghna_Bhairab Bazar
2018-06-29,2.06,30.98,24.89,2.55,89.39,0.95,2.56,Meghna_Bhairab Bazar
2018-06-30,2.19,30.8,25.81,2.93,90.29,0.94,2.0,Meghna_Bhairab Bazar
2018-07-01,8.23,30.08,25.86,2.73,92.45,0.94,1.11,Meghna_Bhairab Bazar
2018-07-02,12.48,31.67,25.98,3.55,90.75,0.94,2.38,Meghna_Bhairab Bazar
2018-07-03,41.08,29.64,26.3,3.5,93.48,0.95,1.06,Meghna_Bhairab Bazar
2018-07-04,37.05,30.43,25.83,3.49,92.23,0.95,1.55,Meghna_Bhairab Bazar
2018-07-05,10.76,31.91,25.43,2.15,88.09,0.96,2.94,Meghna_Bhairab Bazar
2018-07-06,3.28,32.38,26.1,1.94,87.67,0.95,3.43,Meghna_Bhairab Bazar
2018-07-07,0.35,33.32,25.94,1.57,86.11,0.94,4.24,Meghna_Bhairab Bazar
2018-07-08,4.59,31.92,26.14,2.95,89.42,0.93,2.95,Meghna_Bhairab Bazar
2018-07-09,2.02,32.56,25.81,2.67,89.36,0.92,3.25,Meghna_Bhairab Bazar
2018-07-10,2.42,31.23,26.02,2.18,91.56,0.92,1.56,Meghna_Bhairab Bazar
2018-07-11,1.21,32.59,26.25,1.95,88.79,0.91,3.36,Meghna_Bhairab Bazar
2018-07-12,4.12,30.72,26.3,1.7,90.95,0.91,1.35,Meghna_Bhairab Bazar
2018-07-13,8.4,32.65,26.33,1.4,86.61,0.91,3.18,Meghna_Bhairab Bazar
2018-07-14,14.24,33.48,26.84,1.19,84.23,0.91,3.89,Meghna_Bhairab Bazar
2018-07-15,4.78,32.96,26.32,2.33,87.56,0.91,3.71,Meghna_Bhairab Bazar
2018-07-16,7.51,32.79,26.32,3.11,88.77,0.9,3.57,Meghna_Bhairab Bazar
2018-07-17,3.57,32.59,26.1,2.91,88.64,0.9,3.66,Meghna_Bhairab Bazar
2018-07-18,6.0,33.81,26.0,1.64,85.94,0.89,4.53,Meghna_Bhairab Bazar
2018-07-19,0.02,34.63,27.0,0.86,83.1,0.88,4.78,Meghna_Bhairab Bazar
2018-07-20,4.6,33.34,26.63,2.06,88.16,0.88,2.75,Meghna_Bhairab Bazar
2018-07-21,24.39,31.48,25.79,3.08,90.34,0.89,2.5,Meghna_Bhairab Bazar
2018-07-22,16.07,30.54,25.79,3.13,91.91,0.9,1.67,Meghna_Bhairab Bazar
2018-07-23,34.12,31.15,25.32,2.78,91.57,0.91,1.81,Meghna_Bhairab Bazar
2018-07-24,30.15,29.66,25.98,1.93,94.07,0.92,0.69,Meghna_Bhairab Bazar
2018-07-25,13.17,30.87,26.26,2.26,90.12,0.92,2.34,Meghna_Bhairab Bazar
2018-07-26,17.13,30.72,25.33,2.93,90.85,0.92,2.48,Meghna_Bhairab Bazar
2018-07-27,13.5,32.35,25.74,2.97,89.48,0.92,3.05,Meghna_Bhairab Bazar
2018-07-28,11.63,30.57,25.56,2.63,90.43,0.92,2.48,Meghna_Bhairab Bazar
2018-07-29,6.62,31.58,25.87,2.64,90.38,0.92,2.63,Meghna_Bhairab Bazar
2018-07-30,3.08,30.03,25.7,2.32,90.94,0.91,1.71,Meghna_Bhairab Bazar
2018-07-31,5.98,29.44,25.4,1.86,91.69,0.91,1.31,Meghna_Bhairab Bazar
2018-08-01,11.4,31.66,25.2,3.42,90.95,0.91,2.82,Meghna_Bhairab Bazar
2018-08-02,11.62,30.47,25.03,3.42,91.63,0.91,1.98,Meghna_Bhairab Bazar
2018-08-03,14.04,31.28,25.42,2.89,89.29,0.91,2.86,Meghna_Bhairab Bazar
2018-08-04,7.21,31.93,25.52,2.32,89.29,0.91,3.24,Meghna_Bhairab Bazar
2018-08-05,5.64,32.44,26.24,1.65,87.67,0.9,3.67,Meghna_Bhairab Bazar
2018-08-06,6.04,31.42,25.29,1.43,85.78,0.9,2.97,Meghna_Bhairab Bazar
2018-08-07,1.82,31.55,26.27,1.52,88.66,0.9,2.92,Meghna_Bhairab Bazar
2018-08-08,2.41,31.88,25.68,1.45,88.41,0.89,3.37,Meghna_Bhairab Bazar
2018-08-09,0.99,31.76,25.65,1.54,87.51,0.89,3.89,Meghna_Bhairab Bazar
2018-08-10,5.52,32.71,25.73,1.33,86.84,0.88,4.51,Meghna_Bhairab Bazar
2018-08-11,16.6,30.78,26.39,2.16,91.17,0.89,2.05,Meghna_Bhairab Bazar
2018-08-12,16.33,31.46,26.05,1.21,87.4,0.89,2.21,Meghna_Bhairab Bazar
2018-08-13,4.67,30.2,26.11,1.43,88.95,0.9,1.86,Meghna_Bhairab Bazar
2018-08-14,6.2,30.71,26.15,1.18,87.37,0.89,1.7,Meghna_Bhairab Bazar
2018-08-15,12.5,32.08,26.56,1.7,89.72,0.89,2.37,Meghna_Bhairab Bazar
2018-08-16,11.63,32.32,26.25,1.66,87.42,0.89,4.43,Meghna_Bhairab Bazar
2018-08-17,31.73,30.39,26.28,1.01,89.34,0.9,1.57,Meghna_Bhairab Bazar
2018-08-18,35.44,32.57,26.05,0.87,87.03,0.93,2.78,Meghna_Bhairab Bazar
2018-08-19,14.28,31.88,26.92,1.72,88.38,0.93,3.03,Meghna_Bhairab Bazar
2018-08-20,9.44,33.12,26.56,1.79,87.78,0.92,3.89,Meghna_Bhairab Bazar
2018-08-21,10.37,31.55,26.21,2.62,92.24,0.92,2.12,Meghna_Bhairab Bazar
2018-08-22,4.65,31.98,26.0,2.52,90.36,0.92,3.18,Meghna_Bhairab Bazar
2018-08-23,4.36,32.26,26.15,2.29,91.04,0.91,2.87,Meghna_Bhairab Bazar
2018-08-24,6.1,30.5,26.56,2.1,91.83,0.91,1.49,Meghna_Bhairab Bazar
2018-08-25,25.2,32.11,25.8,1.76,89.58,0.91,2.66,Meghna_Bhairab Bazar
2018-08-26,8.42,32.43,25.0,1.55,83.96,0.92,3.65,Meghna_Bhairab Bazar
2018-08-27,1.38,30.41,26.26,2.17,90.24,0.91,1.91,Meghna_Bhairab Bazar
2018-08-28,10.77,30.89,25.3,2.13,91.8,0.91,2.24,Meghna_Bhairab Bazar
2018-08-29,5.13,31.41,25.63,2.36,90.34,0.91,2.96,Meghna_Bhairab Bazar
2018-08-30,1.96,31.76,25.33,2.21,89.86,0.9,4.05,Meghna_Bhairab Bazar
2018-08-31,2.88,32.37,25.33,1.93,88.95,0.9,4.26,Meghna_Bhairab Bazar
2018-09-01,12.75,30.25,26.09,2.03,92.23,0.9,1.6,Meghna_Bhairab Bazar
2018-09-02,4.54,31.09,25.04,2.7,89.64,0.9,4.19,Meghna_Bhairab Bazar
2018-09-03,6.54,31.92,25.41,2.22,89.92,0.89,3.7,Meghna_Bhairab Bazar
2018-09-04,7.27,32.46,25.51,1.38,86.4,0.89,5.82,Meghna_Bhairab Bazar
2018-09-05,15.25,32.28,25.69,1.89,88.29,0.89,4.21,Meghna_Bhairab Bazar
2018-09-06,4.14,31.04,24.54,2.5,88.77,0.89,4.45,Meghna_Bhairab Bazar
2018-09-07,1.64,31.49,24.86,2.49,88.1,0.88,5.21,Meghna_Bhairab Bazar
2018-09-08,2.99,31.78,24.25,1.68,87.42,0.87,5.35,Meghna_Bhairab Bazar
2018-09-09,0.62,30.11,25.43,1.73,90.19,0.87,2.98,Meghna_Bhairab Bazar
2018-09-10,3.52,31.24,25.3,2.16,88.31,0.87,4.43,Meghna_Bhairab Bazar
2018-09-11,5.95,30.73,25.27,2.39,89.81,0.86,3.42,Meghna_Bhairab Bazar
2018-09-12,19.49,29.88,25.72,2.33,91.75,0.87,2.02,Meghna_Bhairab Bazar
2018-09-13,8.17,30.48,25.65,1.91,90.78,0.87,2.4,Meghna_Bhairab Bazar
2018-09-14,6.99,30.04,25.42,1.6,90.62,0.88,1.87,Meghna_Bhairab Bazar
2018-09-15,1.15,31.96,24.71,0.83,83.88,0.87,4.79,Meghna_Bhairab Bazar
2018-09-16,0.24,31.42,25.56,0.65,81.66,0.86,4.75,Meghna_Bhairab Bazar
2018-09-17,0.43,33.41,25.27,0.89,83.17,0.86,6.47,Meghna_Bhairab Bazar
2018-09-18,0.41,32.35,25.67,1.11,84.72,0.85,5.11,Meghna_Bhairab Bazar
2018-09-19,1.78,31.51,25.76,0.92,87.33,0.84,2.93,Meghna_Bhairab Bazar
2018-09-20,13.33,30.19,26.18,1.02,89.09,0.85,1.68,Meghna_Bhairab Bazar
2018-09-21,5.17,31.65,24.6,1.48,87.76,0.85,4.72,Meghna_Bhairab Bazar
2018-09-22,0.43,32.26,25.57,0.69,83.86,0.85,6.52,Meghna_Bhairab Bazar
2018-09-23,1.04,31.66,25.41,0.93,82.67,0.83,6.09,Meghna_Bhairab Bazar
2018-09-24,1.13,30.64,25.8,1.04,85.53,0.83,3.56,Meghna_Bhairab Bazar
2018-09-25,13.6,30.51,25.12,1.75,89.67,0.83,3.01,Meghna_Bhairab Bazar
2018-09-26,13.19,31.32,25.36,1.26,87.47,0.84,4.48,Meghna_Bhairab Bazar
2018-09-27,23.37,32.14,24.46,0.91,82.1,0.85,5.81,Meghna_Bhairab Bazar
2018-09-28,29.67,32.13,26.08,0.47,77.66,0.87,4.44,Meghna_Bhairab Bazar
2018-09-29,0.59,31.78,25.44,0.51,80.24,0.87,4.54,Meghna_Bhairab Bazar
2018-09-30,0.33,32.67,25.49,0.82,77.55,0.86,6.93,Meghna_Bhairab Bazar
2018-10-01,0.95,32.36,26.1,0.78,76.3,0.85,6.9,Meghna_Bhairab Bazar
2018-10-02,0.1,32.31,25.35,0.79,71.19,0.84,8.34,Meghna_Bhairab Bazar
2018-10-03,0.05,31.62,23.18,0.85,77.29,0.83,7.03,Meghna_Bhairab Bazar
2018-10-04,0.88,32.07,23.44,0.64,77.02,0.82,8.31,Meghna_Bhairab Bazar
2018-10-05,0.88,31.79,23.14,0.76,79.21,0.82,7.5,Meghna_Bhairab Bazar
2018-10-06,3.63,31.34,24.68,0.65,74.84,0.81,6.36,Meghna_Bhairab Bazar
2018-10-07,0.94,31.21,24.51,0.67,76.79,0.8,7.18,Meghna_Bhairab Bazar
2018-10-08,0.0,31.13,21.62,0.76,78.06,0.8,7.57,Meghna_Bhairab Bazar
2018-10-09,0.17,30.29,22.65,0.9,81.39,0.79,6.92,Meghna_Bhairab Bazar
2018-10-10,4.02,28.26,23.32,1.4,89.52,0.78,2.68,Meghna_Bhairab Bazar
2018-10-11,16.9,24.96,22.81,1.91,94.05,0.79,0.69,Meghna_Bhairab Bazar
2018-10-12,2.1,28.43,22.06,1.91,90.83,0.8,3.52,Meghna_Bhairab Bazar
2018-10-13,11.76,25.44,22.43,1.38,94.14,0.8,0.79,Meghna_Bhairab Bazar
2018-10-14,10.94,29.24,23.12,1.23,89.06,0.81,3.08,Meghna_Bhairab Bazar
2018-10-15,0.24,29.92,21.44,0.91,77.11,0.8,6.65,Meghna_Bhairab Bazar
2018-10-16,0.5,29.12,20.08,1.05,76.85,0.8,6.53,Meghna_Bhairab Bazar
2018-10-17,0.0,28.91,19.82,0.85,70.61,0.79,6.94,Meghna_Bhairab Bazar
2018-10-18,0.64,29.88,19.14,0.74,74.78,0.78,6.79,Meghna_Bhairab Bazar
2018-10-19,1.06,29.99,19.84,0.81,76.57,0.78,6.19,Meghna_Bhairab Bazar
2018-10-20,0.0,29.88,20.91,1.04,77.56,0.77,6.11,Meghna_Bhairab Bazar
2018-10-21,0.0,30.12,21.33,1.11,76.94,0.76,6.25,Meghna_Bhairab Bazar
2018-10-22,0.0,30.39,21.45,0.81,73.74,0.75,7.43,Meghna_Bhairab Bazar
2018-10-23,0.0,29.75,21.67,0.93,77.16,0.74,6.64,Meghna_Bhairab Bazar
2018-10-24,0.0,29.46,20.52,1.24,78.57,0.74,6.3,Meghna_Bhairab Bazar
2018-10-25,0.0,29.31,19.35,1.15,76.41,0.73,6.39,Meghna_Bhairab Bazar
2018-10-26,0.0,29.75,18.68,0.83,74.04,0.72,7.19,Meghna_Bhairab Bazar
2018-10-27,2.12,29.43,20.41,0.81,73.25,0.71,6.64,Meghna_Bhairab Bazar
2018-10-28,20.49,27.78,20.78,1.33,84.32,0.73,2.12,Meghna_Bhairab Bazar
2018-10-29,0.94,26.08,20.76,1.04,88.65,0.73,2.74,Meghna_Bhairab Bazar
2018-10-30,0.03,25.4,20.13,1.1,91.86,0.73,1.55,Meghna_Bhairab Bazar
2018-10-31,0.06,27.24,19.92,1.3,90.25,0.72,3.0,Meghna_Bhairab Bazar
2018-11-01,0.0,29.88,20.3,1.02,79.96,0.72,6.34,Meghna_Bhairab Bazar
2018-11-02,0.05,29.45,21.27,0.79,78.97,0.71,6.73,Meghna_Bhairab Bazar
2018-11-03,2.32,28.77,20.82,1.05,80.33,0.7,4.97,Meghna_Bhairab Bazar
2018-11-04,1.82,28.67,19.83,1.26,85.38,0.7,4.42,Meghna_Bhairab Bazar
2018-11-05,2.15,28.82,19.53,1.53,86.73,0.7,4.13,Meghna_Bhairab Bazar
2018-11-06,16.93,28.12,21.41,1.39,87.15,0.7,2.56,Meghna_Bhairab Bazar
2018-11-07,0.13,27.61,19.54,1.45,79.68,0.71,4.14,Meghna_Bhairab Bazar
2018-11-08,0.0,27.94,17.18,1.17,77.67,0.7,5.1,Meghna_Bhairab Bazar
2018-11-09,0.0,26.91,18.24,0.62,64.94,0.69,5.49,Meghna_Bhairab Bazar
2018-11-10,0.0,27.23,16.93,0.55,63.67,0.69,5.76,Meghna_Bhairab Bazar
2018-11-11,0.0,27.11,17.57,0.84,69.53,0.68,4.95,Meghna_Bhairab Bazar
2018-11-12,0.0,27.1,17.63,0.68,72.61,0.68,4.91,Meghna_Bhairab Bazar
2018-11-13,0.0,27.33,16.99,0.96,73.59,0.67,4.83,Meghna_Bhairab Bazar
2018-11-14,0.0,27.66,16.39,0.91,72.04,0.66,4.48,Meghna_Bhairab Bazar
2018-11-15,0.0,28.58,17.0,0.84,74.74,0.66,3.8,Meghna_Bhairab Bazar
2018-11-16,0.0,28.35,17.6,1.0,73.92,0.66,3.39,Meghna_Bhairab Bazar
2018-11-17,0.01,27.68,17.71,1.26,76.23,0.65,3.21,Meghna_Bhairab Bazar
2018-11-18,0.01,27.1,17.0,1.05,78.31,0.65,3.29,Meghna_Bhairab Bazar
2018-11-19,0.0,26.3,15.51,1.05,70.86,0.64,3.57,Meghna_Bhairab Bazar
2018-11-20,0.0,25.7,15.54,0.94,69.31,0.64,3.03,Meghna_Bhairab Bazar
2018-11-21,0.0,26.38,15.42,1.22,74.27,0.63,3.06,Meghna_Bhairab Bazar
2018-11-22,0.0,27.02,16.35,0.85,70.1,0.63,3.17,Meghna_Bhairab Bazar
2018-11-23,0.0,26.75,16.11,0.77,71.47,0.62,3.28,Meghna_Bhairab Bazar
2018-11-24,0.0,26.72,15.62,0.99,72.88,0.62,3.33,Meghna_Bhairab Bazar
2018-11-25,0.0,27.18,15.57,1.09,72.67,0.61,3.28,Meghna_Bhairab Bazar
2018-11-26,0.0,27.37,14.81,0.93,74.34,0.61,3.23,Meghna_Bhairab Bazar
2018-11-27,0.0,27.91,16.61,1.02,74.61,0.61,3.17,Meghna_Bhairab Bazar
2018-11-28,0.0,27.64,15.61,1.14,77.76,0.6,3.04,Meghna_Bhairab Bazar
2018-11-29,0.0,27.53,16.29,0.78,67.39,0.6,3.22,Meghna_Bhairab Bazar
2018-11-30,0.0,26.59,15.72,0.99,65.62,0.59,2.81,Meghna_Bhairab Bazar
2018-12-01,0.0,26.3,15.32,0.84,62.96,0.59,2.59,Meghna_Bhairab Bazar
2018-12-02,0.0,26.24,14.93,0.93,63.45,0.59,2.41,Meghna_Bhairab Bazar
2018-12-03,0.0,25.9,16.76,0.94,64.89,0.58,2.35,Meghna_Bhairab Bazar
2018-12-04,0.0,26.43,15.06,1.03,67.41,0.58,2.34,Meghna_Bhairab Bazar
2018-12-05,0.0,26.47,16.11,0.89,69.7,0.57,2.08,Meghna_Bhairab Bazar
2018-12-06,0.0,25.35,17.31,0.58,69.41,0.57,1.3,Meghna_Bhairab Bazar
2018-12-07,0.0,26.01,14.09,1.12,74.19,0.57,1.96,Meghna_Bhairab Bazar
2018-12-08,0.0,25.66,13.71,1.16,71.41,0.57,1.84,Meghna_Bhairab Bazar
2018-12-09,0.0,26.08,15.16,0.69,65.77,0.56,2.09,Meghna_Bhairab Bazar
2018-12-10,0.0,26.48,14.28,0.93,62.67,0.56,1.99,Meghna_Bhairab Bazar
2018-12-11,0.0,27.36,15.09,0.78,63.83,0.55,1.92,Meghna_Bhairab Bazar
2018-12-12,0.0,27.12,14.45,0.73,66.36,0.55,1.78,Meghna_Bhairab Bazar
2018-12-13,0.0,27.74,13.78,1.15,71.11,0.55,1.67,Meghna_Bhairab Bazar
2018-12-14,0.0,26.51,15.4,1.2,71.81,0.54,1.51,Meghna_Bhairab Bazar
2018-12-15,0.0,26.17,14.52,1.19,67.06,0.54,1.28,Meghna_Bhairab Bazar
2018-12-16,0.0,26.7,15.56,1.05,63.19,0.54,1.02,Meghna_Bhairab Bazar
2018-12-17,8.07,24.88,17.61,1.34,75.19,0.54,0.82,Meghna_Bhairab Bazar
2018-12-18,25.81,24.4,17.62,2.06,90.52,0.57,0.66,Meghna_Bhairab Bazar
2018-12-19,0.87,24.5,14.05,1.95,82.93,0.59,1.78,Meghna_Bhairab Bazar
2018-12-20,0.0,24.09,12.47,0.91,78.97,0.58,1.83,Meghna_Bhairab Bazar
2018-12-21,0.0,23.66,12.58,0.72,77.25,0.57,1.65,Meghna_Bhairab Bazar
2018-12-22,0.0,24.18,11.79,1.22,73.72,0.57,1.63,Meghna_Bhairab Bazar
2018-12-23,0.0,24.62,12.75,0.97,68.08,0.57,1.74,Meghna_Bhairab Bazar
2018-12-24,0.0,24.22,12.46,0.92,64.85,0.56,1.61,Meghna_Bhairab Bazar
2018-12-25,0.0,23.83,12.63,1.03,68.91,0.56,1.35,Meghna_Bhairab Bazar
2018-12-26,0.0,23.17,10.67,1.23,73.71,0.55,1.26,Meghna_Bhairab Bazar
2018-12-27,0.0,22.87,10.75,1.14,68.11,0.55,1.18,Meghna_Bhairab Bazar
2018-12-28,0.0,22.81,10.52,1.31,59.76,0.55,1.01,Meghna_Bhairab Bazar
2018-12-29,0.0,22.11,8.27,1.31,56.79,0.55,0.86,Meghna_Bhairab Bazar
2018-12-30,0.0,24.89,8.75,1.66,69.9,0.54,1.21,Meghna_Bhairab Bazar
2018-12-31,0.0,25.87,9.75,1.36,71.16,0.54,1.38,Meghna_Bhairab Bazar
2019-01-01,0.0,26.16,11.97,1.21,65.8,0.54,1.42,Meghna_Bhairab Bazar
2019-01-02,0.0,25.22,12.8,1.05,64.72,0.54,1.35,Meghna_Bhairab Bazar
2019-01-03,0.0,25.35,11.45,1.21,65.04,0.53,1.17,Meghna_Bhairab Bazar
2019-01-04,0.0,24.08,11.34,1.17,64.85,0.53,0.99,Meghna_Bhairab Bazar
2019-01-05,0.0,24.8,9.74,1.37,68.41,0.53,1.09,Meghna_Bhairab Bazar
2019-01-06,0.0,25.98,10.84,1.14,62.61,0.52,1.24,Meghna_Bhairab Bazar
2019-01-07,0.0,26.72,12.18,0.99,56.58,0.52,1.25,Meghna_Bhairab Bazar
2019-01-08,0.0,26.62,14.3,1.16,56.94,0.52,1.05,Meghna_Bhairab Bazar
2019-01-09,0.0,26.03,14.23,1.13,59.71,0.52,0.94,Meghna_Bhairab Bazar
2019-01-10,0.0,24.52,13.47,1.2,62.3,0.51,0.84,Meghna_Bhairab Bazar
2019-01-11,0.0,24.67,10.99,1.11,60.81,0.51,0.88,Meghna_Bhairab Bazar
2019-01-12,0.0,25.34,11.29,1.07,56.45,0.51,0.97,Meghna_Bhairab Bazar
2019-01-13,0.0,26.12,12.02,0.99,54.64,0.51,1.02,Meghna_Bhairab Bazar
2019-01-14,0.0,26.26,13.32,1.03,57.5,0.5,0.89,Meghna_Bhairab Bazar
2019-01-15,0.0,25.36,11.34,1.59,61.49,0.5,0.73,Meghna_Bhairab Bazar
2019-01-16,0.0,25.48,10.49,1.07,57.84,0.5,0.87,Meghna_Bhairab Bazar
2019-01-17,0.0,26.97,11.69,1.23,61.89,0.5,0.93,Meghna_Bhairab Bazar
2019-01-18,0.0,25.63,10.74,0.95,58.39,0.49,0.73,Meghna_Bhairab Bazar
2019-01-19,0.0,25.38,12.74,1.11,56.95,0.49,0.66,Meghna_Bhairab Bazar
2019-01-20,0.0,25.62,12.63,1.12,62.63,0.49,0.69,Meghna_Bhairab Bazar
2019-01-21,0.0,26.85,12.89,1.23,61.26,0.49,0.79,Meghna_Bhairab Bazar
2019-01-22,0.0,27.85,12.91,1.19,58.05,0.48,0.88,Meghna_Bhairab Bazar
2019-01-23,0.0,27.96,12.92,1.23,62.49,0.48,0.86,Meghna_Bhairab Bazar
2019-01-24,0.0,28.82,12.68,1.42,62.01,0.48,0.79,Meghna_Bhairab Bazar
2019-01-25,0.0,29.13,13.71,1.43,58.64,0.48,0.75,Meghna_Bhairab Bazar
2019-01-26,0.0,30.14,14.1,1.22,58.4,0.47,0.82,Meghna_Bhairab Bazar
2019-01-27,0.0,29.35,15.96,0.97,56.82,0.47,0.77,Meghna_Bhairab Bazar
2019-01-28,0.0,28.05,16.61,1.37,57.05,0.47,0.58,Meghna_Bhairab Bazar
2019-01-29,0.0,25.82,14.03,2.47,57.67,0.47,0.61,Meghna_Bhairab Bazar
2019-01-30,0.0,24.77,8.91,1.48,49.93,0.46,0.58,Meghna_Bhairab Bazar
2019-01-31,0.0,27.8,9.55,1.08,50.95,0.46,0.66,Meghna_Bhairab Bazar
2019-02-01,0.0,29.2,12.58,1.2,46.06,0.46,0.68,Meghna_Bhairab Bazar
2019-02-02,0.0,28.17,11.68,1.15,50.46,0.46,0.64,Meghna_Bhairab Bazar
2019-02-03,0.0,28.05,14.83,1.13,47.73,0.45,0.58,Meghna_Bhairab Bazar
2019-02-04,0.0,28.07,12.54,1.64,48.17,0.45,0.56,Meghna_Bhairab Bazar
2019-02-05,0.0,28.32,12.22,1.41,42.72,0.45,0.55,Meghna_Bhairab Bazar
2019-02-06,0.0,27.51,13.13,1.14,40.49,0.45,0.51,Meghna_Bhairab Bazar
2019-02-07,0.0,29.04,12.73,1.28,46.86,0.44,0.51,Meghna_Bhairab Bazar
2019-02-08,0.0,29.79,14.62,1.35,51.96,0.44,0.49,Meghna_Bhairab Bazar
2019-02-09,0.14,30.06,16.35,2.48,61.63,0.44,0.52,Meghna_Bhairab Bazar
2019-02-10,0.0,27.48,13.23,2.08,57.92,0.44,0.49,Meghna_Bhairab Bazar
2019-02-11,0.0,27.13,10.31,1.33,46.08,0.43,0.47,Meghna_Bhairab Bazar
2019-02-12,0.0,28.51,12.7,1.14,45.66,0.43,0.48,Meghna_Bhairab Bazar
2019-02-13,0.0,29.75,15.98,1.1,42.78,0.43,0.48,Meghna_Bhairab Bazar
2019-02-14,0.0,30.95,17.56,1.09,42.35,0.43,0.44,Meghna_Bhairab Bazar
2019-02-15,0.0,31.78,17.09,1.34,44.08,0.43,0.43,Meghna_Bhairab Bazar
2019-02-16,0.03,30.93,17.56,1.62,52.65,0.42,0.38,Meghna_Bhairab Bazar
2019-02-17,12.97,25.73,16.59,1.54,72.03,0.43,0.23,Meghna_Bhairab Bazar
2019-02-18,0.02,26.17,13.39,1.14,56.22,0.44,0.38,Meghna_Bhairab Bazar
2019-02-19,0.0,29.71,14.01,1.46,63.09,0.44,0.51,Meghna_Bhairab Bazar
2019-02-20,0.0,30.41,15.23,1.58,65.95,0.43,0.46,Meghna_Bhairab Bazar
2019-02-21,0.0,30.92,15.87,1.54,57.32,0.43,0.51,Meghna_Bhairab Bazar
2019-02-22,0.0,30.74,16.06,1.28,50.62,0.43,0.46,Meghna_Bhairab Bazar
2019-02-23,0.0,31.57,17.21,1.97,66.9,0.43,0.46,Meghna_Bhairab Bazar
2019-02-24,0.11,31.88,17.86,1.33,58.12,0.42,0.47,Meghna_Bhairab Bazar
2019-02-25,8.7,28.95,18.14,1.22,67.8,0.43,0.38,Meghna_Bhairab Bazar
2019-02-26,20.6,26.82,18.07,1.32,78.23,0.47,0.5,Meghna_Bhairab Bazar
2019-02-27,17.09,26.55,17.71,1.7,81.34,0.47,0.45,Meghna_Bhairab Bazar
2019-02-28,26.42,27.28,17.2,2.08,82.41,0.51,0.8,Meghna_Bhairab Bazar
2019-03-01,0.86,26.69,13.82,1.66,62.03,0.53,1.67,Meghna_Bhairab Bazar
2019-03-02,0.0,27.17,10.13,1.75,48.81,0.52,1.59,Meghna_Bhairab Bazar
2019-03-03,0.0,28.59,14.75,1.36,44.34,0.51,1.49,Meghna_Bhairab Bazar
2019-03-04,0.02,26.76,16.59,1.51,58.88,0.5,0.87,Meghna_Bhairab Bazar
2019-03-05,8.95,27.28,17.76,1.51,85.65,0.51,0.37,Meghna_Bhairab Bazar
2019-03-06,0.17,29.74,18.51,1.14,68.89,0.51,1.51,Meghna_Bhairab Bazar
2019-03-07,0.17,29.93,18.5,1.05,56.64,0.51,1.56,Meghna_Bhairab Bazar
2019-03-08,0.0,29.85,17.41,1.57,46.4,0.5,1.54,Meghna_Bhairab Bazar
2019-03-09,0.0,30.03,15.49,1.42,45.83,0.5,1.46,Meghna_Bhairab Bazar
2019-03-10,0.0,30.55,14.24,1.92,66.76,0.49,1.3,Meghna_Bhairab Bazar
2019-03-11,0.0,30.15,17.9,1.41,70.44,0.49,1.23,Meghna_Bhairab Bazar
2019-03-12,0.0,33.68,18.39,1.83,58.24,0.48,1.35,Meghna_Bhairab Bazar
2019-03-13,0.0,34.25,17.8,1.36,56.12,0.48,1.33,Meghna_Bhairab Bazar
2019-03-14,0.0,34.86,19.7,1.16,51.35,0.47,1.38,Meghna_Bhairab Bazar
2019-03-15,0.0,35.75,20.92,1.39,50.85,0.47,1.26,Meghna_Bhairab Bazar
2019-03-16,0.0,35.41,20.43,1.69,54.64,0.47,1.29,Meghna_Bhairab Bazar
2019-03-17,2.91,35.3,20.45,1.13,51.92,0.46,1.15,Meghna_Bhairab Bazar
2019-03-18,7.21,32.97,21.44,1.27,48.75,0.47,1.17,Meghna_Bhairab Bazar
2019-03-19,2.82,31.77,17.86,2.05,60.13,0.47,1.13,Meghna_Bhairab Bazar
2019-03-20,3.11,32.27,19.71,2.36,68.71,0.47,1.21,Meghna_Bhairab Bazar
2019-03-21,0.97,34.24,19.69,2.33,66.63,0.47,1.29,Meghna_Bhairab Bazar
2019-03-22,3.2,33.65,21.07,2.65,73.22,0.47,1.08,Meghna_Bhairab Bazar
2019-03-23,5.02,33.39,21.84,2.32,71.41,0.47,1.22,Meghna_Bhairab Bazar
2019-03-24,0.0,34.87,19.82,1.36,53.05,0.47,1.36,Meghna_Bhairab Bazar
2019-03-25,0.0,35.62,17.48,1.21,37.97,0.46,1.3,Meghna_Bhairab Bazar
2019-03-26,0.0,35.72,18.54,1.33,44.88,0.46,1.11,Meghna_Bhairab Bazar
2019-03-27,2.65,33.15,20.88,1.53,46.97,0.46,0.88,Meghna_Bhairab Bazar
2019-03-28,0.0,33.85,22.43,1.08,46.95,0.45,1.1,Meghna_Bhairab Bazar
2019-03-29,0.0,34.88,20.64,1.32,54.63,0.45,1.05,Meghna_Bhairab Bazar
2019-03-30,0.0,34.61,21.8,2.0,64.73,0.45,0.93,Meghna_Bhairab Bazar
2019-03-31,17.68,34.27,22.86,3.36,72.86,0.44,0.75,Meghna_Bhairab Bazar
2019-04-01,58.25,29.81,22.68,2.69,84.51,0.55,1.92,Meghna_Bhairab Bazar
2019-04-02,13.71,31.74,21.07,2.38,81.36,0.56,2.3,Meghna_Bhairab Bazar
2019-04-03,5.76,31.09,22.35,1.87,81.07,0.57,2.76,Meghna_Bhairab Bazar
2019-04-04,1.46,32.26,21.63,2.18,80.39,0.56,2.73,Meghna_Bhairab Bazar
2019-04-05,1.2,32.38,22.34,1.65,76.47,0.55,2.62,Meghna_Bhairab Bazar
2019-04-06,4.88,30.37,22.38,1.06,75.13,0.55,1.22,Meghna_Bhairab Bazar
2019-04-07,4.77,31.75,21.66,1.06,72.15,0.55,2.51,Meghna_Bhairab Bazar
2019-04-08,7.76,31.55,21.33,2.22,75.86,0.55,2.27,Meghna_Bhairab Bazar
2019-04-09,22.11,30.49,21.19,2.78,81.75,0.57,2.24,Meghna_Bhairab Bazar
2019-04-10,19.28,30.12,21.05,1.57,80.96,0.6,3.23,Meghna_Bhairab Bazar
2019-04-11,0.07,31.62,22.12,0.95,76.01,0.59,4.19,Meghna_Bhairab Bazar
2019-04-12,0.28,31.87,23.2,0.97,73.42,0.58,3.1,Meghna_Bhairab Bazar
2019-04-13,0.12,34.1,22.69,0.95,69.85,0.58,4.37,Meghna_Bhairab Bazar
2019-04-14,0.09,34.87,22.81,1.42,72.59,0.57,3.97,Meghna_Bhairab Bazar
2019-04-15,0.88,34.69,23.46,1.6,74.47,0.56,3.37,Meghna_Bhairab Bazar
2019-04-16,1.72,35.21,23.1,1.36,74.16,0.55,3.28,Meghna_Bhairab Bazar
2019-04-17,4.0,35.18,24.36,1.17,68.65,0.55,3.06,Meghna_Bhairab Bazar
2019-04-18,0.0,35.46,24.54,1.49,53.73,0.55,3.33,Meghna_Bhairab Bazar
2019-04-19,0.0,36.48,24.96,1.11,50.19,0.54,3.25,Meghna_Bhairab Bazar
2019-04-20,0.71,34.98,23.11,1.12,54.9,0.53,3.09,Meghna_Bhairab Bazar
2019-04-21,4.32,35.58,22.96,0.99,56.03,0.53,3.3,Meghna_Bhairab Bazar
2019-04-22,0.46,34.56,22.5,1.25,61.77,0.53,2.71,Meghna_Bhairab Bazar
2019-04-23,0.0,35.5,21.42,1.42,58.6,0.52,2.78,Meghna_Bhairab Bazar
2019-04-24,0.05,36.6,22.74,1.24,54.32,0.51,2.6,Meghna_Bhairab Bazar
2019-04-25,0.05,37.54,25.33,0.99,53.5,0.51,2.51,Meghna_Bhairab Bazar
2019-04-26,0.0,38.45,24.45,1.7,57.6,0.5,2.5,Meghna_Bhairab Bazar
2019-04-27,2.15,36.89,24.92,2.28,66.77,0.49,1.86,Meghna_Bhairab Bazar
2019-04-28,5.14,37.52,25.9,3.71,71.06,0.5,2.06,Meghna_Bhairab Bazar
2019-04-29,5.59,37.65,25.86,4.08,71.49,0.5,2.12,Meghna_Bhairab Bazar
2019-04-30,4.48,36.75,26.04,3.88,70.97,0.5,2.12,Meghna_Bhairab Bazar
2019-05-01,1.09,36.16,26.16,4.04,69.19,0.49,2.03,Meghna_Bhairab Bazar
2019-05-02,4.65,35.94,25.7,2.39,71.04,0.49,1.65,Meghna_Bhairab Bazar
2019-05-03,15.55,34.36,25.7,2.16,77.96,0.5,1.32,Meghna_Bhairab Bazar
2019-05-04,65.45,30.52,24.27,6.31,87.85,0.57,1.17,Meghna_Bhairab Bazar
2019-05-05,0.56,34.28,22.65,2.7,74.9,0.6,4.91,Meghna_Bhairab Bazar
2019-05-06,1.44,35.91,25.06,2.93,73.62,0.58,4.35,Meghna_Bhairab Bazar
2019-05-07,0.01,36.88,24.73,3.04,71.34,0.57,4.24,Meghna_Bhairab Bazar
2019-05-08,0.04,37.71,24.74,3.14,73.42,0.56,3.84,Meghna_Bhairab Bazar
2019-05-09,1.61,35.74,25.87,3.88,77.42,0.55,3.1,Meghna_Bhairab Bazar
2019-05-10,3.21,37.04,26.15,3.46,76.96,0.55,2.66,Meghna_Bhairab Bazar
2019-05-11,4.62,35.25,26.44,3.5,78.85,0.54,2.42,Meghna_Bhairab Bazar
2019-05-12,3.06,33.79,26.58,2.65,79.1,0.54,1.69,Meghna_Bhairab Bazar
2019-05-13,2.82,35.28,26.01,2.71,77.23,0.54,1.92,Meghna_Bhairab Bazar
2019-05-14,23.71,33.33,25.32,1.42,78.46,0.56,2.58,Meghna_Bhairab Bazar
2019-05-15,7.94,34.23,25.78,1.59,72.9,0.58,3.55,Meghna_Bhairab Bazar
2019-05-16,5.8,34.65,25.58,1.58,74.73,0.57,3.28,Meghna_Bhairab Bazar
2019-05-17,19.56,33.98,25.31,3.25,80.43,0.58,3.29,Meghna_Bhairab Bazar
2019-05-18,20.32,33.3,25.97,3.36,84.75,0.61,2.91,Meghna_Bhairab Bazar
2019-05-19,8.96,32.22,26.13,2.23,85.87,0.61,2.31,Meghna_Bhairab Bazar
2019-05-20,0.03,33.69,25.28,1.22,77.49,0.61,4.01,Meghna_Bhairab Bazar
2019-05-21,0.65,34.2,25.33,1.46,78.34,0.6,3.57,Meghna_Bhairab Bazar
2019-05-22,9.27,33.74,25.82,2.22,81.52,0.6,3.42,Meghna_Bhairab Bazar
2019-05-23,47.65,31.95,25.31,1.92,86.8,0.64,2.62,Meghna_Bhairab Bazar
2019-05-24,64.34,31.07,25.94,2.69,89.95,0.7,2.38,Meghna_Bhairab Bazar
2019-05-25,66.88,30.93,25.71,3.06,89.42,0.79,2.53,Meghna_Bhairab Bazar
2019-05-26,16.97,31.61,24.95,2.03,87.68,0.8,3.38,Meghna_Bhairab Bazar
2019-05-27,22.26,32.01,25.01,1.98,89.26,0.8,2.98,Meghna_Bhairab Bazar
2019-05-28,6.61,32.5,25.01,1.53,86.4,0.8,3.88,Meghna_Bhairab Bazar
2019-05-29,7.99,32.93,25.49,1.4,86.12,0.79,4.37,Meghna_Bhairab Bazar
2019-05-30,0.53,33.16,25.34,2.32,85.83,0.78,5.65,Meghna_Bhairab Bazar
2019-05-31,61.95,33.23,24.84,1.4,85.57,0.8,4.6,Meghna_Bhairab Bazar
2019-06-01,49.28,31.85,25.94,1.71,86.88,0.85,2.8,Meghna_Bhairab Bazar
2019-06-02,35.88,32.49,25.46,1.29,85.33,0.89,3.53,Meghna_Bhairab Bazar
2019-06-03,49.63,30.99,25.08,1.86,87.63,0.9,2.64,Meghna_Bhairab Bazar
2019-06-04,44.72,31.19,25.23,2.68,89.39,0.92,2.02,Meghna_Bhairab Bazar
2019-06-05,11.1,29.28,24.45,2.68,92.11,0.92,1.06,Meghna_Bhairab Bazar
2019-06-06,9.13,30.11,24.0,1.99,90.19,0.92,1.53,Meghna_Bhairab Bazar
2019-06-07,4.3,29.26,24.82,2.03,91.43,0.91,1.36,Meghna_Bhairab Bazar
2019-06-08,14.4,30.11,25.26,1.42,91.72,0.91,0.99,Meghna_Bhairab Bazar
2019-06-09,8.7,30.66,25.73,2.22,92.28,0.91,1.54,Meghna_Bhairab Bazar
2019-06-10,5.23,32.56,25.94,2.01,88.76,0.91,2.92,Meghna_Bhairab Bazar
2019-06-11,0.41,32.55,25.48,1.78,87.2,0.9,3.71,Meghna_Bhairab Bazar
2019-06-12,0.02,34.5,25.96,0.93,82.72,0.89,5.86,Meghna_Bhairab Bazar
2019-06-13,2.27,32.94,27.49,1.57,88.08,0.89,1.49,Meghna_Bhairab Bazar
2019-06-14,44.88,30.79,27.41,2.31,91.74,0.9,1.13,Meghna_Bhairab Bazar
2019-06-15,35.45,31.16,27.14,2.67,92.76,0.93,1.1,Meghna_Bhairab Bazar
2019-06-16,3.7,31.1,26.69,2.99,91.62,0.92,1.8,Meghna_Bhairab Bazar
2019-06-17,9.47,30.91,26.68,2.6,93.11,0.92,1.11,Meghna_Bhairab Bazar
2019-06-18,4.15,31.57,26.85,1.26,87.29,0.92,1.96,Meghna_Bhairab Bazar
2019-06-19,0.33,33.7,26.95,0.95,82.72,0.91,4.36,Meghna_Bhairab Bazar
2019-06-20,9.65,30.32,23.48,1.85,82.87,0.91,2.08,Meghna_Bhairab Bazar
2019-06-21,16.3,33.22,26.04,1.95,87.8,0.91,2.98,Meghna_Bhairab Bazar
2019-06-22,7.18,32.27,26.18,2.57,88.9,0.91,3.26,Meghna_Bhairab Bazar
2019-06-23,0.14,32.92,25.55,1.27,85.63,0.9,4.1,Meghna_Bhairab Bazar
2019-06-24,0.5,32.19,27.06,1.55,88.01,0.9,2.58,Meghna_Bhairab Bazar
2019-06-25,1.68,32.74,26.96,2.51,87.68,0.89,3.7,Meghna_Bhairab Bazar
2019-06-26,11.46,32.05,26.52,3.38,89.77,0.88,2.82,Meghna_Bhairab Bazar
2019-06-27,12.46,31.38,26.87,3.58,89.48,0.89,2.1,Meghna_Bhairab Bazar
2019-06-28,19.97,31.33,26.22,2.65,91.52,0.89,1.66,Meghna_Bhairab Bazar
2019-06-29,38.22,31.34,26.62,2.0,91.5,0.91,1.57,Meghna_Bhairab Bazar
2019-06-30,4.75,32.61,26.39,1.32,83.65,0.91,4.3,Meghna_Bhairab Bazar
2019-07-01,4.78,31.54,26.93,1.58,85.63,0.9,2.98,Meghna_Bhairab Bazar
2019-07-02,5.38,32.91,26.37,3.13,86.91,0.9,3.98,Meghna_Bhairab Bazar
2019-07-03,2.5,32.75,26.7,2.21,88.79,0.89,3.17,Meghna_Bhairab Bazar
2019-07-04,1.73,33.49,26.31,1.74,86.55,0.88,4.83,Meghna_Bhairab Bazar
2019-07-05,6.83,32.51,26.54,2.54,90.16,0.88,2.61,Meghna_Bhairab Bazar
2019-07-06,8.53,32.07,26.55,3.69,89.93,0.88,2.74,Meghna_Bhairab Bazar
2019-07-07,22.03,31.29,25.84,3.53,91.89,0.89,1.79,Meghna_Bhairab Bazar
2019-07-08,40.15,30.62,26.19,3.41,92.51,0.9,1.22,Meghna_Bhairab Bazar
2019-07-09,82.6,30.54,26.33,4.24,92.69,0.94,1.06,Meghna_Bhairab Bazar
2019-07-10,48.05,30.08,26.59,3.97,92.97,0.96,1.07,Meghna_Bhairab Bazar
2019-07-11,47.62,29.15,26.34,3.65,94.9,0.97,0.45,Meghna_Bhairab Bazar
2019-07-12,26.87,29.57,26.33,3.7,93.91,0.98,0.77,Meghna_Bhairab Bazar
2019-07-13,95.13,30.62,26.0,3.24,93.04,0.98,0.9,Meghna_Bhairab Bazar
2019-07-14,79.4,29.01,25.69,3.57,94.99,1.0,0.31,Meghna_Bhairab Bazar
2019-07-15,90.73,30.76,26.29,3.14,93.38,1.0,0.62,Meghna_Bhairab Bazar
2019-07-16,14.29,31.42,26.08,1.82,90.94,1.0,1.25,Meghna_Bhairab Bazar
2019-07-17,3.04,33.63,25.68,1.08,83.45,0.99,4.25,Meghna_Bhairab Bazar
2019-07-18,6.23,32.47,26.98,0.82,81.81,0.98,2.23,Meghna_Bhairab Bazar
2019-07-19,13.35,31.55,25.91,1.42,89.54,0.98,1.89,Meghna_Bhairab Bazar
2019-07-20,18.79,32.19,26.36,1.34,88.0,0.98,2.31,Meghna_Bhairab Bazar
2019-07-21,3.86,31.74,26.44,2.2,89.57,0.98,2.3,Meghna_Bhairab Bazar
2019-07-22,23.51,29.95,25.93,2.22,90.74,0.97,1.35,Meghna_Bhairab Bazar
2019-07-23,20.8,28.71,25.23,2.42,91.79,0.98,1.04,Meghna_Bhairab Bazar
2019-07-24,14.23,31.02,25.93,2.71,91.66,0.97,1.66,Meghna_Bhairab Bazar
2019-07-25,21.55,32.4,25.75,1.36,85.15,0.97,4.0,Meghna_Bhairab Bazar
2019-07-26,26.3,30.37,26.14,3.04,90.42,0.97,2.05,Meghna_Bhairab Bazar
2019-07-27,8.65,30.99,25.44,3.0,91.89,0.97,1.77,Meghna_Bhairab Bazar
2019-07-28,6.5,31.31,25.62,2.25,89.67,0.96,2.47,Meghna_Bhairab Bazar
2019-07-29,8.08,31.18,24.95,2.84,91.28,0.96,2.0,Meghna_Bhairab Bazar
2019-07-30,18.01,30.04,25.26,2.59,92.52,0.96,1.42,Meghna_Bhairab Bazar
2019-07-31,16.91,30.84,25.4,2.49,90.65,0.96,1.93,Meghna_Bhairab Bazar
2019-08-01,5.43,31.98,25.31,2.17,89.23,0.96,2.88,Meghna_Bhairab Bazar
2019-08-02,0.43,31.63,25.19,1.97,90.67,0.95,2.5,Meghna_Bhairab Bazar
2019-08-03,9.19,29.92,25.27,1.56,91.87,0.94,1.42,Meghna_Bhairab Bazar
2019-08-04,3.29,33.52,25.8,1.53,87.3,0.94,4.04,Meghna_Bhairab Bazar
2019-08-05,2.26,31.98,26.77,1.23,87.38,0.94,2.02,Meghna_Bhairab Bazar
2019-08-06,17.51,32.44,27.35,1.67,89.78,0.94,1.66,Meghna_Bhairab Bazar
2019-08-07,9.55,32.21,25.5,3.97,90.7,0.94,2.5,Meghna_Bhairab Bazar
2019-08-08,26.48,31.03,24.54,3.3,91.39,0.94,1.94,Meghna_Bhairab Bazar
2019-08-09,13.38,31.83,25.44,2.21,89.63,0.94,3.0,Meghna_Bhairab Bazar
2019-08-10,2.33,33.14,25.74,1.26,85.28,0.94,5.77,Meghna_Bhairab Bazar
2019-08-11,2.6,32.16,26.69,0.97,86.68,0.93,2.59,Meghna_Bhairab Bazar
2019-08-12,22.65,30.62,26.86,2.33,91.34,0.93,1.71,Meghna_Bhairab Bazar
2019-08-13,32.5,30.15,25.73,3.31,92.38,0.94,1.44,Meghna_Bhairab Bazar
2019-08-14,52.57,29.93,25.42,2.91,92.85,0.96,1.43,Meghna_Bhairab Bazar
2019-08-15,26.5,30.52,25.58,2.66,92.31,0.96,1.74,Meghna_Bhairab Bazar
2019-08-16,18.47,30.39,26.4,2.37,92.3,0.96,1.31,Meghna_Bhairab Bazar
2019-08-17,9.22,32.23,26.01,2.18,89.53,0.96,3.37,Meghna_Bhairab Bazar
2019-08-18,11.73,31.23,24.99,2.69,90.05,0.96,2.97,Meghna_Bhairab Bazar
2019-08-19,1.64,32.08,24.8,1.83,88.3,0.95,4.08,Meghna_Bhairab Bazar
2019-08-20,0.87,32.22,25.43,1.67,87.27,0.94,4.32,Meghna_Bhairab Bazar
2019-08-21,0.72,33.25,25.88,1.0,85.4,0.93,4.89,Meghna_Bhairab Bazar
2019-08-22,4.73,32.37,26.54,0.82,86.38,0.93,2.55,Meghna_Bhairab Bazar
2019-08-23,10.52,31.09,26.12,1.9,89.68,0.93,2.61,Meghna_Bhairab Bazar
2019-08-24,20.15,30.42,25.71,2.1,92.34,0.93,1.62,Meghna_Bhairab Bazar
2019-08-25,3.28,32.66,25.5,1.41,87.17,0.93,4.02,Meghna_Bhairab Bazar
2019-08-26,2.08,32.81,25.74,1.68,85.73,0.92,4.75,Meghna_Bhairab Bazar
2019-08-27,3.85,32.81,26.02,1.75,87.64,0.92,4.44,Meghna_Bhairab Bazar
2019-08-28,4.62,30.72,25.85,1.43,90.15,0.91,2.28,Meghna_Bhairab Bazar
2019-08-29,2.1,33.56,25.9,1.02,85.3,0.91,5.32,Meghna_Bhairab Bazar
2019-08-30,1.91,32.4,26.24,0.92,85.71,0.9,4.36,Meghna_Bhairab Bazar
2019-08-31,12.3,32.89,26.36,0.81,83.12,0.91,1.39,Meghna_Bhairab Bazar
2019-09-01,11.45,33.42,26.83,1.18,86.64,0.91,3.5,Meghna_Bhairab Bazar
2019-09-02,13.5,33.1,25.68,1.55,86.79,0.91,5.1,Meghna_Bhairab Bazar
2019-09-03,29.51,32.22,26.42,1.66,87.48,0.92,3.95,Meghna_Bhairab Bazar
2019-09-04,9.38,30.55,26.18,1.49,90.62,0.92,1.83,Meghna_Bhairab Bazar
2019-09-05,17.98,31.81,25.84,1.73,89.16,0.92,3.88,Meghna_Bhairab Bazar
2019-09-06,4.79,31.7,25.85,2.01,89.42,0.92,3.61,Meghna_Bhairab Bazar
2019-09-07,4.07,31.25,25.85,2.43,91.38,0.91,2.77,Meghna_Bhairab Bazar
2019-09-08,15.17,31.11,25.83,2.65,91.33,0.91,2.96,Meghna_Bhairab Bazar
2019-09-09,8.88,32.53,25.55,2.94,90.4,0.91,3.95,Meghna_Bhairab Bazar
2019-09-10,10.51,30.74,26.54,2.01,91.86,0.91,1.7,Meghna_Bhairab Bazar
2019-09-11,4.97,31.61,26.27,2.43,91.34,0.91,3.03,Meghna_Bhairab Bazar
2019-09-12,23.78,30.53,26.37,3.27,92.87,0.91,1.98,Meghna_Bhairab Bazar
2019-09-13,16.54,29.6,25.71,2.75,93.33,0.92,1.52,Meghna_Bhairab Bazar
2019-09-14,7.85,29.9,25.09,1.65,90.54,0.92,1.97,Meghna_Bhairab Bazar
2019-09-15,3.59,32.17,24.71,1.48,87.97,0.92,5.02,Meghna_Bhairab Bazar
2019-09-16,2.84,30.63,25.32,1.41,89.15,0.91,3.11,Meghna_Bhairab Bazar
2019-09-17,6.75,32.31,25.48,0.79,82.78,0.91,5.81,Meghna_Bhairab Bazar
2019-09-18,1.29,32.97,25.18,0.61,78.83,0.9,8.26,Meghna_Bhairab Bazar
2019-09-19,0.53,33.22,26.54,0.67,76.18,0.89,7.42,Meghna_Bhairab Bazar
2019-09-20,0.47,31.36,25.97,0.8,81.88,0.89,3.53,Meghna_Bhairab Bazar
2019-09-21,1.36,32.29,25.59,0.59,80.43,0.88,5.9,Meghna_Bhairab Bazar
2019-09-22,17.16,32.87,26.18,0.77,81.74,0.89,1.88,Meghna_Bhairab Bazar
2019-09-23,7.49,30.86,24.71,0.64,85.49,0.9,4.5,Meghna_Bhairab Bazar
2019-09-24,30.98,29.21,24.69,0.82,89.44,0.91,1.91,Meghna_Bhairab Bazar
2019-09-25,30.93,28.2,24.3,1.33,91.45,0.92,1.74,Meghna_Bhairab Bazar
2019-09-26,3.19,29.4,23.15,0.97,86.11,0.92,2.39,Meghna_Bhairab Bazar
2019-09-27,1.16,29.22,23.15,1.08,87.28,0.91,3.39,Meghna_Bhairab Bazar
2019-09-28,0.45,29.37,23.24,0.84,87.07,0.91,3.01,Meghna_Bhairab Bazar
2019-09-29,6.29,28.35,23.47,0.99,89.47,0.91,2.02,Meghna_Bhairab Bazar
2019-09-30,26.42,29.35,23.36,1.29,90.51,0.91,2.6,Meghna_Bhairab Bazar
2019-10-01,17.49,27.87,24.05,1.97,92.51,0.93,1.65,Meghna_Bhairab Bazar
2019-10-02,20.24,30.72,23.03,1.36,88.82,0.93,4.18,Meghna_Bhairab Bazar
2019-10-03,5.23,31.07,23.72,1.05,86.63,0.93,4.9,Meghna_Bhairab Bazar
2019-10-04,11.17,30.01,24.26,0.95,87.7,0.92,3.49,Meghna_Bhairab Bazar
2019-10-05,2.18,30.61,23.6,0.98,86.55,0.92,4.82,Meghna_Bhairab Bazar
2019-10-06,6.28,30.03,25.16,0.81,85.92,0.92,2.13,Meghna_Bhairab Bazar
2019-10-07,8.77,30.55,24.42,0.76,86.51,0.92,4.32,Meghna_Bhairab Bazar
2019-10-08,8.23,29.44,24.64,0.71,89.2,0.92,0.73,Meghna_Bhairab Bazar
2019-10-09,5.89,28.91,23.6,0.71,88.42,0.92,2.2,Meghna_Bhairab Bazar
2019-10-10,60.52,27.8,23.41,1.26,90.12,0.94,1.77,Meghna_Bhairab Bazar
2019-10-11,12.87,29.94,23.02,1.13,88.59,0.95,4.44,Meghna_Bhairab Bazar
2019-10-12,4.29,30.08,23.44,0.95,83.68,0.95,5.22,Meghna_Bhairab Bazar
2019-10-13,0.0,30.04,21.28,1.16,81.29,0.93,6.07,Meghna_Bhairab Bazar
2019-10-14,0.0,30.93,21.07,0.87,79.94,0.93,7.45,Meghna_Bhairab Bazar
2019-10-15,2.17,31.16,21.98,0.87,82.88,0.92,7.06,Meghna_Bhairab Bazar
2019-10-16,24.05,30.08,23.48,0.96,84.42,0.92,4.24,Meghna_Bhairab Bazar
2019-10-17,11.22,30.86,23.04,0.98,83.86,0.93,5.11,Meghna_Bhairab Bazar
2019-10-18,0.04,30.99,24.45,0.8,80.01,0.92,5.64,Meghna_Bhairab Bazar
2019-10-19,0.0,31.19,23.93,0.88,80.18,0.92,6.35,Meghna_Bhairab Bazar
2019-10-20,0.0,30.64,22.84,1.07,84.43,0.91,5.92,Meghna_Bhairab Bazar
2019-10-21,2.57,29.95,21.84,1.28,87.02,0.9,4.62,Meghna_Bhairab Bazar
2019-10-22,3.1,29.6,23.45,1.05,87.41,0.9,4.08,Meghna_Bhairab Bazar
2019-10-23,1.9,28.95,21.81,1.25,86.92,0.9,4.5,Meghna_Bhairab Bazar
2019-10-24,12.25,23.69,20.6,2.03,91.54,0.9,0.94,Meghna_Bhairab Bazar
2019-10-25,10.6,26.88,20.51,2.08,93.06,0.9,1.58,Meghna_Bhairab Bazar
2019-10-26,42.68,28.02,23.43,1.68,94.86,0.92,0.73,Meghna_Bhairab Bazar
2019-10-27,8.99,29.22,22.73,1.29,89.78,0.93,3.41,Meghna_Bhairab Bazar
2019-10-28,0.53,28.7,20.87,1.34,87.89,0.92,4.13,Meghna_Bhairab Bazar
2019-10-29,0.0,28.55,20.8,1.1,87.38,0.91,4.52,Meghna_Bhairab Bazar
2019-10-30,0.0,28.91,21.42,0.93,82.73,0.91,5.0,Meghna_Bhairab Bazar
2019-10-31,0.0,28.95,21.43,0.83,79.38,0.9,5.57,Meghna_Bhairab Bazar
2019-11-01,0.0,28.96,21.32,0.89,82.46,0.9,5.34,Meghna_Bhairab Bazar
2019-11-02,0.0,29.67,21.23,0.65,77.47,0.89,6.46,Meghna_Bhairab Bazar
2019-11-03,0.0,28.96,21.57,0.55,74.16,0.89,5.34,Meghna_Bhairab Bazar
2019-11-04,0.0,29.33,20.81,0.92,79.92,0.88,5.4,Meghna_Bhairab Bazar
2019-11-05,0.0,28.86,21.49,0.89,80.45,0.88,5.15,Meghna_Bhairab Bazar
2019-11-06,0.0,29.03,20.39,0.92,79.09,0.87,5.49,Meghna_Bhairab Bazar
2019-11-07,0.0,29.73,20.31,0.97,75.97,0.87,5.12,Meghna_Bhairab Bazar
2019-11-08,2.33,26.82,20.67,1.0,90.28,0.87,1.3,Meghna_Bhairab Bazar
2019-11-09,22.96,24.64,21.74,2.29,95.05,0.88,0.34,Meghna_Bhairab Bazar
2019-11-10,7.45,25.41,21.44,3.44,92.98,0.88,0.83,Meghna_Bhairab Bazar
2019-11-11,26.98,26.99,21.38,1.74,90.99,0.9,1.84,Meghna_Bhairab Bazar
2019-11-12,0.51,27.94,19.32,1.15,85.88,0.89,4.11,Meghna_Bhairab Bazar
2019-11-13,0.0,28.53,18.82,0.76,79.9,0.89,5.31,Meghna_Bhairab Bazar
2019-11-14,0.0,29.29,19.47,0.68,80.07,0.88,5.8,Meghna_Bhairab Bazar
2019-11-15,0.03,28.6,20.15,0.68,79.59,0.88,5.45,Meghna_Bhairab Bazar
2019-11-16,0.0,28.01,20.04,0.6,78.2,0.87,5.31,Meghna_Bhairab Bazar
2019-11-17,0.0,27.46,18.88,0.6,77.84,0.87,4.96,Meghna_Bhairab Bazar
2019-11-18,0.0,27.07,19.0,0.79,78.25,0.86,4.41,Meghna_Bhairab Bazar
2019-11-19,0.0,27.05,18.84,0.54,73.31,0.86,4.01,Meghna_Bhairab Bazar
2019-11-20,0.0,25.77,19.14,0.7,76.65,0.85,2.84,Meghna_Bhairab Bazar
2019-11-21,0.0,26.3,16.0,0.78,77.67,0.85,4.36,Meghna_Bhairab Bazar
2019-11-22,0.0,25.59,16.17,0.64,75.3,0.84,4.6,Meghna_Bhairab Bazar
2019-11-23,0.0,26.05,15.76,0.87,79.06,0.84,3.91,Meghna_Bhairab Bazar
2019-11-24,0.0,25.87,16.77,0.86,80.75,0.83,3.88,Meghna_Bhairab Bazar
2019-11-25,0.0,25.79,16.85,0.8,78.64,0.83,3.57,Meghna_Bhairab Bazar
2019-11-26,0.0,27.03,17.22,0.67,79.42,0.82,4.75,Meghna_Bhairab Bazar
2019-11-27,0.0,27.31,17.23,0.8,80.82,0.82,4.56,Meghna_Bhairab Bazar
2019-11-28,0.0,28.47,17.31,0.75,80.9,0.81,4.73,Meghna_Bhairab Bazar
2019-11-29,0.0,27.67,17.96,0.68,81.48,0.8,4.46,Meghna_Bhairab Bazar
2019-11-30,0.0,26.95,17.88,0.78,80.93,0.8,4.11,Meghna_Bhairab Bazar
2019-12-01,0.0,25.77,17.23,1.05,83.8,0.79,3.06,Meghna_Bhairab Bazar
2019-12-02,0.0,24.66,16.01,1.05,80.84,0.79,2.74,Meghna_Bhairab Bazar
2019-12-03,0.0,24.18,15.65,0.78,73.56,0.79,3.33,Meghna_Bhairab Bazar
2019-12-04,0.0,24.79,15.89,0.98,77.15,0.78,3.33,Meghna_Bhairab Bazar
2019-12-05,0.0,27.37,13.41,1.2,80.87,0.78,3.39,Meghna_Bhairab Bazar
2019-12-06,0.0,26.67,14.57,1.25,81.81,0.77,3.84,Meghna_Bhairab Bazar
2019-12-07,0.0,25.92,14.72,1.09,77.82,0.77,3.55,Meghna_Bhairab Bazar
2019-12-08,0.0,26.19,17.24,0.69,72.91,0.76,3.79,Meghna_Bhairab Bazar
2019-12-09,0.0,25.32,15.38,0.62,77.59,0.76,3.29,Meghna_Bhairab Bazar
2019-12-10,0.0,24.3,16.13,0.66,76.68,0.75,2.59,Meghna_Bhairab Bazar
2019-12-11,0.0,23.89,15.99,0.76,76.12,0.75,3.02,Meghna_Bhairab Bazar
2019-12-12,0.0,23.76,15.63,1.01,78.42,0.74,2.84,Meghna_Bhairab Bazar
2019-12-13,0.0,24.37,13.58,0.77,76.12,0.74,3.38,Meghna_Bhairab Bazar
2019-12-14,0.0,25.3,13.78,0.69,73.1,0.73,3.45,Meghna_Bhairab Bazar
2019-12-15,0.0,24.35,15.48,0.86,76.51,0.73,2.93,Meghna_Bhairab Bazar
2019-12-16,0.0,24.91,15.61,0.9,84.77,0.73,3.09,Meghna_Bhairab Bazar
2019-12-17,0.0,23.88,14.9,1.07,85.23,0.72,2.91,Meghna_Bhairab Bazar
2019-12-18,0.0,22.06,13.05,1.5,88.29,0.72,2.38,Meghna_Bhairab Bazar
2019-12-19,0.0,21.54,10.41,1.07,87.67,0.71,2.65,Meghna_Bhairab Bazar
2019-12-20,0.0,20.75,9.99,0.99,84.29,0.71,2.41,Meghna_Bhairab Bazar
2019-12-21,0.0,20.03,11.17,0.91,88.2,0.71,1.65,Meghna_Bhairab Bazar
2019-12-22,0.0,20.63,10.1,1.09,87.81,0.7,2.22,Meghna_Bhairab Bazar
2019-12-23,0.0,21.63,11.49,1.32,86.98,0.7,2.02,Meghna_Bhairab Bazar
2019-12-24,0.0,21.9,11.59,1.14,84.6,0.7,2.46,Meghna_Bhairab Bazar
2019-12-25,0.0,21.48,10.15,1.08,83.78,0.69,2.34,Meghna_Bhairab Bazar
2019-12-26,0.13,22.6,12.09,1.03,77.68,0.69,2.66,Meghna_Bhairab Bazar
2019-12-27,8.47,20.79,11.65,1.09,83.51,0.69,1.15,Meghna_Bhairab Bazar
2019-12-28,0.08,20.97,8.81,1.26,84.22,0.69,1.88,Meghna_Bhairab Bazar
2019-12-29,0.02,22.79,9.98,1.19,82.77,0.69,2.43,Meghna_Bhairab Bazar
2019-12-30,0.0,23.83,12.04,0.9,80.23,0.68,2.45,Meghna_Bhairab Bazar
2019-12-31,0.0,24.68,12.82,0.96,81.14,0.68,2.63,Meghna_Bhairab Bazar
2020-01-01,0.04,26.02,15.8,0.99,78.78,0.67,2.96,Meghna_Bhairab Bazar
2020-01-02,0.06,25.6,14.58,1.12,83.98,0.67,2.03,Meghna_Bhairab Bazar
2020-01-03,34.4,20.22,15.29,1.23,93.17,0.69,0.39,Meghna_Bhairab Bazar
2020-01-04,3.83,22.79,13.8,1.13,85.85,0.72,2.21,Meghna_Bhairab Bazar
2020-01-05,6.58,22.44,13.33,1.26,87.36,0.71,1.56,Meghna_Bhairab Bazar
2020-01-06,0.1,20.2,9.57,1.52,84.34,0.71,1.98,Meghna_Bhairab Bazar
2020-01-07,0.31,22.17,9.25,0.99,80.98,0.7,2.35,Meghna_Bhairab Bazar
2020-01-08,0.0,21.59,10.99,1.19,82.4,0.7,2.06,Meghna_Bhairab Bazar
2020-01-09,0.85,22.13,12.68,0.94,81.1,0.7,1.58,Meghna_Bhairab Bazar
2020-01-10,0.61,22.03,12.27,1.34,85.9,0.69,2.12,Meghna_Bhairab Bazar
2020-01-11,0.86,21.33,10.13,1.43,87.77,0.69,2.01,Meghna_Bhairab Bazar
2020-01-12,0.0,22.24,10.25,1.31,86.05,0.69,2.07,Meghna_Bhairab Bazar
2020-01-13,0.0,22.28,10.43,0.96,84.04,0.68,2.14,Meghna_Bhairab Bazar
2020-01-14,0.0,22.27,11.27,0.79,81.57,0.68,2.14,Meghna_Bhairab Bazar
2020-01-15,0.0,23.32,11.72,1.05,82.69,0.67,2.27,Meghna_Bhairab Bazar
2020-01-16,0.0,25.18,12.48,1.04,78.37,0.67,2.42,Meghna_Bhairab Bazar
2020-01-17,0.0,25.98,13.12,1.26,79.99,0.67,2.55,Meghna_Bhairab Bazar
2020-01-18,0.0,26.77,14.81,0.96,71.98,0.66,2.74,Meghna_Bhairab Bazar
2020-01-19,0.0,26.14,15.62,1.23,77.0,0.66,2.41,Meghna_Bhairab Bazar
2020-01-20,0.0,22.36,12.48,1.7,84.17,0.65,1.73,Meghna_Bhairab Bazar
2020-01-21,0.0,20.83,9.95,1.36,74.75,0.65,1.85,Meghna_Bhairab Bazar
2020-01-22,0.0,22.03,9.58,1.35,74.66,0.64,2.0,Meghna_Bhairab Bazar
2020-01-23,0.0,22.7,10.69,1.31,74.93,0.64,1.81,Meghna_Bhairab Bazar
2020-01-24,0.0,21.53,10.85,1.29,72.71,0.64,1.89,Meghna_Bhairab Bazar
2020-01-25,0.0,22.69,10.04,1.03,66.67,0.63,1.94,Meghna_Bhairab Bazar
2020-01-26,0.0,21.08,10.55,1.32,73.99,0.63,1.43,Meghna_Bhairab Bazar
2020-01-27,0.0,20.95,10.92,1.21,72.51,0.62,1.35,Meghna_Bhairab Bazar
2020-01-28,0.0,22.93,10.14,1.03,68.37,0.62,1.71,Meghna_Bhairab Bazar
2020-01-29,0.03,21.69,13.01,0.75,70.11,0.62,0.9,Meghna_Bhairab Bazar
2020-01-30,0.21,23.81,11.87,1.01,76.08,0.62,1.51,Meghna_Bhairab Bazar
2020-01-31,4.11,23.36,13.37,1.18,82.16,0.62,1.13,Meghna_Bhairab Bazar
2020-02-01,0.07,23.21,10.92,1.29,75.76,0.62,1.9,Meghna_Bhairab Bazar
2020-02-02,0.0,22.65,10.24,1.58,69.82,0.61,1.73,Meghna_Bhairab Bazar
2020-02-03,0.0,21.61,9.79,1.56,69.53,0.61,1.77,Meghna_Bhairab Bazar
2020-02-04,0.0,23.0,9.19,1.47,69.57,0.6,1.78,Meghna_Bhairab Bazar
2020-02-05,0.0,23.22,10.44,1.38,70.42,0.6,1.68,Meghna_Bhairab Bazar
2020-02-06,0.0,24.4,11.3,1.49,65.95,0.59,1.91,Meghna_Bhairab Bazar
2020-02-07,0.0,24.23,10.64,1.28,63.22,0.59,1.91,Meghna_Bhairab Bazar
2020-02-08,0.0,24.65,11.28,1.24,64.86,0.58,1.67,Meghna_Bhairab Bazar
2020-02-09,0.01,25.57,13.51,1.15,68.44,0.58,1.44,Meghna_Bhairab Bazar
2020-02-10,0.0,24.34,9.92,1.56,66.97,0.58,1.74,Meghna_Bhairab Bazar
2020-02-11,0.0,24.81,10.87,1.59,66.54,0.57,1.56,Meghna_Bhairab Bazar
2020-02-12,0.0,25.15,10.07,1.74,63.71,0.57,1.54,Meghna_Bhairab Bazar
2020-02-13,0.0,25.47,11.61,1.42,59.05,0.56,1.48,Meghna_Bhairab Bazar
2020-02-14,0.0,25.4,11.57,1.48,64.97,0.56,1.32,Meghna_Bhairab Bazar
2020-02-15,0.0,25.95,12.62,1.69,80.26,0.56,1.28,Meghna_Bhairab Bazar
2020-02-16,0.0,27.03,14.36,1.03,72.55,0.55,1.51,Meghna_Bhairab Bazar
2020-02-17,0.0,27.41,14.92,1.04,66.16,0.55,1.67,Meghna_Bhairab Bazar
2020-02-18,0.0,27.86,14.31,1.29,62.75,0.55,1.49,Meghna_Bhairab Bazar
2020-02-19,0.0,27.74,15.48,1.02,61.66,0.54,1.56,Meghna_Bhairab Bazar
2020-02-20,0.0,28.32,15.67,0.94,57.79,0.54,1.52,Meghna_Bhairab Bazar
2020-02-21,0.0,29.28,14.06,1.13,58.46,0.54,1.81,Meghna_Bhairab Bazar
2020-02-22,0.0,30.12,16.78,0.8,50.54,0.53,1.44,Meghna_Bhairab Bazar
2020-02-23,0.0,30.6,17.12,1.15,56.99,0.53,1.78,Meghna_Bhairab Bazar
2020-02-24,0.0,28.81,17.27,1.27,67.33,0.52,1.46,Meghna_Bhairab Bazar
2020-02-25,0.82,29.15,17.32,1.52,71.92,0.52,1.28,Meghna_Bhairab Bazar
2020-02-26,1.56,27.37,16.61,1.35,74.85,0.52,1.19,Meghna_Bhairab Bazar
2020-02-27,0.17,27.25,14.91,1.01,70.25,0.52,1.5,Meghna_Bhairab Bazar
2020-02-28,0.09,28.88,15.58,0.93,57.87,0.51,1.72,Meghna_Bhairab Bazar
2020-02-29,0.0,30.26,16.34,0.93,56.34,0.51,1.78,Meghna_Bhairab Bazar
2020-03-01,0.0,30.78,16.89,0.99,56.13,0.5,1.69,Meghna_Bhairab Bazar
2020-03-02,0.07,30.7,17.96,1.01,54.21,0.5,1.41,Meghna_Bhairab Bazar
2020-03-03,7.46,30.17,17.62,1.06,60.25,0.5,1.24,Meghna_Bhairab Bazar
2020-03-04,4.18,29.62,17.27,1.1,66.31,0.51,1.35,Meghna_Bhairab Bazar
2020-03-05,0.83,29.75,17.95,1.2,66.13,0.51,1.43,Meghna_Bhairab Bazar
2020-03-06,5.07,29.18,19.11,1.19,69.0,0.51,1.34,Meghna_Bhairab Bazar
2020-03-07,1.0,29.29,17.72,1.21,70.16,0.51,1.27,Meghna_Bhairab Bazar
2020-03-08,1.18,29.14,19.6,1.34,74.56,0.5,1.15,Meghna_Bhairab Bazar
2020-03-09,0.0,29.67,18.32,1.43,57.73,0.5,1.64,Meghna_Bhairab Bazar
2020-03-10,0.06,30.28,16.47,1.52,53.48,0.49,1.63,Meghna_Bhairab Bazar
2020-03-11,0.0,30.98,15.62,1.43,54.52,0.49,1.57,Meghna_Bhairab Bazar
2020-03-12,0.0,33.54,18.91,1.23,55.31,0.48,1.53,Meghna_Bhairab Bazar
2020-03-13,0.0,34.63,19.33,1.43,56.83,0.48,1.63,Meghna_Bhairab Bazar
2020-03-14,0.0,34.59,19.93,1.72,58.57,0.47,1.45,Meghna_Bhairab Bazar
2020-03-15,0.0,33.97,18.38,2.27,59.11,0.47,1.4,Meghna_Bhairab Bazar
2020-03-16,0.0,33.67,19.61,2.2,53.65,0.47,1.33,Meghna_Bhairab Bazar
2020-03-17,0.0,32.34,18.09,1.75,53.19,0.46,1.12,Meghna_Bhairab Bazar
2020-03-18,0.0,32.51,18.28,1.61,50.99,0.46,1.13,Meghna_Bhairab Bazar
2020-03-19,0.0,33.73,17.53,1.47,46.44,0.45,1.15,Meghna_Bhairab Bazar
2020-03-20,0.04,32.75,17.8,1.3,48.95,0.45,0.93,Meghna_Bhairab Bazar
2020-03-21,0.07,32.72,20.44,1.09,44.16,0.45,0.85,Meghna_Bhairab Bazar
2020-03-22,1.64,30.82,20.3,1.01,57.17,0.45,0.71,Meghna_Bhairab Bazar
2020-03-23,0.12,31.36,17.8,1.33,55.87,0.44,0.9,Meghna_Bhairab Bazar
2020-03-24,0.01,32.08,18.66,1.01,52.08,0.44,0.85,Meghna_Bhairab Bazar
2020-03-25,0.06,34.08,19.13,1.23,55.39,0.44,0.93,Meghna_Bhairab Bazar
2020-03-26,0.0,34.83,21.31,1.19,48.21,0.43,0.8,Meghna_Bhairab Bazar
2020-03-27,0.0,36.18,21.63,1.45,46.16,0.43,0.83,Meghna_Bhairab Bazar
2020-03-28,0.0,37.45,20.94,1.92,50.19,0.43,0.79,Meghna_Bhairab Bazar
2020-03-29,0.0,37.56,22.4,1.95,49.05,0.42,0.79,Meghna_Bhairab Bazar
2020-03-30,0.0,36.88,22.73,1.58,33.78,0.42,0.71,Meghna_Bhairab Bazar
2020-03-31,0.0,36.64,19.93,1.48,34.5,0.41,0.67,Meghna_Bhairab Bazar
2020-04-01,0.0,36.95,21.46,1.51,36.29,0.41,0.62,Meghna_Bhairab Bazar
2020-04-02,0.57,37.07,21.02,2.58,60.28,0.41,0.49,Meghna_Bhairab Bazar
2020-04-03,7.47,35.35,23.63,2.19,64.87,0.42,0.61,Meghna_Bhairab Bazar
2020-04-04,6.11,35.0,21.99,1.36,65.3,0.42,0.78,Meghna_Bhairab Bazar
2020-04-05,3.43,35.14,22.1,1.71,63.04,0.42,0.72,Meghna_Bhairab Bazar
2020-04-06,3.34,35.11,21.42,1.98,63.48,0.42,0.75,Meghna_Bhairab Bazar
2020-04-07,4.14,36.28,21.45,2.85,61.82,0.42,0.86,Meghna_Bhairab Bazar
2020-04-08,0.01,37.2,23.19,2.85,61.53,0.42,0.8,Meghna_Bhairab Bazar
2020-04-09,0.09,35.94,22.43,2.1,62.04,0.42,0.68,Meghna_Bhairab Bazar
2020-04-10,0.0,37.51,22.42,1.67,55.53,0.41,0.73,Meghna_Bhairab Bazar
2020-04-11,3.71,36.89,22.54,1.53,57.77,0.41,0.65,Meghna_Bhairab Bazar
2020-04-12,5.4,35.57,22.31,1.16,55.76,0.42,0.73,Meghna_Bhairab Bazar
2020-04-13,3.12,36.51,22.11,1.24,52.71,0.42,0.8,Meghna_Bhairab Bazar
2020-04-14,0.01,38.19,22.88,1.36,54.42,0.42,0.76,Meghna_Bhairab Bazar
2020-04-15,3.19,33.75,23.78,1.23,62.81,0.41,0.37,Meghna_Bhairab Bazar
2020-04-16,14.21,32.18,23.54,1.19,67.12,0.43,0.68,Meghna_Bhairab Bazar
2020-04-17,20.2,33.17,23.02,2.41,76.73,0.46,0.93,Meghna_Bhairab Bazar
2020-04-18,10.74,31.83,23.12,2.81,79.4,0.47,0.67,Meghna_Bhairab Bazar
2020-04-19,8.52,35.23,23.97,2.45,73.08,0.48,1.6,Meghna_Bhairab Bazar
2020-04-20,20.52,32.83,23.54,2.01,78.96,0.5,1.59,Meghna_Bhairab Bazar
2020-04-21,22.14,31.86,23.39,1.07,80.09,0.53,1.37,Meghna_Bhairab Bazar
2020-04-22,2.34,30.59,22.56,1.25,75.49,0.53,1.53,Meghna_Bhairab Bazar
2020-04-23,15.7,30.89,22.45,1.05,71.74,0.54,1.86,Meghna_Bhairab Bazar
2020-04-24,20.78,29.58,21.57,1.26,79.05,0.56,1.88,Meghna_Bhairab Bazar
2020-04-25,11.43,31.21,22.47,0.83,79.58,0.57,2.91,Meghna_Bhairab Bazar
2020-04-26,15.74,30.58,22.99,1.19,83.8,0.59,1.82,Meghna_Bhairab Bazar
2020-04-27,11.99,30.25,22.37,1.02,77.84,0.6,2.72,Meghna_Bhairab Bazar
2020-04-28,11.61,29.91,23.07,0.84,78.87,0.6,1.86,Meghna_Bhairab Bazar
2020-04-29,19.2,29.48,21.86,0.96,82.27,0.62,3.3,Meghna_Bhairab Bazar
2020-04-30,15.88,31.46,22.52,0.85,79.93,0.64,4.74,Meghna_Bhairab Bazar
2020-05-01,6.07,30.95,22.33,1.14,78.6,0.63,4.44,Meghna_Bhairab Bazar
2020-05-02,4.99,31.25,23.33,1.16,79.15,0.63,3.44,Meghna_Bhairab Bazar
2020-05-03,21.74,30.62,22.62,1.53,85.87,0.64,3.17,Meghna_Bhairab Bazar
2020-05-04,13.51,31.24,22.89,1.37,81.88,0.66,4.99,Meghna_Bhairab Bazar
2020-05-05,8.76,32.42,23.52,1.45,82.16,0.66,5.14,Meghna_Bhairab Bazar
2020-05-06,34.38,31.31,24.83,1.04,83.67,0.68,3.68,Meghna_Bhairab Bazar
2020-05-07,8.33,32.15,23.17,0.72,72.73,0.69,6.29,Meghna_Bhairab Bazar
2020-05-08,2.59,32.64,22.47,0.95,73.85,0.68,7.5,Meghna_Bhairab Bazar
2020-05-09,10.21,33.07,22.92,0.91,73.89,0.68,7.13,Meghna_Bhairab Bazar
2020-05-10,12.02,33.31,24.86,0.59,70.93,0.68,6.25,Meghna_Bhairab Bazar
2020-05-11,0.53,32.12,25.82,0.62,74.66,0.68,4.26,Meghna_Bhairab Bazar
2020-05-12,0.26,32.98,26.02,1.29,76.28,0.67,6.12,Meghna_Bhairab Bazar
2020-05-13,3.2,32.4,24.54,1.86,82.79,0.66,4.99,Meghna_Bhairab Bazar
2020-05-14,9.68,32.71,24.19,1.52,82.73,0.66,5.13,Meghna_Bhairab Bazar
2020-05-15,17.4,32.18,25.14,1.58,83.6,0.68,4.85,Meghna_Bhairab Bazar
2020-05-16,10.08,33.18,25.02,1.95,83.77,0.68,5.75,Meghna_Bhairab Bazar
2020-05-17,18.34,33.46,24.9,1.19,80.56,0.68,5.74,Meghna_Bhairab Bazar
2020-05-18,0.05,33.65,25.83,1.17,80.97,0.68,6.78,Meghna_Bhairab Bazar
2020-05-19,1.14,31.79,25.71,1.32,81.0,0.67,3.15,Meghna_Bhairab Bazar
2020-05-20,19.42,32.89,23.15,3.91,82.94,0.68,5.13,Meghna_Bhairab Bazar
2020-05-21,32.27,31.3,25.38,6.06,87.59,0.71,3.62,Meghna_Bhairab Bazar
2020-05-22,13.47,31.5,25.7,2.63,86.27,0.71,4.65,Meghna_Bhairab Bazar
2020-05-23,1.55,33.44,25.33,2.54,84.8,0.71,6.54,Meghna_Bhairab Bazar
2020-05-24,14.32,32.89,25.67,3.59,86.94,0.7,5.63,Meghna_Bhairab Bazar
2020-05-25,8.11,32.39,25.86,4.52,85.53,0.7,5.77,Meghna_Bhairab Bazar
2020-05-26,7.64,32.02,25.84,4.46,85.09,0.7,6.1,Meghna_Bhairab Bazar
2020-05-27,83.65,31.15,25.11,3.5,89.73,0.76,2.6,Meghna_Bhairab Bazar
2020-05-28,26.24,30.68,25.32,1.62,86.83,0.8,3.46,Meghna_Bhairab Bazar
2020-05-29,19.91,31.07,24.5,1.27,85.5,0.8,4.17,Meghna_Bhairab Bazar
2020-05-30,25.55,31.18,24.2,1.79,87.32,0.82,3.46,Meghna_Bhairab Bazar
2020-05-31,11.27,30.78,25.03,1.31,85.92,0.82,2.76,Meghna_Bhairab Bazar
2020-06-01,19.3,30.02,25.08,2.26,89.81,0.83,2.01,Meghna_Bhairab Bazar
2020-06-02,14.11,30.09,25.15,2.43,91.21,0.84,1.89,Meghna_Bhairab Bazar
2020-06-03,13.82,30.59,24.88,2.66,87.45,0.84,2.71,Meghna_Bhairab Bazar
2020-06-04,51.94,30.19,24.17,2.15,90.73,0.87,1.33,Meghna_Bhairab Bazar
2020-06-05,34.3,29.57,25.31,1.83,91.74,0.9,1.09,Meghna_Bhairab Bazar
2020-06-06,23.94,29.61,25.98,2.34,93.6,0.91,0.89,Meghna_Bhairab Bazar
2020-06-07,30.68,30.91,25.89,1.67,90.28,0.92,1.58,Meghna_Bhairab Bazar
2020-06-08,25.36,31.55,25.85,1.42,87.66,0.93,2.26,Meghna_Bhairab Bazar
2020-06-09,2.62,33.31,25.83,0.7,83.19,0.92,3.91,Meghna_Bhairab Bazar
2020-06-10,30.35,30.36,26.54,1.27,90.21,0.93,1.21,Meghna_Bhairab Bazar
2020-06-11,14.63,30.48,26.12,1.81,92.55,0.93,0.9,Meghna_Bhairab Bazar
2020-06-12,9.4,30.47,25.85,2.55,92.04,0.93,1.56,Meghna_Bhairab Bazar
2020-06-13,42.89,29.94,26.39,2.01,94.62,0.94,0.51,Meghna_Bhairab Bazar
2020-06-14,9.16,32.41,26.13,1.77,90.4,0.95,2.08,Meghna_Bhairab Bazar
2020-06-15,4.4,31.29,26.13,1.84,91.06,0.94,1.93,Meghna_Bhairab Bazar
2020-06-16,11.22,30.27,26.57,2.1,91.18,0.94,1.36,Meghna_Bhairab Bazar
2020-06-17,56.16,29.33,25.89,3.28,94.87,0.95,0.46,Meghna_Bhairab Bazar
2020-06-18,18.04,29.64,26.09,4.0,92.73,0.96,1.0,Meghna_Bhairab Bazar
2020-06-19,7.09,31.69,25.71,2.57,89.55,0.96,2.38,Meghna_Bhairab Bazar
2020-06-20,9.43,30.93,25.85,2.21,91.38,0.95,1.48,Meghna_Bhairab Bazar
2020-06-21,10.52,31.14,25.45,2.76,91.07,0.95,1.87,Meghna_Bhairab Bazar
2020-06-22,5.27,31.46,25.18,2.5,89.45,0.94,2.62,Meghna_Bhairab Bazar
2020-06-23,7.55,31.95,25.84,2.55,89.7,0.94,2.79,Meghna_Bhairab Bazar
2020-06-24,5.07,31.95,25.9,2.29,89.29,0.93,2.63,Meghna_Bhairab Bazar
2020-06-25,2.17,31.35,26.16,2.74,90.62,0.93,2.11,Meghna_Bhairab Bazar
2020-06-26,20.06,29.6,26.52,3.04,93.38,0.93,0.7,Meghna_Bhairab Bazar
2020-06-27,36.18,30.28,26.52,3.17,91.03,0.94,1.7,Meghna_Bhairab Bazar
2020-06-28,8.2,28.12,25.88,2.61,93.09,0.95,0.79,Meghna_Bhairab Bazar
2020-06-29,8.55,31.57,25.29,1.58,87.73,0.94,2.89,Meghna_Bhairab Bazar
2020-06-30,1.88,31.57,25.65,2.4,88.45,0.93,3.09,Meghna_Bhairab Bazar
2020-07-01,13.95,30.97,26.53,2.58,89.37,0.93,2.36,Meghna_Bhairab Bazar
2020-07-02,7.35,30.6,26.4,1.91,90.99,0.93,1.35,Meghna_Bhairab Bazar
2020-07-03,1.25,32.68,26.19,1.62,87.86,0.92,3.34,Meghna_Bhairab Bazar
2020-07-04,8.01,33.0,26.38,2.06,87.84,0.92,3.28,Meghna_Bhairab Bazar
2020-07-05,8.86,30.93,26.54,2.65,91.25,0.92,1.8,Meghna_Bhairab Bazar
2020-07-06,3.61,30.6,26.92,1.97,91.29,0.92,1.4,Meghna_Bhairab Bazar
2020-07-07,6.68,32.17,26.03,2.79,91.75,0.91,2.11,Meghna_Bhairab Bazar
2020-07-08,4.09,31.93,26.41,2.54,90.18,0.91,2.53,Meghna_Bhairab Bazar
2020-07-09,15.0,31.37,26.77,3.68,91.59,0.91,2.12,Meghna_Bhairab Bazar
2020-07-10,24.03,31.02,26.94,3.95,91.3,0.92,1.96,Meghna_Bhairab Bazar
2020-07-11,38.14,29.87,26.93,3.45,93.87,0.93,0.92,Meghna_Bhairab Bazar
2020-07-12,28.05,30.46,26.35,2.55,91.12,0.94,1.76,Meghna_Bhairab Bazar
2020-07-13,7.97,31.49,26.45,2.57,89.66,0.94,2.71,Meghna_Bhairab Bazar
2020-07-14,9.74,31.05,25.42,2.66,90.22,0.93,2.24,Meghna_Bhairab Bazar
2020-07-15,10.41,32.23,25.87,2.54,89.18,0.93,3.36,Meghna_Bhairab Bazar
2020-07-16,11.98,31.64,25.96,2.08,88.39,0.93,3.04,Meghna_Bhairab Bazar
2020-07-17,3.77,31.35,25.92,1.88,89.03,0.92,2.64,Meghna_Bhairab Bazar
2020-07-18,12.98,30.51,26.38,2.54,91.26,0.92,2.01,Meghna_Bhairab Bazar
2020-07-19,20.28,31.34,25.83,3.37,90.21,0.92,2.82,Meghna_Bhairab Bazar
2020-07-20,34.56,29.39,25.96,3.23,93.93,0.93,0.77,Meghna_Bhairab Bazar
2020-07-21,29.34,30.25,26.28,2.97,92.83,0.95,1.33,Meghna_Bhairab Bazar
2020-07-22,39.43,30.97,25.47,2.29,90.43,0.96,2.12,Meghna_Bhairab Bazar
2020-07-23,8.3,29.52,25.37,2.18,90.92,0.95,1.6,Meghna_Bhairab Bazar
2020-07-24,8.13,31.21,25.8,2.26,91.83,0.95,1.63,Meghna_Bhairab Bazar
2020-07-25,2.45,32.13,25.05,1.73,88.04,0.94,3.58,Meghna_Bhairab Bazar
2020-07-26,2.28,32.14,26.02,1.44,87.28,0.93,3.4,Meghna_Bhairab Bazar
2020-07-27,15.41,30.87,26.2,1.74,91.77,0.93,1.42,Meghna_Bhairab Bazar
2020-07-28,15.7,31.65,26.4,2.0,89.91,0.94,2.42,Meghna_Bhairab Bazar
2020-07-29,15.21,31.27,25.84,2.6,90.8,0.94,2.28,Meghna_Bhairab Bazar
2020-07-30,2.85,30.85,25.72,1.54,89.54,0.94,1.61,Meghna_Bhairab Bazar
2020-07-31,1.79,32.06,26.1,1.45,85.91,0.93,4.07,Meghna_Bhairab Bazar
2020-08-01,5.03,33.04,25.9,0.91,84.66,0.92,4.92,Meghna_Bhairab Bazar
2020-08-02,5.95,32.35,27.13,1.6,90.04,0.92,2.36,Meghna_Bhairab Bazar
2020-08-03,1.58,33.61,27.16,0.81,83.51,0.92,4.49,Meghna_Bhairab Bazar
2020-08-04,4.46,32.35,26.78,1.81,89.57,0.91,1.85,Meghna_Bhairab Bazar
2020-08-05,4.46,33.24,26.54,2.7,88.25,0.91,4.0,Meghna_Bhairab Bazar
2020-08-06,2.58,31.33,25.74,2.92,89.96,0.9,2.72,Meghna_Bhairab Bazar
2020-08-07,7.5,31.85,26.66,2.66,90.13,0.9,3.08,Meghna_Bhairab Bazar
2020-08-08,11.25,30.95,26.27,2.26,90.74,0.9,2.13,Meghna_Bhairab Bazar
2020-08-09,4.07,30.87,26.07,1.81,91.42,0.9,2.0,Meghna_Bhairab Bazar
2020-08-10,3.95,32.46,25.76,1.73,89.21,0.89,4.18,Meghna_Bhairab Bazar
2020-08-11,10.24,31.65,26.46,2.53,90.19,0.89,2.88,Meghna_Bhairab Bazar
2020-08-12,3.89,32.99,26.37,2.26,89.32,0.89,3.86,Meghna_Bhairab Bazar
2020-08-13,0.6,32.38,26.2,1.61,85.09,0.88,4.81,Meghna_Bhairab Bazar
2020-08-14,17.05,33.56,26.28,1.39,84.4,0.88,5.38,Meghna_Bhairab Bazar
2020-08-15,18.65,31.26,25.24,3.79,90.25,0.89,3.17,Meghna_Bhairab Bazar
2020-08-16,6.66,30.48,26.06,4.04,91.01,0.89,2.43,Meghna_Bhairab Bazar
2020-08-17,11.5,30.08,25.77,3.49,92.11,0.89,1.79,Meghna_Bhairab Bazar
2020-08-18,3.67,29.93,25.76,2.68,92.49,0.89,2.01,Meghna_Bhairab Bazar
2020-08-19,1.88,28.98,25.69,2.67,92.89,0.88,1.42,Meghna_Bhairab Bazar
2020-08-20,10.7,27.77,25.21,3.13,93.52,0.88,0.92,Meghna_Bhairab Bazar
2020-08-21,6.8,28.31,25.08,2.5,93.99,0.89,0.83,Meghna_Bhairab Bazar
2020-08-22,11.92,29.77,25.22,1.64,91.07,0.89,1.61,Meghna_Bhairab Bazar
2020-08-23,12.41,29.52,24.9,1.73,91.73,0.89,1.64,Meghna_Bhairab Bazar
2020-08-24,23.41,32.47,24.59,1.35,85.63,0.89,5.03,Meghna_Bhairab Bazar
2020-08-25,16.01,29.08,25.9,1.59,93.07,0.91,1.2,Meghna_Bhairab Bazar
2020-08-26,3.68,31.51,25.32,2.86,89.19,0.9,4.13,Meghna_Bhairab Bazar
2020-08-27,3.25,28.81,25.37,1.9,93.13,0.89,1.23,Meghna_Bhairab Bazar
2020-08-28,19.2,31.29,24.91,2.12,89.15,0.89,4.49,Meghna_Bhairab Bazar
2020-08-29,11.17,31.51,25.72,2.24,89.1,0.9,3.94,Meghna_Bhairab Bazar
2020-08-30,5.13,31.61,25.66,2.0,88.5,0.9,3.87,Meghna_Bhairab Bazar
2020-08-31,10.61,31.19,26.0,1.41,90.93,0.89,1.7,Meghna_Bhairab Bazar
2020-09-01,24.14,30.38,25.51,1.46,90.38,0.91,1.77,Meghna_Bhairab Bazar
2020-09-02,28.62,31.51,24.67,1.51,88.66,0.92,3.97,Meghna_Bhairab Bazar
2020-09-03,1.8,33.16,24.86,0.97,83.02,0.91,7.38,Meghna_Bhairab Bazar
2020-09-04,1.04,33.04,25.55,0.96,84.48,0.9,7.03,Meghna_Bhairab Bazar
2020-09-05,3.33,32.52,26.08,1.43,85.84,0.89,5.36,Meghna_Bhairab Bazar
2020-09-06,4.75,31.59,25.87,2.07,89.29,0.89,3.73,Meghna_Bhairab Bazar
2020-09-07,12.18,30.19,25.43,1.86,89.79,0.89,3.28,Meghna_Bhairab Bazar
2020-09-08,5.88,31.21,24.92,1.7,89.15,0.89,3.49,Meghna_Bhairab Bazar
2020-09-09,3.3,32.56,25.52,1.19,86.53,0.88,5.58,Meghna_Bhairab Bazar
2020-09-10,11.8,31.05,26.36,1.84,89.67,0.88,2.89,Meghna_Bhairab Bazar
2020-09-11,17.57,30.09,25.71,1.67,91.53,0.89,1.9,Meghna_Bhairab Bazar
2020-09-12,10.89,31.83,25.49,1.62,89.44,0.89,4.11,Meghna_Bhairab Bazar
2020-09-13,13.1,31.54,25.61,1.89,90.53,0.89,3.58,Meghna_Bhairab Bazar
2020-09-14,8.81,31.28,25.43,1.67,90.28,0.89,3.39,Meghna_Bhairab Bazar
2020-09-15,12.86,31.24,25.54,1.64,90.02,0.89,3.69,Meghna_Bhairab Bazar
2020-09-16,7.5,29.57,25.87,2.0,92.96,0.9,1.26,Meghna_Bhairab Bazar
2020-09-17,17.01,31.36,25.77,1.51,89.57,0.9,2.77,Meghna_Bhairab Bazar
2020-09-18,2.03,33.2,25.36,0.72,82.44,0.9,7.07,Meghna_Bhairab Bazar
2020-09-19,0.3,33.85,26.55,1.13,84.19,0.89,5.53,Meghna_Bhairab Bazar
2020-09-20,1.97,34.66,26.94,1.41,82.72,0.88,6.96,Meghna_Bhairab Bazar
2020-09-21,34.01,31.04,25.25,2.82,89.97,0.9,3.25,Meghna_Bhairab Bazar
2020-09-22,28.15,29.26,25.72,2.9,94.84,0.91,0.67,Meghna_Bhairab Bazar
2020-09-23,24.72,29.43,26.18,2.38,94.75,0.91,0.86,Meghna_Bhairab Bazar
2020-09-24,17.96,29.48,25.98,2.78,93.87,0.93,1.31,Meghna_Bhairab Bazar
2020-09-25,41.85,29.68,25.94,2.77,94.43,0.93,1.05,Meghna_Bhairab Bazar
2020-09-26,20.19,30.05,26.04,2.78,94.08,0.95,1.31,Meghna_Bhairab Bazar
2020-09-27,13.03,29.66,25.88,2.01,91.99,0.95,1.95,Meghna_Bhairab Bazar
2020-09-28,2.16,31.86,25.2,0.84,86.76,0.94,5.5,Meghna_Bhairab Bazar
2020-09-29,0.83,31.01,25.91,0.73,88.07,0.93,3.66,Meghna_Bhairab Bazar
2020-09-30,2.5,31.85,25.7,0.59,85.11,0.93,5.5,Meghna_Bhairab Bazar
2020-10-01,4.27,31.44,25.83,1.02,87.11,0.93,4.7,Meghna_Bhairab Bazar
2020-10-02,15.34,31.48,25.65,1.15,89.14,0.93,4.55,Meghna_Bhairab Bazar
2020-10-03,15.62,31.56,25.43,1.17,88.51,0.93,4.14,Meghna_Bhairab Bazar
2020-10-04,9.0,30.47,25.61,1.07,89.46,0.93,2.45,Meghna_Bhairab Bazar
2020-10-05,7.0,29.72,25.45,1.05,90.11,0.93,1.94,Meghna_Bhairab Bazar
2020-10-06,44.51,28.85,24.91,1.09,91.29,0.94,1.39,Meghna_Bhairab Bazar
2020-10-07,10.88,30.68,24.23,1.09,88.05,0.95,4.21,Meghna_Bhairab Bazar
2020-10-08,7.84,32.09,23.75,0.75,80.42,0.94,6.54,Meghna_Bhairab Bazar
2020-10-09,0.7,33.12,25.73,0.8,82.77,0.94,6.81,Meghna_Bhairab Bazar
2020-10-10,0.16,32.67,25.91,0.78,85.28,0.93,6.92,Meghna_Bhairab Bazar
2020-10-11,1.36,33.67,26.71,0.52,78.86,0.92,7.56,Meghna_Bhairab Bazar
2020-10-12,3.58,33.08,26.55,0.54,78.91,0.92,7.17,Meghna_Bhairab Bazar
2020-10-13,5.47,32.59,25.96,0.56,80.78,0.91,5.91,Meghna_Bhairab Bazar
2020-10-14,10.29,31.57,26.04,0.71,87.21,0.92,2.88,Meghna_Bhairab Bazar
2020-10-15,0.25,32.79,25.28,0.66,82.61,0.91,7.14,Meghna_Bhairab Bazar
2020-10-16,0.0,32.89,25.4,0.63,79.25,0.91,6.9,Meghna_Bhairab Bazar
2020-10-17,0.93,33.19,25.83,0.5,79.89,0.9,8.0,Meghna_Bhairab Bazar
2020-10-18,6.45,29.81,25.37,1.32,91.93,0.9,1.75,Meghna_Bhairab Bazar
2020-10-19,0.68,31.18,24.11,0.71,83.84,0.9,5.55,Meghna_Bhairab Bazar
2020-10-20,3.21,31.9,24.2,1.15,85.54,0.89,5.47,Meghna_Bhairab Bazar
2020-10-21,14.42,28.65,23.65,1.09,91.72,0.89,1.61,Meghna_Bhairab Bazar
2020-10-22,21.8,26.96,23.81,2.17,94.08,0.9,0.66,Meghna_Bhairab Bazar
2020-10-23,91.72,27.86,23.35,4.22,94.75,0.94,0.49,Meghna_Bhairab Bazar
2020-10-24,9.76,29.18,24.38,2.84,92.54,0.96,2.51,Meghna_Bhairab Bazar
2020-10-25,4.83,29.72,23.29,1.08,88.32,0.95,3.88,Meghna_Bhairab Bazar
2020-10-26,0.5,30.26,23.06,0.89,84.57,0.94,4.94,Meghna_Bhairab Bazar
2020-10-27,0.0,30.11,22.5,1.16,86.1,0.93,5.13,Meghna_Bhairab Bazar
2020-10-28,0.0,30.7,21.85,0.91,83.28,0.92,6.41,Meghna_Bhairab Bazar
2020-10-29,1.01,31.47,23.58,0.92,83.42,0.92,5.66,Meghna_Bhairab Bazar
2020-10-30,2.44,31.34,23.96,1.02,84.59,0.91,3.82,Meghna_Bhairab Bazar
2020-10-31,34.8,27.58,24.37,1.25,94.0,0.93,0.34,Meghna_Bhairab Bazar
2020-11-01,6.92,29.0,23.76,1.26,88.94,0.93,2.48,Meghna_Bhairab Bazar
2020-11-02,4.82,29.44,23.35,1.1,90.43,0.93,2.75,Meghna_Bhairab Bazar
2020-11-03,1.5,29.47,23.63,1.2,89.97,0.92,3.48,Meghna_Bhairab Bazar
2020-11-04,1.84,28.99,21.23,1.0,80.67,0.92,3.91,Meghna_Bhairab Bazar
2020-11-05,0.0,29.31,19.05,1.0,73.35,0.92,4.59,Meghna_Bhairab Bazar
2020-11-06,0.0,26.54,16.93,1.22,70.47,0.91,3.95,Meghna_Bhairab Bazar
2020-11-07,0.0,28.12,16.35,0.83,71.13,0.91,4.94,Meghna_Bhairab Bazar
2020-11-08,0.0,29.3,18.8,1.04,80.76,0.9,4.88,Meghna_Bhairab Bazar
2020-11-09,0.0,29.02,19.59,0.96,81.74,0.9,5.18,Meghna_Bhairab Bazar
2020-11-10,0.0,28.75,19.48,1.23,82.69,0.89,4.67,Meghna_Bhairab Bazar
2020-11-11,0.0,29.11,19.04,1.33,84.98,0.89,4.52,Meghna_Bhairab Bazar
2020-11-12,0.0,30.4,20.27,0.77,79.6,0.88,5.78,Meghna_Bhairab Bazar
2020-11-13,0.0,30.15,20.36,0.88,81.11,0.88,5.38,Meghna_Bhairab Bazar
2020-11-14,0.0,29.5,20.75,0.83,80.59,0.87,5.34,Meghna_Bhairab Bazar
2020-11-15,0.0,29.0,19.67,0.69,82.3,0.87,5.68,Meghna_Bhairab Bazar
2020-11-16,0.0,28.74,20.05,0.73,82.51,0.86,5.11,Meghna_Bhairab Bazar
2020-11-17,0.0,27.19,20.22,1.06,81.38,0.86,3.73,Meghna_Bhairab Bazar
2020-11-18,0.0,26.75,18.74,0.81,75.09,0.85,4.15,Meghna_Bhairab Bazar
2020-11-19,0.0,25.97,16.7,1.15,81.14,0.85,3.34,Meghna_Bhairab Bazar
2020-11-20,0.01,27.06,17.45,1.08,83.23,0.84,3.64,Meghna_Bhairab Bazar
2020-11-21,1.62,27.52,18.14,0.77,84.92,0.84,3.26,Meghna_Bhairab Bazar
2020-11-22,1.14,25.16,15.63,1.47,81.45,0.83,2.87,Meghna_Bhairab Bazar
2020-11-23,0.0,24.01,12.82,1.24,76.04,0.83,3.25,Meghna_Bhairab Bazar
2020-11-24,0.0,25.16,14.67,0.73,76.35,0.82,4.04,Meghna_Bhairab Bazar
2020-11-25,0.0,26.51,15.09,0.88,84.26,0.82,4.02,Meghna_Bhairab Bazar
2020-11-26,0.0,26.43,17.14,0.9,87.59,0.81,3.21,Meghna_Bhairab Bazar
2020-11-27,0.0,26.23,16.65,1.09,85.67,0.81,3.44,Meghna_Bhairab Bazar
2020-11-28,0.0,27.25,16.48,0.86,84.25,0.8,3.81,Meghna_Bhairab Bazar
2020-11-29,0.0,27.72,16.82,0.98,85.63,0.8,4.19,Meghna_Bhairab Bazar
2020-11-30,0.0,27.41,15.56,0.91,84.42,0.79,4.17,Meghna_Bhairab Bazar
2020-12-01,0.0,27.27,17.24,0.88,81.13,0.79,4.14,Meghna_Bhairab Bazar
2020-12-02,0.0,26.46,18.02,0.61,78.06,0.78,4.15,Meghna_Bhairab Bazar
2020-12-03,0.0,25.87,16.88,0.62,76.66,0.78,3.55,Meghna_Bhairab Bazar
2020-12-04,0.0,25.44,16.54,0.64,76.98,0.77,3.78,Meghna_Bhairab Bazar
2020-12-05,0.0,24.87,15.63,0.74,78.15,0.77,2.38,Meghna_Bhairab Bazar
2020-12-06,0.0,25.23,15.12,0.64,78.45,0.77,2.4,Meghna_Bhairab Bazar
2020-12-07,0.0,24.52,15.32,0.92,86.74,0.76,2.15,Meghna_Bhairab Bazar
2020-12-08,0.0,24.17,14.38,0.72,82.8,0.76,2.59,Meghna_Bhairab Bazar
2020-12-09,0.0,23.83,15.67,0.52,79.89,0.76,2.52,Meghna_Bhairab Bazar
2020-12-10,0.0,23.5,15.49,0.66,83.39,0.75,2.49,Meghna_Bhairab Bazar
2020-12-11,0.0,23.4,14.77,0.86,85.88,0.75,2.62,Meghna_Bhairab Bazar
2020-12-12,0.0,22.85,14.75,0.79,85.97,0.74,2.67,Meghna_Bhairab Bazar
2020-12-13,0.0,23.76,14.55,0.95,84.79,0.74,2.69,Meghna_Bhairab Bazar
2020-12-14,0.0,23.89,14.09,1.26,86.01,0.74,2.46,Meghna_Bhairab Bazar
2020-12-15,0.0,23.78,12.93,1.27,87.85,0.73,2.44,Meghna_Bhairab Bazar
2020-12-16,0.0,24.05,13.87,1.19,85.74,0.73,2.57,Meghna_Bhairab Bazar
2020-12-17,0.0,23.42,13.38,1.17,85.99,0.72,2.43,Meghna_Bhairab Bazar
2020-12-18,0.0,22.07,12.38,1.23,83.95,0.72,2.35,Meghna_Bhairab Bazar
2020-12-19,0.0,20.66,9.42,1.48,82.84,0.72,2.25,Meghna_Bhairab Bazar
2020-12-20,0.0,21.61,8.9,0.85,76.01,0.71,2.76,Meghna_Bhairab Bazar
2020-12-21,0.0,22.36,10.96,0.67,80.04,0.71,2.75,Meghna_Bhairab Bazar
2020-12-22,0.0,22.49,11.46,0.72,76.71,0.71,2.62,Meghna_Bhairab Bazar
2020-12-23,0.07,22.87,11.97,0.68,77.77,0.7,2.76,Meghna_Bhairab Bazar
2020-12-24,0.0,23.18,12.64,0.7,76.91,0.7,2.74,Meghna_Bhairab Bazar
2020-12-25,0.0,23.42,12.45,0.95,84.87,0.69,2.79,Meghna_Bhairab Bazar
2020-12-26,0.0,22.93,11.52,1.24,83.77,0.69,2.61,Meghna_Bhairab Bazar
2020-12-27,0.0,22.47,11.8,0.89,75.29,0.68,2.55,Meghna_Bhairab Bazar
2020-12-28,0.0,22.65,12.59,0.87,75.82,0.68,2.56,Meghna_Bhairab Bazar
2020-12-29,0.0,22.18,10.68,1.31,81.27,0.68,2.26,Meghna_Bhairab Bazar
2020-12-30,0.0,23.39,11.77,1.03,75.75,0.67,2.61,Meghna_Bhairab Bazar
2020-12-31,0.0,23.56,11.47,0.81,78.48,0.67,2.69,Meghna_Bhairab Bazar
2021-01-01,0.0,23.93,12.84,0.73,78.22,0.67,2.7,Meghna_Bhairab Bazar
2021-01-02,0.0,23.71,12.71,0.84,79.44,0.66,2.57,Meghna_Bhairab Bazar
2021-01-03,0.0,23.98,13.48,0.8,77.43,0.66,2.26,Meghna_Bhairab Bazar
2021-01-04,0.0,24.71,12.95,0.94,77.73,0.65,2.34,Meghna_Bhairab Bazar
2021-01-05,0.0,25.04,13.61,1.07,79.11,0.65,2.29,Meghna_Bhairab Bazar
2021-01-06,0.0,26.28,13.92,1.05,79.23,0.65,2.43,Meghna_Bhairab Bazar
2021-01-07,0.0,27.25,15.4,1.03,76.4,0.64,2.48,Meghna_Bhairab Bazar
2021-01-08,0.0,26.21,13.99,1.31,77.5,0.64,2.13,Meghna_Bhairab Bazar
2021-01-09,0.0,24.98,15.44,1.03,76.46,0.63,2.02,Meghna_Bhairab Bazar
2021-01-10,0.0,24.87,14.39,0.87,79.75,0.63,1.73,Meghna_Bhairab Bazar
2021-01-11,0.0,25.74,15.85,0.87,81.5,0.63,1.84,Meghna_Bhairab Bazar
2021-01-12,0.0,24.07,14.85,1.25,83.69,0.62,1.72,Meghna_Bhairab Bazar
2021-01-13,0.0,22.86,12.32,1.3,77.24,0.62,1.82,Meghna_Bhairab Bazar
2021-01-14,0.0,22.19,10.42,1.13,70.28,0.62,1.72,Meghna_Bhairab Bazar
2021-01-15,0.04,21.47,12.02,1.0,71.65,0.61,1.34,Meghna_Bhairab Bazar
2021-01-16,0.0,22.13,11.16,1.06,73.69,0.61,1.37,Meghna_Bhairab Bazar
2021-01-17,0.0,22.2,12.61,1.11,75.5,0.61,1.23,Meghna_Bhairab Bazar
2021-01-18,0.0,24.39,12.13,0.92,78.91,0.61,1.57,Meghna_Bhairab Bazar
2021-01-19,0.0,22.21,11.59,1.25,81.59,0.6,1.13,Meghna_Bhairab Bazar
2021-01-20,2.98,22.31,13.05,1.2,88.91,0.6,0.7,Meghna_Bhairab Bazar
2021-01-21,0.37,24.14,13.74,1.11,72.16,0.6,1.58,Meghna_Bhairab Bazar
2021-01-22,0.95,23.34,10.52,1.25,73.48,0.6,1.53,Meghna_Bhairab Bazar
2021-01-23,0.0,22.32,12.2,0.91,72.32,0.6,1.52,Meghna_Bhairab Bazar
2021-01-24,0.0,23.59,11.77,0.83,69.17,0.59,1.49,Meghna_Bhairab Bazar
2021-01-25,0.0,23.57,10.68,1.34,75.77,0.59,1.57,Meghna_Bhairab Bazar
2021-01-26,0.0,23.69,10.83,1.53,73.41,0.59,1.64,Meghna_Bhairab Bazar
2021-01-27,0.0,23.39,9.49,1.63,71.18,0.58,1.57,Meghna_Bhairab Bazar
2021-01-28,0.0,24.19,9.33,1.02,66.31,0.58,1.65,Meghna_Bhairab Bazar
2021-01-29,0.0,24.8,10.89,1.09,66.66,0.57,1.67,Meghna_Bhairab Bazar
2021-01-30,0.0,24.2,10.64,1.43,67.1,0.57,1.32,Meghna_Bhairab Bazar
2021-01-31,0.0,21.8,8.34,1.38,59.05,0.57,1.34,Meghna_Bhairab Bazar
2021-02-01,0.0,22.77,8.67,1.48,63.41,0.56,1.3,Meghna_Bhairab Bazar
2021-02-02,0.0,23.71,8.93,1.68,63.43,0.56,1.13,Meghna_Bhairab Bazar
2021-02-03,0.0,26.17,10.28,1.27,63.82,0.56,1.46,Meghna_Bhairab Bazar
2021-02-04,0.0,27.15,11.94,1.2,61.67,0.55,1.58,Meghna_Bhairab Bazar
2021-02-05,0.0,26.93,12.06,0.78,55.26,0.55,1.72,Meghna_Bhairab Bazar
2021-02-06,0.0,27.18,13.86,1.19,59.7,0.54,1.6,Meghna_Bhairab Bazar
2021-02-07,0.02,25.25,13.89,1.95,68.05,0.54,1.15,Meghna_Bhairab Bazar
2021-02-08,0.0,26.81,12.5,2.01,62.14,0.54,1.4,Meghna_Bhairab Bazar
2021-02-09,0.0,27.85,11.84,1.54,62.11,0.53,1.42,Meghna_Bhairab Bazar
2021-02-10,0.0,27.93,13.21,1.21,52.87,0.53,1.46,Meghna_Bhairab Bazar
2021-02-11,0.0,26.91,14.58,1.04,50.02,0.53,1.04,Meghna_Bhairab Bazar
2021-02-12,0.0,27.42,14.71,1.0,50.34,0.52,1.1,Meghna_Bhairab Bazar
2021-02-13,0.0,27.8,14.57,1.27,54.66,0.52,1.16,Meghna_Bhairab Bazar
2021-02-14,0.0,27.71,14.22,1.22,57.37,0.52,1.08,Meghna_Bhairab Bazar
2021-02-15,0.0,28.1,15.12,0.98,49.66,0.52,1.08,Meghna_Bhairab Bazar
2021-02-16,0.0,28.48,13.61,1.32,50.09,0.51,1.13,Meghna_Bhairab Bazar
2021-02-17,0.0,29.49,14.23,1.62,52.21,0.51,1.19,Meghna_Bhairab Bazar
2021-02-18,0.0,31.33,16.56,1.21,53.5,0.5,1.3,Meghna_Bhairab Bazar
2021-02-19,0.0,29.08,16.98,0.81,59.14,0.5,0.93,Meghna_Bhairab Bazar
2021-02-20,0.0,26.88,18.05,0.98,59.08,0.5,0.54,Meghna_Bhairab Bazar
2021-02-21,0.0,30.4,15.72,1.42,50.14,0.5,1.26,Meghna_Bhairab Bazar
2021-02-22,0.0,30.31,13.74,1.6,49.92,0.49,1.23,Meghna_Bhairab Bazar
2021-02-23,0.0,31.04,15.98,1.52,48.57,0.49,1.21,Meghna_Bhairab Bazar
2021-02-24,0.0,30.41,16.55,1.22,48.95,0.48,0.96,Meghna_Bhairab Bazar
2021-02-25,0.0,30.93,16.87,1.29,58.24,0.48,1.0,Meghna_Bhairab Bazar
2021-02-26,0.0,32.38,16.25,1.53,63.96,0.48,1.11,Meghna_Bhairab Bazar
2021-02-27,0.0,31.91,16.51,1.68,69.51,0.48,1.06,Meghna_Bhairab Bazar
2021-02-28,0.0,33.32,17.61,1.93,67.82,0.47,1.13,Meghna_Bhairab Bazar
2021-03-01,0.0,33.69,17.81,1.94,70.06,0.47,1.04,Meghna_Bhairab Bazar
2021-03-02,0.0,33.38,18.88,1.29,60.07,0.46,1.11,Meghna_Bhairab Bazar
2021-03-03,0.0,32.85,20.08,1.15,52.94,0.46,1.09,Meghna_Bhairab Bazar
2021-03-04,0.0,32.01,16.27,1.59,43.9,0.46,0.93,Meghna_Bhairab Bazar
2021-03-05,0.03,32.21,17.29,2.54,70.49,0.45,0.85,Meghna_Bhairab Bazar
2021-03-06,5.38,31.45,20.46,2.57,77.88,0.45,0.71,Meghna_Bhairab Bazar
2021-03-07,4.88,31.86,20.43,1.74,69.89,0.46,0.93,Meghna_Bhairab Bazar
2021-03-08,8.68,30.99,18.92,1.03,71.0,0.47,0.95,Meghna_Bhairab Bazar
2021-03-09,5.84,32.89,19.49,2.05,71.51,0.48,1.06,Meghna_Bhairab Bazar
2021-03-10,18.23,31.97,21.41,1.55,75.49,0.5,1.37,Meghna_Bhairab Bazar
2021-03-11,0.0,32.83,20.15,1.24,66.91,0.5,1.59,Meghna_Bhairab Bazar
2021-03-12,0.0,34.57,20.74,1.22,61.08,0.49,1.61,Meghna_Bhairab Bazar
2021-03-13,1.64,34.15,21.03,1.74,58.33,0.48,1.43,Meghna_Bhairab Bazar
2021-03-14,0.15,33.41,20.02,1.74,56.44,0.48,1.41,Meghna_Bhairab Bazar
2021-03-15,0.23,32.84,19.4,1.41,55.18,0.48,1.37,Meghna_Bhairab Bazar
2021-03-16,0.0,34.09,19.46,1.37,47.85,0.47,1.37,Meghna_Bhairab Bazar
2021-03-17,0.0,34.12,19.13,1.43,37.79,0.47,1.22,Meghna_Bhairab Bazar
2021-03-18,0.0,35.14,19.05,1.08,35.0,0.46,1.19,Meghna_Bhairab Bazar
2021-03-19,0.0,34.97,19.77,1.14,40.87,0.46,1.07,Meghna_Bhairab Bazar
2021-03-20,0.0,33.38,22.96,0.98,44.75,0.46,0.74,Meghna_Bhairab Bazar
2021-03-21,0.0,36.35,22.02,1.25,45.87,0.45,1.04,Meghna_Bhairab Bazar
2021-03-22,0.0,37.52,23.36,1.39,42.75,0.45,1.07,Meghna_Bhairab Bazar
2021-03-23,0.0,37.83,21.02,1.51,42.12,0.44,1.03,Meghna_Bhairab Bazar
2021-03-24,0.0,37.2,22.35,1.69,40.64,0.44,0.83,Meghna_Bhairab Bazar
2021-03-25,0.0,37.35,22.4,1.63,40.23,0.44,0.91,Meghna_Bhairab Bazar
2021-03-26,0.0,36.74,21.36,1.56,35.73,0.43,0.77,Meghna_Bhairab Bazar
2021-03-27,0.0,36.83,21.55,1.45,34.28,0.43,0.74,Meghna_Bhairab Bazar
2021-03-28,0.0,36.44,20.09,1.06,32.93,0.42,0.66,Meghna_Bhairab Bazar
2021-03-29,0.55,36.92,21.71,2.18,55.25,0.42,0.62,Meghna_Bhairab Bazar
2021-03-30,13.33,35.74,23.35,2.73,68.05,0.44,0.77,Meghna_Bhairab Bazar
2021-03-31,8.56,35.96,24.33,4.45,74.77,0.44,0.78,Meghna_Bhairab Bazar
2021-04-01,10.9,35.69,24.21,3.39,72.2,0.46,1.21,Meghna_Bhairab Bazar
2021-04-02,0.88,35.34,23.4,2.63,66.15,0.46,1.07,Meghna_Bhairab Bazar
2021-04-03,0.72,36.58,20.83,1.11,58.52,0.45,1.27,Meghna_Bhairab Bazar
2021-04-04,0.64,36.16,21.17,1.0,51.5,0.45,0.91,Meghna_Bhairab Bazar
2021-04-05,0.18,36.41,22.35,1.15,45.66,0.45,1.0,Meghna_Bhairab Bazar
2021-04-06,0.82,36.92,20.57,1.46,42.56,0.44,0.94,Meghna_Bhairab Bazar
2021-04-07,0.0,36.4,22.22,2.26,59.94,0.44,0.85,Meghna_Bhairab Bazar
2021-04-08,0.47,36.39,22.96,2.1,63.42,0.43,0.83,Meghna_Bhairab Bazar
2021-04-09,4.4,36.34,23.69,1.47,60.47,0.44,0.82,Meghna_Bhairab Bazar
2021-04-10,6.4,35.64,23.16,1.45,58.03,0.44,0.77,Meghna_Bhairab Bazar
2021-04-11,0.26,37.92,23.68,1.66,55.94,0.44,0.96,Meghna_Bhairab Bazar
2021-04-12,0.18,38.9,26.36,2.0,51.71,0.43,0.9,Meghna_Bhairab Bazar
2021-04-13,0.0,39.63,25.73,2.06,46.28,0.43,0.88,Meghna_Bhairab Bazar
2021-04-14,0.03,38.81,23.81,1.54,49.56,0.43,0.8,Meghna_Bhairab Bazar
2021-04-15,0.3,35.0,24.38,2.05,60.92,0.42,0.46,Meghna_Bhairab Bazar
2021-04-16,1.83,34.23,24.23,1.51,59.61,0.42,0.46,Meghna_Bhairab Bazar
2021-04-17,20.4,34.46,22.4,0.88,63.94,0.45,1.16,Meghna_Bhairab Bazar
2021-04-18,19.13,33.95,22.98,1.72,63.85,0.47,1.46,Meghna_Bhairab Bazar
2021-04-19,4.18,36.83,23.48,2.78,60.27,0.48,1.67,Meghna_Bhairab Bazar
2021-04-20,3.74,37.45,22.89,2.4,61.42,0.47,1.6,Meghna_Bhairab Bazar
2021-04-21,0.75,35.75,23.45,1.44,63.99,0.47,1.14,Meghna_Bhairab Bazar
2021-04-22,2.0,37.17,24.54,1.47,60.13,0.46,1.44,Meghna_Bhairab Bazar
2021-04-23,0.12,37.06,24.51,1.59,53.22,0.46,1.38,Meghna_Bhairab Bazar
2021-04-24,0.0,38.21,22.89,1.55,43.62,0.45,1.27,Meghna_Bhairab Bazar
2021-04-25,0.0,38.88,22.37,1.31,44.96,0.45,1.21,Meghna_Bhairab Bazar
2021-04-26,0.0,39.56,23.56,1.29,46.93,0.44,1.08,Meghna_Bhairab Bazar
2021-04-27,0.0,38.84,26.29,1.92,55.03,0.44,0.92,Meghna_Bhairab Bazar
2021-04-28,0.04,37.88,26.58,1.61,57.69,0.44,0.84,Meghna_Bhairab Bazar
2021-04-29,0.1,35.13,26.4,0.88,52.4,0.43,0.49,Meghna_Bhairab Bazar
2021-04-30,0.28,37.63,26.03,0.94,47.86,0.43,0.72,Meghna_Bhairab Bazar
2021-05-01,1.57,37.11,25.33,1.1,56.34,0.43,0.85,Meghna_Bhairab Bazar
2021-05-02,3.38,36.93,25.49,1.59,56.38,0.43,0.79,Meghna_Bhairab Bazar
2021-05-03,12.65,28.95,24.45,1.72,78.41,0.44,0.27,Meghna_Bhairab Bazar
2021-05-04,15.99,29.73,22.92,0.89,76.15,0.46,0.44,Meghna_Bhairab Bazar
2021-05-05,13.65,29.34,23.33,1.08,74.12,0.48,0.69,Meghna_Bhairab Bazar
2021-05-06,1.26,33.8,22.25,1.2,63.21,0.49,1.38,Meghna_Bhairab Bazar
2021-05-07,6.59,33.95,23.0,1.23,64.36,0.49,1.35,Meghna_Bhairab Bazar
2021-05-08,9.62,32.91,23.73,0.91,66.96,0.49,1.72,Meghna_Bhairab Bazar
2021-05-09,2.56,35.32,23.09,1.16,63.94,0.49,1.82,Meghna_Bhairab Bazar
2021-05-10,22.92,33.48,24.48,1.6,70.05,0.51,2.03,Meghna_Bhairab Bazar
2021-05-11,22.79,31.57,24.25,0.92,75.0,0.54,1.86,Meghna_Bhairab Bazar
2021-05-12,9.89,31.25,24.65,0.77,74.79,0.55,2.22,Meghna_Bhairab Bazar
2021-05-13,19.11,32.03,23.25,1.84,78.91,0.56,2.25,Meghna_Bhairab Bazar
2021-05-14,24.4,32.34,23.86,2.07,79.39,0.59,2.78,Meghna_Bhairab Bazar
2021-05-15,14.28,35.16,24.24,2.49,75.6,0.6,4.31,Meghna_Bhairab Bazar
2021-05-16,21.96,34.26,25.49,1.67,75.55,0.61,4.26,Meghna_Bhairab Bazar
2021-05-17,8.17,35.48,24.9,1.65,72.28,0.62,4.64,Meghna_Bhairab Bazar
2021-05-18,6.98,35.02,26.12,2.13,77.94,0.61,4.25,Meghna_Bhairab Bazar
2021-05-19,1.82,33.03,26.74,2.19,80.41,0.61,3.08,Meghna_Bhairab Bazar
2021-05-20,2.48,33.23,27.24,1.85,81.36,0.61,2.2,Meghna_Bhairab Bazar
2021-05-21,8.57,34.56,27.07,2.29,79.2,0.61,3.05,Meghna_Bhairab Bazar
2021-05-22,1.46,35.65,26.49,2.01,76.77,0.6,4.22,Meghna_Bhairab Bazar
2021-05-23,0.0,35.13,27.2,1.01,75.62,0.6,3.77,Meghna_Bhairab Bazar
2021-05-24,3.93,33.17,27.05,1.38,80.36,0.59,1.63,Meghna_Bhairab Bazar
2021-05-25,35.33,34.18,26.53,1.7,80.71,0.62,4.05,Meghna_Bhairab Bazar
2021-05-26,4.98,32.65,25.38,3.54,80.54,0.63,4.99,Meghna_Bhairab Bazar
2021-05-27,1.09,32.83,23.64,3.22,77.69,0.62,4.02,Meghna_Bhairab Bazar
2021-05-28,5.08,35.0,25.42,1.96,76.63,0.62,5.02,Meghna_Bhairab Bazar
2021-05-29,0.33,34.8,25.41,1.73,76.28,0.61,5.19,Meghna_Bhairab Bazar
2021-05-30,1.95,34.31,26.65,2.22,77.3,0.6,3.94,Meghna_Bhairab Bazar
2021-05-31,36.7,30.77,26.74,3.08,88.19,0.62,1.21,Meghna_Bhairab Bazar
2021-06-01,22.31,30.93,26.5,2.41,89.2,0.66,1.94,Meghna_Bhairab Bazar
2021-06-02,21.46,29.16,25.94,2.0,90.5,0.69,1.64,Meghna_Bhairab Bazar
2021-06-03,3.69,32.12,25.92,2.46,87.04,0.68,4.12,Meghna_Bhairab Bazar
2021-06-04,4.24,31.83,26.87,2.3,87.17,0.68,3.17,Meghna_Bhairab Bazar
2021-06-05,57.92,30.24,27.06,2.17,92.47,0.7,0.98,Meghna_Bhairab Bazar
2021-06-06,23.42,31.75,26.88,2.48,89.98,0.73,2.21,Meghna_Bhairab Bazar
2021-06-07,20.03,31.51,26.43,3.03,90.51,0.75,2.18,Meghna_Bhairab Bazar
2021-06-08,17.9,29.5,26.22,2.47,93.34,0.76,0.95,Meghna_Bhairab Bazar
2021-06-09,4.91,29.79,25.71,1.97,89.44,0.77,1.59,Meghna_Bhairab Bazar
2021-06-10,9.19,30.58,25.45,0.98,84.9,0.76,2.52,Meghna_Bhairab Bazar
2021-06-11,14.65,29.57,25.24,2.16,90.34,0.77,2.01,Meghna_Bhairab Bazar
2021-06-12,15.68,31.42,25.48,2.51,89.43,0.78,1.83,Meghna_Bhairab Bazar
2021-06-13,8.91,32.94,25.95,2.33,86.35,0.79,5.23,Meghna_Bhairab Bazar
2021-06-14,4.28,31.94,26.33,3.61,88.34,0.78,3.67,Meghna_Bhairab Bazar
2021-06-15,5.48,33.03,25.84,2.87,88.73,0.77,4.37,Meghna_Bhairab Bazar
2021-06-16,5.19,31.53,25.92,3.62,86.03,0.77,5.08,Meghna_Bhairab Bazar
2021-06-17,4.76,31.37,24.53,3.41,87.98,0.76,4.76,Meghna_Bhairab Bazar
2021-06-18,26.49,30.91,23.5,2.94,88.02,0.77,3.74,Meghna_Bhairab Bazar
2021-06-19,17.19,30.12,24.74,2.66,87.74,0.78,3.17,Meghna_Bhairab Bazar
2021-06-20,7.79,29.27,24.58,2.86,90.94,0.79,1.62,Meghna_Bhairab Bazar
2021-06-21,7.14,31.63,24.39,2.91,88.61,0.78,4.26,Meghna_Bhairab Bazar
2021-06-22,3.48,31.34,24.73,2.86,86.96,0.78,5.0,Meghna_Bhairab Bazar
2021-06-23,2.3,32.84,24.32,2.63,87.12,0.77,4.76,Meghna_Bhairab Bazar
2021-06-24,6.46,32.22,25.0,2.94,87.3,0.76,4.99,Meghna_Bhairab Bazar
2021-06-25,3.38,31.49,24.97,2.84,86.52,0.75,5.34,Meghna_Bhairab Bazar
2021-06-26,6.63,32.51,24.97,2.91,87.52,0.75,4.93,Meghna_Bhairab Bazar
2021-06-27,2.59,32.14,25.47,2.86,86.82,0.74,5.67,Meghna_Bhairab Bazar
2021-06-28,13.58,30.84,25.82,3.02,89.91,0.74,2.96,Meghna_Bhairab Bazar
2021-06-29,10.27,30.95,26.25,3.27,90.7,0.74,2.62,Meghna_Bhairab Bazar
2021-06-30,50.47,31.34,26.67,3.28,90.02,0.77,2.87,Meghna_Bhairab Bazar
2021-07-01,53.54,31.73,24.1,3.81,90.24,0.84,2.82,Meghna_Bhairab Bazar
2021-07-02,25.43,29.71,25.55,4.06,89.06,0.85,2.28,Meghna_Bhairab Bazar
2021-07-03,17.76,30.9,26.02,3.98,90.04,0.85,2.82,Meghna_Bhairab Bazar
2021-07-04,8.68,33.0,25.51,2.29,87.51,0.85,4.14,Meghna_Bhairab Bazar
2021-07-05,2.85,32.25,25.87,3.15,87.7,0.84,4.34,Meghna_Bhairab Bazar
2021-07-06,39.06,31.92,26.6,2.49,88.99,0.85,3.01,Meghna_Bhairab Bazar
2021-07-07,15.14,31.41,26.51,2.9,90.24,0.87,2.57,Meghna_Bhairab Bazar
2021-07-08,3.29,32.2,25.9,2.6,88.64,0.86,4.01,Meghna_Bhairab Bazar
2021-07-09,1.06,32.59,25.44,2.14,87.54,0.85,4.57,Meghna_Bhairab Bazar
2021-07-10,8.27,31.93,25.83,1.27,85.97,0.85,2.88,Meghna_Bhairab Bazar
2021-07-11,29.22,32.46,26.69,0.8,83.89,0.87,3.36,Meghna_Bhairab Bazar
2021-07-12,10.47,32.69,26.24,1.07,84.77,0.87,3.68,Meghna_Bhairab Bazar
2021-07-13,15.18,31.46,25.93,2.17,89.84,0.88,2.67,Meghna_Bhairab Bazar
2021-07-14,5.88,31.65,25.46,2.25,87.0,0.88,3.67,Meghna_Bhairab Bazar
2021-07-15,1.94,31.94,25.28,1.36,86.25,0.86,3.46,Meghna_Bhairab Bazar
2021-07-16,18.92,29.36,26.04,1.45,86.8,0.86,1.94,Meghna_Bhairab Bazar
2021-07-17,4.38,32.05,25.81,1.89,89.41,0.87,2.85,Meghna_Bhairab Bazar
2021-07-18,12.81,30.57,25.65,1.57,90.45,0.87,1.87,Meghna_Bhairab Bazar
2021-07-19,24.72,29.39,25.9,1.7,91.45,0.89,1.22,Meghna_Bhairab Bazar
2021-07-20,17.04,32.31,25.34,1.36,86.0,0.89,4.14,Meghna_Bhairab Bazar
2021-07-21,7.54,30.91,25.83,1.46,87.88,0.89,2.65,Meghna_Bhairab Bazar
2021-07-22,20.8,33.07,25.92,2.12,86.59,0.89,4.59,Meghna_Bhairab Bazar
2021-07-23,6.73,30.74,26.04,3.25,91.31,0.89,1.89,Meghna_Bhairab Bazar
2021-07-24,18.68,31.63,25.83,3.43,90.11,0.89,2.76,Meghna_Bhairab Bazar
2021-07-25,8.01,31.61,25.9,2.61,90.35,0.89,2.8,Meghna_Bhairab Bazar
2021-07-26,0.94,32.92,26.04,1.89,87.44,0.88,4.51,Meghna_Bhairab Bazar
2021-07-27,2.95,33.34,26.91,1.82,87.67,0.88,3.35,Meghna_Bhairab Bazar
2021-07-28,13.91,31.63,26.96,3.16,90.73,0.88,2.08,Meghna_Bhairab Bazar
2021-07-29,17.33,30.71,25.92,4.71,90.67,0.88,2.41,Meghna_Bhairab Bazar
2021-07-30,13.24,31.56,25.94,4.05,89.53,0.89,3.33,Meghna_Bhairab Bazar
2021-07-31,8.64,31.15,25.86,3.25,91.08,0.88,2.21,Meghna_Bhairab Bazar
2021-08-01,17.08,31.56,25.67,2.33,90.52,0.88,2.96,Meghna_Bhairab Bazar
2021-08-02,6.37,31.2,26.12,2.46,89.86,0.89,3.49,Meghna_Bhairab Bazar
2021-08-03,29.32,32.42,25.36,2.09,86.99,0.9,4.23,Meghna_Bhairab Bazar
2021-08-04,9.3,32.86,25.84,1.93,86.65,0.9,4.59,Meghna_Bhairab Bazar
2021-08-05,7.2,33.49,26.03,1.12,82.76,0.89,5.73,Meghna_Bhairab Bazar
2021-08-06,19.03,29.89,26.59,4.11,92.43,0.89,1.37,Meghna_Bhairab Bazar
2021-08-07,31.09,30.53,26.12,3.53,91.68,0.91,1.95,Meghna_Bhairab Bazar
2021-08-08,9.21,32.06,26.36,2.68,89.78,0.9,3.54,Meghna_Bhairab Bazar
2021-08-09,12.89,31.83,25.99,2.28,88.69,0.9,4.13,Meghna_Bhairab Bazar
2021-08-10,9.76,31.61,26.74,2.61,90.43,0.9,3.03,Meghna_Bhairab Bazar
2021-08-11,6.55,31.98,26.76,2.63,89.87,0.9,3.41,Meghna_Bhairab Bazar
2021-08-12,13.84,28.81,26.58,3.32,91.43,0.89,1.72,Meghna_Bhairab Bazar
2021-08-13,15.05,30.37,26.18,2.93,87.51,0.9,3.51,Meghna_Bhairab Bazar
2021-08-14,4.35,32.0,26.24,2.55,88.3,0.9,4.33,Meghna_Bhairab Bazar
2021-08-15,20.34,30.74,25.84,2.19,91.56,0.9,1.81,Meghna_Bhairab Bazar
2021-08-16,6.44,32.16,25.3,1.65,88.11,0.9,4.12,Meghna_Bhairab Bazar
2021-08-17,6.77,31.79,25.31,2.77,90.52,0.89,3.57,Meghna_Bhairab Bazar
2021-08-18,10.02,30.07,25.53,2.83,93.55,0.89,1.19,Meghna_Bhairab Bazar
2021-08-19,5.56,29.81,25.33,2.77,92.2,0.89,1.77,Meghna_Bhairab Bazar
2021-08-20,4.42,31.32,24.75,2.28,90.03,0.89,3.39,Meghna_Bhairab Bazar
2021-08-21,0.82,31.41,24.95,1.58,87.88,0.88,4.64,Meghna_Bhairab Bazar
2021-08-22,5.92,31.46,25.56,2.26,86.31,0.88,4.7,Meghna_Bhairab Bazar
2021-08-23,13.67,31.84,25.94,2.47,88.82,0.88,4.26,Meghna_Bhairab Bazar
2021-08-24,18.37,30.98,26.62,2.09,90.62,0.88,2.9,Meghna_Bhairab Bazar
2021-08-25,19.13,29.7,25.97,2.67,91.41,0.89,2.46,Meghna_Bhairab Bazar
2021-08-26,5.26,30.91,25.61,2.42,90.24,0.89,3.13,Meghna_Bhairab Bazar
2021-08-27,14.71,29.6,25.47,1.61,91.31,0.89,1.37,Meghna_Bhairab Bazar
2021-08-28,16.18,30.08,25.49,1.36,90.6,0.89,2.33,Meghna_Bhairab Bazar
2021-08-29,4.54,30.0,24.91,1.54,91.47,0.9,2.02,Meghna_Bhairab Bazar
2021-08-30,25.84,28.86,25.42,1.14,90.94,0.9,1.48,Meghna_Bhairab Bazar
2021-08-31,4.27,31.97,24.61,1.31,87.53,0.9,5.23,Meghna_Bhairab Bazar
2021-09-01,12.09,28.96,25.33,1.63,93.99,0.9,0.96,Meghna_Bhairab Bazar
2021-09-02,12.93,30.37,25.24,1.06,91.67,0.9,1.38,Meghna_Bhairab Bazar
2021-09-03,1.48,32.22,24.02,1.15,84.94,0.9,6.21,Meghna_Bhairab Bazar
2021-09-04,1.88,33.01,24.55,0.8,81.14,0.89,7.09,Meghna_Bhairab Bazar
2021-09-05,14.91,32.58,25.81,1.02,84.74,0.89,5.23,Meghna_Bhairab Bazar
2021-09-06,15.27,31.25,25.98,1.91,89.21,0.9,3.79,Meghna_Bhairab Bazar
2021-09-07,12.78,31.47,25.17,2.01,89.47,0.9,3.98,Meghna_Bhairab Bazar
2021-09-08,11.8,30.66,24.5,1.34,88.44,0.9,3.81,Meghna_Bhairab Bazar
2021-09-09,8.46,30.48,25.14,1.06,88.93,0.9,2.2,Meghna_Bhairab Bazar
2021-09-10,9.85,30.52,25.45,1.51,91.43,0.9,1.96,Meghna_Bhairab Bazar
2021-09-11,24.69,30.36,25.34,1.18,89.43,0.91,2.09,Meghna_Bhairab Bazar
2021-09-12,1.01,32.07,26.23,1.76,87.35,0.91,4.48,Meghna_Bhairab Bazar
2021-09-13,3.38,30.95,26.01,2.37,92.02,0.9,2.29,Meghna_Bhairab Bazar
2021-09-14,3.99,32.02,25.36,1.8,87.99,0.9,4.59,Meghna_Bhairab Bazar
2021-09-15,10.94,32.22,25.59,0.96,85.56,0.89,4.79,Meghna_Bhairab Bazar
2021-09-16,18.19,29.06,25.71,1.75,95.21,0.9,0.49,Meghna_Bhairab Bazar
2021-09-17,7.89,31.59,24.6,1.13,88.36,0.9,3.95,Meghna_Bhairab Bazar
2021-09-18,14.38,28.69,25.22,1.52,93.52,0.9,0.9,Meghna_Bhairab Bazar
2021-09-19,15.76,29.39,25.41,1.1,90.59,0.92,1.77,Meghna_Bhairab Bazar
2021-09-20,3.53,29.79,24.62,1.97,92.44,0.91,2.59,Meghna_Bhairab Bazar
2021-09-21,2.55,28.32,24.1,1.49,91.86,0.91,1.68,Meghna_Bhairab Bazar
2021-09-22,0.64,29.91,23.8,1.43,90.31,0.9,3.72,Meghna_Bhairab Bazar
2021-09-23,0.47,32.08,23.78,0.88,82.99,0.9,6.73,Meghna_Bhairab Bazar
2021-09-24,0.18,32.6,24.73,0.92,81.84,0.89,7.31,Meghna_Bhairab Bazar
2021-09-25,11.11,31.63,26.04,0.93,85.31,0.89,4.76,Meghna_Bhairab Bazar
2021-09-26,12.57,31.91,25.52,0.96,85.4,0.89,3.89,Meghna_Bhairab Bazar
2021-09-27,7.58,32.57,25.68,1.45,85.23,0.89,4.69,Meghna_Bhairab Bazar
2021-09-28,12.06,30.53,25.19,1.22,88.92,0.89,3.0,Meghna_Bhairab Bazar
2021-09-29,8.08,29.72,24.5,1.13,90.2,0.89,2.81,Meghna_Bhairab Bazar
2021-09-30,19.67,32.08,25.56,0.63,83.51,0.9,4.65,Meghna_Bhairab Bazar
2021-10-01,1.28,31.21,24.45,0.97,77.02,0.9,5.25,Meghna_Bhairab Bazar
2021-10-02,10.16,31.41,23.69,1.12,83.14,0.89,5.61,Meghna_Bhairab Bazar
2021-10-03,7.22,30.51,25.08,2.13,90.32,0.89,3.75,Meghna_Bhairab Bazar
2021-10-04,22.08,29.09,25.66,2.0,93.15,0.9,1.29,Meghna_Bhairab Bazar
2021-10-05,16.59,30.32,24.81,0.96,86.6,0.91,3.5,Meghna_Bhairab Bazar
2021-10-06,9.91,30.9,23.95,0.86,84.28,0.91,5.51,Meghna_Bhairab Bazar
2021-10-07,4.46,31.89,24.13,0.73,81.32,0.9,5.78,Meghna_Bhairab Bazar
2021-10-08,4.24,31.71,25.3,0.59,83.06,0.9,6.67,Meghna_Bhairab Bazar
2021-10-09,4.53,31.8,25.54,0.56,81.14,0.9,5.41,Meghna_Bhairab Bazar
2021-10-10,1.93,31.99,25.76,0.85,82.9,0.89,6.04,Meghna_Bhairab Bazar
2021-10-11,0.11,32.48,24.54,1.17,86.63,0.89,5.88,Meghna_Bhairab Bazar
2021-10-12,2.9,31.67,25.76,1.27,89.72,0.88,2.67,Meghna_Bhairab Bazar
2021-10-13,3.91,31.22,26.21,0.91,89.07,0.88,2.33,Meghna_Bhairab Bazar
2021-10-14,3.86,32.31,25.76,0.67,82.35,0.88,4.09,Meghna_Bhairab Bazar
2021-10-15,0.77,32.67,26.19,0.83,83.81,0.88,5.08,Meghna_Bhairab Bazar
2021-10-16,1.24,32.58,26.46,0.91,80.15,0.87,5.62,Meghna_Bhairab Bazar
2021-10-17,9.42,30.96,25.77,1.17,86.82,0.87,3.26,Meghna_Bhairab Bazar
2021-10-18,18.24,27.85,24.76,1.96,92.85,0.88,1.19,Meghna_Bhairab Bazar
2021-10-19,20.42,28.69,24.24,2.02,94.33,0.89,1.0,Meghna_Bhairab Bazar
2021-10-20,24.19,29.29,24.37,2.06,91.6,0.9,2.71,Meghna_Bhairab Bazar
2021-10-21,2.76,29.31,21.51,2.26,88.02,0.9,3.96,Meghna_Bhairab Bazar
2021-10-22,3.34,28.09,20.03,0.9,80.04,0.9,5.3,Meghna_Bhairab Bazar
2021-10-23,0.01,28.24,19.09,0.95,77.6,0.89,5.06,Meghna_Bhairab Bazar
2021-10-24,0.0,28.98,21.29,0.56,78.75,0.88,5.66,Meghna_Bhairab Bazar
2021-10-25,0.26,28.59,20.91,0.74,80.82,0.88,5.74,Meghna_Bhairab Bazar
2021-10-26,0.05,28.69,19.58,0.74,77.63,0.87,6.03,Meghna_Bhairab Bazar
2021-10-27,0.34,28.3,19.81,0.96,82.14,0.87,4.16,Meghna_Bhairab Bazar
2021-10-28,0.01,28.39,21.79,1.01,81.99,0.86,3.45,Meghna_Bhairab Bazar
2021-10-29,0.01,29.88,22.07,1.31,84.58,0.86,5.61,Meghna_Bhairab Bazar
2021-10-30,0.0,29.02,21.46,1.55,86.41,0.85,5.24,Meghna_Bhairab Bazar
2021-10-31,0.0,28.13,19.59,1.54,85.63,0.84,4.71,Meghna_Bhairab Bazar
2021-11-01,0.0,26.85,17.48,1.02,78.63,0.83,4.95,Meghna_Bhairab Bazar
2021-11-02,0.0,25.95,16.72,1.01,74.99,0.83,4.74,Meghna_Bhairab Bazar
2021-11-03,0.0,26.77,16.94,0.99,78.02,0.82,4.75,Meghna_Bhairab Bazar
2021-11-04,0.0,27.39,17.77,0.8,78.8,0.81,5.22,Meghna_Bhairab Bazar
2021-11-05,0.0,26.49,17.31,1.29,82.19,0.81,4.53,Meghna_Bhairab Bazar
2021-11-06,0.0,26.65,15.49,1.22,79.28,0.8,4.5,Meghna_Bhairab Bazar
2021-11-07,0.0,25.99,15.53,1.44,80.85,0.79,4.27,Meghna_Bhairab Bazar
2021-11-08,0.0,27.29,15.33,1.04,83.79,0.79,5.12,Meghna_Bhairab Bazar
2021-11-09,0.0,28.08,17.07,0.95,84.72,0.78,5.19,Meghna_Bhairab Bazar
2021-11-10,0.0,27.66,18.92,0.82,84.83,0.78,5.41,Meghna_Bhairab Bazar
2021-11-11,0.0,26.71,18.18,0.83,79.8,0.77,4.75,Meghna_Bhairab Bazar
2021-11-12,0.0,27.66,18.52,1.06,83.51,0.76,4.25,Meghna_Bhairab Bazar
2021-11-13,0.76,26.33,20.24,1.09,88.11,0.76,2.81,Meghna_Bhairab Bazar
2021-11-14,4.86,25.25,20.03,1.08,91.65,0.76,2.06,Meghna_Bhairab Bazar
2021-11-15,6.13,26.13,20.92,0.8,90.28,0.76,2.05,Meghna_Bhairab Bazar
2021-11-16,3.36,26.74,19.58,1.26,89.68,0.76,3.12,Meghna_Bhairab Bazar
2021-11-17,0.43,27.74,17.26,1.22,82.68,0.76,4.42,Meghna_Bhairab Bazar
2021-11-18,0.0,27.0,15.87,0.69,68.72,0.75,5.32,Meghna_Bhairab Bazar
2021-11-19,0.0,26.33,15.97,0.79,73.45,0.74,4.68,Meghna_Bhairab Bazar
2021-11-20,0.0,25.94,16.31,0.99,80.74,0.74,3.85,Meghna_Bhairab Bazar
2021-11-21,0.0,26.75,17.49,0.84,81.84,0.73,3.83,Meghna_Bhairab Bazar
2021-11-22,0.0,27.76,18.22,0.8,82.56,0.73,4.51,Meghna_Bhairab Bazar
2021-11-23,0.0,26.99,18.22,1.05,86.3,0.72,3.64,Meghna_Bhairab Bazar
2021-11-24,0.0,25.9,17.29,1.41,84.7,0.72,3.32,Meghna_Bhairab Bazar
2021-11-25,0.0,26.34,15.02,1.07,74.31,0.72,3.87,Meghna_Bhairab Bazar
2021-11-26,0.0,24.4,13.45,1.17,74.14,0.71,3.22,Meghna_Bhairab Bazar
2021-11-27,0.0,25.27,12.29,1.21,72.87,0.71,3.47,Meghna_Bhairab Bazar
2021-11-28,0.0,25.58,13.46,1.16,72.74,0.7,3.84,Meghna_Bhairab Bazar
2021-11-29,0.0,24.93,13.88,1.23,80.15,0.7,3.65,Meghna_Bhairab Bazar
2021-11-30,0.0,25.73,13.47,1.01,77.07,0.69,3.91,Meghna_Bhairab Bazar
2021-12-01,0.0,26.81,14.79,1.23,80.97,0.69,3.86,Meghna_Bhairab Bazar
2021-12-02,0.0,27.98,15.37,1.02,79.73,0.68,4.16,Meghna_Bhairab Bazar
2021-12-03,0.05,27.53,16.68,0.88,80.63,0.68,3.9,Meghna_Bhairab Bazar
2021-12-04,1.52,26.34,18.22,0.94,85.92,0.67,2.1,Meghna_Bhairab Bazar
2021-12-05,5.21,24.68,19.59,1.07,92.43,0.67,1.0,Meghna_Bhairab Bazar
2021-12-06,69.27,23.39,20.34,2.22,95.21,0.72,0.4,Meghna_Bhairab Bazar
2021-12-07,24.89,25.88,20.0,2.04,90.47,0.78,2.02,Meghna_Bhairab Bazar
2021-12-08,1.45,26.41,17.81,1.04,86.93,0.78,2.64,Meghna_Bhairab Bazar
2021-12-09,0.54,26.4,18.29,1.17,85.22,0.77,2.03,Meghna_Bhairab Bazar
2021-12-10,1.27,23.16,16.92,1.27,83.49,0.76,1.37,Meghna_Bhairab Bazar
2021-12-11,0.11,24.83,15.37,1.26,80.52,0.76,2.22,Meghna_Bhairab Bazar
2021-12-12,0.0,23.17,12.1,1.48,74.85,0.75,2.63,Meghna_Bhairab Bazar
2021-12-13,0.0,23.56,12.15,0.88,72.08,0.75,3.05,Meghna_Bhairab Bazar
2021-12-14,0.0,23.92,13.36,1.07,82.06,0.74,2.89,Meghna_Bhairab Bazar
2021-12-15,0.0,22.98,12.5,1.14,83.71,0.74,2.87,Meghna_Bhairab Bazar
2021-12-16,0.0,22.89,11.97,1.25,82.67,0.73,2.68,Meghna_Bhairab Bazar
2021-12-17,0.0,23.49,10.88,1.23,78.61,0.73,2.86,Meghna_Bhairab Bazar
2021-12-18,0.0,24.71,12.45,1.07,75.36,0.73,3.1,Meghna_Bhairab Bazar
2021-12-19,0.0,22.53,12.11,1.31,81.54,0.72,2.55,Meghna_Bhairab Bazar
2021-12-20,0.0,22.12,9.2,1.27,83.68,0.72,2.38,Meghna_Bhairab Bazar
2021-12-21,0.0,23.27,11.91,0.81,83.18,0.71,2.67,Meghna_Bhairab Bazar
2021-12-22,0.32,21.11,13.72,0.97,86.58,0.71,1.38,Meghna_Bhairab Bazar
2021-12-23,0.08,23.46,13.24,0.87,75.23,0.71,2.67,Meghna_Bhairab Bazar
2021-12-24,0.09,23.37,14.33,0.91,77.88,0.7,2.52,Meghna_Bhairab Bazar
2021-12-25,0.0,23.87,13.18,0.72,74.87,0.7,3.14,Meghna_Bhairab Bazar
2021-12-26,0.0,23.55,12.7,1.06,75.22,0.7,2.8,Meghna_Bhairab Bazar
2021-12-27,0.0,22.84,12.79,1.07,74.54,0.69,2.5,Meghna_Bhairab Bazar
2021-12-28,0.0,22.83,12.75,1.17,78.66,0.69,2.29,Meghna_Bhairab Bazar
2021-12-29,0.0,23.77,11.73,1.19,80.39,0.68,2.52,Meghna_Bhairab Bazar
2021-12-30,0.0,24.71,12.55,1.25,77.35,0.68,2.27,Meghna_Bhairab Bazar
2021-12-31,0.0,24.01,12.69,1.28,80.06,0.67,2.6,Meghna_Bhairab Bazar
2022-01-01,0.0,23.52,12.12,0.92,78.06,0.67,1.51,Meghna_Bhairab Bazar
2022-01-02,0.0,23.34,11.27,1.02,76.76,0.67,2.43,Meghna_Bhairab Bazar
2022-01-03,0.0,23.21,12.36,0.93,80.06,0.66,2.3,Meghna_Bhairab Bazar
2022-01-04,0.0,23.45,11.8,1.1,78.06,0.66,2.27,Meghna_Bhairab Bazar
2022-01-05,0.0,23.33,12.01,0.95,73.43,0.66,2.28,Meghna_Bhairab Bazar
2022-01-06,0.0,24.17,11.95,0.87,70.05,0.65,2.38,Meghna_Bhairab Bazar
2022-01-07,0.0,24.17,13.04,1.13,71.15,0.65,2.3,Meghna_Bhairab Bazar
2022-01-08,0.0,24.95,13.08,1.17,78.77,0.64,2.39,Meghna_Bhairab Bazar
2022-01-09,0.0,24.94,13.65,0.94,79.46,0.64,2.27,Meghna_Bhairab Bazar
2022-01-10,0.0,25.3,14.94,1.01,78.71,0.64,2.12,Meghna_Bhairab Bazar
2022-01-11,0.01,25.53,13.95,1.25,81.47,0.63,1.94,Meghna_Bhairab Bazar
2022-01-12,2.24,24.14,15.96,1.13,86.86,0.63,1.37,Meghna_Bhairab Bazar
2022-01-13,4.01,23.03,14.97,1.12,86.34,0.63,1.24,Meghna_Bhairab Bazar
2022-01-14,0.62,21.86,12.34,1.49,77.0,0.63,1.56,Meghna_Bhairab Bazar
2022-01-15,0.25,24.17,13.87,1.14,71.32,0.63,1.92,Meghna_Bhairab Bazar
2022-01-16,0.16,23.48,11.41,1.73,77.82,0.62,1.85,Meghna_Bhairab Bazar
2022-01-17,0.0,24.52,10.49,1.27,77.87,0.62,1.94,Meghna_Bhairab Bazar
2022-01-18,0.0,24.61,13.12,0.9,77.42,0.62,1.61,Meghna_Bhairab Bazar
2022-01-19,0.0,23.73,14.83,1.07,73.82,0.61,1.79,Meghna_Bhairab Bazar
2022-01-20,0.03,22.2,12.45,1.13,80.49,0.61,1.16,Meghna_Bhairab Bazar
2022-01-21,0.02,22.91,12.37,1.02,68.79,0.61,1.56,Meghna_Bhairab Bazar
2022-01-22,0.0,24.11,12.34,0.75,63.21,0.6,1.67,Meghna_Bhairab Bazar
2022-01-23,0.09,25.22,12.08,1.02,72.37,0.6,1.78,Meghna_Bhairab Bazar
2022-01-24,3.08,22.12,13.4,0.99,84.14,0.6,0.91,Meghna_Bhairab Bazar
2022-01-25,1.27,23.04,15.32,1.45,78.48,0.6,1.22,Meghna_Bhairab Bazar
2022-01-26,1.89,24.07,12.47,1.0,73.77,0.6,1.7,Meghna_Bhairab Bazar
2022-01-27,8.63,22.08,12.65,1.26,80.39,0.6,0.99,Meghna_Bhairab Bazar
2022-01-28,0.04,20.76,9.05,1.61,72.92,0.6,1.59,Meghna_Bhairab Bazar
2022-01-29,0.0,20.86,9.07,1.15,71.77,0.6,1.45,Meghna_Bhairab Bazar
2022-01-30,0.0,21.66,9.65,1.25,73.44,0.6,1.42,Meghna_Bhairab Bazar
2022-01-31,0.0,22.31,10.44,1.01,65.01,0.59,1.24,Meghna_Bhairab Bazar
2022-02-01,0.6,22.44,9.94,1.85,79.3,0.59,1.2,Meghna_Bhairab Bazar
2022-02-02,0.34,23.94,11.47,1.24,70.69,0.59,1.45,Meghna_Bhairab Bazar
2022-02-03,0.51,25.16,11.62,1.17,67.73,0.58,1.46,Meghna_Bhairab Bazar
2022-02-04,3.5,25.57,13.33,1.39,73.01,0.58,1.34,Meghna_Bhairab Bazar
2022-02-05,20.33,22.56,11.58,1.88,77.74,0.61,1.78,Meghna_Bhairab Bazar
2022-02-06,8.38,22.03,10.8,1.16,70.78,0.61,2.0,Meghna_Bhairab Bazar
2022-02-07,0.0,21.89,9.48,1.37,71.4,0.61,1.86,Meghna_Bhairab Bazar
2022-02-08,0.0,22.6,10.24,1.38,66.35,0.6,1.81,Meghna_Bhairab Bazar
2022-02-09,0.0,23.62,10.89,1.23,62.66,0.6,1.92,Meghna_Bhairab Bazar
2022-02-10,0.01,24.83,11.45,1.34,71.79,0.59,1.74,Meghna_Bhairab Bazar
2022-02-11,0.01,24.28,13.02,1.5,75.81,0.59,1.86,Meghna_Bhairab Bazar
2022-02-12,0.0,23.22,12.5,1.39,63.49,0.59,1.86,Meghna_Bhairab Bazar
2022-02-13,0.0,24.97,9.99,1.83,63.73,0.58,1.87,Meghna_Bhairab Bazar
2022-02-14,0.0,26.23,11.01,1.16,60.69,0.58,2.12,Meghna_Bhairab Bazar
2022-02-15,0.0,25.89,11.39,1.04,60.92,0.57,2.1,Meghna_Bhairab Bazar
2022-02-16,0.0,25.22,11.37,1.18,62.42,0.57,1.82,Meghna_Bhairab Bazar
2022-02-17,0.0,25.73,10.85,1.45,59.03,0.56,1.72,Meghna_Bhairab Bazar
2022-02-18,0.0,25.87,11.26,1.5,56.66,0.56,1.8,Meghna_Bhairab Bazar
2022-02-19,0.0,26.44,13.32,1.55,53.09,0.55,1.86,Meghna_Bhairab Bazar
2022-02-20,1.23,26.39,11.86,1.7,66.02,0.55,1.5,Meghna_Bhairab Bazar
2022-02-21,2.42,26.64,12.69,1.61,70.51,0.55,1.7,Meghna_Bhairab Bazar
2022-02-22,1.28,27.42,12.54,1.13,63.33,0.55,1.83,Meghna_Bhairab Bazar
2022-02-23,0.11,28.35,15.05,1.24,62.36,0.54,1.9,Meghna_Bhairab Bazar
2022-02-24,0.0,29.33,15.09,1.08,65.92,0.54,1.72,Meghna_Bhairab Bazar
2022-02-25,1.35,28.59,16.3,1.16,71.36,0.54,1.54,Meghna_Bhairab Bazar
2022-02-26,0.41,30.15,16.31,1.37,70.27,0.53,1.87,Meghna_Bhairab Bazar
2022-02-27,0.0,29.37,15.84,1.22,60.24,0.53,1.78,Meghna_Bhairab Bazar
2022-02-28,0.01,30.1,16.94,1.42,60.69,0.52,1.63,Meghna_Bhairab Bazar
2022-03-01,0.0,30.34,17.03,1.56,56.15,0.52,1.78,Meghna_Bhairab Bazar
2022-03-02,0.0,30.19,15.47,1.78,52.99,0.51,1.72,Meghna_Bhairab Bazar
2022-03-03,0.0,30.97,14.82,1.76,53.61,0.51,1.68,Meghna_Bhairab Bazar
2022-03-04,0.0,30.69,15.94,1.47,49.58,0.5,1.58,Meghna_Bhairab Bazar
2022-03-05,0.0,31.62,18.34,1.35,45.4,0.5,1.58,Meghna_Bhairab Bazar
2022-03-06,0.0,31.99,16.77,1.91,51.64,0.5,1.55,Meghna_Bhairab Bazar
2022-03-07,0.0,34.38,16.3,1.39,49.8,0.49,1.55,Meghna_Bhairab Bazar
2022-03-08,0.0,33.8,18.62,0.96,44.3,0.49,1.6,Meghna_Bhairab Bazar
2022-03-09,0.0,33.42,19.5,1.08,48.69,0.48,1.4,Meghna_Bhairab Bazar
2022-03-10,0.0,33.91,17.3,1.39,48.0,0.48,1.42,Meghna_Bhairab Bazar
2022-03-11,0.0,33.37,16.67,1.38,46.61,0.47,1.32,Meghna_Bhairab Bazar
2022-03-12,0.0,33.03,17.23,1.57,46.04,0.47,1.11,Meghna_Bhairab Bazar
2022-03-13,0.0,33.99,17.65,1.69,48.16,0.47,1.19,Meghna_Bhairab Bazar
2022-03-14,0.0,35.05,18.32,1.48,48.99,0.46,1.22,Meghna_Bhairab Bazar
2022-03-15,0.0,35.02,19.29,1.39,46.11,0.46,1.05,Meghna_Bhairab Bazar
2022-03-16,0.0,35.54,20.11,1.04,44.21,0.46,1.15,Meghna_Bhairab Bazar
2022-03-17,0.0,35.62,19.31,1.09,43.76,0.45,1.04,Meghna_Bhairab Bazar
2022-03-18,0.0,36.27,21.57,1.26,40.87,0.45,1.01,Meghna_Bhairab Bazar
2022-03-19,0.0,36.95,20.2,1.33,44.9,0.44,0.97,Meghna_Bhairab Bazar
2022-03-20,0.0,35.65,19.29,1.79,57.41,0.44,0.94,Meghna_Bhairab Bazar
2022-03-21,0.0,36.12,17.19,1.42,55.06,0.44,0.91,Meghna_Bhairab Bazar
2022-03-22,0.0,36.88,19.45,1.22,52.69,0.43,0.87,Meghna_Bhairab Bazar
2022-03-23,0.0,37.8,22.03,1.27,45.02,0.43,0.81,Meghna_Bhairab Bazar
2022-03-24,0.45,36.17,23.08,4.03,59.72,0.43,0.78,Meghna_Bhairab Bazar
2022-03-25,1.64,34.43,22.72,4.54,72.15,0.42,0.63,Meghna_Bhairab Bazar
2022-03-26,3.9,34.43,23.93,3.94,74.96,0.43,0.6,Meghna_Bhairab Bazar
2022-03-27,2.46,34.9,23.03,2.09,70.08,0.43,0.65,Meghna_Bhairab Bazar
2022-03-28,2.57,34.16,22.16,1.49,66.24,0.43,0.7,Meghna_Bhairab Bazar
2022-03-29,7.14,33.58,22.6,2.4,72.11,0.44,0.68,Meghna_Bhairab Bazar
2022-03-30,8.69,32.8,22.52,2.07,76.19,0.45,0.72,Meghna_Bhairab Bazar
2022-03-31,2.97,34.88,23.23,3.13,72.75,0.45,0.88,Meghna_Bhairab Bazar
2022-04-01,2.61,35.27,23.54,3.69,71.38,0.44,0.89,Meghna_Bhairab Bazar
2022-04-02,3.4,34.95,23.91,2.19,70.15,0.44,0.85,Meghna_Bhairab Bazar
2022-04-03,0.4,34.75,22.82,3.36,68.83,0.44,0.87,Meghna_Bhairab Bazar
2022-04-04,1.15,35.33,23.88,4.76,66.73,0.44,0.93,Meghna_Bhairab Bazar
2022-04-05,2.59,35.96,23.19,3.18,68.74,0.44,0.82,Meghna_Bhairab Bazar
2022-04-06,2.51,36.04,23.37,2.01,67.58,0.44,0.84,Meghna_Bhairab Bazar
2022-04-07,0.0,37.86,23.38,1.25,59.2,0.43,0.89,Meghna_Bhairab Bazar
2022-04-08,0.0,37.8,22.9,2.28,53.01,0.43,0.79,Meghna_Bhairab Bazar
2022-04-09,0.4,37.19,23.27,2.47,57.29,0.42,0.73,Meghna_Bhairab Bazar
2022-04-10,9.09,36.79,23.05,2.02,64.11,0.43,0.85,Meghna_Bhairab Bazar
2022-04-11,6.16,36.22,24.28,3.2,68.98,0.44,0.83,Meghna_Bhairab Bazar
2022-04-12,2.98,35.76,24.7,2.22,69.56,0.44,0.8,Meghna_Bhairab Bazar
2022-04-13,1.47,37.43,24.48,3.22,66.19,0.44,0.88,Meghna_Bhairab Bazar
2022-04-14,1.8,36.75,25.05,4.31,68.65,0.43,0.82,Meghna_Bhairab Bazar
2022-04-15,0.79,38.28,25.72,5.1,66.6,0.43,0.92,Meghna_Bhairab Bazar
2022-04-16,0.96,35.96,25.75,4.34,68.95,0.43,0.72,Meghna_Bhairab Bazar
2022-04-17,4.26,36.53,25.08,3.62,67.46,0.43,0.69,Meghna_Bhairab Bazar
2022-04-18,3.74,36.77,24.04,2.08,66.51,0.43,0.83,Meghna_Bhairab Bazar
2022-04-19,4.75,36.42,24.67,2.38,65.45,0.43,0.73,Meghna_Bhairab Bazar
2022-04-20,11.95,33.96,24.56,1.45,67.88,0.45,0.84,Meghna_Bhairab Bazar
2022-04-21,9.45,33.32,22.56,0.83,65.17,0.46,1.2,Meghna_Bhairab Bazar
2022-04-22,8.78,34.7,23.85,2.25,70.65,0.46,1.11,Meghna_Bhairab Bazar
2022-04-23,8.5,35.6,24.0,2.42,73.73,0.47,1.26,Meghna_Bhairab Bazar
2022-04-24,4.04,37.69,24.78,3.4,69.99,0.47,1.47,Meghna_Bhairab Bazar
2022-04-25,1.21,38.01,24.55,3.07,67.98,0.47,1.47,Meghna_Bhairab Bazar
2022-04-26,1.09,37.75,24.94,2.99,69.31,0.46,1.29,Meghna_Bhairab Bazar
2022-04-27,2.46,37.46,25.23,3.17,67.72,0.46,1.2,Meghna_Bhairab Bazar
2022-04-28,0.23,39.2,24.81,1.4,61.13,0.46,1.3,Meghna_Bhairab Bazar
2022-04-29,0.72,39.2,25.67,1.82,57.85,0.45,1.21,Meghna_Bhairab Bazar
2022-04-30,4.3,38.47,25.58,1.64,61.6,0.45,1.06,Meghna_Bhairab Bazar
2022-05-01,1.2,37.86,25.25,1.13,55.53,0.45,1.31,Meghna_Bhairab Bazar
2022-05-02,2.83,37.23,25.33,1.79,58.7,0.45,0.97,Meghna_Bhairab Bazar
2022-05-03,5.02,35.36,24.95,2.29,63.5,0.45,0.84,Meghna_Bhairab Bazar
2022-05-04,18.32,34.1,24.01,1.34,71.13,0.48,1.27,Meghna_Bhairab Bazar
2022-05-05,6.18,32.73,24.56,1.3,71.6,0.48,1.04,Meghna_Bhairab Bazar
2022-05-06,3.93,36.05,23.34,1.16,62.51,0.48,1.74,Meghna_Bhairab Bazar
2022-05-07,1.0,37.44,25.27,0.75,58.29,0.47,1.88,Meghna_Bhairab Bazar
2022-05-08,1.89,37.91,24.74,1.26,58.57,0.47,1.73,Meghna_Bhairab Bazar
2022-05-09,6.13,35.76,25.5,2.09,69.08,0.47,1.27,Meghna_Bhairab Bazar
2022-05-10,20.74,31.2,24.68,2.08,83.19,0.49,0.87,Meghna_Bhairab Bazar
2022-05-11,36.94,32.19,24.63,3.3,82.97,0.53,1.56,Meghna_Bhairab Bazar
2022-05-12,19.89,33.36,25.97,3.37,81.39,0.56,3.03,Meghna_Bhairab Bazar
2022-05-13,68.06,32.64,25.98,3.9,85.68,0.61,2.4,Meghna_Bhairab Bazar
2022-05-14,42.71,32.81,26.21,4.2,86.02,0.69,4.71,Meghna_Bhairab Bazar
2022-05-15,3.42,33.01,26.8,3.59,85.44,0.68,5.55,Meghna_Bhairab Bazar
2022-05-16,3.98,31.55,26.29,2.55,88.01,0.66,3.0,Meghna_Bhairab Bazar
2022-05-17,24.06,30.44,26.51,2.97,91.07,0.68,2.04,Meghna_Bhairab Bazar
2022-05-18,14.13,29.8,25.01,2.82,87.36,0.7,2.8,Meghna_Bhairab Bazar
2022-05-19,48.71,31.82,24.98,2.82,88.67,0.73,3.32,Meghna_Bhairab Bazar
2022-05-20,29.0,31.03,25.5,2.4,87.71,0.76,3.59,Meghna_Bhairab Bazar
2022-05-21,49.03,30.01,25.35,2.32,91.27,0.79,1.75,Meghna_Bhairab Bazar
2022-05-22,19.65,31.69,25.51,1.25,84.4,0.82,3.5,Meghna_Bhairab Bazar
2022-05-23,23.45,32.09,24.8,1.42,84.43,0.83,4.21,Meghna_Bhairab Bazar
2022-05-24,2.45,32.93,24.32,0.99,81.74,0.82,5.57,Meghna_Bhairab Bazar
2022-05-25,5.41,31.57,25.68,1.47,84.94,0.81,2.84,Meghna_Bhairab Bazar
2022-05-26,11.13,31.2,24.61,1.77,83.83,0.81,4.53,Meghna_Bhairab Bazar
2022-05-27,13.06,32.2,24.65,2.09,85.06,0.81,4.33,Meghna_Bhairab Bazar
2022-05-28,7.81,32.21,24.24,1.42,83.48,0.81,4.89,Meghna_Bhairab Bazar
2022-05-29,14.26,31.04,25.0,1.61,87.04,0.81,3.24,Meghna_Bhairab Bazar
2022-05-30,14.69,29.83,24.92,1.62,89.68,0.82,1.87,Meghna_Bhairab Bazar
2022-05-31,4.44,31.46,24.02,1.45,84.57,0.82,3.72,Meghna_Bhairab Bazar
2022-06-01,8.39,31.27,24.82,2.59,87.56,0.82,3.66,Meghna_Bhairab Bazar
2022-06-02,5.46,31.49,25.3,2.52,85.97,0.81,3.98,Meghna_Bhairab Bazar
2022-06-03,11.72,30.59,25.49,2.5,89.36,0.81,2.6,Meghna_Bhairab Bazar
2022-06-04,18.4,30.81,25.52,2.31,87.82,0.82,3.25,Meghna_Bhairab Bazar
2022-06-05,11.85,31.58,25.23,2.13,86.96,0.83,3.65,Meghna_Bhairab Bazar
2022-06-06,15.0,31.6,25.33,2.14,88.47,0.83,3.22,Meghna_Bhairab Bazar
2022-06-07,14.75,32.01,25.66,2.41,87.22,0.83,3.86,Meghna_Bhairab Bazar
2022-06-08,36.17,30.92,26.33,2.4,89.5,0.85,2.01,Meghna_Bhairab Bazar
2022-06-09,13.93,30.74,26.28,2.74,90.89,0.86,2.0,Meghna_Bhairab Bazar
2022-06-10,35.57,29.29,25.34,1.47,85.34,0.89,1.14,Meghna_Bhairab Bazar
2022-06-11,1.4,31.48,24.76,2.51,87.72,0.88,3.27,Meghna_Bhairab Bazar
2022-06-12,5.15,31.66,25.31,2.99,89.25,0.87,2.95,Meghna_Bhairab Bazar
2022-06-13,15.18,31.91,25.87,3.14,89.41,0.87,3.06,Meghna_Bhairab Bazar
2022-06-14,17.63,31.05,26.37,3.05,91.65,0.88,1.67,Meghna_Bhairab Bazar
2022-06-15,21.83,29.01,26.1,3.15,92.83,0.89,0.94,Meghna_Bhairab Bazar
2022-06-16,23.68,28.44,25.03,3.29,93.53,0.9,0.79,Meghna_Bhairab Bazar
2022-06-17,58.39,28.59,25.0,3.4,93.68,0.92,0.54,Meghna_Bhairab Bazar
2022-06-18,70.78,28.51,25.36,3.9,92.36,0.96,0.88,Meghna_Bhairab Bazar
2022-06-19,42.21,28.54,25.51,3.94,92.77,0.96,0.91,Meghna_Bhairab Bazar
2022-06-20,35.97,28.8,25.32,3.24,93.44,0.97,0.72,Meghna_Bhairab Bazar
2022-06-21,12.85,28.74,24.7,1.96,93.29,0.97,0.58,Meghna_Bhairab Bazar
2022-06-22,1.21,31.37,24.82,1.98,86.85,0.96,2.92,Meghna_Bhairab Bazar
2022-06-23,9.95,31.33,24.73,2.74,89.93,0.96,2.15,Meghna_Bhairab Bazar
2022-06-24,1.86,29.37,25.01,2.63,92.41,0.95,1.08,Meghna_Bhairab Bazar
2022-06-25,2.9,30.88,25.09,2.64,89.82,0.94,2.5,Meghna_Bhairab Bazar
2022-06-26,2.86,29.88,25.24,2.53,90.92,0.94,1.71,Meghna_Bhairab Bazar
2022-06-27,2.45,31.54,25.23,2.03,88.64,0.93,3.15,Meghna_Bhairab Bazar
2022-06-28,5.86,31.07,25.67,2.44,89.77,0.93,2.55,Meghna_Bhairab Bazar
2022-06-29,10.35,30.75,25.42,2.01,89.61,0.93,1.91,Meghna_Bhairab Bazar
2022-06-30,15.46,29.66,25.6,2.1,92.0,0.93,1.4,Meghna_Bhairab Bazar
2022-07-01,6.22,31.52,25.47,2.36,89.75,0.93,2.91,Meghna_Bhairab Bazar
2022-07-02,5.06,31.19,25.24,1.87,90.3,0.92,2.15,Meghna_Bhairab Bazar
2022-07-03,4.95,31.79,25.48,2.04,89.75,0.92,2.86,Meghna_Bhairab Bazar
2022-07-04,5.0,31.47,25.08,2.15,90.12,0.91,2.67,Meghna_Bhairab Bazar
2022-07-05,1.34,32.9,24.78,1.66,86.59,0.91,4.41,Meghna_Bhairab Bazar
2022-07-06,30.47,29.62,25.99,1.66,90.51,0.92,1.32,Meghna_Bhairab Bazar
2022-07-07,2.38,30.52,25.13,1.67,88.99,0.91,2.36,Meghna_Bhairab Bazar
2022-07-08,3.75,30.75,25.27,1.74,89.4,0.91,2.31,Meghna_Bhairab Bazar
2022-07-09,1.58,30.75,25.11,1.59,88.51,0.9,2.11,Meghna_Bhairab Bazar
2022-07-10,2.65,32.63,24.8,2.25,87.77,0.9,4.17,Meghna_Bhairab Bazar
2022-07-11,5.53,30.73,25.39,2.08,89.52,0.89,2.76,Meghna_Bhairab Bazar
2022-07-12,3.93,32.8,25.11,1.93,85.85,0.89,4.58,Meghna_Bhairab Bazar
2022-07-13,3.8,33.16,26.21,1.88,86.23,0.88,4.45,Meghna_Bhairab Bazar
2022-07-14,8.05,32.98,26.32,2.12,86.97,0.88,4.37,Meghna_Bhairab Bazar
2022-07-15,17.78,32.63,26.1,1.85,87.53,0.88,3.33,Meghna_Bhairab Bazar
2022-07-16,2.24,33.41,25.7,2.07,86.38,0.88,4.78,Meghna_Bhairab Bazar
2022-07-17,8.56,32.32,25.88,2.36,87.77,0.87,4.56,Meghna_Bhairab Bazar
2022-07-18,3.82,32.19,25.73,2.24,87.98,0.86,4.11,Meghna_Bhairab Bazar
2022-07-19,3.76,31.31,25.92,2.31,89.53,0.86,2.85,Meghna_Bhairab Bazar
2022-07-20,9.96,30.9,25.82,2.42,90.31,0.86,2.49,Meghna_Bhairab Bazar
2022-07-21,2.47,31.75,25.77,2.13,87.32,0.85,3.84,Meghna_Bhairab Bazar
2022-07-22,2.21,32.79,25.71,2.03,86.63,0.84,4.87,Meghna_Bhairab Bazar
2022-07-23,15.65,30.7,25.94,1.64,89.82,0.84,1.48,Meghna_Bhairab Bazar
2022-07-24,1.08,30.36,25.05,2.09,88.73,0.85,2.34,Meghna_Bhairab Bazar
2022-07-25,19.31,28.95,25.32,1.0,86.05,0.86,1.85,Meghna_Bhairab Bazar
2022-07-26,6.37,31.79,24.6,0.87,83.17,0.86,5.32,Meghna_Bhairab Bazar
2022-07-27,4.01,31.78,25.24,1.17,83.85,0.85,4.72,Meghna_Bhairab Bazar
2022-07-28,10.27,32.21,26.07,1.14,83.63,0.85,4.52,Meghna_Bhairab Bazar
2022-07-29,6.36,30.89,25.69,0.91,80.64,0.85,4.27,Meghna_Bhairab Bazar
2022-07-30,7.01,31.97,25.69,1.78,87.03,0.84,3.79,Meghna_Bhairab Bazar
2022-07-31,10.18,30.37,26.37,2.29,89.13,0.84,2.36,Meghna_Bhairab Bazar
2022-08-01,14.54,31.69,26.02,1.84,88.8,0.85,3.23,Meghna_Bhairab Bazar
2022-08-02,11.8,32.55,25.9,1.33,86.37,0.85,4.18,Meghna_Bhairab Bazar
2022-08-03,12.21,30.23,26.02,0.98,89.05,0.86,1.25,Meghna_Bhairab Bazar
2022-08-04,23.98,32.65,25.44,1.12,83.92,0.87,5.09,Meghna_Bhairab Bazar
2022-08-05,27.14,31.87,26.32,1.45,87.98,0.87,4.11,Meghna_Bhairab Bazar
2022-08-06,24.81,31.91,25.85,1.31,87.99,0.89,3.54,Meghna_Bhairab Bazar
2022-08-07,11.11,33.87,26.24,0.91,82.17,0.89,5.22,Meghna_Bhairab Bazar
2022-08-08,9.9,30.5,26.08,2.13,90.68,0.89,2.06,Meghna_Bhairab Bazar
2022-08-09,3.05,31.99,25.05,2.68,89.81,0.88,3.33,Meghna_Bhairab Bazar
2022-08-10,0.53,30.78,24.97,2.91,90.29,0.87,2.57,Meghna_Bhairab Bazar
2022-08-11,0.78,31.62,24.97,2.94,88.09,0.86,5.02,Meghna_Bhairab Bazar
2022-08-12,0.69,32.8,25.09,1.7,87.2,0.86,4.63,Meghna_Bhairab Bazar
2022-08-13,15.67,30.14,25.68,2.35,92.17,0.86,1.81,Meghna_Bhairab Bazar
2022-08-14,14.35,31.02,25.33,3.58,88.88,0.86,4.42,Meghna_Bhairab Bazar
2022-08-15,10.4,32.11,24.61,2.21,88.08,0.86,5.04,Meghna_Bhairab Bazar
2022-08-16,4.1,32.38,25.27,1.36,86.29,0.86,4.94,Meghna_Bhairab Bazar
2022-08-17,10.53,32.89,25.95,1.03,83.8,0.85,5.34,Meghna_Bhairab Bazar
2022-08-18,9.14,32.95,26.92,1.43,84.31,0.85,3.5,Meghna_Bhairab Bazar
2022-08-19,16.31,31.77,25.17,2.34,86.57,0.86,5.01,Meghna_Bhairab Bazar
2022-08-20,7.16,32.23,24.98,2.53,87.44,0.85,5.26,Meghna_Bhairab Bazar
2022-08-21,2.26,31.36,24.64,1.36,87.94,0.85,4.19,Meghna_Bhairab Bazar
2022-08-22,2.07,32.83,25.36,1.14,85.48,0.84,6.19,Meghna_Bhairab Bazar
2022-08-23,14.69,31.61,25.89,1.99,88.61,0.84,3.94,Meghna_Bhairab Bazar
2022-08-24,7.1,31.57,25.18,2.06,87.9,0.84,5.65,Meghna_Bhairab Bazar
2022-08-25,2.3,32.35,24.48,1.04,83.61,0.83,6.83,Meghna_Bhairab Bazar
2022-08-26,1.77,32.41,25.13,1.76,87.36,0.82,5.83,Meghna_Bhairab Bazar
2022-08-27,5.25,29.78,25.63,2.13,90.77,0.82,2.14,Meghna_Bhairab Bazar
2022-08-28,8.09,31.21,24.86,2.25,88.49,0.82,4.62,Meghna_Bhairab Bazar
2022-08-29,0.61,32.17,24.19,1.51,85.71,0.81,6.42,Meghna_Bhairab Bazar
2022-08-30,2.31,32.32,25.37,1.25,80.29,0.8,6.47,Meghna_Bhairab Bazar
2022-08-31,4.93,32.49,25.47,1.29,85.4,0.79,5.54,Meghna_Bhairab Bazar
2022-09-01,8.32,30.44,25.8,1.12,85.98,0.79,3.14,Meghna_Bhairab Bazar
2022-09-02,15.25,30.14,25.49,1.57,89.42,0.8,2.74,Meghna_Bhairab Bazar
2022-09-03,38.52,31.66,25.29,2.5,88.99,0.82,4.72,Meghna_Bhairab Bazar
2022-09-04,34.03,31.93,26.58,2.49,89.41,0.86,4.3,Meghna_Bhairab Bazar
2022-09-05,16.47,31.06,26.58,1.83,90.68,0.86,2.59,Meghna_Bhairab Bazar
2022-09-06,13.32,30.9,26.07,0.86,86.64,0.87,2.81,Meghna_Bhairab Bazar
2022-09-07,5.88,31.05,25.43,0.76,83.22,0.87,2.74,Meghna_Bhairab Bazar
2022-09-08,6.75,33.26,25.72,1.07,81.84,0.86,5.19,Meghna_Bhairab Bazar
2022-09-09,13.22,32.18,26.24,1.36,88.56,0.87,3.73,Meghna_Bhairab Bazar
2022-09-10,11.43,29.51,25.73,2.0,90.0,0.87,2.87,Meghna_Bhairab Bazar
2022-09-11,16.68,29.33,24.93,2.15,89.47,0.88,2.89,Meghna_Bhairab Bazar
2022-09-12,8.04,28.93,25.04,2.51,93.12,0.88,1.75,Meghna_Bhairab Bazar
2022-09-13,26.57,28.73,25.15,2.18,94.89,0.88,0.66,Meghna_Bhairab Bazar
2022-09-14,43.4,30.09,24.45,1.87,89.34,0.91,3.56,Meghna_Bhairab Bazar
2022-09-15,17.53,30.62,24.75,2.2,89.71,0.91,3.94,Meghna_Bhairab Bazar
2022-09-16,7.27,30.94,25.41,1.47,89.39,0.91,4.08,Meghna_Bhairab Bazar
2022-09-17,0.73,32.41,24.95,1.45,86.25,0.9,6.07,Meghna_Bhairab Bazar
2022-09-18,1.18,32.28,25.22,1.28,87.43,0.89,6.28,Meghna_Bhairab Bazar
2022-09-19,20.89,31.46,25.31,1.73,87.99,0.9,3.57,Meghna_Bhairab Bazar
2022-09-20,1.1,31.38,24.95,2.32,88.98,0.89,5.02,Meghna_Bhairab Bazar
2022-09-21,3.91,30.88,24.69,2.02,90.69,0.89,3.25,Meghna_Bhairab Bazar
2022-09-22,3.1,30.52,24.86,1.62,90.58,0.88,3.09,Meghna_Bhairab Bazar
2022-09-23,2.72,30.49,24.69,1.27,88.87,0.88,3.6,Meghna_Bhairab Bazar
2022-09-24,7.35,29.85,24.95,1.1,89.72,0.88,2.65,Meghna_Bhairab Bazar
2022-09-25,6.5,31.52,23.77,0.77,84.15,0.88,5.34,Meghna_Bhairab Bazar
2022-09-26,4.93,31.58,25.1,1.3,86.97,0.88,4.99,Meghna_Bhairab Bazar
2022-09-27,9.23,31.01,24.28,1.48,89.47,0.88,4.08,Meghna_Bhairab Bazar
2022-09-28,2.79,28.38,25.25,1.4,86.01,0.88,2.63,Meghna_Bhairab Bazar
2022-09-29,0.32,32.36,23.75,0.91,78.18,0.87,6.52,Meghna_Bhairab Bazar
2022-09-30,1.13,33.57,24.24,0.82,78.17,0.86,7.94,Meghna_Bhairab Bazar
2022-10-01,11.01,32.75,25.73,0.88,81.89,0.86,4.12,Meghna_Bhairab Bazar
2022-10-02,43.99,28.84,25.66,0.82,92.7,0.88,0.83,Meghna_Bhairab Bazar
2022-10-03,20.66,28.9,25.34,1.71,94.58,0.9,0.76,Meghna_Bhairab Bazar
2022-10-04,4.53,30.5,24.98,1.13,86.42,0.9,3.43,Meghna_Bhairab Bazar
2022-10-05,19.82,30.86,24.35,0.99,88.39,0.91,3.71,Meghna_Bhairab Bazar
2022-10-06,3.49,30.73,24.53,1.31,88.87,0.9,4.03,Meghna_Bhairab Bazar
2022-10-07,2.14,31.41,23.98,0.65,78.05,0.9,6.75,Meghna_Bhairab Bazar
2022-10-08,1.42,31.36,24.78,0.81,81.45,0.89,6.16,Meghna_Bhairab Bazar
2022-10-09,3.68,30.58,24.35,1.02,87.52,0.89,4.29,Meghna_Bhairab Bazar
2022-10-10,6.37,30.32,24.85,1.16,88.2,0.89,3.34,Meghna_Bhairab Bazar
2022-10-11,24.0,30.22,24.22,1.79,91.89,0.89,2.31,Meghna_Bhairab Bazar
2022-10-12,15.37,28.81,24.63,1.4,91.82,0.9,1.84,Meghna_Bhairab Bazar
2022-10-13,12.26,29.87,23.84,1.12,88.36,0.91,4.26,Meghna_Bhairab Bazar
2022-10-14,13.79,30.41,24.28,0.57,82.88,0.91,4.3,Meghna_Bhairab Bazar
2022-10-15,0.25,30.66,23.56,1.27,85.87,0.9,5.51,Meghna_Bhairab Bazar
2022-10-16,0.89,31.63,21.67,1.17,84.32,0.89,6.12,Meghna_Bhairab Bazar
2022-10-17,0.02,32.13,22.8,0.86,81.75,0.89,7.44,Meghna_Bhairab Bazar
2022-10-18,1.24,30.93,23.91,0.78,81.61,0.88,6.9,Meghna_Bhairab Bazar
2022-10-19,0.35,30.0,23.11,1.06,83.18,0.88,4.68,Meghna_Bhairab Bazar
2022-10-20,0.17,30.76,22.25,1.42,83.76,0.87,5.58,Meghna_Bhairab Bazar
2022-10-21,0.0,30.53,22.0,1.47,83.6,0.86,5.68,Meghna_Bhairab Bazar
2022-10-22,0.0,30.94,21.51,1.59,84.03,0.86,5.67,Meghna_Bhairab Bazar
2022-10-23,11.66,27.64,22.25,1.4,90.82,0.85,1.48,Meghna_Bhairab Bazar
2022-10-24,69.57,23.79,21.4,4.06,95.34,0.89,0.27,Meghna_Bhairab Bazar
2022-10-25,12.29,26.94,20.57,2.63,89.01,0.92,2.79,Meghna_Bhairab Bazar
2022-10-26,0.4,28.22,19.83,0.97,81.27,0.9,4.86,Meghna_Bhairab Bazar
2022-10-27,0.0,28.39,19.24,1.37,79.48,0.89,4.82,Meghna_Bhairab Bazar
2022-10-28,0.0,28.81,18.72,0.86,73.35,0.89,5.97,Meghna_Bhairab Bazar
2022-10-29,0.02,29.13,18.84,0.91,77.91,0.88,5.77,Meghna_Bhairab Bazar
2022-10-30,0.88,30.18,21.94,0.86,83.89,0.87,5.67,Meghna_Bhairab Bazar
2022-10-31,0.0,30.38,22.61,1.02,84.95,0.87,5.52,Meghna_Bhairab Bazar
2022-11-01,0.0,29.81,20.79,1.32,83.51,0.86,5.17,Meghna_Bhairab Bazar
2022-11-02,0.0,30.05,22.07,0.87,83.36,0.86,6.12,Meghna_Bhairab Bazar
2022-11-03,0.01,28.42,21.65,1.01,84.72,0.85,4.26,Meghna_Bhairab Bazar
2022-11-04,0.0,29.18,20.46,0.67,78.94,0.84,6.19,Meghna_Bhairab Bazar
2022-11-05,0.06,30.32,21.2,0.54,74.09,0.84,6.38,Meghna_Bhairab Bazar
2022-11-06,0.79,29.5,21.74,0.57,72.36,0.83,5.91,Meghna_Bhairab Bazar
2022-11-07,0.0,28.84,20.47,0.82,75.14,0.82,5.93,Meghna_Bhairab Bazar
2022-11-08,0.0,28.71,18.61,0.69,69.64,0.82,5.89,Meghna_Bhairab Bazar
2022-11-09,0.0,28.1,19.14,0.78,76.93,0.81,5.74,Meghna_Bhairab Bazar
2022-11-10,0.0,27.61,18.62,0.78,77.01,0.8,6.13,Meghna_Bhairab Bazar
2022-11-11,0.0,27.59,17.25,0.94,76.32,0.8,5.58,Meghna_Bhairab Bazar
2022-11-12,0.0,27.62,18.15,0.95,74.0,0.79,5.08,Meghna_Bhairab Bazar
2022-11-13,0.0,26.18,16.7,1.38,81.75,0.79,3.98,Meghna_Bhairab Bazar
2022-11-14,0.01,26.7,16.81,1.02,77.0,0.78,4.63,Meghna_Bhairab Bazar
2022-11-15,0.0,26.54,16.96,0.76,76.26,0.77,5.1,Meghna_Bhairab Bazar
2022-11-16,0.0,26.49,16.99,0.92,76.75,0.77,4.67,Meghna_Bhairab Bazar
2022-11-17,0.0,26.93,16.52,1.15,80.57,0.76,4.39,Meghna_Bhairab Bazar
2022-11-18,0.0,25.87,15.51,1.18,79.39,0.76,4.29,Meghna_Bhairab Bazar
2022-11-19,0.0,26.05,13.77,1.34,77.85,0.75,4.14,Meghna_Bhairab Bazar
2022-11-20,0.14,27.82,15.62,1.08,77.07,0.74,4.47,Meghna_Bhairab Bazar
2022-11-21,0.06,27.31,17.13,1.11,81.56,0.74,4.7,Meghna_Bhairab Bazar
2022-11-22,0.0,26.62,15.46,0.99,80.45,0.73,4.76,Meghna_Bhairab Bazar
2022-11-23,0.0,26.03,15.8,1.01,84.12,0.73,4.29,Meghna_Bhairab Bazar
2022-11-24,0.0,26.62,15.49,1.02,82.04,0.72,4.25,Meghna_Bhairab Bazar
2022-11-25,0.0,26.92,14.95,0.97,79.09,0.72,4.3,Meghna_Bhairab Bazar
2022-11-26,0.0,27.33,16.49,0.84,79.01,0.71,4.89,Meghna_Bhairab Bazar
2022-11-27,0.0,26.95,16.69,0.85,80.41,0.71,4.74,Meghna_Bhairab Bazar
2022-11-28,0.0,27.5,15.53,1.07,84.62,0.7,4.35,Meghna_Bhairab Bazar
2022-11-29,0.01,28.72,18.78,0.8,79.29,0.69,4.39,Meghna_Bhairab Bazar
2022-11-30,0.01,28.36,19.55,1.0,82.91,0.69,4.06,Meghna_Bhairab Bazar
2022-12-01,0.0,27.52,17.1,1.0,79.68,0.68,4.14,Meghna_Bhairab Bazar
2022-12-02,0.0,26.61,15.18,1.03,82.62,0.68,3.96,Meghna_Bhairab Bazar
2022-12-03,0.0,25.75,14.97,0.75,76.71,0.67,3.91,Meghna_Bhairab Bazar
2022-12-04,0.0,26.28,16.58,0.73,72.87,0.67,3.91,Meghna_Bhairab Bazar
2022-12-05,0.0,26.43,14.37,1.01,77.96,0.67,3.56,Meghna_Bhairab Bazar
2022-12-06,0.0,26.87,15.29,0.66,72.82,0.66,3.95,Meghna_Bhairab Bazar
2022-12-07,0.0,26.02,15.35,0.76,76.21,0.66,3.53,Meghna_Bhairab Bazar
2022-12-08,0.0,25.78,15.13,1.05,74.65,0.65,3.31,Meghna_Bhairab Bazar
2022-12-09,0.0,24.8,14.69,0.72,69.65,0.65,3.11,Meghna_Bhairab Bazar
2022-12-10,0.0,25.62,15.87,0.83,69.18,0.64,3.01,Meghna_Bhairab Bazar
2022-12-11,0.0,25.75,14.26,1.01,74.52,0.64,2.78,Meghna_Bhairab Bazar
2022-12-12,0.0,25.2,14.87,1.01,76.97,0.64,2.49,Meghna_Bhairab Bazar
2022-12-13,0.0,24.68,13.89,1.05,77.15,0.63,2.29,Meghna_Bhairab Bazar
2022-12-14,0.0,24.63,14.18,0.91,77.08,0.63,1.83,Meghna_Bhairab Bazar
2022-12-15,0.0,24.63,13.72,1.01,75.92,0.63,1.89,Meghna_Bhairab Bazar
2022-12-16,0.0,24.54,13.09,1.19,81.13,0.62,1.77,Meghna_Bhairab Bazar
2022-12-17,0.0,25.22,13.24,1.0,78.96,0.62,2.13,Meghna_Bhairab Bazar
2022-12-18,0.0,25.6,13.02,0.78,73.21,0.62,2.35,Meghna_Bhairab Bazar
2022-12-19,0.0,25.41,15.89,0.85,70.14,0.61,2.1,Meghna_Bhairab Bazar
2022-12-20,0.0,25.19,14.38,0.56,69.67,0.61,1.98,Meghna_Bhairab Bazar
2022-12-21,0.0,24.97,15.58,0.87,73.27,0.61,1.89,Meghna_Bhairab Bazar
2022-12-22,0.0,25.39,14.45,0.88,72.96,0.6,1.82,Meghna_Bhairab Bazar
2022-12-23,0.0,24.94,13.08,1.28,70.01,0.6,1.89,Meghna_Bhairab Bazar
2022-12-24,0.0,24.96,12.34,0.97,65.24,0.6,2.05,Meghna_Bhairab Bazar
2022-12-25,0.13,25.15,13.64,0.61,63.31,0.59,1.38,Meghna_Bhairab Bazar
2022-12-26,0.19,26.56,15.04,0.8,71.93,0.59,1.57,Meghna_Bhairab Bazar
2022-12-27,5.05,24.96,15.4,1.09,82.3,0.59,1.01,Meghna_Bhairab Bazar
2022-12-28,0.84,23.99,14.41,1.15,83.48,0.59,1.26,Meghna_Bhairab Bazar
2022-12-29,0.0,23.34,11.48,1.09,72.95,0.59,1.73,Meghna_Bhairab Bazar
2022-12-30,0.0,22.61,11.77,0.86,65.98,0.59,1.39,Meghna_Bhairab Bazar
2022-12-31,0.0,22.81,11.26,0.99,68.01,0.58,1.33,Meghna_Bhairab Bazar
2023-01-01,0.0,23.01,11.67,1.14,74.59,0.58,1.34,Meghna_Bhairab Bazar
2023-01-02,0.0,23.52,10.63,1.19,72.92,0.58,1.53,Meghna_Bhairab Bazar
2023-01-03,0.0,23.77,11.87,1.19,68.11,0.58,1.53,Meghna_Bhairab Bazar
2023-01-04,0.0,23.01,11.74,1.14,72.86,0.57,1.32,Meghna_Bhairab Bazar
2023-01-05,0.0,24.04,9.83,1.27,76.6,0.57,1.41,Meghna_Bhairab Bazar
2023-01-06,0.0,24.57,9.57,1.26,76.69,0.57,1.37,Meghna_Bhairab Bazar
2023-01-07,0.0,25.87,11.5,1.04,77.07,0.56,1.48,Meghna_Bhairab Bazar
2023-01-08,0.0,26.48,11.96,1.06,75.54,0.56,1.56,Meghna_Bhairab Bazar
2023-01-09,0.0,26.85,13.16,1.06,70.29,0.56,1.59,Meghna_Bhairab Bazar
2023-01-10,0.0,27.15,14.7,1.03,67.37,0.55,1.67,Meghna_Bhairab Bazar
2023-01-11,0.0,25.1,11.98,1.14,66.89,0.55,1.36,Meghna_Bhairab Bazar
2023-01-12,0.0,23.93,11.08,1.08,67.68,0.55,1.12,Meghna_Bhairab Bazar
2023-01-13,0.0,25.01,10.74,0.93,61.82,0.54,1.02,Meghna_Bhairab Bazar
2023-01-14,0.0,25.19,12.36,1.19,69.07,0.54,0.98,Meghna_Bhairab Bazar
2023-01-15,0.0,24.57,13.73,1.26,73.22,0.54,1.0,Meghna_Bhairab Bazar
2023-01-16,0.0,24.17,11.22,1.42,72.68,0.54,0.98,Meghna_Bhairab Bazar
2023-01-17,0.0,23.73,10.48,1.45,73.03,0.53,1.09,Meghna_Bhairab Bazar
2023-01-18,0.0,22.81,9.4,1.39,68.84,0.53,0.88,Meghna_Bhairab Bazar
2023-01-19,0.0,22.69,8.95,1.41,63.66,0.53,0.9,Meghna_Bhairab Bazar
2023-01-20,0.0,23.35,9.36,1.15,60.47,0.53,0.97,Meghna_Bhairab Bazar
2023-01-21,1.6,24.82,9.32,1.21,62.08,0.52,1.0,Meghna_Bhairab Bazar
2023-01-22,0.0,25.39,10.54,1.41,61.81,0.52,0.96,Meghna_Bhairab Bazar
2023-01-23,0.0,26.08,11.02,1.3,68.85,0.52,0.99,Meghna_Bhairab Bazar
2023-01-24,0.0,27.73,12.49,1.38,67.34,0.52,1.04,Meghna_Bhairab Bazar
2023-01-25,0.0,27.84,12.93,1.28,66.39,0.51,0.95,Meghna_Bhairab Bazar
2023-01-26,0.0,28.1,14.22,1.23,66.84,0.51,1.03,Meghna_Bhairab Bazar
2023-01-27,0.0,27.63,14.66,1.38,73.45,0.51,0.93,Meghna_Bhairab Bazar
2023-01-28,0.0,27.81,14.67,1.43,74.56,0.51,0.99,Meghna_Bhairab Bazar
2023-01-29,0.0,27.95,14.27,1.2,67.53,0.5,1.11,Meghna_Bhairab Bazar
2023-01-30,0.0,29.27,13.53,1.24,63.26,0.5,1.11,Meghna_Bhairab Bazar
2023-01-31,0.0,28.8,15.2,1.04,66.63,0.5,0.99,Meghna_Bhairab Bazar
2023-02-01,0.0,28.06,16.9,1.58,65.04,0.49,0.83,Meghna_Bhairab Bazar
2023-02-02,0.0,27.29,11.02,1.81,55.1,0.49,1.01,Meghna_Bhairab Bazar
2023-02-03,0.0,27.62,12.12,1.32,58.17,0.49,0.87,Meghna_Bhairab Bazar
2023-02-04,0.0,26.82,12.18,1.44,63.43,0.48,0.79,Meghna_Bhairab Bazar
2023-02-05,0.0,27.36,14.66,1.17,53.73,0.48,0.73,Meghna_Bhairab Bazar
2023-02-06,0.0,27.54,14.29,1.4,49.33,0.48,0.72,Meghna_Bhairab Bazar
2023-02-07,0.0,27.71,12.83,1.65,56.21,0.48,0.75,Meghna_Bhairab Bazar
2023-02-08,0.0,29.02,13.83,1.77,72.83,0.47,0.73,Meghna_Bhairab Bazar
2023-02-09,0.0,29.07,16.06,1.15,66.8,0.47,0.83,Meghna_Bhairab Bazar
2023-02-10,0.0,28.53,14.6,1.41,60.36,0.47,0.76,Meghna_Bhairab Bazar
2023-02-11,0.0,29.13,14.13,1.35,47.51,0.47,0.73,Meghna_Bhairab Bazar
2023-02-12,0.0,29.34,14.41,1.71,65.61,0.46,0.69,Meghna_Bhairab Bazar
2023-02-13,0.0,27.87,11.43,1.81,49.64,0.46,0.74,Meghna_Bhairab Bazar
2023-02-14,0.0,28.58,11.72,1.55,41.15,0.46,0.69,Meghna_Bhairab Bazar
2023-02-15,0.0,27.79,15.49,1.23,41.55,0.46,0.57,Meghna_Bhairab Bazar
2023-02-16,0.0,29.49,14.33,0.82,43.02,0.45,0.68,Meghna_Bhairab Bazar
2023-02-17,0.0,29.65,14.05,1.15,51.16,0.45,0.64,Meghna_Bhairab Bazar
2023-02-18,0.0,29.6,16.43,0.91,50.58,0.45,0.55,Meghna_Bhairab Bazar
2023-02-19,0.0,30.11,16.94,1.13,49.25,0.45,0.53,Meghna_Bhairab Bazar
2023-02-20,0.0,30.24,17.92,1.02,51.86,0.44,0.43,Meghna_Bhairab Bazar
2023-02-21,0.0,30.74,18.0,2.02,65.2,0.44,0.5,Meghna_Bhairab Bazar
2023-02-22,0.09,32.46,18.78,2.89,73.42,0.44,0.58,Meghna_Bhairab Bazar
2023-02-23,0.77,31.75,19.75,2.8,73.83,0.44,0.55,Meghna_Bhairab Bazar
2023-02-24,1.05,31.68,18.51,1.67,70.55,0.44,0.57,Meghna_Bhairab Bazar
2023-02-25,0.06,32.52,17.98,1.66,53.17,0.43,0.61,Meghna_Bhairab Bazar
2023-02-26,0.63,33.26,16.29,1.47,43.02,0.43,0.62,Meghna_Bhairab Bazar
2023-02-27,0.0,33.0,18.02,1.43,38.42,0.43,0.56,Meghna_Bhairab Bazar
2023-02-28,0.0,32.66,16.64,1.48,43.15,0.42,0.51,Meghna_Bhairab Bazar
2023-03-01,0.0,32.61,15.46,1.7,46.68,0.42,0.49,Meghna_Bhairab Bazar
2023-03-02,0.0,33.08,17.62,1.46,45.14,0.42,0.47,Meghna_Bhairab Bazar
2023-03-03,0.0,33.94,17.81,1.67,44.62,0.42,0.47,Meghna_Bhairab Bazar
2023-03-04,0.0,34.73,19.39,1.31,39.08,0.41,0.45,Meghna_Bhairab Bazar
2023-03-05,0.0,34.85,18.57,1.33,43.46,0.41,0.45,Meghna_Bhairab Bazar
2023-03-06,0.0,35.17,20.89,1.53,38.17,0.41,0.41,Meghna_Bhairab Bazar
2023-03-07,0.0,34.99,20.33,1.53,36.39,0.41,0.41,Meghna_Bhairab Bazar
2023-03-08,0.0,34.25,18.79,1.84,38.32,0.4,0.34,Meghna_Bhairab Bazar
2023-03-09,0.0,33.76,20.25,1.89,42.28,0.4,0.29,Meghna_Bhairab Bazar
2023-03-10,0.0,30.41,19.25,1.34,43.53,0.4,0.17,Meghna_Bhairab Bazar
2023-03-11,0.0,35.07,19.78,1.49,41.41,0.4,0.3,Meghna_Bhairab Bazar
2023-03-12,0.0,36.18,19.07,1.77,43.24,0.39,0.29,Meghna_Bhairab Bazar
2023-03-13,0.0,35.79,19.54,1.61,41.45,0.39,0.29,Meghna_Bhairab Bazar
2023-03-14,0.03,34.68,21.58,1.31,43.1,0.39,0.24,Meghna_Bhairab Bazar
2023-03-15,1.15,34.78,21.01,2.26,62.06,0.39,0.22,Meghna_Bhairab Bazar
2023-03-16,3.99,34.02,20.05,2.09,67.17,0.39,0.2,Meghna_Bhairab Bazar
2023-03-17,1.44,31.21,20.65,1.68,68.14,0.39,0.19,Meghna_Bhairab Bazar
2023-03-18,5.43,32.58,19.84,1.28,64.31,0.4,0.27,Meghna_Bhairab Bazar
2023-03-19,9.22,28.02,20.05,1.38,77.59,0.4,0.14,Meghna_Bhairab Bazar
2023-03-20,13.74,26.31,19.25,2.43,82.51,0.43,0.22,Meghna_Bhairab Bazar
2023-03-21,16.59,28.77,18.91,1.74,76.69,0.45,0.62,Meghna_Bhairab Bazar
2023-03-22,10.03,29.78,19.48,1.78,73.13,0.46,0.9,Meghna_Bhairab Bazar
2023-03-23,2.41,30.36,18.97,2.05,72.64,0.46,1.0,Meghna_Bhairab Bazar
2023-03-24,4.66,31.67,17.9,1.19,67.75,0.46,1.07,Meghna_Bhairab Bazar
2023-03-25,4.44,32.28,19.43,1.27,63.56,0.46,1.1,Meghna_Bhairab Bazar
2023-03-26,1.71,33.94,20.22,1.92,65.48,0.46,1.11,Meghna_Bhairab Bazar
2023-03-27,1.0,34.14,21.23,1.77,65.71,0.46,1.07,Meghna_Bhairab Bazar
2023-03-28,1.31,34.0,21.52,1.6,64.99,0.45,0.96,Meghna_Bhairab Bazar
2023-03-29,16.07,31.62,20.88,1.6,71.78,0.47,1.03,Meghna_Bhairab Bazar
2023-03-30,5.12,31.67,20.12,1.4,67.92,0.48,1.2,Meghna_Bhairab Bazar
2023-03-31,24.78,30.55,21.4,1.18,79.52,0.5,1.53,Meghna_Bhairab Bazar
2023-04-01,36.71,27.16,20.82,1.22,86.84,0.54,0.77,Meghna_Bhairab Bazar
2023-04-02,4.53,30.16,20.0,1.56,75.83,0.56,2.9,Meghna_Bhairab Bazar
2023-04-03,20.62,30.43,19.78,2.14,76.86,0.57,2.75,Meghna_Bhairab Bazar
2023-04-04,4.56,32.32,20.51,2.43,74.79,0.58,3.41,Meghna_Bhairab Bazar
2023-04-05,7.25,32.51,22.46,2.62,79.68,0.57,3.02,Meghna_Bhairab Bazar
2023-04-06,4.93,33.36,21.57,1.25,69.3,0.57,3.68,Meghna_Bhairab Bazar
2023-04-07,4.05,34.58,20.53,1.22,57.17,0.57,3.64,Meghna_Bhairab Bazar
2023-04-08,0.0,35.62,22.26,0.74,47.79,0.56,3.65,Meghna_Bhairab Bazar
2023-04-09,0.25,35.8,23.67,1.02,48.94,0.55,3.38,Meghna_Bhairab Bazar
2023-04-10,0.98,35.85,21.43,1.33,54.97,0.54,3.12,Meghna_Bhairab Bazar
2023-04-11,0.0,37.01,22.68,1.36,56.16,0.54,3.1,Meghna_Bhairab Bazar
2023-04-12,0.0,37.29,21.9,1.13,56.24,0.53,3.22,Meghna_Bhairab Bazar
2023-04-13,0.0,37.26,21.62,1.54,51.94,0.52,2.74,Meghna_Bhairab Bazar
2023-04-14,0.0,38.35,21.64,1.24,59.33,0.52,2.72,Meghna_Bhairab Bazar
2023-04-15,0.0,38.51,24.8,0.88,51.24,0.51,2.32,Meghna_Bhairab Bazar
2023-04-16,0.0,38.13,24.44,1.63,54.43,0.51,2.11,Meghna_Bhairab Bazar
2023-04-17,0.0,37.97,23.81,2.44,67.18,0.5,2.01,Meghna_Bhairab Bazar
2023-04-18,0.04,38.35,24.32,2.02,68.26,0.49,1.91,Meghna_Bhairab Bazar
2023-04-19,0.05,37.46,24.8,2.48,71.25,0.49,1.7,Meghna_Bhairab Bazar
2023-04-20,1.11,38.21,24.39,2.89,68.88,0.49,1.79,Meghna_Bhairab Bazar
2023-04-21,6.87,37.26,24.13,2.68,70.84,0.48,1.5,Meghna_Bhairab Bazar
2023-04-22,4.69,36.55,23.16,1.87,66.45,0.49,1.96,Meghna_Bhairab Bazar
2023-04-23,12.99,32.06,23.0,1.31,73.41,0.5,1.11,Meghna_Bhairab Bazar
2023-04-24,0.13,33.75,21.42,1.11,64.77,0.51,2.19,Meghna_Bhairab Bazar
2023-04-25,0.0,35.46,22.39,1.19,58.2,0.5,2.3,Meghna_Bhairab Bazar
2023-04-26,0.0,36.11,22.4,1.14,54.38,0.49,1.96,Meghna_Bhairab Bazar
2023-04-27,0.19,36.78,23.25,0.92,53.23,0.48,1.99,Meghna_Bhairab Bazar
2023-04-28,4.06,35.33,22.7,1.15,57.23,0.48,1.79,Meghna_Bhairab Bazar
2023-04-29,1.67,36.12,23.89,0.9,53.27,0.48,1.59,Meghna_Bhairab Bazar
2023-04-30,3.07,35.53,23.8,0.87,57.93,0.48,1.58,Meghna_Bhairab Bazar
2023-05-01,0.27,34.61,24.12,1.72,61.39,0.48,1.23,Meghna_Bhairab Bazar
2023-05-02,0.15,35.89,23.93,1.21,58.02,0.47,1.51,Meghna_Bhairab Bazar
2023-05-03,1.44,35.46,23.89,1.49,58.36,0.47,1.38,Meghna_Bhairab Bazar
2023-05-04,6.78,34.1,24.42,1.36,66.59,0.47,1.26,Meghna_Bhairab Bazar
2023-05-05,4.11,34.16,23.94,1.68,66.26,0.47,1.31,Meghna_Bhairab Bazar
2023-05-06,1.47,35.84,24.62,1.26,62.94,0.47,1.63,Meghna_Bhairab Bazar
2023-05-07,3.18,37.08,25.08,1.12,56.1,0.47,1.63,Meghna_Bhairab Bazar
2023-05-08,0.0,39.69,24.96,1.84,46.2,0.46,1.51,Meghna_Bhairab Bazar
2023-05-09,0.0,40.2,23.7,1.84,50.51,0.46,1.34,Meghna_Bhairab Bazar
2023-05-10,0.06,40.26,25.54,2.17,57.43,0.45,1.23,Meghna_Bhairab Bazar
2023-05-11,0.63,39.09,26.18,1.22,56.06,0.45,1.27,Meghna_Bhairab Bazar
2023-05-12,1.33,37.24,26.41,0.78,55.56,0.44,1.05,Meghna_Bhairab Bazar
2023-05-13,0.16,38.09,26.23,1.78,54.54,0.44,0.86,Meghna_Bhairab Bazar
2023-05-14,0.7,36.22,23.73,4.13,58.96,0.44,0.88,Meghna_Bhairab Bazar
2023-05-15,0.52,37.0,22.46,2.45,58.34,0.43,0.95,Meghna_Bhairab Bazar
2023-05-16,6.98,36.65,25.23,2.85,65.93,0.43,0.8,Meghna_Bhairab Bazar
2023-05-17,16.54,33.3,24.92,2.2,78.87,0.46,0.66,Meghna_Bhairab Bazar
2023-05-18,28.87,32.5,24.72,2.23,82.87,0.5,1.21,Meghna_Bhairab Bazar
2023-05-19,4.96,33.14,23.74,2.04,79.72,0.51,1.34,Meghna_Bhairab Bazar
2023-05-20,9.48,34.16,25.09,2.65,78.32,0.51,1.5,Meghna_Bhairab Bazar
2023-05-21,9.7,33.66,23.94,2.14,77.22,0.52,1.55,Meghna_Bhairab Bazar
2023-05-22,16.09,32.01,24.61,1.79,82.05,0.53,1.33,Meghna_Bhairab Bazar
2023-05-23,12.79,31.36,25.12,1.47,84.73,0.55,1.07,Meghna_Bhairab Bazar
2023-05-24,20.54,30.69,23.72,1.63,84.82,0.56,1.63,Meghna_Bhairab Bazar
2023-05-25,0.45,33.4,22.53,1.66,77.68,0.57,3.01,Meghna_Bhairab Bazar
2023-05-26,17.2,32.25,25.15,1.54,80.24,0.58,2.72,Meghna_Bhairab Bazar
2023-05-27,15.96,32.27,24.57,1.82,81.03,0.58,2.68,Meghna_Bhairab Bazar
2023-05-28,18.24,33.07,24.33,0.82,74.6,0.61,4.51,Meghna_Bhairab Bazar
2023-05-29,1.06,35.12,25.87,0.95,66.94,0.6,5.5,Meghna_Bhairab Bazar
2023-05-30,0.0,36.55,25.51,1.07,64.4,0.59,5.23,Meghna_Bhairab Bazar
2023-05-31,0.0,37.23,26.75,1.17,64.59,0.57,4.87,Meghna_Bhairab Bazar
2023-06-01,0.1,33.64,27.35,2.08,77.55,0.57,2.22,Meghna_Bhairab Bazar
2023-06-02,0.38,34.53,26.52,2.45,76.41,0.56,2.68,Meghna_Bhairab Bazar
2023-06-03,5.3,34.92,26.25,1.72,77.67,0.56,2.38,Meghna_Bhairab Bazar
2023-06-04,1.21,35.18,26.13,1.42,75.24,0.56,2.62,Meghna_Bhairab Bazar
2023-06-05,0.4,35.64,25.83,1.0,70.01,0.55,2.44,Meghna_Bhairab Bazar
2023-06-06,0.02,36.19,26.89,1.11,66.96,0.55,2.62,Meghna_Bhairab Bazar
2023-06-07,0.96,36.92,26.65,1.32,68.09,0.54,3.07,Meghna_Bhairab Bazar
2023-06-08,13.97,34.69,26.76,1.04,70.07,0.54,1.77,Meghna_Bhairab Bazar
2023-06-09,47.91,30.92,26.03,1.5,83.16,0.61,1.53,Meghna_Bhairab Bazar
2023-06-10,16.72,33.29,25.29,1.82,82.8,0.63,4.33,Meghna_Bhairab Bazar
2023-06-11,21.36,33.03,25.9,2.5,85.37,0.64,4.43,Meghna_Bhairab Bazar
2023-06-12,12.9,31.4,25.79,2.02,88.87,0.65,2.09,Meghna_Bhairab Bazar
2023-06-13,12.39,32.82,26.31,2.43,87.41,0.66,3.53,Meghna_Bhairab Bazar
2023-06-14,22.34,30.86,26.7,3.87,90.63,0.68,1.97,Meghna_Bhairab Bazar
2023-06-15,32.57,30.59,26.68,4.68,91.52,0.7,2.08,Meghna_Bhairab Bazar
2023-06-16,53.03,31.76,26.53,4.1,90.37,0.75,2.92,Meghna_Bhairab Bazar
2023-06-17,29.91,31.55,26.14,3.45,91.28,0.78,2.26,Meghna_Bhairab Bazar
2023-06-18,42.73,31.65,25.92,2.68,90.74,0.81,2.42,Meghna_Bhairab Bazar
2023-06-19,35.11,29.91,26.0,2.37,93.77,0.83,0.81,Meghna_Bhairab Bazar
2023-06-20,13.14,31.21,25.3,2.15,89.31,0.84,2.62,Meghna_Bhairab Bazar
2023-06-21,16.78,30.73,26.14,2.3,92.06,0.85,1.18,Meghna_Bhairab Bazar
2023-06-22,8.47,30.46,25.48,2.15,90.48,0.85,1.56,Meghna_Bhairab Bazar
2023-06-23,6.66,32.34,24.73,2.53,87.8,0.85,4.14,Meghna_Bhairab Bazar
2023-06-24,5.39,32.98,25.24,2.55,86.57,0.84,5.07,Meghna_Bhairab Bazar
2023-06-25,1.91,32.36,23.86,2.48,86.22,0.83,5.0,Meghna_Bhairab Bazar
2023-06-26,5.52,30.31,24.76,2.85,90.13,0.82,2.52,Meghna_Bhairab Bazar
2023-06-27,22.62,31.44,25.24,3.41,89.13,0.83,3.23,Meghna_Bhairab Bazar
2023-06-28,39.64,31.15,25.12,3.02,90.51,0.85,2.4,Meghna_Bhairab Bazar
2023-06-29,38.18,31.0,25.77,2.5,91.06,0.88,2.02,Meghna_Bhairab Bazar
2023-06-30,33.1,30.38,25.85,2.43,91.15,0.9,1.61,Meghna_Bhairab Bazar
2023-07-01,49.13,32.3,26.0,2.08,88.55,0.92,2.88,Meghna_Bhairab Bazar
2023-07-02,16.58,31.5,25.92,2.42,90.52,0.92,2.44,Meghna_Bhairab Bazar
2023-07-03,15.22,32.2,26.27,2.11,89.49,0.92,2.78,Meghna_Bhairab Bazar
2023-07-04,1.56,32.81,26.16,1.61,86.38,0.91,4.21,Meghna_Bhairab Bazar
2023-07-05,49.4,33.17,25.98,1.71,86.84,0.92,4.22,Meghna_Bhairab Bazar
2023-07-06,19.0,31.85,26.2,3.32,90.32,0.92,2.57,Meghna_Bhairab Bazar
2023-07-07,4.81,30.55,26.17,2.7,92.36,0.92,1.62,Meghna_Bhairab Bazar
2023-07-08,4.01,30.67,25.98,2.24,89.87,0.91,2.1,Meghna_Bhairab Bazar
2023-07-09,4.1,32.52,25.57,1.77,87.6,0.91,3.75,Meghna_Bhairab Bazar
2023-07-10,2.94,32.25,26.2,2.62,89.27,0.9,3.38,Meghna_Bhairab Bazar
2023-07-11,3.94,31.93,25.69,3.29,89.45,0.9,3.14,Meghna_Bhairab Bazar
2023-07-12,3.25,30.41,25.2,2.62,90.64,0.89,2.09,Meghna_Bhairab Bazar
2023-07-13,4.59,30.96,25.91,2.36,90.86,0.89,2.23,Meghna_Bhairab Bazar
2023-07-14,14.99,31.08,25.76,2.49,91.59,0.89,1.8,Meghna_Bhairab Bazar
2023-07-15,4.12,32.24,25.58,3.27,87.54,0.89,4.0,Meghna_Bhairab Bazar
2023-07-16,4.67,31.31,24.09,2.99,89.94,0.88,2.55,Meghna_Bhairab Bazar
2023-07-17,6.67,30.3,26.01,1.73,89.57,0.88,1.89,Meghna_Bhairab Bazar
2023-07-18,4.65,33.06,25.97,1.64,86.27,0.88,4.5,Meghna_Bhairab Bazar
2023-07-19,12.87,33.56,25.97,1.86,87.05,0.88,4.92,Meghna_Bhairab Bazar
2023-07-20,5.26,32.56,26.45,1.54,87.61,0.87,3.54,Meghna_Bhairab Bazar
2023-07-21,5.59,33.17,26.82,1.04,82.75,0.87,4.63,Meghna_Bhairab Bazar
2023-07-22,11.75,30.98,26.49,1.41,86.83,0.87,2.75,Meghna_Bhairab Bazar
2023-07-23,5.66,31.31,26.89,1.26,86.9,0.87,3.23,Meghna_Bhairab Bazar
2023-07-24,0.93,33.78,26.27,0.99,83.65,0.86,5.74,Meghna_Bhairab Bazar
2023-07-25,4.71,32.78,26.62,1.14,84.54,0.86,4.17,Meghna_Bhairab Bazar
2023-07-26,9.79,31.01,25.93,1.88,90.15,0.86,2.48,Meghna_Bhairab Bazar
2023-07-27,6.07,32.78,25.97,2.31,88.64,0.85,4.18,Meghna_Bhairab Bazar
2023-07-28,9.52,32.94,26.09,2.38,88.44,0.85,4.51,Meghna_Bhairab Bazar
2023-07-29,7.8,33.48,25.82,1.95,87.55,0.85,4.47,Meghna_Bhairab Bazar
2023-07-30,0.74,33.89,26.05,0.93,80.8,0.84,6.97,Meghna_Bhairab Bazar
2023-07-31,7.13,34.68,27.64,0.81,78.89,0.83,7.06,Meghna_Bhairab Bazar
2023-08-01,16.1,34.79,26.98,2.26,84.57,0.83,5.79,Meghna_Bhairab Bazar
2023-08-02,6.48,32.71,25.88,3.34,89.36,0.83,3.89,Meghna_Bhairab Bazar
2023-08-03,16.09,31.66,25.57,2.84,91.4,0.83,2.56,Meghna_Bhairab Bazar
2023-08-04,18.07,31.69,25.86,3.08,91.09,0.84,2.73,Meghna_Bhairab Bazar
2023-08-05,4.05,31.69,25.47,2.86,90.42,0.84,3.41,Meghna_Bhairab Bazar
2023-08-06,45.91,30.42,25.88,3.45,90.46,0.85,3.41,Meghna_Bhairab Bazar
2023-08-07,68.03,32.08,26.33,3.37,91.48,0.91,2.54,Meghna_Bhairab Bazar
2023-08-08,57.01,30.08,26.35,2.64,92.5,0.94,1.48,Meghna_Bhairab Bazar
2023-08-09,10.4,31.5,25.44,2.02,89.59,0.93,2.93,Meghna_Bhairab Bazar
2023-08-10,4.87,30.93,25.8,2.16,91.56,0.92,2.16,Meghna_Bhairab Bazar
2023-08-11,7.91,30.94,25.29,2.38,90.86,0.92,2.12,Meghna_Bhairab Bazar
2023-08-12,20.89,28.17,25.37,2.95,93.35,0.92,0.97,Meghna_Bhairab Bazar
2023-08-13,14.88,31.15,25.09,2.3,89.18,0.93,2.37,Meghna_Bhairab Bazar
2023-08-14,6.4,31.66,24.71,1.01,82.44,0.92,3.95,Meghna_Bhairab Bazar
2023-08-15,31.67,32.32,25.51,1.2,87.49,0.93,3.63,Meghna_Bhairab Bazar
2023-08-16,14.86,32.47,26.44,1.45,88.56,0.94,3.24,Meghna_Bhairab Bazar
2023-08-17,4.21,32.11,26.22,1.05,87.58,0.93,3.24,Meghna_Bhairab Bazar
2023-08-18,2.64,32.75,26.16,1.85,88.49,0.92,4.29,Meghna_Bhairab Bazar
2023-08-19,2.72,31.63,25.36,1.96,90.66,0.91,3.06,Meghna_Bhairab Bazar
2023-08-20,1.12,32.32,25.3,1.5,87.87,0.91,4.94,Meghna_Bhairab Bazar
2023-08-21,4.93,30.79,26.16,1.94,90.26,0.9,2.51,Meghna_Bhairab Bazar
2023-08-22,8.21,29.35,25.51,2.41,92.95,0.9,1.39,Meghna_Bhairab Bazar
2023-08-23,3.25,30.79,25.75,2.39,89.9,0.9,3.34,Meghna_Bhairab Bazar
2023-08-24,8.29,31.08,25.85,2.08,90.96,0.9,2.58,Meghna_Bhairab Bazar
2023-08-25,3.12,31.3,25.73,2.34,90.64,0.9,3.34,Meghna_Bhairab Bazar
2023-08-26,43.58,31.41,26.17,2.66,90.2,0.91,3.22,Meghna_Bhairab Bazar
2023-08-27,16.96,31.21,26.16,2.47,90.94,0.92,2.45,Meghna_Bhairab Bazar
2023-08-28,10.74,32.17,26.21,2.11,88.71,0.92,3.77,Meghna_Bhairab Bazar
2023-08-29,1.3,33.06,25.49,0.89,83.35,0.91,6.27,Meghna_Bhairab Bazar
2023-08-30,0.1,33.3,25.37,0.96,80.56,0.9,6.84,Meghna_Bhairab Bazar
2023-08-31,4.43,31.1,26.16,1.07,87.79,0.89,2.28,Meghna_Bhairab Bazar
2023-09-01,6.42,32.26,26.29,1.09,87.07,0.89,3.76,Meghna_Bhairab Bazar
2023-09-02,5.07,33.14,26.13,0.72,83.59,0.89,5.53,Meghna_Bhairab Bazar
2023-09-03,8.67,30.86,25.9,1.55,92.28,0.89,1.51,Meghna_Bhairab Bazar
2023-09-04,14.42,31.13,25.16,0.95,87.18,0.9,2.54,Meghna_Bhairab Bazar
2023-09-05,7.28,33.68,25.7,1.18,84.13,0.9,5.0,Meghna_Bhairab Bazar
2023-09-06,1.68,32.87,26.8,1.41,86.08,0.89,4.11,Meghna_Bhairab Bazar
2023-09-07,14.59,31.79,24.99,1.96,89.1,0.89,3.36,Meghna_Bhairab Bazar
2023-09-08,15.83,29.58,25.77,2.35,94.04,0.9,1.0,Meghna_Bhairab Bazar
2023-09-09,0.11,32.2,25.46,1.18,85.57,0.9,6.47,Meghna_Bhairab Bazar
2023-09-10,4.37,32.53,25.78,1.07,85.9,0.89,6.39,Meghna_Bhairab Bazar
2023-09-11,2.92,32.99,25.89,1.03,82.17,0.89,2.37,Meghna_Bhairab Bazar
2023-09-12,19.3,32.43,25.56,1.05,85.69,0.89,5.96,Meghna_Bhairab Bazar
2023-09-13,9.43,31.71,26.14,1.24,85.54,0.89,3.65,Meghna_Bhairab Bazar
2023-09-14,3.92,30.9,25.91,1.98,90.57,0.89,3.08,Meghna_Bhairab Bazar
2023-09-15,3.44,31.89,25.59,1.58,88.28,0.88,5.16,Meghna_Bhairab Bazar
2023-09-16,0.47,32.35,25.4,0.99,86.09,0.88,5.58,Meghna_Bhairab Bazar
2023-09-17,0.49,33.85,25.92,0.9,83.32,0.87,7.57,Meghna_Bhairab Bazar
2023-09-18,14.71,31.11,26.72,0.89,89.39,0.87,0.91,Meghna_Bhairab Bazar
2023-09-19,25.8,31.08,25.72,1.4,89.26,0.89,3.83,Meghna_Bhairab Bazar
2023-09-20,13.96,29.45,25.25,2.67,92.45,0.89,2.17,Meghna_Bhairab Bazar
2023-09-21,15.17,29.18,25.7,2.02,94.12,0.89,1.07,Meghna_Bhairab Bazar
2023-09-22,11.66,30.77,25.46,1.85,91.07,0.9,3.1,Meghna_Bhairab Bazar
2023-09-23,22.17,30.75,25.4,1.62,90.62,0.9,2.99,Meghna_Bhairab Bazar
2023-09-24,4.01,31.41,25.11,1.63,88.45,0.9,5.43,Meghna_Bhairab Bazar
2023-09-25,6.06,31.89,24.74,1.34,88.13,0.9,5.36,Meghna_Bhairab Bazar
2023-09-26,19.17,32.6,26.23,0.46,81.09,0.9,4.77,Meghna_Bhairab Bazar
2023-09-27,19.23,30.97,25.81,0.82,85.18,0.91,3.04,Meghna_Bhairab Bazar
2023-09-28,0.46,32.73,25.24,0.89,83.91,0.9,5.97,Meghna_Bhairab Bazar
2023-09-29,4.97,31.68,26.8,1.25,90.06,0.9,2.25,Meghna_Bhairab Bazar
2023-09-30,4.31,31.74,26.12,1.41,88.39,0.9,3.99,Meghna_Bhairab Bazar
2023-10-01,3.5,30.97,25.96,1.26,89.68,0.89,3.75,Meghna_Bhairab Bazar
2023-10-02,3.94,31.62,25.33,1.53,90.01,0.89,4.06,Meghna_Bhairab Bazar
2023-10-03,9.7,30.67,24.86,2.11,90.69,0.89,4.39,Meghna_Bhairab Bazar
2023-10-04,16.28,28.86,24.93,2.14,91.93,0.89,2.01,Meghna_Bhairab Bazar
2023-10-05,34.27,28.36,24.93,2.32,94.76,0.91,0.74,Meghna_Bhairab Bazar
2023-10-06,66.04,30.0,25.84,2.56,92.74,0.94,1.88,Meghna_Bhairab Bazar
2023-10-07,17.9,31.04,25.04,2.57,91.42,0.95,3.12,Meghna_Bhairab Bazar
2023-10-08,4.46,31.26,25.51,2.25,90.07,0.94,3.76,Meghna_Bhairab Bazar
2023-10-09,9.91,31.42,25.46,1.74,90.12,0.93,3.63,Meghna_Bhairab Bazar
2023-10-10,1.14,31.87,25.16,0.78,82.08,0.93,6.61,Meghna_Bhairab Bazar
2023-10-11,1.06,31.7,24.64,0.82,83.32,0.92,5.91,Meghna_Bhairab Bazar
2023-10-12,8.08,31.2,24.65,0.67,79.7,0.92,5.1,Meghna_Bhairab Bazar
2023-10-13,9.11,30.75,24.05,0.78,76.55,0.92,5.09,Meghna_Bhairab Bazar
2023-10-14,0.07,30.47,22.78,0.89,76.17,0.91,5.99,Meghna_Bhairab Bazar
2023-10-15,0.0,30.94,22.41,0.76,79.92,0.91,6.9,Meghna_Bhairab Bazar
2023-10-16,0.0,30.61,22.28,0.93,80.39,0.9,6.14,Meghna_Bhairab Bazar
2023-10-17,0.02,31.05,22.39,0.61,70.85,0.89,7.7,Meghna_Bhairab Bazar
2023-10-18,0.31,30.2,21.85,0.7,71.22,0.89,6.64,Meghna_Bhairab Bazar
2023-10-19,0.05,29.5,22.08,0.94,80.33,0.88,5.77,Meghna_Bhairab Bazar
2023-10-20,0.0,29.88,21.03,0.96,82.45,0.88,6.45,Meghna_Bhairab Bazar
2023-10-21,0.0,30.17,20.68,0.91,77.18,0.87,6.77,Meghna_Bhairab Bazar
2023-10-22,1.06,30.16,21.78,0.82,73.41,0.87,5.68,Meghna_Bhairab Bazar
2023-10-23,1.04,30.2,23.06,0.85,82.27,0.86,3.87,Meghna_Bhairab Bazar
2023-10-24,3.68,28.26,22.58,1.33,90.25,0.86,2.61,Meghna_Bhairab Bazar
2023-10-25,5.09,29.74,21.72,1.16,84.94,0.86,5.69,Meghna_Bhairab Bazar
2023-10-26,12.02,29.25,22.45,0.92,82.66,0.86,4.17,Meghna_Bhairab Bazar
2023-10-27,5.14,29.3,22.16,0.61,79.79,0.86,5.92,Meghna_Bhairab Bazar
2023-10-28,0.0,29.17,20.54,1.06,77.5,0.86,6.3,Meghna_Bhairab Bazar
2023-10-29,0.0,28.93,20.76,0.85,73.69,0.85,6.28,Meghna_Bhairab Bazar
2023-10-30,0.0,29.23,21.3,0.79,76.8,0.84,5.89,Meghna_Bhairab Bazar
2023-10-31,0.0,29.91,20.23,1.04,80.53,0.83,5.68,Meghna_Bhairab Bazar
2023-11-01,0.0,30.23,21.52,1.06,78.39,0.83,5.46,Meghna_Bhairab Bazar
2023-11-02,0.0,29.55,21.59,0.88,77.27,0.82,6.17,Meghna_Bhairab Bazar
2023-11-03,0.0,28.52,21.19,1.0,80.16,0.81,4.79,Meghna_Bhairab Bazar
2023-11-04,0.0,29.19,20.91,0.84,74.3,0.8,5.02,Meghna_Bhairab Bazar
2023-11-05,1.17,28.25,20.21,1.34,81.42,0.8,4.14,Meghna_Bhairab Bazar
2023-11-06,0.0,28.38,19.23,0.99,76.21,0.79,5.2,Meghna_Bhairab Bazar
2023-11-07,0.0,27.39,19.02,0.89,76.39,0.79,4.59,Meghna_Bhairab Bazar
2023-11-08,0.0,27.04,18.44,0.85,75.69,0.78,4.75,Meghna_Bhairab Bazar
2023-11-09,0.0,27.36,19.37,1.07,80.06,0.78,4.65,Meghna_Bhairab Bazar
2023-11-10,0.0,28.07,19.35,0.95,76.95,0.77,4.98,Meghna_Bhairab Bazar
2023-11-11,0.0,28.28,19.3,0.71,74.32,0.76,5.59,Meghna_Bhairab Bazar
2023-11-12,0.0,28.05,19.0,0.97,75.75,0.76,5.29,Meghna_Bhairab Bazar
2023-11-13,0.0,28.0,18.07,0.76,74.71,0.75,5.32,Meghna_Bhairab Bazar
2023-11-14,0.0,28.4,18.35,0.77,77.89,0.74,5.48,Meghna_Bhairab Bazar
2023-11-15,0.0,28.67,18.78,0.75,77.16,0.74,5.11,Meghna_Bhairab Bazar
2023-11-16,7.66,27.24,21.35,1.09,85.77,0.74,2.08,Meghna_Bhairab Bazar
2023-11-17,91.86,24.7,20.75,3.21,94.83,0.78,0.48,Meghna_Bhairab Bazar
2023-11-18,16.07,26.82,19.07,1.61,88.98,0.82,2.81,Meghna_Bhairab Bazar
2023-11-19,6.36,28.11,19.89,0.83,85.48,0.82,4.35,Meghna_Bhairab Bazar
2023-11-20,0.01,28.61,19.97,0.68,80.85,0.81,5.32,Meghna_Bhairab Bazar
2023-11-21,0.03,27.71,20.24,0.81,78.28,0.81,4.54,Meghna_Bhairab Bazar
2023-11-22,0.06,26.97,18.4,1.09,82.04,0.8,4.21,Meghna_Bhairab Bazar
2023-11-23,0.0,26.72,16.78,0.9,78.0,0.79,4.14,Meghna_Bhairab Bazar
2023-11-24,0.0,27.24,17.55,0.43,74.47,0.79,4.93,Meghna_Bhairab Bazar
2023-11-25,0.0,26.96,17.96,0.85,74.28,0.78,4.41,Meghna_Bhairab Bazar
2023-11-26,0.0,26.97,16.35,1.03,79.77,0.78,4.07,Meghna_Bhairab Bazar
2023-11-27,0.0,27.71,17.21,1.1,82.87,0.77,3.99,Meghna_Bhairab Bazar
2023-11-28,0.0,28.26,18.78,0.76,76.29,0.77,4.98,Meghna_Bhairab Bazar
2023-11-29,0.0,26.91,18.08,0.73,79.05,0.76,3.24,Meghna_Bhairab Bazar
2023-11-30,0.0,26.95,16.8,1.18,82.2,0.76,3.86,Meghna_Bhairab Bazar
2023-12-01,0.0,27.02,16.9,0.98,76.77,0.75,4.0,Meghna_Bhairab Bazar
2023-12-02,0.0,27.41,18.57,0.69,72.89,0.74,4.02,Meghna_Bhairab Bazar
2023-12-03,0.0,27.49,17.62,1.06,84.08,0.74,3.8,Meghna_Bhairab Bazar
2023-12-04,0.0,27.3,17.37,1.16,86.12,0.73,3.73,Meghna_Bhairab Bazar
2023-12-05,0.0,26.54,18.97,0.59,79.51,0.73,3.04,Meghna_Bhairab Bazar
2023-12-06,1.76,24.99,18.68,1.13,84.76,0.73,1.45,Meghna_Bhairab Bazar
2023-12-07,20.16,22.82,19.59,1.71,93.88,0.74,0.52,Meghna_Bhairab Bazar
2023-12-08,25.52,24.8,18.41,1.28,91.83,0.77,1.81,Meghna_Bhairab Bazar
2023-12-09,2.92,24.76,16.72,1.55,89.63,0.78,2.57,Meghna_Bhairab Bazar
2023-12-10,0.0,23.68,14.14,1.22,82.88,0.77,2.88,Meghna_Bhairab Bazar
2023-12-11,0.0,23.68,14.67,1.02,81.77,0.76,2.9,Meghna_Bhairab Bazar
2023-12-12,0.07,24.36,14.38,0.71,80.29,0.76,3.6,Meghna_Bhairab Bazar
2023-12-13,0.0,23.65,14.81,0.99,80.38,0.75,2.88,Meghna_Bhairab Bazar
2023-12-14,0.0,21.95,12.78,0.97,73.28,0.75,2.56,Meghna_Bhairab Bazar
2023-12-15,0.0,22.93,12.78,0.82,73.1,0.74,2.75,Meghna_Bhairab Bazar
2023-12-16,0.0,23.23,13.36,0.66,73.97,0.74,2.81,Meghna_Bhairab Bazar
2023-12-17,0.0,23.5,12.96,0.72,72.67,0.73,3.11,Meghna_Bhairab Bazar
2023-12-18,0.0,23.36,14.12,0.6,73.97,0.73,3.19,Meghna_Bhairab Bazar
2023-12-19,0.0,23.62,13.78,0.85,76.71,0.72,3.03,Meghna_Bhairab Bazar
2023-12-20,0.0,23.39,12.9,0.99,74.73,0.72,2.99,Meghna_Bhairab Bazar
2023-12-21,0.0,24.86,14.11,0.85,78.67,0.72,3.1,Meghna_Bhairab Bazar
2023-12-22,0.0,24.94,15.13,0.86,82.42,0.71,3.15,Meghna_Bhairab Bazar
2023-12-23,0.0,24.9,15.91,0.95,85.31,0.71,1.96,Meghna_Bhairab Bazar
2023-12-24,0.13,25.24,17.23,0.78,78.04,0.71,3.06,Meghna_Bhairab Bazar
2023-12-25,0.09,24.78,17.07,0.55,73.6,0.7,2.81,Meghna_Bhairab Bazar
2023-12-26,0.0,25.1,14.95,0.84,79.16,0.7,3.03,Meghna_Bhairab Bazar
2023-12-27,0.0,25.7,15.15,0.58,78.35,0.69,3.38,Meghna_Bhairab Bazar
2023-12-28,0.0,25.36,15.53,0.61,74.57,0.69,3.54,Meghna_Bhairab Bazar
2023-12-29,0.0,25.39,15.75,0.68,73.65,0.68,3.45,Meghna_Bhairab Bazar
2023-12-30,0.0,25.67,16.52,0.61,70.34,0.68,3.42,Meghna_Bhairab Bazar
2023-12-31,0.0,25.25,15.39,0.89,76.25,0.67,3.04,Meghna_Bhairab Bazar
