date,rainfall_mm,temp_max,temp_min,wind_speed,humidity,soil_moisture,evapotranspiration,station
2005-01-01,0.0,22.05,10.53,0.7,51.33,0.42,0.11,Nepal_Birganj
2005-01-02,0.0,24.24,12.89,0.78,51.64,0.42,0.16,Nepal_Birganj
2005-01-03,0.06,27.56,12.91,1.57,48.9,0.42,0.21,Nepal_Birganj
2005-01-04,0.2,26.12,12.72,2.4,52.0,0.42,0.2,Nepal_Birganj
2005-01-05,0.0,24.14,10.64,1.08,46.46,0.42,0.17,Nepal_Birganj
2005-01-06,0.0,25.67,11.21,1.08,45.88,0.41,0.17,Nepal_Birganj
2005-01-07,0.0,24.32,11.31,1.51,43.76,0.41,0.16,Nepal_Birganj
2005-01-08,0.0,23.16,11.07,0.98,41.21,0.41,0.14,Nepal_Birganj
2005-01-09,0.0,23.08,10.8,1.35,43.9,0.41,0.13,Nepal_Birganj
2005-01-10,0.0,22.44,9.85,1.03,43.17,0.41,0.11,Nepal_Birganj
2005-01-11,0.0,23.02,10.09,1.3,41.2,0.41,0.11,Nepal_Birganj
2005-01-12,0.0,21.3,9.01,1.3,49.28,0.41,0.1,Nepal_Birganj
2005-01-13,0.0,21.66,10.25,1.46,46.0,0.41,0.1,Nepal_Birganj
2005-01-14,0.0,22.59,10.01,1.31,39.42,0.4,0.11,Nepal_Birganj
2005-01-15,0.0,23.58,8.33,1.39,41.21,0.4,0.11,Nepal_Birganj
2005-01-16,0.23,25.46,12.2,1.08,39.7,0.4,0.12,Nepal_Birganj
2005-01-17,1.1,25.67,12.38,1.39,48.86,0.4,0.13,Nepal_Birganj
2005-01-18,7.0,19.66,12.55,1.7,70.15,0.41,0.04,Nepal_Birganj
2005-01-19,4.23,21.14,10.78,1.61,65.6,0.42,0.11,Nepal_Birganj
2005-01-20,0.0,22.0,8.95,1.6,55.65,0.42,0.14,Nepal_Birganj
2005-01-21,0.04,22.95,9.98,0.96,38.84,0.42,0.13,Nepal_Birganj
2005-01-22,0.56,23.04,11.46,1.62,50.97,0.41,0.14,Nepal_Birganj
2005-01-23,20.83,19.38,11.74,1.85,73.91,0.43,0.07,Nepal_Birganj
2005-01-24,0.01,20.99,9.94,0.71,66.54,0.45,0.18,Nepal_Birganj
2005-01-25,5.81,21.69,9.1,1.73,62.78,0.46,0.26,Nepal_Birganj
2005-01-26,0.0,23.27,9.15,2.01,55.68,0.45,0.27,Nepal_Birganj
2005-01-27,0.0,25.28,11.36,1.44,45.12,0.45,0.35,Nepal_Birganj
2005-01-28,0.61,18.36,12.54,1.01,56.2,0.45,0.07,Nepal_Birganj
2005-01-29,0.1,24.58,10.73,1.09,61.05,0.45,0.34,Nepal_Birganj
2005-01-30,0.07,25.24,14.71,1.14,52.7,0.45,0.27,Nepal_Birganj
2005-01-31,4.24,19.49,14.02,1.5,63.21,0.45,0.08,Nepal_Birganj
2005-02-01,0.15,23.73,12.57,2.42,70.14,0.45,0.29,Nepal_Birganj
2005-02-02,0.04,22.82,9.24,2.21,57.55,0.45,0.31,Nepal_Birganj
2005-02-03,0.0,23.0,8.84,1.31,48.46,0.45,0.29,Nepal_Birganj
2005-02-04,0.0,22.93,9.9,1.29,43.13,0.44,0.23,Nepal_Birganj
2005-02-05,0.0,24.92,10.69,1.72,40.68,0.44,0.3,Nepal_Birganj
2005-02-06,0.03,26.22,12.8,1.48,39.92,0.44,0.31,Nepal_Birganj
2005-02-07,4.01,26.35,13.1,1.23,49.22,0.44,0.26,Nepal_Birganj
2005-02-08,0.22,26.44,14.46,1.12,63.13,0.44,0.29,Nepal_Birganj
2005-02-09,0.0,28.39,14.38,1.87,50.02,0.44,0.38,Nepal_Birganj
2005-02-10,0.0,28.36,14.09,1.78,41.38,0.44,0.38,Nepal_Birganj
2005-02-11,0.0,30.32,15.5,1.7,40.91,0.43,0.38,Nepal_Birganj
2005-02-12,0.0,30.41,15.89,2.39,46.89,0.43,0.37,Nepal_Birganj
2005-02-13,0.0,29.79,13.9,3.91,41.28,0.43,0.38,Nepal_Birganj
2005-02-14,0.0,29.36,10.92,3.43,41.96,0.43,0.3,Nepal_Birganj
2005-02-15,0.15,28.44,13.06,2.17,47.93,0.42,0.25,Nepal_Birganj
2005-02-16,0.61,27.84,17.33,1.82,51.8,0.42,0.21,Nepal_Birganj
2005-02-17,0.29,30.11,16.22,1.99,40.32,0.42,0.27,Nepal_Birganj
2005-02-18,0.27,29.47,16.73,1.79,47.07,0.42,0.23,Nepal_Birganj
2005-02-19,0.09,31.97,18.86,1.55,39.95,0.41,0.3,Nepal_Birganj
2005-02-20,0.04,32.11,18.39,1.39,37.0,0.41,0.26,Nepal_Birganj
2005-02-21,1.04,32.65,17.14,2.64,36.35,0.41,0.27,Nepal_Birganj
2005-02-22,3.5,27.42,16.23,1.79,52.07,0.41,0.16,Nepal_Birganj
2005-02-23,1.28,27.18,15.71,1.75,53.05,0.41,0.22,Nepal_Birganj
2005-02-24,4.18,28.43,13.21,1.74,49.29,0.42,0.27,Nepal_Birganj
2005-02-25,0.0,29.93,13.66,2.47,39.06,0.42,0.28,Nepal_Birganj
2005-02-26,0.0,30.08,12.61,2.32,39.85,0.41,0.26,Nepal_Birganj
2005-02-27,0.0,30.24,13.72,1.76,34.63,0.41,0.23,Nepal_Birganj
2005-02-28,0.0,30.89,16.29,1.68,30.97,0.41,0.24,Nepal_Birganj
2005-03-01,0.0,32.17,14.96,1.81,34.85,0.4,0.22,Nepal_Birganj
2005-03-02,0.0,34.1,18.95,2.87,33.58,0.4,0.24,Nepal_Birganj
2005-03-03,0.0,33.35,17.11,1.84,36.8,0.4,0.22,Nepal_Birganj
2005-03-04,0.07,34.71,17.09,1.71,36.75,0.4,0.2,Nepal_Birganj
2005-03-05,0.27,34.56,18.34,1.97,34.32,0.39,0.19,Nepal_Birganj
2005-03-06,0.0,34.76,17.98,2.87,35.79,0.39,0.19,Nepal_Birganj
2005-03-07,0.0,35.62,18.93,2.79,29.32,0.39,0.19,Nepal_Birganj
2005-03-08,0.01,31.66,20.78,2.49,42.66,0.39,0.11,Nepal_Birganj
2005-03-09,0.31,32.24,18.07,2.0,52.45,0.38,0.11,Nepal_Birganj
2005-03-10,0.42,31.56,20.16,3.03,47.54,0.38,0.11,Nepal_Birganj
2005-03-11,3.53,32.27,18.51,2.13,45.94,0.38,0.12,Nepal_Birganj
2005-03-12,0.21,30.73,17.24,1.43,42.46,0.39,0.15,Nepal_Birganj
2005-03-13,0.62,32.23,17.12,1.55,43.48,0.39,0.15,Nepal_Birganj
2005-03-14,0.09,33.53,19.78,1.67,37.01,0.38,0.13,Nepal_Birganj
2005-03-15,0.01,33.61,18.84,1.61,35.33,0.38,0.13,Nepal_Birganj
2005-03-16,0.05,34.2,19.49,1.17,34.17,0.38,0.12,Nepal_Birganj
2005-03-17,0.42,33.61,20.55,1.61,39.0,0.38,0.09,Nepal_Birganj
2005-03-18,1.27,33.7,20.87,1.55,43.02,0.38,0.1,Nepal_Birganj
2005-03-19,3.67,33.97,21.25,1.5,46.04,0.38,0.12,Nepal_Birganj
2005-03-20,0.26,35.04,20.48,2.21,35.67,0.38,0.13,Nepal_Birganj
2005-03-21,1.02,36.79,21.47,2.41,32.27,0.38,0.13,Nepal_Birganj
2005-03-22,0.02,38.12,21.72,1.83,30.31,0.38,0.13,Nepal_Birganj
2005-03-23,0.14,35.48,21.17,1.86,30.65,0.37,0.11,Nepal_Birganj
2005-03-24,4.45,27.18,17.79,1.42,41.71,0.38,0.04,Nepal_Birganj
2005-03-25,0.69,30.67,15.62,1.95,40.0,0.38,0.09,Nepal_Birganj
2005-03-26,0.68,31.5,16.37,1.31,35.13,0.38,0.1,Nepal_Birganj
2005-03-27,0.0,34.75,17.58,1.95,30.75,0.37,0.09,Nepal_Birganj
2005-03-28,0.0,36.33,21.43,1.54,26.47,0.37,0.1,Nepal_Birganj
2005-03-29,0.0,36.26,21.57,2.0,22.72,0.37,0.08,Nepal_Birganj
2005-03-30,0.07,36.61,20.41,1.81,20.82,0.37,0.07,Nepal_Birganj
2005-03-31,0.04,36.39,20.85,2.16,21.67,0.36,0.07,Nepal_Birganj
2005-04-01,0.0,35.23,18.75,1.51,15.11,0.36,0.06,Nepal_Birganj
2005-04-02,0.0,36.27,17.95,1.45,16.58,0.36,0.05,Nepal_Birganj
2005-04-03,0.06,36.4,19.33,1.53,18.34,0.36,0.05,Nepal_Birganj
2005-04-04,0.17,36.72,21.9,1.24,19.17,0.36,0.04,Nepal_Birganj
2005-04-05,0.18,36.07,19.38,1.67,25.45,0.36,0.04,Nepal_Birganj
2005-04-06,0.0,35.27,21.22,1.46,28.54,0.36,0.03,Nepal_Birganj
2005-04-07,0.05,38.14,21.03,1.57,26.61,0.35,0.03,Nepal_Birganj
2005-04-08,0.36,40.2,23.6,1.55,23.55,0.35,0.04,Nepal_Birganj
2005-04-09,0.31,38.87,24.65,1.87,23.68,0.35,0.03,Nepal_Birganj
2005-04-10,1.99,37.7,23.99,1.71,31.29,0.36,0.03,Nepal_Birganj
2005-04-11,0.0,36.43,20.35,2.62,15.64,0.35,0.03,Nepal_Birganj
2005-04-12,0.0,36.81,17.41,1.99,12.45,0.35,0.03,Nepal_Birganj
2005-04-13,0.0,36.88,20.29,1.24,11.85,0.35,0.02,Nepal_Birganj
2005-04-14,0.0,37.41,19.69,1.54,13.87,0.35,0.02,Nepal_Birganj
2005-04-15,0.0,41.04,23.5,2.28,12.91,0.35,0.02,Nepal_Birganj
2005-04-16,0.0,41.12,23.13,2.37,12.81,0.35,0.02,Nepal_Birganj
2005-04-17,0.0,41.22,24.82,2.83,12.66,0.35,0.02,Nepal_Birganj
2005-04-18,0.0,39.44,24.51,1.58,11.56,0.35,0.01,Nepal_Birganj
2005-04-19,0.0,39.95,24.13,1.9,10.15,0.35,0.01,Nepal_Birganj
2005-04-20,0.0,39.16,21.71,1.75,14.98,0.35,0.01,Nepal_Birganj
2005-04-21,0.04,38.7,23.65,1.48,24.55,0.35,0.01,Nepal_Birganj
2005-04-22,0.14,39.55,24.05,1.54,26.84,0.35,0.01,Nepal_Birganj
2005-04-23,0.1,41.24,24.87,1.72,25.55,0.35,0.01,Nepal_Birganj
2005-04-24,0.0,39.94,26.48,2.21,27.01,0.35,0.01,Nepal_Birganj
2005-04-25,0.28,37.16,25.39,1.25,23.54,0.35,0.0,Nepal_Birganj
2005-04-26,1.16,39.87,25.34,1.77,25.65,0.35,0.01,Nepal_Birganj
2005-04-27,0.92,40.11,25.01,2.17,24.71,0.35,0.01,Nepal_Birganj
2005-04-28,3.47,38.89,24.12,1.94,22.71,0.35,0.01,Nepal_Birganj
2005-04-29,0.75,38.15,23.52,1.05,24.76,0.35,0.01,Nepal_Birganj
2005-04-30,8.6,32.43,22.68,2.28,40.19,0.36,0.01,Nepal_Birganj
2005-05-01,2.74,33.48,20.68,1.76,47.25,0.37,0.02,Nepal_Birganj
2005-05-02,0.28,33.95,22.62,1.73,43.6,0.36,0.02,Nepal_Birganj
2005-05-03,0.05,35.76,22.85,1.2,42.32,0.36,0.02,Nepal_Birganj
2005-05-04,1.28,36.56,23.33,1.75,40.74,0.36,0.02,Nepal_Birganj
2005-05-05,2.66,34.74,24.37,1.56,42.32,0.36,0.01,Nepal_Birganj
2005-05-06,8.35,33.89,23.27,1.65,48.06,0.37,0.03,Nepal_Birganj
2005-05-07,5.18,33.17,23.41,1.61,52.06,0.38,0.04,Nepal_Birganj
2005-05-08,0.47,36.64,23.56,1.69,44.76,0.37,0.05,Nepal_Birganj
2005-05-09,0.4,37.9,24.51,1.78,39.71,0.37,0.05,Nepal_Birganj
2005-05-10,2.39,39.85,22.55,3.41,29.88,0.37,0.06,Nepal_Birganj
2005-05-11,0.0,39.1,21.38,2.29,23.82,0.37,0.04,Nepal_Birganj
2005-05-12,0.0,39.25,23.76,1.89,20.32,0.36,0.03,Nepal_Birganj
2005-05-13,0.0,40.46,24.3,1.74,19.17,0.36,0.03,Nepal_Birganj
2005-05-14,0.08,40.17,24.05,1.72,20.42,0.36,0.02,Nepal_Birganj
2005-05-15,0.32,40.47,25.83,1.55,19.79,0.35,0.02,Nepal_Birganj
2005-05-16,0.12,41.72,23.85,1.7,17.22,0.35,0.01,Nepal_Birganj
2005-05-17,0.21,42.01,24.32,1.72,16.57,0.35,0.01,Nepal_Birganj
2005-05-18,0.79,40.96,24.65,2.07,24.83,0.35,0.01,Nepal_Birganj
2005-05-19,0.24,41.8,25.75,1.71,20.9,0.35,0.01,Nepal_Birganj
2005-05-20,0.75,40.2,24.81,1.86,27.86,0.35,0.01,Nepal_Birganj
2005-05-21,1.69,39.4,25.97,1.88,33.58,0.35,0.01,Nepal_Birganj
2005-05-22,0.0,39.26,26.88,2.13,37.1,0.35,0.01,Nepal_Birganj
2005-05-23,0.0,40.35,26.96,2.39,37.06,0.35,0.0,Nepal_Birganj
2005-05-24,0.0,41.56,28.47,1.62,28.25,0.35,0.0,Nepal_Birganj
2005-05-25,0.0,43.1,26.86,1.41,21.99,0.35,0.0,Nepal_Birganj
2005-05-26,0.0,41.77,27.09,2.12,23.39,0.35,0.0,Nepal_Birganj
2005-05-27,0.0,42.73,26.63,1.82,23.91,0.35,0.0,Nepal_Birganj
2005-05-28,0.31,42.27,27.56,1.88,23.85,0.35,0.0,Nepal_Birganj
2005-05-29,0.1,43.42,28.25,2.01,24.82,0.35,0.0,Nepal_Birganj
2005-05-30,0.0,42.42,28.39,1.94,26.01,0.35,0.0,Nepal_Birganj
2005-05-31,0.0,44.43,29.51,2.39,18.39,0.34,0.0,Nepal_Birganj
2005-06-01,0.0,43.69,29.11,2.66,15.29,0.34,0.0,Nepal_Birganj
2005-06-02,0.0,43.96,26.81,1.8,11.78,0.34,0.0,Nepal_Birganj
2005-06-03,0.0,43.01,26.86,2.14,15.7,0.34,0.0,Nepal_Birganj
2005-06-04,0.17,43.18,29.35,2.16,24.5,0.34,0.0,Nepal_Birganj
2005-06-05,4.69,39.57,28.91,2.54,38.17,0.35,0.0,Nepal_Birganj
2005-06-06,1.72,39.34,29.41,2.07,42.54,0.35,0.0,Nepal_Birganj
2005-06-07,19.65,35.79,28.5,2.1,52.96,0.37,0.06,Nepal_Birganj
2005-06-08,0.05,40.11,26.51,1.69,43.7,0.38,0.11,Nepal_Birganj
2005-06-09,0.04,41.36,27.38,1.6,33.61,0.37,0.08,Nepal_Birganj
2005-06-10,0.76,41.45,27.69,1.35,29.24,0.37,0.06,Nepal_Birganj
2005-06-11,0.18,42.23,27.74,1.21,29.38,0.37,0.05,Nepal_Birganj
2005-06-12,1.36,40.06,28.51,2.89,38.16,0.36,0.03,Nepal_Birganj
2005-06-13,2.92,41.23,28.94,1.76,40.97,0.36,0.03,Nepal_Birganj
2005-06-14,0.79,42.48,28.76,1.78,37.17,0.36,0.06,Nepal_Birganj
2005-06-15,8.42,42.99,27.77,1.47,35.77,0.37,0.11,Nepal_Birganj
2005-06-16,0.01,42.37,28.63,1.15,25.0,0.37,0.08,Nepal_Birganj
2005-06-17,0.06,42.14,27.83,1.69,31.69,0.37,0.06,Nepal_Birganj
2005-06-18,0.02,44.87,28.84,1.53,23.74,0.36,0.05,Nepal_Birganj
2005-06-19,0.19,43.28,29.66,2.59,33.28,0.36,0.03,Nepal_Birganj
2005-06-20,1.19,41.24,30.93,2.93,41.57,0.36,0.02,Nepal_Birganj
2005-06-21,5.66,38.25,29.55,3.51,53.58,0.36,0.03,Nepal_Birganj
2005-06-22,27.79,35.5,28.07,1.71,65.96,0.39,0.12,Nepal_Birganj
2005-06-23,13.16,33.31,28.4,1.23,70.69,0.43,0.25,Nepal_Birganj
2005-06-24,12.23,36.1,28.13,0.99,63.52,0.44,0.41,Nepal_Birganj
2005-06-25,14.11,37.35,26.82,1.3,62.05,0.46,1.0,Nepal_Birganj
2005-06-26,5.65,38.26,28.35,1.77,57.57,0.46,0.97,Nepal_Birganj
2005-06-27,5.67,35.38,28.09,1.67,63.96,0.46,0.65,Nepal_Birganj
2005-06-28,1.89,37.43,28.45,2.95,59.8,0.46,0.72,Nepal_Birganj
2005-06-29,11.44,33.56,27.24,4.96,66.98,0.47,0.65,Nepal_Birganj
2005-06-30,8.14,33.78,27.06,6.04,64.11,0.48,0.99,Nepal_Birganj
2005-07-01,9.22,32.12,26.3,3.98,72.85,0.48,0.77,Nepal_Birganj
2005-07-02,11.14,32.73,25.85,3.89,73.21,0.5,0.88,Nepal_Birganj
2005-07-03,10.31,34.27,26.14,3.39,71.65,0.51,1.29,Nepal_Birganj
2005-07-04,21.38,32.25,25.75,4.19,77.41,0.52,1.14,Nepal_Birganj
2005-07-05,12.38,32.22,25.22,4.05,77.41,0.54,1.64,Nepal_Birganj
2005-07-06,1.74,33.39,24.93,2.56,73.24,0.54,2.0,Nepal_Birganj
2005-07-07,2.67,36.36,25.7,1.39,64.73,0.53,2.6,Nepal_Birganj
2005-07-08,18.87,35.14,26.88,1.74,71.13,0.54,2.32,Nepal_Birganj
2005-07-09,16.86,33.67,26.77,1.29,74.22,0.57,1.92,Nepal_Birganj
2005-07-10,24.68,31.97,26.99,2.0,78.67,0.59,1.98,Nepal_Birganj
2005-07-11,33.63,32.73,25.76,3.12,81.52,0.63,2.27,Nepal_Birganj
2005-07-12,18.43,32.06,25.27,3.64,82.6,0.65,3.81,Nepal_Birganj
2005-07-13,18.63,32.59,25.37,3.0,82.74,0.65,4.0,Nepal_Birganj
2005-07-14,4.31,32.82,24.75,2.91,77.84,0.66,5.22,Nepal_Birganj
2005-07-15,47.28,29.29,25.29,2.48,90.31,0.69,1.15,Nepal_Birganj
2005-07-16,18.54,30.32,24.55,2.77,86.25,0.72,3.87,Nepal_Birganj
2005-07-17,21.97,30.54,24.42,1.2,85.49,0.74,3.23,Nepal_Birganj
2005-07-18,10.2,31.4,24.93,1.97,86.01,0.74,4.01,Nepal_Birganj
2005-07-19,13.43,31.1,25.01,1.83,85.31,0.74,3.89,Nepal_Birganj
2005-07-20,14.34,32.37,25.65,0.95,82.69,0.75,3.12,Nepal_Birganj
2005-07-21,17.59,31.23,25.79,1.2,86.05,0.76,2.28,Nepal_Birganj
2005-07-22,9.6,31.75,25.91,0.7,83.47,0.77,3.03,Nepal_Birganj
2005-07-23,3.44,31.95,25.81,1.59,85.38,0.77,3.61,Nepal_Birganj
2005-07-24,2.96,32.79,26.08,1.73,83.07,0.76,5.05,Nepal_Birganj
2005-07-25,1.71,32.58,26.15,1.86,83.98,0.74,5.01,Nepal_Birganj
2005-07-26,3.45,32.9,26.46,3.14,83.42,0.73,5.23,Nepal_Birganj
2005-07-27,0.26,32.89,25.53,2.93,82.51,0.72,5.83,Nepal_Birganj
2005-07-28,0.28,32.82,25.95,2.2,82.65,0.71,5.95,Nepal_Birganj
2005-07-29,1.94,33.19,26.09,1.54,77.84,0.7,6.49,Nepal_Birganj
2005-07-30,4.57,33.26,26.42,1.92,81.55,0.69,5.74,Nepal_Birganj
2005-07-31,0.49,32.56,26.74,3.24,83.44,0.68,5.42,Nepal_Birganj
2005-08-01,0.01,32.88,25.9,2.84,83.13,0.67,5.75,Nepal_Birganj
2005-08-02,0.25,33.61,26.7,1.34,79.04,0.66,5.17,Nepal_Birganj
2005-08-03,3.37,32.99,27.61,1.46,81.09,0.65,3.85,Nepal_Birganj
2005-08-04,2.13,32.32,26.57,2.19,81.5,0.65,4.02,Nepal_Birganj
2005-08-05,15.98,32.25,26.65,1.88,83.32,0.66,3.36,Nepal_Birganj
2005-08-06,24.04,31.93,26.12,1.62,84.46,0.67,3.67,Nepal_Birganj
2005-08-07,44.28,31.98,25.76,0.97,83.45,0.72,3.27,Nepal_Birganj
2005-08-08,3.06,31.94,25.47,1.4,84.63,0.74,4.32,Nepal_Birganj
2005-08-09,18.61,32.05,24.73,2.13,86.52,0.74,4.28,Nepal_Birganj
2005-08-10,6.36,31.94,25.06,2.42,85.6,0.74,5.12,Nepal_Birganj
2005-08-11,4.67,31.83,24.58,1.9,85.58,0.73,5.58,Nepal_Birganj
2005-08-12,7.63,32.45,25.79,0.83,83.35,0.73,3.96,Nepal_Birganj
2005-08-13,0.98,33.58,26.0,0.95,77.26,0.72,6.6,Nepal_Birganj
2005-08-14,12.78,33.01,25.78,0.82,80.85,0.72,6.12,Nepal_Birganj
2005-08-15,12.91,31.41,26.28,2.28,85.26,0.73,4.53,Nepal_Birganj
2005-08-16,1.94,31.71,25.52,2.96,83.97,0.72,5.84,Nepal_Birganj
2005-08-17,3.21,31.31,25.55,1.63,84.68,0.71,4.43,Nepal_Birganj
2005-08-18,2.96,32.13,26.0,0.97,84.58,0.71,4.92,Nepal_Birganj
2005-08-19,12.46,30.11,26.03,1.88,90.82,0.71,2.07,Nepal_Birganj
2005-08-20,7.67,31.85,25.33,1.62,86.44,0.72,5.0,Nepal_Birganj
2005-08-21,11.19,31.31,24.94,1.95,85.31,0.72,5.82,Nepal_Birganj
2005-08-22,18.6,30.47,25.02,1.77,88.39,0.73,3.05,Nepal_Birganj
2005-08-23,15.26,31.08,25.26,1.6,87.38,0.75,2.99,Nepal_Birganj
2005-08-24,32.67,28.12,25.29,1.4,91.41,0.78,1.14,Nepal_Birganj
2005-08-25,13.64,29.01,24.43,1.99,91.01,0.79,1.71,Nepal_Birganj
2005-08-26,8.44,31.47,24.31,1.32,85.62,0.79,5.26,Nepal_Birganj
2005-08-27,15.29,31.25,24.13,1.39,85.11,0.79,4.71,Nepal_Birganj
2005-08-28,4.34,31.39,23.81,1.22,84.81,0.8,5.77,Nepal_Birganj
2005-08-29,0.59,31.32,23.99,1.16,82.34,0.78,6.18,Nepal_Birganj
2005-08-30,0.07,32.06,24.55,0.97,80.37,0.77,6.75,Nepal_Birganj
2005-08-31,0.29,31.79,24.68,1.4,81.61,0.76,6.2,Nepal_Birganj
2005-09-01,0.1,32.28,24.87,1.56,82.47,0.75,6.46,Nepal_Birganj
2005-09-02,0.81,32.92,25.65,1.05,81.16,0.74,6.03,Nepal_Birganj
2005-09-03,4.75,31.77,26.01,1.53,87.61,0.73,3.92,Nepal_Birganj
2005-09-04,1.98,30.33,25.88,1.5,89.28,0.73,3.32,Nepal_Birganj
2005-09-05,2.9,28.79,24.49,1.9,91.91,0.73,1.69,Nepal_Birganj
2005-09-06,10.88,28.18,23.78,1.78,90.12,0.73,1.71,Nepal_Birganj
2005-09-07,2.04,31.59,24.1,1.23,83.4,0.73,6.63,Nepal_Birganj
2005-09-08,0.37,31.92,25.18,0.85,83.15,0.72,6.19,Nepal_Birganj
2005-09-09,5.22,32.2,25.53,1.68,83.75,0.71,6.66,Nepal_Birganj
2005-09-10,13.47,30.89,24.99,1.9,85.9,0.72,5.02,Nepal_Birganj
2005-09-11,8.35,30.69,24.64,2.09,85.74,0.72,5.16,Nepal_Birganj
2005-09-12,0.18,29.64,24.38,2.25,84.57,0.72,4.02,Nepal_Birganj
2005-09-13,0.87,29.05,24.37,3.39,85.04,0.71,3.48,Nepal_Birganj
2005-09-14,1.25,27.48,23.66,3.32,86.17,0.7,2.33,Nepal_Birganj
2005-09-15,0.97,29.28,23.06,2.07,79.57,0.7,4.02,Nepal_Birganj
2005-09-16,0.61,31.48,23.99,1.12,76.14,0.69,4.12,Nepal_Birganj
2005-09-17,6.3,31.79,23.03,0.83,77.52,0.69,6.36,Nepal_Birganj
2005-09-18,5.66,31.87,23.9,1.32,81.39,0.69,5.9,Nepal_Birganj
2005-09-19,0.26,32.53,25.13,0.96,77.73,0.68,6.7,Nepal_Birganj
2005-09-20,0.86,30.88,24.59,1.64,85.49,0.67,4.68,Nepal_Birganj
2005-09-21,15.0,30.1,24.4,2.64,87.89,0.67,3.94,Nepal_Birganj
2005-09-22,5.24,29.73,23.5,2.25,86.7,0.68,5.1,Nepal_Birganj
2005-09-23,3.06,31.56,23.58,1.08,82.8,0.68,5.88,Nepal_Birganj
2005-09-24,1.16,30.37,24.74,1.15,86.34,0.67,3.71,Nepal_Birganj
2005-09-25,0.17,31.63,24.27,1.31,83.66,0.66,5.8,Nepal_Birganj
2005-09-26,0.91,30.7,23.7,1.2,85.06,0.65,5.14,Nepal_Birganj
2005-09-27,0.29,31.36,23.21,0.98,82.88,0.65,5.08,Nepal_Birganj
2005-09-28,0.01,32.4,23.72,0.74,78.76,0.64,5.88,Nepal_Birganj
2005-09-29,0.0,32.19,23.4,0.94,79.16,0.63,5.42,Nepal_Birganj
2005-09-30,0.0,31.96,23.27,0.79,75.93,0.62,5.01,Nepal_Birganj
2005-10-01,0.01,32.1,24.21,0.53,70.65,0.61,4.85,Nepal_Birganj
2005-10-02,0.46,31.12,23.11,1.17,79.26,0.61,3.88,Nepal_Birganj
2005-10-03,0.58,31.39,23.47,1.87,78.19,0.6,3.8,Nepal_Birganj
2005-10-04,0.05,31.19,22.19,1.74,76.6,0.59,3.46,Nepal_Birganj
2005-10-05,2.58,30.67,22.52,0.92,73.27,0.59,2.67,Nepal_Birganj
2005-10-06,6.2,30.09,22.02,0.97,77.26,0.59,2.77,Nepal_Birganj
2005-10-07,1.88,30.97,22.05,0.88,72.45,0.59,3.62,Nepal_Birganj
2005-10-08,0.13,31.34,22.14,0.93,71.41,0.58,3.49,Nepal_Birganj
2005-10-09,13.97,29.64,22.37,1.43,76.37,0.59,2.44,Nepal_Birganj
2005-10-10,8.48,31.57,21.06,0.86,68.79,0.6,4.14,Nepal_Birganj
2005-10-11,0.69,31.84,21.76,0.83,67.9,0.6,4.05,Nepal_Birganj
2005-10-12,0.01,32.24,22.06,1.14,67.72,0.59,3.84,Nepal_Birganj
2005-10-13,0.0,32.76,21.62,1.07,63.39,0.58,3.79,Nepal_Birganj
2005-10-14,0.09,32.63,20.54,1.15,57.41,0.57,3.5,Nepal_Birganj
2005-10-15,0.17,32.19,21.34,1.04,53.65,0.57,2.51,Nepal_Birganj
2005-10-16,0.0,31.52,20.1,1.28,54.49,0.56,2.99,Nepal_Birganj
2005-10-17,0.0,33.06,20.73,0.71,51.33,0.55,3.2,Nepal_Birganj
2005-10-18,4.97,30.47,21.91,1.49,69.59,0.55,2.25,Nepal_Birganj
2005-10-19,6.79,28.74,20.8,2.52,79.22,0.56,1.89,Nepal_Birganj
2005-10-20,41.04,28.58,19.79,1.79,84.29,0.58,1.69,Nepal_Birganj
2005-10-21,34.36,27.82,19.63,1.79,84.16,0.65,3.52,Nepal_Birganj
2005-10-22,26.6,28.18,19.81,1.12,81.68,0.68,3.53,Nepal_Birganj
2005-10-23,3.37,28.57,20.21,1.3,81.6,0.69,4.36,Nepal_Birganj
2005-10-24,0.01,28.55,19.33,0.88,80.5,0.67,4.83,Nepal_Birganj
2005-10-25,0.0,28.23,18.99,0.97,79.07,0.67,4.53,Nepal_Birganj
2005-10-26,0.0,28.1,19.86,1.25,80.12,0.66,3.95,Nepal_Birganj
2005-10-27,0.0,27.51,18.95,1.13,80.76,0.65,3.2,Nepal_Birganj
2005-10-28,0.0,28.09,18.23,0.77,75.05,0.65,3.51,Nepal_Birganj
2005-10-29,0.0,27.4,18.72,1.15,75.91,0.64,3.28,Nepal_Birganj
2005-10-30,0.0,28.11,19.03,0.72,72.52,0.63,3.3,Nepal_Birganj
2005-10-31,0.0,27.58,18.37,0.86,69.94,0.63,3.11,Nepal_Birganj
2005-11-01,0.0,27.45,16.91,1.01,67.02,0.62,2.93,Nepal_Birganj
2005-11-02,0.0,27.62,16.81,1.17,69.42,0.62,2.92,Nepal_Birganj
2005-11-03,0.0,27.57,17.01,1.2,65.21,0.61,2.85,Nepal_Birganj
2005-11-04,0.0,27.64,15.32,1.42,67.23,0.61,2.76,Nepal_Birganj
2005-11-05,0.0,27.83,15.94,1.21,61.75,0.6,2.74,Nepal_Birganj
2005-11-06,0.0,27.54,15.07,1.0,55.53,0.6,2.79,Nepal_Birganj
2005-11-07,0.0,27.56,15.11,0.89,59.83,0.59,2.56,Nepal_Birganj
2005-11-08,0.0,28.32,15.36,1.26,59.1,0.58,2.42,Nepal_Birganj
2005-11-09,0.0,28.31,16.23,1.27,58.48,0.58,2.34,Nepal_Birganj
2005-11-10,0.0,27.31,15.68,1.18,61.61,0.57,2.15,Nepal_Birganj
2005-11-11,0.0,27.15,15.47,1.29,62.07,0.57,1.98,Nepal_Birganj
2005-11-12,0.0,26.68,15.31,1.23,63.68,0.57,1.63,Nepal_Birganj
2005-11-13,0.0,25.89,14.03,0.97,64.65,0.56,1.56,Nepal_Birganj
2005-11-14,0.0,24.98,14.16,1.28,66.68,0.56,1.15,Nepal_Birganj
2005-11-15,0.0,25.58,14.83,1.04,73.38,0.55,1.29,Nepal_Birganj
2005-11-16,0.0,25.69,14.68,1.06,72.66,0.55,1.25,Nepal_Birganj
2005-11-17,0.0,25.71,15.44,1.04,65.97,0.55,1.32,Nepal_Birganj
2005-11-18,0.0,25.63,13.23,0.96,54.62,0.54,1.36,Nepal_Birganj
2005-11-19,0.0,24.88,12.45,1.43,58.25,0.54,1.02,Nepal_Birganj
2005-11-20,0.0,24.73,13.26,1.12,66.85,0.54,1.01,Nepal_Birganj
2005-11-21,0.0,25.92,14.32,0.95,63.81,0.54,0.99,Nepal_Birganj
2005-11-22,0.0,26.08,15.14,0.88,65.81,0.53,1.05,Nepal_Birganj
2005-11-23,0.0,25.32,15.49,1.1,68.32,0.53,0.77,Nepal_Birganj
2005-11-24,0.0,25.66,15.19,1.21,67.11,0.53,0.75,Nepal_Birganj
2005-11-25,0.0,25.07,13.72,1.05,60.75,0.53,0.9,Nepal_Birganj
2005-11-26,0.0,25.95,14.55,1.14,55.74,0.52,0.96,Nepal_Birganj
2005-11-27,0.0,26.1,14.32,1.2,55.28,0.52,0.96,Nepal_Birganj
2005-11-28,0.0,25.97,13.26,1.28,52.99,0.52,0.97,Nepal_Birganj
2005-11-29,0.0,25.77,13.77,1.25,50.3,0.51,0.88,Nepal_Birganj
2005-11-30,0.0,26.01,13.05,1.13,50.64,0.51,0.92,Nepal_Birganj
2005-12-01,0.0,25.96,13.65,1.09,50.56,0.51,0.81,Nepal_Birganj
2005-12-02,0.0,25.86,13.89,1.18,53.95,0.51,0.8,Nepal_Birganj
2005-12-03,0.0,25.69,12.1,1.45,51.34,0.5,0.81,Nepal_Birganj
2005-12-04,0.0,24.75,10.44,1.65,50.28,0.5,0.74,Nepal_Birganj
2005-12-05,0.0,23.28,9.17,0.89,54.27,0.5,0.57,Nepal_Birganj
2005-12-06,0.0,23.7,9.73,1.18,50.58,0.5,0.52,Nepal_Birganj
2005-12-07,0.0,25.4,12.04,1.02,50.79,0.49,0.62,Nepal_Birganj
2005-12-08,0.0,25.98,12.83,1.0,53.31,0.49,0.67,Nepal_Birganj
2005-12-09,0.0,25.48,13.61,0.95,54.63,0.49,0.65,Nepal_Birganj
2005-12-10,0.0,25.12,12.02,1.27,56.45,0.49,0.6,Nepal_Birganj
2005-12-11,0.0,24.95,11.3,1.26,54.07,0.48,0.57,Nepal_Birganj
2005-12-12,0.0,24.23,10.27,1.23,48.53,0.48,0.52,Nepal_Birganj
2005-12-13,0.0,24.09,9.83,1.35,46.74,0.48,0.5,Nepal_Birganj
2005-12-14,0.0,24.24,9.83,0.96,47.42,0.48,0.48,Nepal_Birganj
2005-12-15,0.0,24.16,10.57,1.04,47.7,0.48,0.43,Nepal_Birganj
2005-12-16,0.0,24.63,11.61,1.3,53.24,0.47,0.36,Nepal_Birganj
2005-12-17,0.0,26.1,11.01,1.15,52.71,0.47,0.46,Nepal_Birganj
2005-12-18,0.0,24.76,11.31,1.26,52.47,0.47,0.43,Nepal_Birganj
2005-12-19,0.0,25.29,11.61,1.01,49.35,0.47,0.43,Nepal_Birganj
2005-12-20,0.0,25.1,11.56,1.11,43.9,0.47,0.4,Nepal_Birganj
2005-12-21,0.0,26.01,11.68,1.16,43.54,0.46,0.39,Nepal_Birganj
2005-12-22,0.0,26.04,12.7,1.35,51.53,0.46,0.38,Nepal_Birganj
2005-12-23,0.0,25.28,13.24,1.33,55.17,0.46,0.35,Nepal_Birganj
2005-12-24,0.02,25.04,12.79,1.51,57.08,0.46,0.39,Nepal_Birganj
2005-12-25,0.0,23.97,10.49,1.49,68.04,0.46,0.31,Nepal_Birganj
2005-12-26,0.0,23.56,9.68,1.56,54.26,0.46,0.32,Nepal_Birganj
2005-12-27,0.0,22.76,11.4,0.99,43.95,0.45,0.26,Nepal_Birganj
2005-12-28,0.0,21.54,9.65,1.23,45.07,0.45,0.18,Nepal_Birganj
2005-12-29,0.0,23.1,10.68,1.04,47.5,0.45,0.24,Nepal_Birganj
2005-12-30,0.0,23.48,10.66,1.0,50.62,0.45,0.24,Nepal_Birganj
2005-12-31,0.0,24.23,9.97,1.33,55.07,0.45,0.26,Nepal_Birganj
2006-01-01,0.0,25.04,10.2,1.36,50.65,0.45,0.28,Nepal_Birganj
2006-01-02,0.0,25.04,9.84,1.06,47.24,0.44,0.3,Nepal_Birganj
2006-01-03,0.0,25.27,10.25,1.18,43.85,0.44,0.26,Nepal_Birganj
2006-01-04,0.0,26.52,10.47,2.29,47.37,0.44,0.28,Nepal_Birganj
2006-01-05,0.0,24.8,8.49,1.7,55.02,0.44,0.25,Nepal_Birganj
2006-01-06,0.0,24.4,9.5,1.29,51.76,0.44,0.22,Nepal_Birganj
2006-01-07,0.0,25.12,9.99,1.45,45.92,0.43,0.24,Nepal_Birganj
2006-01-08,0.0,24.91,8.4,1.82,42.36,0.43,0.24,Nepal_Birganj
2006-01-09,0.0,23.98,8.29,1.2,40.92,0.43,0.22,Nepal_Birganj
2006-01-10,0.0,22.5,8.91,1.14,40.6,0.43,0.17,Nepal_Birganj
2006-01-11,0.0,23.22,8.53,1.27,45.43,0.43,0.17,Nepal_Birganj
2006-01-12,0.0,23.9,10.1,1.25,44.9,0.43,0.16,Nepal_Birganj
2006-01-13,0.0,22.86,9.87,1.29,45.34,0.43,0.12,Nepal_Birganj
2006-01-14,0.0,22.73,9.13,1.21,41.7,0.42,0.13,Nepal_Birganj
2006-01-15,0.0,21.41,9.1,1.07,43.59,0.42,0.1,Nepal_Birganj
2006-01-16,0.0,22.18,9.24,1.32,49.88,0.42,0.1,Nepal_Birganj
2006-01-17,0.0,22.96,8.81,1.21,55.8,0.42,0.13,Nepal_Birganj
2006-01-18,0.0,25.56,12.68,1.62,53.22,0.42,0.17,Nepal_Birganj
2006-01-19,0.0,26.44,13.29,1.68,52.58,0.42,0.18,Nepal_Birganj
2006-01-20,0.0,26.37,9.52,2.48,47.53,0.42,0.18,Nepal_Birganj
2006-01-21,0.0,25.97,9.66,2.67,43.03,0.41,0.18,Nepal_Birganj
2006-01-22,0.0,23.52,7.53,1.71,46.78,0.41,0.14,Nepal_Birganj
2006-01-23,0.0,24.77,10.45,1.41,36.11,0.41,0.15,Nepal_Birganj
2006-01-24,0.0,22.93,9.27,1.35,37.06,0.41,0.12,Nepal_Birganj
2006-01-25,0.0,23.88,9.12,0.87,37.09,0.41,0.12,Nepal_Birganj
2006-01-26,0.0,24.2,10.8,1.03,40.41,0.41,0.12,Nepal_Birganj
2006-01-27,0.0,25.07,9.93,1.47,41.02,0.4,0.12,Nepal_Birganj
2006-01-28,0.0,25.55,10.03,1.25,37.74,0.4,0.12,Nepal_Birganj
2006-01-29,0.0,25.31,11.21,1.07,38.73,0.4,0.11,Nepal_Birganj
2006-01-30,0.0,26.13,10.68,1.29,37.9,0.4,0.11,Nepal_Birganj
2006-01-31,0.0,27.05,12.08,1.06,39.83,0.4,0.11,Nepal_Birganj
2006-02-01,0.0,27.52,14.0,1.08,43.01,0.4,0.12,Nepal_Birganj
2006-02-02,0.0,26.76,14.83,1.12,46.16,0.4,0.09,Nepal_Birganj
2006-02-03,0.0,27.65,14.6,1.07,42.97,0.39,0.11,Nepal_Birganj
2006-02-04,0.0,26.52,15.0,1.17,42.6,0.39,0.09,Nepal_Birganj
2006-02-05,0.0,27.64,14.13,1.08,37.05,0.39,0.1,Nepal_Birganj
2006-02-06,0.0,26.98,14.05,1.13,34.84,0.39,0.09,Nepal_Birganj
2006-02-07,0.0,26.43,13.14,1.22,37.05,0.39,0.07,Nepal_Birganj
2006-02-08,0.0,27.74,13.86,1.34,39.15,0.39,0.08,Nepal_Birganj
2006-02-09,0.0,27.78,14.01,1.28,39.97,0.39,0.08,Nepal_Birganj
2006-02-10,0.0,28.18,15.09,1.42,42.88,0.39,0.08,Nepal_Birganj
2006-02-11,0.0,27.81,15.57,1.3,40.95,0.38,0.08,Nepal_Birganj
2006-02-12,0.0,28.48,15.51,1.1,37.54,0.38,0.09,Nepal_Birganj
2006-02-13,0.0,28.48,14.49,1.19,40.35,0.38,0.08,Nepal_Birganj
2006-02-14,0.0,29.2,16.17,1.33,38.42,0.38,0.07,Nepal_Birganj
2006-02-15,0.0,29.99,16.4,1.68,37.23,0.38,0.07,Nepal_Birganj
2006-02-16,0.0,30.52,17.72,1.72,34.55,0.38,0.08,Nepal_Birganj
2006-02-17,0.0,30.25,15.78,1.67,36.58,0.38,0.08,Nepal_Birganj
2006-02-18,0.0,30.84,15.9,1.45,34.68,0.38,0.07,Nepal_Birganj
2006-02-19,0.0,31.25,16.24,1.5,38.64,0.37,0.06,Nepal_Birganj
2006-02-20,0.0,31.58,17.62,1.51,44.41,0.37,0.06,Nepal_Birganj
2006-02-21,0.0,31.79,17.92,1.49,39.82,0.37,0.06,Nepal_Birganj
2006-02-22,0.0,32.52,16.32,1.59,34.37,0.37,0.07,Nepal_Birganj
2006-02-23,0.0,32.7,16.0,1.42,28.41,0.37,0.06,Nepal_Birganj
2006-02-24,0.0,33.51,15.74,1.81,29.46,0.37,0.06,Nepal_Birganj
2006-02-25,0.0,32.52,16.27,1.38,28.52,0.37,0.06,Nepal_Birganj
2006-02-26,0.0,35.98,18.68,1.86,25.61,0.36,0.06,Nepal_Birganj
2006-02-27,0.0,36.29,18.99,3.76,28.04,0.36,0.06,Nepal_Birganj
2006-02-28,0.0,33.21,15.97,3.09,27.29,0.36,0.05,Nepal_Birganj
2006-03-01,0.0,32.64,15.84,2.09,20.5,0.36,0.04,Nepal_Birganj
2006-03-02,0.0,32.51,15.73,1.97,18.52,0.36,0.04,Nepal_Birganj
2006-03-03,0.0,30.82,15.4,1.92,19.46,0.36,0.03,Nepal_Birganj
2006-03-04,0.0,31.81,15.77,1.43,21.01,0.36,0.03,Nepal_Birganj
2006-03-05,0.0,31.45,16.31,1.52,21.57,0.36,0.03,Nepal_Birganj
2006-03-06,0.0,32.6,16.06,1.84,20.52,0.36,0.03,Nepal_Birganj
2006-03-07,0.0,34.0,17.43,2.02,19.03,0.35,0.03,Nepal_Birganj
2006-03-08,0.01,34.97,18.67,1.49,20.39,0.35,0.03,Nepal_Birganj
2006-03-09,0.0,36.04,21.01,2.07,24.23,0.35,0.03,Nepal_Birganj
2006-03-10,1.37,30.81,20.64,2.0,37.65,0.35,0.01,Nepal_Birganj
2006-03-11,18.96,22.81,17.41,1.89,66.63,0.38,0.0,Nepal_Birganj
2006-03-12,0.14,28.05,15.5,1.68,65.42,0.39,0.11,Nepal_Birganj
2006-03-13,0.12,29.89,15.65,1.21,51.99,0.39,0.12,Nepal_Birganj
2006-03-14,0.62,31.8,18.37,1.11,42.71,0.39,0.12,Nepal_Birganj
2006-03-15,1.19,32.25,18.62,1.78,41.29,0.38,0.1,Nepal_Birganj
2006-03-16,0.07,30.94,16.74,2.05,48.84,0.38,0.09,Nepal_Birganj
2006-03-17,0.49,31.44,15.5,2.24,37.73,0.38,0.08,Nepal_Birganj
2006-03-18,0.0,31.54,14.23,1.86,31.26,0.38,0.07,Nepal_Birganj
2006-03-19,0.0,32.2,16.0,1.48,28.13,0.37,0.06,Nepal_Birganj
2006-03-20,0.0,32.88,16.78,1.44,26.63,0.37,0.06,Nepal_Birganj
2006-03-21,0.0,33.79,17.29,1.91,32.16,0.37,0.05,Nepal_Birganj
2006-03-22,0.0,32.85,19.1,1.63,35.08,0.37,0.04,Nepal_Birganj
2006-03-23,0.0,33.66,18.31,1.49,31.07,0.36,0.04,Nepal_Birganj
2006-03-24,0.0,35.28,17.48,1.78,26.97,0.36,0.04,Nepal_Birganj
2006-03-25,0.0,36.79,18.85,2.08,27.3,0.36,0.04,Nepal_Birganj
2006-03-26,0.0,38.67,22.31,2.34,25.15,0.36,0.04,Nepal_Birganj
2006-03-27,0.0,36.79,21.64,2.66,23.92,0.36,0.03,Nepal_Birganj
2006-03-28,0.0,35.55,19.66,2.85,21.85,0.35,0.03,Nepal_Birganj
2006-03-29,0.0,34.62,18.48,2.71,20.48,0.35,0.02,Nepal_Birganj
2006-03-30,0.0,35.5,19.09,1.52,20.4,0.35,0.02,Nepal_Birganj
2006-03-31,0.0,36.39,20.8,1.36,21.46,0.35,0.02,Nepal_Birganj
2006-04-01,0.0,36.4,21.64,1.33,22.01,0.35,0.02,Nepal_Birganj
2006-04-02,0.0,37.34,22.75,1.44,20.6,0.35,0.02,Nepal_Birganj
2006-04-03,0.18,37.84,21.03,1.57,19.1,0.35,0.02,Nepal_Birganj
2006-04-04,0.44,37.24,21.55,2.02,21.63,0.35,0.02,Nepal_Birganj
2006-04-05,0.0,37.24,21.04,1.28,18.24,0.35,0.02,Nepal_Birganj
2006-04-06,0.0,36.65,21.02,2.04,20.58,0.35,0.01,Nepal_Birganj
2006-04-07,0.0,37.15,21.31,1.97,25.53,0.35,0.01,Nepal_Birganj
2006-04-08,0.0,37.3,22.05,1.73,26.72,0.35,0.01,Nepal_Birganj
2006-04-09,0.0,35.98,22.75,2.35,31.69,0.35,0.01,Nepal_Birganj
2006-04-10,0.0,38.3,24.57,2.05,34.45,0.35,0.01,Nepal_Birganj
2006-04-11,0.0,40.14,24.37,2.63,24.97,0.35,0.01,Nepal_Birganj
2006-04-12,0.0,39.72,23.77,2.27,11.41,0.35,0.01,Nepal_Birganj
2006-04-13,0.0,40.65,22.99,2.11,9.14,0.35,0.01,Nepal_Birganj
2006-04-14,0.0,39.13,22.61,2.22,8.24,0.35,0.01,Nepal_Birganj
2006-04-15,0.0,40.34,21.66,2.47,7.73,0.35,0.0,Nepal_Birganj
2006-04-16,0.02,37.81,23.67,1.43,9.75,0.34,0.0,Nepal_Birganj
2006-04-17,1.46,34.05,24.3,1.11,25.35,0.35,0.0,Nepal_Birganj
2006-04-18,13.06,30.28,20.34,2.73,51.59,0.36,0.0,Nepal_Birganj
2006-04-19,5.12,30.54,19.03,1.17,57.66,0.38,0.07,Nepal_Birganj
2006-04-20,0.0,33.74,19.44,1.44,41.1,0.38,0.07,Nepal_Birganj
2006-04-21,0.0,34.66,20.72,1.34,36.35,0.37,0.05,Nepal_Birganj
2006-04-22,0.0,36.7,20.94,1.84,34.54,0.37,0.04,Nepal_Birganj
2006-04-23,0.09,36.16,22.39,1.78,34.84,0.37,0.03,Nepal_Birganj
2006-04-24,0.4,38.02,22.58,2.12,34.13,0.36,0.02,Nepal_Birganj
2006-04-25,0.35,37.87,22.54,1.66,30.29,0.36,0.02,Nepal_Birganj
2006-04-26,0.22,38.99,22.87,1.98,28.87,0.36,0.01,Nepal_Birganj
2006-04-27,0.08,39.49,24.19,2.21,28.53,0.36,0.01,Nepal_Birganj
2006-04-28,0.0,39.74,25.25,2.39,36.47,0.35,0.01,Nepal_Birganj
2006-04-29,0.0,40.76,26.39,1.22,30.8,0.35,0.01,Nepal_Birganj
2006-04-30,0.0,41.5,25.01,1.77,25.56,0.35,0.0,Nepal_Birganj
2006-05-01,0.0,42.07,26.89,1.64,25.75,0.35,0.0,Nepal_Birganj
2006-05-02,0.03,41.7,28.07,2.16,25.94,0.35,0.0,Nepal_Birganj
2006-05-03,0.2,40.75,27.44,1.76,26.7,0.35,0.0,Nepal_Birganj
2006-05-04,0.04,40.85,25.85,1.88,22.0,0.35,0.0,Nepal_Birganj
2006-05-05,0.09,40.17,24.46,1.62,21.63,0.35,0.0,Nepal_Birganj
2006-05-06,0.28,39.65,27.2,2.13,32.84,0.35,0.0,Nepal_Birganj
2006-05-07,1.48,39.4,27.08,4.02,41.33,0.35,0.0,Nepal_Birganj
2006-05-08,8.02,35.74,26.41,4.51,56.0,0.35,0.01,Nepal_Birganj
2006-05-09,8.83,35.29,25.01,2.22,58.11,0.37,0.05,Nepal_Birganj
2006-05-10,18.01,33.22,26.44,2.09,60.35,0.39,0.08,Nepal_Birganj
2006-05-11,2.51,36.92,24.61,1.46,52.46,0.4,0.22,Nepal_Birganj
2006-05-12,1.7,38.19,25.36,1.55,46.07,0.4,0.21,Nepal_Birganj
2006-05-13,3.22,35.68,27.32,2.16,53.91,0.4,0.16,Nepal_Birganj
2006-05-14,0.14,38.38,25.28,3.66,50.07,0.39,0.18,Nepal_Birganj
2006-05-15,0.19,37.43,25.82,2.63,44.43,0.39,0.13,Nepal_Birganj
2006-05-16,0.08,38.09,26.57,2.51,41.76,0.39,0.12,Nepal_Birganj
2006-05-17,0.0,39.06,26.63,1.5,42.42,0.38,0.11,Nepal_Birganj
2006-05-18,1.39,39.43,28.07,1.3,41.68,0.38,0.09,Nepal_Birganj
2006-05-19,10.15,35.76,26.68,1.59,52.82,0.39,0.1,Nepal_Birganj
2006-05-20,13.08,32.86,24.45,1.25,60.83,0.41,0.26,Nepal_Birganj
2006-05-21,6.07,35.08,25.01,1.1,55.55,0.42,0.3,Nepal_Birganj
2006-05-22,0.47,37.71,25.7,1.33,46.78,0.41,0.35,Nepal_Birganj
2006-05-23,3.75,37.77,26.55,1.09,46.85,0.41,0.34,Nepal_Birganj
2006-05-24,5.56,37.67,26.4,0.88,49.43,0.42,0.43,Nepal_Birganj
2006-05-25,0.42,38.6,27.36,1.44,46.86,0.41,0.38,Nepal_Birganj
2006-05-26,4.6,38.99,29.57,2.2,49.05,0.41,0.29,Nepal_Birganj
2006-05-27,5.31,37.5,27.7,2.02,56.51,0.42,0.31,Nepal_Birganj
2006-05-28,23.96,33.8,27.22,1.89,66.77,0.44,0.46,Nepal_Birganj
2006-05-29,3.3,38.27,26.72,1.7,56.96,0.45,0.84,Nepal_Birganj
2006-05-30,0.03,39.98,27.34,1.25,46.41,0.45,0.83,Nepal_Birganj
2006-05-31,0.02,40.9,28.74,1.48,40.15,0.44,0.74,Nepal_Birganj
2006-06-01,2.46,41.66,27.97,1.59,39.64,0.43,0.64,Nepal_Birganj
2006-06-02,25.8,36.4,27.96,1.76,56.66,0.45,0.66,Nepal_Birganj
2006-06-03,20.85,31.69,26.7,2.47,71.92,0.49,0.68,Nepal_Birganj
2006-06-04,4.4,33.81,25.91,1.24,69.1,0.5,0.97,Nepal_Birganj
2006-06-05,5.68,35.44,27.34,0.82,59.76,0.5,1.44,Nepal_Birganj
2006-06-06,47.17,30.68,26.57,1.84,79.23,0.54,0.77,Nepal_Birganj
2006-06-07,23.65,31.71,26.07,0.93,74.9,0.59,1.61,Nepal_Birganj
2006-06-08,4.49,29.54,25.13,1.64,80.14,0.6,1.36,Nepal_Birganj
2006-06-09,17.34,32.04,24.0,1.31,74.29,0.6,2.5,Nepal_Birganj
2006-06-10,12.86,34.28,26.39,0.82,67.72,0.62,3.0,Nepal_Birganj
2006-06-11,0.65,35.63,24.55,1.55,67.74,0.61,3.86,Nepal_Birganj
2006-06-12,0.0,36.89,24.72,1.74,55.99,0.6,3.91,Nepal_Birganj
2006-06-13,0.0,37.52,24.72,1.43,51.24,0.59,3.33,Nepal_Birganj
2006-06-14,0.0,36.47,24.84,1.16,51.31,0.58,3.09,Nepal_Birganj
2006-06-15,0.0,36.67,25.07,1.33,53.75,0.57,3.04,Nepal_Birganj
2006-06-16,0.42,37.48,26.06,1.58,52.92,0.56,2.71,Nepal_Birganj
2006-06-17,0.76,36.7,25.62,1.36,54.53,0.55,2.55,Nepal_Birganj
2006-06-18,0.21,36.9,25.38,1.37,51.94,0.54,2.64,Nepal_Birganj
2006-06-19,0.01,37.74,24.59,1.43,48.56,0.53,2.53,Nepal_Birganj
2006-06-20,1.35,37.06,24.96,2.63,54.84,0.53,2.09,Nepal_Birganj
2006-06-21,2.76,33.95,26.08,3.37,66.94,0.52,1.64,Nepal_Birganj
2006-06-22,7.86,35.18,25.12,2.17,66.91,0.52,1.99,Nepal_Birganj
2006-06-23,9.56,33.19,26.56,2.5,72.72,0.53,1.28,Nepal_Birganj
2006-06-24,17.99,30.76,25.98,2.93,81.96,0.55,0.97,Nepal_Birganj
2006-06-25,10.23,32.99,25.44,2.92,77.12,0.57,1.86,Nepal_Birganj
2006-06-26,12.36,32.35,25.3,1.96,78.32,0.57,1.67,Nepal_Birganj
2006-06-27,7.98,33.87,25.88,1.22,73.98,0.58,2.68,Nepal_Birganj
2006-06-28,7.62,34.05,25.21,2.29,75.36,0.58,3.05,Nepal_Birganj
2006-06-29,13.75,32.67,25.45,1.63,78.33,0.59,2.31,Nepal_Birganj
2006-06-30,2.49,32.84,25.83,1.39,74.36,0.59,2.37,Nepal_Birganj
2006-07-01,1.15,34.76,26.23,0.7,70.21,0.58,3.02,Nepal_Birganj
2006-07-02,12.1,35.71,27.03,1.88,70.04,0.58,3.37,Nepal_Birganj
2006-07-03,8.91,32.22,27.08,2.77,75.4,0.59,2.43,Nepal_Birganj
2006-07-04,0.15,34.68,26.06,4.45,74.17,0.59,3.57,Nepal_Birganj
2006-07-05,1.85,34.54,26.16,3.14,76.67,0.58,2.44,Nepal_Birganj
2006-07-06,1.66,35.2,26.39,1.72,73.14,0.57,3.15,Nepal_Birganj
2006-07-07,11.26,34.06,27.11,1.77,77.53,0.57,2.02,Nepal_Birganj
2006-07-08,19.23,32.33,26.84,2.04,82.93,0.59,1.86,Nepal_Birganj
2006-07-09,26.66,31.45,26.19,1.78,85.31,0.62,1.46,Nepal_Birganj
2006-07-10,17.67,33.12,27.05,1.71,81.52,0.65,3.96,Nepal_Birganj
2006-07-11,10.31,33.27,25.98,1.33,81.82,0.65,3.93,Nepal_Birganj
2006-07-12,65.81,29.49,25.54,1.04,89.59,0.7,0.83,Nepal_Birganj
2006-07-13,11.74,31.61,25.29,2.0,84.95,0.73,3.75,Nepal_Birganj
2006-07-14,7.18,32.89,25.72,0.98,82.6,0.73,3.97,Nepal_Birganj
2006-07-15,3.6,32.3,25.76,2.11,85.67,0.72,3.82,Nepal_Birganj
2006-07-16,10.91,31.44,25.94,1.52,82.44,0.71,3.19,Nepal_Birganj
2006-07-17,19.12,32.66,26.51,2.09,84.14,0.73,3.57,Nepal_Birganj
2006-07-18,13.77,32.72,25.7,2.7,83.28,0.73,4.42,Nepal_Birganj
2006-07-19,29.68,31.43,25.18,2.23,85.52,0.75,3.2,Nepal_Birganj
2006-07-20,9.12,32.21,26.37,2.44,83.01,0.76,4.29,Nepal_Birganj
2006-07-21,0.03,31.99,25.22,4.18,81.98,0.75,5.79,Nepal_Birganj
2006-07-22,0.78,31.09,24.69,4.05,83.65,0.73,5.41,Nepal_Birganj
2006-07-23,8.16,30.57,24.12,1.88,84.83,0.72,3.86,Nepal_Birganj
2006-07-24,24.54,31.91,24.78,0.99,80.17,0.74,3.68,Nepal_Birganj
2006-07-25,17.11,29.91,25.78,1.34,87.56,0.76,1.63,Nepal_Birganj
2006-07-26,12.93,30.81,25.04,2.6,85.59,0.76,3.35,Nepal_Birganj
2006-07-27,1.42,31.54,24.92,1.68,81.91,0.76,3.83,Nepal_Birganj
2006-07-28,15.09,32.12,25.28,1.54,83.09,0.76,4.02,Nepal_Birganj
2006-07-29,1.33,31.91,25.46,2.53,82.43,0.76,5.34,Nepal_Birganj
2006-07-30,2.74,30.29,25.61,4.24,84.45,0.74,4.06,Nepal_Birganj
2006-07-31,0.05,32.29,24.99,2.5,81.47,0.73,6.14,Nepal_Birganj
2006-08-01,6.07,33.85,26.43,0.91,78.51,0.72,6.54,Nepal_Birganj
2006-08-02,22.21,31.98,26.66,2.04,82.34,0.73,4.53,Nepal_Birganj
2006-08-03,6.57,30.18,25.37,2.44,85.46,0.74,3.5,Nepal_Birganj
2006-08-04,0.61,29.07,24.79,3.32,87.76,0.73,2.41,Nepal_Birganj
2006-08-05,1.76,30.57,23.92,3.68,84.51,0.72,5.05,Nepal_Birganj
2006-08-06,2.45,31.27,24.03,2.58,84.59,0.71,5.65,Nepal_Birganj
2006-08-07,3.21,31.54,24.31,1.25,80.77,0.71,5.26,Nepal_Birganj
2006-08-08,10.22,32.21,25.44,0.77,76.26,0.71,6.07,Nepal_Birganj
2006-08-09,0.1,33.2,25.61,0.78,77.0,0.7,6.8,Nepal_Birganj
2006-08-10,6.22,33.79,25.79,1.44,78.46,0.69,6.37,Nepal_Birganj
2006-08-11,1.4,33.81,25.96,1.38,75.76,0.68,6.8,Nepal_Birganj
2006-08-12,0.86,33.17,26.72,1.9,81.64,0.67,4.92,Nepal_Birganj
2006-08-13,0.1,32.81,26.23,2.46,81.37,0.66,5.28,Nepal_Birganj
2006-08-14,2.14,33.46,24.83,2.51,80.09,0.66,6.34,Nepal_Birganj
2006-08-15,0.05,33.46,26.06,2.19,78.11,0.65,5.9,Nepal_Birganj
2006-08-16,2.58,34.23,25.81,2.53,76.93,0.63,6.24,Nepal_Birganj
2006-08-17,0.24,32.48,25.8,3.19,79.07,0.62,4.45,Nepal_Birganj
2006-08-18,0.22,31.53,25.2,2.6,80.99,0.62,3.19,Nepal_Birganj
2006-08-19,3.81,31.43,25.39,1.59,82.94,0.61,2.52,Nepal_Birganj
2006-08-20,8.16,33.85,25.8,0.68,75.42,0.62,5.04,Nepal_Birganj
2006-08-21,22.77,33.47,26.18,0.82,77.28,0.63,4.15,Nepal_Birganj
2006-08-22,7.03,29.87,26.3,1.83,83.33,0.65,3.56,Nepal_Birganj
2006-08-23,1.76,32.51,25.85,2.88,79.94,0.64,5.84,Nepal_Birganj
2006-08-24,5.13,32.93,25.76,1.77,80.74,0.64,5.05,Nepal_Birganj
2006-08-25,25.82,32.82,25.44,1.09,78.44,0.65,5.4,Nepal_Birganj
2006-08-26,9.98,30.76,25.12,1.06,82.91,0.66,4.21,Nepal_Birganj
2006-08-27,37.09,31.31,24.83,1.29,83.08,0.7,4.81,Nepal_Birganj
2006-08-28,4.48,32.06,24.8,1.05,82.7,0.7,6.19,Nepal_Birganj
2006-08-29,17.42,29.13,24.85,1.82,87.8,0.71,2.43,Nepal_Birganj
2006-08-30,2.44,29.96,24.69,3.19,86.02,0.71,5.1,Nepal_Birganj
2006-08-31,2.57,30.07,24.06,2.6,87.51,0.7,4.75,Nepal_Birganj
2006-09-01,2.84,31.05,23.51,1.01,83.93,0.69,6.31,Nepal_Birganj
2006-09-02,4.1,31.59,23.8,1.48,81.11,0.69,7.0,Nepal_Birganj
2006-09-03,4.06,32.16,23.74,0.72,76.51,0.68,6.14,Nepal_Birganj
2006-09-04,11.14,31.12,24.07,2.11,83.78,0.68,6.01,Nepal_Birganj
2006-09-05,2.12,31.11,23.69,2.47,82.14,0.68,6.86,Nepal_Birganj
2006-09-06,6.14,31.55,23.87,1.33,82.37,0.67,6.39,Nepal_Birganj
2006-09-07,1.32,32.32,25.4,1.59,81.57,0.67,6.52,Nepal_Birganj
2006-09-08,2.64,31.14,24.53,1.28,84.22,0.66,4.63,Nepal_Birganj
2006-09-09,20.11,29.32,24.74,0.87,87.96,0.67,1.69,Nepal_Birganj
2006-09-10,17.13,27.61,23.7,1.62,93.04,0.7,0.97,Nepal_Birganj
2006-09-11,13.69,29.21,23.73,1.9,91.14,0.71,2.82,Nepal_Birganj
2006-09-12,11.06,31.28,23.7,1.36,85.9,0.72,5.45,Nepal_Birganj
2006-09-13,6.2,31.26,23.73,1.17,84.88,0.72,6.09,Nepal_Birganj
2006-09-14,1.8,30.9,23.57,1.3,83.9,0.71,6.21,Nepal_Birganj
2006-09-15,1.25,30.45,23.48,1.15,85.77,0.7,5.41,Nepal_Birganj
2006-09-16,11.19,30.47,23.98,1.36,85.98,0.7,5.43,Nepal_Birganj
2006-09-17,0.02,31.06,23.84,1.2,84.44,0.7,6.83,Nepal_Birganj
2006-09-18,0.12,29.47,23.96,1.49,84.95,0.69,4.06,Nepal_Birganj
2006-09-19,5.53,32.15,23.49,1.29,77.29,0.68,6.87,Nepal_Birganj
2006-09-20,2.03,31.25,24.9,2.2,82.6,0.68,5.38,Nepal_Birganj
2006-09-21,2.15,27.64,23.59,2.16,87.28,0.67,2.7,Nepal_Birganj
2006-09-22,13.31,28.09,23.46,1.4,86.33,0.68,1.87,Nepal_Birganj
2006-09-23,12.76,27.09,22.93,1.0,89.15,0.7,1.42,Nepal_Birganj
2006-09-24,47.1,26.27,22.46,2.88,90.29,0.75,0.99,Nepal_Birganj
2006-09-25,26.05,26.37,22.57,3.11,90.28,0.78,1.21,Nepal_Birganj
2006-09-26,1.35,28.5,22.94,1.07,86.89,0.78,3.19,Nepal_Birganj
2006-09-27,0.89,30.71,21.92,1.19,82.65,0.77,6.04,Nepal_Birganj
2006-09-28,0.8,31.33,22.53,0.85,80.96,0.76,6.41,Nepal_Birganj
2006-09-29,3.12,30.58,24.56,1.19,85.61,0.75,4.34,Nepal_Birganj
2006-09-30,6.69,29.1,23.52,1.48,88.95,0.75,3.96,Nepal_Birganj
2006-10-01,4.03,29.92,22.83,1.21,86.88,0.75,4.17,Nepal_Birganj
2006-10-02,0.51,30.91,22.79,0.85,83.28,0.74,6.07,Nepal_Birganj
2006-10-03,0.02,31.28,23.71,0.85,79.14,0.73,6.1,Nepal_Birganj
2006-10-04,0.04,31.08,23.3,0.99,78.28,0.72,5.85,Nepal_Birganj
2006-10-05,0.02,30.47,21.22,0.99,72.4,0.71,6.1,Nepal_Birganj
2006-10-06,0.18,29.46,20.84,1.16,77.75,0.71,5.6,Nepal_Birganj
2006-10-07,0.35,29.54,21.16,1.08,82.28,0.7,5.19,Nepal_Birganj
2006-10-08,6.08,29.56,21.51,0.96,82.34,0.7,4.41,Nepal_Birganj
2006-10-09,0.54,31.13,21.65,0.85,73.66,0.69,6.18,Nepal_Birganj
2006-10-10,7.5,30.42,21.83,0.92,76.31,0.69,5.15,Nepal_Birganj
2006-10-11,1.19,30.1,22.02,1.25,82.01,0.69,4.94,Nepal_Birganj
2006-10-12,1.2,29.16,21.44,1.14,84.92,0.68,4.35,Nepal_Birganj
2006-10-13,0.08,29.27,21.75,1.23,82.8,0.67,4.42,Nepal_Birganj
2006-10-14,0.0,29.49,21.7,0.72,79.71,0.67,4.68,Nepal_Birganj
2006-10-15,0.0,29.9,21.32,0.71,76.56,0.66,4.63,Nepal_Birganj
2006-10-16,0.0,30.14,20.52,0.73,71.5,0.65,4.9,Nepal_Birganj
2006-10-17,0.0,30.35,20.42,0.76,68.87,0.65,4.79,Nepal_Birganj
2006-10-18,0.01,29.6,19.88,0.88,69.73,0.64,4.38,Nepal_Birganj
2006-10-19,0.05,29.45,20.05,0.78,70.03,0.63,3.92,Nepal_Birganj
2006-10-20,1.18,29.21,20.27,1.0,71.83,0.62,3.52,Nepal_Birganj
2006-10-21,4.59,27.29,20.27,1.03,74.32,0.62,2.08,Nepal_Birganj
2006-10-22,0.01,28.31,18.07,0.84,69.38,0.62,3.07,Nepal_Birganj
2006-10-23,0.01,28.37,18.6,0.92,69.08,0.62,3.38,Nepal_Birganj
2006-10-24,0.0,29.06,18.55,0.82,66.57,0.61,3.71,Nepal_Birganj
2006-10-25,0.01,29.62,19.39,0.67,60.98,0.6,3.61,Nepal_Birganj
2006-10-26,0.0,30.22,19.27,0.88,63.52,0.6,3.46,Nepal_Birganj
2006-10-27,0.0,30.17,19.02,0.88,65.72,0.59,3.23,Nepal_Birganj
2006-10-28,0.0,30.27,18.51,0.9,60.34,0.59,3.14,Nepal_Birganj
2006-10-29,0.0,30.01,18.78,1.05,56.96,0.58,2.78,Nepal_Birganj
2006-10-30,0.0,29.93,18.13,1.23,59.21,0.57,2.56,Nepal_Birganj
2006-10-31,0.0,30.22,17.82,1.02,52.38,0.57,2.5,Nepal_Birganj
2006-11-01,0.0,31.27,18.69,1.04,52.05,0.56,2.13,Nepal_Birganj
2006-11-02,0.18,31.43,20.23,0.82,50.57,0.56,2.3,Nepal_Birganj
2006-11-03,0.01,28.67,20.41,1.26,59.25,0.55,1.09,Nepal_Birganj
2006-11-04,0.0,29.67,20.04,1.09,66.36,0.55,1.77,Nepal_Birganj
2006-11-05,0.0,29.54,18.65,1.24,64.15,0.55,1.84,Nepal_Birganj
2006-11-06,0.0,29.42,18.23,0.84,59.77,0.54,1.78,Nepal_Birganj
2006-11-07,0.0,29.52,17.86,1.05,61.95,0.54,1.66,Nepal_Birganj
2006-11-08,0.0,29.1,17.82,1.45,64.25,0.54,1.43,Nepal_Birganj
2006-11-09,0.02,26.42,18.11,0.65,72.8,0.53,0.7,Nepal_Birganj
2006-11-10,2.16,25.96,17.45,0.82,69.7,0.53,0.65,Nepal_Birganj
2006-11-11,0.57,27.73,18.17,1.03,64.82,0.53,1.52,Nepal_Birganj
2006-11-12,0.03,26.76,16.68,1.09,76.56,0.53,1.18,Nepal_Birganj
2006-11-13,0.0,28.04,17.21,1.32,69.57,0.53,1.33,Nepal_Birganj
2006-11-14,0.0,28.83,17.49,0.78,62.95,0.52,1.31,Nepal_Birganj
2006-11-15,0.0,28.71,17.66,0.95,60.92,0.52,1.3,Nepal_Birganj
2006-11-16,0.0,28.44,16.76,0.97,58.81,0.51,1.23,Nepal_Birganj
2006-11-17,0.0,27.86,16.38,0.86,56.08,0.51,1.15,Nepal_Birganj
2006-11-18,0.0,27.81,16.3,1.25,58.83,0.51,1.02,Nepal_Birganj
2006-11-19,0.0,27.73,15.78,1.26,57.82,0.51,0.91,Nepal_Birganj
2006-11-20,0.0,26.19,15.16,1.15,59.5,0.5,0.83,Nepal_Birganj
2006-11-21,0.0,26.35,13.78,1.17,57.37,0.5,0.87,Nepal_Birganj
2006-11-22,0.0,25.22,15.09,0.98,51.83,0.5,0.8,Nepal_Birganj
2006-11-23,0.0,25.53,13.87,1.31,52.44,0.49,0.71,Nepal_Birganj
2006-11-24,0.0,27.63,14.74,1.54,53.35,0.49,0.8,Nepal_Birganj
2006-11-25,0.0,26.67,13.54,1.79,47.48,0.49,0.77,Nepal_Birganj
2006-11-26,0.0,24.7,11.98,1.45,46.54,0.49,0.66,Nepal_Birganj
2006-11-27,0.0,24.33,11.3,1.06,44.7,0.48,0.6,Nepal_Birganj
2006-11-28,0.0,23.24,10.95,1.3,48.1,0.48,0.5,Nepal_Birganj
2006-11-29,0.0,24.32,11.86,1.18,46.77,0.48,0.5,Nepal_Birganj
2006-11-30,0.0,23.54,11.84,1.15,45.66,0.48,0.49,Nepal_Birganj
2006-12-01,0.0,24.08,10.75,1.09,44.94,0.47,0.5,Nepal_Birganj
2006-12-02,0.0,23.29,8.82,1.17,45.05,0.47,0.45,Nepal_Birganj
2006-12-03,0.0,23.27,9.88,0.95,43.78,0.47,0.39,Nepal_Birganj
2006-12-04,0.0,24.37,10.1,0.97,46.09,0.47,0.4,Nepal_Birganj
2006-12-05,0.0,24.49,12.28,0.75,43.92,0.47,0.43,Nepal_Birganj
2006-12-06,0.0,25.62,13.42,0.9,47.58,0.46,0.44,Nepal_Birganj
2006-12-07,0.0,26.29,14.02,1.13,54.75,0.46,0.41,Nepal_Birganj
2006-12-08,0.0,27.09,14.81,1.16,54.35,0.46,0.4,Nepal_Birganj
2006-12-09,0.0,26.18,14.47,1.28,54.2,0.46,0.41,Nepal_Birganj
2006-12-10,0.93,25.84,14.49,1.26,47.47,0.46,0.38,Nepal_Birganj
2006-12-11,6.23,22.14,13.54,1.63,57.57,0.46,0.13,Nepal_Birganj
2006-12-12,2.24,23.72,11.91,1.82,65.82,0.47,0.36,Nepal_Birganj
2006-12-13,5.29,21.69,10.52,0.91,58.31,0.48,0.37,Nepal_Birganj
2006-12-14,0.0,22.68,10.33,1.1,52.06,0.47,0.37,Nepal_Birganj
2006-12-15,0.0,23.05,9.57,0.88,46.14,0.47,0.34,Nepal_Birganj
2006-12-16,0.0,25.83,11.08,1.29,48.74,0.47,0.41,Nepal_Birganj
2006-12-17,0.0,25.88,13.26,1.07,52.95,0.47,0.44,Nepal_Birganj
2006-12-18,0.0,24.66,13.32,1.25,52.63,0.47,0.39,Nepal_Birganj
2006-12-19,0.0,25.42,13.15,1.1,56.66,0.46,0.37,Nepal_Birganj
2006-12-20,0.0,26.82,14.15,1.16,58.1,0.46,0.41,Nepal_Birganj
2006-12-21,0.0,26.36,14.71,1.16,63.2,0.46,0.41,Nepal_Birganj
2006-12-22,0.0,26.42,13.61,1.4,64.59,0.46,0.39,Nepal_Birganj
2006-12-23,0.0,25.99,13.79,1.53,60.44,0.46,0.35,Nepal_Birganj
2006-12-24,0.0,23.59,11.71,1.36,59.82,0.45,0.25,Nepal_Birganj
2006-12-25,0.0,23.79,10.18,1.55,53.16,0.45,0.28,Nepal_Birganj
2006-12-26,0.0,24.15,10.65,1.14,44.17,0.45,0.28,Nepal_Birganj
2006-12-27,0.0,23.31,10.96,1.14,44.74,0.45,0.24,Nepal_Birganj
2006-12-28,0.0,23.19,11.32,1.2,49.64,0.45,0.22,Nepal_Birganj
2006-12-29,0.0,22.27,10.65,1.13,51.95,0.45,0.22,Nepal_Birganj
2006-12-30,0.0,21.64,11.02,1.21,51.54,0.45,0.2,Nepal_Birganj
2006-12-31,0.0,21.1,9.74,1.26,48.64,0.44,0.19,Nepal_Birganj
2007-01-01,0.0,22.14,8.49,1.44,52.86,0.44,0.2,Nepal_Birganj
2007-01-02,0.0,20.74,9.36,1.5,54.04,0.44,0.18,Nepal_Birganj
2007-01-03,0.0,20.55,7.14,1.53,47.29,0.44,0.18,Nepal_Birganj
2007-01-04,0.0,19.81,5.49,1.0,47.96,0.44,0.17,Nepal_Birganj
2007-01-05,0.0,22.0,6.6,1.15,44.64,0.44,0.19,Nepal_Birganj
2007-01-06,0.0,21.94,7.75,1.23,41.01,0.44,0.18,Nepal_Birganj
2007-01-07,0.0,23.74,9.39,1.18,41.91,0.43,0.2,Nepal_Birganj
2007-01-08,0.0,21.74,9.35,1.08,44.6,0.43,0.18,Nepal_Birganj
2007-01-09,0.0,23.84,9.12,1.36,43.43,0.43,0.2,Nepal_Birganj
2007-01-10,0.0,23.89,9.87,1.41,42.42,0.43,0.18,Nepal_Birganj
2007-01-11,0.0,24.18,9.88,1.72,42.61,0.43,0.18,Nepal_Birganj
2007-01-12,0.0,22.96,9.71,1.37,40.87,0.43,0.14,Nepal_Birganj
2007-01-13,0.0,21.72,7.54,1.67,43.68,0.42,0.14,Nepal_Birganj
2007-01-14,0.0,21.84,8.48,1.27,38.14,0.42,0.13,Nepal_Birganj
2007-01-15,0.0,21.72,8.56,1.14,35.67,0.42,0.12,Nepal_Birganj
2007-01-16,0.0,21.29,8.28,1.19,36.69,0.42,0.11,Nepal_Birganj
2007-01-17,0.0,21.98,9.63,1.32,41.7,0.42,0.11,Nepal_Birganj
2007-01-18,0.0,21.61,10.35,1.07,39.78,0.42,0.1,Nepal_Birganj
2007-01-19,0.0,22.23,9.46,1.34,39.75,0.42,0.12,Nepal_Birganj
2007-01-20,0.0,21.6,9.92,1.41,44.1,0.41,0.1,Nepal_Birganj
2007-01-21,0.0,22.54,8.66,1.34,39.48,0.41,0.11,Nepal_Birganj
2007-01-22,0.0,23.29,9.67,1.13,35.24,0.41,0.12,Nepal_Birganj
2007-01-23,0.0,22.86,9.41,1.17,36.69,0.41,0.11,Nepal_Birganj
2007-01-24,0.0,23.23,9.27,1.24,39.49,0.41,0.11,Nepal_Birganj
2007-01-25,0.0,23.78,9.6,1.01,36.71,0.41,0.1,Nepal_Birganj
2007-01-26,0.0,25.65,9.97,1.06,33.87,0.41,0.12,Nepal_Birganj
2007-01-27,0.0,26.4,11.83,1.14,36.06,0.4,0.12,Nepal_Birganj
2007-01-28,0.0,26.3,11.81,1.3,42.12,0.4,0.12,Nepal_Birganj
2007-01-29,0.0,26.57,14.01,1.12,44.68,0.4,0.12,Nepal_Birganj
2007-01-30,0.0,25.92,13.73,1.35,47.13,0.4,0.09,Nepal_Birganj
2007-01-31,0.0,26.2,15.52,1.12,45.59,0.4,0.11,Nepal_Birganj
2007-02-01,0.0,27.33,14.41,1.13,46.02,0.4,0.11,Nepal_Birganj
2007-02-02,0.0,26.21,13.05,1.37,49.68,0.4,0.1,Nepal_Birganj
2007-02-03,0.09,25.92,13.56,1.29,50.05,0.4,0.09,Nepal_Birganj
2007-02-04,0.25,25.53,13.7,1.13,46.08,0.4,0.1,Nepal_Birganj
2007-02-05,0.02,25.79,12.89,1.37,46.41,0.39,0.09,Nepal_Birganj
2007-02-06,0.1,25.44,13.75,1.27,47.81,0.39,0.08,Nepal_Birganj
2007-02-07,6.69,22.11,13.59,1.5,60.44,0.4,0.03,Nepal_Birganj
2007-02-08,0.61,25.18,14.17,1.26,60.44,0.4,0.12,Nepal_Birganj
2007-02-09,0.02,25.89,13.17,1.01,59.77,0.4,0.12,Nepal_Birganj
2007-02-10,2.7,26.54,14.79,1.67,56.42,0.4,0.1,Nepal_Birganj
2007-02-11,11.46,23.75,14.17,2.44,69.56,0.41,0.06,Nepal_Birganj
2007-02-12,2.9,22.26,12.56,2.05,76.28,0.43,0.1,Nepal_Birganj
2007-02-13,10.43,23.16,11.62,1.86,74.46,0.43,0.11,Nepal_Birganj
2007-02-14,38.6,15.82,9.93,1.06,86.83,0.49,0.07,Nepal_Birganj
2007-02-15,0.01,21.33,8.32,2.1,66.45,0.51,0.65,Nepal_Birganj
2007-02-16,0.0,22.48,11.07,1.49,55.19,0.5,0.7,Nepal_Birganj
2007-02-17,0.9,23.4,10.31,1.32,54.39,0.5,0.67,Nepal_Birganj
2007-02-18,0.47,24.03,11.0,1.5,48.9,0.49,0.71,Nepal_Birganj
2007-02-19,0.0,24.47,11.27,1.65,43.99,0.49,0.7,Nepal_Birganj
2007-02-20,0.0,25.69,11.36,1.66,49.84,0.49,0.68,Nepal_Birganj
2007-02-21,0.0,26.24,10.84,1.21,43.24,0.48,0.67,Nepal_Birganj
2007-02-22,0.0,27.29,13.54,1.12,40.01,0.48,0.68,Nepal_Birganj
2007-02-23,0.0,28.06,13.66,1.25,42.73,0.48,0.67,Nepal_Birganj
2007-02-24,0.04,29.22,15.63,1.63,42.17,0.47,0.73,Nepal_Birganj
2007-02-25,0.78,27.83,14.74,2.13,47.78,0.47,0.46,Nepal_Birganj
2007-02-26,0.64,24.93,13.02,1.69,60.63,0.47,0.51,Nepal_Birganj
2007-02-27,0.06,27.34,13.95,1.12,55.45,0.47,0.61,Nepal_Birganj
2007-02-28,2.37,29.41,15.12,1.22,50.43,0.46,0.65,Nepal_Birganj
2007-03-01,3.43,25.73,16.31,2.25,58.1,0.47,0.36,Nepal_Birganj
2007-03-02,3.35,24.04,14.65,1.53,71.9,0.47,0.35,Nepal_Birganj
2007-03-03,0.0,26.36,11.34,1.91,53.8,0.47,0.62,Nepal_Birganj
2007-03-04,0.0,28.35,12.83,1.74,41.89,0.47,0.65,Nepal_Birganj
2007-03-05,0.0,28.25,13.68,1.71,40.6,0.46,0.61,Nepal_Birganj
2007-03-06,0.0,28.76,12.84,2.11,41.46,0.46,0.59,Nepal_Birganj
2007-03-07,0.0,27.62,11.58,2.28,42.07,0.45,0.52,Nepal_Birganj
2007-03-08,0.0,28.66,13.25,1.29,37.91,0.45,0.55,Nepal_Birganj
2007-03-09,0.0,28.96,14.42,1.13,35.47,0.45,0.5,Nepal_Birganj
2007-03-10,0.41,30.5,15.12,1.51,35.92,0.45,0.51,Nepal_Birganj
2007-03-11,0.01,31.51,15.99,1.38,34.53,0.44,0.53,Nepal_Birganj
2007-03-12,1.61,31.37,17.27,1.61,38.6,0.44,0.43,Nepal_Birganj
2007-03-13,18.66,28.14,17.85,1.73,58.64,0.45,0.31,Nepal_Birganj
2007-03-14,8.46,27.48,17.19,1.42,65.27,0.48,0.58,Nepal_Birganj
2007-03-15,0.0,28.23,14.18,2.98,55.64,0.48,0.84,Nepal_Birganj
2007-03-16,0.33,27.2,10.27,2.04,47.43,0.47,0.69,Nepal_Birganj
2007-03-17,0.86,29.3,13.34,1.29,37.94,0.47,0.73,Nepal_Birganj
2007-03-18,0.0,30.88,16.3,0.98,38.29,0.46,0.75,Nepal_Birganj
2007-03-19,0.0,31.91,16.7,1.23,43.2,0.46,0.71,Nepal_Birganj
2007-03-20,0.0,32.63,19.36,1.16,45.59,0.46,0.71,Nepal_Birganj
2007-03-21,0.0,33.72,19.28,1.77,46.55,0.45,0.67,Nepal_Birganj
2007-03-22,0.05,35.33,20.46,2.11,44.93,0.45,0.67,Nepal_Birganj
2007-03-23,0.16,34.73,20.78,2.18,42.13,0.45,0.66,Nepal_Birganj
2007-03-24,0.0,34.55,18.98,2.34,36.72,0.44,0.62,Nepal_Birganj
2007-03-25,0.0,33.13,15.95,2.59,36.47,0.44,0.51,Nepal_Birganj
2007-03-26,0.0,32.84,16.13,1.71,36.59,0.43,0.48,Nepal_Birganj
2007-03-27,0.0,34.36,18.11,1.26,32.49,0.43,0.46,Nepal_Birganj
2007-03-28,0.0,33.9,18.34,1.24,36.34,0.42,0.42,Nepal_Birganj
2007-03-29,0.0,35.23,21.26,0.98,38.28,0.42,0.44,Nepal_Birganj
2007-03-30,0.0,35.56,21.7,1.11,37.95,0.42,0.39,Nepal_Birganj
2007-03-31,0.0,37.08,22.77,1.4,38.42,0.41,0.36,Nepal_Birganj
2007-04-01,0.0,38.49,23.84,2.06,35.81,0.41,0.36,Nepal_Birganj
2007-04-02,0.0,39.82,21.69,2.76,28.14,0.41,0.36,Nepal_Birganj
2007-04-03,0.0,37.6,19.67,2.21,29.75,0.4,0.28,Nepal_Birganj
2007-04-04,0.0,36.64,19.08,1.24,27.01,0.4,0.25,Nepal_Birganj
2007-04-05,0.0,36.44,20.09,1.41,27.11,0.4,0.22,Nepal_Birganj
2007-04-06,0.0,36.06,20.26,1.48,29.9,0.39,0.19,Nepal_Birganj
2007-04-07,0.0,37.29,21.27,1.47,30.39,0.39,0.18,Nepal_Birganj
2007-04-08,0.18,37.83,21.61,2.02,30.58,0.39,0.17,Nepal_Birganj
2007-04-09,0.49,38.13,21.42,2.2,30.79,0.38,0.16,Nepal_Birganj
2007-04-10,0.0,36.58,22.97,1.72,28.04,0.38,0.14,Nepal_Birganj
2007-04-11,0.0,36.83,21.14,1.68,27.26,0.38,0.11,Nepal_Birganj
2007-04-12,0.0,36.12,21.89,2.43,38.17,0.38,0.09,Nepal_Birganj
2007-04-13,0.0,35.16,22.38,2.37,46.19,0.37,0.08,Nepal_Birganj
2007-04-14,0.0,36.89,24.49,1.99,41.41,0.37,0.08,Nepal_Birganj
2007-04-15,0.14,38.24,24.59,1.27,38.58,0.37,0.08,Nepal_Birganj
2007-04-16,0.01,37.81,25.47,1.61,39.36,0.37,0.06,Nepal_Birganj
2007-04-17,6.45,37.75,25.62,1.36,40.97,0.37,0.07,Nepal_Birganj
2007-04-18,0.05,38.08,24.99,1.68,41.78,0.37,0.11,Nepal_Birganj
2007-04-19,2.72,36.99,25.32,0.96,41.67,0.38,0.11,Nepal_Birganj
2007-04-20,0.41,37.52,23.91,1.3,37.8,0.37,0.09,Nepal_Birganj
2007-04-21,0.08,37.51,25.49,1.22,34.25,0.37,0.08,Nepal_Birganj
2007-04-22,4.68,37.86,24.16,1.93,35.37,0.37,0.1,Nepal_Birganj
2007-04-23,10.02,38.46,23.26,1.58,36.01,0.39,0.2,Nepal_Birganj
2007-04-24,1.26,38.28,22.34,1.94,32.74,0.39,0.18,Nepal_Birganj
2007-04-25,4.92,38.02,24.09,1.52,32.57,0.39,0.22,Nepal_Birganj
2007-04-26,4.68,37.25,22.04,1.45,33.52,0.39,0.2,Nepal_Birganj
2007-04-27,1.83,38.67,23.03,1.35,31.63,0.39,0.22,Nepal_Birganj
2007-04-28,0.0,38.05,23.3,1.45,30.96,0.39,0.19,Nepal_Birganj
2007-04-29,1.67,37.9,23.16,1.49,35.23,0.38,0.17,Nepal_Birganj
2007-04-30,2.07,37.87,25.21,2.58,42.03,0.38,0.12,Nepal_Birganj
2007-05-01,0.36,39.13,24.7,1.72,40.89,0.38,0.15,Nepal_Birganj
2007-05-02,1.49,39.49,25.2,1.91,40.12,0.38,0.18,Nepal_Birganj
2007-05-03,4.96,38.12,25.01,1.57,45.89,0.39,0.15,Nepal_Birganj
2007-05-04,0.34,39.52,25.84,2.13,40.26,0.38,0.17,Nepal_Birganj
2007-05-05,1.45,39.58,27.0,1.63,41.05,0.38,0.16,Nepal_Birganj
2007-05-06,1.19,40.79,27.45,1.64,38.44,0.38,0.16,Nepal_Birganj
2007-05-07,4.11,36.0,26.98,2.31,50.93,0.38,0.11,Nepal_Birganj
2007-05-08,1.58,37.29,25.08,2.16,47.83,0.38,0.13,Nepal_Birganj
2007-05-09,0.96,38.1,25.49,1.63,44.15,0.38,0.13,Nepal_Birganj
2007-05-10,3.8,35.74,25.84,1.66,50.82,0.38,0.14,Nepal_Birganj
2007-05-11,5.36,36.95,26.32,2.77,51.82,0.38,0.11,Nepal_Birganj
2007-05-12,15.22,34.15,26.27,1.86,56.22,0.4,0.19,Nepal_Birganj
2007-05-13,0.21,37.37,23.85,1.84,47.55,0.4,0.28,Nepal_Birganj
2007-05-14,0.01,37.84,24.78,2.26,45.33,0.4,0.24,Nepal_Birganj
2007-05-15,0.75,37.3,24.64,1.77,45.88,0.39,0.19,Nepal_Birganj
2007-05-16,1.47,36.75,25.37,2.69,46.68,0.39,0.18,Nepal_Birganj
2007-05-17,8.65,36.01,25.76,1.77,52.98,0.4,0.21,Nepal_Birganj
2007-05-18,11.11,35.68,26.44,1.19,56.58,0.41,0.28,Nepal_Birganj
2007-05-19,7.0,35.44,27.05,1.25,57.77,0.42,0.29,Nepal_Birganj
2007-05-20,0.74,37.55,26.38,1.4,50.74,0.42,0.39,Nepal_Birganj
2007-05-21,0.02,40.53,26.93,2.14,40.06,0.41,0.38,Nepal_Birganj
2007-05-22,0.5,41.73,24.97,2.12,29.99,0.41,0.36,Nepal_Birganj
2007-05-23,0.0,42.2,25.72,2.42,28.73,0.4,0.31,Nepal_Birganj
2007-05-24,0.0,41.38,25.88,1.97,25.99,0.4,0.26,Nepal_Birganj
2007-05-25,0.0,41.47,26.08,1.42,23.8,0.39,0.24,Nepal_Birganj
2007-05-26,0.12,40.3,25.01,2.15,30.99,0.39,0.18,Nepal_Birganj
2007-05-27,1.02,40.09,26.7,1.67,37.17,0.39,0.18,Nepal_Birganj
2007-05-28,3.73,40.27,25.82,1.79,39.3,0.39,0.2,Nepal_Birganj
2007-05-29,0.0,41.62,25.85,1.61,28.05,0.38,0.18,Nepal_Birganj
2007-05-30,0.0,41.07,26.24,1.63,29.21,0.38,0.15,Nepal_Birganj
2007-05-31,0.0,41.81,26.87,2.16,26.43,0.38,0.13,Nepal_Birganj
2007-06-01,0.0,41.99,26.67,1.86,24.13,0.37,0.11,Nepal_Birganj
2007-06-02,0.0,41.84,27.7,1.31,24.26,0.37,0.11,Nepal_Birganj
2007-06-03,0.38,41.01,27.21,2.89,31.7,0.37,0.07,Nepal_Birganj
2007-06-04,0.11,41.88,28.79,2.28,37.97,0.36,0.06,Nepal_Birganj
2007-06-05,2.67,40.65,29.2,2.42,41.54,0.36,0.08,Nepal_Birganj
2007-06-06,12.46,35.65,28.1,3.27,56.11,0.38,0.11,Nepal_Birganj
2007-06-07,8.24,36.97,26.82,1.75,54.02,0.39,0.17,Nepal_Birganj
2007-06-08,7.37,38.83,27.38,1.7,50.43,0.39,0.25,Nepal_Birganj
2007-06-09,6.64,38.81,27.45,1.96,54.7,0.4,0.31,Nepal_Birganj
2007-06-10,8.67,37.25,27.43,3.64,63.66,0.41,0.31,Nepal_Birganj
2007-06-11,1.35,39.11,26.75,2.16,55.13,0.41,0.38,Nepal_Birganj
2007-06-12,7.51,39.25,27.6,1.95,58.86,0.41,0.38,Nepal_Birganj
2007-06-13,54.98,33.12,28.1,3.47,76.27,0.46,0.3,Nepal_Birganj
2007-06-14,2.46,33.64,27.02,1.84,71.89,0.51,0.86,Nepal_Birganj
2007-06-15,33.9,33.19,26.72,1.7,77.09,0.54,1.15,Nepal_Birganj
2007-06-16,5.58,32.49,26.39,0.97,77.43,0.55,1.14,Nepal_Birganj
2007-06-17,0.45,36.78,26.53,2.61,65.11,0.55,2.42,Nepal_Birganj
2007-06-18,0.05,37.08,26.75,1.53,54.14,0.54,2.53,Nepal_Birganj
2007-06-19,2.35,36.83,26.92,1.81,58.18,0.53,2.12,Nepal_Birganj
2007-06-20,1.66,37.4,26.16,2.03,61.18,0.52,2.29,Nepal_Birganj
2007-06-21,0.01,38.36,26.83,2.56,59.3,0.51,2.06,Nepal_Birganj
2007-06-22,2.04,33.18,26.72,3.49,67.31,0.51,1.17,Nepal_Birganj
2007-06-23,2.85,33.01,26.51,3.15,67.92,0.51,1.09,Nepal_Birganj
2007-06-24,9.66,33.59,25.9,3.11,71.02,0.52,1.45,Nepal_Birganj
2007-06-25,7.59,35.9,25.41,2.3,68.85,0.52,1.86,Nepal_Birganj
2007-06-26,3.76,35.42,26.9,1.39,66.65,0.52,1.78,Nepal_Birganj
2007-06-27,20.27,34.32,26.93,2.02,70.24,0.53,1.61,Nepal_Birganj
2007-06-28,3.72,37.0,26.06,2.05,63.87,0.54,2.88,Nepal_Birganj
2007-06-29,4.25,35.93,26.3,4.71,65.81,0.53,2.76,Nepal_Birganj
2007-06-30,4.47,36.59,25.67,4.74,67.4,0.53,2.76,Nepal_Birganj
2007-07-01,7.67,35.16,26.65,2.92,71.11,0.53,2.02,Nepal_Birganj
2007-07-02,11.26,34.51,26.48,1.87,72.92,0.54,2.07,Nepal_Birganj
2007-07-03,4.36,35.01,26.94,1.06,71.51,0.54,1.87,Nepal_Birganj
2007-07-04,3.65,35.44,28.09,1.2,67.44,0.54,1.98,Nepal_Birganj
2007-07-05,11.68,37.26,27.93,0.85,62.75,0.54,2.41,Nepal_Birganj
2007-07-06,5.68,35.84,27.69,1.97,67.38,0.55,2.44,Nepal_Birganj
2007-07-07,8.68,35.0,27.28,5.23,69.2,0.55,2.95,Nepal_Birganj
2007-07-08,1.18,34.91,25.86,4.58,70.06,0.54,2.91,Nepal_Birganj
2007-07-09,0.91,35.72,26.12,1.67,68.61,0.54,2.53,Nepal_Birganj
2007-07-10,2.24,36.03,27.27,1.47,64.48,0.53,2.35,Nepal_Birganj
2007-07-11,2.09,32.85,26.76,1.01,71.5,0.53,1.06,Nepal_Birganj
2007-07-12,4.73,36.79,26.17,1.17,65.74,0.53,2.41,Nepal_Birganj
2007-07-13,8.69,35.61,27.7,1.43,70.37,0.53,1.99,Nepal_Birganj
2007-07-14,17.06,32.75,26.83,2.52,80.67,0.54,1.67,Nepal_Birganj
2007-07-15,30.4,31.9,26.01,1.19,80.07,0.58,1.4,Nepal_Birganj
2007-07-16,24.73,31.32,26.52,1.88,82.69,0.61,1.61,Nepal_Birganj
2007-07-17,27.6,30.66,26.09,2.61,87.35,0.64,1.69,Nepal_Birganj
2007-07-18,16.54,32.24,25.48,3.17,83.89,0.67,4.2,Nepal_Birganj
2007-07-19,26.39,32.72,25.59,1.08,83.39,0.68,3.77,Nepal_Birganj
2007-07-20,25.64,31.99,26.05,1.1,84.29,0.71,2.51,Nepal_Birganj
2007-07-21,12.77,28.45,25.71,1.47,91.43,0.72,0.93,Nepal_Birganj
2007-07-22,13.98,29.38,25.14,1.44,90.2,0.74,1.48,Nepal_Birganj
2007-07-23,17.83,30.82,25.26,2.22,84.91,0.75,2.62,Nepal_Birganj
2007-07-24,16.79,30.34,24.21,4.03,87.62,0.76,3.21,Nepal_Birganj
2007-07-25,9.41,31.88,24.98,1.17,84.43,0.76,4.51,Nepal_Birganj
2007-07-26,30.13,28.64,25.1,2.36,93.4,0.78,0.91,Nepal_Birganj
2007-07-27,16.14,28.85,24.14,1.75,89.72,0.8,1.77,Nepal_Birganj
2007-07-28,23.23,30.58,24.05,1.5,88.36,0.82,2.56,Nepal_Birganj
2007-07-29,20.28,30.73,25.18,1.33,88.24,0.83,2.41,Nepal_Birganj
2007-07-30,12.09,28.36,24.99,1.7,92.02,0.84,0.89,Nepal_Birganj
2007-07-31,10.49,30.86,24.19,1.75,87.36,0.84,3.46,Nepal_Birganj
2007-08-01,8.03,28.59,24.47,1.28,90.22,0.84,1.66,Nepal_Birganj
2007-08-02,18.34,30.5,23.57,1.88,87.59,0.84,3.38,Nepal_Birganj
2007-08-03,1.78,31.67,24.36,1.85,85.89,0.84,4.59,Nepal_Birganj
2007-08-04,5.63,32.29,24.64,1.18,83.56,0.84,5.09,Nepal_Birganj
2007-08-05,8.36,32.45,25.63,1.38,82.13,0.83,5.0,Nepal_Birganj
2007-08-06,3.34,32.72,26.54,2.64,85.03,0.82,4.19,Nepal_Birganj
2007-08-07,3.85,31.92,26.3,3.64,86.5,0.82,4.95,Nepal_Birganj
2007-08-08,0.23,32.18,25.73,2.86,86.71,0.8,5.2,Nepal_Birganj
2007-08-09,1.4,32.57,26.04,1.54,84.83,0.79,4.69,Nepal_Birganj
2007-08-10,3.61,33.85,26.28,1.32,81.77,0.78,5.84,Nepal_Birganj
2007-08-11,15.76,33.68,25.7,1.3,81.2,0.78,5.15,Nepal_Birganj
2007-08-12,31.16,31.5,25.96,1.09,86.57,0.81,2.48,Nepal_Birganj
2007-08-13,26.61,32.54,24.9,1.12,80.95,0.83,4.82,Nepal_Birganj
2007-08-14,46.55,32.01,25.13,0.87,82.53,0.86,4.68,Nepal_Birganj
2007-08-15,35.9,30.38,25.22,1.57,89.8,0.88,2.43,Nepal_Birganj
2007-08-16,5.06,31.28,25.56,1.11,87.05,0.89,3.34,Nepal_Birganj
2007-08-17,21.58,31.57,25.25,0.88,83.72,0.89,3.6,Nepal_Birganj
2007-08-18,4.85,28.8,24.9,1.29,88.47,0.89,1.64,Nepal_Birganj
2007-08-19,9.35,29.93,24.61,1.56,87.16,0.88,2.15,Nepal_Birganj
2007-08-20,3.86,29.43,24.29,2.48,88.61,0.88,2.67,Nepal_Birganj
2007-08-21,0.0,30.4,23.08,2.14,85.52,0.88,4.64,Nepal_Birganj
2007-08-22,0.0,31.88,23.82,0.93,81.78,0.86,5.89,Nepal_Birganj
2007-08-23,0.17,32.44,25.04,0.85,79.83,0.85,6.4,Nepal_Birganj
2007-08-24,0.95,30.52,24.69,1.42,85.05,0.85,2.9,Nepal_Birganj
2007-08-25,12.06,31.14,24.77,1.03,83.17,0.85,4.23,Nepal_Birganj
2007-08-26,5.29,30.64,25.29,0.61,82.11,0.85,2.67,Nepal_Birganj
2007-08-27,15.41,30.33,24.64,1.93,89.28,0.86,3.33,Nepal_Birganj
2007-08-28,0.72,30.14,24.25,1.66,87.63,0.85,4.14,Nepal_Birganj
2007-08-29,3.66,30.18,24.99,1.84,90.36,0.84,3.53,Nepal_Birganj
2007-08-30,6.87,30.08,24.85,1.96,90.64,0.84,2.24,Nepal_Birganj
2007-08-31,19.99,30.63,24.97,1.73,90.35,0.85,2.87,Nepal_Birganj
2007-09-01,12.47,30.86,25.0,1.02,88.03,0.86,3.65,Nepal_Birganj
2007-09-02,2.46,30.7,25.02,1.61,89.04,0.85,3.45,Nepal_Birganj
2007-09-03,6.58,28.37,24.96,1.66,90.0,0.85,2.14,Nepal_Birganj
2007-09-04,6.58,30.71,24.34,1.3,86.44,0.85,4.0,Nepal_Birganj
2007-09-05,17.46,28.62,24.44,1.96,91.38,0.85,1.41,Nepal_Birganj
2007-09-06,13.73,29.26,24.13,1.24,88.62,0.87,2.16,Nepal_Birganj
2007-09-07,2.56,30.23,23.15,0.75,82.48,0.86,5.35,Nepal_Birganj
2007-09-08,0.09,30.78,24.38,0.98,84.03,0.85,5.39,Nepal_Birganj
2007-09-09,2.16,30.92,24.26,1.16,87.77,0.85,4.68,Nepal_Birganj
2007-09-10,2.68,30.61,24.48,1.29,88.77,0.84,3.55,Nepal_Birganj
2007-09-11,11.8,31.27,24.36,1.38,88.52,0.84,4.3,Nepal_Birganj
2007-09-12,7.71,31.03,24.46,1.29,89.08,0.84,4.1,Nepal_Birganj
2007-09-13,3.11,31.43,24.71,1.0,85.37,0.84,4.56,Nepal_Birganj
2007-09-14,2.04,31.47,24.22,0.77,79.75,0.83,5.87,Nepal_Birganj
2007-09-15,2.67,30.81,24.85,0.93,83.17,0.82,5.27,Nepal_Birganj
2007-09-16,4.1,31.06,24.2,1.1,86.5,0.82,4.51,Nepal_Birganj
2007-09-17,4.01,29.52,24.93,0.95,91.08,0.82,2.22,Nepal_Birganj
2007-09-18,1.44,30.62,24.77,0.68,84.7,0.82,3.74,Nepal_Birganj
2007-09-19,0.16,31.28,24.77,1.23,84.47,0.81,5.84,Nepal_Birganj
2007-09-20,4.41,31.58,24.13,1.36,79.77,0.8,6.33,Nepal_Birganj
2007-09-21,0.05,31.98,23.75,1.88,74.89,0.79,6.77,Nepal_Birganj
2007-09-22,0.4,31.31,23.21,2.05,73.36,0.78,6.6,Nepal_Birganj
2007-09-23,0.8,27.86,22.01,2.59,78.89,0.76,3.11,Nepal_Birganj
2007-09-24,18.82,26.69,21.64,4.2,84.21,0.77,1.98,Nepal_Birganj
2007-09-25,62.52,24.52,21.21,4.78,90.02,0.82,0.62,Nepal_Birganj
2007-09-26,10.62,27.18,21.54,2.06,87.86,0.84,1.91,Nepal_Birganj
2007-09-27,23.15,28.88,23.25,1.58,88.04,0.85,2.62,Nepal_Birganj
2007-09-28,8.2,27.26,23.05,1.25,91.74,0.86,1.59,Nepal_Birganj
2007-09-29,30.03,28.59,23.22,1.55,90.95,0.88,1.65,Nepal_Birganj
2007-09-30,8.18,29.62,23.4,0.83,83.52,0.88,3.85,Nepal_Birganj
2007-10-01,0.04,30.15,22.68,0.89,84.68,0.87,5.35,Nepal_Birganj
2007-10-02,4.24,30.9,22.58,0.94,83.98,0.87,5.58,Nepal_Birganj
2007-10-03,0.12,31.18,22.52,0.95,82.19,0.86,6.01,Nepal_Birganj
2007-10-04,0.04,30.74,23.06,0.71,81.61,0.85,5.28,Nepal_Birganj
2007-10-05,0.14,31.25,24.07,0.77,81.76,0.84,5.19,Nepal_Birganj
2007-10-06,0.0,31.48,23.26,1.29,81.25,0.84,5.46,Nepal_Birganj
2007-10-07,0.0,31.68,22.64,1.06,82.56,0.83,5.85,Nepal_Birganj
2007-10-08,0.07,31.26,22.17,0.94,84.61,0.82,5.02,Nepal_Birganj
2007-10-09,0.1,30.2,22.5,0.79,82.36,0.81,5.39,Nepal_Birganj
2007-10-10,0.9,29.85,22.47,0.91,86.68,0.8,4.89,Nepal_Birganj
2007-10-11,0.39,29.78,22.65,0.86,85.65,0.79,4.83,Nepal_Birganj
2007-10-12,0.23,29.23,21.8,0.95,82.0,0.78,4.7,Nepal_Birganj
2007-10-13,1.32,28.97,21.25,0.54,75.88,0.78,3.86,Nepal_Birganj
2007-10-14,3.08,29.32,21.04,1.12,78.58,0.77,4.5,Nepal_Birganj
2007-10-15,0.84,29.24,21.84,1.14,83.97,0.77,4.59,Nepal_Birganj
2007-10-16,8.86,28.49,21.68,1.56,86.92,0.76,3.76,Nepal_Birganj
2007-10-17,7.61,28.45,21.34,1.11,85.48,0.77,3.97,Nepal_Birganj
2007-10-18,0.37,28.09,20.57,1.27,82.49,0.76,4.55,Nepal_Birganj
2007-10-19,0.0,27.3,19.18,1.09,80.31,0.76,4.62,Nepal_Birganj
2007-10-20,0.0,27.28,17.93,0.78,76.67,0.75,4.87,Nepal_Birganj
2007-10-21,0.0,27.44,18.2,0.72,77.69,0.74,4.25,Nepal_Birganj
2007-10-22,0.0,27.78,18.98,0.78,78.13,0.73,3.9,Nepal_Birganj
2007-10-23,0.0,26.35,17.38,0.99,81.07,0.73,3.67,Nepal_Birganj
2007-10-24,0.0,25.74,16.9,0.99,81.98,0.72,3.26,Nepal_Birganj
2007-10-25,0.0,27.19,17.99,1.01,82.32,0.71,3.83,Nepal_Birganj
2007-10-26,0.0,27.9,18.49,1.04,81.83,0.71,4.24,Nepal_Birganj
2007-10-27,0.0,26.7,17.69,1.31,84.23,0.7,3.92,Nepal_Birganj
2007-10-28,0.0,26.45,17.04,1.0,84.24,0.69,3.68,Nepal_Birganj
2007-10-29,0.0,26.69,17.85,0.73,81.31,0.69,3.76,Nepal_Birganj
2007-10-30,0.0,27.27,17.65,0.88,80.24,0.68,4.09,Nepal_Birganj
2007-10-31,0.0,27.56,18.05,0.77,80.09,0.68,4.04,Nepal_Birganj
2007-11-01,0.0,27.9,18.17,0.9,80.67,0.67,4.06,Nepal_Birganj
2007-11-02,0.0,26.69,16.96,0.99,78.21,0.66,3.76,Nepal_Birganj
2007-11-03,0.0,26.55,16.75,1.07,74.31,0.66,3.37,Nepal_Birganj
2007-11-04,0.0,26.23,17.25,1.15,77.19,0.65,3.01,Nepal_Birganj
2007-11-05,0.0,27.45,17.28,0.93,78.73,0.65,3.26,Nepal_Birganj
2007-11-06,0.0,27.02,18.22,0.96,79.67,0.64,2.87,Nepal_Birganj
2007-11-07,0.0,27.85,18.54,1.01,76.84,0.64,2.94,Nepal_Birganj
2007-11-08,0.11,27.87,19.2,0.79,75.65,0.63,2.93,Nepal_Birganj
2007-11-09,1.52,27.25,18.55,0.97,77.26,0.63,2.24,Nepal_Birganj
2007-11-10,0.07,27.08,17.74,1.01,76.91,0.62,2.41,Nepal_Birganj
2007-11-11,0.0,26.98,17.56,1.1,71.85,0.62,2.53,Nepal_Birganj
2007-11-12,0.0,26.92,16.82,1.0,65.96,0.61,2.52,Nepal_Birganj
2007-11-13,0.0,26.9,16.18,0.98,65.67,0.61,2.5,Nepal_Birganj
2007-11-14,0.0,27.48,15.99,1.03,60.08,0.6,2.69,Nepal_Birganj
2007-11-15,0.0,27.44,14.56,1.15,59.55,0.6,2.44,Nepal_Birganj
2007-11-16,0.0,26.71,15.91,1.54,66.47,0.59,2.12,Nepal_Birganj
2007-11-17,0.0,26.66,14.6,1.13,67.16,0.59,2.02,Nepal_Birganj
2007-11-18,0.0,26.06,14.71,1.2,62.32,0.58,1.69,Nepal_Birganj
2007-11-19,0.0,26.78,13.35,1.44,63.33,0.58,1.77,Nepal_Birganj
2007-11-20,0.0,25.78,12.85,1.34,62.06,0.57,1.63,Nepal_Birganj
2007-11-21,0.0,26.16,13.7,1.14,61.25,0.57,1.61,Nepal_Birganj
2007-11-22,0.0,26.08,14.37,1.47,64.2,0.57,1.56,Nepal_Birganj
2007-11-23,0.0,26.7,13.68,1.47,63.01,0.56,1.53,Nepal_Birganj
2007-11-24,0.0,26.99,14.41,1.22,60.02,0.56,1.49,Nepal_Birganj
2007-11-25,0.0,25.69,14.33,1.05,58.15,0.55,1.33,Nepal_Birganj
2007-11-26,0.0,25.72,14.27,0.96,57.45,0.55,1.34,Nepal_Birganj
2007-11-27,0.0,24.66,13.93,1.07,62.12,0.55,1.17,Nepal_Birganj
2007-11-28,0.0,24.16,13.35,1.33,65.28,0.54,1.08,Nepal_Birganj
2007-11-29,0.0,24.21,13.88,0.84,68.14,0.54,0.83,Nepal_Birganj
2007-11-30,0.0,25.13,14.05,1.13,65.33,0.54,1.09,Nepal_Birganj
2007-12-01,0.0,24.64,13.08,1.32,62.42,0.54,0.98,Nepal_Birganj
2007-12-02,0.0,25.03,13.78,1.04,59.56,0.53,0.96,Nepal_Birganj
2007-12-03,0.0,24.07,12.77,1.56,62.98,0.53,0.84,Nepal_Birganj
2007-12-04,0.0,23.33,12.85,1.51,62.26,0.53,0.77,Nepal_Birganj
2007-12-05,0.0,23.91,12.03,0.93,62.08,0.53,0.83,Nepal_Birganj
2007-12-06,0.0,23.07,12.64,1.37,61.55,0.52,0.57,Nepal_Birganj
2007-12-07,0.0,23.93,12.25,1.22,60.01,0.52,0.72,Nepal_Birganj
2007-12-08,0.0,22.89,10.86,1.37,60.61,0.52,0.7,Nepal_Birganj
2007-12-09,0.0,22.94,10.61,1.24,55.92,0.52,0.67,Nepal_Birganj
2007-12-10,0.0,22.37,11.64,0.94,55.19,0.51,0.57,Nepal_Birganj
2007-12-11,0.04,23.26,11.41,0.88,53.38,0.51,0.53,Nepal_Birganj
2007-12-12,0.01,25.76,13.23,1.14,55.25,0.51,0.71,Nepal_Birganj
2007-12-13,0.0,26.2,13.12,1.54,65.18,0.51,0.72,Nepal_Birganj
2007-12-14,0.0,25.96,13.08,2.04,63.03,0.5,0.72,Nepal_Birganj
2007-12-15,0.0,23.99,10.59,1.76,52.2,0.5,0.62,Nepal_Birganj
2007-12-16,0.0,22.81,9.11,1.45,51.73,0.5,0.55,Nepal_Birganj
2007-12-17,0.0,22.78,9.2,1.67,55.04,0.5,0.52,Nepal_Birganj
2007-12-18,0.0,22.83,9.03,1.17,50.71,0.49,0.5,Nepal_Birganj
2007-12-19,0.0,23.51,8.74,1.63,53.08,0.49,0.5,Nepal_Birganj
2007-12-20,0.0,21.95,8.02,1.68,54.72,0.49,0.43,Nepal_Birganj
2007-12-21,0.0,19.58,8.05,0.81,58.77,0.49,0.34,Nepal_Birganj
2007-12-22,0.0,18.67,6.44,1.79,67.17,0.49,0.24,Nepal_Birganj
2007-12-23,0.0,21.47,9.43,1.23,64.23,0.49,0.33,Nepal_Birganj
2007-12-24,0.0,22.42,9.54,1.23,63.42,0.48,0.36,Nepal_Birganj
2007-12-25,0.0,21.48,9.82,1.01,62.39,0.48,0.34,Nepal_Birganj
2007-12-26,0.0,21.7,9.52,1.2,61.36,0.48,0.31,Nepal_Birganj
2007-12-27,0.0,21.68,10.0,1.35,59.37,0.48,0.31,Nepal_Birganj
2007-12-28,0.0,21.24,9.01,1.02,49.88,0.48,0.32,Nepal_Birganj
2007-12-29,0.0,22.29,7.3,1.07,50.59,0.48,0.32,Nepal_Birganj
2007-12-30,0.0,21.8,7.04,1.16,49.81,0.47,0.33,Nepal_Birganj
2007-12-31,0.0,20.15,7.96,0.92,46.87,0.47,0.28,Nepal_Birganj
2008-01-01,0.0,22.29,6.56,1.06,46.21,0.47,0.31,Nepal_Birganj
2008-01-02,0.0,23.97,8.74,1.1,44.89,0.47,0.33,Nepal_Birganj
2008-01-03,0.0,24.42,9.36,1.38,42.53,0.47,0.35,Nepal_Birganj
2008-01-04,0.0,25.48,9.68,1.89,45.68,0.46,0.36,Nepal_Birganj
2008-01-05,0.0,24.47,9.13,1.47,42.72,0.46,0.34,Nepal_Birganj
2008-01-06,0.0,23.78,11.28,0.99,40.06,0.46,0.29,Nepal_Birganj
2008-01-07,0.0,25.4,11.68,1.57,48.82,0.46,0.33,Nepal_Birganj
2008-01-08,0.0,26.05,12.44,1.15,53.65,0.46,0.34,Nepal_Birganj
2008-01-09,0.0,25.39,13.08,1.71,53.28,0.45,0.27,Nepal_Birganj
2008-01-10,0.0,25.68,12.34,1.49,56.79,0.45,0.29,Nepal_Birganj
2008-01-11,0.0,26.5,13.53,1.82,52.88,0.45,0.32,Nepal_Birganj
2008-01-12,0.0,23.95,11.01,1.93,58.41,0.45,0.28,Nepal_Birganj
2008-01-13,0.0,23.49,9.67,1.18,49.63,0.45,0.25,Nepal_Birganj
2008-01-14,0.0,23.1,11.09,1.29,45.52,0.45,0.24,Nepal_Birganj
2008-01-15,0.0,22.08,7.0,1.31,45.55,0.44,0.21,Nepal_Birganj
2008-01-16,0.0,23.24,9.36,1.28,45.13,0.44,0.21,Nepal_Birganj
2008-01-17,0.0,22.4,9.79,1.02,47.43,0.44,0.17,Nepal_Birganj
2008-01-18,0.03,25.64,12.16,1.0,45.96,0.44,0.2,Nepal_Birganj
2008-01-19,2.52,25.37,14.49,1.49,56.62,0.44,0.24,Nepal_Birganj
2008-01-20,0.0,25.98,14.27,1.49,54.77,0.44,0.25,Nepal_Birganj
2008-01-21,0.01,24.37,10.75,1.91,47.29,0.44,0.24,Nepal_Birganj
2008-01-22,0.32,21.74,10.22,1.24,38.01,0.44,0.14,Nepal_Birganj
2008-01-23,19.45,14.79,10.99,1.36,70.04,0.45,0.02,Nepal_Birganj
2008-01-24,1.48,20.5,9.12,0.93,77.46,0.47,0.24,Nepal_Birganj
2008-01-25,0.0,21.13,9.88,0.92,64.18,0.47,0.29,Nepal_Birganj
2008-01-26,0.0,22.2,10.43,1.14,56.34,0.47,0.35,Nepal_Birganj
2008-01-27,0.38,21.98,10.17,2.09,55.21,0.46,0.32,Nepal_Birganj
2008-01-28,0.0,20.5,6.72,2.07,47.69,0.46,0.26,Nepal_Birganj
2008-01-29,0.07,18.13,8.49,1.03,42.08,0.46,0.2,Nepal_Birganj
2008-01-30,0.49,19.14,8.53,0.79,52.78,0.46,0.21,Nepal_Birganj
2008-01-31,0.0,20.15,8.86,1.54,53.94,0.46,0.24,Nepal_Birganj
2008-02-01,0.0,20.26,7.05,1.38,46.97,0.46,0.23,Nepal_Birganj
2008-02-02,0.0,20.13,7.79,1.2,41.18,0.45,0.24,Nepal_Birganj
2008-02-03,0.0,20.48,7.79,0.93,39.05,0.45,0.23,Nepal_Birganj
2008-02-04,0.0,24.29,9.67,1.12,40.06,0.45,0.31,Nepal_Birganj
2008-02-05,0.0,22.61,12.11,1.09,46.76,0.45,0.17,Nepal_Birganj
2008-02-06,0.02,26.99,12.87,1.18,48.77,0.45,0.34,Nepal_Birganj
2008-02-07,0.2,25.69,13.41,1.51,63.76,0.44,0.24,Nepal_Birganj
2008-02-08,2.04,26.39,13.35,1.21,65.81,0.44,0.29,Nepal_Birganj
2008-02-09,0.21,25.99,13.42,2.63,64.11,0.44,0.3,Nepal_Birganj
2008-02-10,0.0,22.97,8.82,2.27,52.01,0.44,0.26,Nepal_Birganj
2008-02-11,0.0,24.04,8.5,1.86,45.21,0.44,0.27,Nepal_Birganj
2008-02-12,0.0,24.02,8.5,1.79,39.97,0.44,0.25,Nepal_Birganj
2008-02-13,0.0,22.69,7.46,1.69,36.55,0.43,0.23,Nepal_Birganj
2008-02-14,0.0,23.98,8.85,1.2,33.02,0.43,0.23,Nepal_Birganj
2008-02-15,0.0,22.52,9.87,1.51,33.27,0.43,0.19,Nepal_Birganj
2008-02-16,0.0,23.14,6.99,1.76,40.58,0.43,0.16,Nepal_Birganj
2008-02-17,0.0,24.11,9.31,1.71,41.94,0.43,0.18,Nepal_Birganj
2008-02-18,0.0,25.79,11.3,1.46,45.05,0.42,0.2,Nepal_Birganj
2008-02-19,0.0,25.45,12.0,1.36,47.19,0.42,0.17,Nepal_Birganj
2008-02-20,0.0,25.42,11.79,1.58,46.78,0.42,0.18,Nepal_Birganj
2008-02-21,0.0,27.46,12.55,1.73,43.0,0.42,0.22,Nepal_Birganj
2008-02-22,0.0,26.42,12.99,0.98,38.62,0.42,0.21,Nepal_Birganj
2008-02-23,0.0,28.37,12.86,1.24,40.63,0.41,0.24,Nepal_Birganj
2008-02-24,0.0,29.39,15.16,1.09,37.87,0.41,0.23,Nepal_Birganj
2008-02-25,0.0,28.39,15.25,1.92,40.08,0.41,0.19,Nepal_Birganj
2008-02-26,0.0,27.04,12.49,1.38,35.65,0.41,0.18,Nepal_Birganj
2008-02-27,0.0,27.59,13.17,1.42,32.16,0.41,0.16,Nepal_Birganj
2008-02-28,0.0,29.71,13.98,1.27,30.56,0.4,0.17,Nepal_Birganj
2008-02-29,0.0,28.5,14.53,1.4,31.53,0.4,0.15,Nepal_Birganj
2008-03-01,0.0,29.33,14.19,1.34,33.2,0.4,0.15,Nepal_Birganj
2008-03-02,1.3,29.21,14.52,1.37,37.17,0.4,0.15,Nepal_Birganj
2008-03-03,5.14,29.14,15.45,1.28,46.59,0.41,0.18,Nepal_Birganj
2008-03-04,3.18,29.33,14.97,1.58,48.09,0.41,0.19,Nepal_Birganj
2008-03-05,3.81,29.2,14.19,1.36,44.5,0.41,0.22,Nepal_Birganj
2008-03-06,0.0,30.04,15.05,1.77,40.83,0.41,0.21,Nepal_Birganj
2008-03-07,0.0,30.6,15.46,1.28,42.29,0.41,0.23,Nepal_Birganj
2008-03-08,0.0,31.18,16.05,1.58,43.98,0.41,0.22,Nepal_Birganj
2008-03-09,0.0,31.57,15.99,1.57,37.95,0.4,0.19,Nepal_Birganj
2008-03-10,0.0,32.17,16.23,1.53,33.64,0.4,0.18,Nepal_Birganj
2008-03-11,0.0,28.68,15.23,1.53,35.0,0.4,0.11,Nepal_Birganj
2008-03-12,0.0,32.09,17.84,1.34,30.39,0.4,0.15,Nepal_Birganj
2008-03-13,0.04,34.1,19.46,1.87,32.4,0.39,0.16,Nepal_Birganj
2008-03-14,0.09,33.95,18.74,2.86,35.41,0.39,0.16,Nepal_Birganj
2008-03-15,0.0,32.67,17.12,2.07,34.26,0.39,0.15,Nepal_Birganj
2008-03-16,0.0,32.97,17.51,1.69,29.91,0.39,0.14,Nepal_Birganj
2008-03-17,0.02,33.58,16.84,1.61,28.65,0.38,0.13,Nepal_Birganj
2008-03-18,0.07,33.97,17.48,1.94,30.84,0.38,0.12,Nepal_Birganj
2008-03-19,0.51,33.82,17.73,1.8,30.9,0.38,0.12,Nepal_Birganj
2008-03-20,1.28,35.4,20.03,1.35,30.2,0.38,0.13,Nepal_Birganj
2008-03-21,0.0,34.79,19.16,1.93,26.86,0.38,0.12,Nepal_Birganj
2008-03-22,0.0,35.7,18.34,1.56,20.74,0.38,0.11,Nepal_Birganj
2008-03-23,0.0,34.71,17.92,1.67,19.89,0.37,0.09,Nepal_Birganj
2008-03-24,0.0,34.21,18.38,1.68,22.5,0.37,0.08,Nepal_Birganj
2008-03-25,0.02,34.88,18.2,1.75,23.43,0.37,0.07,Nepal_Birganj
2008-03-26,0.09,34.99,20.5,1.93,20.3,0.37,0.07,Nepal_Birganj
2008-03-27,0.0,35.12,18.48,1.91,20.75,0.37,0.06,Nepal_Birganj
2008-03-28,0.0,36.47,20.6,2.24,22.2,0.36,0.06,Nepal_Birganj
2008-03-29,0.0,37.3,21.41,2.02,20.1,0.36,0.05,Nepal_Birganj
2008-03-30,0.0,36.43,20.59,1.62,21.58,0.36,0.04,Nepal_Birganj
2008-03-31,0.0,36.14,20.32,1.53,19.69,0.36,0.04,Nepal_Birganj
2008-04-01,0.0,32.69,20.11,1.6,26.9,0.36,0.03,Nepal_Birganj
2008-04-02,0.2,32.88,19.61,1.3,35.81,0.36,0.03,Nepal_Birganj
2008-04-03,1.12,35.22,19.47,1.79,34.15,0.36,0.03,Nepal_Birganj
2008-04-04,1.88,29.97,19.17,1.47,37.18,0.36,0.02,Nepal_Birganj
2008-04-05,1.23,33.93,18.83,1.94,36.89,0.36,0.03,Nepal_Birganj
2008-04-06,10.55,28.76,20.27,1.8,56.73,0.37,0.02,Nepal_Birganj
2008-04-07,0.0,33.07,18.3,1.94,46.85,0.38,0.07,Nepal_Birganj
2008-04-08,0.0,34.38,18.11,1.87,36.44,0.37,0.06,Nepal_Birganj
2008-04-09,0.0,36.97,20.37,1.79,33.16,0.37,0.06,Nepal_Birganj
2008-04-10,0.0,37.51,20.79,1.78,31.2,0.37,0.05,Nepal_Birganj
2008-04-11,0.0,37.88,21.53,1.61,27.54,0.36,0.04,Nepal_Birganj
2008-04-12,0.0,38.68,23.3,1.74,29.23,0.36,0.03,Nepal_Birganj
2008-04-13,0.37,40.03,23.93,2.13,27.82,0.36,0.03,Nepal_Birganj
2008-04-14,1.34,38.29,22.91,1.78,29.38,0.36,0.03,Nepal_Birganj
2008-04-15,0.0,38.63,23.43,1.22,25.24,0.36,0.03,Nepal_Birganj
2008-04-16,1.08,38.99,23.57,2.2,28.31,0.36,0.03,Nepal_Birganj
2008-04-17,2.41,38.78,23.61,1.55,32.6,0.36,0.04,Nepal_Birganj
2008-04-18,14.24,38.71,22.65,2.09,37.23,0.38,0.13,Nepal_Birganj
2008-04-19,0.0,38.8,21.66,1.8,23.01,0.38,0.1,Nepal_Birganj
2008-04-20,0.0,38.87,23.1,1.61,20.34,0.37,0.08,Nepal_Birganj
2008-04-21,0.0,39.04,21.72,1.41,20.98,0.37,0.07,Nepal_Birganj
2008-04-22,0.0,38.54,21.36,1.6,22.73,0.37,0.04,Nepal_Birganj
2008-04-23,0.0,39.12,22.61,2.0,24.99,0.36,0.03,Nepal_Birganj
2008-04-24,0.0,39.95,23.78,1.84,24.75,0.36,0.03,Nepal_Birganj
2008-04-25,0.0,40.77,22.73,1.8,23.34,0.36,0.03,Nepal_Birganj
2008-04-26,0.0,40.5,23.47,2.09,22.18,0.36,0.02,Nepal_Birganj
2008-04-27,0.0,41.57,25.29,1.62,19.76,0.35,0.02,Nepal_Birganj
2008-04-28,0.06,40.84,23.49,1.78,18.6,0.35,0.01,Nepal_Birganj
2008-04-29,0.14,40.41,22.92,1.79,22.15,0.35,0.01,Nepal_Birganj
2008-04-30,0.0,40.41,25.03,2.22,26.04,0.35,0.01,Nepal_Birganj
2008-05-01,0.0,40.45,24.56,1.93,29.6,0.35,0.01,Nepal_Birganj
2008-05-02,0.49,39.45,24.51,2.41,32.2,0.35,0.01,Nepal_Birganj
2008-05-03,0.48,39.82,25.31,1.97,29.29,0.35,0.01,Nepal_Birganj
2008-05-04,0.08,38.22,28.0,3.54,33.63,0.35,0.0,Nepal_Birganj
2008-05-05,2.4,38.75,26.49,2.57,39.14,0.35,0.0,Nepal_Birganj
2008-05-06,1.51,38.5,25.7,2.03,40.54,0.35,0.01,Nepal_Birganj
2008-05-07,0.0,39.35,25.78,1.92,35.12,0.35,0.0,Nepal_Birganj
2008-05-08,0.02,39.7,25.32,1.42,27.68,0.35,0.0,Nepal_Birganj
2008-05-09,0.0,39.74,25.93,1.36,26.22,0.35,0.0,Nepal_Birganj
2008-05-10,0.0,40.16,26.23,2.72,29.22,0.35,0.0,Nepal_Birganj
2008-05-11,0.12,40.06,26.98,1.91,32.33,0.35,0.0,Nepal_Birganj
2008-05-12,1.06,40.09,26.69,1.84,32.06,0.35,0.0,Nepal_Birganj
2008-05-13,0.84,39.9,27.35,1.71,33.27,0.35,0.0,Nepal_Birganj
2008-05-14,0.87,39.83,26.87,1.43,30.1,0.35,0.0,Nepal_Birganj
2008-05-15,4.65,39.0,26.83,1.33,34.84,0.35,0.0,Nepal_Birganj
2008-05-16,3.26,39.35,26.32,1.56,38.77,0.35,0.0,Nepal_Birganj
2008-05-17,12.56,40.04,27.08,1.81,44.25,0.37,0.02,Nepal_Birganj
2008-05-18,1.17,39.35,25.2,1.3,40.03,0.38,0.08,Nepal_Birganj
2008-05-19,5.52,37.26,27.68,1.91,41.12,0.38,0.06,Nepal_Birganj
2008-05-20,14.02,36.79,26.36,1.27,46.84,0.39,0.14,Nepal_Birganj
2008-05-21,13.39,35.29,25.86,1.09,53.34,0.41,0.22,Nepal_Birganj
2008-05-22,0.88,35.84,25.28,1.21,48.15,0.41,0.31,Nepal_Birganj
2008-05-23,24.86,32.8,26.26,1.37,59.66,0.43,0.24,Nepal_Birganj
2008-05-24,7.67,34.34,25.69,1.67,59.74,0.45,0.61,Nepal_Birganj
2008-05-25,29.74,32.14,25.55,1.58,62.87,0.48,0.68,Nepal_Birganj
2008-05-26,0.63,36.28,24.51,0.87,55.14,0.49,1.38,Nepal_Birganj
2008-05-27,0.07,39.01,25.95,1.57,47.17,0.48,1.25,Nepal_Birganj
2008-05-28,0.08,38.26,24.65,1.39,38.46,0.47,1.11,Nepal_Birganj
2008-05-29,0.0,39.92,25.26,1.51,37.82,0.46,1.05,Nepal_Birganj
2008-05-30,0.0,40.61,25.99,1.68,36.29,0.46,0.96,Nepal_Birganj
2008-05-31,0.0,38.62,26.25,1.73,40.36,0.45,0.8,Nepal_Birganj
2008-06-01,0.0,38.63,26.35,1.61,42.74,0.45,0.73,Nepal_Birganj
2008-06-02,0.0,38.45,26.99,2.23,46.32,0.44,0.62,Nepal_Birganj
2008-06-03,0.18,36.99,27.03,3.17,54.06,0.44,0.49,Nepal_Birganj
2008-06-04,14.24,34.0,26.77,2.48,62.35,0.44,0.48,Nepal_Birganj
2008-06-05,9.99,34.77,26.02,1.05,60.63,0.46,0.84,Nepal_Birganj
2008-06-06,6.07,34.35,26.03,1.6,60.98,0.46,0.69,Nepal_Birganj
2008-06-07,1.91,36.04,26.32,1.35,58.55,0.46,0.86,Nepal_Birganj
2008-06-08,2.57,34.79,26.33,2.43,62.76,0.46,0.7,Nepal_Birganj
2008-06-09,14.1,33.38,26.5,2.88,66.05,0.47,0.69,Nepal_Birganj
2008-06-10,4.81,35.29,25.76,3.35,64.35,0.48,0.88,Nepal_Birganj
2008-06-11,1.3,36.22,26.23,3.52,61.95,0.48,1.08,Nepal_Birganj
2008-06-12,13.42,35.97,27.04,2.37,67.65,0.48,0.98,Nepal_Birganj
2008-06-13,29.27,33.23,27.34,1.3,71.72,0.52,0.79,Nepal_Birganj
2008-06-14,72.65,31.67,26.02,1.93,82.36,0.59,1.51,Nepal_Birganj
2008-06-15,36.66,31.32,24.92,3.25,80.82,0.67,2.98,Nepal_Birganj
2008-06-16,0.73,33.05,25.51,1.02,72.52,0.66,2.26,Nepal_Birganj
2008-06-17,19.01,32.58,25.96,1.5,80.79,0.67,2.63,Nepal_Birganj
2008-06-18,13.8,33.35,26.29,1.44,79.02,0.67,3.21,Nepal_Birganj
2008-06-19,9.9,32.24,25.7,3.26,82.43,0.68,2.52,Nepal_Birganj
2008-06-20,16.68,30.77,25.33,3.68,85.15,0.68,2.58,Nepal_Birganj
2008-06-21,7.76,31.43,24.41,2.8,82.77,0.69,3.59,Nepal_Birganj
2008-06-22,13.25,31.82,24.37,2.07,83.34,0.69,3.37,Nepal_Birganj
2008-06-23,19.76,32.79,25.53,1.23,80.29,0.71,3.46,Nepal_Birganj
2008-06-24,11.27,32.9,25.47,1.56,81.42,0.71,3.98,Nepal_Birganj
2008-06-25,0.24,33.06,26.01,1.4,81.07,0.7,4.28,Nepal_Birganj
2008-06-26,0.53,30.21,26.54,0.83,85.04,0.69,1.53,Nepal_Birganj
2008-06-27,15.45,29.3,25.68,2.24,85.3,0.7,1.99,Nepal_Birganj
2008-06-28,31.47,30.36,25.4,1.67,85.37,0.73,1.24,Nepal_Birganj
2008-06-29,54.01,29.91,25.29,2.46,88.13,0.77,1.07,Nepal_Birganj
2008-06-30,20.66,29.45,25.14,3.13,91.57,0.81,0.74,Nepal_Birganj
2008-07-01,32.66,29.66,25.51,2.66,88.77,0.83,1.24,Nepal_Birganj
2008-07-02,18.82,30.18,25.05,2.15,85.69,0.84,2.35,Nepal_Birganj
2008-07-03,17.55,32.29,25.0,1.57,82.89,0.86,2.93,Nepal_Birganj
2008-07-04,6.16,29.98,25.49,2.52,89.52,0.85,1.86,Nepal_Birganj
2008-07-05,9.24,30.32,25.14,1.92,88.59,0.85,1.64,Nepal_Birganj
2008-07-06,6.14,31.69,25.66,1.89,86.09,0.85,2.91,Nepal_Birganj
2008-07-07,5.98,32.24,25.31,1.22,80.28,0.84,3.52,Nepal_Birganj
2008-07-08,7.51,33.39,26.12,1.28,81.0,0.84,3.47,Nepal_Birganj
2008-07-09,0.4,31.99,25.84,2.72,82.36,0.83,3.97,Nepal_Birganj
2008-07-10,4.61,31.07,25.59,3.07,86.05,0.82,2.99,Nepal_Birganj
2008-07-11,9.26,30.67,25.31,2.13,89.11,0.82,2.27,Nepal_Birganj
2008-07-12,69.38,30.04,25.43,1.39,88.69,0.86,1.04,Nepal_Birganj
2008-07-13,51.07,29.36,25.43,2.26,92.32,0.9,0.59,Nepal_Birganj
2008-07-14,31.5,30.18,25.21,2.07,88.25,0.91,1.87,Nepal_Birganj
2008-07-15,53.04,29.02,25.1,1.75,90.23,0.94,1.06,Nepal_Birganj
2008-07-16,21.56,31.65,24.4,2.03,88.82,0.95,1.83,Nepal_Birganj
2008-07-17,7.24,31.93,25.99,0.95,86.38,0.94,2.42,Nepal_Birganj
2008-07-18,18.35,31.9,26.22,0.83,84.89,0.93,2.04,Nepal_Birganj
2008-07-19,17.96,31.39,26.04,1.53,87.4,0.94,1.89,Nepal_Birganj
2008-07-20,16.93,28.06,26.08,1.16,92.44,0.94,0.47,Nepal_Birganj
2008-07-21,14.16,30.53,25.61,1.06,87.33,0.94,1.46,Nepal_Birganj
2008-07-22,12.68,30.28,24.93,1.7,89.69,0.94,1.79,Nepal_Birganj
2008-07-23,18.75,28.87,25.37,2.82,92.01,0.95,0.99,Nepal_Birganj
2008-07-24,3.74,30.2,24.76,2.74,89.74,0.94,1.43,Nepal_Birganj
2008-07-25,1.05,30.65,24.91,2.36,90.22,0.94,2.07,Nepal_Birganj
2008-07-26,3.76,30.54,24.8,2.47,86.78,0.93,2.17,Nepal_Birganj
2008-07-27,8.54,32.61,25.34,1.49,83.25,0.92,3.1,Nepal_Birganj
2008-07-28,1.91,33.06,26.62,1.84,85.54,0.92,2.89,Nepal_Birganj
2008-07-29,2.61,31.57,26.1,2.67,88.01,0.91,2.77,Nepal_Birganj
2008-07-30,6.66,31.76,25.55,2.21,85.36,0.9,3.32,Nepal_Birganj
2008-07-31,6.62,31.77,25.88,1.85,85.86,0.9,2.93,Nepal_Birganj
2008-08-01,3.83,30.6,25.67,2.65,88.11,0.9,2.66,Nepal_Birganj
2008-08-02,1.71,29.87,25.46,1.83,90.02,0.89,1.77,Nepal_Birganj
2008-08-03,7.97,31.5,25.03,1.72,85.29,0.89,3.74,Nepal_Birganj
2008-08-04,15.35,30.32,24.96,1.99,89.63,0.89,2.14,Nepal_Birganj
2008-08-05,1.17,31.06,24.7,1.94,87.59,0.89,3.54,Nepal_Birganj
2008-08-06,18.48,31.63,25.08,1.93,86.91,0.88,3.66,Nepal_Birganj
2008-08-07,43.4,30.73,25.05,1.67,87.43,0.91,2.46,Nepal_Birganj
2008-08-08,6.8,32.37,25.24,1.35,82.01,0.91,4.0,Nepal_Birganj
2008-08-09,11.73,33.93,26.69,1.1,81.37,0.9,4.21,Nepal_Birganj
2008-08-10,11.85,31.23,25.53,2.91,88.93,0.9,2.42,Nepal_Birganj
2008-08-11,11.14,31.2,24.83,3.92,87.05,0.9,3.39,Nepal_Birganj
2008-08-12,18.41,28.5,24.87,2.43,92.0,0.91,1.25,Nepal_Birganj
2008-08-13,16.54,29.63,24.63,2.64,90.1,0.91,2.42,Nepal_Birganj
2008-08-14,19.58,30.24,24.61,1.35,86.27,0.91,2.96,Nepal_Birganj
2008-08-15,11.22,29.66,24.52,2.13,90.81,0.92,2.14,Nepal_Birganj
2008-08-16,17.08,29.07,24.39,3.1,91.22,0.92,1.66,Nepal_Birganj
2008-08-17,9.44,30.93,24.86,2.45,87.94,0.92,3.43,Nepal_Birganj
2008-08-18,42.67,31.23,24.91,1.78,89.02,0.93,3.03,Nepal_Birganj
2008-08-19,30.69,29.18,25.17,2.26,91.12,0.95,1.58,Nepal_Birganj
2008-08-20,8.13,30.98,24.96,1.77,88.9,0.94,3.18,Nepal_Birganj
2008-08-21,21.02,30.95,24.96,1.29,88.27,0.94,3.02,Nepal_Birganj
2008-08-22,2.52,30.51,24.93,1.7,88.32,0.94,3.58,Nepal_Birganj
2008-08-23,0.51,31.35,24.37,1.17,84.5,0.93,4.07,Nepal_Birganj
2008-08-24,7.27,29.59,25.38,1.25,86.09,0.92,3.08,Nepal_Birganj
2008-08-25,2.75,31.25,24.27,1.55,88.31,0.92,3.6,Nepal_Birganj
2008-08-26,7.51,30.4,25.98,0.74,87.25,0.91,2.26,Nepal_Birganj
2008-08-27,8.73,31.31,24.57,0.91,86.82,0.91,3.5,Nepal_Birganj
2008-08-28,19.09,29.05,25.36,1.51,92.75,0.92,1.35,Nepal_Birganj
2008-08-29,9.81,31.36,24.56,1.04,88.03,0.92,3.99,Nepal_Birganj
2008-08-30,5.78,30.85,25.11,1.62,89.32,0.92,3.49,Nepal_Birganj
2008-08-31,1.29,31.42,25.18,0.93,85.37,0.91,4.19,Nepal_Birganj
2008-09-01,0.01,30.86,24.89,1.35,87.0,0.9,4.18,Nepal_Birganj
2008-09-02,0.2,30.78,24.11,1.42,88.6,0.89,4.39,Nepal_Birganj
2008-09-03,6.51,31.19,24.09,1.05,85.07,0.89,4.75,Nepal_Birganj
2008-09-04,9.64,31.5,24.47,0.7,81.45,0.89,5.12,Nepal_Birganj
2008-09-05,4.55,30.56,24.6,1.03,82.57,0.88,4.83,Nepal_Birganj
2008-09-06,2.62,27.59,23.66,1.77,89.87,0.88,1.49,Nepal_Birganj
2008-09-07,0.34,29.67,23.45,1.79,85.81,0.87,4.41,Nepal_Birganj
2008-09-08,2.67,30.78,23.49,1.18,83.29,0.87,5.11,Nepal_Birganj
2008-09-09,0.18,30.35,24.13,1.18,87.79,0.86,3.55,Nepal_Birganj
2008-09-10,1.14,28.86,24.45,1.31,91.74,0.86,1.79,Nepal_Birganj
2008-09-11,19.97,30.53,24.48,1.5,88.57,0.86,3.49,Nepal_Birganj
2008-09-12,38.48,30.18,24.49,1.13,87.41,0.88,2.78,Nepal_Birganj
2008-09-13,23.04,30.17,24.6,1.01,84.49,0.91,2.87,Nepal_Birganj
2008-09-14,6.97,30.53,24.0,1.24,86.3,0.9,3.28,Nepal_Birganj
2008-09-15,5.1,30.68,24.33,1.16,82.62,0.9,2.5,Nepal_Birganj
2008-09-16,2.12,32.07,25.51,1.29,79.84,0.89,3.83,Nepal_Birganj
2008-09-17,0.42,29.87,24.32,2.16,86.3,0.89,3.35,Nepal_Birganj
2008-09-18,1.83,28.24,23.4,3.38,88.68,0.88,2.19,Nepal_Birganj
2008-09-19,2.36,26.81,23.63,2.79,91.85,0.88,0.95,Nepal_Birganj
2008-09-20,4.37,29.7,23.23,1.16,84.12,0.88,3.04,Nepal_Birganj
2008-09-21,8.75,30.95,24.52,0.79,83.16,0.88,4.3,Nepal_Birganj
2008-09-22,6.47,28.1,24.21,1.19,91.34,0.88,1.29,Nepal_Birganj
2008-09-23,2.0,28.93,23.2,0.89,82.54,0.88,3.4,Nepal_Birganj
2008-09-24,24.4,30.32,23.0,0.61,81.64,0.88,4.93,Nepal_Birganj
2008-09-25,11.49,29.97,23.3,1.18,85.76,0.89,4.2,Nepal_Birganj
2008-09-26,0.04,30.42,22.34,1.8,88.92,0.88,4.62,Nepal_Birganj
2008-09-27,0.04,29.69,21.45,1.26,88.18,0.87,4.86,Nepal_Birganj
2008-09-28,26.98,28.95,21.88,1.55,90.07,0.88,2.67,Nepal_Birganj
2008-09-29,26.46,29.08,22.94,0.87,83.03,0.9,2.84,Nepal_Birganj
2008-09-30,1.32,29.68,22.85,1.32,86.01,0.9,3.8,Nepal_Birganj
2008-10-01,0.0,30.42,21.77,0.88,83.34,0.89,5.57,Nepal_Birganj
2008-10-02,0.0,30.76,22.24,0.85,81.55,0.88,5.43,Nepal_Birganj
2008-10-03,0.03,30.47,22.14,0.85,80.53,0.87,5.38,Nepal_Birganj
2008-10-04,0.87,30.24,22.52,0.85,81.03,0.86,4.82,Nepal_Birganj
2008-10-05,0.57,31.18,23.22,0.63,78.07,0.86,5.17,Nepal_Birganj
2008-10-06,9.01,30.74,23.36,0.66,80.39,0.86,4.22,Nepal_Birganj
2008-10-07,3.38,29.93,23.21,0.74,80.4,0.86,4.77,Nepal_Birganj
2008-10-08,0.87,28.92,21.5,0.86,83.27,0.85,4.54,Nepal_Birganj
2008-10-09,3.2,29.59,22.04,0.83,83.78,0.84,3.87,Nepal_Birganj
2008-10-10,0.19,29.69,21.15,0.81,80.51,0.84,4.74,Nepal_Birganj
2008-10-11,1.87,29.5,21.6,0.81,80.32,0.83,4.52,Nepal_Birganj
2008-10-12,1.92,29.52,21.8,0.81,79.72,0.82,4.58,Nepal_Birganj
2008-10-13,0.04,30.37,22.12,0.71,76.2,0.82,5.27,Nepal_Birganj
2008-10-14,0.0,29.62,21.54,0.98,79.02,0.81,4.96,Nepal_Birganj
2008-10-15,0.03,29.18,21.54,0.83,80.96,0.8,4.83,Nepal_Birganj
2008-10-16,0.0,29.73,21.6,0.89,82.16,0.79,5.28,Nepal_Birganj
2008-10-17,0.0,28.61,20.5,1.07,82.4,0.78,3.82,Nepal_Birganj
2008-10-18,0.0,29.64,20.3,0.85,79.71,0.78,4.79,Nepal_Birganj
2008-10-19,0.0,29.11,20.7,1.12,80.05,0.77,5.1,Nepal_Birganj
2008-10-20,0.0,28.31,19.58,1.1,78.59,0.76,4.76,Nepal_Birganj
2008-10-21,0.0,28.38,19.3,1.14,77.64,0.75,4.71,Nepal_Birganj
2008-10-22,0.0,28.91,19.18,1.04,78.21,0.74,4.74,Nepal_Birganj
2008-10-23,0.0,28.73,19.06,0.97,73.01,0.73,4.89,Nepal_Birganj
2008-10-24,0.0,28.69,19.36,0.95,71.96,0.73,5.06,Nepal_Birganj
2008-10-25,0.0,28.46,18.6,0.93,72.88,0.72,5.08,Nepal_Birganj
2008-10-26,0.0,26.33,18.24,1.48,79.64,0.71,3.74,Nepal_Birganj
2008-10-27,0.0,25.71,15.67,1.18,83.91,0.71,3.71,Nepal_Birganj
2008-10-28,0.0,26.83,17.72,0.82,82.86,0.7,3.48,Nepal_Birganj
2008-10-29,0.0,27.31,18.13,0.99,81.01,0.69,3.91,Nepal_Birganj
2008-10-30,0.0,27.71,18.99,1.02,81.9,0.69,4.2,Nepal_Birganj
2008-10-31,0.0,27.17,19.05,0.97,82.3,0.68,3.49,Nepal_Birganj
2008-11-01,0.0,27.86,17.59,1.0,81.36,0.67,3.6,Nepal_Birganj
2008-11-02,0.0,27.97,18.85,0.86,76.0,0.67,3.79,Nepal_Birganj
2008-11-03,0.0,28.1,18.19,1.06,78.55,0.66,3.4,Nepal_Birganj
2008-11-04,0.01,27.74,19.42,0.82,75.52,0.66,3.2,Nepal_Birganj
2008-11-05,0.0,27.13,18.01,1.07,74.78,0.65,3.04,Nepal_Birganj
2008-11-06,0.0,27.46,17.55,0.89,72.92,0.65,2.99,Nepal_Birganj
2008-11-07,0.0,27.64,17.8,0.94,70.58,0.64,3.16,Nepal_Birganj
2008-11-08,0.0,27.77,17.22,1.0,73.28,0.64,3.0,Nepal_Birganj
2008-11-09,0.0,28.96,16.75,0.75,71.18,0.63,2.98,Nepal_Birganj
2008-11-10,0.0,28.62,17.35,0.85,70.75,0.62,2.94,Nepal_Birganj
2008-11-11,0.0,27.64,17.31,1.0,73.84,0.62,2.6,Nepal_Birganj
2008-11-12,0.0,27.22,17.18,0.87,74.59,0.61,2.35,Nepal_Birganj
2008-11-13,0.0,26.24,17.34,0.92,72.35,0.61,2.07,Nepal_Birganj
2008-11-14,0.0,26.16,16.4,0.99,70.89,0.61,2.15,Nepal_Birganj
2008-11-15,0.0,25.94,14.71,0.78,71.52,0.6,2.06,Nepal_Birganj
2008-11-16,0.0,25.47,15.37,1.43,77.43,0.6,1.69,Nepal_Birganj
2008-11-17,0.0,25.31,14.04,1.54,77.22,0.59,1.76,Nepal_Birganj
2008-11-18,0.0,24.96,14.05,0.89,73.08,0.59,1.52,Nepal_Birganj
2008-11-19,0.0,25.14,13.73,0.92,74.64,0.59,1.27,Nepal_Birganj
2008-11-20,0.0,26.34,15.2,1.18,70.35,0.58,1.83,Nepal_Birganj
2008-11-21,0.0,26.48,15.79,1.79,74.69,0.58,1.68,Nepal_Birganj
2008-11-22,0.0,24.5,12.26,1.33,74.93,0.57,1.49,Nepal_Birganj
2008-11-23,0.0,25.23,12.46,1.07,67.59,0.57,1.48,Nepal_Birganj
2008-11-24,0.0,24.44,12.72,0.94,70.15,0.57,1.24,Nepal_Birganj
2008-11-25,0.0,25.3,13.19,1.08,70.66,0.56,1.28,Nepal_Birganj
2008-11-26,0.0,27.15,14.19,0.97,68.27,0.56,1.51,Nepal_Birganj
2008-11-27,0.0,26.63,15.03,1.1,66.76,0.56,1.43,Nepal_Birganj
2008-11-28,0.0,26.22,15.58,1.15,66.76,0.55,1.25,Nepal_Birganj
2008-11-29,0.0,25.69,15.05,0.95,70.0,0.55,1.08,Nepal_Birganj
2008-11-30,0.0,26.85,14.92,1.05,69.59,0.55,1.16,Nepal_Birganj
2008-12-01,0.0,25.99,16.46,1.04,71.22,0.54,0.74,Nepal_Birganj
2008-12-02,0.0,26.23,16.01,1.14,73.41,0.54,1.14,Nepal_Birganj
2008-12-03,0.0,25.22,15.01,1.38,74.73,0.54,1.0,Nepal_Birganj
2008-12-04,0.0,24.59,13.94,0.76,72.85,0.54,0.89,Nepal_Birganj
2008-12-05,0.0,25.85,13.93,1.35,71.46,0.53,0.87,Nepal_Birganj
2008-12-06,0.0,26.44,15.26,1.29,71.97,0.53,0.95,Nepal_Birganj
2008-12-07,0.0,26.57,14.67,0.97,70.18,0.53,0.91,Nepal_Birganj
2008-12-08,0.0,25.47,15.51,1.27,67.63,0.53,0.7,Nepal_Birganj
2008-12-09,0.0,26.3,16.18,1.23,71.13,0.52,0.89,Nepal_Birganj
2008-12-10,0.0,25.58,14.85,1.26,72.59,0.52,0.77,Nepal_Birganj
2008-12-11,0.0,25.96,15.35,1.01,68.49,0.52,0.72,Nepal_Birganj
2008-12-12,0.0,26.45,15.55,1.19,63.07,0.52,0.8,Nepal_Birganj
2008-12-13,0.0,26.15,14.02,1.41,59.68,0.51,0.76,Nepal_Birganj
2008-12-14,0.0,25.1,13.44,1.15,58.66,0.51,0.7,Nepal_Birganj
2008-12-15,0.0,24.0,12.18,1.1,58.8,0.51,0.69,Nepal_Birganj
2008-12-16,0.0,23.91,12.11,0.95,56.69,0.51,0.61,Nepal_Birganj
2008-12-17,0.0,24.12,11.46,1.16,60.1,0.5,0.54,Nepal_Birganj
2008-12-18,0.0,22.66,10.6,0.99,69.11,0.5,0.37,Nepal_Birganj
2008-12-19,0.0,23.49,11.74,0.76,66.94,0.5,0.45,Nepal_Birganj
2008-12-20,0.0,22.86,13.44,0.69,64.62,0.5,0.31,Nepal_Birganj
2008-12-21,0.0,23.62,12.31,1.38,73.16,0.5,0.45,Nepal_Birganj
2008-12-22,0.0,22.68,13.39,0.76,75.58,0.5,0.41,Nepal_Birganj
2008-12-23,0.0,23.56,12.21,1.03,71.86,0.49,0.52,Nepal_Birganj
2008-12-24,0.0,22.49,10.82,0.99,60.91,0.49,0.45,Nepal_Birganj
2008-12-25,0.0,23.05,11.92,1.03,64.59,0.49,0.45,Nepal_Birganj
2008-12-26,0.0,22.39,11.37,1.12,68.67,0.49,0.39,Nepal_Birganj
2008-12-27,0.21,22.81,11.39,1.28,68.75,0.49,0.43,Nepal_Birganj
2008-12-28,0.61,22.7,11.96,1.08,63.97,0.49,0.42,Nepal_Birganj
2008-12-29,0.0,22.23,11.34,1.13,60.8,0.48,0.37,Nepal_Birganj
2008-12-30,0.0,22.85,11.39,1.02,59.34,0.48,0.4,Nepal_Birganj
2008-12-31,0.0,23.23,11.86,0.96,58.84,0.48,0.37,Nepal_Birganj
2009-01-01,0.0,23.35,11.28,1.26,57.63,0.48,0.39,Nepal_Birganj
2009-01-02,0.0,22.61,10.34,1.49,54.88,0.48,0.37,Nepal_Birganj
2009-01-03,0.0,21.69,10.1,1.02,51.15,0.47,0.36,Nepal_Birganj
2009-01-04,0.0,22.61,9.43,1.03,51.7,0.47,0.36,Nepal_Birganj
2009-01-05,0.0,23.11,9.87,1.08,51.5,0.47,0.37,Nepal_Birganj
2009-01-06,0.05,24.05,11.84,0.98,46.0,0.47,0.37,Nepal_Birganj
2009-01-07,0.14,24.05,12.37,1.27,48.24,0.47,0.33,Nepal_Birganj
2009-01-08,0.07,24.55,12.9,1.14,53.11,0.47,0.35,Nepal_Birganj
2009-01-09,0.03,25.52,13.79,1.49,54.72,0.46,0.34,Nepal_Birganj
2009-01-10,0.0,24.92,13.07,1.65,55.7,0.46,0.36,Nepal_Birganj
2009-01-11,0.0,23.65,12.13,1.43,67.61,0.46,0.32,Nepal_Birganj
2009-01-12,0.0,23.01,11.08,1.11,58.74,0.46,0.32,Nepal_Birganj
2009-01-13,0.0,23.15,10.45,1.04,52.9,0.46,0.3,Nepal_Birganj
2009-01-14,0.0,24.09,10.19,1.18,49.82,0.46,0.3,Nepal_Birganj
2009-01-15,0.0,24.61,10.52,1.1,50.2,0.45,0.3,Nepal_Birganj
2009-01-16,0.0,24.47,13.38,0.91,47.72,0.45,0.3,Nepal_Birganj
2009-01-17,0.0,24.62,11.57,1.05,53.19,0.45,0.28,Nepal_Birganj
2009-01-18,0.0,25.91,11.92,1.41,54.92,0.45,0.3,Nepal_Birganj
2009-01-19,0.0,26.17,12.48,1.36,57.5,0.45,0.3,Nepal_Birganj
2009-01-20,0.0,25.25,11.18,1.39,60.54,0.44,0.29,Nepal_Birganj
2009-01-21,0.0,23.4,9.28,0.96,63.88,0.44,0.24,Nepal_Birganj
2009-01-22,0.0,23.5,11.05,1.17,55.85,0.44,0.19,Nepal_Birganj
2009-01-23,0.0,25.1,10.67,1.01,50.22,0.44,0.24,Nepal_Birganj
2009-01-24,0.0,23.0,10.8,1.59,53.39,0.44,0.14,Nepal_Birganj
2009-01-25,0.0,22.43,13.26,1.04,55.39,0.44,0.1,Nepal_Birganj
2009-01-26,0.0,26.23,12.73,1.65,56.62,0.44,0.23,Nepal_Birganj
2009-01-27,0.0,27.32,13.5,1.31,54.6,0.43,0.26,Nepal_Birganj
2009-01-28,0.0,25.43,11.92,1.81,51.83,0.43,0.25,Nepal_Birganj
2009-01-29,0.0,26.51,11.21,1.12,49.24,0.43,0.26,Nepal_Birganj
2009-01-30,0.0,25.97,11.25,1.44,52.08,0.43,0.22,Nepal_Birganj
2009-01-31,0.0,26.02,10.94,1.76,48.96,0.43,0.23,Nepal_Birganj
2009-02-01,0.0,24.81,9.93,1.36,48.89,0.42,0.21,Nepal_Birganj
2009-02-02,0.0,24.68,11.19,1.23,47.39,0.42,0.2,Nepal_Birganj
2009-02-03,0.0,25.07,12.11,1.12,48.01,0.42,0.18,Nepal_Birganj
2009-02-04,0.0,25.44,12.07,1.18,45.66,0.42,0.18,Nepal_Birganj
2009-02-05,0.0,28.06,12.63,1.49,39.84,0.42,0.21,Nepal_Birganj
2009-02-06,0.0,28.87,14.33,1.56,35.56,0.42,0.24,Nepal_Birganj
2009-02-07,0.0,28.5,14.87,1.55,35.64,0.41,0.22,Nepal_Birganj
2009-02-08,0.0,27.33,14.2,1.54,40.29,0.41,0.18,Nepal_Birganj
2009-02-09,0.0,27.75,13.23,1.35,43.4,0.41,0.18,Nepal_Birganj
2009-02-10,0.0,28.27,13.85,1.11,38.6,0.41,0.18,Nepal_Birganj
2009-02-11,0.55,29.38,14.47,1.42,39.94,0.4,0.17,Nepal_Birganj
2009-02-12,0.03,26.89,13.89,2.1,49.6,0.4,0.17,Nepal_Birganj
2009-02-13,0.0,27.6,11.36,1.6,51.95,0.4,0.16,Nepal_Birganj
2009-02-14,0.0,29.04,13.99,1.56,43.28,0.4,0.17,Nepal_Birganj
2009-02-15,0.0,30.06,13.54,1.78,39.64,0.4,0.17,Nepal_Birganj
2009-02-16,0.0,29.78,13.52,1.69,35.97,0.4,0.17,Nepal_Birganj
2009-02-17,0.0,29.24,12.69,1.67,33.99,0.39,0.15,Nepal_Birganj
2009-02-18,0.0,29.76,13.37,1.55,35.1,0.39,0.14,Nepal_Birganj
2009-02-19,0.0,29.44,12.26,1.59,36.08,0.39,0.13,Nepal_Birganj
2009-02-20,0.0,30.1,15.32,1.29,30.93,0.39,0.13,Nepal_Birganj
2009-02-21,0.0,31.53,12.93,2.75,32.82,0.39,0.13,Nepal_Birganj
2009-02-22,0.0,30.51,11.05,2.21,35.78,0.39,0.12,Nepal_Birganj
2009-02-23,0.0,30.53,16.05,1.3,32.91,0.38,0.11,Nepal_Birganj
2009-02-24,0.0,30.56,14.18,1.6,32.85,0.38,0.1,Nepal_Birganj
2009-02-25,0.0,32.15,16.71,2.7,34.39,0.38,0.1,Nepal_Birganj
2009-02-26,0.0,30.23,14.34,2.1,37.36,0.38,0.09,Nepal_Birganj
2009-02-27,0.0,31.29,14.61,2.54,27.92,0.38,0.09,Nepal_Birganj
2009-02-28,0.0,28.81,12.99,2.24,25.03,0.38,0.08,Nepal_Birganj
2009-03-01,0.0,29.19,11.43,1.36,24.44,0.37,0.07,Nepal_Birganj
2009-03-02,0.0,30.13,13.54,1.7,20.87,0.37,0.07,Nepal_Birganj
2009-03-03,0.0,30.18,13.92,1.59,25.76,0.37,0.06,Nepal_Birganj
2009-03-04,0.0,32.04,16.43,1.8,30.72,0.37,0.06,Nepal_Birganj
2009-03-05,0.0,33.75,17.93,2.29,29.14,0.37,0.06,Nepal_Birganj
2009-03-06,0.0,32.89,17.53,1.7,28.21,0.37,0.06,Nepal_Birganj
2009-03-07,0.0,34.06,17.54,1.68,21.96,0.37,0.06,Nepal_Birganj
2009-03-08,0.0,34.86,18.58,2.09,20.04,0.36,0.06,Nepal_Birganj
2009-03-09,0.0,35.35,18.39,1.93,20.57,0.36,0.05,Nepal_Birganj
2009-03-10,0.0,34.79,19.32,2.24,20.74,0.36,0.05,Nepal_Birganj
2009-03-11,0.0,32.38,15.88,2.71,19.13,0.36,0.04,Nepal_Birganj
2009-03-12,0.0,34.0,15.4,2.39,19.88,0.36,0.03,Nepal_Birganj
2009-03-13,0.0,32.96,16.7,1.4,15.84,0.36,0.03,Nepal_Birganj
2009-03-14,0.0,33.82,16.85,1.49,16.95,0.36,0.03,Nepal_Birganj
2009-03-15,0.0,34.14,20.77,1.22,15.16,0.36,0.03,Nepal_Birganj
2009-03-16,0.0,34.66,18.64,1.4,16.68,0.35,0.03,Nepal_Birganj
2009-03-17,0.0,35.31,18.34,1.65,19.97,0.35,0.03,Nepal_Birganj
2009-03-18,0.0,35.43,20.23,1.47,21.85,0.35,0.03,Nepal_Birganj
2009-03-19,0.0,35.63,19.93,1.25,20.24,0.35,0.02,Nepal_Birganj
2009-03-20,0.04,35.84,18.91,1.62,19.7,0.35,0.02,Nepal_Birganj
2009-03-21,0.78,35.71,20.07,1.71,24.66,0.35,0.02,Nepal_Birganj
2009-03-22,1.87,34.88,20.39,1.73,31.86,0.36,0.03,Nepal_Birganj
2009-03-23,0.02,34.83,20.28,1.74,29.12,0.35,0.03,Nepal_Birganj
2009-03-24,0.12,35.45,20.49,1.42,24.93,0.35,0.03,Nepal_Birganj
2009-03-25,0.1,35.86,19.94,1.66,23.03,0.35,0.02,Nepal_Birganj
2009-03-26,0.0,34.77,20.04,1.8,27.12,0.35,0.02,Nepal_Birganj
2009-03-27,0.04,34.52,20.86,1.37,26.06,0.35,0.02,Nepal_Birganj
2009-03-28,0.23,34.82,21.97,0.96,27.31,0.35,0.01,Nepal_Birganj
2009-03-29,0.13,35.03,21.21,1.58,32.6,0.35,0.01,Nepal_Birganj
2009-03-30,0.32,36.33,20.1,2.36,32.34,0.35,0.02,Nepal_Birganj
2009-03-31,0.43,35.21,19.75,2.32,23.38,0.35,0.02,Nepal_Birganj
2009-04-01,0.35,36.25,19.1,1.38,21.43,0.35,0.01,Nepal_Birganj
2009-04-02,0.0,36.76,20.54,1.53,20.61,0.35,0.01,Nepal_Birganj
2009-04-03,0.03,37.37,21.42,1.59,22.31,0.35,0.01,Nepal_Birganj
2009-04-04,0.15,38.62,22.47,1.45,20.35,0.35,0.01,Nepal_Birganj
2009-04-05,0.39,38.22,21.25,1.8,20.34,0.35,0.01,Nepal_Birganj
2009-04-06,0.0,37.01,22.13,1.18,14.55,0.35,0.01,Nepal_Birganj
2009-04-07,0.0,38.46,21.21,1.97,17.04,0.35,0.01,Nepal_Birganj
2009-04-08,0.0,38.6,22.44,2.2,19.87,0.35,0.01,Nepal_Birganj
2009-04-09,0.0,37.09,21.22,1.8,30.48,0.35,0.01,Nepal_Birganj
2009-04-10,0.08,37.71,22.5,1.92,24.05,0.35,0.01,Nepal_Birganj
2009-04-11,0.0,37.92,20.84,2.12,21.18,0.35,0.01,Nepal_Birganj
2009-04-12,0.0,38.6,23.48,1.4,17.76,0.35,0.0,Nepal_Birganj
2009-04-13,0.0,38.31,22.51,1.25,18.47,0.35,0.0,Nepal_Birganj
2009-04-14,0.0,38.97,23.56,1.56,22.28,0.35,0.0,Nepal_Birganj
2009-04-15,0.0,39.99,24.6,1.32,19.87,0.34,0.0,Nepal_Birganj
2009-04-16,0.0,39.04,24.58,1.66,23.22,0.34,0.0,Nepal_Birganj
2009-04-17,0.12,40.94,26.25,2.67,23.16,0.34,0.0,Nepal_Birganj
2009-04-18,0.32,40.56,22.65,2.86,14.17,0.34,0.0,Nepal_Birganj
2009-04-19,0.0,41.07,22.94,1.54,13.07,0.34,0.0,Nepal_Birganj
2009-04-20,0.0,39.47,23.38,2.71,17.27,0.34,0.0,Nepal_Birganj
2009-04-21,0.0,39.99,23.52,2.51,31.28,0.34,0.0,Nepal_Birganj
2009-04-22,0.0,40.94,25.33,2.3,25.5,0.34,0.0,Nepal_Birganj
2009-04-23,0.0,40.8,24.69,3.61,10.78,0.34,0.0,Nepal_Birganj
2009-04-24,0.0,40.94,21.88,2.36,8.36,0.34,0.0,Nepal_Birganj
2009-04-25,0.0,40.18,24.27,1.38,8.0,0.34,0.0,Nepal_Birganj
2009-04-26,0.0,41.21,24.62,1.89,6.89,0.34,0.0,Nepal_Birganj
2009-04-27,0.0,38.94,23.41,1.44,5.87,0.34,0.0,Nepal_Birganj
2009-04-28,0.0,39.28,22.91,2.41,8.09,0.34,0.0,Nepal_Birganj
2009-04-29,0.0,39.02,23.75,2.34,21.58,0.34,0.0,Nepal_Birganj
2009-04-30,0.0,39.79,25.12,2.38,42.46,0.34,0.0,Nepal_Birganj
2009-05-01,0.06,42.48,25.93,2.5,35.25,0.34,0.0,Nepal_Birganj
2009-05-02,5.09,38.92,26.14,3.97,43.34,0.35,0.0,Nepal_Birganj
2009-05-03,2.7,36.59,25.3,2.2,51.32,0.35,0.0,Nepal_Birganj
2009-05-04,0.25,36.6,25.17,1.97,47.85,0.35,0.0,Nepal_Birganj
2009-05-05,0.13,39.5,25.23,1.8,35.76,0.35,0.0,Nepal_Birganj
2009-05-06,0.36,41.64,27.01,3.06,27.47,0.35,0.0,Nepal_Birganj
2009-05-07,0.31,40.75,24.45,2.74,21.75,0.35,0.0,Nepal_Birganj
2009-05-08,0.0,41.77,24.56,2.6,16.9,0.35,0.0,Nepal_Birganj
2009-05-09,0.0,43.25,25.67,3.39,17.17,0.35,0.0,Nepal_Birganj
2009-05-10,0.86,40.66,26.96,1.65,20.57,0.35,0.0,Nepal_Birganj
2009-05-11,4.3,35.91,26.09,2.13,34.44,0.35,0.0,Nepal_Birganj
2009-05-12,9.76,31.47,23.67,1.92,52.89,0.36,0.01,Nepal_Birganj
2009-05-13,4.45,32.31,23.09,1.58,56.89,0.37,0.04,Nepal_Birganj
2009-05-14,0.08,36.16,23.7,1.59,45.75,0.37,0.04,Nepal_Birganj
2009-05-15,0.92,37.57,25.45,3.34,41.27,0.37,0.03,Nepal_Birganj
2009-05-16,2.36,36.55,24.06,3.35,50.33,0.37,0.02,Nepal_Birganj
2009-05-17,0.08,37.83,25.81,2.98,43.06,0.37,0.02,Nepal_Birganj
2009-05-18,0.22,39.68,26.84,1.7,42.06,0.36,0.02,Nepal_Birganj
2009-05-19,3.39,39.86,27.9,1.7,43.45,0.36,0.03,Nepal_Birganj
2009-05-20,13.76,36.07,28.12,1.72,51.91,0.37,0.06,Nepal_Birganj
2009-05-21,0.53,38.77,26.04,1.9,47.91,0.38,0.09,Nepal_Birganj
2009-05-22,3.74,38.23,28.01,2.5,48.37,0.38,0.09,Nepal_Birganj
2009-05-23,7.78,38.06,27.74,1.81,49.66,0.39,0.14,Nepal_Birganj
2009-05-24,5.46,38.23,27.74,1.85,45.24,0.39,0.16,Nepal_Birganj
2009-05-25,12.58,34.07,25.66,2.04,62.65,0.4,0.13,Nepal_Birganj
2009-05-26,3.05,39.23,24.62,2.75,51.17,0.41,0.25,Nepal_Birganj
2009-05-27,3.66,37.74,24.32,2.14,49.13,0.41,0.37,Nepal_Birganj
2009-05-28,12.55,36.55,25.63,2.16,51.29,0.41,0.3,Nepal_Birganj
2009-05-29,5.81,36.35,26.05,2.24,51.78,0.42,0.45,Nepal_Birganj
2009-05-30,2.76,36.7,26.22,1.57,50.52,0.42,0.45,Nepal_Birganj
2009-05-31,4.1,35.43,26.29,1.67,57.96,0.43,0.28,Nepal_Birganj
2009-06-01,0.01,37.32,26.16,1.38,48.87,0.42,0.5,Nepal_Birganj
2009-06-02,0.02,38.33,26.47,1.86,39.42,0.42,0.44,Nepal_Birganj
2009-06-03,3.46,38.24,25.99,1.52,43.83,0.41,0.4,Nepal_Birganj
2009-06-04,2.76,38.12,26.91,2.1,48.98,0.42,0.38,Nepal_Birganj
2009-06-05,3.73,38.72,27.87,1.86,48.94,0.42,0.38,Nepal_Birganj
2009-06-06,42.85,33.82,26.77,1.9,69.21,0.46,0.65,Nepal_Birganj
2009-06-07,4.96,38.23,26.1,1.81,56.79,0.49,1.47,Nepal_Birganj
2009-06-08,0.0,40.4,23.95,2.05,34.78,0.48,1.42,Nepal_Birganj
2009-06-09,0.0,40.72,25.2,1.65,27.98,0.47,1.26,Nepal_Birganj
2009-06-10,0.0,40.14,23.88,1.53,31.1,0.46,1.1,Nepal_Birganj
2009-06-11,0.2,38.24,25.07,2.11,43.34,0.46,0.86,Nepal_Birganj
2009-06-12,1.14,38.69,26.39,2.15,48.09,0.45,0.77,Nepal_Birganj
2009-06-13,1.28,37.87,26.59,2.11,49.8,0.45,0.8,Nepal_Birganj
2009-06-14,0.01,38.91,26.38,1.58,46.62,0.44,0.75,Nepal_Birganj
2009-06-15,0.0,40.68,26.69,1.85,38.82,0.44,0.69,Nepal_Birganj
2009-06-16,0.0,42.05,26.74,2.03,33.71,0.43,0.65,Nepal_Birganj
2009-06-17,0.0,41.06,27.42,1.52,32.39,0.42,0.58,Nepal_Birganj
2009-06-18,0.0,41.83,27.21,1.41,29.48,0.42,0.51,Nepal_Birganj
2009-06-19,0.01,42.1,27.1,1.17,27.3,0.41,0.48,Nepal_Birganj
2009-06-20,0.03,41.35,26.96,1.68,36.16,0.41,0.39,Nepal_Birganj
2009-06-21,0.09,38.83,28.23,1.66,44.01,0.41,0.27,Nepal_Birganj
2009-06-22,0.75,39.8,27.71,1.56,42.28,0.4,0.29,Nepal_Birganj
2009-06-23,0.22,39.61,29.22,3.0,46.19,0.4,0.25,Nepal_Birganj
2009-06-24,0.86,37.87,28.87,2.97,50.2,0.4,0.21,Nepal_Birganj
2009-06-25,0.53,40.34,28.59,2.94,46.54,0.4,0.23,Nepal_Birganj
2009-06-26,2.76,39.13,29.54,2.43,49.42,0.39,0.21,Nepal_Birganj
2009-06-27,7.89,35.57,28.84,2.08,60.41,0.41,0.16,Nepal_Birganj
2009-06-28,14.49,34.7,29.0,2.54,65.12,0.42,0.25,Nepal_Birganj
2009-06-29,2.3,35.84,27.51,2.33,64.68,0.43,0.36,Nepal_Birganj
2009-06-30,28.46,35.24,28.4,1.5,68.74,0.45,0.59,Nepal_Birganj
2009-07-01,20.51,35.56,27.43,1.68,67.79,0.49,1.27,Nepal_Birganj
2009-07-02,12.64,35.97,26.89,1.63,66.9,0.5,1.43,Nepal_Birganj
2009-07-03,6.17,36.44,27.23,1.08,62.86,0.5,1.65,Nepal_Birganj
2009-07-04,3.55,35.36,25.77,2.91,65.45,0.5,1.63,Nepal_Birganj
2009-07-05,23.72,35.2,25.05,2.01,70.12,0.53,1.95,Nepal_Birganj
2009-07-06,25.01,34.47,26.41,1.75,74.36,0.55,1.98,Nepal_Birganj
2009-07-07,18.26,34.16,27.09,1.94,77.06,0.57,2.33,Nepal_Birganj
2009-07-08,3.42,33.79,26.39,2.91,74.92,0.58,2.53,Nepal_Birganj
2009-07-09,3.54,35.46,26.02,3.82,71.42,0.57,3.63,Nepal_Birganj
2009-07-10,1.23,35.82,26.69,3.7,69.53,0.56,3.43,Nepal_Birganj
2009-07-11,0.8,36.25,26.03,2.77,67.86,0.55,3.14,Nepal_Birganj
2009-07-12,2.2,36.25,26.82,0.93,65.42,0.54,2.85,Nepal_Birganj
2009-07-13,1.64,37.57,26.86,2.43,64.81,0.54,2.77,Nepal_Birganj
2009-07-14,2.92,38.88,27.83,1.94,61.77,0.53,2.91,Nepal_Birganj
2009-07-15,1.98,37.89,27.28,3.39,67.11,0.53,2.51,Nepal_Birganj
2009-07-16,1.04,36.84,27.08,4.57,64.68,0.52,2.56,Nepal_Birganj
2009-07-17,0.56,37.9,27.49,2.77,62.87,0.51,2.3,Nepal_Birganj
2009-07-18,2.6,37.84,28.01,1.8,62.21,0.5,1.73,Nepal_Birganj
2009-07-19,8.36,36.15,27.91,1.65,67.25,0.51,1.66,Nepal_Birganj
2009-07-20,4.92,37.61,28.46,1.89,64.76,0.51,2.04,Nepal_Birganj
2009-07-21,2.1,36.17,28.31,3.55,66.18,0.51,1.87,Nepal_Birganj
2009-07-22,0.64,36.76,27.01,3.7,62.8,0.5,2.13,Nepal_Birganj
2009-07-23,5.38,36.31,27.26,2.65,64.38,0.5,1.81,Nepal_Birganj
2009-07-24,1.01,37.04,27.02,1.69,64.42,0.5,1.91,Nepal_Birganj
2009-07-25,4.06,37.17,27.12,2.32,65.92,0.49,1.8,Nepal_Birganj
2009-07-26,8.11,33.98,27.82,1.47,72.23,0.5,0.97,Nepal_Birganj
2009-07-27,42.91,31.48,26.67,2.06,84.53,0.53,0.9,Nepal_Birganj
2009-07-28,64.15,29.42,25.56,2.22,86.02,0.62,1.2,Nepal_Birganj
2009-07-29,19.6,31.34,25.64,1.16,84.9,0.68,3.0,Nepal_Birganj
2009-07-30,0.99,32.77,25.98,1.35,80.59,0.66,5.38,Nepal_Birganj
2009-07-31,0.6,33.47,25.76,1.71,78.83,0.65,5.94,Nepal_Birganj
2009-08-01,4.44,33.55,26.83,0.7,75.19,0.64,5.5,Nepal_Birganj
2009-08-02,7.57,34.14,26.7,0.67,74.73,0.64,5.32,Nepal_Birganj
2009-08-03,4.61,34.49,27.63,0.78,74.17,0.64,5.33,Nepal_Birganj
2009-08-04,0.55,33.48,27.35,1.19,79.14,0.63,3.48,Nepal_Birganj
2009-08-05,31.14,32.22,27.51,1.35,82.82,0.64,2.88,Nepal_Birganj
2009-08-06,15.77,32.53,26.78,0.95,83.45,0.68,3.22,Nepal_Birganj
2009-08-07,6.98,32.63,26.69,1.25,81.53,0.68,5.27,Nepal_Birganj
2009-08-08,17.64,33.2,25.4,0.9,79.63,0.69,6.22,Nepal_Birganj
2009-08-09,9.92,32.47,26.64,0.98,81.89,0.69,4.74,Nepal_Birganj
2009-08-10,7.78,33.92,26.03,1.15,82.14,0.69,6.32,Nepal_Birganj
2009-08-11,5.51,34.47,26.5,1.96,81.96,0.68,6.31,Nepal_Birganj
2009-08-12,4.11,31.62,26.59,1.75,86.84,0.68,3.34,Nepal_Birganj
2009-08-13,40.05,33.12,25.24,1.78,82.41,0.69,5.63,Nepal_Birganj
2009-08-14,18.36,32.54,25.0,2.3,85.36,0.73,5.77,Nepal_Birganj
2009-08-15,2.11,31.76,25.28,3.2,86.88,0.73,5.36,Nepal_Birganj
2009-08-16,8.74,30.18,25.49,2.27,89.0,0.72,3.4,Nepal_Birganj
2009-08-17,42.53,29.8,25.47,1.29,89.46,0.75,2.33,Nepal_Birganj
2009-08-18,21.76,30.77,25.2,1.42,88.08,0.79,3.1,Nepal_Birganj
2009-08-19,11.48,29.61,25.64,2.06,91.7,0.8,1.57,Nepal_Birganj
2009-08-20,13.23,29.6,24.94,1.63,89.56,0.8,2.1,Nepal_Birganj
2009-08-21,1.81,31.16,23.33,1.62,85.29,0.8,5.12,Nepal_Birganj
2009-08-22,0.62,32.14,23.62,0.94,81.68,0.79,6.14,Nepal_Birganj
2009-08-23,8.92,31.59,25.04,1.42,83.86,0.78,5.06,Nepal_Birganj
2009-08-24,14.38,29.99,23.86,2.41,87.31,0.79,3.82,Nepal_Birganj
2009-08-25,1.48,30.75,23.75,2.12,83.4,0.78,5.82,Nepal_Birganj
2009-08-26,10.26,31.02,24.36,2.26,83.73,0.78,5.36,Nepal_Birganj
2009-08-27,20.8,29.93,24.99,2.59,88.11,0.79,3.48,Nepal_Birganj
2009-08-28,3.64,30.26,24.0,3.41,86.6,0.79,5.15,Nepal_Birganj
2009-08-29,0.11,31.18,24.24,1.99,86.17,0.78,5.95,Nepal_Birganj
2009-08-30,6.61,30.93,25.07,1.81,88.75,0.77,3.83,Nepal_Birganj
2009-08-31,28.91,30.34,25.26,1.5,89.26,0.79,2.47,Nepal_Birganj
2009-09-01,7.94,30.39,25.25,1.14,88.2,0.8,2.93,Nepal_Birganj
2009-09-02,12.49,31.36,25.34,1.43,86.83,0.81,3.99,Nepal_Birganj
2009-09-03,2.63,31.56,25.33,0.88,84.36,0.8,4.47,Nepal_Birganj
2009-09-04,1.58,30.59,25.12,1.26,85.97,0.79,3.52,Nepal_Birganj
2009-09-05,5.24,30.33,24.68,0.51,80.64,0.79,3.87,Nepal_Birganj
2009-09-06,6.31,30.04,24.83,1.66,87.81,0.79,2.88,Nepal_Birganj
2009-09-07,14.46,29.22,24.06,1.86,87.3,0.8,2.28,Nepal_Birganj
2009-09-08,3.91,30.43,24.81,3.05,87.51,0.8,3.99,Nepal_Birganj
2009-09-09,13.24,28.83,24.46,4.16,88.25,0.8,3.43,Nepal_Birganj
2009-09-10,10.44,29.32,23.2,2.66,86.82,0.81,4.5,Nepal_Birganj
2009-09-11,2.81,29.65,22.86,1.92,85.68,0.8,4.23,Nepal_Birganj
2009-09-12,0.07,31.2,22.59,0.94,85.25,0.79,6.35,Nepal_Birganj
2009-09-13,0.03,31.58,24.51,0.93,84.5,0.78,6.54,Nepal_Birganj
2009-09-14,1.23,31.87,24.03,0.95,83.86,0.77,6.82,Nepal_Birganj
2009-09-15,0.17,31.8,23.96,0.91,81.46,0.76,7.33,Nepal_Birganj
2009-09-16,0.57,31.21,24.03,0.74,83.44,0.75,7.11,Nepal_Birganj
2009-09-17,0.01,31.81,23.55,0.99,84.92,0.74,7.29,Nepal_Birganj
2009-09-18,0.11,32.08,24.18,1.23,86.02,0.73,6.4,Nepal_Birganj
2009-09-19,0.02,31.21,23.58,1.2,83.8,0.72,6.87,Nepal_Birganj
2009-09-20,0.12,31.17,23.87,0.8,79.86,0.71,6.96,Nepal_Birganj
2009-09-21,0.69,31.28,23.61,1.26,80.91,0.7,6.47,Nepal_Birganj
2009-09-22,0.3,31.17,23.95,1.18,81.06,0.69,6.06,Nepal_Birganj
2009-09-23,0.42,30.64,23.72,1.7,84.41,0.68,5.36,Nepal_Birganj
2009-09-24,0.05,30.89,23.23,1.29,82.91,0.67,6.16,Nepal_Birganj
2009-09-25,0.26,31.61,22.85,1.87,82.57,0.66,6.06,Nepal_Birganj
2009-09-26,0.16,32.03,24.02,1.16,79.34,0.65,5.47,Nepal_Birganj
2009-09-27,0.0,31.45,24.34,0.95,81.5,0.65,4.19,Nepal_Birganj
2009-09-28,0.06,32.93,24.12,1.26,75.24,0.64,5.55,Nepal_Birganj
2009-09-29,0.04,32.65,24.16,1.17,73.61,0.63,5.52,Nepal_Birganj
2009-09-30,0.0,34.23,25.17,1.44,74.27,0.62,5.1,Nepal_Birganj
2009-10-01,0.11,33.77,23.88,1.74,72.57,0.61,5.05,Nepal_Birganj
2009-10-02,2.78,31.96,24.29,1.34,73.33,0.61,2.84,Nepal_Birganj
2009-10-03,2.3,30.63,23.48,1.1,75.63,0.61,1.91,Nepal_Birganj
2009-10-04,4.04,31.25,23.27,1.51,76.94,0.6,2.97,Nepal_Birganj
2009-10-05,4.42,31.41,23.89,2.33,78.31,0.6,3.65,Nepal_Birganj
2009-10-06,4.66,30.11,23.29,2.36,83.31,0.6,2.78,Nepal_Birganj
2009-10-07,19.07,27.48,23.33,2.24,90.67,0.62,1.02,Nepal_Birganj
2009-10-08,18.72,30.16,22.99,1.37,82.62,0.64,3.68,Nepal_Birganj
2009-10-09,4.71,30.28,20.71,1.55,82.04,0.65,4.54,Nepal_Birganj
2009-10-10,0.0,30.23,20.81,1.14,76.79,0.64,4.77,Nepal_Birganj
2009-10-11,0.0,30.38,21.04,0.78,70.06,0.63,4.75,Nepal_Birganj
2009-10-12,0.0,30.66,20.23,1.17,69.07,0.62,4.65,Nepal_Birganj
2009-10-13,0.0,30.95,20.34,1.18,62.83,0.61,4.34,Nepal_Birganj
2009-10-14,0.0,30.22,19.54,0.95,60.17,0.61,4.29,Nepal_Birganj
2009-10-15,0.0,31.1,20.49,0.81,59.34,0.6,4.11,Nepal_Birganj
2009-10-16,0.0,30.98,21.04,1.0,68.72,0.59,3.75,Nepal_Birganj
2009-10-17,0.0,31.27,21.02,1.31,67.78,0.59,3.58,Nepal_Birganj
2009-10-18,0.0,30.66,19.6,1.05,61.85,0.58,3.29,Nepal_Birganj
2009-10-19,0.0,30.44,18.45,0.99,61.31,0.57,3.0,Nepal_Birganj
2009-10-20,0.0,29.69,17.26,1.22,61.49,0.57,2.71,Nepal_Birganj
2009-10-21,0.0,29.76,16.95,1.11,58.39,0.56,2.68,Nepal_Birganj
2009-10-22,0.0,29.88,17.34,0.98,61.01,0.56,2.35,Nepal_Birganj
2009-10-23,0.0,29.76,18.14,1.04,60.3,0.55,2.45,Nepal_Birganj
2009-10-24,0.0,29.65,17.88,1.09,59.01,0.54,2.24,Nepal_Birganj
2009-10-25,0.0,29.58,16.64,1.18,58.29,0.54,2.13,Nepal_Birganj
2009-10-26,0.0,30.06,17.04,1.1,58.69,0.54,2.07,Nepal_Birganj
2009-10-27,0.0,29.24,17.31,1.02,52.63,0.53,1.88,Nepal_Birganj
2009-10-28,0.0,30.83,17.89,1.03,53.09,0.53,1.87,Nepal_Birganj
2009-10-29,0.0,30.64,18.27,1.16,55.96,0.52,1.71,Nepal_Birganj
2009-10-30,0.0,30.13,17.19,1.28,55.09,0.52,1.6,Nepal_Birganj
2009-10-31,0.0,29.51,17.75,0.9,50.26,0.51,1.37,Nepal_Birganj
2009-11-01,0.0,30.28,16.39,1.11,51.87,0.51,1.37,Nepal_Birganj
2009-11-02,0.0,31.33,16.91,0.95,52.4,0.51,1.41,Nepal_Birganj
2009-11-03,0.0,30.42,17.08,1.33,55.74,0.5,1.22,Nepal_Birganj
2009-11-04,0.0,31.07,18.19,1.14,57.26,0.5,1.34,Nepal_Birganj
2009-11-05,0.0,31.26,18.85,1.06,53.44,0.5,1.29,Nepal_Birganj
2009-11-06,0.0,31.78,18.69,1.33,54.85,0.49,1.28,Nepal_Birganj
2009-11-07,0.0,31.23,19.9,1.24,48.3,0.49,1.15,Nepal_Birganj
2009-11-08,0.0,31.1,18.35,1.24,47.15,0.48,1.09,Nepal_Birganj
2009-11-09,0.0,30.48,18.2,1.16,45.67,0.48,0.96,Nepal_Birganj
2009-11-10,0.0,30.1,17.88,1.51,47.87,0.48,0.88,Nepal_Birganj
2009-11-11,0.0,29.8,18.62,1.16,53.7,0.47,0.76,Nepal_Birganj
2009-11-12,0.0,29.39,18.1,1.36,48.65,0.47,0.63,Nepal_Birganj
2009-11-13,0.0,31.63,20.5,1.29,54.57,0.47,0.75,Nepal_Birganj
2009-11-14,0.0,30.93,19.4,2.11,62.31,0.47,0.69,Nepal_Birganj
2009-11-15,0.01,29.45,17.23,2.31,69.85,0.46,0.65,Nepal_Birganj
2009-11-16,1.37,28.81,17.65,2.01,71.81,0.46,0.47,Nepal_Birganj
2009-11-17,0.88,26.95,17.55,1.7,74.63,0.46,0.46,Nepal_Birganj
2009-11-18,0.0,27.53,15.76,1.8,71.14,0.46,0.5,Nepal_Birganj
2009-11-19,0.0,27.31,14.43,1.69,58.7,0.46,0.52,Nepal_Birganj
2009-11-20,0.0,24.99,12.17,1.07,53.1,0.46,0.43,Nepal_Birganj
2009-11-21,0.0,25.24,13.22,1.08,50.52,0.45,0.38,Nepal_Birganj
2009-11-22,0.0,25.62,12.9,1.1,51.97,0.45,0.4,Nepal_Birganj
2009-11-23,0.0,26.62,13.33,1.43,55.6,0.45,0.38,Nepal_Birganj
2009-11-24,0.0,24.67,12.48,1.23,58.6,0.45,0.34,Nepal_Birganj
2009-11-25,0.0,25.11,12.46,1.15,52.07,0.45,0.34,Nepal_Birganj
2009-11-26,0.0,25.55,12.73,1.07,50.9,0.44,0.33,Nepal_Birganj
2009-11-27,0.0,25.27,13.33,0.98,49.09,0.44,0.29,Nepal_Birganj
2009-11-28,0.0,25.82,13.23,1.01,49.49,0.44,0.29,Nepal_Birganj
2009-11-29,0.0,25.4,13.76,0.98,48.64,0.44,0.26,Nepal_Birganj
2009-11-30,0.0,25.83,14.23,0.96,49.09,0.44,0.26,Nepal_Birganj
2009-12-01,0.0,26.48,14.21,1.06,52.02,0.43,0.27,Nepal_Birganj
2009-12-02,0.0,26.2,14.51,1.27,57.06,0.43,0.25,Nepal_Birganj
2009-12-03,0.0,25.9,14.85,1.17,56.96,0.43,0.23,Nepal_Birganj
2009-12-04,0.0,24.85,14.68,1.21,56.45,0.43,0.21,Nepal_Birganj
2009-12-05,0.0,25.44,13.24,0.98,61.43,0.43,0.22,Nepal_Birganj
2009-12-06,0.0,25.31,14.19,1.25,57.11,0.43,0.21,Nepal_Birganj
2009-12-07,0.0,25.16,12.91,1.47,53.76,0.43,0.2,Nepal_Birganj
2009-12-08,0.0,23.94,11.53,1.15,47.51,0.42,0.18,Nepal_Birganj
2009-12-09,0.0,23.67,11.82,1.02,44.67,0.42,0.17,Nepal_Birganj
2009-12-10,0.0,23.29,10.84,1.12,47.54,0.42,0.15,Nepal_Birganj
2009-12-11,0.0,23.59,12.02,0.96,47.74,0.42,0.15,Nepal_Birganj
2009-12-12,0.0,23.28,11.12,0.92,53.46,0.42,0.11,Nepal_Birganj
2009-12-13,0.0,23.75,12.37,1.07,57.54,0.42,0.1,Nepal_Birganj
2009-12-14,0.0,25.79,14.28,1.33,50.71,0.42,0.16,Nepal_Birganj
2009-12-15,0.0,25.12,12.62,1.39,52.05,0.42,0.15,Nepal_Birganj
2009-12-16,0.0,26.37,14.11,1.72,52.39,0.41,0.16,Nepal_Birganj
2009-12-17,0.0,26.56,14.47,1.33,52.8,0.41,0.16,Nepal_Birganj
2009-12-18,0.0,26.79,14.98,1.05,47.3,0.41,0.16,Nepal_Birganj
2009-12-19,0.0,26.26,13.43,1.48,47.76,0.41,0.15,Nepal_Birganj
2009-12-20,0.0,23.77,10.17,1.27,51.87,0.41,0.13,Nepal_Birganj
2009-12-21,0.0,23.37,11.63,1.08,52.02,0.41,0.11,Nepal_Birganj
2009-12-22,0.0,23.24,10.88,1.36,53.03,0.41,0.09,Nepal_Birganj
2009-12-23,0.0,22.52,9.16,1.22,46.64,0.4,0.09,Nepal_Birganj
2009-12-24,0.0,22.34,9.77,1.02,46.23,0.4,0.08,Nepal_Birganj
2009-12-25,0.02,21.15,7.67,1.16,49.38,0.4,0.07,Nepal_Birganj
2009-12-26,0.02,20.44,9.34,1.03,46.51,0.4,0.06,Nepal_Birganj
2009-12-27,0.0,20.26,8.66,0.93,46.04,0.4,0.05,Nepal_Birganj
2009-12-28,0.0,21.05,8.53,1.69,47.62,0.4,0.06,Nepal_Birganj
2009-12-29,0.0,21.84,8.68,1.04,45.79,0.4,0.07,Nepal_Birganj
2009-12-30,3.54,22.16,9.31,1.04,46.14,0.4,0.07,Nepal_Birganj
2009-12-31,0.39,20.36,9.66,1.49,57.16,0.4,0.07,Nepal_Birganj
2010-01-01,0.0,21.08,6.29,1.25,55.17,0.4,0.07,Nepal_Birganj
2010-01-02,0.0,22.49,8.05,1.24,46.4,0.4,0.08,Nepal_Birganj
2010-01-03,0.0,23.33,6.82,1.57,48.75,0.4,0.09,Nepal_Birganj
2010-01-04,0.0,22.99,8.36,2.1,57.7,0.4,0.09,Nepal_Birganj
2010-01-05,0.0,22.29,7.15,1.2,66.97,0.4,0.07,Nepal_Birganj
2010-01-06,0.0,22.97,8.68,1.08,55.81,0.4,0.08,Nepal_Birganj
2010-01-07,0.0,24.85,9.51,1.09,51.27,0.4,0.08,Nepal_Birganj
2010-01-08,0.0,24.33,10.23,1.35,51.05,0.39,0.08,Nepal_Birganj
2010-01-09,0.0,23.44,8.75,1.4,56.68,0.39,0.07,Nepal_Birganj
2010-01-10,0.0,24.23,9.63,1.78,54.01,0.39,0.07,Nepal_Birganj
2010-01-11,0.0,24.0,8.7,1.85,50.59,0.39,0.07,Nepal_Birganj
2010-01-12,0.0,24.14,8.18,1.72,44.76,0.39,0.07,Nepal_Birganj
2010-01-13,0.41,24.48,10.04,1.58,37.62,0.39,0.08,Nepal_Birganj
2010-01-14,0.02,23.8,11.75,1.83,59.42,0.39,0.06,Nepal_Birganj
2010-01-15,0.0,23.98,10.09,1.3,64.92,0.39,0.06,Nepal_Birganj
2010-01-16,0.0,24.72,10.47,1.6,51.9,0.39,0.06,Nepal_Birganj
2010-01-17,0.0,25.08,11.25,1.31,41.93,0.38,0.06,Nepal_Birganj
2010-01-18,0.0,25.43,10.55,1.41,42.97,0.38,0.06,Nepal_Birganj
2010-01-19,0.0,25.68,10.07,1.52,40.17,0.38,0.07,Nepal_Birganj
2010-01-20,0.0,26.34,9.27,1.5,36.81,0.38,0.06,Nepal_Birganj
2010-01-21,0.0,24.97,9.34,1.62,34.81,0.38,0.05,Nepal_Birganj
2010-01-22,0.0,24.84,10.57,1.37,33.41,0.38,0.05,Nepal_Birganj
2010-01-23,0.0,25.53,10.84,1.26,34.64,0.38,0.06,Nepal_Birganj
2010-01-24,0.0,24.1,10.96,1.19,35.96,0.38,0.04,Nepal_Birganj
2010-01-25,0.0,25.38,11.45,1.28,33.76,0.38,0.05,Nepal_Birganj
2010-01-26,0.0,25.9,12.16,1.57,32.83,0.38,0.05,Nepal_Birganj
2010-01-27,0.0,25.67,11.15,1.44,38.66,0.37,0.04,Nepal_Birganj
2010-01-28,0.0,24.78,11.86,1.29,39.21,0.37,0.04,Nepal_Birganj
2010-01-29,0.0,25.49,12.8,1.49,36.41,0.37,0.04,Nepal_Birganj
2010-01-30,0.0,25.53,11.61,1.61,37.69,0.37,0.04,Nepal_Birganj
2010-01-31,0.0,25.33,11.93,1.21,38.91,0.37,0.03,Nepal_Birganj
2010-02-01,0.0,25.91,12.35,1.69,30.77,0.37,0.04,Nepal_Birganj
2010-02-02,0.0,26.24,10.98,1.84,27.28,0.37,0.04,Nepal_Birganj
2010-02-03,0.0,25.72,10.6,1.77,27.79,0.37,0.03,Nepal_Birganj
2010-02-04,0.0,25.62,10.76,1.63,28.51,0.37,0.03,Nepal_Birganj
2010-02-05,0.0,25.04,10.67,1.59,31.32,0.37,0.03,Nepal_Birganj
2010-02-06,0.0,25.18,11.45,1.1,32.19,0.37,0.03,Nepal_Birganj
2010-02-07,0.0,25.81,11.93,1.22,30.86,0.36,0.03,Nepal_Birganj
2010-02-08,0.0,27.5,12.68,1.41,37.92,0.36,0.03,Nepal_Birganj
2010-02-09,4.24,24.28,14.33,1.92,48.69,0.37,0.01,Nepal_Birganj
2010-02-10,0.83,28.18,13.99,1.53,49.71,0.37,0.04,Nepal_Birganj
2010-02-11,0.17,29.42,14.77,2.11,42.01,0.37,0.04,Nepal_Birganj
2010-02-12,4.67,28.46,13.87,2.13,43.27,0.38,0.03,Nepal_Birganj
2010-02-13,0.3,27.14,11.16,2.15,54.64,0.37,0.04,Nepal_Birganj
2010-02-14,0.0,27.99,11.67,1.9,40.97,0.37,0.05,Nepal_Birganj
2010-02-15,0.0,28.78,12.01,1.29,28.92,0.37,0.04,Nepal_Birganj
2010-02-16,0.04,29.32,14.37,1.19,27.12,0.37,0.04,Nepal_Birganj
2010-02-17,0.0,29.81,14.45,2.3,31.23,0.37,0.04,Nepal_Birganj
2010-02-18,0.0,27.56,11.76,2.61,37.97,0.37,0.03,Nepal_Birganj
2010-02-19,0.0,27.38,12.59,1.69,32.81,0.36,0.03,Nepal_Birganj
2010-02-20,0.0,27.6,12.85,1.69,31.32,0.36,0.03,Nepal_Birganj
2010-02-21,0.0,28.1,12.38,1.58,30.19,0.36,0.02,Nepal_Birganj
2010-02-22,0.0,28.43,13.95,1.01,26.62,0.36,0.02,Nepal_Birganj
2010-02-23,0.01,29.05,14.06,1.22,30.53,0.36,0.02,Nepal_Birganj
2010-02-24,0.07,29.96,15.27,1.95,33.74,0.36,0.02,Nepal_Birganj
2010-02-25,0.01,30.63,15.8,1.89,35.74,0.36,0.02,Nepal_Birganj
2010-02-26,0.68,28.95,14.93,1.48,36.81,0.36,0.02,Nepal_Birganj
2010-02-27,3.84,29.1,15.73,1.32,41.92,0.36,0.02,Nepal_Birganj
2010-02-28,0.0,30.32,14.66,1.29,41.64,0.36,0.03,Nepal_Birganj
2010-03-01,0.0,30.08,16.4,1.56,39.55,0.36,0.02,Nepal_Birganj
2010-03-02,0.0,32.34,15.98,2.26,34.0,0.36,0.02,Nepal_Birganj
2010-03-03,0.0,31.35,17.16,1.93,32.32,0.36,0.02,Nepal_Birganj
2010-03-04,0.0,33.7,16.92,2.39,28.38,0.36,0.02,Nepal_Birganj
2010-03-05,0.0,34.8,19.59,3.14,27.75,0.36,0.02,Nepal_Birganj
2010-03-06,0.0,32.96,17.56,2.65,30.53,0.35,0.02,Nepal_Birganj
2010-03-07,0.0,33.83,16.34,2.43,25.55,0.35,0.02,Nepal_Birganj
2010-03-08,0.0,33.13,15.71,2.28,28.54,0.35,0.02,Nepal_Birganj
2010-03-09,0.0,33.18,16.44,1.77,23.25,0.35,0.02,Nepal_Birganj
2010-03-10,0.0,32.97,16.59,1.5,19.35,0.35,0.02,Nepal_Birganj
2010-03-11,0.0,33.42,17.45,1.43,18.28,0.35,0.01,Nepal_Birganj
2010-03-12,0.0,33.64,16.37,2.18,21.16,0.35,0.01,Nepal_Birganj
2010-03-13,0.0,34.07,17.29,2.36,20.79,0.35,0.01,Nepal_Birganj
2010-03-14,0.01,33.89,18.18,1.7,22.5,0.35,0.01,Nepal_Birganj
2010-03-15,0.0,35.28,18.79,1.32,20.95,0.35,0.01,Nepal_Birganj
2010-03-16,0.0,35.2,20.16,2.24,22.18,0.35,0.01,Nepal_Birganj
2010-03-17,0.01,35.82,19.58,1.37,21.82,0.35,0.01,Nepal_Birganj
2010-03-18,0.1,36.17,20.28,1.34,23.08,0.35,0.01,Nepal_Birganj
2010-03-19,0.0,37.06,21.41,2.37,23.51,0.35,0.01,Nepal_Birganj
2010-03-20,0.0,37.69,21.28,1.25,25.4,0.35,0.01,Nepal_Birganj
2010-03-21,0.0,38.25,22.7,1.49,23.1,0.35,0.01,Nepal_Birganj
2010-03-22,0.0,38.96,22.35,1.8,21.55,0.35,0.01,Nepal_Birganj
2010-03-23,0.0,40.45,22.58,2.49,16.05,0.35,0.01,Nepal_Birganj
2010-03-24,0.0,39.8,23.2,1.75,13.88,0.35,0.01,Nepal_Birganj
2010-03-25,0.0,39.56,22.36,1.83,14.68,0.35,0.0,Nepal_Birganj
2010-03-26,0.0,39.21,22.2,1.83,16.1,0.35,0.0,Nepal_Birganj
2010-03-27,0.0,39.69,23.97,1.97,15.71,0.34,0.0,Nepal_Birganj
2010-03-28,0.0,39.58,23.92,2.16,15.55,0.34,0.0,Nepal_Birganj
2010-03-29,0.0,38.72,22.33,2.41,15.47,0.34,0.01,Nepal_Birganj
2010-03-30,0.0,38.29,22.48,1.75,15.2,0.34,0.0,Nepal_Birganj
2010-03-31,0.0,38.96,22.41,2.3,16.6,0.34,0.0,Nepal_Birganj
2010-04-01,0.0,40.09,22.77,3.64,14.59,0.34,0.0,Nepal_Birganj
2010-04-02,0.0,39.79,22.64,2.26,11.9,0.34,0.0,Nepal_Birganj
2010-04-03,0.0,40.64,22.1,2.07,11.85,0.34,0.0,Nepal_Birganj
2010-04-04,0.0,40.14,24.22,2.15,12.16,0.34,0.0,Nepal_Birganj
2010-04-05,0.0,40.24,22.95,2.66,11.01,0.34,0.0,Nepal_Birganj
2010-04-06,0.0,40.53,22.53,2.96,10.09,0.34,0.0,Nepal_Birganj
2010-04-07,0.0,39.55,22.26,1.3,7.93,0.34,0.0,Nepal_Birganj
2010-04-08,0.0,40.59,22.79,1.62,7.69,0.34,0.0,Nepal_Birganj
2010-04-09,0.0,39.19,22.83,1.74,9.35,0.34,0.0,Nepal_Birganj
2010-04-10,0.0,39.53,24.02,1.87,10.72,0.34,0.0,Nepal_Birganj
2010-04-11,0.0,42.78,24.76,2.05,11.74,0.34,0.0,Nepal_Birganj
2010-04-12,0.0,42.53,25.29,1.65,12.81,0.34,0.0,Nepal_Birganj
2010-04-13,0.0,39.07,24.75,2.42,19.47,0.34,0.0,Nepal_Birganj
2010-04-14,0.0,41.0,24.73,1.51,19.76,0.34,0.0,Nepal_Birganj
2010-04-15,0.02,39.28,24.29,2.11,24.5,0.34,0.0,Nepal_Birganj
2010-04-16,0.0,39.82,25.28,1.65,24.63,0.34,0.0,Nepal_Birganj
2010-04-17,0.0,40.07,24.92,2.28,30.51,0.34,0.0,Nepal_Birganj
2010-04-18,0.1,41.33,25.72,2.31,25.87,0.34,0.0,Nepal_Birganj
2010-04-19,0.0,41.18,26.16,2.59,33.09,0.34,0.0,Nepal_Birganj
2010-04-20,0.0,43.46,28.16,2.68,20.62,0.34,0.0,Nepal_Birganj
2010-04-21,0.0,43.65,26.72,2.3,17.67,0.34,0.0,Nepal_Birganj
2010-04-22,0.0,43.69,28.02,2.52,15.49,0.34,0.0,Nepal_Birganj
2010-04-23,0.0,42.24,26.89,2.65,14.3,0.34,0.0,Nepal_Birganj
2010-04-24,0.0,42.62,26.58,2.0,11.37,0.34,0.0,Nepal_Birganj
2010-04-25,0.0,42.59,25.89,2.38,11.25,0.34,0.0,Nepal_Birganj
2010-04-26,0.33,42.19,25.29,1.68,11.98,0.34,0.0,Nepal_Birganj
2010-04-27,0.09,39.73,25.87,2.55,26.07,0.34,0.0,Nepal_Birganj
2010-04-28,0.0,38.29,25.69,2.47,35.35,0.34,0.0,Nepal_Birganj
2010-04-29,0.08,39.85,26.51,1.89,30.27,0.34,0.0,Nepal_Birganj
2010-04-30,0.0,38.43,27.01,2.56,39.48,0.34,0.0,Nepal_Birganj
2010-05-01,4.62,37.88,27.16,2.36,43.58,0.34,0.0,Nepal_Birganj
2010-05-02,0.5,36.38,27.26,1.43,47.06,0.35,0.0,Nepal_Birganj
2010-05-03,0.36,36.11,27.53,1.41,45.19,0.35,0.0,Nepal_Birganj
2010-05-04,0.2,38.96,25.61,2.11,35.35,0.35,0.0,Nepal_Birganj
2010-05-05,2.83,38.95,27.57,2.71,36.84,0.35,0.0,Nepal_Birganj
2010-05-06,6.07,32.75,26.46,2.86,52.58,0.36,0.0,Nepal_Birganj
2010-05-07,14.08,31.65,25.18,2.41,63.77,0.37,0.01,Nepal_Birganj
2010-05-08,0.17,36.83,23.08,1.8,49.22,0.38,0.09,Nepal_Birganj
2010-05-09,0.0,39.91,24.77,2.22,35.69,0.38,0.07,Nepal_Birganj
2010-05-10,0.02,41.12,25.0,2.13,30.28,0.37,0.05,Nepal_Birganj
2010-05-11,0.0,42.43,25.52,2.28,25.94,0.37,0.03,Nepal_Birganj
2010-05-12,0.0,42.74,25.61,2.23,22.65,0.36,0.02,Nepal_Birganj
2010-05-13,0.0,43.24,26.25,2.21,19.19,0.36,0.01,Nepal_Birganj
2010-05-14,0.0,43.0,26.72,1.5,19.03,0.36,0.01,Nepal_Birganj
2010-05-15,0.01,42.44,26.46,1.94,22.73,0.35,0.0,Nepal_Birganj
2010-05-16,0.06,41.97,26.34,1.57,20.96,0.35,0.0,Nepal_Birganj
2010-05-17,0.05,42.53,26.11,2.15,23.58,0.35,0.0,Nepal_Birganj
2010-05-18,0.01,40.47,28.47,3.39,38.01,0.35,0.0,Nepal_Birganj
2010-05-19,0.26,41.23,29.4,2.42,38.65,0.35,0.0,Nepal_Birganj
2010-05-20,7.01,39.28,29.72,2.03,43.85,0.36,0.0,Nepal_Birganj
2010-05-21,8.34,38.61,26.97,2.16,53.02,0.37,0.03,Nepal_Birganj
2010-05-22,0.06,40.11,26.9,2.32,44.96,0.37,0.02,Nepal_Birganj
2010-05-23,16.32,35.83,28.32,1.85,54.25,0.38,0.04,Nepal_Birganj
2010-05-24,9.71,38.11,26.05,2.36,56.52,0.4,0.16,Nepal_Birganj
2010-05-25,0.05,40.58,26.69,1.96,42.47,0.39,0.18,Nepal_Birganj
2010-05-26,0.31,40.5,25.54,2.7,41.3,0.39,0.15,Nepal_Birganj
2010-05-27,1.16,38.8,26.08,3.32,43.02,0.39,0.11,Nepal_Birganj
2010-05-28,0.06,39.37,26.87,3.07,42.88,0.38,0.09,Nepal_Birganj
2010-05-29,0.13,39.14,26.4,2.58,44.94,0.38,0.08,Nepal_Birganj
2010-05-30,2.73,37.9,27.47,2.58,47.5,0.38,0.06,Nepal_Birganj
2010-05-31,1.97,39.61,26.88,2.27,45.76,0.38,0.07,Nepal_Birganj
2010-06-01,0.01,41.98,26.73,1.61,32.54,0.37,0.06,Nepal_Birganj
2010-06-02,0.04,42.2,26.12,1.84,25.94,0.37,0.05,Nepal_Birganj
2010-06-03,0.01,40.41,27.65,2.64,37.44,0.37,0.03,Nepal_Birganj
2010-06-04,0.02,40.93,28.52,2.09,42.11,0.36,0.03,Nepal_Birganj
2010-06-05,0.04,41.96,29.37,2.83,32.69,0.36,0.02,Nepal_Birganj
2010-06-06,0.0,42.15,29.41,3.32,24.49,0.36,0.01,Nepal_Birganj
2010-06-07,0.0,43.31,26.8,2.58,20.03,0.36,0.01,Nepal_Birganj
2010-06-08,0.0,42.09,26.76,1.55,25.27,0.35,0.03,Nepal_Birganj
2010-06-09,0.0,42.8,30.32,2.33,32.98,0.35,0.0,Nepal_Birganj
2010-06-10,0.02,41.48,28.14,2.14,35.47,0.35,0.0,Nepal_Birganj
2010-06-11,0.89,41.84,28.79,2.87,39.4,0.35,0.0,Nepal_Birganj
2010-06-12,4.28,40.54,28.5,3.67,43.76,0.35,0.0,Nepal_Birganj
2010-06-13,16.08,39.06,28.02,2.67,54.15,0.37,0.03,Nepal_Birganj
2010-06-14,3.64,39.42,26.27,2.04,53.76,0.39,0.14,Nepal_Birganj
2010-06-15,0.85,39.97,28.38,2.05,44.44,0.38,0.11,Nepal_Birganj
2010-06-16,2.76,40.52,29.16,2.1,44.23,0.38,0.09,Nepal_Birganj
2010-06-17,9.08,37.5,29.4,1.57,54.28,0.39,0.1,Nepal_Birganj
2010-06-18,7.27,37.21,28.55,2.12,61.79,0.39,0.14,Nepal_Birganj
2010-06-19,19.49,37.28,27.37,2.62,64.04,0.42,0.45,Nepal_Birganj
2010-06-20,6.46,37.67,27.98,3.22,60.18,0.43,0.43,Nepal_Birganj
2010-06-21,0.8,37.46,27.32,3.04,59.91,0.43,0.44,Nepal_Birganj
2010-06-22,1.08,37.32,27.94,3.19,60.48,0.42,0.42,Nepal_Birganj
2010-06-23,10.69,36.06,27.81,3.81,68.36,0.43,0.39,Nepal_Birganj
2010-06-24,6.14,36.43,26.97,3.73,62.53,0.44,0.55,Nepal_Birganj
2010-06-25,4.32,37.35,26.1,2.63,60.86,0.44,0.67,Nepal_Birganj
2010-06-26,0.27,39.38,27.7,2.56,56.47,0.44,0.71,Nepal_Birganj
2010-06-27,1.16,39.33,27.86,2.22,56.02,0.43,0.72,Nepal_Birganj
2010-06-28,3.55,38.57,26.64,1.83,57.59,0.43,0.58,Nepal_Birganj
2010-06-29,7.29,38.99,27.47,2.16,60.38,0.43,0.59,Nepal_Birganj
2010-06-30,6.39,38.41,27.84,2.39,61.18,0.44,0.67,Nepal_Birganj
2010-07-01,3.14,37.27,27.16,4.2,61.42,0.44,0.73,Nepal_Birganj
2010-07-02,8.33,35.02,25.65,3.56,68.01,0.45,0.74,Nepal_Birganj
2010-07-03,0.07,37.63,27.31,3.77,58.47,0.45,0.73,Nepal_Birganj
2010-07-04,0.65,36.99,27.53,4.47,60.52,0.44,0.7,Nepal_Birganj
2010-07-05,0.2,36.58,26.58,3.09,61.63,0.44,0.62,Nepal_Birganj
2010-07-06,0.09,37.52,26.89,3.44,60.12,0.43,0.56,Nepal_Birganj
2010-07-07,0.25,37.06,27.13,3.74,58.97,0.43,0.51,Nepal_Birganj
2010-07-08,0.27,38.95,27.18,2.42,55.6,0.42,0.57,Nepal_Birganj
2010-07-09,5.78,37.97,28.29,2.27,58.2,0.42,0.48,Nepal_Birganj
2010-07-10,22.87,33.66,27.09,2.02,76.61,0.45,0.34,Nepal_Birganj
2010-07-11,49.32,32.08,27.0,2.39,87.23,0.51,0.46,Nepal_Birganj
2010-07-12,28.97,30.48,26.07,2.43,85.66,0.57,1.0,Nepal_Birganj
2010-07-13,13.16,31.32,25.65,1.33,82.1,0.59,1.6,Nepal_Birganj
2010-07-14,16.71,33.93,25.72,1.58,77.68,0.6,3.48,Nepal_Birganj
2010-07-15,0.25,34.18,26.64,2.31,79.93,0.6,3.29,Nepal_Birganj
2010-07-16,3.0,33.82,25.86,2.41,78.4,0.59,3.3,Nepal_Birganj
2010-07-17,11.78,34.93,26.16,1.74,75.61,0.59,3.52,Nepal_Birganj
2010-07-18,28.98,33.5,27.78,1.08,76.23,0.62,2.99,Nepal_Birganj
2010-07-19,26.09,30.16,26.14,2.33,89.33,0.65,1.49,Nepal_Birganj
2010-07-20,22.18,31.69,25.18,1.68,82.53,0.68,3.32,Nepal_Birganj
2010-07-21,5.25,32.02,25.73,2.22,83.65,0.68,4.06,Nepal_Birganj
2010-07-22,1.55,32.92,25.73,1.57,80.2,0.67,4.54,Nepal_Birganj
2010-07-23,2.29,33.34,26.02,1.28,80.92,0.66,4.31,Nepal_Birganj
2010-07-24,1.09,30.9,26.52,2.03,85.04,0.65,2.79,Nepal_Birganj
2010-07-25,2.17,33.84,25.38,3.23,79.03,0.65,5.7,Nepal_Birganj
2010-07-26,9.21,31.77,25.01,4.71,81.13,0.64,4.26,Nepal_Birganj
2010-07-27,11.29,29.57,24.54,3.89,83.06,0.65,2.65,Nepal_Birganj
2010-07-28,4.12,33.48,24.86,1.67,77.54,0.65,5.49,Nepal_Birganj
2010-07-29,1.25,33.01,23.67,2.61,80.13,0.64,5.19,Nepal_Birganj
2010-07-30,4.89,33.01,23.51,2.33,77.5,0.63,5.24,Nepal_Birganj
2010-07-31,1.43,31.07,25.4,3.26,79.84,0.62,4.83,Nepal_Birganj
2010-08-01,6.04,32.73,24.5,3.05,78.99,0.62,4.89,Nepal_Birganj
2010-08-02,7.0,31.44,25.4,2.94,82.48,0.62,3.2,Nepal_Birganj
2010-08-03,1.92,33.54,24.86,2.55,76.98,0.61,5.38,Nepal_Birganj
2010-08-04,0.82,32.57,25.31,2.41,81.99,0.6,3.8,Nepal_Birganj
2010-08-05,1.31,33.66,25.22,2.35,77.61,0.6,4.56,Nepal_Birganj
2010-08-06,0.04,34.09,26.36,3.24,74.63,0.59,4.55,Nepal_Birganj
2010-08-07,0.01,34.59,25.73,2.75,73.96,0.58,4.26,Nepal_Birganj
2010-08-08,0.81,33.96,25.02,1.56,72.69,0.57,3.71,Nepal_Birganj
2010-08-09,19.46,34.18,26.13,0.97,73.04,0.58,3.74,Nepal_Birganj
2010-08-10,2.15,34.5,27.06,0.9,72.85,0.59,3.57,Nepal_Birganj
2010-08-11,8.14,34.11,27.33,1.04,73.99,0.58,3.21,Nepal_Birganj
2010-08-12,23.71,34.01,27.32,1.08,76.76,0.6,3.09,Nepal_Birganj
2010-08-13,28.39,32.18,26.06,1.54,84.73,0.65,3.83,Nepal_Birganj
2010-08-14,6.65,32.32,25.92,1.34,82.36,0.64,4.4,Nepal_Birganj
2010-08-15,6.02,30.69,26.26,1.74,86.67,0.64,2.35,Nepal_Birganj
2010-08-16,6.96,33.06,25.75,1.42,80.76,0.65,5.47,Nepal_Birganj
2010-08-17,6.64,32.18,26.69,1.08,83.44,0.65,3.32,Nepal_Birganj
2010-08-18,27.33,31.0,25.65,2.22,87.71,0.66,2.67,Nepal_Birganj
2010-08-19,18.7,30.74,25.87,1.95,88.63,0.69,2.27,Nepal_Birganj
2010-08-20,16.3,31.31,25.32,2.02,88.11,0.7,4.04,Nepal_Birganj
2010-08-21,25.51,28.59,25.63,1.71,92.57,0.73,1.23,Nepal_Birganj
2010-08-22,34.09,30.94,25.02,1.04,87.74,0.76,3.67,Nepal_Birganj
2010-08-23,27.96,30.91,24.9,1.53,89.56,0.79,3.38,Nepal_Birganj
2010-08-24,8.07,28.43,25.46,2.11,94.39,0.8,0.82,Nepal_Birganj
2010-08-25,5.94,30.06,25.05,1.23,85.52,0.8,2.43,Nepal_Birganj
2010-08-26,4.69,32.46,24.8,0.76,79.25,0.79,6.37,Nepal_Birganj
2010-08-27,21.82,31.17,25.6,1.09,85.9,0.8,3.33,Nepal_Birganj
2010-08-28,8.75,31.3,25.3,1.49,85.41,0.81,3.3,Nepal_Birganj
2010-08-29,5.2,31.55,25.31,1.82,87.23,0.81,4.78,Nepal_Birganj
2010-08-30,1.99,29.26,25.71,1.56,91.79,0.8,1.66,Nepal_Birganj
2010-08-31,4.85,31.22,25.79,2.03,87.6,0.8,4.26,Nepal_Birganj
2010-09-01,4.98,31.15,25.02,2.2,87.63,0.79,4.42,Nepal_Birganj
2010-09-02,8.08,30.63,24.9,1.87,87.17,0.79,3.9,Nepal_Birganj
2010-09-03,3.82,31.28,25.53,1.95,87.64,0.79,4.5,Nepal_Birganj
2010-09-04,2.64,31.1,25.02,1.81,86.79,0.79,5.35,Nepal_Birganj
2010-09-05,2.56,31.89,24.95,1.2,84.65,0.78,5.65,Nepal_Birganj
2010-09-06,11.84,31.47,25.14,1.61,86.44,0.77,5.08,Nepal_Birganj
2010-09-07,3.09,30.43,25.16,2.09,88.45,0.78,3.01,Nepal_Birganj
2010-09-08,3.69,30.42,25.46,2.6,88.01,0.77,4.15,Nepal_Birganj
2010-09-09,0.38,29.58,24.6,2.33,89.25,0.77,3.49,Nepal_Birganj
2010-09-10,4.04,30.66,24.47,1.45,87.28,0.76,4.72,Nepal_Birganj
2010-09-11,9.87,30.75,25.01,1.73,88.33,0.76,3.78,Nepal_Birganj
2010-09-12,2.75,29.61,23.87,3.16,85.22,0.76,4.89,Nepal_Birganj
2010-09-13,7.19,30.77,23.84,1.78,86.09,0.75,5.48,Nepal_Birganj
2010-09-14,24.53,30.77,24.3,1.7,88.15,0.76,4.27,Nepal_Birganj
2010-09-15,12.1,28.26,24.02,2.18,89.25,0.78,3.07,Nepal_Birganj
2010-09-16,28.84,28.81,23.18,2.88,89.18,0.79,3.17,Nepal_Birganj
2010-09-17,40.7,28.71,22.76,2.23,88.84,0.84,2.42,Nepal_Birganj
2010-09-18,10.23,28.0,23.49,2.58,90.59,0.84,2.04,Nepal_Birganj
2010-09-19,0.69,28.82,23.56,3.11,89.12,0.84,3.86,Nepal_Birganj
2010-09-20,2.99,30.1,23.05,1.9,86.4,0.83,4.93,Nepal_Birganj
2010-09-21,9.44,30.58,23.41,1.79,87.35,0.82,4.12,Nepal_Birganj
2010-09-22,18.44,28.89,24.09,1.0,87.77,0.83,2.24,Nepal_Birganj
2010-09-23,8.43,30.42,23.32,0.7,80.12,0.84,4.14,Nepal_Birganj
2010-09-24,0.09,30.7,23.87,1.24,80.6,0.84,5.77,Nepal_Birganj
2010-09-25,0.09,30.58,23.08,0.84,81.01,0.82,6.25,Nepal_Birganj
2010-09-26,0.01,30.73,23.17,1.02,83.22,0.81,5.9,Nepal_Birganj
2010-09-27,0.0,30.09,22.67,1.7,87.1,0.8,5.39,Nepal_Birganj
2010-09-28,0.0,29.65,21.48,1.27,87.07,0.79,5.12,Nepal_Birganj
2010-09-29,0.0,29.68,21.73,0.75,83.56,0.79,5.85,Nepal_Birganj
2010-09-30,0.0,29.56,21.82,1.01,83.03,0.78,5.44,Nepal_Birganj
2010-10-01,0.0,30.52,22.28,0.87,82.35,0.77,6.15,Nepal_Birganj
2010-10-02,0.0,31.31,22.83,0.87,81.28,0.76,6.39,Nepal_Birganj
2010-10-03,0.0,31.31,23.09,1.21,83.17,0.75,6.2,Nepal_Birganj
2010-10-04,0.58,30.21,22.28,1.17,84.55,0.74,5.78,Nepal_Birganj
2010-10-05,7.84,29.9,21.73,0.75,79.62,0.73,5.8,Nepal_Birganj
2010-10-06,3.28,29.94,21.0,1.14,79.59,0.74,5.67,Nepal_Birganj
2010-10-07,6.64,29.0,22.06,1.96,86.16,0.73,4.72,Nepal_Birganj
2010-10-08,0.02,28.28,21.13,1.29,83.58,0.73,4.86,Nepal_Birganj
2010-10-09,0.06,28.54,20.56,2.1,88.28,0.72,4.49,Nepal_Birganj
2010-10-10,1.4,29.11,20.95,1.28,86.25,0.71,4.04,Nepal_Birganj
2010-10-11,0.63,29.2,21.33,0.84,81.41,0.71,4.95,Nepal_Birganj
2010-10-12,0.0,29.55,21.04,0.79,77.08,0.7,5.69,Nepal_Birganj
2010-10-13,0.0,30.05,20.82,0.72,74.9,0.69,6.23,Nepal_Birganj
2010-10-14,0.06,30.38,21.49,0.92,75.86,0.68,5.45,Nepal_Birganj
2010-10-15,2.46,30.81,22.56,1.64,81.38,0.67,4.57,Nepal_Birganj
2010-10-16,4.04,28.27,23.59,1.95,86.79,0.67,2.58,Nepal_Birganj
2010-10-17,22.51,26.59,22.28,1.32,89.94,0.69,1.92,Nepal_Birganj
2010-10-18,2.73,29.66,21.64,1.11,81.94,0.7,4.9,Nepal_Birganj
2010-10-19,0.54,29.6,22.55,0.75,79.88,0.69,4.29,Nepal_Birganj
2010-10-20,1.85,30.86,22.68,0.81,73.61,0.68,5.46,Nepal_Birganj
2010-10-21,5.51,29.84,22.45,0.79,77.24,0.68,4.6,Nepal_Birganj
2010-10-22,0.5,29.18,21.22,0.95,77.57,0.68,4.77,Nepal_Birganj
2010-10-23,0.0,29.29,20.39,1.3,80.76,0.67,4.77,Nepal_Birganj
2010-10-24,0.0,29.03,19.96,1.19,79.03,0.66,4.34,Nepal_Birganj
2010-10-25,0.0,29.01,18.88,0.92,72.48,0.65,4.23,Nepal_Birganj
2010-10-26,0.0,28.89,19.31,0.75,70.14,0.65,4.26,Nepal_Birganj
2010-10-27,0.0,28.68,18.25,1.27,76.42,0.64,3.74,Nepal_Birganj
2010-10-28,0.0,28.01,17.32,1.14,69.83,0.63,3.68,Nepal_Birganj
2010-10-29,0.0,27.68,16.35,1.11,66.55,0.63,3.34,Nepal_Birganj
2010-10-30,0.14,28.63,16.43,1.22,67.83,0.62,3.08,Nepal_Birganj
2010-10-31,0.6,28.5,18.45,1.1,68.16,0.62,2.39,Nepal_Birganj
2010-11-01,0.06,27.47,16.68,1.23,66.51,0.61,2.98,Nepal_Birganj
2010-11-02,0.0,27.75,17.23,0.85,68.05,0.6,2.97,Nepal_Birganj
2010-11-03,0.0,27.71,17.46,1.23,72.37,0.6,2.65,Nepal_Birganj
2010-11-04,0.0,27.79,18.31,1.07,73.11,0.6,2.39,Nepal_Birganj
2010-11-05,0.0,29.37,17.96,0.96,67.7,0.59,2.53,Nepal_Birganj
2010-11-06,0.0,29.84,18.06,1.19,71.96,0.59,2.57,Nepal_Birganj
2010-11-07,0.0,29.94,19.18,1.05,72.74,0.58,2.44,Nepal_Birganj
2010-11-08,0.0,29.8,19.55,1.16,72.57,0.58,2.24,Nepal_Birganj
2010-11-09,0.0,29.44,20.17,0.99,71.88,0.57,2.03,Nepal_Birganj
2010-11-10,0.0,29.35,19.19,1.09,71.28,0.57,2.03,Nepal_Birganj
2010-11-11,0.0,28.37,18.34,1.23,70.83,0.56,1.83,Nepal_Birganj
2010-11-12,0.01,27.4,18.18,1.0,67.96,0.56,1.67,Nepal_Birganj
2010-11-13,0.03,27.93,17.75,1.0,64.76,0.55,1.6,Nepal_Birganj
2010-11-14,0.03,27.76,16.96,1.12,69.34,0.55,1.48,Nepal_Birganj
2010-11-15,0.0,28.15,18.14,1.12,70.8,0.55,1.3,Nepal_Birganj
2010-11-16,0.0,27.22,18.68,0.88,73.95,0.54,0.75,Nepal_Birganj
2010-11-17,0.02,26.01,18.43,1.03,74.99,0.54,0.75,Nepal_Birganj
2010-11-18,0.08,27.09,17.56,1.07,73.36,0.54,1.18,Nepal_Birganj
2010-11-19,0.02,27.71,17.93,1.41,70.85,0.54,1.41,Nepal_Birganj
2010-11-20,0.0,27.1,14.87,1.84,70.47,0.53,1.33,Nepal_Birganj
2010-11-21,0.0,24.16,12.31,1.1,67.69,0.53,1.01,Nepal_Birganj
2010-11-22,0.0,24.75,14.34,0.9,66.07,0.53,0.85,Nepal_Birganj
2010-11-23,0.0,25.5,15.03,1.12,65.71,0.52,0.89,Nepal_Birganj
2010-11-24,0.0,27.15,15.31,1.5,64.33,0.52,1.08,Nepal_Birganj
2010-11-25,0.0,26.59,15.07,1.14,65.58,0.52,1.04,Nepal_Birganj
2010-11-26,0.0,26.23,14.97,1.3,76.47,0.51,0.82,Nepal_Birganj
2010-11-27,0.17,27.0,16.39,0.91,77.05,0.51,0.88,Nepal_Birganj
2010-11-28,0.03,26.2,15.73,1.49,72.32,0.51,0.91,Nepal_Birganj
2010-11-29,0.0,26.66,14.36,1.88,62.11,0.51,0.95,Nepal_Birganj
2010-11-30,0.0,24.97,12.2,1.37,69.99,0.5,0.83,Nepal_Birganj
2010-12-01,0.0,24.49,12.08,0.92,58.55,0.5,0.79,Nepal_Birganj
2010-12-02,0.0,25.28,12.48,1.15,53.23,0.5,0.76,Nepal_Birganj
2010-12-03,0.0,25.94,13.2,1.05,52.61,0.5,0.78,Nepal_Birganj
2010-12-04,0.0,25.79,13.89,1.0,50.94,0.49,0.78,Nepal_Birganj
2010-12-05,0.0,27.17,13.77,0.94,47.89,0.49,0.82,Nepal_Birganj
2010-12-06,0.0,28.09,13.57,0.99,42.83,0.49,0.75,Nepal_Birganj
2010-12-07,0.09,28.29,15.07,0.99,41.09,0.49,0.78,Nepal_Birganj
2010-12-08,0.35,27.28,16.25,0.63,46.35,0.48,0.65,Nepal_Birganj
2010-12-09,0.03,26.84,13.63,1.01,62.77,0.48,0.66,Nepal_Birganj
2010-12-10,0.0,27.26,15.28,1.69,56.96,0.48,0.64,Nepal_Birganj
2010-12-11,0.0,24.91,13.28,2.22,68.16,0.48,0.56,Nepal_Birganj
2010-12-12,0.0,20.03,8.65,1.37,68.18,0.47,0.34,Nepal_Birganj
2010-12-13,0.0,22.91,10.76,0.95,60.2,0.47,0.37,Nepal_Birganj
2010-12-14,0.0,21.15,11.31,1.24,63.25,0.47,0.31,Nepal_Birganj
2010-12-15,0.0,22.42,8.95,1.06,66.09,0.47,0.36,Nepal_Birganj
2010-12-16,0.0,23.81,10.39,1.11,58.81,0.47,0.41,Nepal_Birganj
2010-12-17,0.0,23.59,9.95,1.31,60.89,0.47,0.37,Nepal_Birganj
2010-12-18,0.0,23.22,9.33,1.46,58.95,0.46,0.39,Nepal_Birganj
2010-12-19,0.0,22.84,10.66,1.33,53.64,0.46,0.31,Nepal_Birganj
2010-12-20,0.0,22.03,9.16,1.25,51.39,0.46,0.35,Nepal_Birganj
2010-12-21,0.0,21.52,9.14,1.19,51.14,0.46,0.3,Nepal_Birganj
2010-12-22,0.0,22.33,9.12,0.93,49.92,0.46,0.28,Nepal_Birganj
2010-12-23,0.0,22.08,10.23,1.11,47.41,0.46,0.25,Nepal_Birganj
2010-12-24,0.0,22.86,10.53,1.16,49.33,0.46,0.27,Nepal_Birganj
2010-12-25,0.0,22.15,9.81,1.13,50.54,0.45,0.28,Nepal_Birganj
2010-12-26,0.0,21.67,9.12,1.0,51.67,0.45,0.24,Nepal_Birganj
2010-12-27,0.0,22.4,9.16,1.43,53.15,0.45,0.24,Nepal_Birganj
2010-12-28,0.0,22.95,8.93,1.16,54.55,0.45,0.24,Nepal_Birganj
2010-12-29,0.0,23.43,10.46,1.05,48.92,0.45,0.27,Nepal_Birganj
2010-12-30,0.0,25.08,10.77,1.11,49.36,0.45,0.29,Nepal_Birganj
2010-12-31,0.83,23.39,10.81,1.74,54.48,0.44,0.23,Nepal_Birganj
2011-01-01,2.49,21.21,10.8,1.6,72.6,0.45,0.17,Nepal_Birganj
2011-01-02,0.0,21.13,7.14,1.34,65.7,0.45,0.26,Nepal_Birganj
2011-01-03,0.0,21.34,8.25,1.23,58.63,0.45,0.25,Nepal_Birganj
2011-01-04,0.0,20.33,6.86,1.51,61.74,0.45,0.22,Nepal_Birganj
2011-01-05,0.0,19.98,5.59,1.62,66.93,0.45,0.19,Nepal_Birganj
2011-01-06,0.0,21.34,5.63,1.52,63.0,0.44,0.21,Nepal_Birganj
2011-01-07,0.0,22.54,6.07,1.35,57.15,0.44,0.23,Nepal_Birganj
2011-01-08,0.0,23.43,7.33,1.21,48.31,0.44,0.24,Nepal_Birganj
2011-01-09,0.0,23.79,8.54,1.52,47.42,0.44,0.22,Nepal_Birganj
2011-01-10,0.0,21.12,7.06,2.11,51.28,0.44,0.18,Nepal_Birganj
2011-01-11,0.0,20.47,5.23,1.2,58.26,0.44,0.17,Nepal_Birganj
2011-01-12,0.0,20.22,6.73,1.12,51.37,0.43,0.16,Nepal_Birganj
2011-01-13,0.0,20.23,8.66,1.09,49.62,0.43,0.15,Nepal_Birganj
2011-01-14,0.0,21.74,9.18,1.04,50.74,0.43,0.16,Nepal_Birganj
2011-01-15,0.0,23.17,10.7,1.52,48.29,0.43,0.16,Nepal_Birganj
2011-01-16,0.0,21.73,9.29,1.74,55.34,0.43,0.13,Nepal_Birganj
2011-01-17,0.0,19.62,5.64,1.6,52.61,0.43,0.13,Nepal_Birganj
2011-01-18,0.0,20.36,7.93,1.23,45.7,0.43,0.12,Nepal_Birganj
2011-01-19,0.0,21.0,9.42,1.29,47.45,0.42,0.14,Nepal_Birganj
2011-01-20,0.0,21.2,8.17,1.3,47.98,0.42,0.14,Nepal_Birganj
2011-01-21,0.0,20.37,9.09,1.42,51.09,0.42,0.11,Nepal_Birganj
2011-01-22,0.0,21.55,8.98,1.05,51.56,0.42,0.12,Nepal_Birganj
2011-01-23,0.0,23.0,9.49,1.3,49.66,0.42,0.14,Nepal_Birganj
2011-01-24,0.0,22.36,9.94,1.29,44.99,0.42,0.13,Nepal_Birganj
2011-01-25,0.0,24.96,10.85,1.17,41.86,0.42,0.16,Nepal_Birganj
2011-01-26,0.03,23.29,12.54,1.25,43.5,0.42,0.11,Nepal_Birganj
2011-01-27,0.0,24.37,10.64,1.92,50.38,0.41,0.15,Nepal_Birganj
2011-01-28,0.0,24.23,11.25,1.4,36.88,0.41,0.15,Nepal_Birganj
2011-01-29,0.01,23.7,9.01,1.31,35.66,0.41,0.13,Nepal_Birganj
2011-01-30,0.12,23.54,11.53,1.6,45.14,0.41,0.11,Nepal_Birganj
2011-01-31,0.0,24.98,12.06,1.98,47.91,0.41,0.13,Nepal_Birganj
2011-02-01,0.0,23.93,11.07,1.64,50.07,0.41,0.12,Nepal_Birganj
2011-02-02,0.0,24.71,11.27,1.16,49.08,0.4,0.12,Nepal_Birganj
2011-02-03,0.0,25.39,11.97,1.05,47.65,0.4,0.12,Nepal_Birganj
2011-02-04,0.0,26.79,11.81,1.41,48.31,0.4,0.12,Nepal_Birganj
2011-02-05,0.0,26.41,14.26,1.04,46.2,0.4,0.11,Nepal_Birganj
2011-02-06,0.0,27.32,13.77,1.48,49.08,0.4,0.12,Nepal_Birganj
2011-02-07,0.0,28.08,13.97,1.77,44.73,0.4,0.13,Nepal_Birganj
2011-02-08,0.0,29.64,14.87,1.93,39.35,0.4,0.15,Nepal_Birganj
2011-02-09,0.0,28.1,12.03,2.2,43.29,0.39,0.13,Nepal_Birganj
2011-02-10,0.0,27.58,10.51,1.79,37.39,0.39,0.12,Nepal_Birganj
2011-02-11,0.0,27.08,12.66,1.68,32.52,0.39,0.11,Nepal_Birganj
2011-02-12,0.0,26.65,12.88,1.29,33.63,0.39,0.09,Nepal_Birganj
2011-02-13,0.0,27.18,11.75,1.41,35.91,0.39,0.1,Nepal_Birganj
2011-02-14,0.0,28.17,12.78,1.38,39.31,0.39,0.09,Nepal_Birganj
2011-02-15,0.39,30.41,15.77,1.8,42.2,0.39,0.09,Nepal_Birganj
2011-02-16,10.47,27.13,16.37,2.72,58.59,0.39,0.07,Nepal_Birganj
2011-02-17,1.01,25.88,13.72,2.44,54.93,0.4,0.12,Nepal_Birganj
2011-02-18,0.0,25.3,11.16,2.12,47.47,0.4,0.13,Nepal_Birganj
2011-02-19,0.0,25.85,11.87,1.42,38.48,0.4,0.13,Nepal_Birganj
2011-02-20,0.0,27.18,11.51,1.56,35.02,0.4,0.13,Nepal_Birganj
2011-02-21,0.0,26.84,13.46,1.49,34.93,0.39,0.12,Nepal_Birganj
2011-02-22,0.0,26.92,13.02,1.48,40.84,0.39,0.1,Nepal_Birganj
2011-02-23,0.0,28.84,12.57,2.01,40.41,0.39,0.12,Nepal_Birganj
2011-02-24,0.0,28.89,12.71,1.93,32.73,0.39,0.1,Nepal_Birganj
2011-02-25,0.03,24.49,14.57,1.45,42.33,0.39,0.06,Nepal_Birganj
2011-02-26,0.25,28.67,13.31,1.8,43.77,0.38,0.1,Nepal_Birganj
2011-02-27,0.0,29.45,14.47,2.43,36.31,0.38,0.1,Nepal_Birganj
2011-02-28,0.0,28.94,11.63,2.36,32.55,0.38,0.1,Nepal_Birganj
2011-03-01,0.0,30.16,13.81,1.56,28.81,0.38,0.1,Nepal_Birganj
2011-03-02,0.0,31.3,15.7,1.88,30.49,0.38,0.09,Nepal_Birganj
2011-03-03,0.42,32.16,16.96,2.24,35.04,0.38,0.09,Nepal_Birganj
2011-03-04,2.12,28.61,17.23,2.42,47.87,0.38,0.05,Nepal_Birganj
2011-03-05,0.0,32.38,16.41,2.63,39.55,0.38,0.09,Nepal_Birganj
2011-03-06,0.0,31.58,14.14,2.91,31.62,0.38,0.09,Nepal_Birganj
2011-03-07,0.0,31.83,12.87,2.19,30.45,0.37,0.08,Nepal_Birganj
2011-03-08,0.0,32.02,13.67,2.33,30.95,0.37,0.07,Nepal_Birganj
2011-03-09,0.15,32.87,16.81,1.5,29.35,0.37,0.06,Nepal_Birganj
2011-03-10,0.38,34.23,18.07,1.91,27.67,0.37,0.07,Nepal_Birganj
2011-03-11,0.0,32.93,18.1,1.59,25.82,0.37,0.06,Nepal_Birganj
2011-03-12,0.0,32.01,17.18,2.09,29.21,0.36,0.05,Nepal_Birganj
2011-03-13,0.0,31.45,17.09,1.53,27.74,0.36,0.05,Nepal_Birganj
2011-03-14,0.0,33.74,16.98,1.31,25.75,0.36,0.04,Nepal_Birganj
2011-03-15,0.0,34.17,17.28,1.65,26.66,0.36,0.04,Nepal_Birganj
2011-03-16,0.0,34.88,18.72,2.1,25.86,0.36,0.04,Nepal_Birganj
2011-03-17,0.0,34.38,18.33,1.75,26.53,0.36,0.03,Nepal_Birganj
2011-03-18,0.0,34.17,18.75,1.92,30.76,0.36,0.03,Nepal_Birganj
2011-03-19,0.0,36.3,21.46,2.32,27.71,0.36,0.03,Nepal_Birganj
2011-03-20,0.0,37.67,21.34,1.69,23.0,0.36,0.04,Nepal_Birganj
2011-03-21,0.0,35.83,19.72,2.91,19.17,0.35,0.03,Nepal_Birganj
2011-03-22,0.0,35.53,19.06,1.76,16.88,0.35,0.03,Nepal_Birganj
2011-03-23,0.0,36.32,19.28,1.61,16.07,0.35,0.03,Nepal_Birganj
2011-03-24,0.0,36.31,20.07,1.85,15.03,0.35,0.03,Nepal_Birganj
2011-03-25,0.0,36.17,20.05,1.84,18.72,0.35,0.02,Nepal_Birganj
2011-03-26,0.0,37.0,20.86,1.7,21.03,0.35,0.02,Nepal_Birganj
2011-03-27,0.16,36.32,20.83,1.36,19.99,0.35,0.02,Nepal_Birganj
2011-03-28,0.93,34.49,20.23,2.41,33.43,0.35,0.02,Nepal_Birganj
2011-03-29,0.02,34.05,20.76,2.79,39.27,0.35,0.01,Nepal_Birganj
2011-03-30,7.0,31.59,20.33,1.89,49.48,0.36,0.02,Nepal_Birganj
2011-03-31,1.51,33.07,20.02,1.53,43.28,0.36,0.03,Nepal_Birganj
2011-04-01,0.0,34.59,17.63,1.9,30.41,0.36,0.03,Nepal_Birganj
2011-04-02,0.0,35.66,18.92,1.73,25.01,0.36,0.03,Nepal_Birganj
2011-04-03,0.36,36.58,20.16,1.66,26.83,0.36,0.02,Nepal_Birganj
2011-04-04,1.69,33.62,22.01,2.3,32.05,0.36,0.02,Nepal_Birganj
2011-04-05,0.0,35.46,19.63,1.89,26.63,0.36,0.02,Nepal_Birganj
2011-04-06,0.07,35.93,18.61,1.91,18.98,0.35,0.02,Nepal_Birganj
2011-04-07,0.0,36.08,20.49,2.03,16.85,0.35,0.02,Nepal_Birganj
2011-04-08,0.0,37.08,20.24,1.83,17.35,0.35,0.02,Nepal_Birganj
2011-04-09,0.0,37.41,20.18,1.91,19.42,0.35,0.01,Nepal_Birganj
2011-04-10,0.0,37.22,21.74,1.66,21.74,0.35,0.01,Nepal_Birganj
2011-04-11,0.0,37.95,23.23,1.6,21.14,0.35,0.01,Nepal_Birganj
2011-04-12,0.13,37.35,23.51,1.89,23.82,0.35,0.01,Nepal_Birganj
2011-04-13,0.01,34.55,23.06,1.82,34.14,0.35,0.01,Nepal_Birganj
2011-04-14,0.02,36.76,22.6,1.88,30.84,0.35,0.01,Nepal_Birganj
2011-04-15,0.09,37.12,21.86,1.76,27.21,0.35,0.01,Nepal_Birganj
2011-04-16,0.05,38.33,22.56,1.77,21.82,0.35,0.01,Nepal_Birganj
2011-04-17,0.02,38.7,23.22,1.68,23.74,0.35,0.01,Nepal_Birganj
2011-04-18,1.02,38.37,25.1,2.53,30.62,0.35,0.01,Nepal_Birganj
2011-04-19,6.46,37.65,24.96,2.15,44.82,0.35,0.01,Nepal_Birganj
2011-04-20,0.0,37.8,24.2,2.03,39.68,0.36,0.01,Nepal_Birganj
2011-04-21,0.0,38.42,21.57,2.46,18.79,0.35,0.01,Nepal_Birganj
2011-04-22,0.0,36.95,22.58,1.57,17.44,0.35,0.01,Nepal_Birganj
2011-04-23,0.0,37.49,19.94,2.04,24.06,0.35,0.0,Nepal_Birganj
2011-04-24,0.02,38.4,22.73,1.55,22.04,0.35,0.0,Nepal_Birganj
2011-04-25,11.37,35.14,23.6,2.28,36.89,0.36,0.01,Nepal_Birganj
2011-04-26,5.97,31.9,23.05,3.44,56.71,0.37,0.02,Nepal_Birganj
2011-04-27,0.0,36.17,21.28,2.02,45.03,0.37,0.04,Nepal_Birganj
2011-04-28,0.04,37.06,23.62,2.2,44.98,0.37,0.03,Nepal_Birganj
2011-04-29,1.3,36.37,25.32,1.97,45.13,0.37,0.02,Nepal_Birganj
2011-04-30,0.2,36.62,24.84,2.66,46.55,0.36,0.02,Nepal_Birganj
2011-05-01,2.78,37.77,24.89,2.11,45.23,0.36,0.02,Nepal_Birganj
2011-05-02,1.76,40.19,23.3,1.55,33.61,0.36,0.03,Nepal_Birganj
2011-05-03,3.02,39.99,25.25,1.64,31.51,0.36,0.03,Nepal_Birganj
2011-05-04,8.28,36.74,25.79,2.23,45.68,0.37,0.04,Nepal_Birganj
2011-05-05,0.0,36.24,23.88,2.24,46.17,0.37,0.05,Nepal_Birganj
2011-05-06,0.01,38.54,24.51,1.28,39.91,0.37,0.09,Nepal_Birganj
2011-05-07,3.44,37.87,25.85,1.84,45.48,0.37,0.03,Nepal_Birganj
2011-05-08,0.26,37.48,24.72,1.55,42.13,0.37,0.04,Nepal_Birganj
2011-05-09,0.03,38.88,24.15,1.61,34.25,0.36,0.03,Nepal_Birganj
2011-05-10,0.1,39.86,25.15,2.09,32.29,0.36,0.02,Nepal_Birganj
2011-05-11,0.07,40.25,25.45,2.07,31.24,0.36,0.02,Nepal_Birganj
2011-05-12,6.69,38.98,25.31,2.48,36.04,0.36,0.03,Nepal_Birganj
2011-05-13,3.74,38.0,25.92,2.34,45.02,0.37,0.04,Nepal_Birganj
2011-05-14,0.07,39.35,24.6,1.56,41.49,0.36,0.04,Nepal_Birganj
2011-05-15,0.12,40.78,25.09,1.68,33.56,0.36,0.03,Nepal_Birganj
2011-05-16,1.26,40.32,25.93,2.55,35.81,0.36,0.03,Nepal_Birganj
2011-05-17,1.03,38.59,27.27,3.21,46.26,0.36,0.03,Nepal_Birganj
2011-05-18,7.94,36.69,28.1,3.35,50.92,0.37,0.02,Nepal_Birganj
2011-05-19,15.34,30.91,24.47,3.08,66.04,0.39,0.07,Nepal_Birganj
2011-05-20,2.04,35.49,23.37,1.97,54.26,0.39,0.14,Nepal_Birganj
2011-05-21,24.68,35.41,25.12,1.58,54.38,0.41,0.17,Nepal_Birganj
2011-05-22,39.17,34.3,25.33,1.58,63.71,0.47,0.75,Nepal_Birganj
2011-05-23,0.01,37.41,25.08,1.82,50.05,0.48,1.28,Nepal_Birganj
2011-05-24,0.03,39.39,26.27,1.76,40.71,0.47,1.13,Nepal_Birganj
2011-05-25,7.23,37.75,25.77,1.95,47.77,0.47,0.95,Nepal_Birganj
2011-05-26,14.8,35.55,26.05,2.09,62.5,0.48,0.85,Nepal_Birganj
2011-05-27,0.24,38.56,26.54,1.1,53.4,0.49,1.44,Nepal_Birganj
2011-05-28,0.64,36.92,26.97,1.59,53.97,0.48,1.17,Nepal_Birganj
2011-05-29,0.0,37.19,26.42,1.62,53.9,0.47,1.09,Nepal_Birganj
2011-05-30,1.52,36.87,26.84,2.02,54.95,0.47,0.93,Nepal_Birganj
2011-05-31,0.11,38.13,26.44,1.25,46.89,0.46,1.02,Nepal_Birganj
2011-06-01,0.09,37.9,27.08,1.4,47.76,0.46,0.9,Nepal_Birganj
2011-06-02,0.03,39.31,27.21,2.11,49.93,0.45,0.79,Nepal_Birganj
2011-06-03,0.09,39.7,27.58,1.46,43.75,0.44,0.77,Nepal_Birganj
2011-06-04,0.08,39.68,26.63,1.6,35.86,0.44,0.69,Nepal_Birganj
2011-06-05,0.01,40.73,24.93,1.45,29.21,0.43,0.65,Nepal_Birganj
2011-06-06,0.26,39.67,25.18,1.66,37.28,0.43,0.56,Nepal_Birganj
2011-06-07,10.28,37.49,27.01,2.11,49.42,0.43,0.49,Nepal_Birganj
2011-06-08,3.61,36.42,26.65,1.54,51.74,0.44,0.59,Nepal_Birganj
2011-06-09,0.67,37.69,26.4,1.43,47.75,0.43,0.59,Nepal_Birganj
2011-06-10,0.02,39.4,27.12,1.98,43.42,0.43,0.57,Nepal_Birganj
2011-06-11,0.03,39.62,27.58,1.55,39.38,0.42,0.52,Nepal_Birganj
2011-06-12,0.38,39.46,27.6,2.15,44.95,0.42,0.44,Nepal_Birganj
2011-06-13,9.88,34.64,27.86,2.21,58.72,0.43,0.41,Nepal_Birganj
2011-06-14,8.38,37.49,26.79,1.72,57.81,0.44,0.54,Nepal_Birganj
2011-06-15,8.55,36.11,27.82,1.33,57.29,0.44,0.65,Nepal_Birganj
2011-06-16,12.66,36.24,27.03,1.53,59.62,0.45,0.68,Nepal_Birganj
2011-06-17,4.83,37.62,27.85,1.7,58.44,0.46,0.82,Nepal_Birganj
2011-06-18,23.78,35.33,26.32,1.98,69.04,0.48,0.68,Nepal_Birganj
2011-06-19,35.3,31.83,26.1,2.03,79.36,0.52,0.56,Nepal_Birganj
2011-06-20,22.5,34.69,25.05,4.22,71.25,0.57,2.52,Nepal_Birganj
2011-06-21,0.3,35.17,25.85,4.42,70.17,0.56,2.91,Nepal_Birganj
2011-06-22,0.39,33.72,26.5,3.24,72.83,0.55,1.91,Nepal_Birganj
2011-06-23,1.33,36.87,26.46,1.93,66.86,0.54,2.32,Nepal_Birganj
2011-06-24,2.74,34.6,28.37,1.34,67.45,0.54,1.61,Nepal_Birganj
2011-06-25,5.37,31.1,26.53,2.45,78.36,0.54,0.94,Nepal_Birganj
2011-06-26,19.57,33.47,26.08,2.24,75.67,0.56,1.4,Nepal_Birganj
2011-06-27,4.56,35.38,25.44,3.21,72.61,0.56,2.79,Nepal_Birganj
2011-06-28,12.08,33.41,25.38,3.82,76.6,0.56,2.32,Nepal_Birganj
2011-06-29,74.91,31.78,25.17,3.48,84.14,0.62,1.85,Nepal_Birganj
2011-06-30,18.35,32.07,24.63,1.86,82.85,0.69,3.19,Nepal_Birganj
2011-07-01,20.15,30.38,25.62,1.65,89.32,0.7,1.38,Nepal_Birganj
2011-07-02,52.26,29.15,25.97,2.22,92.55,0.73,0.76,Nepal_Birganj
2011-07-03,13.53,30.43,25.71,1.15,87.61,0.75,1.27,Nepal_Birganj
2011-07-04,1.64,32.46,25.6,1.22,81.57,0.75,3.83,Nepal_Birganj
2011-07-05,2.99,31.52,25.32,3.07,84.53,0.73,4.18,Nepal_Birganj
2011-07-06,2.78,30.74,25.06,1.67,84.66,0.73,3.07,Nepal_Birganj
2011-07-07,7.26,31.86,24.99,1.76,85.16,0.73,2.95,Nepal_Birganj
2011-07-08,2.66,32.0,24.73,2.37,84.72,0.72,4.08,Nepal_Birganj
2011-07-09,3.48,32.52,25.59,1.33,81.61,0.71,4.12,Nepal_Birganj
2011-07-10,4.79,32.87,25.96,1.07,79.34,0.71,4.57,Nepal_Birganj
2011-07-11,4.73,32.34,26.44,1.05,81.05,0.7,4.1,Nepal_Birganj
2011-07-12,6.68,31.55,26.47,1.65,85.48,0.7,3.06,Nepal_Birganj
2011-07-13,2.83,31.83,26.35,2.0,87.09,0.7,2.73,Nepal_Birganj
2011-07-14,3.01,28.85,25.89,2.03,87.74,0.7,1.72,Nepal_Birganj
2011-07-15,3.62,32.44,25.55,2.54,83.09,0.69,4.22,Nepal_Birganj
2011-07-16,5.25,31.25,25.34,2.78,85.61,0.69,3.53,Nepal_Birganj
2011-07-17,1.6,32.23,25.04,2.48,83.97,0.68,4.46,Nepal_Birganj
2011-07-18,1.98,33.1,25.42,1.56,80.13,0.67,4.84,Nepal_Birganj
2011-07-19,47.96,31.55,25.65,2.26,87.71,0.7,2.02,Nepal_Birganj
2011-07-20,17.87,29.31,26.19,2.36,91.55,0.74,1.09,Nepal_Birganj
2011-07-21,3.41,32.7,25.55,1.5,80.37,0.74,4.23,Nepal_Birganj
2011-07-22,1.36,32.64,25.87,4.4,82.24,0.73,5.71,Nepal_Birganj
2011-07-23,1.77,30.92,24.82,4.42,85.53,0.72,4.42,Nepal_Birganj
2011-07-24,1.9,30.8,24.25,3.22,85.51,0.71,4.28,Nepal_Birganj
2011-07-25,0.11,32.34,24.79,1.91,83.6,0.7,5.23,Nepal_Birganj
2011-07-26,0.84,32.69,25.23,1.57,82.56,0.69,5.03,Nepal_Birganj
2011-07-27,18.38,31.45,25.14,2.15,86.54,0.69,3.11,Nepal_Birganj
2011-07-28,12.35,31.89,25.89,2.2,87.13,0.71,3.42,Nepal_Birganj
2011-07-29,4.02,31.94,25.6,0.92,84.57,0.71,3.55,Nepal_Birganj
2011-07-30,11.3,31.17,26.16,0.9,83.42,0.71,2.93,Nepal_Birganj
2011-07-31,12.59,31.84,25.99,0.65,84.52,0.72,2.29,Nepal_Birganj
2011-08-01,2.65,33.28,25.85,0.97,78.52,0.72,5.54,Nepal_Birganj
2011-08-02,7.73,32.94,26.59,0.73,80.47,0.72,3.64,Nepal_Birganj
2011-08-03,16.25,30.75,26.9,1.34,86.76,0.73,1.68,Nepal_Birganj
2011-08-04,14.29,33.17,26.59,1.13,81.08,0.74,4.89,Nepal_Birganj
2011-08-05,13.77,31.75,26.0,1.49,87.72,0.74,2.89,Nepal_Birganj
2011-08-06,17.1,32.19,25.33,1.7,85.33,0.75,3.54,Nepal_Birganj
2011-08-07,31.67,31.35,25.86,3.07,86.85,0.78,3.22,Nepal_Birganj
2011-08-08,4.98,30.83,24.78,4.12,83.05,0.78,5.11,Nepal_Birganj
2011-08-09,30.24,30.66,24.55,3.3,84.58,0.78,3.94,Nepal_Birganj
2011-08-10,14.94,29.97,25.28,3.42,89.25,0.8,3.06,Nepal_Birganj
2011-08-11,2.21,30.35,24.08,2.68,87.39,0.8,3.64,Nepal_Birganj
2011-08-12,1.71,30.29,25.01,1.57,87.47,0.79,2.67,Nepal_Birganj
2011-08-13,6.43,29.9,25.1,3.46,85.57,0.79,3.63,Nepal_Birganj
2011-08-14,22.89,29.33,24.66,4.08,89.25,0.8,2.78,Nepal_Birganj
2011-08-15,15.91,30.62,24.64,2.01,88.01,0.82,3.18,Nepal_Birganj
2011-08-16,11.28,28.99,25.19,1.36,91.54,0.82,1.57,Nepal_Birganj
2011-08-17,10.14,30.24,24.38,1.51,89.55,0.82,2.55,Nepal_Birganj
2011-08-18,15.55,29.17,24.21,1.98,90.26,0.83,2.45,Nepal_Birganj
2011-08-19,2.42,29.46,24.52,1.73,89.88,0.83,2.23,Nepal_Birganj
2011-08-20,0.28,31.25,24.28,1.72,85.36,0.82,5.16,Nepal_Birganj
2011-08-21,0.93,32.37,24.43,0.9,78.31,0.81,6.33,Nepal_Birganj
2011-08-22,8.05,31.85,25.19,1.5,85.27,0.8,4.75,Nepal_Birganj
2011-08-23,9.71,30.21,25.63,1.6,91.65,0.81,1.78,Nepal_Birganj
2011-08-24,5.72,29.61,25.31,1.27,90.75,0.81,2.4,Nepal_Birganj
2011-08-25,42.59,30.31,24.55,1.68,88.58,0.83,3.54,Nepal_Birganj
2011-08-26,0.71,31.95,24.83,1.8,86.91,0.84,5.31,Nepal_Birganj
2011-08-27,0.07,31.74,24.11,2.17,84.8,0.83,5.78,Nepal_Birganj
2011-08-28,5.13,31.45,24.81,1.99,87.22,0.82,5.14,Nepal_Birganj
2011-08-29,0.07,31.86,24.91,2.07,86.15,0.81,4.92,Nepal_Birganj
2011-08-30,0.4,32.35,25.11,1.77,84.68,0.8,5.98,Nepal_Birganj
2011-08-31,0.25,32.1,25.19,1.9,85.49,0.79,6.07,Nepal_Birganj
2011-09-01,3.83,31.68,24.67,2.3,85.69,0.78,5.99,Nepal_Birganj
2011-09-02,1.94,29.99,24.19,3.56,88.58,0.77,5.08,Nepal_Birganj
2011-09-03,1.37,30.6,23.66,2.92,87.08,0.76,5.86,Nepal_Birganj
2011-09-04,0.9,31.55,23.86,1.81,84.01,0.75,6.55,Nepal_Birganj
2011-09-05,0.55,32.12,24.9,1.82,84.65,0.74,6.53,Nepal_Birganj
2011-09-06,9.15,31.13,24.57,1.39,86.24,0.73,5.0,Nepal_Birganj
2011-09-07,7.09,31.34,24.84,1.2,84.94,0.73,5.88,Nepal_Birganj
2011-09-08,1.27,30.11,24.54,1.22,87.02,0.73,4.27,Nepal_Birganj
2011-09-09,3.67,30.81,24.7,2.27,86.8,0.72,5.19,Nepal_Birganj
2011-09-10,2.17,30.34,24.94,3.47,85.92,0.72,5.62,Nepal_Birganj
2011-09-11,1.48,31.38,24.56,2.21,85.18,0.71,6.16,Nepal_Birganj
2011-09-12,1.08,30.7,24.7,1.24,87.59,0.7,3.84,Nepal_Birganj
2011-09-13,1.61,32.51,25.0,1.08,78.05,0.69,6.82,Nepal_Birganj
2011-09-14,25.54,31.37,25.19,1.29,81.73,0.7,4.72,Nepal_Birganj
2011-09-15,11.27,30.6,24.09,1.46,83.95,0.72,4.97,Nepal_Birganj
2011-09-16,8.23,31.11,24.76,0.81,83.86,0.72,4.57,Nepal_Birganj
2011-09-17,6.82,30.05,24.12,1.0,85.94,0.73,3.89,Nepal_Birganj
2011-09-18,5.96,30.73,24.53,0.39,81.47,0.73,4.67,Nepal_Birganj
2011-09-19,15.96,29.62,24.88,0.73,84.63,0.73,2.77,Nepal_Birganj
2011-09-20,23.37,29.41,24.54,0.99,87.5,0.76,2.58,Nepal_Birganj
2011-09-21,5.21,30.87,23.79,0.73,81.33,0.76,4.93,Nepal_Birganj
2011-09-22,2.26,29.14,24.3,0.96,87.48,0.76,3.24,Nepal_Birganj
2011-09-23,5.91,28.66,23.89,1.46,89.69,0.76,2.65,Nepal_Birganj
2011-09-24,25.86,27.73,24.15,2.21,90.63,0.77,1.52,Nepal_Birganj
2011-09-25,45.03,26.71,23.03,3.41,91.34,0.81,1.26,Nepal_Birganj
2011-09-26,10.44,26.81,22.38,1.99,87.92,0.84,1.56,Nepal_Birganj
2011-09-27,1.66,30.22,22.22,1.19,87.03,0.83,4.94,Nepal_Birganj
2011-09-28,0.0,29.93,22.66,1.12,85.36,0.82,5.47,Nepal_Birganj
2011-09-29,0.0,30.28,22.42,1.08,83.14,0.81,5.47,Nepal_Birganj
2011-09-30,0.0,30.81,22.8,0.77,81.66,0.8,6.4,Nepal_Birganj
2011-10-01,0.0,30.72,22.63,0.93,83.16,0.79,5.93,Nepal_Birganj
2011-10-02,0.0,29.7,22.46,1.1,82.9,0.78,5.16,Nepal_Birganj
2011-10-03,0.0,30.54,21.72,0.92,80.91,0.77,5.82,Nepal_Birganj
2011-10-04,0.25,29.98,22.15,0.94,81.65,0.76,4.86,Nepal_Birganj
2011-10-05,0.03,30.77,22.76,0.8,78.05,0.76,5.89,Nepal_Birganj
2011-10-06,0.0,31.2,23.0,0.99,79.84,0.75,6.07,Nepal_Birganj
2011-10-07,0.0,30.85,22.63,0.84,80.01,0.74,6.15,Nepal_Birganj
2011-10-08,1.03,30.59,22.68,0.78,79.77,0.73,5.79,Nepal_Birganj
2011-10-09,0.0,30.41,22.18,0.77,79.2,0.72,6.07,Nepal_Birganj
2011-10-10,0.0,30.78,21.68,0.86,77.79,0.71,6.23,Nepal_Birganj
2011-10-11,0.0,30.47,21.62,1.15,78.12,0.7,5.67,Nepal_Birganj
2011-10-12,0.0,29.49,21.44,1.18,81.03,0.7,5.48,Nepal_Birganj
2011-10-13,0.0,29.22,20.34,0.88,76.61,0.69,5.49,Nepal_Birganj
2011-10-14,0.0,29.52,20.82,0.75,76.77,0.68,4.86,Nepal_Birganj
2011-10-15,0.0,30.16,21.88,0.86,78.49,0.67,4.82,Nepal_Birganj
2011-10-16,0.07,29.9,20.88,1.06,77.29,0.66,4.38,Nepal_Birganj
2011-10-17,0.81,29.43,21.73,1.12,79.7,0.66,3.7,Nepal_Birganj
2011-10-18,0.54,29.8,21.98,1.06,79.92,0.65,3.89,Nepal_Birganj
2011-10-19,0.21,30.28,21.76,0.78,77.41,0.65,4.33,Nepal_Birganj
2011-10-20,0.84,30.24,20.68,1.1,72.95,0.64,3.86,Nepal_Birganj
2011-10-21,0.5,28.51,20.98,1.1,66.88,0.64,3.16,Nepal_Birganj
2011-10-22,0.13,29.24,17.94,0.96,69.24,0.63,4.11,Nepal_Birganj
2011-10-23,0.0,29.34,19.97,1.03,71.36,0.62,3.57,Nepal_Birganj
2011-10-24,0.0,29.71,19.62,1.12,76.12,0.61,3.22,Nepal_Birganj
2011-10-25,0.0,29.36,19.67,0.86,72.02,0.61,2.89,Nepal_Birganj
2011-10-26,0.0,29.58,19.71,0.93,68.95,0.6,3.01,Nepal_Birganj
2011-10-27,0.01,29.41,18.91,1.23,64.21,0.6,2.71,Nepal_Birganj
2011-10-28,0.0,28.6,17.73,1.2,57.54,0.59,2.44,Nepal_Birganj
2011-10-29,0.0,27.93,17.06,0.97,54.36,0.59,2.32,Nepal_Birganj
2011-10-30,0.0,27.38,16.72,0.95,58.93,0.58,2.12,Nepal_Birganj
2011-10-31,0.0,27.33,17.29,0.92,63.63,0.58,1.95,Nepal_Birganj
2011-11-01,0.06,26.88,17.13,1.01,67.54,0.58,1.69,Nepal_Birganj
2011-11-02,0.01,25.64,18.35,0.81,69.91,0.57,1.2,Nepal_Birganj
2011-11-03,0.0,26.67,16.33,1.09,71.33,0.57,1.34,Nepal_Birganj
2011-11-04,0.0,26.51,17.39,1.16,74.7,0.57,1.28,Nepal_Birganj
2011-11-05,0.0,26.54,17.72,1.05,75.68,0.56,1.26,Nepal_Birganj
2011-11-06,0.0,25.82,17.13,0.92,74.36,0.56,1.15,Nepal_Birganj
2011-11-07,0.0,26.91,16.91,0.89,69.03,0.56,1.37,Nepal_Birganj
2011-11-08,0.0,27.78,15.51,1.27,69.45,0.55,1.62,Nepal_Birganj
2011-11-09,0.0,28.2,16.79,0.99,64.29,0.55,1.7,Nepal_Birganj
2011-11-10,0.0,27.35,16.33,1.03,64.83,0.54,1.49,Nepal_Birganj
2011-11-11,0.0,27.4,16.92,0.99,66.1,0.54,1.32,Nepal_Birganj
2011-11-12,0.0,26.57,18.02,0.72,68.79,0.54,0.92,Nepal_Birganj
2011-11-13,0.0,26.38,17.58,0.9,72.6,0.54,0.82,Nepal_Birganj
2011-11-14,0.0,26.63,17.17,0.82,69.17,0.53,1.02,Nepal_Birganj
2011-11-15,0.05,26.63,17.07,1.16,66.37,0.53,0.98,Nepal_Birganj
2011-11-16,0.01,25.5,16.4,1.09,67.98,0.53,0.94,Nepal_Birganj
2011-11-17,0.0,25.37,14.81,0.98,66.32,0.52,0.82,Nepal_Birganj
2011-11-18,0.0,25.55,15.12,1.19,67.55,0.52,0.85,Nepal_Birganj
2011-11-19,0.0,27.25,15.71,0.97,66.13,0.52,1.05,Nepal_Birganj
2011-11-20,0.0,27.74,15.63,1.17,69.43,0.52,1.1,Nepal_Birganj
2011-11-21,0.0,28.17,16.02,1.12,68.08,0.51,1.1,Nepal_Birganj
2011-11-22,0.0,28.33,15.98,1.05,62.88,0.51,1.04,Nepal_Birganj
2011-11-23,0.0,28.69,15.74,1.23,61.6,0.51,1.02,Nepal_Birganj
2011-11-24,0.0,28.6,16.05,1.1,63.6,0.5,1.07,Nepal_Birganj
2011-11-25,0.0,28.04,17.3,1.39,61.62,0.5,0.93,Nepal_Birganj
2011-11-26,0.0,26.41,15.49,1.31,63.44,0.5,0.81,Nepal_Birganj
2011-11-27,0.0,25.54,14.05,1.5,62.76,0.5,0.74,Nepal_Birganj
2011-11-28,0.0,25.41,13.73,1.28,60.9,0.49,0.66,Nepal_Birganj
2011-11-29,0.0,24.8,13.28,0.98,60.25,0.49,0.6,Nepal_Birganj
2011-11-30,0.0,24.91,12.06,0.95,60.05,0.49,0.56,Nepal_Birganj
2011-12-01,0.0,26.83,13.96,1.15,60.29,0.49,0.61,Nepal_Birganj
2011-12-02,0.0,27.91,14.51,1.18,66.21,0.48,0.72,Nepal_Birganj
2011-12-03,0.0,26.15,15.37,1.5,65.39,0.48,0.59,Nepal_Birganj
2011-12-04,0.03,24.47,14.82,1.34,67.62,0.48,0.45,Nepal_Birganj
2011-12-05,0.04,24.17,13.3,0.94,59.56,0.48,0.4,Nepal_Birganj
2011-12-06,0.0,24.57,14.01,0.99,56.78,0.48,0.43,Nepal_Birganj
2011-12-07,0.0,25.9,13.7,0.94,57.8,0.48,0.47,Nepal_Birganj
2011-12-08,0.0,26.8,13.37,1.21,58.77,0.47,0.47,Nepal_Birganj
2011-12-09,0.0,25.16,13.02,1.2,59.57,0.47,0.44,Nepal_Birganj
2011-12-10,0.0,25.35,13.61,1.28,62.61,0.47,0.39,Nepal_Birganj
2011-12-11,0.0,24.49,13.51,1.15,57.46,0.47,0.41,Nepal_Birganj
2011-12-12,0.0,23.89,12.42,1.2,49.04,0.47,0.35,Nepal_Birganj
2011-12-13,0.0,22.71,11.48,1.29,64.82,0.46,0.32,Nepal_Birganj
2011-12-14,0.0,21.72,10.96,0.98,59.51,0.46,0.3,Nepal_Birganj
2011-12-15,0.0,21.57,10.63,1.27,48.75,0.46,0.28,Nepal_Birganj
2011-12-16,0.0,20.8,9.68,1.01,47.82,0.46,0.24,Nepal_Birganj
2011-12-17,0.0,20.59,9.62,0.96,51.02,0.46,0.21,Nepal_Birganj
2011-12-18,0.0,21.11,9.16,0.98,52.4,0.46,0.25,Nepal_Birganj
2011-12-19,0.0,21.76,8.3,1.29,55.91,0.46,0.25,Nepal_Birganj
2011-12-20,0.0,22.04,7.98,1.09,54.73,0.45,0.28,Nepal_Birganj
2011-12-21,0.0,22.29,7.27,1.53,53.25,0.45,0.26,Nepal_Birganj
2011-12-22,0.0,21.45,7.91,1.43,53.54,0.45,0.21,Nepal_Birganj
2011-12-23,0.0,21.44,9.89,1.07,50.94,0.45,0.24,Nepal_Birganj
2011-12-24,0.0,22.77,8.23,1.09,45.8,0.45,0.25,Nepal_Birganj
2011-12-25,0.0,23.13,10.0,1.11,40.15,0.45,0.24,Nepal_Birganj
2011-12-26,0.0,23.93,9.51,1.08,45.12,0.45,0.25,Nepal_Birganj
2011-12-27,0.0,24.6,10.17,1.08,44.57,0.44,0.26,Nepal_Birganj
2011-12-28,0.0,26.31,12.36,1.07,46.04,0.44,0.29,Nepal_Birganj
2011-12-29,0.0,25.47,11.65,1.25,48.52,0.44,0.25,Nepal_Birganj
2011-12-30,0.0,26.36,12.33,1.03,44.88,0.44,0.28,Nepal_Birganj
2011-12-31,0.18,26.38,13.33,1.07,44.68,0.44,0.27,Nepal_Birganj
2012-01-01,6.63,23.69,13.22,1.38,54.21,0.44,0.12,Nepal_Birganj
2012-01-02,6.67,18.45,12.88,1.3,82.37,0.46,0.09,Nepal_Birganj
2012-01-03,0.0,22.73,11.31,1.18,73.4,0.46,0.27,Nepal_Birganj
2012-01-04,0.0,23.19,11.92,1.26,63.81,0.45,0.26,Nepal_Birganj
2012-01-05,0.0,23.22,11.98,0.99,54.89,0.45,0.28,Nepal_Birganj
2012-01-06,0.02,23.78,11.92,1.19,53.21,0.45,0.25,Nepal_Birganj
2012-01-07,0.03,23.55,12.04,1.46,61.3,0.45,0.23,Nepal_Birganj
2012-01-08,0.01,19.78,12.86,1.48,63.9,0.45,0.1,Nepal_Birganj
2012-01-09,2.89,22.11,13.48,1.64,60.8,0.45,0.14,Nepal_Birganj
2012-01-10,0.01,23.42,11.07,1.45,64.19,0.45,0.25,Nepal_Birganj
2012-01-11,0.0,21.09,8.28,1.49,55.17,0.45,0.25,Nepal_Birganj
2012-01-12,0.0,20.0,6.89,1.27,57.34,0.45,0.19,Nepal_Birganj
2012-01-13,0.0,19.94,7.01,1.83,61.08,0.45,0.17,Nepal_Birganj
2012-01-14,0.0,19.78,5.16,1.24,53.87,0.44,0.17,Nepal_Birganj
2012-01-15,0.0,21.24,8.26,0.9,42.91,0.44,0.18,Nepal_Birganj
2012-01-16,0.26,23.58,10.03,1.07,44.18,0.44,0.19,Nepal_Birganj
2012-01-17,0.15,21.72,12.62,1.06,58.5,0.44,0.13,Nepal_Birganj
2012-01-18,0.32,23.98,11.94,1.2,56.43,0.44,0.2,Nepal_Birganj
2012-01-19,0.01,23.46,11.93,2.11,53.3,0.44,0.2,Nepal_Birganj
2012-01-20,0.0,21.81,11.93,1.72,58.89,0.44,0.15,Nepal_Birganj
2012-01-21,0.0,22.33,10.1,2.19,61.1,0.43,0.19,Nepal_Birganj
2012-01-22,0.0,21.89,6.89,1.44,54.53,0.43,0.18,Nepal_Birganj
2012-01-23,0.0,20.94,7.63,1.63,46.06,0.43,0.15,Nepal_Birganj
2012-01-24,0.0,22.14,7.72,1.55,46.99,0.43,0.17,Nepal_Birganj
2012-01-25,0.0,23.22,9.65,1.42,42.17,0.43,0.18,Nepal_Birganj
2012-01-26,0.0,24.92,11.02,1.48,40.28,0.43,0.21,Nepal_Birganj
2012-01-27,0.0,23.62,8.7,2.02,49.04,0.42,0.17,Nepal_Birganj
2012-01-28,0.0,24.39,9.19,1.77,41.12,0.42,0.18,Nepal_Birganj
2012-01-29,0.0,23.34,8.89,1.52,43.27,0.42,0.17,Nepal_Birganj
2012-01-30,0.0,23.84,8.04,1.7,39.06,0.42,0.17,Nepal_Birganj
2012-01-31,0.0,24.0,8.4,1.95,38.61,0.42,0.16,Nepal_Birganj
2012-02-01,0.0,21.84,7.35,1.69,44.69,0.41,0.12,Nepal_Birganj
2012-02-02,0.0,22.98,6.2,1.32,46.86,0.41,0.12,Nepal_Birganj
2012-02-03,0.0,23.79,9.35,1.47,41.68,0.41,0.12,Nepal_Birganj
2012-02-04,0.0,24.69,10.82,1.11,39.43,0.41,0.12,Nepal_Birganj
2012-02-05,0.0,26.94,12.96,1.62,40.09,0.41,0.15,Nepal_Birganj
2012-02-06,0.0,27.79,12.89,2.32,42.87,0.41,0.16,Nepal_Birganj
2012-02-07,0.16,29.6,11.08,2.15,44.28,0.4,0.17,Nepal_Birganj
2012-02-08,4.76,22.95,14.95,1.65,59.26,0.4,0.05,Nepal_Birganj
2012-02-09,0.0,23.17,10.11,2.09,61.99,0.41,0.12,Nepal_Birganj
2012-02-10,0.0,24.04,6.99,1.83,41.81,0.41,0.15,Nepal_Birganj
2012-02-11,0.0,23.64,9.29,1.47,38.94,0.41,0.13,Nepal_Birganj
2012-02-12,0.0,23.35,8.94,1.45,42.81,0.4,0.11,Nepal_Birganj
2012-02-13,0.09,25.49,12.19,1.6,40.66,0.4,0.12,Nepal_Birganj
2012-02-14,0.3,27.65,14.42,1.27,45.66,0.4,0.12,Nepal_Birganj
2012-02-15,0.02,29.01,16.31,1.15,37.62,0.4,0.15,Nepal_Birganj
2012-02-16,0.15,27.92,13.99,1.49,46.31,0.4,0.13,Nepal_Birganj
2012-02-17,0.14,28.65,16.04,1.88,45.98,0.4,0.14,Nepal_Birganj
2012-02-18,0.0,28.08,11.68,2.3,38.95,0.39,0.12,Nepal_Birganj
2012-02-19,0.0,27.81,11.35,1.75,35.2,0.39,0.12,Nepal_Birganj
2012-02-20,0.0,28.0,11.93,1.24,39.35,0.39,0.11,Nepal_Birganj
2012-02-21,0.0,28.81,13.85,1.54,40.08,0.39,0.11,Nepal_Birganj
2012-02-22,0.0,30.88,15.73,1.94,39.38,0.39,0.11,Nepal_Birganj
2012-02-23,0.0,33.57,16.52,2.79,33.37,0.39,0.14,Nepal_Birganj
2012-02-24,0.0,32.95,16.31,2.76,32.24,0.38,0.13,Nepal_Birganj
2012-02-25,0.0,32.53,16.11,2.63,30.6,0.38,0.12,Nepal_Birganj
2012-02-26,0.0,31.69,13.51,2.99,26.78,0.38,0.1,Nepal_Birganj
2012-02-27,0.0,29.54,10.85,1.83,28.83,0.38,0.08,Nepal_Birganj
2012-02-28,0.0,29.88,14.05,2.11,27.19,0.38,0.07,Nepal_Birganj
2012-02-29,0.0,29.97,14.85,2.27,33.42,0.37,0.07,Nepal_Birganj
2012-03-01,0.0,29.56,14.84,1.67,28.26,0.37,0.07,Nepal_Birganj
2012-03-02,0.0,29.18,14.49,1.96,26.36,0.37,0.06,Nepal_Birganj
2012-03-03,0.0,29.55,14.66,1.83,25.68,0.37,0.06,Nepal_Birganj
2012-03-04,0.0,29.83,14.71,1.82,29.57,0.37,0.05,Nepal_Birganj
2012-03-05,0.0,30.51,15.71,1.64,33.41,0.37,0.05,Nepal_Birganj
2012-03-06,0.0,33.06,17.57,1.87,35.67,0.37,0.05,Nepal_Birganj
2012-03-07,0.0,32.39,18.7,2.43,30.5,0.37,0.05,Nepal_Birganj
2012-03-08,0.0,31.57,15.57,2.04,22.45,0.36,0.05,Nepal_Birganj
2012-03-09,0.0,31.12,16.15,1.76,19.94,0.36,0.04,Nepal_Birganj
2012-03-10,0.0,30.51,14.48,1.55,18.0,0.36,0.04,Nepal_Birganj
2012-03-11,0.0,31.64,13.84,1.75,16.38,0.36,0.04,Nepal_Birganj
2012-03-12,0.62,33.51,15.17,1.9,15.56,0.36,0.04,Nepal_Birganj
2012-03-13,11.52,25.91,14.89,1.82,60.69,0.37,0.01,Nepal_Birganj
2012-03-14,0.0,28.76,15.48,2.08,51.51,0.38,0.06,Nepal_Birganj
2012-03-15,0.0,29.64,13.76,2.37,36.37,0.38,0.06,Nepal_Birganj
2012-03-16,0.0,30.82,14.59,1.57,28.72,0.37,0.06,Nepal_Birganj
2012-03-17,0.0,31.56,14.42,1.35,24.62,0.37,0.06,Nepal_Birganj
2012-03-18,0.0,31.23,16.07,1.75,29.09,0.37,0.04,Nepal_Birganj
2012-03-19,0.0,33.44,17.9,1.41,34.75,0.37,0.04,Nepal_Birganj
2012-03-20,0.0,34.61,19.37,1.49,34.1,0.36,0.04,Nepal_Birganj
2012-03-21,0.0,37.51,20.75,2.66,27.0,0.36,0.05,Nepal_Birganj
2012-03-22,0.0,34.36,17.19,2.46,21.08,0.36,0.04,Nepal_Birganj
2012-03-23,0.0,34.28,15.25,1.66,18.87,0.36,0.04,Nepal_Birganj
2012-03-24,0.0,33.68,16.75,1.6,15.51,0.36,0.03,Nepal_Birganj
2012-03-25,0.0,33.5,17.88,1.29,17.92,0.36,0.03,Nepal_Birganj
2012-03-26,0.0,35.88,19.66,1.53,19.12,0.36,0.03,Nepal_Birganj
2012-03-27,0.0,37.09,21.85,1.86,18.2,0.35,0.03,Nepal_Birganj
2012-03-28,0.0,37.66,21.82,1.99,19.03,0.35,0.03,Nepal_Birganj
2012-03-29,0.0,36.77,20.46,2.76,18.23,0.35,0.03,Nepal_Birganj
2012-03-30,0.0,36.32,20.38,1.3,17.73,0.35,0.03,Nepal_Birganj
2012-03-31,0.0,36.85,20.94,1.96,19.27,0.35,0.02,Nepal_Birganj
2012-04-01,0.0,37.75,22.19,1.49,20.47,0.35,0.02,Nepal_Birganj
2012-04-02,0.0,37.94,22.49,1.45,21.83,0.35,0.02,Nepal_Birganj
2012-04-03,0.04,38.49,23.37,1.64,23.14,0.35,0.02,Nepal_Birganj
2012-04-04,0.1,38.99,23.99,1.65,26.45,0.35,0.02,Nepal_Birganj
2012-04-05,0.07,38.06,24.12,1.55,25.99,0.35,0.02,Nepal_Birganj
2012-04-06,2.12,36.94,24.02,1.32,27.89,0.35,0.02,Nepal_Birganj
2012-04-07,4.79,34.7,21.57,1.9,43.6,0.36,0.02,Nepal_Birganj
2012-04-08,1.66,35.63,20.85,1.56,33.67,0.36,0.02,Nepal_Birganj
2012-04-09,1.23,35.72,21.73,1.5,35.78,0.36,0.02,Nepal_Birganj
2012-04-10,0.01,34.81,22.54,2.98,41.91,0.36,0.02,Nepal_Birganj
2012-04-11,1.7,34.79,22.46,2.23,41.21,0.36,0.02,Nepal_Birganj
2012-04-12,0.84,36.26,22.61,1.8,38.82,0.36,0.02,Nepal_Birganj
2012-04-13,0.0,38.85,22.18,2.37,27.11,0.35,0.02,Nepal_Birganj
2012-04-14,0.26,38.66,23.41,2.48,25.38,0.35,0.02,Nepal_Birganj
2012-04-15,0.36,36.72,22.35,2.93,29.25,0.35,0.01,Nepal_Birganj
2012-04-16,0.2,36.77,22.45,2.69,31.01,0.35,0.01,Nepal_Birganj
2012-04-17,0.0,38.87,21.28,3.17,27.32,0.35,0.01,Nepal_Birganj
2012-04-18,0.0,39.56,23.88,2.77,25.08,0.35,0.01,Nepal_Birganj
2012-04-19,0.0,40.24,24.99,3.4,23.46,0.35,0.01,Nepal_Birganj
2012-04-20,0.0,37.79,25.34,0.98,23.26,0.35,0.01,Nepal_Birganj
2012-04-21,0.02,38.92,25.29,2.06,24.17,0.35,0.01,Nepal_Birganj
2012-04-22,0.0,39.24,22.82,4.38,21.93,0.35,0.01,Nepal_Birganj
2012-04-23,0.0,39.85,23.08,3.93,19.87,0.35,0.01,Nepal_Birganj
2012-04-24,0.0,41.08,24.33,3.09,18.55,0.35,0.0,Nepal_Birganj
2012-04-25,0.0,41.58,25.22,2.22,17.17,0.35,0.0,Nepal_Birganj
2012-04-26,0.12,41.05,25.71,2.16,19.34,0.35,0.0,Nepal_Birganj
2012-04-27,0.18,41.53,25.37,2.81,19.28,0.35,0.0,Nepal_Birganj
2012-04-28,0.0,39.99,25.73,3.59,18.21,0.34,0.0,Nepal_Birganj
2012-04-29,0.0,40.11,24.45,2.83,19.64,0.34,0.0,Nepal_Birganj
2012-04-30,0.0,40.02,25.73,2.55,15.28,0.34,0.0,Nepal_Birganj
2012-05-01,0.0,40.75,23.77,1.88,13.03,0.34,0.0,Nepal_Birganj
2012-05-02,0.0,40.34,24.19,2.03,13.16,0.34,0.0,Nepal_Birganj
2012-05-03,0.0,39.42,23.34,1.82,13.29,0.34,0.0,Nepal_Birganj
2012-05-04,0.31,38.29,24.34,1.95,18.63,0.34,0.0,Nepal_Birganj
2012-05-05,0.32,37.04,24.57,2.17,33.7,0.34,0.0,Nepal_Birganj
2012-05-06,1.67,38.51,23.46,1.68,28.53,0.35,0.0,Nepal_Birganj
2012-05-07,0.0,40.34,25.18,1.55,22.2,0.35,0.0,Nepal_Birganj
2012-05-08,0.01,40.58,26.4,1.7,23.26,0.35,0.0,Nepal_Birganj
2012-05-09,0.1,40.22,27.26,1.96,28.62,0.35,0.0,Nepal_Birganj
2012-05-10,1.08,40.64,27.75,1.8,34.02,0.35,0.0,Nepal_Birganj
2012-05-11,0.01,40.19,28.37,2.25,37.24,0.35,0.0,Nepal_Birganj
2012-05-12,0.0,42.06,27.81,1.85,28.51,0.35,0.0,Nepal_Birganj
2012-05-13,0.0,43.12,28.31,3.11,20.15,0.35,0.0,Nepal_Birganj
2012-05-14,0.0,43.38,27.51,3.81,18.95,0.34,0.0,Nepal_Birganj
2012-05-15,0.0,43.04,27.5,2.76,18.7,0.34,0.0,Nepal_Birganj
2012-05-16,0.0,42.26,27.05,2.48,16.62,0.34,0.0,Nepal_Birganj
2012-05-17,0.0,44.12,28.44,1.39,15.04,0.34,0.0,Nepal_Birganj
2012-05-18,0.81,41.67,27.98,2.1,22.9,0.34,0.0,Nepal_Birganj
2012-05-19,0.08,42.66,28.2,1.84,24.56,0.34,0.0,Nepal_Birganj
2012-05-20,0.0,42.76,29.74,1.46,18.46,0.34,0.0,Nepal_Birganj
2012-05-21,0.07,42.1,27.96,1.7,16.03,0.34,0.0,Nepal_Birganj
2012-05-22,0.04,44.3,26.86,2.25,13.15,0.34,0.0,Nepal_Birganj
2012-05-23,0.0,44.9,29.04,2.84,13.86,0.34,0.0,Nepal_Birganj
2012-05-24,0.0,43.92,28.66,1.7,10.75,0.34,0.0,Nepal_Birganj
2012-05-25,0.0,43.13,27.07,1.77,14.27,0.34,0.0,Nepal_Birganj
2012-05-26,0.0,41.9,27.7,1.99,24.03,0.34,0.0,Nepal_Birganj
2012-05-27,0.01,42.17,30.08,1.89,30.16,0.34,0.0,Nepal_Birganj
2012-05-28,0.17,43.17,28.38,1.36,25.71,0.34,0.0,Nepal_Birganj
2012-05-29,0.0,43.64,29.55,2.27,35.36,0.34,0.0,Nepal_Birganj
2012-05-30,0.08,42.73,29.76,2.05,32.5,0.34,0.0,Nepal_Birganj
2012-05-31,5.82,41.49,31.53,2.14,38.35,0.35,0.0,Nepal_Birganj
2012-06-01,4.14,40.62,29.93,2.54,45.55,0.36,0.0,Nepal_Birganj
2012-06-02,21.2,36.99,29.24,1.89,56.53,0.38,0.04,Nepal_Birganj
2012-06-03,0.63,44.09,27.87,2.3,38.72,0.39,0.15,Nepal_Birganj
2012-06-04,0.0,44.0,27.89,2.33,27.6,0.38,0.1,Nepal_Birganj
2012-06-05,0.8,43.03,28.59,2.08,26.77,0.38,0.08,Nepal_Birganj
2012-06-06,1.86,41.85,28.13,1.44,33.02,0.37,0.12,Nepal_Birganj
2012-06-07,0.33,41.51,28.9,2.01,38.34,0.37,0.04,Nepal_Birganj
2012-06-08,0.8,41.24,27.84,1.6,34.33,0.37,0.03,Nepal_Birganj
2012-06-09,0.88,42.45,29.4,1.49,31.74,0.36,0.03,Nepal_Birganj
2012-06-10,0.69,41.93,27.38,1.59,30.38,0.36,0.02,Nepal_Birganj
2012-06-11,0.0,42.61,29.24,1.32,24.66,0.36,0.02,Nepal_Birganj
2012-06-12,0.0,42.45,28.48,1.91,28.37,0.35,0.01,Nepal_Birganj
2012-06-13,0.01,43.24,30.61,1.89,30.84,0.35,0.01,Nepal_Birganj
2012-06-14,0.09,45.38,30.21,1.61,27.22,0.35,0.0,Nepal_Birganj
2012-06-15,0.04,45.41,30.19,1.6,21.31,0.35,0.0,Nepal_Birganj
2012-06-16,0.11,44.56,28.55,1.8,24.69,0.35,0.0,Nepal_Birganj
2012-06-17,1.25,37.23,28.48,5.27,53.17,0.35,0.0,Nepal_Birganj
2012-06-18,4.23,36.07,27.41,3.02,57.89,0.36,0.0,Nepal_Birganj
2012-06-19,0.79,39.14,28.47,1.66,51.01,0.36,0.0,Nepal_Birganj
2012-06-20,0.47,41.68,30.01,1.78,43.25,0.35,0.0,Nepal_Birganj
2012-06-21,6.45,37.9,28.98,2.9,54.09,0.35,0.0,Nepal_Birganj
2012-06-22,3.6,31.55,27.47,2.08,70.41,0.37,0.01,Nepal_Birganj
2012-06-23,5.0,35.86,28.01,1.25,62.31,0.37,0.03,Nepal_Birganj
2012-06-24,9.78,37.26,27.95,1.67,61.69,0.38,0.07,Nepal_Birganj
2012-06-25,3.46,41.24,28.31,2.48,50.82,0.39,0.14,Nepal_Birganj
2012-06-26,0.4,43.64,27.87,2.91,35.06,0.38,0.13,Nepal_Birganj
2012-06-27,0.0,42.1,28.86,2.97,35.31,0.38,0.09,Nepal_Birganj
2012-06-28,0.0,40.62,29.93,1.42,40.09,0.37,0.07,Nepal_Birganj
2012-06-29,0.0,40.35,29.96,2.76,46.05,0.37,0.05,Nepal_Birganj
2012-06-30,0.0,41.64,29.87,2.28,42.08,0.37,0.04,Nepal_Birganj
2012-07-01,0.39,40.72,30.45,4.19,48.28,0.36,0.03,Nepal_Birganj
2012-07-02,1.41,37.65,29.34,2.57,58.31,0.36,0.03,Nepal_Birganj
2012-07-03,5.99,38.18,28.92,3.65,55.93,0.37,0.06,Nepal_Birganj
2012-07-04,6.45,37.33,27.27,3.26,61.08,0.38,0.11,Nepal_Birganj
2012-07-05,21.8,34.92,27.51,3.06,70.18,0.39,0.12,Nepal_Birganj
2012-07-06,24.4,32.99,26.5,2.67,75.71,0.43,0.27,Nepal_Birganj
2012-07-07,55.04,30.45,25.85,2.81,82.93,0.52,0.68,Nepal_Birganj
2012-07-08,4.53,34.18,26.12,1.83,73.29,0.54,1.88,Nepal_Birganj
2012-07-09,4.31,34.93,26.64,3.49,73.1,0.53,1.92,Nepal_Birganj
2012-07-10,1.69,34.38,26.78,2.31,71.34,0.53,1.58,Nepal_Birganj
2012-07-11,5.29,35.1,27.98,1.7,67.75,0.52,1.76,Nepal_Birganj
2012-07-12,9.46,32.04,27.54,1.32,81.31,0.53,0.67,Nepal_Birganj
2012-07-13,13.51,33.56,26.92,2.2,77.55,0.54,1.83,Nepal_Birganj
2012-07-14,34.91,33.43,26.04,1.57,76.97,0.57,2.72,Nepal_Birganj
2012-07-15,36.74,32.82,26.3,1.47,78.7,0.61,3.67,Nepal_Birganj
2012-07-16,45.3,30.71,25.25,1.55,86.19,0.67,2.13,Nepal_Birganj
2012-07-17,5.19,32.32,25.14,1.81,84.0,0.69,4.58,Nepal_Birganj
2012-07-18,6.1,31.18,25.27,1.34,86.32,0.68,2.43,Nepal_Birganj
2012-07-19,19.81,30.06,26.05,1.19,90.43,0.69,1.02,Nepal_Birganj
2012-07-20,8.13,32.21,25.33,0.84,81.0,0.7,3.53,Nepal_Birganj
2012-07-21,1.83,32.73,26.18,1.44,80.18,0.7,5.3,Nepal_Birganj
2012-07-22,0.75,30.44,25.64,2.11,84.47,0.68,4.45,Nepal_Birganj
2012-07-23,2.79,33.47,25.53,0.89,78.42,0.68,5.87,Nepal_Birganj
2012-07-24,28.09,31.84,25.89,1.22,82.87,0.68,4.1,Nepal_Birganj
2012-07-25,37.77,31.4,25.43,0.97,84.0,0.73,2.93,Nepal_Birganj
2012-07-26,4.37,32.25,25.81,0.81,80.08,0.74,4.73,Nepal_Birganj
2012-07-27,4.81,31.33,25.81,1.12,81.98,0.73,4.19,Nepal_Birganj
2012-07-28,5.49,33.06,25.92,1.12,80.4,0.73,6.0,Nepal_Birganj
2012-07-29,4.58,32.36,25.48,1.48,84.52,0.72,5.85,Nepal_Birganj
2012-07-30,0.48,32.9,24.98,1.49,80.14,0.71,6.71,Nepal_Birganj
2012-07-31,3.36,32.75,25.21,0.83,79.45,0.7,5.9,Nepal_Birganj
2012-08-01,0.29,32.55,25.56,1.26,79.2,0.69,6.57,Nepal_Birganj
2012-08-02,1.89,32.31,25.15,1.36,83.0,0.67,5.86,Nepal_Birganj
2012-08-03,40.39,31.36,25.58,1.1,84.53,0.7,3.6,Nepal_Birganj
2012-08-04,3.3,33.12,25.03,0.8,77.36,0.71,7.3,Nepal_Birganj
2012-08-05,3.98,32.55,25.63,1.04,79.18,0.7,6.39,Nepal_Birganj
2012-08-06,1.67,32.24,25.67,1.59,82.08,0.68,5.81,Nepal_Birganj
2012-08-07,0.89,31.59,24.89,1.82,83.55,0.67,6.14,Nepal_Birganj
2012-08-08,3.03,31.78,24.92,1.68,81.58,0.66,5.47,Nepal_Birganj
2012-08-09,8.15,32.44,25.02,0.79,77.02,0.66,5.84,Nepal_Birganj
2012-08-10,4.01,33.68,24.63,1.05,77.82,0.66,6.49,Nepal_Birganj
2012-08-11,5.68,30.84,25.35,2.72,83.38,0.66,4.56,Nepal_Birganj
2012-08-12,12.93,31.0,24.35,2.29,83.79,0.66,5.29,Nepal_Birganj
2012-08-13,8.32,31.54,23.85,1.11,80.33,0.66,5.57,Nepal_Birganj
2012-08-14,10.2,32.37,24.25,1.23,81.17,0.66,6.28,Nepal_Birganj
2012-08-15,11.64,31.56,24.41,0.88,83.08,0.67,4.5,Nepal_Birganj
2012-08-16,4.71,33.48,24.53,1.48,80.58,0.67,6.78,Nepal_Birganj
2012-08-17,14.05,32.01,25.55,1.78,84.79,0.67,4.13,Nepal_Birganj
2012-08-18,5.03,33.01,25.4,1.0,82.48,0.68,5.87,Nepal_Birganj
2012-08-19,4.26,32.61,25.6,1.05,80.49,0.67,7.11,Nepal_Birganj
2012-08-20,4.56,29.71,24.8,1.09,85.27,0.67,2.41,Nepal_Birganj
2012-08-21,7.73,32.03,24.51,1.68,83.21,0.66,5.77,Nepal_Birganj
2012-08-22,11.76,28.39,24.83,2.33,91.08,0.68,1.73,Nepal_Birganj
2012-08-23,9.68,29.83,23.84,1.27,86.87,0.68,3.62,Nepal_Birganj
2012-08-24,4.2,29.95,24.0,1.73,87.39,0.68,4.34,Nepal_Birganj
2012-08-25,13.49,31.5,24.03,0.9,83.59,0.68,5.84,Nepal_Birganj
2012-08-26,10.36,32.02,24.12,0.86,79.12,0.69,7.15,Nepal_Birganj
2012-08-27,6.96,30.62,24.08,1.47,83.21,0.69,6.21,Nepal_Birganj
2012-08-28,4.2,31.08,24.38,1.42,84.97,0.69,6.0,Nepal_Birganj
2012-08-29,2.46,31.59,24.78,1.19,80.75,0.68,6.33,Nepal_Birganj
2012-08-30,2.84,32.05,24.72,0.88,79.78,0.67,7.16,Nepal_Birganj
2012-08-31,8.68,32.07,24.33,0.98,78.44,0.66,6.74,Nepal_Birganj
2012-09-01,7.79,32.22,24.44,0.82,80.18,0.67,6.21,Nepal_Birganj
2012-09-02,11.26,31.41,25.02,0.58,78.94,0.67,5.62,Nepal_Birganj
2012-09-03,5.74,32.41,24.2,1.25,78.95,0.67,7.68,Nepal_Birganj
2012-09-04,8.04,31.05,23.73,2.56,81.98,0.67,5.84,Nepal_Birganj
2012-09-05,4.88,30.73,24.58,3.23,82.33,0.66,5.63,Nepal_Birganj
2012-09-06,1.04,30.54,23.54,2.26,83.35,0.66,5.62,Nepal_Birganj
2012-09-07,0.24,31.18,23.0,1.44,79.12,0.65,6.0,Nepal_Birganj
2012-09-08,8.69,33.0,22.9,0.95,75.38,0.64,6.61,Nepal_Birganj
2012-09-09,2.26,32.21,24.65,1.17,78.31,0.64,5.44,Nepal_Birganj
2012-09-10,4.74,32.28,24.73,1.14,78.33,0.64,5.53,Nepal_Birganj
2012-09-11,5.65,31.44,24.16,1.0,78.92,0.63,5.1,Nepal_Birganj
2012-09-12,14.61,31.01,25.28,0.61,78.54,0.64,3.88,Nepal_Birganj
2012-09-13,13.62,31.58,24.72,0.88,80.71,0.66,5.01,Nepal_Birganj
2012-09-14,13.6,31.11,24.31,1.11,83.92,0.67,4.68,Nepal_Birganj
2012-09-15,51.37,30.45,24.23,0.73,83.75,0.69,3.9,Nepal_Birganj
2012-09-16,50.36,30.57,23.84,1.56,86.52,0.75,5.32,Nepal_Birganj
2012-09-17,83.27,27.77,23.85,2.73,91.65,0.85,2.02,Nepal_Birganj
2012-09-18,32.18,27.45,23.62,1.4,86.95,0.89,2.6,Nepal_Birganj
2012-09-19,0.75,30.3,22.99,1.38,86.68,0.88,4.99,Nepal_Birganj
2012-09-20,0.07,30.44,23.78,1.22,87.51,0.86,4.61,Nepal_Birganj
2012-09-21,0.04,30.13,23.31,1.71,89.73,0.85,4.25,Nepal_Birganj
2012-09-22,0.04,30.22,23.16,1.81,87.74,0.84,5.01,Nepal_Birganj
2012-09-23,0.26,29.91,21.93,1.56,88.14,0.83,4.88,Nepal_Birganj
2012-09-24,0.03,29.6,21.24,1.43,88.32,0.82,5.05,Nepal_Birganj
2012-09-25,0.75,29.72,21.38,1.12,86.81,0.81,5.17,Nepal_Birganj
2012-09-26,1.76,29.81,21.86,0.96,86.36,0.81,4.73,Nepal_Birganj
2012-09-27,0.0,30.12,21.34,1.24,86.63,0.8,4.97,Nepal_Birganj
2012-09-28,0.0,29.94,21.69,1.46,86.9,0.79,5.07,Nepal_Birganj
2012-09-29,0.0,30.2,21.72,1.41,87.09,0.78,5.27,Nepal_Birganj
2012-09-30,0.04,29.89,21.58,1.51,87.86,0.77,4.72,Nepal_Birganj
2012-10-01,1.58,29.97,22.02,1.42,88.42,0.76,4.55,Nepal_Birganj
2012-10-02,2.3,30.04,22.87,1.01,86.77,0.76,4.27,Nepal_Birganj
2012-10-03,1.47,29.71,22.26,1.43,88.03,0.75,4.36,Nepal_Birganj
2012-10-04,0.15,29.43,22.33,1.74,89.16,0.74,4.37,Nepal_Birganj
2012-10-05,2.05,29.33,20.73,1.22,85.37,0.74,4.91,Nepal_Birganj
2012-10-06,0.63,29.61,20.54,0.87,81.66,0.73,5.16,Nepal_Birganj
2012-10-07,0.0,30.09,20.56,0.87,79.58,0.72,5.75,Nepal_Birganj
2012-10-08,6.67,29.06,20.46,1.2,85.71,0.72,4.52,Nepal_Birganj
2012-10-09,3.12,28.93,21.64,0.98,83.58,0.72,4.91,Nepal_Birganj
2012-10-10,1.27,27.83,19.46,1.11,84.64,0.71,5.03,Nepal_Birganj
2012-10-11,0.68,27.88,18.88,2.09,87.4,0.7,4.78,Nepal_Birganj
2012-10-12,0.0,27.94,18.61,1.62,85.48,0.7,4.9,Nepal_Birganj
2012-10-13,0.0,27.97,18.31,1.09,81.41,0.69,4.82,Nepal_Birganj
2012-10-14,0.0,27.8,18.32,1.02,79.83,0.68,4.57,Nepal_Birganj
2012-10-15,0.0,27.08,18.42,0.92,81.37,0.67,4.31,Nepal_Birganj
2012-10-16,0.0,27.74,18.12,1.01,81.78,0.67,4.24,Nepal_Birganj
2012-10-17,0.0,28.49,18.51,0.96,79.58,0.66,4.22,Nepal_Birganj
2012-10-18,0.0,28.03,18.06,1.35,81.95,0.65,3.82,Nepal_Birganj
2012-10-19,0.0,27.94,18.04,1.14,81.0,0.65,3.8,Nepal_Birganj
2012-10-20,0.0,27.01,17.26,1.21,80.32,0.64,3.54,Nepal_Birganj
2012-10-21,0.0,25.25,16.43,1.32,83.42,0.63,2.12,Nepal_Birganj
2012-10-22,0.0,27.12,15.73,1.57,82.93,0.63,3.21,Nepal_Birganj
2012-10-23,0.0,26.77,15.91,1.3,80.89,0.62,2.92,Nepal_Birganj
2012-10-24,0.31,27.1,15.93,1.6,78.79,0.62,2.91,Nepal_Birganj
2012-10-25,0.0,27.11,15.05,1.64,75.37,0.61,2.88,Nepal_Birganj
2012-10-26,0.26,26.24,15.64,1.21,67.6,0.61,2.81,Nepal_Birganj
2012-10-27,0.0,26.01,13.76,1.68,67.18,0.6,2.52,Nepal_Birganj
2012-10-28,0.0,26.78,13.83,1.63,70.42,0.6,2.45,Nepal_Birganj
2012-10-29,0.0,27.55,13.84,1.68,74.26,0.59,2.44,Nepal_Birganj
2012-10-30,0.0,28.08,14.2,1.5,69.83,0.58,2.46,Nepal_Birganj
2012-10-31,0.0,28.78,14.21,1.44,63.34,0.58,2.45,Nepal_Birganj
2012-11-01,0.0,27.84,13.81,1.4,63.16,0.57,2.28,Nepal_Birganj
2012-11-02,0.0,26.71,13.69,1.45,68.45,0.57,1.75,Nepal_Birganj
2012-11-03,0.13,27.23,13.53,1.22,65.77,0.57,1.96,Nepal_Birganj
2012-11-04,0.43,27.83,13.88,0.83,56.88,0.56,2.19,Nepal_Birganj
2012-11-05,1.0,28.24,13.79,1.1,56.6,0.56,2.0,Nepal_Birganj
2012-11-06,0.04,27.85,13.63,1.51,68.5,0.55,1.8,Nepal_Birganj
2012-11-07,0.0,26.43,14.28,2.05,78.89,0.55,1.47,Nepal_Birganj
2012-11-08,0.0,26.27,14.38,1.24,71.74,0.55,1.3,Nepal_Birganj
2012-11-09,0.0,25.31,15.24,1.31,66.34,0.54,1.14,Nepal_Birganj
2012-11-10,0.0,23.58,13.42,1.36,69.91,0.54,0.81,Nepal_Birganj
2012-11-11,0.0,25.53,12.62,1.33,71.39,0.54,1.0,Nepal_Birganj
2012-11-12,0.0,26.34,13.83,1.48,67.06,0.54,1.16,Nepal_Birganj
2012-11-13,0.0,26.14,13.85,1.81,64.79,0.53,1.16,Nepal_Birganj
2012-11-14,0.0,25.56,12.65,1.76,72.48,0.53,1.09,Nepal_Birganj
2012-11-15,0.0,25.2,12.17,1.73,73.3,0.53,1.04,Nepal_Birganj
2012-11-16,0.0,26.78,11.47,1.57,66.97,0.52,1.07,Nepal_Birganj
2012-11-17,0.0,27.47,12.24,1.62,56.73,0.52,1.13,Nepal_Birganj
2012-11-18,0.0,27.13,12.66,1.26,58.65,0.52,1.07,Nepal_Birganj
2012-11-19,0.0,25.63,12.37,1.43,60.17,0.51,1.01,Nepal_Birganj
2012-11-20,1.0,25.4,11.16,1.56,62.51,0.51,0.88,Nepal_Birganj
2012-11-21,2.92,25.09,11.71,1.79,72.67,0.51,0.85,Nepal_Birganj
2012-11-22,0.0,24.89,11.49,1.82,67.15,0.51,0.83,Nepal_Birganj
2012-11-23,0.0,23.39,11.17,1.72,64.52,0.51,0.63,Nepal_Birganj
2012-11-24,0.0,22.94,9.88,1.75,65.27,0.51,0.57,Nepal_Birganj
2012-11-25,0.0,22.95,10.38,1.72,61.26,0.5,0.65,Nepal_Birganj
2012-11-26,0.0,23.49,10.9,1.45,61.4,0.5,0.64,Nepal_Birganj
2012-11-27,0.0,21.9,9.95,1.42,67.8,0.5,0.55,Nepal_Birganj
2012-11-28,0.0,22.23,9.49,1.41,66.67,0.5,0.56,Nepal_Birganj
2012-11-29,0.0,22.04,9.85,1.6,63.9,0.49,0.51,Nepal_Birganj
2012-11-30,0.0,25.37,11.12,2.05,61.56,0.49,0.62,Nepal_Birganj
2012-12-01,0.0,25.56,10.93,1.94,60.38,0.49,0.63,Nepal_Birganj
2012-12-02,0.0,23.87,10.06,2.09,59.69,0.49,0.55,Nepal_Birganj
2012-12-03,0.0,24.47,8.9,2.1,57.39,0.49,0.54,Nepal_Birganj
2012-12-04,0.0,24.02,8.17,1.59,64.47,0.48,0.52,Nepal_Birganj
2012-12-05,0.0,22.2,8.84,0.91,65.8,0.48,0.38,Nepal_Birganj
2012-12-06,0.0,21.78,9.87,1.02,64.18,0.48,0.35,Nepal_Birganj
2012-12-07,0.0,22.13,10.3,0.97,63.89,0.48,0.37,Nepal_Birganj
2012-12-08,0.0,22.23,10.07,1.14,62.44,0.48,0.33,Nepal_Birganj
2012-12-09,0.0,22.81,10.17,1.51,60.82,0.48,0.32,Nepal_Birganj
2012-12-10,0.0,22.71,10.85,1.41,62.96,0.47,0.3,Nepal_Birganj
2012-12-11,0.0,24.18,12.32,1.26,52.45,0.47,0.34,Nepal_Birganj
2012-12-12,0.0,22.81,12.26,1.59,53.02,0.47,0.33,Nepal_Birganj
2012-12-13,0.0,23.25,11.11,1.41,57.8,0.47,0.37,Nepal_Birganj
2012-12-14,0.0,24.48,10.59,1.13,47.27,0.47,0.43,Nepal_Birganj
2012-12-15,0.0,23.23,10.63,1.87,57.88,0.46,0.33,Nepal_Birganj
2012-12-16,0.0,23.04,10.04,2.28,73.32,0.46,0.31,Nepal_Birganj
2012-12-17,0.0,23.1,10.26,1.7,68.29,0.46,0.31,Nepal_Birganj
2012-12-18,0.0,21.44,8.25,1.03,69.65,0.46,0.3,Nepal_Birganj
2012-12-19,0.0,20.76,9.57,1.31,68.86,0.46,0.25,Nepal_Birganj
2012-12-20,0.0,19.11,8.35,1.16,69.2,0.46,0.23,Nepal_Birganj
2012-12-21,0.0,19.61,6.18,1.61,63.97,0.46,0.2,Nepal_Birganj
2012-12-22,0.0,18.97,5.21,1.68,58.15,0.46,0.16,Nepal_Birganj
2012-12-23,0.0,21.85,5.59,2.05,52.58,0.45,0.23,Nepal_Birganj
2012-12-24,0.0,21.96,6.13,2.15,48.71,0.45,0.23,Nepal_Birganj
2012-12-25,0.0,20.11,6.3,2.21,53.38,0.45,0.2,Nepal_Birganj
2012-12-26,0.0,18.71,5.71,2.05,60.8,0.45,0.16,Nepal_Birganj
2012-12-27,0.0,18.6,5.67,1.93,62.27,0.45,0.16,Nepal_Birganj
2012-12-28,0.0,20.2,5.81,1.85,57.96,0.45,0.18,Nepal_Birganj
2012-12-29,0.0,20.51,7.07,2.1,50.64,0.45,0.19,Nepal_Birganj
2012-12-30,0.0,18.34,4.72,2.06,55.41,0.44,0.13,Nepal_Birganj
2012-12-31,0.0,20.24,7.84,1.6,60.14,0.44,0.15,Nepal_Birganj
2013-01-01,0.0,20.65,8.11,1.37,57.75,0.44,0.17,Nepal_Birganj
2013-01-02,0.01,22.25,6.61,1.55,47.66,0.44,0.19,Nepal_Birganj
2013-01-03,0.0,20.08,8.19,2.02,52.59,0.44,0.14,Nepal_Birganj
2013-01-04,0.0,20.15,5.94,2.13,56.43,0.44,0.15,Nepal_Birganj
2013-01-05,0.0,19.47,4.78,1.94,54.31,0.44,0.14,Nepal_Birganj
2013-01-06,0.0,19.02,4.19,1.93,45.58,0.43,0.13,Nepal_Birganj
2013-01-07,0.0,17.39,2.3,2.26,48.76,0.43,0.11,Nepal_Birganj
2013-01-08,0.0,14.9,1.66,1.7,53.98,0.43,0.08,Nepal_Birganj
2013-01-09,0.0,14.53,2.18,1.4,51.66,0.43,0.06,Nepal_Birganj
2013-01-10,0.0,16.14,2.29,1.04,56.42,0.43,0.07,Nepal_Birganj
2013-01-11,0.0,18.09,4.31,1.18,60.67,0.43,0.07,Nepal_Birganj
2013-01-12,0.0,19.89,6.07,1.41,54.23,0.43,0.11,Nepal_Birganj
2013-01-13,0.0,19.77,7.17,1.28,54.16,0.43,0.1,Nepal_Birganj
2013-01-14,0.0,21.08,8.38,1.62,60.49,0.43,0.1,Nepal_Birganj
2013-01-15,0.0,21.9,9.56,1.37,66.38,0.42,0.1,Nepal_Birganj
2013-01-16,0.0,23.02,9.03,1.57,59.7,0.42,0.12,Nepal_Birganj
2013-01-17,0.07,24.79,11.25,1.69,53.02,0.42,0.13,Nepal_Birganj
2013-01-18,0.6,26.82,12.9,1.07,47.14,0.42,0.18,Nepal_Birganj
2013-01-19,7.62,22.78,12.8,2.44,69.41,0.43,0.15,Nepal_Birganj
2013-01-20,0.0,22.29,9.84,2.14,64.81,0.43,0.18,Nepal_Birganj
2013-01-21,0.0,22.23,7.14,2.0,52.44,0.43,0.18,Nepal_Birganj
2013-01-22,0.0,21.58,6.51,2.04,46.86,0.43,0.16,Nepal_Birganj
2013-01-23,0.0,22.21,5.49,2.44,45.7,0.43,0.16,Nepal_Birganj
2013-01-24,0.0,21.99,5.71,2.46,48.77,0.42,0.15,Nepal_Birganj
2013-01-25,0.0,20.81,5.21,2.26,49.43,0.42,0.13,Nepal_Birganj
2013-01-26,0.0,21.09,5.33,2.18,52.18,0.42,0.13,Nepal_Birganj
2013-01-27,0.0,21.42,5.67,1.86,51.75,0.42,0.11,Nepal_Birganj
2013-01-28,0.0,22.38,6.07,2.06,47.03,0.42,0.12,Nepal_Birganj
2013-01-29,0.0,21.49,7.37,1.99,47.09,0.42,0.09,Nepal_Birganj
2013-01-30,0.0,23.86,8.04,1.93,46.71,0.41,0.14,Nepal_Birganj
2013-01-31,0.0,23.92,10.82,1.81,47.22,0.41,0.13,Nepal_Birganj
2013-02-01,0.0,24.57,11.94,1.72,47.07,0.41,0.11,Nepal_Birganj
2013-02-02,0.0,23.68,10.24,1.87,46.39,0.41,0.1,Nepal_Birganj
2013-02-03,0.0,24.42,9.69,1.89,48.47,0.41,0.13,Nepal_Birganj
2013-02-04,0.03,23.21,11.77,1.48,48.79,0.41,0.08,Nepal_Birganj
2013-02-05,0.17,28.3,14.03,1.2,45.35,0.41,0.13,Nepal_Birganj
2013-02-06,1.08,28.54,14.12,2.29,51.19,0.41,0.14,Nepal_Birganj
2013-02-07,3.09,25.74,14.46,2.21,61.36,0.41,0.15,Nepal_Birganj
2013-02-08,0.0,26.02,10.63,2.19,52.78,0.41,0.17,Nepal_Birganj
2013-02-09,0.0,25.5,8.93,2.05,50.2,0.41,0.15,Nepal_Birganj
2013-02-10,0.0,25.8,9.63,2.21,46.9,0.4,0.14,Nepal_Birganj
2013-02-11,0.0,26.49,9.62,2.27,43.85,0.4,0.14,Nepal_Birganj
2013-02-12,0.0,28.47,9.92,2.69,40.83,0.4,0.15,Nepal_Birganj
2013-02-13,0.0,29.28,12.11,2.64,43.64,0.4,0.15,Nepal_Birganj
2013-02-14,0.0,28.15,11.74,2.37,41.32,0.4,0.14,Nepal_Birganj
2013-02-15,0.33,22.25,12.81,1.76,46.39,0.39,0.04,Nepal_Birganj
2013-02-16,8.65,21.95,13.04,1.78,61.61,0.4,0.03,Nepal_Birganj
2013-02-17,22.37,21.79,13.52,1.62,78.2,0.44,0.12,Nepal_Birganj
2013-02-18,0.8,23.29,9.98,2.12,65.75,0.45,0.33,Nepal_Birganj
2013-02-19,3.22,23.96,9.94,1.99,67.93,0.45,0.32,Nepal_Birganj
2013-02-20,0.04,25.41,11.54,2.52,60.19,0.45,0.36,Nepal_Birganj
2013-02-21,0.07,26.34,11.21,2.24,55.89,0.44,0.36,Nepal_Birganj
2013-02-22,0.01,28.11,11.49,2.15,50.62,0.44,0.38,Nepal_Birganj
2013-02-23,0.13,28.5,13.37,2.31,45.57,0.44,0.33,Nepal_Birganj
2013-02-24,0.62,28.95,14.69,2.42,52.45,0.43,0.31,Nepal_Birganj
2013-02-25,0.1,28.44,13.1,2.29,58.66,0.43,0.36,Nepal_Birganj
2013-02-26,0.28,29.07,12.61,2.3,59.86,0.43,0.33,Nepal_Birganj
2013-02-27,0.0,31.45,12.89,2.53,46.24,0.43,0.37,Nepal_Birganj
2013-02-28,0.0,32.23,15.82,3.49,39.13,0.42,0.39,Nepal_Birganj
2013-03-01,0.0,28.84,11.48,2.48,47.8,0.42,0.28,Nepal_Birganj
2013-03-02,0.0,29.54,12.06,1.94,48.76,0.42,0.27,Nepal_Birganj
2013-03-03,0.0,29.69,12.73,1.88,44.68,0.42,0.25,Nepal_Birganj
2013-03-04,0.0,30.07,14.39,1.46,44.89,0.41,0.23,Nepal_Birganj
2013-03-05,0.0,30.73,15.96,1.73,46.1,0.41,0.2,Nepal_Birganj
2013-03-06,0.0,31.13,15.8,1.78,43.02,0.41,0.22,Nepal_Birganj
2013-03-07,1.72,30.52,16.14,1.7,43.6,0.41,0.2,Nepal_Birganj
2013-03-08,3.11,30.8,16.62,2.09,44.06,0.41,0.25,Nepal_Birganj
2013-03-09,0.01,31.2,14.3,2.21,46.4,0.41,0.23,Nepal_Birganj
2013-03-10,0.21,32.01,17.66,1.05,35.15,0.41,0.24,Nepal_Birganj
2013-03-11,0.66,32.0,16.54,1.88,39.43,0.41,0.23,Nepal_Birganj
2013-03-12,0.31,32.63,17.15,1.98,36.35,0.4,0.22,Nepal_Birganj
2013-03-13,0.0,32.74,18.46,1.43,35.33,0.4,0.22,Nepal_Birganj
2013-03-14,0.01,33.83,19.06,1.22,36.61,0.4,0.22,Nepal_Birganj
2013-03-15,0.06,34.34,19.25,2.37,36.82,0.39,0.2,Nepal_Birganj
2013-03-16,0.0,33.71,19.06,2.2,35.82,0.39,0.17,Nepal_Birganj
2013-03-17,0.0,30.15,17.05,2.4,37.94,0.39,0.1,Nepal_Birganj
2013-03-18,0.0,32.27,15.01,2.89,37.15,0.39,0.14,Nepal_Birganj
2013-03-19,0.0,32.94,15.49,1.29,36.64,0.39,0.13,Nepal_Birganj
2013-03-20,0.0,34.29,17.9,1.51,33.16,0.38,0.13,Nepal_Birganj
2013-03-21,0.51,34.73,18.89,2.39,33.54,0.38,0.12,Nepal_Birganj
2013-03-22,1.13,34.76,17.95,1.89,37.36,0.38,0.13,Nepal_Birganj
2013-03-23,0.17,34.53,20.52,1.16,28.22,0.38,0.12,Nepal_Birganj
2013-03-24,0.0,35.68,19.56,1.98,27.48,0.38,0.12,Nepal_Birganj
2013-03-25,0.0,36.56,19.97,3.4,31.1,0.38,0.11,Nepal_Birganj
2013-03-26,0.0,34.87,17.5,2.93,32.23,0.37,0.08,Nepal_Birganj
2013-03-27,0.0,36.5,18.93,2.58,27.16,0.37,0.08,Nepal_Birganj
2013-03-28,0.04,35.63,20.15,1.91,29.93,0.37,0.06,Nepal_Birganj
2013-03-29,0.41,37.4,20.01,2.91,36.25,0.37,0.07,Nepal_Birganj
2013-03-30,0.05,36.27,21.8,2.65,31.47,0.37,0.06,Nepal_Birganj
2013-03-31,0.0,35.95,19.43,2.05,35.91,0.36,0.06,Nepal_Birganj
2013-04-01,0.02,36.13,19.92,2.08,32.33,0.36,0.05,Nepal_Birganj
2013-04-02,0.03,37.13,20.5,1.75,28.44,0.36,0.05,Nepal_Birganj
2013-04-03,0.37,38.13,20.78,2.7,29.14,0.36,0.04,Nepal_Birganj
2013-04-04,0.63,36.92,22.1,4.12,28.41,0.36,0.04,Nepal_Birganj
2013-04-05,0.0,37.1,17.57,3.32,25.18,0.36,0.03,Nepal_Birganj
2013-04-06,0.0,36.29,17.49,2.58,22.63,0.36,0.03,Nepal_Birganj
2013-04-07,0.0,37.73,19.42,1.84,21.14,0.35,0.03,Nepal_Birganj
2013-04-08,0.0,39.07,21.51,1.79,23.6,0.35,0.03,Nepal_Birganj
2013-04-09,0.0,39.42,24.19,1.62,21.04,0.35,0.02,Nepal_Birganj
2013-04-10,0.02,41.43,23.47,2.49,19.32,0.35,0.03,Nepal_Birganj
2013-04-11,0.0,40.6,26.09,2.26,21.28,0.35,0.02,Nepal_Birganj
2013-04-12,0.0,41.53,25.57,2.17,21.14,0.35,0.02,Nepal_Birganj
2013-04-13,0.0,41.0,25.53,2.64,16.39,0.35,0.02,Nepal_Birganj
2013-04-14,0.0,40.57,24.13,2.21,16.77,0.35,0.02,Nepal_Birganj
2013-04-15,0.04,38.77,24.26,2.09,22.59,0.35,0.01,Nepal_Birganj
2013-04-16,0.05,38.52,24.15,1.72,23.22,0.35,0.01,Nepal_Birganj
2013-04-17,0.16,35.68,22.98,3.03,38.55,0.35,0.01,Nepal_Birganj
2013-04-18,0.23,38.23,21.83,1.84,33.47,0.35,0.01,Nepal_Birganj
2013-04-19,2.12,37.33,22.99,2.32,30.63,0.35,0.01,Nepal_Birganj
2013-04-20,9.24,28.95,22.9,3.25,64.11,0.36,0.0,Nepal_Birganj
2013-04-21,12.55,24.69,20.01,2.26,77.08,0.39,0.01,Nepal_Birganj
2013-04-22,1.7,28.82,19.14,1.67,64.53,0.39,0.08,Nepal_Birganj
2013-04-23,1.99,32.64,20.0,1.22,49.46,0.39,0.11,Nepal_Birganj
2013-04-24,0.39,33.55,20.44,1.54,45.9,0.39,0.1,Nepal_Birganj
2013-04-25,0.0,35.43,21.91,1.34,40.07,0.38,0.1,Nepal_Birganj
2013-04-26,0.06,36.9,22.36,1.61,37.85,0.38,0.08,Nepal_Birganj
2013-04-27,0.52,39.42,24.95,2.36,33.2,0.38,0.08,Nepal_Birganj
2013-04-28,0.97,38.77,22.73,1.83,31.99,0.37,0.07,Nepal_Birganj
2013-04-29,0.0,39.0,24.17,1.46,31.33,0.37,0.06,Nepal_Birganj
2013-04-30,0.0,41.01,22.99,2.02,30.77,0.37,0.05,Nepal_Birganj
2013-05-01,0.0,42.43,25.13,3.24,28.09,0.36,0.04,Nepal_Birganj
2013-05-02,0.02,42.09,24.65,2.57,21.48,0.36,0.03,Nepal_Birganj
2013-05-03,0.09,40.59,22.47,2.16,18.08,0.36,0.02,Nepal_Birganj
2013-05-04,0.0,40.7,22.55,2.12,18.61,0.36,0.02,Nepal_Birganj
2013-05-05,0.21,38.27,24.74,3.23,35.83,0.35,0.01,Nepal_Birganj
2013-05-06,0.03,38.25,22.91,1.96,36.43,0.35,0.01,Nepal_Birganj
2013-05-07,1.01,38.67,23.71,2.37,35.4,0.35,0.01,Nepal_Birganj
2013-05-08,3.15,39.27,23.75,1.8,28.54,0.36,0.02,Nepal_Birganj
2013-05-09,0.21,40.89,23.8,2.08,25.98,0.36,0.02,Nepal_Birganj
2013-05-10,1.97,40.77,23.8,2.07,27.08,0.36,0.04,Nepal_Birganj
2013-05-11,3.12,40.38,24.36,1.68,29.19,0.36,0.03,Nepal_Birganj
2013-05-12,3.03,39.97,25.42,1.58,27.4,0.36,0.03,Nepal_Birganj
2013-05-13,2.32,37.21,23.87,1.48,31.14,0.36,0.03,Nepal_Birganj
2013-05-14,0.0,37.44,23.91,1.33,30.11,0.36,0.03,Nepal_Birganj
2013-05-15,0.0,39.45,24.37,1.58,28.57,0.35,0.02,Nepal_Birganj
2013-05-16,0.48,39.39,24.98,1.88,28.03,0.35,0.02,Nepal_Birganj
2013-05-17,2.1,38.67,25.14,1.26,26.18,0.36,0.03,Nepal_Birganj
2013-05-18,5.69,37.79,23.07,1.21,33.58,0.36,0.04,Nepal_Birganj
2013-05-19,0.55,38.49,22.62,1.59,28.4,0.36,0.04,Nepal_Birganj
2013-05-20,9.07,36.9,23.87,1.11,31.87,0.37,0.18,Nepal_Birganj
2013-05-21,17.4,36.69,23.41,1.34,44.06,0.4,0.29,Nepal_Birganj
2013-05-22,0.53,37.61,24.54,1.31,41.65,0.4,0.27,Nepal_Birganj
2013-05-23,1.09,36.69,25.62,1.05,44.4,0.4,0.21,Nepal_Birganj
2013-05-24,0.0,38.49,23.87,1.29,38.76,0.39,0.19,Nepal_Birganj
2013-05-25,0.6,39.62,24.53,1.25,33.06,0.39,0.18,Nepal_Birganj
2013-05-26,7.1,37.74,24.88,0.91,37.47,0.39,0.18,Nepal_Birganj
2013-05-27,4.59,37.46,25.38,1.25,43.99,0.39,0.23,Nepal_Birganj
2013-05-28,0.21,38.34,26.26,1.1,37.35,0.39,0.22,Nepal_Birganj
2013-05-29,0.26,39.44,25.46,1.01,35.86,0.39,0.21,Nepal_Birganj
2013-05-30,12.79,34.63,24.81,1.5,50.91,0.4,0.15,Nepal_Birganj
2013-05-31,32.75,31.01,24.14,1.34,69.61,0.43,0.24,Nepal_Birganj
2013-06-01,2.96,33.42,22.51,2.42,66.16,0.46,0.52,Nepal_Birganj
2013-06-02,0.7,35.55,23.05,1.31,53.17,0.45,0.75,Nepal_Birganj
2013-06-03,0.08,37.56,25.1,1.39,47.68,0.45,0.75,Nepal_Birganj
2013-06-04,0.27,38.18,26.23,1.11,45.68,0.44,0.72,Nepal_Birganj
2013-06-05,3.27,37.48,26.97,0.9,47.89,0.44,0.64,Nepal_Birganj
2013-06-06,12.2,35.35,27.39,1.14,56.37,0.45,0.6,Nepal_Birganj
2013-06-07,11.59,35.51,25.99,1.53,64.79,0.46,0.74,Nepal_Birganj
2013-06-08,9.53,35.34,25.78,0.95,62.43,0.47,1.08,Nepal_Birganj
2013-06-09,5.74,36.13,26.67,1.1,58.14,0.47,1.1,Nepal_Birganj
2013-06-10,2.41,37.28,27.67,0.84,53.12,0.47,1.14,Nepal_Birganj
2013-06-11,3.37,39.09,27.55,2.41,53.41,0.47,1.11,Nepal_Birganj
2013-06-12,2.1,39.41,27.36,2.47,52.96,0.46,1.14,Nepal_Birganj
2013-06-13,1.61,38.11,27.68,2.39,56.63,0.46,1.06,Nepal_Birganj
2013-06-14,0.47,36.51,27.21,3.59,59.64,0.46,0.92,Nepal_Birganj
2013-06-15,1.79,32.25,26.64,3.43,69.57,0.45,0.46,Nepal_Birganj
2013-06-16,7.27,33.43,25.96,3.04,69.53,0.46,0.45,Nepal_Birganj
2013-06-17,49.33,33.08,25.85,1.42,72.93,0.5,1.06,Nepal_Birganj
2013-06-18,9.26,35.09,25.49,1.0,68.77,0.55,2.13,Nepal_Birganj
2013-06-19,7.32,34.3,25.55,1.58,68.15,0.54,2.27,Nepal_Birganj
2013-06-20,0.86,34.6,24.73,1.78,66.73,0.54,2.45,Nepal_Birganj
2013-06-21,9.05,35.21,26.75,1.06,63.67,0.53,2.06,Nepal_Birganj
2013-06-22,27.57,35.24,27.02,1.17,69.03,0.57,2.77,Nepal_Birganj
2013-06-23,16.77,36.55,26.77,0.74,65.89,0.58,3.57,Nepal_Birganj
2013-06-24,13.77,35.1,27.52,1.06,70.1,0.6,3.71,Nepal_Birganj
2013-06-25,2.85,34.27,27.04,2.57,72.64,0.59,3.25,Nepal_Birganj
2013-06-26,18.32,34.23,26.59,2.36,76.36,0.59,2.66,Nepal_Birganj
2013-06-27,23.17,32.9,25.1,2.3,81.85,0.62,2.01,Nepal_Birganj
2013-06-28,28.64,33.68,25.55,1.67,80.51,0.65,3.53,Nepal_Birganj
2013-06-29,20.86,31.87,25.67,2.28,84.88,0.68,2.87,Nepal_Birganj
2013-06-30,6.66,32.7,24.71,2.39,81.11,0.68,4.47,Nepal_Birganj
2013-07-01,5.79,33.08,25.33,1.44,79.4,0.67,3.93,Nepal_Birganj
2013-07-02,1.69,33.58,25.6,1.67,77.35,0.66,4.68,Nepal_Birganj
2013-07-03,3.99,32.33,25.74,1.73,80.41,0.65,3.41,Nepal_Birganj
2013-07-04,2.45,33.08,26.05,1.03,75.17,0.65,4.34,Nepal_Birganj
2013-07-05,25.5,31.04,25.83,0.77,81.6,0.66,2.03,Nepal_Birganj
2013-07-06,17.6,32.78,25.02,0.94,78.43,0.68,3.9,Nepal_Birganj
2013-07-07,5.5,32.79,25.43,0.67,76.0,0.69,4.78,Nepal_Birganj
2013-07-08,14.28,32.61,25.3,0.9,77.42,0.68,4.3,Nepal_Birganj
2013-07-09,24.31,32.27,26.18,0.83,79.16,0.7,3.9,Nepal_Birganj
2013-07-10,22.06,32.24,25.9,1.51,82.82,0.72,3.55,Nepal_Birganj
2013-07-11,2.43,31.55,25.03,1.89,85.1,0.72,3.85,Nepal_Birganj
2013-07-12,0.32,32.11,25.4,2.27,82.47,0.71,4.95,Nepal_Birganj
2013-07-13,0.18,31.66,25.39,1.68,81.24,0.7,3.83,Nepal_Birganj
2013-07-14,0.01,32.96,25.6,0.91,80.39,0.69,4.42,Nepal_Birganj
2013-07-15,0.0,33.25,25.06,1.78,80.85,0.68,4.7,Nepal_Birganj
2013-07-16,0.46,33.36,25.34,1.64,76.44,0.67,5.5,Nepal_Birganj
2013-07-17,5.34,33.52,25.69,1.57,77.91,0.66,5.1,Nepal_Birganj
2013-07-18,4.96,33.25,25.96,0.81,75.9,0.66,4.78,Nepal_Birganj
2013-07-19,23.59,32.4,25.96,0.99,80.72,0.67,3.9,Nepal_Birganj
2013-07-20,1.48,33.07,25.7,1.9,80.72,0.67,4.83,Nepal_Birganj
2013-07-21,0.09,32.91,25.74,1.26,78.61,0.66,5.19,Nepal_Birganj
2013-07-22,0.99,33.62,25.8,1.67,79.55,0.65,4.7,Nepal_Birganj
2013-07-23,0.36,34.32,25.32,1.55,73.58,0.64,5.87,Nepal_Birganj
2013-07-24,2.64,33.66,25.45,1.53,74.91,0.63,4.94,Nepal_Birganj
2013-07-25,3.17,34.38,26.05,0.88,72.8,0.62,4.87,Nepal_Birganj
2013-07-26,8.1,34.13,26.49,1.24,74.29,0.62,4.64,Nepal_Birganj
2013-07-27,5.66,32.42,25.7,3.39,76.06,0.62,3.75,Nepal_Birganj
2013-07-28,8.07,33.39,24.57,2.59,78.24,0.62,4.36,Nepal_Birganj
2013-07-29,3.37,34.25,25.47,0.71,74.34,0.62,5.16,Nepal_Birganj
2013-07-30,6.95,34.76,26.46,1.09,76.06,0.61,4.43,Nepal_Birganj
2013-07-31,12.65,33.54,26.26,1.91,78.45,0.62,3.95,Nepal_Birganj
2013-08-01,4.75,32.34,25.55,2.74,78.98,0.62,4.4,Nepal_Birganj
2013-08-02,2.44,33.08,25.05,2.32,74.9,0.61,4.64,Nepal_Birganj
2013-08-03,7.2,33.73,24.98,1.03,74.6,0.61,4.72,Nepal_Birganj
2013-08-04,5.57,34.42,25.79,1.23,72.63,0.61,4.76,Nepal_Birganj
2013-08-05,35.57,33.39,26.27,0.94,75.87,0.62,4.29,Nepal_Birganj
2013-08-06,11.3,32.02,24.55,1.34,80.85,0.65,5.01,Nepal_Birganj
2013-08-07,6.67,31.79,25.5,0.46,76.61,0.65,4.35,Nepal_Birganj
2013-08-08,10.35,32.72,24.92,0.86,80.16,0.66,5.15,Nepal_Birganj
2013-08-09,14.87,31.39,24.66,2.69,84.62,0.66,4.84,Nepal_Birganj
2013-08-10,1.11,31.53,24.65,1.94,83.05,0.66,3.95,Nepal_Birganj
2013-08-11,14.75,32.34,24.85,1.41,79.89,0.66,5.53,Nepal_Birganj
2013-08-12,76.53,31.27,24.55,0.97,81.15,0.7,4.25,Nepal_Birganj
2013-08-13,20.87,31.07,24.17,1.24,82.85,0.76,5.13,Nepal_Birganj
2013-08-14,5.78,32.07,25.06,0.44,77.65,0.76,6.45,Nepal_Birganj
2013-08-15,3.57,31.94,25.46,0.68,75.09,0.75,6.65,Nepal_Birganj
2013-08-16,19.46,31.0,24.66,1.42,84.49,0.75,4.37,Nepal_Birganj
2013-08-17,6.91,30.51,24.33,1.53,87.83,0.76,3.91,Nepal_Birganj
2013-08-18,21.08,31.68,24.88,1.05,83.74,0.77,4.25,Nepal_Birganj
2013-08-19,5.54,32.98,24.86,0.57,77.25,0.77,7.15,Nepal_Birganj
2013-08-20,2.39,30.04,25.47,0.96,84.18,0.76,3.69,Nepal_Birganj
2013-08-21,7.06,29.99,25.08,2.32,84.44,0.76,2.67,Nepal_Birganj
2013-08-22,2.25,29.3,23.93,1.32,83.6,0.76,2.58,Nepal_Birganj
2013-08-23,1.06,31.85,23.94,1.19,82.87,0.75,6.61,Nepal_Birganj
2013-08-24,2.44,32.41,24.54,0.8,80.43,0.74,7.07,Nepal_Birganj
2013-08-25,3.84,32.0,24.69,1.3,81.75,0.73,6.71,Nepal_Birganj
2013-08-26,7.97,29.58,24.0,1.33,85.9,0.73,2.93,Nepal_Birganj
2013-08-27,21.06,28.58,22.9,0.71,83.6,0.75,2.3,Nepal_Birganj
2013-08-28,11.1,30.82,23.36,0.72,81.72,0.76,4.33,Nepal_Birganj
2013-08-29,3.8,29.84,24.22,1.64,87.51,0.76,3.86,Nepal_Birganj
2013-08-30,1.83,31.31,23.95,0.83,82.89,0.75,6.23,Nepal_Birganj
2013-08-31,2.31,31.42,24.15,1.3,83.59,0.74,6.56,Nepal_Birganj
2013-09-01,11.18,30.78,24.26,1.64,87.94,0.74,4.47,Nepal_Birganj
2013-09-02,71.57,30.65,24.98,1.29,89.66,0.78,2.64,Nepal_Birganj
2013-09-03,63.03,30.35,25.22,1.28,89.61,0.86,2.42,Nepal_Birganj
2013-09-04,24.53,30.12,24.28,2.43,90.3,0.89,3.65,Nepal_Birganj
2013-09-05,2.73,31.15,23.81,2.72,90.12,0.88,4.27,Nepal_Birganj
2013-09-06,0.97,31.43,24.07,1.77,86.16,0.87,4.93,Nepal_Birganj
2013-09-07,2.56,30.44,23.41,1.14,83.19,0.86,5.18,Nepal_Birganj
2013-09-08,0.29,31.26,23.25,0.69,77.3,0.85,6.71,Nepal_Birganj
2013-09-09,5.61,31.01,24.14,1.11,82.59,0.84,4.85,Nepal_Birganj
2013-09-10,7.14,30.83,23.83,1.35,85.12,0.84,4.6,Nepal_Birganj
2013-09-11,2.66,30.91,24.08,1.2,83.49,0.84,4.89,Nepal_Birganj
2013-09-12,0.11,31.46,24.21,1.01,82.27,0.83,5.96,Nepal_Birganj
2013-09-13,2.28,31.2,24.1,1.06,82.48,0.82,6.17,Nepal_Birganj
2013-09-14,3.04,31.13,23.36,1.35,83.48,0.81,5.82,Nepal_Birganj
2013-09-15,7.36,30.82,23.04,1.14,82.98,0.81,6.26,Nepal_Birganj
2013-09-16,1.28,30.67,22.2,1.09,84.39,0.8,6.3,Nepal_Birganj
2013-09-17,0.0,30.69,22.82,1.54,85.47,0.79,5.85,Nepal_Birganj
2013-09-18,0.6,31.74,22.67,1.37,82.84,0.78,6.61,Nepal_Birganj
2013-09-19,2.34,31.78,24.13,0.85,81.43,0.77,5.96,Nepal_Birganj
2013-09-20,0.32,30.16,25.16,2.18,86.77,0.76,3.65,Nepal_Birganj
2013-09-21,0.65,30.27,24.96,2.01,88.54,0.76,4.04,Nepal_Birganj
2013-09-22,6.52,31.64,24.01,1.21,83.56,0.75,5.83,Nepal_Birganj
2013-09-23,1.38,32.11,24.25,0.98,80.09,0.75,6.93,Nepal_Birganj
2013-09-24,0.59,32.72,24.97,1.04,78.25,0.74,7.07,Nepal_Birganj
2013-09-25,0.85,31.7,25.88,0.84,81.42,0.73,3.41,Nepal_Birganj
2013-09-26,0.18,30.45,25.28,0.76,83.04,0.72,3.59,Nepal_Birganj
2013-09-27,0.46,30.31,24.21,0.67,81.35,0.72,4.16,Nepal_Birganj
2013-09-28,9.08,30.24,24.44,0.85,84.62,0.72,3.14,Nepal_Birganj
2013-09-29,4.0,30.03,23.87,1.58,84.93,0.72,4.7,Nepal_Birganj
2013-09-30,1.17,30.02,22.5,1.96,82.95,0.71,6.02,Nepal_Birganj
2013-10-01,2.46,30.1,22.59,2.12,82.09,0.7,5.73,Nepal_Birganj
2013-10-02,6.28,28.77,22.78,2.07,86.06,0.7,3.48,Nepal_Birganj
2013-10-03,3.86,30.65,23.97,1.12,80.62,0.7,2.76,Nepal_Birganj
2013-10-04,4.93,27.39,23.12,1.39,87.39,0.7,1.42,Nepal_Birganj
2013-10-05,30.64,27.1,22.68,1.35,92.18,0.73,0.91,Nepal_Birganj
2013-10-06,6.24,29.89,22.51,1.17,86.19,0.74,4.37,Nepal_Birganj
2013-10-07,0.58,28.71,21.54,2.02,85.65,0.74,4.51,Nepal_Birganj
2013-10-08,0.73,30.01,21.99,1.55,79.92,0.73,5.98,Nepal_Birganj
2013-10-09,1.12,29.83,21.38,1.45,78.03,0.72,5.61,Nepal_Birganj
2013-10-10,5.02,29.31,21.45,1.22,81.29,0.71,3.91,Nepal_Birganj
2013-10-11,0.02,30.77,22.78,0.81,78.78,0.71,2.12,Nepal_Birganj
2013-10-12,1.33,30.7,22.35,1.37,77.55,0.71,4.21,Nepal_Birganj
2013-10-13,12.43,26.79,22.8,2.41,89.13,0.7,1.36,Nepal_Birganj
2013-10-14,80.9,24.52,21.28,3.93,88.94,0.76,0.38,Nepal_Birganj
2013-10-15,8.73,25.33,21.02,2.38,92.61,0.8,0.69,Nepal_Birganj
2013-10-16,5.09,28.76,20.97,0.92,87.26,0.8,3.53,Nepal_Birganj
2013-10-17,1.91,28.5,21.17,1.04,84.76,0.79,3.84,Nepal_Birganj
2013-10-18,5.6,29.13,21.84,0.94,86.03,0.79,3.43,Nepal_Birganj
2013-10-19,6.89,29.42,21.2,0.73,81.72,0.79,4.37,Nepal_Birganj
2013-10-20,0.74,28.26,20.94,0.67,78.14,0.79,4.37,Nepal_Birganj
2013-10-21,1.97,28.23,20.24,0.99,77.54,0.78,4.14,Nepal_Birganj
2013-10-22,0.0,28.48,19.62,0.88,71.81,0.77,4.42,Nepal_Birganj
2013-10-23,0.0,27.89,17.77,0.91,73.78,0.77,4.91,Nepal_Birganj
2013-10-24,0.06,28.65,18.7,0.7,72.49,0.76,4.81,Nepal_Birganj
2013-10-25,0.21,28.55,18.93,1.05,80.97,0.75,4.4,Nepal_Birganj
2013-10-26,0.01,26.93,18.42,1.29,84.41,0.74,3.84,Nepal_Birganj
2013-10-27,0.1,26.68,19.02,1.12,85.49,0.73,3.71,Nepal_Birganj
2013-10-28,0.13,26.75,18.16,1.32,86.45,0.73,2.94,Nepal_Birganj
2013-10-29,0.0,25.89,17.64,0.94,83.13,0.72,2.68,Nepal_Birganj
2013-10-30,0.01,26.14,17.14,1.01,82.87,0.72,2.6,Nepal_Birganj
2013-10-31,0.0,26.5,17.27,0.98,78.41,0.71,2.77,Nepal_Birganj
2013-11-01,0.12,26.11,17.55,0.91,81.27,0.71,2.45,Nepal_Birganj
2013-11-02,0.03,26.72,18.11,0.99,82.83,0.71,2.59,Nepal_Birganj
2013-11-03,0.57,26.54,17.22,0.95,78.95,0.7,2.98,Nepal_Birganj
2013-11-04,0.0,25.44,16.73,0.98,72.95,0.7,2.77,Nepal_Birganj
2013-11-05,0.0,24.8,15.78,0.99,75.79,0.69,2.53,Nepal_Birganj
2013-11-06,0.0,26.31,15.82,0.87,75.86,0.68,3.03,Nepal_Birganj
2013-11-07,0.0,26.96,16.68,0.88,76.72,0.68,3.09,Nepal_Birganj
2013-11-08,0.0,27.33,16.33,0.87,75.66,0.67,3.19,Nepal_Birganj
2013-11-09,0.0,26.64,16.31,1.19,77.25,0.67,2.75,Nepal_Birganj
2013-11-10,0.0,26.92,15.45,1.51,74.73,0.66,2.93,Nepal_Birganj
2013-11-11,0.0,25.59,13.08,1.46,69.1,0.66,2.81,Nepal_Birganj
2013-11-12,0.0,25.99,13.68,0.95,69.09,0.65,2.58,Nepal_Birganj
2013-11-13,0.0,25.7,13.73,1.02,71.99,0.65,2.26,Nepal_Birganj
2013-11-14,0.0,25.56,14.37,0.92,70.91,0.64,2.36,Nepal_Birganj
2013-11-15,0.0,27.0,15.09,1.0,68.17,0.64,2.67,Nepal_Birganj
2013-11-16,0.0,27.11,15.19,1.13,68.31,0.63,2.6,Nepal_Birganj
2013-11-17,0.0,26.63,14.56,1.55,72.52,0.63,2.22,Nepal_Birganj
2013-11-18,0.0,26.2,14.73,1.17,70.89,0.62,2.13,Nepal_Birganj
2013-11-19,0.0,25.46,14.3,0.99,70.98,0.62,1.9,Nepal_Birganj
2013-11-20,0.0,24.56,14.09,0.94,69.32,0.61,1.68,Nepal_Birganj
2013-11-21,0.0,25.09,13.62,0.82,66.17,0.61,1.66,Nepal_Birganj
2013-11-22,0.0,24.63,14.7,0.98,71.12,0.61,1.64,Nepal_Birganj
2013-11-23,0.0,24.39,13.35,1.4,75.1,0.6,1.39,Nepal_Birganj
2013-11-24,0.0,24.85,12.79,1.09,74.19,0.6,1.4,Nepal_Birganj
2013-11-25,0.0,24.42,14.43,0.69,70.78,0.6,1.24,Nepal_Birganj
2013-11-26,0.0,25.34,12.92,0.93,69.06,0.59,1.3,Nepal_Birganj
2013-11-27,0.0,25.74,14.52,1.27,69.02,0.59,1.18,Nepal_Birganj
2013-11-28,0.0,26.69,16.13,0.94,71.58,0.59,1.43,Nepal_Birganj
2013-11-29,0.0,25.92,15.43,1.44,79.17,0.58,1.34,Nepal_Birganj
2013-11-30,0.0,25.31,14.28,1.26,75.55,0.58,1.4,Nepal_Birganj
2013-12-01,0.0,25.46,13.55,0.93,68.06,0.58,1.33,Nepal_Birganj
2013-12-02,0.0,26.1,14.26,0.85,62.03,0.57,1.34,Nepal_Birganj
2013-12-03,0.0,26.37,14.93,0.96,61.33,0.57,1.35,Nepal_Birganj
2013-12-04,0.0,26.22,14.28,1.07,61.22,0.57,1.34,Nepal_Birganj
2013-12-05,0.0,25.69,14.39,1.01,62.82,0.56,1.28,Nepal_Birganj
2013-12-06,0.0,25.42,13.81,0.95,63.65,0.56,1.16,Nepal_Birganj
2013-12-07,0.0,25.2,14.32,0.9,61.07,0.56,1.14,Nepal_Birganj
2013-12-08,0.0,25.19,14.42,0.89,64.88,0.55,1.07,Nepal_Birganj
2013-12-09,0.0,24.91,13.56,1.16,65.37,0.55,0.97,Nepal_Birganj
2013-12-10,0.0,25.19,13.97,1.18,68.42,0.55,0.91,Nepal_Birganj
2013-12-11,0.0,23.84,12.4,1.27,68.99,0.55,0.85,Nepal_Birganj
2013-12-12,0.0,22.74,11.25,1.13,69.22,0.54,0.75,Nepal_Birganj
2013-12-13,0.0,21.73,9.99,1.19,70.54,0.54,0.58,Nepal_Birganj
2013-12-14,0.0,22.74,10.11,1.35,68.36,0.54,0.57,Nepal_Birganj
2013-12-15,0.0,24.11,13.31,1.15,64.33,0.54,0.7,Nepal_Birganj
2013-12-16,0.0,22.73,11.69,1.0,65.72,0.53,0.67,Nepal_Birganj
2013-12-17,0.0,21.66,11.06,1.1,69.97,0.53,0.46,Nepal_Birganj
2013-12-18,0.0,20.66,11.81,0.95,74.53,0.53,0.28,Nepal_Birganj
2013-12-19,0.0,22.17,12.29,0.96,73.74,0.53,0.43,Nepal_Birganj
2013-12-20,0.0,22.7,12.83,0.92,70.3,0.53,0.56,Nepal_Birganj
2013-12-21,0.0,23.33,12.05,1.14,64.81,0.53,0.62,Nepal_Birganj
2013-12-22,0.0,24.09,11.97,1.01,57.73,0.52,0.71,Nepal_Birganj
2013-12-23,0.0,24.23,13.72,1.26,60.39,0.52,0.65,Nepal_Birganj
2013-12-24,0.0,22.23,10.48,1.64,71.6,0.52,0.64,Nepal_Birganj
2013-12-25,0.0,21.44,8.49,1.53,71.27,0.52,0.56,Nepal_Birganj
2013-12-26,0.0,20.98,7.8,1.55,65.41,0.51,0.51,Nepal_Birganj
2013-12-27,0.0,21.84,8.65,1.07,61.15,0.51,0.62,Nepal_Birganj
2013-12-28,0.0,21.19,11.63,1.38,59.64,0.51,0.43,Nepal_Birganj
2013-12-29,0.0,22.43,9.32,1.74,71.37,0.51,0.55,Nepal_Birganj
2013-12-30,0.0,22.26,9.82,1.0,46.85,0.51,0.56,Nepal_Birganj
2013-12-31,0.01,23.34,9.62,1.02,44.15,0.5,0.57,Nepal_Birganj
2014-01-01,0.04,24.05,10.6,2.07,64.37,0.5,0.55,Nepal_Birganj
2014-01-02,0.03,22.7,10.17,2.39,71.8,0.5,0.55,Nepal_Birganj
2014-01-03,0.0,19.95,6.71,1.32,67.0,0.5,0.4,Nepal_Birganj
2014-01-04,0.0,21.0,7.8,1.24,60.0,0.5,0.42,Nepal_Birganj
2014-01-05,0.0,22.27,9.09,1.55,64.41,0.49,0.32,Nepal_Birganj
2014-01-06,0.0,22.34,10.44,1.65,69.25,0.49,0.43,Nepal_Birganj
2014-01-07,0.0,20.95,7.64,1.56,59.42,0.49,0.42,Nepal_Birganj
2014-01-08,0.0,20.42,7.93,1.53,48.37,0.49,0.37,Nepal_Birganj
2014-01-09,0.04,20.79,7.46,1.29,48.04,0.49,0.36,Nepal_Birganj
2014-01-10,0.07,22.76,10.12,1.21,58.97,0.48,0.38,Nepal_Birganj
2014-01-11,2.13,21.22,10.32,1.79,69.46,0.49,0.26,Nepal_Birganj
2014-01-12,0.0,21.07,8.6,1.81,77.62,0.48,0.3,Nepal_Birganj
2014-01-13,0.0,22.6,9.26,1.37,69.05,0.48,0.42,Nepal_Birganj
2014-01-14,0.0,22.64,8.34,1.66,59.15,0.48,0.39,Nepal_Birganj
2014-01-15,0.0,22.87,8.12,1.5,52.83,0.48,0.41,Nepal_Birganj
2014-01-16,0.0,22.52,8.76,1.79,59.06,0.48,0.4,Nepal_Birganj
2014-01-17,0.03,23.75,10.31,1.0,49.85,0.47,0.43,Nepal_Birganj
2014-01-18,8.37,21.28,10.56,2.27,65.63,0.48,0.16,Nepal_Birganj
2014-01-19,0.66,23.48,10.74,1.52,71.17,0.49,0.46,Nepal_Birganj
2014-01-20,0.07,24.09,9.18,1.44,71.55,0.48,0.49,Nepal_Birganj
2014-01-21,0.0,25.26,11.07,1.17,61.22,0.48,0.51,Nepal_Birganj
2014-01-22,0.0,25.3,12.94,0.97,59.87,0.48,0.4,Nepal_Birganj
2014-01-23,0.0,25.44,13.35,1.7,59.01,0.48,0.47,Nepal_Birganj
2014-01-24,0.0,24.24,13.08,1.76,64.69,0.47,0.32,Nepal_Birganj
2014-01-25,0.0,24.61,9.91,2.18,64.34,0.47,0.49,Nepal_Birganj
2014-01-26,0.0,23.22,8.35,2.05,64.69,0.47,0.39,Nepal_Birganj
2014-01-27,0.0,23.62,7.28,1.98,59.72,0.47,0.41,Nepal_Birganj
2014-01-28,0.0,24.05,8.54,1.35,56.46,0.46,0.37,Nepal_Birganj
2014-01-29,0.0,25.57,11.88,1.07,50.63,0.46,0.44,Nepal_Birganj
2014-01-30,0.0,24.71,10.76,1.36,52.33,0.46,0.38,Nepal_Birganj
2014-01-31,0.0,24.52,9.69,1.39,51.52,0.46,0.39,Nepal_Birganj
2014-02-01,0.0,24.83,8.95,1.97,49.48,0.46,0.38,Nepal_Birganj
2014-02-02,0.0,24.91,8.48,2.27,56.89,0.45,0.35,Nepal_Birganj
2014-02-03,0.0,25.01,9.49,1.94,54.46,0.45,0.34,Nepal_Birganj
2014-02-04,0.0,26.56,10.28,1.86,51.71,0.45,0.37,Nepal_Birganj
2014-02-05,0.0,27.15,12.97,1.56,51.15,0.45,0.36,Nepal_Birganj
2014-02-06,0.0,27.12,12.24,2.26,50.13,0.45,0.38,Nepal_Birganj
2014-02-07,0.0,28.52,12.71,1.46,51.14,0.44,0.35,Nepal_Birganj
2014-02-08,0.0,28.45,14.37,2.35,54.39,0.44,0.39,Nepal_Birganj
2014-02-09,0.0,26.85,12.09,2.54,52.28,0.44,0.35,Nepal_Birganj
2014-02-10,0.0,24.98,9.22,1.75,43.5,0.44,0.3,Nepal_Birganj
2014-02-11,0.0,24.87,9.97,1.8,39.77,0.43,0.24,Nepal_Birganj
2014-02-12,0.0,24.99,9.35,2.17,39.76,0.43,0.27,Nepal_Birganj
2014-02-13,0.0,25.85,9.46,1.15,34.27,0.43,0.28,Nepal_Birganj
2014-02-14,6.64,19.44,12.62,1.98,62.66,0.43,0.07,Nepal_Birganj
2014-02-15,3.35,23.02,11.17,1.16,77.06,0.44,0.2,Nepal_Birganj
2014-02-16,8.32,22.29,10.04,1.86,75.26,0.45,0.2,Nepal_Birganj
2014-02-17,0.01,24.16,8.03,2.89,61.23,0.45,0.36,Nepal_Birganj
2014-02-18,0.76,24.5,8.26,1.37,50.34,0.45,0.36,Nepal_Birganj
2014-02-19,0.0,25.26,10.81,1.1,43.48,0.45,0.36,Nepal_Birganj
2014-02-20,0.0,25.89,12.06,1.48,41.88,0.45,0.32,Nepal_Birganj
2014-02-21,0.08,27.52,13.29,1.61,40.05,0.44,0.35,Nepal_Birganj
2014-02-22,0.62,26.8,14.54,2.09,54.32,0.44,0.31,Nepal_Birganj
2014-02-23,1.0,26.94,14.46,1.96,63.71,0.44,0.35,Nepal_Birganj
2014-02-24,0.0,27.4,13.28,2.3,59.89,0.44,0.36,Nepal_Birganj
2014-02-25,0.0,28.0,13.47,1.47,52.0,0.44,0.31,Nepal_Birganj
2014-02-26,0.34,24.07,14.62,1.56,50.77,0.43,0.14,Nepal_Birganj
2014-02-27,0.8,22.35,15.2,1.3,62.16,0.43,0.1,Nepal_Birganj
2014-02-28,0.63,20.27,14.94,1.23,70.6,0.43,0.08,Nepal_Birganj
2014-03-01,4.06,24.58,14.39,1.65,75.4,0.44,0.18,Nepal_Birganj
2014-03-02,0.11,27.24,13.93,1.36,66.68,0.44,0.39,Nepal_Birganj
2014-03-03,0.53,28.36,14.49,2.05,53.01,0.44,0.36,Nepal_Birganj
2014-03-04,0.0,26.75,12.35,1.5,44.76,0.43,0.28,Nepal_Birganj
2014-03-05,0.0,27.5,12.06,1.74,44.7,0.43,0.31,Nepal_Birganj
2014-03-06,0.0,29.04,13.21,2.16,46.27,0.43,0.33,Nepal_Birganj
2014-03-07,0.05,28.78,14.05,2.11,40.31,0.42,0.32,Nepal_Birganj
2014-03-08,0.04,28.88,13.01,1.83,38.52,0.42,0.3,Nepal_Birganj
2014-03-09,0.0,29.54,14.39,1.5,39.62,0.42,0.3,Nepal_Birganj
2014-03-10,0.0,28.76,15.88,1.34,39.69,0.42,0.22,Nepal_Birganj
2014-03-11,0.0,31.35,15.97,1.63,39.13,0.41,0.28,Nepal_Birganj
2014-03-12,0.0,32.14,16.53,2.01,39.39,0.41,0.27,Nepal_Birganj
2014-03-13,0.0,32.41,18.36,2.32,40.94,0.41,0.27,Nepal_Birganj
2014-03-14,0.0,31.96,16.44,1.7,37.89,0.41,0.26,Nepal_Birganj
2014-03-15,0.0,32.04,16.25,1.72,32.43,0.4,0.23,Nepal_Birganj
2014-03-16,0.0,33.06,17.12,1.52,35.69,0.4,0.22,Nepal_Birganj
2014-03-17,0.0,32.99,18.91,1.23,40.62,0.4,0.2,Nepal_Birganj
2014-03-18,0.0,34.48,20.26,1.5,41.34,0.39,0.2,Nepal_Birganj
2014-03-19,0.0,34.59,19.59,2.11,33.95,0.39,0.18,Nepal_Birganj
2014-03-20,0.0,31.45,16.17,1.25,33.28,0.39,0.16,Nepal_Birganj
2014-03-21,0.33,32.23,18.22,1.48,32.16,0.39,0.13,Nepal_Birganj
2014-03-22,2.63,33.09,17.51,1.62,31.19,0.39,0.18,Nepal_Birganj
2014-03-23,3.1,32.58,17.69,1.36,35.81,0.39,0.19,Nepal_Birganj
2014-03-24,0.21,32.17,18.2,1.66,36.83,0.39,0.16,Nepal_Birganj
2014-03-25,0.0,34.25,19.34,1.72,34.95,0.39,0.17,Nepal_Birganj
2014-03-26,0.36,35.63,20.0,1.8,32.62,0.39,0.18,Nepal_Birganj
2014-03-27,0.3,37.9,23.53,2.68,30.04,0.38,0.18,Nepal_Birganj
2014-03-28,0.0,37.77,22.14,3.01,31.0,0.38,0.15,Nepal_Birganj
2014-03-29,0.0,39.23,20.1,3.88,30.54,0.38,0.15,Nepal_Birganj
2014-03-30,0.0,38.67,20.83,3.4,28.61,0.38,0.14,Nepal_Birganj
2014-03-31,0.0,34.67,18.26,2.27,26.51,0.37,0.09,Nepal_Birganj
2014-04-01,0.0,35.68,17.67,2.6,22.8,0.37,0.1,Nepal_Birganj
2014-04-02,0.0,36.29,18.61,2.19,20.4,0.37,0.1,Nepal_Birganj
2014-04-03,0.19,36.95,22.29,1.83,21.92,0.37,0.08,Nepal_Birganj
2014-04-04,0.27,36.63,22.04,1.44,28.87,0.37,0.08,Nepal_Birganj
2014-04-05,0.0,36.26,22.36,1.37,28.71,0.36,0.06,Nepal_Birganj
2014-04-06,0.0,37.33,21.87,1.76,30.76,0.36,0.06,Nepal_Birganj
2014-04-07,0.44,37.63,22.45,1.82,34.47,0.36,0.06,Nepal_Birganj
2014-04-08,0.94,39.85,24.42,2.56,28.1,0.36,0.08,Nepal_Birganj
2014-04-09,0.65,37.55,21.18,2.21,24.63,0.36,0.06,Nepal_Birganj
2014-04-10,0.0,37.39,19.76,2.08,19.73,0.36,0.06,Nepal_Birganj
2014-04-11,0.0,37.27,20.42,1.36,15.48,0.36,0.05,Nepal_Birganj
2014-04-12,0.0,37.91,19.96,1.88,16.13,0.36,0.05,Nepal_Birganj
2014-04-13,0.0,37.69,20.9,1.94,19.7,0.35,0.04,Nepal_Birganj
2014-04-14,0.01,37.91,24.19,1.84,22.98,0.35,0.04,Nepal_Birganj
2014-04-15,0.0,39.02,23.7,2.37,24.32,0.35,0.04,Nepal_Birganj
2014-04-16,0.0,39.68,24.64,1.98,22.31,0.35,0.04,Nepal_Birganj
2014-04-17,0.0,40.17,24.56,2.84,21.09,0.35,0.03,Nepal_Birganj
2014-04-18,0.03,40.04,25.66,2.38,19.42,0.35,0.03,Nepal_Birganj
2014-04-19,0.0,40.04,25.42,2.62,23.32,0.35,0.03,Nepal_Birganj
2014-04-20,0.0,38.23,24.74,3.08,23.81,0.35,0.02,Nepal_Birganj
2014-04-21,0.0,39.52,22.04,2.35,17.79,0.35,0.02,Nepal_Birganj
2014-04-22,0.0,40.78,22.46,2.53,13.01,0.35,0.02,Nepal_Birganj
2014-04-23,0.0,41.24,23.03,3.7,17.25,0.35,0.02,Nepal_Birganj
2014-04-24,0.0,40.4,24.83,3.13,21.55,0.35,0.02,Nepal_Birganj
2014-04-25,0.15,41.8,24.56,2.56,18.17,0.35,0.02,Nepal_Birganj
2014-04-26,0.1,42.1,24.58,1.2,17.42,0.35,0.01,Nepal_Birganj
2014-04-27,0.23,41.45,25.42,1.93,17.36,0.35,0.01,Nepal_Birganj
2014-04-28,0.46,41.77,25.85,2.33,16.01,0.35,0.01,Nepal_Birganj
2014-04-29,0.02,41.94,24.21,1.72,12.81,0.35,0.01,Nepal_Birganj
2014-04-30,0.0,41.48,24.81,1.89,19.73,0.35,0.01,Nepal_Birganj
2014-05-01,0.6,41.91,26.55,2.27,24.27,0.35,0.01,Nepal_Birganj
2014-05-02,18.94,35.69,25.76,2.67,45.48,0.37,0.03,Nepal_Birganj
2014-05-03,0.36,37.28,24.26,1.57,43.89,0.38,0.08,Nepal_Birganj
2014-05-04,5.16,36.67,25.37,1.59,42.52,0.37,0.07,Nepal_Birganj
2014-05-05,5.64,36.59,23.99,1.35,46.59,0.38,0.16,Nepal_Birganj
2014-05-06,15.19,35.57,23.08,1.38,49.93,0.4,0.26,Nepal_Birganj
2014-05-07,0.03,38.68,24.5,1.54,40.34,0.4,0.26,Nepal_Birganj
2014-05-08,0.01,38.67,26.52,2.11,36.4,0.4,0.18,Nepal_Birganj
2014-05-09,0.18,42.33,24.84,3.52,27.85,0.39,0.22,Nepal_Birganj
2014-05-10,0.12,42.64,24.68,3.11,23.1,0.39,0.17,Nepal_Birganj
2014-05-11,0.0,42.09,26.66,1.88,26.83,0.38,0.14,Nepal_Birganj
2014-05-12,0.0,41.16,26.81,2.72,28.22,0.38,0.11,Nepal_Birganj
2014-05-13,0.23,40.14,26.36,3.01,30.17,0.37,0.09,Nepal_Birganj
2014-05-14,0.0,41.26,25.39,4.04,28.03,0.37,0.08,Nepal_Birganj
2014-05-15,0.0,40.32,25.0,3.17,28.68,0.37,0.06,Nepal_Birganj
2014-05-16,0.0,40.91,23.89,2.5,25.24,0.36,0.06,Nepal_Birganj
2014-05-17,0.0,41.93,25.56,2.67,24.47,0.36,0.05,Nepal_Birganj
2014-05-18,0.0,42.21,26.99,2.04,23.55,0.36,0.04,Nepal_Birganj
2014-05-19,0.06,43.61,27.43,1.94,19.58,0.36,0.03,Nepal_Birganj
2014-05-20,0.04,42.43,25.95,1.38,19.42,0.35,0.03,Nepal_Birganj
2014-05-21,0.0,43.72,26.23,2.59,19.48,0.35,0.03,Nepal_Birganj
2014-05-22,0.0,42.97,26.54,1.51,17.54,0.35,0.02,Nepal_Birganj
2014-05-23,0.04,43.27,27.34,1.71,18.34,0.35,0.02,Nepal_Birganj
2014-05-24,0.43,41.18,28.23,2.92,31.66,0.35,0.01,Nepal_Birganj
2014-05-25,6.41,37.86,29.3,1.63,44.81,0.36,0.02,Nepal_Birganj
2014-05-26,52.72,31.57,26.7,2.11,64.78,0.42,0.18,Nepal_Birganj
2014-05-27,12.35,30.89,24.63,1.42,69.7,0.46,0.41,Nepal_Birganj
2014-05-28,1.55,36.18,24.01,1.49,60.32,0.46,0.85,Nepal_Birganj
2014-05-29,0.89,37.94,24.44,1.5,51.53,0.46,0.84,Nepal_Birganj
2014-05-30,1.9,39.63,26.08,1.77,44.14,0.45,0.75,Nepal_Birganj
2014-05-31,17.74,36.47,26.18,1.55,56.5,0.46,0.7,Nepal_Birganj
2014-06-01,0.44,38.29,26.16,1.6,53.66,0.47,1.05,Nepal_Birganj
2014-06-02,0.2,38.37,26.59,1.24,52.51,0.46,1.02,Nepal_Birganj
2014-06-03,0.75,40.31,27.23,1.45,43.54,0.46,0.89,Nepal_Birganj
2014-06-04,0.58,40.81,28.61,1.13,32.92,0.45,0.85,Nepal_Birganj
2014-06-05,1.82,41.26,28.35,1.0,33.22,0.45,0.76,Nepal_Birganj
2014-06-06,0.29,41.58,28.38,1.56,41.14,0.44,0.7,Nepal_Birganj
2014-06-07,3.2,39.81,28.87,2.35,51.25,0.44,0.6,Nepal_Birganj
2014-06-08,1.34,40.4,28.08,1.8,48.2,0.44,0.65,Nepal_Birganj
2014-06-09,2.88,40.71,27.81,1.5,42.84,0.43,0.6,Nepal_Birganj
2014-06-10,20.15,39.3,27.15,1.82,51.7,0.44,0.53,Nepal_Birganj
2014-06-11,0.5,40.98,26.7,1.5,47.55,0.46,0.97,Nepal_Birganj
2014-06-12,1.67,40.1,26.44,1.51,38.47,0.45,0.86,Nepal_Birganj
2014-06-13,0.59,42.68,28.36,1.72,34.46,0.45,0.84,Nepal_Birganj
2014-06-14,1.3,40.29,27.41,1.45,38.69,0.44,0.72,Nepal_Birganj
2014-06-15,4.8,39.35,27.9,1.28,43.88,0.44,0.78,Nepal_Birganj
2014-06-16,5.07,39.92,29.01,1.47,45.97,0.44,0.77,Nepal_Birganj
2014-06-17,38.26,33.61,27.85,2.1,64.85,0.48,0.64,Nepal_Birganj
2014-06-18,4.94,37.67,27.85,1.36,59.18,0.5,1.61,Nepal_Birganj
2014-06-19,5.44,36.31,28.33,1.41,62.2,0.5,1.4,Nepal_Birganj
2014-06-20,5.71,38.1,29.23,1.67,59.51,0.5,1.44,Nepal_Birganj
2014-06-21,24.57,35.56,28.96,1.07,66.02,0.52,1.52,Nepal_Birganj
2014-06-22,9.84,36.49,27.41,1.81,64.84,0.54,1.94,Nepal_Birganj
2014-06-23,4.27,39.01,27.94,1.79,54.9,0.53,2.31,Nepal_Birganj
2014-06-24,1.02,38.41,28.15,1.01,53.1,0.53,2.48,Nepal_Birganj
2014-06-25,3.22,37.7,28.53,0.92,52.24,0.52,2.26,Nepal_Birganj
2014-06-26,2.17,38.27,27.78,0.9,53.37,0.52,2.22,Nepal_Birganj
2014-06-27,1.68,39.12,28.15,1.06,51.74,0.51,2.13,Nepal_Birganj
2014-06-28,10.56,37.14,28.3,1.51,60.56,0.51,1.64,Nepal_Birganj
2014-06-29,34.88,37.05,29.11,1.66,60.61,0.54,1.76,Nepal_Birganj
2014-06-30,28.99,36.15,29.5,1.29,60.82,0.59,2.71,Nepal_Birganj
2014-07-01,22.22,35.02,29.34,0.65,61.42,0.61,2.75,Nepal_Birganj
2014-07-02,5.33,33.51,26.8,1.11,69.22,0.62,2.7,Nepal_Birganj
2014-07-03,4.33,35.92,26.25,2.1,68.8,0.61,4.22,Nepal_Birganj
2014-07-04,22.33,31.34,26.12,1.3,82.29,0.62,1.87,Nepal_Birganj
2014-07-05,22.42,30.27,26.54,1.52,88.12,0.66,0.93,Nepal_Birganj
2014-07-06,11.46,31.17,26.49,3.08,86.48,0.67,2.37,Nepal_Birganj
2014-07-07,9.68,32.58,26.45,1.77,84.14,0.67,2.88,Nepal_Birganj
2014-07-08,2.01,33.76,26.66,1.11,78.32,0.67,4.16,Nepal_Birganj
2014-07-09,7.93,33.25,26.79,0.8,74.82,0.66,3.1,Nepal_Birganj
2014-07-10,32.56,33.31,27.4,0.68,72.1,0.69,2.84,Nepal_Birganj
2014-07-11,10.87,31.99,26.94,0.88,80.21,0.71,1.91,Nepal_Birganj
2014-07-12,0.87,33.48,27.41,1.02,78.67,0.7,3.86,Nepal_Birganj
2014-07-13,0.05,33.34,27.32,1.68,82.3,0.69,3.77,Nepal_Birganj
2014-07-14,3.29,33.51,26.79,2.03,81.83,0.68,4.39,Nepal_Birganj
2014-07-15,12.17,29.94,26.92,2.92,89.82,0.68,1.47,Nepal_Birganj
2014-07-16,5.4,31.93,26.02,3.06,83.86,0.69,3.44,Nepal_Birganj
2014-07-17,3.86,32.61,26.03,2.27,83.9,0.68,4.22,Nepal_Birganj
2014-07-18,4.87,31.06,25.81,2.75,87.57,0.68,2.37,Nepal_Birganj
2014-07-19,9.92,32.81,25.79,1.92,85.77,0.68,3.56,Nepal_Birganj
2014-07-20,11.03,34.42,26.52,1.29,76.44,0.69,5.71,Nepal_Birganj
2014-07-21,7.0,32.01,27.3,2.15,81.89,0.69,3.66,Nepal_Birganj
2014-07-22,4.04,32.46,25.75,3.98,80.54,0.68,5.44,Nepal_Birganj
2014-07-23,8.41,30.69,25.64,2.72,85.68,0.68,2.76,Nepal_Birganj
2014-07-24,25.01,31.26,25.47,1.23,85.04,0.7,2.95,Nepal_Birganj
2014-07-25,7.88,31.93,25.34,0.96,81.37,0.71,4.54,Nepal_Birganj
2014-07-26,4.6,32.29,26.17,1.1,80.42,0.71,3.85,Nepal_Birganj
2014-07-27,2.42,32.29,26.31,1.22,81.33,0.7,3.99,Nepal_Birganj
2014-07-28,2.6,31.32,26.25,1.36,82.59,0.7,3.65,Nepal_Birganj
2014-07-29,11.79,33.16,25.7,1.58,81.21,0.7,5.11,Nepal_Birganj
2014-07-30,2.57,32.46,26.28,1.82,82.44,0.69,4.96,Nepal_Birganj
2014-07-31,5.21,33.14,26.14,1.83,81.32,0.69,5.01,Nepal_Birganj
2014-08-01,0.28,31.25,26.29,1.24,83.13,0.68,2.87,Nepal_Birganj
2014-08-02,1.53,33.45,26.8,1.25,79.36,0.67,4.88,Nepal_Birganj
2014-08-03,10.48,33.03,27.01,0.99,81.21,0.67,3.41,Nepal_Birganj
2014-08-04,23.23,34.12,27.19,1.2,78.69,0.69,4.83,Nepal_Birganj
2014-08-05,0.48,33.04,26.07,4.05,79.48,0.69,6.97,Nepal_Birganj
2014-08-06,0.21,33.24,25.58,2.61,79.49,0.67,6.06,Nepal_Birganj
2014-08-07,0.84,33.09,26.38,0.94,78.06,0.66,4.29,Nepal_Birganj
2014-08-08,16.57,32.86,26.4,1.32,79.11,0.67,4.04,Nepal_Birganj
2014-08-09,13.5,32.9,25.93,0.94,80.0,0.68,5.05,Nepal_Birganj
2014-08-10,5.47,32.91,26.83,1.23,79.93,0.68,5.37,Nepal_Birganj
2014-08-11,6.42,32.91,26.57,1.33,81.06,0.68,5.06,Nepal_Birganj
2014-08-12,5.56,33.42,27.1,2.05,79.89,0.68,5.67,Nepal_Birganj
2014-08-13,12.88,31.36,26.52,2.29,90.51,0.68,1.91,Nepal_Birganj
2014-08-14,71.99,30.05,26.4,1.7,92.69,0.73,1.1,Nepal_Birganj
2014-08-15,31.59,30.46,26.04,0.82,85.05,0.8,1.73,Nepal_Birganj
2014-08-16,3.43,30.37,25.5,1.23,82.49,0.8,4.02,Nepal_Birganj
2014-08-17,9.0,31.15,24.59,1.46,86.62,0.8,4.33,Nepal_Birganj
2014-08-18,0.69,31.67,25.42,1.39,84.06,0.79,4.66,Nepal_Birganj
2014-08-19,0.19,31.55,25.61,1.29,83.98,0.78,4.3,Nepal_Birganj
2014-08-20,11.07,32.66,26.19,0.92,81.85,0.78,3.92,Nepal_Birganj
2014-08-21,10.94,29.23,25.66,1.2,89.8,0.78,1.2,Nepal_Birganj
2014-08-22,2.49,32.56,25.16,1.11,79.22,0.78,5.52,Nepal_Birganj
2014-08-23,9.18,32.49,26.13,1.22,76.84,0.78,5.3,Nepal_Birganj
2014-08-24,12.22,32.77,25.06,1.63,83.35,0.78,5.06,Nepal_Birganj
2014-08-25,6.54,32.46,24.62,1.03,81.56,0.78,5.71,Nepal_Birganj
2014-08-26,45.89,32.55,24.62,0.99,80.72,0.8,4.61,Nepal_Birganj
2014-08-27,3.11,31.44,24.83,1.0,83.44,0.82,4.58,Nepal_Birganj
2014-08-28,8.29,30.17,25.1,1.55,87.95,0.81,2.34,Nepal_Birganj
2014-08-29,3.24,30.39,25.17,1.22,86.22,0.81,3.26,Nepal_Birganj
2014-08-30,5.82,31.69,25.3,1.02,83.85,0.81,4.0,Nepal_Birganj
2014-08-31,9.63,30.99,24.14,2.03,87.5,0.81,3.69,Nepal_Birganj
2014-09-01,0.3,28.33,23.74,2.83,89.83,0.8,2.14,Nepal_Birganj
2014-09-02,0.42,30.18,24.4,3.06,87.3,0.8,5.05,Nepal_Birganj
2014-09-03,0.05,31.0,24.55,1.96,88.17,0.79,4.8,Nepal_Birganj
2014-09-04,0.68,31.4,24.76,1.29,86.35,0.78,5.24,Nepal_Birganj
2014-09-05,2.47,31.56,24.71,1.02,83.31,0.77,5.93,Nepal_Birganj
2014-09-06,3.34,32.09,25.32,1.14,86.33,0.76,4.64,Nepal_Birganj
2014-09-07,3.34,31.52,25.07,2.08,87.1,0.76,5.67,Nepal_Birganj
2014-09-08,3.29,30.3,24.93,2.08,87.77,0.75,4.42,Nepal_Birganj
2014-09-09,9.76,29.5,24.53,1.84,87.32,0.75,3.49,Nepal_Birganj
2014-09-10,7.47,29.21,24.91,2.12,89.17,0.75,2.8,Nepal_Birganj
2014-09-11,9.3,28.17,24.81,1.15,92.71,0.76,0.74,Nepal_Birganj
2014-09-12,6.07,29.75,24.15,1.04,85.71,0.77,3.03,Nepal_Birganj
2014-09-13,5.98,28.73,24.54,1.26,89.65,0.77,1.91,Nepal_Birganj
2014-09-14,19.19,27.41,24.18,1.21,85.27,0.78,1.46,Nepal_Birganj
2014-09-15,2.74,30.0,23.09,1.72,83.49,0.78,4.84,Nepal_Birganj
2014-09-16,6.2,30.58,23.3,1.38,80.72,0.78,5.08,Nepal_Birganj
2014-09-17,0.64,32.11,24.06,1.05,81.92,0.77,7.07,Nepal_Birganj
2014-09-18,3.8,32.11,24.32,1.06,80.99,0.76,6.65,Nepal_Birganj
2014-09-19,26.55,32.63,25.4,1.06,82.56,0.77,5.36,Nepal_Birganj
2014-09-20,46.03,29.54,25.15,1.55,91.55,0.8,2.0,Nepal_Birganj
2014-09-21,5.21,29.97,24.32,0.9,85.09,0.83,3.88,Nepal_Birganj
2014-09-22,8.99,30.4,22.95,1.48,85.52,0.83,4.51,Nepal_Birganj
2014-09-23,4.56,30.1,22.84,1.33,82.48,0.82,4.79,Nepal_Birganj
2014-09-24,8.04,31.07,23.37,0.85,80.18,0.82,4.86,Nepal_Birganj
2014-09-25,30.76,30.34,23.61,1.06,84.3,0.83,3.77,Nepal_Birganj
2014-09-26,11.38,29.81,22.16,1.42,82.52,0.85,4.38,Nepal_Birganj
2014-09-27,3.24,29.95,21.83,1.2,81.47,0.84,4.37,Nepal_Birganj
2014-09-28,0.26,30.59,22.67,1.15,80.6,0.83,4.85,Nepal_Birganj
2014-09-29,2.28,30.25,22.19,0.86,80.54,0.82,4.79,Nepal_Birganj
2014-09-30,0.95,29.91,22.94,1.0,80.75,0.82,4.53,Nepal_Birganj
2014-10-01,0.02,30.65,22.26,0.9,79.55,0.81,6.27,Nepal_Birganj
2014-10-02,0.02,30.45,22.51,0.96,80.09,0.8,5.81,Nepal_Birganj
2014-10-03,0.0,30.03,22.89,1.2,82.21,0.79,5.06,Nepal_Birganj
2014-10-04,0.08,29.89,22.23,0.94,84.03,0.78,5.13,Nepal_Birganj
2014-10-05,0.08,30.66,22.86,0.96,82.64,0.77,5.49,Nepal_Birganj
2014-10-06,1.1,30.93,23.27,0.9,83.67,0.76,5.4,Nepal_Birganj
2014-10-07,0.58,30.57,23.26,1.2,83.31,0.76,4.97,Nepal_Birganj
2014-10-08,0.01,30.43,22.55,1.02,81.43,0.75,5.31,Nepal_Birganj
2014-10-09,0.03,30.52,22.28,1.18,79.24,0.74,5.75,Nepal_Birganj
2014-10-10,0.59,30.24,22.67,1.16,79.26,0.73,5.43,Nepal_Birganj
2014-10-11,0.03,30.9,22.24,0.74,72.85,0.72,6.21,Nepal_Birganj
2014-10-12,1.78,30.06,21.39,1.44,81.73,0.71,5.04,Nepal_Birganj
2014-10-13,1.92,26.99,22.06,1.55,87.22,0.71,1.64,Nepal_Birganj
2014-10-14,63.25,25.79,21.41,3.01,91.48,0.75,0.45,Nepal_Birganj
2014-10-15,1.95,28.25,20.77,1.33,88.16,0.79,4.32,Nepal_Birganj
2014-10-16,0.0,27.62,19.09,1.4,87.91,0.77,4.4,Nepal_Birganj
2014-10-17,0.0,27.77,17.8,1.42,84.8,0.76,4.49,Nepal_Birganj
2014-10-18,0.01,27.76,17.83,1.11,74.97,0.75,4.9,Nepal_Birganj
2014-10-19,0.05,26.57,17.24,1.49,73.89,0.74,4.22,Nepal_Birganj
2014-10-20,0.0,27.12,17.76,0.89,72.5,0.74,4.37,Nepal_Birganj
2014-10-21,0.18,28.94,18.52,0.86,70.79,0.73,5.05,Nepal_Birganj
2014-10-22,0.3,28.15,19.94,1.22,77.41,0.72,4.7,Nepal_Birganj
2014-10-23,0.0,27.66,19.39,1.36,80.65,0.71,4.31,Nepal_Birganj
2014-10-24,0.0,27.6,19.25,0.94,79.56,0.71,4.42,Nepal_Birganj
2014-10-25,0.17,27.62,19.05,0.85,75.82,0.7,3.8,Nepal_Birganj
2014-10-26,2.43,27.42,18.53,1.14,81.92,0.7,3.79,Nepal_Birganj
2014-10-27,0.0,27.06,18.33,1.37,81.62,0.69,4.13,Nepal_Birganj
2014-10-28,1.06,25.87,18.26,1.17,78.8,0.68,3.25,Nepal_Birganj
2014-10-29,0.07,26.07,18.31,0.89,75.78,0.68,2.72,Nepal_Birganj
2014-10-30,0.0,26.53,18.7,0.77,77.87,0.67,2.57,Nepal_Birganj
2014-10-31,0.0,27.59,17.85,1.01,79.04,0.67,3.33,Nepal_Birganj
2014-11-01,0.0,27.96,18.38,1.19,75.89,0.66,3.37,Nepal_Birganj
2014-11-02,0.0,27.67,17.76,0.92,70.04,0.66,3.02,Nepal_Birganj
2014-11-03,0.0,28.01,17.36,1.01,66.79,0.65,3.32,Nepal_Birganj
2014-11-04,0.0,28.38,17.96,0.94,65.25,0.65,3.19,Nepal_Birganj
2014-11-05,0.0,28.18,17.9,0.96,65.55,0.64,3.15,Nepal_Birganj
2014-11-06,0.0,28.36,18.54,1.04,68.82,0.64,2.75,Nepal_Birganj
2014-11-07,0.0,28.5,17.92,0.97,67.43,0.63,3.0,Nepal_Birganj
2014-11-08,0.0,29.19,18.86,1.11,70.28,0.62,3.01,Nepal_Birganj
2014-11-09,0.0,27.74,17.67,1.51,74.46,0.62,2.46,Nepal_Birganj
2014-11-10,0.0,27.67,17.21,1.19,73.84,0.61,2.17,Nepal_Birganj
2014-11-11,0.0,28.49,17.7,1.27,69.22,0.61,2.19,Nepal_Birganj
2014-11-12,0.0,28.33,16.62,1.36,62.6,0.6,2.22,Nepal_Birganj
2014-11-13,0.0,27.22,14.49,1.17,55.81,0.6,2.03,Nepal_Birganj
2014-11-14,0.0,27.08,16.19,1.25,59.65,0.6,1.83,Nepal_Birganj
2014-11-15,0.0,26.35,15.74,1.08,60.02,0.59,1.81,Nepal_Birganj
2014-11-16,0.0,26.12,16.38,0.87,57.66,0.59,1.39,Nepal_Birganj
2014-11-17,0.0,25.67,15.08,0.96,57.98,0.58,1.63,Nepal_Birganj
2014-11-18,0.0,26.22,14.68,1.16,59.91,0.58,1.55,Nepal_Birganj
2014-11-19,0.0,26.51,15.47,1.26,59.69,0.58,1.54,Nepal_Birganj
2014-11-20,0.0,24.85,14.59,1.04,60.07,0.57,1.33,Nepal_Birganj
2014-11-21,0.0,25.1,14.37,1.18,61.77,0.57,1.24,Nepal_Birganj
2014-11-22,0.0,25.02,14.35,1.04,60.81,0.57,1.24,Nepal_Birganj
2014-11-23,0.0,25.26,13.5,1.36,57.8,0.56,1.25,Nepal_Birganj
2014-11-24,0.0,25.27,13.96,1.02,53.94,0.56,1.2,Nepal_Birganj
2014-11-25,0.0,24.54,14.13,1.15,54.24,0.56,1.13,Nepal_Birganj
2014-11-26,0.0,23.8,12.94,0.93,58.5,0.55,0.96,Nepal_Birganj
2014-11-27,0.0,24.47,12.88,0.96,58.2,0.55,1.01,Nepal_Birganj
2014-11-28,0.0,24.34,14.47,1.03,61.12,0.55,0.85,Nepal_Birganj
2014-11-29,0.0,24.46,13.27,0.86,60.26,0.54,0.82,Nepal_Birganj
2014-11-30,0.0,23.95,13.27,1.23,62.66,0.54,0.74,Nepal_Birganj
2014-12-01,0.0,24.4,12.96,1.13,67.97,0.54,0.75,Nepal_Birganj
2014-12-02,0.0,25.6,12.61,1.13,67.06,0.54,0.87,Nepal_Birganj
2014-12-03,0.0,24.99,12.84,0.91,63.11,0.54,0.92,Nepal_Birganj
2014-12-04,0.0,25.83,13.69,0.8,57.95,0.53,1.0,Nepal_Birganj
2014-12-05,0.0,25.44,13.76,1.22,62.77,0.53,0.9,Nepal_Birganj
2014-12-06,0.0,24.66,12.47,1.56,60.83,0.53,0.88,Nepal_Birganj
2014-12-07,0.0,22.79,12.63,0.99,58.41,0.52,0.68,Nepal_Birganj
2014-12-08,0.0,23.77,11.81,1.08,60.06,0.52,0.73,Nepal_Birganj
2014-12-09,0.0,25.41,12.73,1.22,55.51,0.52,0.83,Nepal_Birganj
2014-12-10,0.0,24.05,11.06,1.55,54.15,0.52,0.71,Nepal_Birganj
2014-12-11,0.0,18.91,9.83,1.07,61.5,0.51,0.25,Nepal_Birganj
2014-12-12,0.02,23.44,9.01,1.0,53.52,0.51,0.69,Nepal_Birganj
2014-12-13,0.07,22.17,9.91,1.52,50.34,0.51,0.52,Nepal_Birganj
2014-12-14,4.75,23.57,14.84,2.69,66.45,0.51,0.28,Nepal_Birganj
2014-12-15,0.47,24.48,14.05,1.21,69.93,0.51,0.63,Nepal_Birganj
2014-12-16,5.32,22.74,11.28,1.45,75.04,0.52,0.57,Nepal_Birganj
2014-12-17,0.13,21.97,9.04,1.63,68.97,0.52,0.64,Nepal_Birganj
2014-12-18,0.0,22.41,8.31,1.47,58.82,0.52,0.7,Nepal_Birganj
2014-12-19,0.0,22.15,9.03,0.95,61.33,0.51,0.58,Nepal_Birganj
2014-12-20,0.0,22.65,9.65,1.51,59.63,0.51,0.54,Nepal_Birganj
2014-12-21,0.0,22.75,8.17,1.18,58.16,0.51,0.62,Nepal_Birganj
2014-12-22,0.0,22.94,8.58,1.26,52.72,0.51,0.6,Nepal_Birganj
2014-12-23,0.0,23.41,8.61,1.29,51.87,0.5,0.6,Nepal_Birganj
2014-12-24,0.0,22.46,8.91,1.51,50.51,0.5,0.54,Nepal_Birganj
2014-12-25,0.0,21.58,8.44,1.6,55.79,0.5,0.49,Nepal_Birganj
2014-12-26,0.0,21.49,6.52,1.49,59.08,0.5,0.46,Nepal_Birganj
2014-12-27,0.0,20.91,7.01,1.14,61.01,0.49,0.45,Nepal_Birganj
2014-12-28,0.0,23.12,6.94,1.32,56.35,0.49,0.49,Nepal_Birganj
2014-12-29,0.0,23.65,8.07,1.48,51.42,0.49,0.5,Nepal_Birganj
2014-12-30,0.0,24.78,8.47,1.06,47.67,0.49,0.56,Nepal_Birganj
2014-12-31,0.0,27.63,10.57,1.36,49.61,0.49,0.62,Nepal_Birganj
2015-01-01,2.19,26.8,15.2,1.05,48.87,0.48,0.52,Nepal_Birganj
2015-01-02,3.43,25.81,17.59,1.37,61.91,0.49,0.37,Nepal_Birganj
2015-01-03,2.53,26.42,16.0,1.48,73.71,0.49,0.6,Nepal_Birganj
2015-01-04,1.52,24.51,14.21,2.49,73.91,0.49,0.54,Nepal_Birganj
2015-01-05,0.0,22.04,10.03,1.56,71.16,0.49,0.45,Nepal_Birganj
2015-01-06,0.01,21.65,9.56,1.14,65.62,0.49,0.38,Nepal_Birganj
2015-01-07,0.0,22.08,10.03,1.25,59.05,0.48,0.38,Nepal_Birganj
2015-01-08,0.05,22.46,11.19,1.04,58.46,0.48,0.3,Nepal_Birganj
2015-01-09,0.01,22.72,9.38,1.9,56.65,0.48,0.44,Nepal_Birganj
2015-01-10,0.0,21.03,6.42,1.44,55.74,0.48,0.36,Nepal_Birganj
2015-01-11,0.0,22.08,8.34,1.1,52.0,0.48,0.4,Nepal_Birganj
2015-01-12,0.0,22.71,9.59,0.91,50.15,0.47,0.38,Nepal_Birganj
2015-01-13,0.0,24.16,9.03,1.07,51.59,0.47,0.41,Nepal_Birganj
2015-01-14,0.0,24.32,10.26,1.17,51.71,0.47,0.41,Nepal_Birganj
2015-01-15,0.0,25.29,11.26,1.37,52.22,0.47,0.42,Nepal_Birganj
2015-01-16,0.0,24.35,10.18,1.9,53.04,0.47,0.39,Nepal_Birganj
2015-01-17,0.0,23.25,8.56,1.79,54.97,0.46,0.35,Nepal_Birganj
2015-01-18,0.0,22.31,7.17,1.84,61.03,0.46,0.32,Nepal_Birganj
2015-01-19,0.0,22.44,7.55,1.76,54.64,0.46,0.33,Nepal_Birganj
2015-01-20,0.0,21.8,7.3,1.5,53.59,0.46,0.28,Nepal_Birganj
2015-01-21,0.0,23.5,7.31,1.2,50.12,0.46,0.32,Nepal_Birganj
2015-01-22,0.0,25.43,9.85,1.17,45.46,0.45,0.33,Nepal_Birganj
2015-01-23,0.55,25.19,11.8,2.16,55.49,0.45,0.31,Nepal_Birganj
2015-01-24,0.25,25.3,10.47,2.51,64.5,0.45,0.34,Nepal_Birganj
2015-01-25,0.01,25.31,9.84,1.98,56.14,0.45,0.33,Nepal_Birganj
2015-01-26,0.06,25.03,9.65,2.19,55.72,0.45,0.29,Nepal_Birganj
2015-01-27,0.62,22.79,12.83,2.16,64.7,0.45,0.18,Nepal_Birganj
2015-01-28,0.04,25.64,11.6,1.98,62.05,0.45,0.33,Nepal_Birganj
2015-01-29,0.35,22.72,12.1,1.63,58.31,0.44,0.19,Nepal_Birganj
2015-01-30,0.0,21.91,8.02,2.18,54.32,0.44,0.24,Nepal_Birganj
2015-01-31,0.0,22.55,6.49,1.57,48.81,0.44,0.23,Nepal_Birganj
2015-02-01,0.0,22.65,10.08,1.26,45.06,0.44,0.24,Nepal_Birganj
2015-02-02,0.0,25.52,10.6,1.17,43.17,0.44,0.27,Nepal_Birganj
2015-02-03,0.11,27.96,12.63,1.47,43.22,0.43,0.31,Nepal_Birganj
2015-02-04,0.28,27.81,14.1,2.6,47.62,0.43,0.29,Nepal_Birganj
2015-02-05,0.13,25.35,10.36,1.78,54.78,0.43,0.26,Nepal_Birganj
2015-02-06,0.0,25.17,9.51,1.79,50.82,0.43,0.24,Nepal_Birganj
2015-02-07,0.0,25.91,10.27,1.78,46.43,0.43,0.24,Nepal_Birganj
2015-02-08,0.01,26.88,13.2,2.02,48.52,0.42,0.23,Nepal_Birganj
2015-02-09,0.0,25.69,12.26,1.91,56.21,0.42,0.18,Nepal_Birganj
2015-02-10,0.0,26.99,11.17,2.05,44.96,0.42,0.23,Nepal_Birganj
2015-02-11,0.0,26.5,10.52,1.73,41.23,0.42,0.22,Nepal_Birganj
2015-02-12,0.0,26.09,11.68,1.77,40.39,0.42,0.2,Nepal_Birganj
2015-02-13,0.0,26.25,11.8,2.11,44.07,0.41,0.19,Nepal_Birganj
2015-02-14,0.0,26.19,11.44,1.07,39.66,0.41,0.17,Nepal_Birganj
2015-02-15,0.0,26.57,13.03,1.42,39.11,0.41,0.16,Nepal_Birganj
2015-02-16,0.0,28.0,14.62,1.28,43.28,0.41,0.17,Nepal_Birganj
2015-02-17,0.0,27.93,15.93,1.23,45.67,0.41,0.16,Nepal_Birganj
2015-02-18,0.64,28.7,15.89,1.35,46.81,0.41,0.17,Nepal_Birganj
2015-02-19,2.43,29.32,17.22,1.39,47.52,0.41,0.19,Nepal_Birganj
2015-02-20,0.01,28.68,16.04,1.45,47.51,0.41,0.18,Nepal_Birganj
2015-02-21,0.0,30.25,17.38,1.89,43.2,0.4,0.19,Nepal_Birganj
2015-02-22,0.71,31.75,15.56,1.85,43.1,0.4,0.21,Nepal_Birganj
2015-02-23,0.29,31.18,18.65,1.19,38.49,0.4,0.2,Nepal_Birganj
2015-02-24,0.0,31.7,19.78,1.14,40.73,0.4,0.18,Nepal_Birganj
2015-02-25,0.0,30.94,18.3,1.51,43.61,0.4,0.13,Nepal_Birganj
2015-02-26,0.73,29.7,19.15,1.76,43.32,0.4,0.12,Nepal_Birganj
2015-02-27,0.04,31.77,18.23,2.08,43.46,0.4,0.18,Nepal_Birganj
2015-02-28,0.03,33.43,18.51,1.94,37.19,0.39,0.17,Nepal_Birganj
2015-03-01,4.71,28.47,19.75,2.15,45.42,0.4,0.05,Nepal_Birganj
2015-03-02,13.6,23.65,15.98,2.61,67.39,0.41,0.06,Nepal_Birganj
2015-03-03,2.91,26.53,14.06,2.37,64.53,0.43,0.24,Nepal_Birganj
2015-03-04,0.22,26.86,14.34,2.63,53.28,0.42,0.24,Nepal_Birganj
2015-03-05,0.0,27.95,11.51,2.25,42.19,0.42,0.28,Nepal_Birganj
2015-03-06,0.0,28.37,12.39,2.31,44.9,0.42,0.26,Nepal_Birganj
2015-03-07,0.0,29.32,13.22,2.1,45.78,0.41,0.26,Nepal_Birganj
2015-03-08,0.0,30.81,15.39,1.74,37.11,0.41,0.26,Nepal_Birganj
2015-03-09,0.0,33.46,16.45,2.31,35.66,0.41,0.28,Nepal_Birganj
2015-03-10,0.0,33.09,16.85,3.02,33.79,0.4,0.26,Nepal_Birganj
2015-03-11,0.0,31.6,13.26,2.47,38.38,0.4,0.21,Nepal_Birganj
2015-03-12,0.0,33.29,14.63,2.38,34.98,0.4,0.22,Nepal_Birganj
2015-03-13,0.0,33.6,15.32,2.57,35.56,0.39,0.2,Nepal_Birganj
2015-03-14,0.84,32.37,17.85,2.84,43.51,0.39,0.14,Nepal_Birganj
2015-03-15,0.41,33.49,17.44,3.44,48.16,0.39,0.19,Nepal_Birganj
2015-03-16,1.06,31.12,17.94,2.62,52.02,0.39,0.16,Nepal_Birganj
2015-03-17,0.07,32.89,18.31,2.97,44.69,0.39,0.18,Nepal_Birganj
2015-03-18,0.26,30.98,18.55,2.68,41.86,0.39,0.12,Nepal_Birganj
2015-03-19,0.08,31.79,15.71,2.25,41.22,0.39,0.15,Nepal_Birganj
2015-03-20,0.02,33.52,17.33,1.94,41.15,0.38,0.15,Nepal_Birganj
2015-03-21,0.0,33.94,18.03,2.06,37.47,0.38,0.15,Nepal_Birganj
2015-03-22,0.0,35.45,18.93,2.06,36.7,0.38,0.14,Nepal_Birganj
2015-03-23,3.2,35.73,20.19,1.62,39.2,0.38,0.13,Nepal_Birganj
2015-03-24,0.64,35.74,20.39,1.32,38.25,0.38,0.14,Nepal_Birganj
2015-03-25,0.23,36.75,21.98,1.17,36.2,0.38,0.14,Nepal_Birganj
2015-03-26,4.07,35.89,22.59,1.29,42.14,0.38,0.08,Nepal_Birganj
2015-03-27,7.88,33.32,22.6,1.33,53.4,0.39,0.07,Nepal_Birganj
2015-03-28,1.8,34.13,21.27,1.29,54.42,0.4,0.21,Nepal_Birganj
2015-03-29,0.01,35.72,22.06,1.31,44.15,0.39,0.2,Nepal_Birganj
2015-03-30,14.88,30.37,21.39,1.48,60.24,0.4,0.05,Nepal_Birganj
2015-03-31,0.01,31.85,19.17,1.37,58.38,0.42,0.32,Nepal_Birganj
2015-04-01,0.03,34.86,20.59,2.1,44.34,0.41,0.33,Nepal_Birganj
2015-04-02,1.12,35.82,21.78,2.71,41.6,0.41,0.29,Nepal_Birganj
2015-04-03,0.39,37.85,22.13,2.46,39.02,0.4,0.32,Nepal_Birganj
2015-04-04,2.52,35.44,22.76,2.11,40.87,0.4,0.25,Nepal_Birganj
2015-04-05,1.09,34.19,23.15,1.68,40.3,0.4,0.25,Nepal_Birganj
2015-04-06,0.22,35.33,22.89,1.83,39.89,0.4,0.25,Nepal_Birganj
2015-04-07,0.0,35.76,20.79,1.8,35.64,0.39,0.22,Nepal_Birganj
2015-04-08,0.0,35.73,22.64,1.81,34.93,0.39,0.22,Nepal_Birganj
2015-04-09,0.0,35.6,20.02,2.35,33.39,0.39,0.19,Nepal_Birganj
2015-04-10,0.0,36.96,20.71,1.96,34.12,0.38,0.18,Nepal_Birganj
2015-04-11,0.0,38.23,21.41,1.73,27.82,0.38,0.17,Nepal_Birganj
2015-04-12,0.05,35.78,22.43,1.6,28.86,0.38,0.11,Nepal_Birganj
2015-04-13,5.91,33.51,23.14,1.81,43.5,0.39,0.1,Nepal_Birganj
2015-04-14,1.23,30.75,22.63,1.43,55.86,0.39,0.07,Nepal_Birganj
2015-04-15,1.26,35.42,23.31,1.77,46.97,0.39,0.12,Nepal_Birganj
2015-04-16,0.17,36.31,22.67,2.55,46.82,0.38,0.17,Nepal_Birganj
2015-04-17,4.25,34.22,23.03,1.63,46.52,0.38,0.11,Nepal_Birganj
2015-04-18,5.38,35.27,22.69,1.54,47.99,0.39,0.15,Nepal_Birganj
2015-04-19,1.35,38.72,24.98,1.27,36.06,0.39,0.25,Nepal_Birganj
2015-04-20,0.0,37.8,23.24,1.88,38.6,0.39,0.2,Nepal_Birganj
2015-04-21,0.8,39.5,24.55,2.3,35.43,0.39,0.19,Nepal_Birganj
2015-04-22,5.99,39.57,22.28,2.06,35.99,0.39,0.23,Nepal_Birganj
2015-04-23,1.88,39.09,23.46,1.19,25.83,0.39,0.25,Nepal_Birganj
2015-04-24,0.63,37.7,22.3,3.02,33.57,0.39,0.19,Nepal_Birganj
2015-04-25,0.54,28.7,22.36,2.95,55.41,0.38,0.04,Nepal_Birganj
2015-04-26,0.43,33.41,20.17,1.88,49.56,0.38,0.13,Nepal_Birganj
2015-04-27,1.97,34.15,21.67,1.73,50.09,0.38,0.13,Nepal_Birganj
2015-04-28,11.53,33.21,22.98,1.88,54.77,0.39,0.12,Nepal_Birganj
2015-04-29,11.58,32.34,22.94,1.5,56.43,0.41,0.2,Nepal_Birganj
2015-04-30,2.58,34.89,22.01,1.59,49.27,0.41,0.31,Nepal_Birganj
2015-05-01,0.01,38.2,23.75,1.58,40.09,0.41,0.37,Nepal_Birganj
2015-05-02,0.77,38.77,24.64,1.53,34.61,0.4,0.34,Nepal_Birganj
2015-05-03,1.43,38.71,24.72,1.63,30.9,0.4,0.34,Nepal_Birganj
2015-05-04,0.03,40.3,22.55,2.15,25.81,0.4,0.3,Nepal_Birganj
2015-05-05,0.0,41.3,23.67,1.83,22.64,0.39,0.27,Nepal_Birganj
2015-05-06,0.44,40.84,24.26,1.35,23.86,0.39,0.23,Nepal_Birganj
2015-05-07,0.35,40.07,24.66,1.45,27.86,0.38,0.19,Nepal_Birganj
2015-05-08,0.01,39.79,24.78,1.62,30.87,0.38,0.19,Nepal_Birganj
2015-05-09,0.11,38.95,25.95,1.33,37.37,0.38,0.14,Nepal_Birganj
2015-05-10,1.04,40.3,26.42,1.61,38.06,0.38,0.15,Nepal_Birganj
2015-05-11,14.71,37.77,26.48,1.45,45.7,0.39,0.21,Nepal_Birganj
2015-05-12,10.27,36.89,25.3,2.11,50.78,0.41,0.32,Nepal_Birganj
2015-05-13,1.12,37.89,25.32,1.45,38.93,0.41,0.34,Nepal_Birganj
2015-05-14,0.06,40.25,27.29,2.17,33.56,0.4,0.31,Nepal_Birganj
2015-05-15,0.11,37.74,26.89,2.21,40.1,0.4,0.23,Nepal_Birganj
2015-05-16,0.68,39.84,27.26,1.43,39.46,0.4,0.26,Nepal_Birganj
2015-05-17,0.84,38.96,25.57,1.65,43.33,0.39,0.22,Nepal_Birganj
2015-05-18,0.35,39.19,26.96,1.73,41.55,0.39,0.2,Nepal_Birganj
2015-05-19,5.02,38.58,27.84,1.76,48.1,0.39,0.18,Nepal_Birganj
2015-05-20,2.67,40.13,27.21,1.39,43.06,0.39,0.26,Nepal_Birganj
2015-05-21,1.0,41.1,24.96,2.0,33.03,0.39,0.25,Nepal_Birganj
2015-05-22,0.49,43.3,25.74,1.7,25.83,0.39,0.24,Nepal_Birganj
2015-05-23,0.75,43.24,26.7,1.57,22.93,0.38,0.22,Nepal_Birganj
2015-05-24,0.93,42.51,27.99,1.82,25.0,0.38,0.2,Nepal_Birganj
2015-05-25,0.07,41.26,25.89,1.53,28.48,0.38,0.18,Nepal_Birganj
2015-05-26,1.6,41.74,26.23,1.39,30.65,0.37,0.16,Nepal_Birganj
2015-05-27,1.24,40.26,26.95,1.32,32.87,0.37,0.16,Nepal_Birganj
2015-05-28,0.21,40.41,26.41,1.21,33.05,0.37,0.14,Nepal_Birganj
2015-05-29,0.01,42.83,27.08,1.52,32.8,0.37,0.12,Nepal_Birganj
2015-05-30,1.77,41.31,27.45,1.41,31.83,0.37,0.12,Nepal_Birganj
2015-05-31,0.89,42.1,27.64,1.87,31.79,0.37,0.14,Nepal_Birganj
2015-06-01,1.71,43.13,28.36,1.33,23.54,0.37,0.14,Nepal_Birganj
2015-06-02,0.21,42.94,28.06,1.24,28.05,0.36,0.12,Nepal_Birganj
2015-06-03,0.24,42.78,27.69,2.2,28.91,0.36,0.11,Nepal_Birganj
2015-06-04,16.32,37.41,29.77,1.75,51.61,0.38,0.1,Nepal_Birganj
2015-06-05,1.71,40.73,28.9,1.72,40.56,0.39,0.2,Nepal_Birganj
2015-06-06,0.0,43.72,29.96,1.77,28.27,0.38,0.19,Nepal_Birganj
2015-06-07,0.0,44.15,28.77,1.7,24.53,0.37,0.15,Nepal_Birganj
2015-06-08,0.01,42.45,29.54,1.65,29.26,0.37,0.12,Nepal_Birganj
2015-06-09,2.58,44.3,29.16,1.71,34.47,0.37,0.13,Nepal_Birganj
2015-06-10,1.85,44.08,28.93,1.66,30.94,0.37,0.13,Nepal_Birganj
2015-06-11,4.1,40.03,28.87,2.4,42.4,0.37,0.1,Nepal_Birganj
2015-06-12,4.17,41.74,27.93,1.55,36.85,0.37,0.15,Nepal_Birganj
2015-06-13,3.82,40.38,29.06,1.9,44.54,0.38,0.18,Nepal_Birganj
2015-06-14,7.2,38.18,27.78,1.49,51.44,0.38,0.21,Nepal_Birganj
2015-06-15,2.62,38.57,26.46,1.5,50.95,0.38,0.22,Nepal_Birganj
2015-06-16,3.84,37.65,27.49,1.5,50.67,0.38,0.21,Nepal_Birganj
2015-06-17,1.57,38.98,28.44,1.16,48.99,0.38,0.21,Nepal_Birganj
2015-06-18,3.18,39.44,28.93,1.78,48.9,0.38,0.22,Nepal_Birganj
2015-06-19,12.38,36.55,28.46,2.54,61.25,0.39,0.21,Nepal_Birganj
2015-06-20,12.12,36.54,27.67,2.36,62.97,0.41,0.31,Nepal_Birganj
2015-06-21,6.44,36.12,27.78,3.13,61.67,0.42,0.32,Nepal_Birganj
2015-06-22,1.62,35.96,28.1,3.75,63.03,0.41,0.29,Nepal_Birganj
2015-06-23,6.58,37.89,27.04,1.63,59.7,0.41,0.47,Nepal_Birganj
2015-06-24,10.43,37.86,27.56,1.86,61.53,0.43,0.53,Nepal_Birganj
2015-06-25,10.29,37.6,27.93,2.34,60.03,0.44,0.79,Nepal_Birganj
2015-06-26,14.63,37.08,27.69,2.17,65.62,0.45,0.79,Nepal_Birganj
2015-06-27,20.54,33.18,26.47,1.66,77.24,0.47,0.45,Nepal_Birganj
2015-06-28,11.96,30.42,25.32,4.23,77.96,0.5,0.7,Nepal_Birganj
2015-06-29,2.65,35.67,25.38,2.64,66.74,0.5,1.46,Nepal_Birganj
2015-06-30,3.59,37.6,26.99,1.47,59.14,0.49,1.58,Nepal_Birganj
2015-07-01,19.84,35.38,27.3,1.19,68.65,0.51,1.48,Nepal_Birganj
2015-07-02,5.66,35.43,27.18,1.07,67.43,0.52,1.85,Nepal_Birganj
2015-07-03,12.5,36.97,28.19,1.85,64.18,0.52,2.01,Nepal_Birganj
2015-07-04,8.15,38.17,27.6,2.43,61.19,0.53,2.52,Nepal_Birganj
2015-07-05,24.22,37.95,27.73,2.1,65.65,0.55,2.38,Nepal_Birganj
2015-07-06,27.48,33.3,27.51,1.33,76.9,0.59,2.49,Nepal_Birganj
2015-07-07,5.33,33.33,27.11,1.25,77.57,0.6,2.31,Nepal_Birganj
2015-07-08,6.08,31.2,26.4,1.1,81.9,0.59,1.56,Nepal_Birganj
2015-07-09,5.8,34.71,26.75,1.58,73.76,0.59,2.95,Nepal_Birganj
2015-07-10,6.83,30.93,26.48,5.76,79.7,0.59,2.61,Nepal_Birganj
2015-07-11,3.44,32.36,25.73,4.47,78.67,0.59,2.67,Nepal_Birganj
2015-07-12,0.17,34.7,25.65,1.89,74.78,0.59,3.82,Nepal_Birganj
2015-07-13,0.44,34.56,26.26,1.56,73.37,0.58,2.8,Nepal_Birganj
2015-07-14,1.19,34.31,27.55,1.68,75.09,0.57,2.42,Nepal_Birganj
2015-07-15,20.63,33.65,27.55,1.54,78.39,0.58,2.24,Nepal_Birganj
2015-07-16,39.18,30.07,26.03,2.38,90.03,0.64,1.28,Nepal_Birganj
2015-07-17,3.49,32.95,24.74,2.36,78.01,0.65,4.43,Nepal_Birganj
2015-07-18,3.84,32.39,25.22,1.41,75.65,0.64,2.61,Nepal_Birganj
2015-07-19,6.25,34.13,26.5,1.51,76.57,0.64,4.97,Nepal_Birganj
2015-07-20,12.3,33.26,25.72,2.66,80.2,0.64,4.32,Nepal_Birganj
2015-07-21,4.32,33.38,25.21,2.51,79.09,0.64,5.1,Nepal_Birganj
2015-07-22,4.36,31.91,25.27,2.68,83.36,0.63,3.57,Nepal_Birganj
2015-07-23,7.5,30.08,25.71,1.63,85.72,0.63,1.49,Nepal_Birganj
2015-07-24,12.29,30.99,25.36,2.89,84.7,0.64,3.29,Nepal_Birganj
2015-07-25,12.88,32.23,25.27,2.12,84.31,0.65,3.7,Nepal_Birganj
2015-07-26,1.29,34.08,25.14,0.88,77.35,0.65,5.91,Nepal_Birganj
2015-07-27,0.84,32.0,25.88,1.78,77.71,0.64,3.39,Nepal_Birganj
2015-07-28,2.95,33.81,25.26,2.09,76.23,0.63,5.29,Nepal_Birganj
2015-07-29,4.7,34.07,24.82,2.79,78.17,0.62,4.73,Nepal_Birganj
2015-07-30,17.32,33.03,25.31,2.43,80.21,0.63,4.35,Nepal_Birganj
2015-07-31,11.73,34.19,24.05,1.95,75.14,0.64,4.43,Nepal_Birganj
2015-08-01,11.12,33.17,24.76,1.41,73.89,0.65,4.79,Nepal_Birganj
2015-08-02,4.11,32.43,25.61,0.65,75.68,0.65,3.46,Nepal_Birganj
2015-08-03,0.09,32.44,25.38,2.02,79.75,0.64,5.04,Nepal_Birganj
2015-08-04,0.31,33.34,24.71,1.5,78.34,0.63,4.92,Nepal_Birganj
2015-08-05,2.74,32.67,25.6,1.2,80.92,0.62,3.16,Nepal_Birganj
2015-08-06,10.26,33.52,26.81,1.02,76.83,0.63,4.17,Nepal_Birganj
2015-08-07,12.91,33.27,26.31,1.15,76.54,0.63,4.53,Nepal_Birganj
2015-08-08,5.32,32.53,25.96,0.93,80.64,0.64,3.29,Nepal_Birganj
2015-08-09,4.34,34.11,25.91,1.1,75.96,0.63,5.41,Nepal_Birganj
2015-08-10,14.01,34.61,27.15,1.05,79.36,0.63,4.95,Nepal_Birganj
2015-08-11,28.6,32.7,26.76,1.56,82.52,0.66,3.88,Nepal_Birganj
2015-08-12,7.42,32.09,26.47,1.22,81.31,0.67,3.96,Nepal_Birganj
2015-08-13,1.37,32.74,25.85,1.77,82.39,0.67,5.3,Nepal_Birganj
2015-08-14,1.11,31.66,26.37,1.67,83.85,0.66,2.77,Nepal_Birganj
2015-08-15,6.02,31.86,26.28,1.54,85.68,0.66,2.38,Nepal_Birganj
2015-08-16,14.72,31.05,26.13,1.49,85.3,0.66,2.52,Nepal_Birganj
2015-08-17,63.65,29.65,26.17,1.41,90.97,0.72,0.81,Nepal_Birganj
2015-08-18,18.11,31.53,25.43,1.53,87.78,0.77,3.3,Nepal_Birganj
2015-08-19,24.25,31.47,25.41,2.16,90.44,0.78,3.67,Nepal_Birganj
2015-08-20,47.6,30.09,25.81,2.68,92.74,0.81,1.46,Nepal_Birganj
2015-08-21,50.65,30.92,25.13,2.38,90.22,0.87,3.01,Nepal_Birganj
2015-08-22,6.65,31.18,24.37,1.53,87.78,0.87,4.14,Nepal_Birganj
2015-08-23,2.11,31.65,24.66,1.37,86.79,0.86,5.15,Nepal_Birganj
2015-08-24,4.03,31.6,24.82,1.85,88.33,0.85,4.51,Nepal_Birganj
2015-08-25,2.78,31.51,25.14,1.6,88.46,0.84,4.31,Nepal_Birganj
2015-08-26,23.84,31.15,25.57,0.63,86.0,0.85,1.49,Nepal_Birganj
2015-08-27,18.36,30.72,26.63,0.72,84.07,0.87,0.96,Nepal_Birganj
2015-08-28,12.64,31.85,25.96,1.15,84.88,0.87,3.58,Nepal_Birganj
2015-08-29,5.72,31.79,26.42,1.11,84.39,0.87,3.07,Nepal_Birganj
2015-08-30,8.88,31.7,25.4,1.57,86.54,0.87,3.81,Nepal_Birganj
2015-08-31,27.25,31.48,25.72,1.82,88.05,0.88,3.52,Nepal_Birganj
2015-09-01,8.48,31.4,24.37,1.85,87.91,0.89,4.06,Nepal_Birganj
2015-09-02,1.48,31.52,23.37,1.56,86.83,0.88,4.86,Nepal_Birganj
2015-09-03,13.38,31.59,23.72,1.06,83.24,0.87,4.53,Nepal_Birganj
2015-09-04,5.27,31.37,24.36,1.52,84.18,0.87,4.9,Nepal_Birganj
2015-09-05,3.14,31.02,23.84,1.46,81.86,0.86,4.83,Nepal_Birganj
2015-09-06,1.99,31.24,23.42,1.02,80.49,0.86,5.05,Nepal_Birganj
2015-09-07,1.16,31.08,23.85,1.27,79.78,0.85,5.38,Nepal_Birganj
2015-09-08,2.55,31.31,23.57,1.05,81.24,0.84,5.32,Nepal_Birganj
2015-09-09,0.03,32.01,23.84,0.88,79.46,0.83,5.88,Nepal_Birganj
2015-09-10,2.52,32.12,24.91,0.98,79.57,0.82,5.51,Nepal_Birganj
2015-09-11,14.16,31.17,25.54,1.46,86.66,0.82,3.32,Nepal_Birganj
2015-09-12,21.43,30.3,24.65,1.02,82.76,0.84,2.15,Nepal_Birganj
2015-09-13,1.73,30.65,25.13,0.7,81.76,0.84,3.2,Nepal_Birganj
2015-09-14,14.51,32.95,26.02,0.82,77.37,0.84,5.28,Nepal_Birganj
2015-09-15,6.71,29.85,25.85,1.0,85.4,0.85,1.2,Nepal_Birganj
2015-09-16,0.14,30.77,24.99,0.94,83.83,0.84,3.79,Nepal_Birganj
2015-09-17,0.1,30.02,24.96,1.45,87.54,0.84,4.11,Nepal_Birganj
2015-09-18,0.01,32.28,25.9,0.67,80.79,0.83,6.23,Nepal_Birganj
2015-09-19,0.17,33.03,25.32,0.91,80.78,0.82,7.48,Nepal_Birganj
2015-09-20,3.91,28.29,25.74,1.6,93.16,0.81,1.43,Nepal_Birganj
2015-09-21,8.05,30.37,25.01,2.16,89.6,0.81,2.78,Nepal_Birganj
2015-09-22,11.18,30.54,24.59,1.67,90.2,0.81,2.39,Nepal_Birganj
2015-09-23,24.03,30.54,24.2,2.05,88.69,0.84,3.76,Nepal_Birganj
2015-09-24,1.1,30.02,21.82,2.63,85.72,0.83,4.75,Nepal_Birganj
2015-09-25,0.05,28.54,19.9,1.72,80.4,0.82,4.87,Nepal_Birganj
2015-09-26,0.42,29.74,19.86,1.1,74.55,0.81,5.2,Nepal_Birganj
2015-09-27,0.17,30.42,22.43,0.97,72.89,0.8,5.63,Nepal_Birganj
2015-09-28,0.64,31.0,23.3,0.85,74.27,0.79,6.01,Nepal_Birganj
2015-09-29,0.07,31.61,23.54,0.86,75.69,0.78,6.39,Nepal_Birganj
2015-09-30,0.0,31.15,23.48,1.17,77.97,0.77,5.91,Nepal_Birganj
2015-10-01,0.0,31.28,23.73,1.13,78.0,0.76,6.05,Nepal_Birganj
2015-10-02,1.94,31.36,23.99,1.21,73.95,0.75,5.79,Nepal_Birganj
2015-10-03,0.72,30.77,22.8,1.06,67.71,0.74,5.89,Nepal_Birganj
2015-10-04,0.03,32.01,20.73,1.04,66.68,0.73,6.55,Nepal_Birganj
2015-10-05,0.0,32.23,20.85,1.09,64.92,0.72,6.67,Nepal_Birganj
2015-10-06,0.0,30.85,21.82,1.33,66.12,0.71,6.27,Nepal_Birganj
2015-10-07,0.0,32.01,21.86,0.77,65.61,0.7,7.3,Nepal_Birganj
2015-10-08,0.0,32.1,21.93,1.09,65.83,0.69,6.72,Nepal_Birganj
2015-10-09,0.03,31.62,21.13,1.23,62.81,0.68,5.87,Nepal_Birganj
2015-10-10,1.47,31.16,22.02,0.79,64.15,0.67,5.2,Nepal_Birganj
2015-10-11,8.67,30.03,21.18,2.27,75.62,0.68,3.94,Nepal_Birganj
2015-10-12,1.3,28.22,21.38,1.42,77.93,0.67,3.24,Nepal_Birganj
2015-10-13,1.89,29.86,21.98,1.01,73.86,0.67,4.81,Nepal_Birganj
2015-10-14,1.45,29.57,21.49,0.96,78.83,0.66,4.38,Nepal_Birganj
2015-10-15,2.44,29.63,21.53,0.7,75.7,0.66,4.54,Nepal_Birganj
2015-10-16,6.94,29.01,21.28,1.3,76.61,0.66,4.1,Nepal_Birganj
2015-10-17,0.03,29.59,21.19,1.33,72.86,0.65,4.28,Nepal_Birganj
2015-10-18,0.0,30.05,20.88,1.05,71.74,0.65,4.13,Nepal_Birganj
2015-10-19,0.0,30.1,21.74,1.1,73.17,0.64,4.09,Nepal_Birganj
2015-10-20,0.0,30.88,21.41,1.21,72.18,0.63,3.89,Nepal_Birganj
2015-10-21,0.0,30.43,21.24,0.99,67.95,0.62,3.58,Nepal_Birganj
2015-10-22,0.03,30.77,20.48,1.2,61.71,0.62,3.67,Nepal_Birganj
2015-10-23,0.14,29.72,19.12,1.18,51.38,0.61,3.37,Nepal_Birganj
2015-10-24,0.04,30.19,17.18,1.06,54.61,0.6,3.04,Nepal_Birganj
2015-10-25,0.0,29.58,18.76,0.98,62.04,0.6,3.1,Nepal_Birganj
2015-10-26,0.0,29.53,19.1,0.89,65.04,0.59,3.04,Nepal_Birganj
2015-10-27,0.0,29.27,18.56,1.22,56.91,0.59,2.65,Nepal_Birganj
2015-10-28,0.25,29.53,18.28,0.64,54.94,0.58,2.91,Nepal_Birganj
2015-10-29,3.95,29.63,19.04,1.23,64.9,0.58,1.48,Nepal_Birganj
2015-10-30,1.41,27.4,18.17,0.9,64.0,0.58,1.62,Nepal_Birganj
2015-10-31,0.14,29.65,18.32,0.91,54.22,0.58,2.87,Nepal_Birganj
2015-11-01,0.0,29.62,18.43,1.07,61.24,0.57,2.68,Nepal_Birganj
2015-11-02,0.0,29.69,18.6,1.07,64.24,0.57,2.6,Nepal_Birganj
2015-11-03,0.0,29.48,19.68,1.44,60.3,0.56,2.24,Nepal_Birganj
2015-11-04,0.02,29.16,18.15,1.44,56.62,0.56,2.0,Nepal_Birganj
2015-11-05,0.01,29.38,18.45,1.15,54.83,0.55,1.67,Nepal_Birganj
2015-11-06,0.0,29.57,18.57,1.18,54.5,0.55,1.7,Nepal_Birganj
2015-11-07,0.0,29.49,18.16,1.24,52.62,0.54,1.84,Nepal_Birganj
2015-11-08,0.0,29.31,17.35,1.16,53.71,0.54,1.67,Nepal_Birganj
2015-11-09,0.0,29.76,18.17,1.38,51.81,0.54,1.7,Nepal_Birganj
2015-11-10,0.0,29.76,18.24,1.29,50.35,0.53,1.6,Nepal_Birganj
2015-11-11,0.0,29.46,18.37,1.36,52.47,0.53,1.44,Nepal_Birganj
2015-11-12,0.0,29.21,18.78,0.88,50.34,0.53,1.35,Nepal_Birganj
2015-11-13,0.0,28.82,16.86,0.93,53.44,0.52,1.25,Nepal_Birganj
2015-11-14,0.0,28.85,18.4,0.74,54.66,0.52,1.22,Nepal_Birganj
2015-11-15,0.0,28.93,18.41,1.04,56.01,0.52,0.98,Nepal_Birganj
2015-11-16,0.0,29.17,17.87,0.97,53.55,0.51,1.09,Nepal_Birganj
2015-11-17,0.0,29.67,18.3,1.16,46.95,0.51,1.07,Nepal_Birganj
2015-11-18,0.07,28.7,17.87,1.26,48.22,0.51,0.97,Nepal_Birganj
2015-11-19,0.0,28.11,16.74,1.37,47.16,0.5,0.94,Nepal_Birganj
2015-11-20,0.0,29.07,16.35,1.32,50.37,0.5,0.96,Nepal_Birganj
2015-11-21,0.0,28.82,17.16,1.15,50.53,0.5,0.93,Nepal_Birganj
2015-11-22,0.0,28.56,17.33,1.14,49.87,0.49,0.86,Nepal_Birganj
2015-11-23,0.0,27.85,18.04,0.91,53.34,0.49,0.64,Nepal_Birganj
2015-11-24,0.0,26.44,17.5,1.09,56.2,0.49,0.56,Nepal_Birganj
2015-11-25,0.0,27.39,16.68,0.93,54.72,0.49,0.66,Nepal_Birganj
2015-11-26,0.0,27.64,17.3,0.93,52.45,0.49,0.57,Nepal_Birganj
2015-11-27,0.0,27.66,18.35,0.92,52.73,0.48,0.59,Nepal_Birganj
2015-11-28,0.0,26.86,17.2,1.05,57.32,0.48,0.34,Nepal_Birganj
2015-11-29,0.0,28.9,17.78,0.98,51.66,0.48,0.67,Nepal_Birganj
2015-11-30,0.0,28.84,18.76,1.37,50.94,0.48,0.64,Nepal_Birganj
2015-12-01,0.0,28.98,17.33,1.19,53.36,0.47,0.61,Nepal_Birganj
2015-12-02,0.0,29.02,17.6,1.27,49.52,0.47,0.64,Nepal_Birganj
2015-12-03,0.0,27.49,16.37,1.85,57.96,0.47,0.51,Nepal_Birganj
2015-12-04,0.0,26.08,14.14,1.3,55.59,0.47,0.45,Nepal_Birganj
2015-12-05,0.0,26.28,15.01,1.06,53.18,0.47,0.4,Nepal_Birganj
2015-12-06,0.0,26.13,14.46,1.15,57.07,0.46,0.37,Nepal_Birganj
2015-12-07,0.0,26.29,16.35,1.05,57.6,0.46,0.44,Nepal_Birganj
2015-12-08,0.0,26.23,16.34,1.02,54.51,0.46,0.37,Nepal_Birganj
2015-12-09,0.0,25.55,14.7,0.99,52.48,0.46,0.36,Nepal_Birganj
2015-12-10,0.0,25.76,14.19,1.41,49.99,0.46,0.37,Nepal_Birganj
2015-12-11,0.0,27.08,14.95,1.16,43.57,0.46,0.38,Nepal_Birganj
2015-12-12,0.0,27.56,15.99,1.14,44.15,0.45,0.38,Nepal_Birganj
2015-12-13,0.0,25.42,13.68,1.47,50.87,0.45,0.29,Nepal_Birganj
2015-12-14,0.0,23.12,11.74,1.58,48.5,0.45,0.26,Nepal_Birganj
2015-12-15,0.0,22.84,9.91,1.37,51.74,0.45,0.24,Nepal_Birganj
2015-12-16,0.0,23.43,11.39,1.0,45.8,0.45,0.24,Nepal_Birganj
2015-12-17,0.0,23.52,11.32,1.08,43.42,0.44,0.23,Nepal_Birganj
2015-12-18,0.0,22.05,10.43,1.63,50.08,0.44,0.21,Nepal_Birganj
2015-12-19,0.0,22.71,9.48,1.24,42.93,0.44,0.22,Nepal_Birganj
2015-12-20,0.0,22.83,11.34,1.11,39.18,0.44,0.21,Nepal_Birganj
2015-12-21,0.0,22.11,9.82,1.02,39.37,0.44,0.2,Nepal_Birganj
2015-12-22,0.0,22.84,9.99,1.13,41.29,0.44,0.2,Nepal_Birganj
2015-12-23,0.0,23.45,10.59,1.06,38.18,0.44,0.2,Nepal_Birganj
2015-12-24,0.0,23.12,10.9,1.12,40.18,0.43,0.19,Nepal_Birganj
2015-12-25,0.0,22.17,7.69,1.79,43.16,0.43,0.17,Nepal_Birganj
2015-12-26,0.0,22.12,8.99,1.3,38.41,0.43,0.16,Nepal_Birganj
2015-12-27,0.0,23.82,9.77,1.34,33.18,0.43,0.19,Nepal_Birganj
2015-12-28,0.0,24.15,10.55,1.01,33.44,0.43,0.19,Nepal_Birganj
2015-12-29,0.0,24.98,10.75,1.1,40.47,0.43,0.18,Nepal_Birganj
2015-12-30,0.0,24.95,12.83,0.98,46.18,0.42,0.18,Nepal_Birganj
2015-12-31,0.0,25.98,12.92,1.31,48.48,0.42,0.19,Nepal_Birganj
2016-01-01,0.0,25.57,13.01,1.15,43.08,0.42,0.16,Nepal_Birganj
2016-01-02,0.0,25.24,13.11,1.28,38.17,0.42,0.18,Nepal_Birganj
2016-01-03,0.0,24.55,12.55,1.18,34.49,0.42,0.16,Nepal_Birganj
2016-01-04,0.0,24.91,12.47,1.09,34.82,0.42,0.15,Nepal_Birganj
2016-01-05,0.0,25.08,12.34,1.28,35.11,0.42,0.15,Nepal_Birganj
2016-01-06,0.0,24.46,13.18,1.13,37.01,0.41,0.13,Nepal_Birganj
2016-01-07,0.0,25.95,13.08,1.29,41.93,0.41,0.14,Nepal_Birganj
2016-01-08,0.0,25.3,14.48,1.26,42.46,0.41,0.13,Nepal_Birganj
2016-01-09,0.0,24.63,12.67,1.67,44.23,0.41,0.12,Nepal_Birganj
2016-01-10,0.0,24.29,10.27,1.21,40.57,0.41,0.12,Nepal_Birganj
2016-01-11,0.0,23.19,11.44,1.08,41.47,0.41,0.1,Nepal_Birganj
2016-01-12,0.0,23.41,11.72,1.13,43.27,0.41,0.09,Nepal_Birganj
2016-01-13,0.0,23.95,11.55,1.36,43.96,0.41,0.09,Nepal_Birganj
2016-01-14,0.0,24.99,12.39,1.48,42.28,0.4,0.1,Nepal_Birganj
2016-01-15,0.0,24.49,12.67,1.32,41.53,0.4,0.1,Nepal_Birganj
2016-01-16,0.0,23.54,10.92,1.41,36.33,0.4,0.1,Nepal_Birganj
2016-01-17,0.0,24.8,11.82,1.36,30.9,0.4,0.11,Nepal_Birganj
2016-01-18,0.0,24.38,10.82,1.51,32.45,0.4,0.1,Nepal_Birganj
2016-01-19,0.28,24.47,13.06,1.35,41.44,0.4,0.07,Nepal_Birganj
2016-01-20,2.19,20.38,11.33,1.61,71.55,0.4,0.04,Nepal_Birganj
2016-01-21,0.42,22.17,9.09,2.08,59.06,0.4,0.08,Nepal_Birganj
2016-01-22,0.29,21.25,6.46,1.5,46.33,0.4,0.08,Nepal_Birganj
2016-01-23,0.0,21.49,7.21,1.79,36.93,0.4,0.08,Nepal_Birganj
2016-01-24,0.0,22.1,8.68,1.35,33.11,0.4,0.08,Nepal_Birganj
2016-01-25,0.0,21.98,9.79,1.35,32.75,0.39,0.07,Nepal_Birganj
2016-01-26,0.0,22.61,10.22,1.22,34.0,0.39,0.06,Nepal_Birganj
2016-01-27,0.0,22.81,11.24,1.14,31.98,0.39,0.06,Nepal_Birganj
2016-01-28,0.0,23.76,11.11,1.27,31.79,0.39,0.07,Nepal_Birganj
2016-01-29,0.0,23.99,11.06,1.36,34.21,0.39,0.07,Nepal_Birganj
2016-01-30,0.0,26.09,12.57,1.2,36.96,0.39,0.08,Nepal_Birganj
2016-01-31,0.0,27.17,12.53,1.37,41.07,0.39,0.08,Nepal_Birganj
2016-02-01,0.0,28.19,13.91,1.79,38.7,0.39,0.09,Nepal_Birganj
2016-02-02,0.0,27.68,13.7,1.73,33.16,0.38,0.09,Nepal_Birganj
2016-02-03,0.0,25.84,11.5,1.9,28.02,0.38,0.08,Nepal_Birganj
2016-02-04,0.0,25.19,11.3,1.17,25.92,0.38,0.07,Nepal_Birganj
2016-02-05,0.0,25.61,11.75,1.52,28.2,0.38,0.06,Nepal_Birganj
2016-02-06,0.0,26.83,12.43,0.93,28.92,0.38,0.06,Nepal_Birganj
2016-02-07,0.01,28.66,14.75,1.72,29.31,0.38,0.07,Nepal_Birganj
2016-02-08,2.55,27.15,14.93,1.75,42.73,0.38,0.04,Nepal_Birganj
2016-02-09,0.02,26.63,13.33,1.45,54.59,0.38,0.06,Nepal_Birganj
2016-02-10,0.0,27.06,14.01,1.46,40.43,0.38,0.06,Nepal_Birganj
2016-02-11,0.0,28.38,13.9,1.26,32.97,0.38,0.07,Nepal_Birganj
2016-02-12,0.0,28.25,13.03,2.0,27.62,0.38,0.06,Nepal_Birganj
2016-02-13,0.0,30.58,13.35,1.53,24.7,0.38,0.08,Nepal_Birganj
2016-02-14,0.0,31.12,16.04,1.49,24.5,0.37,0.07,Nepal_Birganj
2016-02-15,0.0,31.51,15.29,1.94,25.54,0.37,0.07,Nepal_Birganj
2016-02-16,0.0,30.16,16.82,2.43,31.82,0.37,0.05,Nepal_Birganj
2016-02-17,0.0,32.73,16.01,2.74,36.97,0.37,0.06,Nepal_Birganj
2016-02-18,0.0,33.3,16.3,2.05,31.33,0.37,0.06,Nepal_Birganj
2016-02-19,0.0,34.94,19.17,1.78,31.88,0.37,0.05,Nepal_Birganj
2016-02-20,0.0,34.96,21.33,2.28,31.45,0.36,0.05,Nepal_Birganj
2016-02-21,0.0,33.09,17.92,3.42,38.95,0.36,0.05,Nepal_Birganj
2016-02-22,0.0,32.41,14.81,2.37,29.15,0.36,0.04,Nepal_Birganj
2016-02-23,0.0,30.97,14.82,1.87,19.41,0.36,0.04,Nepal_Birganj
2016-02-24,0.0,29.79,15.23,1.07,18.13,0.36,0.04,Nepal_Birganj
2016-02-25,0.0,31.17,15.02,1.17,18.13,0.36,0.04,Nepal_Birganj
2016-02-26,0.0,30.68,14.77,1.56,19.73,0.36,0.02,Nepal_Birganj
2016-02-27,0.01,32.08,16.95,1.25,26.47,0.36,0.03,Nepal_Birganj
2016-02-28,0.02,32.13,17.32,1.0,26.33,0.36,0.03,Nepal_Birganj
2016-02-29,3.12,32.61,17.93,1.34,31.37,0.36,0.03,Nepal_Birganj
2016-03-01,0.52,32.55,18.77,1.38,30.66,0.36,0.04,Nepal_Birganj
2016-03-02,0.37,33.58,18.19,1.36,23.63,0.36,0.04,Nepal_Birganj
2016-03-03,0.1,33.84,18.55,1.7,21.13,0.36,0.04,Nepal_Birganj
2016-03-04,0.12,34.69,18.98,1.83,22.96,0.36,0.04,Nepal_Birganj
2016-03-05,0.49,35.73,18.56,1.65,25.71,0.36,0.04,Nepal_Birganj
2016-03-06,1.02,34.57,19.52,1.83,25.85,0.36,0.04,Nepal_Birganj
2016-03-07,0.34,34.1,19.57,2.24,31.02,0.36,0.03,Nepal_Birganj
2016-03-08,0.01,33.78,19.98,2.59,35.31,0.36,0.03,Nepal_Birganj
2016-03-09,0.0,35.52,19.78,2.59,32.25,0.36,0.03,Nepal_Birganj
2016-03-10,0.0,35.66,18.92,3.13,23.69,0.35,0.03,Nepal_Birganj
2016-03-11,0.0,36.41,18.68,2.57,23.87,0.35,0.03,Nepal_Birganj
2016-03-12,0.0,38.61,20.24,3.1,26.05,0.35,0.03,Nepal_Birganj
2016-03-13,0.2,31.13,19.36,3.41,45.0,0.35,0.01,Nepal_Birganj
2016-03-14,1.2,31.5,17.54,1.33,61.17,0.35,0.02,Nepal_Birganj
2016-03-15,0.4,32.5,17.81,2.65,43.88,0.35,0.02,Nepal_Birganj
2016-03-16,0.42,32.78,16.81,2.66,33.97,0.35,0.02,Nepal_Birganj
2016-03-17,0.0,33.67,16.73,1.75,25.09,0.35,0.02,Nepal_Birganj
2016-03-18,0.0,34.98,19.56,1.74,23.0,0.35,0.02,Nepal_Birganj
2016-03-19,0.0,36.91,21.82,2.06,25.98,0.35,0.02,Nepal_Birganj
2016-03-20,0.0,37.09,21.27,2.11,24.44,0.35,0.02,Nepal_Birganj
2016-03-21,0.0,37.63,21.53,4.16,19.82,0.35,0.02,Nepal_Birganj
2016-03-22,0.0,35.88,17.6,2.67,14.29,0.35,0.01,Nepal_Birganj
2016-03-23,0.0,36.96,17.63,1.99,13.53,0.35,0.02,Nepal_Birganj
2016-03-24,0.0,37.27,19.52,1.68,11.68,0.35,0.01,Nepal_Birganj
2016-03-25,0.0,37.67,21.43,1.35,12.98,0.35,0.01,Nepal_Birganj
2016-03-26,0.0,38.36,24.47,1.02,12.7,0.35,0.03,Nepal_Birganj
2016-03-27,0.0,39.11,23.07,1.63,15.14,0.35,0.01,Nepal_Birganj
2016-03-28,1.19,37.34,24.21,2.65,26.25,0.35,0.01,Nepal_Birganj
2016-03-29,1.36,37.17,20.97,2.11,20.73,0.35,0.01,Nepal_Birganj
2016-03-30,1.2,37.8,23.24,1.47,18.56,0.35,0.01,Nepal_Birganj
2016-03-31,2.0,36.75,20.5,1.66,23.1,0.35,0.01,Nepal_Birganj
2016-04-01,1.1,37.29,22.61,1.22,25.06,0.35,0.01,Nepal_Birganj
2016-04-02,0.08,36.2,21.17,2.35,41.64,0.35,0.01,Nepal_Birganj
2016-04-03,0.0,38.19,24.44,1.42,31.75,0.35,0.01,Nepal_Birganj
2016-04-04,0.0,38.0,24.75,1.63,32.94,0.35,0.01,Nepal_Birganj
2016-04-05,0.18,40.72,26.34,2.41,22.19,0.35,0.01,Nepal_Birganj
2016-04-06,0.04,42.48,26.37,4.61,20.92,0.35,0.01,Nepal_Birganj
2016-04-07,0.0,41.28,24.13,3.43,21.98,0.35,0.01,Nepal_Birganj
2016-04-08,0.0,41.1,25.57,3.22,20.71,0.35,0.01,Nepal_Birganj
2016-04-09,0.0,42.04,25.44,3.79,15.77,0.35,0.0,Nepal_Birganj
2016-04-10,0.0,42.95,24.19,4.76,12.66,0.35,0.0,Nepal_Birganj
2016-04-11,0.0,42.64,26.68,3.94,14.89,0.35,0.0,Nepal_Birganj
2016-04-12,0.0,41.19,25.16,4.24,15.82,0.35,0.0,Nepal_Birganj
2016-04-13,0.0,41.38,22.28,3.95,15.08,0.34,0.0,Nepal_Birganj
2016-04-14,0.01,41.6,22.81,2.67,15.45,0.34,0.0,Nepal_Birganj
2016-04-15,0.0,42.57,24.42,1.97,14.81,0.34,0.0,Nepal_Birganj
2016-04-16,0.0,42.29,27.03,2.36,15.12,0.34,0.0,Nepal_Birganj
2016-04-17,0.07,41.7,28.7,1.49,18.18,0.34,0.0,Nepal_Birganj
2016-04-18,0.02,41.01,26.49,2.11,19.27,0.34,0.0,Nepal_Birganj
2016-04-19,0.53,42.93,25.65,3.02,19.78,0.34,0.0,Nepal_Birganj
2016-04-20,0.04,43.73,27.01,2.59,20.36,0.34,0.0,Nepal_Birganj
2016-04-21,0.0,43.39,25.85,3.93,15.25,0.34,0.0,Nepal_Birganj
2016-04-22,0.0,43.14,24.26,2.74,12.47,0.34,0.0,Nepal_Birganj
2016-04-23,0.27,42.96,26.87,3.04,16.46,0.34,0.0,Nepal_Birganj
2016-04-24,0.01,41.53,24.36,3.9,11.57,0.34,0.0,Nepal_Birganj
2016-04-25,0.0,42.37,23.19,3.57,8.35,0.34,0.0,Nepal_Birganj
2016-04-26,0.0,42.19,23.87,2.45,7.44,0.34,0.0,Nepal_Birganj
2016-04-27,0.0,41.35,26.43,2.3,11.76,0.34,0.0,Nepal_Birganj
2016-04-28,0.0,43.71,26.18,2.28,11.05,0.34,0.0,Nepal_Birganj
2016-04-29,0.0,43.61,26.38,2.87,9.0,0.34,0.0,Nepal_Birganj
2016-04-30,0.0,43.59,25.57,2.7,10.01,0.34,0.0,Nepal_Birganj
2016-05-01,0.0,42.25,28.04,1.18,10.6,0.34,0.0,Nepal_Birganj
2016-05-02,0.0,39.35,28.15,3.3,25.35,0.34,0.0,Nepal_Birganj
2016-05-03,0.6,38.06,25.71,2.42,41.02,0.34,0.0,Nepal_Birganj
2016-05-04,1.69,39.26,27.78,2.27,34.61,0.35,0.0,Nepal_Birganj
2016-05-05,0.37,39.11,25.77,2.3,33.56,0.35,0.0,Nepal_Birganj
2016-05-06,0.18,38.27,26.68,1.28,27.95,0.35,0.0,Nepal_Birganj
2016-05-07,0.51,39.95,26.29,1.82,27.71,0.35,0.0,Nepal_Birganj
2016-05-08,0.31,39.01,27.7,1.68,27.59,0.35,0.0,Nepal_Birganj
2016-05-09,0.04,40.19,27.7,1.32,26.85,0.35,0.0,Nepal_Birganj
2016-05-10,3.21,41.3,27.63,1.6,31.65,0.35,0.0,Nepal_Birganj
2016-05-11,2.48,39.66,27.71,2.14,39.72,0.35,0.0,Nepal_Birganj
2016-05-12,3.37,37.73,27.17,1.35,44.53,0.35,0.0,Nepal_Birganj
2016-05-13,5.05,36.34,26.12,1.88,48.69,0.36,0.0,Nepal_Birganj
2016-05-14,0.58,39.39,26.18,1.56,42.05,0.36,0.01,Nepal_Birganj
2016-05-15,0.92,40.19,25.68,1.67,36.1,0.36,0.01,Nepal_Birganj
2016-05-16,3.76,41.11,27.6,1.69,33.63,0.36,0.01,Nepal_Birganj
2016-05-17,8.25,41.69,26.28,1.71,34.57,0.37,0.05,Nepal_Birganj
2016-05-18,5.35,39.22,24.67,2.67,43.9,0.37,0.07,Nepal_Birganj
2016-05-19,0.91,38.25,28.14,4.2,49.69,0.37,0.05,Nepal_Birganj
2016-05-20,7.77,35.47,25.99,2.41,60.61,0.38,0.06,Nepal_Birganj
2016-05-21,19.56,34.6,26.07,1.73,62.57,0.39,0.1,Nepal_Birganj
2016-05-22,0.0,39.63,26.1,1.38,46.24,0.4,0.28,Nepal_Birganj
2016-05-23,5.41,39.49,26.79,1.52,47.68,0.4,0.26,Nepal_Birganj
2016-05-24,3.36,39.45,27.81,1.93,45.55,0.41,0.29,Nepal_Birganj
2016-05-25,6.07,38.13,26.59,2.88,45.06,0.41,0.26,Nepal_Birganj
2016-05-26,2.77,37.93,25.4,1.63,40.59,0.41,0.31,Nepal_Birganj
2016-05-27,8.64,38.05,25.06,1.5,42.49,0.42,0.43,Nepal_Birganj
2016-05-28,9.92,36.34,24.85,1.69,51.6,0.43,0.46,Nepal_Birganj
2016-05-29,9.04,37.61,24.86,2.17,50.83,0.44,0.55,Nepal_Birganj
2016-05-30,2.03,37.72,26.18,1.89,46.57,0.44,0.63,Nepal_Birganj
2016-05-31,2.9,37.67,25.91,2.0,45.64,0.43,0.55,Nepal_Birganj
2016-06-01,2.08,37.75,25.74,1.52,43.91,0.43,0.58,Nepal_Birganj
2016-06-02,2.66,38.7,26.57,1.55,45.17,0.43,0.58,Nepal_Birganj
2016-06-03,0.35,39.42,27.44,1.7,47.61,0.43,0.56,Nepal_Birganj
2016-06-04,1.02,39.61,28.62,2.27,48.22,0.42,0.47,Nepal_Birganj
2016-06-05,3.34,38.68,28.6,1.85,47.69,0.42,0.43,Nepal_Birganj
2016-06-06,2.7,36.95,28.97,1.74,52.35,0.42,0.39,Nepal_Birganj
2016-06-07,6.72,38.72,28.59,0.69,50.96,0.42,0.49,Nepal_Birganj
2016-06-08,7.22,39.19,27.31,1.04,47.12,0.44,0.77,Nepal_Birganj
2016-06-09,11.85,37.84,27.69,1.45,49.39,0.44,0.67,Nepal_Birganj
2016-06-10,1.19,39.83,28.05,2.0,43.81,0.45,0.91,Nepal_Birganj
2016-06-11,5.76,40.86,28.4,1.75,39.96,0.45,0.95,Nepal_Birganj
2016-06-12,8.09,40.91,27.36,1.77,44.84,0.45,1.05,Nepal_Birganj
2016-06-13,3.47,39.71,28.62,1.72,45.92,0.45,0.98,Nepal_Birganj
2016-06-14,9.62,38.28,28.59,1.88,48.73,0.46,0.88,Nepal_Birganj
2016-06-15,19.33,37.43,28.92,1.48,53.72,0.47,0.98,Nepal_Birganj
2016-06-16,14.9,35.93,27.4,1.23,61.05,0.5,1.37,Nepal_Birganj
2016-06-17,1.14,36.77,28.34,1.65,58.21,0.49,1.5,Nepal_Birganj
2016-06-18,2.08,34.52,27.41,2.54,66.83,0.49,1.09,Nepal_Birganj
2016-06-19,3.27,35.33,27.57,1.45,65.85,0.49,0.89,Nepal_Birganj
2016-06-20,8.98,35.38,27.59,1.93,65.0,0.49,1.09,Nepal_Birganj
2016-06-21,24.65,33.64,27.66,1.47,71.97,0.52,0.62,Nepal_Birganj
2016-06-22,13.39,32.94,27.05,1.95,76.97,0.54,1.28,Nepal_Birganj
2016-06-23,1.7,35.51,26.9,1.29,66.44,0.54,2.5,Nepal_Birganj
2016-06-24,7.54,32.59,27.42,1.53,73.47,0.54,1.38,Nepal_Birganj
2016-06-25,2.05,34.38,27.23,0.93,73.31,0.54,1.36,Nepal_Birganj
2016-06-26,1.98,36.28,27.53,1.1,66.58,0.54,2.41,Nepal_Birganj
2016-06-27,6.83,36.43,28.38,1.2,65.71,0.54,2.15,Nepal_Birganj
2016-06-28,4.5,33.38,27.91,2.93,73.3,0.54,1.34,Nepal_Birganj
2016-06-29,9.71,36.33,27.14,1.4,68.65,0.54,2.04,Nepal_Birganj
2016-06-30,10.8,35.87,28.01,1.43,68.14,0.55,2.67,Nepal_Birganj
2016-07-01,20.17,30.85,26.66,2.37,80.95,0.56,0.77,Nepal_Birganj
2016-07-02,4.11,33.32,25.82,2.68,73.25,0.58,2.09,Nepal_Birganj
2016-07-03,8.18,32.43,27.04,2.1,78.69,0.58,1.54,Nepal_Birganj
2016-07-04,10.85,33.58,27.03,2.91,80.37,0.59,1.82,Nepal_Birganj
2016-07-05,5.99,32.9,26.75,3.86,82.14,0.59,1.68,Nepal_Birganj
2016-07-06,1.83,34.53,26.74,3.66,77.72,0.59,2.78,Nepal_Birganj
2016-07-07,1.4,35.09,27.02,2.91,74.31,0.58,2.98,Nepal_Birganj
2016-07-08,0.7,33.83,27.25,2.74,78.47,0.57,1.8,Nepal_Birganj
2016-07-09,1.07,35.48,27.3,2.53,71.48,0.57,2.84,Nepal_Birganj
2016-07-10,2.69,34.73,27.79,2.86,72.04,0.56,2.25,Nepal_Birganj
2016-07-11,3.11,32.74,26.72,1.99,77.4,0.56,1.2,Nepal_Birganj
2016-07-12,0.9,35.93,26.8,3.11,71.16,0.56,2.91,Nepal_Birganj
2016-07-13,1.45,34.83,27.16,2.27,72.18,0.55,1.97,Nepal_Birganj
2016-07-14,9.14,34.35,27.08,2.19,75.08,0.55,1.86,Nepal_Birganj
2016-07-15,19.48,32.97,27.39,2.43,84.36,0.57,1.28,Nepal_Birganj
2016-07-16,13.08,32.8,26.47,3.17,82.67,0.59,2.38,Nepal_Birganj
2016-07-17,12.56,30.57,26.6,2.32,84.37,0.6,0.92,Nepal_Birganj
2016-07-18,25.37,31.99,25.82,1.96,86.22,0.63,2.39,Nepal_Birganj
2016-07-19,11.59,33.41,25.51,1.45,83.32,0.64,3.46,Nepal_Birganj
2016-07-20,24.56,32.55,26.43,1.55,85.6,0.66,2.09,Nepal_Birganj
2016-07-21,31.32,31.82,26.7,0.86,81.94,0.7,1.68,Nepal_Birganj
2016-07-22,52.09,32.65,26.19,1.58,81.83,0.74,2.62,Nepal_Birganj
2016-07-23,11.72,30.14,25.67,1.47,88.11,0.77,1.67,Nepal_Birganj
2016-07-24,5.92,29.21,25.15,1.54,90.6,0.77,1.46,Nepal_Birganj
2016-07-25,14.22,30.52,25.26,2.63,89.51,0.77,2.31,Nepal_Birganj
2016-07-26,20.83,29.95,24.41,2.75,88.67,0.79,1.91,Nepal_Birganj
2016-07-27,1.24,30.46,24.7,2.77,86.99,0.78,3.09,Nepal_Birganj
2016-07-28,9.63,28.7,25.16,1.62,90.43,0.78,0.95,Nepal_Birganj
2016-07-29,1.15,31.55,25.52,0.82,82.63,0.78,4.13,Nepal_Birganj
2016-07-30,3.01,30.62,25.39,0.98,85.51,0.77,2.48,Nepal_Birganj
2016-07-31,2.58,32.6,25.72,0.85,79.73,0.77,4.56,Nepal_Birganj
2016-08-01,4.77,32.7,25.98,0.74,77.17,0.77,3.15,Nepal_Birganj
2016-08-02,3.31,31.71,26.23,2.04,87.4,0.76,3.22,Nepal_Birganj
2016-08-03,0.7,30.99,25.94,2.26,85.17,0.75,4.09,Nepal_Birganj
2016-08-04,1.54,32.27,26.1,1.69,83.87,0.74,3.6,Nepal_Birganj
2016-08-05,1.09,33.51,27.16,2.15,82.41,0.74,5.83,Nepal_Birganj
2016-08-06,3.67,32.01,26.8,2.79,85.55,0.73,4.51,Nepal_Birganj
2016-08-07,0.69,31.84,25.74,3.24,83.71,0.72,5.62,Nepal_Birganj
2016-08-08,1.34,32.7,25.5,2.04,83.16,0.71,5.59,Nepal_Birganj
2016-08-09,2.49,32.04,26.29,0.94,81.18,0.7,3.63,Nepal_Birganj
2016-08-10,5.18,31.73,26.43,1.18,81.01,0.7,3.74,Nepal_Birganj
2016-08-11,3.99,32.99,25.46,1.06,82.2,0.7,4.19,Nepal_Birganj
2016-08-12,1.52,32.98,26.15,1.9,79.87,0.69,5.72,Nepal_Birganj
2016-08-13,1.77,32.96,25.79,2.44,81.93,0.68,5.22,Nepal_Birganj
2016-08-14,0.8,33.06,25.75,2.14,81.19,0.67,4.8,Nepal_Birganj
2016-08-15,1.07,32.77,26.34,1.45,80.81,0.66,4.08,Nepal_Birganj
2016-08-16,9.75,33.3,26.61,0.92,81.22,0.67,3.06,Nepal_Birganj
2016-08-17,6.05,32.56,27.29,1.38,80.2,0.67,3.35,Nepal_Birganj
2016-08-18,0.36,31.21,27.01,2.6,81.71,0.67,2.83,Nepal_Birganj
2016-08-19,0.09,32.97,25.55,3.39,78.65,0.66,5.53,Nepal_Birganj
2016-08-20,1.17,34.47,25.32,1.16,75.77,0.65,5.26,Nepal_Birganj
2016-08-21,1.97,32.77,25.7,2.66,83.41,0.64,3.45,Nepal_Birganj
2016-08-22,4.18,31.16,25.72,3.18,85.62,0.64,2.32,Nepal_Birganj
2016-08-23,0.45,32.89,24.71,3.24,78.08,0.63,4.83,Nepal_Birganj
2016-08-24,0.7,32.87,24.65,1.26,74.76,0.62,3.23,Nepal_Birganj
2016-08-25,1.46,35.6,26.56,0.65,67.13,0.61,4.53,Nepal_Birganj
2016-08-26,10.13,31.76,27.2,1.17,80.85,0.62,1.92,Nepal_Birganj
2016-08-27,1.33,34.22,25.87,1.02,73.15,0.62,4.04,Nepal_Birganj
2016-08-28,0.51,35.11,25.65,0.99,70.41,0.61,5.04,Nepal_Birganj
2016-08-29,1.85,35.29,26.64,1.19,69.34,0.6,4.36,Nepal_Birganj
2016-08-30,4.38,34.57,27.04,0.8,71.66,0.6,3.49,Nepal_Birganj
2016-08-31,8.21,34.01,26.54,1.14,76.93,0.6,2.75,Nepal_Birganj
2016-09-01,11.4,33.25,26.72,1.4,78.09,0.61,2.42,Nepal_Birganj
2016-09-02,14.74,32.21,26.08,1.61,83.36,0.62,2.94,Nepal_Birganj
2016-09-03,17.63,31.42,26.29,1.2,85.9,0.63,1.8,Nepal_Birganj
2016-09-04,11.6,32.85,25.6,1.2,81.03,0.65,3.91,Nepal_Birganj
2016-09-05,8.99,32.83,25.09,1.29,81.96,0.66,4.82,Nepal_Birganj
2016-09-06,5.35,32.35,24.88,1.12,83.15,0.65,4.33,Nepal_Birganj
2016-09-07,14.25,30.75,25.69,1.04,84.87,0.66,2.69,Nepal_Birganj
2016-09-08,16.61,28.39,24.92,0.81,88.32,0.68,1.33,Nepal_Birganj
2016-09-09,6.33,32.42,25.42,0.92,82.25,0.69,4.59,Nepal_Birganj
2016-09-10,29.47,30.86,25.52,0.91,86.16,0.71,2.53,Nepal_Birganj
2016-09-11,19.17,29.49,25.23,0.98,88.37,0.74,1.85,Nepal_Birganj
2016-09-12,17.33,29.72,25.01,1.43,89.93,0.75,2.61,Nepal_Birganj
2016-09-13,2.22,29.77,25.09,1.17,83.09,0.75,2.53,Nepal_Birganj
2016-09-14,3.3,29.86,24.36,1.39,85.99,0.75,3.69,Nepal_Birganj
2016-09-15,0.9,31.2,24.4,1.12,84.0,0.74,5.82,Nepal_Birganj
2016-09-16,4.41,31.88,25.52,0.66,80.54,0.74,4.73,Nepal_Birganj
2016-09-17,17.06,31.05,25.57,0.82,84.46,0.74,3.43,Nepal_Birganj
2016-09-18,7.65,29.56,25.25,1.02,89.23,0.75,2.39,Nepal_Birganj
2016-09-19,2.27,30.68,24.8,0.76,84.65,0.75,4.04,Nepal_Birganj
2016-09-20,10.15,31.97,25.06,1.21,85.06,0.75,5.25,Nepal_Birganj
2016-09-21,11.02,28.39,24.59,2.43,92.56,0.76,1.68,Nepal_Birganj
2016-09-22,0.98,30.19,23.94,0.92,81.33,0.76,4.94,Nepal_Birganj
2016-09-23,1.49,29.67,24.06,1.07,86.69,0.75,4.5,Nepal_Birganj
2016-09-24,8.35,27.39,24.34,1.52,92.87,0.75,0.9,Nepal_Birganj
2016-09-25,15.82,26.5,23.39,2.56,93.11,0.76,0.59,Nepal_Birganj
2016-09-26,3.07,27.32,22.9,2.23,87.86,0.77,2.16,Nepal_Birganj
2016-09-27,3.67,30.78,22.93,0.92,80.75,0.76,5.79,Nepal_Birganj
2016-09-28,3.0,29.73,23.46,1.08,86.43,0.76,3.99,Nepal_Birganj
2016-09-29,1.41,30.75,23.73,0.66,82.08,0.75,4.69,Nepal_Birganj
2016-09-30,0.93,30.11,24.55,1.19,86.35,0.75,3.45,Nepal_Birganj
2016-10-01,3.12,30.44,24.81,1.08,86.24,0.74,3.34,Nepal_Birganj
2016-10-02,2.15,31.44,24.79,0.87,82.93,0.74,4.22,Nepal_Birganj
2016-10-03,2.66,31.78,24.94,0.95,82.01,0.74,3.99,Nepal_Birganj
2016-10-04,3.4,31.5,24.93,1.09,82.59,0.73,4.58,Nepal_Birganj
2016-10-05,3.91,31.37,24.61,0.97,86.2,0.73,4.04,Nepal_Birganj
2016-10-06,3.28,31.21,24.95,1.27,84.9,0.73,4.36,Nepal_Birganj
2016-10-07,3.7,31.75,23.68,0.91,74.01,0.72,6.24,Nepal_Birganj
2016-10-08,7.65,30.26,23.87,1.18,85.62,0.72,3.6,Nepal_Birganj
2016-10-09,8.44,29.38,24.04,1.18,87.2,0.73,3.22,Nepal_Birganj
2016-10-10,10.75,30.27,22.72,0.45,83.84,0.73,4.66,Nepal_Birganj
2016-10-11,1.19,30.28,23.27,0.97,84.18,0.73,4.02,Nepal_Birganj
2016-10-12,0.0,29.63,21.2,1.23,80.35,0.72,5.25,Nepal_Birganj
2016-10-13,0.0,29.95,19.79,1.01,79.38,0.71,5.18,Nepal_Birganj
2016-10-14,0.43,29.46,21.59,1.07,75.69,0.7,4.43,Nepal_Birganj
2016-10-15,0.0,29.22,20.62,0.97,75.05,0.7,4.5,Nepal_Birganj
2016-10-16,0.0,29.56,21.58,1.08,75.15,0.69,4.52,Nepal_Birganj
2016-10-17,0.89,30.74,20.1,1.29,73.89,0.68,4.64,Nepal_Birganj
2016-10-18,2.55,30.77,20.07,0.97,65.25,0.68,4.57,Nepal_Birganj
2016-10-19,0.25,30.39,20.79,1.19,64.26,0.67,4.19,Nepal_Birganj
2016-10-20,0.0,30.01,21.01,1.18,66.32,0.66,4.23,Nepal_Birganj
2016-10-21,0.0,30.31,20.79,1.1,65.52,0.65,3.84,Nepal_Birganj
2016-10-22,0.0,29.79,18.22,1.11,68.91,0.65,3.44,Nepal_Birganj
2016-10-23,0.0,28.57,19.42,0.81,69.89,0.64,2.88,Nepal_Birganj
2016-10-24,0.0,28.95,17.62,1.14,73.04,0.64,2.91,Nepal_Birganj
2016-10-25,0.0,30.34,18.67,1.03,66.54,0.63,3.41,Nepal_Birganj
2016-10-26,0.0,30.55,19.88,0.77,61.56,0.62,3.9,Nepal_Birganj
2016-10-27,0.0,30.63,19.39,0.96,62.77,0.62,3.65,Nepal_Birganj
2016-10-28,0.0,29.26,19.78,1.26,65.43,0.61,3.04,Nepal_Birganj
2016-10-29,0.0,29.7,19.8,1.19,66.43,0.6,2.82,Nepal_Birganj
2016-10-30,0.0,29.34,18.68,1.22,64.9,0.6,2.79,Nepal_Birganj
2016-10-31,0.0,29.85,16.94,1.38,62.88,0.59,2.76,Nepal_Birganj
2016-11-01,0.0,30.92,18.04,1.03,61.72,0.59,3.05,Nepal_Birganj
2016-11-02,0.0,31.31,19.09,1.14,62.26,0.58,2.94,Nepal_Birganj
2016-11-03,0.0,31.31,19.5,1.19,59.24,0.58,2.77,Nepal_Birganj
2016-11-04,0.0,29.73,17.6,1.84,61.53,0.57,2.44,Nepal_Birganj
2016-11-05,0.0,30.0,18.08,1.59,59.31,0.57,2.27,Nepal_Birganj
2016-11-06,0.0,29.21,17.05,1.13,61.06,0.56,2.11,Nepal_Birganj
2016-11-07,0.0,29.11,17.82,1.25,60.43,0.56,2.07,Nepal_Birganj
2016-11-08,0.0,28.79,15.4,1.02,59.95,0.55,1.9,Nepal_Birganj
2016-11-09,0.0,29.11,15.36,1.09,56.19,0.55,1.8,Nepal_Birganj
2016-11-10,0.0,29.15,17.09,1.19,60.1,0.54,1.87,Nepal_Birganj
2016-11-11,0.0,29.61,16.97,1.5,58.46,0.54,1.79,Nepal_Birganj
2016-11-12,0.0,28.83,16.41,1.4,59.71,0.54,1.55,Nepal_Birganj
2016-11-13,0.0,28.34,15.93,1.54,61.34,0.53,1.39,Nepal_Birganj
2016-11-14,0.0,27.62,14.16,1.58,58.99,0.53,1.43,Nepal_Birganj
2016-11-15,0.0,27.73,14.09,1.24,54.55,0.52,1.38,Nepal_Birganj
2016-11-16,0.0,28.26,13.4,1.65,53.45,0.52,1.35,Nepal_Birganj
2016-11-17,0.0,28.06,14.07,1.16,54.12,0.52,1.26,Nepal_Birganj
2016-11-18,0.0,27.63,14.96,0.89,54.38,0.51,1.21,Nepal_Birganj
2016-11-19,0.0,28.02,15.01,0.75,54.44,0.51,1.13,Nepal_Birganj
2016-11-20,0.0,28.21,16.58,0.94,55.92,0.51,1.11,Nepal_Birganj
2016-11-21,0.0,27.77,16.41,1.03,59.56,0.51,1.01,Nepal_Birganj
2016-11-22,0.0,26.91,15.58,0.94,58.24,0.5,0.92,Nepal_Birganj
2016-11-23,0.0,26.72,13.68,1.13,58.24,0.5,0.74,Nepal_Birganj
2016-11-24,0.0,27.26,14.72,1.11,62.16,0.5,0.78,Nepal_Birganj
2016-11-25,0.0,27.1,14.45,0.94,60.88,0.5,0.72,Nepal_Birganj
2016-11-26,0.0,27.37,14.39,1.63,61.23,0.49,0.7,Nepal_Birganj
2016-11-27,0.0,27.14,15.49,1.14,65.17,0.49,0.78,Nepal_Birganj
2016-11-28,0.0,27.03,15.32,1.09,62.43,0.49,0.68,Nepal_Birganj
2016-11-29,0.0,27.35,15.99,1.4,64.85,0.49,0.71,Nepal_Birganj
2016-11-30,0.0,27.39,16.34,1.01,65.94,0.48,0.71,Nepal_Birganj
2016-12-01,0.0,27.82,17.48,1.06,66.37,0.48,0.66,Nepal_Birganj
2016-12-02,0.0,27.32,17.06,1.53,70.23,0.48,0.6,Nepal_Birganj
2016-12-03,0.0,26.81,15.43,1.58,69.0,0.48,0.52,Nepal_Birganj
2016-12-04,0.0,25.49,12.29,1.59,54.21,0.48,0.54,Nepal_Birganj
2016-12-05,0.0,25.46,11.36,1.18,53.61,0.47,0.55,Nepal_Birganj
2016-12-06,0.0,27.7,12.93,1.0,48.26,0.47,0.6,Nepal_Birganj
2016-12-07,0.0,28.41,14.83,1.07,49.25,0.47,0.62,Nepal_Birganj
2016-12-08,0.0,27.0,13.62,1.25,54.37,0.47,0.58,Nepal_Birganj
2016-12-09,0.0,25.91,11.19,1.6,54.89,0.46,0.53,Nepal_Birganj
2016-12-10,0.0,25.0,10.43,1.65,57.5,0.46,0.49,Nepal_Birganj
2016-12-11,0.0,24.99,10.74,1.47,55.9,0.46,0.43,Nepal_Birganj
2016-12-12,0.0,24.27,11.23,1.29,57.98,0.46,0.4,Nepal_Birganj
2016-12-13,0.0,25.09,11.1,1.16,55.24,0.46,0.41,Nepal_Birganj
2016-12-14,0.0,25.26,10.78,1.39,51.84,0.46,0.39,Nepal_Birganj
2016-12-15,0.0,24.9,10.65,1.0,51.26,0.45,0.34,Nepal_Birganj
2016-12-16,0.0,24.73,11.5,1.2,50.47,0.45,0.33,Nepal_Birganj
2016-12-17,0.0,27.26,14.03,1.0,54.85,0.45,0.39,Nepal_Birganj
2016-12-18,0.0,26.44,12.67,1.37,56.66,0.45,0.39,Nepal_Birganj
2016-12-19,0.0,24.95,12.4,1.69,49.93,0.45,0.34,Nepal_Birganj
2016-12-20,0.0,23.25,10.08,0.88,51.39,0.44,0.26,Nepal_Birganj
2016-12-21,0.0,23.83,10.81,0.83,46.01,0.44,0.24,Nepal_Birganj
2016-12-22,0.0,25.54,11.54,1.38,47.44,0.44,0.26,Nepal_Birganj
2016-12-23,0.0,26.08,14.53,1.49,50.66,0.44,0.29,Nepal_Birganj
2016-12-24,0.0,26.76,13.2,1.14,55.53,0.44,0.29,Nepal_Birganj
2016-12-25,0.0,26.37,14.47,0.99,52.79,0.44,0.26,Nepal_Birganj
2016-12-26,0.0,24.71,13.86,0.95,57.56,0.43,0.17,Nepal_Birganj
2016-12-27,0.0,25.9,12.44,1.1,55.29,0.43,0.25,Nepal_Birganj
2016-12-28,0.0,24.13,11.71,1.03,46.4,0.43,0.22,Nepal_Birganj
2016-12-29,0.0,24.54,12.12,1.15,45.79,0.43,0.2,Nepal_Birganj
2016-12-30,0.0,26.11,13.11,1.2,54.08,0.43,0.24,Nepal_Birganj
2016-12-31,0.0,25.76,13.88,1.03,56.59,0.43,0.22,Nepal_Birganj
2017-01-01,0.0,25.08,15.0,1.25,57.8,0.43,0.17,Nepal_Birganj
2017-01-02,0.27,24.99,14.7,1.15,54.66,0.43,0.17,Nepal_Birganj
2017-01-03,0.0,26.6,14.42,1.37,50.05,0.42,0.23,Nepal_Birganj
2017-01-04,0.0,25.35,12.72,1.72,51.98,0.42,0.21,Nepal_Birganj
2017-01-05,0.0,24.85,11.64,1.4,49.69,0.42,0.19,Nepal_Birganj
2017-01-06,0.0,24.56,12.54,1.26,48.12,0.42,0.18,Nepal_Birganj
2017-01-07,0.0,25.67,12.51,1.18,44.15,0.42,0.2,Nepal_Birganj
2017-01-08,0.0,26.57,13.12,1.21,45.04,0.42,0.19,Nepal_Birganj
2017-01-09,0.0,24.98,14.34,1.16,48.17,0.41,0.14,Nepal_Birganj
2017-01-10,0.0,24.0,12.66,1.38,56.12,0.41,0.13,Nepal_Birganj
2017-01-11,0.0,22.71,9.13,2.29,41.66,0.41,0.14,Nepal_Birganj
2017-01-12,0.0,21.52,7.92,1.33,37.86,0.41,0.12,Nepal_Birganj
2017-01-13,0.0,20.67,5.91,1.48,39.08,0.41,0.1,Nepal_Birganj
2017-01-14,0.0,21.79,5.94,1.53,40.96,0.41,0.11,Nepal_Birganj
2017-01-15,0.0,24.26,7.58,1.78,39.59,0.41,0.13,Nepal_Birganj
2017-01-16,0.0,25.45,8.8,1.89,39.23,0.4,0.14,Nepal_Birganj
2017-01-17,0.0,25.67,12.08,1.32,41.99,0.4,0.13,Nepal_Birganj
2017-01-18,0.0,26.16,12.19,1.36,41.57,0.4,0.13,Nepal_Birganj
2017-01-19,0.0,26.81,11.03,2.01,41.09,0.4,0.14,Nepal_Birganj
2017-01-20,0.0,27.27,9.86,1.84,39.76,0.4,0.14,Nepal_Birganj
2017-01-21,0.0,26.03,10.34,1.05,38.61,0.4,0.13,Nepal_Birganj
2017-01-22,0.0,27.45,10.87,1.28,39.66,0.4,0.13,Nepal_Birganj
2017-01-23,0.0,26.86,10.52,1.37,45.62,0.39,0.11,Nepal_Birganj
2017-01-24,0.0,27.42,13.26,0.98,42.26,0.39,0.11,Nepal_Birganj
2017-01-25,0.0,28.74,12.78,1.16,39.62,0.39,0.13,Nepal_Birganj
2017-01-26,0.01,29.54,14.42,1.28,41.73,0.39,0.13,Nepal_Birganj
2017-01-27,6.62,29.23,16.74,1.32,47.4,0.39,0.1,Nepal_Birganj
2017-01-28,0.27,24.54,12.82,2.4,63.82,0.4,0.12,Nepal_Birganj
2017-01-29,0.92,25.16,10.34,1.11,58.93,0.4,0.13,Nepal_Birganj
2017-01-30,0.0,26.47,13.58,1.2,48.5,0.4,0.13,Nepal_Birganj
2017-01-31,0.0,26.14,12.79,1.5,46.39,0.4,0.11,Nepal_Birganj
2017-02-01,0.0,26.39,13.52,1.25,43.92,0.39,0.11,Nepal_Birganj
2017-02-02,0.0,26.15,13.39,1.59,43.4,0.39,0.11,Nepal_Birganj
2017-02-03,0.0,26.05,12.65,1.29,46.71,0.39,0.11,Nepal_Birganj
2017-02-04,0.0,28.03,13.03,1.03,46.36,0.39,0.1,Nepal_Birganj
2017-02-05,0.0,30.48,15.12,1.19,39.69,0.39,0.14,Nepal_Birganj
2017-02-06,0.0,30.87,15.49,1.86,40.03,0.39,0.12,Nepal_Birganj
2017-02-07,0.0,28.97,13.54,2.31,44.46,0.39,0.11,Nepal_Birganj
2017-02-08,0.0,29.27,12.5,1.56,35.11,0.38,0.11,Nepal_Birganj
2017-02-09,0.0,29.71,14.21,1.62,30.16,0.38,0.1,Nepal_Birganj
2017-02-10,0.0,27.84,13.26,1.97,29.96,0.38,0.09,Nepal_Birganj
2017-02-11,0.0,28.79,12.17,1.41,26.74,0.38,0.1,Nepal_Birganj
2017-02-12,0.0,28.45,14.31,1.56,33.37,0.38,0.07,Nepal_Birganj
2017-02-13,0.0,29.14,13.12,1.25,41.87,0.38,0.1,Nepal_Birganj
2017-02-14,0.0,29.22,14.75,1.74,34.91,0.38,0.07,Nepal_Birganj
2017-02-15,0.0,29.17,13.86,1.54,30.18,0.38,0.07,Nepal_Birganj
2017-02-16,0.0,29.62,14.65,1.23,27.92,0.37,0.07,Nepal_Birganj
2017-02-17,0.0,29.74,15.61,1.18,29.85,0.37,0.06,Nepal_Birganj
2017-02-18,0.0,30.92,17.39,1.36,32.42,0.37,0.07,Nepal_Birganj
2017-02-19,0.0,30.98,19.19,1.42,36.49,0.37,0.06,Nepal_Birganj
2017-02-20,0.0,31.18,17.43,1.67,40.37,0.37,0.06,Nepal_Birganj
2017-02-21,0.0,33.35,17.38,1.31,32.96,0.37,0.07,Nepal_Birganj
2017-02-22,0.01,32.1,16.91,2.16,28.81,0.37,0.05,Nepal_Birganj
2017-02-23,0.02,30.9,13.93,2.5,26.88,0.37,0.05,Nepal_Birganj
2017-02-24,0.0,30.08,11.68,1.73,26.51,0.36,0.05,Nepal_Birganj
2017-02-25,0.0,29.62,14.59,1.36,23.96,0.36,0.04,Nepal_Birganj
2017-02-26,0.0,30.73,14.67,1.7,23.71,0.36,0.04,Nepal_Birganj
2017-02-27,0.0,30.82,14.6,1.41,26.14,0.36,0.04,Nepal_Birganj
2017-02-28,0.0,31.15,16.04,1.33,25.42,0.36,0.04,Nepal_Birganj
2017-03-01,0.0,32.71,15.07,1.72,26.84,0.36,0.04,Nepal_Birganj
2017-03-02,0.2,34.86,17.97,1.99,28.22,0.36,0.04,Nepal_Birganj
2017-03-03,0.01,33.99,19.26,2.6,26.91,0.36,0.04,Nepal_Birganj
2017-03-04,0.0,34.03,19.68,2.41,21.46,0.36,0.03,Nepal_Birganj
2017-03-05,0.0,32.82,17.55,2.46,20.4,0.36,0.03,Nepal_Birganj
2017-03-06,0.0,32.64,13.86,2.11,21.83,0.36,0.03,Nepal_Birganj
2017-03-07,0.0,32.01,15.0,1.32,17.73,0.35,0.03,Nepal_Birganj
2017-03-08,0.03,32.38,18.13,1.79,15.51,0.35,0.03,Nepal_Birganj
2017-03-09,0.04,30.65,18.48,1.72,25.65,0.35,0.02,Nepal_Birganj
2017-03-10,6.42,29.51,18.1,2.63,42.35,0.36,0.01,Nepal_Birganj
2017-03-11,13.06,26.25,16.07,2.37,62.94,0.39,0.06,Nepal_Birganj
2017-03-12,2.21,26.2,14.15,2.71,41.39,0.39,0.07,Nepal_Birganj
2017-03-13,0.11,28.19,11.12,1.83,32.38,0.38,0.09,Nepal_Birganj
2017-03-14,0.0,30.11,13.7,1.64,29.85,0.38,0.09,Nepal_Birganj
2017-03-15,0.0,29.56,15.49,1.4,30.23,0.38,0.07,Nepal_Birganj
2017-03-16,0.0,30.75,15.26,1.38,29.56,0.38,0.07,Nepal_Birganj
2017-03-17,0.52,31.34,15.27,2.03,34.96,0.37,0.06,Nepal_Birganj
2017-03-18,1.12,31.48,16.47,1.87,35.48,0.37,0.06,Nepal_Birganj
2017-03-19,0.09,27.47,15.58,2.25,42.42,0.37,0.03,Nepal_Birganj
2017-03-20,9.86,27.56,14.33,1.29,54.4,0.38,0.04,Nepal_Birganj
2017-03-21,0.0,31.72,14.67,1.57,41.92,0.39,0.11,Nepal_Birganj
2017-03-22,0.0,32.95,17.09,1.44,34.6,0.38,0.1,Nepal_Birganj
2017-03-23,0.01,33.54,18.81,1.34,36.7,0.38,0.09,Nepal_Birganj
2017-03-24,0.26,34.8,19.79,1.46,39.23,0.38,0.08,Nepal_Birganj
2017-03-25,4.53,36.41,21.2,1.29,34.1,0.38,0.12,Nepal_Birganj
2017-03-26,1.71,34.25,19.68,1.99,40.8,0.38,0.1,Nepal_Birganj
2017-03-27,0.23,36.0,19.96,1.34,36.68,0.38,0.13,Nepal_Birganj
2017-03-28,0.28,36.09,22.14,1.48,36.95,0.38,0.09,Nepal_Birganj
2017-03-29,1.59,36.58,22.97,1.19,38.92,0.37,0.07,Nepal_Birganj
2017-03-30,0.55,38.45,22.89,1.53,33.67,0.37,0.11,Nepal_Birganj
2017-03-31,0.21,38.6,22.61,1.39,28.17,0.37,0.1,Nepal_Birganj
2017-04-01,0.7,38.44,21.8,1.75,31.73,0.37,0.09,Nepal_Birganj
2017-04-02,1.81,39.01,24.8,1.57,26.07,0.37,0.09,Nepal_Birganj
2017-04-03,1.27,39.18,23.03,1.74,25.09,0.37,0.12,Nepal_Birganj
2017-04-04,0.49,38.52,22.13,1.92,23.63,0.37,0.11,Nepal_Birganj
2017-04-05,1.82,36.63,21.23,1.98,35.65,0.37,0.11,Nepal_Birganj
2017-04-06,0.76,37.49,22.32,1.69,35.34,0.37,0.11,Nepal_Birganj
2017-04-07,0.25,39.77,24.74,1.87,30.68,0.37,0.11,Nepal_Birganj
2017-04-08,2.14,40.21,25.3,1.81,27.68,0.37,0.12,Nepal_Birganj
2017-04-09,0.5,39.48,21.96,3.33,19.04,0.37,0.11,Nepal_Birganj
2017-04-10,0.0,37.87,19.42,2.53,15.61,0.36,0.09,Nepal_Birganj
2017-04-11,0.0,37.14,18.64,1.45,15.27,0.36,0.08,Nepal_Birganj
2017-04-12,0.0,38.57,20.55,1.88,15.23,0.36,0.07,Nepal_Birganj
2017-04-13,0.0,37.6,21.87,2.26,21.96,0.36,0.05,Nepal_Birganj
2017-04-14,0.01,38.12,23.45,1.66,27.23,0.36,0.05,Nepal_Birganj
2017-04-15,4.22,37.5,25.08,1.96,33.52,0.36,0.05,Nepal_Birganj
2017-04-16,0.0,38.57,22.75,2.98,37.33,0.36,0.06,Nepal_Birganj
2017-04-17,0.0,37.74,22.91,1.83,39.01,0.36,0.06,Nepal_Birganj
2017-04-18,0.0,38.93,24.7,1.85,34.79,0.36,0.06,Nepal_Birganj
2017-04-19,2.21,37.91,26.45,2.11,39.41,0.36,0.04,Nepal_Birganj
2017-04-20,6.86,35.17,25.76,2.13,54.08,0.37,0.05,Nepal_Birganj
2017-04-21,1.54,37.44,23.45,1.63,47.27,0.37,0.08,Nepal_Birganj
2017-04-22,3.62,38.05,25.39,1.74,43.81,0.37,0.07,Nepal_Birganj
2017-04-23,5.71,36.31,24.18,1.68,48.83,0.37,0.09,Nepal_Birganj
2017-04-24,0.11,39.06,24.63,2.08,40.56,0.38,0.13,Nepal_Birganj
2017-04-25,0.02,40.93,24.64,3.44,27.66,0.37,0.13,Nepal_Birganj
2017-04-26,0.0,41.19,22.99,3.39,23.06,0.37,0.11,Nepal_Birganj
2017-04-27,0.0,41.17,24.35,2.57,21.01,0.36,0.1,Nepal_Birganj
2017-04-28,0.0,40.52,24.32,2.5,20.78,0.36,0.08,Nepal_Birganj
2017-04-29,1.79,41.06,25.16,1.6,24.17,0.36,0.08,Nepal_Birganj
2017-04-30,0.24,40.26,25.63,1.54,25.85,0.36,0.08,Nepal_Birganj
2017-05-01,12.52,35.44,24.23,1.48,39.6,0.37,0.08,Nepal_Birganj
2017-05-02,3.56,36.43,21.03,1.7,39.05,0.38,0.16,Nepal_Birganj
2017-05-03,0.78,36.18,23.39,1.29,35.45,0.38,0.12,Nepal_Birganj
2017-05-04,1.81,39.59,24.49,2.2,33.05,0.38,0.13,Nepal_Birganj
2017-05-05,1.34,40.17,24.68,1.65,30.42,0.38,0.16,Nepal_Birganj
2017-05-06,1.33,40.14,27.37,1.65,28.29,0.37,0.14,Nepal_Birganj
2017-05-07,0.29,40.09,24.99,2.03,38.71,0.37,0.13,Nepal_Birganj
2017-05-08,6.31,38.0,26.94,2.33,42.33,0.37,0.1,Nepal_Birganj
2017-05-09,8.08,36.6,25.42,2.39,56.18,0.38,0.13,Nepal_Birganj
2017-05-10,0.08,36.51,25.37,1.76,49.76,0.39,0.17,Nepal_Birganj
2017-05-11,0.53,37.74,25.61,1.7,44.77,0.38,0.15,Nepal_Birganj
2017-05-12,3.52,38.92,26.82,1.23,44.38,0.38,0.15,Nepal_Birganj
2017-05-13,0.18,38.74,26.9,1.9,46.44,0.38,0.15,Nepal_Birganj
2017-05-14,0.03,40.56,27.49,1.8,39.24,0.38,0.15,Nepal_Birganj
2017-05-15,11.15,38.36,27.56,3.26,51.98,0.38,0.11,Nepal_Birganj
2017-05-16,0.76,40.01,25.8,3.55,47.48,0.39,0.24,Nepal_Birganj
2017-05-17,5.02,38.03,26.68,2.15,46.35,0.39,0.24,Nepal_Birganj
2017-05-18,0.84,40.39,27.16,1.77,40.03,0.39,0.27,Nepal_Birganj
2017-05-19,1.01,39.85,26.8,1.49,36.68,0.39,0.24,Nepal_Birganj
2017-05-20,0.05,42.03,27.31,1.81,32.93,0.38,0.21,Nepal_Birganj
2017-05-21,1.17,42.15,29.14,1.46,31.63,0.38,0.18,Nepal_Birganj
2017-05-22,0.38,41.95,28.13,1.35,30.8,0.38,0.19,Nepal_Birganj
2017-05-23,0.52,41.82,28.3,2.22,36.73,0.37,0.16,Nepal_Birganj
2017-05-24,0.81,40.67,29.58,1.58,40.86,0.37,0.15,Nepal_Birganj
2017-05-25,0.36,42.21,29.15,1.9,36.43,0.37,0.14,Nepal_Birganj
2017-05-26,22.04,38.7,28.35,3.3,54.22,0.38,0.11,Nepal_Birganj
2017-05-27,9.5,35.97,26.43,2.48,59.12,0.42,0.33,Nepal_Birganj
2017-05-28,8.75,34.67,25.93,2.56,59.36,0.42,0.33,Nepal_Birganj
2017-05-29,3.62,38.02,26.19,1.48,51.04,0.42,0.5,Nepal_Birganj
2017-05-30,11.68,36.19,27.86,1.11,53.77,0.43,0.4,Nepal_Birganj
2017-05-31,0.23,38.14,26.42,1.12,46.35,0.43,0.67,Nepal_Birganj
2017-06-01,1.38,40.32,28.21,1.69,45.09,0.43,0.59,Nepal_Birganj
2017-06-02,4.91,41.26,27.83,1.89,40.7,0.43,0.64,Nepal_Birganj
2017-06-03,2.39,41.81,27.06,2.02,33.8,0.43,0.65,Nepal_Birganj
2017-06-04,0.1,42.73,27.51,1.89,36.02,0.42,0.56,Nepal_Birganj
2017-06-05,20.71,39.8,29.57,2.16,53.03,0.43,0.52,Nepal_Birganj
2017-06-06,10.97,35.11,28.83,2.44,61.83,0.46,0.64,Nepal_Birganj
2017-06-07,7.09,35.11,27.59,2.34,62.54,0.47,0.64,Nepal_Birganj
2017-06-08,1.4,37.43,27.97,0.99,57.32,0.47,0.99,Nepal_Birganj
2017-06-09,0.06,38.79,29.16,0.62,50.49,0.46,1.13,Nepal_Birganj
2017-06-10,0.0,38.86,29.12,1.08,49.57,0.45,0.97,Nepal_Birganj
2017-06-11,1.61,39.76,30.42,0.93,45.22,0.45,0.91,Nepal_Birganj
2017-06-12,9.07,40.3,27.53,1.89,51.05,0.46,1.01,Nepal_Birganj
2017-06-13,5.83,39.73,27.48,1.54,37.04,0.46,1.11,Nepal_Birganj
2017-06-14,2.95,41.13,31.02,0.8,32.51,0.46,1.07,Nepal_Birganj
2017-06-15,9.56,38.33,27.84,1.97,53.77,0.46,0.97,Nepal_Birganj
2017-06-16,5.31,36.35,27.24,1.64,59.24,0.47,0.97,Nepal_Birganj
2017-06-17,1.43,38.31,27.0,1.58,52.22,0.47,1.08,Nepal_Birganj
2017-06-18,0.28,40.7,28.91,1.64,43.29,0.46,1.09,Nepal_Birganj
2017-06-19,1.73,40.52,29.16,1.49,44.23,0.46,0.98,Nepal_Birganj
2017-06-20,11.77,38.14,29.31,1.77,54.85,0.46,0.82,Nepal_Birganj
2017-06-21,7.19,37.81,27.22,1.47,59.71,0.47,1.06,Nepal_Birganj
2017-06-22,1.43,38.25,28.12,1.66,54.27,0.47,1.15,Nepal_Birganj
2017-06-23,0.69,38.1,28.9,1.07,52.91,0.46,1.11,Nepal_Birganj
2017-06-24,1.3,38.19,28.24,2.46,56.2,0.46,1.0,Nepal_Birganj
2017-06-25,12.68,35.35,27.74,3.1,64.88,0.46,0.86,Nepal_Birganj
2017-06-26,5.27,36.04,27.65,2.61,62.47,0.47,0.92,Nepal_Birganj
2017-06-27,2.32,37.81,27.01,3.74,61.66,0.47,1.17,Nepal_Birganj
2017-06-28,1.06,38.09,28.18,3.4,60.84,0.46,0.88,Nepal_Birganj
2017-06-29,2.13,37.51,27.87,2.95,60.26,0.46,0.98,Nepal_Birganj
2017-06-30,2.11,37.0,28.01,3.31,63.45,0.46,0.91,Nepal_Birganj
2017-07-01,6.76,32.41,27.17,2.83,78.5,0.46,0.37,Nepal_Birganj
2017-07-02,17.08,32.39,27.08,2.98,80.29,0.49,0.62,Nepal_Birganj
2017-07-03,21.33,33.16,26.55,1.56,77.38,0.51,1.03,Nepal_Birganj
2017-07-04,28.2,33.12,26.66,1.72,81.11,0.54,1.37,Nepal_Birganj
2017-07-05,21.66,32.07,25.97,3.26,83.31,0.57,1.39,Nepal_Birganj
2017-07-06,9.89,31.69,25.94,3.33,82.41,0.59,2.17,Nepal_Birganj
2017-07-07,0.85,34.06,26.32,2.36,79.13,0.59,2.83,Nepal_Birganj
2017-07-08,8.9,33.49,26.56,2.66,81.91,0.58,1.99,Nepal_Birganj
2017-07-09,23.22,30.44,26.99,1.98,89.3,0.61,0.82,Nepal_Birganj
2017-07-10,21.98,29.84,26.14,3.8,86.94,0.63,1.47,Nepal_Birganj
2017-07-11,13.33,29.63,24.64,4.56,83.86,0.65,2.15,Nepal_Birganj
2017-07-12,3.01,31.02,24.38,3.31,79.63,0.65,4.17,Nepal_Birganj
2017-07-13,0.86,32.93,24.96,2.65,80.5,0.64,4.69,Nepal_Birganj
2017-07-14,1.98,33.4,25.43,2.58,81.18,0.63,4.46,Nepal_Birganj
2017-07-15,3.62,33.56,26.24,1.77,77.69,0.62,3.89,Nepal_Birganj
2017-07-16,5.47,35.02,27.12,1.59,76.48,0.62,4.24,Nepal_Birganj
2017-07-17,5.75,35.75,27.36,1.76,73.56,0.62,5.1,Nepal_Birganj
2017-07-18,2.63,36.16,27.72,1.91,73.99,0.61,5.04,Nepal_Birganj
2017-07-19,6.95,33.17,26.64,2.83,82.25,0.6,2.27,Nepal_Birganj
2017-07-20,5.25,33.12,25.22,4.38,77.74,0.61,4.47,Nepal_Birganj
2017-07-21,10.93,32.03,25.44,4.25,81.61,0.61,3.71,Nepal_Birganj
2017-07-22,12.81,31.95,26.07,2.35,82.92,0.62,2.77,Nepal_Birganj
2017-07-23,6.73,32.46,25.66,2.66,81.51,0.62,3.74,Nepal_Birganj
2017-07-24,10.73,31.57,25.55,2.36,81.5,0.62,3.17,Nepal_Birganj
2017-07-25,3.08,33.49,25.6,3.07,76.4,0.63,3.96,Nepal_Birganj
2017-07-26,2.14,32.14,25.13,5.48,76.57,0.62,4.93,Nepal_Birganj
2017-07-27,1.06,33.04,24.83,3.92,78.59,0.61,4.79,Nepal_Birganj
2017-07-28,1.21,32.19,26.16,1.91,81.12,0.6,2.12,Nepal_Birganj
2017-07-29,18.74,31.46,25.92,1.28,86.58,0.61,1.65,Nepal_Birganj
2017-07-30,10.7,31.99,25.75,0.98,81.41,0.63,2.95,Nepal_Birganj
2017-07-31,1.74,33.54,25.59,1.66,79.11,0.63,4.95,Nepal_Birganj
2017-08-01,6.92,31.59,26.03,1.56,84.88,0.62,2.66,Nepal_Birganj
2017-08-02,23.83,32.88,26.34,2.33,85.05,0.63,3.77,Nepal_Birganj
2017-08-03,49.11,31.11,26.18,2.48,90.51,0.69,2.43,Nepal_Birganj
2017-08-04,17.35,30.27,26.39,1.48,91.03,0.73,1.45,Nepal_Birganj
2017-08-05,2.62,33.48,26.28,0.87,82.48,0.72,3.19,Nepal_Birganj
2017-08-06,5.22,31.89,27.09,1.17,86.81,0.72,3.14,Nepal_Birganj
2017-08-07,5.21,30.9,26.43,3.32,89.61,0.72,3.22,Nepal_Birganj
2017-08-08,1.33,33.34,25.99,2.06,84.1,0.71,5.97,Nepal_Birganj
2017-08-09,9.66,29.73,26.72,1.24,90.81,0.7,1.42,Nepal_Birganj
2017-08-10,28.78,31.73,26.0,0.92,86.05,0.73,3.68,Nepal_Birganj
2017-08-11,55.61,29.87,25.73,2.1,92.87,0.79,1.5,Nepal_Birganj
2017-08-12,15.65,29.07,26.12,1.61,93.75,0.81,0.92,Nepal_Birganj
2017-08-13,80.84,28.85,25.58,1.63,92.45,0.87,0.96,Nepal_Birganj
2017-08-14,14.57,30.13,24.88,1.51,90.25,0.9,2.0,Nepal_Birganj
2017-08-15,3.47,31.11,25.08,1.26,89.54,0.89,3.08,Nepal_Birganj
2017-08-16,6.87,30.68,25.86,1.27,89.11,0.88,1.4,Nepal_Birganj
2017-08-17,9.54,31.28,26.31,1.01,86.9,0.88,2.18,Nepal_Birganj
2017-08-18,4.73,31.64,26.19,2.47,88.35,0.88,3.62,Nepal_Birganj
2017-08-19,2.53,30.78,25.4,2.1,88.13,0.87,3.39,Nepal_Birganj
2017-08-20,7.02,30.89,25.44,1.73,88.3,0.87,3.35,Nepal_Birganj
2017-08-21,4.97,29.47,24.58,1.39,89.51,0.87,1.96,Nepal_Birganj
2017-08-22,12.33,31.48,25.25,1.02,84.4,0.87,3.14,Nepal_Birganj
2017-08-23,10.95,32.81,26.37,0.77,80.76,0.88,4.62,Nepal_Birganj
2017-08-24,8.56,32.9,25.91,0.75,83.13,0.87,4.51,Nepal_Birganj
2017-08-25,2.82,31.73,25.6,1.35,86.54,0.87,4.28,Nepal_Birganj
2017-08-26,10.8,31.26,25.9,1.39,86.91,0.87,2.44,Nepal_Birganj
2017-08-27,4.55,28.86,26.06,2.27,93.24,0.87,1.13,Nepal_Birganj
2017-08-28,0.78,31.21,25.77,2.3,86.42,0.86,3.82,Nepal_Birganj
2017-08-29,0.23,30.7,25.4,2.83,87.84,0.85,4.38,Nepal_Birganj
2017-08-30,2.93,29.97,25.32,1.81,88.0,0.85,2.91,Nepal_Birganj
2017-08-31,12.16,32.6,25.38,0.91,84.16,0.85,4.61,Nepal_Birganj
2017-09-01,14.58,29.55,25.7,1.36,92.91,0.86,1.23,Nepal_Birganj
2017-09-02,9.57,28.89,25.13,1.61,93.86,0.86,1.23,Nepal_Birganj
2017-09-03,8.99,30.58,24.87,1.96,90.59,0.86,3.43,Nepal_Birganj
2017-09-04,3.76,30.78,24.71,2.12,89.42,0.86,4.35,Nepal_Birganj
2017-09-05,0.7,31.62,24.31,1.39,87.98,0.85,5.25,Nepal_Birganj
2017-09-06,1.56,32.24,24.94,0.79,83.94,0.84,6.52,Nepal_Birganj
2017-09-07,3.61,31.82,25.29,1.01,85.65,0.83,4.69,Nepal_Birganj
2017-09-08,2.92,31.19,24.97,1.8,89.41,0.83,4.04,Nepal_Birganj
2017-09-09,1.14,31.51,24.83,2.2,89.47,0.82,4.96,Nepal_Birganj
2017-09-10,0.52,32.01,24.65,1.36,85.43,0.81,5.82,Nepal_Birganj
2017-09-11,2.62,32.44,24.59,0.95,81.62,0.8,6.02,Nepal_Birganj
2017-09-12,8.43,31.61,24.8,1.14,85.71,0.8,4.32,Nepal_Birganj
2017-09-13,3.69,30.1,24.03,1.79,88.71,0.8,3.38,Nepal_Birganj
2017-09-14,1.86,29.55,25.32,1.48,90.23,0.79,2.64,Nepal_Birganj
2017-09-15,4.58,31.09,24.98,0.81,86.79,0.79,3.78,Nepal_Birganj
2017-09-16,0.68,31.09,25.22,0.94,87.25,0.79,2.92,Nepal_Birganj
2017-09-17,2.56,32.87,26.35,0.58,80.99,0.78,4.45,Nepal_Birganj
2017-09-18,4.62,29.63,25.89,2.24,91.13,0.78,2.11,Nepal_Birganj
2017-09-19,1.5,30.77,25.1,0.99,83.67,0.78,4.22,Nepal_Birganj
2017-09-20,8.51,28.79,24.98,2.88,90.39,0.78,2.01,Nepal_Birganj
2017-09-21,14.38,29.03,24.32,2.84,90.21,0.79,2.01,Nepal_Birganj
2017-09-22,3.88,30.45,24.81,1.63,87.87,0.79,3.48,Nepal_Birganj
2017-09-23,2.31,31.87,24.98,1.43,86.68,0.78,4.45,Nepal_Birganj
2017-09-24,5.17,32.09,24.66,1.57,86.64,0.78,4.88,Nepal_Birganj
2017-09-25,0.84,32.19,24.75,0.84,82.99,0.77,5.76,Nepal_Birganj
2017-09-26,0.01,31.57,24.93,0.86,80.99,0.76,6.21,Nepal_Birganj
2017-09-27,0.16,32.27,24.02,0.96,78.94,0.75,6.49,Nepal_Birganj
2017-09-28,3.01,32.36,25.95,0.86,77.97,0.74,4.95,Nepal_Birganj
2017-09-29,5.24,31.28,24.79,0.76,80.57,0.74,4.12,Nepal_Birganj
2017-09-30,2.65,30.55,24.22,1.42,86.28,0.74,4.12,Nepal_Birganj
2017-10-01,1.59,30.86,23.68,0.94,82.05,0.73,5.5,Nepal_Birganj
2017-10-02,6.98,31.28,23.98,0.94,83.8,0.73,4.8,Nepal_Birganj
2017-10-03,1.38,30.28,23.8,2.29,88.16,0.73,4.67,Nepal_Birganj
2017-10-04,0.69,30.86,23.4,1.2,84.89,0.72,5.15,Nepal_Birganj
2017-10-05,0.09,32.05,24.57,0.77,80.62,0.71,6.44,Nepal_Birganj
2017-10-06,2.01,32.81,25.38,0.69,76.47,0.7,6.4,Nepal_Birganj
2017-10-07,0.45,32.54,24.95,0.9,78.37,0.7,6.15,Nepal_Birganj
2017-10-08,0.74,33.0,26.12,0.81,72.62,0.69,6.24,Nepal_Birganj
2017-10-09,1.59,31.97,24.6,0.84,80.01,0.68,5.15,Nepal_Birganj
2017-10-10,1.99,30.71,24.22,1.36,84.52,0.67,3.79,Nepal_Birganj
2017-10-11,1.51,30.2,23.04,1.16,79.17,0.67,3.47,Nepal_Birganj
2017-10-12,0.33,32.8,24.21,0.74,76.06,0.66,5.62,Nepal_Birganj
2017-10-13,0.1,32.29,23.92,1.14,74.22,0.65,4.91,Nepal_Birganj
2017-10-14,0.07,31.62,22.02,1.24,73.99,0.65,4.13,Nepal_Birganj
2017-10-15,0.0,31.36,22.01,1.03,67.46,0.64,3.69,Nepal_Birganj
2017-10-16,0.0,31.72,21.65,1.0,65.75,0.63,3.74,Nepal_Birganj
2017-10-17,0.0,32.4,22.31,1.13,68.26,0.63,3.52,Nepal_Birganj
2017-10-18,0.0,33.19,22.79,0.98,68.06,0.62,4.26,Nepal_Birganj
2017-10-19,0.09,33.43,22.94,1.63,70.28,0.61,4.27,Nepal_Birganj
2017-10-20,0.02,32.65,23.8,1.64,78.82,0.6,3.82,Nepal_Birganj
2017-10-21,0.05,31.0,22.08,1.05,81.14,0.6,3.28,Nepal_Birganj
2017-10-22,0.24,31.0,21.28,1.25,73.77,0.59,3.14,Nepal_Birganj
2017-10-23,0.02,31.26,20.72,1.02,59.1,0.59,2.8,Nepal_Birganj
2017-10-24,0.08,30.53,19.35,1.25,59.47,0.58,2.54,Nepal_Birganj
2017-10-25,0.0,30.6,19.27,1.22,51.83,0.58,2.41,Nepal_Birganj
2017-10-26,0.0,29.99,16.94,1.24,53.5,0.57,2.17,Nepal_Birganj
2017-10-27,0.0,30.18,18.55,1.12,57.08,0.57,2.16,Nepal_Birganj
2017-10-28,1.79,28.7,18.7,1.39,68.03,0.56,1.63,Nepal_Birganj
2017-10-29,4.12,28.76,19.26,0.99,69.92,0.57,1.63,Nepal_Birganj
2017-10-30,1.38,29.47,19.98,0.98,68.49,0.57,2.3,Nepal_Birganj
2017-10-31,0.01,27.7,18.26,1.45,76.45,0.56,1.8,Nepal_Birganj
2017-11-01,0.0,28.06,17.3,0.94,71.81,0.56,1.96,Nepal_Birganj
2017-11-02,0.0,29.21,18.1,1.01,66.36,0.55,2.22,Nepal_Birganj
2017-11-03,0.0,30.39,18.05,0.98,62.76,0.55,2.18,Nepal_Birganj
2017-11-04,0.0,30.8,18.48,1.13,65.92,0.54,2.08,Nepal_Birganj
2017-11-05,0.0,30.88,19.97,1.2,64.4,0.54,2.12,Nepal_Birganj
2017-11-06,0.0,30.14,19.6,1.34,61.13,0.53,1.84,Nepal_Birganj
2017-11-07,0.0,30.58,19.48,0.87,59.25,0.53,1.76,Nepal_Birganj
2017-11-08,0.0,30.47,19.55,0.91,57.21,0.52,1.61,Nepal_Birganj
2017-11-09,0.0,30.4,19.77,0.93,52.8,0.52,1.53,Nepal_Birganj
2017-11-10,0.0,30.22,17.92,1.03,56.3,0.52,1.47,Nepal_Birganj
2017-11-11,0.0,30.42,19.22,1.01,57.83,0.51,1.58,Nepal_Birganj
2017-11-12,0.0,30.19,18.91,1.21,58.52,0.51,1.43,Nepal_Birganj
2017-11-13,0.0,29.54,17.71,1.13,54.67,0.51,1.14,Nepal_Birganj
2017-11-14,0.0,30.41,17.91,0.78,52.57,0.5,1.16,Nepal_Birganj
2017-11-15,0.0,30.54,17.46,1.05,62.23,0.5,1.17,Nepal_Birganj
2017-11-16,0.0,28.94,19.36,1.46,69.45,0.5,1.01,Nepal_Birganj
2017-11-17,0.0,30.57,19.58,0.95,69.62,0.49,1.12,Nepal_Birganj
2017-11-18,0.0,30.67,19.07,1.21,66.86,0.49,1.11,Nepal_Birganj
2017-11-19,0.0,31.28,19.52,1.62,55.14,0.49,1.02,Nepal_Birganj
2017-11-20,0.0,29.71,17.35,2.25,56.06,0.48,0.9,Nepal_Birganj
2017-11-21,0.0,27.71,14.18,1.79,54.64,0.48,0.77,Nepal_Birganj
2017-11-22,0.0,26.69,13.63,1.47,52.64,0.48,0.68,Nepal_Birganj
2017-11-23,0.0,26.46,13.08,1.53,54.22,0.48,0.63,Nepal_Birganj
2017-11-24,0.0,25.59,12.81,1.44,51.69,0.47,0.59,Nepal_Birganj
2017-11-25,0.0,26.55,12.62,1.03,52.06,0.47,0.61,Nepal_Birganj
2017-11-26,0.0,27.39,13.99,1.21,51.81,0.47,0.57,Nepal_Birganj
2017-11-27,0.0,25.75,14.5,1.31,53.9,0.47,0.47,Nepal_Birganj
2017-11-28,0.0,25.49,13.76,1.16,49.81,0.46,0.45,Nepal_Birganj
2017-11-29,0.0,24.62,12.68,1.34,52.13,0.46,0.32,Nepal_Birganj
2017-11-30,0.0,24.98,13.62,0.99,51.81,0.46,0.35,Nepal_Birganj
2017-12-01,0.0,26.88,14.73,1.02,54.51,0.46,0.41,Nepal_Birganj
2017-12-02,0.0,26.84,15.37,1.04,51.54,0.46,0.45,Nepal_Birganj
2017-12-03,0.0,25.72,13.88,1.32,50.95,0.46,0.39,Nepal_Birganj
2017-12-04,0.0,25.43,13.08,0.96,47.72,0.45,0.4,Nepal_Birganj
2017-12-05,0.0,26.17,14.22,0.74,47.38,0.45,0.32,Nepal_Birganj
2017-12-06,0.0,26.57,14.03,0.94,53.3,0.45,0.34,Nepal_Birganj
2017-12-07,0.0,28.11,14.59,1.2,52.3,0.45,0.4,Nepal_Birganj
2017-12-08,0.0,28.48,17.31,1.05,54.12,0.45,0.39,Nepal_Birganj
2017-12-09,0.0,28.09,16.5,1.03,57.73,0.44,0.4,Nepal_Birganj
2017-12-10,0.0,28.61,16.07,1.12,58.94,0.44,0.36,Nepal_Birganj
2017-12-11,0.0,28.65,17.04,1.42,56.36,0.44,0.39,Nepal_Birganj
2017-12-12,0.0,28.01,16.41,1.36,51.18,0.44,0.33,Nepal_Birganj
2017-12-13,0.0,29.18,16.09,2.47,53.21,0.44,0.38,Nepal_Birganj
2017-12-14,0.0,27.91,13.58,2.03,51.32,0.43,0.34,Nepal_Birganj
2017-12-15,0.0,27.95,12.97,1.99,47.29,0.43,0.32,Nepal_Birganj
2017-12-16,0.0,25.92,11.09,1.28,46.92,0.43,0.25,Nepal_Birganj
2017-12-17,0.0,25.29,9.95,1.18,46.07,0.43,0.25,Nepal_Birganj
2017-12-18,0.0,24.9,11.06,1.05,42.56,0.43,0.21,Nepal_Birganj
2017-12-19,0.0,23.75,10.6,1.13,46.39,0.42,0.14,Nepal_Birganj
2017-12-20,0.0,24.98,14.27,1.04,50.35,0.42,0.13,Nepal_Birganj
2017-12-21,0.0,26.4,14.86,1.29,60.16,0.42,0.21,Nepal_Birganj
2017-12-22,0.0,26.06,13.77,1.56,57.72,0.42,0.21,Nepal_Birganj
2017-12-23,0.0,25.24,13.29,1.05,45.79,0.42,0.19,Nepal_Birganj
2017-12-24,0.0,25.18,11.44,1.05,45.01,0.42,0.18,Nepal_Birganj
2017-12-25,0.0,25.11,12.49,1.16,49.19,0.42,0.16,Nepal_Birganj
2017-12-26,0.0,25.39,11.75,1.66,49.74,0.42,0.17,Nepal_Birganj
2017-12-27,0.0,25.79,10.89,1.36,45.04,0.41,0.19,Nepal_Birganj
2017-12-28,0.0,26.01,12.37,1.02,35.52,0.41,0.18,Nepal_Birganj
2017-12-29,0.0,25.3,12.21,1.28,35.25,0.41,0.17,Nepal_Birganj
2017-12-30,0.0,26.07,11.85,1.27,39.05,0.41,0.16,Nepal_Birganj
2017-12-31,0.0,26.25,13.08,1.15,40.62,0.41,0.16,Nepal_Birganj
2018-01-01,0.0,25.21,13.01,1.07,42.03,0.41,0.13,Nepal_Birganj
2018-01-02,0.0,23.31,11.2,1.2,45.27,0.41,0.11,Nepal_Birganj
2018-01-03,0.0,23.5,9.44,1.75,47.6,0.4,0.12,Nepal_Birganj
2018-01-04,0.0,22.63,8.28,1.32,47.43,0.4,0.11,Nepal_Birganj
2018-01-05,0.0,21.43,9.06,1.36,42.5,0.4,0.1,Nepal_Birganj
2018-01-06,0.0,21.85,7.32,1.62,42.32,0.4,0.09,Nepal_Birganj
2018-01-07,0.0,20.97,7.63,1.51,43.35,0.4,0.08,Nepal_Birganj
2018-01-08,0.0,21.07,6.98,1.25,41.41,0.4,0.08,Nepal_Birganj
2018-01-09,0.0,20.96,8.65,1.26,42.75,0.4,0.07,Nepal_Birganj
2018-01-10,0.0,21.09,7.65,1.24,42.73,0.4,0.07,Nepal_Birganj
2018-01-11,0.0,21.69,5.85,1.04,40.28,0.4,0.07,Nepal_Birganj
2018-01-12,0.0,22.77,6.75,1.42,39.17,0.39,0.08,Nepal_Birganj
2018-01-13,0.0,23.18,9.96,1.16,38.85,0.39,0.08,Nepal_Birganj
2018-01-14,0.0,22.72,8.6,1.14,39.12,0.39,0.07,Nepal_Birganj
2018-01-15,0.0,23.39,9.83,1.64,39.19,0.39,0.07,Nepal_Birganj
2018-01-16,0.0,23.07,8.55,1.15,41.05,0.39,0.07,Nepal_Birganj
2018-01-17,0.0,25.17,10.38,1.43,38.17,0.39,0.09,Nepal_Birganj
2018-01-18,0.0,24.15,9.86,1.18,35.94,0.39,0.08,Nepal_Birganj
2018-01-19,0.0,23.98,9.59,1.14,35.78,0.39,0.07,Nepal_Birganj
2018-01-20,0.0,24.51,10.5,1.15,37.5,0.39,0.07,Nepal_Birganj
2018-01-21,0.0,24.23,9.32,1.0,37.53,0.39,0.07,Nepal_Birganj
2018-01-22,0.0,24.72,11.52,1.23,37.53,0.39,0.07,Nepal_Birganj
2018-01-23,0.01,25.46,11.88,1.18,37.65,0.38,0.07,Nepal_Birganj
2018-01-24,1.6,23.55,12.62,1.85,49.43,0.39,0.04,Nepal_Birganj
2018-01-25,0.0,24.21,10.34,1.85,50.01,0.39,0.07,Nepal_Birganj
2018-01-26,0.0,23.8,10.36,1.23,48.49,0.38,0.06,Nepal_Birganj
2018-01-27,0.0,22.17,10.12,1.68,41.75,0.38,0.05,Nepal_Birganj
2018-01-28,0.0,22.18,7.89,1.31,35.88,0.38,0.05,Nepal_Birganj
2018-01-29,0.0,21.88,7.41,1.29,36.08,0.38,0.04,Nepal_Birganj
2018-01-30,0.0,22.93,7.46,1.46,36.71,0.38,0.04,Nepal_Birganj
2018-01-31,0.0,25.21,10.05,2.23,37.46,0.38,0.05,Nepal_Birganj
2018-02-01,0.0,25.88,10.87,1.38,41.48,0.38,0.05,Nepal_Birganj
2018-02-02,0.0,26.69,12.35,1.29,39.23,0.38,0.06,Nepal_Birganj
2018-02-03,0.0,26.73,12.44,1.45,39.04,0.38,0.06,Nepal_Birganj
2018-02-04,0.0,27.9,13.65,2.33,33.82,0.38,0.06,Nepal_Birganj
2018-02-05,0.0,28.56,11.96,1.47,29.47,0.38,0.07,Nepal_Birganj
2018-02-06,0.0,27.6,13.6,1.34,29.38,0.37,0.05,Nepal_Birganj
2018-02-07,0.0,28.09,12.64,1.76,33.68,0.37,0.04,Nepal_Birganj
2018-02-08,0.0,28.94,11.34,2.41,29.08,0.37,0.06,Nepal_Birganj
2018-02-09,0.0,29.08,12.03,2.53,27.46,0.37,0.06,Nepal_Birganj
2018-02-10,0.0,28.31,12.36,2.01,22.6,0.37,0.06,Nepal_Birganj
2018-02-11,0.0,28.91,13.27,1.34,21.51,0.37,0.05,Nepal_Birganj
2018-02-12,0.01,24.41,14.16,1.14,26.87,0.37,0.02,Nepal_Birganj
2018-02-13,0.49,23.3,13.57,1.86,53.16,0.37,0.01,Nepal_Birganj
2018-02-14,0.0,27.5,11.8,2.4,52.47,0.37,0.03,Nepal_Birganj
2018-02-15,0.0,28.24,11.39,1.46,36.14,0.37,0.04,Nepal_Birganj
2018-02-16,0.0,28.9,14.06,1.3,31.89,0.37,0.04,Nepal_Birganj
2018-02-17,0.0,28.33,14.6,1.6,38.76,0.36,0.03,Nepal_Birganj
2018-02-18,0.0,28.47,14.51,1.43,36.55,0.36,0.03,Nepal_Birganj
2018-02-19,0.0,29.61,15.47,1.62,26.95,0.36,0.03,Nepal_Birganj
2018-02-20,0.0,30.38,16.33,1.48,21.48,0.36,0.03,Nepal_Birganj
2018-02-21,0.0,29.73,15.52,1.23,20.34,0.36,0.03,Nepal_Birganj
2018-02-22,0.05,30.11,15.75,1.47,26.83,0.36,0.03,Nepal_Birganj
2018-02-23,0.13,31.27,15.66,1.72,28.63,0.36,0.03,Nepal_Birganj
2018-02-24,0.03,31.49,16.41,1.27,26.67,0.36,0.02,Nepal_Birganj
2018-02-25,0.0,31.1,17.06,1.68,35.02,0.36,0.02,Nepal_Birganj
2018-02-26,0.0,31.86,17.12,1.74,32.59,0.36,0.03,Nepal_Birganj
2018-02-27,0.0,31.21,15.98,1.27,28.32,0.36,0.02,Nepal_Birganj
2018-02-28,0.0,31.49,16.86,1.52,29.73,0.36,0.02,Nepal_Birganj
2018-03-01,0.0,32.97,18.87,1.66,27.37,0.35,0.02,Nepal_Birganj
2018-03-02,0.14,33.52,18.44,1.64,26.49,0.35,0.02,Nepal_Birganj
2018-03-03,0.43,35.29,18.52,2.67,26.45,0.35,0.03,Nepal_Birganj
2018-03-04,0.03,35.31,19.12,1.59,25.71,0.35,0.02,Nepal_Birganj
2018-03-05,0.0,30.6,19.6,2.46,34.0,0.35,0.01,Nepal_Birganj
2018-03-06,0.0,32.12,17.07,2.63,35.08,0.35,0.02,Nepal_Birganj
2018-03-07,0.0,33.62,15.26,1.67,23.39,0.35,0.02,Nepal_Birganj
2018-03-08,0.0,34.52,16.94,1.8,19.37,0.35,0.02,Nepal_Birganj
2018-03-09,0.61,33.55,17.54,1.66,19.07,0.35,0.02,Nepal_Birganj
2018-03-10,0.25,33.61,17.14,1.69,21.36,0.35,0.02,Nepal_Birganj
2018-03-11,2.51,33.59,16.29,1.63,24.87,0.35,0.02,Nepal_Birganj
2018-03-12,0.33,33.58,16.72,1.73,26.15,0.36,0.02,Nepal_Birganj
2018-03-13,0.02,34.58,17.55,1.68,24.41,0.35,0.02,Nepal_Birganj
2018-03-14,0.01,35.17,18.38,1.61,24.02,0.35,0.02,Nepal_Birganj
2018-03-15,0.52,34.54,19.52,1.58,27.47,0.35,0.01,Nepal_Birganj
2018-03-16,0.33,35.08,19.65,2.26,28.33,0.35,0.02,Nepal_Birganj
2018-03-17,0.11,34.94,18.43,2.56,19.64,0.35,0.02,Nepal_Birganj
2018-03-18,0.02,34.13,18.46,1.54,16.6,0.35,0.01,Nepal_Birganj
2018-03-19,0.01,35.73,17.78,1.42,15.83,0.35,0.01,Nepal_Birganj
2018-03-20,0.0,36.74,20.1,1.57,15.57,0.35,0.01,Nepal_Birganj
2018-03-21,0.01,36.9,19.13,1.79,16.77,0.35,0.01,Nepal_Birganj
2018-03-22,0.03,36.74,20.95,1.76,22.94,0.35,0.01,Nepal_Birganj
2018-03-23,0.0,36.77,21.54,1.88,21.79,0.35,0.01,Nepal_Birganj
2018-03-24,0.0,36.58,21.99,1.71,19.9,0.35,0.01,Nepal_Birganj
2018-03-25,0.0,36.77,21.47,1.61,19.18,0.35,0.01,Nepal_Birganj
2018-03-26,0.04,36.54,21.21,1.63,17.94,0.35,0.01,Nepal_Birganj
2018-03-27,0.0,38.09,20.33,1.49,15.04,0.35,0.01,Nepal_Birganj
2018-03-28,0.0,36.07,20.44,1.83,19.23,0.35,0.0,Nepal_Birganj
2018-03-29,0.49,36.84,20.81,1.82,22.39,0.35,0.0,Nepal_Birganj
2018-03-30,1.75,36.61,19.81,2.15,23.77,0.35,0.01,Nepal_Birganj
2018-03-31,1.62,34.95,21.26,2.62,29.17,0.35,0.0,Nepal_Birganj
2018-04-01,0.04,34.91,22.1,2.35,35.68,0.35,0.0,Nepal_Birganj
2018-04-02,0.09,36.4,22.2,1.54,33.81,0.35,0.0,Nepal_Birganj
2018-04-03,0.04,36.82,21.95,1.41,32.02,0.35,0.0,Nepal_Birganj
2018-04-04,0.7,37.12,22.46,1.32,28.8,0.35,0.0,Nepal_Birganj
2018-04-05,1.21,37.06,23.83,1.16,30.36,0.35,0.0,Nepal_Birganj
2018-04-06,3.65,35.87,22.46,3.01,37.85,0.35,0.0,Nepal_Birganj
2018-04-07,3.75,34.24,22.67,2.23,50.37,0.36,0.01,Nepal_Birganj
2018-04-08,1.24,33.47,23.64,1.28,53.13,0.36,0.01,Nepal_Birganj
2018-04-09,0.86,34.06,22.54,2.04,49.96,0.36,0.01,Nepal_Birganj
2018-04-10,3.33,33.67,22.98,1.4,49.68,0.36,0.01,Nepal_Birganj
2018-04-11,5.71,35.13,23.03,2.02,49.57,0.37,0.02,Nepal_Birganj
2018-04-12,0.13,33.66,22.52,2.13,45.96,0.37,0.02,Nepal_Birganj
2018-04-13,0.24,36.66,21.54,1.78,35.55,0.36,0.03,Nepal_Birganj
2018-04-14,0.08,37.98,22.47,2.01,24.77,0.36,0.03,Nepal_Birganj
2018-04-15,0.0,37.79,21.06,1.61,24.29,0.36,0.02,Nepal_Birganj
2018-04-16,0.82,38.12,22.59,1.74,28.67,0.36,0.01,Nepal_Birganj
2018-04-17,3.39,37.74,23.32,2.15,36.64,0.36,0.02,Nepal_Birganj
2018-04-18,6.26,36.53,24.09,2.49,47.36,0.37,0.03,Nepal_Birganj
2018-04-19,1.51,38.6,21.98,1.87,37.58,0.37,0.04,Nepal_Birganj
2018-04-20,0.96,37.94,23.09,2.43,35.87,0.36,0.04,Nepal_Birganj
2018-04-21,0.35,40.67,25.59,2.24,28.81,0.36,0.04,Nepal_Birganj
2018-04-22,0.04,39.29,23.61,2.42,21.32,0.36,0.04,Nepal_Birganj
2018-04-23,0.0,39.58,21.9,1.71,17.63,0.36,0.03,Nepal_Birganj
2018-04-24,0.0,38.78,22.91,1.54,15.61,0.35,0.02,Nepal_Birganj
2018-04-25,0.0,38.08,22.1,2.09,23.5,0.35,0.02,Nepal_Birganj
2018-04-26,1.05,36.33,23.78,3.85,36.3,0.35,0.01,Nepal_Birganj
2018-04-27,0.45,37.35,24.36,3.94,41.58,0.35,0.01,Nepal_Birganj
2018-04-28,8.57,33.55,24.7,3.36,55.46,0.36,0.01,Nepal_Birganj
2018-04-29,6.11,34.03,22.97,2.27,58.15,0.38,0.05,Nepal_Birganj
2018-04-30,16.99,32.96,21.9,2.52,65.56,0.4,0.16,Nepal_Birganj
2018-05-01,1.83,34.54,22.54,2.52,54.42,0.4,0.18,Nepal_Birganj
2018-05-02,3.06,33.71,23.4,3.05,56.56,0.4,0.15,Nepal_Birganj
2018-05-03,5.99,31.94,23.04,2.2,59.57,0.4,0.11,Nepal_Birganj
2018-05-04,1.37,34.02,23.77,2.12,53.83,0.41,0.21,Nepal_Birganj
2018-05-05,0.39,36.14,23.16,2.13,50.42,0.4,0.24,Nepal_Birganj
2018-05-06,0.66,38.64,25.43,1.57,40.36,0.4,0.22,Nepal_Birganj
2018-05-07,4.08,39.97,26.13,1.85,36.51,0.4,0.22,Nepal_Birganj
2018-05-08,1.49,40.92,25.09,1.87,32.91,0.4,0.24,Nepal_Birganj
2018-05-09,0.0,39.83,24.99,2.16,30.54,0.39,0.21,Nepal_Birganj
2018-05-10,0.13,38.93,24.27,2.06,29.74,0.39,0.17,Nepal_Birganj
2018-05-11,0.04,38.94,24.48,1.89,30.57,0.39,0.14,Nepal_Birganj
2018-05-12,0.17,38.51,24.53,2.99,46.23,0.38,0.12,Nepal_Birganj
2018-05-13,6.78,35.29,26.02,3.24,55.26,0.39,0.08,Nepal_Birganj
2018-05-14,13.43,33.58,24.32,2.45,61.83,0.41,0.16,Nepal_Birganj
2018-05-15,1.62,35.25,23.32,1.68,49.96,0.41,0.27,Nepal_Birganj
2018-05-16,1.82,35.3,24.54,2.63,52.8,0.4,0.24,Nepal_Birganj
2018-05-17,4.43,35.38,24.56,2.23,55.73,0.41,0.27,Nepal_Birganj
2018-05-18,0.4,37.64,25.61,2.33,47.15,0.4,0.29,Nepal_Birganj
2018-05-19,5.64,36.06,25.14,2.08,51.22,0.41,0.26,Nepal_Birganj
2018-05-20,0.1,37.97,24.95,1.79,46.28,0.4,0.3,Nepal_Birganj
2018-05-21,1.85,38.35,26.15,2.16,43.92,0.4,0.26,Nepal_Birganj
2018-05-22,0.91,38.13,26.17,2.05,47.23,0.4,0.24,Nepal_Birganj
2018-05-23,1.6,39.65,27.39,2.73,51.64,0.4,0.25,Nepal_Birganj
2018-05-24,3.68,39.52,27.1,1.83,53.48,0.4,0.29,Nepal_Birganj
2018-05-25,0.64,40.18,27.43,2.07,46.15,0.4,0.29,Nepal_Birganj
2018-05-26,1.77,40.18,26.38,1.71,42.24,0.39,0.24,Nepal_Birganj
2018-05-27,1.77,40.28,27.49,2.19,45.06,0.39,0.26,Nepal_Birganj
2018-05-28,2.52,39.47,27.55,2.4,48.37,0.39,0.26,Nepal_Birganj
2018-05-29,1.49,38.38,26.95,2.64,46.11,0.39,0.23,Nepal_Birganj
2018-05-30,13.24,36.08,26.58,1.99,58.77,0.4,0.3,Nepal_Birganj
2018-05-31,8.12,37.01,26.33,2.28,55.51,0.41,0.38,Nepal_Birganj
2018-06-01,11.96,34.39,26.03,2.57,66.45,0.43,0.39,Nepal_Birganj
2018-06-02,0.25,36.1,26.64,2.14,57.19,0.43,0.52,Nepal_Birganj
2018-06-03,1.13,35.42,27.14,2.34,57.48,0.42,0.41,Nepal_Birganj
2018-06-04,5.79,37.09,27.47,2.55,57.99,0.43,0.47,Nepal_Birganj
2018-06-05,2.66,38.53,27.63,2.91,54.82,0.43,0.55,Nepal_Birganj
2018-06-06,0.62,40.29,28.28,2.06,48.42,0.42,0.63,Nepal_Birganj
2018-06-07,28.14,36.21,28.54,2.22,62.39,0.45,0.64,Nepal_Birganj
2018-06-08,15.34,35.06,27.5,2.82,66.62,0.47,0.69,Nepal_Birganj
2018-06-09,0.13,38.8,27.21,1.84,57.04,0.47,1.42,Nepal_Birganj
2018-06-10,0.5,39.76,28.34,1.32,51.49,0.46,1.35,Nepal_Birganj
2018-06-11,3.55,39.1,29.99,1.31,50.34,0.46,1.16,Nepal_Birganj
2018-06-12,12.62,39.89,30.47,1.11,48.77,0.47,1.19,Nepal_Birganj
2018-06-13,3.62,39.0,27.48,1.9,51.71,0.47,1.33,Nepal_Birganj
2018-06-14,9.3,36.78,28.31,1.63,55.4,0.47,0.85,Nepal_Birganj
2018-06-15,2.7,38.87,26.34,2.13,54.0,0.48,1.07,Nepal_Birganj
2018-06-16,2.73,39.4,26.2,1.83,53.76,0.47,1.15,Nepal_Birganj
2018-06-17,10.4,38.82,27.94,1.48,54.2,0.48,1.08,Nepal_Birganj
2018-06-18,0.39,39.59,28.39,2.06,46.57,0.48,1.52,Nepal_Birganj
2018-06-19,0.15,39.9,27.32,1.49,44.23,0.47,1.42,Nepal_Birganj
2018-06-20,0.46,39.34,29.04,2.43,53.86,0.47,1.23,Nepal_Birganj
2018-06-21,1.32,38.61,28.78,2.03,55.45,0.46,1.18,Nepal_Birganj
2018-06-22,3.13,38.77,28.26,1.57,54.32,0.46,1.18,Nepal_Birganj
2018-06-23,11.88,36.67,28.04,1.85,62.12,0.47,1.08,Nepal_Birganj
2018-06-24,7.32,38.06,28.8,1.51,57.9,0.48,1.21,Nepal_Birganj
2018-06-25,5.48,38.9,27.94,2.6,58.53,0.48,1.3,Nepal_Birganj
2018-06-26,9.41,34.84,27.86,2.84,69.03,0.48,0.67,Nepal_Birganj
2018-06-27,3.79,35.53,27.1,3.96,66.32,0.49,1.28,Nepal_Birganj
2018-06-28,0.17,36.74,27.86,4.78,61.54,0.48,1.56,Nepal_Birganj
2018-06-29,0.51,33.73,26.96,2.27,66.17,0.48,0.76,Nepal_Birganj
2018-06-30,9.42,37.25,26.7,1.32,61.88,0.48,1.23,Nepal_Birganj
2018-07-01,30.46,33.86,27.98,2.2,77.03,0.51,1.11,Nepal_Birganj
2018-07-02,25.38,31.7,26.89,1.99,83.99,0.56,0.77,Nepal_Birganj
2018-07-03,6.77,33.52,26.36,2.9,78.25,0.57,2.06,Nepal_Birganj
2018-07-04,1.66,34.34,26.08,2.6,75.61,0.56,2.59,Nepal_Birganj
2018-07-05,0.36,35.2,26.78,1.69,70.63,0.55,2.61,Nepal_Birganj
2018-07-06,1.37,36.41,28.34,1.3,65.94,0.54,2.56,Nepal_Birganj
2018-07-07,3.96,36.32,27.44,1.89,66.16,0.54,2.27,Nepal_Birganj
2018-07-08,1.97,35.83,27.84,2.49,67.15,0.54,2.36,Nepal_Birganj
2018-07-09,5.77,33.07,27.53,2.88,72.14,0.54,1.87,Nepal_Birganj
2018-07-10,5.22,34.03,27.08,2.87,73.44,0.54,1.73,Nepal_Birganj
2018-07-11,2.69,35.9,26.75,2.27,68.27,0.54,2.45,Nepal_Birganj
2018-07-12,0.25,34.03,27.3,2.65,70.29,0.53,1.6,Nepal_Birganj
2018-07-13,0.96,36.17,27.33,3.12,66.79,0.52,2.34,Nepal_Birganj
2018-07-14,0.58,38.31,27.35,2.63,64.43,0.52,2.26,Nepal_Birganj
2018-07-15,1.53,37.94,28.08,2.81,60.76,0.51,1.73,Nepal_Birganj
2018-07-16,0.04,39.74,27.72,3.11,56.96,0.51,2.61,Nepal_Birganj
2018-07-17,0.06,37.69,28.3,4.45,61.58,0.5,2.12,Nepal_Birganj
2018-07-18,0.3,35.89,27.89,2.92,62.43,0.49,1.44,Nepal_Birganj
2018-07-19,2.19,39.5,28.09,2.18,56.58,0.48,1.82,Nepal_Birganj
2018-07-20,6.91,39.27,28.45,2.18,60.1,0.49,1.65,Nepal_Birganj
2018-07-21,7.66,35.78,28.84,1.42,67.16,0.5,1.18,Nepal_Birganj
2018-07-22,1.45,38.72,27.32,3.3,60.69,0.49,2.34,Nepal_Birganj
2018-07-23,1.97,35.31,27.23,5.48,66.1,0.49,1.86,Nepal_Birganj
2018-07-24,9.61,34.83,26.43,3.85,71.4,0.49,1.44,Nepal_Birganj
2018-07-25,10.66,34.9,26.29,3.36,72.74,0.5,1.57,Nepal_Birganj
2018-07-26,42.23,31.9,26.2,3.01,81.5,0.54,1.36,Nepal_Birganj
2018-07-27,31.75,32.4,25.86,2.13,81.2,0.6,2.51,Nepal_Birganj
2018-07-28,29.64,31.96,26.36,1.08,80.59,0.63,2.77,Nepal_Birganj
2018-07-29,16.8,30.61,26.42,1.97,87.24,0.66,1.9,Nepal_Birganj
2018-07-30,4.64,30.26,25.53,2.85,87.14,0.65,2.59,Nepal_Birganj
2018-07-31,6.2,31.61,25.32,2.12,83.91,0.65,3.64,Nepal_Birganj
2018-08-01,10.59,29.72,25.76,2.08,88.58,0.66,1.48,Nepal_Birganj
2018-08-02,8.28,29.58,25.53,2.61,87.92,0.66,1.79,Nepal_Birganj
2018-08-03,10.99,32.41,25.4,1.71,82.08,0.67,4.25,Nepal_Birganj
2018-08-04,19.01,30.59,26.0,0.51,82.15,0.67,2.03,Nepal_Birganj
2018-08-05,33.65,31.7,25.82,1.01,83.75,0.71,3.17,Nepal_Birganj
2018-08-06,20.42,32.39,25.9,1.16,82.48,0.74,3.77,Nepal_Birganj
2018-08-07,6.92,32.78,25.87,2.23,82.53,0.74,5.74,Nepal_Birganj
2018-08-08,0.52,32.29,25.42,2.65,82.11,0.73,6.53,Nepal_Birganj
2018-08-09,1.66,32.83,25.38,1.7,79.68,0.71,5.98,Nepal_Birganj
2018-08-10,9.96,32.8,25.49,1.11,80.27,0.71,5.65,Nepal_Birganj
2018-08-11,14.88,32.69,26.51,1.17,81.68,0.72,4.94,Nepal_Birganj
2018-08-12,5.26,32.33,26.6,1.16,84.43,0.72,3.87,Nepal_Birganj
2018-08-13,15.59,28.96,25.99,2.01,91.14,0.73,1.72,Nepal_Birganj
2018-08-14,10.58,32.89,25.83,0.84,79.35,0.74,5.21,Nepal_Birganj
2018-08-15,16.11,32.55,26.44,1.91,86.45,0.75,4.23,Nepal_Birganj
2018-08-16,2.54,32.4,25.83,2.49,85.18,0.74,6.14,Nepal_Birganj
2018-08-17,0.01,33.25,25.56,1.53,82.19,0.73,7.16,Nepal_Birganj
2018-08-18,1.27,32.46,26.66,0.81,83.04,0.72,3.95,Nepal_Birganj
2018-08-19,0.47,33.95,26.87,0.76,76.49,0.71,6.69,Nepal_Birganj
2018-08-20,5.08,33.03,26.65,2.2,82.79,0.7,5.18,Nepal_Birganj
2018-08-21,6.68,32.22,25.7,2.4,83.62,0.7,6.46,Nepal_Birganj
2018-08-22,1.68,30.92,25.57,1.33,85.94,0.7,3.55,Nepal_Birganj
2018-08-23,0.61,31.0,25.69,1.09,89.29,0.69,2.27,Nepal_Birganj
2018-08-24,3.06,31.11,26.46,1.02,85.65,0.69,3.06,Nepal_Birganj
2018-08-25,9.84,29.78,25.3,1.31,89.66,0.7,1.73,Nepal_Birganj
2018-08-26,3.27,31.75,25.35,1.51,82.94,0.69,5.57,Nepal_Birganj
2018-08-27,1.1,32.71,25.94,1.88,81.46,0.68,6.09,Nepal_Birganj
2018-08-28,0.35,30.33,25.49,1.97,86.28,0.68,2.98,Nepal_Birganj
2018-08-29,0.48,32.77,24.81,1.41,77.1,0.67,5.74,Nepal_Birganj
2018-08-30,10.26,29.87,26.05,1.04,86.35,0.67,1.49,Nepal_Birganj
2018-08-31,3.3,32.41,25.22,1.27,80.68,0.67,5.04,Nepal_Birganj
2018-09-01,3.06,32.39,25.8,2.04,83.31,0.66,4.54,Nepal_Birganj
2018-09-02,15.95,30.97,25.73,2.01,86.59,0.67,3.14,Nepal_Birganj
2018-09-03,12.07,30.97,24.72,2.1,85.81,0.68,4.92,Nepal_Birganj
2018-09-04,3.8,32.11,25.09,1.7,81.94,0.68,5.75,Nepal_Birganj
2018-09-05,6.46,32.78,25.48,0.93,75.33,0.68,5.61,Nepal_Birganj
2018-09-06,3.83,32.05,25.87,1.39,81.89,0.67,3.96,Nepal_Birganj
2018-09-07,0.32,31.91,25.42,3.23,80.33,0.67,6.35,Nepal_Birganj
2018-09-08,0.88,32.19,24.97,1.68,80.46,0.65,5.41,Nepal_Birganj
2018-09-09,1.76,32.9,25.98,1.26,80.63,0.65,5.4,Nepal_Birganj
2018-09-10,1.63,31.56,25.14,1.98,85.22,0.64,4.01,Nepal_Birganj
2018-09-11,4.42,31.15,24.87,2.3,86.4,0.64,4.07,Nepal_Birganj
2018-09-12,19.23,31.32,24.78,2.0,87.21,0.65,4.1,Nepal_Birganj
2018-09-13,7.48,31.76,24.72,1.91,86.53,0.66,4.76,Nepal_Birganj
2018-09-14,7.83,31.68,24.25,1.52,85.87,0.66,4.92,Nepal_Birganj
2018-09-15,1.09,31.9,23.99,1.47,84.35,0.65,5.45,Nepal_Birganj
2018-09-16,0.0,32.01,24.34,1.22,81.54,0.64,5.57,Nepal_Birganj
2018-09-17,0.0,32.5,23.13,1.63,80.62,0.63,5.55,Nepal_Birganj
2018-09-18,0.0,32.91,23.3,1.29,78.58,0.62,5.45,Nepal_Birganj
2018-09-19,0.06,33.62,23.73,1.03,74.39,0.61,5.47,Nepal_Birganj
2018-09-20,7.47,33.67,24.9,2.39,77.98,0.61,4.35,Nepal_Birganj
2018-09-21,6.17,29.83,24.86,2.58,88.02,0.62,1.77,Nepal_Birganj
2018-09-22,0.55,30.49,24.01,2.31,81.33,0.61,2.95,Nepal_Birganj
2018-09-23,0.01,33.01,23.44,1.07,75.51,0.61,5.02,Nepal_Birganj
2018-09-24,0.21,32.04,23.9,1.99,79.38,0.6,4.22,Nepal_Birganj
2018-09-25,0.12,32.2,23.32,2.24,81.49,0.59,4.01,Nepal_Birganj
2018-09-26,0.08,32.01,23.68,1.75,80.95,0.58,3.63,Nepal_Birganj
2018-09-27,0.0,33.16,23.46,0.87,72.73,0.58,3.9,Nepal_Birganj
2018-09-28,0.0,33.08,23.73,1.39,72.32,0.57,3.7,Nepal_Birganj
2018-09-29,0.0,32.98,23.86,1.54,76.05,0.56,3.37,Nepal_Birganj
2018-09-30,0.0,33.14,22.9,1.92,76.45,0.55,3.14,Nepal_Birganj
2018-10-01,0.0,33.59,22.27,1.47,74.76,0.55,3.15,Nepal_Birganj
2018-10-02,0.0,32.76,22.41,1.12,72.43,0.54,2.94,Nepal_Birganj
2018-10-03,0.65,33.06,23.41,1.02,70.7,0.54,2.73,Nepal_Birganj
2018-10-04,5.04,32.65,23.35,0.9,67.09,0.53,2.28,Nepal_Birganj
2018-10-05,0.32,32.57,22.48,1.12,64.51,0.53,2.61,Nepal_Birganj
2018-10-06,0.0,32.65,22.07,0.92,62.92,0.53,2.54,Nepal_Birganj
2018-10-07,0.0,32.55,22.07,1.03,60.33,0.52,2.38,Nepal_Birganj
2018-10-08,0.0,32.33,22.22,1.07,58.19,0.52,2.26,Nepal_Birganj
2018-10-09,0.0,33.13,21.79,0.71,52.37,0.51,2.29,Nepal_Birganj
2018-10-10,0.1,32.6,21.25,1.77,58.42,0.51,1.83,Nepal_Birganj
2018-10-11,1.33,32.04,21.22,2.1,66.67,0.5,1.76,Nepal_Birganj
2018-10-12,0.21,30.69,21.38,1.72,73.31,0.5,1.58,Nepal_Birganj
2018-10-13,0.01,30.65,20.29,1.65,71.58,0.49,1.48,Nepal_Birganj
2018-10-14,0.0,31.82,19.92,2.21,65.94,0.49,1.57,Nepal_Birganj
2018-10-15,0.0,31.66,18.61,1.38,63.22,0.48,1.34,Nepal_Birganj
2018-10-16,0.0,31.33,19.36,1.05,58.12,0.48,1.15,Nepal_Birganj
2018-10-17,0.0,31.12,19.74,0.91,53.9,0.48,1.08,Nepal_Birganj
2018-10-18,0.0,32.36,19.33,1.23,51.34,0.47,1.21,Nepal_Birganj
2018-10-19,0.01,32.4,19.79,1.01,49.34,0.47,1.17,Nepal_Birganj
2018-10-20,0.03,32.49,20.19,1.27,51.89,0.47,1.05,Nepal_Birganj
2018-10-21,0.0,32.51,19.15,1.11,50.35,0.46,1.03,Nepal_Birganj
2018-10-22,0.0,32.63,18.58,1.23,47.94,0.46,0.95,Nepal_Birganj
2018-10-23,0.0,32.73,19.44,1.35,42.01,0.46,0.95,Nepal_Birganj
2018-10-24,0.0,30.91,17.87,0.97,42.8,0.45,0.8,Nepal_Birganj
2018-10-25,0.0,31.34,18.04,1.1,40.58,0.45,0.79,Nepal_Birganj
2018-10-26,0.0,32.09,18.29,1.16,41.17,0.45,0.8,Nepal_Birganj
2018-10-27,0.0,32.66,19.47,1.15,37.87,0.44,0.78,Nepal_Birganj
2018-10-28,0.01,32.85,19.18,1.4,44.77,0.44,0.71,Nepal_Birganj
2018-10-29,0.0,31.91,19.79,0.75,53.9,0.44,0.56,Nepal_Birganj
2018-10-30,0.0,33.53,19.72,0.91,53.08,0.43,0.67,Nepal_Birganj
2018-10-31,0.0,33.46,20.27,0.67,51.79,0.43,0.67,Nepal_Birganj
2018-11-01,0.0,33.54,21.11,1.22,52.38,0.43,0.58,Nepal_Birganj
2018-11-02,0.0,32.5,19.9,1.26,48.81,0.43,0.51,Nepal_Birganj
2018-11-03,0.0,31.78,19.86,1.38,45.67,0.42,0.43,Nepal_Birganj
2018-11-04,0.0,31.29,19.37,1.56,47.35,0.42,0.37,Nepal_Birganj
2018-11-05,0.0,32.06,19.57,2.01,48.58,0.42,0.39,Nepal_Birganj
2018-11-06,0.0,29.76,16.67,1.75,50.3,0.42,0.34,Nepal_Birganj
2018-11-07,0.0,29.59,15.36,0.88,50.87,0.41,0.31,Nepal_Birganj
2018-11-08,0.0,29.18,15.52,1.17,41.8,0.41,0.28,Nepal_Birganj
2018-11-09,0.0,29.57,16.61,1.28,43.71,0.41,0.26,Nepal_Birganj
2018-11-10,0.0,29.79,16.8,1.16,47.31,0.41,0.26,Nepal_Birganj
2018-11-11,0.0,29.68,18.17,1.12,50.12,0.41,0.23,Nepal_Birganj
2018-11-12,0.0,29.52,17.94,1.08,52.03,0.41,0.23,Nepal_Birganj
2018-11-13,0.05,29.01,17.97,1.09,52.76,0.4,0.19,Nepal_Birganj
2018-11-14,0.04,28.92,18.02,1.06,52.74,0.4,0.17,Nepal_Birganj
2018-11-15,0.0,30.3,18.25,2.09,50.15,0.4,0.2,Nepal_Birganj
2018-11-16,0.0,29.85,16.19,2.66,50.56,0.4,0.2,Nepal_Birganj
2018-11-17,0.0,28.28,14.49,1.66,49.59,0.4,0.16,Nepal_Birganj
2018-11-18,0.0,27.15,13.91,1.27,46.76,0.4,0.13,Nepal_Birganj
2018-11-19,0.0,27.09,14.75,1.27,45.26,0.39,0.13,Nepal_Birganj
2018-11-20,0.0,27.17,16.6,1.35,47.63,0.39,0.11,Nepal_Birganj
2018-11-21,0.0,27.0,14.07,1.13,54.89,0.39,0.1,Nepal_Birganj
2018-11-22,0.0,27.47,15.26,0.88,54.99,0.39,0.09,Nepal_Birganj
2018-11-23,0.0,28.63,17.36,1.11,51.74,0.39,0.13,Nepal_Birganj
2018-11-24,0.0,28.17,15.01,1.02,49.69,0.39,0.12,Nepal_Birganj
2018-11-25,0.0,28.33,15.0,1.11,44.36,0.39,0.11,Nepal_Birganj
2018-11-26,0.0,28.72,15.83,1.29,44.98,0.39,0.12,Nepal_Birganj
2018-11-27,0.0,29.4,15.62,1.12,47.23,0.39,0.11,Nepal_Birganj
2018-11-28,0.0,27.65,15.84,0.9,56.35,0.39,0.08,Nepal_Birganj
2018-11-29,0.0,28.97,16.56,1.27,55.96,0.38,0.11,Nepal_Birganj
2018-11-30,0.0,28.11,16.67,1.11,56.67,0.38,0.09,Nepal_Birganj
2018-12-01,0.0,26.88,16.92,1.13,52.77,0.38,0.07,Nepal_Birganj
2018-12-02,0.0,26.49,16.28,1.02,50.5,0.38,0.07,Nepal_Birganj
2018-12-03,0.0,26.15,15.46,0.97,51.79,0.38,0.07,Nepal_Birganj
2018-12-04,0.0,26.38,15.8,1.12,51.48,0.38,0.06,Nepal_Birganj
2018-12-05,0.0,24.89,15.16,1.33,55.93,0.38,0.04,Nepal_Birganj
2018-12-06,0.0,26.19,14.06,1.4,51.41,0.38,0.06,Nepal_Birganj
2018-12-07,0.0,25.33,13.78,1.39,46.36,0.38,0.06,Nepal_Birganj
2018-12-08,0.0,25.45,12.31,1.22,49.26,0.38,0.06,Nepal_Birganj
2018-12-09,0.0,25.97,13.1,1.3,45.72,0.38,0.06,Nepal_Birganj
2018-12-10,0.0,26.58,13.77,1.27,39.22,0.38,0.06,Nepal_Birganj
2018-12-11,0.0,26.88,14.36,1.25,39.39,0.38,0.06,Nepal_Birganj
2018-12-12,0.0,27.44,14.34,1.05,40.68,0.37,0.06,Nepal_Birganj
2018-12-13,0.0,26.0,14.57,1.35,46.19,0.37,0.05,Nepal_Birganj
2018-12-14,0.0,26.24,14.63,1.65,48.08,0.37,0.05,Nepal_Birganj
2018-12-15,0.0,26.65,12.42,1.82,42.84,0.37,0.06,Nepal_Birganj
2018-12-16,0.0,27.43,11.74,1.39,38.18,0.37,0.06,Nepal_Birganj
2018-12-17,0.19,27.81,13.95,1.0,33.87,0.37,0.04,Nepal_Birganj
2018-12-18,0.04,20.93,12.82,1.33,46.21,0.37,0.02,Nepal_Birganj
2018-12-19,0.0,23.1,9.66,1.36,56.12,0.37,0.03,Nepal_Birganj
2018-12-20,0.0,23.68,10.99,1.05,44.56,0.37,0.03,Nepal_Birganj
2018-12-21,0.0,23.18,11.14,1.31,47.41,0.37,0.03,Nepal_Birganj
2018-12-22,0.0,23.41,10.88,0.94,46.02,0.37,0.02,Nepal_Birganj
2018-12-23,0.0,25.92,11.86,1.07,49.49,0.37,0.03,Nepal_Birganj
2018-12-24,0.0,25.27,10.8,1.51,52.76,0.37,0.03,Nepal_Birganj
2018-12-25,0.0,23.98,10.3,1.59,44.69,0.37,0.03,Nepal_Birganj
2018-12-26,0.0,22.64,8.45,1.09,39.53,0.37,0.02,Nepal_Birganj
2018-12-27,0.0,21.12,10.02,1.12,40.6,0.36,0.02,Nepal_Birganj
2018-12-28,0.0,21.68,7.91,1.72,40.78,0.36,0.02,Nepal_Birganj
2018-12-29,0.0,23.11,7.01,1.15,38.74,0.36,0.02,Nepal_Birganj
2018-12-30,0.0,24.21,10.2,1.02,33.25,0.36,0.02,Nepal_Birganj
2018-12-31,0.0,24.59,9.31,1.18,34.76,0.36,0.04,Nepal_Birganj
2019-01-01,0.0,24.04,11.19,0.99,35.95,0.36,0.02,Nepal_Birganj
2019-01-02,0.0,24.5,10.75,1.18,36.78,0.36,0.02,Nepal_Birganj
2019-01-03,0.0,23.47,10.49,1.56,39.78,0.36,0.02,Nepal_Birganj
2019-01-04,0.0,23.42,10.27,1.16,43.21,0.36,0.02,Nepal_Birganj
2019-01-05,0.0,23.74,11.38,1.27,36.68,0.36,0.01,Nepal_Birganj
2019-01-06,0.03,25.82,11.62,1.4,36.83,0.36,0.02,Nepal_Birganj
2019-01-07,0.18,24.14,11.92,1.59,41.42,0.36,0.01,Nepal_Birganj
2019-01-08,0.0,25.28,11.67,1.59,44.48,0.36,0.02,Nepal_Birganj
2019-01-09,0.0,24.45,11.65,1.39,45.44,0.36,0.02,Nepal_Birganj
2019-01-10,0.0,23.6,10.61,1.15,43.82,0.36,0.01,Nepal_Birganj
2019-01-11,0.0,23.39,12.09,1.45,41.72,0.36,0.01,Nepal_Birganj
2019-01-12,0.0,24.09,11.46,1.09,43.68,0.36,0.01,Nepal_Birganj
2019-01-13,0.0,26.35,12.21,1.22,41.23,0.36,0.01,Nepal_Birganj
2019-01-14,0.0,24.85,12.15,1.77,41.69,0.36,0.01,Nepal_Birganj
2019-01-15,0.0,24.21,8.67,1.38,36.57,0.36,0.01,Nepal_Birganj
2019-01-16,0.0,24.35,10.24,1.18,33.96,0.36,0.01,Nepal_Birganj
2019-01-17,0.0,26.23,10.92,1.18,32.62,0.36,0.01,Nepal_Birganj
2019-01-18,0.0,26.24,13.18,1.3,35.9,0.36,0.01,Nepal_Birganj
2019-01-19,0.0,25.3,12.98,1.2,39.22,0.35,0.01,Nepal_Birganj
2019-01-20,0.0,26.04,11.85,1.07,38.51,0.35,0.01,Nepal_Birganj
2019-01-21,0.0,26.69,12.57,1.3,39.42,0.35,0.01,Nepal_Birganj
2019-01-22,0.81,27.32,13.45,1.71,40.02,0.36,0.01,Nepal_Birganj
2019-01-23,2.29,27.7,15.42,2.15,46.44,0.36,0.01,Nepal_Birganj
2019-01-24,0.69,23.35,14.45,1.5,57.66,0.36,0.01,Nepal_Birganj
2019-01-25,1.78,24.0,14.73,2.15,58.33,0.36,0.01,Nepal_Birganj
2019-01-26,2.47,24.68,14.53,1.65,65.72,0.37,0.02,Nepal_Birganj
2019-01-27,0.33,25.27,13.74,1.94,56.25,0.37,0.02,Nepal_Birganj
2019-01-28,0.01,23.17,10.06,2.09,47.32,0.36,0.02,Nepal_Birganj
2019-01-29,0.34,23.32,8.08,2.27,47.74,0.36,0.01,Nepal_Birganj
2019-01-30,0.0,24.26,7.6,1.47,39.96,0.36,0.02,Nepal_Birganj
2019-01-31,0.0,24.45,10.77,0.92,31.3,0.36,0.01,Nepal_Birganj
2019-02-01,0.0,25.97,12.7,1.4,31.93,0.36,0.01,Nepal_Birganj
2019-02-02,0.0,28.02,13.16,1.86,34.32,0.36,0.02,Nepal_Birganj
2019-02-03,0.0,27.6,12.73,1.91,36.83,0.36,0.02,Nepal_Birganj
2019-02-04,0.0,27.45,11.27,1.97,37.71,0.36,0.01,Nepal_Birganj
2019-02-05,0.0,27.69,13.52,1.12,33.23,0.36,0.01,Nepal_Birganj
2019-02-06,0.01,28.02,13.33,1.47,36.04,0.36,0.01,Nepal_Birganj
2019-02-07,3.78,29.2,15.06,1.87,41.83,0.36,0.01,Nepal_Birganj
2019-02-08,10.96,28.49,15.9,2.05,69.15,0.37,0.02,Nepal_Birganj
2019-02-09,21.43,22.69,10.94,1.95,68.21,0.41,0.11,Nepal_Birganj
2019-02-10,0.0,24.24,9.31,1.61,47.27,0.42,0.17,Nepal_Birganj
2019-02-11,0.0,25.43,12.3,0.86,44.98,0.41,0.15,Nepal_Birganj
2019-02-12,0.0,27.3,13.47,1.21,42.14,0.41,0.17,Nepal_Birganj
2019-02-13,0.0,27.3,13.92,1.34,43.23,0.41,0.15,Nepal_Birganj
2019-02-14,0.05,27.33,15.86,1.28,43.48,0.41,0.11,Nepal_Birganj
2019-02-15,1.79,26.72,16.11,2.87,57.55,0.4,0.1,Nepal_Birganj
2019-02-16,0.67,25.35,15.35,1.51,58.64,0.41,0.1,Nepal_Birganj
2019-02-17,0.08,25.83,12.9,3.05,61.01,0.41,0.12,Nepal_Birganj
2019-02-18,0.0,26.39,11.39,1.6,47.8,0.4,0.13,Nepal_Birganj
2019-02-19,0.36,28.35,13.64,1.84,44.98,0.4,0.13,Nepal_Birganj
2019-02-20,0.21,29.56,15.12,2.21,40.4,0.4,0.15,Nepal_Birganj
2019-02-21,0.08,31.41,14.73,1.85,39.54,0.4,0.14,Nepal_Birganj
2019-02-22,0.0,33.93,18.46,1.96,42.88,0.39,0.16,Nepal_Birganj
2019-02-23,0.0,30.63,16.52,2.73,43.11,0.39,0.12,Nepal_Birganj
2019-02-24,0.0,29.58,14.4,1.59,43.27,0.39,0.08,Nepal_Birganj
2019-02-25,0.0,29.09,15.85,2.08,41.55,0.39,0.09,Nepal_Birganj
2019-02-26,0.1,29.56,14.22,1.44,34.39,0.39,0.11,Nepal_Birganj
2019-02-27,12.88,26.66,15.64,3.47,51.63,0.39,0.05,Nepal_Birganj
2019-02-28,4.08,24.47,12.53,1.96,61.04,0.41,0.14,Nepal_Birganj
2019-03-01,0.12,25.55,10.15,1.9,43.72,0.41,0.17,Nepal_Birganj
2019-03-02,0.0,25.42,11.49,1.23,38.87,0.41,0.11,Nepal_Birganj
2019-03-03,0.87,26.47,14.61,1.66,50.53,0.4,0.11,Nepal_Birganj
2019-03-04,0.08,29.24,15.3,1.73,54.71,0.4,0.17,Nepal_Birganj
2019-03-05,0.12,29.79,15.78,2.2,45.48,0.4,0.17,Nepal_Birganj
2019-03-06,0.0,28.46,14.3,2.16,39.16,0.4,0.15,Nepal_Birganj
2019-03-07,0.0,28.72,12.94,1.63,39.87,0.4,0.14,Nepal_Birganj
2019-03-08,0.09,28.38,13.69,1.97,40.49,0.39,0.12,Nepal_Birganj
2019-03-09,0.14,30.77,15.0,2.08,39.61,0.39,0.12,Nepal_Birganj
2019-03-10,0.04,31.68,16.46,1.98,39.26,0.39,0.13,Nepal_Birganj
2019-03-11,0.0,31.81,17.07,2.0,34.57,0.39,0.12,Nepal_Birganj
2019-03-12,0.0,34.69,17.17,3.2,30.77,0.38,0.12,Nepal_Birganj
2019-03-13,0.0,34.82,17.85,2.92,30.14,0.38,0.11,Nepal_Birganj
2019-03-14,0.0,35.49,18.78,2.47,31.69,0.38,0.09,Nepal_Birganj
2019-03-15,0.0,34.53,21.61,2.32,35.2,0.37,0.08,Nepal_Birganj
2019-03-16,0.0,33.39,18.63,2.84,33.69,0.37,0.08,Nepal_Birganj
2019-03-17,0.0,31.58,16.72,1.69,31.03,0.37,0.05,Nepal_Birganj
2019-03-18,0.49,31.89,18.73,1.52,34.64,0.37,0.05,Nepal_Birganj
2019-03-19,1.07,32.44,17.54,2.34,33.1,0.37,0.06,Nepal_Birganj
2019-03-20,0.45,33.27,16.84,1.87,33.6,0.37,0.06,Nepal_Birganj
2019-03-21,0.26,35.15,17.85,2.01,31.06,0.37,0.06,Nepal_Birganj
2019-03-22,0.04,35.56,20.12,2.61,28.77,0.37,0.06,Nepal_Birganj
2019-03-23,0.0,34.12,17.03,2.66,29.74,0.36,0.05,Nepal_Birganj
2019-03-24,0.0,34.93,16.91,1.76,26.16,0.36,0.05,Nepal_Birganj
2019-03-25,0.42,35.53,18.47,1.63,27.28,0.36,0.04,Nepal_Birganj
2019-03-26,6.29,28.31,20.8,1.68,45.54,0.37,0.02,Nepal_Birganj
2019-03-27,0.42,33.11,19.0,1.45,43.31,0.37,0.07,Nepal_Birganj
2019-03-28,0.4,34.36,19.85,1.25,35.2,0.37,0.06,Nepal_Birganj
2019-03-29,0.0,35.26,20.86,1.27,31.96,0.37,0.06,Nepal_Birganj
2019-03-30,2.15,34.76,21.82,1.36,37.07,0.36,0.04,Nepal_Birganj
2019-03-31,1.67,37.02,21.38,1.86,38.69,0.37,0.06,Nepal_Birganj
2019-04-01,2.08,36.29,21.58,2.31,36.19,0.37,0.08,Nepal_Birganj
2019-04-02,0.64,35.79,21.84,1.44,30.49,0.37,0.08,Nepal_Birganj
2019-04-03,0.0,35.99,19.16,1.66,27.94,0.36,0.07,Nepal_Birganj
2019-04-04,0.05,36.05,20.99,1.58,31.0,0.36,0.06,Nepal_Birganj
2019-04-05,1.32,35.62,21.94,1.85,33.9,0.36,0.05,Nepal_Birganj
2019-04-06,7.38,34.84,22.82,2.75,45.32,0.37,0.05,Nepal_Birganj
2019-04-07,5.21,32.52,21.63,1.99,55.94,0.38,0.08,Nepal_Birganj
2019-04-08,0.44,36.0,21.13,1.61,43.46,0.38,0.11,Nepal_Birganj
2019-04-09,14.8,33.44,22.52,1.28,43.02,0.39,0.13,Nepal_Birganj
2019-04-10,1.96,35.46,19.87,1.98,44.46,0.4,0.23,Nepal_Birganj
2019-04-11,0.0,36.24,21.62,1.29,40.65,0.39,0.22,Nepal_Birganj
2019-04-12,0.15,37.69,23.63,1.29,37.68,0.39,0.18,Nepal_Birganj
2019-04-13,0.41,38.8,23.6,1.52,38.2,0.39,0.16,Nepal_Birganj
2019-04-14,1.07,41.36,24.32,1.91,33.17,0.38,0.17,Nepal_Birganj
2019-04-15,0.15,41.1,25.97,1.71,26.85,0.38,0.15,Nepal_Birganj
2019-04-16,1.4,39.69,24.76,1.8,30.76,0.38,0.12,Nepal_Birganj
2019-04-17,2.39,36.92,23.52,3.41,40.46,0.38,0.12,Nepal_Birganj
2019-04-18,0.39,36.17,20.36,2.44,42.41,0.38,0.11,Nepal_Birganj
2019-04-19,3.51,36.38,21.44,2.63,38.66,0.38,0.11,Nepal_Birganj
2019-04-20,0.19,35.94,21.72,1.91,36.32,0.38,0.13,Nepal_Birganj
2019-04-21,0.4,37.67,23.13,1.63,31.02,0.37,0.12,Nepal_Birganj
2019-04-22,2.69,36.08,22.56,1.65,36.72,0.37,0.1,Nepal_Birganj
2019-04-23,6.41,35.02,23.09,2.07,47.86,0.38,0.1,Nepal_Birganj
2019-04-24,0.52,37.95,23.85,1.81,43.97,0.38,0.13,Nepal_Birganj
2019-04-25,1.25,38.83,26.04,1.07,41.16,0.37,0.13,Nepal_Birganj
2019-04-26,0.81,40.26,26.0,1.46,37.0,0.37,0.14,Nepal_Birganj
2019-04-27,0.24,41.32,26.71,1.47,27.06,0.37,0.15,Nepal_Birganj
2019-04-28,0.94,42.57,26.71,1.44,20.94,0.37,0.14,Nepal_Birganj
2019-04-29,0.93,42.05,24.54,1.67,20.78,0.37,0.14,Nepal_Birganj
2019-04-30,0.8,41.74,23.79,2.07,24.1,0.37,0.13,Nepal_Birganj
2019-05-01,0.34,42.34,25.94,2.65,31.46,0.36,0.12,Nepal_Birganj
2019-05-02,0.61,42.91,28.94,2.7,31.47,0.36,0.12,Nepal_Birganj
2019-05-03,12.28,38.21,25.93,3.29,49.91,0.37,0.1,Nepal_Birganj
2019-05-04,2.71,36.32,23.72,1.96,54.22,0.39,0.16,Nepal_Birganj
2019-05-05,0.0,39.72,23.95,3.02,29.89,0.38,0.18,Nepal_Birganj
2019-05-06,0.0,40.65,20.86,2.53,22.73,0.38,0.15,Nepal_Birganj
2019-05-07,0.0,40.86,22.85,2.18,21.78,0.37,0.13,Nepal_Birganj
2019-05-08,0.0,43.47,24.91,2.71,18.94,0.37,0.15,Nepal_Birganj
2019-05-09,0.0,42.9,25.21,2.29,18.48,0.37,0.1,Nepal_Birganj
2019-05-10,0.0,42.89,26.78,2.05,18.97,0.36,0.08,Nepal_Birganj
2019-05-11,0.0,43.45,26.79,2.83,23.1,0.36,0.08,Nepal_Birganj
2019-05-12,0.32,41.87,26.48,2.11,27.17,0.36,0.07,Nepal_Birganj
2019-05-13,0.07,40.97,26.68,2.02,22.57,0.36,0.06,Nepal_Birganj
2019-05-14,0.88,40.25,26.13,1.56,22.34,0.36,0.06,Nepal_Birganj
2019-05-15,7.36,39.09,27.0,1.76,33.96,0.36,0.05,Nepal_Birganj
2019-05-16,1.91,38.61,25.14,1.73,42.24,0.37,0.08,Nepal_Birganj
2019-05-17,1.96,41.17,26.08,3.28,31.59,0.37,0.11,Nepal_Birganj
2019-05-18,0.83,41.31,24.39,3.33,30.91,0.37,0.09,Nepal_Birganj
2019-05-19,0.07,39.34,25.85,1.55,32.59,0.36,0.08,Nepal_Birganj
2019-05-20,1.09,40.56,26.38,1.24,30.63,0.36,0.07,Nepal_Birganj
2019-05-21,3.18,41.37,28.2,1.42,30.93,0.36,0.08,Nepal_Birganj
2019-05-22,1.53,40.76,26.38,1.83,37.96,0.37,0.11,Nepal_Birganj
2019-05-23,1.2,40.47,26.96,1.81,38.48,0.37,0.1,Nepal_Birganj
2019-05-24,0.24,42.34,27.85,1.8,31.32,0.36,0.1,Nepal_Birganj
2019-05-25,1.39,43.13,30.09,2.06,25.14,0.36,0.09,Nepal_Birganj
2019-05-26,0.49,40.78,26.34,1.45,25.63,0.36,0.1,Nepal_Birganj
2019-05-27,1.48,42.02,26.08,1.55,26.89,0.36,0.08,Nepal_Birganj
2019-05-28,0.82,42.31,27.53,2.48,32.49,0.36,0.1,Nepal_Birganj
2019-05-29,3.45,40.7,25.69,2.02,35.19,0.36,0.11,Nepal_Birganj
2019-05-30,2.95,40.54,27.79,1.74,36.37,0.36,0.1,Nepal_Birganj
2019-05-31,0.15,41.47,27.44,1.92,32.81,0.37,0.11,Nepal_Birganj
2019-06-01,2.71,39.73,27.03,3.26,45.94,0.36,0.09,Nepal_Birganj
2019-06-02,3.15,38.2,28.62,4.42,50.69,0.37,0.1,Nepal_Birganj
2019-06-03,2.43,36.64,27.24,2.87,48.32,0.37,0.08,Nepal_Birganj
2019-06-04,0.52,39.41,27.16,2.66,43.34,0.37,0.14,Nepal_Birganj
2019-06-05,0.32,39.17,28.55,2.5,43.74,0.37,0.09,Nepal_Birganj
2019-06-06,2.41,39.75,28.3,3.35,49.33,0.37,0.11,Nepal_Birganj
2019-06-07,3.8,40.22,28.72,1.26,50.76,0.37,0.15,Nepal_Birganj
2019-06-08,2.78,40.09,28.38,1.78,47.88,0.37,0.16,Nepal_Birganj
2019-06-09,1.3,40.49,29.79,1.43,43.05,0.37,0.16,Nepal_Birganj
2019-06-10,12.47,38.86,29.86,2.42,53.04,0.38,0.15,Nepal_Birganj
2019-06-11,6.43,39.11,28.36,2.25,58.0,0.39,0.22,Nepal_Birganj
2019-06-12,1.56,42.41,28.77,2.47,49.37,0.39,0.27,Nepal_Birganj
2019-06-13,0.09,41.9,28.41,1.93,42.25,0.38,0.25,Nepal_Birganj
2019-06-14,1.9,42.9,29.54,2.35,34.44,0.38,0.24,Nepal_Birganj
2019-06-15,2.11,43.47,29.05,2.0,31.93,0.38,0.28,Nepal_Birganj
2019-06-16,0.96,43.88,28.06,1.89,30.52,0.38,0.26,Nepal_Birganj
2019-06-17,0.53,42.27,29.26,2.77,33.41,0.37,0.22,Nepal_Birganj
2019-06-18,0.13,42.19,29.63,2.01,33.46,0.37,0.2,Nepal_Birganj
2019-06-19,0.47,42.15,28.81,1.95,34.57,0.37,0.17,Nepal_Birganj
2019-06-20,0.12,41.07,29.57,1.92,34.39,0.37,0.15,Nepal_Birganj
2019-06-21,2.7,41.96,29.67,2.38,44.12,0.37,0.15,Nepal_Birganj
2019-06-22,12.09,32.04,29.02,2.57,70.31,0.38,0.06,Nepal_Birganj
2019-06-23,10.74,38.62,26.79,2.77,62.52,0.4,0.25,Nepal_Birganj
2019-06-24,0.11,40.08,29.31,1.78,51.27,0.4,0.35,Nepal_Birganj
2019-06-25,0.65,42.61,30.64,2.38,45.83,0.39,0.34,Nepal_Birganj
2019-06-26,5.63,41.27,31.56,2.89,49.1,0.39,0.3,Nepal_Birganj
2019-06-27,32.19,38.35,29.23,1.93,62.84,0.42,0.52,Nepal_Birganj
2019-06-28,3.96,40.39,28.24,1.58,56.55,0.45,1.0,Nepal_Birganj
2019-06-29,5.4,39.59,29.41,1.7,53.12,0.45,1.01,Nepal_Birganj
2019-06-30,2.19,38.59,29.06,1.63,56.84,0.44,0.81,Nepal_Birganj
2019-07-01,4.79,39.2,28.98,1.47,56.63,0.44,0.8,Nepal_Birganj
2019-07-02,0.88,36.54,29.55,3.68,61.19,0.44,0.51,Nepal_Birganj
2019-07-03,0.84,37.86,28.75,4.2,55.41,0.44,0.78,Nepal_Birganj
2019-07-04,1.74,38.67,28.45,3.75,58.8,0.43,0.79,Nepal_Birganj
2019-07-05,9.65,38.77,29.14,3.06,59.93,0.43,0.55,Nepal_Birganj
2019-07-06,24.16,35.83,27.75,2.5,72.68,0.47,0.71,Nepal_Birganj
2019-07-07,18.57,32.56,28.03,1.95,79.78,0.5,0.69,Nepal_Birganj
2019-07-08,20.53,32.89,27.27,2.95,81.36,0.52,0.96,Nepal_Birganj
2019-07-09,23.59,31.6,26.61,3.84,82.95,0.55,1.11,Nepal_Birganj
2019-07-10,33.77,30.79,26.58,3.81,87.46,0.59,1.34,Nepal_Birganj
2019-07-11,24.38,29.78,25.9,2.11,88.06,0.63,1.21,Nepal_Birganj
2019-07-12,54.96,30.34,25.73,2.09,91.07,0.68,1.36,Nepal_Birganj
2019-07-13,46.79,30.0,25.4,2.26,91.6,0.74,0.84,Nepal_Birganj
2019-07-14,24.55,32.7,26.14,3.22,87.21,0.78,2.91,Nepal_Birganj
2019-07-15,14.37,33.12,26.04,2.01,86.04,0.78,3.58,Nepal_Birganj
2019-07-16,7.9,33.0,26.86,1.35,79.92,0.78,4.46,Nepal_Birganj
2019-07-17,6.42,32.96,26.26,1.21,78.52,0.77,4.44,Nepal_Birganj
2019-07-18,8.99,33.1,26.57,1.03,81.56,0.77,3.97,Nepal_Birganj
2019-07-19,8.9,33.19,27.87,0.63,76.5,0.77,3.5,Nepal_Birganj
2019-07-20,5.49,32.72,26.92,1.04,82.91,0.77,3.02,Nepal_Birganj
2019-07-21,4.78,32.88,26.02,1.83,83.34,0.76,3.95,Nepal_Birganj
2019-07-22,13.96,33.17,27.46,1.43,82.75,0.77,3.3,Nepal_Birganj
2019-07-23,31.35,32.32,27.83,1.28,85.38,0.79,2.26,Nepal_Birganj
2019-07-24,75.35,29.18,26.71,1.7,93.67,0.85,0.52,Nepal_Birganj
2019-07-25,34.13,29.82,25.77,1.09,89.82,0.9,1.35,Nepal_Birganj
2019-07-26,17.25,30.74,25.25,2.35,91.05,0.9,1.82,Nepal_Birganj
2019-07-27,5.28,31.08,25.72,2.39,87.88,0.89,2.38,Nepal_Birganj
2019-07-28,1.41,31.46,24.86,2.99,85.56,0.88,3.15,Nepal_Birganj
2019-07-29,0.16,31.8,25.87,3.11,84.93,0.87,4.28,Nepal_Birganj
2019-07-30,0.95,31.31,25.25,3.42,86.25,0.86,3.8,Nepal_Birganj
2019-07-31,1.55,31.52,25.38,2.74,87.72,0.85,3.23,Nepal_Birganj
2019-08-01,0.48,30.56,25.51,2.97,86.25,0.84,3.32,Nepal_Birganj
2019-08-02,2.99,31.46,25.19,2.27,84.75,0.83,4.28,Nepal_Birganj
2019-08-03,10.14,32.16,26.16,1.64,85.82,0.83,3.44,Nepal_Birganj
2019-08-04,5.82,31.48,26.02,1.43,87.69,0.83,2.48,Nepal_Birganj
2019-08-05,23.24,32.4,27.02,1.38,84.49,0.84,2.99,Nepal_Birganj
2019-08-06,11.46,33.64,26.49,1.51,84.4,0.85,2.77,Nepal_Birganj
2019-08-07,11.34,31.61,27.23,1.81,86.74,0.85,2.24,Nepal_Birganj
2019-08-08,0.73,31.05,26.03,5.45,84.6,0.84,4.96,Nepal_Birganj
2019-08-09,3.33,30.82,25.64,3.19,86.78,0.83,3.53,Nepal_Birganj
2019-08-10,2.92,32.55,25.57,1.26,83.41,0.82,4.55,Nepal_Birganj
2019-08-11,11.93,31.9,26.95,0.69,84.83,0.83,2.61,Nepal_Birganj
2019-08-12,1.14,34.16,26.64,1.45,83.5,0.82,5.7,Nepal_Birganj
2019-08-13,15.56,31.42,26.61,2.09,87.2,0.82,2.74,Nepal_Birganj
2019-08-14,1.44,31.68,24.84,4.03,85.81,0.82,5.1,Nepal_Birganj
2019-08-15,4.5,31.55,25.4,2.72,87.01,0.81,4.64,Nepal_Birganj
2019-08-16,13.08,31.22,25.59,1.27,86.46,0.81,2.92,Nepal_Birganj
2019-08-17,9.21,31.05,26.44,0.97,85.63,0.82,2.82,Nepal_Birganj
2019-08-18,4.49,30.7,25.65,1.11,86.15,0.81,2.9,Nepal_Birganj
2019-08-19,2.8,32.05,25.27,2.0,85.74,0.81,5.1,Nepal_Birganj
2019-08-20,0.68,32.31,25.76,1.73,84.67,0.8,5.7,Nepal_Birganj
2019-08-21,2.61,31.38,25.87,1.83,87.37,0.79,3.14,Nepal_Birganj
2019-08-22,1.47,32.74,25.66,0.72,81.32,0.79,4.14,Nepal_Birganj
2019-08-23,10.11,31.97,26.66,0.85,82.1,0.78,1.87,Nepal_Birganj
2019-08-24,5.45,29.81,26.08,1.31,90.16,0.79,1.63,Nepal_Birganj
2019-08-25,3.15,29.76,25.68,1.81,88.96,0.79,2.7,Nepal_Birganj
2019-08-26,0.81,32.59,26.04,1.35,81.92,0.78,6.02,Nepal_Birganj
2019-08-27,0.55,32.57,25.74,1.68,84.06,0.77,5.25,Nepal_Birganj
2019-08-28,2.17,33.5,25.15,1.22,82.12,0.76,6.91,Nepal_Birganj
2019-08-29,5.22,31.46,26.57,1.48,86.88,0.76,3.64,Nepal_Birganj
2019-08-30,3.68,32.92,25.82,0.95,79.86,0.75,6.05,Nepal_Birganj
2019-08-31,8.09,32.22,26.47,1.14,81.77,0.75,2.45,Nepal_Birganj
2019-09-01,9.99,31.82,25.95,1.05,84.73,0.76,3.44,Nepal_Birganj
2019-09-02,5.02,33.79,25.65,0.97,81.53,0.76,6.59,Nepal_Birganj
2019-09-03,2.48,31.0,26.62,0.99,86.02,0.75,3.13,Nepal_Birganj
2019-09-04,8.75,31.15,25.53,1.85,87.03,0.75,4.65,Nepal_Birganj
2019-09-05,8.17,30.81,25.68,1.95,87.98,0.75,4.19,Nepal_Birganj
2019-09-06,9.64,31.79,25.42,2.07,85.29,0.75,5.37,Nepal_Birganj
2019-09-07,4.77,32.45,25.69,1.74,82.17,0.75,6.14,Nepal_Birganj
2019-09-08,1.92,31.82,25.75,2.45,86.13,0.74,5.48,Nepal_Birganj
2019-09-09,3.81,31.64,25.72,1.97,86.84,0.73,5.24,Nepal_Birganj
2019-09-10,5.77,31.93,25.64,1.59,86.68,0.73,4.83,Nepal_Birganj
2019-09-11,6.66,31.25,26.34,1.65,90.65,0.73,2.17,Nepal_Birganj
2019-09-12,6.14,30.36,25.89,2.63,90.35,0.73,2.68,Nepal_Birganj
2019-09-13,11.44,30.59,25.05,2.95,88.83,0.74,4.09,Nepal_Birganj
2019-09-14,4.71,30.94,25.06,1.75,87.23,0.74,4.49,Nepal_Birganj
2019-09-15,0.81,32.03,24.53,1.18,81.05,0.73,6.35,Nepal_Birganj
2019-09-16,10.04,31.85,25.82,1.02,82.45,0.72,4.77,Nepal_Birganj
2019-09-17,17.58,29.2,25.25,1.87,91.41,0.74,1.43,Nepal_Birganj
2019-09-18,17.07,27.45,24.09,1.92,91.12,0.76,1.33,Nepal_Birganj
2019-09-19,0.71,30.25,23.22,0.99,79.51,0.76,3.84,Nepal_Birganj
2019-09-20,1.52,31.05,24.28,0.58,74.47,0.75,5.67,Nepal_Birganj
2019-09-21,1.48,30.65,24.03,0.82,79.56,0.74,4.42,Nepal_Birganj
2019-09-22,2.28,29.33,24.96,0.68,82.52,0.74,1.75,Nepal_Birganj
2019-09-23,0.39,30.47,23.84,0.99,81.99,0.74,4.87,Nepal_Birganj
2019-09-24,4.4,27.43,23.83,1.69,92.26,0.73,1.24,Nepal_Birganj
2019-09-25,18.37,27.31,23.35,2.79,92.49,0.75,1.54,Nepal_Birganj
2019-09-26,26.68,27.32,22.7,2.1,90.95,0.77,2.29,Nepal_Birganj
2019-09-27,16.03,26.34,22.24,1.86,93.68,0.79,1.0,Nepal_Birganj
2019-09-28,20.87,25.51,22.16,3.89,92.55,0.82,0.86,Nepal_Birganj
2019-09-29,9.98,24.59,20.68,3.6,91.6,0.82,0.83,Nepal_Birganj
2019-09-30,3.74,27.13,20.87,3.22,86.58,0.82,2.91,Nepal_Birganj
2019-10-01,0.5,28.79,21.22,1.24,82.49,0.81,5.01,Nepal_Birganj
2019-10-02,0.72,27.35,21.95,0.91,86.95,0.8,2.08,Nepal_Birganj
2019-10-03,0.86,29.43,22.09,1.45,84.35,0.8,4.29,Nepal_Birganj
2019-10-04,0.23,30.01,22.93,0.88,83.51,0.79,5.36,Nepal_Birganj
2019-10-05,1.99,29.5,22.68,1.33,87.3,0.78,4.35,Nepal_Birganj
2019-10-06,0.4,29.18,21.94,1.14,84.87,0.78,4.87,Nepal_Birganj
2019-10-07,0.21,29.46,21.55,0.88,82.54,0.77,5.42,Nepal_Birganj
2019-10-08,1.21,29.72,21.34,0.92,82.24,0.76,5.22,Nepal_Birganj
2019-10-09,0.75,28.89,21.07,0.71,83.89,0.75,4.96,Nepal_Birganj
2019-10-10,0.57,28.4,21.41,1.24,84.66,0.74,4.53,Nepal_Birganj
2019-10-11,0.88,28.55,20.05,1.25,85.66,0.74,4.5,Nepal_Birganj
2019-10-12,0.2,28.91,20.17,1.34,85.34,0.73,4.58,Nepal_Birganj
2019-10-13,0.0,28.89,20.14,1.25,86.27,0.72,4.55,Nepal_Birganj
2019-10-14,0.0,28.84,20.29,0.82,80.63,0.71,4.8,Nepal_Birganj
2019-10-15,0.0,29.52,21.31,0.67,76.55,0.71,5.0,Nepal_Birganj
2019-10-16,0.08,28.07,20.98,1.23,80.92,0.7,4.18,Nepal_Birganj
2019-10-17,0.15,28.56,20.72,1.02,80.19,0.69,4.19,Nepal_Birganj
2019-10-18,0.0,28.86,20.99,0.71,79.24,0.69,3.82,Nepal_Birganj
2019-10-19,0.01,28.57,20.9,0.97,81.48,0.68,3.09,Nepal_Birganj
2019-10-20,0.03,27.48,20.33,1.44,85.09,0.67,2.57,Nepal_Birganj
2019-10-21,0.0,27.73,20.24,1.78,87.77,0.67,2.88,Nepal_Birganj
2019-10-22,0.0,27.41,17.39,1.48,83.56,0.66,3.37,Nepal_Birganj
2019-10-23,0.0,25.45,19.1,0.72,80.39,0.66,1.76,Nepal_Birganj
2019-10-24,0.0,27.21,17.48,1.1,79.51,0.65,3.23,Nepal_Birganj
2019-10-25,0.0,26.15,18.53,1.63,84.29,0.65,2.09,Nepal_Birganj
2019-10-26,0.0,26.77,16.83,1.5,85.41,0.64,2.8,Nepal_Birganj
2019-10-27,0.0,26.86,17.63,1.82,85.16,0.64,2.51,Nepal_Birganj
2019-10-28,0.0,25.04,18.73,0.91,88.38,0.63,1.23,Nepal_Birganj
2019-10-29,0.0,26.2,18.74,1.2,87.75,0.63,1.5,Nepal_Birganj
2019-10-30,0.0,27.12,19.42,1.03,85.5,0.63,1.51,Nepal_Birganj
2019-10-31,0.0,27.73,18.5,0.98,83.42,0.62,2.3,Nepal_Birganj
2019-11-01,0.0,27.88,18.98,0.96,83.23,0.62,2.17,Nepal_Birganj
2019-11-02,0.0,28.31,19.04,1.05,82.41,0.61,2.26,Nepal_Birganj
2019-11-03,0.01,28.58,19.0,1.23,80.92,0.61,2.51,Nepal_Birganj
2019-11-04,4.65,28.82,19.08,1.06,75.85,0.61,2.38,Nepal_Birganj
2019-11-05,9.63,27.87,17.99,1.37,75.75,0.62,2.31,Nepal_Birganj
2019-11-06,1.15,27.51,16.62,1.09,73.58,0.62,2.18,Nepal_Birganj
2019-11-07,0.0,28.64,18.43,0.94,70.3,0.61,2.32,Nepal_Birganj
2019-11-08,0.0,29.25,18.13,1.17,71.75,0.61,2.05,Nepal_Birganj
2019-11-09,0.0,30.21,19.6,1.09,76.06,0.6,2.6,Nepal_Birganj
2019-11-10,0.0,29.33,19.0,1.26,80.49,0.6,2.36,Nepal_Birganj
2019-11-11,0.0,27.66,17.7,1.47,76.21,0.59,2.18,Nepal_Birganj
2019-11-12,0.0,26.87,15.4,0.99,72.22,0.59,1.85,Nepal_Birganj
2019-11-13,0.0,27.5,14.21,0.83,71.82,0.58,1.81,Nepal_Birganj
2019-11-14,0.0,28.6,17.39,0.89,71.86,0.58,1.49,Nepal_Birganj
2019-11-15,0.0,27.79,16.91,1.52,74.48,0.57,1.81,Nepal_Birganj
2019-11-16,0.0,26.92,15.02,1.65,81.11,0.57,1.5,Nepal_Birganj
2019-11-17,0.0,26.82,14.61,1.65,80.94,0.57,1.44,Nepal_Birganj
2019-11-18,0.0,26.75,16.49,0.95,76.37,0.56,1.48,Nepal_Birganj
2019-11-19,0.0,25.58,14.59,1.34,71.44,0.56,1.43,Nepal_Birganj
2019-11-20,0.0,25.74,14.85,0.86,66.38,0.56,1.21,Nepal_Birganj
2019-11-21,0.0,25.55,15.05,1.01,72.5,0.55,1.17,Nepal_Birganj
2019-11-22,0.0,24.81,14.42,1.37,79.08,0.55,1.05,Nepal_Birganj
2019-11-23,0.0,25.77,15.37,1.54,76.42,0.55,1.14,Nepal_Birganj
2019-11-24,0.0,24.23,15.27,1.04,73.75,0.55,0.81,Nepal_Birganj
2019-11-25,0.0,23.8,16.33,0.78,72.84,0.54,0.55,Nepal_Birganj
2019-11-26,0.0,26.39,15.61,0.87,68.66,0.54,1.16,Nepal_Birganj
2019-11-27,0.0,26.5,15.56,0.8,66.08,0.54,1.1,Nepal_Birganj
2019-11-28,0.0,28.28,16.45,0.92,64.06,0.54,1.24,Nepal_Birganj
2019-11-29,0.0,28.28,15.75,1.39,61.0,0.53,1.21,Nepal_Birganj
2019-11-30,0.0,26.36,14.06,1.58,65.9,0.53,1.14,Nepal_Birganj
2019-12-01,0.0,24.73,12.07,1.57,72.57,0.53,0.98,Nepal_Birganj
2019-12-02,0.0,24.19,12.6,1.12,67.65,0.52,0.96,Nepal_Birganj
2019-12-03,0.0,23.57,11.96,1.22,63.43,0.52,0.87,Nepal_Birganj
2019-12-04,0.0,24.05,10.54,1.06,64.36,0.52,0.79,Nepal_Birganj
2019-12-05,0.0,26.35,11.42,0.9,54.23,0.52,0.88,Nepal_Birganj
2019-12-06,0.0,26.03,13.39,0.91,53.21,0.51,0.84,Nepal_Birganj
2019-12-07,0.0,24.56,14.48,1.0,60.47,0.51,0.62,Nepal_Birganj
2019-12-08,0.0,25.12,13.91,1.11,62.12,0.51,0.89,Nepal_Birganj
2019-12-09,0.0,23.95,13.2,1.12,65.99,0.51,0.8,Nepal_Birganj
2019-12-10,0.0,22.96,12.84,1.04,69.67,0.5,0.67,Nepal_Birganj
2019-12-11,0.02,23.48,12.85,0.93,68.8,0.5,0.62,Nepal_Birganj
2019-12-12,0.69,21.08,12.77,1.36,71.85,0.5,0.22,Nepal_Birganj
2019-12-13,16.5,21.65,14.64,1.84,78.21,0.51,0.24,Nepal_Birganj
2019-12-14,9.48,22.11,13.92,1.22,76.41,0.54,0.54,Nepal_Birganj
2019-12-15,0.0,22.81,12.4,1.12,72.05,0.54,0.7,Nepal_Birganj
2019-12-16,0.0,22.85,11.86,1.58,71.6,0.54,0.87,Nepal_Birganj
2019-12-17,0.0,20.93,9.99,1.8,77.23,0.53,0.71,Nepal_Birganj
2019-12-18,0.0,18.95,8.18,1.38,78.39,0.53,0.58,Nepal_Birganj
2019-12-19,0.0,18.93,6.5,1.43,75.15,0.53,0.59,Nepal_Birganj
2019-12-20,0.0,19.45,7.04,1.35,72.31,0.52,0.55,Nepal_Birganj
2019-12-21,0.0,21.08,8.32,1.22,68.89,0.52,0.63,Nepal_Birganj
2019-12-22,0.0,21.52,9.89,1.34,75.41,0.52,0.56,Nepal_Birganj
2019-12-23,0.0,21.47,9.03,1.34,69.07,0.52,0.65,Nepal_Birganj
2019-12-24,0.0,20.5,7.58,1.53,60.77,0.52,0.59,Nepal_Birganj
2019-12-25,0.0,20.34,7.06,1.34,64.47,0.51,0.56,Nepal_Birganj
2019-12-26,0.0,19.65,7.79,1.01,59.26,0.51,0.56,Nepal_Birganj
2019-12-27,0.0,19.27,6.39,1.57,60.85,0.51,0.49,Nepal_Birganj
2019-12-28,0.0,19.87,4.53,1.42,59.02,0.51,0.49,Nepal_Birganj
2019-12-29,0.0,19.58,4.86,1.52,56.91,0.5,0.48,Nepal_Birganj
2019-12-30,0.0,21.34,4.59,1.06,56.73,0.5,0.5,Nepal_Birganj
2019-12-31,0.0,23.21,7.51,1.06,50.64,0.5,0.56,Nepal_Birganj
2020-01-01,0.0,23.28,10.39,1.8,60.24,0.5,0.28,Nepal_Birganj
2020-01-02,0.61,23.39,13.23,1.42,67.44,0.5,0.33,Nepal_Birganj
2020-01-03,1.28,20.74,12.8,1.59,73.23,0.5,0.23,Nepal_Birganj
2020-01-04,2.04,19.84,11.61,1.11,72.29,0.5,0.23,Nepal_Birganj
2020-01-05,0.21,19.56,9.38,2.21,74.29,0.5,0.39,Nepal_Birganj
2020-01-06,0.46,19.15,6.79,0.87,69.56,0.5,0.37,Nepal_Birganj
2020-01-07,0.05,20.87,9.33,1.22,61.48,0.5,0.44,Nepal_Birganj
2020-01-08,1.26,21.99,11.73,0.92,67.42,0.49,0.35,Nepal_Birganj
2020-01-09,3.54,17.09,10.91,1.32,84.02,0.5,0.16,Nepal_Birganj
2020-01-10,0.17,19.12,8.29,2.04,78.8,0.5,0.34,Nepal_Birganj
2020-01-11,0.0,18.41,5.8,1.81,70.66,0.5,0.38,Nepal_Birganj
2020-01-12,0.0,19.68,4.82,1.54,64.43,0.49,0.42,Nepal_Birganj
2020-01-13,0.0,23.07,6.4,0.95,58.13,0.49,0.52,Nepal_Birganj
2020-01-14,0.0,23.23,10.82,1.05,54.0,0.49,0.53,Nepal_Birganj
2020-01-15,0.0,24.13,10.73,1.34,61.04,0.49,0.51,Nepal_Birganj
2020-01-16,0.6,24.06,13.04,1.02,64.92,0.49,0.39,Nepal_Birganj
2020-01-17,19.1,23.36,14.32,1.92,72.48,0.5,0.27,Nepal_Birganj
2020-01-18,0.31,23.7,13.7,1.4,72.96,0.52,0.68,Nepal_Birganj
2020-01-19,0.0,20.93,10.48,1.82,72.14,0.51,0.55,Nepal_Birganj
2020-01-20,0.0,20.31,7.94,1.86,76.03,0.51,0.53,Nepal_Birganj
2020-01-21,0.0,18.48,8.28,1.38,71.13,0.51,0.25,Nepal_Birganj
2020-01-22,0.0,21.66,8.25,1.58,61.54,0.5,0.58,Nepal_Birganj
2020-01-23,0.0,20.67,7.39,1.91,69.32,0.5,0.51,Nepal_Birganj
2020-01-24,0.0,20.54,6.46,1.11,66.48,0.5,0.49,Nepal_Birganj
2020-01-25,0.0,20.81,8.56,1.0,54.39,0.5,0.46,Nepal_Birganj
2020-01-26,0.0,20.22,9.73,1.32,61.6,0.5,0.39,Nepal_Birganj
2020-01-27,0.0,21.32,8.27,1.31,68.4,0.49,0.39,Nepal_Birganj
2020-01-28,0.01,23.79,10.38,1.04,53.86,0.49,0.52,Nepal_Birganj
2020-01-29,0.06,24.12,14.15,1.51,57.85,0.49,0.45,Nepal_Birganj
2020-01-30,0.09,21.51,12.5,1.32,69.51,0.49,0.3,Nepal_Birganj
2020-01-31,0.01,22.39,8.42,1.72,65.45,0.49,0.51,Nepal_Birganj
2020-02-01,0.0,21.87,9.18,1.21,57.42,0.48,0.48,Nepal_Birganj
2020-02-02,0.0,21.67,7.52,1.78,63.62,0.48,0.45,Nepal_Birganj
2020-02-03,0.0,21.38,7.97,1.29,62.27,0.48,0.43,Nepal_Birganj
2020-02-04,0.0,22.59,8.78,1.11,53.23,0.48,0.48,Nepal_Birganj
2020-02-05,0.0,22.52,9.07,2.11,54.48,0.47,0.44,Nepal_Birganj
2020-02-06,0.0,21.76,7.36,1.28,59.14,0.47,0.41,Nepal_Birganj
2020-02-07,0.0,23.4,8.52,1.09,47.23,0.47,0.46,Nepal_Birganj
2020-02-08,0.0,22.54,10.19,1.27,48.46,0.47,0.38,Nepal_Birganj
2020-02-09,0.0,23.38,9.37,1.31,52.95,0.46,0.39,Nepal_Birganj
2020-02-10,0.0,23.14,7.99,1.76,55.37,0.46,0.41,Nepal_Birganj
2020-02-11,0.0,23.14,7.91,1.59,56.45,0.46,0.38,Nepal_Birganj
2020-02-12,0.0,23.29,8.43,1.73,56.17,0.46,0.36,Nepal_Birganj
2020-02-13,0.0,24.45,8.73,1.17,58.09,0.46,0.35,Nepal_Birganj
2020-02-14,0.0,25.95,11.88,1.42,59.41,0.45,0.35,Nepal_Birganj
2020-02-15,0.0,25.09,11.18,1.08,67.17,0.45,0.36,Nepal_Birganj
2020-02-16,0.0,26.24,11.94,1.16,61.27,0.45,0.36,Nepal_Birganj
2020-02-17,0.0,26.44,13.76,1.57,56.82,0.45,0.37,Nepal_Birganj
2020-02-18,0.0,25.85,10.29,1.7,51.27,0.45,0.34,Nepal_Birganj
2020-02-19,0.0,26.75,12.46,1.06,36.67,0.44,0.35,Nepal_Birganj
2020-02-20,0.01,26.27,15.13,1.24,40.78,0.44,0.25,Nepal_Birganj
2020-02-21,0.2,27.54,13.59,1.99,43.45,0.44,0.29,Nepal_Birganj
2020-02-22,4.0,25.95,15.46,1.68,54.01,0.44,0.22,Nepal_Birganj
2020-02-23,0.84,26.54,17.38,1.1,57.55,0.44,0.34,Nepal_Birganj
2020-02-24,0.91,25.88,16.84,1.37,60.19,0.44,0.25,Nepal_Birganj
2020-02-25,10.2,25.13,15.11,1.99,68.78,0.45,0.24,Nepal_Birganj
2020-02-26,12.99,22.34,14.93,1.53,65.39,0.47,0.31,Nepal_Birganj
2020-02-27,0.0,26.65,12.53,1.25,57.44,0.47,0.67,Nepal_Birganj
2020-02-28,0.0,27.69,14.18,1.3,52.85,0.47,0.69,Nepal_Birganj
2020-02-29,0.0,26.43,15.2,1.06,52.92,0.46,0.42,Nepal_Birganj
2020-03-01,0.0,29.38,15.46,1.27,53.15,0.46,0.64,Nepal_Birganj
2020-03-02,0.06,29.05,16.81,1.63,54.62,0.46,0.59,Nepal_Birganj
2020-03-03,1.06,29.6,16.5,1.79,52.69,0.46,0.58,Nepal_Birganj
2020-03-04,0.03,29.81,16.94,1.22,45.56,0.45,0.59,Nepal_Birganj
2020-03-05,3.15,29.11,16.44,2.04,51.88,0.45,0.45,Nepal_Birganj
2020-03-06,2.8,25.85,16.59,1.93,65.82,0.46,0.29,Nepal_Birganj
2020-03-07,11.38,26.95,16.51,2.2,63.17,0.47,0.46,Nepal_Birganj
2020-03-08,0.0,28.89,15.7,2.33,55.28,0.47,0.77,Nepal_Birganj
2020-03-09,0.0,28.98,13.11,2.08,57.84,0.46,0.68,Nepal_Birganj
2020-03-10,0.0,29.56,15.0,1.44,47.33,0.46,0.67,Nepal_Birganj
2020-03-11,0.11,28.9,14.94,1.87,57.67,0.46,0.55,Nepal_Birganj
2020-03-12,0.07,33.04,17.13,1.36,54.23,0.45,0.72,Nepal_Birganj
2020-03-13,5.28,28.72,17.96,1.58,54.92,0.45,0.39,Nepal_Birganj
2020-03-14,0.92,26.12,16.97,1.52,70.47,0.46,0.29,Nepal_Birganj
2020-03-15,0.18,29.48,14.93,1.82,62.03,0.46,0.61,Nepal_Birganj
2020-03-16,0.0,29.66,15.68,2.24,49.24,0.45,0.57,Nepal_Birganj
2020-03-17,0.06,29.97,15.01,1.79,49.86,0.45,0.57,Nepal_Birganj
2020-03-18,0.13,31.36,15.75,2.29,49.01,0.44,0.56,Nepal_Birganj
2020-03-19,6.46,31.28,16.31,1.86,52.12,0.44,0.51,Nepal_Birganj
2020-03-20,0.44,31.27,17.62,1.74,48.34,0.45,0.58,Nepal_Birganj
2020-03-21,3.61,31.92,18.71,1.84,49.42,0.45,0.5,Nepal_Birganj
2020-03-22,8.07,29.65,17.33,1.21,57.21,0.45,0.48,Nepal_Birganj
2020-03-23,6.93,28.67,17.15,1.42,58.39,0.46,0.54,Nepal_Birganj
2020-03-24,0.0,32.16,19.06,1.23,46.82,0.46,0.76,Nepal_Birganj
2020-03-25,0.73,33.45,21.22,1.64,47.23,0.46,0.71,Nepal_Birganj
2020-03-26,0.02,33.97,18.43,2.13,48.09,0.45,0.69,Nepal_Birganj
2020-03-27,0.05,36.47,19.54,2.6,44.74,0.45,0.78,Nepal_Birganj
2020-03-28,0.38,35.64,19.71,3.78,45.06,0.44,0.72,Nepal_Birganj
2020-03-29,0.03,34.31,17.95,3.5,42.32,0.44,0.62,Nepal_Birganj
2020-03-30,0.0,34.99,17.43,3.65,36.47,0.43,0.58,Nepal_Birganj
2020-03-31,0.0,34.92,17.68,2.15,36.73,0.43,0.51,Nepal_Birganj
2020-04-01,1.31,36.7,20.13,2.25,36.92,0.43,0.5,Nepal_Birganj
2020-04-02,0.48,36.05,20.88,2.47,36.59,0.42,0.49,Nepal_Birganj
2020-04-03,0.0,34.7,19.76,2.41,33.57,0.42,0.43,Nepal_Birganj
2020-04-04,0.0,35.13,18.92,1.95,32.0,0.42,0.4,Nepal_Birganj
2020-04-05,0.0,35.15,18.99,2.01,32.8,0.41,0.36,Nepal_Birganj
2020-04-06,0.0,36.18,18.53,2.23,33.78,0.41,0.33,Nepal_Birganj
2020-04-07,0.0,36.87,19.0,2.36,33.98,0.4,0.31,Nepal_Birganj
2020-04-08,0.0,36.83,20.43,1.47,34.75,0.4,0.25,Nepal_Birganj
2020-04-09,0.02,37.08,21.85,2.41,35.31,0.4,0.25,Nepal_Birganj
2020-04-10,0.0,35.85,21.43,1.75,31.99,0.39,0.2,Nepal_Birganj
2020-04-11,0.09,36.41,21.65,1.55,32.96,0.39,0.2,Nepal_Birganj
2020-04-12,0.01,36.78,23.51,1.55,35.37,0.39,0.18,Nepal_Birganj
2020-04-13,0.04,37.82,22.87,1.99,37.78,0.39,0.17,Nepal_Birganj
2020-04-14,6.29,37.6,23.79,2.27,46.44,0.39,0.13,Nepal_Birganj
2020-04-15,2.69,36.55,24.06,2.16,51.63,0.39,0.14,Nepal_Birganj
2020-04-16,0.79,36.65,22.69,2.07,45.77,0.39,0.19,Nepal_Birganj
2020-04-17,0.88,37.82,23.03,2.39,43.79,0.39,0.19,Nepal_Birganj
2020-04-18,12.04,35.83,22.03,2.09,49.59,0.41,0.26,Nepal_Birganj
2020-04-19,4.98,38.16,22.31,2.15,41.27,0.41,0.37,Nepal_Birganj
2020-04-20,2.02,38.38,26.66,1.48,35.91,0.41,0.34,Nepal_Birganj
2020-04-21,9.88,32.43,24.28,1.7,46.05,0.42,0.22,Nepal_Birganj
2020-04-22,4.1,31.9,21.2,1.86,53.92,0.42,0.27,Nepal_Birganj
2020-04-23,2.09,34.1,20.35,1.68,46.17,0.42,0.31,Nepal_Birganj
2020-04-24,5.33,33.96,20.87,1.67,44.45,0.42,0.35,Nepal_Birganj
2020-04-25,7.48,32.68,20.72,1.93,54.13,0.42,0.37,Nepal_Birganj
2020-04-26,2.96,31.84,21.17,2.72,57.62,0.43,0.35,Nepal_Birganj
2020-04-27,2.2,32.65,21.84,2.26,55.13,0.43,0.35,Nepal_Birganj
2020-04-28,7.76,30.88,23.05,2.23,60.09,0.44,0.26,Nepal_Birganj
2020-04-29,1.18,33.01,20.92,1.54,55.37,0.44,0.5,Nepal_Birganj
2020-04-30,1.17,34.27,22.95,1.14,47.98,0.43,0.5,Nepal_Birganj
2020-05-01,22.99,30.3,23.37,1.82,66.72,0.45,0.31,Nepal_Birganj
2020-05-02,5.97,30.32,23.13,2.2,66.58,0.47,0.49,Nepal_Birganj
2020-05-03,0.2,34.65,21.44,1.49,55.34,0.47,1.05,Nepal_Birganj
2020-05-04,13.22,34.09,22.96,1.35,53.27,0.47,0.87,Nepal_Birganj
2020-05-05,5.32,34.37,23.63,1.17,53.01,0.48,0.98,Nepal_Birganj
2020-05-06,1.72,33.55,25.07,1.21,51.76,0.48,1.18,Nepal_Birganj
2020-05-07,7.56,34.76,23.15,1.97,50.54,0.48,1.02,Nepal_Birganj
2020-05-08,3.69,34.55,20.72,1.65,49.84,0.49,1.27,Nepal_Birganj
2020-05-09,0.09,36.61,22.08,1.45,46.28,0.48,1.25,Nepal_Birganj
2020-05-10,1.9,36.25,23.65,2.18,51.33,0.48,0.92,Nepal_Birganj
2020-05-11,1.74,35.48,24.34,1.06,50.03,0.47,1.04,Nepal_Birganj
2020-05-12,0.79,35.81,25.38,1.87,48.25,0.47,0.86,Nepal_Birganj
2020-05-13,0.28,36.99,25.02,2.2,47.42,0.46,0.91,Nepal_Birganj
2020-05-14,1.7,37.23,26.1,1.62,44.91,0.46,0.86,Nepal_Birganj
2020-05-15,5.02,37.39,25.33,1.58,50.39,0.46,0.76,Nepal_Birganj
2020-05-16,2.57,39.69,24.66,2.65,44.08,0.46,1.02,Nepal_Birganj
2020-05-17,0.76,39.28,24.44,1.18,35.09,0.46,0.97,Nepal_Birganj
2020-05-18,0.01,38.79,24.67,1.91,42.08,0.45,0.79,Nepal_Birganj
2020-05-19,8.65,38.13,25.3,1.7,50.57,0.46,0.86,Nepal_Birganj
2020-05-20,3.18,37.13,25.28,2.84,54.25,0.46,0.84,Nepal_Birganj
2020-05-21,0.44,36.13,25.05,1.72,51.66,0.46,0.62,Nepal_Birganj
2020-05-22,0.13,39.2,23.44,1.63,42.57,0.45,0.86,Nepal_Birganj
2020-05-23,2.7,38.11,24.79,2.04,48.02,0.45,0.85,Nepal_Birganj
2020-05-24,1.71,40.97,26.03,2.39,39.51,0.45,0.85,Nepal_Birganj
2020-05-25,6.72,42.01,26.48,2.29,37.14,0.45,0.97,Nepal_Birganj
2020-05-26,7.32,41.82,27.09,1.73,37.46,0.45,1.06,Nepal_Birganj
2020-05-27,9.92,37.62,27.19,3.05,47.46,0.46,0.87,Nepal_Birganj
2020-05-28,0.11,35.62,24.17,3.33,54.79,0.46,0.84,Nepal_Birganj
2020-05-29,1.03,35.78,25.05,2.21,52.99,0.45,0.84,Nepal_Birganj
2020-05-30,7.29,35.51,25.07,2.04,57.05,0.46,0.82,Nepal_Birganj
2020-05-31,3.29,36.78,26.42,1.39,51.24,0.46,0.97,Nepal_Birganj
2020-06-01,1.87,35.44,27.31,1.41,50.62,0.46,0.72,Nepal_Birganj
2020-06-02,0.36,36.12,25.28,2.35,46.15,0.45,0.84,Nepal_Birganj
2020-06-03,1.19,36.6,25.51,1.87,48.81,0.45,0.69,Nepal_Birganj
2020-06-04,23.54,34.88,24.83,2.12,60.24,0.47,0.45,Nepal_Birganj
2020-06-05,46.04,30.03,23.23,2.82,75.92,0.54,0.57,Nepal_Birganj
2020-06-06,9.67,32.45,24.51,2.17,75.45,0.57,2.11,Nepal_Birganj
2020-06-07,0.02,34.5,25.78,1.26,64.33,0.55,2.38,Nepal_Birganj
2020-06-08,0.11,36.89,26.51,1.3,52.71,0.54,2.6,Nepal_Birganj
2020-06-09,0.0,37.09,27.02,0.97,53.52,0.53,2.44,Nepal_Birganj
2020-06-10,0.0,37.35,26.24,1.16,56.33,0.52,2.27,Nepal_Birganj
2020-06-11,0.23,37.51,27.59,2.44,61.86,0.52,1.69,Nepal_Birganj
2020-06-12,0.16,36.61,27.42,3.88,66.72,0.51,1.75,Nepal_Birganj
2020-06-13,0.99,35.12,26.16,3.34,69.61,0.5,1.5,Nepal_Birganj
2020-06-14,9.23,33.19,26.31,2.94,75.94,0.5,0.88,Nepal_Birganj
2020-06-15,34.35,30.0,25.77,2.4,84.6,0.55,0.56,Nepal_Birganj
2020-06-16,18.9,31.76,26.27,3.3,82.85,0.59,1.64,Nepal_Birganj
2020-06-17,3.9,32.79,26.11,2.48,78.43,0.59,1.7,Nepal_Birganj
2020-06-18,42.09,31.1,26.2,2.88,83.01,0.61,1.64,Nepal_Birganj
2020-06-19,36.65,30.88,26.13,2.98,88.15,0.68,1.52,Nepal_Birganj
2020-06-20,25.35,31.37,26.26,2.99,84.85,0.7,2.0,Nepal_Birganj
2020-06-21,13.52,32.78,25.52,1.59,81.73,0.71,3.32,Nepal_Birganj
2020-06-22,11.22,31.61,25.95,3.26,83.94,0.71,3.31,Nepal_Birganj
2020-06-23,8.11,31.76,25.61,3.12,83.31,0.71,2.96,Nepal_Birganj
2020-06-24,4.05,31.99,25.66,1.93,81.81,0.71,3.27,Nepal_Birganj
2020-06-25,20.52,31.74,26.89,1.76,88.04,0.72,1.21,Nepal_Birganj
2020-06-26,12.42,32.15,25.66,2.48,87.6,0.73,2.61,Nepal_Birganj
2020-06-27,13.29,33.11,25.83,2.19,85.52,0.74,3.18,Nepal_Birganj
2020-06-28,21.1,31.29,25.99,1.96,89.48,0.75,1.81,Nepal_Birganj
2020-06-29,13.39,29.18,25.16,2.98,91.2,0.76,1.13,Nepal_Birganj
2020-06-30,9.81,31.29,24.85,2.01,82.43,0.77,3.05,Nepal_Birganj
2020-07-01,1.66,32.86,25.99,0.98,80.18,0.76,3.75,Nepal_Birganj
2020-07-02,13.01,33.0,26.74,1.4,80.91,0.76,3.82,Nepal_Birganj
2020-07-03,26.28,30.62,26.47,2.15,89.16,0.78,1.36,Nepal_Birganj
2020-07-04,45.11,30.2,26.38,2.15,90.73,0.82,0.96,Nepal_Birganj
2020-07-05,8.08,31.55,25.46,1.21,83.56,0.84,2.22,Nepal_Birganj
2020-07-06,21.92,31.66,26.28,2.85,88.34,0.84,1.61,Nepal_Birganj
2020-07-07,19.76,30.61,25.99,2.44,86.74,0.85,1.79,Nepal_Birganj
2020-07-08,16.5,31.9,26.45,1.5,88.86,0.86,1.88,Nepal_Birganj
2020-07-09,27.15,30.26,25.74,2.65,92.85,0.88,0.85,Nepal_Birganj
2020-07-10,93.55,28.75,26.72,2.67,94.82,0.93,0.35,Nepal_Birganj
2020-07-11,17.57,31.08,25.52,2.34,91.69,0.94,1.41,Nepal_Birganj
2020-07-12,32.06,31.01,26.7,1.96,90.57,0.94,1.19,Nepal_Birganj
2020-07-13,9.35,29.94,26.82,1.61,92.2,0.94,0.6,Nepal_Birganj
2020-07-14,18.08,31.77,25.78,2.01,87.81,0.94,1.81,Nepal_Birganj
2020-07-15,5.67,31.06,26.31,2.4,87.55,0.94,2.25,Nepal_Birganj
2020-07-16,0.22,30.28,25.88,1.82,89.12,0.93,1.63,Nepal_Birganj
2020-07-17,2.14,31.24,25.58,1.86,87.82,0.92,2.22,Nepal_Birganj
2020-07-18,20.04,30.39,24.57,1.82,85.03,0.92,1.62,Nepal_Birganj
2020-07-19,49.88,30.22,24.52,1.77,90.47,0.95,1.07,Nepal_Birganj
2020-07-20,39.56,29.44,25.7,1.96,92.49,0.97,0.68,Nepal_Birganj
2020-07-21,8.86,29.05,25.03,1.73,90.58,0.96,1.01,Nepal_Birganj
2020-07-22,12.93,30.0,25.43,1.89,90.79,0.96,1.3,Nepal_Birganj
2020-07-23,39.23,30.48,25.37,1.71,89.52,0.97,1.39,Nepal_Birganj
2020-07-24,26.17,29.58,24.81,2.45,89.95,0.97,1.39,Nepal_Birganj
2020-07-25,0.61,30.25,25.03,1.54,87.61,0.96,1.65,Nepal_Birganj
2020-07-26,1.4,30.17,24.91,0.71,86.29,0.96,1.97,Nepal_Birganj
2020-07-27,5.25,31.19,25.54,1.71,90.32,0.95,2.11,Nepal_Birganj
2020-07-28,20.4,30.73,25.85,0.64,84.79,0.95,1.0,Nepal_Birganj
2020-07-29,12.35,31.41,26.0,0.79,82.15,0.95,2.49,Nepal_Birganj
2020-07-30,17.8,31.46,25.36,0.57,83.42,0.96,3.05,Nepal_Birganj
2020-07-31,10.63,30.61,25.69,1.09,89.19,0.95,1.82,Nepal_Birganj
2020-08-01,1.76,31.54,25.08,0.84,84.92,0.95,3.48,Nepal_Birganj
2020-08-02,0.17,31.85,24.22,1.25,82.61,0.94,3.68,Nepal_Birganj
2020-08-03,3.7,32.81,26.87,0.7,83.57,0.93,3.13,Nepal_Birganj
2020-08-04,11.56,33.71,26.4,1.39,85.33,0.93,3.16,Nepal_Birganj
2020-08-05,11.89,32.17,26.18,2.52,88.24,0.93,1.79,Nepal_Birganj
2020-08-06,6.02,30.51,26.07,3.42,89.52,0.93,2.09,Nepal_Birganj
2020-08-07,2.51,31.96,26.28,1.7,87.78,0.92,3.42,Nepal_Birganj
2020-08-08,3.58,30.28,26.06,1.26,88.42,0.91,1.71,Nepal_Birganj
2020-08-09,4.17,31.45,26.51,1.54,89.14,0.91,1.99,Nepal_Birganj
2020-08-10,4.11,30.72,25.77,2.07,89.4,0.91,2.61,Nepal_Birganj
2020-08-11,19.84,30.88,25.73,1.25,88.92,0.91,2.09,Nepal_Birganj
2020-08-12,12.16,30.53,26.11,0.98,90.99,0.92,1.41,Nepal_Birganj
2020-08-13,2.61,30.73,25.83,2.0,89.65,0.92,2.44,Nepal_Birganj
2020-08-14,0.61,32.68,26.17,1.03,84.12,0.91,3.49,Nepal_Birganj
2020-08-15,0.38,29.04,25.94,1.32,89.85,0.9,1.74,Nepal_Birganj
2020-08-16,0.28,31.56,25.53,1.34,84.75,0.9,4.44,Nepal_Birganj
2020-08-17,0.38,30.45,25.34,1.49,86.98,0.89,2.99,Nepal_Birganj
2020-08-18,0.65,31.93,25.56,1.75,87.48,0.88,4.55,Nepal_Birganj
2020-08-19,3.16,31.67,26.26,1.62,88.65,0.88,3.44,Nepal_Birganj
2020-08-20,3.2,30.83,24.48,3.38,86.37,0.87,4.16,Nepal_Birganj
2020-08-21,23.03,29.68,24.33,4.18,88.76,0.88,3.31,Nepal_Birganj
2020-08-22,9.3,29.34,23.99,2.75,89.27,0.88,2.85,Nepal_Birganj
2020-08-23,3.03,31.13,24.19,1.32,87.03,0.87,4.23,Nepal_Birganj
2020-08-24,1.11,29.93,24.96,1.32,89.1,0.87,2.66,Nepal_Birganj
2020-08-25,1.69,31.01,23.93,1.38,87.39,0.86,3.78,Nepal_Birganj
2020-08-26,2.34,32.25,25.25,1.28,83.66,0.85,4.58,Nepal_Birganj
2020-08-27,7.83,30.8,25.49,2.65,88.61,0.85,4.51,Nepal_Birganj
2020-08-28,3.33,30.13,24.59,3.33,89.13,0.84,4.46,Nepal_Birganj
2020-08-29,0.39,31.35,24.7,1.8,85.29,0.83,5.46,Nepal_Birganj
2020-08-30,0.12,32.11,24.52,1.22,83.33,0.82,6.57,Nepal_Birganj
2020-08-31,4.41,31.09,24.88,2.43,87.95,0.8,5.27,Nepal_Birganj
2020-09-01,22.54,29.91,25.22,1.66,90.72,0.83,1.91,Nepal_Birganj
2020-09-02,7.61,31.03,24.7,2.0,88.84,0.83,3.98,Nepal_Birganj
2020-09-03,0.42,31.3,24.83,1.75,85.95,0.82,5.06,Nepal_Birganj
2020-09-04,2.04,31.86,24.68,1.1,84.87,0.81,5.78,Nepal_Birganj
2020-09-05,9.95,31.6,25.04,1.31,86.93,0.8,5.07,Nepal_Birganj
2020-09-06,13.35,31.37,25.47,1.32,86.86,0.81,4.31,Nepal_Birganj
2020-09-07,6.06,30.75,25.96,1.22,86.66,0.81,3.72,Nepal_Birganj
2020-09-08,10.2,31.17,25.42,1.34,87.23,0.81,3.43,Nepal_Birganj
2020-09-09,10.49,31.36,25.38,0.59,81.2,0.82,4.78,Nepal_Birganj
2020-09-10,1.52,31.89,26.11,1.03,80.99,0.82,4.96,Nepal_Birganj
2020-09-11,0.22,28.84,26.01,1.06,92.6,0.81,1.05,Nepal_Birganj
2020-09-12,0.22,31.23,25.47,0.56,84.92,0.8,3.96,Nepal_Birganj
2020-09-13,1.12,30.27,24.69,1.21,85.77,0.8,4.44,Nepal_Birganj
2020-09-14,3.77,30.02,24.04,1.5,88.67,0.79,3.37,Nepal_Birganj
2020-09-15,14.01,30.06,24.07,1.06,87.64,0.8,3.23,Nepal_Birganj
2020-09-16,5.81,30.63,24.93,0.92,85.65,0.8,4.5,Nepal_Birganj
2020-09-17,4.62,30.11,25.1,0.75,86.92,0.8,2.68,Nepal_Birganj
2020-09-18,2.73,30.21,24.81,1.19,89.47,0.8,3.05,Nepal_Birganj
2020-09-19,1.05,31.55,24.14,1.05,80.8,0.79,5.62,Nepal_Birganj
2020-09-20,0.89,33.52,24.92,0.55,77.62,0.78,7.57,Nepal_Birganj
2020-09-21,12.57,32.11,25.32,1.32,84.78,0.78,3.59,Nepal_Birganj
2020-09-22,39.94,29.65,24.83,2.31,89.83,0.8,1.91,Nepal_Birganj
2020-09-23,34.54,27.31,23.93,3.75,94.19,0.85,0.7,Nepal_Birganj
2020-09-24,87.81,27.05,24.18,3.31,95.07,0.91,0.41,Nepal_Birganj
2020-09-25,25.82,29.61,24.43,1.02,90.15,0.94,1.96,Nepal_Birganj
2020-09-26,2.85,30.97,24.04,1.54,86.32,0.93,3.78,Nepal_Birganj
2020-09-27,0.04,30.5,22.52,1.23,81.81,0.91,4.82,Nepal_Birganj
2020-09-28,0.08,29.8,22.03,1.16,83.49,0.9,4.33,Nepal_Birganj
2020-09-29,0.0,30.36,22.91,1.01,84.24,0.9,4.55,Nepal_Birganj
2020-09-30,0.0,30.85,23.49,0.81,83.12,0.89,4.97,Nepal_Birganj
2020-10-01,0.0,30.84,23.22,0.95,81.49,0.88,5.13,Nepal_Birganj
2020-10-02,0.02,30.16,23.0,1.02,81.96,0.88,4.41,Nepal_Birganj
2020-10-03,9.69,30.64,22.84,0.93,77.98,0.87,4.32,Nepal_Birganj
2020-10-04,6.73,30.88,23.72,0.86,80.81,0.88,3.91,Nepal_Birganj
2020-10-05,4.44,31.36,24.0,0.76,81.53,0.87,4.38,Nepal_Birganj
2020-10-06,0.42,31.21,23.78,0.82,82.22,0.87,4.88,Nepal_Birganj
2020-10-07,0.0,31.1,23.0,0.82,75.59,0.86,5.93,Nepal_Birganj
2020-10-08,0.0,30.63,22.07,0.88,76.12,0.85,5.65,Nepal_Birganj
2020-10-09,0.0,31.27,23.21,1.0,78.74,0.84,5.67,Nepal_Birganj
2020-10-10,0.0,30.11,22.78,1.24,81.24,0.83,4.58,Nepal_Birganj
2020-10-11,0.01,29.72,22.44,1.25,77.92,0.83,4.74,Nepal_Birganj
2020-10-12,0.0,30.95,23.06,0.81,74.52,0.82,5.06,Nepal_Birganj
2020-10-13,0.01,31.43,23.16,0.69,77.77,0.81,5.56,Nepal_Birganj
2020-10-14,0.09,31.39,23.68,0.87,79.15,0.8,4.98,Nepal_Birganj
2020-10-15,0.05,31.57,23.47,1.07,81.12,0.79,5.0,Nepal_Birganj
2020-10-16,0.0,31.17,24.08,0.9,82.17,0.78,4.8,Nepal_Birganj
2020-10-17,0.0,30.33,23.31,1.2,80.13,0.77,4.78,Nepal_Birganj
2020-10-18,0.01,30.41,22.3,0.83,72.46,0.77,4.84,Nepal_Birganj
2020-10-19,0.18,30.03,22.18,1.03,79.35,0.76,4.5,Nepal_Birganj
2020-10-20,0.01,30.34,21.98,0.82,71.75,0.75,4.37,Nepal_Birganj
2020-10-21,0.0,30.32,21.21,1.04,75.32,0.74,4.64,Nepal_Birganj
2020-10-22,0.0,30.24,22.1,1.2,79.68,0.73,4.78,Nepal_Birganj
2020-10-23,0.0,30.05,22.06,1.02,80.97,0.73,4.79,Nepal_Birganj
2020-10-24,0.0,29.85,20.79,1.2,67.49,0.72,4.76,Nepal_Birganj
2020-10-25,0.0,29.39,19.56,0.79,66.63,0.71,5.07,Nepal_Birganj
2020-10-26,0.0,29.43,18.92,0.88,65.99,0.7,4.65,Nepal_Birganj
2020-10-27,0.0,28.69,17.69,0.98,60.95,0.7,4.15,Nepal_Birganj
2020-10-28,0.0,28.16,17.5,1.13,62.55,0.69,4.21,Nepal_Birganj
2020-10-29,0.0,29.96,19.49,0.87,67.04,0.68,4.74,Nepal_Birganj
2020-10-30,0.0,31.07,20.19,0.97,69.49,0.67,5.01,Nepal_Birganj
2020-10-31,0.0,28.59,22.05,1.3,70.59,0.67,3.12,Nepal_Birganj
2020-11-01,0.0,30.82,21.31,0.75,67.66,0.66,4.34,Nepal_Birganj
2020-11-02,0.0,28.44,18.6,0.85,72.09,0.65,3.5,Nepal_Birganj
2020-11-03,0.01,27.95,18.07,1.11,73.85,0.65,3.02,Nepal_Birganj
2020-11-04,0.0,26.14,14.98,1.45,67.24,0.64,2.63,Nepal_Birganj
2020-11-05,0.0,25.19,16.6,0.77,61.32,0.64,2.02,Nepal_Birganj
2020-11-06,0.0,24.34,15.37,1.08,69.42,0.64,1.77,Nepal_Birganj
2020-11-07,0.0,25.63,16.16,0.93,72.78,0.63,2.19,Nepal_Birganj
2020-11-08,0.0,27.76,17.49,0.95,65.95,0.63,2.75,Nepal_Birganj
2020-11-09,0.0,28.07,17.34,0.96,64.32,0.62,3.02,Nepal_Birganj
2020-11-10,0.0,28.09,17.11,1.34,72.36,0.62,2.72,Nepal_Birganj
2020-11-11,0.0,28.65,17.84,0.87,66.31,0.61,2.85,Nepal_Birganj
2020-11-12,0.0,28.85,17.16,1.3,64.17,0.6,2.62,Nepal_Birganj
2020-11-13,0.0,29.33,17.87,1.21,60.75,0.6,2.53,Nepal_Birganj
2020-11-14,0.0,29.1,17.01,0.98,57.16,0.6,2.36,Nepal_Birganj
2020-11-15,0.0,28.74,17.87,0.8,55.6,0.59,2.25,Nepal_Birganj
2020-11-16,0.02,28.38,17.61,1.31,61.65,0.59,2.07,Nepal_Birganj
2020-11-17,0.07,27.44,16.86,1.59,73.54,0.58,2.01,Nepal_Birganj
2020-11-18,0.0,27.0,15.01,1.62,67.78,0.58,1.9,Nepal_Birganj
2020-11-19,0.0,26.7,14.89,1.04,66.98,0.57,1.58,Nepal_Birganj
2020-11-20,0.0,26.78,16.77,0.92,70.69,0.57,1.47,Nepal_Birganj
2020-11-21,0.0,25.3,13.76,1.22,69.41,0.57,1.31,Nepal_Birganj
2020-11-22,0.0,23.9,12.46,1.11,55.15,0.56,1.25,Nepal_Birganj
2020-11-23,0.0,24.55,10.73,1.02,50.92,0.56,1.14,Nepal_Birganj
2020-11-24,0.0,25.51,12.41,1.0,53.88,0.55,1.13,Nepal_Birganj
2020-11-25,0.0,26.05,14.34,0.89,55.0,0.55,1.13,Nepal_Birganj
2020-11-26,0.0,26.43,15.22,0.91,58.3,0.55,1.15,Nepal_Birganj
2020-11-27,0.0,26.75,15.82,0.86,61.35,0.55,0.96,Nepal_Birganj
2020-11-28,0.0,27.02,14.16,1.27,58.71,0.54,1.22,Nepal_Birganj
2020-11-29,0.0,26.04,13.64,1.19,58.8,0.54,1.12,Nepal_Birganj
2020-11-30,0.0,26.72,13.23,1.05,54.64,0.54,1.04,Nepal_Birganj
2020-12-01,0.0,26.63,12.79,1.26,56.95,0.53,0.97,Nepal_Birganj
2020-12-02,0.0,26.51,14.16,1.11,56.26,0.53,0.89,Nepal_Birganj
2020-12-03,0.0,24.5,13.3,1.37,63.82,0.53,0.65,Nepal_Birganj
2020-12-04,0.0,24.6,13.15,1.38,68.37,0.53,0.58,Nepal_Birganj
2020-12-05,0.0,23.98,13.43,1.33,69.0,0.52,0.58,Nepal_Birganj
2020-12-06,0.0,23.89,13.41,1.1,69.59,0.52,0.57,Nepal_Birganj
2020-12-07,0.02,23.61,12.8,1.38,72.79,0.52,0.48,Nepal_Birganj
2020-12-08,0.01,23.3,13.97,1.15,73.42,0.52,0.43,Nepal_Birganj
2020-12-09,0.0,24.31,14.07,1.21,73.44,0.52,0.47,Nepal_Birganj
2020-12-10,0.0,24.81,13.4,1.03,68.09,0.52,0.6,Nepal_Birganj
2020-12-11,0.0,24.55,12.03,1.16,66.5,0.51,0.61,Nepal_Birganj
2020-12-12,0.0,24.78,13.64,1.28,68.53,0.51,0.61,Nepal_Birganj
2020-12-13,0.0,25.79,13.82,1.74,65.99,0.51,0.66,Nepal_Birganj
2020-12-14,0.0,25.97,11.3,1.32,61.13,0.51,0.69,Nepal_Birganj
2020-12-15,0.08,25.54,12.42,1.47,54.17,0.5,0.66,Nepal_Birganj
2020-12-16,0.03,23.65,13.0,1.99,68.88,0.5,0.49,Nepal_Birganj
2020-12-17,0.0,23.61,9.83,2.01,60.06,0.5,0.58,Nepal_Birganj
2020-12-18,0.0,20.36,8.08,1.0,48.17,0.5,0.41,Nepal_Birganj
2020-12-19,0.0,20.42,8.6,0.84,44.13,0.49,0.37,Nepal_Birganj
2020-12-20,0.0,22.2,9.14,0.96,44.8,0.49,0.38,Nepal_Birganj
2020-12-21,0.0,23.64,10.41,1.08,48.64,0.49,0.43,Nepal_Birganj
2020-12-22,0.0,23.01,11.28,0.93,53.23,0.49,0.35,Nepal_Birganj
2020-12-23,0.0,23.94,12.2,0.83,51.62,0.49,0.38,Nepal_Birganj
2020-12-24,0.0,24.39,12.26,0.98,49.73,0.49,0.4,Nepal_Birganj
2020-12-25,5.36,24.05,12.31,1.08,51.04,0.49,0.44,Nepal_Birganj
2020-12-26,2.05,22.12,9.8,0.91,50.83,0.49,0.38,Nepal_Birganj
2020-12-27,0.0,22.34,11.54,0.86,47.38,0.49,0.36,Nepal_Birganj
2020-12-28,0.0,23.66,10.55,1.05,47.77,0.49,0.36,Nepal_Birganj
2020-12-29,0.0,23.87,12.94,0.93,48.87,0.49,0.36,Nepal_Birganj
2020-12-30,0.0,23.5,11.76,1.01,55.64,0.49,0.38,Nepal_Birganj
2020-12-31,0.0,24.37,10.33,1.4,52.62,0.48,0.4,Nepal_Birganj
2021-01-01,0.0,24.33,11.2,0.8,43.71,0.48,0.39,Nepal_Birganj
2021-01-02,0.0,25.32,11.75,1.07,43.91,0.48,0.41,Nepal_Birganj
2021-01-03,0.0,23.73,12.64,1.34,54.04,0.48,0.3,Nepal_Birganj
2021-01-04,0.0,25.64,14.46,0.98,54.35,0.48,0.39,Nepal_Birganj
2021-01-05,0.0,29.05,15.76,1.34,56.28,0.47,0.41,Nepal_Birganj
2021-01-06,0.0,29.62,15.69,1.41,52.94,0.47,0.51,Nepal_Birganj
2021-01-07,0.0,29.2,15.52,1.47,54.98,0.47,0.5,Nepal_Birganj
2021-01-08,0.0,27.09,14.44,0.98,56.62,0.47,0.42,Nepal_Birganj
2021-01-09,0.0,27.93,14.92,1.2,52.33,0.47,0.43,Nepal_Birganj
2021-01-10,0.0,25.92,14.85,0.85,62.66,0.46,0.36,Nepal_Birganj
2021-01-11,0.0,24.99,12.62,1.34,61.68,0.46,0.35,Nepal_Birganj
2021-01-12,0.0,22.63,10.51,1.27,54.46,0.46,0.28,Nepal_Birganj
2021-01-13,0.0,21.32,9.3,1.0,46.07,0.46,0.24,Nepal_Birganj
2021-01-14,0.0,21.72,8.4,1.16,47.17,0.46,0.24,Nepal_Birganj
2021-01-15,0.0,22.75,9.76,1.14,48.51,0.46,0.22,Nepal_Birganj
2021-01-16,0.0,23.3,11.01,1.15,44.41,0.45,0.23,Nepal_Birganj
2021-01-17,0.0,22.56,8.67,1.03,42.23,0.45,0.21,Nepal_Birganj
2021-01-18,0.0,25.02,12.29,0.96,45.14,0.45,0.25,Nepal_Birganj
2021-01-19,0.0,24.2,13.8,1.13,51.59,0.45,0.22,Nepal_Birganj
2021-01-20,0.0,23.35,11.09,1.41,53.94,0.45,0.2,Nepal_Birganj
2021-01-21,0.0,22.12,8.79,1.22,48.93,0.45,0.2,Nepal_Birganj
2021-01-22,0.0,22.76,8.93,1.56,44.43,0.44,0.2,Nepal_Birganj
2021-01-23,0.0,23.72,10.29,1.09,46.21,0.44,0.21,Nepal_Birganj
2021-01-24,0.0,24.14,10.58,1.29,46.01,0.44,0.21,Nepal_Birganj
2021-01-25,0.0,24.34,12.31,1.29,44.42,0.44,0.23,Nepal_Birganj
2021-01-26,0.0,23.88,9.51,1.79,48.94,0.44,0.21,Nepal_Birganj
2021-01-27,0.0,23.47,8.06,1.5,44.09,0.43,0.2,Nepal_Birganj
2021-01-28,0.0,23.33,7.9,1.08,43.04,0.43,0.19,Nepal_Birganj
2021-01-29,0.0,23.81,9.78,1.41,40.82,0.43,0.19,Nepal_Birganj
2021-01-30,0.0,22.56,7.94,1.57,42.49,0.43,0.16,Nepal_Birganj
2021-01-31,0.0,22.95,9.31,1.26,38.58,0.43,0.17,Nepal_Birganj
2021-02-01,0.0,22.48,9.73,1.38,36.89,0.43,0.14,Nepal_Birganj
2021-02-02,0.0,23.48,10.62,1.12,36.91,0.42,0.15,Nepal_Birganj
2021-02-03,0.0,25.78,12.23,1.31,36.01,0.42,0.18,Nepal_Birganj
2021-02-04,0.0,26.87,13.24,1.12,35.92,0.42,0.19,Nepal_Birganj
2021-02-05,0.08,27.59,14.18,1.44,39.2,0.42,0.2,Nepal_Birganj
2021-02-06,0.21,25.41,13.36,1.79,48.34,0.42,0.16,Nepal_Birganj
2021-02-07,0.01,25.45,10.89,1.75,45.98,0.42,0.16,Nepal_Birganj
2021-02-08,0.0,26.79,9.96,1.85,43.37,0.41,0.17,Nepal_Birganj
2021-02-09,0.0,26.57,11.88,1.05,40.07,0.41,0.15,Nepal_Birganj
2021-02-10,0.0,25.09,13.45,1.06,40.82,0.41,0.09,Nepal_Birganj
2021-02-11,0.0,26.54,14.5,1.39,41.47,0.41,0.12,Nepal_Birganj
2021-02-12,0.0,27.01,13.47,1.29,42.6,0.41,0.12,Nepal_Birganj
2021-02-13,0.0,27.12,14.68,1.39,41.22,0.41,0.12,Nepal_Birganj
2021-02-14,0.0,26.5,14.82,1.27,39.42,0.4,0.12,Nepal_Birganj
2021-02-15,0.2,27.48,14.51,1.48,38.54,0.4,0.12,Nepal_Birganj
2021-02-16,0.2,27.39,13.25,1.55,37.25,0.4,0.12,Nepal_Birganj
2021-02-17,0.1,28.23,14.33,1.0,38.99,0.4,0.13,Nepal_Birganj
2021-02-18,0.49,27.69,14.78,1.39,43.71,0.4,0.11,Nepal_Birganj
2021-02-19,0.41,29.09,15.12,1.34,42.35,0.4,0.14,Nepal_Birganj
2021-02-20,0.0,29.51,15.21,1.63,36.99,0.4,0.14,Nepal_Birganj
2021-02-21,0.0,29.95,13.27,2.03,36.04,0.39,0.12,Nepal_Birganj
2021-02-22,0.0,29.67,13.81,1.62,35.78,0.39,0.11,Nepal_Birganj
2021-02-23,0.0,29.46,16.81,1.17,35.6,0.39,0.1,Nepal_Birganj
2021-02-24,0.0,30.92,16.49,1.81,34.42,0.39,0.11,Nepal_Birganj
2021-02-25,0.0,31.38,15.26,2.02,31.65,0.39,0.11,Nepal_Birganj
2021-02-26,0.0,32.61,16.42,1.68,29.01,0.38,0.11,Nepal_Birganj
2021-02-27,0.02,31.88,17.35,1.77,30.9,0.38,0.1,Nepal_Birganj
2021-02-28,0.0,34.0,17.67,2.47,34.14,0.38,0.1,Nepal_Birganj
2021-03-01,0.03,34.91,17.61,3.15,25.71,0.38,0.11,Nepal_Birganj
2021-03-02,0.01,29.44,15.22,1.62,22.49,0.38,0.08,Nepal_Birganj
2021-03-03,0.0,30.64,14.71,1.35,23.41,0.37,0.07,Nepal_Birganj
2021-03-04,0.0,31.26,15.12,1.79,25.43,0.37,0.06,Nepal_Birganj
2021-03-05,0.0,33.77,15.55,2.9,24.0,0.37,0.07,Nepal_Birganj
2021-03-06,0.81,32.06,15.09,2.1,26.16,0.37,0.06,Nepal_Birganj
2021-03-07,0.06,32.88,18.3,1.23,22.01,0.37,0.06,Nepal_Birganj
2021-03-08,0.0,32.08,16.1,1.63,25.68,0.37,0.05,Nepal_Birganj
2021-03-09,0.0,33.25,17.21,1.86,27.45,0.37,0.05,Nepal_Birganj
2021-03-10,1.02,33.95,18.16,1.82,28.05,0.37,0.05,Nepal_Birganj
2021-03-11,0.62,34.44,19.99,1.75,30.29,0.37,0.05,Nepal_Birganj
2021-03-12,0.03,35.96,19.01,1.73,25.03,0.36,0.06,Nepal_Birganj
2021-03-13,0.46,33.01,19.73,2.07,30.17,0.36,0.04,Nepal_Birganj
2021-03-14,0.37,32.39,18.91,2.14,38.87,0.36,0.03,Nepal_Birganj
2021-03-15,0.0,33.37,17.15,1.93,29.55,0.36,0.04,Nepal_Birganj
2021-03-16,0.09,34.25,17.91,2.01,25.92,0.36,0.03,Nepal_Birganj
2021-03-17,0.03,34.04,18.53,1.75,24.57,0.36,0.03,Nepal_Birganj
2021-03-18,0.07,35.02,18.82,1.58,24.82,0.36,0.02,Nepal_Birganj
2021-03-19,0.1,37.97,19.86,2.87,24.61,0.36,0.03,Nepal_Birganj
2021-03-20,0.04,36.21,21.78,3.23,27.36,0.35,0.02,Nepal_Birganj
2021-03-21,0.0,35.94,19.12,2.55,23.18,0.35,0.02,Nepal_Birganj
2021-03-22,0.0,37.1,19.86,2.39,19.5,0.35,0.02,Nepal_Birganj
2021-03-23,0.0,38.67,21.31,2.89,19.1,0.35,0.02,Nepal_Birganj
2021-03-24,0.0,37.34,23.43,4.62,20.34,0.35,0.02,Nepal_Birganj
2021-03-25,0.0,35.54,20.83,4.14,16.84,0.35,0.01,Nepal_Birganj
2021-03-26,0.0,35.74,18.98,2.97,16.93,0.35,0.01,Nepal_Birganj
2021-03-27,0.0,36.3,19.41,1.72,17.96,0.35,0.01,Nepal_Birganj
2021-03-28,0.0,37.55,21.37,1.51,19.08,0.35,0.01,Nepal_Birganj
2021-03-29,0.04,36.81,24.3,1.53,21.67,0.35,0.01,Nepal_Birganj
2021-03-30,0.25,38.76,21.91,2.37,24.08,0.35,0.01,Nepal_Birganj
2021-03-31,0.91,38.43,21.56,2.44,18.02,0.35,0.01,Nepal_Birganj
2021-04-01,1.71,36.66,18.16,2.44,12.39,0.35,0.01,Nepal_Birganj
2021-04-02,0.18,36.71,18.71,1.57,11.92,0.35,0.01,Nepal_Birganj
2021-04-03,0.0,37.08,19.07,2.32,9.74,0.35,0.01,Nepal_Birganj
2021-04-04,0.0,37.04,18.94,2.21,8.87,0.35,0.01,Nepal_Birganj
2021-04-05,0.0,36.77,20.22,1.6,10.21,0.35,0.01,Nepal_Birganj
2021-04-06,0.0,38.25,20.38,1.75,13.01,0.35,0.01,Nepal_Birganj
2021-04-07,0.0,39.17,22.05,1.79,16.32,0.35,0.01,Nepal_Birganj
2021-04-08,0.0,40.0,23.95,1.89,15.61,0.35,0.01,Nepal_Birganj
2021-04-09,0.0,40.07,23.55,2.0,13.71,0.35,0.0,Nepal_Birganj
2021-04-10,0.12,39.97,22.59,3.22,11.47,0.35,0.0,Nepal_Birganj
2021-04-11,0.0,40.34,22.53,3.09,8.71,0.35,0.0,Nepal_Birganj
2021-04-12,0.0,40.02,21.61,2.59,10.48,0.34,0.0,Nepal_Birganj
2021-04-13,0.0,40.44,22.96,2.42,15.51,0.34,0.0,Nepal_Birganj
2021-04-14,0.04,40.31,26.32,1.48,15.0,0.34,0.0,Nepal_Birganj
2021-04-15,0.03,41.06,24.27,2.22,15.89,0.34,0.0,Nepal_Birganj
2021-04-16,4.99,40.02,25.53,1.69,20.96,0.35,0.0,Nepal_Birganj
2021-04-17,4.03,37.85,23.25,1.53,30.68,0.36,0.02,Nepal_Birganj
2021-04-18,2.24,37.68,23.3,2.28,30.84,0.36,0.01,Nepal_Birganj
2021-04-19,0.75,38.24,22.3,2.99,25.43,0.36,0.01,Nepal_Birganj
2021-04-20,0.04,40.56,21.46,2.29,19.12,0.35,0.01,Nepal_Birganj
2021-04-21,10.95,34.77,23.68,1.86,37.04,0.36,0.01,Nepal_Birganj
2021-04-22,10.35,34.59,21.03,1.55,49.85,0.39,0.11,Nepal_Birganj
2021-04-23,1.71,37.09,21.68,1.9,36.76,0.39,0.13,Nepal_Birganj
2021-04-24,0.0,39.48,23.14,1.56,27.42,0.38,0.15,Nepal_Birganj
2021-04-25,0.0,40.4,22.99,2.34,23.17,0.38,0.09,Nepal_Birganj
2021-04-26,0.0,38.89,22.85,1.38,20.06,0.37,0.06,Nepal_Birganj
2021-04-27,0.0,39.53,22.76,1.47,21.48,0.37,0.04,Nepal_Birganj
2021-04-28,0.0,39.99,23.63,1.57,22.56,0.36,0.03,Nepal_Birganj
2021-04-29,0.69,38.78,24.19,2.59,32.34,0.36,0.02,Nepal_Birganj
2021-04-30,0.35,38.7,24.77,1.55,33.68,0.36,0.01,Nepal_Birganj
2021-05-01,1.1,38.11,24.77,1.13,35.66,0.36,0.01,Nepal_Birganj
2021-05-02,6.58,36.3,25.6,1.66,41.57,0.36,0.01,Nepal_Birganj
2021-05-03,1.59,36.72,24.84,1.51,38.85,0.37,0.03,Nepal_Birganj
2021-05-04,1.31,35.42,25.32,1.63,40.74,0.37,0.02,Nepal_Birganj
2021-05-05,12.58,32.05,23.25,1.77,55.1,0.38,0.04,Nepal_Birganj
2021-05-06,1.96,35.69,22.86,2.61,49.54,0.38,0.09,Nepal_Birganj
2021-05-07,13.48,35.92,22.63,1.89,52.28,0.4,0.17,Nepal_Birganj
2021-05-08,4.94,36.17,22.87,1.48,47.0,0.41,0.28,Nepal_Birganj
2021-05-09,2.85,35.15,23.18,1.41,45.16,0.41,0.24,Nepal_Birganj
2021-05-10,3.84,35.83,22.56,1.51,44.98,0.41,0.24,Nepal_Birganj
2021-05-11,3.12,36.57,25.49,1.51,38.31,0.41,0.23,Nepal_Birganj
2021-05-12,19.27,32.59,22.59,1.24,51.43,0.43,0.35,Nepal_Birganj
2021-05-13,9.22,33.66,21.28,1.44,51.69,0.45,0.53,Nepal_Birganj
2021-05-14,0.37,35.67,23.21,1.79,45.43,0.44,0.58,Nepal_Birganj
2021-05-15,0.0,38.57,24.41,2.12,38.41,0.43,0.58,Nepal_Birganj
2021-05-16,0.06,39.4,24.23,2.24,36.58,0.43,0.52,Nepal_Birganj
2021-05-17,0.09,40.22,26.03,1.94,33.74,0.42,0.46,Nepal_Birganj
2021-05-18,0.12,39.06,25.07,2.88,32.17,0.42,0.4,Nepal_Birganj
2021-05-19,13.57,35.39,23.95,2.65,53.47,0.42,0.21,Nepal_Birganj
2021-05-20,30.69,31.79,23.75,1.8,72.53,0.47,0.32,Nepal_Birganj
2021-05-21,2.38,34.33,23.61,1.75,68.65,0.49,0.91,Nepal_Birganj
2021-05-22,0.07,36.4,23.9,1.87,55.57,0.48,1.07,Nepal_Birganj
2021-05-23,0.02,37.81,23.95,2.22,46.86,0.47,1.03,Nepal_Birganj
2021-05-24,0.04,39.32,24.47,1.77,43.7,0.46,0.97,Nepal_Birganj
2021-05-25,1.03,37.79,25.61,2.55,47.37,0.46,0.76,Nepal_Birganj
2021-05-26,12.33,34.23,25.95,1.07,66.21,0.46,0.51,Nepal_Birganj
2021-05-27,62.95,28.44,24.91,2.49,84.25,0.53,0.35,Nepal_Birganj
2021-05-28,65.3,30.79,25.11,6.4,82.83,0.61,1.4,Nepal_Birganj
2021-05-29,20.93,32.46,24.42,2.97,78.33,0.68,3.24,Nepal_Birganj
2021-05-30,8.53,32.47,25.04,1.82,77.63,0.67,3.41,Nepal_Birganj
2021-05-31,6.29,33.25,25.64,1.65,76.56,0.66,3.77,Nepal_Birganj
2021-06-01,6.13,34.29,26.48,1.54,67.86,0.66,4.08,Nepal_Birganj
2021-06-02,0.83,32.91,24.24,1.61,69.5,0.65,4.3,Nepal_Birganj
2021-06-03,0.0,34.49,24.24,1.67,66.41,0.64,4.42,Nepal_Birganj
2021-06-04,0.53,34.97,26.4,1.31,66.45,0.62,3.87,Nepal_Birganj
2021-06-05,1.1,36.18,26.76,2.08,66.65,0.61,3.83,Nepal_Birganj
2021-06-06,0.99,35.76,25.2,2.81,70.61,0.6,3.62,Nepal_Birganj
2021-06-07,2.33,35.98,26.12,2.19,68.71,0.59,3.55,Nepal_Birganj
2021-06-08,5.72,36.26,26.2,1.42,65.88,0.59,3.19,Nepal_Birganj
2021-06-09,8.67,34.54,26.36,1.61,71.25,0.6,3.12,Nepal_Birganj
2021-06-10,8.57,31.71,25.94,2.36,77.97,0.6,1.42,Nepal_Birganj
2021-06-11,9.47,33.26,25.64,2.28,78.03,0.6,2.66,Nepal_Birganj
2021-06-12,11.72,32.65,25.3,1.95,77.4,0.61,2.51,Nepal_Birganj
2021-06-13,9.09,30.13,25.84,2.51,84.46,0.62,1.14,Nepal_Birganj
2021-06-14,47.18,31.56,25.84,1.7,84.05,0.65,1.26,Nepal_Birganj
2021-06-15,38.24,30.61,25.63,3.11,87.74,0.72,1.44,Nepal_Birganj
2021-06-16,17.63,31.45,25.75,0.95,87.51,0.74,1.59,Nepal_Birganj
2021-06-17,3.92,30.66,25.8,2.89,86.06,0.74,2.61,Nepal_Birganj
2021-06-18,2.45,30.92,25.09,4.71,83.17,0.72,3.65,Nepal_Birganj
2021-06-19,5.87,30.93,24.56,3.43,85.49,0.72,2.8,Nepal_Birganj
2021-06-20,9.36,29.03,24.37,3.32,88.2,0.72,1.61,Nepal_Birganj
2021-06-21,8.31,29.64,25.01,2.37,89.75,0.73,1.41,Nepal_Birganj
2021-06-22,7.16,31.8,25.1,2.14,86.62,0.73,2.43,Nepal_Birganj
2021-06-23,18.46,30.07,26.49,1.61,90.08,0.74,0.73,Nepal_Birganj
2021-06-24,9.79,32.05,25.82,1.68,83.22,0.75,3.3,Nepal_Birganj
2021-06-25,16.13,30.15,26.18,1.12,87.62,0.76,1.35,Nepal_Birganj
2021-06-26,33.7,28.71,25.37,1.8,91.53,0.79,0.83,Nepal_Birganj
2021-06-27,5.17,31.43,25.24,1.44,86.11,0.8,2.21,Nepal_Birganj
2021-06-28,3.7,32.01,25.77,1.32,83.71,0.79,3.15,Nepal_Birganj
2021-06-29,8.16,29.62,26.18,2.15,92.57,0.79,0.9,Nepal_Birganj
2021-06-30,28.9,32.22,26.1,1.0,85.7,0.82,1.27,Nepal_Birganj
2021-07-01,39.17,31.87,25.31,2.38,86.97,0.83,1.95,Nepal_Birganj
2021-07-02,31.8,32.0,26.12,1.39,87.83,0.87,1.76,Nepal_Birganj
2021-07-03,38.59,31.98,25.01,1.28,86.68,0.9,2.1,Nepal_Birganj
2021-07-04,10.93,31.61,25.38,1.11,82.79,0.9,2.39,Nepal_Birganj
2021-07-05,6.8,32.03,25.7,1.09,82.88,0.89,2.63,Nepal_Birganj
2021-07-06,10.68,32.14,26.45,1.57,83.7,0.88,2.29,Nepal_Birganj
2021-07-07,8.5,30.23,26.62,1.38,89.37,0.88,0.79,Nepal_Birganj
2021-07-08,15.15,29.8,26.39,1.76,91.28,0.89,0.72,Nepal_Birganj
2021-07-09,7.51,31.47,26.11,2.08,88.56,0.89,1.91,Nepal_Birganj
2021-07-10,10.96,30.51,25.94,1.88,90.86,0.89,1.01,Nepal_Birganj
2021-07-11,1.08,30.56,25.71,2.51,87.85,0.89,2.16,Nepal_Birganj
2021-07-12,4.58,31.39,25.34,1.88,86.23,0.88,2.29,Nepal_Birganj
2021-07-13,9.95,32.19,25.96,1.63,84.16,0.88,2.95,Nepal_Birganj
2021-07-14,9.33,30.21,25.99,2.11,89.12,0.88,1.85,Nepal_Birganj
2021-07-15,1.93,31.67,25.72,1.83,86.29,0.87,2.92,Nepal_Birganj
2021-07-16,5.76,31.58,25.73,1.56,83.27,0.86,3.06,Nepal_Birganj
2021-07-17,16.93,30.35,25.39,0.86,88.1,0.87,1.35,Nepal_Birganj
2021-07-18,10.98,32.13,25.9,0.68,83.09,0.88,2.4,Nepal_Birganj
2021-07-19,36.3,31.63,26.31,1.46,89.33,0.88,1.95,Nepal_Birganj
2021-07-20,17.4,31.67,26.08,1.47,88.3,0.9,2.26,Nepal_Birganj
2021-07-21,20.98,30.53,26.12,1.74,89.73,0.91,1.56,Nepal_Birganj
2021-07-22,12.6,31.93,25.6,2.17,85.26,0.91,2.74,Nepal_Birganj
2021-07-23,5.32,32.94,26.65,2.35,86.13,0.9,2.77,Nepal_Birganj
2021-07-24,3.97,32.16,26.56,3.16,86.26,0.9,3.38,Nepal_Birganj
2021-07-25,6.5,32.35,26.39,1.95,85.74,0.89,3.23,Nepal_Birganj
2021-07-26,17.85,32.01,26.61,1.16,85.02,0.89,2.0,Nepal_Birganj
2021-07-27,13.89,30.47,26.78,1.07,90.58,0.9,1.34,Nepal_Birganj
2021-07-28,17.52,31.78,25.86,1.71,89.95,0.9,1.65,Nepal_Birganj
2021-07-29,16.33,30.15,26.09,1.22,89.49,0.91,1.4,Nepal_Birganj
2021-07-30,9.06,32.3,26.32,2.08,84.62,0.91,3.02,Nepal_Birganj
2021-07-31,6.21,30.41,25.64,4.48,87.49,0.9,2.45,Nepal_Birganj
2021-08-01,5.27,31.26,25.42,3.34,89.02,0.9,3.2,Nepal_Birganj
2021-08-02,6.31,31.17,25.85,2.14,87.86,0.89,2.97,Nepal_Birganj
2021-08-03,34.53,32.07,25.92,0.88,84.0,0.9,3.39,Nepal_Birganj
2021-08-04,17.26,30.29,25.56,1.65,90.52,0.92,1.23,Nepal_Birganj
2021-08-05,4.08,31.89,26.12,0.82,83.9,0.91,2.91,Nepal_Birganj
2021-08-06,7.18,32.62,26.22,1.14,81.48,0.91,3.17,Nepal_Birganj
2021-08-07,12.33,31.15,26.85,1.3,85.76,0.91,1.42,Nepal_Birganj
2021-08-08,20.13,30.6,25.71,1.95,90.04,0.91,2.15,Nepal_Birganj
2021-08-09,12.58,31.65,25.42,1.34,87.78,0.92,3.31,Nepal_Birganj
2021-08-10,13.33,31.38,26.36,0.99,87.5,0.92,2.24,Nepal_Birganj
2021-08-11,14.08,30.68,26.37,0.62,89.59,0.92,1.74,Nepal_Birganj
2021-08-12,11.67,30.47,26.37,1.75,91.21,0.92,1.89,Nepal_Birganj
2021-08-13,37.13,31.26,25.49,2.1,90.49,0.93,2.6,Nepal_Birganj
2021-08-14,39.52,31.23,26.1,2.12,91.14,0.95,2.18,Nepal_Birganj
2021-08-15,27.12,31.25,25.92,0.48,86.21,0.96,1.9,Nepal_Birganj
2021-08-16,8.89,31.82,26.51,0.88,85.33,0.95,2.71,Nepal_Birganj
2021-08-17,7.21,31.01,26.12,1.53,89.76,0.95,2.2,Nepal_Birganj
2021-08-18,6.42,30.94,25.96,1.22,88.81,0.95,2.74,Nepal_Birganj
2021-08-19,9.09,30.27,24.73,3.27,90.15,0.94,2.63,Nepal_Birganj
2021-08-20,5.37,29.74,24.75,3.69,90.35,0.94,2.77,Nepal_Birganj
2021-08-21,2.25,29.86,25.15,1.91,89.61,0.93,2.2,Nepal_Birganj
2021-08-22,10.93,31.52,24.68,1.53,85.71,0.93,4.19,Nepal_Birganj
2021-08-23,35.08,30.68,25.71,2.07,91.83,0.94,2.03,Nepal_Birganj
2021-08-24,28.11,30.88,25.67,2.45,92.05,0.95,2.15,Nepal_Birganj
2021-08-25,30.12,31.03,25.67,2.33,92.35,0.96,2.02,Nepal_Birganj
2021-08-26,37.18,29.98,26.0,2.7,93.05,0.96,1.72,Nepal_Birganj
2021-08-27,30.2,29.31,25.62,1.36,93.34,0.97,0.76,Nepal_Birganj
2021-08-28,18.87,29.69,24.94,1.74,92.51,0.97,1.44,Nepal_Birganj
2021-08-29,26.83,29.15,24.56,2.03,92.57,0.97,1.32,Nepal_Birganj
2021-08-30,9.62,28.04,24.83,1.93,92.1,0.97,0.75,Nepal_Birganj
2021-08-31,5.73,28.84,24.36,1.55,92.52,0.97,1.35,Nepal_Birganj
2021-09-01,1.59,31.58,24.81,0.98,85.96,0.96,3.4,Nepal_Birganj
2021-09-02,13.59,31.2,26.2,1.16,88.12,0.96,1.82,Nepal_Birganj
2021-09-03,6.79,29.73,25.74,1.39,91.71,0.96,1.58,Nepal_Birganj
2021-09-04,2.9,30.73,25.63,1.02,88.0,0.96,2.46,Nepal_Birganj
2021-09-05,8.66,31.37,25.34,1.0,86.93,0.95,2.82,Nepal_Birganj
2021-09-06,27.46,29.79,26.32,1.29,88.69,0.96,1.02,Nepal_Birganj
2021-09-07,5.63,29.94,25.25,3.26,91.34,0.96,2.21,Nepal_Birganj
2021-09-08,4.44,29.85,24.45,1.89,89.23,0.95,2.75,Nepal_Birganj
2021-09-09,0.61,29.91,24.48,1.85,90.8,0.95,2.24,Nepal_Birganj
2021-09-10,0.8,29.59,25.26,1.56,90.4,0.94,1.62,Nepal_Birganj
2021-09-11,0.53,29.22,25.92,1.44,90.02,0.94,1.44,Nepal_Birganj
2021-09-12,0.9,31.52,25.42,1.06,85.35,0.93,3.78,Nepal_Birganj
2021-09-13,2.73,29.98,25.93,1.93,90.27,0.93,2.08,Nepal_Birganj
2021-09-14,1.29,27.85,24.37,3.92,91.45,0.92,1.41,Nepal_Birganj
2021-09-15,7.65,27.35,23.78,3.44,93.25,0.92,0.68,Nepal_Birganj
2021-09-16,12.42,27.91,24.12,1.99,91.57,0.93,0.97,Nepal_Birganj
2021-09-17,9.5,29.09,24.04,1.73,89.35,0.93,2.14,Nepal_Birganj
2021-09-18,2.29,31.29,24.02,1.37,86.51,0.93,4.3,Nepal_Birganj
2021-09-19,5.4,31.61,25.98,0.89,85.22,0.92,4.17,Nepal_Birganj
2021-09-20,13.43,31.78,24.84,0.85,85.9,0.92,4.17,Nepal_Birganj
2021-09-21,7.82,29.59,25.45,1.23,90.07,0.92,1.77,Nepal_Birganj
2021-09-22,4.37,30.01,24.53,1.31,87.07,0.92,3.09,Nepal_Birganj
2021-09-23,1.49,30.08,23.95,2.09,90.56,0.91,3.03,Nepal_Birganj
2021-09-24,0.23,30.66,24.15,1.4,87.09,0.91,3.59,Nepal_Birganj
2021-09-25,1.47,30.83,25.45,1.1,85.48,0.9,3.11,Nepal_Birganj
2021-09-26,2.56,31.4,25.19,1.49,87.12,0.9,3.49,Nepal_Birganj
2021-09-27,2.55,30.62,25.93,1.33,87.93,0.89,1.77,Nepal_Birganj
2021-09-28,2.48,29.99,25.55,1.0,86.26,0.89,1.84,Nepal_Birganj
2021-09-29,4.4,28.6,24.38,1.98,91.6,0.89,2.1,Nepal_Birganj
2021-09-30,9.11,29.92,23.91,2.39,90.63,0.89,2.68,Nepal_Birganj
2021-10-01,14.73,27.96,24.15,2.43,91.09,0.9,1.61,Nepal_Birganj
2021-10-02,29.61,27.09,24.27,2.57,93.17,0.91,0.46,Nepal_Birganj
2021-10-03,14.47,30.12,23.86,1.36,86.22,0.92,2.98,Nepal_Birganj
2021-10-04,8.06,30.71,23.85,1.02,89.18,0.92,3.33,Nepal_Birganj
2021-10-05,6.93,31.17,24.59,0.72,86.68,0.91,3.43,Nepal_Birganj
2021-10-06,0.76,30.45,23.57,1.23,88.57,0.91,3.9,Nepal_Birganj
2021-10-07,1.27,29.82,23.65,1.71,90.49,0.9,3.27,Nepal_Birganj
2021-10-08,2.07,29.41,22.76,1.66,90.09,0.9,2.98,Nepal_Birganj
2021-10-09,1.26,29.88,21.82,0.91,86.92,0.89,3.61,Nepal_Birganj
2021-10-10,0.11,30.9,23.37,0.9,85.92,0.89,3.93,Nepal_Birganj
2021-10-11,0.0,31.16,23.54,0.82,85.71,0.88,4.07,Nepal_Birganj
2021-10-12,0.0,32.2,24.31,0.86,85.4,0.87,4.63,Nepal_Birganj
2021-10-13,0.0,32.02,23.94,1.06,88.08,0.87,4.28,Nepal_Birganj
2021-10-14,0.0,32.64,24.21,0.82,85.61,0.86,4.82,Nepal_Birganj
2021-10-15,0.19,31.63,24.93,1.09,88.81,0.85,3.56,Nepal_Birganj
2021-10-16,1.88,29.99,25.69,1.55,89.88,0.85,2.05,Nepal_Birganj
2021-10-17,9.08,28.21,25.25,1.78,93.08,0.85,0.99,Nepal_Birganj
2021-10-18,25.2,27.04,24.09,2.92,92.73,0.87,0.99,Nepal_Birganj
2021-10-19,22.68,26.39,24.0,3.51,92.86,0.89,0.7,Nepal_Birganj
2021-10-20,11.4,29.42,22.92,1.84,91.85,0.89,2.28,Nepal_Birganj
2021-10-21,1.75,26.88,20.21,2.11,89.8,0.89,1.88,Nepal_Birganj
2021-10-22,0.7,27.4,20.0,0.85,86.48,0.88,2.49,Nepal_Birganj
2021-10-23,0.33,26.05,19.72,1.52,89.84,0.88,1.91,Nepal_Birganj
2021-10-24,0.63,27.36,20.24,1.32,88.0,0.87,2.16,Nepal_Birganj
2021-10-25,0.04,27.78,20.39,1.01,87.57,0.87,2.98,Nepal_Birganj
2021-10-26,0.2,27.0,19.59,1.59,87.5,0.86,2.84,Nepal_Birganj
2021-10-27,0.03,26.74,17.97,1.55,87.11,0.86,2.98,Nepal_Birganj
2021-10-28,0.0,26.84,17.33,1.57,88.8,0.85,2.99,Nepal_Birganj
2021-10-29,0.0,26.47,17.45,1.56,87.78,0.84,3.0,Nepal_Birganj
2021-10-30,0.0,26.14,16.93,1.4,87.26,0.84,2.87,Nepal_Birganj
2021-10-31,0.0,25.67,16.5,1.37,86.52,0.83,2.76,Nepal_Birganj
2021-11-01,0.0,25.91,16.66,0.92,81.34,0.82,2.82,Nepal_Birganj
2021-11-02,0.0,26.48,17.87,0.9,80.43,0.82,2.88,Nepal_Birganj
2021-11-03,0.0,25.82,17.66,1.25,83.11,0.81,2.67,Nepal_Birganj
2021-11-04,0.0,25.11,16.36,1.21,84.21,0.8,2.79,Nepal_Birganj
2021-11-05,0.0,24.74,15.49,1.0,84.08,0.8,2.57,Nepal_Birganj
2021-11-06,0.0,24.07,15.31,1.35,86.15,0.79,2.34,Nepal_Birganj
2021-11-07,0.0,24.78,15.06,0.58,86.34,0.79,2.46,Nepal_Birganj
2021-11-08,0.0,25.85,15.83,0.92,85.92,0.78,2.69,Nepal_Birganj
2021-11-09,0.0,26.86,17.46,0.73,85.24,0.78,3.12,Nepal_Birganj
2021-11-10,0.0,26.5,17.48,1.06,86.3,0.77,2.78,Nepal_Birganj
2021-11-11,0.0,25.8,17.42,1.04,84.67,0.77,2.97,Nepal_Birganj
2021-11-12,0.0,24.87,16.13,1.34,85.5,0.76,2.64,Nepal_Birganj
2021-11-13,0.0,24.23,15.11,1.34,87.65,0.75,2.31,Nepal_Birganj
2021-11-14,0.27,24.17,14.71,0.71,86.19,0.75,2.31,Nepal_Birganj
2021-11-15,0.02,24.74,14.75,0.61,83.81,0.74,2.4,Nepal_Birganj
2021-11-16,0.0,24.28,15.54,1.0,85.89,0.74,2.38,Nepal_Birganj
2021-11-17,0.0,23.76,14.73,0.92,82.81,0.73,2.26,Nepal_Birganj
2021-11-18,0.0,25.72,15.57,0.93,82.97,0.73,2.41,Nepal_Birganj
2021-11-19,0.0,24.52,15.96,1.0,86.46,0.72,1.91,Nepal_Birganj
2021-11-20,0.05,24.87,15.24,1.37,86.78,0.72,2.39,Nepal_Birganj
2021-11-21,0.0,23.9,14.66,1.5,88.83,0.71,2.15,Nepal_Birganj
2021-11-22,0.0,23.32,13.76,1.33,87.95,0.71,2.15,Nepal_Birganj
2021-11-23,0.0,22.55,11.8,0.83,85.61,0.71,2.06,Nepal_Birganj
2021-11-24,0.0,21.72,12.52,1.58,84.04,0.7,1.55,Nepal_Birganj
2021-11-25,0.0,22.54,13.43,1.05,84.02,0.7,1.46,Nepal_Birganj
2021-11-26,0.0,21.73,13.28,1.07,84.01,0.7,1.33,Nepal_Birganj
2021-11-27,0.0,22.91,13.6,1.01,84.16,0.69,1.57,Nepal_Birganj
2021-11-28,0.0,23.65,14.57,1.02,86.61,0.69,1.89,Nepal_Birganj
2021-11-29,0.0,23.59,14.77,1.01,83.33,0.68,1.96,Nepal_Birganj
2021-11-30,0.0,22.92,12.93,0.82,81.65,0.68,1.73,Nepal_Birganj
2021-12-01,0.0,24.68,15.28,0.89,78.33,0.68,2.01,Nepal_Birganj
2021-12-02,0.01,26.58,15.51,0.84,78.78,0.67,2.26,Nepal_Birganj
2021-12-03,0.03,24.91,16.87,1.09,86.58,0.67,1.61,Nepal_Birganj
2021-12-04,0.09,25.53,15.53,0.97,83.15,0.66,2.13,Nepal_Birganj
2021-12-05,0.01,26.02,16.32,1.08,84.26,0.66,2.03,Nepal_Birganj
2021-12-06,0.09,24.84,17.48,0.97,88.04,0.66,1.5,Nepal_Birganj
2021-12-07,0.01,25.76,15.2,1.17,81.23,0.65,2.2,Nepal_Birganj
2021-12-08,0.02,23.51,12.81,1.47,72.01,0.65,1.86,Nepal_Birganj
2021-12-09,0.0,23.46,12.64,1.41,73.32,0.64,1.76,Nepal_Birganj
2021-12-10,0.0,22.68,12.42,1.59,73.57,0.64,1.58,Nepal_Birganj
2021-12-11,0.0,21.34,9.64,1.12,81.37,0.64,1.32,Nepal_Birganj
2021-12-12,0.0,20.93,10.76,0.93,79.1,0.63,1.02,Nepal_Birganj
2021-12-13,0.0,21.13,9.15,1.07,76.23,0.63,1.28,Nepal_Birganj
2021-12-14,0.0,22.6,10.52,0.98,76.39,0.63,1.4,Nepal_Birganj
2021-12-15,0.0,22.84,12.31,1.01,77.94,0.62,1.39,Nepal_Birganj
2021-12-16,0.0,22.78,10.46,1.23,74.45,0.62,1.43,Nepal_Birganj
2021-12-17,0.0,21.85,9.38,0.79,68.83,0.62,1.27,Nepal_Birganj
2021-12-18,0.0,21.49,8.46,1.85,70.04,0.61,1.2,Nepal_Birganj
2021-12-19,0.0,17.99,5.96,1.12,75.7,0.61,0.92,Nepal_Birganj
2021-12-20,0.0,19.34,7.2,0.95,76.78,0.61,0.93,Nepal_Birganj
2021-12-21,0.0,20.72,9.56,0.93,73.76,0.6,0.93,Nepal_Birganj
2021-12-22,0.0,21.85,10.47,1.07,72.98,0.6,1.12,Nepal_Birganj
2021-12-23,0.0,21.62,11.21,1.03,74.27,0.6,1.04,Nepal_Birganj
2021-12-24,0.0,21.94,11.11,1.21,73.21,0.6,0.98,Nepal_Birganj
2021-12-25,0.01,21.23,11.85,1.61,78.99,0.59,0.72,Nepal_Birganj
2021-12-26,0.02,22.05,12.46,1.14,74.22,0.59,0.86,Nepal_Birganj
2021-12-27,0.51,21.12,13.09,1.02,76.42,0.59,0.77,Nepal_Birganj
2021-12-28,3.63,21.19,12.43,1.29,82.66,0.59,0.56,Nepal_Birganj
2021-12-29,18.5,16.71,11.85,3.46,87.91,0.61,0.23,Nepal_Birganj
2021-12-30,3.48,19.72,12.24,1.35,85.62,0.62,0.68,Nepal_Birganj
2021-12-31,0.03,21.01,11.09,1.41,83.9,0.62,1.14,Nepal_Birganj
2022-01-01,0.0,21.22,10.06,1.4,81.0,0.61,1.24,Nepal_Birganj
2022-01-02,0.0,20.77,8.61,1.35,80.05,0.61,1.14,Nepal_Birganj
2022-01-03,0.0,20.37,9.4,1.65,76.98,0.61,1.09,Nepal_Birganj
2022-01-04,0.0,20.3,8.16,1.28,76.25,0.6,1.05,Nepal_Birganj
2022-01-05,0.01,21.83,10.6,0.99,73.18,0.6,1.07,Nepal_Birganj
2022-01-06,0.76,21.68,12.76,1.4,78.37,0.6,0.65,Nepal_Birganj
2022-01-07,0.62,21.77,13.38,1.59,84.67,0.6,0.68,Nepal_Birganj
2022-01-08,0.12,22.89,13.58,1.54,81.81,0.59,1.0,Nepal_Birganj
2022-01-09,0.0,24.04,13.69,1.59,78.82,0.59,1.21,Nepal_Birganj
2022-01-10,0.01,24.55,14.47,1.15,74.99,0.59,1.22,Nepal_Birganj
2022-01-11,1.03,22.5,13.3,1.48,81.32,0.58,0.74,Nepal_Birganj
2022-01-12,2.29,21.04,12.04,1.72,82.6,0.58,0.71,Nepal_Birganj
2022-01-13,0.22,19.94,9.02,1.87,83.14,0.58,0.81,Nepal_Birganj
2022-01-14,0.43,20.58,9.16,1.15,79.8,0.58,0.83,Nepal_Birganj
2022-01-15,0.0,20.86,9.42,1.53,78.21,0.58,0.94,Nepal_Birganj
2022-01-16,0.0,20.04,7.77,1.76,81.13,0.58,0.86,Nepal_Birganj
2022-01-17,0.0,20.33,8.14,1.01,77.0,0.57,0.65,Nepal_Birganj
2022-01-18,0.0,22.04,9.28,1.36,71.32,0.57,1.02,Nepal_Birganj
2022-01-19,0.0,21.06,9.15,1.57,74.66,0.57,0.98,Nepal_Birganj
2022-01-20,0.04,20.35,9.49,1.38,75.18,0.56,0.71,Nepal_Birganj
2022-01-21,0.49,21.11,11.38,1.24,73.86,0.56,0.75,Nepal_Birganj
2022-01-22,0.03,22.3,10.72,1.56,70.41,0.56,0.92,Nepal_Birganj
2022-01-23,0.18,17.71,12.22,2.42,82.08,0.56,0.3,Nepal_Birganj
2022-01-24,0.17,21.48,10.56,1.4,78.83,0.55,0.68,Nepal_Birganj
2022-01-25,0.46,20.21,10.8,1.84,74.78,0.55,0.68,Nepal_Birganj
2022-01-26,0.34,18.76,8.95,1.78,74.53,0.55,0.54,Nepal_Birganj
2022-01-27,0.04,19.17,7.17,2.11,76.06,0.55,0.64,Nepal_Birganj
2022-01-28,0.0,18.65,7.93,2.21,76.35,0.54,0.59,Nepal_Birganj
2022-01-29,0.0,18.92,6.24,1.3,74.62,0.54,0.65,Nepal_Birganj
2022-01-30,0.0,19.64,6.87,1.4,71.73,0.54,0.59,Nepal_Birganj
2022-01-31,0.0,21.9,8.8,1.12,69.78,0.54,0.7,Nepal_Birganj
2022-02-01,0.0,20.25,10.78,1.75,71.67,0.54,0.6,Nepal_Birganj
2022-02-02,0.0,22.13,8.78,1.29,61.59,0.53,0.75,Nepal_Birganj
2022-02-03,9.58,22.2,9.74,2.5,64.44,0.54,0.72,Nepal_Birganj
2022-02-04,25.2,17.83,9.89,3.62,86.47,0.57,0.24,Nepal_Birganj
2022-02-05,3.47,18.84,7.79,2.01,82.01,0.59,0.75,Nepal_Birganj
2022-02-06,0.48,19.36,7.5,1.47,75.71,0.58,1.01,Nepal_Birganj
2022-02-07,0.01,20.86,9.37,1.35,71.59,0.58,1.08,Nepal_Birganj
2022-02-08,0.0,20.57,10.29,1.36,69.94,0.57,0.96,Nepal_Birganj
2022-02-09,0.01,23.18,10.44,1.09,65.3,0.57,1.22,Nepal_Birganj
2022-02-10,0.03,23.71,12.94,2.16,67.15,0.56,1.34,Nepal_Birganj
2022-02-11,0.02,21.47,8.98,2.05,74.27,0.56,1.06,Nepal_Birganj
2022-02-12,0.0,21.87,7.97,1.62,71.08,0.56,1.05,Nepal_Birganj
2022-02-13,0.0,22.8,10.26,1.18,65.33,0.55,1.04,Nepal_Birganj
2022-02-14,0.0,23.62,11.79,1.0,62.49,0.55,1.09,Nepal_Birganj
2022-02-15,0.0,24.87,13.02,1.39,66.25,0.55,1.16,Nepal_Birganj
2022-02-16,0.0,24.87,11.67,1.97,68.77,0.54,1.13,Nepal_Birganj
2022-02-17,0.0,24.11,10.61,2.01,65.75,0.54,1.09,Nepal_Birganj
2022-02-18,0.0,24.5,10.54,1.6,63.51,0.53,1.11,Nepal_Birganj
2022-02-19,0.14,25.4,11.48,2.36,58.5,0.53,1.14,Nepal_Birganj
2022-02-20,0.67,24.25,9.56,2.66,63.46,0.53,1.03,Nepal_Birganj
2022-02-21,0.55,24.61,10.6,2.01,56.8,0.52,0.95,Nepal_Birganj
2022-02-22,0.0,25.34,11.52,1.35,49.15,0.52,0.99,Nepal_Birganj
2022-02-23,0.0,25.89,11.95,1.43,50.8,0.52,0.93,Nepal_Birganj
2022-02-24,0.0,27.78,14.24,1.89,54.22,0.51,0.96,Nepal_Birganj
2022-02-25,0.19,26.42,17.08,1.14,54.53,0.51,0.8,Nepal_Birganj
2022-02-26,0.08,26.95,14.16,1.35,55.23,0.51,0.96,Nepal_Birganj
2022-02-27,0.0,28.98,15.37,1.57,50.45,0.5,0.98,Nepal_Birganj
2022-02-28,0.0,27.44,14.67,2.15,50.43,0.5,0.98,Nepal_Birganj
2022-03-01,0.0,28.28,13.38,1.29,48.13,0.49,0.99,Nepal_Birganj
2022-03-02,0.06,28.64,14.12,1.8,51.57,0.49,0.89,Nepal_Birganj
2022-03-03,0.02,28.89,14.87,1.64,48.39,0.49,0.89,Nepal_Birganj
2022-03-04,0.06,30.61,15.13,2.97,46.97,0.48,0.97,Nepal_Birganj
2022-03-05,0.01,29.95,15.47,2.84,51.57,0.48,0.86,Nepal_Birganj
2022-03-06,0.0,30.27,14.57,1.3,52.12,0.47,0.81,Nepal_Birganj
2022-03-07,0.0,32.44,16.72,1.54,48.41,0.47,0.86,Nepal_Birganj
2022-03-08,0.0,33.1,17.88,1.73,45.49,0.47,0.83,Nepal_Birganj
2022-03-09,0.0,32.6,17.77,1.34,45.23,0.46,0.78,Nepal_Birganj
2022-03-10,0.0,33.66,17.06,1.5,43.79,0.46,0.77,Nepal_Birganj
2022-03-11,0.0,32.97,17.51,1.86,45.15,0.45,0.69,Nepal_Birganj
2022-03-12,0.0,32.47,16.98,1.83,46.76,0.45,0.64,Nepal_Birganj
2022-03-13,0.0,32.67,17.66,1.76,45.98,0.45,0.61,Nepal_Birganj
2022-03-14,0.0,34.25,19.38,1.69,43.7,0.44,0.61,Nepal_Birganj
2022-03-15,0.0,35.11,20.13,1.45,43.16,0.44,0.62,Nepal_Birganj
2022-03-16,0.58,35.17,21.6,1.13,41.59,0.43,0.53,Nepal_Birganj
2022-03-17,0.61,36.04,20.94,1.21,39.5,0.43,0.55,Nepal_Birganj
2022-03-18,0.03,37.09,22.68,1.28,41.51,0.43,0.54,Nepal_Birganj
2022-03-19,0.0,37.89,24.43,1.41,40.92,0.43,0.52,Nepal_Birganj
2022-03-20,0.0,36.98,23.53,1.81,43.02,0.42,0.46,Nepal_Birganj
2022-03-21,0.28,36.79,23.05,1.47,40.31,0.42,0.43,Nepal_Birganj
2022-03-22,0.82,36.74,22.51,1.69,38.68,0.42,0.39,Nepal_Birganj
2022-03-23,0.43,35.94,21.31,1.41,35.56,0.41,0.39,Nepal_Birganj
2022-03-24,0.24,36.24,21.06,2.31,34.31,0.41,0.35,Nepal_Birganj
2022-03-25,0.14,37.49,20.49,3.41,33.5,0.41,0.36,Nepal_Birganj
2022-03-26,0.0,36.76,19.63,2.85,31.27,0.4,0.31,Nepal_Birganj
2022-03-27,0.0,36.47,19.68,1.55,31.48,0.4,0.27,Nepal_Birganj
2022-03-28,0.0,35.96,19.45,1.68,28.61,0.4,0.24,Nepal_Birganj
2022-03-29,0.01,35.59,19.84,1.95,32.96,0.39,0.21,Nepal_Birganj
2022-03-30,0.43,35.46,20.68,2.01,40.9,0.39,0.19,Nepal_Birganj
2022-03-31,0.54,35.98,21.67,1.73,44.16,0.39,0.19,Nepal_Birganj
2022-04-01,0.0,36.55,21.22,1.65,38.31,0.39,0.21,Nepal_Birganj
2022-04-02,0.24,37.32,22.28,1.96,38.44,0.39,0.17,Nepal_Birganj
2022-04-03,1.88,36.76,23.93,2.04,45.73,0.38,0.15,Nepal_Birganj
2022-04-04,1.92,38.61,23.24,1.58,34.12,0.39,0.2,Nepal_Birganj
2022-04-05,0.8,38.59,22.65,1.77,25.27,0.38,0.2,Nepal_Birganj
2022-04-06,0.0,38.79,20.27,1.72,24.7,0.38,0.17,Nepal_Birganj
2022-04-07,0.4,37.56,20.23,1.98,34.52,0.38,0.14,Nepal_Birganj
2022-04-08,0.56,37.57,20.97,1.87,36.09,0.38,0.13,Nepal_Birganj
2022-04-09,0.73,37.08,22.49,1.77,35.5,0.38,0.12,Nepal_Birganj
2022-04-10,1.39,37.02,22.94,2.73,41.73,0.38,0.11,Nepal_Birganj
2022-04-11,0.38,38.33,23.2,1.88,39.36,0.38,0.13,Nepal_Birganj
2022-04-12,0.17,37.08,23.3,1.67,36.82,0.37,0.09,Nepal_Birganj
2022-04-13,0.14,37.43,23.53,1.58,31.38,0.37,0.09,Nepal_Birganj
2022-04-14,0.6,40.76,24.29,2.31,26.15,0.37,0.12,Nepal_Birganj
2022-04-15,0.21,40.53,24.13,3.16,22.02,0.37,0.11,Nepal_Birganj
2022-04-16,0.02,40.75,24.06,2.85,18.9,0.36,0.09,Nepal_Birganj
2022-04-17,0.0,40.8,24.18,1.96,18.25,0.36,0.09,Nepal_Birganj
2022-04-18,0.0,39.75,24.37,1.64,19.78,0.36,0.07,Nepal_Birganj
2022-04-19,3.99,37.97,23.77,2.5,38.17,0.37,0.07,Nepal_Birganj
2022-04-20,8.52,36.55,23.58,2.5,52.92,0.37,0.06,Nepal_Birganj
2022-04-21,2.08,34.02,22.0,1.84,54.54,0.38,0.1,Nepal_Birganj
2022-04-22,2.78,37.61,23.82,1.93,42.81,0.38,0.11,Nepal_Birganj
2022-04-23,2.4,39.69,22.18,2.96,31.02,0.38,0.15,Nepal_Birganj
2022-04-24,0.85,40.39,21.25,3.39,23.97,0.38,0.13,Nepal_Birganj
2022-04-25,0.0,40.44,22.17,2.32,23.02,0.37,0.11,Nepal_Birganj
2022-04-26,0.0,41.18,25.27,2.07,22.93,0.37,0.09,Nepal_Birganj
2022-04-27,0.0,40.72,24.75,2.24,20.96,0.37,0.08,Nepal_Birganj
2022-04-28,0.46,40.37,25.22,1.44,21.86,0.36,0.07,Nepal_Birganj
2022-04-29,1.01,39.39,24.61,1.53,30.89,0.36,0.06,Nepal_Birganj
2022-04-30,11.14,37.58,24.13,2.92,46.63,0.38,0.11,Nepal_Birganj
2022-05-01,3.1,38.09,23.39,1.95,45.97,0.38,0.15,Nepal_Birganj
2022-05-02,33.66,33.11,25.12,2.7,61.83,0.41,0.12,Nepal_Birganj
2022-05-03,3.7,34.63,24.87,2.7,59.46,0.44,0.48,Nepal_Birganj
2022-05-04,1.46,34.37,24.71,1.7,59.58,0.44,0.43,Nepal_Birganj
2022-05-05,12.77,32.11,22.65,1.83,64.68,0.44,0.45,Nepal_Birganj
2022-05-06,1.42,33.99,23.72,1.95,57.74,0.45,0.58,Nepal_Birganj
2022-05-07,0.14,35.75,24.66,1.34,54.11,0.44,0.65,Nepal_Birganj
2022-05-08,13.1,33.7,24.33,1.96,61.33,0.45,0.62,Nepal_Birganj
2022-05-09,1.86,35.68,25.57,2.79,54.62,0.45,0.64,Nepal_Birganj
2022-05-10,3.34,34.9,24.91,1.95,57.12,0.45,0.72,Nepal_Birganj
2022-05-11,2.15,37.17,25.07,1.74,54.46,0.45,0.78,Nepal_Birganj
2022-05-12,1.43,37.05,26.12,1.35,51.12,0.45,0.75,Nepal_Birganj
2022-05-13,6.38,38.01,27.17,1.26,51.06,0.45,0.62,Nepal_Birganj
2022-05-14,0.15,38.42,26.13,2.03,50.34,0.45,0.73,Nepal_Birganj
2022-05-15,0.2,38.42,25.94,1.77,44.83,0.44,0.64,Nepal_Birganj
2022-05-16,4.1,39.11,25.94,2.44,48.47,0.44,0.6,Nepal_Birganj
2022-05-17,2.87,39.95,26.74,2.11,49.9,0.44,0.72,Nepal_Birganj
2022-05-18,2.02,39.39,25.22,1.28,42.24,0.44,0.71,Nepal_Birganj
2022-05-19,2.86,39.86,26.36,1.83,39.28,0.44,0.67,Nepal_Birganj
2022-05-20,2.11,38.7,25.63,2.03,44.09,0.43,0.64,Nepal_Birganj
2022-05-21,6.66,39.34,25.06,1.74,45.85,0.44,0.72,Nepal_Birganj
2022-05-22,11.36,37.58,23.75,1.5,46.11,0.45,0.78,Nepal_Birganj
2022-05-23,9.39,36.59,25.74,0.8,40.51,0.46,0.92,Nepal_Birganj
2022-05-24,3.93,35.77,25.28,0.97,44.69,0.46,0.98,Nepal_Birganj
2022-05-25,7.74,35.98,26.4,1.25,47.66,0.46,0.84,Nepal_Birganj
2022-05-26,5.4,35.53,24.8,1.11,46.4,0.47,1.1,Nepal_Birganj
2022-05-27,0.58,36.65,23.74,0.97,41.19,0.46,1.29,Nepal_Birganj
2022-05-28,5.82,36.61,24.42,1.46,46.62,0.47,1.0,Nepal_Birganj
2022-05-29,3.31,36.49,25.6,1.37,48.43,0.47,1.06,Nepal_Birganj
2022-05-30,1.05,37.47,25.27,1.19,47.92,0.46,1.05,Nepal_Birganj
2022-05-31,0.94,37.72,25.86,1.07,44.51,0.46,1.11,Nepal_Birganj
2022-06-01,1.74,39.31,27.02,1.24,44.1,0.45,0.99,Nepal_Birganj
2022-06-02,0.91,38.58,27.64,1.02,40.15,0.45,0.99,Nepal_Birganj
2022-06-03,1.92,39.09,26.41,1.12,41.41,0.45,0.91,Nepal_Birganj
2022-06-04,6.14,39.1,26.14,1.68,47.29,0.45,0.97,Nepal_Birganj
2022-06-05,3.64,38.75,25.31,2.1,49.43,0.45,0.94,Nepal_Birganj
2022-06-06,4.13,37.65,26.39,1.68,52.74,0.45,0.99,Nepal_Birganj
2022-06-07,1.94,38.74,26.6,1.5,48.59,0.45,0.93,Nepal_Birganj
2022-06-08,12.24,37.59,26.34,1.28,52.69,0.46,1.05,Nepal_Birganj
2022-06-09,6.74,38.45,25.87,1.44,53.39,0.47,1.23,Nepal_Birganj
2022-06-10,0.37,40.06,25.95,2.08,46.35,0.46,1.18,Nepal_Birganj
2022-06-11,7.95,37.97,25.74,1.59,51.01,0.47,1.22,Nepal_Birganj
2022-06-12,6.09,37.83,25.92,1.65,55.77,0.47,1.21,Nepal_Birganj
2022-06-13,1.85,38.49,26.49,1.67,51.95,0.47,1.2,Nepal_Birganj
2022-06-14,7.37,37.92,26.86,2.17,52.82,0.47,1.26,Nepal_Birganj
2022-06-15,9.93,37.71,27.74,1.89,57.21,0.47,1.12,Nepal_Birganj
2022-06-16,14.72,37.76,28.05,2.42,64.04,0.48,1.22,Nepal_Birganj
2022-06-17,16.44,36.58,26.42,2.46,67.0,0.51,1.58,Nepal_Birganj
2022-06-18,35.97,34.28,26.79,1.83,72.26,0.55,2.13,Nepal_Birganj
2022-06-19,6.25,36.26,26.28,2.27,63.13,0.57,2.9,Nepal_Birganj
2022-06-20,17.57,33.91,26.46,1.45,64.75,0.57,2.1,Nepal_Birganj
2022-06-21,2.49,34.08,26.09,0.79,61.52,0.57,3.11,Nepal_Birganj
2022-06-22,0.89,35.09,25.34,1.31,66.55,0.57,3.24,Nepal_Birganj
2022-06-23,3.92,35.51,26.11,1.09,66.76,0.56,2.93,Nepal_Birganj
2022-06-24,7.05,35.73,26.35,1.61,67.93,0.56,2.56,Nepal_Birganj
2022-06-25,5.9,34.14,26.05,3.38,74.09,0.56,2.4,Nepal_Birganj
2022-06-26,5.46,32.38,26.01,2.67,75.91,0.56,1.67,Nepal_Birganj
2022-06-27,10.75,34.73,25.72,1.82,73.05,0.57,2.52,Nepal_Birganj
2022-06-28,31.74,31.87,25.85,1.8,82.67,0.6,1.41,Nepal_Birganj
2022-06-29,34.05,28.14,25.06,3.17,92.82,0.65,0.61,Nepal_Birganj
2022-06-30,7.15,31.28,23.96,1.76,82.99,0.66,2.53,Nepal_Birganj
2022-07-01,21.54,33.17,25.13,0.9,77.37,0.67,4.11,Nepal_Birganj
2022-07-02,6.34,32.82,26.13,1.63,81.5,0.67,4.16,Nepal_Birganj
2022-07-03,1.49,32.85,26.12,1.67,82.67,0.67,3.37,Nepal_Birganj
2022-07-04,1.07,33.65,25.82,2.08,80.61,0.66,5.01,Nepal_Birganj
2022-07-05,0.63,33.7,26.01,1.76,80.08,0.65,4.1,Nepal_Birganj
2022-07-06,2.55,34.51,26.6,2.48,78.75,0.64,4.64,Nepal_Birganj
2022-07-07,4.77,33.85,25.97,1.96,79.58,0.63,4.11,Nepal_Birganj
2022-07-08,14.58,33.64,26.6,1.75,79.01,0.63,3.41,Nepal_Birganj
2022-07-09,4.4,32.91,25.96,2.68,81.04,0.64,3.92,Nepal_Birganj
2022-07-10,1.65,34.58,25.96,2.18,74.8,0.63,4.99,Nepal_Birganj
2022-07-11,0.7,33.15,26.03,2.55,79.03,0.62,3.6,Nepal_Birganj
2022-07-12,0.85,34.14,26.42,2.25,76.67,0.61,4.15,Nepal_Birganj
2022-07-13,0.7,34.68,26.69,2.3,74.57,0.6,2.92,Nepal_Birganj
2022-07-14,0.62,34.54,27.31,2.57,77.01,0.6,2.91,Nepal_Birganj
2022-07-15,0.54,34.18,26.93,2.32,74.84,0.59,2.57,Nepal_Birganj
2022-07-16,0.01,35.29,27.01,2.54,73.91,0.58,3.77,Nepal_Birganj
2022-07-17,0.15,36.24,27.27,3.06,70.67,0.57,4.09,Nepal_Birganj
2022-07-18,2.36,34.98,26.14,2.68,72.09,0.56,3.51,Nepal_Birganj
2022-07-19,1.47,35.74,27.1,1.12,68.79,0.56,3.01,Nepal_Birganj
2022-07-20,24.93,34.58,27.0,1.82,76.42,0.57,2.38,Nepal_Birganj
2022-07-21,20.8,31.38,26.39,2.29,85.55,0.61,1.8,Nepal_Birganj
2022-07-22,16.18,33.1,25.78,2.47,80.31,0.62,3.41,Nepal_Birganj
2022-07-23,8.51,32.99,25.83,3.04,80.04,0.63,3.96,Nepal_Birganj
2022-07-24,5.22,30.41,25.6,3.02,83.53,0.62,2.46,Nepal_Birganj
2022-07-25,3.9,31.75,24.66,3.13,81.37,0.62,4.03,Nepal_Birganj
2022-07-26,14.52,31.74,24.59,2.27,81.76,0.62,3.18,Nepal_Birganj
2022-07-27,15.61,31.98,24.97,1.2,81.57,0.64,3.46,Nepal_Birganj
2022-07-28,25.41,32.26,25.19,0.97,76.91,0.66,4.39,Nepal_Birganj
2022-07-29,11.22,30.57,25.62,0.63,82.69,0.68,2.41,Nepal_Birganj
2022-07-30,9.16,31.81,25.4,0.56,80.47,0.68,3.86,Nepal_Birganj
2022-07-31,23.54,32.1,25.54,1.51,84.26,0.69,4.21,Nepal_Birganj
2022-08-01,36.49,29.95,25.83,1.93,90.56,0.73,1.7,Nepal_Birganj
2022-08-02,39.56,28.74,25.13,1.09,89.02,0.78,1.27,Nepal_Birganj
2022-08-03,2.17,32.3,24.93,0.87,81.2,0.78,4.54,Nepal_Birganj
2022-08-04,5.61,31.21,26.28,1.11,85.48,0.78,2.82,Nepal_Birganj
2022-08-05,0.61,32.71,25.51,0.89,80.43,0.77,4.82,Nepal_Birganj
2022-08-06,7.31,31.78,26.41,1.11,84.47,0.76,2.47,Nepal_Birganj
2022-08-07,2.04,32.37,25.64,1.3,84.09,0.76,5.01,Nepal_Birganj
2022-08-08,4.84,32.99,25.67,2.02,84.67,0.75,5.37,Nepal_Birganj
2022-08-09,4.44,32.24,25.83,2.89,84.68,0.74,6.05,Nepal_Birganj
2022-08-10,7.98,32.55,25.22,3.89,83.8,0.74,6.07,Nepal_Birganj
2022-08-11,0.47,32.32,25.5,4.23,82.37,0.73,6.77,Nepal_Birganj
2022-08-12,0.31,32.46,24.32,2.72,83.47,0.72,6.89,Nepal_Birganj
2022-08-13,2.3,33.54,25.88,1.42,80.0,0.71,5.62,Nepal_Birganj
2022-08-14,13.11,32.5,24.85,3.28,82.78,0.71,4.75,Nepal_Birganj
2022-08-15,1.34,31.42,24.97,5.0,82.01,0.7,6.71,Nepal_Birganj
2022-08-16,0.39,32.61,24.61,1.8,81.04,0.69,6.19,Nepal_Birganj
2022-08-17,0.83,32.12,24.95,1.61,82.26,0.68,5.46,Nepal_Birganj
2022-08-18,2.35,31.72,25.3,1.86,85.48,0.67,3.49,Nepal_Birganj
2022-08-19,26.02,31.43,25.54,0.86,84.88,0.68,1.75,Nepal_Birganj
2022-08-20,19.44,31.63,26.16,2.58,83.77,0.72,5.06,Nepal_Birganj
2022-08-21,0.15,31.78,25.22,3.6,83.1,0.71,7.02,Nepal_Birganj
2022-08-22,0.15,32.69,24.77,2.25,82.72,0.7,6.41,Nepal_Birganj
2022-08-23,9.02,32.17,25.73,1.65,83.9,0.69,3.59,Nepal_Birganj
2022-08-24,11.47,32.0,26.55,0.95,80.22,0.7,2.87,Nepal_Birganj
2022-08-25,2.68,32.33,25.01,1.69,82.77,0.7,5.77,Nepal_Birganj
2022-08-26,3.24,33.49,24.74,1.03,78.49,0.69,6.92,Nepal_Birganj
2022-08-27,29.96,31.08,25.36,0.99,82.41,0.71,3.59,Nepal_Birganj
2022-08-28,33.11,29.43,25.88,1.25,88.44,0.75,1.73,Nepal_Birganj
2022-08-29,1.93,31.07,24.65,1.0,83.22,0.76,4.76,Nepal_Birganj
2022-08-30,1.93,31.67,24.62,1.35,85.23,0.74,5.74,Nepal_Birganj
2022-08-31,10.56,31.0,25.11,1.93,89.06,0.74,4.66,Nepal_Birganj
2022-09-01,26.66,30.42,25.07,1.44,89.72,0.76,3.06,Nepal_Birganj
2022-09-02,13.45,31.08,24.89,1.91,89.38,0.77,4.31,Nepal_Birganj
2022-09-03,10.44,31.1,25.02,2.01,89.04,0.77,4.78,Nepal_Birganj
2022-09-04,7.71,31.81,24.6,1.37,87.32,0.78,4.92,Nepal_Birganj
2022-09-05,5.62,31.55,25.25,0.86,83.14,0.77,4.71,Nepal_Birganj
2022-09-06,10.12,31.55,25.38,0.75,82.07,0.77,4.33,Nepal_Birganj
2022-09-07,7.77,30.88,24.94,0.94,85.74,0.77,4.21,Nepal_Birganj
2022-09-08,2.61,30.24,25.44,1.49,88.84,0.77,2.73,Nepal_Birganj
2022-09-09,2.87,30.2,24.93,1.48,86.53,0.77,3.25,Nepal_Birganj
2022-09-10,4.26,31.68,24.67,1.49,83.42,0.76,4.32,Nepal_Birganj
2022-09-11,1.48,29.43,25.27,1.94,88.39,0.76,2.42,Nepal_Birganj
2022-09-12,1.8,29.64,24.51,3.76,86.67,0.75,4.64,Nepal_Birganj
2022-09-13,3.8,27.87,23.64,2.77,90.07,0.75,1.78,Nepal_Birganj
2022-09-14,12.31,28.44,23.42,2.31,90.7,0.76,2.04,Nepal_Birganj
2022-09-15,16.96,28.71,24.25,1.5,91.26,0.77,2.21,Nepal_Birganj
2022-09-16,16.25,30.29,23.89,1.13,87.34,0.78,3.79,Nepal_Birganj
2022-09-17,4.37,30.7,24.53,0.92,87.62,0.78,3.57,Nepal_Birganj
2022-09-18,2.38,29.94,25.08,1.08,86.86,0.78,3.01,Nepal_Birganj
2022-09-19,2.39,31.43,25.14,0.93,84.3,0.77,4.5,Nepal_Birganj
2022-09-20,2.27,29.58,25.3,1.45,88.56,0.77,2.46,Nepal_Birganj
2022-09-21,0.82,30.96,25.21,2.54,88.1,0.77,4.9,Nepal_Birganj
2022-09-22,0.68,30.67,25.07,2.12,88.73,0.76,4.61,Nepal_Birganj
2022-09-23,4.48,30.52,24.5,1.71,88.99,0.75,3.54,Nepal_Birganj
2022-09-24,10.04,31.2,24.41,1.54,88.85,0.75,3.73,Nepal_Birganj
2022-09-25,14.82,30.38,24.24,1.03,83.3,0.76,4.21,Nepal_Birganj
2022-09-26,13.59,30.36,23.79,0.94,87.12,0.77,4.04,Nepal_Birganj
2022-09-27,3.35,30.07,23.56,1.45,88.28,0.77,4.56,Nepal_Birganj
2022-09-28,0.65,30.01,22.67,1.39,87.48,0.76,5.51,Nepal_Birganj
2022-09-29,1.79,30.52,23.09,1.06,86.09,0.75,5.25,Nepal_Birganj
2022-09-30,0.06,30.38,22.6,1.52,85.14,0.74,5.61,Nepal_Birganj
2022-10-01,0.0,30.72,22.61,1.21,84.28,0.73,5.48,Nepal_Birganj
2022-10-02,1.3,31.65,22.86,1.32,84.93,0.73,5.88,Nepal_Birganj
2022-10-03,8.27,32.42,23.49,1.1,82.44,0.72,5.53,Nepal_Birganj
2022-10-04,10.63,29.41,23.71,2.72,89.78,0.73,3.61,Nepal_Birganj
2022-10-05,31.98,26.9,22.99,2.22,92.25,0.75,1.05,Nepal_Birganj
2022-10-06,26.58,27.57,22.48,1.74,87.77,0.79,1.82,Nepal_Birganj
2022-10-07,12.15,29.56,23.21,1.1,86.76,0.8,2.27,Nepal_Birganj
2022-10-08,4.0,29.68,23.17,1.24,87.37,0.79,3.93,Nepal_Birganj
2022-10-09,18.49,30.17,23.24,0.87,85.86,0.8,3.34,Nepal_Birganj
2022-10-10,3.98,28.85,23.21,1.09,83.13,0.81,2.46,Nepal_Birganj
2022-10-11,2.85,28.95,21.88,1.81,87.06,0.8,2.87,Nepal_Birganj
2022-10-12,1.19,28.61,21.57,0.78,84.21,0.8,3.9,Nepal_Birganj
2022-10-13,0.08,28.84,20.58,1.04,86.55,0.79,4.81,Nepal_Birganj
2022-10-14,0.04,28.4,20.15,1.43,86.27,0.78,4.7,Nepal_Birganj
2022-10-15,0.0,28.61,19.26,1.4,85.9,0.77,4.54,Nepal_Birganj
2022-10-16,0.0,28.45,18.91,1.32,85.46,0.76,4.63,Nepal_Birganj
2022-10-17,0.0,28.06,18.55,1.28,85.61,0.76,4.63,Nepal_Birganj
2022-10-18,0.0,27.83,19.18,0.66,83.0,0.75,4.65,Nepal_Birganj
2022-10-19,0.0,27.28,19.13,1.37,86.12,0.74,3.44,Nepal_Birganj
2022-10-20,0.0,28.13,18.89,1.04,85.27,0.74,3.96,Nepal_Birganj
2022-10-21,0.0,29.02,19.47,0.8,80.72,0.73,4.58,Nepal_Birganj
2022-10-22,0.0,29.36,19.55,0.92,73.54,0.72,4.77,Nepal_Birganj
2022-10-23,0.0,30.8,18.37,1.25,66.87,0.71,4.7,Nepal_Birganj
2022-10-24,0.0,29.9,20.36,0.7,66.36,0.71,4.75,Nepal_Birganj
2022-10-25,0.0,27.23,18.5,1.37,84.83,0.7,3.54,Nepal_Birganj
2022-10-26,0.01,26.82,18.37,1.11,82.53,0.69,3.32,Nepal_Birganj
2022-10-27,0.01,26.57,17.49,1.05,79.71,0.68,3.0,Nepal_Birganj
2022-10-28,0.0,27.31,18.09,1.01,79.13,0.68,3.23,Nepal_Birganj
2022-10-29,0.0,27.56,17.99,1.03,80.42,0.67,3.41,Nepal_Birganj
2022-10-30,0.0,27.63,17.55,1.59,82.71,0.67,3.2,Nepal_Birganj
2022-10-31,0.0,27.9,17.53,1.34,83.4,0.66,3.24,Nepal_Birganj
2022-11-01,0.0,27.23,17.81,1.27,85.0,0.65,2.8,Nepal_Birganj
2022-11-02,0.0,27.15,16.71,1.64,86.06,0.65,2.53,Nepal_Birganj
2022-11-03,0.0,26.6,16.99,1.25,84.71,0.65,2.11,Nepal_Birganj
2022-11-04,0.0,27.68,16.92,0.85,78.2,0.64,2.54,Nepal_Birganj
2022-11-05,0.0,28.48,18.4,1.0,70.94,0.64,2.85,Nepal_Birganj
2022-11-06,0.0,28.26,18.5,1.12,74.79,0.63,2.75,Nepal_Birganj
2022-11-07,0.0,26.9,17.61,1.54,77.23,0.62,2.27,Nepal_Birganj
2022-11-08,0.0,25.82,17.37,1.44,84.14,0.62,1.32,Nepal_Birganj
2022-11-09,0.0,26.53,17.31,1.13,83.91,0.62,1.89,Nepal_Birganj
2022-11-10,0.0,26.87,16.76,1.04,82.19,0.61,1.92,Nepal_Birganj
2022-11-11,0.0,26.48,16.89,1.35,84.32,0.61,1.73,Nepal_Birganj
2022-11-12,0.0,26.42,16.37,1.46,82.03,0.6,1.69,Nepal_Birganj
2022-11-13,0.0,25.0,14.81,0.99,78.58,0.6,1.75,Nepal_Birganj
2022-11-14,0.0,25.45,15.05,0.93,76.73,0.6,1.64,Nepal_Birganj
2022-11-15,0.0,25.64,15.1,1.24,81.05,0.59,1.57,Nepal_Birganj
2022-11-16,0.0,25.81,15.11,1.19,81.93,0.59,1.58,Nepal_Birganj
2022-11-17,0.0,25.26,14.26,1.6,80.34,0.59,1.39,Nepal_Birganj
2022-11-18,0.0,24.03,12.82,1.19,73.87,0.58,1.47,Nepal_Birganj
2022-11-19,0.0,24.88,13.22,1.42,78.54,0.58,1.39,Nepal_Birganj
2022-11-20,0.0,26.28,14.27,1.35,77.16,0.58,1.49,Nepal_Birganj
2022-11-21,0.0,25.54,14.28,1.65,83.04,0.57,1.28,Nepal_Birganj
2022-11-22,0.0,25.08,13.12,1.53,81.7,0.57,1.28,Nepal_Birganj
2022-11-23,0.0,24.53,13.02,1.54,78.3,0.57,1.31,Nepal_Birganj
2022-11-24,0.0,24.48,12.41,1.42,76.75,0.56,1.19,Nepal_Birganj
2022-11-25,0.0,26.03,12.49,1.48,77.9,0.56,1.37,Nepal_Birganj
2022-11-26,0.0,25.63,13.53,1.17,77.3,0.56,1.35,Nepal_Birganj
2022-11-27,0.0,25.56,13.88,1.19,75.28,0.55,1.2,Nepal_Birganj
2022-11-28,0.0,24.7,14.23,1.18,71.23,0.55,1.04,Nepal_Birganj
2022-11-29,0.0,26.51,13.95,1.35,72.46,0.55,1.29,Nepal_Birganj
2022-11-30,0.0,25.89,13.95,1.49,73.14,0.54,1.23,Nepal_Birganj
2022-12-01,0.0,24.41,12.09,1.58,73.21,0.54,1.1,Nepal_Birganj
2022-12-02,0.0,23.91,11.78,1.38,79.3,0.54,0.99,Nepal_Birganj
2022-12-03,0.0,24.47,12.07,1.24,81.06,0.54,0.9,Nepal_Birganj
2022-12-04,0.0,24.97,12.65,1.5,79.48,0.53,0.98,Nepal_Birganj
2022-12-05,0.0,24.71,13.05,1.43,79.17,0.53,0.94,Nepal_Birganj
2022-12-06,0.0,23.66,11.49,1.83,79.33,0.53,0.91,Nepal_Birganj
2022-12-07,0.0,23.29,10.57,1.66,79.98,0.53,0.81,Nepal_Birganj
2022-12-08,0.0,24.0,11.71,1.15,73.15,0.52,0.89,Nepal_Birganj
2022-12-09,0.0,24.99,12.01,1.15,71.35,0.52,0.91,Nepal_Birganj
2022-12-10,0.0,25.1,13.2,1.58,73.43,0.52,0.84,Nepal_Birganj
2022-12-11,0.0,23.99,11.48,1.37,80.54,0.52,0.73,Nepal_Birganj
2022-12-12,0.0,24.21,12.5,0.91,77.31,0.51,0.66,Nepal_Birganj
2022-12-13,0.0,24.96,12.68,1.11,73.57,0.51,0.72,Nepal_Birganj
2022-12-14,0.0,23.79,11.69,1.0,73.18,0.51,0.66,Nepal_Birganj
2022-12-15,0.0,22.69,11.03,1.54,73.18,0.51,0.59,Nepal_Birganj
2022-12-16,0.0,22.45,9.88,1.13,72.23,0.51,0.55,Nepal_Birganj
2022-12-17,0.0,23.55,11.45,0.95,69.79,0.5,0.51,Nepal_Birganj
2022-12-18,0.0,24.98,13.32,1.01,69.03,0.5,0.63,Nepal_Birganj
2022-12-19,0.0,24.27,13.04,1.3,73.69,0.5,0.6,Nepal_Birganj
2022-12-20,0.0,23.94,12.2,1.53,77.62,0.5,0.57,Nepal_Birganj
2022-12-21,0.0,23.54,12.0,1.66,73.77,0.5,0.56,Nepal_Birganj
2022-12-22,0.0,23.46,10.32,1.66,68.45,0.49,0.54,Nepal_Birganj
2022-12-23,0.0,24.54,10.91,1.6,59.73,0.49,0.57,Nepal_Birganj
2022-12-24,0.07,20.3,11.88,1.46,63.8,0.49,0.21,Nepal_Birganj
2022-12-25,0.0,25.62,13.69,1.27,65.03,0.49,0.56,Nepal_Birganj
2022-12-26,0.0,24.58,12.51,1.64,65.84,0.49,0.49,Nepal_Birganj
2022-12-27,0.0,21.68,9.25,1.96,68.71,0.48,0.41,Nepal_Birganj
2022-12-28,0.0,19.43,8.68,1.02,73.19,0.48,0.32,Nepal_Birganj
2022-12-29,0.0,20.48,7.09,1.25,58.76,0.48,0.34,Nepal_Birganj
2022-12-30,0.0,21.24,10.25,1.22,55.08,0.48,0.3,Nepal_Birganj
2022-12-31,0.0,21.75,11.22,1.14,61.24,0.48,0.3,Nepal_Birganj
2023-01-01,0.0,21.44,11.1,0.99,67.71,0.48,0.28,Nepal_Birganj
2023-01-02,0.0,21.12,10.95,1.38,71.53,0.47,0.31,Nepal_Birganj
2023-01-03,0.0,21.77,10.23,1.18,72.16,0.47,0.33,Nepal_Birganj
2023-01-04,0.0,21.09,9.09,1.3,66.72,0.47,0.35,Nepal_Birganj
2023-01-05,0.0,21.27,7.85,1.45,62.52,0.47,0.33,Nepal_Birganj
2023-01-06,0.0,21.82,6.86,2.02,64.86,0.47,0.36,Nepal_Birganj
2023-01-07,0.0,21.9,6.65,1.4,63.83,0.47,0.35,Nepal_Birganj
2023-01-08,0.0,21.73,7.22,1.29,59.25,0.46,0.35,Nepal_Birganj
2023-01-09,0.0,23.18,8.56,1.15,55.65,0.46,0.36,Nepal_Birganj
2023-01-10,0.0,23.0,9.56,1.63,59.62,0.46,0.33,Nepal_Birganj
2023-01-11,0.0,21.58,8.83,1.23,61.85,0.46,0.29,Nepal_Birganj
2023-01-12,0.0,22.72,9.7,1.24,59.13,0.46,0.32,Nepal_Birganj
2023-01-13,0.0,24.42,11.62,1.23,55.17,0.46,0.35,Nepal_Birganj
2023-01-14,0.0,24.7,12.95,2.02,60.38,0.45,0.31,Nepal_Birganj
2023-01-15,0.0,21.1,10.13,1.92,70.17,0.45,0.26,Nepal_Birganj
2023-01-16,0.0,20.03,7.96,1.66,59.58,0.45,0.21,Nepal_Birganj
2023-01-17,0.0,20.08,8.09,1.38,60.05,0.45,0.2,Nepal_Birganj
2023-01-18,0.0,20.87,8.71,1.25,62.45,0.45,0.21,Nepal_Birganj
2023-01-19,0.0,21.35,8.56,1.25,56.81,0.45,0.23,Nepal_Birganj
2023-01-20,0.01,23.68,10.71,0.98,49.16,0.45,0.27,Nepal_Birganj
2023-01-21,0.05,24.97,12.17,1.7,54.19,0.44,0.26,Nepal_Birganj
2023-01-22,0.0,26.33,12.57,1.48,50.66,0.44,0.3,Nepal_Birganj
2023-01-23,0.0,26.89,13.03,1.88,49.38,0.44,0.31,Nepal_Birganj
2023-01-24,0.0,26.7,14.06,1.24,47.08,0.44,0.32,Nepal_Birganj
2023-01-25,0.0,27.92,14.92,1.47,51.04,0.44,0.3,Nepal_Birganj
2023-01-26,0.0,29.29,15.62,2.1,55.51,0.43,0.3,Nepal_Birganj
2023-01-27,0.0,27.76,13.42,2.35,69.76,0.43,0.3,Nepal_Birganj
2023-01-28,0.0,25.55,11.66,1.8,64.01,0.43,0.26,Nepal_Birganj
2023-01-29,0.0,27.12,12.78,0.94,54.33,0.43,0.27,Nepal_Birganj
2023-01-30,0.0,27.72,14.47,1.65,49.13,0.43,0.25,Nepal_Birganj
2023-01-31,0.0,27.86,12.64,2.54,51.56,0.42,0.28,Nepal_Birganj
2023-02-01,0.0,24.95,10.18,2.31,66.16,0.42,0.22,Nepal_Birganj
2023-02-02,0.0,24.98,9.55,1.75,55.7,0.42,0.21,Nepal_Birganj
2023-02-03,0.0,25.71,11.67,1.55,52.04,0.42,0.2,Nepal_Birganj
2023-02-04,0.0,26.09,11.43,1.36,51.43,0.42,0.2,Nepal_Birganj
2023-02-05,0.0,26.09,12.45,1.21,49.7,0.42,0.2,Nepal_Birganj
2023-02-06,0.0,26.49,13.64,1.54,46.78,0.41,0.19,Nepal_Birganj
2023-02-07,0.0,26.68,13.46,1.66,47.25,0.41,0.19,Nepal_Birganj
2023-02-08,0.0,27.47,14.65,1.7,48.97,0.41,0.2,Nepal_Birganj
2023-02-09,0.0,26.91,13.72,1.3,46.81,0.41,0.18,Nepal_Birganj
2023-02-10,0.0,26.63,14.22,1.71,41.41,0.41,0.18,Nepal_Birganj
2023-02-11,0.0,28.55,14.98,1.68,40.29,0.41,0.19,Nepal_Birganj
2023-02-12,0.0,27.72,13.42,3.09,41.99,0.4,0.19,Nepal_Birganj
2023-02-13,0.0,25.67,8.6,2.16,36.62,0.4,0.14,Nepal_Birganj
2023-02-14,0.0,26.03,11.11,1.21,33.12,0.4,0.16,Nepal_Birganj
2023-02-15,0.0,26.1,10.82,1.4,32.16,0.4,0.13,Nepal_Birganj
2023-02-16,0.0,29.3,13.18,1.43,34.49,0.4,0.16,Nepal_Birganj
2023-02-17,0.0,29.4,16.01,1.37,38.93,0.4,0.16,Nepal_Birganj
2023-02-18,0.0,29.49,16.74,1.48,38.64,0.4,0.15,Nepal_Birganj
2023-02-19,0.0,30.23,17.5,1.57,40.18,0.39,0.16,Nepal_Birganj
2023-02-20,0.0,30.4,16.9,1.41,45.1,0.39,0.15,Nepal_Birganj
2023-02-21,0.0,31.25,17.78,1.5,41.21,0.39,0.14,Nepal_Birganj
2023-02-22,0.0,31.63,16.85,1.63,38.91,0.39,0.15,Nepal_Birganj
2023-02-23,0.02,31.42,15.49,2.11,34.18,0.39,0.15,Nepal_Birganj
2023-02-24,0.02,31.23,16.26,1.75,28.15,0.39,0.14,Nepal_Birganj
2023-02-25,0.0,30.16,15.63,1.31,27.42,0.39,0.13,Nepal_Birganj
2023-02-26,0.93,29.9,14.55,1.61,32.91,0.39,0.12,Nepal_Birganj
2023-02-27,0.72,30.0,16.33,1.49,36.32,0.38,0.11,Nepal_Birganj
2023-02-28,0.03,30.41,16.38,1.72,35.84,0.38,0.11,Nepal_Birganj
2023-03-01,0.09,31.7,16.87,1.69,34.96,0.38,0.12,Nepal_Birganj
2023-03-02,0.07,31.65,16.58,1.7,35.22,0.38,0.11,Nepal_Birganj
2023-03-03,0.01,32.09,18.25,1.78,35.93,0.38,0.11,Nepal_Birganj
2023-03-04,0.0,33.2,18.06,1.73,35.17,0.38,0.11,Nepal_Birganj
2023-03-05,0.0,32.88,17.86,1.58,36.04,0.38,0.1,Nepal_Birganj
2023-03-06,0.0,32.95,16.26,2.32,35.68,0.38,0.1,Nepal_Birganj
2023-03-07,0.0,33.32,16.41,2.33,32.69,0.37,0.09,Nepal_Birganj
2023-03-08,0.22,32.19,19.39,1.7,34.31,0.37,0.06,Nepal_Birganj
2023-03-09,0.01,31.74,18.16,1.87,35.41,0.37,0.07,Nepal_Birganj
2023-03-10,0.0,32.39,16.51,1.9,36.58,0.37,0.07,Nepal_Birganj
2023-03-11,0.0,32.34,18.66,1.5,34.18,0.37,0.06,Nepal_Birganj
2023-03-12,0.0,32.96,19.4,1.63,38.03,0.37,0.05,Nepal_Birganj
2023-03-13,0.08,33.28,20.03,1.64,38.04,0.37,0.05,Nepal_Birganj
2023-03-14,0.11,32.75,19.38,1.55,39.15,0.37,0.04,Nepal_Birganj
2023-03-15,0.0,33.5,19.64,1.85,34.34,0.36,0.05,Nepal_Birganj
2023-03-16,0.0,33.46,18.14,1.66,32.05,0.36,0.04,Nepal_Birganj
2023-03-17,1.17,30.6,19.55,1.47,44.83,0.36,0.03,Nepal_Birganj
2023-03-18,7.34,31.14,19.53,1.06,50.52,0.37,0.03,Nepal_Birganj
2023-03-19,4.18,25.77,18.98,1.33,71.49,0.38,0.02,Nepal_Birganj
2023-03-20,6.57,21.97,17.06,0.8,86.19,0.39,0.01,Nepal_Birganj
2023-03-21,8.69,26.64,15.95,1.01,67.69,0.4,0.11,Nepal_Birganj
2023-03-22,0.58,29.68,17.1,2.15,52.56,0.4,0.18,Nepal_Birganj
2023-03-23,0.05,30.96,15.72,2.13,51.17,0.4,0.18,Nepal_Birganj
2023-03-24,0.76,33.04,18.44,1.49,41.06,0.4,0.19,Nepal_Birganj
2023-03-25,0.2,34.54,19.31,1.63,41.78,0.4,0.19,Nepal_Birganj
2023-03-26,0.01,35.44,20.66,2.72,37.55,0.39,0.19,Nepal_Birganj
2023-03-27,0.05,34.23,18.35,2.44,35.58,0.39,0.15,Nepal_Birganj
2023-03-28,0.13,34.41,18.61,2.35,35.46,0.39,0.13,Nepal_Birganj
2023-03-29,0.04,34.73,18.03,1.72,32.94,0.38,0.13,Nepal_Birganj
2023-03-30,0.0,34.45,18.68,1.67,28.88,0.38,0.11,Nepal_Birganj
2023-03-31,4.29,30.49,18.62,1.45,41.34,0.38,0.06,Nepal_Birganj
2023-04-01,3.32,30.2,19.98,1.07,51.06,0.39,0.1,Nepal_Birganj
2023-04-02,0.52,29.85,18.77,1.88,48.85,0.39,0.11,Nepal_Birganj
2023-04-03,0.4,33.66,17.76,2.54,43.17,0.38,0.14,Nepal_Birganj
2023-04-04,0.13,36.5,20.26,2.94,38.36,0.38,0.14,Nepal_Birganj
2023-04-05,0.12,35.66,20.1,2.67,35.67,0.38,0.12,Nepal_Birganj
2023-04-06,0.23,36.41,17.95,2.37,28.86,0.38,0.12,Nepal_Birganj
2023-04-07,0.05,36.89,18.84,2.23,26.62,0.37,0.11,Nepal_Birganj
2023-04-08,0.0,36.49,20.02,1.66,24.16,0.37,0.09,Nepal_Birganj
2023-04-09,0.0,37.42,22.03,2.36,23.74,0.37,0.09,Nepal_Birganj
2023-04-10,0.0,37.57,20.52,2.75,22.17,0.36,0.08,Nepal_Birganj
2023-04-11,0.0,37.97,20.02,2.03,22.02,0.36,0.08,Nepal_Birganj
2023-04-12,0.0,39.07,20.62,2.05,21.48,0.36,0.07,Nepal_Birganj
2023-04-13,0.0,39.51,22.15,1.88,24.67,0.36,0.07,Nepal_Birganj
2023-04-14,0.0,40.64,23.81,1.93,22.02,0.36,0.06,Nepal_Birganj
2023-04-15,0.0,40.96,24.39,1.94,22.15,0.36,0.05,Nepal_Birganj
2023-04-16,0.0,40.85,26.39,2.49,22.89,0.36,0.05,Nepal_Birganj
2023-04-17,0.0,41.62,23.7,2.48,21.3,0.36,0.04,Nepal_Birganj
2023-04-18,0.0,42.59,25.82,2.86,19.63,0.35,0.04,Nepal_Birganj
2023-04-19,0.0,42.62,24.73,2.99,21.04,0.35,0.04,Nepal_Birganj
2023-04-20,0.0,43.29,26.2,3.86,23.98,0.35,0.03,Nepal_Birganj
2023-04-21,0.36,40.35,26.24,2.14,25.62,0.35,0.02,Nepal_Birganj
2023-04-22,0.35,38.85,24.43,1.68,26.94,0.35,0.02,Nepal_Birganj
2023-04-23,2.18,37.22,23.9,1.91,29.32,0.35,0.02,Nepal_Birganj
2023-04-24,2.81,34.75,23.18,2.26,38.13,0.36,0.02,Nepal_Birganj
2023-04-25,0.02,35.6,22.06,1.28,34.63,0.36,0.03,Nepal_Birganj
2023-04-26,0.01,36.75,22.01,1.96,30.21,0.36,0.02,Nepal_Birganj
2023-04-27,0.0,37.46,23.56,1.98,28.91,0.35,0.02,Nepal_Birganj
2023-04-28,1.28,38.21,24.73,2.0,31.96,0.35,0.02,Nepal_Birganj
2023-04-29,4.16,37.5,24.06,1.65,35.54,0.36,0.02,Nepal_Birganj
2023-04-30,4.55,29.91,23.4,1.55,59.06,0.37,0.01,Nepal_Birganj
2023-05-01,0.3,29.94,22.14,1.04,55.47,0.37,0.02,Nepal_Birganj
2023-05-02,0.02,29.76,22.53,1.38,51.24,0.36,0.02,Nepal_Birganj
2023-05-03,0.36,34.35,22.3,2.09,46.22,0.36,0.04,Nepal_Birganj
2023-05-04,4.54,33.34,22.89,1.79,50.49,0.37,0.04,Nepal_Birganj
2023-05-05,0.0,35.91,21.12,2.06,42.36,0.36,0.06,Nepal_Birganj
2023-05-06,0.0,38.13,22.26,2.54,35.32,0.36,0.06,Nepal_Birganj
2023-05-07,0.0,39.3,24.33,2.87,31.64,0.36,0.05,Nepal_Birganj
2023-05-08,0.0,41.04,22.68,3.03,25.32,0.36,0.05,Nepal_Birganj
2023-05-09,0.0,40.89,23.9,3.13,24.03,0.36,0.04,Nepal_Birganj
2023-05-10,0.0,39.8,23.68,2.98,19.13,0.35,0.03,Nepal_Birganj
2023-05-11,0.0,39.45,23.9,1.37,15.45,0.35,0.03,Nepal_Birganj
2023-05-12,0.0,39.14,22.95,2.03,20.62,0.35,0.02,Nepal_Birganj
2023-05-13,0.0,40.09,25.56,1.6,30.21,0.35,0.02,Nepal_Birganj
2023-05-14,3.84,39.89,26.12,1.55,32.35,0.36,0.02,Nepal_Birganj
2023-05-15,7.44,37.18,26.37,2.3,40.13,0.36,0.02,Nepal_Birganj
2023-05-16,0.35,39.21,24.15,1.71,38.86,0.36,0.05,Nepal_Birganj
2023-05-17,9.86,37.51,23.58,2.14,46.15,0.38,0.06,Nepal_Birganj
2023-05-18,5.17,36.6,24.68,1.98,49.82,0.38,0.11,Nepal_Birganj
2023-05-19,0.37,38.45,25.46,1.63,37.74,0.38,0.13,Nepal_Birganj
2023-05-20,0.4,38.58,23.98,1.36,32.39,0.37,0.11,Nepal_Birganj
2023-05-21,0.3,39.43,24.69,1.28,32.44,0.37,0.1,Nepal_Birganj
2023-05-22,7.74,38.23,23.91,2.05,46.17,0.38,0.09,Nepal_Birganj
2023-05-23,6.52,36.3,25.38,1.82,49.45,0.39,0.14,Nepal_Birganj
2023-05-24,2.38,37.41,25.16,1.88,49.57,0.39,0.12,Nepal_Birganj
2023-05-25,3.19,37.59,25.09,2.2,47.76,0.39,0.15,Nepal_Birganj
2023-05-26,2.86,36.48,23.59,1.75,44.82,0.39,0.17,Nepal_Birganj
2023-05-27,6.05,36.94,24.26,1.16,45.83,0.39,0.16,Nepal_Birganj
2023-05-28,0.39,37.11,24.33,1.52,45.87,0.39,0.19,Nepal_Birganj
2023-05-29,0.15,38.71,26.19,1.25,39.34,0.39,0.2,Nepal_Birganj
2023-05-30,0.0,40.66,27.75,1.59,35.39,0.38,0.18,Nepal_Birganj
2023-05-31,0.0,42.2,27.64,3.05,32.02,0.38,0.16,Nepal_Birganj
2023-06-01,0.0,41.1,25.54,3.48,32.2,0.37,0.13,Nepal_Birganj
2023-06-02,0.05,40.91,25.48,3.25,31.32,0.37,0.11,Nepal_Birganj
2023-06-03,0.02,41.05,26.08,2.2,30.86,0.37,0.1,Nepal_Birganj
2023-06-04,0.0,41.89,26.79,1.77,29.74,0.36,0.09,Nepal_Birganj
2023-06-05,0.0,41.76,26.8,1.41,27.33,0.36,0.08,Nepal_Birganj
2023-06-06,0.01,42.56,29.05,1.89,28.06,0.36,0.07,Nepal_Birganj
2023-06-07,0.23,42.75,28.77,1.76,28.31,0.36,0.06,Nepal_Birganj
2023-06-08,0.0,43.63,28.82,1.81,24.02,0.36,0.06,Nepal_Birganj
2023-06-09,0.0,43.89,28.99,1.57,21.14,0.35,0.05,Nepal_Birganj
2023-06-10,0.04,42.08,29.1,2.29,34.4,0.35,0.04,Nepal_Birganj
2023-06-11,0.42,42.82,29.46,1.98,30.91,0.35,0.03,Nepal_Birganj
2023-06-12,6.73,41.64,29.21,2.08,39.05,0.35,0.03,Nepal_Birganj
2023-06-13,10.38,38.78,29.12,2.46,51.74,0.37,0.08,Nepal_Birganj
2023-06-14,8.65,42.82,27.72,2.77,47.8,0.38,0.15,Nepal_Birganj
2023-06-15,4.35,43.47,27.84,4.55,39.29,0.39,0.34,Nepal_Birganj
2023-06-16,0.27,43.16,30.09,4.63,35.92,0.38,0.31,Nepal_Birganj
2023-06-17,1.49,43.89,29.92,2.86,36.17,0.38,0.25,Nepal_Birganj
2023-06-18,8.0,42.3,30.01,1.69,42.64,0.38,0.24,Nepal_Birganj
2023-06-19,0.54,41.95,29.19,1.7,44.26,0.39,0.34,Nepal_Birganj
2023-06-20,0.78,41.35,30.01,2.14,43.0,0.38,0.31,Nepal_Birganj
2023-06-21,0.13,40.66,29.86,1.43,39.05,0.38,0.26,Nepal_Birganj
2023-06-22,2.4,39.45,30.28,1.22,46.82,0.38,0.22,Nepal_Birganj
2023-06-23,0.68,40.32,29.63,1.8,50.22,0.38,0.23,Nepal_Birganj
2023-06-24,0.0,35.41,30.33,2.48,56.76,0.38,0.11,Nepal_Birganj
2023-06-25,0.01,40.44,28.91,3.49,49.68,0.37,0.15,Nepal_Birganj
2023-06-26,0.14,38.69,29.07,4.34,50.71,0.37,0.12,Nepal_Birganj
2023-06-27,5.06,37.26,27.43,5.95,60.23,0.37,0.14,Nepal_Birganj
2023-06-28,7.53,34.11,26.84,5.28,68.56,0.38,0.13,Nepal_Birganj
2023-06-29,12.55,32.58,26.37,5.0,77.33,0.4,0.14,Nepal_Birganj
2023-06-30,15.94,30.44,26.44,2.46,82.78,0.43,0.16,Nepal_Birganj
2023-07-01,31.86,33.26,26.16,1.41,80.06,0.46,0.52,Nepal_Birganj
2023-07-02,19.75,35.12,26.76,1.19,76.2,0.5,1.23,Nepal_Birganj
2023-07-03,19.71,34.23,26.94,1.68,75.09,0.52,1.47,Nepal_Birganj
2023-07-04,35.9,31.62,26.0,2.57,83.66,0.57,1.31,Nepal_Birganj
2023-07-05,6.57,31.03,26.14,2.2,83.88,0.58,1.31,Nepal_Birganj
2023-07-06,0.98,33.61,26.14,2.69,76.36,0.57,2.93,Nepal_Birganj
2023-07-07,1.83,33.47,26.46,3.99,77.64,0.56,2.96,Nepal_Birganj
2023-07-08,1.16,33.73,26.76,3.24,77.53,0.56,2.4,Nepal_Birganj
2023-07-09,0.83,34.34,26.81,2.19,75.87,0.55,2.41,Nepal_Birganj
2023-07-10,5.51,35.04,26.76,2.35,77.08,0.55,2.12,Nepal_Birganj
2023-07-11,7.48,33.84,27.38,2.09,78.67,0.55,1.79,Nepal_Birganj
2023-07-12,5.5,34.6,26.89,2.25,78.41,0.55,2.42,Nepal_Birganj
2023-07-13,33.31,32.48,26.23,2.02,84.53,0.58,1.76,Nepal_Birganj
2023-07-14,23.15,29.48,25.97,1.75,87.39,0.61,1.15,Nepal_Birganj
2023-07-15,7.42,33.56,25.66,1.08,79.27,0.63,4.26,Nepal_Birganj
2023-07-16,3.84,33.61,27.08,2.68,79.75,0.62,4.62,Nepal_Birganj
2023-07-17,6.4,32.29,26.47,2.6,82.24,0.62,3.16,Nepal_Birganj
2023-07-18,11.1,30.18,25.58,2.4,80.92,0.63,1.79,Nepal_Birganj
2023-07-19,1.44,34.87,26.25,2.27,74.01,0.62,5.34,Nepal_Birganj
2023-07-20,1.64,34.78,27.03,2.41,78.0,0.61,3.91,Nepal_Birganj
2023-07-21,2.46,34.94,27.0,2.61,76.49,0.61,4.85,Nepal_Birganj
2023-07-22,2.91,33.55,26.6,3.0,78.6,0.6,4.42,Nepal_Birganj
2023-07-23,3.58,33.99,26.56,2.94,77.98,0.59,4.04,Nepal_Birganj
2023-07-24,9.16,31.86,26.11,2.47,81.68,0.59,2.24,Nepal_Birganj
2023-07-25,9.37,33.6,26.07,2.08,78.81,0.6,3.49,Nepal_Birganj
2023-07-26,5.88,33.95,25.99,1.91,76.37,0.6,3.09,Nepal_Birganj
2023-07-27,2.08,33.15,26.38,2.26,77.42,0.6,3.64,Nepal_Birganj
2023-07-28,8.11,34.35,26.55,2.08,77.43,0.59,3.74,Nepal_Birganj
2023-07-29,43.23,32.86,26.52,1.59,82.66,0.63,3.04,Nepal_Birganj
2023-07-30,13.44,32.71,26.84,1.04,83.85,0.66,3.33,Nepal_Birganj
2023-07-31,5.93,34.33,26.45,1.22,76.98,0.66,5.46,Nepal_Birganj
2023-08-01,8.97,35.34,28.02,0.77,76.27,0.66,4.78,Nepal_Birganj
2023-08-02,7.91,33.81,27.83,2.25,81.9,0.66,3.54,Nepal_Birganj
2023-08-03,1.85,33.59,26.4,4.15,80.63,0.65,6.01,Nepal_Birganj
2023-08-04,1.04,30.75,26.04,2.94,85.69,0.64,1.98,Nepal_Birganj
2023-08-05,2.71,32.33,25.62,2.04,83.69,0.64,3.59,Nepal_Birganj
2023-08-06,18.02,31.34,25.6,1.94,84.03,0.65,3.55,Nepal_Birganj
2023-08-07,35.68,31.86,25.19,2.46,88.59,0.68,3.15,Nepal_Birganj
2023-08-08,48.71,31.01,25.54,1.55,90.63,0.74,2.26,Nepal_Birganj
2023-08-09,47.26,30.33,25.9,1.86,90.6,0.79,1.88,Nepal_Birganj
2023-08-10,4.28,31.68,25.2,1.71,87.87,0.8,3.81,Nepal_Birganj
2023-08-11,17.87,32.35,25.81,1.07,85.83,0.8,4.38,Nepal_Birganj
2023-08-12,34.56,31.28,26.24,3.34,89.95,0.81,3.45,Nepal_Birganj
2023-08-13,5.59,30.6,25.38,2.41,91.21,0.83,2.18,Nepal_Birganj
2023-08-14,3.66,31.8,24.9,1.75,85.72,0.83,5.17,Nepal_Birganj
2023-08-15,0.95,30.1,24.71,1.84,88.27,0.81,3.08,Nepal_Birganj
2023-08-16,22.67,32.08,25.34,1.82,88.18,0.82,3.9,Nepal_Birganj
2023-08-17,15.8,32.75,25.61,0.94,83.62,0.83,4.51,Nepal_Birganj
2023-08-18,9.73,32.25,26.56,1.17,86.06,0.83,3.93,Nepal_Birganj
2023-08-19,1.17,32.21,26.24,2.58,87.29,0.83,5.39,Nepal_Birganj
2023-08-20,4.02,29.51,25.85,2.08,89.76,0.82,2.39,Nepal_Birganj
2023-08-21,13.9,32.05,24.95,1.08,84.69,0.82,5.08,Nepal_Birganj
2023-08-22,9.8,31.83,25.79,1.08,86.71,0.82,4.18,Nepal_Birganj
2023-08-23,18.13,30.22,25.69,1.17,89.02,0.83,2.14,Nepal_Birganj
2023-08-24,26.06,30.72,25.64,1.97,91.45,0.85,2.85,Nepal_Birganj
2023-08-25,30.54,29.9,25.43,1.63,90.65,0.88,2.32,Nepal_Birganj
2023-08-26,40.43,29.14,25.31,1.89,93.6,0.9,0.91,Nepal_Birganj
2023-08-27,16.56,31.27,25.03,3.36,90.73,0.91,3.25,Nepal_Birganj
2023-08-28,3.79,30.91,24.64,2.48,88.99,0.9,3.9,Nepal_Birganj
2023-08-29,5.15,31.08,24.62,1.41,88.15,0.89,4.05,Nepal_Birganj
2023-08-30,0.97,31.67,24.67,1.08,85.79,0.89,5.11,Nepal_Birganj
2023-08-31,0.31,31.92,24.64,1.03,84.95,0.88,5.48,Nepal_Birganj
2023-09-01,2.89,31.0,25.57,1.28,89.03,0.87,2.74,Nepal_Birganj
2023-09-02,5.35,30.92,25.8,1.12,88.83,0.87,2.27,Nepal_Birganj
2023-09-03,9.69,32.82,26.69,0.56,81.15,0.87,2.09,Nepal_Birganj
2023-09-04,5.04,31.98,26.5,1.21,86.19,0.87,3.56,Nepal_Birganj
2023-09-05,1.63,30.75,25.65,1.03,85.78,0.87,2.84,Nepal_Birganj
2023-09-06,2.03,32.45,24.87,1.37,83.77,0.86,4.37,Nepal_Birganj
2023-09-07,5.14,32.28,26.25,1.59,84.74,0.86,2.36,Nepal_Birganj
2023-09-08,14.22,29.23,25.01,2.74,91.11,0.86,1.43,Nepal_Birganj
2023-09-09,6.43,28.37,24.99,2.65,91.13,0.87,1.97,Nepal_Birganj
2023-09-10,2.37,31.25,24.94,1.5,87.26,0.86,4.32,Nepal_Birganj
2023-09-11,10.96,31.98,25.43,1.29,86.29,0.86,3.76,Nepal_Birganj
2023-09-12,10.44,30.7,25.34,1.63,89.91,0.86,2.97,Nepal_Birganj
2023-09-13,3.43,32.21,24.27,1.46,80.43,0.86,5.34,Nepal_Birganj
2023-09-14,4.75,31.75,25.24,1.76,87.44,0.85,4.67,Nepal_Birganj
2023-09-15,0.14,30.62,25.73,2.65,88.74,0.84,4.34,Nepal_Birganj
2023-09-16,0.25,30.99,25.1,1.59,87.57,0.83,4.9,Nepal_Birganj
2023-09-17,2.13,31.77,25.55,0.87,84.25,0.83,4.64,Nepal_Birganj
2023-09-18,0.73,32.44,24.74,0.85,83.63,0.82,6.3,Nepal_Birganj
2023-09-19,3.07,32.37,25.46,1.48,84.39,0.81,5.48,Nepal_Birganj
2023-09-20,3.27,31.29,25.08,1.25,85.08,0.8,5.43,Nepal_Birganj
2023-09-21,2.91,30.39,24.81,2.2,88.62,0.8,4.06,Nepal_Birganj
2023-09-22,18.81,29.02,24.13,3.02,88.8,0.8,2.98,Nepal_Birganj
2023-09-23,6.83,28.5,23.29,3.21,90.21,0.81,2.9,Nepal_Birganj
2023-09-24,3.69,29.04,23.78,3.97,88.55,0.81,3.5,Nepal_Birganj
2023-09-25,2.91,30.01,23.93,2.7,88.81,0.8,3.86,Nepal_Birganj
2023-09-26,0.65,31.19,23.53,1.12,85.88,0.79,5.42,Nepal_Birganj
2023-09-27,0.57,31.53,24.46,0.81,84.36,0.78,5.55,Nepal_Birganj
2023-09-28,1.03,31.55,24.46,1.14,85.05,0.78,5.41,Nepal_Birganj
2023-09-29,0.84,31.61,25.01,0.93,85.11,0.77,5.0,Nepal_Birganj
2023-09-30,8.51,29.88,25.09,1.31,91.46,0.77,1.77,Nepal_Birganj
2023-10-01,5.81,30.04,24.99,0.98,86.55,0.77,2.95,Nepal_Birganj
2023-10-02,10.93,27.81,25.25,1.3,90.55,0.78,1.28,Nepal_Birganj
2023-10-03,17.05,28.39,24.98,1.52,92.25,0.79,1.18,Nepal_Birganj
2023-10-04,11.56,28.29,24.42,2.28,90.86,0.8,2.41,Nepal_Birganj
2023-10-05,3.44,29.73,23.54,1.41,84.61,0.8,4.51,Nepal_Birganj
2023-10-06,7.65,29.91,22.54,1.54,86.87,0.79,4.25,Nepal_Birganj
2023-10-07,0.83,30.41,23.57,1.1,85.42,0.79,4.61,Nepal_Birganj
2023-10-08,0.23,29.83,22.99,1.22,80.88,0.78,4.6,Nepal_Birganj
2023-10-09,1.16,30.56,22.78,0.96,81.39,0.77,4.05,Nepal_Birganj
2023-10-10,0.5,30.57,23.21,0.95,83.88,0.77,4.79,Nepal_Birganj
2023-10-11,1.45,30.79,22.97,0.95,81.84,0.76,4.7,Nepal_Birganj
2023-10-12,1.34,29.98,22.09,1.03,75.0,0.76,4.82,Nepal_Birganj
2023-10-13,0.29,29.68,19.53,1.05,71.39,0.75,5.36,Nepal_Birganj
2023-10-14,0.0,29.76,19.38,1.02,72.44,0.74,5.46,Nepal_Birganj
2023-10-15,0.02,28.86,19.58,1.12,78.26,0.73,4.32,Nepal_Birganj
2023-10-16,2.81,28.56,21.28,1.45,86.59,0.72,3.12,Nepal_Birganj
2023-10-17,6.19,28.52,21.13,1.11,84.55,0.72,3.81,Nepal_Birganj
2023-10-18,0.0,28.26,19.81,1.01,81.3,0.72,4.8,Nepal_Birganj
2023-10-19,0.0,28.25,19.92,0.95,78.47,0.71,5.03,Nepal_Birganj
2023-10-20,0.0,28.47,19.38,1.05,74.66,0.7,4.98,Nepal_Birganj
2023-10-21,0.0,28.48,19.06,0.93,67.83,0.7,5.2,Nepal_Birganj
2023-10-22,0.0,28.8,19.31,0.91,67.25,0.69,4.99,Nepal_Birganj
2023-10-23,0.0,29.11,19.26,1.06,73.09,0.68,4.51,Nepal_Birganj
2023-10-24,0.0,28.59,20.34,0.9,74.21,0.67,4.08,Nepal_Birganj
2023-10-25,0.0,29.28,20.57,1.18,77.97,0.66,4.12,Nepal_Birganj
2023-10-26,0.0,28.94,20.6,1.43,76.47,0.66,3.84,Nepal_Birganj
2023-10-27,0.0,28.96,19.48,1.13,70.71,0.65,3.83,Nepal_Birganj
2023-10-28,0.0,28.4,17.62,1.09,69.69,0.65,3.57,Nepal_Birganj
2023-10-29,0.0,28.28,18.73,1.16,72.16,0.64,2.52,Nepal_Birganj
2023-10-30,0.0,29.63,19.28,1.04,67.86,0.63,3.57,Nepal_Birganj
2023-10-31,0.0,29.99,19.55,0.85,68.54,0.63,3.57,Nepal_Birganj
2023-11-01,0.0,29.32,21.62,0.46,72.63,0.62,2.78,Nepal_Birganj
2023-11-02,0.0,29.06,19.73,0.95,76.14,0.62,3.04,Nepal_Birganj
2023-11-03,0.0,29.27,20.05,0.99,71.45,0.61,2.88,Nepal_Birganj
2023-11-04,0.0,28.38,20.21,1.14,64.97,0.6,2.41,Nepal_Birganj
2023-11-05,0.0,28.13,19.46,1.06,62.84,0.6,2.16,Nepal_Birganj
2023-11-06,0.0,28.14,17.99,0.97,64.23,0.6,2.2,Nepal_Birganj
2023-11-07,0.0,28.26,18.38,1.08,64.61,0.59,2.11,Nepal_Birganj
2023-11-08,0.0,27.44,18.08,1.24,63.66,0.59,1.95,Nepal_Birganj
2023-11-09,0.0,27.25,17.01,0.95,64.82,0.58,1.82,Nepal_Birganj
2023-11-10,0.0,28.95,17.55,1.01,66.33,0.58,2.04,Nepal_Birganj
2023-11-11,0.02,28.24,17.35,1.13,71.35,0.58,1.64,Nepal_Birganj
2023-11-12,0.0,27.84,18.86,1.2,69.99,0.57,1.81,Nepal_Birganj
2023-11-13,0.0,28.29,17.64,1.2,65.83,0.57,1.87,Nepal_Birganj
2023-11-14,0.0,29.0,18.79,0.89,64.53,0.56,1.68,Nepal_Birganj
2023-11-15,0.0,28.41,18.33,0.99,67.66,0.56,1.82,Nepal_Birganj
2023-11-16,0.0,29.28,17.1,1.34,70.44,0.55,1.85,Nepal_Birganj
2023-11-17,0.0,30.39,18.39,1.08,61.69,0.55,2.01,Nepal_Birganj
2023-11-18,0.0,28.39,17.51,1.27,68.81,0.55,1.66,Nepal_Birganj
2023-11-19,0.0,28.84,17.67,1.03,73.15,0.54,1.55,Nepal_Birganj
2023-11-20,0.0,28.51,18.64,1.19,66.83,0.54,1.46,Nepal_Birganj
2023-11-21,0.0,27.67,17.4,1.38,68.09,0.54,1.33,Nepal_Birganj
2023-11-22,0.0,26.11,15.54,1.17,67.82,0.53,1.2,Nepal_Birganj
2023-11-23,0.0,26.4,15.24,0.98,62.45,0.53,1.11,Nepal_Birganj
2023-11-24,0.0,27.72,17.28,0.91,62.19,0.53,1.13,Nepal_Birganj
2023-11-25,0.0,27.4,17.55,0.99,63.32,0.52,1.09,Nepal_Birganj
2023-11-26,0.0,28.87,16.49,0.79,62.34,0.52,0.94,Nepal_Birganj
2023-11-27,0.0,27.17,16.64,1.24,69.03,0.52,0.67,Nepal_Birganj
2023-11-28,0.0,28.23,17.09,1.16,67.85,0.52,1.09,Nepal_Birganj
2023-11-29,0.01,28.05,17.4,0.77,69.47,0.51,1.05,Nepal_Birganj
2023-11-30,0.04,28.61,17.37,1.08,63.03,0.51,0.99,Nepal_Birganj
2023-12-01,0.0,28.88,18.43,1.25,60.51,0.51,1.06,Nepal_Birganj
2023-12-02,0.0,29.13,18.59,1.27,57.88,0.5,1.02,Nepal_Birganj
2023-12-03,0.0,29.81,17.92,1.32,56.61,0.5,1.04,Nepal_Birganj
2023-12-04,0.0,29.28,16.56,1.34,58.85,0.5,0.93,Nepal_Birganj
2023-12-05,0.02,29.22,17.19,1.57,59.36,0.49,0.91,Nepal_Birganj
2023-12-06,1.08,27.84,17.87,0.91,66.3,0.49,0.75,Nepal_Birganj
2023-12-07,1.19,25.35,17.12,0.62,69.65,0.49,0.46,Nepal_Birganj
2023-12-08,0.05,25.58,14.28,1.81,70.21,0.49,0.67,Nepal_Birganj
2023-12-09,0.0,24.62,14.02,1.46,64.41,0.49,0.6,Nepal_Birganj
2023-12-10,0.0,23.96,12.74,1.17,58.58,0.49,0.56,Nepal_Birganj
2023-12-11,0.0,23.5,12.77,0.91,54.43,0.48,0.48,Nepal_Birganj
2023-12-12,0.0,24.11,12.87,0.97,55.5,0.48,0.51,Nepal_Birganj
2023-12-13,0.0,23.69,12.98,1.17,56.33,0.48,0.43,Nepal_Birganj
2023-12-14,0.0,23.17,11.92,0.99,56.98,0.48,0.46,Nepal_Birganj
2023-12-15,0.0,23.73,11.34,1.13,52.1,0.48,0.43,Nepal_Birganj
2023-12-16,0.0,24.32,11.56,1.22,51.54,0.48,0.44,Nepal_Birganj
2023-12-17,0.0,24.08,12.01,0.95,53.27,0.47,0.39,Nepal_Birganj
2023-12-18,0.0,23.89,10.93,1.09,55.42,0.47,0.39,Nepal_Birganj
2023-12-19,0.0,23.81,12.5,1.17,57.35,0.47,0.35,Nepal_Birganj
2023-12-20,0.0,23.12,12.47,1.17,57.44,0.47,0.3,Nepal_Birganj
2023-12-21,0.0,24.78,12.74,0.94,53.41,0.47,0.38,Nepal_Birganj
2023-12-22,0.0,23.49,15.06,0.81,57.88,0.47,0.23,Nepal_Birganj
2023-12-23,0.0,26.5,15.11,1.6,62.91,0.46,0.44,Nepal_Birganj
2023-12-24,0.0,26.6,14.18,1.11,63.32,0.46,0.45,Nepal_Birganj
2023-12-25,0.0,25.86,14.12,1.11,64.01,0.46,0.43,Nepal_Birganj
2023-12-26,0.0,25.41,14.16,1.02,61.67,0.46,0.37,Nepal_Birganj
2023-12-27,0.0,25.71,14.06,1.09,62.19,0.46,0.38,Nepal_Birganj
2023-12-28,0.0,25.29,14.82,1.09,59.96,0.46,0.34,Nepal_Birganj
2023-12-29,0.0,24.9,13.69,1.4,59.25,0.45,0.33,Nepal_Birganj
2023-12-30,0.0,24.77,11.36,1.54,60.32,0.45,0.35,Nepal_Birganj
2023-12-31,0.0,24.6,10.86,1.26,55.36,0.45,0.35,Nepal_Birganj
