date,rainfall_mm,temp_max,temp_min,wind_speed,humidity,soil_moisture,evapotranspiration,station
2005-01-01,0.0,22.48,9.34,0.97,74.8,0.55,0.7,Teesta_Lalmonirhat
2005-01-02,0.0,22.64,10.83,0.8,76.45,0.54,0.65,Teesta_Lalmonirhat
2005-01-03,0.0,23.55,11.2,0.63,78.85,0.54,0.67,Teesta_Lalmonirhat
2005-01-04,0.0,24.71,13.01,0.98,76.46,0.54,0.63,Teesta_Lalmonirhat
2005-01-05,0.0,23.73,11.7,1.21,80.96,0.54,0.63,Teesta_Lalmonirhat
2005-01-06,0.0,23.9,12.61,0.94,80.97,0.53,0.63,Teesta_Lalmonirhat
2005-01-07,0.0,23.91,11.09,0.85,75.48,0.53,0.61,Teesta_Lalmonirhat
2005-01-08,0.0,23.99,11.34,0.62,72.15,0.53,0.58,Teesta_Lalmonirhat
2005-01-09,0.0,22.56,10.91,0.58,73.38,0.53,0.5,Teesta_Lalmonirhat
2005-01-10,0.42,22.08,10.12,1.12,62.34,0.53,0.42,Teesta_Lalmonirhat
2005-01-11,0.1,19.52,9.1,1.41,75.75,0.52,0.24,Teesta_Lalmonirhat
2005-01-12,0.0,20.42,8.66,1.28,76.49,0.52,0.35,Teesta_Lalmonirhat
2005-01-13,0.0,20.74,8.45,0.83,73.43,0.52,0.4,Teesta_Lalmonirhat
2005-01-14,0.0,21.87,9.04,0.82,67.51,0.52,0.43,Teesta_Lalmonirhat
2005-01-15,0.0,22.01,8.81,0.9,72.1,0.52,0.41,Teesta_Lalmonirhat
2005-01-16,0.0,23.06,9.7,0.91,74.25,0.51,0.43,Teesta_Lalmonirhat
2005-01-17,0.01,22.88,10.26,1.18,74.63,0.51,0.37,Teesta_Lalmonirhat
2005-01-18,1.76,21.22,12.45,1.34,82.41,0.51,0.25,Teesta_Lalmonirhat
2005-01-19,0.6,23.25,11.84,1.16,76.66,0.51,0.45,Teesta_Lalmonirhat
2005-01-20,0.0,22.57,9.7,1.58,69.98,0.51,0.48,Teesta_Lalmonirhat
2005-01-21,0.0,21.26,9.37,1.32,71.36,0.51,0.35,Teesta_Lalmonirhat
2005-01-22,0.1,21.87,11.16,1.22,72.11,0.51,0.24,Teesta_Lalmonirhat
2005-01-23,6.57,22.83,10.42,2.12,72.57,0.5,0.43,Teesta_Lalmonirhat
2005-01-24,0.02,22.18,10.81,0.77,77.43,0.51,0.43,Teesta_Lalmonirhat
2005-01-25,0.0,22.14,10.24,1.03,75.48,0.51,0.5,Teesta_Lalmonirhat
2005-01-26,0.0,23.63,9.26,1.69,68.17,0.51,0.47,Teesta_Lalmonirhat
2005-01-27,0.0,24.23,10.15,1.13,61.99,0.5,0.48,Teesta_Lalmonirhat
2005-01-28,0.16,21.05,10.86,1.55,77.62,0.5,0.22,Teesta_Lalmonirhat
2005-01-29,0.06,22.72,12.09,0.59,73.33,0.5,0.31,Teesta_Lalmonirhat
2005-01-30,0.0,24.07,11.39,0.99,72.86,0.5,0.41,Teesta_Lalmonirhat
2005-01-31,0.0,25.91,11.63,1.81,70.96,0.5,0.48,Teesta_Lalmonirhat
2005-02-01,1.88,24.35,14.53,2.54,73.3,0.49,0.39,Teesta_Lalmonirhat
2005-02-02,0.0,24.42,10.48,2.37,68.49,0.49,0.53,Teesta_Lalmonirhat
2005-02-03,0.0,22.25,8.28,0.92,63.91,0.49,0.42,Teesta_Lalmonirhat
2005-02-04,0.0,22.43,8.81,1.23,73.67,0.49,0.39,Teesta_Lalmonirhat
2005-02-05,0.01,24.49,9.71,1.1,59.86,0.49,0.41,Teesta_Lalmonirhat
2005-02-06,0.0,26.0,11.79,1.03,49.0,0.48,0.41,Teesta_Lalmonirhat
2005-02-07,0.0,27.47,12.16,1.27,58.92,0.48,0.51,Teesta_Lalmonirhat
2005-02-08,0.0,26.07,14.12,0.99,66.99,0.48,0.33,Teesta_Lalmonirhat
2005-02-09,0.0,27.72,13.37,1.0,71.35,0.48,0.46,Teesta_Lalmonirhat
2005-02-10,0.0,28.36,13.93,1.11,64.01,0.47,0.49,Teesta_Lalmonirhat
2005-02-11,0.0,28.44,13.32,0.95,61.51,0.47,0.48,Teesta_Lalmonirhat
2005-02-12,0.0,29.58,14.66,1.62,57.75,0.47,0.47,Teesta_Lalmonirhat
2005-02-13,0.04,30.51,13.92,4.35,50.96,0.46,0.62,Teesta_Lalmonirhat
2005-02-14,0.0,29.46,13.51,3.26,48.0,0.46,0.47,Teesta_Lalmonirhat
2005-02-15,0.0,28.59,12.9,2.66,53.46,0.46,0.41,Teesta_Lalmonirhat
2005-02-16,0.04,30.39,15.31,2.28,51.8,0.45,0.46,Teesta_Lalmonirhat
2005-02-17,0.55,32.25,17.04,2.3,51.62,0.45,0.5,Teesta_Lalmonirhat
2005-02-18,2.94,31.02,17.94,1.55,51.69,0.45,0.44,Teesta_Lalmonirhat
2005-02-19,0.02,32.94,18.63,2.3,51.82,0.45,0.51,Teesta_Lalmonirhat
2005-02-20,0.02,32.28,18.08,2.08,53.06,0.45,0.4,Teesta_Lalmonirhat
2005-02-21,0.09,33.99,16.58,3.49,46.09,0.44,0.49,Teesta_Lalmonirhat
2005-02-22,0.6,31.74,17.45,3.08,49.8,0.44,0.39,Teesta_Lalmonirhat
2005-02-23,3.14,28.09,16.28,2.87,63.03,0.44,0.26,Teesta_Lalmonirhat
2005-02-24,0.05,28.95,14.45,1.22,49.79,0.44,0.35,Teesta_Lalmonirhat
2005-02-25,0.0,30.31,14.19,2.0,46.18,0.44,0.35,Teesta_Lalmonirhat
2005-02-26,0.0,30.81,13.38,2.38,44.4,0.43,0.34,Teesta_Lalmonirhat
2005-02-27,0.0,30.35,13.83,0.96,44.0,0.43,0.32,Teesta_Lalmonirhat
2005-02-28,0.0,29.94,13.82,1.28,51.77,0.43,0.3,Teesta_Lalmonirhat
2005-03-01,0.0,30.53,14.25,1.69,56.31,0.42,0.29,Teesta_Lalmonirhat
2005-03-02,0.0,32.77,16.19,2.1,51.93,0.42,0.29,Teesta_Lalmonirhat
2005-03-03,0.0,32.81,17.58,1.6,44.55,0.42,0.28,Teesta_Lalmonirhat
2005-03-04,0.01,34.07,17.43,1.8,49.5,0.42,0.28,Teesta_Lalmonirhat
2005-03-05,0.0,34.12,18.22,1.85,51.67,0.41,0.24,Teesta_Lalmonirhat
2005-03-06,0.11,35.54,17.71,3.31,43.2,0.41,0.27,Teesta_Lalmonirhat
2005-03-07,0.0,35.18,16.49,2.52,43.17,0.41,0.22,Teesta_Lalmonirhat
2005-03-08,0.12,34.1,18.69,2.11,46.68,0.4,0.16,Teesta_Lalmonirhat
2005-03-09,0.23,33.98,19.15,2.57,52.46,0.4,0.18,Teesta_Lalmonirhat
2005-03-10,0.0,35.09,19.44,3.79,47.0,0.4,0.19,Teesta_Lalmonirhat
2005-03-11,0.69,33.92,21.01,3.05,49.2,0.4,0.14,Teesta_Lalmonirhat
2005-03-12,0.3,33.18,18.92,1.68,46.94,0.4,0.15,Teesta_Lalmonirhat
2005-03-13,0.06,33.11,17.71,1.2,49.95,0.39,0.14,Teesta_Lalmonirhat
2005-03-14,0.0,33.83,18.22,1.13,46.34,0.39,0.14,Teesta_Lalmonirhat
2005-03-15,0.06,33.86,18.99,1.13,45.63,0.39,0.12,Teesta_Lalmonirhat
2005-03-16,0.0,33.54,18.53,1.33,51.54,0.39,0.11,Teesta_Lalmonirhat
2005-03-17,0.92,33.38,19.38,1.68,52.09,0.38,0.09,Teesta_Lalmonirhat
2005-03-18,6.03,31.76,21.54,1.82,59.15,0.39,0.08,Teesta_Lalmonirhat
2005-03-19,4.67,32.29,21.2,1.59,60.79,0.4,0.12,Teesta_Lalmonirhat
2005-03-20,2.43,34.91,22.06,1.61,49.3,0.4,0.16,Teesta_Lalmonirhat
2005-03-21,0.04,37.11,20.94,2.82,39.08,0.4,0.19,Teesta_Lalmonirhat
2005-03-22,1.92,37.7,19.76,1.92,42.29,0.39,0.18,Teesta_Lalmonirhat
2005-03-23,4.62,36.27,22.31,2.05,53.84,0.4,0.16,Teesta_Lalmonirhat
2005-03-24,16.58,27.12,19.57,1.57,71.29,0.42,0.15,Teesta_Lalmonirhat
2005-03-25,2.85,29.31,16.31,1.92,61.44,0.43,0.29,Teesta_Lalmonirhat
2005-03-26,0.47,31.8,18.05,1.09,47.12,0.42,0.4,Teesta_Lalmonirhat
2005-03-27,0.32,32.89,18.59,1.9,50.57,0.42,0.36,Teesta_Lalmonirhat
2005-03-28,0.77,34.52,18.8,1.68,53.78,0.42,0.32,Teesta_Lalmonirhat
2005-03-29,2.58,35.89,22.37,1.7,55.06,0.42,0.32,Teesta_Lalmonirhat
2005-03-30,0.9,35.68,22.19,2.16,56.05,0.41,0.32,Teesta_Lalmonirhat
2005-03-31,1.67,35.55,23.83,2.53,56.31,0.41,0.3,Teesta_Lalmonirhat
2005-04-01,0.12,36.43,22.02,1.69,50.78,0.41,0.31,Teesta_Lalmonirhat
2005-04-02,0.14,36.97,20.97,1.3,30.49,0.41,0.29,Teesta_Lalmonirhat
2005-04-03,1.61,35.74,19.34,2.05,45.95,0.4,0.24,Teesta_Lalmonirhat
2005-04-04,0.07,35.48,20.69,1.7,51.04,0.4,0.24,Teesta_Lalmonirhat
2005-04-05,0.08,35.33,20.29,1.35,48.04,0.4,0.24,Teesta_Lalmonirhat
2005-04-06,4.34,34.38,22.16,1.56,54.64,0.4,0.18,Teesta_Lalmonirhat
2005-04-07,10.8,35.19,23.7,1.34,57.72,0.41,0.33,Teesta_Lalmonirhat
2005-04-08,1.73,37.68,22.93,2.58,52.85,0.42,0.39,Teesta_Lalmonirhat
2005-04-09,6.54,35.45,22.98,1.93,58.66,0.42,0.36,Teesta_Lalmonirhat
2005-04-10,4.7,36.08,23.94,1.52,58.49,0.42,0.46,Teesta_Lalmonirhat
2005-04-11,1.44,37.79,22.17,2.36,51.36,0.42,0.48,Teesta_Lalmonirhat
2005-04-12,0.96,36.89,18.52,2.0,27.52,0.42,0.44,Teesta_Lalmonirhat
2005-04-13,0.0,35.44,17.24,1.37,29.82,0.41,0.37,Teesta_Lalmonirhat
2005-04-14,0.0,35.5,17.87,1.66,38.89,0.41,0.32,Teesta_Lalmonirhat
2005-04-15,0.0,37.12,19.21,1.63,44.26,0.41,0.31,Teesta_Lalmonirhat
2005-04-16,0.06,37.16,20.49,2.11,48.16,0.4,0.28,Teesta_Lalmonirhat
2005-04-17,2.57,37.66,21.92,1.85,52.68,0.4,0.27,Teesta_Lalmonirhat
2005-04-18,2.66,37.23,23.67,1.7,57.26,0.4,0.26,Teesta_Lalmonirhat
2005-04-19,0.62,37.55,22.67,2.14,55.96,0.4,0.24,Teesta_Lalmonirhat
2005-04-20,1.85,33.86,24.78,2.69,61.69,0.4,0.17,Teesta_Lalmonirhat
2005-04-21,0.11,37.33,22.21,2.36,47.57,0.4,0.28,Teesta_Lalmonirhat
2005-04-22,0.2,37.8,24.63,2.45,51.41,0.4,0.24,Teesta_Lalmonirhat
2005-04-23,14.88,33.23,25.53,2.74,64.22,0.41,0.2,Teesta_Lalmonirhat
2005-04-24,9.24,34.76,24.23,1.83,64.23,0.43,0.36,Teesta_Lalmonirhat
2005-04-25,1.23,35.81,24.62,1.64,58.87,0.43,0.41,Teesta_Lalmonirhat
2005-04-26,1.36,38.15,24.49,1.3,47.69,0.43,0.55,Teesta_Lalmonirhat
2005-04-27,1.76,35.78,24.38,1.9,57.97,0.42,0.48,Teesta_Lalmonirhat
2005-04-28,0.56,37.95,23.83,1.74,51.0,0.42,0.52,Teesta_Lalmonirhat
2005-04-29,1.23,37.04,22.94,1.59,47.34,0.42,0.47,Teesta_Lalmonirhat
2005-04-30,6.48,32.71,24.15,1.63,61.49,0.42,0.29,Teesta_Lalmonirhat
2005-05-01,5.82,32.25,23.06,1.1,61.0,0.43,0.45,Teesta_Lalmonirhat
2005-05-02,0.15,31.03,23.71,1.31,59.57,0.43,0.31,Teesta_Lalmonirhat
2005-05-03,0.13,36.3,23.9,1.55,51.02,0.42,0.54,Teesta_Lalmonirhat
2005-05-04,3.29,34.68,23.75,1.54,54.92,0.42,0.46,Teesta_Lalmonirhat
2005-05-05,3.29,35.01,24.65,1.74,51.33,0.42,0.45,Teesta_Lalmonirhat
2005-05-06,10.36,30.67,24.59,2.06,67.67,0.43,0.31,Teesta_Lalmonirhat
2005-05-07,28.54,29.81,23.3,1.3,74.71,0.47,0.64,Teesta_Lalmonirhat
2005-05-08,0.88,34.33,22.69,1.6,63.96,0.48,1.61,Teesta_Lalmonirhat
2005-05-09,1.21,35.71,23.96,1.67,59.83,0.47,1.5,Teesta_Lalmonirhat
2005-05-10,1.81,39.3,24.56,2.58,44.01,0.47,1.53,Teesta_Lalmonirhat
2005-05-11,2.08,38.63,21.73,2.24,35.78,0.47,1.43,Teesta_Lalmonirhat
2005-05-12,0.16,38.04,21.74,1.41,41.73,0.46,1.18,Teesta_Lalmonirhat
2005-05-13,0.52,36.89,22.22,1.73,53.61,0.45,1.02,Teesta_Lalmonirhat
2005-05-14,1.87,38.43,24.97,1.64,56.97,0.45,0.99,Teesta_Lalmonirhat
2005-05-15,3.08,36.49,25.59,1.91,60.63,0.45,0.93,Teesta_Lalmonirhat
2005-05-16,0.41,38.46,24.51,1.62,55.56,0.45,1.02,Teesta_Lalmonirhat
2005-05-17,1.32,36.48,25.27,2.89,59.27,0.44,0.87,Teesta_Lalmonirhat
2005-05-18,2.95,36.89,25.51,2.28,60.72,0.44,0.86,Teesta_Lalmonirhat
2005-05-19,13.95,34.2,25.47,2.34,71.13,0.45,0.81,Teesta_Lalmonirhat
2005-05-20,20.25,33.88,26.04,2.19,72.97,0.48,1.16,Teesta_Lalmonirhat
2005-05-21,3.8,34.89,25.95,2.2,70.75,0.49,1.31,Teesta_Lalmonirhat
2005-05-22,2.72,31.64,23.24,3.44,71.21,0.49,1.15,Teesta_Lalmonirhat
2005-05-23,0.62,35.14,23.52,2.3,65.32,0.48,1.57,Teesta_Lalmonirhat
2005-05-24,5.81,35.52,25.86,2.26,68.2,0.48,1.27,Teesta_Lalmonirhat
2005-05-25,15.75,34.23,26.4,2.22,74.91,0.5,1.41,Teesta_Lalmonirhat
2005-05-26,2.65,35.46,26.75,2.01,72.17,0.5,1.49,Teesta_Lalmonirhat
2005-05-27,6.55,34.32,26.79,1.81,75.06,0.5,1.38,Teesta_Lalmonirhat
2005-05-28,4.06,36.13,27.05,1.94,71.05,0.5,1.51,Teesta_Lalmonirhat
2005-05-29,0.26,37.23,26.4,2.46,67.06,0.5,2.04,Teesta_Lalmonirhat
2005-05-30,1.2,38.12,26.05,2.27,65.7,0.49,2.08,Teesta_Lalmonirhat
2005-05-31,2.23,39.37,27.56,2.47,61.73,0.49,1.94,Teesta_Lalmonirhat
2005-06-01,4.44,39.9,27.32,2.5,62.84,0.49,1.88,Teesta_Lalmonirhat
2005-06-02,0.06,40.66,27.03,2.29,56.29,0.48,2.0,Teesta_Lalmonirhat
2005-06-03,6.35,38.14,27.03,3.16,64.18,0.48,1.63,Teesta_Lalmonirhat
2005-06-04,16.34,36.76,26.71,2.95,68.55,0.5,2.28,Teesta_Lalmonirhat
2005-06-05,0.32,35.96,26.71,2.73,66.51,0.5,1.95,Teesta_Lalmonirhat
2005-06-06,0.1,33.32,26.43,2.82,65.9,0.49,1.4,Teesta_Lalmonirhat
2005-06-07,0.8,34.85,25.41,1.23,62.88,0.48,1.42,Teesta_Lalmonirhat
2005-06-08,3.69,36.54,26.51,1.13,63.06,0.48,1.51,Teesta_Lalmonirhat
2005-06-09,16.88,36.03,26.86,1.61,69.55,0.5,1.85,Teesta_Lalmonirhat
2005-06-10,0.73,37.62,26.72,1.21,62.46,0.5,2.43,Teesta_Lalmonirhat
2005-06-11,0.13,38.06,27.14,2.03,60.61,0.49,2.09,Teesta_Lalmonirhat
2005-06-12,2.09,36.04,27.88,1.81,64.51,0.49,1.33,Teesta_Lalmonirhat
2005-06-13,2.14,34.95,27.82,2.22,68.37,0.49,1.08,Teesta_Lalmonirhat
2005-06-14,1.01,35.66,28.01,1.33,65.22,0.48,1.04,Teesta_Lalmonirhat
2005-06-15,0.18,38.21,27.79,2.56,61.35,0.48,1.45,Teesta_Lalmonirhat
2005-06-16,3.54,36.49,28.64,2.44,66.91,0.47,1.11,Teesta_Lalmonirhat
2005-06-17,20.59,36.87,27.62,1.91,69.73,0.49,1.55,Teesta_Lalmonirhat
2005-06-18,11.26,37.07,27.94,2.33,72.85,0.51,1.98,Teesta_Lalmonirhat
2005-06-19,8.77,34.56,27.9,2.37,76.49,0.52,1.33,Teesta_Lalmonirhat
2005-06-20,2.87,34.13,27.82,2.47,73.78,0.52,1.2,Teesta_Lalmonirhat
2005-06-21,6.15,33.54,27.71,2.03,74.32,0.52,1.29,Teesta_Lalmonirhat
2005-06-22,20.36,33.39,27.17,3.06,79.21,0.54,2.02,Teesta_Lalmonirhat
2005-06-23,5.0,34.13,26.9,2.3,77.32,0.55,1.98,Teesta_Lalmonirhat
2005-06-24,2.67,35.22,26.86,2.65,73.85,0.55,3.0,Teesta_Lalmonirhat
2005-06-25,0.53,35.74,27.52,1.74,71.54,0.54,2.67,Teesta_Lalmonirhat
2005-06-26,0.68,36.24,26.91,2.17,69.36,0.53,3.19,Teesta_Lalmonirhat
2005-06-27,0.29,36.67,27.15,3.49,68.21,0.52,2.95,Teesta_Lalmonirhat
2005-06-28,5.4,33.01,27.66,3.9,77.68,0.52,1.25,Teesta_Lalmonirhat
2005-06-29,11.15,30.53,26.79,3.59,84.4,0.53,0.9,Teesta_Lalmonirhat
2005-06-30,2.56,33.52,26.36,1.81,76.6,0.54,1.75,Teesta_Lalmonirhat
2005-07-01,14.08,31.05,26.58,1.69,83.37,0.54,1.0,Teesta_Lalmonirhat
2005-07-02,14.31,32.42,26.17,1.68,82.65,0.57,1.84,Teesta_Lalmonirhat
2005-07-03,8.76,33.21,26.35,2.19,83.48,0.57,2.31,Teesta_Lalmonirhat
2005-07-04,6.19,33.29,26.93,2.15,81.85,0.57,2.36,Teesta_Lalmonirhat
2005-07-05,8.03,31.9,26.5,1.6,82.54,0.58,1.96,Teesta_Lalmonirhat
2005-07-06,0.74,35.29,26.1,1.59,73.59,0.58,4.78,Teesta_Lalmonirhat
2005-07-07,3.59,35.53,25.94,1.77,73.22,0.57,4.32,Teesta_Lalmonirhat
2005-07-08,3.03,35.79,27.14,2.41,74.02,0.56,4.1,Teesta_Lalmonirhat
2005-07-09,2.1,36.14,26.93,2.96,74.03,0.55,3.88,Teesta_Lalmonirhat
2005-07-10,14.39,32.84,27.49,2.31,81.71,0.55,1.48,Teesta_Lalmonirhat
2005-07-11,58.62,30.24,26.85,2.36,90.68,0.61,0.92,Teesta_Lalmonirhat
2005-07-12,43.89,30.44,26.43,2.31,88.67,0.69,2.09,Teesta_Lalmonirhat
2005-07-13,47.83,28.98,26.38,2.92,91.91,0.75,0.81,Teesta_Lalmonirhat
2005-07-14,89.45,28.13,25.64,3.65,93.21,0.81,0.66,Teesta_Lalmonirhat
2005-07-15,102.73,28.03,24.83,3.66,93.14,0.92,0.55,Teesta_Lalmonirhat
2005-07-16,36.29,30.58,24.69,2.2,87.99,0.94,2.27,Teesta_Lalmonirhat
2005-07-17,26.28,30.84,25.31,2.65,88.64,0.94,2.04,Teesta_Lalmonirhat
2005-07-18,12.86,30.12,25.82,3.39,91.05,0.94,1.38,Teesta_Lalmonirhat
2005-07-19,7.1,31.03,26.01,3.05,89.11,0.93,1.71,Teesta_Lalmonirhat
2005-07-20,6.73,30.54,26.61,2.4,91.84,0.93,1.03,Teesta_Lalmonirhat
2005-07-21,10.7,31.93,26.07,1.54,87.61,0.92,2.5,Teesta_Lalmonirhat
2005-07-22,4.79,32.56,26.58,1.34,84.1,0.92,2.89,Teesta_Lalmonirhat
2005-07-23,1.18,33.25,27.02,1.43,83.2,0.91,3.11,Teesta_Lalmonirhat
2005-07-24,0.9,32.44,27.55,1.43,83.91,0.9,3.31,Teesta_Lalmonirhat
2005-07-25,3.2,32.14,27.07,1.78,86.65,0.89,2.37,Teesta_Lalmonirhat
2005-07-26,4.37,29.7,27.43,2.7,90.91,0.89,0.93,Teesta_Lalmonirhat
2005-07-27,2.12,31.91,26.47,1.98,89.75,0.89,1.93,Teesta_Lalmonirhat
2005-07-28,0.5,32.36,26.75,1.57,85.68,0.88,2.91,Teesta_Lalmonirhat
2005-07-29,0.66,34.05,26.88,1.81,83.72,0.87,3.75,Teesta_Lalmonirhat
2005-07-30,3.13,33.32,27.26,2.24,86.61,0.86,3.17,Teesta_Lalmonirhat
2005-07-31,0.8,31.6,26.92,1.36,85.72,0.86,2.56,Teesta_Lalmonirhat
2005-08-01,0.0,32.98,26.73,1.38,83.19,0.85,4.14,Teesta_Lalmonirhat
2005-08-02,3.7,35.24,27.75,1.06,77.7,0.84,4.86,Teesta_Lalmonirhat
2005-08-03,8.05,31.37,27.34,2.99,89.22,0.83,2.18,Teesta_Lalmonirhat
2005-08-04,16.15,32.96,26.44,2.83,86.7,0.83,3.32,Teesta_Lalmonirhat
2005-08-05,16.38,32.27,26.9,1.95,85.47,0.85,3.69,Teesta_Lalmonirhat
2005-08-06,37.92,31.54,27.02,1.47,88.68,0.87,1.53,Teesta_Lalmonirhat
2005-08-07,61.97,32.41,27.23,1.62,87.27,0.9,1.89,Teesta_Lalmonirhat
2005-08-08,31.03,30.41,26.57,1.1,86.9,0.94,1.01,Teesta_Lalmonirhat
2005-08-09,17.71,31.98,25.45,0.94,84.66,0.94,2.15,Teesta_Lalmonirhat
2005-08-10,25.96,33.07,26.7,1.0,81.01,0.94,3.55,Teesta_Lalmonirhat
2005-08-11,17.89,30.87,26.66,1.04,87.72,0.94,1.45,Teesta_Lalmonirhat
2005-08-12,8.29,31.78,26.25,0.95,86.24,0.94,2.14,Teesta_Lalmonirhat
2005-08-13,4.42,33.52,27.25,0.77,80.11,0.93,3.6,Teesta_Lalmonirhat
2005-08-14,40.52,34.49,27.67,1.28,80.96,0.94,3.82,Teesta_Lalmonirhat
2005-08-15,25.68,32.09,26.14,2.92,85.99,0.95,2.71,Teesta_Lalmonirhat
2005-08-16,3.18,31.49,26.61,1.85,88.12,0.94,2.56,Teesta_Lalmonirhat
2005-08-17,1.62,32.11,26.68,1.53,87.86,0.93,2.7,Teesta_Lalmonirhat
2005-08-18,11.31,32.06,26.53,1.72,86.64,0.93,2.56,Teesta_Lalmonirhat
2005-08-19,16.64,31.32,26.46,0.97,85.48,0.93,2.31,Teesta_Lalmonirhat
2005-08-20,30.26,30.18,26.51,1.85,89.4,0.94,1.1,Teesta_Lalmonirhat
2005-08-21,9.03,30.48,25.97,2.28,89.4,0.94,2.17,Teesta_Lalmonirhat
2005-08-22,7.5,32.63,26.16,1.83,87.12,0.94,3.31,Teesta_Lalmonirhat
2005-08-23,8.83,30.68,26.45,2.41,92.77,0.93,1.04,Teesta_Lalmonirhat
2005-08-24,20.05,29.17,26.4,1.23,88.55,0.93,1.02,Teesta_Lalmonirhat
2005-08-25,7.81,30.25,25.25,1.04,86.33,0.94,1.98,Teesta_Lalmonirhat
2005-08-26,9.64,31.27,25.11,1.52,86.85,0.94,2.93,Teesta_Lalmonirhat
2005-08-27,11.29,30.71,26.07,2.3,89.14,0.93,1.77,Teesta_Lalmonirhat
2005-08-28,19.05,31.09,24.79,2.26,87.84,0.94,2.84,Teesta_Lalmonirhat
2005-08-29,5.59,31.6,25.19,2.26,87.27,0.93,3.39,Teesta_Lalmonirhat
2005-08-30,23.86,32.03,25.25,1.37,86.26,0.93,3.49,Teesta_Lalmonirhat
2005-08-31,6.89,31.68,25.89,1.02,84.13,0.93,2.61,Teesta_Lalmonirhat
2005-09-01,0.79,32.91,26.16,1.2,79.57,0.92,4.15,Teesta_Lalmonirhat
2005-09-02,0.99,33.33,26.27,0.93,77.82,0.91,4.96,Teesta_Lalmonirhat
2005-09-03,5.11,32.96,27.2,1.08,80.68,0.91,3.16,Teesta_Lalmonirhat
2005-09-04,3.63,31.54,26.0,1.34,86.88,0.9,3.26,Teesta_Lalmonirhat
2005-09-05,6.56,30.77,25.79,0.81,83.72,0.9,2.55,Teesta_Lalmonirhat
2005-09-06,15.07,28.89,25.7,0.98,87.8,0.9,1.49,Teesta_Lalmonirhat
2005-09-07,14.7,32.54,24.7,0.84,80.52,0.91,5.32,Teesta_Lalmonirhat
2005-09-08,7.27,32.74,26.54,0.72,81.31,0.91,4.19,Teesta_Lalmonirhat
2005-09-09,7.81,32.53,25.63,1.75,84.44,0.9,3.9,Teesta_Lalmonirhat
2005-09-10,5.19,32.38,26.6,1.36,81.76,0.9,4.01,Teesta_Lalmonirhat
2005-09-11,5.02,31.14,25.73,1.49,87.36,0.89,2.57,Teesta_Lalmonirhat
2005-09-12,1.19,30.55,25.63,2.23,89.22,0.89,2.23,Teesta_Lalmonirhat
2005-09-13,0.2,30.71,25.8,2.07,87.94,0.88,2.86,Teesta_Lalmonirhat
2005-09-14,0.79,30.77,25.23,1.53,84.43,0.87,2.69,Teesta_Lalmonirhat
2005-09-15,0.19,32.69,24.34,1.53,75.76,0.86,5.18,Teesta_Lalmonirhat
2005-09-16,0.38,32.64,24.64,2.03,77.02,0.85,5.42,Teesta_Lalmonirhat
2005-09-17,0.26,30.96,24.97,2.67,84.66,0.84,4.74,Teesta_Lalmonirhat
2005-09-18,3.88,31.6,25.38,2.03,86.93,0.83,3.38,Teesta_Lalmonirhat
2005-09-19,6.15,33.75,24.98,0.89,79.73,0.83,6.14,Teesta_Lalmonirhat
2005-09-20,19.37,30.78,26.11,0.95,88.05,0.83,1.8,Teesta_Lalmonirhat
2005-09-21,34.39,29.12,25.01,1.42,91.32,0.87,1.72,Teesta_Lalmonirhat
2005-09-22,1.71,28.84,24.44,1.19,90.07,0.87,2.43,Teesta_Lalmonirhat
2005-09-23,1.19,30.95,24.82,1.63,88.45,0.86,4.17,Teesta_Lalmonirhat
2005-09-24,12.45,30.21,25.55,2.08,91.25,0.86,2.19,Teesta_Lalmonirhat
2005-09-25,9.73,30.88,25.58,1.98,88.75,0.87,2.84,Teesta_Lalmonirhat
2005-09-26,15.74,31.17,25.28,1.34,87.74,0.87,3.38,Teesta_Lalmonirhat
2005-09-27,2.24,31.11,25.11,0.61,85.05,0.87,4.46,Teesta_Lalmonirhat
2005-09-28,0.04,32.19,24.35,0.93,83.48,0.86,6.35,Teesta_Lalmonirhat
2005-09-29,13.65,31.78,24.69,1.07,83.68,0.86,5.21,Teesta_Lalmonirhat
2005-09-30,13.66,30.97,24.99,1.39,86.8,0.87,2.69,Teesta_Lalmonirhat
2005-10-01,11.4,29.22,24.08,2.14,89.68,0.87,2.74,Teesta_Lalmonirhat
2005-10-02,108.14,27.89,22.77,3.64,92.65,0.9,1.01,Teesta_Lalmonirhat
2005-10-03,47.93,27.09,22.55,3.23,92.58,0.94,1.42,Teesta_Lalmonirhat
2005-10-04,100.04,26.82,22.68,3.04,92.67,0.96,0.78,Teesta_Lalmonirhat
2005-10-05,18.57,28.46,22.74,1.85,87.13,0.97,1.5,Teesta_Lalmonirhat
2005-10-06,2.48,29.6,22.62,1.04,82.28,0.96,3.85,Teesta_Lalmonirhat
2005-10-07,0.37,30.27,22.41,0.82,81.66,0.95,4.66,Teesta_Lalmonirhat
2005-10-08,0.06,30.52,22.76,1.02,83.26,0.94,5.0,Teesta_Lalmonirhat
2005-10-09,0.01,29.87,21.5,1.66,84.42,0.93,4.02,Teesta_Lalmonirhat
2005-10-10,0.0,30.51,22.12,1.22,79.35,0.92,4.82,Teesta_Lalmonirhat
2005-10-11,0.01,30.81,22.04,0.86,75.02,0.91,5.9,Teesta_Lalmonirhat
2005-10-12,0.0,30.15,21.61,0.99,81.9,0.91,5.04,Teesta_Lalmonirhat
2005-10-13,0.0,30.21,21.85,0.65,78.62,0.9,5.66,Teesta_Lalmonirhat
2005-10-14,0.0,28.84,22.46,0.92,79.73,0.89,3.76,Teesta_Lalmonirhat
2005-10-15,0.0,29.08,21.59,0.93,81.12,0.89,4.29,Teesta_Lalmonirhat
2005-10-16,0.0,29.72,22.48,0.36,77.66,0.88,4.91,Teesta_Lalmonirhat
2005-10-17,3.42,29.63,23.19,0.43,75.81,0.88,4.71,Teesta_Lalmonirhat
2005-10-18,15.29,27.5,23.22,0.87,85.68,0.88,1.12,Teesta_Lalmonirhat
2005-10-19,6.77,27.14,22.18,1.85,90.23,0.88,2.17,Teesta_Lalmonirhat
2005-10-20,19.96,25.92,21.69,1.99,92.65,0.89,1.24,Teesta_Lalmonirhat
2005-10-21,36.6,24.03,20.87,3.08,94.13,0.91,0.54,Teesta_Lalmonirhat
2005-10-22,57.06,24.48,21.29,3.59,94.06,0.95,0.52,Teesta_Lalmonirhat
2005-10-23,7.72,27.82,21.38,2.03,90.67,0.95,2.8,Teesta_Lalmonirhat
2005-10-24,0.47,27.62,20.87,1.35,87.67,0.94,3.1,Teesta_Lalmonirhat
2005-10-25,0.02,27.22,19.87,1.47,88.37,0.93,3.57,Teesta_Lalmonirhat
2005-10-26,0.01,27.88,19.67,0.95,85.54,0.92,3.77,Teesta_Lalmonirhat
2005-10-27,0.05,28.3,20.51,0.98,85.77,0.92,3.72,Teesta_Lalmonirhat
2005-10-28,0.0,27.47,19.62,1.74,86.79,0.91,3.27,Teesta_Lalmonirhat
2005-10-29,0.0,27.93,19.0,0.84,76.27,0.9,4.53,Teesta_Lalmonirhat
2005-10-30,0.0,28.61,18.3,0.9,78.88,0.9,4.41,Teesta_Lalmonirhat
2005-10-31,0.0,28.45,19.51,0.71,76.5,0.89,4.13,Teesta_Lalmonirhat
2005-11-01,0.0,27.29,18.43,0.65,72.13,0.88,3.95,Teesta_Lalmonirhat
2005-11-02,0.0,26.22,17.9,1.32,82.54,0.88,3.57,Teesta_Lalmonirhat
2005-11-03,0.0,26.45,17.28,1.14,79.46,0.87,3.9,Teesta_Lalmonirhat
2005-11-04,0.0,26.85,17.09,0.84,71.14,0.86,4.27,Teesta_Lalmonirhat
2005-11-05,0.0,27.06,16.74,0.53,70.28,0.86,4.13,Teesta_Lalmonirhat
2005-11-06,0.0,25.61,15.31,1.05,77.32,0.85,3.45,Teesta_Lalmonirhat
2005-11-07,0.0,25.88,15.42,1.36,80.91,0.84,3.35,Teesta_Lalmonirhat
2005-11-08,0.0,26.76,17.4,1.25,77.7,0.84,3.56,Teesta_Lalmonirhat
2005-11-09,0.0,27.23,17.22,0.9,74.89,0.83,4.11,Teesta_Lalmonirhat
2005-11-10,0.01,26.94,16.87,0.9,73.6,0.82,4.01,Teesta_Lalmonirhat
2005-11-11,0.0,26.75,17.11,0.39,75.78,0.81,3.83,Teesta_Lalmonirhat
2005-11-12,0.0,25.89,16.77,0.49,77.42,0.81,3.55,Teesta_Lalmonirhat
2005-11-13,0.0,25.12,16.21,0.56,78.78,0.8,3.22,Teesta_Lalmonirhat
2005-11-14,0.0,25.27,15.62,0.65,81.03,0.79,3.29,Teesta_Lalmonirhat
2005-11-15,0.0,25.27,17.63,0.73,83.21,0.79,3.22,Teesta_Lalmonirhat
2005-11-16,0.0,25.79,16.85,0.67,83.85,0.78,3.26,Teesta_Lalmonirhat
2005-11-17,0.0,25.63,16.82,1.03,83.98,0.78,2.53,Teesta_Lalmonirhat
2005-11-18,0.0,24.51,15.56,0.62,78.13,0.77,2.25,Teesta_Lalmonirhat
2005-11-19,0.0,24.09,16.15,1.77,89.41,0.77,2.02,Teesta_Lalmonirhat
2005-11-20,0.0,24.52,15.41,1.18,83.04,0.77,2.61,Teesta_Lalmonirhat
2005-11-21,0.0,24.89,15.92,0.75,80.23,0.76,3.06,Teesta_Lalmonirhat
2005-11-22,0.06,25.41,16.86,0.75,80.64,0.76,2.91,Teesta_Lalmonirhat
2005-11-23,0.07,24.68,16.5,1.07,81.28,0.75,2.1,Teesta_Lalmonirhat
2005-11-24,0.0,24.29,15.6,0.85,83.78,0.75,1.63,Teesta_Lalmonirhat
2005-11-25,0.0,23.53,16.72,1.53,88.71,0.74,2.0,Teesta_Lalmonirhat
2005-11-26,0.0,23.42,14.74,1.2,88.03,0.74,2.31,Teesta_Lalmonirhat
2005-11-27,0.0,23.31,14.22,0.85,86.42,0.73,2.39,Teesta_Lalmonirhat
2005-11-28,0.0,22.82,13.07,1.13,87.9,0.73,2.12,Teesta_Lalmonirhat
2005-11-29,0.0,23.33,12.66,0.93,84.09,0.72,2.23,Teesta_Lalmonirhat
2005-11-30,0.0,22.94,12.48,0.87,84.23,0.72,2.01,Teesta_Lalmonirhat
2005-12-01,0.0,23.05,12.81,1.07,87.32,0.71,1.93,Teesta_Lalmonirhat
2005-12-02,0.0,23.55,13.14,1.02,84.33,0.71,2.12,Teesta_Lalmonirhat
2005-12-03,0.0,23.51,12.59,0.89,83.07,0.71,2.06,Teesta_Lalmonirhat
2005-12-04,0.0,23.09,12.81,0.59,79.4,0.7,1.98,Teesta_Lalmonirhat
2005-12-05,0.0,22.24,10.17,0.76,82.49,0.7,1.59,Teesta_Lalmonirhat
2005-12-06,0.0,22.33,12.29,1.05,82.97,0.69,1.9,Teesta_Lalmonirhat
2005-12-07,0.0,23.26,12.24,0.87,83.16,0.69,1.95,Teesta_Lalmonirhat
2005-12-08,0.0,23.15,11.05,1.22,81.89,0.68,1.95,Teesta_Lalmonirhat
2005-12-09,0.0,23.46,11.94,0.89,78.65,0.68,1.99,Teesta_Lalmonirhat
2005-12-10,0.0,23.31,10.99,0.86,78.6,0.67,1.94,Teesta_Lalmonirhat
2005-12-11,0.0,23.39,11.2,0.49,80.06,0.67,1.9,Teesta_Lalmonirhat
2005-12-12,0.0,22.52,11.19,0.72,79.15,0.66,1.77,Teesta_Lalmonirhat
2005-12-13,0.0,22.89,10.41,0.31,72.03,0.66,1.68,Teesta_Lalmonirhat
2005-12-14,0.0,21.7,10.37,1.21,77.64,0.66,1.45,Teesta_Lalmonirhat
2005-12-15,0.0,22.59,12.15,1.74,74.87,0.65,1.5,Teesta_Lalmonirhat
2005-12-16,0.0,23.36,12.15,1.1,73.44,0.65,1.51,Teesta_Lalmonirhat
2005-12-17,0.0,23.6,11.02,0.81,77.02,0.64,1.45,Teesta_Lalmonirhat
2005-12-18,0.0,24.17,11.82,0.61,77.92,0.64,1.5,Teesta_Lalmonirhat
2005-12-19,0.0,23.71,11.16,0.65,75.54,0.64,1.39,Teesta_Lalmonirhat
2005-12-20,0.0,23.18,11.33,0.96,82.38,0.63,1.26,Teesta_Lalmonirhat
2005-12-21,0.0,24.25,12.05,1.44,84.38,0.63,1.33,Teesta_Lalmonirhat
2005-12-22,0.05,24.43,13.85,1.46,79.78,0.63,1.07,Teesta_Lalmonirhat
2005-12-23,0.07,24.37,15.28,0.96,84.8,0.62,1.3,Teesta_Lalmonirhat
2005-12-24,0.0,23.58,13.32,1.25,83.97,0.62,1.32,Teesta_Lalmonirhat
2005-12-25,0.0,23.98,13.58,0.81,81.55,0.61,1.28,Teesta_Lalmonirhat
2005-12-26,0.0,23.1,10.93,1.36,78.37,0.61,1.07,Teesta_Lalmonirhat
2005-12-27,0.0,22.03,9.73,0.76,76.55,0.61,0.79,Teesta_Lalmonirhat
2005-12-28,0.0,22.39,10.72,1.15,81.53,0.61,0.95,Teesta_Lalmonirhat
2005-12-29,0.0,22.72,11.02,0.56,77.28,0.6,0.98,Teesta_Lalmonirhat
2005-12-30,0.0,22.37,10.89,0.93,77.91,0.6,0.97,Teesta_Lalmonirhat
2005-12-31,0.0,22.72,10.03,0.87,79.75,0.6,0.94,Teesta_Lalmonirhat
2006-01-01,0.0,22.49,9.95,1.2,81.68,0.59,0.94,Teesta_Lalmonirhat
2006-01-02,0.0,22.57,9.75,1.24,82.67,0.59,0.91,Teesta_Lalmonirhat
2006-01-03,0.0,22.57,9.55,0.55,80.14,0.59,0.89,Teesta_Lalmonirhat
2006-01-04,0.0,22.32,9.33,1.0,77.22,0.58,0.84,Teesta_Lalmonirhat
2006-01-05,0.0,22.22,9.79,0.88,76.56,0.58,0.76,Teesta_Lalmonirhat
2006-01-06,0.0,22.15,10.05,0.79,80.13,0.58,0.7,Teesta_Lalmonirhat
2006-01-07,0.0,22.68,10.46,0.58,74.21,0.58,0.71,Teesta_Lalmonirhat
2006-01-08,0.0,21.96,9.74,0.67,72.62,0.57,0.72,Teesta_Lalmonirhat
2006-01-09,0.0,22.12,8.66,0.71,76.06,0.57,0.7,Teesta_Lalmonirhat
2006-01-10,0.0,21.87,8.61,0.53,67.73,0.57,0.72,Teesta_Lalmonirhat
2006-01-11,0.0,22.02,9.1,0.87,62.97,0.56,0.58,Teesta_Lalmonirhat
2006-01-12,0.0,21.4,8.38,0.62,69.09,0.56,0.47,Teesta_Lalmonirhat
2006-01-13,0.0,21.0,8.3,0.93,74.64,0.56,0.41,Teesta_Lalmonirhat
2006-01-14,0.0,20.56,9.16,1.02,70.95,0.56,0.32,Teesta_Lalmonirhat
2006-01-15,0.0,20.42,9.52,1.06,81.55,0.56,0.39,Teesta_Lalmonirhat
2006-01-16,0.0,20.43,9.61,0.85,78.94,0.55,0.41,Teesta_Lalmonirhat
2006-01-17,0.0,21.5,9.64,1.07,74.72,0.55,0.44,Teesta_Lalmonirhat
2006-01-18,0.0,22.38,9.85,1.17,74.72,0.55,0.42,Teesta_Lalmonirhat
2006-01-19,0.0,23.66,11.67,1.27,73.67,0.55,0.53,Teesta_Lalmonirhat
2006-01-20,0.0,21.8,10.25,1.26,77.76,0.55,0.54,Teesta_Lalmonirhat
2006-01-21,0.0,22.53,8.78,1.51,69.27,0.54,0.63,Teesta_Lalmonirhat
2006-01-22,0.0,22.24,7.72,1.35,63.5,0.54,0.57,Teesta_Lalmonirhat
2006-01-23,0.0,22.66,9.38,0.94,56.69,0.54,0.58,Teesta_Lalmonirhat
2006-01-24,0.0,22.18,8.58,1.14,72.3,0.54,0.47,Teesta_Lalmonirhat
2006-01-25,0.0,22.6,10.67,0.73,60.89,0.53,0.55,Teesta_Lalmonirhat
2006-01-26,0.0,23.89,10.28,0.86,69.33,0.53,0.59,Teesta_Lalmonirhat
2006-01-27,0.0,24.05,10.57,0.99,69.21,0.53,0.62,Teesta_Lalmonirhat
2006-01-28,0.0,24.72,10.66,0.42,68.13,0.52,0.65,Teesta_Lalmonirhat
2006-01-29,0.0,24.88,10.06,0.62,62.52,0.52,0.6,Teesta_Lalmonirhat
2006-01-30,0.0,24.94,10.02,1.13,67.86,0.52,0.54,Teesta_Lalmonirhat
2006-01-31,0.0,26.01,11.2,1.13,71.14,0.52,0.59,Teesta_Lalmonirhat
2006-02-01,0.0,26.2,11.61,1.2,69.76,0.51,0.61,Teesta_Lalmonirhat
2006-02-02,0.0,27.37,13.41,0.53,61.82,0.51,0.57,Teesta_Lalmonirhat
2006-02-03,0.0,27.19,13.84,0.58,64.57,0.51,0.53,Teesta_Lalmonirhat
2006-02-04,0.0,26.83,14.11,1.22,69.55,0.51,0.5,Teesta_Lalmonirhat
2006-02-05,0.03,26.93,13.73,0.9,61.51,0.5,0.44,Teesta_Lalmonirhat
2006-02-06,0.0,25.86,12.57,1.36,74.54,0.5,0.5,Teesta_Lalmonirhat
2006-02-07,0.0,27.45,12.85,1.36,71.61,0.5,0.6,Teesta_Lalmonirhat
2006-02-08,0.0,27.26,13.02,1.26,67.4,0.49,0.58,Teesta_Lalmonirhat
2006-02-09,0.0,27.42,14.2,1.28,67.51,0.49,0.52,Teesta_Lalmonirhat
2006-02-10,0.0,28.3,13.16,1.08,63.64,0.49,0.59,Teesta_Lalmonirhat
2006-02-11,0.0,27.92,14.35,0.81,63.44,0.49,0.56,Teesta_Lalmonirhat
2006-02-12,0.0,28.76,14.38,0.96,59.84,0.48,0.51,Teesta_Lalmonirhat
2006-02-13,0.0,27.88,13.79,1.17,60.76,0.48,0.41,Teesta_Lalmonirhat
2006-02-14,0.12,28.78,15.87,1.12,53.12,0.48,0.41,Teesta_Lalmonirhat
2006-02-15,0.06,29.76,16.19,1.68,57.88,0.48,0.44,Teesta_Lalmonirhat
2006-02-16,0.01,30.66,15.52,1.72,52.14,0.47,0.49,Teesta_Lalmonirhat
2006-02-17,0.0,29.57,15.23,1.42,45.55,0.47,0.48,Teesta_Lalmonirhat
2006-02-18,0.45,29.79,15.38,1.55,55.61,0.47,0.46,Teesta_Lalmonirhat
2006-02-19,0.22,29.94,16.39,2.15,65.77,0.46,0.48,Teesta_Lalmonirhat
2006-02-20,0.0,30.31,17.65,1.61,65.82,0.46,0.49,Teesta_Lalmonirhat
2006-02-21,0.17,30.04,18.67,1.22,65.96,0.46,0.45,Teesta_Lalmonirhat
2006-02-22,1.56,30.86,18.09,1.35,63.12,0.46,0.47,Teesta_Lalmonirhat
2006-02-23,0.19,30.62,17.45,1.19,62.28,0.46,0.51,Teesta_Lalmonirhat
2006-02-24,0.0,31.99,18.15,1.2,58.79,0.45,0.5,Teesta_Lalmonirhat
2006-02-25,0.0,30.69,17.73,1.45,62.41,0.45,0.48,Teesta_Lalmonirhat
2006-02-26,0.0,33.03,17.38,1.74,59.88,0.45,0.5,Teesta_Lalmonirhat
2006-02-27,0.0,34.96,17.6,3.01,43.09,0.45,0.59,Teesta_Lalmonirhat
2006-02-28,0.0,34.77,16.26,4.19,36.44,0.44,0.64,Teesta_Lalmonirhat
2006-03-01,0.0,33.36,14.48,2.14,33.24,0.44,0.48,Teesta_Lalmonirhat
2006-03-02,0.0,32.33,16.14,0.8,31.86,0.43,0.42,Teesta_Lalmonirhat
2006-03-03,0.0,31.17,14.95,1.18,34.65,0.43,0.38,Teesta_Lalmonirhat
2006-03-04,0.0,31.14,14.13,1.52,35.47,0.43,0.36,Teesta_Lalmonirhat
2006-03-05,0.0,31.07,13.78,1.27,42.6,0.42,0.34,Teesta_Lalmonirhat
2006-03-06,0.04,32.49,14.82,1.44,42.94,0.42,0.33,Teesta_Lalmonirhat
2006-03-07,0.0,33.04,15.5,1.6,43.81,0.42,0.33,Teesta_Lalmonirhat
2006-03-08,0.0,33.17,16.21,1.52,44.26,0.41,0.3,Teesta_Lalmonirhat
2006-03-09,0.0,33.96,18.61,1.24,46.01,0.41,0.25,Teesta_Lalmonirhat
2006-03-10,0.69,34.57,19.48,1.14,46.0,0.41,0.27,Teesta_Lalmonirhat
2006-03-11,3.09,30.03,19.84,2.4,55.11,0.41,0.13,Teesta_Lalmonirhat
2006-03-12,1.0,30.78,17.19,2.37,60.27,0.41,0.23,Teesta_Lalmonirhat
2006-03-13,0.51,31.55,18.93,1.84,49.85,0.41,0.26,Teesta_Lalmonirhat
2006-03-14,0.57,32.94,18.05,1.76,49.8,0.41,0.26,Teesta_Lalmonirhat
2006-03-15,0.79,33.66,20.42,1.18,44.58,0.4,0.23,Teesta_Lalmonirhat
2006-03-16,0.41,26.11,18.7,1.68,66.35,0.4,0.1,Teesta_Lalmonirhat
2006-03-17,0.51,32.28,17.08,2.09,51.2,0.4,0.22,Teesta_Lalmonirhat
2006-03-18,0.1,32.37,15.91,1.39,35.48,0.4,0.21,Teesta_Lalmonirhat
2006-03-19,0.0,32.17,14.86,0.95,42.72,0.4,0.2,Teesta_Lalmonirhat
2006-03-20,0.0,33.04,16.11,1.12,39.19,0.39,0.18,Teesta_Lalmonirhat
2006-03-21,0.0,33.45,16.17,1.43,38.08,0.39,0.16,Teesta_Lalmonirhat
2006-03-22,0.99,34.55,18.21,1.62,37.71,0.39,0.16,Teesta_Lalmonirhat
2006-03-23,0.54,34.24,19.84,1.36,33.04,0.39,0.16,Teesta_Lalmonirhat
2006-03-24,0.0,34.61,17.48,1.33,39.32,0.39,0.15,Teesta_Lalmonirhat
2006-03-25,0.0,36.03,17.49,1.74,39.48,0.38,0.14,Teesta_Lalmonirhat
2006-03-26,0.0,37.17,18.94,1.89,40.21,0.38,0.13,Teesta_Lalmonirhat
2006-03-27,0.0,39.69,21.96,3.51,23.78,0.38,0.14,Teesta_Lalmonirhat
2006-03-28,0.02,38.17,19.32,3.23,23.39,0.38,0.12,Teesta_Lalmonirhat
2006-03-29,0.0,36.83,17.35,2.5,20.47,0.37,0.1,Teesta_Lalmonirhat
2006-03-30,0.0,36.91,18.82,1.61,23.51,0.37,0.08,Teesta_Lalmonirhat
2006-03-31,0.0,35.94,18.49,1.23,30.38,0.37,0.07,Teesta_Lalmonirhat
2006-04-01,0.08,36.71,19.59,1.59,34.12,0.37,0.07,Teesta_Lalmonirhat
2006-04-02,0.74,35.81,20.89,2.16,39.97,0.37,0.06,Teesta_Lalmonirhat
2006-04-03,10.25,33.95,20.75,1.37,47.89,0.38,0.09,Teesta_Lalmonirhat
2006-04-04,2.44,34.29,21.86,1.78,55.7,0.38,0.1,Teesta_Lalmonirhat
2006-04-05,1.96,34.91,22.01,1.5,62.4,0.39,0.13,Teesta_Lalmonirhat
2006-04-06,1.82,34.6,22.88,3.01,61.17,0.39,0.13,Teesta_Lalmonirhat
2006-04-07,1.94,34.23,22.19,2.76,57.16,0.39,0.13,Teesta_Lalmonirhat
2006-04-08,0.52,34.41,22.68,2.92,56.38,0.38,0.12,Teesta_Lalmonirhat
2006-04-09,1.85,33.41,22.28,3.15,59.44,0.38,0.11,Teesta_Lalmonirhat
2006-04-10,5.14,34.62,23.85,2.1,61.79,0.39,0.11,Teesta_Lalmonirhat
2006-04-11,1.27,38.85,24.78,2.56,51.95,0.39,0.17,Teesta_Lalmonirhat
2006-04-12,0.13,39.9,21.93,2.22,31.44,0.39,0.17,Teesta_Lalmonirhat
2006-04-13,2.27,38.38,22.01,1.55,41.36,0.38,0.13,Teesta_Lalmonirhat
2006-04-14,1.55,39.22,21.87,1.86,39.63,0.39,0.15,Teesta_Lalmonirhat
2006-04-15,0.0,40.53,20.99,1.42,21.95,0.38,0.14,Teesta_Lalmonirhat
2006-04-16,0.01,39.03,20.41,1.38,34.36,0.38,0.11,Teesta_Lalmonirhat
2006-04-17,2.26,33.36,23.58,1.87,51.4,0.38,0.05,Teesta_Lalmonirhat
2006-04-18,19.46,26.94,21.02,1.71,74.15,0.39,0.03,Teesta_Lalmonirhat
2006-04-19,0.98,31.48,18.4,2.5,62.28,0.42,0.35,Teesta_Lalmonirhat
2006-04-20,0.07,33.87,19.12,1.09,56.34,0.41,0.39,Teesta_Lalmonirhat
2006-04-21,0.63,35.67,20.39,1.36,50.15,0.41,0.35,Teesta_Lalmonirhat
2006-04-22,9.13,34.65,21.24,2.08,56.63,0.42,0.42,Teesta_Lalmonirhat
2006-04-23,2.7,35.19,21.68,1.69,55.31,0.42,0.44,Teesta_Lalmonirhat
2006-04-24,11.97,35.38,21.97,1.82,59.2,0.43,0.71,Teesta_Lalmonirhat
2006-04-25,0.31,36.51,22.24,1.97,54.38,0.43,0.7,Teesta_Lalmonirhat
2006-04-26,3.33,37.46,22.92,1.99,52.12,0.43,0.63,Teesta_Lalmonirhat
2006-04-27,5.63,34.37,22.16,3.45,63.34,0.43,0.55,Teesta_Lalmonirhat
2006-04-28,0.0,37.3,22.78,2.58,56.49,0.43,0.66,Teesta_Lalmonirhat
2006-04-29,0.0,37.94,22.79,2.97,46.95,0.42,0.6,Teesta_Lalmonirhat
2006-04-30,0.0,39.73,23.01,1.73,43.85,0.42,0.52,Teesta_Lalmonirhat
2006-05-01,2.62,38.31,25.07,2.11,52.99,0.42,0.44,Teesta_Lalmonirhat
2006-05-02,2.16,38.84,26.42,2.43,52.06,0.42,0.45,Teesta_Lalmonirhat
2006-05-03,0.5,38.04,26.83,1.95,51.8,0.41,0.42,Teesta_Lalmonirhat
2006-05-04,0.49,38.99,25.94,1.29,48.85,0.41,0.41,Teesta_Lalmonirhat
2006-05-05,12.59,36.01,25.27,1.62,58.5,0.42,0.38,Teesta_Lalmonirhat
2006-05-06,7.32,34.79,25.05,2.33,65.96,0.43,0.54,Teesta_Lalmonirhat
2006-05-07,0.79,33.05,25.58,3.66,67.96,0.43,0.44,Teesta_Lalmonirhat
2006-05-08,0.05,36.33,24.66,2.16,58.26,0.43,0.59,Teesta_Lalmonirhat
2006-05-09,0.85,36.38,25.9,1.9,57.38,0.42,0.54,Teesta_Lalmonirhat
2006-05-10,2.77,36.04,26.52,2.69,61.41,0.42,0.46,Teesta_Lalmonirhat
2006-05-11,6.46,34.36,26.17,2.32,67.76,0.43,0.44,Teesta_Lalmonirhat
2006-05-12,11.28,34.02,26.11,2.49,71.75,0.44,0.48,Teesta_Lalmonirhat
2006-05-13,49.25,29.7,25.07,2.37,88.1,0.49,0.38,Teesta_Lalmonirhat
2006-05-14,5.25,29.69,22.02,3.22,76.76,0.53,1.65,Teesta_Lalmonirhat
2006-05-15,0.0,33.91,22.35,3.65,64.26,0.52,2.87,Teesta_Lalmonirhat
2006-05-16,0.03,35.88,23.24,2.26,60.64,0.51,2.41,Teesta_Lalmonirhat
2006-05-17,0.0,36.85,22.93,2.1,56.73,0.5,2.4,Teesta_Lalmonirhat
2006-05-18,0.31,37.9,23.73,0.93,50.96,0.49,2.27,Teesta_Lalmonirhat
2006-05-19,6.43,34.96,25.98,1.18,59.34,0.49,1.43,Teesta_Lalmonirhat
2006-05-20,0.55,36.05,25.62,1.03,55.05,0.49,1.93,Teesta_Lalmonirhat
2006-05-21,2.24,36.37,25.7,1.55,57.14,0.49,1.86,Teesta_Lalmonirhat
2006-05-22,7.38,36.32,25.91,1.25,57.33,0.49,1.87,Teesta_Lalmonirhat
2006-05-23,1.97,36.39,26.97,1.06,56.35,0.48,1.92,Teesta_Lalmonirhat
2006-05-24,1.9,36.63,25.8,1.79,60.18,0.48,1.71,Teesta_Lalmonirhat
2006-05-25,0.38,38.84,27.21,2.15,55.88,0.47,1.63,Teesta_Lalmonirhat
2006-05-26,7.33,36.71,28.2,2.8,61.37,0.47,1.46,Teesta_Lalmonirhat
2006-05-27,18.4,34.56,26.44,3.16,73.0,0.48,1.36,Teesta_Lalmonirhat
2006-05-28,10.92,31.11,25.44,3.22,83.41,0.51,0.67,Teesta_Lalmonirhat
2006-05-29,47.2,33.11,25.62,2.91,81.98,0.54,1.78,Teesta_Lalmonirhat
2006-05-30,32.83,34.12,26.21,2.36,81.89,0.61,4.39,Teesta_Lalmonirhat
2006-05-31,23.17,32.06,25.95,3.99,87.41,0.63,2.29,Teesta_Lalmonirhat
2006-06-01,43.32,31.74,26.86,2.89,88.59,0.67,1.97,Teesta_Lalmonirhat
2006-06-02,36.91,30.18,26.49,2.52,90.51,0.73,1.3,Teesta_Lalmonirhat
2006-06-03,9.42,29.41,25.72,1.71,85.31,0.74,1.98,Teesta_Lalmonirhat
2006-06-04,1.71,32.79,25.23,1.31,78.81,0.73,5.46,Teesta_Lalmonirhat
2006-06-05,3.26,29.62,25.76,1.5,87.46,0.72,2.09,Teesta_Lalmonirhat
2006-06-06,2.26,32.56,25.66,2.29,84.59,0.72,4.07,Teesta_Lalmonirhat
2006-06-07,4.22,31.6,26.45,2.23,86.3,0.71,2.49,Teesta_Lalmonirhat
2006-06-08,1.43,32.57,26.34,2.6,84.35,0.71,5.2,Teesta_Lalmonirhat
2006-06-09,3.88,32.97,26.35,1.86,84.11,0.7,4.69,Teesta_Lalmonirhat
2006-06-10,9.84,29.77,26.28,1.62,87.97,0.7,1.92,Teesta_Lalmonirhat
2006-06-11,4.44,34.17,25.54,2.14,81.21,0.7,5.06,Teesta_Lalmonirhat
2006-06-12,2.8,35.78,26.99,2.43,75.2,0.69,5.81,Teesta_Lalmonirhat
2006-06-13,12.69,34.03,26.11,1.82,82.35,0.69,3.61,Teesta_Lalmonirhat
2006-06-14,14.08,31.93,26.91,1.93,85.27,0.71,3.7,Teesta_Lalmonirhat
2006-06-15,7.9,33.25,26.17,1.95,82.42,0.7,5.05,Teesta_Lalmonirhat
2006-06-16,7.23,33.75,26.45,2.38,82.34,0.7,4.54,Teesta_Lalmonirhat
2006-06-17,1.59,31.83,26.49,1.77,85.52,0.7,3.17,Teesta_Lalmonirhat
2006-06-18,0.58,32.97,26.08,1.56,81.59,0.69,4.6,Teesta_Lalmonirhat
2006-06-19,1.59,34.3,26.6,0.87,73.73,0.68,6.17,Teesta_Lalmonirhat
2006-06-20,0.68,31.67,26.09,1.9,81.0,0.67,3.21,Teesta_Lalmonirhat
2006-06-21,1.62,30.78,25.36,1.68,82.47,0.66,3.52,Teesta_Lalmonirhat
2006-06-22,0.82,32.99,24.64,1.61,81.5,0.65,5.11,Teesta_Lalmonirhat
2006-06-23,2.69,31.44,26.73,2.03,86.9,0.65,2.18,Teesta_Lalmonirhat
2006-06-24,3.96,29.93,26.51,1.39,88.99,0.65,1.33,Teesta_Lalmonirhat
2006-06-25,2.46,30.61,25.91,1.53,85.46,0.65,2.46,Teesta_Lalmonirhat
2006-06-26,18.23,31.14,25.7,1.79,84.26,0.65,3.27,Teesta_Lalmonirhat
2006-06-27,33.01,30.47,25.82,1.9,89.93,0.69,1.64,Teesta_Lalmonirhat
2006-06-28,46.91,31.32,25.72,1.79,89.96,0.74,1.99,Teesta_Lalmonirhat
2006-06-29,22.36,31.61,25.91,1.35,83.52,0.78,3.07,Teesta_Lalmonirhat
2006-06-30,4.87,33.4,26.38,1.04,77.47,0.77,5.5,Teesta_Lalmonirhat
2006-07-01,8.27,34.25,26.95,1.58,80.96,0.76,5.25,Teesta_Lalmonirhat
2006-07-02,10.17,31.02,27.31,2.44,90.22,0.77,1.32,Teesta_Lalmonirhat
2006-07-03,2.92,33.61,27.18,2.3,84.82,0.76,4.39,Teesta_Lalmonirhat
2006-07-04,1.02,32.51,26.43,2.54,85.64,0.75,5.14,Teesta_Lalmonirhat
2006-07-05,1.73,32.88,27.23,2.19,85.51,0.74,4.7,Teesta_Lalmonirhat
2006-07-06,24.41,30.94,27.28,1.98,89.23,0.74,1.59,Teesta_Lalmonirhat
2006-07-07,36.82,32.35,27.08,2.16,87.97,0.79,2.06,Teesta_Lalmonirhat
2006-07-08,17.33,32.02,27.19,1.5,85.5,0.81,2.53,Teesta_Lalmonirhat
2006-07-09,4.16,33.53,26.33,2.0,83.41,0.81,4.85,Teesta_Lalmonirhat
2006-07-10,14.27,33.4,26.22,2.76,85.27,0.8,4.21,Teesta_Lalmonirhat
2006-07-11,14.97,32.17,27.31,1.28,87.82,0.81,2.04,Teesta_Lalmonirhat
2006-07-12,22.88,31.91,27.24,2.29,89.42,0.82,1.88,Teesta_Lalmonirhat
2006-07-13,19.35,32.24,27.08,2.19,88.69,0.84,2.6,Teesta_Lalmonirhat
2006-07-14,4.05,32.7,26.53,2.53,88.53,0.84,3.14,Teesta_Lalmonirhat
2006-07-15,1.41,32.31,27.41,1.71,85.84,0.83,3.14,Teesta_Lalmonirhat
2006-07-16,2.79,33.38,27.0,2.0,83.3,0.82,4.66,Teesta_Lalmonirhat
2006-07-17,0.52,31.62,26.99,1.96,87.27,0.81,2.73,Teesta_Lalmonirhat
2006-07-18,2.37,32.78,26.34,2.22,84.77,0.8,4.84,Teesta_Lalmonirhat
2006-07-19,3.27,32.37,26.42,2.34,85.89,0.79,4.14,Teesta_Lalmonirhat
2006-07-20,5.54,33.17,26.78,2.47,85.38,0.79,4.44,Teesta_Lalmonirhat
2006-07-21,0.05,31.91,25.75,2.67,83.6,0.77,5.1,Teesta_Lalmonirhat
2006-07-22,3.99,31.79,25.62,1.93,83.7,0.76,5.27,Teesta_Lalmonirhat
2006-07-23,14.25,31.76,25.57,1.77,85.93,0.76,3.61,Teesta_Lalmonirhat
2006-07-24,8.12,31.17,26.51,1.41,85.75,0.77,2.62,Teesta_Lalmonirhat
2006-07-25,18.69,30.98,26.63,1.6,88.19,0.78,1.96,Teesta_Lalmonirhat
2006-07-26,64.2,30.03,26.84,1.44,87.32,0.84,1.22,Teesta_Lalmonirhat
2006-07-27,7.6,32.04,25.88,1.29,81.01,0.85,3.93,Teesta_Lalmonirhat
2006-07-28,1.9,31.08,26.61,2.14,85.93,0.84,2.9,Teesta_Lalmonirhat
2006-07-29,1.65,31.97,25.96,2.77,87.17,0.83,3.16,Teesta_Lalmonirhat
2006-07-30,2.29,31.05,26.67,1.95,88.3,0.82,2.05,Teesta_Lalmonirhat
2006-07-31,1.03,33.04,26.08,0.95,80.1,0.81,4.99,Teesta_Lalmonirhat
2006-08-01,7.74,33.96,27.64,1.5,79.59,0.81,4.93,Teesta_Lalmonirhat
2006-08-02,10.7,32.94,25.44,2.29,83.29,0.81,4.33,Teesta_Lalmonirhat
2006-08-03,5.23,30.19,26.21,1.74,87.76,0.8,2.3,Teesta_Lalmonirhat
2006-08-04,1.91,28.98,25.36,2.09,89.85,0.8,1.53,Teesta_Lalmonirhat
2006-08-05,2.1,31.21,24.7,2.48,85.89,0.79,4.82,Teesta_Lalmonirhat
2006-08-06,11.31,31.02,24.52,1.8,85.47,0.79,4.11,Teesta_Lalmonirhat
2006-08-07,2.24,30.75,25.28,1.11,83.72,0.79,3.45,Teesta_Lalmonirhat
2006-08-08,12.33,32.28,25.73,1.14,83.93,0.79,4.01,Teesta_Lalmonirhat
2006-08-09,1.02,33.59,26.18,0.99,75.66,0.78,5.97,Teesta_Lalmonirhat
2006-08-10,4.56,31.0,27.06,1.68,81.22,0.77,2.39,Teesta_Lalmonirhat
2006-08-11,0.59,34.75,26.52,1.69,77.08,0.77,5.77,Teesta_Lalmonirhat
2006-08-12,3.76,32.42,27.53,1.66,85.18,0.76,2.73,Teesta_Lalmonirhat
2006-08-13,2.71,29.3,26.51,1.68,89.35,0.76,1.39,Teesta_Lalmonirhat
2006-08-14,4.39,31.77,25.23,1.59,85.92,0.75,3.45,Teesta_Lalmonirhat
2006-08-15,1.42,33.5,26.66,1.88,84.84,0.75,3.9,Teesta_Lalmonirhat
2006-08-16,0.78,34.31,26.14,1.98,82.05,0.74,6.24,Teesta_Lalmonirhat
2006-08-17,0.65,31.96,26.06,2.07,86.17,0.72,3.97,Teesta_Lalmonirhat
2006-08-18,0.55,32.51,25.75,1.85,85.36,0.72,4.73,Teesta_Lalmonirhat
2006-08-19,2.41,32.36,26.22,1.39,84.78,0.71,3.86,Teesta_Lalmonirhat
2006-08-20,1.52,33.6,26.38,0.89,77.27,0.7,5.37,Teesta_Lalmonirhat
2006-08-21,8.62,33.87,27.48,1.49,80.33,0.7,3.84,Teesta_Lalmonirhat
2006-08-22,5.64,33.1,24.97,2.81,82.77,0.7,5.54,Teesta_Lalmonirhat
2006-08-23,5.01,32.71,25.61,2.8,84.65,0.69,5.12,Teesta_Lalmonirhat
2006-08-24,1.59,32.37,25.9,2.32,83.21,0.68,4.75,Teesta_Lalmonirhat
2006-08-25,5.31,31.57,26.48,2.38,86.78,0.68,3.14,Teesta_Lalmonirhat
2006-08-26,2.64,31.74,26.38,1.83,86.68,0.68,2.78,Teesta_Lalmonirhat
2006-08-27,3.56,33.31,25.34,1.65,79.49,0.67,5.47,Teesta_Lalmonirhat
2006-08-28,12.6,33.08,27.03,1.58,80.81,0.67,4.44,Teesta_Lalmonirhat
2006-08-29,12.41,31.78,26.71,1.98,87.98,0.69,2.42,Teesta_Lalmonirhat
2006-08-30,3.43,30.43,25.55,1.84,85.83,0.68,3.45,Teesta_Lalmonirhat
2006-08-31,2.42,32.05,24.48,1.31,83.13,0.68,4.92,Teesta_Lalmonirhat
2006-09-01,0.31,31.65,25.23,1.06,81.75,0.67,3.64,Teesta_Lalmonirhat
2006-09-02,6.38,33.0,25.64,1.01,80.57,0.67,4.56,Teesta_Lalmonirhat
2006-09-03,1.48,33.23,25.46,1.98,81.18,0.66,5.08,Teesta_Lalmonirhat
2006-09-04,0.29,32.45,24.33,1.83,81.52,0.65,5.93,Teesta_Lalmonirhat
2006-09-05,0.01,32.68,24.74,1.9,80.22,0.64,5.96,Teesta_Lalmonirhat
2006-09-06,0.03,33.05,25.1,2.65,81.2,0.63,5.58,Teesta_Lalmonirhat
2006-09-07,7.11,32.68,25.57,2.82,83.13,0.62,3.83,Teesta_Lalmonirhat
2006-09-08,20.89,29.93,26.45,1.23,86.89,0.64,1.07,Teesta_Lalmonirhat
2006-09-09,11.54,29.19,25.17,1.33,86.28,0.67,1.52,Teesta_Lalmonirhat
2006-09-10,7.67,31.17,24.78,1.46,84.38,0.67,3.65,Teesta_Lalmonirhat
2006-09-11,10.14,28.4,24.98,2.32,91.93,0.68,1.4,Teesta_Lalmonirhat
2006-09-12,20.89,29.69,24.57,1.99,91.73,0.69,1.8,Teesta_Lalmonirhat
2006-09-13,6.92,30.27,24.82,1.83,87.86,0.7,2.86,Teesta_Lalmonirhat
2006-09-14,4.77,31.37,24.85,1.3,85.56,0.7,4.06,Teesta_Lalmonirhat
2006-09-15,3.79,31.63,24.75,1.33,84.48,0.7,5.43,Teesta_Lalmonirhat
2006-09-16,6.63,30.1,24.88,0.9,83.93,0.69,3.16,Teesta_Lalmonirhat
2006-09-17,13.61,31.51,24.98,0.85,80.03,0.71,4.74,Teesta_Lalmonirhat
2006-09-18,0.47,32.56,24.68,1.57,81.5,0.7,6.46,Teesta_Lalmonirhat
2006-09-19,0.25,33.59,24.35,1.91,80.3,0.69,6.45,Teesta_Lalmonirhat
2006-09-20,2.56,29.42,24.67,2.47,89.73,0.68,1.88,Teesta_Lalmonirhat
2006-09-21,15.7,26.93,24.16,4.27,91.6,0.68,1.19,Teesta_Lalmonirhat
2006-09-22,58.84,26.86,23.26,5.68,91.51,0.75,1.12,Teesta_Lalmonirhat
2006-09-23,25.89,26.31,23.45,5.04,92.94,0.78,0.88,Teesta_Lalmonirhat
2006-09-24,25.58,27.72,22.8,3.26,91.93,0.82,1.44,Teesta_Lalmonirhat
2006-09-25,17.81,27.68,23.47,1.36,91.86,0.83,0.87,Teesta_Lalmonirhat
2006-09-26,0.88,30.9,23.07,1.14,84.0,0.83,4.89,Teesta_Lalmonirhat
2006-09-27,0.04,31.66,24.24,1.08,84.32,0.82,5.75,Teesta_Lalmonirhat
2006-09-28,0.26,31.52,24.34,1.91,85.86,0.8,5.14,Teesta_Lalmonirhat
2006-09-29,0.95,30.22,25.62,1.05,84.68,0.8,1.99,Teesta_Lalmonirhat
2006-09-30,0.86,29.05,24.62,0.71,84.69,0.79,3.35,Teesta_Lalmonirhat
2006-10-01,12.52,28.58,24.06,0.49,84.37,0.8,2.92,Teesta_Lalmonirhat
2006-10-02,6.33,31.17,23.92,0.72,82.52,0.8,5.61,Teesta_Lalmonirhat
2006-10-03,4.51,31.94,24.08,0.79,80.37,0.8,5.79,Teesta_Lalmonirhat
2006-10-04,8.07,31.63,25.21,1.41,82.92,0.79,4.85,Teesta_Lalmonirhat
2006-10-05,11.84,30.77,23.75,1.39,83.5,0.8,4.8,Teesta_Lalmonirhat
2006-10-06,1.16,29.9,21.82,0.74,72.18,0.79,5.93,Teesta_Lalmonirhat
2006-10-07,0.15,31.01,21.76,1.0,75.58,0.78,6.66,Teesta_Lalmonirhat
2006-10-08,0.11,30.65,22.26,1.25,79.33,0.77,6.1,Teesta_Lalmonirhat
2006-10-09,0.19,31.14,23.4,0.74,69.59,0.76,6.84,Teesta_Lalmonirhat
2006-10-10,0.12,31.58,22.54,0.77,71.4,0.75,7.05,Teesta_Lalmonirhat
2006-10-11,6.66,31.67,22.58,0.99,78.19,0.75,5.92,Teesta_Lalmonirhat
2006-10-12,2.05,30.98,23.41,1.29,82.7,0.74,5.75,Teesta_Lalmonirhat
2006-10-13,0.04,31.29,22.7,1.1,78.01,0.73,6.72,Teesta_Lalmonirhat
2006-10-14,1.19,30.55,22.58,0.77,78.47,0.73,6.18,Teesta_Lalmonirhat
2006-10-15,0.02,30.45,22.45,0.81,79.01,0.72,6.1,Teesta_Lalmonirhat
2006-10-16,0.03,30.59,22.19,0.77,80.41,0.71,5.92,Teesta_Lalmonirhat
2006-10-17,4.36,30.56,23.42,0.71,80.22,0.7,4.72,Teesta_Lalmonirhat
2006-10-18,0.66,30.04,22.17,0.67,76.44,0.7,5.49,Teesta_Lalmonirhat
2006-10-19,0.12,28.34,21.89,1.75,84.64,0.69,3.98,Teesta_Lalmonirhat
2006-10-20,5.45,28.88,21.37,1.22,77.47,0.69,3.0,Teesta_Lalmonirhat
2006-10-21,5.04,26.76,21.26,1.35,81.87,0.69,2.15,Teesta_Lalmonirhat
2006-10-22,1.26,28.77,20.63,1.36,77.26,0.69,4.61,Teesta_Lalmonirhat
2006-10-23,0.12,29.04,20.53,0.9,76.14,0.68,5.09,Teesta_Lalmonirhat
2006-10-24,0.01,28.83,20.42,0.69,73.21,0.67,5.08,Teesta_Lalmonirhat
2006-10-25,0.0,28.99,19.73,1.44,75.17,0.66,4.86,Teesta_Lalmonirhat
2006-10-26,0.0,28.22,19.02,1.78,76.3,0.66,4.33,Teesta_Lalmonirhat
2006-10-27,0.0,29.2,18.13,1.21,69.04,0.65,4.75,Teesta_Lalmonirhat
2006-10-28,0.0,29.5,17.76,0.78,64.74,0.64,4.35,Teesta_Lalmonirhat
2006-10-29,0.0,29.73,18.35,0.81,66.97,0.64,4.42,Teesta_Lalmonirhat
2006-10-30,0.0,28.68,18.56,1.23,69.64,0.63,3.92,Teesta_Lalmonirhat
2006-10-31,0.0,28.63,16.84,1.16,64.58,0.62,3.61,Teesta_Lalmonirhat
2006-11-01,0.03,29.32,17.9,0.92,65.76,0.61,3.31,Teesta_Lalmonirhat
2006-11-02,0.01,29.36,18.91,1.11,65.93,0.61,2.8,Teesta_Lalmonirhat
2006-11-03,0.02,29.62,19.44,0.34,65.37,0.6,3.4,Teesta_Lalmonirhat
2006-11-04,0.12,28.08,19.42,0.95,78.92,0.6,1.71,Teesta_Lalmonirhat
2006-11-05,0.07,28.93,19.49,1.08,80.19,0.59,2.73,Teesta_Lalmonirhat
2006-11-06,0.0,26.18,19.21,0.78,82.57,0.59,1.05,Teesta_Lalmonirhat
2006-11-07,0.07,28.36,18.76,1.76,81.58,0.59,2.46,Teesta_Lalmonirhat
2006-11-08,0.01,26.64,18.52,2.01,81.83,0.58,1.45,Teesta_Lalmonirhat
2006-11-09,0.02,26.62,18.92,1.24,80.63,0.58,1.05,Teesta_Lalmonirhat
2006-11-10,1.88,26.54,19.18,1.15,79.15,0.58,1.24,Teesta_Lalmonirhat
2006-11-11,5.28,23.4,18.06,2.57,87.08,0.58,0.86,Teesta_Lalmonirhat
2006-11-12,1.12,27.11,17.2,1.73,81.9,0.58,2.43,Teesta_Lalmonirhat
2006-11-13,0.0,27.69,17.64,0.95,79.16,0.58,2.52,Teesta_Lalmonirhat
2006-11-14,0.0,28.1,16.9,1.29,81.48,0.57,2.44,Teesta_Lalmonirhat
2006-11-15,0.0,28.04,17.23,1.25,78.15,0.57,2.34,Teesta_Lalmonirhat
2006-11-16,0.0,28.38,17.02,0.61,72.44,0.56,2.41,Teesta_Lalmonirhat
2006-11-17,0.0,27.45,16.93,0.72,76.75,0.56,2.05,Teesta_Lalmonirhat
2006-11-18,0.0,27.9,16.89,0.7,75.12,0.55,2.09,Teesta_Lalmonirhat
2006-11-19,0.01,27.39,16.5,1.0,73.56,0.55,1.7,Teesta_Lalmonirhat
2006-11-20,0.86,27.09,16.05,1.17,75.02,0.55,1.29,Teesta_Lalmonirhat
2006-11-21,0.11,24.92,15.74,1.21,78.17,0.54,1.13,Teesta_Lalmonirhat
2006-11-22,0.0,23.68,15.31,0.87,80.05,0.54,0.77,Teesta_Lalmonirhat
2006-11-23,0.0,25.58,14.15,1.11,70.01,0.54,1.2,Teesta_Lalmonirhat
2006-11-24,0.0,27.65,14.54,1.45,69.02,0.54,1.28,Teesta_Lalmonirhat
2006-11-25,0.0,27.05,14.42,1.72,69.99,0.53,1.35,Teesta_Lalmonirhat
2006-11-26,0.01,26.6,13.44,1.69,64.16,0.53,1.29,Teesta_Lalmonirhat
2006-11-27,0.0,24.52,10.74,0.69,57.96,0.52,1.08,Teesta_Lalmonirhat
2006-11-28,0.0,22.59,10.69,0.81,64.07,0.52,0.91,Teesta_Lalmonirhat
2006-11-29,0.0,22.87,10.36,1.17,71.84,0.52,0.84,Teesta_Lalmonirhat
2006-11-30,0.0,22.71,10.86,0.76,75.03,0.52,0.81,Teesta_Lalmonirhat
2006-12-01,0.0,22.61,10.75,0.64,66.65,0.51,0.72,Teesta_Lalmonirhat
2006-12-02,0.0,22.59,9.97,0.81,69.47,0.51,0.67,Teesta_Lalmonirhat
2006-12-03,0.0,23.09,11.3,1.07,79.33,0.51,0.71,Teesta_Lalmonirhat
2006-12-04,0.0,24.44,10.98,1.07,75.86,0.51,0.82,Teesta_Lalmonirhat
2006-12-05,0.0,24.67,12.33,0.64,71.73,0.51,0.84,Teesta_Lalmonirhat
2006-12-06,0.0,25.49,12.0,0.69,72.78,0.5,0.81,Teesta_Lalmonirhat
2006-12-07,0.0,25.56,12.74,0.85,74.99,0.5,0.83,Teesta_Lalmonirhat
2006-12-08,0.0,25.55,12.51,1.2,76.22,0.5,0.73,Teesta_Lalmonirhat
2006-12-09,0.0,25.72,13.54,1.02,77.16,0.5,0.71,Teesta_Lalmonirhat
2006-12-10,0.0,25.29,13.61,0.84,76.89,0.49,0.62,Teesta_Lalmonirhat
2006-12-11,1.99,26.05,12.88,1.1,74.2,0.49,0.63,Teesta_Lalmonirhat
2006-12-12,11.33,23.02,14.53,0.91,78.38,0.51,0.34,Teesta_Lalmonirhat
2006-12-13,0.03,22.9,10.86,0.76,76.74,0.51,0.68,Teesta_Lalmonirhat
2006-12-14,0.0,22.86,12.61,0.95,73.11,0.51,0.68,Teesta_Lalmonirhat
2006-12-15,0.0,23.53,10.94,1.12,78.32,0.51,0.63,Teesta_Lalmonirhat
2006-12-16,0.0,25.71,12.19,1.91,77.21,0.5,0.73,Teesta_Lalmonirhat
2006-12-17,0.0,25.93,12.74,1.46,65.85,0.5,0.75,Teesta_Lalmonirhat
2006-12-18,0.0,25.28,12.91,1.21,69.03,0.5,0.71,Teesta_Lalmonirhat
2006-12-19,0.0,26.01,14.21,1.65,76.98,0.5,0.67,Teesta_Lalmonirhat
2006-12-20,0.0,26.72,14.2,2.29,79.8,0.49,0.7,Teesta_Lalmonirhat
2006-12-21,0.0,26.43,14.93,2.15,74.7,0.49,0.69,Teesta_Lalmonirhat
2006-12-22,0.0,25.87,13.62,0.98,70.37,0.49,0.64,Teesta_Lalmonirhat
2006-12-23,0.0,26.21,13.54,1.08,73.67,0.49,0.57,Teesta_Lalmonirhat
2006-12-24,0.0,25.29,11.85,0.89,70.03,0.48,0.55,Teesta_Lalmonirhat
2006-12-25,0.0,24.05,10.94,0.75,68.4,0.48,0.43,Teesta_Lalmonirhat
2006-12-26,0.0,23.94,10.7,0.76,62.51,0.48,0.4,Teesta_Lalmonirhat
2006-12-27,0.01,23.7,10.61,1.15,68.28,0.48,0.34,Teesta_Lalmonirhat
2006-12-28,0.01,22.92,11.34,1.23,73.94,0.48,0.29,Teesta_Lalmonirhat
2006-12-29,0.0,23.33,11.07,1.2,76.56,0.48,0.34,Teesta_Lalmonirhat
2006-12-30,0.0,23.43,11.88,0.89,69.8,0.47,0.36,Teesta_Lalmonirhat
2006-12-31,0.0,22.5,11.01,0.84,67.27,0.47,0.31,Teesta_Lalmonirhat
2007-01-01,0.0,22.36,10.42,1.04,62.16,0.47,0.29,Teesta_Lalmonirhat
2007-01-02,0.0,21.8,9.78,1.22,63.24,0.47,0.24,Teesta_Lalmonirhat
2007-01-03,0.0,20.5,7.46,0.9,62.72,0.47,0.22,Teesta_Lalmonirhat
2007-01-04,0.0,19.47,7.16,1.15,69.48,0.47,0.18,Teesta_Lalmonirhat
2007-01-05,0.0,21.98,8.77,0.91,70.29,0.46,0.24,Teesta_Lalmonirhat
2007-01-06,0.0,22.98,9.55,0.92,72.55,0.46,0.27,Teesta_Lalmonirhat
2007-01-07,0.0,22.24,8.6,0.47,67.3,0.46,0.27,Teesta_Lalmonirhat
2007-01-08,0.0,21.83,8.53,0.88,64.54,0.46,0.22,Teesta_Lalmonirhat
2007-01-09,0.0,23.3,9.43,0.7,62.8,0.46,0.25,Teesta_Lalmonirhat
2007-01-10,0.0,24.16,9.43,0.91,59.08,0.46,0.25,Teesta_Lalmonirhat
2007-01-11,0.0,23.38,7.78,1.18,53.77,0.46,0.22,Teesta_Lalmonirhat
2007-01-12,0.0,23.63,8.56,1.16,61.77,0.45,0.22,Teesta_Lalmonirhat
2007-01-13,0.0,22.47,7.7,1.89,58.11,0.45,0.2,Teesta_Lalmonirhat
2007-01-14,0.0,21.82,6.31,1.54,53.8,0.45,0.17,Teesta_Lalmonirhat
2007-01-15,0.0,20.33,6.59,0.97,47.84,0.45,0.14,Teesta_Lalmonirhat
2007-01-16,0.0,21.42,6.74,1.07,50.72,0.45,0.14,Teesta_Lalmonirhat
2007-01-17,0.0,22.68,8.51,1.04,51.66,0.45,0.17,Teesta_Lalmonirhat
2007-01-18,0.0,21.81,7.79,0.81,55.47,0.44,0.17,Teesta_Lalmonirhat
2007-01-19,0.0,22.87,9.0,1.13,55.21,0.44,0.17,Teesta_Lalmonirhat
2007-01-20,0.0,21.92,7.62,1.34,52.54,0.44,0.13,Teesta_Lalmonirhat
2007-01-21,0.0,22.15,7.94,1.19,58.79,0.44,0.13,Teesta_Lalmonirhat
2007-01-22,0.0,23.68,9.05,1.03,54.88,0.44,0.15,Teesta_Lalmonirhat
2007-01-23,0.0,21.97,8.48,1.47,70.83,0.44,0.13,Teesta_Lalmonirhat
2007-01-24,0.0,23.62,9.16,1.01,65.35,0.44,0.16,Teesta_Lalmonirhat
2007-01-25,0.0,24.85,9.02,0.93,60.12,0.43,0.17,Teesta_Lalmonirhat
2007-01-26,0.0,26.03,10.71,0.75,54.27,0.43,0.18,Teesta_Lalmonirhat
2007-01-27,0.0,26.46,10.53,1.41,63.98,0.43,0.18,Teesta_Lalmonirhat
2007-01-28,0.0,27.9,12.03,1.53,57.34,0.43,0.2,Teesta_Lalmonirhat
2007-01-29,0.0,27.55,12.85,0.78,53.61,0.43,0.17,Teesta_Lalmonirhat
2007-01-30,0.0,28.29,14.86,0.97,53.54,0.43,0.19,Teesta_Lalmonirhat
2007-01-31,0.55,27.34,15.41,1.12,57.65,0.42,0.15,Teesta_Lalmonirhat
2007-02-01,0.02,27.69,14.01,1.49,66.81,0.42,0.17,Teesta_Lalmonirhat
2007-02-02,0.04,26.48,14.8,2.27,68.88,0.42,0.16,Teesta_Lalmonirhat
2007-02-03,0.56,26.31,14.13,1.54,63.35,0.42,0.14,Teesta_Lalmonirhat
2007-02-04,0.2,26.57,14.31,1.39,58.76,0.42,0.14,Teesta_Lalmonirhat
2007-02-05,1.92,25.64,14.47,1.68,68.44,0.42,0.12,Teesta_Lalmonirhat
2007-02-06,0.02,25.18,14.24,1.69,72.59,0.42,0.11,Teesta_Lalmonirhat
2007-02-07,3.1,24.26,14.69,2.38,71.95,0.42,0.11,Teesta_Lalmonirhat
2007-02-08,0.49,21.82,15.48,2.41,76.57,0.42,0.09,Teesta_Lalmonirhat
2007-02-09,0.02,26.27,12.95,1.78,70.07,0.42,0.17,Teesta_Lalmonirhat
2007-02-10,0.0,25.56,13.77,2.27,67.63,0.42,0.12,Teesta_Lalmonirhat
2007-02-11,0.89,27.32,14.57,1.77,56.63,0.42,0.14,Teesta_Lalmonirhat
2007-02-12,1.96,23.75,15.02,1.92,71.67,0.42,0.12,Teesta_Lalmonirhat
2007-02-13,0.85,21.93,14.08,1.08,78.39,0.42,0.07,Teesta_Lalmonirhat
2007-02-14,23.51,17.63,13.3,2.98,82.07,0.45,0.07,Teesta_Lalmonirhat
2007-02-15,0.03,23.81,10.3,2.14,66.93,0.46,0.3,Teesta_Lalmonirhat
2007-02-16,0.41,23.84,10.18,2.05,59.56,0.46,0.32,Teesta_Lalmonirhat
2007-02-17,0.15,24.62,10.97,1.0,61.65,0.46,0.29,Teesta_Lalmonirhat
2007-02-18,0.01,25.45,11.83,1.51,56.77,0.45,0.29,Teesta_Lalmonirhat
2007-02-19,0.0,25.61,11.92,0.88,44.46,0.45,0.3,Teesta_Lalmonirhat
2007-02-20,0.0,26.49,11.81,0.73,49.03,0.45,0.29,Teesta_Lalmonirhat
2007-02-21,0.0,26.91,11.32,1.32,57.61,0.45,0.3,Teesta_Lalmonirhat
2007-02-22,0.0,27.32,12.17,1.04,54.94,0.44,0.3,Teesta_Lalmonirhat
2007-02-23,0.0,27.41,12.91,0.99,55.04,0.44,0.27,Teesta_Lalmonirhat
2007-02-24,0.0,28.86,13.64,1.15,57.99,0.44,0.29,Teesta_Lalmonirhat
2007-02-25,0.17,28.44,13.97,0.91,60.11,0.43,0.27,Teesta_Lalmonirhat
2007-02-26,2.79,27.11,15.54,1.96,62.08,0.44,0.24,Teesta_Lalmonirhat
2007-02-27,0.0,28.45,15.16,1.18,54.12,0.44,0.29,Teesta_Lalmonirhat
2007-02-28,0.0,29.72,15.14,1.21,54.31,0.43,0.29,Teesta_Lalmonirhat
2007-03-01,6.77,29.34,15.87,1.37,56.99,0.44,0.29,Teesta_Lalmonirhat
2007-03-02,2.65,21.36,14.93,2.33,79.46,0.44,0.12,Teesta_Lalmonirhat
2007-03-03,0.0,28.61,13.44,1.35,62.44,0.44,0.33,Teesta_Lalmonirhat
2007-03-04,0.0,28.45,12.9,1.17,54.38,0.44,0.32,Teesta_Lalmonirhat
2007-03-05,0.0,28.37,13.42,1.24,46.79,0.44,0.27,Teesta_Lalmonirhat
2007-03-06,0.0,29.84,13.02,1.43,43.39,0.43,0.29,Teesta_Lalmonirhat
2007-03-07,0.0,29.13,12.56,2.34,42.39,0.43,0.26,Teesta_Lalmonirhat
2007-03-08,0.0,29.13,13.48,1.05,39.27,0.43,0.26,Teesta_Lalmonirhat
2007-03-09,0.0,29.62,13.67,1.1,38.95,0.42,0.25,Teesta_Lalmonirhat
2007-03-10,1.12,30.51,13.39,1.55,48.82,0.42,0.24,Teesta_Lalmonirhat
2007-03-11,0.38,31.68,14.6,1.37,49.24,0.42,0.25,Teesta_Lalmonirhat
2007-03-12,0.62,32.1,17.16,1.58,49.36,0.42,0.22,Teesta_Lalmonirhat
2007-03-13,1.91,32.26,19.09,1.36,51.72,0.42,0.21,Teesta_Lalmonirhat
2007-03-14,0.23,31.38,17.23,2.12,56.06,0.42,0.2,Teesta_Lalmonirhat
2007-03-15,0.0,32.44,18.41,3.64,52.33,0.41,0.23,Teesta_Lalmonirhat
2007-03-16,0.01,29.25,13.42,2.99,40.28,0.41,0.17,Teesta_Lalmonirhat
2007-03-17,0.0,31.1,14.69,0.84,34.95,0.41,0.19,Teesta_Lalmonirhat
2007-03-18,0.0,30.57,14.25,1.17,41.08,0.4,0.16,Teesta_Lalmonirhat
2007-03-19,0.0,32.05,15.41,1.62,45.17,0.4,0.14,Teesta_Lalmonirhat
2007-03-20,0.0,32.96,16.51,1.18,41.76,0.4,0.14,Teesta_Lalmonirhat
2007-03-21,0.0,33.25,17.92,1.27,43.81,0.4,0.12,Teesta_Lalmonirhat
2007-03-22,0.44,34.26,19.76,1.82,50.22,0.4,0.12,Teesta_Lalmonirhat
2007-03-23,0.81,34.9,19.81,2.07,55.09,0.39,0.12,Teesta_Lalmonirhat
2007-03-24,0.0,35.86,20.24,2.06,40.54,0.39,0.12,Teesta_Lalmonirhat
2007-03-25,0.03,34.91,16.58,2.39,36.22,0.39,0.1,Teesta_Lalmonirhat
2007-03-26,0.0,35.1,16.61,1.96,33.45,0.39,0.08,Teesta_Lalmonirhat
2007-03-27,0.87,34.33,17.26,1.25,36.17,0.38,0.08,Teesta_Lalmonirhat
2007-03-28,0.0,34.56,17.82,1.4,42.66,0.38,0.08,Teesta_Lalmonirhat
2007-03-29,0.0,35.65,19.7,0.94,39.64,0.38,0.06,Teesta_Lalmonirhat
2007-03-30,0.0,37.26,21.81,1.06,36.73,0.38,0.05,Teesta_Lalmonirhat
2007-03-31,0.0,38.4,22.14,1.63,33.93,0.37,0.05,Teesta_Lalmonirhat
2007-04-01,0.0,37.96,22.2,1.53,37.6,0.37,0.04,Teesta_Lalmonirhat
2007-04-02,0.01,39.83,23.24,1.93,35.64,0.37,0.04,Teesta_Lalmonirhat
2007-04-03,0.08,40.08,21.22,1.95,26.48,0.37,0.03,Teesta_Lalmonirhat
2007-04-04,0.11,39.1,20.15,1.65,29.55,0.37,0.03,Teesta_Lalmonirhat
2007-04-05,0.09,38.06,19.92,1.62,36.2,0.37,0.03,Teesta_Lalmonirhat
2007-04-06,0.93,37.31,22.44,1.69,46.2,0.36,0.02,Teesta_Lalmonirhat
2007-04-07,2.13,37.4,22.74,1.58,44.27,0.37,0.02,Teesta_Lalmonirhat
2007-04-08,2.47,36.83,22.8,2.09,48.98,0.37,0.03,Teesta_Lalmonirhat
2007-04-09,2.87,38.76,22.77,1.71,41.27,0.37,0.04,Teesta_Lalmonirhat
2007-04-10,3.01,35.91,23.07,1.68,45.47,0.37,0.04,Teesta_Lalmonirhat
2007-04-11,0.08,36.63,23.15,2.85,55.23,0.37,0.05,Teesta_Lalmonirhat
2007-04-12,0.0,32.28,22.07,3.72,57.65,0.37,0.03,Teesta_Lalmonirhat
2007-04-13,0.0,33.3,22.3,2.37,51.22,0.37,0.03,Teesta_Lalmonirhat
2007-04-14,0.0,35.69,22.27,1.73,52.03,0.37,0.03,Teesta_Lalmonirhat
2007-04-15,0.0,36.67,23.39,1.64,53.41,0.37,0.02,Teesta_Lalmonirhat
2007-04-16,0.41,37.37,25.38,2.35,48.41,0.37,0.02,Teesta_Lalmonirhat
2007-04-17,0.33,37.25,26.98,2.16,45.08,0.37,0.02,Teesta_Lalmonirhat
2007-04-18,0.37,38.75,24.71,1.48,46.25,0.36,0.02,Teesta_Lalmonirhat
2007-04-19,0.5,38.35,25.98,1.62,45.27,0.36,0.02,Teesta_Lalmonirhat
2007-04-20,1.78,37.0,26.33,2.28,48.92,0.37,0.02,Teesta_Lalmonirhat
2007-04-21,6.14,36.75,26.07,2.09,54.33,0.37,0.02,Teesta_Lalmonirhat
2007-04-22,15.96,35.06,24.71,1.89,59.38,0.4,0.14,Teesta_Lalmonirhat
2007-04-23,1.43,37.74,23.03,1.51,53.34,0.4,0.19,Teesta_Lalmonirhat
2007-04-24,1.93,36.16,24.32,2.47,62.18,0.4,0.16,Teesta_Lalmonirhat
2007-04-25,1.16,38.0,24.93,1.66,55.8,0.39,0.17,Teesta_Lalmonirhat
2007-04-26,1.31,38.19,24.79,1.85,54.49,0.39,0.14,Teesta_Lalmonirhat
2007-04-27,4.76,37.73,24.74,2.66,60.65,0.39,0.13,Teesta_Lalmonirhat
2007-04-28,0.01,36.61,24.82,1.95,55.19,0.39,0.17,Teesta_Lalmonirhat
2007-04-29,0.0,35.81,24.09,1.83,56.22,0.39,0.15,Teesta_Lalmonirhat
2007-04-30,0.18,38.23,24.48,2.17,54.28,0.39,0.14,Teesta_Lalmonirhat
2007-05-01,1.04,39.27,24.61,1.97,53.6,0.38,0.11,Teesta_Lalmonirhat
2007-05-02,0.19,40.45,24.96,1.28,46.86,0.38,0.1,Teesta_Lalmonirhat
2007-05-03,0.0,40.73,25.9,1.38,42.84,0.38,0.08,Teesta_Lalmonirhat
2007-05-04,0.96,39.09,26.93,1.35,48.48,0.37,0.06,Teesta_Lalmonirhat
2007-05-05,0.28,41.53,26.73,1.21,45.44,0.37,0.05,Teesta_Lalmonirhat
2007-05-06,7.2,39.37,27.54,1.55,47.75,0.38,0.05,Teesta_Lalmonirhat
2007-05-07,5.33,37.26,27.38,1.74,52.53,0.38,0.09,Teesta_Lalmonirhat
2007-05-08,6.03,36.19,26.78,1.62,53.5,0.39,0.11,Teesta_Lalmonirhat
2007-05-09,16.97,34.73,26.35,1.08,57.88,0.4,0.24,Teesta_Lalmonirhat
2007-05-10,16.85,33.99,26.17,1.0,63.54,0.43,0.64,Teesta_Lalmonirhat
2007-05-11,8.17,35.86,26.34,1.17,61.51,0.44,0.82,Teesta_Lalmonirhat
2007-05-12,3.96,36.43,26.62,1.69,61.45,0.44,0.84,Teesta_Lalmonirhat
2007-05-13,0.03,34.7,25.6,3.56,61.18,0.44,0.6,Teesta_Lalmonirhat
2007-05-14,1.46,35.13,24.69,4.59,59.93,0.44,0.71,Teesta_Lalmonirhat
2007-05-15,1.24,32.27,23.83,3.83,59.99,0.43,0.58,Teesta_Lalmonirhat
2007-05-16,0.06,35.28,22.95,2.86,59.44,0.43,0.59,Teesta_Lalmonirhat
2007-05-17,3.91,37.17,24.82,2.2,59.32,0.43,0.64,Teesta_Lalmonirhat
2007-05-18,5.7,37.28,25.56,2.25,60.68,0.43,0.61,Teesta_Lalmonirhat
2007-05-19,29.5,34.8,26.63,0.91,67.85,0.46,1.22,Teesta_Lalmonirhat
2007-05-20,1.47,36.63,27.09,1.06,60.19,0.47,1.68,Teesta_Lalmonirhat
2007-05-21,0.94,36.5,27.16,2.2,60.85,0.46,1.31,Teesta_Lalmonirhat
2007-05-22,1.91,39.12,26.54,2.53,57.76,0.46,1.28,Teesta_Lalmonirhat
2007-05-23,1.83,39.13,26.97,1.88,57.95,0.46,1.08,Teesta_Lalmonirhat
2007-05-24,3.58,40.01,27.35,1.86,60.42,0.45,1.16,Teesta_Lalmonirhat
2007-05-25,12.13,36.11,27.42,2.43,67.69,0.47,1.13,Teesta_Lalmonirhat
2007-05-26,10.16,35.27,26.27,2.39,70.79,0.48,1.31,Teesta_Lalmonirhat
2007-05-27,0.75,35.72,26.62,2.6,67.01,0.48,1.27,Teesta_Lalmonirhat
2007-05-28,1.49,37.33,26.23,1.9,65.08,0.47,1.31,Teesta_Lalmonirhat
2007-05-29,0.09,39.14,26.24,1.99,58.23,0.47,1.36,Teesta_Lalmonirhat
2007-05-30,0.0,39.57,26.33,1.79,52.79,0.46,1.29,Teesta_Lalmonirhat
2007-05-31,0.03,40.58,25.57,1.87,48.69,0.45,1.16,Teesta_Lalmonirhat
2007-06-01,0.12,40.99,26.01,1.67,47.24,0.45,1.04,Teesta_Lalmonirhat
2007-06-02,2.19,39.66,27.54,2.17,59.75,0.44,0.9,Teesta_Lalmonirhat
2007-06-03,21.08,35.12,27.87,2.78,70.96,0.46,0.83,Teesta_Lalmonirhat
2007-06-04,6.13,36.24,26.85,2.59,68.48,0.48,1.28,Teesta_Lalmonirhat
2007-06-05,7.15,34.72,26.9,2.34,70.19,0.48,1.15,Teesta_Lalmonirhat
2007-06-06,0.62,35.93,26.83,2.04,66.64,0.48,1.49,Teesta_Lalmonirhat
2007-06-07,4.47,37.6,26.99,2.54,64.45,0.47,1.51,Teesta_Lalmonirhat
2007-06-08,12.53,36.4,27.22,3.23,73.88,0.48,1.42,Teesta_Lalmonirhat
2007-06-09,172.03,29.95,26.58,3.99,89.77,0.58,0.66,Teesta_Lalmonirhat
2007-06-10,41.85,28.45,25.47,3.24,93.22,0.72,0.74,Teesta_Lalmonirhat
2007-06-11,1.81,32.63,24.85,3.44,84.29,0.71,5.5,Teesta_Lalmonirhat
2007-06-12,5.22,32.77,26.21,3.69,84.94,0.7,5.13,Teesta_Lalmonirhat
2007-06-13,1.39,33.5,26.07,2.45,84.51,0.68,5.69,Teesta_Lalmonirhat
2007-06-14,1.51,32.18,26.52,3.17,84.55,0.67,4.71,Teesta_Lalmonirhat
2007-06-15,14.46,31.86,26.71,2.8,88.98,0.68,2.8,Teesta_Lalmonirhat
2007-06-16,26.67,30.82,26.54,2.97,89.41,0.71,1.7,Teesta_Lalmonirhat
2007-06-17,13.92,31.91,26.44,3.37,87.58,0.72,3.33,Teesta_Lalmonirhat
2007-06-18,27.31,32.47,26.43,2.67,84.31,0.73,4.14,Teesta_Lalmonirhat
2007-06-19,22.1,32.16,26.44,2.43,87.59,0.76,3.68,Teesta_Lalmonirhat
2007-06-20,1.2,31.5,26.43,1.12,83.98,0.76,3.41,Teesta_Lalmonirhat
2007-06-21,0.51,33.75,26.23,1.26,77.21,0.74,5.24,Teesta_Lalmonirhat
2007-06-22,8.46,29.99,26.2,1.01,84.72,0.74,2.09,Teesta_Lalmonirhat
2007-06-23,1.42,31.03,25.97,1.21,85.89,0.74,1.86,Teesta_Lalmonirhat
2007-06-24,3.09,29.31,26.63,1.57,89.14,0.74,1.85,Teesta_Lalmonirhat
2007-06-25,0.89,32.21,25.62,2.02,84.64,0.73,5.77,Teesta_Lalmonirhat
2007-06-26,1.18,32.86,25.98,1.54,84.38,0.72,5.09,Teesta_Lalmonirhat
2007-06-27,4.95,33.43,26.86,0.73,77.64,0.71,5.28,Teesta_Lalmonirhat
2007-06-28,11.4,32.6,27.34,2.34,81.19,0.71,5.09,Teesta_Lalmonirhat
2007-06-29,1.48,31.5,26.31,3.01,85.21,0.71,3.68,Teesta_Lalmonirhat
2007-06-30,2.13,33.25,25.99,2.59,84.34,0.7,5.67,Teesta_Lalmonirhat
2007-07-01,3.81,33.69,26.53,2.03,83.53,0.69,5.83,Teesta_Lalmonirhat
2007-07-02,1.22,31.89,27.05,0.87,82.36,0.68,2.92,Teesta_Lalmonirhat
2007-07-03,3.01,33.19,27.08,1.24,77.89,0.67,4.68,Teesta_Lalmonirhat
2007-07-04,1.66,33.21,27.37,1.37,83.31,0.67,3.18,Teesta_Lalmonirhat
2007-07-05,2.69,34.16,27.26,3.38,83.68,0.66,4.75,Teesta_Lalmonirhat
2007-07-06,2.66,34.07,27.43,3.46,83.34,0.66,4.73,Teesta_Lalmonirhat
2007-07-07,4.91,33.97,26.16,3.12,82.65,0.65,5.12,Teesta_Lalmonirhat
2007-07-08,3.0,32.68,26.29,2.19,82.41,0.64,4.47,Teesta_Lalmonirhat
2007-07-09,4.12,34.11,26.29,2.29,81.05,0.64,5.17,Teesta_Lalmonirhat
2007-07-10,11.63,33.7,26.65,2.13,81.24,0.63,4.23,Teesta_Lalmonirhat
2007-07-11,14.79,32.35,27.0,1.71,84.17,0.65,2.56,Teesta_Lalmonirhat
2007-07-12,8.61,33.51,26.77,2.05,82.0,0.65,4.81,Teesta_Lalmonirhat
2007-07-13,75.55,33.11,27.1,1.02,82.72,0.68,2.6,Teesta_Lalmonirhat
2007-07-14,44.39,34.28,26.43,0.47,76.46,0.74,5.1,Teesta_Lalmonirhat
2007-07-15,27.75,33.58,27.27,2.08,83.17,0.77,4.13,Teesta_Lalmonirhat
2007-07-16,19.69,30.72,27.03,3.01,89.63,0.79,2.04,Teesta_Lalmonirhat
2007-07-17,26.29,31.27,27.09,1.81,88.47,0.8,1.88,Teesta_Lalmonirhat
2007-07-18,18.33,32.29,26.48,2.13,87.09,0.82,3.63,Teesta_Lalmonirhat
2007-07-19,29.45,31.7,27.1,2.66,90.31,0.83,1.64,Teesta_Lalmonirhat
2007-07-20,26.36,31.46,26.92,3.47,87.94,0.86,3.04,Teesta_Lalmonirhat
2007-07-21,8.99,29.11,26.18,4.88,90.82,0.86,1.53,Teesta_Lalmonirhat
2007-07-22,18.96,30.52,25.44,4.19,89.59,0.87,2.32,Teesta_Lalmonirhat
2007-07-23,10.04,31.08,25.01,1.56,84.49,0.87,3.14,Teesta_Lalmonirhat
2007-07-24,5.51,30.96,25.0,2.25,86.89,0.86,3.69,Teesta_Lalmonirhat
2007-07-25,29.54,30.67,25.34,3.67,89.44,0.87,2.78,Teesta_Lalmonirhat
2007-07-26,37.3,28.72,25.19,2.79,93.44,0.9,0.62,Teesta_Lalmonirhat
2007-07-27,32.41,29.34,25.14,2.89,91.11,0.92,1.43,Teesta_Lalmonirhat
2007-07-28,33.26,30.54,25.51,3.28,90.64,0.93,1.55,Teesta_Lalmonirhat
2007-07-29,21.11,28.96,25.77,2.25,91.95,0.94,0.63,Teesta_Lalmonirhat
2007-07-30,15.96,28.65,25.46,1.12,88.83,0.94,0.77,Teesta_Lalmonirhat
2007-07-31,11.13,30.48,24.49,1.76,88.48,0.94,1.98,Teesta_Lalmonirhat
2007-08-01,14.26,30.7,25.26,1.47,88.74,0.94,1.91,Teesta_Lalmonirhat
2007-08-02,6.27,31.48,25.12,1.38,85.32,0.93,3.25,Teesta_Lalmonirhat
2007-08-03,0.6,32.93,25.47,0.91,80.37,0.92,4.52,Teesta_Lalmonirhat
2007-08-04,0.85,33.06,26.5,0.68,77.07,0.91,4.91,Teesta_Lalmonirhat
2007-08-05,0.29,34.05,26.61,1.88,81.33,0.9,4.15,Teesta_Lalmonirhat
2007-08-06,0.07,33.04,27.85,2.32,86.92,0.89,2.89,Teesta_Lalmonirhat
2007-08-07,3.06,31.85,26.66,1.99,87.43,0.88,2.88,Teesta_Lalmonirhat
2007-08-08,2.87,32.54,26.71,1.51,86.61,0.88,3.06,Teesta_Lalmonirhat
2007-08-09,0.34,33.94,27.12,0.91,81.07,0.87,4.69,Teesta_Lalmonirhat
2007-08-10,0.69,35.34,27.9,0.99,80.34,0.86,5.69,Teesta_Lalmonirhat
2007-08-11,0.85,34.29,27.49,0.83,81.58,0.85,4.55,Teesta_Lalmonirhat
2007-08-12,11.01,34.0,27.37,1.86,83.69,0.84,4.43,Teesta_Lalmonirhat
2007-08-13,8.31,33.57,26.61,2.66,85.89,0.84,4.53,Teesta_Lalmonirhat
2007-08-14,16.1,31.49,26.41,2.13,88.96,0.84,1.96,Teesta_Lalmonirhat
2007-08-15,12.64,29.69,26.25,2.87,92.72,0.85,1.01,Teesta_Lalmonirhat
2007-08-16,14.33,31.3,26.0,1.96,87.46,0.86,2.81,Teesta_Lalmonirhat
2007-08-17,7.66,30.45,25.69,1.62,88.39,0.86,1.59,Teesta_Lalmonirhat
2007-08-18,2.16,31.36,26.0,2.0,89.08,0.86,2.26,Teesta_Lalmonirhat
2007-08-19,1.12,32.09,26.33,2.46,86.57,0.85,3.75,Teesta_Lalmonirhat
2007-08-20,0.16,30.54,25.82,1.28,85.34,0.84,2.65,Teesta_Lalmonirhat
2007-08-21,0.6,32.87,24.9,0.96,78.61,0.83,6.08,Teesta_Lalmonirhat
2007-08-22,3.2,32.29,24.89,1.74,83.87,0.82,4.88,Teesta_Lalmonirhat
2007-08-23,3.32,31.9,25.45,1.27,85.33,0.81,3.72,Teesta_Lalmonirhat
2007-08-24,7.72,32.84,26.1,1.01,80.98,0.81,5.17,Teesta_Lalmonirhat
2007-08-25,14.85,32.01,25.12,1.9,86.66,0.81,4.08,Teesta_Lalmonirhat
2007-08-26,19.92,29.69,25.67,1.63,89.92,0.82,1.42,Teesta_Lalmonirhat
2007-08-27,4.0,31.16,25.21,1.57,85.55,0.83,3.75,Teesta_Lalmonirhat
2007-08-28,0.11,31.31,25.58,1.11,83.7,0.82,3.99,Teesta_Lalmonirhat
2007-08-29,0.79,31.52,25.92,1.59,87.1,0.81,3.13,Teesta_Lalmonirhat
2007-08-30,2.39,31.87,25.74,1.42,86.62,0.8,4.23,Teesta_Lalmonirhat
2007-08-31,11.48,32.55,25.89,1.09,83.64,0.8,4.67,Teesta_Lalmonirhat
2007-09-01,5.35,31.06,25.9,0.94,84.42,0.8,3.45,Teesta_Lalmonirhat
2007-09-02,1.36,32.36,25.81,1.54,84.67,0.79,5.32,Teesta_Lalmonirhat
2007-09-03,5.15,29.96,25.95,0.61,87.24,0.79,1.94,Teesta_Lalmonirhat
2007-09-04,9.33,29.78,25.6,1.5,89.8,0.79,1.85,Teesta_Lalmonirhat
2007-09-05,55.91,29.57,25.15,3.36,90.04,0.82,2.57,Teesta_Lalmonirhat
2007-09-06,32.09,27.74,23.42,3.95,91.2,0.87,1.63,Teesta_Lalmonirhat
2007-09-07,56.27,27.74,24.0,2.31,94.64,0.91,0.48,Teesta_Lalmonirhat
2007-09-08,24.52,30.28,24.95,1.9,91.31,0.93,1.71,Teesta_Lalmonirhat
2007-09-09,7.19,29.2,25.9,1.82,92.84,0.93,0.92,Teesta_Lalmonirhat
2007-09-10,2.64,29.33,25.84,1.91,92.08,0.92,1.1,Teesta_Lalmonirhat
2007-09-11,16.4,31.55,24.88,1.26,85.63,0.92,3.51,Teesta_Lalmonirhat
2007-09-12,5.81,32.21,24.97,0.84,84.48,0.92,4.19,Teesta_Lalmonirhat
2007-09-13,6.94,31.66,26.05,0.88,83.32,0.91,3.1,Teesta_Lalmonirhat
2007-09-14,2.69,31.15,25.69,0.52,81.35,0.91,2.76,Teesta_Lalmonirhat
2007-09-15,14.19,30.9,25.84,1.21,87.38,0.91,2.24,Teesta_Lalmonirhat
2007-09-16,3.58,30.71,25.22,1.32,88.38,0.91,2.94,Teesta_Lalmonirhat
2007-09-17,2.2,31.16,25.42,0.9,85.4,0.9,3.59,Teesta_Lalmonirhat
2007-09-18,1.87,31.34,25.73,1.06,85.29,0.9,3.93,Teesta_Lalmonirhat
2007-09-19,0.91,31.87,25.3,2.13,85.41,0.89,4.75,Teesta_Lalmonirhat
2007-09-20,0.05,31.52,23.68,2.76,83.8,0.88,4.99,Teesta_Lalmonirhat
2007-09-21,0.01,32.15,23.38,2.74,83.05,0.87,5.09,Teesta_Lalmonirhat
2007-09-22,0.04,32.31,22.17,2.53,80.24,0.85,5.22,Teesta_Lalmonirhat
2007-09-23,1.35,30.17,23.01,2.28,82.84,0.84,3.87,Teesta_Lalmonirhat
2007-09-24,3.69,28.93,23.34,2.05,87.31,0.84,2.36,Teesta_Lalmonirhat
2007-09-25,6.16,28.28,23.67,1.38,84.33,0.84,2.11,Teesta_Lalmonirhat
2007-09-26,0.54,29.51,23.53,0.64,84.32,0.84,3.72,Teesta_Lalmonirhat
2007-09-27,2.31,30.66,24.0,1.03,82.95,0.83,5.01,Teesta_Lalmonirhat
2007-09-28,1.47,31.26,24.32,1.38,85.1,0.82,4.91,Teesta_Lalmonirhat
2007-09-29,1.28,29.51,24.85,1.26,87.09,0.81,2.81,Teesta_Lalmonirhat
2007-09-30,0.2,31.21,23.95,0.64,80.01,0.8,6.11,Teesta_Lalmonirhat
2007-10-01,8.45,31.38,25.15,0.88,81.38,0.8,5.04,Teesta_Lalmonirhat
2007-10-02,1.42,31.81,25.28,0.69,80.48,0.8,5.9,Teesta_Lalmonirhat
2007-10-03,0.01,30.6,24.93,1.11,85.36,0.79,3.85,Teesta_Lalmonirhat
2007-10-04,0.08,31.59,24.77,0.71,80.46,0.78,6.46,Teesta_Lalmonirhat
2007-10-05,2.98,32.91,25.3,0.71,77.35,0.77,6.96,Teesta_Lalmonirhat
2007-10-06,0.27,33.55,25.84,0.59,75.61,0.77,6.61,Teesta_Lalmonirhat
2007-10-07,7.18,31.17,25.95,1.4,85.76,0.76,3.28,Teesta_Lalmonirhat
2007-10-08,30.28,27.82,23.65,3.36,90.59,0.78,1.53,Teesta_Lalmonirhat
2007-10-09,35.92,26.86,23.32,3.85,93.6,0.82,0.84,Teesta_Lalmonirhat
2007-10-10,17.51,27.48,24.65,2.08,92.9,0.85,0.96,Teesta_Lalmonirhat
2007-10-11,1.15,29.96,23.05,0.94,79.33,0.84,5.15,Teesta_Lalmonirhat
2007-10-12,0.0,29.79,21.57,0.75,78.2,0.83,5.23,Teesta_Lalmonirhat
2007-10-13,0.1,30.16,22.04,0.96,81.2,0.82,5.64,Teesta_Lalmonirhat
2007-10-14,0.42,30.03,22.62,2.03,86.32,0.81,4.88,Teesta_Lalmonirhat
2007-10-15,2.73,27.2,23.78,2.56,90.76,0.81,2.38,Teesta_Lalmonirhat
2007-10-16,4.32,28.72,22.99,2.84,88.66,0.81,4.0,Teesta_Lalmonirhat
2007-10-17,7.13,28.9,21.36,1.52,83.93,0.8,4.34,Teesta_Lalmonirhat
2007-10-18,4.13,28.21,22.74,1.17,86.65,0.8,2.89,Teesta_Lalmonirhat
2007-10-19,0.54,28.55,21.22,1.39,86.48,0.8,4.54,Teesta_Lalmonirhat
2007-10-20,0.27,28.23,19.18,1.1,85.27,0.79,5.22,Teesta_Lalmonirhat
2007-10-21,0.13,27.84,19.75,0.7,75.6,0.78,5.46,Teesta_Lalmonirhat
2007-10-22,0.0,28.11,19.26,0.77,75.48,0.77,4.8,Teesta_Lalmonirhat
2007-10-23,0.0,27.02,19.41,1.08,83.02,0.76,4.09,Teesta_Lalmonirhat
2007-10-24,0.0,26.85,19.1,1.78,85.77,0.76,4.39,Teesta_Lalmonirhat
2007-10-25,0.0,27.39,18.2,1.37,80.8,0.75,4.65,Teesta_Lalmonirhat
2007-10-26,0.0,27.65,18.15,1.11,79.04,0.74,4.84,Teesta_Lalmonirhat
2007-10-27,0.0,27.53,17.78,0.61,80.23,0.73,5.1,Teesta_Lalmonirhat
2007-10-28,0.0,27.11,19.2,0.63,82.78,0.72,4.2,Teesta_Lalmonirhat
2007-10-29,0.0,27.1,19.4,1.0,85.12,0.72,4.29,Teesta_Lalmonirhat
2007-10-30,0.0,28.12,18.57,1.11,82.03,0.71,4.47,Teesta_Lalmonirhat
2007-10-31,0.0,27.19,18.07,1.19,86.42,0.7,4.04,Teesta_Lalmonirhat
2007-11-01,0.01,28.2,19.75,1.28,84.45,0.7,4.54,Teesta_Lalmonirhat
2007-11-02,0.12,28.25,19.28,0.83,75.79,0.69,4.71,Teesta_Lalmonirhat
2007-11-03,0.02,28.3,18.33,0.97,78.27,0.68,4.16,Teesta_Lalmonirhat
2007-11-04,0.0,27.51,17.72,1.75,83.68,0.67,3.54,Teesta_Lalmonirhat
2007-11-05,0.0,27.77,18.29,1.77,84.41,0.67,3.59,Teesta_Lalmonirhat
2007-11-06,0.0,27.8,19.1,1.65,83.16,0.66,3.64,Teesta_Lalmonirhat
2007-11-07,0.0,28.35,18.86,1.76,81.28,0.65,3.75,Teesta_Lalmonirhat
2007-11-08,0.01,27.93,18.76,1.84,84.0,0.65,3.5,Teesta_Lalmonirhat
2007-11-09,0.06,28.58,18.53,1.1,76.89,0.64,3.59,Teesta_Lalmonirhat
2007-11-10,0.14,27.88,18.34,1.17,80.11,0.64,3.12,Teesta_Lalmonirhat
2007-11-11,0.0,27.75,17.82,1.1,80.77,0.63,3.13,Teesta_Lalmonirhat
2007-11-12,0.0,27.0,17.24,1.53,83.85,0.62,2.85,Teesta_Lalmonirhat
2007-11-13,0.0,27.04,16.05,1.43,75.84,0.62,2.89,Teesta_Lalmonirhat
2007-11-14,0.0,28.09,16.5,1.92,73.51,0.61,3.0,Teesta_Lalmonirhat
2007-11-15,9.96,25.77,15.84,3.73,78.66,0.62,2.68,Teesta_Lalmonirhat
2007-11-16,4.75,21.69,16.29,4.7,83.63,0.62,1.25,Teesta_Lalmonirhat
2007-11-17,0.0,25.75,17.19,2.06,83.43,0.62,2.33,Teesta_Lalmonirhat
2007-11-18,0.0,26.81,16.57,0.67,81.05,0.61,2.74,Teesta_Lalmonirhat
2007-11-19,0.0,27.32,16.95,0.99,82.11,0.61,2.46,Teesta_Lalmonirhat
2007-11-20,0.0,27.5,16.14,0.46,80.62,0.6,2.52,Teesta_Lalmonirhat
2007-11-21,0.0,26.59,14.69,1.03,79.23,0.6,2.19,Teesta_Lalmonirhat
2007-11-22,0.0,27.23,16.75,1.01,74.94,0.59,2.29,Teesta_Lalmonirhat
2007-11-23,0.0,27.47,16.52,1.41,75.07,0.59,2.24,Teesta_Lalmonirhat
2007-11-24,0.0,27.05,16.72,1.37,75.2,0.58,2.12,Teesta_Lalmonirhat
2007-11-25,0.0,26.27,14.44,1.1,74.9,0.58,1.94,Teesta_Lalmonirhat
2007-11-26,0.0,26.67,14.28,0.83,71.94,0.57,1.96,Teesta_Lalmonirhat
2007-11-27,0.0,26.01,14.48,0.95,73.69,0.57,1.86,Teesta_Lalmonirhat
2007-11-28,0.0,25.8,13.3,0.57,72.6,0.57,1.68,Teesta_Lalmonirhat
2007-11-29,0.0,25.94,14.13,1.34,79.71,0.56,1.54,Teesta_Lalmonirhat
2007-11-30,0.0,26.02,15.34,0.85,77.0,0.56,1.6,Teesta_Lalmonirhat
2007-12-01,0.0,25.73,14.62,1.02,77.63,0.55,1.34,Teesta_Lalmonirhat
2007-12-02,0.0,25.67,14.2,0.75,77.32,0.55,1.28,Teesta_Lalmonirhat
2007-12-03,0.0,24.73,14.02,0.72,78.63,0.55,1.15,Teesta_Lalmonirhat
2007-12-04,0.02,24.69,13.1,0.61,77.47,0.54,1.03,Teesta_Lalmonirhat
2007-12-05,0.0,24.29,13.8,1.8,84.07,0.54,1.06,Teesta_Lalmonirhat
2007-12-06,0.0,24.3,13.2,1.66,76.13,0.54,1.13,Teesta_Lalmonirhat
2007-12-07,0.0,23.5,13.15,1.19,69.75,0.54,0.75,Teesta_Lalmonirhat
2007-12-08,0.0,25.06,11.82,0.49,66.83,0.53,1.15,Teesta_Lalmonirhat
2007-12-09,0.0,24.13,10.3,0.92,76.72,0.53,0.94,Teesta_Lalmonirhat
2007-12-10,0.0,23.25,12.21,0.87,75.84,0.53,0.91,Teesta_Lalmonirhat
2007-12-11,0.0,23.59,10.51,0.63,74.46,0.53,0.84,Teesta_Lalmonirhat
2007-12-12,0.0,23.54,10.76,1.35,81.23,0.52,0.75,Teesta_Lalmonirhat
2007-12-13,0.0,23.6,11.69,1.12,79.08,0.52,0.8,Teesta_Lalmonirhat
2007-12-14,0.0,24.34,11.84,0.61,79.21,0.52,0.75,Teesta_Lalmonirhat
2007-12-15,0.0,23.64,11.76,1.09,80.88,0.52,0.69,Teesta_Lalmonirhat
2007-12-16,0.0,23.97,11.4,0.75,77.38,0.51,0.69,Teesta_Lalmonirhat
2007-12-17,0.0,23.05,10.07,0.81,74.2,0.51,0.63,Teesta_Lalmonirhat
2007-12-18,0.0,23.51,8.98,0.82,73.25,0.51,0.61,Teesta_Lalmonirhat
2007-12-19,0.0,24.01,9.76,0.66,72.23,0.51,0.62,Teesta_Lalmonirhat
2007-12-20,0.0,22.47,7.89,0.97,71.66,0.5,0.52,Teesta_Lalmonirhat
2007-12-21,0.0,21.41,7.62,0.86,66.13,0.5,0.4,Teesta_Lalmonirhat
2007-12-22,0.0,21.86,9.03,1.18,64.83,0.5,0.33,Teesta_Lalmonirhat
2007-12-23,0.0,22.52,10.0,1.15,74.6,0.5,0.43,Teesta_Lalmonirhat
2007-12-24,0.0,23.29,11.05,0.77,75.78,0.5,0.5,Teesta_Lalmonirhat
2007-12-25,0.0,23.49,10.56,0.24,73.33,0.49,0.52,Teesta_Lalmonirhat
2007-12-26,0.0,23.83,10.88,0.63,73.67,0.49,0.49,Teesta_Lalmonirhat
2007-12-27,0.0,23.16,10.48,0.79,75.57,0.49,0.44,Teesta_Lalmonirhat
2007-12-28,0.0,22.44,9.39,0.57,68.01,0.49,0.38,Teesta_Lalmonirhat
2007-12-29,0.0,23.15,9.76,0.72,75.47,0.49,0.39,Teesta_Lalmonirhat
2007-12-30,0.0,22.13,10.54,0.64,78.97,0.49,0.36,Teesta_Lalmonirhat
2007-12-31,0.0,21.28,10.59,0.86,73.72,0.48,0.3,Teesta_Lalmonirhat
2008-01-01,0.0,22.7,9.6,1.34,77.86,0.48,0.35,Teesta_Lalmonirhat
2008-01-02,0.0,23.58,10.37,0.87,78.34,0.48,0.39,Teesta_Lalmonirhat
2008-01-03,0.0,24.77,10.4,0.51,73.21,0.48,0.43,Teesta_Lalmonirhat
2008-01-04,0.0,24.58,8.53,0.68,61.86,0.48,0.38,Teesta_Lalmonirhat
2008-01-05,0.0,23.61,8.94,0.87,72.01,0.48,0.34,Teesta_Lalmonirhat
2008-01-06,0.0,23.03,9.44,1.09,75.74,0.47,0.33,Teesta_Lalmonirhat
2008-01-07,0.0,24.65,10.54,0.78,71.37,0.47,0.38,Teesta_Lalmonirhat
2008-01-08,0.0,25.11,9.89,0.99,70.4,0.47,0.37,Teesta_Lalmonirhat
2008-01-09,0.0,25.73,10.6,0.72,70.99,0.47,0.35,Teesta_Lalmonirhat
2008-01-10,0.0,24.76,10.52,1.15,70.28,0.47,0.32,Teesta_Lalmonirhat
2008-01-11,0.0,24.36,11.91,1.02,68.12,0.47,0.23,Teesta_Lalmonirhat
2008-01-12,0.0,25.44,11.1,1.46,69.54,0.46,0.32,Teesta_Lalmonirhat
2008-01-13,0.0,23.07,9.62,1.0,72.05,0.46,0.28,Teesta_Lalmonirhat
2008-01-14,0.0,23.02,11.29,1.02,71.9,0.46,0.24,Teesta_Lalmonirhat
2008-01-15,0.0,21.86,10.11,1.13,76.77,0.46,0.19,Teesta_Lalmonirhat
2008-01-16,0.0,23.17,11.04,1.16,79.55,0.46,0.21,Teesta_Lalmonirhat
2008-01-17,0.0,23.12,11.3,1.38,76.6,0.46,0.23,Teesta_Lalmonirhat
2008-01-18,0.0,24.4,11.93,0.59,69.62,0.46,0.21,Teesta_Lalmonirhat
2008-01-19,0.0,24.1,12.72,1.07,66.9,0.45,0.18,Teesta_Lalmonirhat
2008-01-20,0.26,26.25,13.37,1.48,65.65,0.45,0.25,Teesta_Lalmonirhat
2008-01-21,0.0,26.72,11.47,2.21,55.85,0.45,0.32,Teesta_Lalmonirhat
2008-01-22,0.0,23.19,7.0,1.25,51.71,0.45,0.19,Teesta_Lalmonirhat
2008-01-23,7.22,19.95,10.31,1.66,64.0,0.45,0.11,Teesta_Lalmonirhat
2008-01-24,10.6,17.03,11.56,1.9,83.98,0.47,0.09,Teesta_Lalmonirhat
2008-01-25,0.22,22.15,11.06,1.15,76.59,0.48,0.3,Teesta_Lalmonirhat
2008-01-26,0.71,20.8,10.52,1.52,82.26,0.48,0.18,Teesta_Lalmonirhat
2008-01-27,0.37,21.58,10.45,1.68,73.35,0.47,0.33,Teesta_Lalmonirhat
2008-01-28,0.1,21.74,7.53,2.36,65.32,0.47,0.29,Teesta_Lalmonirhat
2008-01-29,1.62,20.32,7.14,1.37,55.28,0.47,0.27,Teesta_Lalmonirhat
2008-01-30,7.29,18.68,9.79,1.48,70.56,0.47,0.13,Teesta_Lalmonirhat
2008-01-31,0.02,20.88,8.06,1.38,72.81,0.48,0.32,Teesta_Lalmonirhat
2008-02-01,0.0,22.03,7.47,1.56,56.2,0.48,0.34,Teesta_Lalmonirhat
2008-02-02,0.0,20.65,6.75,1.02,57.46,0.48,0.33,Teesta_Lalmonirhat
2008-02-03,0.0,21.57,7.11,0.89,59.17,0.47,0.35,Teesta_Lalmonirhat
2008-02-04,0.0,23.22,8.13,1.01,59.79,0.47,0.36,Teesta_Lalmonirhat
2008-02-05,0.0,24.97,10.6,0.78,53.68,0.47,0.35,Teesta_Lalmonirhat
2008-02-06,0.0,25.26,10.95,1.1,63.42,0.47,0.35,Teesta_Lalmonirhat
2008-02-07,0.0,23.52,14.3,0.97,64.58,0.47,0.18,Teesta_Lalmonirhat
2008-02-08,0.02,23.89,13.83,1.43,73.54,0.46,0.18,Teesta_Lalmonirhat
2008-02-09,0.11,24.1,15.4,2.17,79.26,0.46,0.21,Teesta_Lalmonirhat
2008-02-10,0.0,24.86,12.13,2.96,63.39,0.46,0.38,Teesta_Lalmonirhat
2008-02-11,0.0,24.4,8.38,2.07,55.2,0.46,0.32,Teesta_Lalmonirhat
2008-02-12,0.0,23.5,8.39,1.2,52.42,0.46,0.29,Teesta_Lalmonirhat
2008-02-13,0.0,24.07,7.47,1.64,49.6,0.45,0.26,Teesta_Lalmonirhat
2008-02-14,0.0,24.12,7.21,0.7,46.49,0.45,0.26,Teesta_Lalmonirhat
2008-02-15,0.0,23.2,8.22,0.98,48.19,0.45,0.21,Teesta_Lalmonirhat
2008-02-16,0.0,23.84,8.97,0.96,51.21,0.45,0.21,Teesta_Lalmonirhat
2008-02-17,0.0,24.42,9.82,1.14,54.78,0.45,0.22,Teesta_Lalmonirhat
2008-02-18,0.02,26.41,11.06,1.42,59.67,0.44,0.24,Teesta_Lalmonirhat
2008-02-19,0.77,25.88,13.23,1.78,61.37,0.44,0.2,Teesta_Lalmonirhat
2008-02-20,0.46,24.79,13.86,1.74,65.87,0.44,0.18,Teesta_Lalmonirhat
2008-02-21,0.0,26.82,11.85,1.12,62.33,0.44,0.29,Teesta_Lalmonirhat
2008-02-22,0.0,28.17,12.29,0.96,52.29,0.44,0.31,Teesta_Lalmonirhat
2008-02-23,0.0,28.34,11.93,0.91,52.47,0.43,0.29,Teesta_Lalmonirhat
2008-02-24,0.0,29.42,13.93,1.41,50.5,0.43,0.24,Teesta_Lalmonirhat
2008-02-25,0.18,30.25,16.79,1.28,47.68,0.43,0.27,Teesta_Lalmonirhat
2008-02-26,0.0,29.88,15.3,1.81,44.76,0.43,0.26,Teesta_Lalmonirhat
2008-02-27,0.0,28.64,12.53,0.96,39.24,0.42,0.24,Teesta_Lalmonirhat
2008-02-28,0.0,29.98,12.99,0.77,43.18,0.42,0.23,Teesta_Lalmonirhat
2008-02-29,0.0,29.53,12.8,1.17,53.39,0.42,0.23,Teesta_Lalmonirhat
2008-03-01,0.0,28.98,13.32,1.84,52.45,0.42,0.2,Teesta_Lalmonirhat
2008-03-02,0.0,29.91,14.2,1.44,52.76,0.41,0.2,Teesta_Lalmonirhat
2008-03-03,0.11,30.0,15.95,1.51,55.63,0.41,0.19,Teesta_Lalmonirhat
2008-03-04,1.83,30.41,16.63,1.58,55.09,0.41,0.19,Teesta_Lalmonirhat
2008-03-05,4.78,28.82,16.44,1.54,58.7,0.42,0.17,Teesta_Lalmonirhat
2008-03-06,0.0,29.73,16.82,2.24,64.45,0.42,0.22,Teesta_Lalmonirhat
2008-03-07,0.19,30.53,17.12,2.12,60.65,0.41,0.21,Teesta_Lalmonirhat
2008-03-08,0.06,31.26,17.41,1.28,54.96,0.41,0.22,Teesta_Lalmonirhat
2008-03-09,0.0,31.75,18.0,1.66,55.65,0.41,0.21,Teesta_Lalmonirhat
2008-03-10,0.0,31.44,18.4,1.3,58.61,0.41,0.18,Teesta_Lalmonirhat
2008-03-11,0.0,32.65,19.47,1.61,54.4,0.4,0.16,Teesta_Lalmonirhat
2008-03-12,0.0,32.8,18.14,1.51,41.44,0.4,0.13,Teesta_Lalmonirhat
2008-03-13,0.0,32.16,17.45,1.17,45.44,0.4,0.12,Teesta_Lalmonirhat
2008-03-14,0.0,34.02,18.95,2.01,48.69,0.4,0.13,Teesta_Lalmonirhat
2008-03-15,0.9,34.91,16.66,3.62,41.3,0.4,0.15,Teesta_Lalmonirhat
2008-03-16,1.63,34.58,18.05,1.74,37.1,0.39,0.14,Teesta_Lalmonirhat
2008-03-17,0.0,33.84,17.6,1.22,33.06,0.39,0.12,Teesta_Lalmonirhat
2008-03-18,1.19,32.79,17.57,2.13,45.37,0.39,0.1,Teesta_Lalmonirhat
2008-03-19,1.89,33.54,17.91,1.88,45.91,0.39,0.11,Teesta_Lalmonirhat
2008-03-20,1.49,34.94,19.05,1.52,45.31,0.39,0.12,Teesta_Lalmonirhat
2008-03-21,2.23,35.2,22.3,1.99,36.19,0.39,0.12,Teesta_Lalmonirhat
2008-03-22,7.17,34.14,20.82,1.39,37.14,0.4,0.15,Teesta_Lalmonirhat
2008-03-23,0.09,33.85,18.08,2.15,46.91,0.4,0.15,Teesta_Lalmonirhat
2008-03-24,0.78,32.81,19.3,1.39,44.94,0.39,0.14,Teesta_Lalmonirhat
2008-03-25,0.0,34.72,18.47,1.38,41.61,0.39,0.13,Teesta_Lalmonirhat
2008-03-26,3.81,35.18,18.53,1.97,44.83,0.39,0.16,Teesta_Lalmonirhat
2008-03-27,0.8,35.62,18.53,1.94,37.19,0.39,0.15,Teesta_Lalmonirhat
2008-03-28,0.75,37.37,20.56,2.42,31.5,0.39,0.15,Teesta_Lalmonirhat
2008-03-29,3.92,36.59,19.72,1.59,36.1,0.39,0.16,Teesta_Lalmonirhat
2008-03-30,1.61,36.36,20.18,1.16,36.3,0.39,0.16,Teesta_Lalmonirhat
2008-03-31,6.89,33.53,21.29,1.92,54.31,0.4,0.16,Teesta_Lalmonirhat
2008-04-01,5.25,31.19,19.89,2.8,61.56,0.41,0.16,Teesta_Lalmonirhat
2008-04-02,14.38,30.19,19.67,1.61,65.25,0.42,0.3,Teesta_Lalmonirhat
2008-04-03,1.33,34.37,19.25,1.56,52.22,0.43,0.46,Teesta_Lalmonirhat
2008-04-04,0.79,32.56,21.23,1.12,52.87,0.42,0.38,Teesta_Lalmonirhat
2008-04-05,0.49,31.58,20.66,1.21,60.18,0.42,0.27,Teesta_Lalmonirhat
2008-04-06,0.4,31.37,21.95,1.5,58.53,0.42,0.25,Teesta_Lalmonirhat
2008-04-07,0.03,35.45,18.88,1.91,46.47,0.41,0.37,Teesta_Lalmonirhat
2008-04-08,0.0,34.41,18.36,1.14,39.03,0.41,0.33,Teesta_Lalmonirhat
2008-04-09,0.0,35.77,20.07,0.97,37.01,0.41,0.28,Teesta_Lalmonirhat
2008-04-10,0.0,36.6,19.97,1.23,43.96,0.4,0.27,Teesta_Lalmonirhat
2008-04-11,0.0,37.76,21.7,1.49,41.8,0.4,0.25,Teesta_Lalmonirhat
2008-04-12,0.15,38.18,22.6,1.84,42.5,0.4,0.21,Teesta_Lalmonirhat
2008-04-13,7.47,38.2,23.65,1.64,47.91,0.4,0.26,Teesta_Lalmonirhat
2008-04-14,4.83,36.54,22.24,1.47,48.04,0.41,0.33,Teesta_Lalmonirhat
2008-04-15,0.56,36.83,23.21,1.41,51.72,0.41,0.3,Teesta_Lalmonirhat
2008-04-16,0.23,35.69,24.41,2.07,56.0,0.4,0.26,Teesta_Lalmonirhat
2008-04-17,0.45,37.44,24.91,1.59,53.39,0.4,0.24,Teesta_Lalmonirhat
2008-04-18,0.82,39.26,25.85,1.68,46.74,0.4,0.24,Teesta_Lalmonirhat
2008-04-19,0.02,40.24,23.58,2.03,28.45,0.39,0.22,Teesta_Lalmonirhat
2008-04-20,0.0,38.67,21.78,1.22,26.07,0.39,0.18,Teesta_Lalmonirhat
2008-04-21,0.0,38.78,20.52,2.06,35.42,0.39,0.15,Teesta_Lalmonirhat
2008-04-22,0.0,38.99,21.65,2.46,36.39,0.38,0.13,Teesta_Lalmonirhat
2008-04-23,0.0,39.37,23.05,2.63,38.31,0.38,0.1,Teesta_Lalmonirhat
2008-04-24,0.0,39.91,24.07,2.11,41.06,0.38,0.1,Teesta_Lalmonirhat
2008-04-25,0.36,39.77,24.37,2.19,43.41,0.38,0.08,Teesta_Lalmonirhat
2008-04-26,0.01,39.45,24.47,2.01,42.35,0.37,0.07,Teesta_Lalmonirhat
2008-04-27,0.11,39.46,25.34,2.5,43.49,0.37,0.06,Teesta_Lalmonirhat
2008-04-28,1.56,38.78,25.91,2.19,46.13,0.37,0.05,Teesta_Lalmonirhat
2008-04-29,8.6,36.33,27.21,2.12,54.72,0.38,0.08,Teesta_Lalmonirhat
2008-04-30,13.32,33.63,24.54,3.14,66.68,0.4,0.18,Teesta_Lalmonirhat
2008-05-01,9.06,34.39,23.82,2.29,65.4,0.41,0.29,Teesta_Lalmonirhat
2008-05-02,13.72,34.18,24.32,2.02,67.99,0.42,0.36,Teesta_Lalmonirhat
2008-05-03,1.56,37.82,24.77,2.46,56.99,0.43,0.58,Teesta_Lalmonirhat
2008-05-04,0.88,36.86,24.6,2.72,52.86,0.42,0.56,Teesta_Lalmonirhat
2008-05-05,12.22,35.25,24.38,1.97,56.11,0.43,0.61,Teesta_Lalmonirhat
2008-05-06,14.7,32.59,25.88,1.25,65.98,0.45,0.83,Teesta_Lalmonirhat
2008-05-07,0.01,35.57,24.58,1.42,57.97,0.46,1.02,Teesta_Lalmonirhat
2008-05-08,8.85,34.76,25.09,1.47,63.99,0.46,1.0,Teesta_Lalmonirhat
2008-05-09,10.62,33.99,25.44,0.94,61.41,0.47,1.25,Teesta_Lalmonirhat
2008-05-10,1.55,36.06,24.82,2.27,59.32,0.47,1.35,Teesta_Lalmonirhat
2008-05-11,1.12,35.95,24.88,1.72,54.33,0.46,1.29,Teesta_Lalmonirhat
2008-05-12,0.95,36.71,25.61,1.55,54.7,0.46,1.19,Teesta_Lalmonirhat
2008-05-13,0.66,37.02,25.76,1.77,55.03,0.45,1.07,Teesta_Lalmonirhat
2008-05-14,0.02,37.17,25.84,1.33,54.45,0.45,1.06,Teesta_Lalmonirhat
2008-05-15,0.3,38.49,26.21,1.78,51.97,0.44,0.98,Teesta_Lalmonirhat
2008-05-16,1.24,37.99,26.45,1.66,52.68,0.44,0.95,Teesta_Lalmonirhat
2008-05-17,0.67,39.81,26.62,1.93,49.99,0.43,0.79,Teesta_Lalmonirhat
2008-05-18,4.81,37.11,27.73,1.76,55.32,0.43,0.64,Teesta_Lalmonirhat
2008-05-19,2.68,35.17,27.56,2.92,61.79,0.43,0.51,Teesta_Lalmonirhat
2008-05-20,0.39,32.35,25.82,3.48,67.31,0.43,0.43,Teesta_Lalmonirhat
2008-05-21,10.2,33.45,24.77,1.54,63.79,0.44,0.63,Teesta_Lalmonirhat
2008-05-22,0.98,37.04,25.41,1.29,55.83,0.44,0.91,Teesta_Lalmonirhat
2008-05-23,4.33,34.25,26.65,1.86,60.57,0.44,0.69,Teesta_Lalmonirhat
2008-05-24,15.53,33.79,26.46,1.34,65.04,0.45,0.88,Teesta_Lalmonirhat
2008-05-25,1.37,36.12,26.48,1.63,59.44,0.46,1.25,Teesta_Lalmonirhat
2008-05-26,2.98,34.42,26.59,1.6,67.45,0.46,0.74,Teesta_Lalmonirhat
2008-05-27,10.89,34.36,26.22,2.25,68.11,0.47,1.03,Teesta_Lalmonirhat
2008-05-28,0.34,37.26,25.46,1.89,62.67,0.47,1.35,Teesta_Lalmonirhat
2008-05-29,0.48,39.39,26.31,2.57,57.8,0.46,1.3,Teesta_Lalmonirhat
2008-05-30,11.97,34.66,26.38,2.51,71.07,0.47,1.03,Teesta_Lalmonirhat
2008-05-31,17.19,34.53,26.44,1.67,72.61,0.49,1.52,Teesta_Lalmonirhat
2008-06-01,16.49,33.2,26.76,1.48,72.89,0.51,1.55,Teesta_Lalmonirhat
2008-06-02,49.7,31.49,25.89,2.18,82.38,0.58,2.73,Teesta_Lalmonirhat
2008-06-03,0.27,31.74,25.31,2.15,77.62,0.58,3.28,Teesta_Lalmonirhat
2008-06-04,19.59,32.61,24.75,1.55,77.87,0.59,3.45,Teesta_Lalmonirhat
2008-06-05,26.43,31.49,25.66,1.74,82.66,0.62,3.06,Teesta_Lalmonirhat
2008-06-06,4.66,32.69,25.44,1.82,80.09,0.62,5.04,Teesta_Lalmonirhat
2008-06-07,4.73,33.53,25.04,2.09,76.62,0.62,5.45,Teesta_Lalmonirhat
2008-06-08,2.54,32.0,24.72,2.28,79.7,0.61,4.64,Teesta_Lalmonirhat
2008-06-09,5.73,32.07,25.91,2.06,82.9,0.6,3.16,Teesta_Lalmonirhat
2008-06-10,3.92,32.51,25.58,2.32,81.93,0.6,3.55,Teesta_Lalmonirhat
2008-06-11,0.71,33.66,25.8,2.39,78.23,0.59,5.19,Teesta_Lalmonirhat
2008-06-12,6.65,33.64,26.86,2.81,80.86,0.59,3.93,Teesta_Lalmonirhat
2008-06-13,32.03,31.58,27.31,2.07,87.29,0.61,1.59,Teesta_Lalmonirhat
2008-06-14,45.73,30.69,27.02,1.55,88.74,0.69,1.2,Teesta_Lalmonirhat
2008-06-15,1.98,33.69,26.01,2.17,81.38,0.69,6.27,Teesta_Lalmonirhat
2008-06-16,3.05,32.53,26.31,2.51,84.8,0.68,4.15,Teesta_Lalmonirhat
2008-06-17,7.51,32.34,26.91,4.39,85.78,0.67,4.28,Teesta_Lalmonirhat
2008-06-18,35.87,30.4,26.05,3.62,87.95,0.69,2.57,Teesta_Lalmonirhat
2008-06-19,22.79,31.17,26.19,2.7,86.79,0.72,2.99,Teesta_Lalmonirhat
2008-06-20,29.9,32.1,25.89,1.86,86.25,0.75,3.26,Teesta_Lalmonirhat
2008-06-21,6.44,30.82,25.94,1.56,84.7,0.76,2.73,Teesta_Lalmonirhat
2008-06-22,10.99,32.19,25.82,1.68,84.1,0.76,4.47,Teesta_Lalmonirhat
2008-06-23,15.99,32.28,25.87,2.37,84.94,0.77,4.65,Teesta_Lalmonirhat
2008-06-24,3.52,33.43,25.66,1.97,83.12,0.76,5.57,Teesta_Lalmonirhat
2008-06-25,1.57,33.66,26.79,1.78,82.92,0.75,5.71,Teesta_Lalmonirhat
2008-06-26,2.13,31.09,27.1,2.06,87.65,0.74,2.68,Teesta_Lalmonirhat
2008-06-27,2.87,33.06,26.58,1.94,84.42,0.73,5.01,Teesta_Lalmonirhat
2008-06-28,18.99,31.84,26.72,2.41,87.11,0.73,3.57,Teesta_Lalmonirhat
2008-06-29,21.9,30.85,26.21,3.1,89.56,0.76,2.1,Teesta_Lalmonirhat
2008-06-30,6.01,31.75,26.28,2.81,86.85,0.77,3.31,Teesta_Lalmonirhat
2008-07-01,16.05,31.44,26.38,2.53,88.45,0.77,2.59,Teesta_Lalmonirhat
2008-07-02,12.98,32.09,26.22,2.65,87.28,0.77,3.37,Teesta_Lalmonirhat
2008-07-03,14.76,31.52,26.61,2.26,87.83,0.78,2.52,Teesta_Lalmonirhat
2008-07-04,10.83,31.7,26.45,1.95,88.66,0.79,2.29,Teesta_Lalmonirhat
2008-07-05,6.33,31.48,26.06,1.53,86.1,0.79,3.12,Teesta_Lalmonirhat
2008-07-06,0.02,31.25,26.27,1.45,85.53,0.78,2.98,Teesta_Lalmonirhat
2008-07-07,0.52,32.62,25.89,2.3,83.7,0.77,5.38,Teesta_Lalmonirhat
2008-07-08,3.66,31.4,26.21,2.4,87.64,0.76,3.19,Teesta_Lalmonirhat
2008-07-09,2.22,32.68,26.26,2.2,85.66,0.76,4.45,Teesta_Lalmonirhat
2008-07-10,2.21,31.72,26.41,1.95,87.82,0.75,3.42,Teesta_Lalmonirhat
2008-07-11,8.17,30.98,26.1,1.91,86.89,0.74,2.76,Teesta_Lalmonirhat
2008-07-12,13.36,31.5,26.47,1.62,86.6,0.75,2.94,Teesta_Lalmonirhat
2008-07-13,17.85,32.71,26.42,1.19,83.3,0.77,3.44,Teesta_Lalmonirhat
2008-07-14,13.6,31.12,26.64,2.13,87.35,0.78,2.54,Teesta_Lalmonirhat
2008-07-15,10.55,29.75,26.14,1.97,90.18,0.78,1.25,Teesta_Lalmonirhat
2008-07-16,3.29,32.6,25.45,1.39,84.78,0.78,4.19,Teesta_Lalmonirhat
2008-07-17,5.92,31.6,26.53,1.06,85.64,0.77,2.71,Teesta_Lalmonirhat
2008-07-18,3.54,33.47,26.04,1.4,82.22,0.77,5.28,Teesta_Lalmonirhat
2008-07-19,6.06,32.09,26.68,2.59,88.44,0.76,2.76,Teesta_Lalmonirhat
2008-07-20,4.28,32.6,25.78,2.64,86.07,0.76,4.78,Teesta_Lalmonirhat
2008-07-21,6.13,30.6,26.74,3.08,90.91,0.76,1.5,Teesta_Lalmonirhat
2008-07-22,16.96,29.56,26.56,2.2,90.07,0.77,1.32,Teesta_Lalmonirhat
2008-07-23,9.18,32.52,26.11,1.28,84.09,0.78,3.96,Teesta_Lalmonirhat
2008-07-24,1.02,30.68,26.1,1.01,85.28,0.77,1.98,Teesta_Lalmonirhat
2008-07-25,1.2,31.39,25.97,1.66,85.26,0.76,3.4,Teesta_Lalmonirhat
2008-07-26,6.05,32.14,26.47,1.73,85.05,0.76,3.18,Teesta_Lalmonirhat
2008-07-27,1.63,34.08,26.37,2.24,83.25,0.75,5.19,Teesta_Lalmonirhat
2008-07-28,1.9,33.48,26.93,2.29,86.18,0.74,4.3,Teesta_Lalmonirhat
2008-07-29,0.63,32.97,26.1,1.91,84.81,0.73,4.62,Teesta_Lalmonirhat
2008-07-30,1.31,33.31,26.12,1.89,83.5,0.72,5.78,Teesta_Lalmonirhat
2008-07-31,1.59,32.42,26.35,2.09,85.52,0.71,4.35,Teesta_Lalmonirhat
2008-08-01,2.28,32.8,26.52,2.04,86.04,0.7,4.43,Teesta_Lalmonirhat
2008-08-02,26.87,30.43,26.16,1.2,88.2,0.72,1.51,Teesta_Lalmonirhat
2008-08-03,32.99,30.58,25.86,1.22,86.86,0.76,1.93,Teesta_Lalmonirhat
2008-08-04,15.4,30.24,25.88,1.71,88.56,0.78,2.16,Teesta_Lalmonirhat
2008-08-05,7.74,30.03,25.81,1.28,89.29,0.78,1.67,Teesta_Lalmonirhat
2008-08-06,19.37,29.63,25.84,1.53,89.5,0.79,1.47,Teesta_Lalmonirhat
2008-08-07,10.45,32.36,25.55,1.44,81.38,0.8,4.25,Teesta_Lalmonirhat
2008-08-08,0.23,31.88,26.58,1.35,84.85,0.79,2.39,Teesta_Lalmonirhat
2008-08-09,5.09,35.13,26.61,2.24,81.96,0.78,5.34,Teesta_Lalmonirhat
2008-08-10,8.88,31.6,26.81,3.03,87.87,0.78,2.74,Teesta_Lalmonirhat
2008-08-11,41.09,31.69,26.1,3.31,88.36,0.8,2.85,Teesta_Lalmonirhat
2008-08-12,25.13,29.96,26.09,2.19,91.0,0.84,1.42,Teesta_Lalmonirhat
2008-08-13,4.2,31.34,26.2,2.01,87.65,0.84,2.85,Teesta_Lalmonirhat
2008-08-14,3.6,30.67,25.78,1.48,89.27,0.83,2.59,Teesta_Lalmonirhat
2008-08-15,11.06,30.69,25.59,1.85,90.23,0.83,2.17,Teesta_Lalmonirhat
2008-08-16,8.38,31.03,25.34,1.7,86.87,0.84,3.32,Teesta_Lalmonirhat
2008-08-17,3.83,32.76,26.1,1.47,82.68,0.83,4.63,Teesta_Lalmonirhat
2008-08-18,21.18,32.41,26.36,2.1,86.96,0.83,3.53,Teesta_Lalmonirhat
2008-08-19,11.52,32.0,26.63,1.51,88.29,0.84,2.39,Teesta_Lalmonirhat
2008-08-20,5.88,31.7,25.89,1.73,87.74,0.84,3.12,Teesta_Lalmonirhat
2008-08-21,2.46,32.14,25.79,1.59,85.55,0.83,4.33,Teesta_Lalmonirhat
2008-08-22,0.89,31.22,25.21,1.36,83.87,0.82,3.64,Teesta_Lalmonirhat
2008-08-23,14.39,32.78,26.23,1.34,81.33,0.82,4.62,Teesta_Lalmonirhat
2008-08-24,14.19,31.67,25.55,1.79,86.06,0.83,3.86,Teesta_Lalmonirhat
2008-08-25,8.93,30.83,26.11,2.32,89.25,0.83,2.36,Teesta_Lalmonirhat
2008-08-26,1.53,30.49,25.77,2.44,88.33,0.83,3.3,Teesta_Lalmonirhat
2008-08-27,7.25,31.9,26.03,1.2,85.77,0.82,3.6,Teesta_Lalmonirhat
2008-08-28,8.64,29.76,26.53,2.23,91.71,0.82,1.43,Teesta_Lalmonirhat
2008-08-29,46.97,29.76,25.66,2.32,92.71,0.86,1.07,Teesta_Lalmonirhat
2008-08-30,14.95,29.35,24.78,2.07,92.11,0.88,1.33,Teesta_Lalmonirhat
2008-08-31,9.47,29.5,26.04,2.24,92.7,0.88,0.86,Teesta_Lalmonirhat
2008-09-01,9.69,30.85,25.25,2.53,90.17,0.88,2.4,Teesta_Lalmonirhat
2008-09-02,4.68,31.59,25.01,2.32,86.98,0.87,4.15,Teesta_Lalmonirhat
2008-09-03,40.37,31.76,25.29,2.61,88.57,0.89,2.91,Teesta_Lalmonirhat
2008-09-04,6.54,32.24,25.19,1.74,86.69,0.9,3.91,Teesta_Lalmonirhat
2008-09-05,3.83,30.28,26.02,1.8,90.61,0.89,2.09,Teesta_Lalmonirhat
2008-09-06,0.72,31.04,25.03,1.23,86.68,0.88,3.7,Teesta_Lalmonirhat
2008-09-07,0.09,30.8,24.3,1.4,84.51,0.87,4.57,Teesta_Lalmonirhat
2008-09-08,0.01,31.67,24.18,1.41,83.2,0.86,4.98,Teesta_Lalmonirhat
2008-09-09,0.09,30.64,25.1,0.9,83.32,0.85,2.97,Teesta_Lalmonirhat
2008-09-10,0.3,31.89,25.82,0.88,81.17,0.85,4.66,Teesta_Lalmonirhat
2008-09-11,1.6,29.32,25.65,0.64,85.39,0.84,1.78,Teesta_Lalmonirhat
2008-09-12,2.24,29.68,25.57,0.61,84.44,0.84,1.76,Teesta_Lalmonirhat
2008-09-13,1.17,31.95,25.41,1.23,83.68,0.83,3.9,Teesta_Lalmonirhat
2008-09-14,0.53,28.64,25.54,1.77,90.87,0.83,1.5,Teesta_Lalmonirhat
2008-09-15,2.25,29.97,25.42,1.73,87.34,0.82,2.08,Teesta_Lalmonirhat
2008-09-16,1.55,29.4,25.61,1.73,88.63,0.82,1.71,Teesta_Lalmonirhat
2008-09-17,0.38,28.6,25.43,2.9,91.99,0.82,1.59,Teesta_Lalmonirhat
2008-09-18,0.37,29.27,24.6,2.0,88.61,0.81,2.83,Teesta_Lalmonirhat
2008-09-19,0.32,30.63,24.53,1.38,86.75,0.8,3.34,Teesta_Lalmonirhat
2008-09-20,0.89,32.06,25.24,0.93,84.06,0.79,5.84,Teesta_Lalmonirhat
2008-09-21,5.58,30.12,25.4,1.49,89.91,0.79,2.5,Teesta_Lalmonirhat
2008-09-22,3.5,30.2,25.16,0.87,81.51,0.79,2.55,Teesta_Lalmonirhat
2008-09-23,11.33,30.35,24.17,0.99,82.9,0.79,4.11,Teesta_Lalmonirhat
2008-09-24,17.55,29.9,25.52,0.43,83.12,0.81,2.79,Teesta_Lalmonirhat
2008-09-25,1.58,31.86,24.75,0.71,80.78,0.8,6.28,Teesta_Lalmonirhat
2008-09-26,3.67,32.17,24.11,0.97,84.47,0.8,5.91,Teesta_Lalmonirhat
2008-09-27,1.54,30.0,25.08,1.27,86.6,0.79,3.68,Teesta_Lalmonirhat
2008-09-28,12.8,27.35,24.41,1.25,93.2,0.79,0.68,Teesta_Lalmonirhat
2008-09-29,14.77,30.87,23.74,1.51,86.33,0.81,4.3,Teesta_Lalmonirhat
2008-09-30,0.04,31.21,23.79,0.7,78.86,0.8,6.55,Teesta_Lalmonirhat
2008-10-01,0.0,31.88,23.46,0.67,79.44,0.79,6.83,Teesta_Lalmonirhat
2008-10-02,13.56,30.28,24.69,2.04,87.77,0.79,3.34,Teesta_Lalmonirhat
2008-10-03,5.21,28.21,24.78,2.12,91.62,0.8,1.82,Teesta_Lalmonirhat
2008-10-04,35.5,28.76,24.38,1.32,91.51,0.82,1.51,Teesta_Lalmonirhat
2008-10-05,38.85,30.68,24.27,1.09,87.36,0.87,3.11,Teesta_Lalmonirhat
2008-10-06,3.5,29.72,24.39,1.45,89.3,0.87,3.03,Teesta_Lalmonirhat
2008-10-07,3.95,29.27,23.39,1.59,88.32,0.86,3.54,Teesta_Lalmonirhat
2008-10-08,10.29,29.46,23.08,1.42,88.31,0.86,3.8,Teesta_Lalmonirhat
2008-10-09,6.43,30.17,23.26,1.19,86.78,0.86,3.86,Teesta_Lalmonirhat
2008-10-10,0.93,30.7,22.88,0.73,80.49,0.85,6.05,Teesta_Lalmonirhat
2008-10-11,0.0,30.12,22.29,1.06,82.16,0.84,5.72,Teesta_Lalmonirhat
2008-10-12,0.01,29.7,21.74,1.01,82.16,0.83,5.62,Teesta_Lalmonirhat
2008-10-13,0.09,30.45,21.82,0.74,78.35,0.82,5.91,Teesta_Lalmonirhat
2008-10-14,0.02,30.15,22.11,1.63,84.17,0.81,5.21,Teesta_Lalmonirhat
2008-10-15,0.0,30.4,21.59,1.4,80.84,0.8,5.75,Teesta_Lalmonirhat
2008-10-16,0.0,29.78,21.26,1.49,80.08,0.79,5.71,Teesta_Lalmonirhat
2008-10-17,0.0,29.37,20.18,1.43,81.35,0.78,5.38,Teesta_Lalmonirhat
2008-10-18,0.0,29.59,21.02,1.62,80.25,0.78,4.95,Teesta_Lalmonirhat
2008-10-19,0.0,29.53,21.36,1.14,72.38,0.77,5.76,Teesta_Lalmonirhat
2008-10-20,0.0,29.06,19.61,1.28,77.5,0.76,5.53,Teesta_Lalmonirhat
2008-10-21,0.0,30.01,21.28,0.78,75.16,0.75,6.03,Teesta_Lalmonirhat
2008-10-22,0.0,29.95,20.77,0.67,79.97,0.74,5.79,Teesta_Lalmonirhat
2008-10-23,0.0,28.78,20.18,1.6,83.38,0.73,4.94,Teesta_Lalmonirhat
2008-10-24,0.03,29.18,18.94,1.72,79.65,0.72,5.17,Teesta_Lalmonirhat
2008-10-25,0.01,27.86,19.0,2.63,82.54,0.71,4.75,Teesta_Lalmonirhat
2008-10-26,20.62,23.37,17.83,4.61,88.87,0.72,1.71,Teesta_Lalmonirhat
2008-10-27,21.06,23.26,17.75,3.27,92.74,0.75,1.12,Teesta_Lalmonirhat
2008-10-28,1.58,27.36,18.64,1.07,80.69,0.75,4.39,Teesta_Lalmonirhat
2008-10-29,0.23,27.89,19.16,1.06,82.34,0.74,4.42,Teesta_Lalmonirhat
2008-10-30,0.03,27.86,18.95,1.27,80.91,0.73,4.64,Teesta_Lalmonirhat
2008-10-31,0.0,28.17,18.91,0.93,81.34,0.73,5.03,Teesta_Lalmonirhat
2008-11-01,0.0,28.47,18.65,1.15,79.99,0.72,4.88,Teesta_Lalmonirhat
2008-11-02,0.0,28.25,17.99,0.98,82.9,0.71,4.73,Teesta_Lalmonirhat
2008-11-03,0.64,28.68,18.51,1.1,82.13,0.7,4.05,Teesta_Lalmonirhat
2008-11-04,0.26,28.74,19.45,0.91,79.01,0.7,4.17,Teesta_Lalmonirhat
2008-11-05,0.0,28.12,20.26,0.89,78.89,0.69,4.02,Teesta_Lalmonirhat
2008-11-06,0.0,27.91,18.9,1.48,85.68,0.68,3.82,Teesta_Lalmonirhat
2008-11-07,0.0,27.22,16.14,1.93,82.38,0.68,3.77,Teesta_Lalmonirhat
2008-11-08,0.0,26.81,15.43,1.76,79.37,0.67,3.61,Teesta_Lalmonirhat
2008-11-09,0.0,27.25,15.28,1.45,80.47,0.66,3.48,Teesta_Lalmonirhat
2008-11-10,0.0,27.23,16.15,1.47,79.17,0.66,3.52,Teesta_Lalmonirhat
2008-11-11,0.0,27.33,16.5,0.99,74.52,0.65,3.55,Teesta_Lalmonirhat
2008-11-12,0.0,26.93,15.96,0.94,78.18,0.65,3.49,Teesta_Lalmonirhat
2008-11-13,0.0,26.6,15.67,1.3,82.83,0.64,3.02,Teesta_Lalmonirhat
2008-11-14,0.0,26.17,15.6,1.81,85.07,0.63,2.77,Teesta_Lalmonirhat
2008-11-15,0.0,25.39,14.94,1.38,84.1,0.63,2.51,Teesta_Lalmonirhat
2008-11-16,0.0,26.61,16.38,0.72,79.7,0.62,2.76,Teesta_Lalmonirhat
2008-11-17,0.0,26.04,15.69,0.59,82.42,0.62,2.42,Teesta_Lalmonirhat
2008-11-18,0.0,25.52,16.51,1.49,83.97,0.61,2.52,Teesta_Lalmonirhat
2008-11-19,0.0,25.81,14.73,1.54,81.48,0.61,2.41,Teesta_Lalmonirhat
2008-11-20,0.0,26.07,15.75,0.8,77.32,0.6,2.13,Teesta_Lalmonirhat
2008-11-21,0.0,27.03,15.63,1.28,80.55,0.6,2.1,Teesta_Lalmonirhat
2008-11-22,0.0,26.58,15.33,1.8,77.5,0.6,1.98,Teesta_Lalmonirhat
2008-11-23,0.0,24.58,13.46,0.99,81.24,0.59,1.54,Teesta_Lalmonirhat
2008-11-24,0.0,25.0,14.79,1.21,83.21,0.59,1.68,Teesta_Lalmonirhat
2008-11-25,0.0,25.51,14.38,1.77,77.51,0.58,1.88,Teesta_Lalmonirhat
2008-11-26,42.58,24.95,14.31,1.91,76.79,0.63,2.26,Teesta_Lalmonirhat
2008-11-27,0.0,24.66,13.75,1.91,75.92,0.62,2.2,Teesta_Lalmonirhat
2008-11-28,0.0,26.27,15.64,1.12,73.09,0.62,2.25,Teesta_Lalmonirhat
2008-11-29,0.0,25.9,15.0,1.41,82.85,0.61,2.04,Teesta_Lalmonirhat
2008-11-30,0.0,26.73,16.03,1.47,82.43,0.61,2.03,Teesta_Lalmonirhat
2008-12-01,0.0,27.0,16.21,1.17,79.75,0.6,1.97,Teesta_Lalmonirhat
2008-12-02,0.09,26.42,17.02,1.01,77.29,0.6,1.97,Teesta_Lalmonirhat
2008-12-03,0.02,25.74,16.56,0.95,76.9,0.59,1.59,Teesta_Lalmonirhat
2008-12-04,0.0,25.54,16.05,0.72,79.78,0.59,1.41,Teesta_Lalmonirhat
2008-12-05,0.0,25.5,16.21,2.0,86.17,0.59,1.45,Teesta_Lalmonirhat
2008-12-06,0.0,26.35,16.25,1.35,81.39,0.58,1.55,Teesta_Lalmonirhat
2008-12-07,0.0,26.4,16.44,1.02,80.84,0.58,1.51,Teesta_Lalmonirhat
2008-12-08,0.0,25.39,17.36,2.36,82.86,0.58,1.51,Teesta_Lalmonirhat
2008-12-09,0.0,25.87,14.89,1.02,69.48,0.57,1.65,Teesta_Lalmonirhat
2008-12-10,0.0,25.79,14.72,0.74,74.9,0.57,1.27,Teesta_Lalmonirhat
2008-12-11,0.0,25.57,15.57,0.91,80.59,0.57,1.0,Teesta_Lalmonirhat
2008-12-12,0.0,25.31,16.49,0.72,78.15,0.56,0.89,Teesta_Lalmonirhat
2008-12-13,0.0,25.56,15.61,0.75,76.67,0.56,0.97,Teesta_Lalmonirhat
2008-12-14,0.0,24.32,14.55,1.05,85.82,0.56,0.83,Teesta_Lalmonirhat
2008-12-15,0.0,24.39,14.27,0.95,83.2,0.56,0.95,Teesta_Lalmonirhat
2008-12-16,0.0,23.86,14.44,1.06,84.46,0.55,0.93,Teesta_Lalmonirhat
2008-12-17,0.0,23.47,13.14,1.52,85.18,0.55,0.9,Teesta_Lalmonirhat
2008-12-18,0.0,23.27,13.09,1.07,82.12,0.55,0.87,Teesta_Lalmonirhat
2008-12-19,0.0,23.82,12.75,0.85,79.73,0.54,0.8,Teesta_Lalmonirhat
2008-12-20,0.0,23.9,13.72,1.08,81.92,0.54,0.7,Teesta_Lalmonirhat
2008-12-21,0.0,23.22,13.2,1.13,83.95,0.54,0.72,Teesta_Lalmonirhat
2008-12-22,0.0,22.84,13.42,1.42,82.83,0.54,0.62,Teesta_Lalmonirhat
2008-12-23,0.0,22.82,13.62,0.68,78.56,0.54,0.63,Teesta_Lalmonirhat
2008-12-24,0.0,22.08,14.65,0.88,83.95,0.53,0.52,Teesta_Lalmonirhat
2008-12-25,0.0,23.95,13.25,1.43,82.04,0.53,0.75,Teesta_Lalmonirhat
2008-12-26,0.16,23.95,13.33,0.97,78.63,0.53,0.73,Teesta_Lalmonirhat
2008-12-27,0.0,23.1,13.4,0.72,75.42,0.53,0.68,Teesta_Lalmonirhat
2008-12-28,0.0,23.91,13.17,0.91,76.43,0.52,0.75,Teesta_Lalmonirhat
2008-12-29,0.0,23.56,13.03,0.81,76.95,0.52,0.65,Teesta_Lalmonirhat
2008-12-30,0.0,23.6,12.15,0.88,76.94,0.52,0.59,Teesta_Lalmonirhat
2008-12-31,0.0,23.93,12.05,0.91,77.53,0.52,0.61,Teesta_Lalmonirhat
2009-01-01,0.0,24.38,12.49,0.99,73.52,0.52,0.61,Teesta_Lalmonirhat
2009-01-02,0.2,23.54,12.12,0.77,65.08,0.51,0.56,Teesta_Lalmonirhat
2009-01-03,0.0,22.84,10.5,0.68,70.56,0.51,0.48,Teesta_Lalmonirhat
2009-01-04,0.0,22.57,11.3,0.85,75.06,0.51,0.5,Teesta_Lalmonirhat
2009-01-05,0.0,23.34,10.51,0.81,73.05,0.51,0.52,Teesta_Lalmonirhat
2009-01-06,0.0,24.21,10.83,1.07,69.25,0.51,0.48,Teesta_Lalmonirhat
2009-01-07,0.0,23.33,11.05,1.62,79.05,0.5,0.44,Teesta_Lalmonirhat
2009-01-08,0.01,23.37,11.49,1.6,78.47,0.5,0.45,Teesta_Lalmonirhat
2009-01-09,0.0,24.54,11.75,1.05,73.98,0.5,0.52,Teesta_Lalmonirhat
2009-01-10,0.0,24.08,11.71,1.12,76.32,0.5,0.49,Teesta_Lalmonirhat
2009-01-11,0.0,23.52,11.73,1.23,76.6,0.49,0.36,Teesta_Lalmonirhat
2009-01-12,0.0,22.96,12.26,1.01,78.95,0.49,0.34,Teesta_Lalmonirhat
2009-01-13,0.0,22.67,12.56,1.64,79.67,0.49,0.32,Teesta_Lalmonirhat
2009-01-14,0.0,24.29,11.4,1.08,68.75,0.49,0.44,Teesta_Lalmonirhat
2009-01-15,0.0,24.34,11.11,1.41,73.16,0.49,0.41,Teesta_Lalmonirhat
2009-01-16,0.0,24.43,13.58,1.23,74.74,0.49,0.37,Teesta_Lalmonirhat
2009-01-17,0.0,24.98,12.02,0.85,73.83,0.48,0.42,Teesta_Lalmonirhat
2009-01-18,0.0,25.63,12.34,1.16,70.01,0.48,0.43,Teesta_Lalmonirhat
2009-01-19,0.0,24.64,11.99,1.08,69.69,0.48,0.36,Teesta_Lalmonirhat
2009-01-20,0.0,24.68,12.64,0.99,68.86,0.48,0.33,Teesta_Lalmonirhat
2009-01-21,0.0,23.65,11.9,1.2,78.2,0.48,0.27,Teesta_Lalmonirhat
2009-01-22,0.0,22.81,13.4,0.63,78.97,0.47,0.22,Teesta_Lalmonirhat
2009-01-23,0.0,24.38,12.85,0.74,73.54,0.47,0.29,Teesta_Lalmonirhat
2009-01-24,0.0,24.88,12.98,1.25,77.65,0.47,0.29,Teesta_Lalmonirhat
2009-01-25,0.0,23.77,14.37,0.94,74.9,0.47,0.18,Teesta_Lalmonirhat
2009-01-26,0.0,25.48,13.63,1.27,67.85,0.47,0.31,Teesta_Lalmonirhat
2009-01-27,0.0,25.69,13.14,1.12,66.39,0.47,0.3,Teesta_Lalmonirhat
2009-01-28,0.0,26.38,12.98,1.65,61.68,0.46,0.34,Teesta_Lalmonirhat
2009-01-29,0.0,25.52,11.05,1.06,67.9,0.46,0.34,Teesta_Lalmonirhat
2009-01-30,0.0,25.8,12.38,0.88,71.91,0.46,0.32,Teesta_Lalmonirhat
2009-01-31,0.0,25.65,12.08,1.03,64.05,0.46,0.3,Teesta_Lalmonirhat
2009-02-01,0.0,25.18,11.03,0.76,60.75,0.46,0.29,Teesta_Lalmonirhat
2009-02-02,0.0,24.79,11.52,0.84,71.05,0.45,0.28,Teesta_Lalmonirhat
2009-02-03,0.0,25.04,11.37,0.95,68.47,0.45,0.27,Teesta_Lalmonirhat
2009-02-04,0.0,25.57,11.49,1.12,69.68,0.45,0.29,Teesta_Lalmonirhat
2009-02-05,0.0,26.97,12.58,0.96,67.64,0.45,0.28,Teesta_Lalmonirhat
2009-02-06,0.0,27.79,12.45,1.26,67.51,0.45,0.31,Teesta_Lalmonirhat
2009-02-07,9.51,27.39,12.73,1.14,67.07,0.46,0.36,Teesta_Lalmonirhat
2009-02-08,0.0,28.22,13.01,1.03,60.54,0.46,0.39,Teesta_Lalmonirhat
2009-02-09,0.0,27.53,12.63,1.02,62.92,0.46,0.36,Teesta_Lalmonirhat
2009-02-10,0.0,27.37,13.15,1.38,66.61,0.45,0.33,Teesta_Lalmonirhat
2009-02-11,0.0,29.26,14.01,0.95,62.48,0.45,0.37,Teesta_Lalmonirhat
2009-02-12,0.35,29.27,15.08,2.42,56.82,0.45,0.31,Teesta_Lalmonirhat
2009-02-13,0.0,26.83,11.72,0.96,53.01,0.45,0.31,Teesta_Lalmonirhat
2009-02-14,0.0,28.37,14.07,1.27,54.36,0.44,0.3,Teesta_Lalmonirhat
2009-02-15,0.0,28.94,12.81,1.34,52.45,0.44,0.29,Teesta_Lalmonirhat
2009-02-16,0.0,28.95,13.61,0.96,53.38,0.44,0.3,Teesta_Lalmonirhat
2009-02-17,0.0,28.54,13.12,0.84,61.01,0.44,0.26,Teesta_Lalmonirhat
2009-02-18,0.0,29.67,13.22,1.07,54.44,0.43,0.27,Teesta_Lalmonirhat
2009-02-19,0.0,29.14,13.19,1.02,45.88,0.43,0.25,Teesta_Lalmonirhat
2009-02-20,0.0,29.74,13.43,0.83,46.58,0.43,0.27,Teesta_Lalmonirhat
2009-02-21,0.0,29.1,12.72,1.91,47.55,0.43,0.23,Teesta_Lalmonirhat
2009-02-22,0.0,29.56,12.04,1.97,43.59,0.42,0.22,Teesta_Lalmonirhat
2009-02-23,0.0,28.94,14.51,1.21,45.49,0.42,0.21,Teesta_Lalmonirhat
2009-02-24,0.12,30.01,13.9,1.88,50.51,0.42,0.22,Teesta_Lalmonirhat
2009-02-25,0.05,31.96,15.32,2.68,47.04,0.42,0.22,Teesta_Lalmonirhat
2009-02-26,0.11,31.26,14.97,2.38,43.19,0.42,0.2,Teesta_Lalmonirhat
2009-02-27,0.0,32.25,13.89,2.65,40.02,0.41,0.21,Teesta_Lalmonirhat
2009-02-28,0.0,30.62,12.03,2.45,35.16,0.41,0.18,Teesta_Lalmonirhat
2009-03-01,0.0,30.78,11.49,1.64,30.57,0.41,0.16,Teesta_Lalmonirhat
2009-03-02,0.0,28.5,12.46,2.2,41.73,0.4,0.13,Teesta_Lalmonirhat
2009-03-03,0.0,29.42,13.82,2.16,49.2,0.4,0.13,Teesta_Lalmonirhat
2009-03-04,0.0,30.98,15.76,1.08,46.84,0.4,0.13,Teesta_Lalmonirhat
2009-03-05,0.0,31.89,15.65,1.58,48.32,0.4,0.12,Teesta_Lalmonirhat
2009-03-06,0.17,33.37,16.53,1.83,43.68,0.4,0.13,Teesta_Lalmonirhat
2009-03-07,0.0,32.44,16.26,1.33,35.66,0.39,0.11,Teesta_Lalmonirhat
2009-03-08,0.0,33.38,15.43,1.44,35.5,0.39,0.11,Teesta_Lalmonirhat
2009-03-09,0.0,34.65,16.47,1.28,40.94,0.39,0.11,Teesta_Lalmonirhat
2009-03-10,0.0,33.5,18.32,1.95,44.96,0.39,0.08,Teesta_Lalmonirhat
2009-03-11,0.2,35.66,17.61,3.51,29.66,0.38,0.1,Teesta_Lalmonirhat
2009-03-12,0.0,34.65,13.39,2.47,23.45,0.38,0.08,Teesta_Lalmonirhat
2009-03-13,0.0,32.06,14.59,2.63,34.86,0.38,0.06,Teesta_Lalmonirhat
2009-03-14,0.0,31.59,15.87,2.14,37.18,0.38,0.05,Teesta_Lalmonirhat
2009-03-15,0.0,32.67,17.64,1.2,34.09,0.38,0.04,Teesta_Lalmonirhat
2009-03-16,0.0,32.94,17.87,1.49,34.92,0.38,0.04,Teesta_Lalmonirhat
2009-03-17,0.0,34.81,17.25,1.68,32.38,0.37,0.05,Teesta_Lalmonirhat
2009-03-18,0.0,35.49,18.34,1.51,29.4,0.37,0.05,Teesta_Lalmonirhat
2009-03-19,0.76,36.1,19.83,2.15,36.78,0.37,0.05,Teesta_Lalmonirhat
2009-03-20,0.02,34.81,19.2,1.7,39.64,0.37,0.05,Teesta_Lalmonirhat
2009-03-21,0.08,35.3,18.52,1.39,40.37,0.37,0.05,Teesta_Lalmonirhat
2009-03-22,1.04,33.55,20.6,1.58,41.64,0.37,0.04,Teesta_Lalmonirhat
2009-03-23,0.07,35.48,19.57,1.4,36.81,0.37,0.05,Teesta_Lalmonirhat
2009-03-24,0.0,36.29,19.51,1.35,35.75,0.37,0.04,Teesta_Lalmonirhat
2009-03-25,0.0,36.11,19.69,1.54,37.01,0.37,0.04,Teesta_Lalmonirhat
2009-03-26,0.11,35.64,19.67,1.95,36.65,0.37,0.04,Teesta_Lalmonirhat
2009-03-27,3.05,33.55,21.18,0.97,33.61,0.37,0.04,Teesta_Lalmonirhat
2009-03-28,0.06,32.79,19.18,1.45,45.41,0.37,0.03,Teesta_Lalmonirhat
2009-03-29,1.92,34.25,19.36,1.53,47.82,0.37,0.03,Teesta_Lalmonirhat
2009-03-30,2.24,34.65,20.89,2.56,52.81,0.37,0.04,Teesta_Lalmonirhat
2009-03-31,2.67,36.09,21.34,2.7,44.85,0.37,0.05,Teesta_Lalmonirhat
2009-04-01,0.64,35.36,20.55,1.55,36.04,0.37,0.04,Teesta_Lalmonirhat
2009-04-02,1.26,35.34,19.0,1.76,45.1,0.37,0.04,Teesta_Lalmonirhat
2009-04-03,5.72,34.2,21.25,2.17,53.59,0.38,0.04,Teesta_Lalmonirhat
2009-04-04,6.12,33.2,21.75,1.67,62.74,0.39,0.07,Teesta_Lalmonirhat
2009-04-05,0.16,36.78,22.03,1.72,51.89,0.38,0.09,Teesta_Lalmonirhat
2009-04-06,0.03,36.23,22.04,1.05,37.73,0.38,0.08,Teesta_Lalmonirhat
2009-04-07,1.24,37.27,21.1,1.73,41.56,0.38,0.08,Teesta_Lalmonirhat
2009-04-08,0.0,37.69,20.77,1.15,37.5,0.38,0.06,Teesta_Lalmonirhat
2009-04-09,0.04,37.22,23.17,0.86,40.92,0.37,0.05,Teesta_Lalmonirhat
2009-04-10,0.7,37.68,22.25,1.74,37.96,0.37,0.05,Teesta_Lalmonirhat
2009-04-11,0.0,38.66,20.88,2.02,27.66,0.37,0.04,Teesta_Lalmonirhat
2009-04-12,0.0,38.6,21.77,1.21,26.45,0.37,0.04,Teesta_Lalmonirhat
2009-04-13,0.0,37.67,20.55,1.81,35.36,0.37,0.03,Teesta_Lalmonirhat
2009-04-14,0.4,38.65,22.26,1.81,37.55,0.36,0.03,Teesta_Lalmonirhat
2009-04-15,0.32,38.78,23.14,1.67,38.84,0.36,0.03,Teesta_Lalmonirhat
2009-04-16,0.05,38.76,23.73,2.02,42.39,0.36,0.02,Teesta_Lalmonirhat
2009-04-17,1.92,37.71,26.0,2.63,50.93,0.36,0.02,Teesta_Lalmonirhat
2009-04-18,1.33,40.09,25.41,3.0,40.89,0.37,0.02,Teesta_Lalmonirhat
2009-04-19,0.01,39.87,21.55,1.64,29.46,0.36,0.02,Teesta_Lalmonirhat
2009-04-20,21.18,33.06,23.18,2.61,62.0,0.39,0.09,Teesta_Lalmonirhat
2009-04-21,6.28,34.81,24.58,2.24,60.01,0.41,0.23,Teesta_Lalmonirhat
2009-04-22,0.44,38.33,23.94,1.62,54.2,0.41,0.27,Teesta_Lalmonirhat
2009-04-23,0.06,40.75,24.77,2.71,41.73,0.4,0.25,Teesta_Lalmonirhat
2009-04-24,0.36,38.86,19.05,1.75,25.76,0.4,0.19,Teesta_Lalmonirhat
2009-04-25,0.0,38.32,20.85,1.82,32.97,0.39,0.15,Teesta_Lalmonirhat
2009-04-26,0.0,36.48,21.65,1.27,37.32,0.39,0.09,Teesta_Lalmonirhat
2009-04-27,0.0,39.42,21.27,1.48,30.84,0.38,0.1,Teesta_Lalmonirhat
2009-04-28,0.01,38.35,20.49,1.94,37.14,0.38,0.06,Teesta_Lalmonirhat
2009-04-29,17.29,33.62,25.65,2.28,57.85,0.4,0.1,Teesta_Lalmonirhat
2009-04-30,24.89,32.66,25.63,2.71,70.12,0.44,0.39,Teesta_Lalmonirhat
2009-05-01,24.78,32.63,25.0,3.69,75.48,0.47,0.52,Teesta_Lalmonirhat
2009-05-02,12.8,29.72,24.35,2.22,79.38,0.5,0.48,Teesta_Lalmonirhat
2009-05-03,7.07,32.72,23.23,1.37,68.98,0.51,1.49,Teesta_Lalmonirhat
2009-05-04,1.26,33.19,23.95,1.37,68.38,0.51,1.59,Teesta_Lalmonirhat
2009-05-05,0.55,35.47,24.79,1.24,61.15,0.5,2.1,Teesta_Lalmonirhat
2009-05-06,7.08,36.08,24.79,2.17,64.11,0.5,1.81,Teesta_Lalmonirhat
2009-05-07,0.0,38.12,24.47,1.55,50.55,0.49,2.14,Teesta_Lalmonirhat
2009-05-08,0.27,38.28,21.92,1.37,42.51,0.49,1.83,Teesta_Lalmonirhat
2009-05-09,1.14,39.08,21.86,1.59,49.71,0.48,1.68,Teesta_Lalmonirhat
2009-05-10,10.51,34.16,24.57,2.8,64.73,0.49,1.25,Teesta_Lalmonirhat
2009-05-11,4.64,35.52,25.97,1.98,64.45,0.49,1.4,Teesta_Lalmonirhat
2009-05-12,0.01,30.92,25.33,1.26,67.74,0.49,0.78,Teesta_Lalmonirhat
2009-05-13,20.19,31.64,23.1,1.49,71.07,0.5,1.36,Teesta_Lalmonirhat
2009-05-14,2.38,33.24,22.65,2.14,65.06,0.51,2.27,Teesta_Lalmonirhat
2009-05-15,0.18,35.36,23.19,2.01,62.57,0.5,2.33,Teesta_Lalmonirhat
2009-05-16,0.68,34.79,24.82,2.0,61.35,0.5,1.8,Teesta_Lalmonirhat
2009-05-17,0.96,34.82,25.23,2.07,64.2,0.49,1.7,Teesta_Lalmonirhat
2009-05-18,8.15,35.37,25.78,2.23,69.0,0.49,1.71,Teesta_Lalmonirhat
2009-05-19,8.92,35.02,25.81,1.74,70.76,0.5,1.85,Teesta_Lalmonirhat
2009-05-20,2.82,36.06,25.88,1.42,65.39,0.5,2.22,Teesta_Lalmonirhat
2009-05-21,0.67,36.02,27.01,1.41,61.29,0.49,1.8,Teesta_Lalmonirhat
2009-05-22,2.89,37.47,27.31,1.48,58.04,0.49,2.01,Teesta_Lalmonirhat
2009-05-23,0.42,38.93,28.0,1.03,50.22,0.48,2.16,Teesta_Lalmonirhat
2009-05-24,3.25,33.39,27.02,2.65,61.29,0.48,1.08,Teesta_Lalmonirhat
2009-05-25,37.43,28.78,24.24,6.26,81.69,0.5,0.48,Teesta_Lalmonirhat
2009-05-26,79.03,29.07,24.4,5.94,87.33,0.63,1.19,Teesta_Lalmonirhat
2009-05-27,9.12,32.71,23.76,1.09,76.16,0.66,5.47,Teesta_Lalmonirhat
2009-05-28,0.4,33.5,24.73,1.27,73.74,0.65,6.42,Teesta_Lalmonirhat
2009-05-29,3.34,33.35,24.99,1.37,75.1,0.63,5.45,Teesta_Lalmonirhat
2009-05-30,1.86,33.12,26.07,1.06,74.93,0.62,5.04,Teesta_Lalmonirhat
2009-05-31,2.24,31.46,26.13,1.53,80.76,0.62,2.75,Teesta_Lalmonirhat
2009-06-01,2.96,32.75,25.47,1.7,78.15,0.61,5.06,Teesta_Lalmonirhat
2009-06-02,5.39,34.37,25.72,1.71,73.18,0.61,5.76,Teesta_Lalmonirhat
2009-06-03,1.17,34.35,25.26,1.03,70.37,0.6,5.99,Teesta_Lalmonirhat
2009-06-04,0.01,35.06,25.89,1.09,65.95,0.59,5.72,Teesta_Lalmonirhat
2009-06-05,2.41,34.16,26.87,1.4,69.59,0.58,3.99,Teesta_Lalmonirhat
2009-06-06,1.27,32.77,27.1,0.94,71.81,0.58,3.34,Teesta_Lalmonirhat
2009-06-07,2.93,35.35,26.31,1.55,67.87,0.57,4.68,Teesta_Lalmonirhat
2009-06-08,0.55,37.78,25.34,1.12,56.07,0.56,5.02,Teesta_Lalmonirhat
2009-06-09,0.88,38.43,24.26,1.62,64.96,0.55,4.05,Teesta_Lalmonirhat
2009-06-10,25.05,34.54,26.18,1.99,75.3,0.55,3.0,Teesta_Lalmonirhat
2009-06-11,38.15,32.43,26.06,1.93,80.1,0.61,3.86,Teesta_Lalmonirhat
2009-06-12,15.23,33.05,25.75,1.83,79.53,0.64,5.14,Teesta_Lalmonirhat
2009-06-13,18.62,31.0,26.16,1.63,84.36,0.64,2.56,Teesta_Lalmonirhat
2009-06-14,39.34,32.25,26.21,1.77,82.61,0.69,3.8,Teesta_Lalmonirhat
2009-06-15,10.06,31.92,26.12,2.07,85.98,0.7,3.1,Teesta_Lalmonirhat
2009-06-16,0.51,31.7,26.52,1.65,86.92,0.69,2.55,Teesta_Lalmonirhat
2009-06-17,0.35,33.07,26.37,1.47,82.4,0.68,4.27,Teesta_Lalmonirhat
2009-06-18,0.0,32.13,25.85,1.74,84.09,0.67,3.58,Teesta_Lalmonirhat
2009-06-19,1.25,32.78,26.53,1.43,82.0,0.67,3.96,Teesta_Lalmonirhat
2009-06-20,2.51,33.28,25.68,1.8,81.13,0.66,4.66,Teesta_Lalmonirhat
2009-06-21,0.14,34.07,27.32,2.39,79.18,0.65,5.36,Teesta_Lalmonirhat
2009-06-22,1.59,34.11,26.55,2.24,80.87,0.64,4.85,Teesta_Lalmonirhat
2009-06-23,4.61,34.49,26.99,1.98,76.52,0.64,5.41,Teesta_Lalmonirhat
2009-06-24,0.31,34.1,26.75,1.45,76.64,0.62,5.68,Teesta_Lalmonirhat
2009-06-25,0.21,35.13,27.11,1.77,75.81,0.61,5.82,Teesta_Lalmonirhat
2009-06-26,0.55,34.74,26.5,2.66,77.37,0.6,5.66,Teesta_Lalmonirhat
2009-06-27,11.0,34.04,26.85,2.42,79.57,0.6,4.02,Teesta_Lalmonirhat
2009-06-28,19.03,32.07,26.97,2.1,85.18,0.62,2.02,Teesta_Lalmonirhat
2009-06-29,9.33,32.87,27.33,2.82,84.13,0.63,3.24,Teesta_Lalmonirhat
2009-06-30,21.94,31.64,27.36,3.22,89.85,0.64,1.35,Teesta_Lalmonirhat
2009-07-01,62.56,30.69,26.94,2.29,90.25,0.69,1.24,Teesta_Lalmonirhat
2009-07-02,69.38,30.79,26.5,1.98,87.83,0.79,1.73,Teesta_Lalmonirhat
2009-07-03,9.16,31.1,26.35,2.66,88.02,0.8,2.94,Teesta_Lalmonirhat
2009-07-04,3.31,29.63,25.61,2.22,89.76,0.79,1.69,Teesta_Lalmonirhat
2009-07-05,0.23,31.35,25.96,1.62,85.51,0.78,3.63,Teesta_Lalmonirhat
2009-07-06,5.83,33.8,26.42,1.93,84.57,0.77,5.45,Teesta_Lalmonirhat
2009-07-07,4.63,32.94,26.64,2.32,84.84,0.76,4.65,Teesta_Lalmonirhat
2009-07-08,0.61,32.62,26.89,2.26,81.83,0.75,4.35,Teesta_Lalmonirhat
2009-07-09,2.48,33.63,26.65,2.79,83.55,0.74,5.9,Teesta_Lalmonirhat
2009-07-10,1.37,32.8,26.6,2.43,83.88,0.73,5.95,Teesta_Lalmonirhat
2009-07-11,0.95,33.04,26.38,2.23,83.06,0.71,6.31,Teesta_Lalmonirhat
2009-07-12,0.12,33.97,27.28,1.76,81.57,0.7,6.38,Teesta_Lalmonirhat
2009-07-13,0.83,34.49,27.24,1.48,79.43,0.69,6.06,Teesta_Lalmonirhat
2009-07-14,1.05,34.52,28.41,1.81,78.11,0.68,5.64,Teesta_Lalmonirhat
2009-07-15,4.39,34.18,27.48,2.7,82.99,0.67,4.5,Teesta_Lalmonirhat
2009-07-16,0.38,33.99,26.54,2.93,81.47,0.66,5.93,Teesta_Lalmonirhat
2009-07-17,0.17,33.72,26.99,2.05,79.54,0.65,5.44,Teesta_Lalmonirhat
2009-07-18,1.47,34.04,26.88,1.27,80.11,0.64,4.41,Teesta_Lalmonirhat
2009-07-19,9.54,33.68,27.55,1.78,81.82,0.64,3.66,Teesta_Lalmonirhat
2009-07-20,2.59,34.26,27.32,1.81,81.56,0.64,4.03,Teesta_Lalmonirhat
2009-07-21,3.86,33.97,26.7,2.42,82.86,0.63,3.58,Teesta_Lalmonirhat
2009-07-22,3.65,34.34,26.25,2.81,79.66,0.63,5.54,Teesta_Lalmonirhat
2009-07-23,0.57,34.85,26.39,1.8,77.81,0.61,5.93,Teesta_Lalmonirhat
2009-07-24,1.37,34.79,27.02,1.42,77.59,0.6,4.95,Teesta_Lalmonirhat
2009-07-25,16.24,33.8,27.06,1.81,79.64,0.61,2.67,Teesta_Lalmonirhat
2009-07-26,20.71,31.74,27.53,2.25,87.28,0.64,1.69,Teesta_Lalmonirhat
2009-07-27,15.75,31.43,27.06,2.1,87.35,0.66,2.45,Teesta_Lalmonirhat
2009-07-28,32.93,31.35,26.7,1.39,89.13,0.68,1.62,Teesta_Lalmonirhat
2009-07-29,31.25,32.23,26.19,2.31,86.78,0.72,3.09,Teesta_Lalmonirhat
2009-07-30,19.52,31.79,26.59,2.25,85.82,0.74,3.26,Teesta_Lalmonirhat
2009-07-31,14.13,33.0,26.08,2.08,84.85,0.75,4.16,Teesta_Lalmonirhat
2009-08-01,44.96,32.13,26.65,1.54,85.66,0.77,2.55,Teesta_Lalmonirhat
2009-08-02,14.24,32.56,26.8,0.92,80.69,0.8,3.17,Teesta_Lalmonirhat
2009-08-03,3.75,34.53,28.19,1.09,79.16,0.79,5.63,Teesta_Lalmonirhat
2009-08-04,28.13,32.91,27.33,1.96,87.38,0.79,2.73,Teesta_Lalmonirhat
2009-08-05,43.31,31.02,27.62,1.74,91.12,0.84,0.85,Teesta_Lalmonirhat
2009-08-06,22.47,32.67,26.75,1.16,85.31,0.87,2.95,Teesta_Lalmonirhat
2009-08-07,1.24,33.45,27.25,0.81,80.18,0.86,4.34,Teesta_Lalmonirhat
2009-08-08,5.42,33.36,27.03,0.86,82.04,0.85,3.48,Teesta_Lalmonirhat
2009-08-09,27.4,30.78,27.67,1.33,88.73,0.86,1.46,Teesta_Lalmonirhat
2009-08-10,0.34,32.46,27.54,0.94,84.86,0.86,2.7,Teesta_Lalmonirhat
2009-08-11,3.24,30.86,27.37,1.65,90.03,0.85,1.47,Teesta_Lalmonirhat
2009-08-12,14.16,30.31,26.89,2.01,92.21,0.86,1.09,Teesta_Lalmonirhat
2009-08-13,23.43,29.81,27.02,1.92,91.27,0.87,1.07,Teesta_Lalmonirhat
2009-08-14,12.85,31.45,26.5,2.17,89.15,0.88,2.81,Teesta_Lalmonirhat
2009-08-15,15.93,31.38,26.02,2.17,89.82,0.88,2.34,Teesta_Lalmonirhat
2009-08-16,163.8,29.89,26.07,2.66,91.25,0.92,1.08,Teesta_Lalmonirhat
2009-08-17,63.35,30.75,25.66,2.78,90.0,0.98,1.58,Teesta_Lalmonirhat
2009-08-18,100.58,29.38,25.73,2.75,94.01,0.99,0.49,Teesta_Lalmonirhat
2009-08-19,19.52,30.21,25.92,2.44,93.34,0.99,0.83,Teesta_Lalmonirhat
2009-08-20,17.44,29.99,25.39,1.86,89.38,0.98,1.58,Teesta_Lalmonirhat
2009-08-21,13.62,29.76,24.83,2.51,91.69,0.98,1.4,Teesta_Lalmonirhat
2009-08-22,16.44,31.47,25.19,1.66,86.72,0.97,2.55,Teesta_Lalmonirhat
2009-08-23,4.62,30.37,25.35,1.51,87.88,0.97,1.72,Teesta_Lalmonirhat
2009-08-24,1.56,29.64,25.55,2.64,90.88,0.96,1.36,Teesta_Lalmonirhat
2009-08-25,0.94,30.22,24.72,2.8,88.56,0.95,2.39,Teesta_Lalmonirhat
2009-08-26,6.79,30.1,24.35,2.35,88.81,0.95,2.22,Teesta_Lalmonirhat
2009-08-27,5.01,29.99,25.38,2.88,89.51,0.94,2.12,Teesta_Lalmonirhat
2009-08-28,1.71,31.03,24.94,1.71,86.64,0.93,3.3,Teesta_Lalmonirhat
2009-08-29,0.91,31.65,24.93,0.87,82.08,0.92,4.42,Teesta_Lalmonirhat
2009-08-30,7.16,31.61,26.15,1.02,84.32,0.92,2.62,Teesta_Lalmonirhat
2009-08-31,0.76,32.01,26.07,0.89,82.6,0.91,3.8,Teesta_Lalmonirhat
2009-09-01,0.23,32.89,26.73,0.91,80.56,0.9,4.62,Teesta_Lalmonirhat
2009-09-02,2.28,31.51,26.42,0.87,84.15,0.9,3.87,Teesta_Lalmonirhat
2009-09-03,1.17,31.77,25.49,1.79,86.38,0.89,3.11,Teesta_Lalmonirhat
2009-09-04,3.13,30.92,26.61,1.51,88.26,0.89,1.95,Teesta_Lalmonirhat
2009-09-05,1.85,29.9,25.53,2.12,89.3,0.88,2.38,Teesta_Lalmonirhat
2009-09-06,4.27,29.38,25.5,2.81,91.49,0.88,1.46,Teesta_Lalmonirhat
2009-09-07,6.75,31.52,25.19,1.84,89.56,0.88,2.21,Teesta_Lalmonirhat
2009-09-08,8.01,31.91,25.78,3.66,87.86,0.88,3.37,Teesta_Lalmonirhat
2009-09-09,6.0,28.91,25.17,2.56,90.2,0.87,1.93,Teesta_Lalmonirhat
2009-09-10,3.35,30.52,24.08,1.37,85.71,0.87,4.18,Teesta_Lalmonirhat
2009-09-11,3.63,31.23,23.47,0.92,81.62,0.86,5.27,Teesta_Lalmonirhat
2009-09-12,0.01,31.99,24.12,0.91,81.84,0.85,6.02,Teesta_Lalmonirhat
2009-09-13,0.0,32.55,24.76,1.15,83.83,0.84,5.8,Teesta_Lalmonirhat
2009-09-14,0.03,32.27,25.33,1.3,85.4,0.83,4.7,Teesta_Lalmonirhat
2009-09-15,0.07,31.37,25.39,1.23,85.48,0.82,3.93,Teesta_Lalmonirhat
2009-09-16,12.96,31.57,24.91,1.32,84.7,0.82,4.97,Teesta_Lalmonirhat
2009-09-17,7.82,30.88,25.52,1.75,88.94,0.82,3.15,Teesta_Lalmonirhat
2009-09-18,6.42,30.71,24.71,2.24,88.46,0.82,4.19,Teesta_Lalmonirhat
2009-09-19,5.48,29.52,25.28,2.72,91.95,0.82,1.69,Teesta_Lalmonirhat
2009-09-20,6.19,31.37,24.0,1.76,87.4,0.82,4.84,Teesta_Lalmonirhat
2009-09-21,18.64,30.93,25.11,1.99,88.92,0.82,4.0,Teesta_Lalmonirhat
2009-09-22,3.68,30.86,24.14,1.26,87.18,0.83,4.65,Teesta_Lalmonirhat
2009-09-23,4.81,30.63,24.68,1.38,86.56,0.82,4.65,Teesta_Lalmonirhat
2009-09-24,2.43,29.08,23.79,2.77,90.03,0.82,2.57,Teesta_Lalmonirhat
2009-09-25,0.11,30.86,23.41,1.88,85.51,0.81,4.53,Teesta_Lalmonirhat
2009-09-26,0.01,30.32,24.78,2.01,89.21,0.8,3.41,Teesta_Lalmonirhat
2009-09-27,0.0,31.93,24.24,2.5,84.81,0.79,5.23,Teesta_Lalmonirhat
2009-09-28,0.26,30.97,24.91,1.92,86.24,0.78,3.41,Teesta_Lalmonirhat
2009-09-29,0.63,32.04,24.44,1.57,83.55,0.77,5.43,Teesta_Lalmonirhat
2009-09-30,0.02,32.61,25.07,1.79,83.38,0.76,5.85,Teesta_Lalmonirhat
2009-10-01,0.0,32.58,24.25,1.7,78.19,0.75,6.54,Teesta_Lalmonirhat
2009-10-02,0.2,31.52,24.22,1.98,80.95,0.74,4.89,Teesta_Lalmonirhat
2009-10-03,23.67,29.31,24.35,2.4,86.19,0.75,2.33,Teesta_Lalmonirhat
2009-10-04,20.79,28.46,23.47,3.83,89.81,0.77,2.9,Teesta_Lalmonirhat
2009-10-05,3.88,28.31,23.73,3.18,89.97,0.78,3.41,Teesta_Lalmonirhat
2009-10-06,23.86,27.63,23.68,2.85,91.83,0.78,1.91,Teesta_Lalmonirhat
2009-10-07,139.98,27.92,23.77,1.91,94.01,0.86,0.59,Teesta_Lalmonirhat
2009-10-08,23.87,27.11,23.88,3.33,94.93,0.93,0.43,Teesta_Lalmonirhat
2009-10-09,3.86,30.14,22.36,2.97,88.34,0.92,3.75,Teesta_Lalmonirhat
2009-10-10,0.06,29.93,20.15,1.55,86.03,0.91,4.19,Teesta_Lalmonirhat
2009-10-11,0.03,30.18,22.03,0.88,84.69,0.9,5.45,Teesta_Lalmonirhat
2009-10-12,0.0,30.36,22.56,0.67,82.83,0.89,5.66,Teesta_Lalmonirhat
2009-10-13,0.0,30.16,21.65,0.82,82.2,0.88,5.38,Teesta_Lalmonirhat
2009-10-14,0.0,29.78,21.85,1.06,80.43,0.87,5.33,Teesta_Lalmonirhat
2009-10-15,1.54,30.18,21.96,0.68,78.89,0.86,5.18,Teesta_Lalmonirhat
2009-10-16,0.32,29.73,23.05,0.79,84.08,0.86,4.48,Teesta_Lalmonirhat
2009-10-17,0.73,29.92,21.38,1.0,85.64,0.85,5.24,Teesta_Lalmonirhat
2009-10-18,0.88,29.8,21.47,1.38,86.29,0.84,4.72,Teesta_Lalmonirhat
2009-10-19,0.0,29.26,19.69,1.17,83.23,0.83,5.0,Teesta_Lalmonirhat
2009-10-20,0.0,28.4,17.65,0.92,79.11,0.82,4.59,Teesta_Lalmonirhat
2009-10-21,0.0,28.81,18.7,0.82,78.66,0.82,4.72,Teesta_Lalmonirhat
2009-10-22,0.0,28.07,19.25,1.36,82.23,0.81,4.56,Teesta_Lalmonirhat
2009-10-23,0.0,28.49,19.19,0.83,80.99,0.8,5.41,Teesta_Lalmonirhat
2009-10-24,0.0,28.01,18.44,0.88,82.91,0.79,4.87,Teesta_Lalmonirhat
2009-10-25,0.0,28.04,17.47,0.7,77.97,0.78,5.08,Teesta_Lalmonirhat
2009-10-26,0.0,27.44,17.66,0.86,82.24,0.77,4.54,Teesta_Lalmonirhat
2009-10-27,0.0,27.43,18.28,0.96,84.19,0.77,4.5,Teesta_Lalmonirhat
2009-10-28,0.0,27.56,17.71,0.72,83.42,0.76,4.41,Teesta_Lalmonirhat
2009-10-29,0.0,27.54,18.31,1.3,82.73,0.75,4.36,Teesta_Lalmonirhat
2009-10-30,0.0,27.32,18.37,0.49,80.0,0.75,3.33,Teesta_Lalmonirhat
2009-10-31,0.0,25.73,18.93,1.07,86.63,0.74,2.24,Teesta_Lalmonirhat
2009-11-01,0.0,25.06,19.24,1.55,86.36,0.74,1.97,Teesta_Lalmonirhat
2009-11-02,0.0,25.59,18.73,2.15,85.27,0.73,2.41,Teesta_Lalmonirhat
2009-11-03,0.0,27.97,18.07,2.4,84.25,0.72,4.25,Teesta_Lalmonirhat
2009-11-04,0.0,28.11,19.26,2.09,84.6,0.72,4.1,Teesta_Lalmonirhat
2009-11-05,0.0,28.26,19.59,1.61,80.26,0.71,3.45,Teesta_Lalmonirhat
2009-11-06,0.0,28.79,19.35,0.99,78.53,0.7,4.21,Teesta_Lalmonirhat
2009-11-07,0.0,28.26,18.41,0.77,81.29,0.7,4.29,Teesta_Lalmonirhat
2009-11-08,0.0,27.67,18.09,0.92,82.02,0.69,3.8,Teesta_Lalmonirhat
2009-11-09,0.0,28.04,18.79,0.81,77.72,0.68,3.64,Teesta_Lalmonirhat
2009-11-10,0.0,26.6,17.17,1.07,76.12,0.68,2.88,Teesta_Lalmonirhat
2009-11-11,0.0,25.72,16.0,0.92,77.12,0.67,2.03,Teesta_Lalmonirhat
2009-11-12,0.0,27.54,17.31,0.9,81.11,0.67,2.38,Teesta_Lalmonirhat
2009-11-13,0.0,27.68,18.35,0.96,83.82,0.66,2.65,Teesta_Lalmonirhat
2009-11-14,0.08,28.49,20.13,1.14,83.54,0.66,2.83,Teesta_Lalmonirhat
2009-11-15,0.18,27.17,18.65,2.28,85.87,0.65,3.18,Teesta_Lalmonirhat
2009-11-16,0.12,27.49,18.03,2.07,86.96,0.65,2.69,Teesta_Lalmonirhat
2009-11-17,0.19,24.9,18.01,2.0,89.02,0.64,1.8,Teesta_Lalmonirhat
2009-11-18,0.02,25.85,16.14,1.57,85.41,0.64,2.5,Teesta_Lalmonirhat
2009-11-19,0.0,26.16,15.85,1.53,84.12,0.63,2.12,Teesta_Lalmonirhat
2009-11-20,0.0,25.65,14.07,1.38,76.47,0.63,2.07,Teesta_Lalmonirhat
2009-11-21,0.0,23.68,11.85,0.85,74.72,0.62,1.91,Teesta_Lalmonirhat
2009-11-22,0.0,24.11,14.07,1.14,78.5,0.62,1.93,Teesta_Lalmonirhat
2009-11-23,0.0,24.96,14.3,0.69,71.17,0.61,2.24,Teesta_Lalmonirhat
2009-11-24,0.0,25.06,13.15,0.75,76.17,0.61,2.05,Teesta_Lalmonirhat
2009-11-25,0.0,24.95,12.91,0.47,75.25,0.61,1.98,Teesta_Lalmonirhat
2009-11-26,0.0,24.84,13.93,0.7,76.37,0.6,1.78,Teesta_Lalmonirhat
2009-11-27,0.0,24.84,13.83,0.62,75.83,0.6,1.54,Teesta_Lalmonirhat
2009-11-28,0.0,24.45,13.8,1.43,84.84,0.6,1.51,Teesta_Lalmonirhat
2009-11-29,0.0,24.83,14.06,1.01,81.33,0.59,1.66,Teesta_Lalmonirhat
2009-11-30,0.0,25.29,14.44,1.36,83.94,0.59,1.6,Teesta_Lalmonirhat
2009-12-01,0.0,26.02,14.7,0.89,80.0,0.58,1.68,Teesta_Lalmonirhat
2009-12-02,0.0,25.29,15.79,0.97,81.39,0.58,1.45,Teesta_Lalmonirhat
2009-12-03,0.0,25.6,15.19,1.09,81.96,0.58,1.31,Teesta_Lalmonirhat
2009-12-04,0.0,24.7,15.39,0.8,81.1,0.57,1.22,Teesta_Lalmonirhat
2009-12-05,0.0,24.43,14.9,0.7,80.42,0.57,1.08,Teesta_Lalmonirhat
2009-12-06,0.0,23.86,13.3,0.85,76.91,0.57,0.96,Teesta_Lalmonirhat
2009-12-07,0.0,23.3,12.47,0.97,74.45,0.57,0.82,Teesta_Lalmonirhat
2009-12-08,0.0,23.58,12.17,0.98,76.19,0.56,0.84,Teesta_Lalmonirhat
2009-12-09,0.0,22.67,12.55,1.38,85.41,0.56,0.75,Teesta_Lalmonirhat
2009-12-10,0.0,22.08,12.33,1.22,84.5,0.56,0.82,Teesta_Lalmonirhat
2009-12-11,0.0,21.85,12.38,1.3,83.33,0.56,0.7,Teesta_Lalmonirhat
2009-12-12,0.0,22.32,11.36,1.53,84.49,0.55,0.8,Teesta_Lalmonirhat
2009-12-13,0.0,24.09,12.19,1.0,78.49,0.55,0.99,Teesta_Lalmonirhat
2009-12-14,0.0,24.6,12.97,0.9,78.42,0.55,0.9,Teesta_Lalmonirhat
2009-12-15,0.0,24.25,12.91,1.05,79.16,0.55,0.83,Teesta_Lalmonirhat
2009-12-16,0.0,24.21,13.93,1.02,79.56,0.54,0.72,Teesta_Lalmonirhat
2009-12-17,0.0,24.93,13.34,0.92,74.58,0.54,0.77,Teesta_Lalmonirhat
2009-12-18,0.0,24.63,13.55,0.59,71.28,0.54,0.78,Teesta_Lalmonirhat
2009-12-19,0.41,25.08,14.67,0.94,77.8,0.54,0.8,Teesta_Lalmonirhat
2009-12-20,0.0,24.37,12.09,0.93,69.51,0.54,0.84,Teesta_Lalmonirhat
2009-12-21,0.0,23.3,11.68,0.71,74.32,0.53,0.69,Teesta_Lalmonirhat
2009-12-22,0.0,22.67,11.31,0.62,75.04,0.53,0.62,Teesta_Lalmonirhat
2009-12-23,0.0,22.99,10.64,0.58,74.31,0.53,0.59,Teesta_Lalmonirhat
2009-12-24,0.0,21.76,10.55,0.75,74.21,0.53,0.47,Teesta_Lalmonirhat
2009-12-25,0.42,21.44,10.58,0.59,72.51,0.52,0.41,Teesta_Lalmonirhat
2009-12-26,0.0,21.36,11.22,0.82,74.71,0.52,0.45,Teesta_Lalmonirhat
2009-12-27,0.0,21.82,10.68,0.64,76.89,0.52,0.55,Teesta_Lalmonirhat
2009-12-28,0.0,22.28,9.84,0.92,72.1,0.52,0.5,Teesta_Lalmonirhat
2009-12-29,0.0,21.32,8.71,0.86,69.64,0.52,0.44,Teesta_Lalmonirhat
2009-12-30,0.1,21.29,9.3,0.8,74.79,0.52,0.38,Teesta_Lalmonirhat
2009-12-31,0.2,19.62,10.47,0.76,75.81,0.51,0.25,Teesta_Lalmonirhat
2010-01-01,0.01,21.41,8.4,0.68,75.85,0.51,0.45,Teesta_Lalmonirhat
2010-01-02,0.0,22.0,9.56,0.95,76.37,0.51,0.49,Teesta_Lalmonirhat
2010-01-03,0.0,23.08,8.35,0.65,69.04,0.51,0.52,Teesta_Lalmonirhat
2010-01-04,0.0,22.41,7.39,1.34,61.72,0.51,0.47,Teesta_Lalmonirhat
2010-01-05,0.0,21.72,8.26,0.71,70.05,0.5,0.44,Teesta_Lalmonirhat
2010-01-06,0.0,22.22,8.7,0.93,75.97,0.5,0.42,Teesta_Lalmonirhat
2010-01-07,0.0,23.68,10.62,1.3,75.27,0.5,0.48,Teesta_Lalmonirhat
2010-01-08,0.0,24.47,10.78,0.58,72.7,0.5,0.5,Teesta_Lalmonirhat
2010-01-09,0.0,23.78,9.14,0.92,68.7,0.49,0.38,Teesta_Lalmonirhat
2010-01-10,0.0,23.4,9.74,1.01,64.33,0.49,0.34,Teesta_Lalmonirhat
2010-01-11,0.0,22.43,8.14,1.06,61.93,0.49,0.35,Teesta_Lalmonirhat
2010-01-12,0.0,21.88,8.06,0.74,61.89,0.49,0.35,Teesta_Lalmonirhat
2010-01-13,0.0,21.56,7.8,1.62,76.62,0.49,0.32,Teesta_Lalmonirhat
2010-01-14,0.0,20.42,9.8,0.92,76.47,0.49,0.15,Teesta_Lalmonirhat
2010-01-15,0.0,23.89,9.46,0.6,73.44,0.48,0.36,Teesta_Lalmonirhat
2010-01-16,0.0,24.1,10.04,1.05,74.0,0.48,0.41,Teesta_Lalmonirhat
2010-01-17,0.0,24.86,11.28,1.2,72.5,0.48,0.41,Teesta_Lalmonirhat
2010-01-18,0.0,24.9,11.67,0.77,66.59,0.48,0.38,Teesta_Lalmonirhat
2010-01-19,0.0,25.1,10.81,0.65,59.35,0.48,0.39,Teesta_Lalmonirhat
2010-01-20,0.0,24.48,8.72,0.68,65.44,0.47,0.37,Teesta_Lalmonirhat
2010-01-21,0.0,24.15,10.91,0.99,68.06,0.47,0.37,Teesta_Lalmonirhat
2010-01-22,0.0,24.87,9.69,0.84,67.15,0.47,0.34,Teesta_Lalmonirhat
2010-01-23,0.0,24.95,9.79,0.8,62.9,0.47,0.36,Teesta_Lalmonirhat
2010-01-24,0.0,24.68,9.44,1.18,64.08,0.46,0.33,Teesta_Lalmonirhat
2010-01-25,0.0,26.0,12.44,1.91,62.24,0.46,0.38,Teesta_Lalmonirhat
2010-01-26,0.0,26.05,11.83,0.97,54.77,0.46,0.4,Teesta_Lalmonirhat
2010-01-27,0.0,25.21,10.27,1.02,63.31,0.46,0.31,Teesta_Lalmonirhat
2010-01-28,0.0,24.48,9.83,0.84,65.5,0.46,0.31,Teesta_Lalmonirhat
2010-01-29,0.0,25.4,10.47,0.67,62.45,0.45,0.3,Teesta_Lalmonirhat
2010-01-30,0.0,24.58,10.3,0.96,63.4,0.45,0.25,Teesta_Lalmonirhat
2010-01-31,0.0,24.18,10.2,1.4,67.16,0.45,0.24,Teesta_Lalmonirhat
2010-02-01,0.0,24.98,10.39,0.96,65.87,0.45,0.26,Teesta_Lalmonirhat
2010-02-02,0.0,25.43,10.22,1.18,59.34,0.45,0.25,Teesta_Lalmonirhat
2010-02-03,0.0,25.18,9.51,1.2,47.65,0.45,0.28,Teesta_Lalmonirhat
2010-02-04,0.0,24.74,8.65,1.19,54.82,0.44,0.25,Teesta_Lalmonirhat
2010-02-05,0.0,24.81,9.61,1.3,53.57,0.44,0.26,Teesta_Lalmonirhat
2010-02-06,0.0,24.01,9.15,1.45,56.65,0.44,0.23,Teesta_Lalmonirhat
2010-02-07,0.0,24.54,9.22,1.8,64.92,0.44,0.25,Teesta_Lalmonirhat
2010-02-08,0.0,26.66,11.4,0.72,57.11,0.44,0.27,Teesta_Lalmonirhat
2010-02-09,0.0,26.1,11.9,1.29,60.0,0.43,0.21,Teesta_Lalmonirhat
2010-02-10,0.0,29.23,14.25,1.59,53.29,0.43,0.26,Teesta_Lalmonirhat
2010-02-11,0.03,29.09,13.44,0.92,55.33,0.43,0.29,Teesta_Lalmonirhat
2010-02-12,0.03,28.39,12.93,1.42,58.82,0.43,0.25,Teesta_Lalmonirhat
2010-02-13,0.06,28.75,15.53,2.64,52.32,0.42,0.27,Teesta_Lalmonirhat
2010-02-14,0.03,29.0,12.49,2.39,50.35,0.42,0.26,Teesta_Lalmonirhat
2010-02-15,0.0,29.2,12.22,1.5,39.78,0.42,0.22,Teesta_Lalmonirhat
2010-02-16,0.07,28.96,14.54,1.75,50.67,0.42,0.2,Teesta_Lalmonirhat
2010-02-17,0.01,30.34,16.44,2.09,50.18,0.42,0.22,Teesta_Lalmonirhat
2010-02-18,0.0,29.01,13.33,3.21,43.09,0.41,0.22,Teesta_Lalmonirhat
2010-02-19,0.0,28.81,12.07,1.76,38.0,0.41,0.18,Teesta_Lalmonirhat
2010-02-20,0.0,27.85,11.39,1.39,41.41,0.41,0.15,Teesta_Lalmonirhat
2010-02-21,0.0,27.74,11.99,1.0,43.97,0.41,0.14,Teesta_Lalmonirhat
2010-02-22,0.0,27.11,13.03,1.2,54.52,0.4,0.12,Teesta_Lalmonirhat
2010-02-23,0.0,29.78,15.22,1.63,48.05,0.4,0.15,Teesta_Lalmonirhat
2010-02-24,0.01,30.49,14.93,2.08,42.17,0.4,0.15,Teesta_Lalmonirhat
2010-02-25,0.17,31.46,17.09,1.78,42.16,0.4,0.15,Teesta_Lalmonirhat
2010-02-26,0.0,30.41,15.33,1.06,42.23,0.4,0.14,Teesta_Lalmonirhat
2010-02-27,0.0,28.66,14.34,0.98,55.45,0.39,0.11,Teesta_Lalmonirhat
2010-02-28,0.0,29.43,15.3,1.59,59.1,0.39,0.11,Teesta_Lalmonirhat
2010-03-01,0.13,29.59,16.65,1.43,62.15,0.39,0.11,Teesta_Lalmonirhat
2010-03-02,0.24,32.28,17.23,2.04,56.35,0.39,0.11,Teesta_Lalmonirhat
2010-03-03,0.0,34.12,16.05,2.48,37.24,0.39,0.14,Teesta_Lalmonirhat
2010-03-04,0.28,33.81,15.79,2.25,35.79,0.39,0.12,Teesta_Lalmonirhat
2010-03-05,0.0,35.36,16.79,3.68,36.17,0.38,0.13,Teesta_Lalmonirhat
2010-03-06,0.0,34.57,17.17,2.98,34.34,0.38,0.11,Teesta_Lalmonirhat
2010-03-07,0.0,33.97,16.14,2.64,30.18,0.38,0.1,Teesta_Lalmonirhat
2010-03-08,0.0,34.76,15.97,2.49,29.13,0.38,0.09,Teesta_Lalmonirhat
2010-03-09,0.0,34.28,15.97,1.45,30.63,0.37,0.09,Teesta_Lalmonirhat
2010-03-10,0.0,33.14,14.9,1.04,35.83,0.37,0.07,Teesta_Lalmonirhat
2010-03-11,0.0,32.14,14.72,1.26,42.7,0.37,0.06,Teesta_Lalmonirhat
2010-03-12,0.0,33.87,15.45,1.76,36.99,0.37,0.07,Teesta_Lalmonirhat
2010-03-13,0.0,33.91,16.79,1.35,26.02,0.37,0.06,Teesta_Lalmonirhat
2010-03-14,0.19,34.66,17.26,1.43,26.65,0.37,0.06,Teesta_Lalmonirhat
2010-03-15,0.69,34.92,17.26,1.96,37.2,0.37,0.05,Teesta_Lalmonirhat
2010-03-16,0.31,32.99,19.24,3.44,46.43,0.37,0.05,Teesta_Lalmonirhat
2010-03-17,0.0,35.15,18.72,2.48,46.97,0.37,0.05,Teesta_Lalmonirhat
2010-03-18,1.32,37.17,19.82,1.21,39.64,0.37,0.06,Teesta_Lalmonirhat
2010-03-19,0.0,36.77,19.92,0.86,35.8,0.37,0.06,Teesta_Lalmonirhat
2010-03-20,0.0,37.97,19.42,0.96,35.23,0.37,0.05,Teesta_Lalmonirhat
2010-03-21,0.0,38.16,20.7,1.09,29.64,0.36,0.05,Teesta_Lalmonirhat
2010-03-22,0.0,38.08,23.06,1.28,26.07,0.36,0.04,Teesta_Lalmonirhat
2010-03-23,0.0,39.12,20.43,1.78,35.44,0.36,0.04,Teesta_Lalmonirhat
2010-03-24,0.02,39.58,20.53,1.7,27.67,0.36,0.04,Teesta_Lalmonirhat
2010-03-25,0.0,38.87,21.04,2.24,44.78,0.36,0.04,Teesta_Lalmonirhat
2010-03-26,0.01,37.81,23.22,1.97,46.02,0.36,0.03,Teesta_Lalmonirhat
2010-03-27,0.26,37.8,22.79,2.41,45.33,0.36,0.03,Teesta_Lalmonirhat
2010-03-28,0.75,39.64,22.75,2.37,36.99,0.36,0.03,Teesta_Lalmonirhat
2010-03-29,0.15,38.2,22.64,2.03,38.66,0.36,0.03,Teesta_Lalmonirhat
2010-03-30,0.99,37.76,20.41,1.65,32.36,0.36,0.03,Teesta_Lalmonirhat
2010-03-31,1.77,38.81,21.47,2.28,42.82,0.36,0.03,Teesta_Lalmonirhat
2010-04-01,0.11,40.75,22.26,3.7,19.28,0.36,0.04,Teesta_Lalmonirhat
2010-04-02,0.14,40.12,22.58,1.95,29.67,0.36,0.03,Teesta_Lalmonirhat
2010-04-03,0.26,40.36,21.58,1.93,31.64,0.36,0.03,Teesta_Lalmonirhat
2010-04-04,0.24,38.99,22.47,1.71,34.34,0.36,0.02,Teesta_Lalmonirhat
2010-04-05,0.55,40.93,23.92,2.4,28.08,0.36,0.02,Teesta_Lalmonirhat
2010-04-06,0.04,41.67,22.29,2.44,15.48,0.36,0.02,Teesta_Lalmonirhat
2010-04-07,0.01,40.84,24.14,1.51,16.7,0.36,0.02,Teesta_Lalmonirhat
2010-04-08,0.0,39.49,21.51,1.76,34.01,0.36,0.02,Teesta_Lalmonirhat
2010-04-09,0.0,37.97,22.51,1.68,36.39,0.36,0.01,Teesta_Lalmonirhat
2010-04-10,0.15,40.41,22.8,1.98,33.75,0.36,0.01,Teesta_Lalmonirhat
2010-04-11,0.07,41.43,22.21,1.81,29.23,0.36,0.01,Teesta_Lalmonirhat
2010-04-12,3.27,39.28,24.34,2.26,50.44,0.36,0.01,Teesta_Lalmonirhat
2010-04-13,17.72,34.36,24.81,2.15,66.49,0.38,0.02,Teesta_Lalmonirhat
2010-04-14,7.65,33.94,25.57,1.69,69.83,0.41,0.13,Teesta_Lalmonirhat
2010-04-15,3.47,35.89,25.31,1.86,64.06,0.41,0.25,Teesta_Lalmonirhat
2010-04-16,4.61,35.25,24.7,1.72,63.92,0.41,0.25,Teesta_Lalmonirhat
2010-04-17,8.71,35.83,25.2,2.0,61.45,0.42,0.31,Teesta_Lalmonirhat
2010-04-18,9.0,34.29,24.88,2.24,70.98,0.42,0.33,Teesta_Lalmonirhat
2010-04-19,5.01,37.03,25.61,2.16,66.19,0.43,0.49,Teesta_Lalmonirhat
2010-04-20,1.56,40.85,25.34,2.67,50.52,0.43,0.63,Teesta_Lalmonirhat
2010-04-21,1.5,39.35,25.11,1.91,52.39,0.43,0.55,Teesta_Lalmonirhat
2010-04-22,0.57,40.3,26.16,2.29,53.45,0.42,0.51,Teesta_Lalmonirhat
2010-04-23,0.1,40.09,25.53,2.24,48.76,0.42,0.48,Teesta_Lalmonirhat
2010-04-24,0.85,39.84,26.25,2.38,46.76,0.42,0.42,Teesta_Lalmonirhat
2010-04-25,1.24,39.14,24.49,1.82,46.52,0.41,0.39,Teesta_Lalmonirhat
2010-04-26,2.25,37.19,24.67,2.57,60.94,0.41,0.34,Teesta_Lalmonirhat
2010-04-27,0.02,35.54,25.7,3.53,56.86,0.41,0.31,Teesta_Lalmonirhat
2010-04-28,1.91,36.46,22.83,1.68,54.13,0.41,0.32,Teesta_Lalmonirhat
2010-04-29,17.14,31.54,24.82,2.05,69.95,0.42,0.21,Teesta_Lalmonirhat
2010-04-30,6.62,32.65,24.34,1.62,70.44,0.44,0.52,Teesta_Lalmonirhat
2010-05-01,4.35,33.75,24.52,1.5,68.14,0.44,0.56,Teesta_Lalmonirhat
2010-05-02,16.64,32.31,25.39,1.36,75.34,0.47,0.57,Teesta_Lalmonirhat
2010-05-03,0.26,31.22,25.34,1.38,69.67,0.47,0.51,Teesta_Lalmonirhat
2010-05-04,0.22,35.28,24.51,1.93,66.25,0.47,0.77,Teesta_Lalmonirhat
2010-05-05,3.01,35.75,25.68,2.14,63.66,0.46,0.99,Teesta_Lalmonirhat
2010-05-06,1.17,30.98,24.95,1.81,74.37,0.46,0.42,Teesta_Lalmonirhat
2010-05-07,4.54,34.8,24.64,0.83,61.81,0.46,1.13,Teesta_Lalmonirhat
2010-05-08,18.52,31.54,24.08,1.62,72.19,0.48,1.05,Teesta_Lalmonirhat
2010-05-09,16.96,34.58,23.91,1.53,66.18,0.51,1.99,Teesta_Lalmonirhat
2010-05-10,0.88,37.79,23.53,1.44,55.35,0.51,2.35,Teesta_Lalmonirhat
2010-05-11,0.25,39.96,24.98,1.82,48.6,0.5,2.21,Teesta_Lalmonirhat
2010-05-12,1.49,39.64,25.03,1.79,53.91,0.49,2.01,Teesta_Lalmonirhat
2010-05-13,1.08,40.25,25.3,2.29,58.53,0.49,1.85,Teesta_Lalmonirhat
2010-05-14,2.2,40.02,26.46,2.58,61.18,0.48,1.76,Teesta_Lalmonirhat
2010-05-15,1.72,38.69,26.9,1.87,62.72,0.48,1.55,Teesta_Lalmonirhat
2010-05-16,7.46,39.14,27.39,1.62,58.74,0.47,1.51,Teesta_Lalmonirhat
2010-05-17,17.47,34.78,27.41,2.17,72.84,0.5,1.47,Teesta_Lalmonirhat
2010-05-18,2.57,35.53,25.32,2.21,67.01,0.5,2.05,Teesta_Lalmonirhat
2010-05-19,3.14,37.21,27.06,2.74,64.92,0.5,1.95,Teesta_Lalmonirhat
2010-05-20,21.83,32.96,27.36,3.21,78.14,0.51,0.95,Teesta_Lalmonirhat
2010-05-21,15.34,32.12,26.38,2.93,79.19,0.54,1.78,Teesta_Lalmonirhat
2010-05-22,1.75,34.38,25.15,2.31,73.47,0.54,3.12,Teesta_Lalmonirhat
2010-05-23,6.01,34.64,25.35,2.41,72.05,0.54,2.95,Teesta_Lalmonirhat
2010-05-24,23.69,33.25,25.36,2.88,78.82,0.55,2.58,Teesta_Lalmonirhat
2010-05-25,15.67,31.89,24.44,1.44,74.17,0.58,2.81,Teesta_Lalmonirhat
2010-05-26,8.4,34.65,24.05,1.77,73.44,0.58,4.17,Teesta_Lalmonirhat
2010-05-27,2.54,33.75,24.81,2.61,75.06,0.58,4.39,Teesta_Lalmonirhat
2010-05-28,1.92,33.21,25.87,2.82,75.08,0.57,4.04,Teesta_Lalmonirhat
2010-05-29,2.48,33.01,24.16,2.18,73.08,0.56,3.87,Teesta_Lalmonirhat
2010-05-30,6.29,34.81,24.96,0.78,69.47,0.56,4.0,Teesta_Lalmonirhat
2010-05-31,14.72,34.14,25.82,1.75,78.3,0.57,3.12,Teesta_Lalmonirhat
2010-06-01,5.95,36.47,26.04,3.19,74.24,0.57,4.16,Teesta_Lalmonirhat
2010-06-02,18.94,36.58,27.03,2.17,75.11,0.57,3.94,Teesta_Lalmonirhat
2010-06-03,42.77,32.5,27.12,2.68,85.02,0.62,3.22,Teesta_Lalmonirhat
2010-06-04,36.28,32.1,26.97,2.99,87.56,0.67,3.02,Teesta_Lalmonirhat
2010-06-05,4.87,33.62,26.92,3.41,83.01,0.68,5.41,Teesta_Lalmonirhat
2010-06-06,4.88,35.74,26.95,3.11,78.6,0.67,5.2,Teesta_Lalmonirhat
2010-06-07,3.15,34.96,26.75,2.03,75.88,0.66,5.49,Teesta_Lalmonirhat
2010-06-08,1.37,33.74,26.59,2.29,79.52,0.65,5.57,Teesta_Lalmonirhat
2010-06-09,1.13,32.78,27.12,1.94,82.92,0.64,3.26,Teesta_Lalmonirhat
2010-06-10,0.47,32.72,26.29,1.92,82.65,0.63,4.27,Teesta_Lalmonirhat
2010-06-11,22.75,32.67,25.95,2.25,82.36,0.64,4.0,Teesta_Lalmonirhat
2010-06-12,13.06,31.41,25.64,2.06,85.51,0.66,3.63,Teesta_Lalmonirhat
2010-06-13,6.04,31.84,24.93,2.11,85.03,0.66,4.57,Teesta_Lalmonirhat
2010-06-14,14.45,32.95,25.53,2.08,84.44,0.66,4.28,Teesta_Lalmonirhat
2010-06-15,22.3,33.18,25.85,1.61,81.63,0.67,5.27,Teesta_Lalmonirhat
2010-06-16,29.82,33.06,26.34,2.18,83.13,0.71,5.06,Teesta_Lalmonirhat
2010-06-17,12.3,31.93,26.88,2.43,89.59,0.72,2.7,Teesta_Lalmonirhat
2010-06-18,6.61,32.19,26.63,1.79,85.31,0.72,4.32,Teesta_Lalmonirhat
2010-06-19,16.59,31.46,26.55,1.79,84.66,0.72,3.57,Teesta_Lalmonirhat
2010-06-20,57.64,30.95,26.17,1.42,86.98,0.75,2.03,Teesta_Lalmonirhat
2010-06-21,36.57,31.84,26.17,1.83,87.55,0.83,3.07,Teesta_Lalmonirhat
2010-06-22,22.89,30.61,26.64,1.56,89.72,0.84,1.41,Teesta_Lalmonirhat
2010-06-23,24.35,30.43,26.8,1.52,90.0,0.86,0.95,Teesta_Lalmonirhat
2010-06-24,10.79,30.73,26.22,1.27,85.12,0.86,2.19,Teesta_Lalmonirhat
2010-06-25,16.04,31.71,25.72,1.88,86.68,0.86,2.6,Teesta_Lalmonirhat
2010-06-26,24.57,30.61,26.6,3.77,89.1,0.87,2.53,Teesta_Lalmonirhat
2010-06-27,67.96,30.58,26.36,2.58,92.76,0.91,0.79,Teesta_Lalmonirhat
2010-06-28,24.82,31.44,25.96,1.41,88.58,0.94,1.73,Teesta_Lalmonirhat
2010-06-29,2.95,31.68,26.72,1.07,86.56,0.93,2.12,Teesta_Lalmonirhat
2010-06-30,3.81,32.51,26.81,2.27,87.07,0.92,3.02,Teesta_Lalmonirhat
2010-07-01,19.17,30.28,25.98,1.77,88.35,0.92,1.86,Teesta_Lalmonirhat
2010-07-02,11.56,31.88,25.97,1.63,87.0,0.92,2.78,Teesta_Lalmonirhat
2010-07-03,5.59,32.42,26.22,1.81,86.24,0.91,3.56,Teesta_Lalmonirhat
2010-07-04,13.16,31.72,26.57,1.65,86.1,0.91,2.97,Teesta_Lalmonirhat
2010-07-05,27.27,30.95,26.54,1.55,85.96,0.91,1.96,Teesta_Lalmonirhat
2010-07-06,32.06,31.75,25.93,1.96,87.34,0.94,2.47,Teesta_Lalmonirhat
2010-07-07,2.63,32.24,26.55,2.77,87.23,0.93,2.93,Teesta_Lalmonirhat
2010-07-08,3.6,31.55,26.19,3.18,86.48,0.91,3.19,Teesta_Lalmonirhat
2010-07-09,25.7,29.5,26.26,2.49,89.59,0.92,1.02,Teesta_Lalmonirhat
2010-07-10,33.55,32.35,26.01,2.0,88.22,0.93,1.91,Teesta_Lalmonirhat
2010-07-11,16.64,31.31,27.35,1.7,89.42,0.94,1.07,Teesta_Lalmonirhat
2010-07-12,13.18,31.39,26.89,1.96,88.57,0.94,1.76,Teesta_Lalmonirhat
2010-07-13,18.91,32.09,26.19,1.84,87.99,0.94,2.04,Teesta_Lalmonirhat
2010-07-14,2.03,32.45,26.59,1.59,87.14,0.94,2.65,Teesta_Lalmonirhat
2010-07-15,1.9,31.79,27.27,1.91,87.62,0.92,2.27,Teesta_Lalmonirhat
2010-07-16,7.14,31.09,26.76,1.86,87.91,0.92,2.04,Teesta_Lalmonirhat
2010-07-17,9.32,31.66,26.98,2.45,88.82,0.92,1.74,Teesta_Lalmonirhat
2010-07-18,24.06,29.54,26.04,2.58,90.74,0.93,0.72,Teesta_Lalmonirhat
2010-07-19,21.78,32.54,25.23,1.79,85.79,0.93,3.07,Teesta_Lalmonirhat
2010-07-20,13.04,30.64,26.51,2.61,88.34,0.93,2.11,Teesta_Lalmonirhat
2010-07-21,12.97,30.97,26.69,2.18,88.61,0.93,1.8,Teesta_Lalmonirhat
2010-07-22,1.21,30.77,26.6,1.63,89.05,0.92,1.4,Teesta_Lalmonirhat
2010-07-23,32.25,31.96,26.48,1.85,87.89,0.92,2.03,Teesta_Lalmonirhat
2010-07-24,18.67,32.33,27.0,1.56,85.84,0.94,2.27,Teesta_Lalmonirhat
2010-07-25,2.18,32.88,26.7,2.51,87.29,0.93,2.82,Teesta_Lalmonirhat
2010-07-26,2.85,30.76,26.45,3.2,89.77,0.92,1.58,Teesta_Lalmonirhat
2010-07-27,0.95,30.9,25.74,1.75,85.88,0.91,2.27,Teesta_Lalmonirhat
2010-07-28,5.09,33.21,26.37,1.56,82.98,0.9,3.97,Teesta_Lalmonirhat
2010-07-29,14.67,30.77,26.55,1.67,89.24,0.9,1.82,Teesta_Lalmonirhat
2010-07-30,14.81,31.08,25.83,2.42,87.87,0.91,2.51,Teesta_Lalmonirhat
2010-07-31,3.26,31.2,25.31,1.86,84.99,0.9,2.89,Teesta_Lalmonirhat
2010-08-01,1.93,31.82,25.49,2.01,86.19,0.89,3.83,Teesta_Lalmonirhat
2010-08-02,2.91,31.92,25.87,1.63,79.88,0.88,3.56,Teesta_Lalmonirhat
2010-08-03,0.73,32.32,25.98,1.68,84.09,0.87,4.02,Teesta_Lalmonirhat
2010-08-04,1.13,32.35,25.72,1.18,83.3,0.86,3.65,Teesta_Lalmonirhat
2010-08-05,0.69,32.57,26.27,2.55,85.63,0.85,3.74,Teesta_Lalmonirhat
2010-08-06,3.24,31.98,26.44,1.63,86.43,0.85,3.06,Teesta_Lalmonirhat
2010-08-07,0.78,31.14,26.35,1.4,84.97,0.84,2.96,Teesta_Lalmonirhat
2010-08-08,0.04,32.96,25.57,1.43,81.63,0.83,5.22,Teesta_Lalmonirhat
2010-08-09,3.45,33.39,25.9,1.53,81.35,0.82,4.99,Teesta_Lalmonirhat
2010-08-10,5.03,33.06,26.42,1.16,78.11,0.81,3.86,Teesta_Lalmonirhat
2010-08-11,1.05,34.1,28.1,0.98,74.99,0.8,5.63,Teesta_Lalmonirhat
2010-08-12,2.36,31.07,27.05,1.61,88.74,0.79,1.62,Teesta_Lalmonirhat
2010-08-13,2.6,31.05,26.58,2.09,89.42,0.79,2.07,Teesta_Lalmonirhat
2010-08-14,13.85,31.14,26.12,2.17,88.22,0.79,2.51,Teesta_Lalmonirhat
2010-08-15,5.8,32.77,26.26,2.1,86.27,0.8,4.08,Teesta_Lalmonirhat
2010-08-16,8.23,32.4,25.77,2.24,86.42,0.79,4.56,Teesta_Lalmonirhat
2010-08-17,82.84,31.48,26.25,2.89,89.42,0.82,1.8,Teesta_Lalmonirhat
2010-08-18,55.05,30.73,26.34,2.33,91.52,0.91,1.15,Teesta_Lalmonirhat
2010-08-19,9.05,29.22,26.53,1.78,90.32,0.91,1.22,Teesta_Lalmonirhat
2010-08-20,6.43,30.72,25.88,1.52,89.92,0.9,1.58,Teesta_Lalmonirhat
2010-08-21,20.61,30.79,25.94,1.98,90.12,0.9,1.71,Teesta_Lalmonirhat
2010-08-22,25.51,30.49,25.92,2.54,91.16,0.92,1.48,Teesta_Lalmonirhat
2010-08-23,24.95,30.73,26.13,1.64,89.18,0.93,1.78,Teesta_Lalmonirhat
2010-08-24,6.51,31.9,25.95,0.9,84.56,0.93,2.63,Teesta_Lalmonirhat
2010-08-25,3.05,31.14,26.5,0.85,84.52,0.92,1.96,Teesta_Lalmonirhat
2010-08-26,12.74,32.24,25.98,1.87,86.68,0.92,3.16,Teesta_Lalmonirhat
2010-08-27,13.6,29.44,26.3,2.24,91.42,0.92,1.18,Teesta_Lalmonirhat
2010-08-28,2.7,31.13,26.18,1.24,86.31,0.91,2.39,Teesta_Lalmonirhat
2010-08-29,2.48,32.19,25.3,1.23,85.88,0.91,3.85,Teesta_Lalmonirhat
2010-08-30,1.66,32.01,26.56,1.12,87.21,0.9,2.6,Teesta_Lalmonirhat
2010-08-31,1.53,29.59,26.42,1.72,90.6,0.89,1.26,Teesta_Lalmonirhat
2010-09-01,5.25,31.16,25.96,1.37,85.7,0.89,2.79,Teesta_Lalmonirhat
2010-09-02,13.46,31.71,26.51,1.23,85.07,0.89,3.36,Teesta_Lalmonirhat
2010-09-03,7.68,32.28,25.36,1.25,85.53,0.89,4.01,Teesta_Lalmonirhat
2010-09-04,3.1,31.83,25.06,1.82,86.67,0.88,4.21,Teesta_Lalmonirhat
2010-09-05,5.7,31.6,25.96,1.72,88.2,0.88,3.05,Teesta_Lalmonirhat
2010-09-06,8.58,31.64,26.14,1.44,86.87,0.88,3.71,Teesta_Lalmonirhat
2010-09-07,4.37,32.01,26.36,1.87,86.72,0.87,3.66,Teesta_Lalmonirhat
2010-09-08,1.97,29.55,26.38,1.31,89.99,0.87,1.31,Teesta_Lalmonirhat
2010-09-09,4.7,29.41,26.01,1.15,90.76,0.86,1.11,Teesta_Lalmonirhat
2010-09-10,33.67,30.44,25.88,1.64,88.65,0.88,1.91,Teesta_Lalmonirhat
2010-09-11,60.17,29.56,25.98,2.09,91.99,0.93,1.17,Teesta_Lalmonirhat
2010-09-12,7.28,30.72,24.82,0.94,84.25,0.93,3.54,Teesta_Lalmonirhat
2010-09-13,4.39,31.69,25.95,1.07,83.42,0.92,4.24,Teesta_Lalmonirhat
2010-09-14,11.94,28.57,25.51,1.37,91.9,0.91,0.92,Teesta_Lalmonirhat
2010-09-15,8.97,27.76,25.13,1.3,92.6,0.92,0.95,Teesta_Lalmonirhat
2010-09-16,3.94,29.76,24.4,1.38,87.47,0.92,2.33,Teesta_Lalmonirhat
2010-09-17,18.27,28.01,24.83,1.83,91.95,0.92,1.11,Teesta_Lalmonirhat
2010-09-18,8.92,29.46,24.92,2.01,90.03,0.92,2.3,Teesta_Lalmonirhat
2010-09-19,10.67,29.78,25.09,0.64,85.0,0.92,1.57,Teesta_Lalmonirhat
2010-09-20,19.57,30.63,24.58,1.29,86.22,0.92,3.66,Teesta_Lalmonirhat
2010-09-21,19.34,29.17,24.74,1.38,91.16,0.93,1.45,Teesta_Lalmonirhat
2010-09-22,0.8,31.02,24.79,0.84,85.39,0.93,4.3,Teesta_Lalmonirhat
2010-09-23,14.1,31.51,24.57,0.66,79.84,0.92,5.0,Teesta_Lalmonirhat
2010-09-24,10.09,31.45,25.42,0.83,82.42,0.92,3.82,Teesta_Lalmonirhat
2010-09-25,7.55,31.18,25.3,1.47,85.09,0.92,3.84,Teesta_Lalmonirhat
2010-09-26,9.7,30.72,24.37,1.9,88.31,0.92,3.77,Teesta_Lalmonirhat
2010-09-27,2.56,30.82,24.44,2.3,89.46,0.91,3.35,Teesta_Lalmonirhat
2010-09-28,0.09,30.38,23.41,1.8,85.33,0.9,4.43,Teesta_Lalmonirhat
2010-09-29,0.01,30.26,21.85,0.99,81.38,0.89,5.48,Teesta_Lalmonirhat
2010-09-30,0.01,30.23,21.88,1.34,81.29,0.88,5.01,Teesta_Lalmonirhat
2010-10-01,2.85,31.54,23.44,0.69,76.28,0.88,5.97,Teesta_Lalmonirhat
2010-10-02,1.14,31.21,23.65,0.97,81.97,0.87,5.16,Teesta_Lalmonirhat
2010-10-03,0.0,31.58,23.98,1.28,84.49,0.86,5.44,Teesta_Lalmonirhat
2010-10-04,0.0,31.17,24.22,1.32,83.34,0.85,5.57,Teesta_Lalmonirhat
2010-10-05,2.21,31.49,23.87,1.04,81.47,0.84,5.62,Teesta_Lalmonirhat
2010-10-06,3.52,29.74,23.86,1.41,84.69,0.84,3.72,Teesta_Lalmonirhat
2010-10-07,33.07,27.53,23.13,3.25,90.81,0.85,2.28,Teesta_Lalmonirhat
2010-10-08,33.42,24.66,20.96,4.63,92.78,0.88,1.13,Teesta_Lalmonirhat
2010-10-09,2.08,28.24,20.28,1.89,85.59,0.89,4.38,Teesta_Lalmonirhat
2010-10-10,14.4,28.89,20.37,1.52,85.43,0.88,3.29,Teesta_Lalmonirhat
2010-10-11,1.75,29.5,21.05,0.97,84.45,0.88,4.29,Teesta_Lalmonirhat
2010-10-12,0.0,29.33,21.35,1.64,84.45,0.88,4.64,Teesta_Lalmonirhat
2010-10-13,0.0,28.52,21.13,2.03,83.82,0.86,3.92,Teesta_Lalmonirhat
2010-10-14,0.95,29.53,21.78,2.33,86.73,0.86,3.33,Teesta_Lalmonirhat
2010-10-15,3.42,26.84,23.67,3.14,92.63,0.85,1.49,Teesta_Lalmonirhat
2010-10-16,8.63,26.63,22.57,2.26,92.83,0.86,1.2,Teesta_Lalmonirhat
2010-10-17,10.21,27.11,22.46,2.16,92.61,0.86,1.46,Teesta_Lalmonirhat
2010-10-18,2.13,30.03,21.64,1.91,88.37,0.86,4.21,Teesta_Lalmonirhat
2010-10-19,0.02,30.55,22.88,1.64,84.02,0.85,5.08,Teesta_Lalmonirhat
2010-10-20,1.4,29.99,22.94,2.27,85.05,0.84,4.72,Teesta_Lalmonirhat
2010-10-21,8.17,29.25,22.29,1.91,86.56,0.84,3.85,Teesta_Lalmonirhat
2010-10-22,3.35,28.39,22.09,2.48,88.89,0.84,3.27,Teesta_Lalmonirhat
2010-10-23,0.02,29.08,21.6,1.13,82.61,0.83,4.63,Teesta_Lalmonirhat
2010-10-24,0.06,29.59,20.99,1.27,85.56,0.82,4.82,Teesta_Lalmonirhat
2010-10-25,0.01,29.59,21.48,0.59,81.4,0.81,5.33,Teesta_Lalmonirhat
2010-10-26,0.0,29.25,20.29,1.11,82.44,0.8,5.0,Teesta_Lalmonirhat
2010-10-27,0.0,28.72,19.06,1.05,82.4,0.79,4.69,Teesta_Lalmonirhat
2010-10-28,0.0,28.13,18.72,1.05,82.82,0.79,4.38,Teesta_Lalmonirhat
2010-10-29,0.0,26.88,18.51,1.61,85.99,0.78,3.91,Teesta_Lalmonirhat
2010-10-30,0.0,27.51,17.83,2.35,87.34,0.77,4.13,Teesta_Lalmonirhat
2010-10-31,0.01,27.72,19.26,1.78,81.55,0.76,4.22,Teesta_Lalmonirhat
2010-11-01,1.06,28.29,20.64,0.91,77.01,0.76,3.11,Teesta_Lalmonirhat
2010-11-02,0.18,27.41,18.75,0.58,80.46,0.75,4.76,Teesta_Lalmonirhat
2010-11-03,0.0,27.33,18.28,0.85,80.82,0.74,4.51,Teesta_Lalmonirhat
2010-11-04,0.0,27.71,18.85,1.4,85.28,0.74,4.42,Teesta_Lalmonirhat
2010-11-05,0.0,28.26,19.43,2.07,85.96,0.73,4.3,Teesta_Lalmonirhat
2010-11-06,0.0,28.49,19.01,1.86,83.44,0.72,4.41,Teesta_Lalmonirhat
2010-11-07,0.0,28.61,18.61,1.44,82.87,0.71,4.49,Teesta_Lalmonirhat
2010-11-08,0.0,28.0,19.34,1.61,86.36,0.71,4.02,Teesta_Lalmonirhat
2010-11-09,0.0,27.39,19.91,2.25,84.37,0.7,3.93,Teesta_Lalmonirhat
2010-11-10,0.0,28.1,18.55,1.67,81.4,0.69,4.01,Teesta_Lalmonirhat
2010-11-11,0.0,27.65,18.34,1.61,84.78,0.68,3.68,Teesta_Lalmonirhat
2010-11-12,2.04,26.83,18.48,1.01,82.32,0.68,3.26,Teesta_Lalmonirhat
2010-11-13,2.01,27.43,19.51,1.3,83.13,0.68,2.97,Teesta_Lalmonirhat
2010-11-14,0.94,26.79,17.79,1.58,84.99,0.67,3.16,Teesta_Lalmonirhat
2010-11-15,0.05,26.99,17.84,1.58,84.18,0.67,3.26,Teesta_Lalmonirhat
2010-11-16,0.0,27.01,18.26,1.07,83.18,0.66,3.15,Teesta_Lalmonirhat
2010-11-17,0.26,27.19,18.56,0.89,81.64,0.66,2.88,Teesta_Lalmonirhat
2010-11-18,0.73,26.88,19.12,0.82,83.35,0.65,2.33,Teesta_Lalmonirhat
2010-11-19,1.81,26.79,19.31,1.3,85.3,0.65,2.26,Teesta_Lalmonirhat
2010-11-20,0.11,27.05,17.52,2.05,84.9,0.65,2.75,Teesta_Lalmonirhat
2010-11-21,0.01,24.41,14.5,1.23,76.86,0.64,2.44,Teesta_Lalmonirhat
2010-11-22,0.0,24.24,13.04,1.12,76.72,0.64,2.02,Teesta_Lalmonirhat
2010-11-23,0.0,24.87,15.3,1.08,76.47,0.63,2.25,Teesta_Lalmonirhat
2010-11-24,0.0,25.8,14.75,0.99,81.21,0.63,2.29,Teesta_Lalmonirhat
2010-11-25,0.0,25.57,15.92,1.22,84.27,0.62,2.13,Teesta_Lalmonirhat
2010-11-26,0.0,25.76,16.21,0.96,82.69,0.62,1.98,Teesta_Lalmonirhat
2010-11-27,0.0,26.07,16.47,1.0,81.78,0.61,1.95,Teesta_Lalmonirhat
2010-11-28,0.0,26.06,17.12,0.93,83.9,0.61,1.81,Teesta_Lalmonirhat
2010-11-29,0.0,26.08,16.44,1.22,83.33,0.61,1.92,Teesta_Lalmonirhat
2010-11-30,0.0,24.67,14.47,0.84,76.26,0.6,1.81,Teesta_Lalmonirhat
2010-12-01,0.0,23.94,13.11,1.04,77.03,0.6,1.57,Teesta_Lalmonirhat
2010-12-02,0.0,24.69,13.9,1.46,81.04,0.59,1.54,Teesta_Lalmonirhat
2010-12-03,0.0,25.52,13.99,1.72,77.17,0.59,1.71,Teesta_Lalmonirhat
2010-12-04,0.0,25.96,13.73,1.86,71.44,0.59,1.74,Teesta_Lalmonirhat
2010-12-05,0.0,25.97,13.04,2.01,70.15,0.58,1.7,Teesta_Lalmonirhat
2010-12-06,0.01,25.76,13.98,1.78,68.99,0.58,1.4,Teesta_Lalmonirhat
2010-12-07,0.01,26.32,15.46,0.86,65.31,0.57,1.47,Teesta_Lalmonirhat
2010-12-08,0.89,22.46,16.91,0.52,73.34,0.57,0.45,Teesta_Lalmonirhat
2010-12-09,4.78,24.38,15.57,0.61,85.57,0.58,0.78,Teesta_Lalmonirhat
2010-12-10,0.0,26.55,15.06,0.69,73.69,0.57,1.61,Teesta_Lalmonirhat
2010-12-11,0.0,25.81,14.17,1.37,79.55,0.57,1.37,Teesta_Lalmonirhat
2010-12-12,0.0,22.96,11.86,2.36,74.96,0.57,1.11,Teesta_Lalmonirhat
2010-12-13,0.0,23.07,10.7,1.14,72.65,0.56,0.91,Teesta_Lalmonirhat
2010-12-14,0.0,22.4,10.55,0.84,72.99,0.56,0.88,Teesta_Lalmonirhat
2010-12-15,0.0,21.94,9.81,0.86,76.37,0.56,0.77,Teesta_Lalmonirhat
2010-12-16,0.0,23.21,11.28,0.91,79.88,0.55,0.93,Teesta_Lalmonirhat
2010-12-17,0.0,23.52,12.05,0.58,76.18,0.55,1.02,Teesta_Lalmonirhat
2010-12-18,0.0,22.97,10.57,0.72,75.07,0.55,0.83,Teesta_Lalmonirhat
2010-12-19,0.0,23.38,10.28,0.73,73.34,0.55,0.92,Teesta_Lalmonirhat
2010-12-20,0.0,22.08,9.59,0.57,77.39,0.54,0.67,Teesta_Lalmonirhat
2010-12-21,0.0,22.11,10.42,0.61,72.74,0.54,0.78,Teesta_Lalmonirhat
2010-12-22,0.0,22.39,9.9,0.49,71.63,0.54,0.79,Teesta_Lalmonirhat
2010-12-23,0.0,22.74,9.79,0.82,73.44,0.54,0.75,Teesta_Lalmonirhat
2010-12-24,0.0,22.05,9.72,0.88,69.73,0.53,0.55,Teesta_Lalmonirhat
2010-12-25,0.0,20.98,9.19,1.61,82.08,0.53,0.45,Teesta_Lalmonirhat
2010-12-26,0.0,22.08,9.88,1.44,81.31,0.53,0.61,Teesta_Lalmonirhat
2010-12-27,0.0,22.77,10.44,0.63,75.85,0.53,0.62,Teesta_Lalmonirhat
2010-12-28,0.0,22.64,9.81,0.69,75.34,0.53,0.6,Teesta_Lalmonirhat
2010-12-29,0.0,22.32,9.54,1.04,77.09,0.52,0.55,Teesta_Lalmonirhat
2010-12-30,0.0,23.09,10.14,1.09,80.9,0.52,0.56,Teesta_Lalmonirhat
2010-12-31,0.01,22.26,11.4,1.11,79.66,0.52,0.5,Teesta_Lalmonirhat
2011-01-01,2.16,20.17,12.39,1.24,85.35,0.52,0.19,Teesta_Lalmonirhat
2011-01-02,0.05,22.11,9.48,1.24,75.29,0.52,0.56,Teesta_Lalmonirhat
2011-01-03,0.0,21.06,9.41,1.25,79.56,0.52,0.44,Teesta_Lalmonirhat
2011-01-04,0.0,21.97,10.66,0.73,76.14,0.52,0.55,Teesta_Lalmonirhat
2011-01-05,0.0,22.16,8.76,0.84,74.58,0.52,0.52,Teesta_Lalmonirhat
2011-01-06,0.0,22.71,8.75,0.64,74.21,0.51,0.51,Teesta_Lalmonirhat
2011-01-07,0.0,22.97,9.19,0.46,73.16,0.51,0.53,Teesta_Lalmonirhat
2011-01-08,0.0,22.99,9.59,1.11,72.38,0.51,0.49,Teesta_Lalmonirhat
2011-01-09,0.0,24.24,9.72,0.88,71.83,0.51,0.56,Teesta_Lalmonirhat
2011-01-10,0.0,22.65,7.87,1.42,61.75,0.5,0.46,Teesta_Lalmonirhat
2011-01-11,0.0,21.17,6.19,0.85,62.99,0.5,0.4,Teesta_Lalmonirhat
2011-01-12,0.0,20.61,6.63,0.86,56.2,0.5,0.35,Teesta_Lalmonirhat
2011-01-13,0.0,19.77,6.61,1.06,64.46,0.5,0.3,Teesta_Lalmonirhat
2011-01-14,0.0,20.8,7.09,1.0,67.3,0.5,0.32,Teesta_Lalmonirhat
2011-01-15,0.0,21.39,7.79,1.65,76.98,0.49,0.33,Teesta_Lalmonirhat
2011-01-16,0.12,19.61,9.82,1.11,78.16,0.49,0.16,Teesta_Lalmonirhat
2011-01-17,0.0,21.07,8.59,2.22,61.77,0.49,0.33,Teesta_Lalmonirhat
2011-01-18,0.0,19.77,7.13,0.97,58.23,0.49,0.28,Teesta_Lalmonirhat
2011-01-19,0.0,21.78,6.86,1.43,61.56,0.49,0.29,Teesta_Lalmonirhat
2011-01-20,0.0,20.93,7.55,1.81,72.47,0.49,0.27,Teesta_Lalmonirhat
2011-01-21,0.0,19.93,7.23,1.11,71.44,0.48,0.27,Teesta_Lalmonirhat
2011-01-22,0.0,20.96,7.41,0.85,68.89,0.48,0.27,Teesta_Lalmonirhat
2011-01-23,0.0,21.48,8.36,0.95,69.67,0.48,0.27,Teesta_Lalmonirhat
2011-01-24,0.0,21.92,8.68,1.22,75.4,0.48,0.26,Teesta_Lalmonirhat
2011-01-25,0.0,22.89,9.93,1.1,73.76,0.48,0.27,Teesta_Lalmonirhat
2011-01-26,0.0,24.07,10.26,1.39,69.1,0.48,0.32,Teesta_Lalmonirhat
2011-01-27,0.0,25.75,12.3,1.55,58.39,0.47,0.36,Teesta_Lalmonirhat
2011-01-28,0.0,24.17,9.63,0.96,62.05,0.47,0.39,Teesta_Lalmonirhat
2011-01-29,0.0,23.45,9.66,2.0,74.37,0.47,0.32,Teesta_Lalmonirhat
2011-01-30,0.0,24.08,10.48,1.72,69.13,0.47,0.33,Teesta_Lalmonirhat
2011-01-31,0.0,25.63,13.11,1.25,66.31,0.47,0.33,Teesta_Lalmonirhat
2011-02-01,0.0,25.46,10.59,1.11,61.39,0.46,0.34,Teesta_Lalmonirhat
2011-02-02,0.0,24.53,11.35,1.58,72.92,0.46,0.29,Teesta_Lalmonirhat
2011-02-03,0.0,25.55,11.07,1.58,75.28,0.46,0.34,Teesta_Lalmonirhat
2011-02-04,0.0,26.58,11.05,1.16,68.38,0.46,0.38,Teesta_Lalmonirhat
2011-02-05,0.0,26.91,11.55,1.22,68.44,0.46,0.38,Teesta_Lalmonirhat
2011-02-06,0.0,26.99,12.03,0.93,65.32,0.45,0.35,Teesta_Lalmonirhat
2011-02-07,0.0,27.35,13.44,1.28,63.38,0.45,0.32,Teesta_Lalmonirhat
2011-02-08,0.0,27.51,13.44,1.3,55.15,0.45,0.28,Teesta_Lalmonirhat
2011-02-09,0.0,28.69,13.8,1.62,52.13,0.45,0.32,Teesta_Lalmonirhat
2011-02-10,0.0,28.32,11.53,1.35,42.48,0.44,0.35,Teesta_Lalmonirhat
2011-02-11,0.0,26.28,11.34,1.13,55.11,0.44,0.31,Teesta_Lalmonirhat
2011-02-12,0.0,26.01,11.32,1.21,62.09,0.44,0.24,Teesta_Lalmonirhat
2011-02-13,0.0,26.25,12.08,1.5,65.33,0.44,0.24,Teesta_Lalmonirhat
2011-02-14,0.0,27.5,12.92,1.07,58.97,0.44,0.25,Teesta_Lalmonirhat
2011-02-15,0.0,30.01,14.46,1.48,55.8,0.43,0.27,Teesta_Lalmonirhat
2011-02-16,12.13,28.91,17.59,1.71,67.52,0.43,0.21,Teesta_Lalmonirhat
2011-02-17,4.28,27.32,15.53,2.17,69.48,0.46,0.37,Teesta_Lalmonirhat
2011-02-18,0.09,27.54,12.22,3.33,58.77,0.46,0.48,Teesta_Lalmonirhat
2011-02-19,0.0,28.37,13.96,1.89,46.71,0.45,0.41,Teesta_Lalmonirhat
2011-02-20,0.0,28.46,14.14,1.28,42.88,0.45,0.42,Teesta_Lalmonirhat
2011-02-21,0.15,24.19,13.38,0.92,55.72,0.45,0.18,Teesta_Lalmonirhat
2011-02-22,0.05,27.88,11.84,1.36,57.01,0.44,0.35,Teesta_Lalmonirhat
2011-02-23,0.0,27.98,11.99,0.99,57.19,0.44,0.36,Teesta_Lalmonirhat
2011-02-24,0.0,28.74,12.63,0.65,54.77,0.44,0.36,Teesta_Lalmonirhat
2011-02-25,0.0,28.28,12.49,1.55,58.58,0.44,0.3,Teesta_Lalmonirhat
2011-02-26,0.0,29.42,14.02,1.65,54.73,0.43,0.31,Teesta_Lalmonirhat
2011-02-27,0.0,30.96,15.24,1.86,42.95,0.43,0.34,Teesta_Lalmonirhat
2011-02-28,0.0,29.56,12.3,1.09,44.49,0.43,0.31,Teesta_Lalmonirhat
2011-03-01,0.0,28.66,12.42,1.47,56.93,0.42,0.28,Teesta_Lalmonirhat
2011-03-02,0.0,30.29,12.82,1.13,55.27,0.42,0.27,Teesta_Lalmonirhat
2011-03-03,0.0,31.01,13.75,1.11,50.37,0.42,0.28,Teesta_Lalmonirhat
2011-03-04,0.0,32.58,15.53,2.15,49.3,0.42,0.25,Teesta_Lalmonirhat
2011-03-05,0.0,33.9,15.82,3.42,45.16,0.41,0.27,Teesta_Lalmonirhat
2011-03-06,0.0,33.38,14.78,2.82,39.18,0.41,0.25,Teesta_Lalmonirhat
2011-03-07,0.0,30.67,13.23,1.12,44.92,0.41,0.2,Teesta_Lalmonirhat
2011-03-08,0.0,31.05,14.09,1.43,53.45,0.41,0.18,Teesta_Lalmonirhat
2011-03-09,0.24,32.54,15.96,2.06,50.05,0.4,0.18,Teesta_Lalmonirhat
2011-03-10,0.91,35.06,19.14,1.6,42.43,0.4,0.19,Teesta_Lalmonirhat
2011-03-11,0.31,35.07,20.01,1.9,35.59,0.4,0.19,Teesta_Lalmonirhat
2011-03-12,0.06,33.74,18.57,2.08,46.86,0.4,0.16,Teesta_Lalmonirhat
2011-03-13,0.0,32.42,16.03,1.45,34.61,0.39,0.14,Teesta_Lalmonirhat
2011-03-14,0.0,31.75,15.69,1.85,47.2,0.39,0.12,Teesta_Lalmonirhat
2011-03-15,0.0,31.49,17.2,2.19,53.48,0.39,0.08,Teesta_Lalmonirhat
2011-03-16,0.0,34.52,17.74,1.2,40.12,0.39,0.12,Teesta_Lalmonirhat
2011-03-17,0.07,32.55,17.35,2.24,50.83,0.38,0.1,Teesta_Lalmonirhat
2011-03-18,2.4,31.51,19.5,2.28,61.44,0.39,0.07,Teesta_Lalmonirhat
2011-03-19,0.05,34.4,19.95,2.28,50.86,0.39,0.09,Teesta_Lalmonirhat
2011-03-20,0.03,37.35,20.28,3.02,46.92,0.38,0.11,Teesta_Lalmonirhat
2011-03-21,0.15,37.33,20.16,3.44,41.46,0.38,0.11,Teesta_Lalmonirhat
2011-03-22,0.0,36.36,17.42,1.92,22.91,0.38,0.09,Teesta_Lalmonirhat
2011-03-23,0.0,35.47,16.92,1.5,40.07,0.38,0.08,Teesta_Lalmonirhat
2011-03-24,0.0,35.71,17.77,1.71,36.54,0.37,0.08,Teesta_Lalmonirhat
2011-03-25,0.65,36.12,19.38,1.77,31.34,0.37,0.07,Teesta_Lalmonirhat
2011-03-26,0.47,36.22,19.75,1.39,35.82,0.37,0.07,Teesta_Lalmonirhat
2011-03-27,0.17,34.16,20.36,3.0,50.17,0.37,0.06,Teesta_Lalmonirhat
2011-03-28,1.81,29.85,21.02,1.96,61.18,0.37,0.03,Teesta_Lalmonirhat
2011-03-29,0.25,31.37,20.44,3.21,57.56,0.37,0.05,Teesta_Lalmonirhat
2011-03-30,1.53,30.06,19.74,3.29,62.54,0.37,0.04,Teesta_Lalmonirhat
2011-03-31,4.01,31.29,19.74,1.62,62.52,0.38,0.05,Teesta_Lalmonirhat
2011-04-01,0.68,33.74,18.77,1.44,52.44,0.38,0.07,Teesta_Lalmonirhat
2011-04-02,0.37,34.72,19.06,1.91,50.35,0.37,0.07,Teesta_Lalmonirhat
2011-04-03,1.29,34.69,20.37,2.08,58.77,0.37,0.06,Teesta_Lalmonirhat
2011-04-04,4.28,33.7,22.36,1.48,59.19,0.38,0.05,Teesta_Lalmonirhat
2011-04-05,0.54,35.0,22.35,1.77,50.2,0.38,0.07,Teesta_Lalmonirhat
2011-04-06,0.0,36.48,18.75,1.9,39.96,0.37,0.07,Teesta_Lalmonirhat
2011-04-07,0.0,36.15,19.34,1.54,23.63,0.37,0.05,Teesta_Lalmonirhat
2011-04-08,0.0,36.93,18.6,1.58,30.29,0.37,0.05,Teesta_Lalmonirhat
2011-04-09,0.0,37.03,20.58,2.45,36.73,0.37,0.04,Teesta_Lalmonirhat
2011-04-10,1.92,35.22,21.18,1.84,47.5,0.37,0.04,Teesta_Lalmonirhat
2011-04-11,0.55,36.69,21.84,1.74,48.97,0.37,0.05,Teesta_Lalmonirhat
2011-04-12,0.47,37.37,22.08,1.72,47.34,0.37,0.05,Teesta_Lalmonirhat
2011-04-13,0.45,36.61,23.71,2.44,48.71,0.37,0.04,Teesta_Lalmonirhat
2011-04-14,2.5,37.9,24.54,1.63,43.19,0.37,0.04,Teesta_Lalmonirhat
2011-04-15,1.13,36.87,24.47,1.34,38.07,0.37,0.04,Teesta_Lalmonirhat
2011-04-16,14.66,35.84,22.09,1.44,47.15,0.38,0.05,Teesta_Lalmonirhat
2011-04-17,0.75,37.04,22.09,1.2,49.23,0.39,0.17,Teesta_Lalmonirhat
2011-04-18,4.36,35.28,23.76,1.63,55.35,0.39,0.11,Teesta_Lalmonirhat
2011-04-19,3.5,34.53,25.43,1.49,60.05,0.39,0.1,Teesta_Lalmonirhat
2011-04-20,1.86,36.45,24.74,2.07,57.56,0.4,0.15,Teesta_Lalmonirhat
2011-04-21,0.02,38.47,22.98,2.59,42.35,0.39,0.18,Teesta_Lalmonirhat
2011-04-22,0.03,37.3,22.0,1.76,40.46,0.39,0.12,Teesta_Lalmonirhat
2011-04-23,0.04,36.56,21.47,1.88,38.59,0.38,0.09,Teesta_Lalmonirhat
2011-04-24,4.97,34.73,23.41,1.91,53.14,0.39,0.09,Teesta_Lalmonirhat
2011-04-25,3.95,31.23,22.74,2.84,62.79,0.39,0.07,Teesta_Lalmonirhat
2011-04-26,0.02,31.45,21.99,1.74,56.96,0.39,0.06,Teesta_Lalmonirhat
2011-04-27,0.55,35.93,21.97,1.49,45.74,0.39,0.11,Teesta_Lalmonirhat
2011-04-28,4.79,35.12,23.37,0.96,56.14,0.39,0.12,Teesta_Lalmonirhat
2011-04-29,0.12,36.35,22.95,1.62,52.62,0.39,0.14,Teesta_Lalmonirhat
2011-04-30,0.35,36.45,24.17,1.62,52.48,0.39,0.11,Teesta_Lalmonirhat
2011-05-01,4.02,36.29,25.7,2.44,54.99,0.39,0.09,Teesta_Lalmonirhat
2011-05-02,11.17,35.53,25.14,2.84,64.36,0.4,0.14,Teesta_Lalmonirhat
2011-05-03,32.93,33.47,24.66,2.24,73.12,0.43,0.29,Teesta_Lalmonirhat
2011-05-04,1.09,33.33,21.32,3.23,63.9,0.46,0.84,Teesta_Lalmonirhat
2011-05-05,0.78,35.39,22.6,2.39,62.19,0.45,0.88,Teesta_Lalmonirhat
2011-05-06,0.09,36.4,24.45,1.96,59.86,0.44,0.84,Teesta_Lalmonirhat
2011-05-07,0.94,36.4,25.13,1.93,59.13,0.44,0.8,Teesta_Lalmonirhat
2011-05-08,10.66,35.41,25.64,1.86,60.26,0.45,0.84,Teesta_Lalmonirhat
2011-05-09,6.2,35.79,25.51,1.19,51.17,0.45,1.0,Teesta_Lalmonirhat
2011-05-10,9.31,35.12,24.26,2.21,59.31,0.46,0.97,Teesta_Lalmonirhat
2011-05-11,15.28,32.63,25.51,1.86,71.94,0.47,0.93,Teesta_Lalmonirhat
2011-05-12,1.32,35.28,24.9,1.76,63.95,0.48,1.42,Teesta_Lalmonirhat
2011-05-13,4.74,34.28,25.88,2.64,68.44,0.47,0.97,Teesta_Lalmonirhat
2011-05-14,23.63,34.14,25.65,1.66,71.95,0.5,1.81,Teesta_Lalmonirhat
2011-05-15,7.82,34.19,26.27,2.3,69.94,0.51,1.89,Teesta_Lalmonirhat
2011-05-16,1.6,33.86,25.37,2.59,70.19,0.51,2.01,Teesta_Lalmonirhat
2011-05-17,5.36,34.93,25.07,1.66,64.7,0.51,2.03,Teesta_Lalmonirhat
2011-05-18,7.87,34.97,26.66,1.15,63.41,0.51,2.12,Teesta_Lalmonirhat
2011-05-19,8.52,33.52,25.88,1.45,67.33,0.52,1.99,Teesta_Lalmonirhat
2011-05-20,12.97,31.63,24.31,1.6,74.12,0.52,1.8,Teesta_Lalmonirhat
2011-05-21,21.27,33.2,25.72,1.44,78.07,0.55,2.2,Teesta_Lalmonirhat
2011-05-22,7.86,33.88,25.39,2.24,74.79,0.56,3.3,Teesta_Lalmonirhat
2011-05-23,13.18,33.78,25.85,2.63,77.64,0.57,3.3,Teesta_Lalmonirhat
2011-05-24,2.26,34.94,25.04,2.37,71.35,0.57,4.23,Teesta_Lalmonirhat
2011-05-25,1.08,33.85,24.94,1.48,72.07,0.56,3.6,Teesta_Lalmonirhat
2011-05-26,0.0,35.46,25.3,1.66,67.52,0.55,3.74,Teesta_Lalmonirhat
2011-05-27,0.21,34.72,26.55,1.83,72.46,0.54,2.86,Teesta_Lalmonirhat
2011-05-28,0.75,35.24,24.99,1.61,69.43,0.53,3.08,Teesta_Lalmonirhat
2011-05-29,4.13,34.79,26.78,2.12,69.08,0.53,2.43,Teesta_Lalmonirhat
2011-05-30,19.49,32.92,26.38,2.19,78.83,0.54,2.15,Teesta_Lalmonirhat
2011-05-31,26.1,33.46,24.65,1.58,76.1,0.58,3.99,Teesta_Lalmonirhat
2011-06-01,6.03,33.72,26.52,2.78,78.01,0.58,3.73,Teesta_Lalmonirhat
2011-06-02,13.56,32.04,25.73,3.24,83.21,0.59,3.02,Teesta_Lalmonirhat
2011-06-03,2.28,32.92,26.08,3.53,80.11,0.59,4.05,Teesta_Lalmonirhat
2011-06-04,8.18,34.54,25.7,2.36,77.52,0.59,4.24,Teesta_Lalmonirhat
2011-06-05,3.64,34.96,25.91,2.32,76.09,0.58,4.69,Teesta_Lalmonirhat
2011-06-06,0.22,35.06,25.66,1.92,74.52,0.57,4.56,Teesta_Lalmonirhat
2011-06-07,0.71,34.74,26.56,2.05,73.08,0.56,4.0,Teesta_Lalmonirhat
2011-06-08,0.84,35.31,26.04,1.11,68.3,0.55,4.23,Teesta_Lalmonirhat
2011-06-09,0.04,36.69,26.02,0.81,60.3,0.54,4.1,Teesta_Lalmonirhat
2011-06-10,0.0,37.65,27.59,1.55,56.79,0.53,3.67,Teesta_Lalmonirhat
2011-06-11,9.78,35.72,27.58,2.35,71.07,0.54,2.79,Teesta_Lalmonirhat
2011-06-12,2.34,35.19,27.03,2.76,68.28,0.53,2.92,Teesta_Lalmonirhat
2011-06-13,2.81,36.12,25.47,1.42,61.46,0.53,3.13,Teesta_Lalmonirhat
2011-06-14,6.52,35.62,26.08,1.98,68.55,0.53,2.64,Teesta_Lalmonirhat
2011-06-15,13.2,30.8,26.17,2.54,81.53,0.54,1.41,Teesta_Lalmonirhat
2011-06-16,5.68,34.08,25.06,4.62,75.79,0.54,2.69,Teesta_Lalmonirhat
2011-06-17,8.73,31.55,26.51,5.89,81.46,0.54,1.65,Teesta_Lalmonirhat
2011-06-18,15.67,32.84,26.37,4.46,82.38,0.57,1.95,Teesta_Lalmonirhat
2011-06-19,2.6,33.06,26.21,3.4,83.45,0.56,2.16,Teesta_Lalmonirhat
2011-06-20,2.59,35.09,26.29,2.53,74.85,0.56,3.55,Teesta_Lalmonirhat
2011-06-21,0.63,35.56,26.73,2.25,73.69,0.55,3.53,Teesta_Lalmonirhat
2011-06-22,9.57,34.94,26.91,1.83,76.29,0.55,3.0,Teesta_Lalmonirhat
2011-06-23,31.62,33.99,27.35,2.01,79.55,0.57,2.16,Teesta_Lalmonirhat
2011-06-24,29.98,32.48,27.19,1.4,83.88,0.62,2.26,Teesta_Lalmonirhat
2011-06-25,6.84,33.87,27.62,1.15,77.13,0.63,4.07,Teesta_Lalmonirhat
2011-06-26,15.06,30.17,27.17,1.78,88.85,0.63,1.2,Teesta_Lalmonirhat
2011-06-27,30.05,30.08,26.58,1.85,89.27,0.67,1.69,Teesta_Lalmonirhat
2011-06-28,14.03,31.94,25.56,2.7,84.91,0.68,4.48,Teesta_Lalmonirhat
2011-06-29,29.02,31.4,26.48,2.04,86.21,0.71,2.83,Teesta_Lalmonirhat
2011-06-30,26.13,30.85,26.3,2.66,91.02,0.73,1.59,Teesta_Lalmonirhat
2011-07-01,22.62,31.26,26.52,2.37,87.5,0.76,2.95,Teesta_Lalmonirhat
2011-07-02,30.63,30.8,25.75,3.27,90.27,0.78,1.97,Teesta_Lalmonirhat
2011-07-03,11.1,30.18,26.18,2.25,87.89,0.79,2.04,Teesta_Lalmonirhat
2011-07-04,6.97,31.14,25.74,2.03,86.82,0.79,3.11,Teesta_Lalmonirhat
2011-07-05,3.29,31.43,25.12,1.89,84.37,0.79,4.49,Teesta_Lalmonirhat
2011-07-06,1.76,31.73,25.42,2.1,84.42,0.77,4.97,Teesta_Lalmonirhat
2011-07-07,4.43,32.18,25.65,2.74,84.52,0.76,5.36,Teesta_Lalmonirhat
2011-07-08,1.3,32.13,25.56,2.8,84.95,0.75,5.11,Teesta_Lalmonirhat
2011-07-09,10.88,32.13,25.98,2.79,84.86,0.74,4.67,Teesta_Lalmonirhat
2011-07-10,27.47,32.73,26.03,1.69,84.32,0.76,3.75,Teesta_Lalmonirhat
2011-07-11,11.42,32.71,27.0,1.0,82.46,0.78,3.49,Teesta_Lalmonirhat
2011-07-12,2.56,32.41,27.74,1.3,83.21,0.77,2.29,Teesta_Lalmonirhat
2011-07-13,4.71,33.0,26.51,2.34,84.53,0.77,4.96,Teesta_Lalmonirhat
2011-07-14,9.37,32.78,26.53,2.31,85.35,0.76,4.35,Teesta_Lalmonirhat
2011-07-15,11.31,30.16,26.65,2.03,89.84,0.77,1.58,Teesta_Lalmonirhat
2011-07-16,6.8,31.31,26.38,2.11,87.0,0.77,2.95,Teesta_Lalmonirhat
2011-07-17,1.87,32.87,25.99,2.33,83.62,0.76,5.35,Teesta_Lalmonirhat
2011-07-18,8.93,32.9,26.81,2.0,87.14,0.76,3.19,Teesta_Lalmonirhat
2011-07-19,20.84,29.84,26.75,2.15,92.53,0.77,0.81,Teesta_Lalmonirhat
2011-07-20,11.57,30.34,26.09,2.42,90.36,0.79,1.47,Teesta_Lalmonirhat
2011-07-21,4.3,32.14,26.68,3.52,87.94,0.79,3.01,Teesta_Lalmonirhat
2011-07-22,10.56,31.51,26.13,3.59,87.19,0.78,3.32,Teesta_Lalmonirhat
2011-07-23,2.85,31.51,25.55,2.32,86.06,0.78,3.89,Teesta_Lalmonirhat
2011-07-24,4.54,32.23,25.61,1.66,83.66,0.77,4.91,Teesta_Lalmonirhat
2011-07-25,2.42,33.11,26.02,0.97,81.97,0.76,4.34,Teesta_Lalmonirhat
2011-07-26,31.96,31.15,25.81,2.15,86.82,0.78,2.31,Teesta_Lalmonirhat
2011-07-27,34.9,31.51,25.9,2.18,87.37,0.81,2.68,Teesta_Lalmonirhat
2011-07-28,25.2,32.33,26.03,1.91,86.59,0.83,3.2,Teesta_Lalmonirhat
2011-07-29,14.4,31.31,26.6,2.09,87.87,0.84,2.54,Teesta_Lalmonirhat
2011-07-30,7.79,31.79,26.31,1.06,84.29,0.84,2.94,Teesta_Lalmonirhat
2011-07-31,0.98,32.35,26.52,1.75,85.21,0.83,3.22,Teesta_Lalmonirhat
2011-08-01,13.55,33.99,27.01,0.83,80.0,0.83,4.43,Teesta_Lalmonirhat
2011-08-02,8.6,33.99,28.85,1.48,81.84,0.83,3.42,Teesta_Lalmonirhat
2011-08-03,13.72,32.53,27.52,1.93,87.84,0.83,2.31,Teesta_Lalmonirhat
2011-08-04,16.13,31.9,27.24,1.63,87.67,0.83,2.56,Teesta_Lalmonirhat
2011-08-05,39.15,32.12,26.59,1.74,88.56,0.86,2.34,Teesta_Lalmonirhat
2011-08-06,27.93,30.62,26.66,2.29,90.4,0.88,1.27,Teesta_Lalmonirhat
2011-08-07,13.84,30.76,26.31,3.48,90.89,0.89,1.57,Teesta_Lalmonirhat
2011-08-08,19.81,30.76,25.86,3.74,88.38,0.89,2.13,Teesta_Lalmonirhat
2011-08-09,46.23,29.08,25.63,2.64,91.84,0.91,1.15,Teesta_Lalmonirhat
2011-08-10,38.32,30.36,25.57,2.49,87.93,0.95,2.21,Teesta_Lalmonirhat
2011-08-11,0.91,31.5,25.19,2.47,86.32,0.93,2.93,Teesta_Lalmonirhat
2011-08-12,2.7,29.58,25.89,2.13,89.8,0.92,1.29,Teesta_Lalmonirhat
2011-08-13,20.41,28.78,25.53,2.41,92.32,0.92,0.9,Teesta_Lalmonirhat
2011-08-14,14.92,29.61,25.05,2.07,89.94,0.93,1.85,Teesta_Lalmonirhat
2011-08-15,25.82,29.89,25.44,1.98,88.44,0.93,1.72,Teesta_Lalmonirhat
2011-08-16,172.23,28.78,25.64,2.75,94.19,0.98,0.32,Teesta_Lalmonirhat
2011-08-17,44.93,29.71,24.64,3.11,91.09,0.99,1.0,Teesta_Lalmonirhat
2011-08-18,14.17,30.14,24.43,1.84,88.97,0.99,1.83,Teesta_Lalmonirhat
2011-08-19,3.66,30.43,25.49,1.42,87.85,0.98,1.65,Teesta_Lalmonirhat
2011-08-20,0.08,32.58,26.21,0.61,79.77,0.96,4.38,Teesta_Lalmonirhat
2011-08-21,2.9,32.5,25.57,1.61,85.39,0.96,3.18,Teesta_Lalmonirhat
2011-08-22,6.52,29.83,25.94,1.92,90.85,0.95,1.5,Teesta_Lalmonirhat
2011-08-23,6.39,31.9,25.75,1.1,85.73,0.95,2.78,Teesta_Lalmonirhat
2011-08-24,23.5,30.83,25.83,1.43,86.65,0.95,2.03,Teesta_Lalmonirhat
2011-08-25,6.67,31.48,25.04,1.3,85.9,0.95,3.22,Teesta_Lalmonirhat
2011-08-26,0.29,32.16,25.86,1.57,85.78,0.94,3.51,Teesta_Lalmonirhat
2011-08-27,0.79,31.5,25.96,1.33,86.99,0.93,2.9,Teesta_Lalmonirhat
2011-08-28,0.6,32.9,26.08,1.74,84.26,0.92,4.14,Teesta_Lalmonirhat
2011-08-29,0.01,32.96,26.55,1.34,84.53,0.91,4.24,Teesta_Lalmonirhat
2011-08-30,1.78,33.5,27.02,0.82,79.0,0.9,5.06,Teesta_Lalmonirhat
2011-08-31,1.31,32.5,26.42,1.07,82.98,0.89,4.06,Teesta_Lalmonirhat
2011-09-01,0.36,32.01,25.5,1.85,86.92,0.88,4.51,Teesta_Lalmonirhat
2011-09-02,0.74,31.41,25.16,1.6,86.29,0.87,4.61,Teesta_Lalmonirhat
2011-09-03,0.3,31.76,24.62,1.52,83.64,0.86,4.82,Teesta_Lalmonirhat
2011-09-04,0.08,32.83,25.71,1.56,82.32,0.85,5.12,Teesta_Lalmonirhat
2011-09-05,1.55,31.4,26.46,1.24,87.74,0.84,2.73,Teesta_Lalmonirhat
2011-09-06,4.41,30.78,26.42,1.21,87.81,0.84,2.2,Teesta_Lalmonirhat
2011-09-07,6.43,30.95,26.22,1.92,89.09,0.84,3.11,Teesta_Lalmonirhat
2011-09-08,3.15,30.86,25.44,2.71,88.57,0.83,3.53,Teesta_Lalmonirhat
2011-09-09,1.88,31.27,25.45,2.84,88.04,0.83,3.86,Teesta_Lalmonirhat
2011-09-10,2.53,30.1,25.77,1.9,89.03,0.82,2.34,Teesta_Lalmonirhat
2011-09-11,0.58,32.38,25.53,1.08,82.61,0.81,5.04,Teesta_Lalmonirhat
2011-09-12,0.23,31.26,26.31,1.5,86.39,0.8,3.26,Teesta_Lalmonirhat
2011-09-13,3.97,32.56,25.96,1.69,83.38,0.79,4.57,Teesta_Lalmonirhat
2011-09-14,6.92,30.77,26.02,1.51,88.75,0.8,1.81,Teesta_Lalmonirhat
2011-09-15,7.79,31.26,25.1,2.18,87.86,0.8,4.18,Teesta_Lalmonirhat
2011-09-16,68.55,30.28,25.09,2.45,91.02,0.83,2.09,Teesta_Lalmonirhat
2011-09-17,57.01,29.11,25.15,2.64,92.26,0.9,1.6,Teesta_Lalmonirhat
2011-09-18,75.2,29.14,25.62,2.85,92.74,0.95,0.9,Teesta_Lalmonirhat
2011-09-19,8.03,30.95,25.14,1.89,86.72,0.96,2.36,Teesta_Lalmonirhat
2011-09-20,2.13,30.57,25.44,1.1,87.57,0.94,2.42,Teesta_Lalmonirhat
2011-09-21,3.01,29.43,25.31,1.2,90.2,0.93,1.41,Teesta_Lalmonirhat
2011-09-22,2.97,28.12,25.05,2.24,92.21,0.93,1.31,Teesta_Lalmonirhat
2011-09-23,6.77,29.66,24.4,1.72,88.7,0.93,2.05,Teesta_Lalmonirhat
2011-09-24,10.43,29.76,25.08,1.99,90.36,0.93,1.86,Teesta_Lalmonirhat
2011-09-25,11.65,30.03,25.1,1.87,88.34,0.93,2.9,Teesta_Lalmonirhat
2011-09-26,43.31,27.44,24.71,2.03,93.27,0.94,0.61,Teesta_Lalmonirhat
2011-09-27,29.31,30.03,23.82,1.37,89.89,0.96,2.18,Teesta_Lalmonirhat
2011-09-28,0.96,31.49,23.76,0.98,83.21,0.95,5.06,Teesta_Lalmonirhat
2011-09-29,0.01,31.26,23.73,0.39,80.24,0.94,5.72,Teesta_Lalmonirhat
2011-09-30,0.0,32.37,23.89,0.67,79.55,0.93,6.01,Teesta_Lalmonirhat
2011-10-01,0.0,32.2,24.09,0.72,82.98,0.92,5.88,Teesta_Lalmonirhat
2011-10-02,0.36,31.08,24.12,0.57,80.05,0.91,5.45,Teesta_Lalmonirhat
2011-10-03,0.16,30.92,25.04,0.92,79.88,0.9,4.83,Teesta_Lalmonirhat
2011-10-04,0.03,31.5,24.14,0.99,81.42,0.9,4.91,Teesta_Lalmonirhat
2011-10-05,0.0,30.64,24.04,2.39,85.82,0.89,4.45,Teesta_Lalmonirhat
2011-10-06,0.0,30.94,22.68,1.56,82.78,0.88,5.15,Teesta_Lalmonirhat
2011-10-07,0.42,30.66,22.82,1.17,82.66,0.87,5.32,Teesta_Lalmonirhat
2011-10-08,0.13,31.25,22.98,1.13,81.54,0.86,5.65,Teesta_Lalmonirhat
2011-10-09,0.02,30.2,22.69,1.62,84.02,0.85,4.9,Teesta_Lalmonirhat
2011-10-10,0.01,30.64,21.78,1.25,80.18,0.84,5.58,Teesta_Lalmonirhat
2011-10-11,0.0,30.37,21.97,0.91,79.38,0.83,5.53,Teesta_Lalmonirhat
2011-10-12,0.0,30.84,22.4,0.54,80.33,0.82,6.21,Teesta_Lalmonirhat
2011-10-13,0.0,30.48,22.47,0.76,84.39,0.81,5.85,Teesta_Lalmonirhat
2011-10-14,0.0,29.56,21.61,0.93,83.39,0.8,5.43,Teesta_Lalmonirhat
2011-10-15,0.0,29.76,22.53,0.53,79.54,0.8,4.96,Teesta_Lalmonirhat
2011-10-16,2.31,30.19,23.13,0.79,81.22,0.79,5.43,Teesta_Lalmonirhat
2011-10-17,0.75,30.14,22.83,1.27,83.59,0.78,4.79,Teesta_Lalmonirhat
2011-10-18,0.12,30.59,23.32,1.04,83.01,0.78,5.12,Teesta_Lalmonirhat
2011-10-19,0.45,30.14,23.2,0.68,80.22,0.77,5.76,Teesta_Lalmonirhat
2011-10-20,0.01,29.98,21.64,1.56,85.76,0.76,5.45,Teesta_Lalmonirhat
2011-10-21,3.02,29.72,22.84,1.04,82.44,0.75,4.13,Teesta_Lalmonirhat
2011-10-22,0.99,28.89,21.17,0.71,72.67,0.75,5.52,Teesta_Lalmonirhat
2011-10-23,0.0,28.73,21.32,0.58,74.07,0.74,5.39,Teesta_Lalmonirhat
2011-10-24,0.0,28.52,20.98,1.2,83.29,0.73,4.96,Teesta_Lalmonirhat
2011-10-25,0.0,27.55,20.67,1.81,83.58,0.72,4.17,Teesta_Lalmonirhat
2011-10-26,0.0,28.93,19.91,1.12,77.21,0.71,5.56,Teesta_Lalmonirhat
2011-10-27,0.0,28.99,20.81,0.9,80.06,0.71,4.49,Teesta_Lalmonirhat
2011-10-28,0.06,28.63,19.11,0.81,80.51,0.7,4.68,Teesta_Lalmonirhat
2011-10-29,0.0,27.58,18.82,1.35,82.63,0.69,4.5,Teesta_Lalmonirhat
2011-10-30,0.0,27.36,19.23,0.46,77.73,0.68,4.6,Teesta_Lalmonirhat
2011-10-31,0.0,27.13,19.29,0.8,78.22,0.68,4.47,Teesta_Lalmonirhat
2011-11-01,0.84,26.54,18.55,0.74,79.6,0.67,3.55,Teesta_Lalmonirhat
2011-11-02,1.03,26.77,18.44,0.71,76.43,0.67,3.54,Teesta_Lalmonirhat
2011-11-03,0.0,26.58,17.89,1.5,83.05,0.66,3.13,Teesta_Lalmonirhat
2011-11-04,0.0,26.31,17.18,1.91,80.7,0.66,3.42,Teesta_Lalmonirhat
2011-11-05,0.0,27.04,16.76,1.45,75.5,0.65,3.59,Teesta_Lalmonirhat
2011-11-06,0.02,26.16,17.05,1.34,81.15,0.64,2.98,Teesta_Lalmonirhat
2011-11-07,0.0,26.91,17.55,2.05,81.45,0.64,3.29,Teesta_Lalmonirhat
2011-11-08,0.0,27.38,15.32,1.33,79.08,0.63,3.47,Teesta_Lalmonirhat
2011-11-09,0.0,27.41,15.2,1.35,76.51,0.62,3.21,Teesta_Lalmonirhat
2011-11-10,0.0,27.17,15.12,0.96,74.16,0.62,3.07,Teesta_Lalmonirhat
2011-11-11,0.58,26.92,16.4,0.9,80.04,0.61,2.27,Teesta_Lalmonirhat
2011-11-12,0.42,26.6,18.22,0.97,79.99,0.61,1.83,Teesta_Lalmonirhat
2011-11-13,0.0,27.1,18.14,1.0,79.99,0.61,2.15,Teesta_Lalmonirhat
2011-11-14,0.0,26.4,18.6,0.74,81.48,0.6,2.02,Teesta_Lalmonirhat
2011-11-15,0.39,26.7,17.09,1.34,83.19,0.6,2.15,Teesta_Lalmonirhat
2011-11-16,1.82,26.45,17.83,0.92,79.36,0.6,1.75,Teesta_Lalmonirhat
2011-11-17,0.22,25.14,16.26,1.01,81.38,0.6,1.63,Teesta_Lalmonirhat
2011-11-18,0.0,25.75,16.42,1.59,82.63,0.59,1.84,Teesta_Lalmonirhat
2011-11-19,0.0,26.31,15.6,1.81,84.19,0.59,1.92,Teesta_Lalmonirhat
2011-11-20,0.0,26.65,15.11,2.24,82.05,0.58,2.11,Teesta_Lalmonirhat
2011-11-21,0.0,27.26,15.41,2.11,78.71,0.58,2.13,Teesta_Lalmonirhat
2011-11-22,0.0,27.93,15.41,1.79,79.6,0.57,2.04,Teesta_Lalmonirhat
2011-11-23,0.0,27.15,15.2,2.45,79.2,0.57,2.01,Teesta_Lalmonirhat
2011-11-24,0.0,28.05,14.79,1.88,74.48,0.56,2.01,Teesta_Lalmonirhat
2011-11-25,0.0,27.38,15.15,1.3,73.03,0.56,1.92,Teesta_Lalmonirhat
2011-11-26,0.0,26.99,14.58,1.14,74.64,0.55,1.77,Teesta_Lalmonirhat
2011-11-27,0.0,26.27,14.84,0.63,73.26,0.55,1.64,Teesta_Lalmonirhat
2011-11-28,0.0,26.39,14.37,0.84,76.2,0.55,1.55,Teesta_Lalmonirhat
2011-11-29,0.0,26.02,14.09,0.94,74.02,0.54,1.29,Teesta_Lalmonirhat
2011-11-30,0.0,25.34,14.01,0.72,76.17,0.54,1.07,Teesta_Lalmonirhat
2011-12-01,0.0,27.87,16.48,1.68,81.06,0.54,1.37,Teesta_Lalmonirhat
2011-12-02,0.0,27.73,16.19,1.23,79.04,0.53,1.38,Teesta_Lalmonirhat
2011-12-03,0.05,26.87,16.57,1.15,80.66,0.53,1.22,Teesta_Lalmonirhat
2011-12-04,0.88,26.73,16.17,1.47,79.48,0.53,0.91,Teesta_Lalmonirhat
2011-12-05,0.28,26.1,15.94,0.53,75.76,0.53,0.93,Teesta_Lalmonirhat
2011-12-06,0.0,26.21,15.6,0.83,76.79,0.52,1.04,Teesta_Lalmonirhat
2011-12-07,0.0,26.18,15.38,1.31,82.61,0.52,0.92,Teesta_Lalmonirhat
2011-12-08,0.0,26.25,15.94,0.85,80.42,0.52,0.94,Teesta_Lalmonirhat
2011-12-09,0.0,26.06,16.1,1.0,79.89,0.52,0.82,Teesta_Lalmonirhat
2011-12-10,0.0,25.2,13.06,1.13,74.77,0.51,0.82,Teesta_Lalmonirhat
2011-12-11,0.0,24.58,13.72,0.9,74.0,0.51,0.65,Teesta_Lalmonirhat
2011-12-12,0.0,24.78,13.16,1.32,76.67,0.51,0.66,Teesta_Lalmonirhat
2011-12-13,0.0,22.67,11.39,0.76,71.69,0.51,0.5,Teesta_Lalmonirhat
2011-12-14,0.0,21.37,10.91,0.67,73.37,0.5,0.43,Teesta_Lalmonirhat
2011-12-15,0.0,21.07,12.03,0.95,78.2,0.5,0.37,Teesta_Lalmonirhat
2011-12-16,0.0,22.18,11.99,1.13,78.36,0.5,0.49,Teesta_Lalmonirhat
2011-12-17,0.0,20.54,10.44,1.23,81.42,0.5,0.37,Teesta_Lalmonirhat
2011-12-18,0.0,22.06,11.0,0.94,74.72,0.5,0.48,Teesta_Lalmonirhat
2011-12-19,0.0,22.42,9.98,0.73,73.3,0.5,0.5,Teesta_Lalmonirhat
2011-12-20,0.0,22.76,10.02,0.7,75.46,0.49,0.52,Teesta_Lalmonirhat
2011-12-21,0.0,22.19,8.26,0.68,71.1,0.49,0.46,Teesta_Lalmonirhat
2011-12-22,0.0,22.15,8.64,0.68,70.65,0.49,0.47,Teesta_Lalmonirhat
2011-12-23,0.0,21.4,8.68,0.68,69.16,0.49,0.42,Teesta_Lalmonirhat
2011-12-24,0.0,21.54,10.06,1.16,72.46,0.49,0.37,Teesta_Lalmonirhat
2011-12-25,0.0,23.77,8.95,1.6,76.25,0.48,0.45,Teesta_Lalmonirhat
2011-12-26,0.0,24.97,11.21,1.21,68.0,0.48,0.5,Teesta_Lalmonirhat
2011-12-27,0.0,25.55,11.2,1.82,73.66,0.48,0.48,Teesta_Lalmonirhat
2011-12-28,0.0,26.58,12.05,1.75,76.07,0.48,0.52,Teesta_Lalmonirhat
2011-12-29,0.0,26.17,11.85,1.66,75.01,0.48,0.49,Teesta_Lalmonirhat
2011-12-30,0.0,25.63,11.3,1.19,72.88,0.47,0.48,Teesta_Lalmonirhat
2011-12-31,0.0,24.74,10.73,1.27,74.42,0.47,0.44,Teesta_Lalmonirhat
2012-01-01,0.0,23.78,12.0,1.32,72.23,0.47,0.25,Teesta_Lalmonirhat
2012-01-02,5.04,18.34,14.09,1.55,83.76,0.48,0.08,Teesta_Lalmonirhat
2012-01-03,0.02,23.19,11.13,0.72,78.02,0.48,0.35,Teesta_Lalmonirhat
2012-01-04,0.0,23.8,12.97,1.07,70.33,0.48,0.38,Teesta_Lalmonirhat
2012-01-05,0.0,23.55,11.04,0.82,68.46,0.47,0.34,Teesta_Lalmonirhat
2012-01-06,0.0,22.99,11.25,1.4,78.0,0.47,0.32,Teesta_Lalmonirhat
2012-01-07,0.0,23.37,11.97,1.51,76.89,0.47,0.34,Teesta_Lalmonirhat
2012-01-08,0.01,23.56,11.32,1.8,79.43,0.47,0.32,Teesta_Lalmonirhat
2012-01-09,0.01,24.71,12.12,2.72,75.23,0.47,0.36,Teesta_Lalmonirhat
2012-01-10,0.48,24.06,13.58,1.42,68.86,0.46,0.37,Teesta_Lalmonirhat
2012-01-11,0.21,23.15,12.37,0.71,68.64,0.46,0.29,Teesta_Lalmonirhat
2012-01-12,0.0,22.55,9.51,1.15,62.78,0.46,0.3,Teesta_Lalmonirhat
2012-01-13,0.0,21.77,7.44,1.58,64.97,0.46,0.24,Teesta_Lalmonirhat
2012-01-14,0.0,20.61,6.44,1.26,66.59,0.46,0.23,Teesta_Lalmonirhat
2012-01-15,0.36,21.45,8.0,0.69,56.83,0.46,0.22,Teesta_Lalmonirhat
2012-01-16,0.0,22.37,7.91,1.01,68.95,0.46,0.24,Teesta_Lalmonirhat
2012-01-17,0.01,23.4,9.27,1.44,66.87,0.45,0.23,Teesta_Lalmonirhat
2012-01-18,0.28,25.18,13.48,1.48,53.52,0.45,0.25,Teesta_Lalmonirhat
2012-01-19,0.83,23.92,10.43,1.08,61.84,0.45,0.24,Teesta_Lalmonirhat
2012-01-20,1.49,21.33,11.55,1.45,69.35,0.45,0.18,Teesta_Lalmonirhat
2012-01-21,0.0,23.53,11.71,2.1,67.71,0.45,0.22,Teesta_Lalmonirhat
2012-01-22,0.0,21.18,7.52,1.05,63.53,0.45,0.21,Teesta_Lalmonirhat
2012-01-23,0.0,21.49,8.38,1.04,62.83,0.45,0.17,Teesta_Lalmonirhat
2012-01-24,0.0,21.4,6.78,0.98,53.22,0.45,0.15,Teesta_Lalmonirhat
2012-01-25,0.0,22.4,8.97,0.89,49.88,0.44,0.15,Teesta_Lalmonirhat
2012-01-26,0.0,23.49,8.71,1.15,53.52,0.44,0.19,Teesta_Lalmonirhat
2012-01-27,0.0,23.03,9.66,0.92,55.44,0.44,0.18,Teesta_Lalmonirhat
2012-01-28,0.0,23.83,9.27,1.04,56.77,0.44,0.2,Teesta_Lalmonirhat
2012-01-29,0.0,22.78,9.77,1.17,64.2,0.44,0.18,Teesta_Lalmonirhat
2012-01-30,0.0,23.63,8.73,0.81,64.12,0.44,0.18,Teesta_Lalmonirhat
2012-01-31,0.0,24.03,8.35,0.71,61.08,0.43,0.18,Teesta_Lalmonirhat
2012-02-01,0.0,24.09,7.55,1.43,55.68,0.43,0.17,Teesta_Lalmonirhat
2012-02-02,0.0,22.57,6.23,0.92,53.35,0.43,0.14,Teesta_Lalmonirhat
2012-02-03,0.0,24.07,8.42,0.64,58.44,0.43,0.16,Teesta_Lalmonirhat
2012-02-04,0.0,24.48,8.83,1.25,64.77,0.43,0.17,Teesta_Lalmonirhat
2012-02-05,0.0,26.7,10.29,1.37,60.37,0.43,0.17,Teesta_Lalmonirhat
2012-02-06,0.0,26.47,10.68,1.66,55.09,0.42,0.15,Teesta_Lalmonirhat
2012-02-07,0.0,26.5,10.59,1.09,58.38,0.42,0.16,Teesta_Lalmonirhat
2012-02-08,0.25,26.32,12.25,1.88,64.41,0.42,0.13,Teesta_Lalmonirhat
2012-02-09,3.92,24.85,14.1,1.69,71.48,0.43,0.11,Teesta_Lalmonirhat
2012-02-10,0.0,25.9,9.2,2.08,46.85,0.43,0.18,Teesta_Lalmonirhat
2012-02-11,0.0,25.03,8.25,1.47,45.56,0.42,0.16,Teesta_Lalmonirhat
2012-02-12,0.0,22.9,7.94,0.92,47.17,0.42,0.12,Teesta_Lalmonirhat
2012-02-13,0.0,25.69,10.33,0.83,49.95,0.42,0.15,Teesta_Lalmonirhat
2012-02-14,0.0,27.43,11.91,1.13,49.44,0.42,0.15,Teesta_Lalmonirhat
2012-02-15,0.0,28.59,13.69,1.03,53.48,0.41,0.16,Teesta_Lalmonirhat
2012-02-16,0.0,27.38,14.16,1.47,57.8,0.41,0.13,Teesta_Lalmonirhat
2012-02-17,0.0,27.74,15.72,1.36,59.84,0.41,0.12,Teesta_Lalmonirhat
2012-02-18,0.0,29.58,13.5,1.8,50.78,0.41,0.16,Teesta_Lalmonirhat
2012-02-19,0.0,28.14,11.08,1.16,39.82,0.41,0.13,Teesta_Lalmonirhat
2012-02-20,0.0,27.59,11.44,1.16,43.52,0.4,0.12,Teesta_Lalmonirhat
2012-02-21,0.0,27.42,12.17,1.33,52.08,0.4,0.11,Teesta_Lalmonirhat
2012-02-22,0.0,29.1,13.41,1.33,53.84,0.4,0.11,Teesta_Lalmonirhat
2012-02-23,0.0,31.48,14.27,1.78,52.37,0.4,0.12,Teesta_Lalmonirhat
2012-02-24,0.0,31.04,14.35,1.24,44.64,0.4,0.11,Teesta_Lalmonirhat
2012-02-25,0.0,32.48,13.96,1.59,44.54,0.4,0.11,Teesta_Lalmonirhat
2012-02-26,0.0,32.99,13.42,2.84,36.85,0.39,0.11,Teesta_Lalmonirhat
2012-02-27,0.0,29.68,11.11,1.45,35.83,0.39,0.08,Teesta_Lalmonirhat
2012-02-28,0.0,29.53,13.16,1.59,34.89,0.39,0.07,Teesta_Lalmonirhat
2012-02-29,2.66,31.91,15.51,1.8,41.39,0.39,0.08,Teesta_Lalmonirhat
2012-03-01,0.0,30.73,13.73,1.8,42.8,0.39,0.09,Teesta_Lalmonirhat
2012-03-02,0.0,29.94,14.25,1.59,32.58,0.39,0.08,Teesta_Lalmonirhat
2012-03-03,0.0,30.06,13.12,1.43,35.44,0.38,0.07,Teesta_Lalmonirhat
2012-03-04,0.0,29.21,13.36,1.44,44.17,0.38,0.07,Teesta_Lalmonirhat
2012-03-05,0.0,29.44,15.0,1.91,52.28,0.38,0.06,Teesta_Lalmonirhat
2012-03-06,0.0,32.68,15.69,1.83,49.32,0.38,0.06,Teesta_Lalmonirhat
2012-03-07,0.01,34.14,18.68,2.37,37.72,0.38,0.06,Teesta_Lalmonirhat
2012-03-08,0.0,33.3,18.36,2.54,28.79,0.37,0.07,Teesta_Lalmonirhat
2012-03-09,0.0,33.01,16.56,1.17,24.2,0.37,0.05,Teesta_Lalmonirhat
2012-03-10,0.0,32.62,16.62,1.59,34.01,0.37,0.05,Teesta_Lalmonirhat
2012-03-11,0.0,34.05,16.9,1.78,21.08,0.37,0.05,Teesta_Lalmonirhat
2012-03-12,0.0,34.07,14.44,1.58,20.68,0.37,0.05,Teesta_Lalmonirhat
2012-03-13,0.79,31.12,19.13,2.4,37.79,0.37,0.04,Teesta_Lalmonirhat
2012-03-14,0.4,30.95,17.04,1.95,55.27,0.37,0.04,Teesta_Lalmonirhat
2012-03-15,0.0,31.74,16.25,2.22,36.82,0.37,0.04,Teesta_Lalmonirhat
2012-03-16,0.09,31.82,15.54,1.42,29.02,0.37,0.03,Teesta_Lalmonirhat
2012-03-17,0.0,32.51,15.19,1.33,36.74,0.37,0.03,Teesta_Lalmonirhat
2012-03-18,0.0,31.84,17.4,2.68,44.66,0.36,0.03,Teesta_Lalmonirhat
2012-03-19,0.0,34.72,18.39,1.35,42.14,0.36,0.03,Teesta_Lalmonirhat
2012-03-20,0.0,35.38,19.65,1.25,42.62,0.36,0.03,Teesta_Lalmonirhat
2012-03-21,0.0,37.24,22.22,1.83,33.22,0.36,0.03,Teesta_Lalmonirhat
2012-03-22,0.12,37.64,19.48,3.07,22.1,0.36,0.03,Teesta_Lalmonirhat
2012-03-23,0.0,35.05,15.65,1.49,20.4,0.36,0.02,Teesta_Lalmonirhat
2012-03-24,0.0,34.17,16.46,1.8,32.37,0.36,0.02,Teesta_Lalmonirhat
2012-03-25,0.0,35.05,16.83,1.61,34.51,0.36,0.02,Teesta_Lalmonirhat
2012-03-26,0.0,35.99,18.69,1.3,35.2,0.36,0.02,Teesta_Lalmonirhat
2012-03-27,0.1,37.39,19.87,1.63,36.3,0.36,0.02,Teesta_Lalmonirhat
2012-03-28,0.0,37.48,20.92,1.7,32.61,0.36,0.02,Teesta_Lalmonirhat
2012-03-29,0.36,38.84,20.97,2.45,29.49,0.36,0.02,Teesta_Lalmonirhat
2012-03-30,0.0,38.4,20.92,1.94,17.88,0.36,0.02,Teesta_Lalmonirhat
2012-03-31,0.11,37.15,20.69,2.7,31.57,0.36,0.01,Teesta_Lalmonirhat
2012-04-01,0.0,38.61,21.55,1.21,29.97,0.36,0.01,Teesta_Lalmonirhat
2012-04-02,0.0,38.06,21.52,1.18,33.33,0.36,0.01,Teesta_Lalmonirhat
2012-04-03,0.01,39.05,22.44,1.54,34.97,0.36,0.01,Teesta_Lalmonirhat
2012-04-04,6.02,36.64,24.34,1.48,46.19,0.37,0.01,Teesta_Lalmonirhat
2012-04-05,0.56,36.98,23.54,1.81,49.0,0.37,0.02,Teesta_Lalmonirhat
2012-04-06,9.56,29.2,23.53,1.86,66.57,0.38,0.01,Teesta_Lalmonirhat
2012-04-07,5.25,31.33,22.52,3.01,69.26,0.39,0.03,Teesta_Lalmonirhat
2012-04-08,13.91,31.95,21.41,2.05,69.43,0.4,0.09,Teesta_Lalmonirhat
2012-04-09,10.27,31.21,20.66,2.27,73.28,0.42,0.2,Teesta_Lalmonirhat
2012-04-10,5.97,30.31,18.03,3.64,67.11,0.43,0.29,Teesta_Lalmonirhat
2012-04-11,13.91,29.06,20.64,1.97,72.36,0.44,0.33,Teesta_Lalmonirhat
2012-04-12,20.84,31.19,20.86,1.89,73.96,0.46,0.51,Teesta_Lalmonirhat
2012-04-13,21.07,33.26,21.7,1.75,68.98,0.5,1.35,Teesta_Lalmonirhat
2012-04-14,5.74,34.63,22.04,1.44,63.32,0.51,1.94,Teesta_Lalmonirhat
2012-04-15,7.88,35.56,21.68,1.72,52.23,0.51,1.91,Teesta_Lalmonirhat
2012-04-16,3.91,35.52,20.4,2.86,49.62,0.51,2.43,Teesta_Lalmonirhat
2012-04-17,0.98,36.04,20.3,2.06,46.57,0.51,2.03,Teesta_Lalmonirhat
2012-04-18,0.19,37.14,21.24,1.91,49.54,0.5,1.8,Teesta_Lalmonirhat
2012-04-19,0.95,37.82,21.48,2.15,50.39,0.49,1.69,Teesta_Lalmonirhat
2012-04-20,9.39,34.54,23.5,1.41,54.66,0.49,1.12,Teesta_Lalmonirhat
2012-04-21,1.85,33.78,23.77,1.87,66.75,0.49,1.42,Teesta_Lalmonirhat
2012-04-22,0.54,38.51,23.36,3.94,49.3,0.49,2.05,Teesta_Lalmonirhat
2012-04-23,0.0,38.83,20.99,4.46,34.25,0.48,1.92,Teesta_Lalmonirhat
2012-04-24,0.01,39.53,21.36,2.85,39.86,0.47,1.47,Teesta_Lalmonirhat
2012-04-25,0.41,39.44,22.52,2.2,42.9,0.46,1.24,Teesta_Lalmonirhat
2012-04-26,0.59,37.78,24.08,2.0,57.83,0.46,1.08,Teesta_Lalmonirhat
2012-04-27,0.38,39.28,25.12,2.54,47.97,0.46,1.07,Teesta_Lalmonirhat
2012-04-28,0.22,40.06,22.71,2.81,38.13,0.45,1.0,Teesta_Lalmonirhat
2012-04-29,0.13,39.55,23.51,2.61,32.57,0.44,0.89,Teesta_Lalmonirhat
2012-04-30,34.61,37.35,22.53,1.49,50.67,0.49,1.7,Teesta_Lalmonirhat
2012-05-01,8.85,35.53,22.81,2.75,67.03,0.5,1.74,Teesta_Lalmonirhat
2012-05-02,7.6,34.94,24.22,1.9,68.24,0.51,2.02,Teesta_Lalmonirhat
2012-05-03,1.33,35.04,24.08,1.55,62.58,0.5,2.08,Teesta_Lalmonirhat
2012-05-04,0.68,31.96,22.88,2.55,67.04,0.5,1.42,Teesta_Lalmonirhat
2012-05-05,0.0,31.68,21.82,1.77,62.67,0.49,1.06,Teesta_Lalmonirhat
2012-05-06,0.03,36.61,22.07,0.97,51.97,0.48,1.87,Teesta_Lalmonirhat
2012-05-07,0.0,37.8,22.01,1.63,49.32,0.48,1.65,Teesta_Lalmonirhat
2012-05-08,3.13,37.23,22.63,1.51,50.07,0.47,1.54,Teesta_Lalmonirhat
2012-05-09,5.11,36.72,25.49,1.51,56.25,0.47,1.37,Teesta_Lalmonirhat
2012-05-10,4.17,32.97,26.47,1.34,68.09,0.48,0.61,Teesta_Lalmonirhat
2012-05-11,1.58,35.93,26.31,1.51,61.4,0.48,1.33,Teesta_Lalmonirhat
2012-05-12,24.74,34.05,25.64,1.81,69.96,0.49,1.37,Teesta_Lalmonirhat
2012-05-13,6.75,37.08,25.36,2.65,66.65,0.51,2.26,Teesta_Lalmonirhat
2012-05-14,0.11,40.78,23.41,2.18,47.38,0.51,2.66,Teesta_Lalmonirhat
2012-05-15,0.51,40.68,24.97,1.98,48.89,0.49,2.24,Teesta_Lalmonirhat
2012-05-16,1.2,38.93,24.92,1.77,53.23,0.49,1.96,Teesta_Lalmonirhat
2012-05-17,2.25,37.86,25.69,2.56,61.83,0.48,1.61,Teesta_Lalmonirhat
2012-05-18,0.0,36.35,26.0,2.37,62.65,0.48,1.34,Teesta_Lalmonirhat
2012-05-19,3.16,36.03,26.5,2.16,62.71,0.48,1.18,Teesta_Lalmonirhat
2012-05-20,19.49,35.93,26.27,1.52,68.06,0.5,2.04,Teesta_Lalmonirhat
2012-05-21,0.02,37.36,25.86,1.85,61.26,0.5,2.35,Teesta_Lalmonirhat
2012-05-22,0.92,39.44,26.71,2.14,58.76,0.49,1.97,Teesta_Lalmonirhat
2012-05-23,3.85,39.35,26.21,2.0,59.5,0.49,1.67,Teesta_Lalmonirhat
2012-05-24,8.63,38.89,26.85,2.59,63.02,0.49,1.69,Teesta_Lalmonirhat
2012-05-25,4.43,37.46,26.87,2.25,67.53,0.49,1.77,Teesta_Lalmonirhat
2012-05-26,10.12,35.61,27.28,1.96,68.89,0.5,1.67,Teesta_Lalmonirhat
2012-05-27,13.48,34.64,27.37,2.44,72.73,0.51,1.65,Teesta_Lalmonirhat
2012-05-28,8.72,32.31,27.71,1.32,75.41,0.52,0.99,Teesta_Lalmonirhat
2012-05-29,9.18,33.41,27.09,1.65,75.29,0.53,1.56,Teesta_Lalmonirhat
2012-05-30,4.75,35.96,27.07,1.74,70.62,0.53,2.53,Teesta_Lalmonirhat
2012-05-31,8.43,35.9,27.1,2.35,73.54,0.54,2.82,Teesta_Lalmonirhat
2012-06-01,21.49,34.12,26.74,2.36,77.19,0.55,2.23,Teesta_Lalmonirhat
2012-06-02,11.8,35.08,26.74,2.4,76.17,0.57,3.81,Teesta_Lalmonirhat
2012-06-03,8.26,38.02,27.27,3.01,73.88,0.57,3.59,Teesta_Lalmonirhat
2012-06-04,5.27,37.38,26.91,2.88,75.31,0.57,4.06,Teesta_Lalmonirhat
2012-06-05,4.62,37.17,27.44,2.39,71.74,0.57,3.95,Teesta_Lalmonirhat
2012-06-06,5.6,35.15,26.42,1.67,72.85,0.56,3.84,Teesta_Lalmonirhat
2012-06-07,0.39,34.63,26.72,2.07,74.09,0.56,3.08,Teesta_Lalmonirhat
2012-06-08,0.83,36.59,27.37,1.74,67.87,0.55,3.41,Teesta_Lalmonirhat
2012-06-09,11.56,36.32,26.95,1.41,70.26,0.55,3.5,Teesta_Lalmonirhat
2012-06-10,5.37,37.65,27.7,2.46,68.17,0.55,3.76,Teesta_Lalmonirhat
2012-06-11,7.52,36.58,27.19,2.65,71.36,0.55,3.49,Teesta_Lalmonirhat
2012-06-12,1.12,35.83,27.18,2.33,72.12,0.55,3.14,Teesta_Lalmonirhat
2012-06-13,0.79,37.49,27.54,3.16,67.25,0.54,3.22,Teesta_Lalmonirhat
2012-06-14,7.85,38.69,27.82,3.26,66.36,0.53,2.79,Teesta_Lalmonirhat
2012-06-15,5.34,36.37,27.25,3.29,75.1,0.54,2.72,Teesta_Lalmonirhat
2012-06-16,28.68,33.34,27.37,3.57,84.78,0.55,1.5,Teesta_Lalmonirhat
2012-06-17,50.87,30.41,26.05,2.61,85.3,0.62,2.07,Teesta_Lalmonirhat
2012-06-18,20.37,32.99,25.97,1.34,79.29,0.67,4.61,Teesta_Lalmonirhat
2012-06-19,0.76,34.3,26.58,1.46,77.19,0.66,6.78,Teesta_Lalmonirhat
2012-06-20,4.46,34.6,26.39,2.0,80.29,0.64,6.43,Teesta_Lalmonirhat
2012-06-21,10.78,30.95,27.55,2.27,91.57,0.64,1.09,Teesta_Lalmonirhat
2012-06-22,15.46,32.58,26.83,2.99,85.98,0.65,3.57,Teesta_Lalmonirhat
2012-06-23,33.7,31.8,26.41,2.69,87.3,0.68,3.03,Teesta_Lalmonirhat
2012-06-24,27.73,30.05,27.08,2.63,92.49,0.72,0.85,Teesta_Lalmonirhat
2012-06-25,20.81,33.55,26.31,3.67,83.81,0.74,2.8,Teesta_Lalmonirhat
2012-06-26,12.1,31.64,26.29,2.55,85.62,0.75,1.94,Teesta_Lalmonirhat
2012-06-27,5.92,33.12,26.41,1.94,84.73,0.75,3.49,Teesta_Lalmonirhat
2012-06-28,3.07,31.98,26.55,2.1,88.25,0.75,2.94,Teesta_Lalmonirhat
2012-06-29,0.02,33.41,26.52,2.27,83.34,0.74,5.11,Teesta_Lalmonirhat
2012-06-30,0.07,34.0,26.62,1.7,79.03,0.72,6.08,Teesta_Lalmonirhat
2012-07-01,3.03,32.03,27.45,1.72,86.41,0.71,2.83,Teesta_Lalmonirhat
2012-07-02,11.24,31.97,27.24,1.71,85.99,0.71,3.09,Teesta_Lalmonirhat
2012-07-03,12.01,32.45,26.02,1.9,84.68,0.72,3.91,Teesta_Lalmonirhat
2012-07-04,47.62,32.26,26.48,2.59,87.39,0.76,3.0,Teesta_Lalmonirhat
2012-07-05,77.79,31.93,26.54,2.37,88.07,0.81,2.32,Teesta_Lalmonirhat
2012-07-06,32.37,32.01,26.59,1.81,88.23,0.88,2.09,Teesta_Lalmonirhat
2012-07-07,6.74,31.7,26.81,1.81,86.45,0.88,2.29,Teesta_Lalmonirhat
2012-07-08,1.09,31.08,26.6,1.94,86.13,0.86,2.09,Teesta_Lalmonirhat
2012-07-09,5.22,32.81,26.6,2.77,86.42,0.85,3.83,Teesta_Lalmonirhat
2012-07-10,5.29,32.33,26.52,2.33,86.12,0.85,3.86,Teesta_Lalmonirhat
2012-07-11,24.26,29.99,26.3,2.12,89.39,0.86,0.98,Teesta_Lalmonirhat
2012-07-12,19.1,31.63,26.95,1.85,90.28,0.88,1.31,Teesta_Lalmonirhat
2012-07-13,34.32,30.43,27.14,2.93,91.53,0.89,0.8,Teesta_Lalmonirhat
2012-07-14,22.0,32.71,26.08,3.1,87.04,0.9,2.8,Teesta_Lalmonirhat
2012-07-15,33.51,30.54,27.1,2.8,92.05,0.91,0.91,Teesta_Lalmonirhat
2012-07-16,16.46,29.78,26.73,2.1,92.21,0.92,0.76,Teesta_Lalmonirhat
2012-07-17,14.82,31.9,26.19,2.88,88.02,0.93,2.43,Teesta_Lalmonirhat
2012-07-18,6.54,32.54,26.33,2.5,86.93,0.92,2.28,Teesta_Lalmonirhat
2012-07-19,7.54,32.36,26.64,1.04,84.82,0.91,1.83,Teesta_Lalmonirhat
2012-07-20,5.19,32.94,26.77,2.41,85.79,0.91,3.22,Teesta_Lalmonirhat
2012-07-21,4.94,31.67,26.97,2.21,88.98,0.9,1.98,Teesta_Lalmonirhat
2012-07-22,16.21,32.32,26.7,2.11,87.63,0.9,2.8,Teesta_Lalmonirhat
2012-07-23,26.71,32.7,26.98,2.45,88.5,0.91,2.39,Teesta_Lalmonirhat
2012-07-24,12.33,30.8,27.13,1.82,91.3,0.91,1.13,Teesta_Lalmonirhat
2012-07-25,5.06,30.8,26.61,1.29,88.69,0.91,1.42,Teesta_Lalmonirhat
2012-07-26,0.28,31.64,26.67,0.92,85.97,0.91,1.72,Teesta_Lalmonirhat
2012-07-27,6.43,31.94,26.53,2.54,89.29,0.9,2.24,Teesta_Lalmonirhat
2012-07-28,7.26,31.6,26.68,2.37,89.66,0.9,2.17,Teesta_Lalmonirhat
2012-07-29,4.13,30.65,26.31,2.23,89.69,0.89,1.21,Teesta_Lalmonirhat
2012-07-30,0.69,32.41,25.95,1.8,86.98,0.89,2.99,Teesta_Lalmonirhat
2012-07-31,1.06,32.8,26.16,1.68,84.09,0.88,3.69,Teesta_Lalmonirhat
2012-08-01,2.59,32.09,26.84,1.82,87.32,0.87,2.81,Teesta_Lalmonirhat
2012-08-02,1.71,31.63,26.88,1.13,87.8,0.87,2.69,Teesta_Lalmonirhat
2012-08-03,0.41,31.87,26.5,1.11,83.97,0.86,2.84,Teesta_Lalmonirhat
2012-08-04,4.45,32.35,26.81,1.15,85.12,0.85,2.54,Teesta_Lalmonirhat
2012-08-05,14.27,30.16,26.95,1.64,89.19,0.86,1.11,Teesta_Lalmonirhat
2012-08-06,6.51,33.48,26.53,1.94,85.89,0.86,3.67,Teesta_Lalmonirhat
2012-08-07,3.88,30.87,27.22,1.49,87.83,0.86,1.32,Teesta_Lalmonirhat
2012-08-08,4.75,31.11,26.54,0.76,87.29,0.85,2.02,Teesta_Lalmonirhat
2012-08-09,1.34,32.93,26.38,0.63,81.88,0.85,3.11,Teesta_Lalmonirhat
2012-08-10,3.35,31.07,26.64,1.44,89.01,0.85,1.53,Teesta_Lalmonirhat
2012-08-11,2.95,30.38,26.35,1.45,88.29,0.85,1.42,Teesta_Lalmonirhat
2012-08-12,19.47,30.29,26.08,1.22,86.81,0.85,1.53,Teesta_Lalmonirhat
2012-08-13,3.94,32.66,25.72,1.15,83.22,0.86,3.36,Teesta_Lalmonirhat
2012-08-14,0.61,33.39,25.3,1.29,82.08,0.85,4.87,Teesta_Lalmonirhat
2012-08-15,0.59,33.77,27.12,0.84,79.69,0.84,4.15,Teesta_Lalmonirhat
2012-08-16,1.02,33.56,26.7,0.94,83.21,0.83,2.58,Teesta_Lalmonirhat
2012-08-17,0.8,31.91,27.8,1.44,85.61,0.82,2.0,Teesta_Lalmonirhat
2012-08-18,0.59,31.85,26.99,1.49,86.33,0.82,2.4,Teesta_Lalmonirhat
2012-08-19,1.9,31.8,26.68,2.01,87.41,0.81,2.68,Teesta_Lalmonirhat
2012-08-20,4.98,30.13,26.73,2.1,90.25,0.81,1.54,Teesta_Lalmonirhat
2012-08-21,42.44,29.29,26.27,1.47,91.44,0.83,0.7,Teesta_Lalmonirhat
2012-08-22,25.39,29.63,26.35,1.34,91.33,0.87,1.03,Teesta_Lalmonirhat
2012-08-23,26.99,31.88,26.36,1.58,86.94,0.89,2.68,Teesta_Lalmonirhat
2012-08-24,19.77,31.8,25.46,1.46,87.41,0.89,2.82,Teesta_Lalmonirhat
2012-08-25,1.92,31.13,26.08,0.85,86.2,0.89,2.62,Teesta_Lalmonirhat
2012-08-26,0.29,30.09,25.79,1.9,89.95,0.88,1.85,Teesta_Lalmonirhat
2012-08-27,0.22,30.87,26.02,1.45,87.87,0.87,2.7,Teesta_Lalmonirhat
2012-08-28,4.65,31.08,26.55,1.23,87.88,0.87,1.86,Teesta_Lalmonirhat
2012-08-29,1.62,30.84,26.33,1.51,89.85,0.87,1.37,Teesta_Lalmonirhat
2012-08-30,0.77,31.22,26.07,2.24,88.2,0.86,2.56,Teesta_Lalmonirhat
2012-08-31,1.93,30.43,26.13,2.2,89.79,0.85,1.78,Teesta_Lalmonirhat
2012-09-01,3.74,31.61,25.57,1.39,88.35,0.85,2.43,Teesta_Lalmonirhat
2012-09-02,16.9,32.95,26.61,0.82,81.56,0.85,1.47,Teesta_Lalmonirhat
2012-09-03,22.39,31.06,25.02,3.04,87.08,0.88,2.63,Teesta_Lalmonirhat
2012-09-04,14.57,30.58,24.07,3.07,87.94,0.88,3.22,Teesta_Lalmonirhat
2012-09-05,2.14,32.07,25.25,1.79,85.94,0.87,3.95,Teesta_Lalmonirhat
2012-09-06,1.75,31.67,25.34,1.81,85.9,0.86,4.26,Teesta_Lalmonirhat
2012-09-07,0.62,33.14,24.91,1.15,81.48,0.85,5.43,Teesta_Lalmonirhat
2012-09-08,1.35,35.11,26.11,1.08,81.11,0.84,2.31,Teesta_Lalmonirhat
2012-09-09,2.15,29.43,26.29,1.77,92.66,0.84,1.14,Teesta_Lalmonirhat
2012-09-10,4.81,30.07,25.67,1.42,90.3,0.84,1.69,Teesta_Lalmonirhat
2012-09-11,9.58,30.75,26.03,1.69,91.27,0.84,1.82,Teesta_Lalmonirhat
2012-09-12,9.96,29.28,26.37,1.9,92.66,0.85,0.99,Teesta_Lalmonirhat
2012-09-13,18.4,29.18,26.37,1.98,92.56,0.86,1.15,Teesta_Lalmonirhat
2012-09-14,65.4,27.79,25.88,2.76,94.37,0.9,0.49,Teesta_Lalmonirhat
2012-09-15,44.34,29.39,25.64,1.97,91.66,0.93,1.31,Teesta_Lalmonirhat
2012-09-16,29.4,30.35,24.9,1.64,90.45,0.95,1.82,Teesta_Lalmonirhat
2012-09-17,10.33,29.03,25.66,0.74,89.78,0.95,0.65,Teesta_Lalmonirhat
2012-09-18,14.58,29.18,25.39,1.45,92.6,0.95,0.79,Teesta_Lalmonirhat
2012-09-19,54.38,29.75,25.55,2.07,93.49,0.96,0.76,Teesta_Lalmonirhat
2012-09-20,27.56,30.23,25.54,2.04,91.88,0.97,1.33,Teesta_Lalmonirhat
2012-09-21,18.02,29.79,25.38,2.56,92.06,0.97,1.28,Teesta_Lalmonirhat
2012-09-22,19.57,30.52,25.62,2.58,91.35,0.97,1.75,Teesta_Lalmonirhat
2012-09-23,5.0,30.63,24.69,2.46,89.55,0.96,2.55,Teesta_Lalmonirhat
2012-09-24,0.77,30.15,23.66,2.26,89.25,0.96,3.0,Teesta_Lalmonirhat
2012-09-25,0.07,31.02,22.61,1.36,86.9,0.95,3.93,Teesta_Lalmonirhat
2012-09-26,0.82,31.78,23.18,1.17,85.98,0.94,4.33,Teesta_Lalmonirhat
2012-09-27,0.45,30.87,23.92,1.39,89.89,0.93,2.46,Teesta_Lalmonirhat
2012-09-28,0.03,31.36,23.39,1.63,88.37,0.92,3.77,Teesta_Lalmonirhat
2012-09-29,1.19,31.81,24.08,1.5,88.19,0.92,3.55,Teesta_Lalmonirhat
2012-09-30,7.8,30.93,24.18,2.21,88.59,0.91,3.62,Teesta_Lalmonirhat
2012-10-01,8.99,30.59,22.88,1.98,89.48,0.91,3.22,Teesta_Lalmonirhat
2012-10-02,5.04,31.21,23.49,2.07,89.64,0.91,3.29,Teesta_Lalmonirhat
2012-10-03,3.51,31.02,24.03,1.97,88.7,0.9,3.65,Teesta_Lalmonirhat
2012-10-04,1.81,30.29,23.66,1.86,87.42,0.9,3.81,Teesta_Lalmonirhat
2012-10-05,0.81,30.19,21.99,2.25,88.6,0.89,3.79,Teesta_Lalmonirhat
2012-10-06,0.15,29.9,21.11,1.13,80.79,0.88,4.58,Teesta_Lalmonirhat
2012-10-07,0.0,30.29,22.75,1.1,82.03,0.87,4.05,Teesta_Lalmonirhat
2012-10-08,0.35,31.29,22.6,1.65,85.73,0.86,4.95,Teesta_Lalmonirhat
2012-10-09,49.3,27.29,22.78,1.7,91.44,0.88,1.24,Teesta_Lalmonirhat
2012-10-10,11.32,31.11,21.41,1.06,84.2,0.91,4.81,Teesta_Lalmonirhat
2012-10-11,1.18,30.01,21.25,1.86,88.05,0.9,4.26,Teesta_Lalmonirhat
2012-10-12,0.01,29.35,21.25,2.69,87.59,0.89,4.33,Teesta_Lalmonirhat
2012-10-13,0.0,28.82,18.94,2.25,87.6,0.88,4.07,Teesta_Lalmonirhat
2012-10-14,0.18,28.83,18.06,1.4,86.86,0.87,4.33,Teesta_Lalmonirhat
2012-10-15,0.13,29.21,18.2,1.29,82.72,0.86,4.85,Teesta_Lalmonirhat
2012-10-16,0.0,29.67,19.14,0.79,75.22,0.85,5.65,Teesta_Lalmonirhat
2012-10-17,0.0,30.79,20.97,0.7,73.9,0.84,6.14,Teesta_Lalmonirhat
2012-10-18,0.0,29.72,19.4,1.53,81.11,0.83,5.1,Teesta_Lalmonirhat
2012-10-19,0.0,28.83,17.67,1.63,85.41,0.82,4.48,Teesta_Lalmonirhat
2012-10-20,0.0,28.23,17.45,1.43,82.51,0.81,4.61,Teesta_Lalmonirhat
2012-10-21,0.0,28.34,16.81,1.34,83.71,0.8,4.33,Teesta_Lalmonirhat
2012-10-22,0.0,28.16,17.87,1.16,85.47,0.8,3.9,Teesta_Lalmonirhat
2012-10-23,0.0,27.81,16.38,1.4,83.86,0.79,4.5,Teesta_Lalmonirhat
2012-10-24,0.0,27.21,14.84,1.74,86.06,0.78,4.06,Teesta_Lalmonirhat
2012-10-25,0.0,26.6,16.04,1.51,85.66,0.77,3.89,Teesta_Lalmonirhat
2012-10-26,0.0,27.46,15.39,1.19,76.32,0.77,4.56,Teesta_Lalmonirhat
2012-10-27,0.0,27.85,15.42,1.13,73.64,0.76,4.72,Teesta_Lalmonirhat
2012-10-28,0.0,28.84,16.98,1.04,79.55,0.75,4.79,Teesta_Lalmonirhat
2012-10-29,0.0,28.82,16.8,1.08,77.78,0.74,5.06,Teesta_Lalmonirhat
2012-10-30,0.0,29.8,19.01,0.77,74.75,0.73,5.23,Teesta_Lalmonirhat
2012-10-31,0.0,29.57,18.0,0.75,77.07,0.72,5.03,Teesta_Lalmonirhat
2012-11-01,0.0,28.99,17.54,1.41,72.39,0.72,4.76,Teesta_Lalmonirhat
2012-11-02,0.0,26.56,14.43,1.46,73.67,0.71,3.28,Teesta_Lalmonirhat
2012-11-03,0.0,26.75,14.96,1.06,71.84,0.7,3.7,Teesta_Lalmonirhat
2012-11-04,0.69,27.38,14.26,1.05,71.74,0.7,3.79,Teesta_Lalmonirhat
2012-11-05,1.96,27.67,16.43,1.04,78.99,0.69,3.17,Teesta_Lalmonirhat
2012-11-06,3.39,26.59,16.81,1.06,81.31,0.69,2.99,Teesta_Lalmonirhat
2012-11-07,0.0,26.09,15.46,2.05,82.8,0.69,3.06,Teesta_Lalmonirhat
2012-11-08,0.0,25.65,13.1,1.06,82.12,0.68,3.02,Teesta_Lalmonirhat
2012-11-09,0.0,25.5,14.17,1.12,80.24,0.68,2.43,Teesta_Lalmonirhat
2012-11-10,0.0,26.13,14.29,0.4,75.39,0.67,2.66,Teesta_Lalmonirhat
2012-11-11,0.0,26.37,14.97,0.72,80.1,0.67,2.83,Teesta_Lalmonirhat
2012-11-12,0.0,26.71,16.44,0.8,80.37,0.66,3.03,Teesta_Lalmonirhat
2012-11-13,0.0,27.97,17.72,0.84,77.92,0.65,3.47,Teesta_Lalmonirhat
2012-11-14,0.0,26.65,14.05,1.59,77.56,0.65,3.01,Teesta_Lalmonirhat
2012-11-15,0.0,26.05,12.44,1.09,75.56,0.64,2.88,Teesta_Lalmonirhat
2012-11-16,0.0,27.63,12.66,0.98,80.24,0.64,2.78,Teesta_Lalmonirhat
2012-11-17,0.0,28.16,18.06,1.11,71.99,0.63,3.0,Teesta_Lalmonirhat
2012-11-18,0.0,29.06,16.36,0.76,75.68,0.63,3.05,Teesta_Lalmonirhat
2012-11-19,0.0,27.22,13.43,1.4,73.86,0.62,2.65,Teesta_Lalmonirhat
2012-11-20,0.0,27.43,13.61,2.16,74.2,0.61,2.53,Teesta_Lalmonirhat
2012-11-21,0.0,26.4,11.78,1.93,73.33,0.61,2.28,Teesta_Lalmonirhat
2012-11-22,0.0,25.05,10.83,1.82,77.99,0.6,1.84,Teesta_Lalmonirhat
2012-11-23,0.0,24.73,10.04,1.68,75.35,0.6,1.68,Teesta_Lalmonirhat
2012-11-24,0.0,23.93,9.88,1.98,76.38,0.6,1.44,Teesta_Lalmonirhat
2012-11-25,0.0,22.62,9.36,1.87,76.99,0.59,1.22,Teesta_Lalmonirhat
2012-11-26,0.0,23.59,9.63,1.3,75.98,0.59,1.28,Teesta_Lalmonirhat
2012-11-27,0.0,23.58,9.08,1.7,75.95,0.58,1.32,Teesta_Lalmonirhat
2012-11-28,0.0,22.28,8.77,1.26,76.45,0.58,1.11,Teesta_Lalmonirhat
2012-11-29,0.0,24.53,9.21,1.13,75.8,0.58,1.37,Teesta_Lalmonirhat
2012-11-30,0.0,23.83,10.08,1.44,75.51,0.57,1.21,Teesta_Lalmonirhat
2012-12-01,0.0,25.07,10.39,1.26,72.94,0.57,1.28,Teesta_Lalmonirhat
2012-12-02,0.0,25.09,9.78,1.09,72.2,0.57,1.24,Teesta_Lalmonirhat
2012-12-03,0.0,24.1,9.21,1.43,71.45,0.56,1.21,Teesta_Lalmonirhat
2012-12-04,0.0,23.98,8.7,1.36,71.52,0.56,1.04,Teesta_Lalmonirhat
2012-12-05,0.0,24.07,9.12,0.95,69.5,0.56,0.83,Teesta_Lalmonirhat
2012-12-06,0.0,24.99,11.15,1.1,72.7,0.56,0.83,Teesta_Lalmonirhat
2012-12-07,0.0,23.15,9.82,1.22,76.4,0.55,0.64,Teesta_Lalmonirhat
2012-12-08,0.0,23.71,11.06,1.27,75.42,0.55,0.69,Teesta_Lalmonirhat
2012-12-09,0.0,23.91,11.79,1.58,71.02,0.55,0.71,Teesta_Lalmonirhat
2012-12-10,0.0,23.08,9.35,1.41,71.54,0.55,0.6,Teesta_Lalmonirhat
2012-12-11,0.0,23.62,10.64,1.23,68.84,0.54,0.67,Teesta_Lalmonirhat
2012-12-12,0.0,24.63,13.97,1.28,67.88,0.54,0.75,Teesta_Lalmonirhat
2012-12-13,0.0,24.4,9.94,1.72,64.61,0.54,0.84,Teesta_Lalmonirhat
2012-12-14,0.0,23.36,9.08,0.92,62.0,0.54,0.73,Teesta_Lalmonirhat
2012-12-15,0.0,24.47,9.14,0.85,63.26,0.53,0.78,Teesta_Lalmonirhat
2012-12-16,0.0,24.27,8.91,1.41,69.25,0.53,0.74,Teesta_Lalmonirhat
2012-12-17,0.0,22.38,8.85,1.16,76.75,0.53,0.55,Teesta_Lalmonirhat
2012-12-18,0.0,23.8,9.45,1.02,75.25,0.53,0.59,Teesta_Lalmonirhat
2012-12-19,0.0,21.65,9.31,1.73,75.14,0.52,0.48,Teesta_Lalmonirhat
2012-12-20,0.0,21.49,7.59,1.84,71.31,0.52,0.49,Teesta_Lalmonirhat
2012-12-21,0.0,20.61,6.04,1.52,65.92,0.52,0.47,Teesta_Lalmonirhat
2012-12-22,0.0,21.58,6.28,1.03,67.29,0.52,0.44,Teesta_Lalmonirhat
2012-12-23,0.01,22.9,7.09,0.58,71.41,0.51,0.49,Teesta_Lalmonirhat
2012-12-24,0.03,24.75,10.6,1.02,60.94,0.51,0.64,Teesta_Lalmonirhat
2012-12-25,0.0,23.07,6.59,1.8,57.52,0.51,0.51,Teesta_Lalmonirhat
2012-12-26,0.0,20.57,4.54,1.72,65.03,0.51,0.42,Teesta_Lalmonirhat
2012-12-27,0.0,21.75,4.72,0.96,65.4,0.5,0.42,Teesta_Lalmonirhat
2012-12-28,0.0,23.9,6.86,1.29,63.82,0.5,0.5,Teesta_Lalmonirhat
2012-12-29,0.0,23.23,7.5,1.59,63.77,0.5,0.44,Teesta_Lalmonirhat
2012-12-30,0.0,21.69,6.02,1.58,60.07,0.5,0.39,Teesta_Lalmonirhat
2012-12-31,0.0,21.34,5.83,1.37,64.23,0.5,0.37,Teesta_Lalmonirhat
2013-01-01,0.0,24.02,7.45,1.37,64.23,0.49,0.36,Teesta_Lalmonirhat
2013-01-02,0.0,24.54,8.8,1.73,53.46,0.49,0.44,Teesta_Lalmonirhat
2013-01-03,0.0,22.04,10.05,1.79,69.09,0.49,0.24,Teesta_Lalmonirhat
2013-01-04,0.0,23.1,9.33,2.29,62.49,0.49,0.37,Teesta_Lalmonirhat
2013-01-05,0.0,21.71,5.49,1.84,60.23,0.49,0.32,Teesta_Lalmonirhat
2013-01-06,0.0,22.25,4.68,1.81,54.09,0.48,0.28,Teesta_Lalmonirhat
2013-01-07,0.0,19.79,4.0,2.76,49.18,0.48,0.27,Teesta_Lalmonirhat
2013-01-08,0.0,18.76,1.74,2.39,52.53,0.48,0.24,Teesta_Lalmonirhat
2013-01-09,0.0,17.72,1.23,1.41,56.16,0.48,0.2,Teesta_Lalmonirhat
2013-01-10,0.0,18.69,2.53,1.42,55.79,0.47,0.16,Teesta_Lalmonirhat
2013-01-11,0.0,19.41,4.69,1.07,62.22,0.47,0.17,Teesta_Lalmonirhat
2013-01-12,0.0,22.39,6.7,0.88,61.37,0.47,0.25,Teesta_Lalmonirhat
2013-01-13,0.0,23.95,7.59,1.05,57.02,0.47,0.27,Teesta_Lalmonirhat
2013-01-14,0.0,23.95,7.9,1.59,60.21,0.47,0.27,Teesta_Lalmonirhat
2013-01-15,0.0,24.09,9.18,1.16,64.42,0.47,0.27,Teesta_Lalmonirhat
2013-01-16,0.0,24.43,8.79,1.1,66.44,0.47,0.25,Teesta_Lalmonirhat
2013-01-17,0.0,25.39,10.68,0.81,56.98,0.46,0.24,Teesta_Lalmonirhat
2013-01-18,0.0,26.58,11.42,0.62,59.49,0.46,0.3,Teesta_Lalmonirhat
2013-01-19,1.61,27.77,12.65,1.67,63.86,0.46,0.33,Teesta_Lalmonirhat
2013-01-20,0.03,26.88,12.33,3.69,59.65,0.46,0.42,Teesta_Lalmonirhat
2013-01-21,0.0,25.25,7.94,2.5,55.27,0.46,0.33,Teesta_Lalmonirhat
2013-01-22,0.0,24.76,6.02,1.35,50.95,0.46,0.27,Teesta_Lalmonirhat
2013-01-23,0.0,25.84,5.19,2.03,46.41,0.45,0.28,Teesta_Lalmonirhat
2013-01-24,0.0,25.29,5.21,2.48,45.99,0.45,0.27,Teesta_Lalmonirhat
2013-01-25,0.0,23.28,3.69,2.14,48.73,0.45,0.24,Teesta_Lalmonirhat
2013-01-26,0.0,23.76,5.08,2.25,50.32,0.45,0.23,Teesta_Lalmonirhat
2013-01-27,0.0,23.94,5.5,1.63,54.15,0.44,0.22,Teesta_Lalmonirhat
2013-01-28,0.0,25.2,7.86,0.93,51.79,0.44,0.22,Teesta_Lalmonirhat
2013-01-29,0.0,25.97,7.9,1.4,50.31,0.44,0.22,Teesta_Lalmonirhat
2013-01-30,0.0,26.22,8.95,1.7,50.22,0.44,0.2,Teesta_Lalmonirhat
2013-01-31,0.0,25.01,8.83,0.98,48.09,0.44,0.14,Teesta_Lalmonirhat
2013-02-01,0.0,23.57,12.11,1.01,53.34,0.43,0.1,Teesta_Lalmonirhat
2013-02-02,0.0,27.69,12.27,1.43,47.08,0.43,0.25,Teesta_Lalmonirhat
2013-02-03,0.01,27.89,11.2,1.26,46.53,0.43,0.24,Teesta_Lalmonirhat
2013-02-04,0.0,29.15,12.91,0.76,44.71,0.43,0.25,Teesta_Lalmonirhat
2013-02-05,0.0,30.61,14.42,0.88,50.31,0.43,0.27,Teesta_Lalmonirhat
2013-02-06,0.0,31.68,14.13,2.02,47.77,0.42,0.26,Teesta_Lalmonirhat
2013-02-07,0.01,31.27,14.41,3.19,52.08,0.42,0.2,Teesta_Lalmonirhat
2013-02-08,0.01,30.8,14.2,3.56,43.16,0.42,0.28,Teesta_Lalmonirhat
2013-02-09,0.0,28.16,9.51,2.31,41.23,0.42,0.18,Teesta_Lalmonirhat
2013-02-10,0.0,29.49,9.17,1.99,39.71,0.41,0.17,Teesta_Lalmonirhat
2013-02-11,0.0,29.34,9.29,2.04,40.91,0.41,0.16,Teesta_Lalmonirhat
2013-02-12,0.0,30.53,9.95,1.83,38.34,0.41,0.15,Teesta_Lalmonirhat
2013-02-13,0.0,31.53,10.94,2.75,38.93,0.41,0.15,Teesta_Lalmonirhat
2013-02-14,0.0,30.81,11.28,2.99,37.95,0.4,0.15,Teesta_Lalmonirhat
2013-02-15,0.02,28.21,11.35,2.19,40.77,0.4,0.1,Teesta_Lalmonirhat
2013-02-16,0.71,31.4,15.64,1.85,40.8,0.4,0.11,Teesta_Lalmonirhat
2013-02-17,15.19,19.77,14.02,2.17,77.2,0.42,0.03,Teesta_Lalmonirhat
2013-02-18,0.02,26.23,12.07,2.99,62.33,0.43,0.21,Teesta_Lalmonirhat
2013-02-19,0.0,27.31,10.75,2.59,54.39,0.42,0.21,Teesta_Lalmonirhat
2013-02-20,0.0,29.19,11.97,2.66,51.75,0.42,0.22,Teesta_Lalmonirhat
2013-02-21,0.01,29.94,12.03,2.08,49.28,0.42,0.21,Teesta_Lalmonirhat
2013-02-22,0.01,31.76,13.21,1.63,47.29,0.41,0.21,Teesta_Lalmonirhat
2013-02-23,0.0,33.5,14.62,1.21,44.03,0.41,0.21,Teesta_Lalmonirhat
2013-02-24,0.0,33.16,14.36,2.41,38.81,0.41,0.19,Teesta_Lalmonirhat
2013-02-25,0.06,32.85,15.32,3.51,42.17,0.4,0.18,Teesta_Lalmonirhat
2013-02-26,0.03,32.07,14.24,2.23,49.25,0.4,0.16,Teesta_Lalmonirhat
2013-02-27,0.0,32.54,14.9,2.06,45.09,0.4,0.15,Teesta_Lalmonirhat
2013-02-28,0.0,32.67,13.28,2.62,40.21,0.4,0.12,Teesta_Lalmonirhat
2013-03-01,0.0,31.18,13.67,2.16,38.97,0.39,0.11,Teesta_Lalmonirhat
2013-03-02,0.0,31.78,12.39,1.19,40.26,0.39,0.1,Teesta_Lalmonirhat
2013-03-03,0.0,32.02,14.12,1.25,43.16,0.39,0.1,Teesta_Lalmonirhat
2013-03-04,0.0,32.41,14.7,1.29,41.39,0.39,0.08,Teesta_Lalmonirhat
2013-03-05,0.0,33.51,16.8,1.29,40.45,0.39,0.09,Teesta_Lalmonirhat
2013-03-06,0.0,33.05,17.63,1.4,44.64,0.38,0.08,Teesta_Lalmonirhat
2013-03-07,0.0,33.08,18.47,1.28,36.96,0.38,0.08,Teesta_Lalmonirhat
2013-03-08,0.1,34.13,18.81,2.03,35.24,0.38,0.08,Teesta_Lalmonirhat
2013-03-09,0.0,33.71,17.21,2.51,37.51,0.38,0.07,Teesta_Lalmonirhat
2013-03-10,0.05,34.23,17.72,1.54,36.98,0.38,0.07,Teesta_Lalmonirhat
2013-03-11,0.04,34.56,20.35,1.82,33.36,0.37,0.07,Teesta_Lalmonirhat
2013-03-12,0.09,34.21,16.93,1.16,41.53,0.37,0.06,Teesta_Lalmonirhat
2013-03-13,0.35,34.06,18.27,1.31,43.43,0.37,0.06,Teesta_Lalmonirhat
2013-03-14,0.24,34.02,19.59,1.02,46.43,0.37,0.04,Teesta_Lalmonirhat
2013-03-15,0.03,35.95,20.87,2.06,36.97,0.37,0.05,Teesta_Lalmonirhat
2013-03-16,0.04,37.37,19.9,3.14,28.26,0.37,0.06,Teesta_Lalmonirhat
2013-03-17,0.0,36.83,18.19,3.79,27.1,0.37,0.05,Teesta_Lalmonirhat
2013-03-18,0.05,33.93,17.18,3.24,31.87,0.37,0.04,Teesta_Lalmonirhat
2013-03-19,0.0,34.53,16.42,1.63,28.83,0.37,0.04,Teesta_Lalmonirhat
2013-03-20,0.0,33.7,18.31,2.19,41.16,0.36,0.03,Teesta_Lalmonirhat
2013-03-21,1.92,35.01,19.82,1.84,42.13,0.37,0.03,Teesta_Lalmonirhat
2013-03-22,1.28,34.24,20.62,1.21,36.53,0.37,0.04,Teesta_Lalmonirhat
2013-03-23,0.14,33.55,18.94,1.8,49.32,0.37,0.03,Teesta_Lalmonirhat
2013-03-24,0.0,36.16,18.74,1.56,41.41,0.37,0.04,Teesta_Lalmonirhat
2013-03-25,0.0,37.69,19.69,3.38,27.56,0.36,0.03,Teesta_Lalmonirhat
2013-03-26,0.01,37.05,20.36,2.96,25.85,0.36,0.03,Teesta_Lalmonirhat
2013-03-27,0.0,37.61,20.26,1.98,21.93,0.36,0.03,Teesta_Lalmonirhat
2013-03-28,0.0,34.63,18.95,1.3,23.88,0.36,0.02,Teesta_Lalmonirhat
2013-03-29,0.16,37.74,19.73,2.6,29.21,0.36,0.02,Teesta_Lalmonirhat
2013-03-30,0.29,38.91,21.09,3.22,29.07,0.36,0.02,Teesta_Lalmonirhat
2013-03-31,0.1,39.0,21.61,2.71,25.43,0.36,0.02,Teesta_Lalmonirhat
2013-04-01,0.06,37.93,22.7,1.89,22.47,0.36,0.02,Teesta_Lalmonirhat
2013-04-02,0.0,38.6,23.0,1.74,20.43,0.36,0.02,Teesta_Lalmonirhat
2013-04-03,0.0,39.66,22.92,2.41,24.57,0.36,0.01,Teesta_Lalmonirhat
2013-04-04,0.04,39.69,23.94,5.11,24.85,0.36,0.01,Teesta_Lalmonirhat
2013-04-05,0.0,39.79,22.2,3.94,17.67,0.36,0.01,Teesta_Lalmonirhat
2013-04-06,0.01,38.64,20.32,3.29,14.73,0.36,0.01,Teesta_Lalmonirhat
2013-04-07,0.0,38.79,22.61,2.03,14.67,0.36,0.01,Teesta_Lalmonirhat
2013-04-08,0.0,39.05,22.18,1.07,18.64,0.36,0.01,Teesta_Lalmonirhat
2013-04-09,0.0,39.45,22.78,1.47,28.62,0.36,0.0,Teesta_Lalmonirhat
2013-04-10,0.09,39.94,23.2,1.42,29.49,0.36,0.0,Teesta_Lalmonirhat
2013-04-11,0.59,39.97,23.39,2.62,38.48,0.36,0.0,Teesta_Lalmonirhat
2013-04-12,0.02,41.67,23.76,2.41,27.86,0.36,0.0,Teesta_Lalmonirhat
2013-04-13,0.0,42.44,25.6,2.49,28.62,0.36,0.0,Teesta_Lalmonirhat
2013-04-14,0.13,38.64,23.89,1.31,27.75,0.36,0.0,Teesta_Lalmonirhat
2013-04-15,4.37,37.94,24.42,1.84,39.69,0.36,0.0,Teesta_Lalmonirhat
2013-04-16,16.79,30.13,23.19,2.11,66.31,0.38,0.03,Teesta_Lalmonirhat
2013-04-17,1.09,32.85,21.53,1.99,58.03,0.39,0.12,Teesta_Lalmonirhat
2013-04-18,4.24,34.19,22.27,1.3,55.23,0.39,0.12,Teesta_Lalmonirhat
2013-04-19,22.21,30.6,22.34,1.49,66.32,0.42,0.14,Teesta_Lalmonirhat
2013-04-20,1.98,26.21,21.17,2.13,75.15,0.44,0.13,Teesta_Lalmonirhat
2013-04-21,4.02,26.97,20.34,1.86,79.54,0.44,0.14,Teesta_Lalmonirhat
2013-04-22,6.35,31.21,19.87,1.29,65.39,0.44,0.55,Teesta_Lalmonirhat
2013-04-23,0.39,33.41,20.61,1.76,58.55,0.44,0.65,Teesta_Lalmonirhat
2013-04-24,0.02,35.72,22.91,2.21,50.84,0.43,0.64,Teesta_Lalmonirhat
2013-04-25,0.15,36.46,22.48,1.66,46.52,0.43,0.57,Teesta_Lalmonirhat
2013-04-26,0.1,37.59,24.69,1.42,43.57,0.42,0.5,Teesta_Lalmonirhat
2013-04-27,17.2,37.19,24.93,1.77,50.42,0.43,0.46,Teesta_Lalmonirhat
2013-04-28,7.24,37.33,24.2,1.44,49.63,0.46,1.02,Teesta_Lalmonirhat
2013-04-29,0.43,37.97,22.47,1.36,45.52,0.45,0.98,Teesta_Lalmonirhat
2013-04-30,3.39,38.56,23.55,1.55,46.18,0.45,0.88,Teesta_Lalmonirhat
2013-05-01,2.32,39.31,23.47,1.68,47.82,0.45,0.86,Teesta_Lalmonirhat
2013-05-02,0.68,41.44,24.84,2.79,44.77,0.44,0.91,Teesta_Lalmonirhat
2013-05-03,0.77,39.32,22.95,1.73,44.35,0.44,0.67,Teesta_Lalmonirhat
2013-05-04,15.04,34.87,24.2,2.13,64.31,0.45,0.64,Teesta_Lalmonirhat
2013-05-05,15.93,31.77,24.85,2.36,77.84,0.48,0.72,Teesta_Lalmonirhat
2013-05-06,5.1,30.57,23.64,2.52,72.83,0.48,0.91,Teesta_Lalmonirhat
2013-05-07,2.14,33.78,21.82,1.47,65.84,0.48,1.47,Teesta_Lalmonirhat
2013-05-08,4.31,33.66,22.41,1.34,60.73,0.48,1.32,Teesta_Lalmonirhat
2013-05-09,1.8,35.42,21.88,1.5,60.09,0.48,1.37,Teesta_Lalmonirhat
2013-05-10,4.96,35.49,23.36,1.64,61.72,0.48,1.3,Teesta_Lalmonirhat
2013-05-11,13.68,37.02,24.67,1.28,57.31,0.48,1.41,Teesta_Lalmonirhat
2013-05-12,21.32,35.33,24.42,1.91,70.14,0.51,1.86,Teesta_Lalmonirhat
2013-05-13,20.28,34.42,24.43,1.74,73.16,0.54,2.88,Teesta_Lalmonirhat
2013-05-14,13.22,34.63,25.0,1.62,69.47,0.55,3.48,Teesta_Lalmonirhat
2013-05-15,6.18,34.18,24.26,1.43,71.21,0.55,3.92,Teesta_Lalmonirhat
2013-05-16,1.99,36.11,25.52,0.66,63.5,0.54,4.17,Teesta_Lalmonirhat
2013-05-17,6.96,35.3,25.04,1.23,53.44,0.54,3.17,Teesta_Lalmonirhat
2013-05-18,9.12,35.21,25.37,1.08,68.05,0.55,3.56,Teesta_Lalmonirhat
2013-05-19,10.19,34.47,26.11,1.08,71.89,0.55,3.28,Teesta_Lalmonirhat
2013-05-20,14.43,31.74,25.98,1.07,77.19,0.57,2.39,Teesta_Lalmonirhat
2013-05-21,4.83,34.63,26.51,1.5,77.09,0.57,3.75,Teesta_Lalmonirhat
2013-05-22,9.43,34.47,26.8,1.43,75.85,0.57,3.57,Teesta_Lalmonirhat
2013-05-23,34.63,32.02,26.67,1.67,80.64,0.6,2.84,Teesta_Lalmonirhat
2013-05-24,5.64,31.66,24.23,1.54,78.94,0.62,4.44,Teesta_Lalmonirhat
2013-05-25,0.01,35.23,25.99,0.82,74.21,0.61,6.11,Teesta_Lalmonirhat
2013-05-26,0.75,34.05,27.54,1.6,79.26,0.59,3.78,Teesta_Lalmonirhat
2013-05-27,3.43,34.57,27.76,1.4,77.26,0.59,1.98,Teesta_Lalmonirhat
2013-05-28,1.96,32.89,26.59,1.14,79.47,0.59,2.74,Teesta_Lalmonirhat
2013-05-29,11.63,32.93,26.48,0.97,79.93,0.59,2.39,Teesta_Lalmonirhat
2013-05-30,29.64,31.64,26.08,3.08,82.99,0.62,2.4,Teesta_Lalmonirhat
2013-05-31,64.7,30.2,24.99,4.73,86.2,0.68,2.11,Teesta_Lalmonirhat
2013-06-01,10.76,31.2,24.92,1.59,80.25,0.72,3.36,Teesta_Lalmonirhat
2013-06-02,2.85,33.09,25.72,0.86,74.92,0.71,5.89,Teesta_Lalmonirhat
2013-06-03,0.02,34.11,26.46,1.18,74.81,0.7,6.61,Teesta_Lalmonirhat
2013-06-04,5.58,33.87,26.15,1.42,76.22,0.68,5.96,Teesta_Lalmonirhat
2013-06-05,24.62,33.45,28.02,1.26,76.87,0.7,4.0,Teesta_Lalmonirhat
2013-06-06,19.09,30.06,26.83,1.25,89.49,0.72,1.06,Teesta_Lalmonirhat
2013-06-07,10.04,31.33,26.2,1.35,88.28,0.73,1.91,Teesta_Lalmonirhat
2013-06-08,3.86,31.87,26.12,1.59,86.83,0.73,3.06,Teesta_Lalmonirhat
2013-06-09,6.96,31.93,26.01,1.68,87.85,0.73,3.05,Teesta_Lalmonirhat
2013-06-10,0.09,32.32,27.1,1.8,86.01,0.73,3.51,Teesta_Lalmonirhat
2013-06-11,0.02,34.61,27.33,2.61,79.79,0.71,7.15,Teesta_Lalmonirhat
2013-06-12,0.52,35.43,27.0,2.14,80.33,0.7,7.09,Teesta_Lalmonirhat
2013-06-13,1.18,32.18,26.9,1.12,80.0,0.69,3.9,Teesta_Lalmonirhat
2013-06-14,7.33,33.21,26.9,2.06,84.77,0.68,4.16,Teesta_Lalmonirhat
2013-06-15,7.87,32.55,26.92,1.45,83.68,0.69,3.25,Teesta_Lalmonirhat
2013-06-16,0.88,32.74,26.77,1.63,82.07,0.68,4.09,Teesta_Lalmonirhat
2013-06-17,0.21,34.44,26.84,2.09,78.69,0.67,6.06,Teesta_Lalmonirhat
2013-06-18,8.87,34.23,27.01,1.92,78.14,0.67,3.91,Teesta_Lalmonirhat
2013-06-19,8.83,32.35,27.05,1.91,83.09,0.67,2.33,Teesta_Lalmonirhat
2013-06-20,6.41,33.14,26.12,1.93,81.45,0.67,4.87,Teesta_Lalmonirhat
2013-06-21,5.45,32.41,26.62,1.29,81.33,0.67,2.35,Teesta_Lalmonirhat
2013-06-22,6.73,33.88,26.58,0.84,76.84,0.67,2.37,Teesta_Lalmonirhat
2013-06-23,8.5,31.68,27.65,1.58,83.94,0.68,1.73,Teesta_Lalmonirhat
2013-06-24,12.4,32.53,27.46,1.36,83.83,0.68,2.42,Teesta_Lalmonirhat
2013-06-25,14.3,32.16,27.05,2.04,87.77,0.7,2.52,Teesta_Lalmonirhat
2013-06-26,17.87,31.98,27.03,2.26,88.24,0.71,2.39,Teesta_Lalmonirhat
2013-06-27,39.92,32.25,26.94,2.2,89.65,0.75,2.08,Teesta_Lalmonirhat
2013-06-28,26.85,31.5,27.61,2.12,91.4,0.79,1.37,Teesta_Lalmonirhat
2013-06-29,15.95,31.33,27.23,1.27,88.16,0.8,1.68,Teesta_Lalmonirhat
2013-06-30,19.82,30.74,26.32,2.08,90.59,0.81,0.97,Teesta_Lalmonirhat
2013-07-01,4.54,31.48,26.95,1.29,88.79,0.82,1.17,Teesta_Lalmonirhat
2013-07-02,3.46,30.88,27.21,1.7,91.18,0.82,1.18,Teesta_Lalmonirhat
2013-07-03,6.71,32.83,26.52,2.15,86.09,0.82,3.81,Teesta_Lalmonirhat
2013-07-04,8.32,32.13,26.76,2.14,88.56,0.81,2.71,Teesta_Lalmonirhat
2013-07-05,51.23,31.66,26.97,1.97,88.7,0.83,1.26,Teesta_Lalmonirhat
2013-07-06,38.27,30.25,27.07,2.34,91.41,0.89,0.93,Teesta_Lalmonirhat
2013-07-07,15.07,31.0,26.7,2.54,89.35,0.9,1.48,Teesta_Lalmonirhat
2013-07-08,41.17,30.37,26.33,2.73,91.75,0.91,0.73,Teesta_Lalmonirhat
2013-07-09,27.88,31.27,26.8,2.85,89.72,0.93,1.59,Teesta_Lalmonirhat
2013-07-10,21.83,30.94,26.98,2.22,88.05,0.93,1.61,Teesta_Lalmonirhat
2013-07-11,5.36,30.55,26.36,1.51,86.9,0.93,1.81,Teesta_Lalmonirhat
2013-07-12,1.55,30.91,26.39,2.13,88.99,0.92,1.97,Teesta_Lalmonirhat
2013-07-13,2.5,32.77,26.65,2.46,87.45,0.91,3.1,Teesta_Lalmonirhat
2013-07-14,1.23,31.75,26.69,1.68,88.01,0.9,1.87,Teesta_Lalmonirhat
2013-07-15,1.56,33.48,26.72,1.7,85.88,0.89,3.16,Teesta_Lalmonirhat
2013-07-16,1.26,32.69,27.23,1.3,84.97,0.88,2.87,Teesta_Lalmonirhat
2013-07-17,4.41,31.43,27.23,1.83,87.79,0.88,2.14,Teesta_Lalmonirhat
2013-07-18,4.87,30.58,27.01,1.97,89.16,0.88,1.45,Teesta_Lalmonirhat
2013-07-19,11.05,32.79,26.87,2.16,86.83,0.88,2.73,Teesta_Lalmonirhat
2013-07-20,6.48,31.77,27.3,1.77,88.71,0.88,1.84,Teesta_Lalmonirhat
2013-07-21,3.34,32.34,27.07,1.67,85.89,0.87,2.89,Teesta_Lalmonirhat
2013-07-22,1.99,31.98,27.29,1.2,84.04,0.87,1.77,Teesta_Lalmonirhat
2013-07-23,1.03,31.94,27.38,1.45,87.66,0.86,1.7,Teesta_Lalmonirhat
2013-07-24,0.87,32.77,26.85,1.42,84.93,0.85,3.01,Teesta_Lalmonirhat
2013-07-25,0.74,32.57,27.19,1.03,82.76,0.85,2.48,Teesta_Lalmonirhat
2013-07-26,6.81,32.3,27.45,3.14,88.49,0.84,2.23,Teesta_Lalmonirhat
2013-07-27,15.85,31.54,26.44,3.05,86.72,0.84,3.39,Teesta_Lalmonirhat
2013-07-28,15.72,32.11,26.48,2.18,87.04,0.86,3.02,Teesta_Lalmonirhat
2013-07-29,0.6,31.4,26.26,1.08,86.22,0.85,2.36,Teesta_Lalmonirhat
2013-07-30,3.02,32.49,26.54,1.46,84.8,0.84,2.5,Teesta_Lalmonirhat
2013-07-31,4.41,29.93,26.73,1.97,88.89,0.84,1.39,Teesta_Lalmonirhat
2013-08-01,1.59,29.33,26.27,1.7,89.59,0.84,1.09,Teesta_Lalmonirhat
2013-08-02,1.26,29.8,25.86,1.61,88.28,0.83,1.85,Teesta_Lalmonirhat
2013-08-03,0.67,30.76,26.44,0.95,85.66,0.83,1.88,Teesta_Lalmonirhat
2013-08-04,6.79,32.9,26.27,1.79,84.69,0.82,3.32,Teesta_Lalmonirhat
2013-08-05,21.17,30.17,26.85,1.67,91.43,0.84,1.01,Teesta_Lalmonirhat
2013-08-06,15.66,28.85,25.99,2.02,93.15,0.85,0.75,Teesta_Lalmonirhat
2013-08-07,29.8,30.47,26.1,2.23,89.86,0.87,1.72,Teesta_Lalmonirhat
2013-08-08,31.59,30.64,26.28,2.12,91.1,0.89,1.28,Teesta_Lalmonirhat
2013-08-09,17.78,29.68,26.03,1.44,90.89,0.9,1.23,Teesta_Lalmonirhat
2013-08-10,13.53,31.85,25.98,1.52,88.3,0.9,2.26,Teesta_Lalmonirhat
2013-08-11,10.69,31.26,26.6,0.72,83.43,0.9,1.93,Teesta_Lalmonirhat
2013-08-12,4.23,30.32,25.91,1.05,88.31,0.9,0.79,Teesta_Lalmonirhat
2013-08-13,1.16,30.27,26.06,1.72,90.66,0.89,1.54,Teesta_Lalmonirhat
2013-08-14,5.67,30.5,25.96,1.76,90.04,0.89,1.37,Teesta_Lalmonirhat
2013-08-15,18.51,30.79,25.67,1.21,86.67,0.9,1.45,Teesta_Lalmonirhat
2013-08-16,14.44,29.76,25.09,1.13,85.02,0.91,1.67,Teesta_Lalmonirhat
2013-08-17,25.06,32.5,25.17,1.14,83.03,0.91,3.62,Teesta_Lalmonirhat
2013-08-18,20.55,30.47,26.18,2.18,88.36,0.92,1.55,Teesta_Lalmonirhat
2013-08-19,1.66,31.63,26.08,1.57,86.83,0.91,2.4,Teesta_Lalmonirhat
2013-08-20,13.87,30.46,25.78,2.41,88.43,0.91,1.97,Teesta_Lalmonirhat
2013-08-21,8.54,29.94,25.87,2.29,90.18,0.91,1.37,Teesta_Lalmonirhat
2013-08-22,1.96,30.89,25.6,1.33,87.16,0.91,2.01,Teesta_Lalmonirhat
2013-08-23,0.2,31.99,25.88,1.12,85.72,0.9,2.61,Teesta_Lalmonirhat
2013-08-24,0.09,31.69,26.67,1.54,87.82,0.89,2.11,Teesta_Lalmonirhat
2013-08-25,3.43,32.72,26.48,2.18,87.43,0.89,2.9,Teesta_Lalmonirhat
2013-08-26,22.02,32.11,26.45,1.72,88.15,0.89,1.94,Teesta_Lalmonirhat
2013-08-27,14.31,29.71,26.45,1.46,91.35,0.9,0.86,Teesta_Lalmonirhat
2013-08-28,14.86,29.88,25.39,2.17,91.87,0.91,1.22,Teesta_Lalmonirhat
2013-08-29,4.74,31.4,25.83,2.02,89.12,0.91,2.64,Teesta_Lalmonirhat
2013-08-30,3.99,31.52,25.72,1.45,89.08,0.9,2.68,Teesta_Lalmonirhat
2013-08-31,8.0,29.99,26.59,1.51,90.35,0.9,1.19,Teesta_Lalmonirhat
2013-09-01,13.06,30.7,26.53,1.55,91.85,0.9,0.95,Teesta_Lalmonirhat
2013-09-02,19.06,30.76,26.51,1.43,91.12,0.91,1.16,Teesta_Lalmonirhat
2013-09-03,28.33,30.48,26.44,1.62,90.27,0.93,0.89,Teesta_Lalmonirhat
2013-09-04,8.07,30.72,25.76,2.44,90.16,0.93,2.13,Teesta_Lalmonirhat
2013-09-05,5.85,31.42,25.56,3.6,88.8,0.92,3.25,Teesta_Lalmonirhat
2013-09-06,7.91,32.35,25.53,2.67,86.9,0.91,3.64,Teesta_Lalmonirhat
2013-09-07,6.08,31.71,25.05,1.84,86.12,0.91,3.46,Teesta_Lalmonirhat
2013-09-08,1.0,31.39,25.03,1.74,88.33,0.9,3.24,Teesta_Lalmonirhat
2013-09-09,1.33,31.87,24.28,1.12,83.12,0.89,5.04,Teesta_Lalmonirhat
2013-09-10,2.24,31.58,25.05,0.58,80.11,0.88,5.59,Teesta_Lalmonirhat
2013-09-11,1.43,31.73,25.56,0.81,81.35,0.87,5.16,Teesta_Lalmonirhat
2013-09-12,1.01,31.71,25.56,0.95,79.25,0.87,5.08,Teesta_Lalmonirhat
2013-09-13,0.57,32.64,25.6,0.79,79.56,0.86,4.13,Teesta_Lalmonirhat
2013-09-14,1.32,33.22,26.61,1.21,82.97,0.85,3.98,Teesta_Lalmonirhat
2013-09-15,4.16,32.42,24.84,1.67,84.91,0.84,5.2,Teesta_Lalmonirhat
2013-09-16,0.92,32.13,25.38,0.7,83.41,0.84,4.34,Teesta_Lalmonirhat
2013-09-17,1.78,31.57,26.16,1.58,86.08,0.83,3.57,Teesta_Lalmonirhat
2013-09-18,4.51,30.29,26.36,1.47,92.19,0.83,1.1,Teesta_Lalmonirhat
2013-09-19,4.23,30.48,26.47,1.15,90.16,0.83,1.33,Teesta_Lalmonirhat
2013-09-20,2.56,29.82,26.3,1.19,89.43,0.83,2.06,Teesta_Lalmonirhat
2013-09-21,1.51,31.24,26.23,0.96,85.52,0.83,3.27,Teesta_Lalmonirhat
2013-09-22,0.01,32.37,25.15,1.1,84.0,0.82,5.73,Teesta_Lalmonirhat
2013-09-23,0.0,32.74,25.25,1.21,83.34,0.8,6.27,Teesta_Lalmonirhat
2013-09-24,4.21,32.83,25.93,1.08,83.11,0.79,5.48,Teesta_Lalmonirhat
2013-09-25,12.6,31.74,26.99,0.86,83.75,0.8,3.1,Teesta_Lalmonirhat
2013-09-26,5.12,29.9,25.91,0.94,84.68,0.81,1.54,Teesta_Lalmonirhat
2013-09-27,3.42,30.8,25.52,0.73,81.82,0.8,3.46,Teesta_Lalmonirhat
2013-09-28,22.17,29.47,24.61,1.48,89.74,0.8,2.09,Teesta_Lalmonirhat
2013-09-29,25.53,27.81,23.84,2.91,92.97,0.85,0.95,Teesta_Lalmonirhat
2013-09-30,2.19,27.22,23.16,3.09,90.2,0.85,2.15,Teesta_Lalmonirhat
2013-10-01,2.87,26.78,23.29,2.13,91.36,0.84,1.16,Teesta_Lalmonirhat
2013-10-02,0.7,31.55,23.37,1.3,80.29,0.84,4.14,Teesta_Lalmonirhat
2013-10-03,9.2,30.98,24.59,1.92,85.62,0.83,3.99,Teesta_Lalmonirhat
2013-10-04,20.55,26.07,23.86,2.17,93.11,0.85,0.64,Teesta_Lalmonirhat
2013-10-05,17.61,28.26,24.1,1.06,91.71,0.86,0.74,Teesta_Lalmonirhat
2013-10-06,10.63,26.94,23.02,2.18,93.61,0.87,0.95,Teesta_Lalmonirhat
2013-10-07,0.08,29.27,22.28,2.31,87.95,0.87,3.8,Teesta_Lalmonirhat
2013-10-08,0.0,29.94,21.97,2.89,85.55,0.85,4.55,Teesta_Lalmonirhat
2013-10-09,0.0,30.05,21.69,1.97,84.8,0.85,5.05,Teesta_Lalmonirhat
2013-10-10,0.0,30.56,21.9,1.19,80.75,0.84,5.44,Teesta_Lalmonirhat
2013-10-11,0.0,30.58,22.14,1.82,81.91,0.82,5.21,Teesta_Lalmonirhat
2013-10-12,1.16,30.92,22.71,1.45,82.19,0.81,4.51,Teesta_Lalmonirhat
2013-10-13,3.07,29.4,23.77,0.88,85.49,0.81,1.43,Teesta_Lalmonirhat
2013-10-14,112.28,29.86,23.34,1.22,86.75,0.85,0.84,Teesta_Lalmonirhat
2013-10-15,88.83,29.23,24.62,1.51,87.55,0.94,2.03,Teesta_Lalmonirhat
2013-10-16,5.75,29.82,24.18,1.23,87.73,0.93,3.3,Teesta_Lalmonirhat
2013-10-17,2.83,28.73,23.63,1.56,88.37,0.92,1.87,Teesta_Lalmonirhat
2013-10-18,0.46,31.11,23.55,0.98,82.14,0.91,5.08,Teesta_Lalmonirhat
2013-10-19,3.52,30.88,23.56,0.78,82.7,0.91,5.42,Teesta_Lalmonirhat
2013-10-20,2.98,29.33,22.8,0.68,83.29,0.9,3.81,Teesta_Lalmonirhat
2013-10-21,3.66,29.32,21.79,1.0,79.27,0.9,4.53,Teesta_Lalmonirhat
2013-10-22,4.39,29.39,20.55,0.94,79.88,0.9,4.31,Teesta_Lalmonirhat
2013-10-23,0.0,27.48,18.66,1.29,81.33,0.89,4.28,Teesta_Lalmonirhat
2013-10-24,0.14,28.37,18.68,0.94,75.54,0.88,4.6,Teesta_Lalmonirhat
2013-10-25,1.33,27.65,19.4,1.07,83.4,0.88,2.83,Teesta_Lalmonirhat
2013-10-26,2.63,26.72,20.05,1.39,83.82,0.87,2.9,Teesta_Lalmonirhat
2013-10-27,0.05,28.35,20.17,1.22,83.11,0.87,4.74,Teesta_Lalmonirhat
2013-10-28,2.93,27.03,18.24,1.76,88.54,0.86,3.31,Teesta_Lalmonirhat
2013-10-29,2.89,26.92,18.67,1.88,90.08,0.86,2.05,Teesta_Lalmonirhat
2013-10-30,0.0,27.37,18.55,0.94,83.07,0.85,2.87,Teesta_Lalmonirhat
2013-10-31,0.0,27.0,18.22,1.08,85.43,0.85,2.7,Teesta_Lalmonirhat
2013-11-01,0.0,27.27,18.39,1.06,86.73,0.84,3.01,Teesta_Lalmonirhat
2013-11-02,0.0,26.77,18.94,1.23,87.0,0.84,2.52,Teesta_Lalmonirhat
2013-11-03,0.0,27.23,18.74,1.08,85.46,0.83,3.25,Teesta_Lalmonirhat
2013-11-04,0.0,26.63,17.88,1.06,83.69,0.82,3.34,Teesta_Lalmonirhat
2013-11-05,0.0,26.52,17.59,1.29,86.76,0.82,3.36,Teesta_Lalmonirhat
2013-11-06,0.0,26.8,18.24,1.32,84.03,0.81,3.39,Teesta_Lalmonirhat
2013-11-07,0.0,27.27,17.98,1.18,84.05,0.8,3.81,Teesta_Lalmonirhat
2013-11-08,0.0,27.79,17.95,0.91,79.01,0.8,4.23,Teesta_Lalmonirhat
2013-11-09,0.0,27.74,18.19,0.78,79.26,0.79,4.18,Teesta_Lalmonirhat
2013-11-10,0.0,27.16,17.9,0.85,78.7,0.78,4.23,Teesta_Lalmonirhat
2013-11-11,0.0,26.61,14.96,0.76,78.74,0.78,3.71,Teesta_Lalmonirhat
2013-11-12,0.0,26.25,13.54,0.74,78.58,0.77,3.62,Teesta_Lalmonirhat
2013-11-13,0.0,26.03,13.6,0.65,75.38,0.76,3.66,Teesta_Lalmonirhat
2013-11-14,0.0,26.01,15.21,0.97,77.44,0.76,3.54,Teesta_Lalmonirhat
2013-11-15,0.0,26.15,15.6,1.56,73.7,0.75,3.62,Teesta_Lalmonirhat
2013-11-16,0.0,27.03,16.13,1.18,64.0,0.74,3.98,Teesta_Lalmonirhat
2013-11-17,0.0,26.27,14.74,0.75,66.81,0.73,3.65,Teesta_Lalmonirhat
2013-11-18,0.0,27.12,14.93,0.52,70.83,0.73,3.75,Teesta_Lalmonirhat
2013-11-19,0.0,25.8,14.21,0.62,75.13,0.72,3.23,Teesta_Lalmonirhat
2013-11-20,0.0,25.95,14.9,0.93,80.25,0.72,3.22,Teesta_Lalmonirhat
2013-11-21,0.0,25.85,14.93,0.5,79.36,0.71,3.21,Teesta_Lalmonirhat
2013-11-22,0.0,26.07,16.31,0.75,82.91,0.71,3.33,Teesta_Lalmonirhat
2013-11-23,0.0,25.28,14.11,1.14,81.15,0.7,2.79,Teesta_Lalmonirhat
2013-11-24,0.0,25.53,15.26,0.57,80.1,0.7,2.8,Teesta_Lalmonirhat
2013-11-25,0.0,26.37,15.16,0.57,79.41,0.69,3.02,Teesta_Lalmonirhat
2013-11-26,0.0,26.07,15.7,0.91,80.29,0.68,2.87,Teesta_Lalmonirhat
2013-11-27,0.0,26.47,16.19,1.25,82.67,0.68,2.91,Teesta_Lalmonirhat
2013-11-28,0.0,26.76,16.98,1.4,84.37,0.67,2.62,Teesta_Lalmonirhat
2013-11-29,0.0,26.5,18.23,1.23,86.43,0.67,2.52,Teesta_Lalmonirhat
2013-11-30,0.0,26.09,15.38,1.65,86.55,0.66,2.12,Teesta_Lalmonirhat
2013-12-01,0.0,26.13,14.27,0.78,78.51,0.66,2.14,Teesta_Lalmonirhat
2013-12-02,0.0,26.57,16.14,0.62,76.6,0.65,2.4,Teesta_Lalmonirhat
2013-12-03,0.0,26.49,16.51,1.13,82.45,0.65,2.2,Teesta_Lalmonirhat
2013-12-04,0.0,27.1,16.55,0.78,82.11,0.65,2.41,Teesta_Lalmonirhat
2013-12-05,0.0,26.3,14.38,0.89,78.42,0.64,2.16,Teesta_Lalmonirhat
2013-12-06,0.0,25.98,13.88,0.75,73.59,0.64,2.0,Teesta_Lalmonirhat
2013-12-07,0.0,26.42,16.09,0.74,74.61,0.63,2.06,Teesta_Lalmonirhat
2013-12-08,0.0,26.42,15.91,0.55,75.74,0.63,2.09,Teesta_Lalmonirhat
2013-12-09,0.0,26.09,15.19,0.75,78.66,0.62,1.92,Teesta_Lalmonirhat
2013-12-10,0.0,25.94,14.8,1.1,79.62,0.62,1.79,Teesta_Lalmonirhat
2013-12-11,0.0,24.34,12.62,1.64,81.31,0.61,1.24,Teesta_Lalmonirhat
2013-12-12,0.0,23.42,10.76,1.44,79.42,0.61,1.04,Teesta_Lalmonirhat
2013-12-13,0.0,22.63,11.23,1.1,76.55,0.61,0.94,Teesta_Lalmonirhat
2013-12-14,0.0,23.9,12.17,1.0,75.23,0.61,1.2,Teesta_Lalmonirhat
2013-12-15,0.0,24.08,12.49,1.06,73.76,0.6,1.22,Teesta_Lalmonirhat
2013-12-16,0.0,22.32,11.25,0.96,77.44,0.6,0.96,Teesta_Lalmonirhat
2013-12-17,0.0,22.59,10.52,1.08,68.78,0.6,1.08,Teesta_Lalmonirhat
2013-12-18,0.0,22.58,10.63,1.12,72.33,0.59,1.08,Teesta_Lalmonirhat
2013-12-19,0.0,22.75,11.19,1.18,79.51,0.59,0.99,Teesta_Lalmonirhat
2013-12-20,0.0,22.01,11.53,1.09,81.63,0.59,0.73,Teesta_Lalmonirhat
2013-12-21,0.01,22.06,11.54,1.49,85.3,0.58,0.77,Teesta_Lalmonirhat
2013-12-22,0.0,23.14,11.51,1.11,81.96,0.58,0.89,Teesta_Lalmonirhat
2013-12-23,0.01,22.99,11.62,1.0,78.34,0.58,0.74,Teesta_Lalmonirhat
2013-12-24,0.0,22.97,12.59,1.18,80.76,0.58,0.79,Teesta_Lalmonirhat
2013-12-25,0.0,21.1,8.71,1.33,76.04,0.57,0.79,Teesta_Lalmonirhat
2013-12-26,0.0,20.88,8.75,1.14,76.79,0.57,0.67,Teesta_Lalmonirhat
2013-12-27,0.0,20.65,9.05,0.89,73.71,0.57,0.6,Teesta_Lalmonirhat
2013-12-28,0.0,21.94,8.68,1.09,69.61,0.57,0.74,Teesta_Lalmonirhat
2013-12-29,0.0,20.74,9.09,1.14,74.11,0.56,0.62,Teesta_Lalmonirhat
2013-12-30,0.0,22.11,9.94,0.55,74.33,0.56,0.75,Teesta_Lalmonirhat
2013-12-31,0.0,23.01,9.84,0.95,75.54,0.56,0.77,Teesta_Lalmonirhat
2014-01-01,0.0,23.97,9.6,1.22,69.96,0.56,0.81,Teesta_Lalmonirhat
2014-01-02,0.0,23.02,10.4,1.93,80.64,0.55,0.7,Teesta_Lalmonirhat
2014-01-03,0.0,21.25,8.28,1.24,73.85,0.55,0.65,Teesta_Lalmonirhat
2014-01-04,0.0,22.26,10.14,0.89,74.93,0.55,0.6,Teesta_Lalmonirhat
2014-01-05,0.0,22.91,9.43,1.6,74.62,0.54,0.61,Teesta_Lalmonirhat
2014-01-06,0.0,22.02,12.65,2.12,81.17,0.54,0.5,Teesta_Lalmonirhat
2014-01-07,0.0,21.79,9.11,1.94,70.91,0.54,0.62,Teesta_Lalmonirhat
2014-01-08,0.0,20.58,8.05,0.89,59.81,0.54,0.54,Teesta_Lalmonirhat
2014-01-09,0.0,20.66,7.91,0.64,67.83,0.53,0.5,Teesta_Lalmonirhat
2014-01-10,0.0,22.1,8.42,0.83,64.22,0.53,0.57,Teesta_Lalmonirhat
2014-01-11,0.03,21.82,9.61,1.56,75.07,0.53,0.36,Teesta_Lalmonirhat
2014-01-12,0.0,23.31,9.6,1.75,74.09,0.53,0.63,Teesta_Lalmonirhat
2014-01-13,0.0,23.73,10.89,0.52,72.24,0.53,0.6,Teesta_Lalmonirhat
2014-01-14,0.0,24.92,11.28,0.8,75.43,0.52,0.64,Teesta_Lalmonirhat
2014-01-15,0.0,24.61,11.6,1.45,68.35,0.52,0.63,Teesta_Lalmonirhat
2014-01-16,0.0,22.96,9.3,1.39,64.68,0.52,0.54,Teesta_Lalmonirhat
2014-01-17,0.0,24.31,10.69,1.03,65.8,0.51,0.55,Teesta_Lalmonirhat
2014-01-18,0.01,26.34,12.5,2.29,76.72,0.51,0.6,Teesta_Lalmonirhat
2014-01-19,0.06,26.61,14.46,1.78,68.74,0.51,0.68,Teesta_Lalmonirhat
2014-01-20,0.0,24.39,10.15,1.18,70.18,0.51,0.54,Teesta_Lalmonirhat
2014-01-21,0.0,25.57,11.61,1.28,75.57,0.5,0.54,Teesta_Lalmonirhat
2014-01-22,0.0,26.55,13.25,1.07,68.68,0.5,0.58,Teesta_Lalmonirhat
2014-01-23,0.0,27.51,14.44,1.46,63.42,0.5,0.6,Teesta_Lalmonirhat
2014-01-24,0.0,25.92,12.82,1.49,66.18,0.49,0.54,Teesta_Lalmonirhat
2014-01-25,0.0,25.72,11.3,1.66,67.71,0.49,0.5,Teesta_Lalmonirhat
2014-01-26,0.0,24.59,9.33,1.3,65.15,0.49,0.48,Teesta_Lalmonirhat
2014-01-27,0.0,24.76,8.89,1.59,63.97,0.49,0.43,Teesta_Lalmonirhat
2014-01-28,0.0,24.34,7.84,1.28,60.06,0.48,0.43,Teesta_Lalmonirhat
2014-01-29,0.0,25.5,11.63,0.91,59.61,0.48,0.37,Teesta_Lalmonirhat
2014-01-30,0.0,27.4,12.36,0.86,59.51,0.48,0.46,Teesta_Lalmonirhat
2014-01-31,0.0,27.25,11.74,1.03,56.99,0.48,0.5,Teesta_Lalmonirhat
2014-02-01,0.0,27.17,10.29,1.07,51.94,0.47,0.5,Teesta_Lalmonirhat
2014-02-02,0.0,26.63,8.21,1.72,54.12,0.47,0.42,Teesta_Lalmonirhat
2014-02-03,0.0,25.07,8.48,1.65,59.72,0.47,0.33,Teesta_Lalmonirhat
2014-02-04,0.0,25.78,8.52,1.9,56.59,0.47,0.4,Teesta_Lalmonirhat
2014-02-05,0.0,26.3,10.93,1.52,59.5,0.46,0.33,Teesta_Lalmonirhat
2014-02-06,0.0,26.36,11.45,2.01,58.32,0.46,0.34,Teesta_Lalmonirhat
2014-02-07,0.0,27.63,12.15,1.31,57.14,0.46,0.39,Teesta_Lalmonirhat
2014-02-08,0.0,28.48,13.57,2.8,56.47,0.46,0.39,Teesta_Lalmonirhat
2014-02-09,0.0,28.82,13.27,3.1,52.58,0.45,0.47,Teesta_Lalmonirhat
2014-02-10,0.0,27.19,10.65,2.21,50.41,0.45,0.39,Teesta_Lalmonirhat
2014-02-11,0.0,27.33,10.71,2.43,43.02,0.45,0.36,Teesta_Lalmonirhat
2014-02-12,0.0,26.97,10.08,2.65,45.69,0.45,0.36,Teesta_Lalmonirhat
2014-02-13,0.0,26.28,8.52,1.26,41.66,0.44,0.31,Teesta_Lalmonirhat
2014-02-14,0.95,26.42,10.31,1.48,42.76,0.44,0.3,Teesta_Lalmonirhat
2014-02-15,18.65,18.35,13.78,1.62,83.62,0.47,0.08,Teesta_Lalmonirhat
2014-02-16,2.98,25.09,13.15,1.28,72.63,0.48,0.41,Teesta_Lalmonirhat
2014-02-17,1.7,24.59,12.71,3.25,62.31,0.48,0.48,Teesta_Lalmonirhat
2014-02-18,0.03,25.44,8.17,1.47,52.6,0.47,0.44,Teesta_Lalmonirhat
2014-02-19,0.0,25.91,9.87,0.96,55.78,0.47,0.48,Teesta_Lalmonirhat
2014-02-20,0.0,27.81,10.78,0.97,52.98,0.47,0.53,Teesta_Lalmonirhat
2014-02-21,0.0,28.36,11.9,1.39,47.53,0.46,0.45,Teesta_Lalmonirhat
2014-02-22,0.0,28.22,12.93,1.17,45.74,0.46,0.4,Teesta_Lalmonirhat
2014-02-23,0.24,29.8,14.93,2.62,56.73,0.46,0.49,Teesta_Lalmonirhat
2014-02-24,0.0,29.55,15.55,2.91,58.68,0.45,0.51,Teesta_Lalmonirhat
2014-02-25,0.0,29.1,13.19,1.58,52.71,0.45,0.44,Teesta_Lalmonirhat
2014-02-26,0.0,28.64,13.96,1.81,53.0,0.45,0.32,Teesta_Lalmonirhat
2014-02-27,0.0,30.07,13.53,2.35,53.95,0.45,0.4,Teesta_Lalmonirhat
2014-02-28,1.08,29.11,16.55,2.27,62.89,0.44,0.3,Teesta_Lalmonirhat
2014-03-01,0.69,27.11,16.64,1.68,69.38,0.44,0.24,Teesta_Lalmonirhat
2014-03-02,0.0,27.8,15.59,2.4,68.57,0.44,0.29,Teesta_Lalmonirhat
2014-03-03,0.0,30.53,15.01,2.45,56.81,0.44,0.39,Teesta_Lalmonirhat
2014-03-04,0.0,29.88,14.17,1.96,47.59,0.43,0.34,Teesta_Lalmonirhat
2014-03-05,0.03,30.28,14.17,2.73,40.17,0.43,0.35,Teesta_Lalmonirhat
2014-03-06,0.04,30.09,12.81,2.72,44.7,0.43,0.3,Teesta_Lalmonirhat
2014-03-07,0.0,30.18,13.28,2.29,44.75,0.43,0.3,Teesta_Lalmonirhat
2014-03-08,0.0,30.74,12.45,2.33,43.31,0.42,0.29,Teesta_Lalmonirhat
2014-03-09,0.0,30.54,13.75,1.11,38.7,0.42,0.28,Teesta_Lalmonirhat
2014-03-10,0.0,31.18,16.77,1.32,38.76,0.42,0.23,Teesta_Lalmonirhat
2014-03-11,0.0,32.69,14.78,2.28,41.61,0.41,0.24,Teesta_Lalmonirhat
2014-03-12,0.0,32.64,14.47,2.01,42.86,0.41,0.22,Teesta_Lalmonirhat
2014-03-13,0.0,33.6,17.51,2.24,45.8,0.41,0.2,Teesta_Lalmonirhat
2014-03-14,0.0,32.96,17.51,1.2,44.16,0.4,0.2,Teesta_Lalmonirhat
2014-03-15,0.0,33.53,16.98,1.32,37.61,0.4,0.18,Teesta_Lalmonirhat
2014-03-16,0.0,34.19,16.36,1.4,39.93,0.4,0.16,Teesta_Lalmonirhat
2014-03-17,0.0,33.9,18.95,1.37,40.6,0.4,0.15,Teesta_Lalmonirhat
2014-03-18,0.0,34.74,20.75,1.6,44.59,0.39,0.14,Teesta_Lalmonirhat
2014-03-19,0.03,36.42,21.59,2.36,40.86,0.39,0.14,Teesta_Lalmonirhat
2014-03-20,0.04,34.83,17.26,1.82,35.03,0.39,0.12,Teesta_Lalmonirhat
2014-03-21,0.09,33.57,18.28,1.09,32.42,0.39,0.11,Teesta_Lalmonirhat
2014-03-22,0.12,34.27,17.7,1.44,38.32,0.38,0.1,Teesta_Lalmonirhat
2014-03-23,0.33,33.86,18.11,1.58,42.92,0.38,0.09,Teesta_Lalmonirhat
2014-03-24,0.59,33.18,19.86,1.3,44.6,0.38,0.08,Teesta_Lalmonirhat
2014-03-25,0.0,34.32,20.18,1.61,43.26,0.38,0.08,Teesta_Lalmonirhat
2014-03-26,2.21,35.55,19.35,1.59,38.3,0.38,0.08,Teesta_Lalmonirhat
2014-03-27,0.08,37.86,21.6,2.19,36.69,0.38,0.09,Teesta_Lalmonirhat
2014-03-28,0.0,37.78,20.54,1.74,35.6,0.38,0.08,Teesta_Lalmonirhat
2014-03-29,0.0,39.98,19.95,3.24,29.73,0.37,0.08,Teesta_Lalmonirhat
2014-03-30,0.0,40.59,21.57,3.85,27.2,0.37,0.07,Teesta_Lalmonirhat
2014-03-31,0.01,36.94,20.92,3.49,23.75,0.37,0.05,Teesta_Lalmonirhat
2014-04-01,0.0,38.47,18.91,2.94,19.41,0.37,0.05,Teesta_Lalmonirhat
2014-04-02,0.0,38.32,19.06,2.33,19.63,0.37,0.05,Teesta_Lalmonirhat
2014-04-03,0.0,38.43,20.49,1.41,22.53,0.36,0.04,Teesta_Lalmonirhat
2014-04-04,1.48,36.69,21.5,2.14,39.74,0.37,0.04,Teesta_Lalmonirhat
2014-04-05,0.06,34.87,22.08,1.36,48.99,0.37,0.03,Teesta_Lalmonirhat
2014-04-06,0.0,36.97,22.84,1.25,42.18,0.36,0.03,Teesta_Lalmonirhat
2014-04-07,0.25,36.27,23.79,1.73,46.6,0.36,0.03,Teesta_Lalmonirhat
2014-04-08,0.46,38.95,23.9,1.94,40.61,0.36,0.03,Teesta_Lalmonirhat
2014-04-09,0.04,39.55,23.08,2.26,40.43,0.36,0.03,Teesta_Lalmonirhat
2014-04-10,0.22,38.73,21.91,1.69,18.96,0.36,0.03,Teesta_Lalmonirhat
2014-04-11,0.6,38.64,20.9,1.42,20.5,0.36,0.03,Teesta_Lalmonirhat
2014-04-12,0.0,38.6,20.06,1.53,24.02,0.36,0.02,Teesta_Lalmonirhat
2014-04-13,0.24,38.28,21.98,1.59,29.94,0.36,0.02,Teesta_Lalmonirhat
2014-04-14,0.03,38.77,22.97,1.55,31.17,0.36,0.02,Teesta_Lalmonirhat
2014-04-15,0.02,40.27,26.01,2.08,24.61,0.36,0.02,Teesta_Lalmonirhat
2014-04-16,0.0,39.94,24.86,1.49,25.15,0.36,0.01,Teesta_Lalmonirhat
2014-04-17,0.13,41.33,24.23,1.67,24.68,0.36,0.01,Teesta_Lalmonirhat
2014-04-18,0.11,39.89,23.64,1.74,28.02,0.36,0.01,Teesta_Lalmonirhat
2014-04-19,0.0,39.45,25.38,2.1,30.28,0.36,0.01,Teesta_Lalmonirhat
2014-04-20,0.2,41.47,25.0,3.14,27.96,0.36,0.01,Teesta_Lalmonirhat
2014-04-21,0.0,41.3,22.71,2.87,20.75,0.36,0.01,Teesta_Lalmonirhat
2014-04-22,0.0,42.06,23.01,2.57,16.63,0.36,0.0,Teesta_Lalmonirhat
2014-04-23,0.0,42.88,24.36,3.0,16.64,0.36,0.0,Teesta_Lalmonirhat
2014-04-24,0.0,42.32,24.42,3.54,19.35,0.36,0.0,Teesta_Lalmonirhat
2014-04-25,0.0,43.15,25.13,2.42,19.41,0.36,0.0,Teesta_Lalmonirhat
2014-04-26,0.02,41.74,24.42,1.61,28.85,0.36,0.0,Teesta_Lalmonirhat
2014-04-27,2.45,40.32,26.4,1.93,39.66,0.36,0.0,Teesta_Lalmonirhat
2014-04-28,9.09,39.21,26.4,1.86,40.33,0.37,0.01,Teesta_Lalmonirhat
2014-04-29,0.49,38.88,24.57,1.98,48.81,0.37,0.02,Teesta_Lalmonirhat
2014-04-30,1.01,39.36,25.87,1.74,48.52,0.37,0.01,Teesta_Lalmonirhat
2014-05-01,12.27,37.7,27.57,1.9,54.37,0.38,0.01,Teesta_Lalmonirhat
2014-05-02,5.02,36.06,25.72,1.2,60.77,0.39,0.12,Teesta_Lalmonirhat
2014-05-03,5.46,35.29,26.27,1.67,56.45,0.4,0.11,Teesta_Lalmonirhat
2014-05-04,10.1,32.84,26.06,1.69,62.92,0.41,0.17,Teesta_Lalmonirhat
2014-05-05,1.29,32.54,24.05,1.95,61.97,0.41,0.19,Teesta_Lalmonirhat
2014-05-06,1.7,35.26,24.67,1.74,55.2,0.41,0.24,Teesta_Lalmonirhat
2014-05-07,6.05,37.96,25.02,2.06,52.4,0.41,0.28,Teesta_Lalmonirhat
2014-05-08,5.66,36.87,25.24,2.97,57.51,0.42,0.32,Teesta_Lalmonirhat
2014-05-09,0.03,42.94,25.41,2.91,40.87,0.41,0.44,Teesta_Lalmonirhat
2014-05-10,0.06,42.53,25.38,3.39,36.44,0.41,0.32,Teesta_Lalmonirhat
2014-05-11,0.48,41.48,27.21,3.57,42.3,0.4,0.27,Teesta_Lalmonirhat
2014-05-12,0.9,39.5,27.15,1.99,51.86,0.4,0.24,Teesta_Lalmonirhat
2014-05-13,0.16,42.19,27.52,2.57,44.36,0.4,0.22,Teesta_Lalmonirhat
2014-05-14,0.07,42.64,26.72,3.12,35.37,0.39,0.18,Teesta_Lalmonirhat
2014-05-15,0.18,42.13,25.62,3.27,34.26,0.39,0.13,Teesta_Lalmonirhat
2014-05-16,0.0,41.83,24.83,2.15,33.11,0.38,0.11,Teesta_Lalmonirhat
2014-05-17,0.1,41.23,24.81,1.57,37.96,0.38,0.08,Teesta_Lalmonirhat
2014-05-18,1.65,40.21,25.88,1.75,49.34,0.38,0.07,Teesta_Lalmonirhat
2014-05-19,0.0,41.65,27.44,1.91,45.23,0.38,0.05,Teesta_Lalmonirhat
2014-05-20,0.06,41.15,28.3,1.67,45.58,0.37,0.04,Teesta_Lalmonirhat
2014-05-21,6.05,40.07,28.72,1.89,48.31,0.38,0.04,Teesta_Lalmonirhat
2014-05-22,11.52,40.3,27.46,2.08,53.78,0.39,0.12,Teesta_Lalmonirhat
2014-05-23,5.12,37.99,26.95,1.95,58.05,0.4,0.19,Teesta_Lalmonirhat
2014-05-24,21.98,34.93,26.01,1.64,65.25,0.43,0.48,Teesta_Lalmonirhat
2014-05-25,0.66,35.23,27.54,1.62,60.99,0.43,0.42,Teesta_Lalmonirhat
2014-05-26,14.41,32.93,26.3,1.11,70.48,0.44,0.42,Teesta_Lalmonirhat
2014-05-27,20.7,31.2,26.22,1.14,76.25,0.46,0.36,Teesta_Lalmonirhat
2014-05-28,78.22,32.24,26.44,1.98,83.2,0.55,1.21,Teesta_Lalmonirhat
2014-05-29,6.3,32.94,26.26,1.83,78.69,0.62,3.02,Teesta_Lalmonirhat
2014-05-30,3.49,33.95,25.13,1.27,72.1,0.6,4.64,Teesta_Lalmonirhat
2014-05-31,0.77,33.83,26.43,1.75,73.87,0.59,3.69,Teesta_Lalmonirhat
2014-06-01,0.1,34.77,27.24,1.45,69.14,0.58,5.05,Teesta_Lalmonirhat
2014-06-02,0.16,35.27,26.22,1.36,72.16,0.57,4.57,Teesta_Lalmonirhat
2014-06-03,0.91,35.18,26.38,2.3,72.25,0.56,3.57,Teesta_Lalmonirhat
2014-06-04,1.11,36.89,26.87,2.58,68.93,0.55,3.81,Teesta_Lalmonirhat
2014-06-05,1.33,37.42,27.18,2.61,68.09,0.54,3.21,Teesta_Lalmonirhat
2014-06-06,10.39,35.44,27.49,2.73,75.12,0.54,2.14,Teesta_Lalmonirhat
2014-06-07,6.14,34.97,27.58,2.75,76.58,0.55,2.51,Teesta_Lalmonirhat
2014-06-08,6.99,33.9,28.2,3.38,77.22,0.55,2.04,Teesta_Lalmonirhat
2014-06-09,7.57,35.35,27.37,2.21,76.96,0.56,2.94,Teesta_Lalmonirhat
2014-06-10,13.23,35.81,27.37,2.33,75.93,0.56,3.44,Teesta_Lalmonirhat
2014-06-11,5.33,34.98,27.78,2.29,76.77,0.57,3.3,Teesta_Lalmonirhat
2014-06-12,7.07,35.7,27.44,1.91,74.79,0.57,3.27,Teesta_Lalmonirhat
2014-06-13,5.16,38.07,27.47,2.05,72.78,0.57,3.99,Teesta_Lalmonirhat
2014-06-14,0.03,36.41,28.02,2.05,70.65,0.56,3.48,Teesta_Lalmonirhat
2014-06-15,0.18,36.07,27.56,1.28,67.76,0.55,3.03,Teesta_Lalmonirhat
2014-06-16,6.56,37.15,27.58,1.58,68.22,0.54,3.59,Teesta_Lalmonirhat
2014-06-17,4.08,36.7,27.94,1.55,72.37,0.55,2.92,Teesta_Lalmonirhat
2014-06-18,6.31,32.1,27.85,1.46,84.39,0.55,1.01,Teesta_Lalmonirhat
2014-06-19,6.01,31.8,27.33,1.89,85.0,0.55,0.97,Teesta_Lalmonirhat
2014-06-20,31.43,33.21,26.96,1.5,84.05,0.58,2.13,Teesta_Lalmonirhat
2014-06-21,30.34,30.05,27.31,1.51,91.86,0.63,0.87,Teesta_Lalmonirhat
2014-06-22,42.76,32.32,26.37,2.56,87.77,0.67,1.95,Teesta_Lalmonirhat
2014-06-23,11.0,34.43,27.22,2.43,83.66,0.7,3.98,Teesta_Lalmonirhat
2014-06-24,3.42,33.27,26.97,2.42,85.3,0.69,4.19,Teesta_Lalmonirhat
2014-06-25,0.62,32.87,27.25,1.83,81.5,0.68,3.37,Teesta_Lalmonirhat
2014-06-26,3.39,34.28,27.67,1.61,79.34,0.67,4.94,Teesta_Lalmonirhat
2014-06-27,9.02,33.3,27.37,2.0,83.98,0.67,3.94,Teesta_Lalmonirhat
2014-06-28,22.82,30.4,27.46,2.7,90.62,0.69,1.44,Teesta_Lalmonirhat
2014-06-29,18.06,31.94,27.24,2.87,88.0,0.71,2.33,Teesta_Lalmonirhat
2014-06-30,35.15,31.74,27.56,2.47,88.73,0.75,1.5,Teesta_Lalmonirhat
2014-07-01,14.58,31.86,27.06,1.28,86.18,0.77,1.55,Teesta_Lalmonirhat
2014-07-02,4.17,33.37,26.87,2.1,83.83,0.76,4.54,Teesta_Lalmonirhat
2014-07-03,2.98,32.17,26.9,3.07,86.16,0.76,3.66,Teesta_Lalmonirhat
2014-07-04,5.53,32.63,26.15,3.35,88.08,0.75,3.52,Teesta_Lalmonirhat
2014-07-05,10.41,32.93,26.65,3.4,88.24,0.75,4.16,Teesta_Lalmonirhat
2014-07-06,2.51,32.95,26.9,2.95,86.98,0.74,4.12,Teesta_Lalmonirhat
2014-07-07,3.78,33.01,27.28,3.17,86.69,0.73,4.52,Teesta_Lalmonirhat
2014-07-08,7.45,32.85,27.24,2.93,86.42,0.73,3.97,Teesta_Lalmonirhat
2014-07-09,4.91,33.88,27.45,2.14,85.02,0.73,4.46,Teesta_Lalmonirhat
2014-07-10,14.83,31.72,28.16,1.78,90.13,0.73,1.57,Teesta_Lalmonirhat
2014-07-11,11.05,32.26,27.54,2.19,86.79,0.75,2.66,Teesta_Lalmonirhat
2014-07-12,15.7,34.12,26.67,1.2,82.25,0.75,3.99,Teesta_Lalmonirhat
2014-07-13,13.14,32.92,27.88,1.15,84.52,0.76,2.07,Teesta_Lalmonirhat
2014-07-14,13.38,31.8,27.63,2.0,88.97,0.77,2.2,Teesta_Lalmonirhat
2014-07-15,2.85,30.02,27.29,2.14,89.37,0.77,1.39,Teesta_Lalmonirhat
2014-07-16,4.46,32.68,26.67,2.4,86.55,0.77,3.93,Teesta_Lalmonirhat
2014-07-17,5.49,30.84,27.27,1.95,88.82,0.76,1.75,Teesta_Lalmonirhat
2014-07-18,5.27,31.94,27.2,1.77,87.59,0.77,2.92,Teesta_Lalmonirhat
2014-07-19,2.13,32.18,27.23,1.87,85.14,0.76,3.06,Teesta_Lalmonirhat
2014-07-20,1.42,32.81,27.08,2.08,85.48,0.75,3.14,Teesta_Lalmonirhat
2014-07-21,0.84,33.14,26.73,3.9,84.38,0.74,4.86,Teesta_Lalmonirhat
2014-07-22,0.19,32.51,26.12,2.63,85.6,0.73,4.44,Teesta_Lalmonirhat
2014-07-23,4.44,31.68,26.61,1.82,87.05,0.72,2.82,Teesta_Lalmonirhat
2014-07-24,9.74,30.75,26.61,1.46,86.82,0.73,1.73,Teesta_Lalmonirhat
2014-07-25,3.16,32.23,26.91,0.83,78.58,0.73,3.06,Teesta_Lalmonirhat
2014-07-26,12.85,33.68,26.98,1.45,82.31,0.73,4.03,Teesta_Lalmonirhat
2014-07-27,13.59,30.7,26.85,1.24,89.19,0.75,1.34,Teesta_Lalmonirhat
2014-07-28,2.64,32.11,26.52,0.97,83.22,0.75,3.14,Teesta_Lalmonirhat
2014-07-29,0.63,31.83,26.38,1.44,84.43,0.74,3.65,Teesta_Lalmonirhat
2014-07-30,2.1,33.7,26.25,1.53,80.16,0.72,6.26,Teesta_Lalmonirhat
2014-07-31,4.39,33.26,26.88,1.74,83.54,0.72,4.99,Teesta_Lalmonirhat
2014-08-01,0.92,32.8,27.43,1.97,85.18,0.71,4.29,Teesta_Lalmonirhat
2014-08-02,2.0,32.22,27.41,1.4,84.46,0.7,2.88,Teesta_Lalmonirhat
2014-08-03,1.87,31.22,27.4,1.53,86.16,0.7,1.93,Teesta_Lalmonirhat
2014-08-04,2.43,32.48,26.75,2.5,85.87,0.69,3.25,Teesta_Lalmonirhat
2014-08-05,4.12,33.26,26.49,2.5,84.09,0.69,4.56,Teesta_Lalmonirhat
2014-08-06,16.78,33.08,26.58,2.06,84.09,0.7,4.65,Teesta_Lalmonirhat
2014-08-07,31.8,33.17,26.37,2.11,86.37,0.72,3.9,Teesta_Lalmonirhat
2014-08-08,4.09,33.29,26.93,1.65,85.34,0.72,3.58,Teesta_Lalmonirhat
2014-08-09,1.38,33.7,27.38,1.9,82.83,0.71,6.01,Teesta_Lalmonirhat
2014-08-10,2.11,32.59,26.63,2.32,85.1,0.7,4.12,Teesta_Lalmonirhat
2014-08-11,4.54,33.06,26.82,2.92,84.74,0.69,5.45,Teesta_Lalmonirhat
2014-08-12,7.31,32.06,26.49,2.94,86.71,0.69,3.09,Teesta_Lalmonirhat
2014-08-13,16.64,30.5,26.84,1.76,92.74,0.71,0.79,Teesta_Lalmonirhat
2014-08-14,28.79,30.01,26.48,1.85,92.94,0.72,1.08,Teesta_Lalmonirhat
2014-08-15,23.05,30.64,26.43,1.62,90.35,0.76,1.24,Teesta_Lalmonirhat
2014-08-16,11.3,30.93,25.85,1.82,87.23,0.77,2.4,Teesta_Lalmonirhat
2014-08-17,10.93,31.7,25.7,1.86,86.63,0.78,2.8,Teesta_Lalmonirhat
2014-08-18,14.43,31.91,26.13,2.33,89.17,0.79,2.33,Teesta_Lalmonirhat
2014-08-19,15.03,30.16,26.44,2.39,91.16,0.79,1.33,Teesta_Lalmonirhat
2014-08-20,31.35,30.62,26.75,2.18,91.15,0.82,1.19,Teesta_Lalmonirhat
2014-08-21,9.96,29.92,26.44,1.74,86.38,0.83,1.29,Teesta_Lalmonirhat
2014-08-22,9.36,30.19,25.84,2.34,91.62,0.83,1.33,Teesta_Lalmonirhat
2014-08-23,19.73,29.69,26.56,2.56,92.79,0.85,1.03,Teesta_Lalmonirhat
2014-08-24,28.78,29.21,26.71,3.25,94.44,0.87,0.67,Teesta_Lalmonirhat
2014-08-25,32.45,29.35,26.41,3.0,93.75,0.9,0.8,Teesta_Lalmonirhat
2014-08-26,22.16,30.28,25.79,2.26,91.45,0.91,1.39,Teesta_Lalmonirhat
2014-08-27,1.71,29.89,25.66,1.06,90.15,0.9,1.11,Teesta_Lalmonirhat
2014-08-28,0.38,30.49,25.9,0.99,87.11,0.9,1.22,Teesta_Lalmonirhat
2014-08-29,0.03,31.12,26.33,0.52,84.41,0.89,1.78,Teesta_Lalmonirhat
2014-08-30,11.61,31.27,26.66,1.03,88.58,0.89,1.58,Teesta_Lalmonirhat
2014-08-31,10.35,29.05,26.0,1.85,91.11,0.9,1.09,Teesta_Lalmonirhat
2014-09-01,0.12,29.09,25.16,2.06,87.45,0.9,2.53,Teesta_Lalmonirhat
2014-09-02,0.05,31.59,24.35,1.5,84.81,0.89,4.11,Teesta_Lalmonirhat
2014-09-03,0.0,31.72,25.76,1.56,87.0,0.88,3.69,Teesta_Lalmonirhat
2014-09-04,0.66,30.9,25.96,1.63,89.42,0.87,2.21,Teesta_Lalmonirhat
2014-09-05,7.21,30.75,25.25,1.35,87.92,0.87,2.62,Teesta_Lalmonirhat
2014-09-06,2.58,32.04,25.46,1.55,86.22,0.86,3.74,Teesta_Lalmonirhat
2014-09-07,1.09,30.28,26.64,1.09,88.5,0.86,1.74,Teesta_Lalmonirhat
2014-09-08,4.28,29.4,25.78,1.49,90.5,0.86,1.44,Teesta_Lalmonirhat
2014-09-09,3.08,31.77,25.37,1.73,86.51,0.85,4.58,Teesta_Lalmonirhat
2014-09-10,46.21,29.23,25.86,1.51,91.28,0.87,0.98,Teesta_Lalmonirhat
2014-09-11,24.6,29.67,25.56,1.45,90.0,0.9,1.47,Teesta_Lalmonirhat
2014-09-12,17.58,30.35,25.24,1.48,90.7,0.9,1.61,Teesta_Lalmonirhat
2014-09-13,19.67,30.62,25.34,1.34,89.06,0.91,2.35,Teesta_Lalmonirhat
2014-09-14,51.14,29.92,25.26,1.13,89.84,0.94,1.22,Teesta_Lalmonirhat
2014-09-15,12.44,31.19,25.49,0.86,85.0,0.95,2.72,Teesta_Lalmonirhat
2014-09-16,0.91,31.5,25.9,0.99,83.93,0.93,3.43,Teesta_Lalmonirhat
2014-09-17,0.09,32.64,25.8,1.16,83.57,0.92,4.5,Teesta_Lalmonirhat
2014-09-18,5.12,33.64,25.68,1.27,83.3,0.92,4.42,Teesta_Lalmonirhat
2014-09-19,16.41,29.38,26.24,2.04,94.21,0.92,0.66,Teesta_Lalmonirhat
2014-09-20,39.02,28.84,25.51,1.6,91.61,0.93,1.21,Teesta_Lalmonirhat
2014-09-21,79.78,28.42,25.85,2.81,95.22,0.97,0.35,Teesta_Lalmonirhat
2014-09-22,71.63,30.06,26.2,2.83,93.43,0.99,0.98,Teesta_Lalmonirhat
2014-09-23,4.21,30.78,24.84,1.85,87.81,0.98,2.97,Teesta_Lalmonirhat
2014-09-24,6.02,31.01,24.29,1.71,87.55,0.97,3.14,Teesta_Lalmonirhat
2014-09-25,9.9,31.06,25.39,1.6,87.55,0.97,2.9,Teesta_Lalmonirhat
2014-09-26,6.5,30.03,24.76,2.12,89.13,0.96,2.4,Teesta_Lalmonirhat
2014-09-27,13.96,30.92,23.71,2.39,87.98,0.96,3.05,Teesta_Lalmonirhat
2014-09-28,8.95,31.05,24.01,2.08,86.69,0.96,2.98,Teesta_Lalmonirhat
2014-09-29,0.23,31.14,24.24,0.91,82.24,0.95,4.66,Teesta_Lalmonirhat
2014-09-30,0.0,31.63,24.23,0.68,80.39,0.94,5.12,Teesta_Lalmonirhat
2014-10-01,0.0,31.82,24.18,0.73,78.14,0.93,5.88,Teesta_Lalmonirhat
2014-10-02,0.0,32.17,24.32,0.91,80.45,0.92,5.63,Teesta_Lalmonirhat
2014-10-03,0.44,31.43,24.17,0.97,84.22,0.91,4.59,Teesta_Lalmonirhat
2014-10-04,0.9,31.65,24.25,0.7,81.98,0.91,5.4,Teesta_Lalmonirhat
2014-10-05,0.0,30.69,23.48,1.27,84.36,0.9,4.38,Teesta_Lalmonirhat
2014-10-06,0.02,31.64,24.4,0.9,77.31,0.89,5.1,Teesta_Lalmonirhat
2014-10-07,0.61,31.73,24.69,0.89,78.68,0.88,4.7,Teesta_Lalmonirhat
2014-10-08,1.92,31.51,26.4,0.53,74.28,0.88,4.24,Teesta_Lalmonirhat
2014-10-09,0.1,32.61,24.07,0.7,75.96,0.87,6.91,Teesta_Lalmonirhat
2014-10-10,0.07,32.02,24.92,0.91,80.46,0.86,6.28,Teesta_Lalmonirhat
2014-10-11,0.02,31.41,24.5,0.77,79.48,0.85,6.09,Teesta_Lalmonirhat
2014-10-12,8.24,28.09,24.07,1.15,90.84,0.85,1.43,Teesta_Lalmonirhat
2014-10-13,2.7,29.63,24.11,0.65,82.56,0.85,1.83,Teesta_Lalmonirhat
2014-10-14,5.9,30.4,24.71,0.94,83.91,0.85,3.43,Teesta_Lalmonirhat
2014-10-15,4.66,29.8,24.08,1.86,89.75,0.85,2.53,Teesta_Lalmonirhat
2014-10-16,0.0,28.99,20.92,2.05,87.78,0.85,4.7,Teesta_Lalmonirhat
2014-10-17,0.0,28.27,18.93,1.1,84.44,0.84,4.87,Teesta_Lalmonirhat
2014-10-18,0.0,29.85,19.92,1.1,83.93,0.83,5.41,Teesta_Lalmonirhat
2014-10-19,0.01,28.54,18.1,1.59,82.93,0.82,4.78,Teesta_Lalmonirhat
2014-10-20,0.0,28.94,17.81,0.88,80.54,0.81,5.16,Teesta_Lalmonirhat
2014-10-21,0.0,29.28,19.19,0.86,79.93,0.8,5.14,Teesta_Lalmonirhat
2014-10-22,0.0,29.49,21.97,0.94,79.33,0.79,5.42,Teesta_Lalmonirhat
2014-10-23,0.0,29.86,20.73,0.63,78.46,0.79,5.69,Teesta_Lalmonirhat
2014-10-24,0.0,29.41,20.98,0.61,75.03,0.78,6.01,Teesta_Lalmonirhat
2014-10-25,0.07,27.49,20.95,1.16,83.1,0.77,2.52,Teesta_Lalmonirhat
2014-10-26,0.0,26.57,22.33,0.95,85.72,0.77,1.4,Teesta_Lalmonirhat
2014-10-27,0.0,28.14,21.13,1.18,83.11,0.76,4.75,Teesta_Lalmonirhat
2014-10-28,1.43,27.87,19.31,0.81,80.73,0.75,5.29,Teesta_Lalmonirhat
2014-10-29,0.84,27.67,19.14,1.08,84.4,0.75,4.45,Teesta_Lalmonirhat
2014-10-30,0.01,27.7,19.59,0.66,81.89,0.74,4.17,Teesta_Lalmonirhat
2014-10-31,0.0,28.59,19.55,0.66,80.4,0.73,5.13,Teesta_Lalmonirhat
2014-11-01,0.0,29.18,20.31,0.53,80.24,0.73,5.26,Teesta_Lalmonirhat
2014-11-02,0.0,28.89,20.33,0.63,83.24,0.72,4.47,Teesta_Lalmonirhat
2014-11-03,0.0,28.67,19.46,0.68,82.49,0.71,4.91,Teesta_Lalmonirhat
2014-11-04,0.0,28.91,18.04,1.22,80.0,0.7,4.43,Teesta_Lalmonirhat
2014-11-05,0.0,28.3,18.1,0.62,75.43,0.7,4.78,Teesta_Lalmonirhat
2014-11-06,0.0,29.16,18.89,0.62,71.82,0.69,4.86,Teesta_Lalmonirhat
2014-11-07,0.0,29.04,18.52,1.29,77.75,0.68,4.29,Teesta_Lalmonirhat
2014-11-08,0.0,29.67,20.03,1.11,77.23,0.67,4.56,Teesta_Lalmonirhat
2014-11-09,0.0,29.7,20.12,1.11,83.67,0.67,4.42,Teesta_Lalmonirhat
2014-11-10,0.0,28.0,17.6,1.45,79.96,0.66,3.76,Teesta_Lalmonirhat
2014-11-11,0.0,27.83,18.05,1.3,81.22,0.65,2.8,Teesta_Lalmonirhat
2014-11-12,0.0,27.6,18.06,1.25,79.49,0.65,2.64,Teesta_Lalmonirhat
2014-11-13,0.0,27.43,15.43,1.09,71.81,0.64,2.61,Teesta_Lalmonirhat
2014-11-14,0.0,26.65,14.71,0.86,72.52,0.64,2.21,Teesta_Lalmonirhat
2014-11-15,0.0,25.58,15.76,1.07,75.07,0.64,1.84,Teesta_Lalmonirhat
2014-11-16,0.0,25.25,15.53,1.15,74.25,0.63,1.61,Teesta_Lalmonirhat
2014-11-17,0.0,26.43,14.64,0.94,72.88,0.63,2.21,Teesta_Lalmonirhat
2014-11-18,0.0,26.95,15.69,0.43,71.88,0.62,2.47,Teesta_Lalmonirhat
2014-11-19,0.0,27.75,16.77,0.73,78.12,0.62,2.7,Teesta_Lalmonirhat
2014-11-20,0.0,26.83,15.67,1.21,75.69,0.61,2.25,Teesta_Lalmonirhat
2014-11-21,0.0,26.45,13.86,1.47,72.23,0.61,1.97,Teesta_Lalmonirhat
2014-11-22,0.0,25.6,12.64,1.24,71.79,0.6,1.65,Teesta_Lalmonirhat
2014-11-23,0.0,25.12,13.0,1.24,70.68,0.6,1.46,Teesta_Lalmonirhat
2014-11-24,0.0,25.19,12.73,0.6,66.17,0.6,1.53,Teesta_Lalmonirhat
2014-11-25,0.0,25.5,14.46,0.55,74.26,0.59,1.44,Teesta_Lalmonirhat
2014-11-26,0.0,25.13,13.39,1.04,71.67,0.59,1.34,Teesta_Lalmonirhat
2014-11-27,0.0,25.15,14.99,0.77,67.26,0.59,1.37,Teesta_Lalmonirhat
2014-11-28,0.0,25.48,14.19,1.16,67.15,0.58,1.45,Teesta_Lalmonirhat
2014-11-29,0.05,25.13,13.25,1.1,67.56,0.58,1.21,Teesta_Lalmonirhat
2014-11-30,0.0,25.74,13.42,0.96,71.23,0.58,1.51,Teesta_Lalmonirhat
2014-12-01,0.0,26.51,14.18,0.85,73.57,0.57,1.54,Teesta_Lalmonirhat
2014-12-02,0.0,27.2,14.99,0.85,76.14,0.57,1.63,Teesta_Lalmonirhat
2014-12-03,0.0,26.27,14.18,1.04,69.63,0.57,1.49,Teesta_Lalmonirhat
2014-12-04,0.0,26.9,15.13,0.68,71.6,0.56,1.45,Teesta_Lalmonirhat
2014-12-05,0.0,27.44,16.05,0.87,77.12,0.56,1.57,Teesta_Lalmonirhat
2014-12-06,0.0,26.49,14.52,1.47,74.07,0.55,1.32,Teesta_Lalmonirhat
2014-12-07,0.0,24.59,11.46,1.52,66.68,0.55,1.13,Teesta_Lalmonirhat
2014-12-08,0.0,24.62,11.09,1.28,68.77,0.55,0.96,Teesta_Lalmonirhat
2014-12-09,0.0,24.17,11.27,1.4,67.64,0.54,0.82,Teesta_Lalmonirhat
2014-12-10,0.0,23.06,9.69,1.44,68.1,0.54,0.7,Teesta_Lalmonirhat
2014-12-11,0.0,22.73,9.08,1.47,68.32,0.54,0.67,Teesta_Lalmonirhat
2014-12-12,0.0,22.14,9.14,0.64,69.79,0.54,0.62,Teesta_Lalmonirhat
2014-12-13,0.0,20.14,10.98,0.6,84.88,0.54,0.19,Teesta_Lalmonirhat
2014-12-14,0.1,23.61,13.64,0.47,78.6,0.54,0.36,Teesta_Lalmonirhat
2014-12-15,0.0,28.22,15.38,1.1,65.66,0.53,0.91,Teesta_Lalmonirhat
2014-12-16,0.04,24.98,15.52,1.65,74.7,0.53,0.84,Teesta_Lalmonirhat
2014-12-17,0.0,24.52,11.94,2.16,68.2,0.53,0.86,Teesta_Lalmonirhat
2014-12-18,0.0,22.48,8.16,1.05,70.18,0.52,0.63,Teesta_Lalmonirhat
2014-12-19,0.0,23.35,9.7,1.15,76.27,0.52,0.65,Teesta_Lalmonirhat
2014-12-20,0.0,24.94,11.18,0.44,71.56,0.52,0.72,Teesta_Lalmonirhat
2014-12-21,0.0,25.16,13.24,0.51,71.96,0.52,0.7,Teesta_Lalmonirhat
2014-12-22,0.0,25.44,13.26,0.57,72.09,0.51,0.79,Teesta_Lalmonirhat
2014-12-23,0.0,25.23,12.19,0.57,68.89,0.51,0.71,Teesta_Lalmonirhat
2014-12-24,0.0,25.72,11.87,1.15,64.48,0.51,0.66,Teesta_Lalmonirhat
2014-12-25,0.0,24.43,9.19,1.21,64.14,0.51,0.6,Teesta_Lalmonirhat
2014-12-26,0.0,23.09,8.06,1.45,63.83,0.5,0.5,Teesta_Lalmonirhat
2014-12-27,0.0,22.66,7.65,1.09,64.68,0.5,0.46,Teesta_Lalmonirhat
2014-12-28,0.0,24.74,10.53,0.89,67.45,0.5,0.48,Teesta_Lalmonirhat
2014-12-29,0.0,25.0,11.15,0.79,74.09,0.5,0.53,Teesta_Lalmonirhat
2014-12-30,0.0,26.26,11.33,0.93,74.72,0.5,0.58,Teesta_Lalmonirhat
2014-12-31,0.0,27.49,13.53,1.31,75.0,0.49,0.6,Teesta_Lalmonirhat
2015-01-01,0.0,26.5,15.59,1.05,71.43,0.49,0.46,Teesta_Lalmonirhat
2015-01-02,1.01,28.88,16.03,0.92,67.2,0.49,0.67,Teesta_Lalmonirhat
2015-01-03,10.4,26.97,16.73,1.26,79.59,0.5,0.47,Teesta_Lalmonirhat
2015-01-04,4.4,24.64,16.34,1.71,81.37,0.51,0.37,Teesta_Lalmonirhat
2015-01-05,0.01,24.82,13.42,2.86,72.11,0.51,0.67,Teesta_Lalmonirhat
2015-01-06,0.0,22.67,9.37,1.0,66.85,0.5,0.44,Teesta_Lalmonirhat
2015-01-07,0.0,23.48,9.77,1.3,64.26,0.5,0.41,Teesta_Lalmonirhat
2015-01-08,0.02,23.61,11.99,1.01,63.18,0.5,0.42,Teesta_Lalmonirhat
2015-01-09,0.0,25.64,10.89,1.95,65.97,0.5,0.52,Teesta_Lalmonirhat
2015-01-10,0.0,23.41,7.83,1.56,61.53,0.49,0.45,Teesta_Lalmonirhat
2015-01-11,0.0,23.22,8.8,0.6,57.09,0.49,0.42,Teesta_Lalmonirhat
2015-01-12,0.0,23.74,8.75,0.95,68.95,0.49,0.41,Teesta_Lalmonirhat
2015-01-13,0.0,25.62,12.67,0.74,70.93,0.49,0.47,Teesta_Lalmonirhat
2015-01-14,0.0,26.05,13.05,0.61,65.85,0.49,0.49,Teesta_Lalmonirhat
2015-01-15,0.0,26.67,13.26,0.98,72.81,0.48,0.5,Teesta_Lalmonirhat
2015-01-16,0.0,26.81,13.95,1.21,69.39,0.48,0.48,Teesta_Lalmonirhat
2015-01-17,0.43,26.77,12.42,1.74,62.87,0.48,0.44,Teesta_Lalmonirhat
2015-01-18,0.0,24.53,8.91,1.9,61.37,0.48,0.38,Teesta_Lalmonirhat
2015-01-19,0.0,23.98,8.32,1.3,60.29,0.47,0.36,Teesta_Lalmonirhat
2015-01-20,0.0,24.62,8.82,1.17,56.31,0.47,0.36,Teesta_Lalmonirhat
2015-01-21,0.0,24.9,8.89,0.83,58.21,0.47,0.34,Teesta_Lalmonirhat
2015-01-22,0.0,26.8,10.68,0.92,58.14,0.47,0.39,Teesta_Lalmonirhat
2015-01-23,0.0,27.08,12.07,1.56,53.69,0.47,0.38,Teesta_Lalmonirhat
2015-01-24,0.0,27.0,11.28,2.23,63.3,0.46,0.36,Teesta_Lalmonirhat
2015-01-25,0.0,26.03,10.55,1.56,59.59,0.46,0.36,Teesta_Lalmonirhat
2015-01-26,0.0,26.22,10.05,1.3,53.55,0.46,0.33,Teesta_Lalmonirhat
2015-01-27,0.0,27.36,12.63,2.01,60.0,0.46,0.31,Teesta_Lalmonirhat
2015-01-28,0.0,27.86,13.26,2.54,64.24,0.45,0.36,Teesta_Lalmonirhat
2015-01-29,0.0,28.28,13.26,2.14,57.21,0.45,0.34,Teesta_Lalmonirhat
2015-01-30,0.81,25.35,12.14,3.09,56.78,0.45,0.3,Teesta_Lalmonirhat
2015-01-31,0.0,23.57,7.64,1.4,50.49,0.45,0.23,Teesta_Lalmonirhat
2015-02-01,0.0,24.07,9.22,0.93,47.73,0.45,0.22,Teesta_Lalmonirhat
2015-02-02,0.0,26.03,10.47,0.96,53.15,0.44,0.25,Teesta_Lalmonirhat
2015-02-03,0.0,28.05,11.97,0.7,59.31,0.44,0.29,Teesta_Lalmonirhat
2015-02-04,0.0,29.06,11.82,2.3,50.81,0.44,0.28,Teesta_Lalmonirhat
2015-02-05,0.0,27.63,12.02,1.8,49.73,0.44,0.25,Teesta_Lalmonirhat
2015-02-06,0.0,26.39,10.01,1.54,51.18,0.43,0.21,Teesta_Lalmonirhat
2015-02-07,0.0,26.78,10.18,1.57,50.98,0.43,0.18,Teesta_Lalmonirhat
2015-02-08,0.0,27.61,12.35,1.4,50.14,0.43,0.2,Teesta_Lalmonirhat
2015-02-09,0.0,27.33,12.51,1.72,55.86,0.43,0.17,Teesta_Lalmonirhat
2015-02-10,0.0,27.41,12.78,1.9,52.1,0.43,0.19,Teesta_Lalmonirhat
2015-02-11,0.0,27.77,10.76,1.59,46.31,0.42,0.18,Teesta_Lalmonirhat
2015-02-12,0.0,28.11,10.77,1.83,44.48,0.42,0.17,Teesta_Lalmonirhat
2015-02-13,0.21,27.94,11.6,2.44,48.21,0.42,0.16,Teesta_Lalmonirhat
2015-02-14,0.0,26.92,11.5,1.48,47.48,0.42,0.14,Teesta_Lalmonirhat
2015-02-15,0.12,27.66,15.54,1.06,43.26,0.42,0.13,Teesta_Lalmonirhat
2015-02-16,0.0,29.03,14.62,1.23,51.29,0.41,0.16,Teesta_Lalmonirhat
2015-02-17,0.0,29.71,16.15,1.0,53.19,0.41,0.15,Teesta_Lalmonirhat
2015-02-18,0.99,29.77,18.44,1.46,52.02,0.41,0.14,Teesta_Lalmonirhat
2015-02-19,8.05,27.53,18.19,2.13,66.46,0.42,0.13,Teesta_Lalmonirhat
2015-02-20,0.01,28.82,15.67,1.66,60.88,0.42,0.19,Teesta_Lalmonirhat
2015-02-21,0.08,30.15,17.3,1.78,52.36,0.42,0.18,Teesta_Lalmonirhat
2015-02-22,0.03,31.68,16.68,1.65,48.65,0.42,0.2,Teesta_Lalmonirhat
2015-02-23,0.0,31.9,17.4,1.61,52.93,0.41,0.19,Teesta_Lalmonirhat
2015-02-24,1.0,32.78,18.53,1.77,51.47,0.41,0.18,Teesta_Lalmonirhat
2015-02-25,0.0,32.46,19.95,1.47,51.29,0.41,0.17,Teesta_Lalmonirhat
2015-02-26,0.0,33.12,19.72,1.99,49.28,0.41,0.17,Teesta_Lalmonirhat
2015-02-27,0.78,33.63,19.48,2.37,49.52,0.41,0.18,Teesta_Lalmonirhat
2015-02-28,0.01,34.4,18.3,2.21,47.13,0.4,0.16,Teesta_Lalmonirhat
2015-03-01,0.23,33.74,21.81,1.31,53.05,0.4,0.13,Teesta_Lalmonirhat
2015-03-02,1.0,34.18,22.48,2.42,46.57,0.4,0.14,Teesta_Lalmonirhat
2015-03-03,0.82,31.56,17.46,4.18,51.17,0.4,0.14,Teesta_Lalmonirhat
2015-03-04,0.9,31.15,17.29,4.59,45.07,0.4,0.13,Teesta_Lalmonirhat
2015-03-05,0.15,30.37,16.02,3.7,35.35,0.4,0.11,Teesta_Lalmonirhat
2015-03-06,0.0,29.68,12.68,2.45,38.36,0.39,0.09,Teesta_Lalmonirhat
2015-03-07,0.0,31.17,14.02,2.38,41.89,0.39,0.09,Teesta_Lalmonirhat
2015-03-08,0.0,31.97,16.35,1.33,40.55,0.39,0.09,Teesta_Lalmonirhat
2015-03-09,0.0,33.98,16.15,1.34,36.86,0.39,0.08,Teesta_Lalmonirhat
2015-03-10,0.0,36.13,15.65,3.03,31.32,0.38,0.09,Teesta_Lalmonirhat
2015-03-11,0.0,34.0,14.92,2.01,29.76,0.38,0.07,Teesta_Lalmonirhat
2015-03-12,0.0,34.67,15.55,1.88,30.71,0.38,0.07,Teesta_Lalmonirhat
2015-03-13,0.0,34.91,15.12,2.22,29.73,0.38,0.06,Teesta_Lalmonirhat
2015-03-14,0.0,36.15,17.43,3.54,35.16,0.37,0.06,Teesta_Lalmonirhat
2015-03-15,0.0,36.33,19.03,3.6,35.11,0.37,0.06,Teesta_Lalmonirhat
2015-03-16,0.07,35.87,19.61,4.61,38.38,0.37,0.05,Teesta_Lalmonirhat
2015-03-17,0.01,36.69,20.51,4.21,38.74,0.37,0.05,Teesta_Lalmonirhat
2015-03-18,0.02,35.5,20.48,3.47,33.84,0.37,0.04,Teesta_Lalmonirhat
2015-03-19,0.69,34.33,16.79,2.66,29.38,0.37,0.04,Teesta_Lalmonirhat
2015-03-20,0.0,34.58,16.77,1.43,30.1,0.37,0.03,Teesta_Lalmonirhat
2015-03-21,0.0,36.09,20.29,1.7,28.77,0.37,0.04,Teesta_Lalmonirhat
2015-03-22,0.0,36.56,19.01,1.46,31.06,0.37,0.03,Teesta_Lalmonirhat
2015-03-23,0.0,37.95,21.65,1.49,31.55,0.36,0.03,Teesta_Lalmonirhat
2015-03-24,0.03,36.68,22.04,1.92,36.98,0.36,0.02,Teesta_Lalmonirhat
2015-03-25,0.0,37.39,22.71,1.76,44.07,0.36,0.02,Teesta_Lalmonirhat
2015-03-26,1.22,35.99,23.12,1.99,45.64,0.36,0.02,Teesta_Lalmonirhat
2015-03-27,3.76,31.03,24.2,2.25,61.09,0.37,0.01,Teesta_Lalmonirhat
2015-03-28,0.81,34.66,22.92,1.6,56.57,0.37,0.02,Teesta_Lalmonirhat
2015-03-29,0.37,35.6,22.86,1.84,53.93,0.37,0.03,Teesta_Lalmonirhat
2015-03-30,11.05,34.17,24.28,1.88,58.2,0.38,0.02,Teesta_Lalmonirhat
2015-03-31,1.55,33.63,20.81,2.53,56.89,0.39,0.08,Teesta_Lalmonirhat
2015-04-01,0.42,35.85,21.76,3.05,49.57,0.39,0.08,Teesta_Lalmonirhat
2015-04-02,4.31,35.18,22.21,3.22,52.95,0.39,0.08,Teesta_Lalmonirhat
2015-04-03,0.04,37.21,21.61,1.84,43.76,0.39,0.08,Teesta_Lalmonirhat
2015-04-04,2.55,37.43,23.26,2.23,46.82,0.38,0.07,Teesta_Lalmonirhat
2015-04-05,5.34,32.96,22.72,1.85,61.57,0.39,0.08,Teesta_Lalmonirhat
2015-04-06,0.47,34.19,23.15,2.75,54.11,0.39,0.1,Teesta_Lalmonirhat
2015-04-07,0.09,35.82,21.96,1.96,53.19,0.39,0.11,Teesta_Lalmonirhat
2015-04-08,0.24,36.17,23.25,3.0,55.51,0.38,0.08,Teesta_Lalmonirhat
2015-04-09,0.0,38.46,23.11,3.3,45.34,0.38,0.08,Teesta_Lalmonirhat
2015-04-10,0.0,38.19,20.13,2.24,33.9,0.38,0.06,Teesta_Lalmonirhat
2015-04-11,0.0,37.99,20.64,1.81,38.39,0.38,0.05,Teesta_Lalmonirhat
2015-04-12,1.39,35.34,22.95,2.41,55.94,0.37,0.04,Teesta_Lalmonirhat
2015-04-13,2.15,29.08,24.94,0.8,66.99,0.38,0.02,Teesta_Lalmonirhat
2015-04-14,0.0,35.6,23.28,1.97,46.81,0.38,0.04,Teesta_Lalmonirhat
2015-04-15,0.0,35.67,23.69,2.23,45.3,0.37,0.03,Teesta_Lalmonirhat
2015-04-16,0.0,39.48,24.31,3.55,42.36,0.37,0.04,Teesta_Lalmonirhat
2015-04-17,0.41,38.89,24.28,3.75,41.13,0.37,0.04,Teesta_Lalmonirhat
2015-04-18,27.78,31.71,23.19,1.45,65.09,0.4,0.13,Teesta_Lalmonirhat
2015-04-19,10.67,35.78,22.71,1.91,63.2,0.43,0.53,Teesta_Lalmonirhat
2015-04-20,2.45,36.06,24.05,2.49,61.61,0.43,0.48,Teesta_Lalmonirhat
2015-04-21,6.46,36.12,25.54,2.94,59.84,0.43,0.53,Teesta_Lalmonirhat
2015-04-22,12.4,35.62,25.42,2.91,65.3,0.45,0.66,Teesta_Lalmonirhat
2015-04-23,3.46,37.6,24.73,2.74,63.8,0.45,0.86,Teesta_Lalmonirhat
2015-04-24,15.43,32.65,24.92,2.54,74.26,0.46,0.61,Teesta_Lalmonirhat
2015-04-25,11.16,28.67,22.63,1.47,74.94,0.49,0.38,Teesta_Lalmonirhat
2015-04-26,0.28,32.62,21.68,1.19,57.79,0.48,1.23,Teesta_Lalmonirhat
2015-04-27,2.25,32.31,22.09,1.37,62.54,0.48,1.12,Teesta_Lalmonirhat
2015-04-28,9.16,32.8,22.57,2.21,65.08,0.48,1.21,Teesta_Lalmonirhat
2015-04-29,16.12,30.51,23.22,1.35,72.84,0.51,1.16,Teesta_Lalmonirhat
2015-04-30,0.19,34.57,23.8,1.1,57.63,0.51,2.31,Teesta_Lalmonirhat
2015-05-01,1.48,35.78,24.58,2.62,61.12,0.5,2.04,Teesta_Lalmonirhat
2015-05-02,4.34,35.95,24.59,2.72,66.11,0.49,1.65,Teesta_Lalmonirhat
2015-05-03,5.68,35.9,24.67,2.5,66.22,0.5,1.88,Teesta_Lalmonirhat
2015-05-04,0.11,38.75,24.2,2.28,55.91,0.49,2.02,Teesta_Lalmonirhat
2015-05-05,0.2,38.36,24.09,2.6,56.94,0.48,1.7,Teesta_Lalmonirhat
2015-05-06,0.39,37.41,24.48,2.58,60.91,0.48,1.52,Teesta_Lalmonirhat
2015-05-07,10.79,35.7,25.05,2.16,66.76,0.48,1.24,Teesta_Lalmonirhat
2015-05-08,2.49,30.24,25.38,2.27,78.14,0.49,0.54,Teesta_Lalmonirhat
2015-05-09,0.26,33.92,24.16,1.49,69.08,0.49,1.25,Teesta_Lalmonirhat
2015-05-10,9.49,34.3,25.67,2.15,71.42,0.49,1.18,Teesta_Lalmonirhat
2015-05-11,10.24,31.73,25.95,2.18,81.34,0.51,0.76,Teesta_Lalmonirhat
2015-05-12,4.61,35.07,25.01,2.19,72.58,0.51,1.73,Teesta_Lalmonirhat
2015-05-13,1.59,35.99,25.22,2.08,66.06,0.51,2.03,Teesta_Lalmonirhat
2015-05-14,3.74,37.43,25.79,2.44,64.17,0.5,2.08,Teesta_Lalmonirhat
2015-05-15,1.9,40.04,25.78,2.74,60.5,0.5,2.23,Teesta_Lalmonirhat
2015-05-16,6.1,36.41,26.19,3.18,67.16,0.5,1.67,Teesta_Lalmonirhat
2015-05-17,2.49,36.74,25.76,3.01,63.56,0.5,1.97,Teesta_Lalmonirhat
2015-05-18,0.95,35.98,24.99,2.96,63.16,0.49,1.74,Teesta_Lalmonirhat
2015-05-19,5.1,35.33,26.13,2.47,67.14,0.49,1.59,Teesta_Lalmonirhat
2015-05-20,18.67,34.5,26.8,1.27,67.53,0.5,1.56,Teesta_Lalmonirhat
2015-05-21,1.94,37.6,26.47,2.1,61.54,0.51,2.48,Teesta_Lalmonirhat
2015-05-22,11.08,37.98,26.29,2.7,67.8,0.52,2.33,Teesta_Lalmonirhat
2015-05-23,2.44,39.24,26.7,2.51,64.54,0.51,2.48,Teesta_Lalmonirhat
2015-05-24,19.52,36.5,27.17,3.08,74.29,0.53,2.67,Teesta_Lalmonirhat
2015-05-25,6.32,36.09,27.14,2.9,72.76,0.53,2.67,Teesta_Lalmonirhat
2015-05-26,11.67,35.52,26.93,3.4,74.46,0.54,2.93,Teesta_Lalmonirhat
2015-05-27,20.41,33.34,26.46,2.91,78.6,0.55,2.88,Teesta_Lalmonirhat
2015-05-28,16.21,33.74,26.11,2.41,80.36,0.58,3.52,Teesta_Lalmonirhat
2015-05-29,6.82,33.78,26.76,3.03,78.61,0.58,3.64,Teesta_Lalmonirhat
2015-05-30,23.17,33.46,26.85,2.82,81.95,0.6,3.24,Teesta_Lalmonirhat
2015-05-31,7.74,33.94,26.86,3.08,80.14,0.6,3.96,Teesta_Lalmonirhat
2015-06-01,6.05,33.65,26.29,3.2,81.11,0.6,3.65,Teesta_Lalmonirhat
2015-06-02,3.69,33.92,26.66,2.98,79.8,0.6,4.11,Teesta_Lalmonirhat
2015-06-03,2.41,32.66,25.88,1.79,81.94,0.59,2.46,Teesta_Lalmonirhat
2015-06-04,1.4,35.66,26.56,2.4,73.76,0.59,4.88,Teesta_Lalmonirhat
2015-06-05,3.42,35.66,26.18,2.7,71.57,0.58,4.11,Teesta_Lalmonirhat
2015-06-06,1.25,34.82,26.62,2.99,75.58,0.57,3.54,Teesta_Lalmonirhat
2015-06-07,0.38,36.67,26.66,3.43,72.19,0.56,3.73,Teesta_Lalmonirhat
2015-06-08,2.15,35.41,27.05,2.78,72.91,0.55,2.99,Teesta_Lalmonirhat
2015-06-09,3.27,37.69,27.05,3.62,71.21,0.55,3.64,Teesta_Lalmonirhat
2015-06-10,39.84,34.01,27.62,3.85,81.75,0.57,2.01,Teesta_Lalmonirhat
2015-06-11,56.31,32.33,26.97,2.86,88.04,0.67,2.55,Teesta_Lalmonirhat
2015-06-12,29.72,32.24,26.82,3.21,86.83,0.7,3.25,Teesta_Lalmonirhat
2015-06-13,4.4,32.43,26.09,3.25,84.57,0.7,4.42,Teesta_Lalmonirhat
2015-06-14,14.64,30.29,25.83,2.58,87.94,0.71,2.32,Teesta_Lalmonirhat
2015-06-15,14.67,32.02,25.58,2.12,85.21,0.71,4.38,Teesta_Lalmonirhat
2015-06-16,29.63,32.06,25.69,2.11,85.16,0.73,4.19,Teesta_Lalmonirhat
2015-06-17,16.81,32.75,26.09,2.8,84.42,0.75,5.49,Teesta_Lalmonirhat
2015-06-18,27.57,31.93,26.15,2.95,85.67,0.75,3.95,Teesta_Lalmonirhat
2015-06-19,3.8,33.36,25.12,1.54,81.96,0.76,6.14,Teesta_Lalmonirhat
2015-06-20,0.91,33.35,26.54,1.77,83.53,0.75,5.24,Teesta_Lalmonirhat
2015-06-21,0.49,33.95,26.86,1.62,82.86,0.73,6.11,Teesta_Lalmonirhat
2015-06-22,15.28,32.76,26.93,3.02,86.38,0.73,4.24,Teesta_Lalmonirhat
2015-06-23,26.21,32.75,26.92,2.81,87.26,0.76,3.51,Teesta_Lalmonirhat
2015-06-24,33.15,29.84,26.98,2.88,93.74,0.78,0.64,Teesta_Lalmonirhat
2015-06-25,15.45,31.34,27.11,1.31,89.85,0.81,1.24,Teesta_Lalmonirhat
2015-06-26,27.85,31.23,26.3,1.39,89.63,0.83,1.36,Teesta_Lalmonirhat
2015-06-27,19.86,32.48,26.47,4.06,88.52,0.85,3.11,Teesta_Lalmonirhat
2015-06-28,3.8,30.72,25.55,2.3,87.38,0.84,2.46,Teesta_Lalmonirhat
2015-06-29,2.56,32.39,26.2,2.33,83.81,0.83,4.63,Teesta_Lalmonirhat
2015-06-30,8.68,32.59,26.21,2.87,86.08,0.83,4.16,Teesta_Lalmonirhat
2015-07-01,4.28,32.66,26.56,2.39,86.18,0.82,3.61,Teesta_Lalmonirhat
2015-07-02,5.4,33.24,26.93,2.59,85.36,0.81,4.6,Teesta_Lalmonirhat
2015-07-03,3.41,32.77,26.89,3.24,86.03,0.8,3.82,Teesta_Lalmonirhat
2015-07-04,3.01,32.53,27.46,3.31,87.28,0.79,2.44,Teesta_Lalmonirhat
2015-07-05,7.36,30.48,27.82,3.06,93.46,0.8,0.75,Teesta_Lalmonirhat
2015-07-06,6.22,31.58,27.04,0.79,84.92,0.8,2.17,Teesta_Lalmonirhat
2015-07-07,10.13,32.51,27.02,1.15,86.55,0.8,1.98,Teesta_Lalmonirhat
2015-07-08,1.63,32.4,27.23,0.95,83.3,0.8,2.59,Teesta_Lalmonirhat
2015-07-09,4.34,31.08,26.75,3.87,89.36,0.8,2.12,Teesta_Lalmonirhat
2015-07-10,9.61,30.96,26.04,2.53,87.73,0.8,2.01,Teesta_Lalmonirhat
2015-07-11,3.8,32.69,26.26,1.97,85.77,0.8,3.76,Teesta_Lalmonirhat
2015-07-12,1.27,33.12,26.73,2.24,84.58,0.79,5.21,Teesta_Lalmonirhat
2015-07-13,0.24,33.54,27.36,2.27,84.72,0.77,4.65,Teesta_Lalmonirhat
2015-07-14,20.54,32.17,27.66,2.36,89.31,0.77,1.74,Teesta_Lalmonirhat
2015-07-15,46.47,30.38,27.87,3.09,94.06,0.83,0.61,Teesta_Lalmonirhat
2015-07-16,13.68,30.57,26.76,1.29,87.95,0.85,1.46,Teesta_Lalmonirhat
2015-07-17,0.13,32.61,26.14,1.38,82.8,0.84,3.35,Teesta_Lalmonirhat
2015-07-18,0.67,32.56,25.67,1.47,82.7,0.83,3.88,Teesta_Lalmonirhat
2015-07-19,3.59,31.36,26.67,1.94,86.45,0.82,2.98,Teesta_Lalmonirhat
2015-07-20,6.39,28.71,25.78,2.26,90.53,0.82,1.12,Teesta_Lalmonirhat
2015-07-21,15.74,29.45,25.59,1.69,90.12,0.83,1.09,Teesta_Lalmonirhat
2015-07-22,12.01,30.14,26.12,1.41,90.88,0.84,1.2,Teesta_Lalmonirhat
2015-07-23,10.77,31.46,26.08,2.13,88.51,0.84,2.6,Teesta_Lalmonirhat
2015-07-24,22.49,31.05,26.58,2.01,89.49,0.86,2.17,Teesta_Lalmonirhat
2015-07-25,4.25,32.09,25.9,1.02,85.31,0.86,2.78,Teesta_Lalmonirhat
2015-07-26,0.6,33.33,26.54,1.03,80.54,0.85,4.44,Teesta_Lalmonirhat
2015-07-27,2.52,31.71,26.5,1.31,84.02,0.84,2.75,Teesta_Lalmonirhat
2015-07-28,0.12,34.54,25.76,1.01,77.41,0.83,5.93,Teesta_Lalmonirhat
2015-07-29,0.05,33.57,26.87,1.18,80.51,0.82,3.15,Teesta_Lalmonirhat
2015-07-30,2.86,33.76,27.47,1.85,82.96,0.81,2.97,Teesta_Lalmonirhat
2015-07-31,8.23,29.44,25.84,3.94,86.67,0.81,2.09,Teesta_Lalmonirhat
2015-08-01,17.85,29.04,25.26,3.76,92.0,0.82,0.8,Teesta_Lalmonirhat
2015-08-02,2.82,30.03,25.53,2.57,88.43,0.82,2.11,Teesta_Lalmonirhat
2015-08-03,2.78,31.44,24.8,1.94,86.81,0.82,3.99,Teesta_Lalmonirhat
2015-08-04,4.25,31.17,25.87,2.02,86.4,0.81,2.44,Teesta_Lalmonirhat
2015-08-05,4.08,32.15,26.05,2.66,85.67,0.8,3.94,Teesta_Lalmonirhat
2015-08-06,5.22,31.62,26.2,2.11,87.62,0.8,2.44,Teesta_Lalmonirhat
2015-08-07,4.27,32.26,26.55,1.12,84.6,0.8,2.26,Teesta_Lalmonirhat
2015-08-08,9.5,30.61,26.67,1.42,88.19,0.8,1.81,Teesta_Lalmonirhat
2015-08-09,7.78,31.95,26.05,1.2,85.27,0.8,2.79,Teesta_Lalmonirhat
2015-08-10,5.19,31.18,26.69,1.94,91.05,0.8,1.83,Teesta_Lalmonirhat
2015-08-11,5.74,33.93,26.68,1.33,81.21,0.8,5.38,Teesta_Lalmonirhat
2015-08-12,4.25,31.84,26.83,1.67,88.38,0.8,2.34,Teesta_Lalmonirhat
2015-08-13,0.67,33.24,26.74,1.81,85.24,0.79,5.25,Teesta_Lalmonirhat
2015-08-14,2.05,32.58,27.15,2.03,87.88,0.78,3.18,Teesta_Lalmonirhat
2015-08-15,11.84,30.16,27.77,2.7,92.55,0.78,1.23,Teesta_Lalmonirhat
2015-08-16,24.25,32.14,26.91,2.88,89.11,0.8,2.86,Teesta_Lalmonirhat
2015-08-17,18.65,31.42,27.0,3.21,90.61,0.82,1.91,Teesta_Lalmonirhat
2015-08-18,21.82,31.25,26.74,3.53,90.6,0.83,1.7,Teesta_Lalmonirhat
2015-08-19,39.64,30.55,27.32,3.43,92.11,0.85,1.31,Teesta_Lalmonirhat
2015-08-20,47.97,29.83,26.81,2.82,94.19,0.9,0.59,Teesta_Lalmonirhat
2015-08-21,127.04,30.72,26.53,1.96,89.36,0.96,0.73,Teesta_Lalmonirhat
2015-08-22,24.98,29.57,25.96,1.24,88.53,0.97,1.02,Teesta_Lalmonirhat
2015-08-23,11.72,31.99,25.48,1.59,84.79,0.96,2.85,Teesta_Lalmonirhat
2015-08-24,7.52,30.84,26.61,2.18,91.02,0.95,1.36,Teesta_Lalmonirhat
2015-08-25,2.67,30.48,26.44,1.71,91.95,0.94,0.9,Teesta_Lalmonirhat
2015-08-26,2.8,31.34,26.77,1.63,90.34,0.94,1.68,Teesta_Lalmonirhat
2015-08-27,4.67,32.14,26.96,1.81,88.47,0.93,2.4,Teesta_Lalmonirhat
2015-08-28,6.58,31.65,26.15,2.09,88.69,0.93,3.41,Teesta_Lalmonirhat
2015-08-29,10.84,30.79,26.56,2.31,91.01,0.93,1.61,Teesta_Lalmonirhat
2015-08-30,40.79,29.95,27.25,3.03,94.22,0.94,0.61,Teesta_Lalmonirhat
2015-08-31,46.17,29.8,27.04,2.6,94.37,0.97,0.46,Teesta_Lalmonirhat
2015-09-01,14.12,30.2,26.53,2.3,90.49,0.96,1.12,Teesta_Lalmonirhat
2015-09-02,30.29,28.88,26.18,2.23,93.69,0.97,0.51,Teesta_Lalmonirhat
2015-09-03,26.13,30.96,25.7,1.65,89.02,0.97,1.49,Teesta_Lalmonirhat
2015-09-04,25.14,30.38,25.19,1.88,89.65,0.98,1.36,Teesta_Lalmonirhat
2015-09-05,13.79,29.2,25.66,2.23,92.36,0.97,0.7,Teesta_Lalmonirhat
2015-09-06,18.61,31.91,25.37,2.21,88.7,0.97,2.12,Teesta_Lalmonirhat
2015-09-07,2.8,32.33,24.96,2.19,87.5,0.97,2.86,Teesta_Lalmonirhat
2015-09-08,9.53,31.5,25.57,2.02,88.03,0.96,2.26,Teesta_Lalmonirhat
2015-09-09,1.06,32.76,25.2,1.35,84.44,0.95,3.59,Teesta_Lalmonirhat
2015-09-10,0.25,33.13,26.52,1.18,84.24,0.94,2.73,Teesta_Lalmonirhat
2015-09-11,13.19,30.56,26.16,1.34,90.63,0.94,1.31,Teesta_Lalmonirhat
2015-09-12,5.71,31.95,26.17,1.34,86.85,0.94,2.82,Teesta_Lalmonirhat
2015-09-13,0.31,31.94,25.33,1.53,86.48,0.93,3.05,Teesta_Lalmonirhat
2015-09-14,1.39,31.54,25.47,1.69,89.41,0.93,2.34,Teesta_Lalmonirhat
2015-09-15,3.89,30.9,26.18,1.06,84.31,0.92,1.9,Teesta_Lalmonirhat
2015-09-16,0.92,31.72,26.68,1.13,85.22,0.92,2.41,Teesta_Lalmonirhat
2015-09-17,0.01,32.77,26.55,0.73,82.96,0.91,4.05,Teesta_Lalmonirhat
2015-09-18,0.03,34.29,27.15,0.72,80.75,0.91,4.24,Teesta_Lalmonirhat
2015-09-19,6.25,31.75,25.86,1.73,89.76,0.9,1.37,Teesta_Lalmonirhat
2015-09-20,37.52,29.57,25.45,2.7,92.25,0.92,1.67,Teesta_Lalmonirhat
2015-09-21,80.29,28.87,25.65,2.15,93.81,0.95,0.51,Teesta_Lalmonirhat
2015-09-22,35.95,28.96,26.34,1.89,94.95,0.98,0.32,Teesta_Lalmonirhat
2015-09-23,20.87,29.93,26.29,1.91,90.81,0.98,1.63,Teesta_Lalmonirhat
2015-09-24,6.63,29.9,25.25,3.11,92.79,0.97,1.11,Teesta_Lalmonirhat
2015-09-25,1.1,30.76,24.13,2.42,88.29,0.96,3.08,Teesta_Lalmonirhat
2015-09-26,0.01,31.36,22.46,1.58,85.2,0.95,3.85,Teesta_Lalmonirhat
2015-09-27,0.01,30.99,22.9,1.61,84.74,0.94,3.74,Teesta_Lalmonirhat
2015-09-28,0.0,31.44,23.8,1.18,84.52,0.93,4.52,Teesta_Lalmonirhat
2015-09-29,0.0,32.61,23.93,0.86,83.02,0.93,5.69,Teesta_Lalmonirhat
2015-09-30,0.0,32.45,24.57,1.02,85.02,0.92,5.21,Teesta_Lalmonirhat
2015-10-01,0.0,32.23,24.81,1.55,86.67,0.91,4.46,Teesta_Lalmonirhat
2015-10-02,0.11,32.06,25.14,1.72,85.67,0.9,4.47,Teesta_Lalmonirhat
2015-10-03,0.38,31.86,23.93,1.87,85.5,0.89,4.55,Teesta_Lalmonirhat
2015-10-04,0.12,32.62,23.98,0.72,76.19,0.88,6.15,Teesta_Lalmonirhat
2015-10-05,0.35,31.39,22.8,1.24,78.26,0.88,5.62,Teesta_Lalmonirhat
2015-10-06,1.68,32.71,24.57,0.83,72.26,0.87,5.88,Teesta_Lalmonirhat
2015-10-07,0.34,33.1,24.35,0.92,76.41,0.86,5.9,Teesta_Lalmonirhat
2015-10-08,0.46,31.4,25.42,1.27,84.61,0.85,4.91,Teesta_Lalmonirhat
2015-10-09,0.0,31.48,23.69,2.35,86.18,0.84,5.32,Teesta_Lalmonirhat
2015-10-10,0.39,31.49,21.46,1.83,82.38,0.83,5.17,Teesta_Lalmonirhat
2015-10-11,5.96,31.32,21.98,1.16,78.86,0.82,5.11,Teesta_Lalmonirhat
2015-10-12,1.84,27.97,23.57,1.41,84.18,0.82,3.21,Teesta_Lalmonirhat
2015-10-13,0.37,27.78,22.97,1.65,87.93,0.81,2.68,Teesta_Lalmonirhat
2015-10-14,0.88,26.48,22.32,1.48,89.42,0.81,1.97,Teesta_Lalmonirhat
2015-10-15,0.65,28.97,22.71,1.05,84.54,0.8,3.78,Teesta_Lalmonirhat
2015-10-16,1.27,29.93,22.86,1.03,83.33,0.8,4.92,Teesta_Lalmonirhat
2015-10-17,0.28,29.98,22.04,1.43,82.77,0.79,5.3,Teesta_Lalmonirhat
2015-10-18,0.0,30.35,21.86,0.91,79.5,0.78,5.85,Teesta_Lalmonirhat
2015-10-19,0.0,30.44,22.21,0.82,81.65,0.77,5.9,Teesta_Lalmonirhat
2015-10-20,0.0,30.45,21.98,1.35,84.28,0.76,5.27,Teesta_Lalmonirhat
2015-10-21,0.0,30.07,22.05,1.39,84.15,0.75,4.9,Teesta_Lalmonirhat
2015-10-22,4.88,29.84,22.0,1.55,86.03,0.75,4.03,Teesta_Lalmonirhat
2015-10-23,2.65,29.37,21.63,1.58,83.55,0.75,3.88,Teesta_Lalmonirhat
2015-10-24,0.0,29.11,19.75,0.86,70.92,0.74,4.85,Teesta_Lalmonirhat
2015-10-25,0.0,29.47,19.63,0.79,77.4,0.73,5.73,Teesta_Lalmonirhat
2015-10-26,0.0,29.5,20.19,0.83,77.84,0.72,5.62,Teesta_Lalmonirhat
2015-10-27,0.0,28.76,20.25,0.89,80.95,0.71,4.4,Teesta_Lalmonirhat
2015-10-28,0.0,29.14,20.69,0.52,77.79,0.71,5.28,Teesta_Lalmonirhat
2015-10-29,0.0,29.24,21.12,0.7,78.16,0.7,5.32,Teesta_Lalmonirhat
2015-10-30,0.0,29.3,21.41,1.11,80.41,0.69,4.5,Teesta_Lalmonirhat
2015-10-31,0.07,29.39,21.35,0.96,74.66,0.68,4.94,Teesta_Lalmonirhat
2015-11-01,0.04,29.43,21.74,1.12,80.09,0.68,4.78,Teesta_Lalmonirhat
2015-11-02,0.0,28.94,21.65,0.72,80.17,0.67,4.57,Teesta_Lalmonirhat
2015-11-03,0.42,28.72,20.4,1.64,83.61,0.66,3.95,Teesta_Lalmonirhat
2015-11-04,0.04,28.88,19.21,1.84,81.81,0.66,3.67,Teesta_Lalmonirhat
2015-11-05,0.09,28.3,18.66,1.35,78.85,0.65,2.87,Teesta_Lalmonirhat
2015-11-06,0.02,28.92,19.0,1.26,80.89,0.65,2.71,Teesta_Lalmonirhat
2015-11-07,0.0,28.93,20.33,0.84,71.02,0.64,3.23,Teesta_Lalmonirhat
2015-11-08,0.0,28.94,18.37,1.09,76.12,0.64,3.49,Teesta_Lalmonirhat
2015-11-09,0.0,28.87,18.78,1.38,81.32,0.63,3.47,Teesta_Lalmonirhat
2015-11-10,0.0,29.35,19.65,0.73,72.53,0.62,3.57,Teesta_Lalmonirhat
2015-11-11,0.0,29.31,20.2,1.08,70.37,0.62,3.36,Teesta_Lalmonirhat
2015-11-12,0.0,28.65,18.33,0.86,68.63,0.61,2.76,Teesta_Lalmonirhat
2015-11-13,0.0,28.93,18.25,0.43,68.24,0.61,2.99,Teesta_Lalmonirhat
2015-11-14,0.0,28.82,19.01,0.93,74.04,0.6,2.91,Teesta_Lalmonirhat
2015-11-15,0.0,28.21,18.66,1.41,77.24,0.6,2.28,Teesta_Lalmonirhat
2015-11-16,0.0,28.16,18.2,1.61,78.98,0.59,2.05,Teesta_Lalmonirhat
2015-11-17,0.0,29.1,18.31,1.26,74.53,0.59,1.93,Teesta_Lalmonirhat
2015-11-18,0.0,29.12,18.15,1.21,73.0,0.58,1.87,Teesta_Lalmonirhat
2015-11-19,0.0,28.19,18.06,1.16,78.9,0.58,2.0,Teesta_Lalmonirhat
2015-11-20,0.0,28.86,18.16,1.59,81.63,0.57,2.25,Teesta_Lalmonirhat
2015-11-21,0.0,29.05,18.07,1.27,80.16,0.57,2.33,Teesta_Lalmonirhat
2015-11-22,0.0,29.18,18.46,1.02,79.14,0.56,2.33,Teesta_Lalmonirhat
2015-11-23,0.0,29.27,19.1,0.87,77.23,0.56,2.17,Teesta_Lalmonirhat
2015-11-24,0.0,28.88,19.44,0.8,72.81,0.55,2.11,Teesta_Lalmonirhat
2015-11-25,0.0,28.69,18.9,1.17,77.07,0.55,1.88,Teesta_Lalmonirhat
2015-11-26,0.0,29.18,18.33,0.89,73.01,0.55,1.98,Teesta_Lalmonirhat
2015-11-27,0.0,28.37,18.67,1.4,74.15,0.54,1.37,Teesta_Lalmonirhat
2015-11-28,0.0,28.51,17.26,1.12,71.01,0.54,1.45,Teesta_Lalmonirhat
2015-11-29,0.0,28.51,17.91,0.88,78.26,0.54,1.34,Teesta_Lalmonirhat
2015-11-30,0.0,28.82,18.88,0.96,76.25,0.53,1.38,Teesta_Lalmonirhat
2015-12-01,0.0,29.28,18.26,1.15,68.31,0.53,1.24,Teesta_Lalmonirhat
2015-12-02,0.0,28.67,17.56,1.17,72.54,0.53,1.16,Teesta_Lalmonirhat
2015-12-03,0.65,27.73,17.21,1.86,73.57,0.52,0.95,Teesta_Lalmonirhat
2015-12-04,0.08,27.08,15.59,1.34,70.14,0.52,0.9,Teesta_Lalmonirhat
2015-12-05,0.0,27.23,15.78,1.02,66.22,0.52,0.77,Teesta_Lalmonirhat
2015-12-06,0.0,27.14,15.74,1.75,81.75,0.52,0.88,Teesta_Lalmonirhat
2015-12-07,0.0,26.87,16.29,1.49,74.7,0.51,0.93,Teesta_Lalmonirhat
2015-12-08,0.0,27.78,16.61,0.92,69.01,0.51,0.98,Teesta_Lalmonirhat
2015-12-09,0.0,27.54,17.31,0.91,65.7,0.51,0.89,Teesta_Lalmonirhat
2015-12-10,0.0,26.61,15.04,1.53,63.05,0.5,0.68,Teesta_Lalmonirhat
2015-12-11,0.0,27.0,14.36,1.49,58.89,0.5,0.65,Teesta_Lalmonirhat
2015-12-12,0.01,26.65,13.75,1.53,63.53,0.5,0.56,Teesta_Lalmonirhat
2015-12-13,0.01,27.1,14.37,1.36,68.54,0.5,0.58,Teesta_Lalmonirhat
2015-12-14,0.0,24.81,12.0,1.78,59.7,0.49,0.57,Teesta_Lalmonirhat
2015-12-15,0.0,23.41,10.21,1.41,54.8,0.49,0.47,Teesta_Lalmonirhat
2015-12-16,0.0,23.15,10.55,0.57,55.41,0.49,0.41,Teesta_Lalmonirhat
2015-12-17,0.0,24.55,11.65,1.12,67.83,0.49,0.48,Teesta_Lalmonirhat
2015-12-18,0.02,22.4,10.82,1.5,64.9,0.49,0.38,Teesta_Lalmonirhat
2015-12-19,0.0,23.0,8.11,1.21,54.47,0.48,0.38,Teesta_Lalmonirhat
2015-12-20,0.0,23.4,10.32,1.22,57.74,0.48,0.38,Teesta_Lalmonirhat
2015-12-21,0.0,23.49,9.16,1.04,50.36,0.48,0.41,Teesta_Lalmonirhat
2015-12-22,0.0,24.07,9.68,0.74,53.66,0.48,0.44,Teesta_Lalmonirhat
2015-12-23,0.0,24.7,10.89,1.01,54.28,0.48,0.44,Teesta_Lalmonirhat
2015-12-24,0.0,24.35,11.34,0.71,58.31,0.47,0.4,Teesta_Lalmonirhat
2015-12-25,0.0,24.34,11.0,0.91,57.77,0.47,0.38,Teesta_Lalmonirhat
2015-12-26,0.0,23.84,8.22,0.59,54.91,0.47,0.39,Teesta_Lalmonirhat
2015-12-27,0.0,25.27,12.24,0.41,54.91,0.47,0.48,Teesta_Lalmonirhat
2015-12-28,0.0,25.52,11.63,0.86,60.91,0.47,0.4,Teesta_Lalmonirhat
2015-12-29,0.0,25.91,11.93,0.94,52.4,0.46,0.37,Teesta_Lalmonirhat
2015-12-30,0.0,26.11,12.8,0.83,52.65,0.46,0.38,Teesta_Lalmonirhat
2015-12-31,0.01,26.6,13.78,0.71,63.52,0.46,0.36,Teesta_Lalmonirhat
2016-01-01,0.01,26.96,14.1,0.87,62.25,0.46,0.36,Teesta_Lalmonirhat
2016-01-02,0.0,27.26,13.95,0.72,66.35,0.46,0.39,Teesta_Lalmonirhat
2016-01-03,0.0,26.55,13.36,1.21,54.8,0.46,0.34,Teesta_Lalmonirhat
2016-01-04,0.0,26.35,11.63,0.97,50.08,0.45,0.34,Teesta_Lalmonirhat
2016-01-05,0.0,25.94,12.14,0.9,47.28,0.45,0.3,Teesta_Lalmonirhat
2016-01-06,0.0,25.94,12.69,1.07,54.69,0.45,0.32,Teesta_Lalmonirhat
2016-01-07,0.0,26.91,12.73,1.08,51.98,0.45,0.27,Teesta_Lalmonirhat
2016-01-08,0.0,25.53,12.14,1.52,56.98,0.45,0.22,Teesta_Lalmonirhat
2016-01-09,0.01,25.8,12.79,2.51,57.46,0.45,0.23,Teesta_Lalmonirhat
2016-01-10,0.01,25.21,10.45,0.83,51.13,0.44,0.22,Teesta_Lalmonirhat
2016-01-11,0.0,24.5,10.5,0.87,60.88,0.44,0.22,Teesta_Lalmonirhat
2016-01-12,0.0,25.12,11.41,1.08,59.89,0.44,0.21,Teesta_Lalmonirhat
2016-01-13,0.0,25.4,12.22,1.55,57.39,0.44,0.2,Teesta_Lalmonirhat
2016-01-14,0.01,25.6,12.01,1.91,55.33,0.44,0.19,Teesta_Lalmonirhat
2016-01-15,0.0,25.5,11.74,1.88,56.77,0.44,0.18,Teesta_Lalmonirhat
2016-01-16,0.0,25.81,10.89,1.88,49.65,0.43,0.18,Teesta_Lalmonirhat
2016-01-17,0.0,24.77,11.15,0.72,54.23,0.43,0.13,Teesta_Lalmonirhat
2016-01-18,0.0,25.43,10.86,0.93,61.84,0.43,0.16,Teesta_Lalmonirhat
2016-01-19,0.11,26.3,12.46,1.62,55.86,0.43,0.17,Teesta_Lalmonirhat
2016-01-20,16.19,19.98,14.43,1.49,80.5,0.45,0.06,Teesta_Lalmonirhat
2016-01-21,0.19,23.35,12.86,1.79,70.26,0.46,0.25,Teesta_Lalmonirhat
2016-01-22,0.03,23.58,9.14,1.84,57.42,0.45,0.27,Teesta_Lalmonirhat
2016-01-23,0.01,23.26,7.21,1.93,49.37,0.45,0.22,Teesta_Lalmonirhat
2016-01-24,0.0,22.76,6.57,1.16,46.3,0.45,0.2,Teesta_Lalmonirhat
2016-01-25,0.0,24.23,7.92,1.43,47.02,0.45,0.22,Teesta_Lalmonirhat
2016-01-26,0.0,23.05,7.88,1.36,48.7,0.44,0.16,Teesta_Lalmonirhat
2016-01-27,0.03,23.85,9.82,1.76,48.75,0.44,0.19,Teesta_Lalmonirhat
2016-01-28,0.0,24.47,10.42,1.34,53.13,0.44,0.16,Teesta_Lalmonirhat
2016-01-29,0.0,25.17,11.19,1.25,51.91,0.44,0.18,Teesta_Lalmonirhat
2016-01-30,0.0,26.07,12.77,1.44,47.32,0.44,0.17,Teesta_Lalmonirhat
2016-01-31,0.0,26.57,12.29,1.69,55.79,0.43,0.16,Teesta_Lalmonirhat
2016-02-01,0.01,26.9,12.81,1.67,57.53,0.43,0.17,Teesta_Lalmonirhat
2016-02-02,0.02,27.7,12.47,1.83,58.38,0.43,0.19,Teesta_Lalmonirhat
2016-02-03,0.01,28.17,12.96,2.18,46.11,0.43,0.2,Teesta_Lalmonirhat
2016-02-04,0.0,26.85,10.41,1.19,44.3,0.43,0.17,Teesta_Lalmonirhat
2016-02-05,0.0,26.07,10.4,1.03,39.24,0.42,0.14,Teesta_Lalmonirhat
2016-02-06,0.0,27.09,11.21,0.69,40.48,0.42,0.14,Teesta_Lalmonirhat
2016-02-07,0.0,27.72,15.03,1.21,52.62,0.42,0.12,Teesta_Lalmonirhat
2016-02-08,0.43,28.87,14.38,1.75,51.29,0.42,0.17,Teesta_Lalmonirhat
2016-02-09,0.06,27.07,15.24,1.86,63.79,0.42,0.13,Teesta_Lalmonirhat
2016-02-10,0.0,27.95,13.88,2.4,50.19,0.42,0.14,Teesta_Lalmonirhat
2016-02-11,0.0,29.35,13.07,2.31,44.04,0.41,0.15,Teesta_Lalmonirhat
2016-02-12,0.06,29.68,15.28,2.08,37.68,0.41,0.14,Teesta_Lalmonirhat
2016-02-13,0.0,29.52,12.65,1.63,37.78,0.41,0.14,Teesta_Lalmonirhat
2016-02-14,0.0,29.99,14.15,1.61,42.43,0.41,0.12,Teesta_Lalmonirhat
2016-02-15,0.0,31.31,16.08,1.76,45.84,0.41,0.13,Teesta_Lalmonirhat
2016-02-16,0.0,32.76,15.55,2.22,37.81,0.4,0.14,Teesta_Lalmonirhat
2016-02-17,0.0,33.05,16.51,2.66,43.89,0.4,0.12,Teesta_Lalmonirhat
2016-02-18,0.0,32.82,16.51,1.9,44.66,0.4,0.12,Teesta_Lalmonirhat
2016-02-19,0.0,32.89,17.65,1.4,46.48,0.4,0.1,Teesta_Lalmonirhat
2016-02-20,0.0,33.5,19.26,1.72,48.01,0.39,0.08,Teesta_Lalmonirhat
2016-02-21,0.0,34.77,20.32,5.29,41.13,0.39,0.11,Teesta_Lalmonirhat
2016-02-22,0.0,33.41,17.3,3.37,34.91,0.39,0.1,Teesta_Lalmonirhat
2016-02-23,0.0,32.66,14.47,2.33,29.25,0.39,0.09,Teesta_Lalmonirhat
2016-02-24,0.0,31.71,14.63,1.31,26.54,0.38,0.08,Teesta_Lalmonirhat
2016-02-25,0.03,31.64,14.29,1.52,37.57,0.38,0.08,Teesta_Lalmonirhat
2016-02-26,0.01,31.9,16.93,1.62,49.19,0.38,0.07,Teesta_Lalmonirhat
2016-02-27,0.0,32.86,18.06,0.88,51.41,0.38,0.07,Teesta_Lalmonirhat
2016-02-28,0.0,33.26,18.34,1.55,48.31,0.38,0.07,Teesta_Lalmonirhat
2016-02-29,0.01,33.71,19.15,1.32,47.46,0.38,0.07,Teesta_Lalmonirhat
2016-03-01,0.01,34.19,19.77,1.52,41.35,0.38,0.06,Teesta_Lalmonirhat
2016-03-02,0.0,34.63,18.41,1.88,36.68,0.38,0.06,Teesta_Lalmonirhat
2016-03-03,0.05,35.19,20.02,1.76,31.34,0.37,0.05,Teesta_Lalmonirhat
2016-03-04,0.07,35.87,18.9,1.52,27.66,0.37,0.05,Teesta_Lalmonirhat
2016-03-05,0.01,35.31,19.45,1.48,34.32,0.37,0.05,Teesta_Lalmonirhat
2016-03-06,0.13,36.81,19.98,1.92,38.22,0.37,0.05,Teesta_Lalmonirhat
2016-03-07,0.06,35.55,18.89,3.13,31.53,0.37,0.04,Teesta_Lalmonirhat
2016-03-08,0.14,34.82,19.96,3.48,37.32,0.37,0.04,Teesta_Lalmonirhat
2016-03-09,0.1,36.78,20.4,3.5,36.66,0.37,0.04,Teesta_Lalmonirhat
2016-03-10,0.0,37.23,20.39,3.77,28.1,0.37,0.04,Teesta_Lalmonirhat
2016-03-11,0.0,37.47,19.32,2.71,25.04,0.37,0.03,Teesta_Lalmonirhat
2016-03-12,0.0,36.69,21.12,2.11,26.3,0.37,0.03,Teesta_Lalmonirhat
2016-03-13,0.79,37.97,21.17,3.8,29.08,0.37,0.03,Teesta_Lalmonirhat
2016-03-14,0.0,36.26,22.27,4.72,37.08,0.36,0.02,Teesta_Lalmonirhat
2016-03-15,0.03,35.62,21.59,3.64,41.66,0.36,0.02,Teesta_Lalmonirhat
2016-03-16,0.02,35.47,22.33,4.31,24.9,0.36,0.02,Teesta_Lalmonirhat
2016-03-17,0.05,35.81,18.09,2.23,24.79,0.36,0.01,Teesta_Lalmonirhat
2016-03-18,0.0,35.53,18.81,1.75,22.15,0.36,0.01,Teesta_Lalmonirhat
2016-03-19,0.04,36.86,19.27,2.05,32.22,0.36,0.01,Teesta_Lalmonirhat
2016-03-20,2.25,36.94,21.97,2.14,45.99,0.36,0.01,Teesta_Lalmonirhat
2016-03-21,7.9,37.58,21.84,3.26,41.77,0.38,0.03,Teesta_Lalmonirhat
2016-03-22,0.31,37.93,18.72,3.48,22.27,0.37,0.03,Teesta_Lalmonirhat
2016-03-23,0.05,36.74,19.3,1.5,20.81,0.37,0.02,Teesta_Lalmonirhat
2016-03-24,0.0,36.3,17.6,1.57,27.81,0.37,0.02,Teesta_Lalmonirhat
2016-03-25,0.0,37.92,20.54,1.33,29.56,0.37,0.02,Teesta_Lalmonirhat
2016-03-26,0.0,37.78,21.31,1.61,32.84,0.36,0.01,Teesta_Lalmonirhat
2016-03-27,9.01,36.4,23.57,2.49,54.31,0.38,0.03,Teesta_Lalmonirhat
2016-03-28,34.17,32.03,23.02,2.78,73.76,0.42,0.17,Teesta_Lalmonirhat
2016-03-29,2.73,35.25,21.27,2.46,60.25,0.44,0.53,Teesta_Lalmonirhat
2016-03-30,1.29,35.05,22.01,2.0,58.58,0.44,0.52,Teesta_Lalmonirhat
2016-03-31,20.73,31.71,23.15,2.47,72.12,0.45,0.31,Teesta_Lalmonirhat
2016-04-01,21.34,27.92,21.81,2.42,75.58,0.5,0.34,Teesta_Lalmonirhat
2016-04-02,0.02,33.35,19.6,1.46,61.96,0.5,1.49,Teesta_Lalmonirhat
2016-04-03,0.54,35.17,23.31,2.08,61.51,0.49,1.36,Teesta_Lalmonirhat
2016-04-04,0.36,33.64,23.58,1.81,67.49,0.49,1.07,Teesta_Lalmonirhat
2016-04-05,15.82,35.9,24.85,3.29,61.14,0.49,1.22,Teesta_Lalmonirhat
2016-04-06,6.08,36.64,21.5,2.2,60.51,0.51,1.46,Teesta_Lalmonirhat
2016-04-07,0.43,39.0,22.16,2.68,54.98,0.5,1.91,Teesta_Lalmonirhat
2016-04-08,0.14,39.93,24.02,3.73,45.78,0.49,2.03,Teesta_Lalmonirhat
2016-04-09,0.03,40.79,22.58,3.89,39.51,0.48,1.77,Teesta_Lalmonirhat
2016-04-10,0.13,41.76,22.74,4.36,26.8,0.47,1.73,Teesta_Lalmonirhat
2016-04-11,0.0,41.26,21.76,3.27,34.82,0.46,1.26,Teesta_Lalmonirhat
2016-04-12,0.08,41.98,22.4,4.09,29.52,0.46,1.23,Teesta_Lalmonirhat
2016-04-13,0.01,40.63,22.11,3.99,24.34,0.45,1.03,Teesta_Lalmonirhat
2016-04-14,0.12,40.1,20.78,2.47,29.71,0.44,0.82,Teesta_Lalmonirhat
2016-04-15,1.06,38.64,23.0,2.48,49.99,0.44,0.66,Teesta_Lalmonirhat
2016-04-16,9.56,37.76,25.76,2.53,59.47,0.45,0.67,Teesta_Lalmonirhat
2016-04-17,2.52,35.49,24.39,3.25,63.09,0.45,0.69,Teesta_Lalmonirhat
2016-04-18,10.15,35.47,25.93,2.34,69.08,0.46,0.63,Teesta_Lalmonirhat
2016-04-19,7.38,40.03,23.99,2.69,55.13,0.47,1.26,Teesta_Lalmonirhat
2016-04-20,3.21,37.83,24.82,2.88,60.66,0.46,1.1,Teesta_Lalmonirhat
2016-04-21,4.11,41.15,25.29,2.8,49.26,0.46,1.28,Teesta_Lalmonirhat
2016-04-22,0.52,39.82,24.59,2.35,51.5,0.46,1.17,Teesta_Lalmonirhat
2016-04-23,0.09,41.38,23.51,2.26,43.29,0.45,1.13,Teesta_Lalmonirhat
2016-04-24,0.44,41.86,25.25,3.98,30.43,0.45,1.27,Teesta_Lalmonirhat
2016-04-25,0.03,41.79,20.58,3.44,22.92,0.44,0.98,Teesta_Lalmonirhat
2016-04-26,0.26,40.17,23.73,2.09,51.46,0.43,0.72,Teesta_Lalmonirhat
2016-04-27,0.73,38.99,25.29,2.01,51.73,0.43,0.65,Teesta_Lalmonirhat
2016-04-28,1.23,40.92,25.05,2.73,51.64,0.43,0.65,Teesta_Lalmonirhat
2016-04-29,8.53,39.26,26.13,2.65,56.58,0.44,0.73,Teesta_Lalmonirhat
2016-04-30,0.08,40.57,25.46,2.46,53.55,0.43,0.81,Teesta_Lalmonirhat
2016-05-01,5.59,38.05,24.25,2.61,50.44,0.43,0.7,Teesta_Lalmonirhat
2016-05-02,2.55,31.36,26.2,2.18,68.53,0.44,0.28,Teesta_Lalmonirhat
2016-05-03,0.07,33.74,24.08,1.36,58.42,0.43,0.47,Teesta_Lalmonirhat
2016-05-04,14.42,31.13,25.04,1.77,71.45,0.45,0.41,Teesta_Lalmonirhat
2016-05-05,11.89,33.81,25.13,1.22,66.31,0.47,0.98,Teesta_Lalmonirhat
2016-05-06,5.54,36.22,23.52,1.68,59.77,0.47,1.38,Teesta_Lalmonirhat
2016-05-07,10.3,35.14,24.78,2.35,66.58,0.48,1.42,Teesta_Lalmonirhat
2016-05-08,15.62,35.39,24.5,1.93,67.21,0.5,2.0,Teesta_Lalmonirhat
2016-05-09,1.55,35.97,25.06,1.89,63.06,0.5,1.88,Teesta_Lalmonirhat
2016-05-10,7.05,34.58,25.83,1.51,67.57,0.49,1.12,Teesta_Lalmonirhat
2016-05-11,12.35,35.74,26.49,1.38,66.49,0.51,2.03,Teesta_Lalmonirhat
2016-05-12,5.12,35.91,26.04,1.79,63.43,0.51,2.26,Teesta_Lalmonirhat
2016-05-13,9.6,33.86,25.68,2.59,72.0,0.52,1.94,Teesta_Lalmonirhat
2016-05-14,27.78,33.49,25.18,2.82,77.22,0.54,1.91,Teesta_Lalmonirhat
2016-05-15,21.11,34.05,25.76,2.59,79.89,0.57,3.19,Teesta_Lalmonirhat
2016-05-16,23.54,35.66,26.39,2.75,75.63,0.59,3.93,Teesta_Lalmonirhat
2016-05-17,26.59,34.72,26.0,2.79,78.64,0.62,4.25,Teesta_Lalmonirhat
2016-05-18,29.23,32.78,25.64,2.4,81.67,0.65,4.31,Teesta_Lalmonirhat
2016-05-19,49.72,28.48,25.52,2.39,89.47,0.7,1.26,Teesta_Lalmonirhat
2016-05-20,14.35,31.65,24.62,1.58,83.88,0.72,4.47,Teesta_Lalmonirhat
2016-05-21,1.73,31.97,24.38,2.12,83.94,0.71,5.57,Teesta_Lalmonirhat
2016-05-22,0.11,33.68,24.53,1.21,76.76,0.7,6.88,Teesta_Lalmonirhat
2016-05-23,1.88,34.17,25.66,1.4,78.07,0.68,6.26,Teesta_Lalmonirhat
2016-05-24,15.85,34.56,27.61,1.38,76.21,0.69,4.42,Teesta_Lalmonirhat
2016-05-25,9.73,34.29,25.3,2.67,74.56,0.69,6.49,Teesta_Lalmonirhat
2016-05-26,5.1,33.69,25.59,1.47,75.55,0.69,6.08,Teesta_Lalmonirhat
2016-05-27,37.24,32.4,25.53,1.27,80.72,0.71,4.45,Teesta_Lalmonirhat
2016-05-28,11.8,32.46,25.99,1.44,80.41,0.72,5.04,Teesta_Lalmonirhat
2016-05-29,5.29,33.16,25.32,1.51,78.04,0.72,5.86,Teesta_Lalmonirhat
2016-05-30,1.3,33.57,24.93,1.74,74.99,0.71,6.67,Teesta_Lalmonirhat
2016-05-31,20.34,33.78,25.44,1.67,75.21,0.71,5.89,Teesta_Lalmonirhat
2016-06-01,13.13,32.6,25.65,1.85,80.65,0.72,5.22,Teesta_Lalmonirhat
2016-06-02,0.23,33.91,25.4,1.55,77.5,0.71,6.55,Teesta_Lalmonirhat
2016-06-03,0.0,34.18,25.94,1.81,78.26,0.69,6.93,Teesta_Lalmonirhat
2016-06-04,0.11,33.9,26.17,1.77,78.16,0.68,6.45,Teesta_Lalmonirhat
2016-06-05,2.57,34.01,26.06,2.36,79.46,0.67,5.89,Teesta_Lalmonirhat
2016-06-06,7.39,31.4,26.81,1.88,86.31,0.67,2.52,Teesta_Lalmonirhat
2016-06-07,11.96,32.46,26.81,2.24,84.87,0.67,3.36,Teesta_Lalmonirhat
2016-06-08,7.39,34.5,26.2,2.89,81.08,0.68,6.05,Teesta_Lalmonirhat
2016-06-09,17.76,33.54,26.34,2.04,82.65,0.68,5.54,Teesta_Lalmonirhat
2016-06-10,5.03,35.73,26.52,1.91,76.51,0.68,6.43,Teesta_Lalmonirhat
2016-06-11,0.5,37.28,26.77,1.43,67.85,0.67,6.92,Teesta_Lalmonirhat
2016-06-12,5.19,35.54,27.86,2.46,81.14,0.66,4.99,Teesta_Lalmonirhat
2016-06-13,31.9,31.1,27.49,2.83,89.96,0.69,1.75,Teesta_Lalmonirhat
2016-06-14,13.36,31.7,26.99,2.2,86.43,0.71,1.66,Teesta_Lalmonirhat
2016-06-15,37.25,30.24,27.26,2.29,90.0,0.73,0.83,Teesta_Lalmonirhat
2016-06-16,18.42,32.72,27.07,1.94,85.59,0.77,2.31,Teesta_Lalmonirhat
2016-06-17,2.04,30.54,26.98,2.09,88.15,0.76,2.09,Teesta_Lalmonirhat
2016-06-18,13.23,32.1,26.65,1.95,88.65,0.77,1.94,Teesta_Lalmonirhat
2016-06-19,17.4,32.32,26.66,2.77,85.8,0.78,3.95,Teesta_Lalmonirhat
2016-06-20,30.25,31.99,26.74,3.39,86.52,0.8,2.95,Teesta_Lalmonirhat
2016-06-21,50.29,31.12,26.82,2.81,89.29,0.83,1.22,Teesta_Lalmonirhat
2016-06-22,31.41,31.34,26.82,2.96,89.9,0.87,1.63,Teesta_Lalmonirhat
2016-06-23,34.45,30.57,26.79,2.44,90.63,0.88,1.07,Teesta_Lalmonirhat
2016-06-24,63.06,29.17,26.64,2.57,91.49,0.92,0.71,Teesta_Lalmonirhat
2016-06-25,56.89,31.8,26.24,2.01,87.46,0.94,1.75,Teesta_Lalmonirhat
2016-06-26,11.8,33.49,26.06,1.19,83.3,0.94,3.28,Teesta_Lalmonirhat
2016-06-27,29.39,31.14,27.09,1.74,89.7,0.94,0.96,Teesta_Lalmonirhat
2016-06-28,2.94,33.49,27.05,1.68,85.28,0.94,3.07,Teesta_Lalmonirhat
2016-06-29,3.55,32.66,27.31,2.11,87.32,0.93,2.4,Teesta_Lalmonirhat
2016-06-30,16.49,31.03,27.21,1.98,90.18,0.93,1.1,Teesta_Lalmonirhat
2016-07-01,11.35,31.96,26.77,1.93,87.78,0.93,1.8,Teesta_Lalmonirhat
2016-07-02,27.21,30.37,27.05,2.31,91.87,0.93,0.88,Teesta_Lalmonirhat
2016-07-03,63.5,30.8,26.48,2.88,90.72,0.95,1.48,Teesta_Lalmonirhat
2016-07-04,38.98,30.64,26.92,3.18,92.01,0.97,0.89,Teesta_Lalmonirhat
2016-07-05,30.62,31.99,26.68,2.95,90.95,0.98,1.28,Teesta_Lalmonirhat
2016-07-06,13.85,32.53,26.63,2.4,88.14,0.97,2.12,Teesta_Lalmonirhat
2016-07-07,8.89,32.37,26.78,1.88,87.05,0.96,2.08,Teesta_Lalmonirhat
2016-07-08,3.36,32.06,27.59,2.02,87.2,0.96,1.77,Teesta_Lalmonirhat
2016-07-09,8.15,32.63,27.27,1.95,87.37,0.95,1.88,Teesta_Lalmonirhat
2016-07-10,7.4,32.35,26.62,2.09,88.21,0.95,1.98,Teesta_Lalmonirhat
2016-07-11,4.43,32.95,26.8,2.24,87.11,0.94,2.67,Teesta_Lalmonirhat
2016-07-12,3.29,32.53,27.0,2.51,87.81,0.93,2.96,Teesta_Lalmonirhat
2016-07-13,6.3,32.19,26.82,2.06,87.15,0.92,2.63,Teesta_Lalmonirhat
2016-07-14,4.43,31.23,27.21,2.07,89.83,0.92,1.54,Teesta_Lalmonirhat
2016-07-15,12.05,30.88,27.42,2.02,90.9,0.92,1.03,Teesta_Lalmonirhat
2016-07-16,37.56,29.92,26.98,3.19,92.22,0.92,0.78,Teesta_Lalmonirhat
2016-07-17,73.77,31.34,26.19,2.93,89.82,0.96,1.32,Teesta_Lalmonirhat
2016-07-18,34.22,32.17,25.9,2.84,89.2,0.98,2.04,Teesta_Lalmonirhat
2016-07-19,22.8,30.91,26.57,2.58,90.66,0.97,1.27,Teesta_Lalmonirhat
2016-07-20,38.35,31.06,26.73,2.88,92.4,0.98,0.79,Teesta_Lalmonirhat
2016-07-21,32.33,29.57,26.91,2.95,94.32,0.98,0.37,Teesta_Lalmonirhat
2016-07-22,55.38,30.16,26.64,2.53,91.91,0.99,0.71,Teesta_Lalmonirhat
2016-07-23,37.42,29.87,25.98,2.18,92.45,0.99,0.61,Teesta_Lalmonirhat
2016-07-24,22.57,30.83,25.61,3.22,90.45,0.99,1.34,Teesta_Lalmonirhat
2016-07-25,40.18,29.32,25.86,1.85,88.93,0.98,0.61,Teesta_Lalmonirhat
2016-07-26,22.69,30.17,25.64,2.27,89.74,0.99,1.22,Teesta_Lalmonirhat
2016-07-27,6.37,31.25,25.19,1.55,87.63,0.98,2.06,Teesta_Lalmonirhat
2016-07-28,13.59,32.13,25.85,1.62,86.61,0.97,2.24,Teesta_Lalmonirhat
2016-07-29,10.47,31.31,26.6,1.51,86.35,0.97,1.5,Teesta_Lalmonirhat
2016-07-30,8.86,32.46,27.08,1.19,82.49,0.96,2.48,Teesta_Lalmonirhat
2016-07-31,4.02,31.14,26.5,0.97,85.13,0.96,0.91,Teesta_Lalmonirhat
2016-08-01,16.6,31.96,26.97,1.61,83.65,0.95,1.96,Teesta_Lalmonirhat
2016-08-02,44.4,30.97,26.79,1.55,90.8,0.97,0.79,Teesta_Lalmonirhat
2016-08-03,12.34,33.25,26.65,1.42,83.88,0.97,2.17,Teesta_Lalmonirhat
2016-08-04,0.94,30.47,27.42,1.55,87.97,0.96,0.98,Teesta_Lalmonirhat
2016-08-05,1.12,28.93,27.13,1.91,89.11,0.96,0.99,Teesta_Lalmonirhat
2016-08-06,1.6,29.59,26.69,2.0,92.17,0.95,0.63,Teesta_Lalmonirhat
2016-08-07,3.63,29.71,26.34,2.12,90.43,0.95,1.23,Teesta_Lalmonirhat
2016-08-08,3.85,30.59,26.0,1.63,89.36,0.94,1.37,Teesta_Lalmonirhat
2016-08-09,6.49,32.15,26.59,1.85,87.89,0.94,2.27,Teesta_Lalmonirhat
2016-08-10,4.52,31.31,26.27,2.84,88.68,0.93,1.84,Teesta_Lalmonirhat
2016-08-11,6.27,32.32,26.2,3.2,87.42,0.93,2.56,Teesta_Lalmonirhat
2016-08-12,0.71,31.06,26.61,1.47,87.88,0.92,2.02,Teesta_Lalmonirhat
2016-08-13,0.56,32.8,26.21,1.65,86.44,0.91,3.29,Teesta_Lalmonirhat
2016-08-14,4.47,31.17,26.85,1.4,89.41,0.91,1.29,Teesta_Lalmonirhat
2016-08-15,3.33,32.94,26.26,1.18,85.11,0.9,2.9,Teesta_Lalmonirhat
2016-08-16,3.9,31.43,27.2,1.27,88.29,0.9,1.07,Teesta_Lalmonirhat
2016-08-17,4.96,31.43,27.25,2.64,88.7,0.9,1.58,Teesta_Lalmonirhat
2016-08-18,1.45,30.17,26.73,1.69,89.12,0.9,1.26,Teesta_Lalmonirhat
2016-08-19,0.23,31.65,26.58,1.78,87.34,0.89,2.57,Teesta_Lalmonirhat
2016-08-20,0.02,32.95,25.17,1.79,85.06,0.88,3.48,Teesta_Lalmonirhat
2016-08-21,6.29,32.44,26.93,1.53,88.4,0.87,1.85,Teesta_Lalmonirhat
2016-08-22,10.89,31.03,25.53,3.56,86.08,0.88,2.65,Teesta_Lalmonirhat
2016-08-23,1.8,32.25,25.58,1.47,84.58,0.87,3.98,Teesta_Lalmonirhat
2016-08-24,0.05,32.46,26.01,0.68,76.91,0.86,3.55,Teesta_Lalmonirhat
2016-08-25,0.63,35.04,27.45,0.82,77.19,0.85,4.25,Teesta_Lalmonirhat
2016-08-26,3.39,31.89,27.46,0.97,85.99,0.85,1.44,Teesta_Lalmonirhat
2016-08-27,0.38,33.13,26.24,1.38,84.23,0.85,4.22,Teesta_Lalmonirhat
2016-08-28,23.96,32.59,26.15,2.06,87.38,0.85,2.92,Teesta_Lalmonirhat
2016-08-29,30.63,31.14,26.39,2.14,89.85,0.88,1.88,Teesta_Lalmonirhat
2016-08-30,11.78,32.85,25.62,2.13,86.15,0.88,3.77,Teesta_Lalmonirhat
2016-08-31,14.13,31.39,26.29,2.85,87.61,0.88,3.24,Teesta_Lalmonirhat
2016-09-01,14.28,31.81,26.14,3.14,89.87,0.88,3.1,Teesta_Lalmonirhat
2016-09-02,20.2,31.38,26.71,2.28,90.74,0.89,2.05,Teesta_Lalmonirhat
2016-09-03,27.56,30.52,26.52,1.37,88.11,0.9,1.61,Teesta_Lalmonirhat
2016-09-04,10.85,30.87,25.99,1.35,89.09,0.91,1.76,Teesta_Lalmonirhat
2016-09-05,4.35,30.98,26.63,1.22,87.7,0.9,1.61,Teesta_Lalmonirhat
2016-09-06,2.62,32.72,26.4,1.7,84.92,0.9,3.97,Teesta_Lalmonirhat
2016-09-07,5.59,30.5,26.07,1.78,88.22,0.89,2.34,Teesta_Lalmonirhat
2016-09-08,3.85,31.35,26.2,1.51,87.91,0.89,2.65,Teesta_Lalmonirhat
2016-09-09,4.18,32.11,26.08,2.17,87.32,0.88,4.18,Teesta_Lalmonirhat
2016-09-10,12.74,30.46,26.25,1.57,89.37,0.88,2.14,Teesta_Lalmonirhat
2016-09-11,10.11,28.74,25.92,1.42,93.28,0.89,0.74,Teesta_Lalmonirhat
2016-09-12,16.92,29.39,25.87,0.97,86.41,0.9,2.09,Teesta_Lalmonirhat
2016-09-13,8.96,28.11,25.57,1.54,91.21,0.9,0.77,Teesta_Lalmonirhat
2016-09-14,1.76,27.96,25.46,1.44,93.66,0.9,0.67,Teesta_Lalmonirhat
2016-09-15,8.43,31.72,24.57,1.58,87.89,0.89,3.47,Teesta_Lalmonirhat
2016-09-16,9.5,30.39,25.8,1.82,91.74,0.9,1.49,Teesta_Lalmonirhat
2016-09-17,3.81,31.06,25.28,1.61,89.83,0.89,2.34,Teesta_Lalmonirhat
2016-09-18,17.7,30.03,25.79,1.41,90.59,0.89,1.53,Teesta_Lalmonirhat
2016-09-19,27.82,30.68,25.15,1.49,89.53,0.92,2.0,Teesta_Lalmonirhat
2016-09-20,19.2,29.92,25.48,0.85,87.23,0.92,1.34,Teesta_Lalmonirhat
2016-09-21,38.64,29.03,25.62,0.84,90.41,0.94,0.8,Teesta_Lalmonirhat
2016-09-22,3.09,29.9,24.81,1.13,87.83,0.94,2.26,Teesta_Lalmonirhat
2016-09-23,10.28,27.94,24.98,1.45,91.35,0.94,0.82,Teesta_Lalmonirhat
2016-09-24,17.88,30.66,24.78,0.95,88.12,0.94,2.04,Teesta_Lalmonirhat
2016-09-25,71.6,29.51,25.35,1.13,91.38,0.96,0.85,Teesta_Lalmonirhat
2016-09-26,24.72,29.78,25.19,0.78,87.76,0.97,2.01,Teesta_Lalmonirhat
2016-09-27,4.83,29.93,25.55,0.72,86.31,0.97,1.6,Teesta_Lalmonirhat
2016-09-28,7.12,31.91,25.3,0.46,81.91,0.96,4.21,Teesta_Lalmonirhat
2016-09-29,14.21,32.16,25.1,1.01,84.85,0.96,3.3,Teesta_Lalmonirhat
2016-09-30,4.48,31.49,26.3,0.82,85.2,0.96,1.53,Teesta_Lalmonirhat
2016-10-01,0.37,31.04,25.61,1.06,87.82,0.95,2.56,Teesta_Lalmonirhat
2016-10-02,0.25,32.03,25.27,1.33,85.42,0.95,3.89,Teesta_Lalmonirhat
2016-10-03,5.37,31.3,25.12,1.38,89.31,0.94,2.5,Teesta_Lalmonirhat
2016-10-04,2.8,31.28,25.8,1.28,88.09,0.94,2.43,Teesta_Lalmonirhat
2016-10-05,2.74,32.04,26.08,0.9,84.06,0.93,2.68,Teesta_Lalmonirhat
2016-10-06,3.97,30.96,26.13,1.21,89.31,0.93,1.08,Teesta_Lalmonirhat
2016-10-07,6.2,30.41,25.57,1.44,88.95,0.93,2.43,Teesta_Lalmonirhat
2016-10-08,16.61,31.15,24.63,1.1,87.03,0.93,3.61,Teesta_Lalmonirhat
2016-10-09,16.58,29.77,25.37,1.46,91.0,0.93,1.6,Teesta_Lalmonirhat
2016-10-10,22.57,29.53,25.01,0.99,88.71,0.94,1.51,Teesta_Lalmonirhat
2016-10-11,29.98,29.18,24.61,1.53,90.94,0.95,1.65,Teesta_Lalmonirhat
2016-10-12,37.56,26.62,23.76,2.2,93.9,0.96,0.71,Teesta_Lalmonirhat
2016-10-13,14.73,29.66,22.61,1.22,83.85,0.97,2.82,Teesta_Lalmonirhat
2016-10-14,0.05,30.26,21.75,0.85,76.21,0.96,4.36,Teesta_Lalmonirhat
2016-10-15,0.0,30.17,21.23,0.63,78.49,0.95,5.13,Teesta_Lalmonirhat
2016-10-16,0.0,30.75,21.95,0.73,78.86,0.94,5.32,Teesta_Lalmonirhat
2016-10-17,0.0,31.25,22.18,0.76,78.21,0.93,5.52,Teesta_Lalmonirhat
2016-10-18,0.0,31.66,23.16,0.77,77.29,0.92,5.91,Teesta_Lalmonirhat
2016-10-19,0.0,31.06,21.76,0.93,80.63,0.92,5.45,Teesta_Lalmonirhat
2016-10-20,0.0,30.45,21.21,0.94,80.36,0.91,5.23,Teesta_Lalmonirhat
2016-10-21,0.0,29.53,20.26,0.91,84.42,0.9,4.47,Teesta_Lalmonirhat
2016-10-22,0.0,29.9,20.79,0.79,81.17,0.9,5.16,Teesta_Lalmonirhat
2016-10-23,0.0,29.39,20.35,0.56,80.45,0.89,4.82,Teesta_Lalmonirhat
2016-10-24,0.0,29.45,20.83,0.66,77.95,0.88,5.14,Teesta_Lalmonirhat
2016-10-25,0.0,30.35,22.29,0.89,77.87,0.87,5.13,Teesta_Lalmonirhat
2016-10-26,0.38,30.39,21.45,0.77,79.79,0.87,5.56,Teesta_Lalmonirhat
2016-10-27,0.36,28.6,21.75,1.0,79.37,0.86,3.71,Teesta_Lalmonirhat
2016-10-28,0.58,29.29,21.38,0.63,81.72,0.85,4.76,Teesta_Lalmonirhat
2016-10-29,0.01,29.0,20.74,0.85,77.52,0.84,4.78,Teesta_Lalmonirhat
2016-10-30,0.05,29.6,20.4,0.57,74.01,0.84,5.11,Teesta_Lalmonirhat
2016-10-31,0.0,29.55,20.3,0.98,78.47,0.83,4.97,Teesta_Lalmonirhat
2016-11-01,0.0,29.38,20.69,1.04,78.29,0.82,4.8,Teesta_Lalmonirhat
2016-11-02,0.0,29.92,21.52,1.25,78.15,0.81,4.67,Teesta_Lalmonirhat
2016-11-03,0.0,30.13,22.11,0.7,75.29,0.8,5.01,Teesta_Lalmonirhat
2016-11-04,0.0,29.69,21.29,0.77,78.7,0.8,4.82,Teesta_Lalmonirhat
2016-11-05,0.04,29.04,19.19,0.86,78.84,0.79,4.76,Teesta_Lalmonirhat
2016-11-06,0.03,26.99,19.1,1.47,83.52,0.78,4.06,Teesta_Lalmonirhat
2016-11-07,0.0,27.95,19.21,1.34,82.59,0.77,4.52,Teesta_Lalmonirhat
2016-11-08,0.0,27.84,17.22,0.86,82.57,0.77,4.58,Teesta_Lalmonirhat
2016-11-09,0.0,27.72,18.21,0.7,80.48,0.76,4.31,Teesta_Lalmonirhat
2016-11-10,0.0,28.54,19.5,0.91,82.48,0.75,4.35,Teesta_Lalmonirhat
2016-11-11,0.0,28.08,19.05,1.06,83.39,0.74,4.4,Teesta_Lalmonirhat
2016-11-12,0.0,27.98,18.9,1.12,83.41,0.74,4.18,Teesta_Lalmonirhat
2016-11-13,0.0,27.49,17.24,1.47,84.48,0.73,3.6,Teesta_Lalmonirhat
2016-11-14,0.0,26.33,15.35,1.36,83.06,0.72,3.09,Teesta_Lalmonirhat
2016-11-15,0.0,26.51,14.18,0.87,80.76,0.72,3.16,Teesta_Lalmonirhat
2016-11-16,0.0,26.54,13.25,0.87,77.87,0.71,3.15,Teesta_Lalmonirhat
2016-11-17,0.0,26.39,14.12,0.71,73.77,0.71,3.41,Teesta_Lalmonirhat
2016-11-18,0.0,26.52,14.65,0.78,77.14,0.7,3.58,Teesta_Lalmonirhat
2016-11-19,0.0,26.73,14.48,0.55,79.22,0.7,3.38,Teesta_Lalmonirhat
2016-11-20,0.0,27.69,17.8,0.71,79.67,0.69,3.53,Teesta_Lalmonirhat
2016-11-21,0.0,26.81,17.12,0.74,78.45,0.68,3.67,Teesta_Lalmonirhat
2016-11-22,0.0,26.51,16.7,0.61,78.61,0.68,3.11,Teesta_Lalmonirhat
2016-11-23,0.0,26.29,16.3,0.59,78.59,0.67,2.8,Teesta_Lalmonirhat
2016-11-24,0.0,26.47,17.15,0.95,83.03,0.67,2.87,Teesta_Lalmonirhat
2016-11-25,0.0,26.17,16.6,0.86,80.54,0.66,2.55,Teesta_Lalmonirhat
2016-11-26,0.0,27.02,17.55,0.76,78.11,0.66,2.76,Teesta_Lalmonirhat
2016-11-27,0.0,27.31,18.36,0.95,83.43,0.65,2.83,Teesta_Lalmonirhat
2016-11-28,0.0,27.15,18.97,0.85,79.26,0.65,2.68,Teesta_Lalmonirhat
2016-11-29,0.0,27.03,18.26,0.51,77.8,0.64,2.57,Teesta_Lalmonirhat
2016-11-30,0.0,27.05,17.94,1.01,81.78,0.64,2.5,Teesta_Lalmonirhat
2016-12-01,0.0,27.22,17.56,1.06,82.04,0.63,2.45,Teesta_Lalmonirhat
2016-12-02,0.0,27.43,18.25,1.47,83.36,0.63,2.22,Teesta_Lalmonirhat
2016-12-03,0.0,26.97,16.88,0.72,80.65,0.62,2.02,Teesta_Lalmonirhat
2016-12-04,0.0,26.86,16.3,0.39,81.43,0.62,1.95,Teesta_Lalmonirhat
2016-12-05,0.0,26.57,15.06,0.9,78.69,0.61,1.87,Teesta_Lalmonirhat
2016-12-06,0.0,27.94,16.84,1.21,75.87,0.61,2.03,Teesta_Lalmonirhat
2016-12-07,0.0,27.6,15.63,1.41,72.68,0.6,1.95,Teesta_Lalmonirhat
2016-12-08,0.0,27.06,15.27,1.01,76.06,0.6,1.89,Teesta_Lalmonirhat
2016-12-09,0.0,26.43,13.75,0.7,78.9,0.6,1.68,Teesta_Lalmonirhat
2016-12-10,0.0,26.14,13.65,0.71,76.28,0.59,1.64,Teesta_Lalmonirhat
2016-12-11,0.0,25.62,11.99,1.02,76.82,0.59,1.44,Teesta_Lalmonirhat
2016-12-12,0.0,24.38,9.91,1.1,75.15,0.59,1.3,Teesta_Lalmonirhat
2016-12-13,0.0,24.52,10.43,0.9,75.85,0.58,1.21,Teesta_Lalmonirhat
2016-12-14,0.0,24.59,11.46,0.85,77.9,0.58,1.18,Teesta_Lalmonirhat
2016-12-15,0.0,24.79,10.16,0.56,76.15,0.58,1.12,Teesta_Lalmonirhat
2016-12-16,0.0,25.44,14.13,1.14,77.05,0.57,1.21,Teesta_Lalmonirhat
2016-12-17,0.0,26.9,15.69,0.96,78.69,0.57,1.34,Teesta_Lalmonirhat
2016-12-18,0.0,25.92,14.37,0.97,79.81,0.57,1.09,Teesta_Lalmonirhat
2016-12-19,0.0,25.46,14.27,1.65,77.91,0.56,1.06,Teesta_Lalmonirhat
2016-12-20,0.0,23.62,10.68,1.42,75.74,0.56,0.77,Teesta_Lalmonirhat
2016-12-21,0.0,23.39,10.07,0.92,71.27,0.56,0.62,Teesta_Lalmonirhat
2016-12-22,0.0,25.91,12.2,1.3,76.09,0.55,0.91,Teesta_Lalmonirhat
2016-12-23,0.0,26.46,15.56,0.95,82.71,0.55,1.06,Teesta_Lalmonirhat
2016-12-24,0.0,26.75,14.41,1.71,76.54,0.55,0.97,Teesta_Lalmonirhat
2016-12-25,0.05,26.09,13.86,1.42,75.45,0.54,0.81,Teesta_Lalmonirhat
2016-12-26,3.67,24.58,15.83,1.21,78.64,0.54,0.54,Teesta_Lalmonirhat
2016-12-27,0.0,25.09,14.65,0.87,80.62,0.55,0.78,Teesta_Lalmonirhat
2016-12-28,0.8,24.33,13.93,0.82,79.16,0.54,0.84,Teesta_Lalmonirhat
2016-12-29,0.0,26.2,13.66,1.34,72.82,0.54,0.95,Teesta_Lalmonirhat
2016-12-30,0.0,25.99,14.1,1.67,71.47,0.54,0.96,Teesta_Lalmonirhat
2016-12-31,0.0,25.54,15.99,1.22,72.1,0.54,0.83,Teesta_Lalmonirhat
2017-01-01,0.0,25.8,15.52,1.25,71.34,0.53,0.74,Teesta_Lalmonirhat
2017-01-02,0.0,26.31,14.57,1.2,72.96,0.53,0.81,Teesta_Lalmonirhat
2017-01-03,0.43,26.08,16.5,1.0,70.48,0.53,0.64,Teesta_Lalmonirhat
2017-01-04,0.0,26.68,15.0,1.24,65.75,0.52,0.86,Teesta_Lalmonirhat
2017-01-05,0.0,25.64,11.83,1.3,68.24,0.52,0.67,Teesta_Lalmonirhat
2017-01-06,0.01,25.41,10.97,1.11,65.29,0.52,0.65,Teesta_Lalmonirhat
2017-01-07,0.0,25.41,11.01,0.96,61.67,0.52,0.67,Teesta_Lalmonirhat
2017-01-08,0.0,25.75,12.61,0.87,59.19,0.51,0.67,Teesta_Lalmonirhat
2017-01-09,0.0,25.48,11.82,1.15,65.38,0.51,0.62,Teesta_Lalmonirhat
2017-01-10,0.07,24.46,13.79,1.8,66.23,0.51,0.49,Teesta_Lalmonirhat
2017-01-11,0.01,24.4,11.24,1.78,73.88,0.51,0.49,Teesta_Lalmonirhat
2017-01-12,0.0,24.0,9.68,1.89,56.18,0.5,0.51,Teesta_Lalmonirhat
2017-01-13,0.0,22.49,6.55,1.62,53.54,0.5,0.4,Teesta_Lalmonirhat
2017-01-14,0.0,21.93,5.55,1.1,56.56,0.5,0.37,Teesta_Lalmonirhat
2017-01-15,0.0,22.9,7.2,0.95,58.88,0.49,0.41,Teesta_Lalmonirhat
2017-01-16,0.0,23.47,8.14,1.27,58.8,0.49,0.39,Teesta_Lalmonirhat
2017-01-17,0.0,24.33,8.7,1.13,55.21,0.49,0.36,Teesta_Lalmonirhat
2017-01-18,0.0,25.08,10.54,0.69,56.97,0.49,0.41,Teesta_Lalmonirhat
2017-01-19,0.0,25.68,10.35,0.89,63.5,0.49,0.43,Teesta_Lalmonirhat
2017-01-20,0.0,26.26,9.47,1.24,56.62,0.48,0.42,Teesta_Lalmonirhat
2017-01-21,0.0,25.56,10.1,0.68,58.39,0.48,0.38,Teesta_Lalmonirhat
2017-01-22,0.0,26.89,11.6,0.89,56.11,0.48,0.44,Teesta_Lalmonirhat
2017-01-23,0.0,26.22,9.87,0.97,54.84,0.48,0.4,Teesta_Lalmonirhat
2017-01-24,0.0,26.86,11.94,1.04,59.01,0.47,0.43,Teesta_Lalmonirhat
2017-01-25,0.0,27.97,13.17,1.68,70.54,0.47,0.47,Teesta_Lalmonirhat
2017-01-26,0.0,28.28,13.63,1.29,64.43,0.47,0.46,Teesta_Lalmonirhat
2017-01-27,0.06,29.6,15.92,0.98,59.16,0.47,0.36,Teesta_Lalmonirhat
2017-01-28,1.18,26.24,15.15,2.29,66.92,0.47,0.33,Teesta_Lalmonirhat
2017-01-29,1.44,25.06,10.76,1.13,65.9,0.47,0.38,Teesta_Lalmonirhat
2017-01-30,0.0,26.92,12.49,1.28,58.77,0.47,0.37,Teesta_Lalmonirhat
2017-01-31,0.0,26.61,12.12,1.57,58.76,0.46,0.34,Teesta_Lalmonirhat
2017-02-01,0.0,26.89,12.93,1.38,55.13,0.46,0.34,Teesta_Lalmonirhat
2017-02-02,0.0,26.98,13.41,1.1,54.29,0.46,0.32,Teesta_Lalmonirhat
2017-02-03,0.0,26.23,11.24,0.95,57.35,0.46,0.33,Teesta_Lalmonirhat
2017-02-04,0.0,27.38,12.47,1.26,63.35,0.45,0.32,Teesta_Lalmonirhat
2017-02-05,0.0,30.1,14.37,1.17,60.38,0.45,0.43,Teesta_Lalmonirhat
2017-02-06,0.0,30.47,14.66,1.72,52.98,0.45,0.39,Teesta_Lalmonirhat
2017-02-07,0.0,29.08,13.85,2.33,55.21,0.45,0.33,Teesta_Lalmonirhat
2017-02-08,0.0,28.75,11.92,1.49,50.22,0.44,0.32,Teesta_Lalmonirhat
2017-02-09,0.0,28.66,11.95,1.6,46.42,0.44,0.26,Teesta_Lalmonirhat
2017-02-10,0.0,28.97,11.93,2.35,49.23,0.44,0.28,Teesta_Lalmonirhat
2017-02-11,0.0,29.83,14.24,1.62,44.05,0.44,0.29,Teesta_Lalmonirhat
2017-02-12,0.0,29.1,13.24,1.25,49.51,0.43,0.27,Teesta_Lalmonirhat
2017-02-13,0.0,28.63,15.15,1.03,55.29,0.43,0.26,Teesta_Lalmonirhat
2017-02-14,0.0,30.02,15.92,1.61,52.17,0.43,0.24,Teesta_Lalmonirhat
2017-02-15,0.0,29.52,14.8,0.76,47.16,0.43,0.24,Teesta_Lalmonirhat
2017-02-16,0.0,30.1,14.63,0.9,45.1,0.42,0.21,Teesta_Lalmonirhat
2017-02-17,0.0,30.83,16.31,0.83,44.48,0.42,0.22,Teesta_Lalmonirhat
2017-02-18,0.0,31.29,17.41,0.86,40.61,0.42,0.2,Teesta_Lalmonirhat
2017-02-19,0.0,31.62,17.04,1.55,45.64,0.42,0.2,Teesta_Lalmonirhat
2017-02-20,0.01,31.12,17.23,2.8,51.23,0.42,0.18,Teesta_Lalmonirhat
2017-02-21,0.11,33.01,16.32,3.09,48.95,0.41,0.21,Teesta_Lalmonirhat
2017-02-22,1.47,33.48,17.39,2.97,53.81,0.41,0.2,Teesta_Lalmonirhat
2017-02-23,0.08,31.78,13.5,2.87,34.56,0.41,0.19,Teesta_Lalmonirhat
2017-02-24,0.0,30.31,11.02,2.41,33.94,0.41,0.17,Teesta_Lalmonirhat
2017-02-25,0.0,29.09,12.03,1.47,36.15,0.4,0.14,Teesta_Lalmonirhat
2017-02-26,0.0,30.02,13.24,1.67,34.36,0.4,0.13,Teesta_Lalmonirhat
2017-02-27,0.07,30.1,14.38,1.42,35.67,0.4,0.12,Teesta_Lalmonirhat
2017-02-28,0.02,30.42,14.71,1.29,40.28,0.4,0.11,Teesta_Lalmonirhat
2017-03-01,0.0,31.73,15.76,1.25,35.4,0.4,0.11,Teesta_Lalmonirhat
2017-03-02,0.04,33.83,16.78,2.14,38.04,0.39,0.12,Teesta_Lalmonirhat
2017-03-03,0.06,35.02,17.11,3.53,40.56,0.39,0.12,Teesta_Lalmonirhat
2017-03-04,0.0,34.1,17.26,3.49,37.82,0.39,0.11,Teesta_Lalmonirhat
2017-03-05,0.3,33.35,19.47,2.77,42.83,0.39,0.1,Teesta_Lalmonirhat
2017-03-06,0.01,33.35,15.58,3.05,28.76,0.38,0.1,Teesta_Lalmonirhat
2017-03-07,0.3,32.74,13.61,1.87,27.5,0.38,0.09,Teesta_Lalmonirhat
2017-03-08,0.0,32.68,16.51,1.55,29.25,0.38,0.08,Teesta_Lalmonirhat
2017-03-09,0.11,31.41,16.75,2.14,40.33,0.38,0.06,Teesta_Lalmonirhat
2017-03-10,1.9,33.13,18.95,1.9,50.27,0.38,0.06,Teesta_Lalmonirhat
2017-03-11,19.69,26.82,18.58,1.89,78.45,0.41,0.04,Teesta_Lalmonirhat
2017-03-12,0.09,31.45,15.27,3.94,47.13,0.42,0.24,Teesta_Lalmonirhat
2017-03-13,0.12,30.37,13.01,2.44,35.11,0.41,0.19,Teesta_Lalmonirhat
2017-03-14,0.0,31.3,15.35,1.76,31.77,0.41,0.18,Teesta_Lalmonirhat
2017-03-15,0.03,30.96,14.97,1.94,35.15,0.4,0.15,Teesta_Lalmonirhat
2017-03-16,0.0,31.8,14.91,1.95,35.31,0.4,0.14,Teesta_Lalmonirhat
2017-03-17,0.02,32.83,16.69,1.97,34.97,0.4,0.13,Teesta_Lalmonirhat
2017-03-18,2.48,33.0,17.7,1.94,47.28,0.4,0.12,Teesta_Lalmonirhat
2017-03-19,0.85,31.26,15.9,2.08,53.53,0.4,0.12,Teesta_Lalmonirhat
2017-03-20,9.25,29.9,17.61,2.21,53.85,0.4,0.11,Teesta_Lalmonirhat
2017-03-21,4.65,31.19,17.33,1.9,61.29,0.42,0.26,Teesta_Lalmonirhat
2017-03-22,6.23,32.02,17.65,1.61,55.89,0.43,0.31,Teesta_Lalmonirhat
2017-03-23,0.0,33.44,20.48,1.57,52.92,0.42,0.32,Teesta_Lalmonirhat
2017-03-24,1.86,34.09,22.58,1.59,54.17,0.42,0.27,Teesta_Lalmonirhat
2017-03-25,15.3,33.49,21.39,2.1,64.55,0.44,0.39,Teesta_Lalmonirhat
2017-03-26,1.44,32.96,20.96,1.48,68.53,0.44,0.48,Teesta_Lalmonirhat
2017-03-27,0.03,34.5,21.29,1.79,62.59,0.44,0.49,Teesta_Lalmonirhat
2017-03-28,11.0,33.84,22.46,2.45,67.64,0.45,0.5,Teesta_Lalmonirhat
2017-03-29,15.81,31.61,23.41,2.16,74.63,0.47,0.63,Teesta_Lalmonirhat
2017-03-30,2.11,36.27,23.15,2.4,66.54,0.47,0.88,Teesta_Lalmonirhat
2017-03-31,7.29,33.64,24.03,2.65,72.04,0.48,0.85,Teesta_Lalmonirhat
2017-04-01,8.39,34.45,23.84,2.39,68.24,0.48,0.93,Teesta_Lalmonirhat
2017-04-02,9.82,35.27,23.38,2.58,70.44,0.49,1.14,Teesta_Lalmonirhat
2017-04-03,7.13,35.36,22.78,2.22,68.79,0.5,1.29,Teesta_Lalmonirhat
2017-04-04,18.7,30.81,23.46,2.35,77.71,0.51,1.14,Teesta_Lalmonirhat
2017-04-05,3.53,31.68,21.32,2.11,73.66,0.52,1.65,Teesta_Lalmonirhat
2017-04-06,2.98,33.01,23.34,2.21,73.58,0.52,1.79,Teesta_Lalmonirhat
2017-04-07,3.88,35.71,23.32,2.66,67.67,0.52,1.71,Teesta_Lalmonirhat
2017-04-08,6.28,37.53,24.03,2.87,65.18,0.52,2.08,Teesta_Lalmonirhat
2017-04-09,0.77,38.28,21.08,3.59,46.99,0.51,2.49,Teesta_Lalmonirhat
2017-04-10,0.09,36.87,16.8,2.16,37.63,0.5,1.87,Teesta_Lalmonirhat
2017-04-11,0.0,35.8,17.59,1.6,34.3,0.5,1.65,Teesta_Lalmonirhat
2017-04-12,0.0,34.63,17.94,1.85,54.82,0.49,1.31,Teesta_Lalmonirhat
2017-04-13,0.0,36.05,21.6,1.87,55.16,0.48,1.31,Teesta_Lalmonirhat
2017-04-14,0.0,35.84,22.11,2.38,56.83,0.48,1.25,Teesta_Lalmonirhat
2017-04-15,8.54,35.61,22.3,2.54,58.73,0.48,1.18,Teesta_Lalmonirhat
2017-04-16,18.59,31.71,23.77,1.67,69.56,0.51,1.42,Teesta_Lalmonirhat
2017-04-17,0.45,34.35,21.02,1.98,64.04,0.51,2.04,Teesta_Lalmonirhat
2017-04-18,0.0,35.57,21.73,2.0,58.81,0.5,1.92,Teesta_Lalmonirhat
2017-04-19,19.54,31.5,24.65,2.18,79.04,0.51,1.0,Teesta_Lalmonirhat
2017-04-20,17.28,29.23,25.01,2.53,85.58,0.54,0.84,Teesta_Lalmonirhat
2017-04-21,31.71,28.65,24.48,2.78,88.63,0.57,0.82,Teesta_Lalmonirhat
2017-04-22,48.24,29.13,24.95,3.0,90.36,0.64,1.3,Teesta_Lalmonirhat
2017-04-23,15.62,30.18,23.73,1.25,82.61,0.67,3.22,Teesta_Lalmonirhat
2017-04-24,12.88,31.64,23.21,2.89,81.9,0.68,3.79,Teesta_Lalmonirhat
2017-04-25,2.65,34.16,23.47,3.21,80.4,0.67,5.28,Teesta_Lalmonirhat
2017-04-26,1.18,34.72,24.76,2.85,76.79,0.66,5.43,Teesta_Lalmonirhat
2017-04-27,0.5,34.58,23.87,3.05,77.21,0.65,5.52,Teesta_Lalmonirhat
2017-04-28,2.08,32.84,24.0,2.39,79.18,0.64,4.84,Teesta_Lalmonirhat
2017-04-29,20.52,31.14,24.43,2.1,83.93,0.65,3.41,Teesta_Lalmonirhat
2017-04-30,0.59,32.89,24.2,2.01,79.29,0.65,5.01,Teesta_Lalmonirhat
2017-05-01,14.9,31.78,24.52,2.4,80.05,0.65,4.03,Teesta_Lalmonirhat
2017-05-02,2.19,31.67,23.05,2.39,78.49,0.65,5.11,Teesta_Lalmonirhat
2017-05-03,0.0,31.85,22.34,1.54,78.28,0.64,5.11,Teesta_Lalmonirhat
2017-05-04,24.52,31.98,24.43,2.11,81.58,0.65,3.92,Teesta_Lalmonirhat
2017-05-05,8.13,33.19,24.04,1.98,79.86,0.65,4.54,Teesta_Lalmonirhat
2017-05-06,8.13,31.8,24.45,1.91,82.92,0.65,4.29,Teesta_Lalmonirhat
2017-05-07,3.46,31.9,24.57,2.1,83.37,0.65,4.51,Teesta_Lalmonirhat
2017-05-08,11.0,31.72,24.94,1.43,81.32,0.66,2.34,Teesta_Lalmonirhat
2017-05-09,29.83,30.93,25.53,1.49,85.01,0.69,1.66,Teesta_Lalmonirhat
2017-05-10,5.41,31.18,25.33,0.87,77.9,0.7,3.73,Teesta_Lalmonirhat
2017-05-11,3.86,32.14,24.16,1.88,80.37,0.69,4.73,Teesta_Lalmonirhat
2017-05-12,9.41,30.9,25.34,1.63,81.66,0.69,3.38,Teesta_Lalmonirhat
2017-05-13,20.24,32.3,24.94,1.3,80.4,0.7,3.92,Teesta_Lalmonirhat
2017-05-14,13.99,32.61,25.3,1.59,83.12,0.71,4.43,Teesta_Lalmonirhat
2017-05-15,2.4,31.76,24.61,1.35,80.2,0.71,3.91,Teesta_Lalmonirhat
2017-05-16,21.04,27.9,24.41,2.49,88.53,0.72,1.99,Teesta_Lalmonirhat
2017-05-17,1.82,32.14,23.97,1.39,79.68,0.72,5.8,Teesta_Lalmonirhat
2017-05-18,0.52,33.34,25.41,2.21,80.65,0.71,6.19,Teesta_Lalmonirhat
2017-05-19,22.32,33.28,26.21,2.31,81.83,0.71,4.73,Teesta_Lalmonirhat
2017-05-20,16.61,33.11,25.67,1.94,83.12,0.73,4.83,Teesta_Lalmonirhat
2017-05-21,20.9,33.42,25.92,1.84,82.48,0.74,5.24,Teesta_Lalmonirhat
2017-05-22,16.34,33.27,26.08,1.6,82.73,0.75,4.88,Teesta_Lalmonirhat
2017-05-23,14.88,32.23,26.4,1.54,85.67,0.76,3.56,Teesta_Lalmonirhat
2017-05-24,15.52,33.75,26.73,2.07,84.24,0.77,3.68,Teesta_Lalmonirhat
2017-05-25,11.66,33.66,26.21,1.97,84.37,0.77,4.54,Teesta_Lalmonirhat
2017-05-26,16.26,32.76,26.67,1.98,84.32,0.77,3.91,Teesta_Lalmonirhat
2017-05-27,13.0,33.24,25.73,1.12,76.97,0.78,4.81,Teesta_Lalmonirhat
2017-05-28,2.03,33.31,25.71,1.18,74.03,0.77,5.75,Teesta_Lalmonirhat
2017-05-29,1.12,33.94,26.82,1.31,76.52,0.76,4.87,Teesta_Lalmonirhat
2017-05-30,5.29,27.55,25.48,2.51,89.1,0.76,1.77,Teesta_Lalmonirhat
2017-05-31,0.56,32.9,24.35,1.98,81.45,0.75,5.61,Teesta_Lalmonirhat
2017-06-01,8.61,33.08,26.26,2.87,86.15,0.74,4.8,Teesta_Lalmonirhat
2017-06-02,25.05,34.15,26.79,3.47,84.83,0.76,4.47,Teesta_Lalmonirhat
2017-06-03,14.57,35.62,26.87,3.11,78.23,0.77,4.94,Teesta_Lalmonirhat
2017-06-04,6.47,34.29,26.8,2.4,85.11,0.77,4.92,Teesta_Lalmonirhat
2017-06-05,24.89,32.51,27.15,2.84,88.85,0.78,2.83,Teesta_Lalmonirhat
2017-06-06,4.03,33.49,27.28,1.26,82.97,0.78,3.84,Teesta_Lalmonirhat
2017-06-07,0.09,33.05,27.37,1.49,83.29,0.77,4.23,Teesta_Lalmonirhat
2017-06-08,1.67,34.51,27.28,1.66,80.4,0.76,5.19,Teesta_Lalmonirhat
2017-06-09,2.49,34.2,26.66,1.83,81.71,0.75,5.72,Teesta_Lalmonirhat
2017-06-10,4.17,33.8,27.02,1.55,81.76,0.74,4.73,Teesta_Lalmonirhat
2017-06-11,2.65,32.11,27.03,1.8,85.8,0.73,3.18,Teesta_Lalmonirhat
2017-06-12,8.31,31.59,25.98,2.55,85.11,0.73,3.66,Teesta_Lalmonirhat
2017-06-13,5.2,35.31,25.93,2.21,77.8,0.72,6.5,Teesta_Lalmonirhat
2017-06-14,20.55,31.61,27.11,2.75,88.98,0.74,2.63,Teesta_Lalmonirhat
2017-06-15,2.16,32.41,26.43,2.56,85.68,0.74,4.5,Teesta_Lalmonirhat
2017-06-16,35.18,30.84,25.97,2.54,87.58,0.75,2.6,Teesta_Lalmonirhat
2017-06-17,7.87,32.6,25.67,1.41,81.87,0.77,4.66,Teesta_Lalmonirhat
2017-06-18,14.42,34.38,26.16,2.51,83.53,0.77,5.26,Teesta_Lalmonirhat
2017-06-19,55.78,31.03,26.97,3.22,91.88,0.79,1.65,Teesta_Lalmonirhat
2017-06-20,28.64,28.91,26.34,2.31,92.61,0.86,0.78,Teesta_Lalmonirhat
2017-06-21,29.99,30.95,25.69,2.04,87.94,0.86,2.6,Teesta_Lalmonirhat
2017-06-22,45.08,31.09,26.33,1.98,88.75,0.91,1.8,Teesta_Lalmonirhat
2017-06-23,12.62,31.38,26.47,1.9,88.13,0.91,2.24,Teesta_Lalmonirhat
2017-06-24,3.76,31.8,27.02,1.21,84.48,0.9,2.37,Teesta_Lalmonirhat
2017-06-25,1.0,31.93,27.0,1.57,85.58,0.89,2.51,Teesta_Lalmonirhat
2017-06-26,1.81,32.16,26.47,1.78,85.27,0.88,4.15,Teesta_Lalmonirhat
2017-06-27,1.47,31.48,27.23,1.75,87.09,0.87,2.64,Teesta_Lalmonirhat
2017-06-28,4.53,32.78,26.28,2.01,86.99,0.87,3.42,Teesta_Lalmonirhat
2017-06-29,5.05,31.75,27.07,1.89,88.23,0.86,2.91,Teesta_Lalmonirhat
2017-06-30,21.69,31.92,26.78,2.24,87.62,0.87,2.87,Teesta_Lalmonirhat
2017-07-01,25.95,31.36,27.47,1.55,89.84,0.89,1.57,Teesta_Lalmonirhat
2017-07-02,10.75,32.45,26.63,1.82,86.26,0.89,3.3,Teesta_Lalmonirhat
2017-07-03,15.27,31.13,27.06,2.07,90.33,0.89,1.91,Teesta_Lalmonirhat
2017-07-04,13.21,31.46,26.77,2.18,91.29,0.89,1.52,Teesta_Lalmonirhat
2017-07-05,9.07,30.32,27.2,2.19,91.49,0.9,0.95,Teesta_Lalmonirhat
2017-07-06,18.78,30.89,26.86,2.66,88.32,0.91,1.25,Teesta_Lalmonirhat
2017-07-07,3.5,31.87,26.74,1.82,87.86,0.9,2.28,Teesta_Lalmonirhat
2017-07-08,14.2,31.24,26.32,2.37,90.62,0.9,1.67,Teesta_Lalmonirhat
2017-07-09,65.22,29.45,26.95,3.03,92.43,0.93,0.76,Teesta_Lalmonirhat
2017-07-10,39.24,29.91,26.47,2.4,90.85,0.96,0.92,Teesta_Lalmonirhat
2017-07-11,28.48,26.74,24.85,4.17,92.78,0.96,0.56,Teesta_Lalmonirhat
2017-07-12,29.13,29.93,24.94,3.18,87.46,0.97,1.79,Teesta_Lalmonirhat
2017-07-13,1.09,32.4,26.02,1.55,86.31,0.95,2.81,Teesta_Lalmonirhat
2017-07-14,0.46,31.3,25.92,1.69,88.56,0.94,2.01,Teesta_Lalmonirhat
2017-07-15,1.0,32.92,26.1,1.7,84.5,0.93,3.64,Teesta_Lalmonirhat
2017-07-16,6.33,32.59,26.62,1.12,83.24,0.92,2.46,Teesta_Lalmonirhat
2017-07-17,2.61,31.51,26.98,1.41,89.43,0.92,1.19,Teesta_Lalmonirhat
2017-07-18,1.8,34.32,26.98,1.75,84.64,0.91,3.23,Teesta_Lalmonirhat
2017-07-19,7.26,30.36,26.68,2.56,91.34,0.91,1.09,Teesta_Lalmonirhat
2017-07-20,5.51,29.67,26.15,2.66,91.01,0.91,1.24,Teesta_Lalmonirhat
2017-07-21,5.78,30.51,26.06,1.96,88.29,0.91,1.8,Teesta_Lalmonirhat
2017-07-22,5.76,30.41,26.82,1.69,89.48,0.91,1.36,Teesta_Lalmonirhat
2017-07-23,14.52,30.66,25.76,2.8,90.03,0.91,1.37,Teesta_Lalmonirhat
2017-07-24,12.42,30.05,26.39,4.54,89.86,0.91,1.78,Teesta_Lalmonirhat
2017-07-25,29.59,29.68,25.4,4.13,90.91,0.92,1.25,Teesta_Lalmonirhat
2017-07-26,13.9,31.09,25.5,2.19,87.42,0.93,2.62,Teesta_Lalmonirhat
2017-07-27,4.28,31.94,25.42,1.55,85.97,0.92,3.08,Teesta_Lalmonirhat
2017-07-28,11.02,30.92,26.73,1.58,89.84,0.91,1.21,Teesta_Lalmonirhat
2017-07-29,15.54,30.83,26.72,1.59,90.44,0.92,1.15,Teesta_Lalmonirhat
2017-07-30,12.6,31.26,26.34,1.66,87.58,0.92,2.15,Teesta_Lalmonirhat
2017-07-31,8.37,32.84,25.99,2.22,86.15,0.92,3.11,Teesta_Lalmonirhat
2017-08-01,16.23,31.83,26.67,2.71,89.31,0.92,2.1,Teesta_Lalmonirhat
2017-08-02,13.12,32.03,27.11,2.92,90.6,0.92,1.81,Teesta_Lalmonirhat
2017-08-03,9.44,31.21,27.27,2.54,91.08,0.92,1.26,Teesta_Lalmonirhat
2017-08-04,7.65,31.86,26.98,1.18,87.99,0.92,1.63,Teesta_Lalmonirhat
2017-08-05,2.99,32.65,27.15,1.21,86.55,0.91,1.9,Teesta_Lalmonirhat
2017-08-06,3.31,31.39,27.65,1.52,90.09,0.91,1.46,Teesta_Lalmonirhat
2017-08-07,4.35,32.51,26.84,2.37,87.26,0.9,3.09,Teesta_Lalmonirhat
2017-08-08,16.5,32.6,26.6,2.48,87.18,0.9,3.36,Teesta_Lalmonirhat
2017-08-09,50.19,31.48,27.15,3.2,90.54,0.92,1.74,Teesta_Lalmonirhat
2017-08-10,69.81,29.57,26.89,3.01,93.51,0.96,0.6,Teesta_Lalmonirhat
2017-08-11,84.01,29.76,26.89,1.82,92.34,0.98,0.73,Teesta_Lalmonirhat
2017-08-12,166.11,29.26,26.54,2.31,94.89,1.0,0.22,Teesta_Lalmonirhat
2017-08-13,49.83,29.58,26.12,2.14,92.3,1.0,0.67,Teesta_Lalmonirhat
2017-08-14,17.38,30.64,25.52,2.15,90.1,0.99,1.27,Teesta_Lalmonirhat
2017-08-15,10.79,30.89,26.39,1.97,90.58,0.99,1.01,Teesta_Lalmonirhat
2017-08-16,2.88,31.33,26.54,2.26,92.02,0.98,1.17,Teesta_Lalmonirhat
2017-08-17,2.26,31.91,26.73,1.74,86.61,0.97,2.12,Teesta_Lalmonirhat
2017-08-18,1.97,29.7,26.52,1.49,89.88,0.97,0.89,Teesta_Lalmonirhat
2017-08-19,1.34,31.1,25.5,1.41,85.94,0.96,2.01,Teesta_Lalmonirhat
2017-08-20,3.53,31.32,26.3,1.6,87.26,0.95,2.42,Teesta_Lalmonirhat
2017-08-21,1.75,31.91,25.78,1.16,84.94,0.95,3.0,Teesta_Lalmonirhat
2017-08-22,11.06,32.36,26.19,0.91,83.46,0.94,2.62,Teesta_Lalmonirhat
2017-08-23,8.69,32.15,26.06,0.99,84.39,0.94,2.45,Teesta_Lalmonirhat
2017-08-24,3.35,30.64,26.55,1.16,87.74,0.94,1.26,Teesta_Lalmonirhat
2017-08-25,1.57,29.95,26.33,1.2,90.55,0.93,1.14,Teesta_Lalmonirhat
2017-08-26,13.35,30.0,26.23,1.2,90.26,0.93,0.94,Teesta_Lalmonirhat
2017-08-27,80.9,30.4,26.66,1.88,88.75,0.96,0.92,Teesta_Lalmonirhat
2017-08-28,9.59,30.52,26.18,1.49,88.86,0.97,1.46,Teesta_Lalmonirhat
2017-08-29,1.16,31.81,26.15,1.64,87.73,0.96,2.97,Teesta_Lalmonirhat
2017-08-30,10.94,30.69,26.14,1.66,89.88,0.95,1.64,Teesta_Lalmonirhat
2017-08-31,17.19,31.39,26.33,1.73,88.23,0.95,2.33,Teesta_Lalmonirhat
2017-09-01,2.86,30.65,26.2,1.91,91.6,0.95,1.4,Teesta_Lalmonirhat
2017-09-02,24.48,29.55,26.15,2.22,93.03,0.95,0.66,Teesta_Lalmonirhat
2017-09-03,14.03,30.69,25.32,1.71,90.23,0.96,2.16,Teesta_Lalmonirhat
2017-09-04,4.98,31.62,26.33,2.79,88.98,0.95,2.68,Teesta_Lalmonirhat
2017-09-05,3.88,31.84,25.81,2.56,88.67,0.94,3.03,Teesta_Lalmonirhat
2017-09-06,8.65,31.45,25.52,1.54,88.96,0.94,2.45,Teesta_Lalmonirhat
2017-09-07,8.63,30.93,26.39,2.3,89.38,0.94,2.08,Teesta_Lalmonirhat
2017-09-08,19.29,30.11,26.11,2.28,92.69,0.94,1.02,Teesta_Lalmonirhat
2017-09-09,41.13,30.95,25.41,3.89,91.93,0.95,1.56,Teesta_Lalmonirhat
2017-09-10,17.62,30.37,25.15,2.01,92.84,0.96,1.01,Teesta_Lalmonirhat
2017-09-11,7.35,28.74,25.95,1.31,92.44,0.96,0.88,Teesta_Lalmonirhat
2017-09-12,2.47,29.36,25.15,1.38,89.99,0.95,1.34,Teesta_Lalmonirhat
2017-09-13,4.42,31.34,25.34,1.02,85.9,0.95,3.1,Teesta_Lalmonirhat
2017-09-14,3.09,31.6,25.57,1.18,86.7,0.94,3.27,Teesta_Lalmonirhat
2017-09-15,0.15,31.94,26.04,0.75,82.99,0.94,4.15,Teesta_Lalmonirhat
2017-09-16,0.02,33.45,26.96,0.55,77.76,0.93,5.17,Teesta_Lalmonirhat
2017-09-17,4.71,31.87,27.37,1.41,87.89,0.92,1.95,Teesta_Lalmonirhat
2017-09-18,2.76,29.35,26.66,2.2,90.27,0.92,1.51,Teesta_Lalmonirhat
2017-09-19,11.15,29.3,25.7,1.75,91.62,0.92,1.18,Teesta_Lalmonirhat
2017-09-20,16.7,30.35,25.73,1.95,89.14,0.92,2.15,Teesta_Lalmonirhat
2017-09-21,15.19,31.3,25.22,1.46,87.93,0.93,3.26,Teesta_Lalmonirhat
2017-09-22,10.85,30.29,25.85,1.43,90.46,0.93,1.5,Teesta_Lalmonirhat
2017-09-23,16.5,30.97,26.11,1.63,90.87,0.93,1.71,Teesta_Lalmonirhat
2017-09-24,7.81,30.46,26.19,1.51,91.53,0.93,1.26,Teesta_Lalmonirhat
2017-09-25,2.74,32.41,25.46,1.08,85.93,0.93,3.98,Teesta_Lalmonirhat
2017-09-26,0.37,31.66,25.79,1.21,86.61,0.92,2.72,Teesta_Lalmonirhat
2017-09-27,0.09,32.3,26.27,1.04,85.1,0.92,3.9,Teesta_Lalmonirhat
2017-09-28,2.75,32.04,26.13,0.69,85.29,0.91,1.95,Teesta_Lalmonirhat
2017-09-29,24.3,29.16,25.76,1.84,91.76,0.92,1.32,Teesta_Lalmonirhat
2017-09-30,39.27,27.82,25.13,2.08,94.12,0.95,0.79,Teesta_Lalmonirhat
2017-10-01,17.99,28.28,25.11,1.64,93.3,0.95,0.94,Teesta_Lalmonirhat
2017-10-02,48.49,28.39,24.74,1.43,93.37,0.96,0.79,Teesta_Lalmonirhat
2017-10-03,12.32,30.25,24.42,0.89,84.42,0.97,1.72,Teesta_Lalmonirhat
2017-10-04,0.24,31.16,24.1,1.0,82.77,0.96,4.23,Teesta_Lalmonirhat
2017-10-05,0.0,32.15,24.6,1.48,84.87,0.95,3.29,Teesta_Lalmonirhat
2017-10-06,0.17,30.5,25.76,1.22,91.29,0.94,1.67,Teesta_Lalmonirhat
2017-10-07,0.38,31.15,26.06,1.54,89.58,0.94,2.9,Teesta_Lalmonirhat
2017-10-08,0.65,29.91,25.52,1.21,88.45,0.93,2.87,Teesta_Lalmonirhat
2017-10-09,3.44,30.85,25.29,1.08,85.19,0.93,3.34,Teesta_Lalmonirhat
2017-10-10,1.18,30.66,24.92,0.92,85.66,0.92,2.8,Teesta_Lalmonirhat
2017-10-11,0.12,31.7,25.67,0.99,83.34,0.92,4.39,Teesta_Lalmonirhat
2017-10-12,0.14,31.78,24.79,1.4,86.97,0.91,4.65,Teesta_Lalmonirhat
2017-10-13,13.92,30.93,25.16,2.61,90.68,0.9,3.05,Teesta_Lalmonirhat
2017-10-14,7.32,31.5,24.88,2.02,87.25,0.91,3.65,Teesta_Lalmonirhat
2017-10-15,0.42,31.23,23.7,1.42,84.23,0.9,3.76,Teesta_Lalmonirhat
2017-10-16,0.27,31.69,23.61,0.71,75.65,0.89,5.04,Teesta_Lalmonirhat
2017-10-17,0.0,31.42,23.09,1.17,82.63,0.89,4.81,Teesta_Lalmonirhat
2017-10-18,0.02,31.66,23.65,1.53,81.33,0.88,4.92,Teesta_Lalmonirhat
2017-10-19,0.36,30.85,24.35,1.43,85.55,0.87,4.05,Teesta_Lalmonirhat
2017-10-20,47.86,27.49,23.57,2.3,93.66,0.88,0.85,Teesta_Lalmonirhat
2017-10-21,31.98,27.54,21.58,3.85,92.17,0.93,1.83,Teesta_Lalmonirhat
2017-10-22,1.35,28.5,21.05,2.19,90.26,0.92,2.82,Teesta_Lalmonirhat
2017-10-23,0.6,28.82,21.28,1.45,87.59,0.91,3.24,Teesta_Lalmonirhat
2017-10-24,0.11,28.7,21.06,1.52,90.13,0.9,3.03,Teesta_Lalmonirhat
2017-10-25,0.22,28.83,21.7,1.01,83.55,0.9,3.39,Teesta_Lalmonirhat
2017-10-26,0.16,28.82,19.99,1.08,83.92,0.89,3.3,Teesta_Lalmonirhat
2017-10-27,0.0,27.81,19.89,1.02,83.22,0.89,3.36,Teesta_Lalmonirhat
2017-10-28,0.0,28.37,18.81,1.28,83.06,0.88,3.97,Teesta_Lalmonirhat
2017-10-29,0.92,28.26,19.25,1.63,81.97,0.87,3.52,Teesta_Lalmonirhat
2017-10-30,32.27,26.73,20.76,1.49,88.57,0.88,1.87,Teesta_Lalmonirhat
2017-10-31,1.2,26.17,18.99,0.96,83.72,0.89,3.6,Teesta_Lalmonirhat
2017-11-01,0.0,26.69,18.44,1.18,83.05,0.88,3.72,Teesta_Lalmonirhat
2017-11-02,0.0,27.4,18.29,1.24,83.87,0.88,3.83,Teesta_Lalmonirhat
2017-11-03,0.0,27.73,18.54,1.76,86.83,0.87,3.45,Teesta_Lalmonirhat
2017-11-04,0.0,28.18,18.56,1.94,84.14,0.86,3.62,Teesta_Lalmonirhat
2017-11-05,0.0,27.93,19.12,1.71,83.22,0.85,3.7,Teesta_Lalmonirhat
2017-11-06,0.0,28.35,19.31,1.2,77.65,0.84,4.17,Teesta_Lalmonirhat
2017-11-07,0.0,27.95,19.0,1.23,86.03,0.84,3.8,Teesta_Lalmonirhat
2017-11-08,0.0,28.16,19.13,1.41,84.95,0.83,3.76,Teesta_Lalmonirhat
2017-11-09,0.0,28.03,18.71,1.16,78.69,0.82,4.07,Teesta_Lalmonirhat
2017-11-10,0.0,27.71,18.58,1.13,82.09,0.81,3.79,Teesta_Lalmonirhat
2017-11-11,0.0,28.24,18.5,1.19,79.76,0.81,3.84,Teesta_Lalmonirhat
2017-11-12,0.0,28.67,18.34,0.86,77.65,0.8,4.33,Teesta_Lalmonirhat
2017-11-13,0.0,27.62,18.17,1.11,84.54,0.79,3.58,Teesta_Lalmonirhat
2017-11-14,0.0,27.44,18.7,1.62,87.14,0.79,3.63,Teesta_Lalmonirhat
2017-11-15,0.09,27.08,18.48,1.98,88.47,0.78,2.85,Teesta_Lalmonirhat
2017-11-16,0.55,26.55,19.18,0.65,84.03,0.77,2.63,Teesta_Lalmonirhat
2017-11-17,0.28,27.6,19.74,0.81,82.58,0.77,3.73,Teesta_Lalmonirhat
2017-11-18,0.1,28.6,19.36,0.8,82.4,0.76,4.02,Teesta_Lalmonirhat
2017-11-19,0.0,27.94,19.27,0.93,85.4,0.76,3.63,Teesta_Lalmonirhat
2017-11-20,0.0,27.19,17.93,1.29,87.15,0.75,2.72,Teesta_Lalmonirhat
2017-11-21,0.0,25.71,16.16,1.58,84.1,0.74,2.71,Teesta_Lalmonirhat
2017-11-22,0.0,24.75,13.47,1.29,80.93,0.74,2.28,Teesta_Lalmonirhat
2017-11-23,0.0,24.21,11.89,1.0,78.56,0.73,2.12,Teesta_Lalmonirhat
2017-11-24,0.0,24.72,13.7,1.38,79.91,0.73,2.46,Teesta_Lalmonirhat
2017-11-25,0.0,25.24,11.96,0.57,75.93,0.72,2.41,Teesta_Lalmonirhat
2017-11-26,0.0,26.05,16.02,0.8,80.11,0.72,2.7,Teesta_Lalmonirhat
2017-11-27,0.03,24.75,13.69,1.42,83.78,0.71,2.28,Teesta_Lalmonirhat
2017-11-28,0.03,23.23,12.8,0.99,82.07,0.71,1.39,Teesta_Lalmonirhat
2017-11-29,0.04,23.79,13.46,1.02,82.58,0.71,1.91,Teesta_Lalmonirhat
2017-11-30,0.02,24.1,14.22,1.04,82.38,0.7,2.32,Teesta_Lalmonirhat
2017-12-01,0.0,24.81,15.14,0.84,81.58,0.7,2.44,Teesta_Lalmonirhat
2017-12-02,0.0,25.2,15.62,0.98,81.7,0.69,2.51,Teesta_Lalmonirhat
2017-12-03,0.0,24.38,14.69,0.48,80.65,0.69,2.41,Teesta_Lalmonirhat
2017-12-04,0.0,24.66,15.03,0.74,81.56,0.68,2.29,Teesta_Lalmonirhat
2017-12-05,0.0,25.26,15.31,0.86,81.04,0.68,2.38,Teesta_Lalmonirhat
2017-12-06,0.0,25.23,14.65,0.43,81.66,0.67,2.11,Teesta_Lalmonirhat
2017-12-07,0.0,26.0,15.58,0.76,81.65,0.67,2.3,Teesta_Lalmonirhat
2017-12-08,0.0,25.26,16.19,1.32,85.11,0.66,1.85,Teesta_Lalmonirhat
2017-12-09,0.22,25.65,16.26,1.1,84.26,0.66,1.86,Teesta_Lalmonirhat
2017-12-10,1.82,25.81,16.74,1.43,86.35,0.66,1.59,Teesta_Lalmonirhat
2017-12-11,0.72,26.25,17.58,1.24,85.8,0.65,1.96,Teesta_Lalmonirhat
2017-12-12,0.01,26.64,16.67,1.68,83.5,0.65,1.84,Teesta_Lalmonirhat
2017-12-13,0.0,25.5,13.85,1.48,79.6,0.65,1.47,Teesta_Lalmonirhat
2017-12-14,0.0,25.39,13.67,1.24,79.66,0.64,1.54,Teesta_Lalmonirhat
2017-12-15,0.0,24.15,12.19,0.98,75.13,0.64,1.32,Teesta_Lalmonirhat
2017-12-16,0.0,24.46,12.94,0.75,71.5,0.63,1.25,Teesta_Lalmonirhat
2017-12-17,0.0,24.2,13.15,1.01,84.22,0.63,1.08,Teesta_Lalmonirhat
2017-12-18,0.0,23.37,13.49,0.92,81.38,0.63,1.03,Teesta_Lalmonirhat
2017-12-19,0.0,22.81,14.79,0.92,84.64,0.63,0.7,Teesta_Lalmonirhat
2017-12-20,0.0,25.31,15.61,1.7,86.07,0.62,1.36,Teesta_Lalmonirhat
2017-12-21,0.0,25.08,16.37,1.12,86.63,0.62,1.16,Teesta_Lalmonirhat
2017-12-22,0.0,24.55,16.19,1.47,86.33,0.62,1.05,Teesta_Lalmonirhat
2017-12-23,0.0,24.42,13.67,1.04,79.32,0.61,1.02,Teesta_Lalmonirhat
2017-12-24,0.0,24.07,12.93,0.58,76.71,0.61,0.92,Teesta_Lalmonirhat
2017-12-25,0.0,25.33,14.71,0.88,78.66,0.61,1.2,Teesta_Lalmonirhat
2017-12-26,0.0,24.73,13.05,0.81,73.75,0.6,1.18,Teesta_Lalmonirhat
2017-12-27,0.0,24.32,10.85,0.8,71.13,0.6,1.03,Teesta_Lalmonirhat
2017-12-28,0.0,25.2,11.69,1.29,75.37,0.6,1.08,Teesta_Lalmonirhat
2017-12-29,0.0,24.64,12.29,1.03,80.03,0.59,1.07,Teesta_Lalmonirhat
2017-12-30,0.0,25.96,13.25,1.33,79.14,0.59,1.16,Teesta_Lalmonirhat
2017-12-31,0.0,25.65,13.9,0.85,76.43,0.59,1.19,Teesta_Lalmonirhat
2018-01-01,0.0,25.62,13.39,0.82,74.22,0.58,1.12,Teesta_Lalmonirhat
2018-01-02,0.0,24.87,16.26,0.75,73.59,0.58,1.06,Teesta_Lalmonirhat
2018-01-03,0.0,23.25,10.84,2.15,69.11,0.58,0.86,Teesta_Lalmonirhat
2018-01-04,0.0,21.05,7.6,0.96,69.89,0.57,0.68,Teesta_Lalmonirhat
2018-01-05,0.0,22.13,8.03,1.17,69.87,0.57,0.69,Teesta_Lalmonirhat
2018-01-06,0.0,20.84,6.45,1.71,66.01,0.57,0.64,Teesta_Lalmonirhat
2018-01-07,0.0,20.43,5.26,1.38,63.5,0.56,0.62,Teesta_Lalmonirhat
2018-01-08,0.0,19.9,6.17,1.31,63.56,0.56,0.47,Teesta_Lalmonirhat
2018-01-09,0.0,20.64,7.67,0.89,62.33,0.56,0.58,Teesta_Lalmonirhat
2018-01-10,0.0,20.92,6.61,1.23,67.25,0.56,0.51,Teesta_Lalmonirhat
2018-01-11,0.0,20.88,7.34,0.98,67.08,0.55,0.51,Teesta_Lalmonirhat
2018-01-12,0.0,22.67,9.0,0.73,68.28,0.55,0.58,Teesta_Lalmonirhat
2018-01-13,0.0,22.6,10.14,1.22,72.08,0.55,0.57,Teesta_Lalmonirhat
2018-01-14,0.0,23.13,10.67,1.09,71.0,0.55,0.63,Teesta_Lalmonirhat
2018-01-15,0.0,23.71,9.27,1.68,65.98,0.54,0.59,Teesta_Lalmonirhat
2018-01-16,0.0,23.41,8.76,0.99,68.75,0.54,0.55,Teesta_Lalmonirhat
2018-01-17,0.0,24.52,9.91,1.16,65.08,0.54,0.58,Teesta_Lalmonirhat
2018-01-18,0.0,24.8,9.61,1.36,63.91,0.53,0.62,Teesta_Lalmonirhat
2018-01-19,0.0,23.56,8.91,1.14,57.89,0.53,0.55,Teesta_Lalmonirhat
2018-01-20,0.0,23.52,8.47,1.37,58.67,0.53,0.49,Teesta_Lalmonirhat
2018-01-21,0.0,24.1,10.05,1.18,60.85,0.53,0.45,Teesta_Lalmonirhat
2018-01-22,0.0,24.94,9.85,1.31,61.63,0.52,0.48,Teesta_Lalmonirhat
2018-01-23,0.0,25.66,10.81,1.39,62.34,0.52,0.53,Teesta_Lalmonirhat
2018-01-24,0.01,24.79,10.97,1.8,58.68,0.52,0.53,Teesta_Lalmonirhat
2018-01-25,0.0,25.04,10.32,2.02,59.43,0.52,0.57,Teesta_Lalmonirhat
2018-01-26,0.0,23.91,10.02,1.36,60.96,0.51,0.49,Teesta_Lalmonirhat
2018-01-27,0.07,22.61,9.13,1.81,61.72,0.51,0.51,Teesta_Lalmonirhat
2018-01-28,0.0,21.31,8.43,0.98,56.04,0.51,0.37,Teesta_Lalmonirhat
2018-01-29,0.0,21.8,9.46,0.97,52.88,0.5,0.33,Teesta_Lalmonirhat
2018-01-30,0.0,21.91,8.27,1.29,52.89,0.5,0.29,Teesta_Lalmonirhat
2018-01-31,0.0,23.57,8.9,1.24,57.58,0.5,0.32,Teesta_Lalmonirhat
2018-02-01,0.0,24.86,11.78,1.01,62.7,0.5,0.39,Teesta_Lalmonirhat
2018-02-02,0.0,24.55,11.89,1.21,64.77,0.5,0.38,Teesta_Lalmonirhat
2018-02-03,0.0,25.61,12.87,1.38,65.3,0.49,0.41,Teesta_Lalmonirhat
2018-02-04,0.0,26.32,11.7,2.06,64.32,0.49,0.46,Teesta_Lalmonirhat
2018-02-05,0.0,26.68,11.21,1.55,62.23,0.49,0.48,Teesta_Lalmonirhat
2018-02-06,0.0,26.36,11.55,1.68,58.02,0.49,0.47,Teesta_Lalmonirhat
2018-02-07,0.0,27.95,11.59,2.06,55.65,0.48,0.52,Teesta_Lalmonirhat
2018-02-08,0.0,28.18,14.46,2.61,52.43,0.48,0.57,Teesta_Lalmonirhat
2018-02-09,0.0,28.65,10.9,2.83,51.46,0.48,0.55,Teesta_Lalmonirhat
2018-02-10,0.0,28.31,12.02,2.08,49.11,0.47,0.51,Teesta_Lalmonirhat
2018-02-11,0.0,27.49,11.74,1.25,45.51,0.47,0.47,Teesta_Lalmonirhat
2018-02-12,0.0,28.24,11.73,1.6,51.6,0.47,0.44,Teesta_Lalmonirhat
2018-02-13,0.0,29.32,11.46,1.19,46.95,0.46,0.48,Teesta_Lalmonirhat
2018-02-14,0.02,27.35,14.71,2.64,59.76,0.46,0.42,Teesta_Lalmonirhat
2018-02-15,0.11,27.92,12.3,1.83,49.21,0.46,0.43,Teesta_Lalmonirhat
2018-02-16,0.0,28.1,12.73,1.08,46.13,0.46,0.4,Teesta_Lalmonirhat
2018-02-17,0.0,28.05,12.5,1.44,47.34,0.45,0.33,Teesta_Lalmonirhat
2018-02-18,0.01,28.11,13.94,1.61,52.31,0.45,0.32,Teesta_Lalmonirhat
2018-02-19,0.0,28.34,14.12,1.36,47.65,0.45,0.32,Teesta_Lalmonirhat
2018-02-20,0.0,28.46,14.29,1.27,55.2,0.45,0.33,Teesta_Lalmonirhat
2018-02-21,0.0,29.59,15.54,1.26,50.77,0.44,0.37,Teesta_Lalmonirhat
2018-02-22,0.0,29.55,14.35,1.21,44.84,0.44,0.35,Teesta_Lalmonirhat
2018-02-23,0.12,30.57,17.19,1.36,42.39,0.44,0.33,Teesta_Lalmonirhat
2018-02-24,0.0,29.92,16.64,1.92,57.63,0.44,0.31,Teesta_Lalmonirhat
2018-02-25,0.33,31.76,17.14,1.37,54.83,0.43,0.33,Teesta_Lalmonirhat
2018-02-26,5.69,30.02,17.89,1.61,63.99,0.44,0.29,Teesta_Lalmonirhat
2018-02-27,0.83,28.87,17.1,1.34,68.79,0.44,0.35,Teesta_Lalmonirhat
2018-02-28,0.01,30.88,16.95,1.35,62.31,0.44,0.4,Teesta_Lalmonirhat
2018-03-01,0.1,31.15,18.58,1.43,50.14,0.43,0.35,Teesta_Lalmonirhat
2018-03-02,1.34,31.26,17.92,1.62,53.34,0.43,0.31,Teesta_Lalmonirhat
2018-03-03,0.1,33.32,17.88,1.88,49.31,0.43,0.36,Teesta_Lalmonirhat
2018-03-04,0.0,33.83,16.5,1.81,49.64,0.43,0.37,Teesta_Lalmonirhat
2018-03-05,0.19,33.51,17.07,2.36,46.92,0.42,0.3,Teesta_Lalmonirhat
2018-03-06,0.01,33.65,17.72,3.44,40.71,0.42,0.35,Teesta_Lalmonirhat
2018-03-07,0.01,32.99,14.48,1.63,36.4,0.42,0.3,Teesta_Lalmonirhat
2018-03-08,0.0,32.28,15.79,1.65,48.24,0.41,0.27,Teesta_Lalmonirhat
2018-03-09,0.01,33.44,17.64,1.45,45.29,0.41,0.25,Teesta_Lalmonirhat
2018-03-10,0.23,33.2,17.3,1.6,35.87,0.41,0.23,Teesta_Lalmonirhat
2018-03-11,0.24,33.03,16.56,1.5,40.11,0.41,0.22,Teesta_Lalmonirhat
2018-03-12,0.97,32.99,16.78,1.48,45.09,0.41,0.21,Teesta_Lalmonirhat
2018-03-13,0.47,32.66,17.53,1.44,46.7,0.4,0.21,Teesta_Lalmonirhat
2018-03-14,0.0,32.71,18.33,1.33,52.3,0.4,0.17,Teesta_Lalmonirhat
2018-03-15,0.06,33.4,19.59,1.45,52.03,0.4,0.16,Teesta_Lalmonirhat
2018-03-16,0.02,35.0,20.19,3.03,41.5,0.4,0.17,Teesta_Lalmonirhat
2018-03-17,0.0,35.08,17.15,3.04,34.02,0.39,0.17,Teesta_Lalmonirhat
2018-03-18,0.04,34.78,16.53,2.32,31.65,0.39,0.15,Teesta_Lalmonirhat
2018-03-19,0.0,35.43,17.86,0.89,28.65,0.39,0.15,Teesta_Lalmonirhat
2018-03-20,0.0,34.9,16.94,1.22,36.06,0.38,0.12,Teesta_Lalmonirhat
2018-03-21,0.0,34.49,18.16,1.54,40.83,0.38,0.1,Teesta_Lalmonirhat
2018-03-22,0.49,35.61,19.59,1.54,42.3,0.38,0.1,Teesta_Lalmonirhat
2018-03-23,0.49,36.15,20.23,1.81,45.67,0.38,0.1,Teesta_Lalmonirhat
2018-03-24,0.01,36.16,21.26,1.7,47.38,0.38,0.09,Teesta_Lalmonirhat
2018-03-25,0.58,35.86,21.61,1.71,49.41,0.38,0.09,Teesta_Lalmonirhat
2018-03-26,0.19,36.66,21.12,2.0,44.19,0.38,0.09,Teesta_Lalmonirhat
2018-03-27,0.69,35.08,20.52,1.99,54.94,0.38,0.08,Teesta_Lalmonirhat
2018-03-28,0.03,35.01,20.66,1.4,49.04,0.37,0.07,Teesta_Lalmonirhat
2018-03-29,8.11,33.05,22.34,1.85,54.53,0.38,0.06,Teesta_Lalmonirhat
2018-03-30,5.63,33.38,20.28,2.72,66.01,0.39,0.11,Teesta_Lalmonirhat
2018-03-31,23.71,31.58,20.61,2.25,67.14,0.43,0.28,Teesta_Lalmonirhat
2018-04-01,5.57,32.94,19.68,1.7,58.65,0.44,0.5,Teesta_Lalmonirhat
2018-04-02,0.01,34.94,21.01,1.28,54.2,0.44,0.51,Teesta_Lalmonirhat
2018-04-03,0.0,36.39,22.05,1.03,44.09,0.43,0.54,Teesta_Lalmonirhat
2018-04-04,0.0,36.05,22.1,1.6,45.57,0.43,0.45,Teesta_Lalmonirhat
2018-04-05,9.42,33.53,22.45,2.05,57.57,0.43,0.31,Teesta_Lalmonirhat
2018-04-06,8.34,31.31,21.66,1.79,65.65,0.45,0.48,Teesta_Lalmonirhat
2018-04-07,2.14,32.52,22.37,1.89,62.6,0.45,0.44,Teesta_Lalmonirhat
2018-04-08,4.47,29.31,23.26,1.31,74.73,0.45,0.22,Teesta_Lalmonirhat
2018-04-09,4.15,32.78,21.47,1.76,68.58,0.45,0.64,Teesta_Lalmonirhat
2018-04-10,15.88,31.51,22.98,1.51,71.73,0.47,0.67,Teesta_Lalmonirhat
2018-04-11,24.47,31.19,22.47,1.81,73.38,0.5,1.11,Teesta_Lalmonirhat
2018-04-12,40.84,32.12,21.5,2.09,73.3,0.54,1.4,Teesta_Lalmonirhat
2018-04-13,1.94,33.43,21.21,2.21,66.98,0.57,3.2,Teesta_Lalmonirhat
2018-04-14,8.4,34.81,23.21,1.91,67.86,0.56,3.18,Teesta_Lalmonirhat
2018-04-15,0.25,33.5,21.94,1.9,67.87,0.55,3.16,Teesta_Lalmonirhat
2018-04-16,0.6,33.73,21.86,1.92,67.33,0.54,2.81,Teesta_Lalmonirhat
2018-04-17,10.03,30.91,23.52,1.45,71.5,0.55,1.47,Teesta_Lalmonirhat
2018-04-18,6.27,32.37,22.89,1.77,71.65,0.55,2.5,Teesta_Lalmonirhat
2018-04-19,4.42,32.58,22.54,2.1,74.74,0.55,2.65,Teesta_Lalmonirhat
2018-04-20,11.0,32.46,23.2,2.14,77.0,0.56,2.31,Teesta_Lalmonirhat
2018-04-21,8.58,33.55,23.89,2.25,77.68,0.57,2.88,Teesta_Lalmonirhat
2018-04-22,4.04,34.27,24.39,2.32,75.4,0.57,3.19,Teesta_Lalmonirhat
2018-04-23,0.69,35.0,23.74,1.89,69.31,0.56,3.48,Teesta_Lalmonirhat
2018-04-24,2.8,33.83,22.8,1.85,69.67,0.55,2.95,Teesta_Lalmonirhat
2018-04-25,5.28,33.44,22.88,2.14,72.25,0.55,2.54,Teesta_Lalmonirhat
2018-04-26,9.06,29.76,22.56,1.46,67.14,0.55,1.22,Teesta_Lalmonirhat
2018-04-27,2.0,29.63,22.42,1.58,72.65,0.56,1.42,Teesta_Lalmonirhat
2018-04-28,5.58,32.17,22.13,1.3,72.31,0.56,2.06,Teesta_Lalmonirhat
2018-04-29,42.99,26.1,23.22,1.52,87.16,0.6,0.52,Teesta_Lalmonirhat
2018-04-30,38.6,28.45,22.47,1.96,89.0,0.65,1.55,Teesta_Lalmonirhat
2018-05-01,4.74,29.52,22.49,1.49,85.15,0.67,3.13,Teesta_Lalmonirhat
2018-05-02,6.33,28.99,20.96,2.41,79.94,0.66,3.63,Teesta_Lalmonirhat
2018-05-03,12.91,30.71,22.12,1.44,78.52,0.67,4.33,Teesta_Lalmonirhat
2018-05-04,36.42,28.97,23.89,1.26,81.28,0.7,2.51,Teesta_Lalmonirhat
2018-05-05,10.24,30.04,22.91,1.23,79.17,0.72,4.28,Teesta_Lalmonirhat
2018-05-06,4.57,30.97,24.15,2.12,83.59,0.71,4.67,Teesta_Lalmonirhat
2018-05-07,10.47,32.5,24.42,2.65,84.82,0.71,4.34,Teesta_Lalmonirhat
2018-05-08,7.38,32.82,24.58,1.98,83.0,0.71,4.65,Teesta_Lalmonirhat
2018-05-09,12.14,32.61,25.24,2.11,85.62,0.71,4.68,Teesta_Lalmonirhat
2018-05-10,13.17,30.81,24.72,1.82,85.4,0.72,3.87,Teesta_Lalmonirhat
2018-05-11,6.29,30.52,23.56,1.22,81.32,0.72,4.49,Teesta_Lalmonirhat
2018-05-12,1.88,31.44,23.16,1.25,77.12,0.71,5.23,Teesta_Lalmonirhat
2018-05-13,0.27,31.49,23.84,1.61,77.17,0.7,5.74,Teesta_Lalmonirhat
2018-05-14,8.08,28.88,24.47,1.48,84.95,0.7,2.14,Teesta_Lalmonirhat
2018-05-15,11.53,30.78,24.05,1.07,78.09,0.7,4.29,Teesta_Lalmonirhat
2018-05-16,8.7,30.19,23.64,1.31,82.16,0.71,4.19,Teesta_Lalmonirhat
2018-05-17,1.02,30.25,23.52,1.15,81.77,0.7,4.94,Teesta_Lalmonirhat
2018-05-18,0.45,31.55,24.24,0.97,77.08,0.69,6.07,Teesta_Lalmonirhat
2018-05-19,1.83,31.82,24.03,1.01,77.07,0.68,5.6,Teesta_Lalmonirhat
2018-05-20,3.22,32.5,25.08,1.14,74.49,0.67,5.88,Teesta_Lalmonirhat
2018-05-21,6.99,32.42,25.11,1.5,80.78,0.67,5.16,Teesta_Lalmonirhat
2018-05-22,0.6,31.94,25.7,1.39,79.86,0.66,4.68,Teesta_Lalmonirhat
2018-05-23,8.29,31.43,26.14,2.16,87.59,0.65,2.29,Teesta_Lalmonirhat
2018-05-24,66.89,29.21,25.86,1.8,90.51,0.7,1.05,Teesta_Lalmonirhat
2018-05-25,29.56,30.93,25.95,3.14,89.93,0.76,2.15,Teesta_Lalmonirhat
2018-05-26,28.65,31.46,26.33,2.44,89.39,0.79,2.07,Teesta_Lalmonirhat
2018-05-27,36.59,31.69,25.88,1.75,86.64,0.81,3.11,Teesta_Lalmonirhat
2018-05-28,29.64,31.92,26.46,2.75,87.12,0.84,3.49,Teesta_Lalmonirhat
2018-05-29,6.63,31.73,25.98,1.89,84.03,0.84,3.73,Teesta_Lalmonirhat
2018-05-30,2.44,32.91,24.57,1.2,74.41,0.83,5.27,Teesta_Lalmonirhat
2018-05-31,8.77,32.35,25.8,1.96,84.79,0.82,3.5,Teesta_Lalmonirhat
2018-06-01,9.85,31.58,25.55,1.52,86.31,0.82,3.67,Teesta_Lalmonirhat
2018-06-02,4.89,31.59,25.42,1.68,85.33,0.82,4.13,Teesta_Lalmonirhat
2018-06-03,4.6,32.37,25.4,1.41,82.94,0.81,4.53,Teesta_Lalmonirhat
2018-06-04,3.05,32.58,26.48,1.7,83.71,0.8,4.48,Teesta_Lalmonirhat
2018-06-05,6.07,32.21,26.83,0.98,83.33,0.8,2.9,Teesta_Lalmonirhat
2018-06-06,3.21,33.8,26.35,1.53,82.09,0.79,5.43,Teesta_Lalmonirhat
2018-06-07,15.56,32.94,26.96,1.93,83.31,0.79,4.4,Teesta_Lalmonirhat
2018-06-08,9.85,32.03,26.86,1.17,80.98,0.8,3.4,Teesta_Lalmonirhat
2018-06-09,1.42,33.48,26.8,0.76,76.97,0.79,5.23,Teesta_Lalmonirhat
2018-06-10,7.4,33.19,27.96,0.81,80.22,0.78,3.83,Teesta_Lalmonirhat
2018-06-11,4.79,33.6,27.15,1.27,77.98,0.78,5.16,Teesta_Lalmonirhat
2018-06-12,5.63,34.81,27.7,1.2,77.26,0.77,6.34,Teesta_Lalmonirhat
2018-06-13,27.38,33.23,27.42,2.38,84.49,0.78,3.45,Teesta_Lalmonirhat
2018-06-14,34.93,32.82,27.67,2.36,85.08,0.81,3.12,Teesta_Lalmonirhat
2018-06-15,23.59,32.71,27.46,2.71,88.22,0.84,2.37,Teesta_Lalmonirhat
2018-06-16,34.74,31.2,26.78,2.32,90.09,0.86,1.84,Teesta_Lalmonirhat
2018-06-17,35.0,32.2,26.31,1.79,86.22,0.88,2.19,Teesta_Lalmonirhat
2018-06-18,13.58,32.83,26.47,1.58,85.58,0.89,2.72,Teesta_Lalmonirhat
2018-06-19,17.38,31.97,27.07,1.58,88.46,0.9,1.6,Teesta_Lalmonirhat
2018-06-20,4.83,31.25,27.04,1.46,88.65,0.9,1.91,Teesta_Lalmonirhat
2018-06-21,32.82,30.89,26.66,1.89,91.22,0.9,1.15,Teesta_Lalmonirhat
2018-06-22,23.11,31.92,27.0,2.45,87.31,0.92,2.43,Teesta_Lalmonirhat
2018-06-23,29.5,31.52,26.62,2.05,88.32,0.93,1.88,Teesta_Lalmonirhat
2018-06-24,37.9,30.7,26.89,2.43,90.79,0.94,1.28,Teesta_Lalmonirhat
2018-06-25,29.53,30.49,27.08,1.92,91.5,0.95,0.96,Teesta_Lalmonirhat
2018-06-26,23.97,31.62,26.42,1.36,87.99,0.96,1.46,Teesta_Lalmonirhat
2018-06-27,5.12,30.77,26.77,1.89,90.29,0.95,1.02,Teesta_Lalmonirhat
2018-06-28,5.51,31.31,26.36,2.26,88.9,0.94,2.1,Teesta_Lalmonirhat
2018-06-29,9.13,31.72,26.34,1.54,86.27,0.94,2.41,Teesta_Lalmonirhat
2018-06-30,9.99,31.05,26.71,2.26,88.55,0.93,1.7,Teesta_Lalmonirhat
2018-07-01,61.5,30.6,26.83,3.19,92.02,0.96,0.98,Teesta_Lalmonirhat
2018-07-02,44.11,30.1,26.95,3.06,93.01,0.97,0.64,Teesta_Lalmonirhat
2018-07-03,32.8,29.22,26.77,3.24,93.38,0.98,0.55,Teesta_Lalmonirhat
2018-07-04,29.63,31.25,26.3,3.36,90.99,0.98,1.19,Teesta_Lalmonirhat
2018-07-05,13.84,31.65,26.52,2.03,88.33,0.98,1.64,Teesta_Lalmonirhat
2018-07-06,7.93,32.8,26.53,1.73,86.53,0.97,2.47,Teesta_Lalmonirhat
2018-07-07,6.31,32.46,27.11,1.98,86.94,0.96,2.21,Teesta_Lalmonirhat
2018-07-08,14.5,32.23,27.14,1.76,86.2,0.96,2.45,Teesta_Lalmonirhat
2018-07-09,1.87,32.66,27.14,2.11,86.8,0.95,2.89,Teesta_Lalmonirhat
2018-07-10,3.61,32.22,27.15,1.49,86.88,0.94,2.38,Teesta_Lalmonirhat
2018-07-11,1.52,32.35,27.09,1.57,86.39,0.93,2.73,Teesta_Lalmonirhat
2018-07-12,3.09,31.38,27.46,1.67,86.47,0.92,1.73,Teesta_Lalmonirhat
2018-07-13,6.82,32.36,27.28,0.96,81.43,0.92,2.38,Teesta_Lalmonirhat
2018-07-14,0.29,33.72,28.12,0.98,80.13,0.91,3.69,Teesta_Lalmonirhat
2018-07-15,3.9,33.41,27.33,1.02,79.76,0.9,1.5,Teesta_Lalmonirhat
2018-07-16,2.96,32.68,27.19,2.22,84.28,0.9,3.2,Teesta_Lalmonirhat
2018-07-17,2.19,31.22,26.94,2.4,88.0,0.89,1.75,Teesta_Lalmonirhat
2018-07-18,1.94,33.58,27.12,1.46,83.13,0.89,3.73,Teesta_Lalmonirhat
2018-07-19,1.19,34.1,28.03,0.67,76.75,0.88,3.78,Teesta_Lalmonirhat
2018-07-20,4.12,33.31,27.18,1.72,88.16,0.87,1.82,Teesta_Lalmonirhat
2018-07-21,12.06,32.26,26.85,2.69,86.32,0.87,2.62,Teesta_Lalmonirhat
2018-07-22,6.39,33.07,26.65,3.43,86.03,0.87,3.47,Teesta_Lalmonirhat
2018-07-23,12.86,30.93,26.73,2.15,88.95,0.87,1.95,Teesta_Lalmonirhat
2018-07-24,18.55,30.72,26.75,1.86,90.36,0.88,1.48,Teesta_Lalmonirhat
2018-07-25,9.59,32.78,25.9,1.87,86.64,0.88,3.46,Teesta_Lalmonirhat
2018-07-26,7.87,30.63,26.46,1.5,86.82,0.88,1.87,Teesta_Lalmonirhat
2018-07-27,4.95,31.71,26.19,1.72,86.77,0.88,2.5,Teesta_Lalmonirhat
2018-07-28,10.59,30.77,26.37,2.12,89.58,0.87,1.84,Teesta_Lalmonirhat
2018-07-29,17.47,29.44,26.79,1.96,91.09,0.89,1.03,Teesta_Lalmonirhat
2018-07-30,13.42,29.98,26.37,1.28,91.93,0.89,0.75,Teesta_Lalmonirhat
2018-07-31,11.34,29.82,26.37,1.72,92.6,0.9,0.77,Teesta_Lalmonirhat
2018-08-01,24.65,32.51,25.57,1.02,83.71,0.91,3.21,Teesta_Lalmonirhat
2018-08-02,29.22,31.16,26.21,1.39,89.25,0.92,1.62,Teesta_Lalmonirhat
2018-08-03,3.34,31.4,25.61,2.13,89.04,0.92,2.25,Teesta_Lalmonirhat
2018-08-04,4.31,30.67,26.58,1.48,90.74,0.91,1.13,Teesta_Lalmonirhat
2018-08-05,2.35,31.02,26.67,1.51,89.84,0.91,1.2,Teesta_Lalmonirhat
2018-08-06,8.69,31.89,26.13,1.72,89.0,0.91,1.64,Teesta_Lalmonirhat
2018-08-07,7.24,30.55,26.65,1.54,89.06,0.91,1.4,Teesta_Lalmonirhat
2018-08-08,1.04,32.1,26.0,1.55,86.15,0.9,3.05,Teesta_Lalmonirhat
2018-08-09,0.38,32.15,25.43,1.56,85.13,0.89,3.73,Teesta_Lalmonirhat
2018-08-10,6.78,32.64,26.08,1.61,86.4,0.88,3.53,Teesta_Lalmonirhat
2018-08-11,37.07,32.03,26.32,1.52,87.98,0.9,2.11,Teesta_Lalmonirhat
2018-08-12,35.1,31.08,26.83,1.86,89.89,0.92,1.47,Teesta_Lalmonirhat
2018-08-13,6.29,33.21,26.16,1.25,82.78,0.92,3.52,Teesta_Lalmonirhat
2018-08-14,1.5,32.36,27.17,1.26,84.2,0.91,2.55,Teesta_Lalmonirhat
2018-08-15,5.45,29.83,28.01,1.14,90.03,0.9,0.65,Teesta_Lalmonirhat
2018-08-16,5.01,28.18,26.56,1.12,90.17,0.9,0.72,Teesta_Lalmonirhat
2018-08-17,0.54,33.01,25.79,1.05,83.05,0.9,3.57,Teesta_Lalmonirhat
2018-08-18,0.49,32.77,27.21,0.91,83.62,0.89,2.67,Teesta_Lalmonirhat
2018-08-19,4.11,34.79,27.72,1.8,83.17,0.88,3.78,Teesta_Lalmonirhat
2018-08-20,15.8,29.8,27.57,0.9,89.32,0.89,1.18,Teesta_Lalmonirhat
2018-08-21,8.71,30.71,26.57,1.47,85.78,0.89,2.17,Teesta_Lalmonirhat
2018-08-22,17.32,31.55,26.85,1.37,86.61,0.9,2.11,Teesta_Lalmonirhat
2018-08-23,18.58,32.82,26.94,1.78,86.98,0.9,2.94,Teesta_Lalmonirhat
2018-08-24,19.72,30.22,27.12,1.66,91.38,0.91,1.17,Teesta_Lalmonirhat
2018-08-25,9.32,32.87,26.23,1.34,86.34,0.91,3.15,Teesta_Lalmonirhat
2018-08-26,11.53,31.76,26.86,1.17,86.06,0.91,2.58,Teesta_Lalmonirhat
2018-08-27,3.62,30.76,26.68,1.41,90.13,0.91,1.28,Teesta_Lalmonirhat
2018-08-28,1.94,32.02,26.43,1.49,87.01,0.9,3.23,Teesta_Lalmonirhat
2018-08-29,1.82,32.3,26.53,1.91,87.58,0.89,3.55,Teesta_Lalmonirhat
2018-08-30,13.79,31.3,26.84,1.58,88.87,0.89,2.05,Teesta_Lalmonirhat
2018-08-31,6.87,32.76,26.77,1.7,87.01,0.89,3.69,Teesta_Lalmonirhat
2018-09-01,6.66,32.24,26.97,1.92,88.53,0.89,2.89,Teesta_Lalmonirhat
2018-09-02,9.15,31.83,26.39,1.85,87.44,0.88,3.72,Teesta_Lalmonirhat
2018-09-03,5.57,31.33,26.16,1.83,88.08,0.88,3.39,Teesta_Lalmonirhat
2018-09-04,2.38,33.13,26.14,0.87,82.69,0.87,4.51,Teesta_Lalmonirhat
2018-09-05,2.34,33.47,26.49,1.1,80.91,0.86,4.89,Teesta_Lalmonirhat
2018-09-06,2.42,31.69,26.77,1.9,87.32,0.86,3.23,Teesta_Lalmonirhat
2018-09-07,1.02,31.99,25.77,1.88,84.88,0.85,4.87,Teesta_Lalmonirhat
2018-09-08,6.79,32.05,25.74,1.88,86.73,0.84,4.71,Teesta_Lalmonirhat
2018-09-09,15.94,31.17,26.0,2.24,89.4,0.85,2.88,Teesta_Lalmonirhat
2018-09-10,51.32,29.2,26.25,2.18,92.98,0.87,0.81,Teesta_Lalmonirhat
2018-09-11,70.73,29.26,26.22,1.48,91.01,0.93,0.69,Teesta_Lalmonirhat
2018-09-12,53.94,30.15,25.39,2.32,92.08,0.95,1.17,Teesta_Lalmonirhat
2018-09-13,63.88,30.68,25.94,2.12,91.01,0.97,1.34,Teesta_Lalmonirhat
2018-09-14,47.89,30.11,25.93,1.59,91.18,0.98,1.19,Teesta_Lalmonirhat
2018-09-15,22.1,31.26,25.46,1.16,85.22,0.98,2.43,Teesta_Lalmonirhat
2018-09-16,1.48,31.87,24.74,0.81,83.22,0.97,4.06,Teesta_Lalmonirhat
2018-09-17,0.0,32.61,24.63,0.99,82.61,0.96,4.66,Teesta_Lalmonirhat
2018-09-18,0.0,32.9,24.48,0.96,83.26,0.95,4.89,Teesta_Lalmonirhat
2018-09-19,0.43,31.72,25.26,1.33,87.08,0.94,3.46,Teesta_Lalmonirhat
2018-09-20,6.66,29.21,26.1,1.33,91.16,0.94,0.74,Teesta_Lalmonirhat
2018-09-21,3.43,30.28,25.71,0.92,89.21,0.94,1.89,Teesta_Lalmonirhat
2018-09-22,0.05,31.03,24.93,1.63,86.55,0.93,3.78,Teesta_Lalmonirhat
2018-09-23,0.01,31.04,24.06,1.89,87.23,0.92,4.08,Teesta_Lalmonirhat
2018-09-24,7.4,31.09,24.99,2.64,88.47,0.91,3.13,Teesta_Lalmonirhat
2018-09-25,6.58,31.01,25.29,3.17,89.38,0.91,2.78,Teesta_Lalmonirhat
2018-09-26,1.21,30.87,25.22,2.5,88.4,0.91,3.06,Teesta_Lalmonirhat
2018-09-27,0.62,31.53,24.74,1.75,85.61,0.9,4.25,Teesta_Lalmonirhat
2018-09-28,0.63,31.24,24.49,1.74,86.93,0.89,3.43,Teesta_Lalmonirhat
2018-09-29,0.07,31.7,24.75,1.78,86.71,0.88,4.16,Teesta_Lalmonirhat
2018-09-30,0.06,31.48,24.1,1.84,85.79,0.87,4.62,Teesta_Lalmonirhat
2018-10-01,0.81,30.62,23.91,1.04,83.75,0.87,3.27,Teesta_Lalmonirhat
2018-10-02,0.01,31.41,23.73,1.42,83.0,0.86,5.25,Teesta_Lalmonirhat
2018-10-03,0.4,31.0,23.13,1.24,81.22,0.85,5.35,Teesta_Lalmonirhat
2018-10-04,0.42,31.19,23.19,1.42,79.22,0.84,5.32,Teesta_Lalmonirhat
2018-10-05,0.07,31.17,23.31,0.67,76.06,0.83,6.28,Teesta_Lalmonirhat
2018-10-06,0.28,31.02,23.62,0.56,74.14,0.82,6.27,Teesta_Lalmonirhat
2018-10-07,0.39,30.69,23.88,0.71,73.18,0.81,6.1,Teesta_Lalmonirhat
2018-10-08,0.19,30.57,23.76,0.97,73.86,0.8,5.59,Teesta_Lalmonirhat
2018-10-09,0.2,30.46,21.76,1.52,80.72,0.79,5.41,Teesta_Lalmonirhat
2018-10-10,0.32,29.76,21.12,1.64,83.87,0.78,5.4,Teesta_Lalmonirhat
2018-10-11,2.3,27.11,22.53,1.61,89.55,0.78,1.87,Teesta_Lalmonirhat
2018-10-12,8.44,26.71,22.19,1.48,90.0,0.78,2.13,Teesta_Lalmonirhat
2018-10-13,0.09,28.1,21.32,1.46,86.49,0.78,4.92,Teesta_Lalmonirhat
2018-10-14,0.66,28.67,20.11,1.66,86.18,0.77,5.03,Teesta_Lalmonirhat
2018-10-15,0.51,29.17,19.87,1.66,81.88,0.76,5.01,Teesta_Lalmonirhat
2018-10-16,0.0,28.49,18.64,0.8,70.98,0.75,5.47,Teesta_Lalmonirhat
2018-10-17,0.0,28.41,20.86,0.8,73.43,0.74,5.33,Teesta_Lalmonirhat
2018-10-18,0.51,28.74,20.47,1.17,79.63,0.73,4.37,Teesta_Lalmonirhat
2018-10-19,0.57,28.99,19.86,1.21,81.13,0.73,4.43,Teesta_Lalmonirhat
2018-10-20,0.0,29.02,20.46,1.08,81.21,0.72,4.33,Teesta_Lalmonirhat
2018-10-21,0.0,29.67,20.58,0.84,76.65,0.71,5.03,Teesta_Lalmonirhat
2018-10-22,0.0,30.11,20.66,0.82,76.28,0.71,5.41,Teesta_Lalmonirhat
2018-10-23,0.0,30.01,22.23,0.74,71.11,0.7,5.67,Teesta_Lalmonirhat
2018-10-24,0.0,29.34,21.19,0.8,69.52,0.69,5.09,Teesta_Lalmonirhat
2018-10-25,0.0,29.08,18.98,0.85,66.88,0.68,5.18,Teesta_Lalmonirhat
2018-10-26,0.0,29.08,19.14,1.03,75.1,0.67,4.79,Teesta_Lalmonirhat
2018-10-27,0.0,29.26,20.57,1.42,76.16,0.67,4.64,Teesta_Lalmonirhat
2018-10-28,1.35,29.72,20.81,1.41,76.84,0.66,4.46,Teesta_Lalmonirhat
2018-10-29,0.72,28.84,20.18,0.93,80.14,0.66,4.11,Teesta_Lalmonirhat
2018-10-30,0.66,28.91,20.12,1.35,85.09,0.65,3.79,Teesta_Lalmonirhat
2018-10-31,0.1,29.19,21.42,1.32,83.39,0.64,3.89,Teesta_Lalmonirhat
2018-11-01,0.0,30.37,20.96,0.73,77.59,0.64,4.37,Teesta_Lalmonirhat
2018-11-02,0.01,30.2,22.04,0.84,74.18,0.63,4.49,Teesta_Lalmonirhat
2018-11-03,0.01,28.81,20.78,1.37,78.12,0.62,3.47,Teesta_Lalmonirhat
2018-11-04,0.19,28.6,19.07,1.67,80.16,0.62,2.75,Teesta_Lalmonirhat
2018-11-05,0.4,28.66,19.32,1.27,79.89,0.61,2.59,Teesta_Lalmonirhat
2018-11-06,0.39,28.23,18.63,1.43,71.82,0.61,2.94,Teesta_Lalmonirhat
2018-11-07,0.0,27.23,16.86,0.99,73.09,0.6,2.31,Teesta_Lalmonirhat
2018-11-08,0.0,27.24,16.92,1.1,73.41,0.6,2.55,Teesta_Lalmonirhat
2018-11-09,0.0,27.71,17.51,1.11,73.0,0.59,2.81,Teesta_Lalmonirhat
2018-11-10,0.0,27.33,17.47,1.34,76.33,0.59,2.53,Teesta_Lalmonirhat
2018-11-11,0.0,28.04,18.29,0.65,70.15,0.58,2.81,Teesta_Lalmonirhat
2018-11-12,0.0,28.4,17.81,0.58,71.0,0.58,2.74,Teesta_Lalmonirhat
2018-11-13,0.0,28.3,17.36,1.05,72.76,0.57,2.41,Teesta_Lalmonirhat
2018-11-14,0.02,28.1,17.46,1.14,70.99,0.57,2.05,Teesta_Lalmonirhat
2018-11-15,0.03,27.16,17.17,1.49,77.29,0.56,1.41,Teesta_Lalmonirhat
2018-11-16,0.0,28.11,15.92,1.78,72.51,0.56,1.73,Teesta_Lalmonirhat
2018-11-17,0.0,27.46,17.9,1.44,65.07,0.55,1.79,Teesta_Lalmonirhat
2018-11-18,0.0,25.33,13.52,1.37,74.22,0.55,1.38,Teesta_Lalmonirhat
2018-11-19,0.0,25.85,14.0,1.05,71.76,0.55,1.45,Teesta_Lalmonirhat
2018-11-20,0.0,26.12,15.03,0.85,69.33,0.54,1.37,Teesta_Lalmonirhat
2018-11-21,0.0,26.62,15.08,0.84,72.39,0.54,1.25,Teesta_Lalmonirhat
2018-11-22,0.0,27.21,15.5,1.23,80.13,0.54,1.36,Teesta_Lalmonirhat
2018-11-23,0.0,27.36,16.51,0.51,75.26,0.54,1.46,Teesta_Lalmonirhat
2018-11-24,0.0,28.14,16.11,0.82,74.4,0.53,1.56,Teesta_Lalmonirhat
2018-11-25,0.0,27.67,16.31,1.24,80.84,0.53,1.36,Teesta_Lalmonirhat
2018-11-26,0.0,27.56,16.22,1.41,78.11,0.52,1.28,Teesta_Lalmonirhat
2018-11-27,0.0,28.18,15.61,1.42,75.58,0.52,1.26,Teesta_Lalmonirhat
2018-11-28,0.0,27.5,15.85,1.24,79.23,0.52,1.15,Teesta_Lalmonirhat
2018-11-29,0.0,27.67,16.47,0.87,74.07,0.51,1.22,Teesta_Lalmonirhat
2018-11-30,0.0,27.1,15.99,0.92,71.53,0.51,1.15,Teesta_Lalmonirhat
2018-12-01,0.0,27.02,15.77,0.72,70.92,0.51,1.04,Teesta_Lalmonirhat
2018-12-02,0.0,27.49,15.92,0.89,69.8,0.51,1.04,Teesta_Lalmonirhat
2018-12-03,0.0,26.79,15.76,1.05,62.54,0.5,0.8,Teesta_Lalmonirhat
2018-12-04,0.0,26.17,15.21,1.06,76.0,0.5,0.83,Teesta_Lalmonirhat
2018-12-05,0.0,25.24,15.69,0.52,74.23,0.5,0.43,Teesta_Lalmonirhat
2018-12-06,0.0,26.45,14.0,0.85,67.86,0.5,0.74,Teesta_Lalmonirhat
2018-12-07,0.0,26.47,14.51,0.72,60.31,0.49,0.73,Teesta_Lalmonirhat
2018-12-08,0.0,25.65,12.63,0.53,66.46,0.49,0.64,Teesta_Lalmonirhat
2018-12-09,0.0,26.13,13.0,0.65,67.97,0.49,0.73,Teesta_Lalmonirhat
2018-12-10,0.0,26.67,14.0,1.37,75.6,0.49,0.7,Teesta_Lalmonirhat
2018-12-11,0.0,26.78,14.24,1.55,67.94,0.48,0.57,Teesta_Lalmonirhat
2018-12-12,0.0,26.79,14.39,1.29,68.25,0.48,0.64,Teesta_Lalmonirhat
2018-12-13,0.0,26.78,14.65,1.35,71.13,0.48,0.6,Teesta_Lalmonirhat
2018-12-14,0.0,27.38,15.84,0.69,62.91,0.48,0.67,Teesta_Lalmonirhat
2018-12-15,0.0,27.09,13.63,0.68,63.3,0.47,0.59,Teesta_Lalmonirhat
2018-12-16,0.0,27.2,14.88,1.38,70.73,0.47,0.51,Teesta_Lalmonirhat
2018-12-17,0.13,25.8,15.4,1.32,70.69,0.47,0.37,Teesta_Lalmonirhat
2018-12-18,6.02,19.67,14.31,1.03,88.15,0.47,0.09,Teesta_Lalmonirhat
2018-12-19,0.02,23.64,10.36,1.23,72.54,0.48,0.44,Teesta_Lalmonirhat
2018-12-20,0.0,23.7,11.72,0.92,72.19,0.48,0.48,Teesta_Lalmonirhat
2018-12-21,0.0,24.35,11.1,0.87,70.46,0.47,0.46,Teesta_Lalmonirhat
2018-12-22,0.0,24.55,12.83,0.53,62.22,0.47,0.42,Teesta_Lalmonirhat
2018-12-23,0.0,25.73,13.71,1.06,68.6,0.47,0.49,Teesta_Lalmonirhat
2018-12-24,0.0,25.87,12.81,0.77,72.54,0.47,0.47,Teesta_Lalmonirhat
2018-12-25,0.0,24.28,10.84,1.31,61.71,0.47,0.35,Teesta_Lalmonirhat
2018-12-26,0.0,23.14,9.79,0.91,57.27,0.46,0.3,Teesta_Lalmonirhat
2018-12-27,0.0,22.87,10.3,1.14,55.6,0.46,0.26,Teesta_Lalmonirhat
2018-12-28,0.13,22.47,9.38,1.54,52.9,0.46,0.26,Teesta_Lalmonirhat
2018-12-29,0.01,23.02,6.67,0.93,54.05,0.46,0.29,Teesta_Lalmonirhat
2018-12-30,0.0,23.26,8.56,1.29,61.8,0.46,0.31,Teesta_Lalmonirhat
2018-12-31,0.0,24.2,9.46,1.12,61.25,0.46,0.32,Teesta_Lalmonirhat
2019-01-01,0.0,24.52,9.57,1.35,69.38,0.46,0.33,Teesta_Lalmonirhat
2019-01-02,0.0,24.43,10.22,1.4,61.94,0.45,0.33,Teesta_Lalmonirhat
2019-01-03,0.0,24.6,9.51,0.92,63.57,0.45,0.32,Teesta_Lalmonirhat
2019-01-04,0.0,23.68,9.7,0.85,66.75,0.45,0.22,Teesta_Lalmonirhat
2019-01-05,0.0,23.9,10.28,1.81,72.61,0.45,0.27,Teesta_Lalmonirhat
2019-01-06,0.0,25.19,10.76,1.75,68.98,0.45,0.31,Teesta_Lalmonirhat
2019-01-07,0.0,26.71,11.54,1.27,60.17,0.44,0.31,Teesta_Lalmonirhat
2019-01-08,0.0,26.8,12.48,1.51,55.29,0.44,0.28,Teesta_Lalmonirhat
2019-01-09,0.0,25.02,11.91,1.05,59.13,0.44,0.21,Teesta_Lalmonirhat
2019-01-10,0.01,23.11,10.44,0.69,60.05,0.44,0.15,Teesta_Lalmonirhat
2019-01-11,0.0,24.4,10.47,1.56,74.22,0.44,0.17,Teesta_Lalmonirhat
2019-01-12,0.0,24.84,11.03,1.5,72.3,0.44,0.22,Teesta_Lalmonirhat
2019-01-13,0.0,26.67,12.39,0.48,61.02,0.44,0.27,Teesta_Lalmonirhat
2019-01-14,0.0,25.46,11.53,1.08,58.67,0.43,0.19,Teesta_Lalmonirhat
2019-01-15,0.0,24.88,11.23,1.27,50.5,0.43,0.16,Teesta_Lalmonirhat
2019-01-16,0.0,24.18,9.67,1.15,61.9,0.43,0.15,Teesta_Lalmonirhat
2019-01-17,0.0,26.35,12.19,1.75,66.76,0.43,0.19,Teesta_Lalmonirhat
2019-01-18,0.0,26.06,12.26,1.04,61.93,0.43,0.19,Teesta_Lalmonirhat
2019-01-19,0.0,25.98,11.81,0.9,61.5,0.43,0.16,Teesta_Lalmonirhat
2019-01-20,0.0,25.43,11.76,0.77,63.79,0.42,0.15,Teesta_Lalmonirhat
2019-01-21,0.0,26.64,11.7,1.28,69.41,0.42,0.18,Teesta_Lalmonirhat
2019-01-22,0.0,27.15,12.27,1.28,67.24,0.42,0.17,Teesta_Lalmonirhat
2019-01-23,0.0,26.96,13.24,1.29,67.97,0.42,0.16,Teesta_Lalmonirhat
2019-01-24,0.03,27.63,13.4,1.04,63.8,0.42,0.15,Teesta_Lalmonirhat
2019-01-25,0.0,26.43,13.75,1.72,66.43,0.42,0.13,Teesta_Lalmonirhat
2019-01-26,0.01,28.33,14.55,1.38,58.26,0.42,0.14,Teesta_Lalmonirhat
2019-01-27,0.0,29.23,16.03,1.67,53.62,0.41,0.17,Teesta_Lalmonirhat
2019-01-28,0.01,28.05,14.14,2.31,52.64,0.41,0.14,Teesta_Lalmonirhat
2019-01-29,0.34,25.84,11.08,2.48,44.76,0.41,0.12,Teesta_Lalmonirhat
2019-01-30,0.01,24.77,8.5,1.57,50.15,0.41,0.1,Teesta_Lalmonirhat
2019-01-31,0.0,25.38,9.86,2.22,66.75,0.41,0.1,Teesta_Lalmonirhat
2019-02-01,0.0,25.86,13.14,1.51,60.4,0.41,0.08,Teesta_Lalmonirhat
2019-02-02,0.0,27.49,11.75,1.01,56.88,0.4,0.11,Teesta_Lalmonirhat
2019-02-03,0.0,27.57,13.11,0.88,39.26,0.4,0.1,Teesta_Lalmonirhat
2019-02-04,0.0,26.65,11.7,0.81,41.81,0.4,0.08,Teesta_Lalmonirhat
2019-02-05,0.0,27.4,12.24,0.72,43.35,0.4,0.08,Teesta_Lalmonirhat
2019-02-06,0.0,27.1,13.83,0.95,42.1,0.4,0.07,Teesta_Lalmonirhat
2019-02-07,0.0,28.09,13.06,1.4,49.02,0.4,0.08,Teesta_Lalmonirhat
2019-02-08,2.57,27.32,14.94,1.2,61.42,0.39,0.06,Teesta_Lalmonirhat
2019-02-09,6.13,25.28,15.12,2.08,73.46,0.41,0.08,Teesta_Lalmonirhat
2019-02-10,0.02,26.06,9.96,1.72,56.13,0.41,0.12,Teesta_Lalmonirhat
2019-02-11,0.04,25.8,10.94,1.35,55.16,0.4,0.1,Teesta_Lalmonirhat
2019-02-12,0.0,27.78,13.25,0.85,50.56,0.4,0.1,Teesta_Lalmonirhat
2019-02-13,0.0,28.86,13.87,0.79,49.01,0.4,0.1,Teesta_Lalmonirhat
2019-02-14,0.0,30.53,15.23,0.54,52.02,0.4,0.1,Teesta_Lalmonirhat
2019-02-15,0.05,30.07,15.85,1.2,50.29,0.4,0.09,Teesta_Lalmonirhat
2019-02-16,4.76,25.01,17.43,1.84,62.48,0.4,0.04,Teesta_Lalmonirhat
2019-02-17,0.35,26.91,14.87,2.6,58.25,0.4,0.09,Teesta_Lalmonirhat
2019-02-18,0.08,25.08,12.54,1.88,51.63,0.4,0.08,Teesta_Lalmonirhat
2019-02-19,0.06,28.36,13.98,1.71,42.09,0.4,0.08,Teesta_Lalmonirhat
2019-02-20,0.0,29.43,14.34,1.63,42.09,0.4,0.09,Teesta_Lalmonirhat
2019-02-21,0.0,28.12,14.47,2.38,59.23,0.4,0.09,Teesta_Lalmonirhat
2019-02-22,0.0,29.3,14.16,1.41,56.89,0.39,0.08,Teesta_Lalmonirhat
2019-02-23,0.0,32.42,16.63,2.38,48.0,0.39,0.08,Teesta_Lalmonirhat
2019-02-24,0.17,30.87,13.53,1.94,38.89,0.39,0.08,Teesta_Lalmonirhat
2019-02-25,0.09,28.88,16.53,1.14,38.41,0.39,0.07,Teesta_Lalmonirhat
2019-02-26,0.07,30.42,14.26,1.56,47.3,0.39,0.07,Teesta_Lalmonirhat
2019-02-27,1.24,27.95,14.81,2.35,68.39,0.38,0.05,Teesta_Lalmonirhat
2019-02-28,7.02,23.62,14.46,1.91,68.26,0.4,0.03,Teesta_Lalmonirhat
2019-03-01,0.0,27.09,10.46,2.27,43.28,0.4,0.09,Teesta_Lalmonirhat
2019-03-02,0.0,27.87,11.09,1.24,44.86,0.39,0.09,Teesta_Lalmonirhat
2019-03-03,0.0,28.7,13.15,1.34,48.98,0.39,0.08,Teesta_Lalmonirhat
2019-03-04,0.09,28.9,13.74,2.22,55.37,0.39,0.07,Teesta_Lalmonirhat
2019-03-05,1.86,30.26,16.92,1.9,58.46,0.39,0.08,Teesta_Lalmonirhat
2019-03-06,13.22,29.5,15.08,2.2,58.55,0.41,0.14,Teesta_Lalmonirhat
2019-03-07,0.0,29.67,15.33,1.81,33.52,0.41,0.18,Teesta_Lalmonirhat
2019-03-08,0.0,28.77,13.68,1.62,37.05,0.4,0.14,Teesta_Lalmonirhat
2019-03-09,0.07,30.52,14.15,1.5,37.98,0.4,0.13,Teesta_Lalmonirhat
2019-03-10,0.0,31.82,15.3,1.69,45.6,0.4,0.13,Teesta_Lalmonirhat
2019-03-11,0.08,31.31,16.3,1.52,50.7,0.4,0.13,Teesta_Lalmonirhat
2019-03-12,0.0,35.48,17.03,2.73,35.06,0.39,0.13,Teesta_Lalmonirhat
2019-03-13,0.0,35.23,17.13,1.42,33.53,0.39,0.13,Teesta_Lalmonirhat
2019-03-14,0.0,35.74,17.85,1.53,41.21,0.39,0.11,Teesta_Lalmonirhat
2019-03-15,0.0,35.89,20.26,2.64,43.93,0.39,0.08,Teesta_Lalmonirhat
2019-03-16,0.0,35.92,20.6,3.77,37.22,0.38,0.08,Teesta_Lalmonirhat
2019-03-17,0.0,35.53,18.4,2.81,28.61,0.38,0.07,Teesta_Lalmonirhat
2019-03-18,0.71,27.1,18.23,1.65,40.92,0.38,0.03,Teesta_Lalmonirhat
2019-03-19,0.52,32.56,17.82,1.55,43.94,0.38,0.05,Teesta_Lalmonirhat
2019-03-20,0.0,33.82,16.53,1.84,34.41,0.38,0.06,Teesta_Lalmonirhat
2019-03-21,0.2,35.84,18.31,1.81,29.18,0.37,0.05,Teesta_Lalmonirhat
2019-03-22,0.03,35.81,19.11,1.91,35.43,0.37,0.05,Teesta_Lalmonirhat
2019-03-23,0.03,36.08,20.24,2.54,31.34,0.37,0.05,Teesta_Lalmonirhat
2019-03-24,0.12,35.74,18.41,1.57,25.15,0.37,0.04,Teesta_Lalmonirhat
2019-03-25,0.0,35.88,17.73,1.87,34.16,0.37,0.04,Teesta_Lalmonirhat
2019-03-26,6.35,34.62,19.43,1.92,45.0,0.37,0.03,Teesta_Lalmonirhat
2019-03-27,2.38,32.44,18.8,1.58,47.82,0.38,0.05,Teesta_Lalmonirhat
2019-03-28,0.0,34.55,19.71,1.42,45.63,0.38,0.06,Teesta_Lalmonirhat
2019-03-29,0.01,35.79,20.3,1.64,47.08,0.38,0.05,Teesta_Lalmonirhat
2019-03-30,1.42,34.18,22.63,2.25,51.73,0.37,0.04,Teesta_Lalmonirhat
2019-03-31,14.77,33.27,22.57,2.13,61.73,0.39,0.06,Teesta_Lalmonirhat
2019-04-01,6.87,32.29,22.87,2.41,69.23,0.41,0.18,Teesta_Lalmonirhat
2019-04-02,1.65,33.62,21.79,1.56,60.67,0.41,0.21,Teesta_Lalmonirhat
2019-04-03,0.15,33.41,20.52,2.78,58.41,0.4,0.21,Teesta_Lalmonirhat
2019-04-04,0.44,33.82,20.32,2.48,56.87,0.4,0.19,Teesta_Lalmonirhat
2019-04-05,3.38,32.6,21.55,3.35,59.01,0.4,0.15,Teesta_Lalmonirhat
2019-04-06,10.98,32.69,21.06,2.25,66.59,0.41,0.17,Teesta_Lalmonirhat
2019-04-07,4.38,30.84,23.08,1.29,69.13,0.42,0.19,Teesta_Lalmonirhat
2019-04-08,12.49,32.7,21.02,1.38,64.52,0.43,0.4,Teesta_Lalmonirhat
2019-04-09,20.21,30.87,21.36,2.26,72.15,0.47,0.8,Teesta_Lalmonirhat
2019-04-10,0.08,33.07,20.04,2.34,60.36,0.47,1.04,Teesta_Lalmonirhat
2019-04-11,0.01,34.63,20.52,1.74,59.44,0.46,1.01,Teesta_Lalmonirhat
2019-04-12,0.34,35.99,22.46,1.45,56.28,0.45,1.0,Teesta_Lalmonirhat
2019-04-13,4.4,36.3,23.54,1.24,56.54,0.45,0.91,Teesta_Lalmonirhat
2019-04-14,5.04,36.61,23.65,2.15,58.98,0.45,0.85,Teesta_Lalmonirhat
2019-04-15,4.74,35.46,23.27,2.12,64.63,0.46,0.93,Teesta_Lalmonirhat
2019-04-16,18.91,33.22,23.4,2.02,71.97,0.48,0.98,Teesta_Lalmonirhat
2019-04-17,5.74,36.35,24.17,1.88,61.72,0.49,1.53,Teesta_Lalmonirhat
2019-04-18,0.0,35.4,21.11,3.02,51.01,0.48,1.41,Teesta_Lalmonirhat
2019-04-19,0.23,37.54,22.24,2.39,44.38,0.47,1.5,Teesta_Lalmonirhat
2019-04-20,0.13,36.6,21.54,2.06,42.56,0.47,1.25,Teesta_Lalmonirhat
2019-04-21,2.17,34.92,23.4,2.29,51.83,0.46,1.14,Teesta_Lalmonirhat
2019-04-22,3.82,34.32,21.87,2.1,58.55,0.46,1.01,Teesta_Lalmonirhat
2019-04-23,0.34,34.15,22.36,2.24,55.88,0.46,0.91,Teesta_Lalmonirhat
2019-04-24,0.0,37.59,22.94,1.72,52.19,0.46,1.13,Teesta_Lalmonirhat
2019-04-25,0.12,38.37,24.21,0.91,50.22,0.45,1.07,Teesta_Lalmonirhat
2019-04-26,0.49,38.37,26.25,1.5,49.86,0.45,0.84,Teesta_Lalmonirhat
2019-04-27,8.02,37.24,26.03,1.82,58.1,0.45,0.83,Teesta_Lalmonirhat
2019-04-28,26.34,36.15,25.38,2.06,70.4,0.48,1.11,Teesta_Lalmonirhat
2019-04-29,9.28,35.49,24.94,2.2,69.79,0.5,1.64,Teesta_Lalmonirhat
2019-04-30,1.79,35.72,24.21,2.66,68.48,0.49,1.82,Teesta_Lalmonirhat
2019-05-01,23.83,35.48,25.58,1.85,71.06,0.5,1.38,Teesta_Lalmonirhat
2019-05-02,19.03,34.49,25.47,2.24,73.81,0.53,2.38,Teesta_Lalmonirhat
2019-05-03,19.83,30.17,24.96,2.55,80.11,0.56,1.66,Teesta_Lalmonirhat
2019-05-04,21.99,28.58,22.37,4.1,84.57,0.58,1.44,Teesta_Lalmonirhat
2019-05-05,1.05,36.16,21.2,2.07,65.48,0.59,4.21,Teesta_Lalmonirhat
2019-05-06,0.06,36.94,20.25,1.26,51.63,0.58,4.39,Teesta_Lalmonirhat
2019-05-07,0.11,34.56,21.17,2.84,67.6,0.56,3.74,Teesta_Lalmonirhat
2019-05-08,1.07,37.14,22.51,2.23,64.3,0.55,3.52,Teesta_Lalmonirhat
2019-05-09,0.83,35.31,23.63,2.66,72.91,0.55,3.05,Teesta_Lalmonirhat
2019-05-10,2.0,35.91,24.71,2.35,72.05,0.54,3.03,Teesta_Lalmonirhat
2019-05-11,2.22,34.79,25.14,2.02,73.81,0.54,2.52,Teesta_Lalmonirhat
2019-05-12,7.41,36.29,26.35,2.37,69.73,0.54,2.66,Teesta_Lalmonirhat
2019-05-13,8.48,35.23,25.13,1.16,67.94,0.54,3.21,Teesta_Lalmonirhat
2019-05-14,5.97,34.64,24.54,1.44,66.14,0.54,3.42,Teesta_Lalmonirhat
2019-05-15,6.41,32.82,24.69,1.77,73.8,0.54,2.44,Teesta_Lalmonirhat
2019-05-16,8.26,32.68,24.19,1.83,73.99,0.54,2.7,Teesta_Lalmonirhat
2019-05-17,8.71,36.42,24.39,1.39,67.82,0.55,3.22,Teesta_Lalmonirhat
2019-05-18,7.5,36.8,24.32,1.5,68.69,0.55,3.44,Teesta_Lalmonirhat
2019-05-19,44.85,33.95,24.73,1.69,76.87,0.59,3.88,Teesta_Lalmonirhat
2019-05-20,6.76,33.37,25.09,1.78,77.93,0.6,3.69,Teesta_Lalmonirhat
2019-05-21,11.82,33.44,25.38,1.74,80.83,0.6,3.36,Teesta_Lalmonirhat
2019-05-22,12.38,33.72,25.91,2.13,80.16,0.61,3.92,Teesta_Lalmonirhat
2019-05-23,20.63,32.38,26.21,2.4,84.01,0.62,2.76,Teesta_Lalmonirhat
2019-05-24,21.62,32.93,26.27,1.76,81.81,0.65,3.97,Teesta_Lalmonirhat
2019-05-25,14.08,33.0,26.21,2.36,84.42,0.66,3.73,Teesta_Lalmonirhat
2019-05-26,7.88,33.0,25.45,1.83,80.8,0.66,4.99,Teesta_Lalmonirhat
2019-05-27,11.68,32.93,25.43,1.94,82.59,0.66,4.01,Teesta_Lalmonirhat
2019-05-28,6.75,32.82,26.25,2.13,83.28,0.66,4.13,Teesta_Lalmonirhat
2019-05-29,2.24,33.84,25.62,2.07,80.33,0.66,5.31,Teesta_Lalmonirhat
2019-05-30,17.17,33.31,26.47,3.15,82.16,0.66,4.31,Teesta_Lalmonirhat
2019-05-31,24.33,32.17,26.13,2.59,83.06,0.68,3.39,Teesta_Lalmonirhat
2019-06-01,14.71,33.22,25.14,1.9,79.97,0.69,4.8,Teesta_Lalmonirhat
2019-06-02,36.58,31.31,26.07,1.9,86.55,0.72,2.26,Teesta_Lalmonirhat
2019-06-03,6.73,31.85,25.4,1.76,81.12,0.74,5.17,Teesta_Lalmonirhat
2019-06-04,0.75,32.63,24.96,1.95,79.32,0.72,6.26,Teesta_Lalmonirhat
2019-06-05,1.32,33.02,24.08,1.69,78.07,0.71,6.44,Teesta_Lalmonirhat
2019-06-06,1.51,31.48,25.9,1.82,85.34,0.7,3.62,Teesta_Lalmonirhat
2019-06-07,2.46,31.15,26.19,1.79,86.98,0.69,2.95,Teesta_Lalmonirhat
2019-06-08,8.12,32.61,25.9,1.92,84.68,0.69,4.74,Teesta_Lalmonirhat
2019-06-09,7.96,33.13,25.85,1.54,83.66,0.69,5.09,Teesta_Lalmonirhat
2019-06-10,16.39,32.85,26.11,1.55,83.54,0.7,4.52,Teesta_Lalmonirhat
2019-06-11,18.62,32.81,27.36,1.9,83.81,0.71,4.46,Teesta_Lalmonirhat
2019-06-12,2.84,34.29,26.7,1.34,79.27,0.71,5.56,Teesta_Lalmonirhat
2019-06-13,0.0,35.5,28.35,0.93,74.61,0.7,6.0,Teesta_Lalmonirhat
2019-06-14,18.95,35.01,28.2,1.44,77.73,0.7,5.16,Teesta_Lalmonirhat
2019-06-15,19.11,31.9,27.2,2.01,87.9,0.72,2.56,Teesta_Lalmonirhat
2019-06-16,10.79,33.8,27.49,2.68,86.91,0.73,4.79,Teesta_Lalmonirhat
2019-06-17,16.84,32.39,27.54,2.37,88.96,0.73,2.94,Teesta_Lalmonirhat
2019-06-18,13.04,33.04,27.52,2.04,85.63,0.74,3.97,Teesta_Lalmonirhat
2019-06-19,0.44,34.42,26.8,1.02,80.9,0.73,5.8,Teesta_Lalmonirhat
2019-06-20,7.74,33.58,28.16,1.3,82.97,0.73,3.55,Teesta_Lalmonirhat
2019-06-21,6.64,34.03,27.04,1.66,81.54,0.73,5.73,Teesta_Lalmonirhat
2019-06-22,3.62,32.82,27.37,1.88,84.23,0.72,4.74,Teesta_Lalmonirhat
2019-06-23,5.9,32.81,27.38,1.8,85.56,0.72,3.77,Teesta_Lalmonirhat
2019-06-24,3.34,33.42,26.92,2.54,82.95,0.71,5.18,Teesta_Lalmonirhat
2019-06-25,26.12,33.08,27.11,2.93,86.69,0.72,2.6,Teesta_Lalmonirhat
2019-06-26,28.15,34.56,27.15,4.28,86.94,0.75,2.95,Teesta_Lalmonirhat
2019-06-27,36.05,33.31,27.58,4.24,89.0,0.78,2.61,Teesta_Lalmonirhat
2019-06-28,38.06,32.85,27.66,3.59,89.66,0.81,1.81,Teesta_Lalmonirhat
2019-06-29,29.73,32.48,27.61,2.22,87.9,0.84,2.67,Teesta_Lalmonirhat
2019-06-30,4.66,33.69,27.31,1.16,79.71,0.84,4.29,Teesta_Lalmonirhat
2019-07-01,7.74,31.13,27.73,0.99,86.64,0.84,1.45,Teesta_Lalmonirhat
2019-07-02,1.22,32.68,27.18,2.23,86.03,0.84,3.16,Teesta_Lalmonirhat
2019-07-03,1.74,32.7,27.47,2.72,84.67,0.82,4.98,Teesta_Lalmonirhat
2019-07-04,1.89,33.59,26.9,1.86,84.1,0.81,5.14,Teesta_Lalmonirhat
2019-07-05,5.52,31.68,27.51,1.6,86.97,0.8,2.08,Teesta_Lalmonirhat
2019-07-06,27.18,31.9,27.16,2.55,88.91,0.81,2.35,Teesta_Lalmonirhat
2019-07-07,31.04,31.76,27.44,2.88,89.06,0.84,2.09,Teesta_Lalmonirhat
2019-07-08,96.59,30.49,27.38,2.03,93.12,0.9,0.56,Teesta_Lalmonirhat
2019-07-09,92.23,29.74,27.15,2.67,93.91,0.96,0.48,Teesta_Lalmonirhat
2019-07-10,89.53,29.84,27.14,3.15,94.01,0.98,0.43,Teesta_Lalmonirhat
2019-07-11,53.08,29.55,27.25,2.65,94.54,1.0,0.29,Teesta_Lalmonirhat
2019-07-12,32.76,29.04,26.67,3.43,95.0,0.99,0.25,Teesta_Lalmonirhat
2019-07-13,106.16,29.64,26.63,2.78,94.21,1.0,0.28,Teesta_Lalmonirhat
2019-07-14,70.09,29.01,26.54,3.66,94.67,1.0,0.21,Teesta_Lalmonirhat
2019-07-15,83.89,30.53,26.74,3.09,94.24,1.0,0.25,Teesta_Lalmonirhat
2019-07-16,19.93,30.75,27.25,2.66,92.83,1.0,0.49,Teesta_Lalmonirhat
2019-07-17,2.14,30.96,27.11,2.04,91.88,0.99,0.6,Teesta_Lalmonirhat
2019-07-18,2.75,32.89,26.72,1.31,86.46,0.98,1.69,Teesta_Lalmonirhat
2019-07-19,16.86,31.12,27.2,1.82,89.64,0.98,0.92,Teesta_Lalmonirhat
2019-07-20,9.71,32.08,26.5,1.92,88.15,0.98,1.79,Teesta_Lalmonirhat
2019-07-21,21.68,31.44,27.05,2.51,89.42,0.97,1.36,Teesta_Lalmonirhat
2019-07-22,41.73,29.06,26.91,3.37,94.25,0.98,0.36,Teesta_Lalmonirhat
2019-07-23,92.59,29.31,26.86,3.62,94.24,1.0,0.29,Teesta_Lalmonirhat
2019-07-24,39.66,30.44,26.23,2.9,93.39,1.0,0.6,Teesta_Lalmonirhat
2019-07-25,14.39,32.13,26.25,1.45,86.87,0.99,1.74,Teesta_Lalmonirhat
2019-07-26,11.38,31.79,26.47,1.91,88.24,0.98,1.69,Teesta_Lalmonirhat
2019-07-27,8.57,31.78,26.67,2.51,88.58,0.98,1.26,Teesta_Lalmonirhat
2019-07-28,4.09,32.51,26.22,2.22,85.32,0.97,2.38,Teesta_Lalmonirhat
2019-07-29,2.38,32.11,26.13,2.46,87.3,0.96,2.79,Teesta_Lalmonirhat
2019-07-30,3.9,31.02,26.43,2.27,88.83,0.95,2.08,Teesta_Lalmonirhat
2019-07-31,3.64,31.71,26.32,2.04,88.46,0.95,2.05,Teesta_Lalmonirhat
2019-08-01,3.78,31.22,26.46,1.61,85.46,0.94,2.13,Teesta_Lalmonirhat
2019-08-02,3.18,32.3,26.32,1.75,86.79,0.93,2.88,Teesta_Lalmonirhat
2019-08-03,0.87,32.81,26.68,1.51,86.3,0.92,3.29,Teesta_Lalmonirhat
2019-08-04,0.28,32.7,26.96,1.22,84.74,0.91,3.23,Teesta_Lalmonirhat
2019-08-05,0.97,33.48,28.16,1.23,84.08,0.91,2.18,Teesta_Lalmonirhat
2019-08-06,7.13,33.39,27.99,2.12,87.4,0.9,2.45,Teesta_Lalmonirhat
2019-08-07,23.24,33.04,26.98,3.23,88.79,0.91,2.21,Teesta_Lalmonirhat
2019-08-08,10.54,32.13,26.01,3.71,87.02,0.91,3.32,Teesta_Lalmonirhat
2019-08-09,3.78,32.64,26.36,2.04,86.25,0.9,3.65,Teesta_Lalmonirhat
2019-08-10,6.29,32.49,27.0,1.4,83.62,0.9,2.57,Teesta_Lalmonirhat
2019-08-11,3.06,32.56,27.5,0.75,78.94,0.89,2.71,Teesta_Lalmonirhat
2019-08-12,3.49,35.48,27.63,1.96,81.76,0.88,4.73,Teesta_Lalmonirhat
2019-08-13,57.53,31.16,26.61,2.68,90.12,0.91,1.52,Teesta_Lalmonirhat
2019-08-14,27.14,31.75,25.94,2.82,88.92,0.93,2.39,Teesta_Lalmonirhat
2019-08-15,10.84,31.6,26.15,1.88,88.43,0.92,2.81,Teesta_Lalmonirhat
2019-08-16,22.44,31.87,26.49,2.11,90.13,0.92,2.11,Teesta_Lalmonirhat
2019-08-17,8.88,32.7,27.01,1.59,87.97,0.93,2.55,Teesta_Lalmonirhat
2019-08-18,5.44,31.45,26.88,2.12,89.01,0.92,2.36,Teesta_Lalmonirhat
2019-08-19,0.48,32.41,26.03,1.83,86.16,0.91,4.07,Teesta_Lalmonirhat
2019-08-20,0.25,32.72,26.29,1.77,85.43,0.9,4.28,Teesta_Lalmonirhat
2019-08-21,0.63,32.75,27.04,1.57,86.19,0.89,3.3,Teesta_Lalmonirhat
2019-08-22,0.3,33.97,27.38,1.31,81.57,0.88,4.11,Teesta_Lalmonirhat
2019-08-23,6.39,30.52,26.78,1.62,91.42,0.88,1.47,Teesta_Lalmonirhat
2019-08-24,18.25,30.94,26.58,1.29,89.44,0.89,1.83,Teesta_Lalmonirhat
2019-08-25,10.2,32.16,26.3,1.08,84.9,0.89,2.95,Teesta_Lalmonirhat
2019-08-26,0.43,32.92,26.81,1.41,84.04,0.88,4.29,Teesta_Lalmonirhat
2019-08-27,0.02,33.71,25.93,1.48,83.86,0.87,5.0,Teesta_Lalmonirhat
2019-08-28,5.74,32.14,26.66,1.34,87.72,0.86,2.72,Teesta_Lalmonirhat
2019-08-29,45.48,32.92,27.51,0.82,84.42,0.89,2.96,Teesta_Lalmonirhat
2019-08-30,28.9,31.55,26.55,1.48,85.73,0.91,2.17,Teesta_Lalmonirhat
2019-08-31,5.14,33.4,27.63,1.1,79.86,0.91,3.67,Teesta_Lalmonirhat
2019-09-01,2.16,32.67,27.04,1.69,86.95,0.9,3.27,Teesta_Lalmonirhat
2019-09-02,2.6,33.92,27.57,1.34,84.5,0.89,4.75,Teesta_Lalmonirhat
2019-09-03,18.6,29.73,27.41,1.06,90.96,0.89,0.87,Teesta_Lalmonirhat
2019-09-04,8.7,29.05,26.06,1.39,91.93,0.9,0.67,Teesta_Lalmonirhat
2019-09-05,5.91,31.14,25.58,1.6,88.78,0.9,2.21,Teesta_Lalmonirhat
2019-09-06,5.33,32.91,26.15,1.56,85.16,0.9,4.26,Teesta_Lalmonirhat
2019-09-07,5.99,31.02,26.62,2.14,89.12,0.89,3.04,Teesta_Lalmonirhat
2019-09-08,8.94,31.85,26.39,1.91,87.21,0.89,3.67,Teesta_Lalmonirhat
2019-09-09,9.59,32.46,26.77,1.71,88.63,0.88,3.59,Teesta_Lalmonirhat
2019-09-10,17.96,30.57,26.76,1.9,92.2,0.89,1.28,Teesta_Lalmonirhat
2019-09-11,17.05,31.56,26.95,1.72,91.52,0.9,1.48,Teesta_Lalmonirhat
2019-09-12,17.96,30.61,26.6,2.46,91.54,0.9,1.57,Teesta_Lalmonirhat
2019-09-13,32.8,30.49,26.08,2.22,90.71,0.92,2.32,Teesta_Lalmonirhat
2019-09-14,36.69,31.11,26.14,2.35,89.88,0.94,2.54,Teesta_Lalmonirhat
2019-09-15,27.81,31.0,26.61,2.05,90.35,0.94,1.89,Teesta_Lalmonirhat
2019-09-16,43.56,29.51,26.71,1.93,94.43,0.96,0.59,Teesta_Lalmonirhat
2019-09-17,22.11,29.87,25.81,1.18,87.51,0.96,1.45,Teesta_Lalmonirhat
2019-09-18,5.15,31.89,24.87,0.88,79.11,0.96,4.04,Teesta_Lalmonirhat
2019-09-19,0.37,32.87,24.83,0.85,77.54,0.95,5.7,Teesta_Lalmonirhat
2019-09-20,1.57,31.57,25.6,1.09,84.82,0.94,2.9,Teesta_Lalmonirhat
2019-09-21,4.69,32.22,26.12,0.56,78.45,0.93,3.78,Teesta_Lalmonirhat
2019-09-22,18.58,31.68,26.19,0.88,82.62,0.93,2.32,Teesta_Lalmonirhat
2019-09-23,38.87,29.05,25.77,1.1,88.22,0.95,1.16,Teesta_Lalmonirhat
2019-09-24,67.5,28.05,24.87,1.23,92.35,0.97,0.59,Teesta_Lalmonirhat
2019-09-25,103.62,27.48,23.99,1.16,90.99,0.99,1.05,Teesta_Lalmonirhat
2019-09-26,3.21,29.67,23.48,1.4,88.52,0.98,2.52,Teesta_Lalmonirhat
2019-09-27,14.4,27.73,23.63,0.8,88.28,0.98,1.42,Teesta_Lalmonirhat
2019-09-28,29.34,27.36,23.6,1.06,89.98,0.98,0.81,Teesta_Lalmonirhat
2019-09-29,40.83,24.43,22.42,1.32,93.06,0.99,0.27,Teesta_Lalmonirhat
2019-09-30,50.02,25.54,21.91,1.43,93.66,0.99,0.33,Teesta_Lalmonirhat
2019-10-01,40.52,27.99,22.68,2.18,91.86,0.99,1.19,Teesta_Lalmonirhat
2019-10-02,2.21,29.78,23.35,1.49,86.36,0.99,2.14,Teesta_Lalmonirhat
2019-10-03,0.07,30.59,24.07,1.13,85.17,0.98,3.58,Teesta_Lalmonirhat
2019-10-04,12.11,29.93,23.81,1.09,88.2,0.97,2.92,Teesta_Lalmonirhat
2019-10-05,8.78,30.14,24.46,0.97,86.93,0.97,2.71,Teesta_Lalmonirhat
2019-10-06,4.97,30.21,25.32,0.58,80.88,0.97,2.55,Teesta_Lalmonirhat
2019-10-07,5.12,29.78,25.21,0.78,85.17,0.96,1.61,Teesta_Lalmonirhat
2019-10-08,37.26,27.41,24.33,0.79,92.31,0.98,0.31,Teesta_Lalmonirhat
2019-10-09,15.08,26.88,23.26,1.04,89.77,0.98,0.94,Teesta_Lalmonirhat
2019-10-10,6.34,28.97,22.61,0.9,85.26,0.97,3.64,Teesta_Lalmonirhat
2019-10-11,2.28,29.29,22.26,1.26,86.06,0.97,3.43,Teesta_Lalmonirhat
2019-10-12,0.75,29.33,21.97,1.22,84.76,0.96,3.59,Teesta_Lalmonirhat
2019-10-13,0.01,29.26,21.18,0.53,82.54,0.95,4.42,Teesta_Lalmonirhat
2019-10-14,0.0,29.68,21.92,0.72,81.82,0.94,4.49,Teesta_Lalmonirhat
2019-10-15,0.0,29.6,21.59,1.23,81.18,0.94,4.12,Teesta_Lalmonirhat
2019-10-16,0.5,30.18,23.21,0.68,77.47,0.93,5.25,Teesta_Lalmonirhat
2019-10-17,0.5,30.45,23.55,0.41,80.29,0.92,5.06,Teesta_Lalmonirhat
2019-10-18,0.02,30.71,22.89,0.32,78.24,0.91,5.58,Teesta_Lalmonirhat
2019-10-19,0.0,29.58,21.85,0.85,81.44,0.91,4.48,Teesta_Lalmonirhat
2019-10-20,0.0,28.73,21.48,1.12,88.26,0.9,3.44,Teesta_Lalmonirhat
2019-10-21,0.0,28.04,21.47,2.22,91.37,0.9,2.8,Teesta_Lalmonirhat
2019-10-22,0.0,27.6,20.77,2.06,88.54,0.89,3.48,Teesta_Lalmonirhat
2019-10-23,0.12,26.86,18.93,0.97,86.71,0.88,2.75,Teesta_Lalmonirhat
2019-10-24,4.14,24.88,20.13,1.05,88.11,0.88,1.19,Teesta_Lalmonirhat
2019-10-25,16.41,24.89,19.01,2.69,91.33,0.89,1.32,Teesta_Lalmonirhat
2019-10-26,30.89,25.14,18.69,1.92,92.22,0.91,1.08,Teesta_Lalmonirhat
2019-10-27,1.02,26.88,19.4,0.65,87.31,0.91,3.02,Teesta_Lalmonirhat
2019-10-28,0.0,25.2,19.8,0.65,86.28,0.9,2.41,Teesta_Lalmonirhat
2019-10-29,0.0,27.35,19.25,0.86,84.81,0.89,3.38,Teesta_Lalmonirhat
2019-10-30,0.0,28.07,20.38,0.69,84.16,0.89,3.58,Teesta_Lalmonirhat
2019-10-31,0.0,28.62,20.98,0.68,81.26,0.88,4.49,Teesta_Lalmonirhat
2019-11-01,0.0,28.5,20.51,0.72,81.18,0.88,4.72,Teesta_Lalmonirhat
2019-11-02,0.0,28.34,20.39,1.03,80.67,0.87,4.19,Teesta_Lalmonirhat
2019-11-03,0.0,28.29,21.01,0.83,82.4,0.86,3.55,Teesta_Lalmonirhat
2019-11-04,0.0,29.09,21.13,0.69,77.44,0.85,4.81,Teesta_Lalmonirhat
2019-11-05,4.02,28.21,20.34,1.33,87.45,0.85,3.21,Teesta_Lalmonirhat
2019-11-06,1.48,27.57,18.27,0.81,78.53,0.85,3.42,Teesta_Lalmonirhat
2019-11-07,0.0,27.33,17.94,1.23,82.18,0.84,3.43,Teesta_Lalmonirhat
2019-11-08,0.0,28.09,19.88,1.81,87.5,0.83,2.69,Teesta_Lalmonirhat
2019-11-09,0.53,26.16,21.01,1.35,91.52,0.83,1.26,Teesta_Lalmonirhat
2019-11-10,0.32,26.6,20.45,2.27,91.03,0.83,2.72,Teesta_Lalmonirhat
2019-11-11,0.18,27.33,19.28,0.78,85.41,0.82,3.84,Teesta_Lalmonirhat
2019-11-12,0.01,27.08,19.37,0.84,84.36,0.81,3.1,Teesta_Lalmonirhat
2019-11-13,0.0,26.8,17.57,0.54,84.18,0.81,3.36,Teesta_Lalmonirhat
2019-11-14,0.0,27.22,19.36,1.28,86.25,0.8,3.51,Teesta_Lalmonirhat
2019-11-15,0.0,28.16,20.09,0.7,86.28,0.79,3.94,Teesta_Lalmonirhat
2019-11-16,0.0,27.33,19.14,1.57,88.43,0.79,3.13,Teesta_Lalmonirhat
2019-11-17,0.0,25.87,17.43,1.59,89.12,0.78,2.44,Teesta_Lalmonirhat
2019-11-18,0.0,25.93,16.59,1.1,86.49,0.78,2.35,Teesta_Lalmonirhat
2019-11-19,0.01,25.82,17.01,1.19,87.52,0.77,2.27,Teesta_Lalmonirhat
2019-11-20,0.0,25.33,14.76,0.77,77.4,0.77,2.91,Teesta_Lalmonirhat
2019-11-21,0.0,26.26,16.77,0.85,81.59,0.76,3.13,Teesta_Lalmonirhat
2019-11-22,0.0,25.8,17.44,0.43,82.69,0.76,3.27,Teesta_Lalmonirhat
2019-11-23,0.0,25.83,17.15,0.78,82.29,0.75,2.73,Teesta_Lalmonirhat
2019-11-24,0.0,25.32,16.92,0.98,86.08,0.74,2.16,Teesta_Lalmonirhat
2019-11-25,0.0,23.19,17.81,0.51,88.65,0.74,0.74,Teesta_Lalmonirhat
2019-11-26,0.0,26.31,18.14,0.68,83.97,0.74,3.09,Teesta_Lalmonirhat
2019-11-27,0.0,25.98,17.06,1.07,85.58,0.73,2.88,Teesta_Lalmonirhat
2019-11-28,0.0,26.92,17.55,0.75,83.65,0.73,2.96,Teesta_Lalmonirhat
2019-11-29,0.0,26.68,16.26,0.84,86.17,0.72,2.81,Teesta_Lalmonirhat
2019-11-30,0.0,25.36,15.97,1.39,85.48,0.72,2.18,Teesta_Lalmonirhat
2019-12-01,0.0,23.89,13.35,1.2,83.39,0.71,2.12,Teesta_Lalmonirhat
2019-12-02,0.0,24.0,14.02,0.62,80.69,0.71,2.09,Teesta_Lalmonirhat
2019-12-03,0.0,23.95,15.16,0.63,80.14,0.7,2.25,Teesta_Lalmonirhat
2019-12-04,0.0,24.19,13.81,0.88,83.17,0.7,2.17,Teesta_Lalmonirhat
2019-12-05,0.0,25.25,14.06,1.56,80.52,0.69,2.42,Teesta_Lalmonirhat
2019-12-06,0.0,24.0,13.79,1.83,78.32,0.69,2.33,Teesta_Lalmonirhat
2019-12-07,0.0,23.19,13.02,1.53,78.13,0.68,1.66,Teesta_Lalmonirhat
2019-12-08,0.0,24.78,14.78,1.16,75.95,0.68,2.23,Teesta_Lalmonirhat
2019-12-09,0.0,24.12,14.36,0.76,81.37,0.67,2.06,Teesta_Lalmonirhat
2019-12-10,0.0,23.85,13.79,0.96,80.35,0.67,1.93,Teesta_Lalmonirhat
2019-12-11,0.0,23.29,13.12,1.19,81.47,0.66,1.49,Teesta_Lalmonirhat
2019-12-12,0.01,22.02,13.94,0.85,83.67,0.66,0.91,Teesta_Lalmonirhat
2019-12-13,0.05,23.75,14.8,1.29,82.5,0.66,1.44,Teesta_Lalmonirhat
2019-12-14,0.15,24.62,15.42,1.14,81.76,0.65,1.65,Teesta_Lalmonirhat
2019-12-15,0.24,23.74,13.53,0.78,80.96,0.65,1.51,Teesta_Lalmonirhat
2019-12-16,0.0,24.49,14.64,1.21,76.88,0.65,1.8,Teesta_Lalmonirhat
2019-12-17,0.0,22.96,11.46,1.42,85.63,0.64,1.35,Teesta_Lalmonirhat
2019-12-18,0.0,20.97,9.76,1.04,84.98,0.64,1.09,Teesta_Lalmonirhat
2019-12-19,0.0,20.43,8.59,0.89,84.16,0.64,1.04,Teesta_Lalmonirhat
2019-12-20,0.0,20.77,10.5,1.11,81.74,0.63,0.92,Teesta_Lalmonirhat
2019-12-21,0.0,20.28,10.01,1.24,81.25,0.63,0.91,Teesta_Lalmonirhat
2019-12-22,0.0,20.19,9.22,1.0,83.11,0.63,0.95,Teesta_Lalmonirhat
2019-12-23,0.0,20.82,9.05,0.85,81.7,0.62,0.9,Teesta_Lalmonirhat
2019-12-24,0.0,21.98,9.22,0.95,80.05,0.62,1.04,Teesta_Lalmonirhat
2019-12-25,0.0,20.36,7.35,0.99,77.53,0.62,0.87,Teesta_Lalmonirhat
2019-12-26,0.0,21.06,8.45,0.56,71.11,0.61,0.94,Teesta_Lalmonirhat
2019-12-27,0.07,20.65,9.51,0.85,73.73,0.61,0.87,Teesta_Lalmonirhat
2019-12-28,0.01,21.06,6.52,0.72,70.6,0.61,0.96,Teesta_Lalmonirhat
2019-12-29,0.01,21.69,6.38,0.77,76.26,0.6,0.91,Teesta_Lalmonirhat
2019-12-30,0.0,22.61,8.36,1.57,78.69,0.6,0.97,Teesta_Lalmonirhat
2019-12-31,0.0,22.91,10.38,2.13,76.82,0.6,1.05,Teesta_Lalmonirhat
2020-01-01,1.8,21.95,11.98,2.36,78.06,0.6,0.69,Teesta_Lalmonirhat
2020-01-02,0.14,24.28,14.76,1.72,78.41,0.59,0.8,Teesta_Lalmonirhat
2020-01-03,6.99,18.49,14.75,1.2,87.22,0.6,0.13,Teesta_Lalmonirhat
2020-01-04,1.6,21.7,13.73,1.05,84.61,0.6,0.64,Teesta_Lalmonirhat
2020-01-05,0.14,21.01,10.72,2.12,79.12,0.6,0.88,Teesta_Lalmonirhat
2020-01-06,0.05,20.34,8.62,1.28,75.56,0.6,0.79,Teesta_Lalmonirhat
2020-01-07,0.0,20.94,7.33,0.82,74.84,0.59,0.61,Teesta_Lalmonirhat
2020-01-08,0.03,21.13,9.57,0.63,69.73,0.59,0.6,Teesta_Lalmonirhat
2020-01-09,1.8,21.39,11.84,1.19,81.04,0.59,0.63,Teesta_Lalmonirhat
2020-01-10,0.19,21.57,10.59,1.88,82.42,0.59,0.77,Teesta_Lalmonirhat
2020-01-11,0.0,21.45,9.54,1.53,80.4,0.59,0.72,Teesta_Lalmonirhat
2020-01-12,0.0,22.7,8.1,1.12,76.44,0.58,0.78,Teesta_Lalmonirhat
2020-01-13,0.0,22.86,7.95,0.97,75.12,0.58,0.76,Teesta_Lalmonirhat
2020-01-14,0.0,23.15,9.72,1.17,76.27,0.58,0.82,Teesta_Lalmonirhat
2020-01-15,0.0,23.24,10.74,0.96,77.39,0.57,0.73,Teesta_Lalmonirhat
2020-01-16,0.0,23.93,11.05,0.86,69.38,0.57,0.73,Teesta_Lalmonirhat
2020-01-17,0.07,24.72,12.33,1.13,76.26,0.57,0.71,Teesta_Lalmonirhat
2020-01-18,0.08,24.92,14.12,1.3,78.57,0.56,0.72,Teesta_Lalmonirhat
2020-01-19,0.08,23.87,13.37,2.03,77.09,0.56,0.68,Teesta_Lalmonirhat
2020-01-20,0.0,21.29,9.93,2.15,76.16,0.56,0.69,Teesta_Lalmonirhat
2020-01-21,0.0,21.19,7.98,1.46,74.77,0.55,0.58,Teesta_Lalmonirhat
2020-01-22,0.0,21.22,8.01,1.53,69.95,0.55,0.62,Teesta_Lalmonirhat
2020-01-23,0.0,20.23,7.73,1.75,73.29,0.55,0.57,Teesta_Lalmonirhat
2020-01-24,0.0,20.33,6.7,1.1,68.8,0.55,0.52,Teesta_Lalmonirhat
2020-01-25,0.0,22.25,10.25,0.83,64.29,0.54,0.58,Teesta_Lalmonirhat
2020-01-26,0.0,22.13,10.43,1.4,66.63,0.54,0.6,Teesta_Lalmonirhat
2020-01-27,0.0,21.92,9.23,1.51,72.31,0.54,0.5,Teesta_Lalmonirhat
2020-01-28,0.0,22.37,8.93,1.62,72.69,0.54,0.51,Teesta_Lalmonirhat
2020-01-29,0.01,22.26,11.01,1.23,75.24,0.53,0.4,Teesta_Lalmonirhat
2020-01-30,0.23,23.31,11.31,1.4,78.56,0.53,0.51,Teesta_Lalmonirhat
2020-01-31,0.08,22.99,11.0,2.34,70.91,0.53,0.62,Teesta_Lalmonirhat
2020-02-01,0.0,23.43,9.75,1.46,64.5,0.53,0.6,Teesta_Lalmonirhat
2020-02-02,0.0,22.55,7.87,1.91,66.68,0.52,0.56,Teesta_Lalmonirhat
2020-02-03,0.0,21.76,7.64,1.13,65.51,0.52,0.52,Teesta_Lalmonirhat
2020-02-04,0.0,23.4,9.45,0.92,61.13,0.52,0.54,Teesta_Lalmonirhat
2020-02-05,0.0,23.81,9.55,1.92,60.47,0.51,0.55,Teesta_Lalmonirhat
2020-02-06,0.0,23.79,9.14,1.52,59.65,0.51,0.57,Teesta_Lalmonirhat
2020-02-07,0.0,24.13,10.83,1.09,53.28,0.51,0.55,Teesta_Lalmonirhat
2020-02-08,0.0,24.66,11.21,0.8,59.15,0.5,0.54,Teesta_Lalmonirhat
2020-02-09,0.0,25.31,11.72,1.5,58.35,0.5,0.48,Teesta_Lalmonirhat
2020-02-10,0.0,25.04,8.64,1.55,57.91,0.5,0.5,Teesta_Lalmonirhat
2020-02-11,0.0,24.73,8.36,1.57,58.02,0.49,0.48,Teesta_Lalmonirhat
2020-02-12,0.0,25.39,10.36,1.79,54.85,0.49,0.46,Teesta_Lalmonirhat
2020-02-13,0.0,25.65,10.44,1.66,56.94,0.49,0.44,Teesta_Lalmonirhat
2020-02-14,0.0,25.7,11.23,1.52,61.63,0.49,0.41,Teesta_Lalmonirhat
2020-02-15,0.0,25.63,13.1,1.51,68.45,0.48,0.37,Teesta_Lalmonirhat
2020-02-16,0.0,27.36,14.53,1.26,60.57,0.48,0.42,Teesta_Lalmonirhat
2020-02-17,0.0,27.88,14.4,1.48,56.36,0.48,0.49,Teesta_Lalmonirhat
2020-02-18,0.0,27.24,12.93,1.97,62.78,0.48,0.44,Teesta_Lalmonirhat
2020-02-19,0.0,27.66,13.96,1.08,49.18,0.47,0.46,Teesta_Lalmonirhat
2020-02-20,0.0,27.2,15.07,0.95,46.4,0.47,0.35,Teesta_Lalmonirhat
2020-02-21,0.0,28.19,13.49,1.71,61.9,0.47,0.42,Teesta_Lalmonirhat
2020-02-22,0.09,25.85,16.3,1.24,67.94,0.47,0.22,Teesta_Lalmonirhat
2020-02-23,0.11,30.38,17.26,0.95,54.6,0.46,0.52,Teesta_Lalmonirhat
2020-02-24,0.38,27.84,16.66,0.89,54.41,0.46,0.37,Teesta_Lalmonirhat
2020-02-25,6.3,26.24,17.67,1.26,64.38,0.46,0.22,Teesta_Lalmonirhat
2020-02-26,6.97,24.99,15.86,1.54,72.91,0.48,0.29,Teesta_Lalmonirhat
2020-02-27,0.07,27.3,14.74,0.91,63.49,0.48,0.65,Teesta_Lalmonirhat
2020-02-28,0.0,28.06,14.22,1.11,62.41,0.47,0.68,Teesta_Lalmonirhat
2020-02-29,0.0,28.28,15.23,0.73,60.07,0.47,0.55,Teesta_Lalmonirhat
2020-03-01,0.0,29.97,15.82,1.04,59.46,0.47,0.68,Teesta_Lalmonirhat
2020-03-02,0.27,30.45,16.97,1.99,54.64,0.46,0.59,Teesta_Lalmonirhat
2020-03-03,1.12,29.84,16.4,2.01,61.35,0.46,0.52,Teesta_Lalmonirhat
2020-03-04,3.52,28.57,17.03,1.6,65.1,0.46,0.45,Teesta_Lalmonirhat
2020-03-05,1.22,28.81,17.58,1.61,65.84,0.46,0.5,Teesta_Lalmonirhat
2020-03-06,7.25,27.81,17.63,1.32,67.25,0.47,0.44,Teesta_Lalmonirhat
2020-03-07,4.32,27.39,17.02,1.58,72.01,0.47,0.42,Teesta_Lalmonirhat
2020-03-08,0.61,30.1,16.79,3.02,62.01,0.48,0.72,Teesta_Lalmonirhat
2020-03-09,0.1,29.76,13.95,2.41,55.22,0.47,0.72,Teesta_Lalmonirhat
2020-03-10,0.0,30.44,15.35,1.69,48.97,0.47,0.68,Teesta_Lalmonirhat
2020-03-11,0.0,30.78,16.14,2.3,50.64,0.46,0.62,Teesta_Lalmonirhat
2020-03-12,0.0,32.43,18.22,1.79,60.03,0.46,0.62,Teesta_Lalmonirhat
2020-03-13,0.18,33.46,18.9,1.25,60.08,0.45,0.67,Teesta_Lalmonirhat
2020-03-14,28.33,30.88,18.93,1.84,75.33,0.47,0.41,Teesta_Lalmonirhat
2020-03-15,1.46,27.77,17.2,1.81,65.23,0.5,0.63,Teesta_Lalmonirhat
2020-03-16,0.63,31.14,16.18,2.15,60.53,0.49,1.12,Teesta_Lalmonirhat
2020-03-17,0.0,30.63,16.13,1.94,53.0,0.49,1.05,Teesta_Lalmonirhat
2020-03-18,0.02,30.84,15.45,2.2,54.11,0.48,0.94,Teesta_Lalmonirhat
2020-03-19,0.0,31.68,15.51,2.07,53.88,0.48,0.87,Teesta_Lalmonirhat
2020-03-20,1.48,31.66,18.1,1.72,53.31,0.47,0.83,Teesta_Lalmonirhat
2020-03-21,6.68,31.26,19.3,1.61,51.9,0.48,0.76,Teesta_Lalmonirhat
2020-03-22,5.03,28.59,17.22,1.26,61.01,0.48,0.72,Teesta_Lalmonirhat
2020-03-23,0.64,30.66,17.59,1.09,54.89,0.48,0.98,Teesta_Lalmonirhat
2020-03-24,0.22,31.51,17.84,1.16,55.12,0.48,1.0,Teesta_Lalmonirhat
2020-03-25,1.96,33.03,19.94,1.38,53.92,0.47,0.95,Teesta_Lalmonirhat
2020-03-26,0.63,33.75,20.01,1.68,52.4,0.47,0.77,Teesta_Lalmonirhat
2020-03-27,0.0,34.81,21.13,1.58,49.17,0.46,0.9,Teesta_Lalmonirhat
2020-03-28,0.11,35.61,20.97,3.52,50.45,0.46,0.9,Teesta_Lalmonirhat
2020-03-29,0.0,35.56,19.03,4.04,44.25,0.45,0.89,Teesta_Lalmonirhat
2020-03-30,0.0,35.3,16.87,2.88,43.66,0.45,0.72,Teesta_Lalmonirhat
2020-03-31,0.0,34.56,16.58,1.65,41.65,0.44,0.63,Teesta_Lalmonirhat
2020-04-01,0.0,35.45,20.49,1.6,38.39,0.44,0.6,Teesta_Lalmonirhat
2020-04-02,0.58,36.78,21.86,2.35,40.93,0.44,0.57,Teesta_Lalmonirhat
2020-04-03,0.09,36.43,20.46,2.19,45.51,0.43,0.53,Teesta_Lalmonirhat
2020-04-04,0.0,35.74,19.07,2.01,35.27,0.43,0.48,Teesta_Lalmonirhat
2020-04-05,0.0,35.9,19.15,1.79,34.88,0.42,0.44,Teesta_Lalmonirhat
2020-04-06,0.0,35.58,20.0,1.56,36.38,0.42,0.38,Teesta_Lalmonirhat
2020-04-07,0.02,37.45,20.3,2.48,39.48,0.42,0.38,Teesta_Lalmonirhat
2020-04-08,0.82,37.15,19.37,1.65,42.05,0.41,0.31,Teesta_Lalmonirhat
2020-04-09,4.63,34.96,21.36,1.79,56.32,0.42,0.27,Teesta_Lalmonirhat
2020-04-10,2.77,35.79,21.4,1.55,52.02,0.42,0.42,Teesta_Lalmonirhat
2020-04-11,1.97,36.19,21.12,2.27,53.14,0.42,0.36,Teesta_Lalmonirhat
2020-04-12,4.11,33.31,21.67,1.72,56.66,0.42,0.31,Teesta_Lalmonirhat
2020-04-13,0.32,36.33,21.34,1.3,50.88,0.42,0.38,Teesta_Lalmonirhat
2020-04-14,1.11,37.31,23.57,1.23,50.78,0.42,0.33,Teesta_Lalmonirhat
2020-04-15,35.9,31.41,25.76,1.03,70.54,0.45,0.29,Teesta_Lalmonirhat
2020-04-16,9.12,31.78,22.75,1.09,66.67,0.48,1.11,Teesta_Lalmonirhat
2020-04-17,9.84,32.05,22.1,2.09,69.18,0.5,1.39,Teesta_Lalmonirhat
2020-04-18,14.92,30.3,23.28,1.9,77.89,0.51,0.77,Teesta_Lalmonirhat
2020-04-19,1.93,35.23,22.57,2.54,67.32,0.52,2.06,Teesta_Lalmonirhat
2020-04-20,15.46,32.42,23.81,1.97,74.61,0.52,1.52,Teesta_Lalmonirhat
2020-04-21,13.7,30.04,20.89,1.64,80.3,0.54,1.21,Teesta_Lalmonirhat
2020-04-22,4.13,29.99,19.84,0.95,67.41,0.55,2.21,Teesta_Lalmonirhat
2020-04-23,9.39,31.59,19.91,1.64,68.31,0.55,2.49,Teesta_Lalmonirhat
2020-04-24,30.94,28.89,21.18,1.6,78.79,0.58,2.16,Teesta_Lalmonirhat
2020-04-25,6.35,28.36,20.44,2.06,79.14,0.59,2.81,Teesta_Lalmonirhat
2020-04-26,26.33,29.7,20.17,1.96,76.22,0.6,2.69,Teesta_Lalmonirhat
2020-04-27,4.72,30.1,21.49,1.47,75.59,0.62,3.73,Teesta_Lalmonirhat
2020-04-28,16.16,27.18,22.03,1.79,84.98,0.62,1.74,Teesta_Lalmonirhat
2020-04-29,12.07,29.23,21.39,1.24,80.69,0.64,3.51,Teesta_Lalmonirhat
2020-04-30,2.49,29.25,21.25,0.97,76.64,0.64,3.37,Teesta_Lalmonirhat
2020-05-01,2.99,30.83,22.68,1.36,75.89,0.63,4.46,Teesta_Lalmonirhat
2020-05-02,9.49,29.41,23.83,0.91,75.87,0.63,1.77,Teesta_Lalmonirhat
2020-05-03,1.11,31.33,22.58,1.13,75.48,0.63,4.91,Teesta_Lalmonirhat
2020-05-04,1.29,31.93,23.04,1.54,75.67,0.62,5.13,Teesta_Lalmonirhat
2020-05-05,16.04,32.87,23.38,1.41,74.68,0.62,4.43,Teesta_Lalmonirhat
2020-05-06,12.11,31.03,23.21,1.43,72.39,0.64,4.6,Teesta_Lalmonirhat
2020-05-07,6.56,31.82,22.31,1.88,74.67,0.64,5.47,Teesta_Lalmonirhat
2020-05-08,7.86,31.14,21.79,1.55,75.03,0.63,5.18,Teesta_Lalmonirhat
2020-05-09,4.01,32.26,22.17,1.46,74.01,0.63,5.51,Teesta_Lalmonirhat
2020-05-10,0.96,33.39,23.11,1.47,68.54,0.62,5.41,Teesta_Lalmonirhat
2020-05-11,31.9,32.23,25.52,0.87,71.48,0.64,3.94,Teesta_Lalmonirhat
2020-05-12,9.64,32.02,25.08,1.54,72.6,0.65,5.13,Teesta_Lalmonirhat
2020-05-13,7.17,33.3,23.27,2.21,74.86,0.65,5.14,Teesta_Lalmonirhat
2020-05-14,15.42,31.76,24.2,1.63,80.95,0.66,4.66,Teesta_Lalmonirhat
2020-05-15,6.62,31.75,22.92,1.79,78.23,0.66,4.98,Teesta_Lalmonirhat
2020-05-16,45.88,32.46,24.66,1.91,82.77,0.69,3.79,Teesta_Lalmonirhat
2020-05-17,2.01,33.24,24.99,1.74,80.13,0.7,6.23,Teesta_Lalmonirhat
2020-05-18,13.7,32.92,24.34,1.43,80.56,0.7,5.04,Teesta_Lalmonirhat
2020-05-19,10.41,31.73,25.99,1.71,84.3,0.7,3.29,Teesta_Lalmonirhat
2020-05-20,14.68,28.0,24.12,3.37,87.95,0.71,1.96,Teesta_Lalmonirhat
2020-05-21,72.99,27.72,23.17,6.37,91.49,0.77,0.93,Teesta_Lalmonirhat
2020-05-22,12.16,28.48,24.01,2.42,89.73,0.81,1.89,Teesta_Lalmonirhat
2020-05-23,3.43,32.77,23.59,1.27,81.63,0.8,5.14,Teesta_Lalmonirhat
2020-05-24,64.72,33.26,26.02,2.83,85.56,0.83,2.55,Teesta_Lalmonirhat
2020-05-25,51.99,33.65,26.36,3.16,86.63,0.88,3.07,Teesta_Lalmonirhat
2020-05-26,38.39,32.84,26.48,2.93,86.31,0.9,2.93,Teesta_Lalmonirhat
2020-05-27,24.05,30.95,22.96,3.39,87.03,0.91,2.59,Teesta_Lalmonirhat
2020-05-28,5.49,30.51,22.79,1.43,79.98,0.9,3.19,Teesta_Lalmonirhat
2020-05-29,3.09,30.83,24.93,1.14,77.42,0.89,3.24,Teesta_Lalmonirhat
2020-05-30,12.19,31.4,24.78,1.36,80.01,0.89,3.85,Teesta_Lalmonirhat
2020-05-31,55.51,30.44,25.33,1.52,86.76,0.91,2.16,Teesta_Lalmonirhat
2020-06-01,46.3,31.18,24.55,1.83,84.73,0.94,1.84,Teesta_Lalmonirhat
2020-06-02,33.21,31.23,25.59,1.8,85.94,0.95,1.86,Teesta_Lalmonirhat
2020-06-03,5.38,30.45,24.78,1.88,88.19,0.94,1.25,Teesta_Lalmonirhat
2020-06-04,6.84,30.79,25.27,2.22,89.32,0.94,1.28,Teesta_Lalmonirhat
2020-06-05,13.91,31.54,25.19,1.81,87.17,0.93,2.65,Teesta_Lalmonirhat
2020-06-06,63.94,31.72,26.56,1.67,86.7,0.95,1.99,Teesta_Lalmonirhat
2020-06-07,5.26,31.89,25.5,1.85,81.84,0.95,3.22,Teesta_Lalmonirhat
2020-06-08,15.57,32.46,25.54,1.86,86.1,0.94,3.06,Teesta_Lalmonirhat
2020-06-09,5.18,33.18,26.0,1.06,81.69,0.93,4.19,Teesta_Lalmonirhat
2020-06-10,0.61,32.84,27.07,1.36,82.87,0.92,3.49,Teesta_Lalmonirhat
2020-06-11,2.79,32.28,26.59,1.86,86.34,0.91,3.26,Teesta_Lalmonirhat
2020-06-12,5.55,30.05,26.59,1.72,88.29,0.91,1.58,Teesta_Lalmonirhat
2020-06-13,27.31,29.32,26.25,2.14,93.99,0.92,0.65,Teesta_Lalmonirhat
2020-06-14,23.75,31.21,26.2,1.71,88.46,0.93,1.68,Teesta_Lalmonirhat
2020-06-15,15.91,31.74,26.43,1.6,87.93,0.93,2.01,Teesta_Lalmonirhat
2020-06-16,31.52,31.01,27.15,1.95,90.26,0.94,1.46,Teesta_Lalmonirhat
2020-06-17,17.08,31.88,26.35,1.81,88.19,0.94,2.73,Teesta_Lalmonirhat
2020-06-18,41.81,29.91,26.49,2.44,91.31,0.96,1.01,Teesta_Lalmonirhat
2020-06-19,8.85,31.84,26.94,2.15,89.15,0.96,2.09,Teesta_Lalmonirhat
2020-06-20,9.2,32.5,26.75,1.71,87.16,0.95,2.62,Teesta_Lalmonirhat
2020-06-21,4.01,32.39,26.86,1.99,86.29,0.94,3.28,Teesta_Lalmonirhat
2020-06-22,5.65,31.9,26.18,2.16,87.07,0.93,3.14,Teesta_Lalmonirhat
2020-06-23,11.88,32.57,26.63,1.77,86.21,0.93,3.18,Teesta_Lalmonirhat
2020-06-24,10.29,31.3,27.06,2.84,88.92,0.92,2.07,Teesta_Lalmonirhat
2020-06-25,24.54,29.38,27.19,3.89,94.78,0.93,0.38,Teesta_Lalmonirhat
2020-06-26,73.17,29.67,26.94,3.9,93.94,0.95,0.45,Teesta_Lalmonirhat
2020-06-27,22.14,30.35,26.4,3.71,91.99,0.97,0.99,Teesta_Lalmonirhat
2020-06-28,20.48,29.68,26.63,2.02,93.05,0.97,0.58,Teesta_Lalmonirhat
2020-06-29,5.58,31.29,26.33,1.91,88.11,0.96,1.99,Teesta_Lalmonirhat
2020-06-30,11.01,32.31,25.45,1.46,85.73,0.95,2.97,Teesta_Lalmonirhat
2020-07-01,15.05,30.64,26.66,2.75,90.83,0.95,1.24,Teesta_Lalmonirhat
2020-07-02,44.79,29.69,27.37,2.56,94.71,0.97,0.37,Teesta_Lalmonirhat
2020-07-03,19.35,29.27,27.21,1.62,92.74,0.97,0.42,Teesta_Lalmonirhat
2020-07-04,10.18,31.52,26.25,1.18,86.77,0.97,1.55,Teesta_Lalmonirhat
2020-07-05,3.82,30.6,26.05,2.16,90.3,0.96,1.43,Teesta_Lalmonirhat
2020-07-06,12.85,30.81,26.61,2.44,89.57,0.96,1.5,Teesta_Lalmonirhat
2020-07-07,8.54,32.58,25.95,2.3,87.92,0.95,2.51,Teesta_Lalmonirhat
2020-07-08,20.86,31.81,27.36,2.67,89.87,0.95,1.78,Teesta_Lalmonirhat
2020-07-09,31.43,30.41,26.9,2.65,93.74,0.96,0.62,Teesta_Lalmonirhat
2020-07-10,56.47,30.51,27.25,3.81,93.44,0.98,0.63,Teesta_Lalmonirhat
2020-07-11,127.2,29.81,26.68,3.63,92.46,1.0,0.66,Teesta_Lalmonirhat
2020-07-12,27.48,30.34,26.71,2.19,92.68,1.0,0.52,Teesta_Lalmonirhat
2020-07-13,32.38,32.05,26.73,1.73,89.48,0.99,1.29,Teesta_Lalmonirhat
2020-07-14,9.47,30.83,26.78,1.76,89.15,0.99,1.05,Teesta_Lalmonirhat
2020-07-15,1.42,32.17,26.34,1.9,88.0,0.98,2.0,Teesta_Lalmonirhat
2020-07-16,9.53,31.63,26.83,2.04,87.5,0.97,1.93,Teesta_Lalmonirhat
2020-07-17,12.56,31.41,27.04,1.56,87.42,0.97,1.55,Teesta_Lalmonirhat
2020-07-18,24.74,30.29,26.96,1.53,90.86,0.97,0.55,Teesta_Lalmonirhat
2020-07-19,58.99,29.27,27.35,3.16,95.07,0.99,0.3,Teesta_Lalmonirhat
2020-07-20,32.17,29.12,27.06,3.37,94.89,0.99,0.28,Teesta_Lalmonirhat
2020-07-21,28.15,30.04,26.24,2.22,91.38,0.99,0.85,Teesta_Lalmonirhat
2020-07-22,9.59,28.5,26.07,2.81,94.15,0.99,0.38,Teesta_Lalmonirhat
2020-07-23,12.57,30.49,26.0,2.13,89.91,0.98,1.21,Teesta_Lalmonirhat
2020-07-24,9.29,31.38,26.17,2.09,89.72,0.98,1.24,Teesta_Lalmonirhat
2020-07-25,5.53,31.92,26.24,1.54,87.32,0.97,2.03,Teesta_Lalmonirhat
2020-07-26,20.0,32.12,26.94,1.56,87.87,0.97,1.64,Teesta_Lalmonirhat
2020-07-27,31.0,29.99,27.43,1.58,93.63,0.98,0.49,Teesta_Lalmonirhat
2020-07-28,9.2,31.97,26.66,2.02,87.15,0.97,2.37,Teesta_Lalmonirhat
2020-07-29,23.08,30.63,26.48,1.48,90.01,0.97,1.14,Teesta_Lalmonirhat
2020-07-30,37.44,29.83,26.9,2.88,93.89,0.98,0.53,Teesta_Lalmonirhat
2020-07-31,29.09,30.8,26.64,1.79,90.69,0.98,0.93,Teesta_Lalmonirhat
2020-08-01,30.74,32.13,26.49,1.34,86.15,0.98,2.13,Teesta_Lalmonirhat
2020-08-02,13.4,32.92,26.78,1.72,87.13,0.98,2.1,Teesta_Lalmonirhat
2020-08-03,13.77,33.91,27.13,1.13,82.32,0.97,2.86,Teesta_Lalmonirhat
2020-08-04,12.4,33.6,28.51,1.4,84.26,0.97,1.53,Teesta_Lalmonirhat
2020-08-05,3.82,32.66,27.77,2.3,87.44,0.96,1.95,Teesta_Lalmonirhat
2020-08-06,15.01,33.09,27.0,2.11,88.15,0.96,2.46,Teesta_Lalmonirhat
2020-08-07,4.78,32.07,27.16,2.12,89.89,0.95,2.05,Teesta_Lalmonirhat
2020-08-08,2.99,32.54,27.29,2.16,90.02,0.94,1.72,Teesta_Lalmonirhat
2020-08-09,16.83,31.26,27.26,2.65,89.85,0.94,1.71,Teesta_Lalmonirhat
2020-08-10,24.27,30.37,26.99,1.6,90.83,0.95,0.91,Teesta_Lalmonirhat
2020-08-11,53.1,30.04,27.09,1.61,90.78,0.97,0.9,Teesta_Lalmonirhat
2020-08-12,29.32,31.56,27.03,1.76,89.49,0.98,1.36,Teesta_Lalmonirhat
2020-08-13,12.77,32.31,27.01,1.91,88.56,0.97,2.21,Teesta_Lalmonirhat
2020-08-14,2.97,31.9,27.41,0.85,85.28,0.96,2.31,Teesta_Lalmonirhat
2020-08-15,2.21,31.93,26.48,2.39,88.61,0.95,2.32,Teesta_Lalmonirhat
2020-08-16,6.86,30.76,26.22,3.03,89.25,0.95,1.88,Teesta_Lalmonirhat
2020-08-17,6.06,30.73,26.01,2.16,90.05,0.94,1.89,Teesta_Lalmonirhat
2020-08-18,5.22,32.51,26.37,2.05,87.94,0.94,3.13,Teesta_Lalmonirhat
2020-08-19,8.54,32.19,26.34,2.36,88.76,0.93,2.93,Teesta_Lalmonirhat
2020-08-20,8.23,30.88,26.24,3.17,89.34,0.93,2.16,Teesta_Lalmonirhat
2020-08-21,3.46,30.39,25.23,2.1,88.28,0.92,2.08,Teesta_Lalmonirhat
2020-08-22,17.29,29.6,25.6,2.4,92.29,0.92,1.43,Teesta_Lalmonirhat
2020-08-23,17.65,31.74,25.25,1.75,87.52,0.93,2.92,Teesta_Lalmonirhat
2020-08-24,2.57,32.38,25.26,1.3,85.58,0.92,3.56,Teesta_Lalmonirhat
2020-08-25,1.2,33.27,26.62,0.92,82.86,0.91,4.34,Teesta_Lalmonirhat
2020-08-26,0.93,32.6,26.8,2.22,86.88,0.9,3.81,Teesta_Lalmonirhat
2020-08-27,1.84,30.87,26.26,1.79,87.39,0.9,2.78,Teesta_Lalmonirhat
2020-08-28,2.84,31.38,25.45,1.7,86.75,0.89,4.17,Teesta_Lalmonirhat
2020-08-29,7.6,31.82,26.42,2.08,87.53,0.88,3.51,Teesta_Lalmonirhat
2020-08-30,9.57,32.34,26.32,2.47,87.82,0.88,3.68,Teesta_Lalmonirhat
2020-08-31,26.98,31.04,27.02,2.38,90.55,0.89,2.02,Teesta_Lalmonirhat
2020-09-01,23.44,30.69,26.48,1.58,90.94,0.91,1.65,Teesta_Lalmonirhat
2020-09-02,3.81,32.04,25.82,1.55,87.2,0.9,3.81,Teesta_Lalmonirhat
2020-09-03,1.69,32.61,25.69,1.72,86.06,0.89,4.37,Teesta_Lalmonirhat
2020-09-04,2.39,32.4,25.76,2.08,86.07,0.88,4.13,Teesta_Lalmonirhat
2020-09-05,22.2,32.36,26.35,2.15,87.9,0.88,3.22,Teesta_Lalmonirhat
2020-09-06,48.76,30.03,27.22,1.91,92.65,0.92,0.75,Teesta_Lalmonirhat
2020-09-07,12.84,29.68,26.74,1.86,93.14,0.92,0.87,Teesta_Lalmonirhat
2020-09-08,22.84,31.22,26.11,1.27,87.85,0.93,2.6,Teesta_Lalmonirhat
2020-09-09,5.72,31.9,26.16,1.71,87.49,0.93,3.12,Teesta_Lalmonirhat
2020-09-10,10.1,31.38,25.53,1.01,87.91,0.92,1.43,Teesta_Lalmonirhat
2020-09-11,26.23,29.52,25.53,1.5,91.97,0.94,0.93,Teesta_Lalmonirhat
2020-09-12,12.26,29.72,26.33,1.75,91.85,0.94,1.17,Teesta_Lalmonirhat
2020-09-13,41.91,29.05,26.48,1.69,91.56,0.96,0.77,Teesta_Lalmonirhat
2020-09-14,41.27,29.32,25.74,1.42,92.63,0.96,0.64,Teesta_Lalmonirhat
2020-09-15,41.43,29.25,26.14,1.86,93.09,0.98,0.78,Teesta_Lalmonirhat
2020-09-16,34.94,29.71,26.06,2.26,94.13,0.98,0.61,Teesta_Lalmonirhat
2020-09-17,61.67,29.0,26.02,2.28,93.51,0.99,0.42,Teesta_Lalmonirhat
2020-09-18,12.0,31.6,25.56,1.0,85.9,0.99,2.78,Teesta_Lalmonirhat
2020-09-19,0.3,32.35,25.71,1.56,88.4,0.98,2.59,Teesta_Lalmonirhat
2020-09-20,1.17,33.12,26.39,1.74,85.95,0.97,2.25,Teesta_Lalmonirhat
2020-09-21,28.65,30.73,26.84,1.6,89.64,0.97,0.71,Teesta_Lalmonirhat
2020-09-22,39.94,29.1,26.34,3.18,93.68,0.98,0.61,Teesta_Lalmonirhat
2020-09-23,66.87,28.74,26.25,2.24,95.91,0.99,0.21,Teesta_Lalmonirhat
2020-09-24,19.13,29.3,26.01,1.62,93.23,0.99,0.92,Teesta_Lalmonirhat
2020-09-25,48.11,29.11,26.67,2.42,95.53,0.99,0.29,Teesta_Lalmonirhat
2020-09-26,159.08,29.52,26.27,1.91,94.51,1.0,0.46,Teesta_Lalmonirhat
2020-09-27,34.79,29.24,25.99,1.29,93.04,1.0,0.88,Teesta_Lalmonirhat
2020-09-28,2.89,30.84,25.47,1.35,89.35,0.99,2.02,Teesta_Lalmonirhat
2020-09-29,1.85,30.66,25.31,1.04,88.32,0.99,2.25,Teesta_Lalmonirhat
2020-09-30,1.83,32.33,25.26,0.75,84.91,0.98,3.88,Teesta_Lalmonirhat
2020-10-01,5.26,31.01,25.66,1.25,88.66,0.98,2.02,Teesta_Lalmonirhat
2020-10-02,4.9,30.68,25.18,1.43,89.85,0.97,1.85,Teesta_Lalmonirhat
2020-10-03,5.44,29.12,25.41,1.27,91.28,0.97,1.05,Teesta_Lalmonirhat
2020-10-04,2.07,31.04,25.83,1.05,87.85,0.97,2.37,Teesta_Lalmonirhat
2020-10-05,18.46,30.14,25.76,1.62,91.64,0.97,1.33,Teesta_Lalmonirhat
2020-10-06,24.61,30.12,25.04,1.96,91.31,0.97,2.16,Teesta_Lalmonirhat
2020-10-07,28.99,29.89,25.12,1.76,90.87,0.97,2.19,Teesta_Lalmonirhat
2020-10-08,4.37,30.9,24.65,1.03,87.36,0.97,3.41,Teesta_Lalmonirhat
2020-10-09,0.02,32.45,25.83,0.51,82.64,0.96,5.49,Teesta_Lalmonirhat
2020-10-10,0.0,32.09,25.16,0.69,86.5,0.95,5.22,Teesta_Lalmonirhat
2020-10-11,0.03,31.97,24.37,0.95,85.82,0.94,5.5,Teesta_Lalmonirhat
2020-10-12,0.0,31.86,24.46,0.83,84.04,0.94,5.32,Teesta_Lalmonirhat
2020-10-13,0.01,32.5,24.63,0.8,81.59,0.93,5.49,Teesta_Lalmonirhat
2020-10-14,0.02,32.28,24.96,0.65,82.09,0.92,5.97,Teesta_Lalmonirhat
2020-10-15,0.02,32.1,24.92,0.77,82.18,0.91,5.95,Teesta_Lalmonirhat
2020-10-16,0.02,32.58,24.99,0.55,80.49,0.9,6.29,Teesta_Lalmonirhat
2020-10-17,0.0,31.3,24.17,0.88,83.31,0.9,5.79,Teesta_Lalmonirhat
2020-10-18,0.0,31.62,24.55,0.52,76.2,0.89,5.65,Teesta_Lalmonirhat
2020-10-19,0.0,30.95,24.98,1.18,81.28,0.88,4.56,Teesta_Lalmonirhat
2020-10-20,0.0,31.62,23.99,0.61,81.04,0.88,5.87,Teesta_Lalmonirhat
2020-10-21,1.21,31.53,24.49,0.96,82.29,0.87,5.36,Teesta_Lalmonirhat
2020-10-22,4.88,30.47,24.13,1.18,85.39,0.86,4.16,Teesta_Lalmonirhat
2020-10-23,18.31,29.71,22.9,1.97,88.81,0.86,3.38,Teesta_Lalmonirhat
2020-10-24,23.22,27.1,21.9,2.72,90.11,0.88,2.96,Teesta_Lalmonirhat
2020-10-25,23.75,26.96,21.82,0.96,87.67,0.9,2.05,Teesta_Lalmonirhat
2020-10-26,2.36,29.5,22.62,0.98,84.18,0.9,3.59,Teesta_Lalmonirhat
2020-10-27,0.02,29.51,20.59,1.13,86.06,0.89,4.16,Teesta_Lalmonirhat
2020-10-28,0.0,29.75,21.33,0.8,84.18,0.88,4.55,Teesta_Lalmonirhat
2020-10-29,0.03,29.96,21.06,1.58,82.82,0.87,4.15,Teesta_Lalmonirhat
2020-10-30,0.0,30.86,21.85,1.59,68.85,0.86,4.36,Teesta_Lalmonirhat
2020-10-31,0.15,31.57,22.95,0.85,66.24,0.85,4.5,Teesta_Lalmonirhat
2020-11-01,0.34,29.96,23.27,0.77,83.82,0.85,4.84,Teesta_Lalmonirhat
2020-11-02,0.25,29.75,22.55,1.23,86.45,0.84,4.18,Teesta_Lalmonirhat
2020-11-03,0.03,28.17,19.98,1.52,85.96,0.83,3.08,Teesta_Lalmonirhat
2020-11-04,0.0,26.85,18.42,1.65,87.96,0.83,2.61,Teesta_Lalmonirhat
2020-11-05,0.0,26.03,15.24,1.2,83.92,0.82,2.49,Teesta_Lalmonirhat
2020-11-06,0.0,25.87,15.69,0.87,81.49,0.82,2.7,Teesta_Lalmonirhat
2020-11-07,0.0,26.73,17.01,0.86,81.4,0.81,3.39,Teesta_Lalmonirhat
2020-11-08,0.0,27.49,17.97,1.8,83.24,0.8,3.66,Teesta_Lalmonirhat
2020-11-09,0.0,26.86,17.56,1.91,81.0,0.79,3.68,Teesta_Lalmonirhat
2020-11-10,0.0,26.81,16.65,2.01,81.52,0.79,3.68,Teesta_Lalmonirhat
2020-11-11,0.0,27.34,17.13,1.77,78.49,0.78,3.72,Teesta_Lalmonirhat
2020-11-12,0.0,27.67,17.94,1.32,77.51,0.77,3.97,Teesta_Lalmonirhat
2020-11-13,0.0,27.82,18.18,1.15,80.14,0.76,3.96,Teesta_Lalmonirhat
2020-11-14,0.0,27.89,17.86,0.91,80.39,0.76,4.05,Teesta_Lalmonirhat
2020-11-15,0.0,27.24,18.23,1.33,82.11,0.75,3.7,Teesta_Lalmonirhat
2020-11-16,0.0,27.58,18.29,1.16,78.03,0.74,3.75,Teesta_Lalmonirhat
2020-11-17,0.0,26.9,17.69,1.68,85.63,0.74,3.38,Teesta_Lalmonirhat
2020-11-18,0.0,26.2,16.49,2.0,86.82,0.73,3.09,Teesta_Lalmonirhat
2020-11-19,0.0,25.83,16.22,0.88,83.32,0.72,2.78,Teesta_Lalmonirhat
2020-11-20,0.0,25.9,18.7,1.06,84.42,0.72,1.91,Teesta_Lalmonirhat
2020-11-21,0.14,25.77,18.75,1.15,87.67,0.72,2.45,Teesta_Lalmonirhat
2020-11-22,0.03,23.73,13.86,1.6,83.96,0.71,2.35,Teesta_Lalmonirhat
2020-11-23,0.0,23.54,11.39,0.75,79.38,0.71,2.24,Teesta_Lalmonirhat
2020-11-24,0.0,24.58,14.41,0.85,82.2,0.7,2.52,Teesta_Lalmonirhat
2020-11-25,0.0,25.41,14.69,1.19,85.0,0.7,2.68,Teesta_Lalmonirhat
2020-11-26,0.0,24.31,14.89,1.12,83.97,0.69,1.65,Teesta_Lalmonirhat
2020-11-27,0.0,22.34,16.79,0.88,84.27,0.69,0.75,Teesta_Lalmonirhat
2020-11-28,0.0,25.63,14.24,0.59,76.47,0.68,2.71,Teesta_Lalmonirhat
2020-11-29,0.0,25.02,14.03,0.44,77.85,0.68,2.59,Teesta_Lalmonirhat
2020-11-30,0.0,26.22,15.96,0.87,79.77,0.67,2.67,Teesta_Lalmonirhat
2020-12-01,0.0,26.07,16.3,1.05,82.61,0.67,2.58,Teesta_Lalmonirhat
2020-12-02,0.0,25.84,16.2,0.6,78.22,0.66,2.54,Teesta_Lalmonirhat
2020-12-03,0.0,25.51,16.44,0.79,76.84,0.66,2.4,Teesta_Lalmonirhat
2020-12-04,0.09,25.31,16.66,0.79,79.52,0.66,2.2,Teesta_Lalmonirhat
2020-12-05,0.14,24.67,15.21,0.94,81.46,0.65,1.86,Teesta_Lalmonirhat
2020-12-06,0.14,24.22,15.06,1.05,82.98,0.65,1.26,Teesta_Lalmonirhat
2020-12-07,0.02,23.92,15.15,0.72,81.95,0.65,1.16,Teesta_Lalmonirhat
2020-12-08,0.0,23.38,15.38,1.37,86.05,0.64,1.23,Teesta_Lalmonirhat
2020-12-09,0.0,24.52,15.31,0.78,81.75,0.64,1.77,Teesta_Lalmonirhat
2020-12-10,0.0,23.77,14.6,0.94,85.49,0.64,1.37,Teesta_Lalmonirhat
2020-12-11,0.0,23.31,13.68,0.97,81.32,0.63,1.21,Teesta_Lalmonirhat
2020-12-12,0.0,23.18,13.72,1.03,83.45,0.63,1.18,Teesta_Lalmonirhat
2020-12-13,0.0,23.73,13.58,1.52,86.87,0.63,1.15,Teesta_Lalmonirhat
2020-12-14,0.0,24.11,13.9,1.36,86.14,0.62,1.18,Teesta_Lalmonirhat
2020-12-15,0.0,22.64,12.48,0.74,81.8,0.62,1.13,Teesta_Lalmonirhat
2020-12-16,0.0,23.32,11.67,0.98,81.88,0.62,1.18,Teesta_Lalmonirhat
2020-12-17,0.0,22.62,12.73,1.71,85.35,0.61,1.07,Teesta_Lalmonirhat
2020-12-18,0.0,21.35,9.48,1.43,76.96,0.61,1.07,Teesta_Lalmonirhat
2020-12-19,0.0,18.96,6.89,0.7,69.14,0.61,0.8,Teesta_Lalmonirhat
2020-12-20,0.0,21.34,9.85,1.22,77.68,0.6,0.87,Teesta_Lalmonirhat
2020-12-21,0.0,22.66,10.62,1.37,81.27,0.6,1.12,Teesta_Lalmonirhat
2020-12-22,0.0,23.13,11.22,0.6,73.3,0.6,1.25,Teesta_Lalmonirhat
2020-12-23,0.0,23.28,10.82,0.64,73.58,0.59,1.18,Teesta_Lalmonirhat
2020-12-24,0.0,23.44,11.2,0.66,79.7,0.59,1.08,Teesta_Lalmonirhat
2020-12-25,0.0,22.48,9.62,1.04,79.07,0.59,0.93,Teesta_Lalmonirhat
2020-12-26,0.0,21.7,8.87,0.84,78.06,0.58,0.74,Teesta_Lalmonirhat
2020-12-27,0.0,22.09,9.78,0.78,71.85,0.58,0.77,Teesta_Lalmonirhat
2020-12-28,0.0,22.08,9.32,0.9,71.22,0.58,0.74,Teesta_Lalmonirhat
2020-12-29,0.0,21.5,9.64,0.67,71.81,0.58,0.64,Teesta_Lalmonirhat
2020-12-30,0.0,22.68,9.69,0.63,75.78,0.57,0.88,Teesta_Lalmonirhat
2020-12-31,0.0,23.2,9.21,0.7,75.31,0.57,0.85,Teesta_Lalmonirhat
2021-01-01,0.0,23.44,9.89,0.61,77.07,0.57,0.92,Teesta_Lalmonirhat
2021-01-02,0.0,23.29,10.37,0.63,71.94,0.57,0.89,Teesta_Lalmonirhat
2021-01-03,0.0,24.31,11.97,0.65,74.83,0.56,0.94,Teesta_Lalmonirhat
2021-01-04,0.0,24.83,12.6,0.75,78.89,0.56,0.92,Teesta_Lalmonirhat
2021-01-05,0.0,25.18,13.2,0.47,77.99,0.56,0.93,Teesta_Lalmonirhat
2021-01-06,0.0,26.03,13.99,0.94,79.49,0.55,0.82,Teesta_Lalmonirhat
2021-01-07,0.0,26.22,14.4,1.32,76.13,0.55,0.73,Teesta_Lalmonirhat
2021-01-08,0.0,25.41,14.35,0.99,76.48,0.55,0.64,Teesta_Lalmonirhat
2021-01-09,0.0,25.13,14.06,0.79,73.1,0.55,0.68,Teesta_Lalmonirhat
2021-01-10,0.0,23.98,13.56,1.41,79.9,0.54,0.46,Teesta_Lalmonirhat
2021-01-11,0.01,25.33,15.59,1.31,81.0,0.54,0.62,Teesta_Lalmonirhat
2021-01-12,0.01,23.84,13.03,1.27,75.61,0.54,0.65,Teesta_Lalmonirhat
2021-01-13,0.0,21.66,10.1,1.13,67.64,0.54,0.53,Teesta_Lalmonirhat
2021-01-14,0.0,21.49,10.12,0.91,59.8,0.53,0.51,Teesta_Lalmonirhat
2021-01-15,0.0,21.57,9.98,0.79,70.31,0.53,0.42,Teesta_Lalmonirhat
2021-01-16,0.0,22.06,9.42,1.06,64.3,0.53,0.42,Teesta_Lalmonirhat
2021-01-17,0.0,22.39,10.65,0.99,71.97,0.53,0.43,Teesta_Lalmonirhat
2021-01-18,0.0,23.91,12.14,1.3,77.88,0.52,0.48,Teesta_Lalmonirhat
2021-01-19,0.07,22.71,12.77,1.81,78.48,0.52,0.38,Teesta_Lalmonirhat
2021-01-20,0.73,21.38,12.63,1.17,74.39,0.52,0.26,Teesta_Lalmonirhat
2021-01-21,0.34,22.63,10.94,1.37,65.58,0.52,0.39,Teesta_Lalmonirhat
2021-01-22,0.0,22.24,10.18,1.51,74.02,0.52,0.42,Teesta_Lalmonirhat
2021-01-23,0.0,22.88,11.27,0.99,71.25,0.51,0.48,Teesta_Lalmonirhat
2021-01-24,0.0,23.28,10.46,1.43,67.88,0.51,0.45,Teesta_Lalmonirhat
2021-01-25,0.0,22.67,10.3,1.07,67.09,0.51,0.42,Teesta_Lalmonirhat
2021-01-26,0.0,23.68,9.89,1.38,64.53,0.51,0.44,Teesta_Lalmonirhat
2021-01-27,0.0,23.37,8.39,0.99,61.63,0.51,0.45,Teesta_Lalmonirhat
2021-01-28,0.0,24.28,9.44,0.78,52.13,0.5,0.48,Teesta_Lalmonirhat
2021-01-29,0.0,25.43,10.11,1.32,54.1,0.5,0.48,Teesta_Lalmonirhat
2021-01-30,0.0,23.43,8.3,2.05,54.1,0.5,0.39,Teesta_Lalmonirhat
2021-01-31,0.0,22.38,7.91,1.17,54.51,0.49,0.36,Teesta_Lalmonirhat
2021-02-01,0.0,23.45,8.66,1.13,52.63,0.49,0.37,Teesta_Lalmonirhat
2021-02-02,0.0,24.31,8.58,1.14,50.87,0.49,0.36,Teesta_Lalmonirhat
2021-02-03,0.0,25.81,10.59,0.98,49.96,0.49,0.42,Teesta_Lalmonirhat
2021-02-04,0.0,27.02,10.58,0.68,55.17,0.48,0.5,Teesta_Lalmonirhat
2021-02-05,0.0,26.88,11.19,1.2,62.42,0.48,0.47,Teesta_Lalmonirhat
2021-02-06,0.0,26.97,12.75,2.06,67.04,0.48,0.48,Teesta_Lalmonirhat
2021-02-07,0.0,25.23,10.75,1.16,68.47,0.48,0.38,Teesta_Lalmonirhat
2021-02-08,0.0,26.71,10.57,1.62,61.12,0.47,0.43,Teesta_Lalmonirhat
2021-02-09,0.0,26.6,9.54,1.07,53.26,0.47,0.4,Teesta_Lalmonirhat
2021-02-10,0.0,26.24,11.89,0.7,48.78,0.47,0.32,Teesta_Lalmonirhat
2021-02-11,0.0,27.03,14.11,0.94,47.7,0.47,0.33,Teesta_Lalmonirhat
2021-02-12,0.0,27.29,14.4,1.06,49.49,0.46,0.31,Teesta_Lalmonirhat
2021-02-13,0.0,27.15,14.19,0.77,53.03,0.46,0.3,Teesta_Lalmonirhat
2021-02-14,0.0,27.42,13.96,0.93,54.19,0.46,0.32,Teesta_Lalmonirhat
2021-02-15,0.0,27.93,14.37,1.18,49.03,0.46,0.35,Teesta_Lalmonirhat
2021-02-16,0.01,28.02,13.46,1.24,45.77,0.46,0.32,Teesta_Lalmonirhat
2021-02-17,0.0,27.48,13.88,1.2,50.3,0.45,0.32,Teesta_Lalmonirhat
2021-02-18,0.0,29.03,15.66,1.81,64.33,0.45,0.43,Teesta_Lalmonirhat
2021-02-19,0.0,29.2,16.25,0.99,58.18,0.45,0.38,Teesta_Lalmonirhat
2021-02-20,0.0,29.92,16.34,0.71,49.88,0.45,0.4,Teesta_Lalmonirhat
2021-02-21,0.0,30.56,14.27,1.38,45.85,0.44,0.39,Teesta_Lalmonirhat
2021-02-22,0.0,30.13,13.85,0.97,43.37,0.44,0.33,Teesta_Lalmonirhat
2021-02-23,0.0,30.34,14.83,1.0,45.65,0.44,0.32,Teesta_Lalmonirhat
2021-02-24,0.0,30.18,16.47,1.44,45.87,0.43,0.29,Teesta_Lalmonirhat
2021-02-25,0.0,30.58,16.12,1.58,44.45,0.43,0.26,Teesta_Lalmonirhat
2021-02-26,0.23,31.61,15.62,1.63,46.32,0.43,0.3,Teesta_Lalmonirhat
2021-02-27,0.5,30.8,15.24,1.71,50.19,0.43,0.27,Teesta_Lalmonirhat
2021-02-28,0.54,32.38,16.54,1.52,49.25,0.43,0.3,Teesta_Lalmonirhat
2021-03-01,0.45,33.44,17.88,2.05,46.39,0.42,0.34,Teesta_Lalmonirhat
2021-03-02,0.0,32.0,15.6,2.29,39.19,0.42,0.3,Teesta_Lalmonirhat
2021-03-03,0.02,31.19,17.64,0.71,28.17,0.42,0.28,Teesta_Lalmonirhat
2021-03-04,0.0,30.84,16.23,1.43,33.33,0.41,0.22,Teesta_Lalmonirhat
2021-03-05,0.1,32.56,15.12,2.14,37.28,0.41,0.22,Teesta_Lalmonirhat
2021-03-06,0.19,31.64,17.03,1.28,37.96,0.41,0.19,Teesta_Lalmonirhat
2021-03-07,0.0,31.79,16.05,1.72,47.72,0.41,0.22,Teesta_Lalmonirhat
2021-03-08,0.04,31.18,17.22,1.86,51.77,0.41,0.2,Teesta_Lalmonirhat
2021-03-09,0.02,32.31,17.65,1.77,52.1,0.4,0.18,Teesta_Lalmonirhat
2021-03-10,0.93,33.32,17.15,1.66,48.7,0.4,0.18,Teesta_Lalmonirhat
2021-03-11,6.16,32.11,18.03,1.34,52.85,0.41,0.19,Teesta_Lalmonirhat
2021-03-12,0.05,33.83,17.74,1.45,50.75,0.41,0.22,Teesta_Lalmonirhat
2021-03-13,0.08,34.26,18.8,1.89,40.92,0.41,0.2,Teesta_Lalmonirhat
2021-03-14,5.35,32.58,18.6,2.11,51.66,0.41,0.2,Teesta_Lalmonirhat
2021-03-15,0.08,33.04,18.75,1.7,46.78,0.41,0.21,Teesta_Lalmonirhat
2021-03-16,0.0,34.11,18.77,1.48,38.3,0.41,0.22,Teesta_Lalmonirhat
2021-03-17,0.01,34.45,19.66,1.51,36.94,0.4,0.19,Teesta_Lalmonirhat
2021-03-18,0.0,34.45,18.5,1.3,36.26,0.4,0.17,Teesta_Lalmonirhat
2021-03-19,0.06,35.14,20.16,1.31,36.85,0.4,0.15,Teesta_Lalmonirhat
2021-03-20,0.0,35.24,19.28,2.25,39.46,0.39,0.14,Teesta_Lalmonirhat
2021-03-21,0.0,36.56,19.86,3.02,33.18,0.39,0.15,Teesta_Lalmonirhat
2021-03-22,0.0,37.1,20.59,1.81,29.51,0.39,0.13,Teesta_Lalmonirhat
2021-03-23,0.0,37.25,19.1,1.95,35.57,0.38,0.12,Teesta_Lalmonirhat
2021-03-24,0.06,38.39,22.63,3.08,30.69,0.38,0.11,Teesta_Lalmonirhat
2021-03-25,0.13,37.73,21.19,4.65,24.35,0.38,0.11,Teesta_Lalmonirhat
2021-03-26,0.0,36.68,18.55,3.07,23.17,0.38,0.09,Teesta_Lalmonirhat
2021-03-27,0.0,35.92,19.05,1.18,27.09,0.37,0.07,Teesta_Lalmonirhat
2021-03-28,0.0,37.07,19.76,1.26,28.6,0.37,0.07,Teesta_Lalmonirhat
2021-03-29,9.67,34.82,20.59,1.22,39.83,0.39,0.1,Teesta_Lalmonirhat
2021-03-30,9.84,32.95,19.99,1.92,56.16,0.4,0.15,Teesta_Lalmonirhat
2021-03-31,0.02,35.64,20.38,2.01,49.84,0.4,0.2,Teesta_Lalmonirhat
2021-04-01,2.47,35.54,19.72,1.79,44.95,0.4,0.2,Teesta_Lalmonirhat
2021-04-02,0.02,35.84,18.53,1.4,33.53,0.4,0.2,Teesta_Lalmonirhat
2021-04-03,0.01,36.35,19.03,1.47,29.62,0.39,0.17,Teesta_Lalmonirhat
2021-04-04,0.04,37.2,17.78,1.82,32.28,0.39,0.15,Teesta_Lalmonirhat
2021-04-05,0.6,35.69,18.12,2.1,44.98,0.39,0.12,Teesta_Lalmonirhat
2021-04-06,0.38,36.63,20.11,1.38,38.93,0.39,0.1,Teesta_Lalmonirhat
2021-04-07,0.2,36.59,20.67,1.89,44.9,0.38,0.09,Teesta_Lalmonirhat
2021-04-08,3.25,35.53,22.71,1.98,55.09,0.39,0.09,Teesta_Lalmonirhat
2021-04-09,10.14,33.89,23.49,1.84,63.56,0.4,0.13,Teesta_Lalmonirhat
2021-04-10,0.14,38.85,22.37,2.51,48.19,0.4,0.22,Teesta_Lalmonirhat
2021-04-11,1.4,38.89,20.59,2.14,39.05,0.4,0.2,Teesta_Lalmonirhat
2021-04-12,0.02,39.61,21.25,1.9,28.11,0.39,0.17,Teesta_Lalmonirhat
2021-04-13,0.08,39.19,22.85,1.64,25.83,0.39,0.13,Teesta_Lalmonirhat
2021-04-14,0.13,38.31,21.48,1.77,37.17,0.38,0.11,Teesta_Lalmonirhat
2021-04-15,0.02,36.42,22.16,2.22,46.56,0.38,0.09,Teesta_Lalmonirhat
2021-04-16,11.93,36.2,23.1,2.7,56.14,0.38,0.08,Teesta_Lalmonirhat
2021-04-17,16.57,32.57,22.43,2.14,69.24,0.42,0.35,Teesta_Lalmonirhat
2021-04-18,21.28,32.39,21.62,1.8,65.66,0.45,0.62,Teesta_Lalmonirhat
2021-04-19,2.87,36.57,19.69,2.08,42.05,0.46,1.11,Teesta_Lalmonirhat
2021-04-20,0.55,36.92,19.93,1.8,43.24,0.45,0.93,Teesta_Lalmonirhat
2021-04-21,0.85,34.77,21.85,2.49,61.68,0.45,0.66,Teesta_Lalmonirhat
2021-04-22,4.32,33.96,24.03,1.85,59.87,0.45,0.54,Teesta_Lalmonirhat
2021-04-23,0.0,37.34,20.75,2.07,45.14,0.45,0.89,Teesta_Lalmonirhat
2021-04-24,0.0,38.12,21.23,1.55,43.25,0.44,0.82,Teesta_Lalmonirhat
2021-04-25,0.0,38.49,22.34,1.58,44.12,0.44,0.71,Teesta_Lalmonirhat
2021-04-26,0.07,39.27,22.75,1.69,44.33,0.43,0.64,Teesta_Lalmonirhat
2021-04-27,0.13,38.62,23.66,1.3,39.13,0.43,0.53,Teesta_Lalmonirhat
2021-04-28,0.07,39.01,24.39,1.92,46.03,0.42,0.49,Teesta_Lalmonirhat
2021-04-29,7.45,36.95,24.09,1.41,56.01,0.43,0.59,Teesta_Lalmonirhat
2021-04-30,2.6,37.67,25.61,1.4,52.54,0.43,0.59,Teesta_Lalmonirhat
2021-05-01,7.69,32.53,24.78,1.81,64.69,0.44,0.37,Teesta_Lalmonirhat
2021-05-02,4.47,35.4,24.44,1.57,58.01,0.44,0.63,Teesta_Lalmonirhat
2021-05-03,20.0,34.25,24.51,1.78,63.77,0.45,0.64,Teesta_Lalmonirhat
2021-05-04,20.59,28.9,23.73,1.51,77.05,0.49,0.54,Teesta_Lalmonirhat
2021-05-05,12.54,29.27,23.27,0.95,72.72,0.52,0.97,Teesta_Lalmonirhat
2021-05-06,14.81,30.51,22.84,1.48,72.39,0.53,1.78,Teesta_Lalmonirhat
2021-05-07,16.08,31.85,22.72,2.04,74.5,0.55,2.27,Teesta_Lalmonirhat
2021-05-08,20.44,31.08,23.12,1.9,77.15,0.57,2.75,Teesta_Lalmonirhat
2021-05-09,12.42,31.18,23.05,1.46,75.89,0.58,2.92,Teesta_Lalmonirhat
2021-05-10,10.38,31.88,23.34,1.04,67.99,0.59,3.76,Teesta_Lalmonirhat
2021-05-11,4.11,32.08,23.12,1.5,69.92,0.59,4.06,Teesta_Lalmonirhat
2021-05-12,12.75,29.1,23.81,1.31,79.46,0.59,1.78,Teesta_Lalmonirhat
2021-05-13,7.55,30.05,23.06,1.21,76.63,0.6,2.51,Teesta_Lalmonirhat
2021-05-14,11.91,31.19,24.13,1.46,72.52,0.61,4.0,Teesta_Lalmonirhat
2021-05-15,0.04,34.22,22.55,1.98,70.19,0.6,5.14,Teesta_Lalmonirhat
2021-05-16,4.15,34.23,23.35,1.56,72.06,0.59,4.34,Teesta_Lalmonirhat
2021-05-17,15.64,34.22,24.18,1.47,76.11,0.6,3.96,Teesta_Lalmonirhat
2021-05-18,5.02,34.38,25.13,2.05,70.09,0.6,4.87,Teesta_Lalmonirhat
2021-05-19,0.03,35.27,22.64,2.83,63.93,0.59,5.32,Teesta_Lalmonirhat
2021-05-20,5.29,31.51,23.61,2.59,76.1,0.59,2.85,Teesta_Lalmonirhat
2021-05-21,4.01,31.73,25.11,2.7,83.76,0.59,2.11,Teesta_Lalmonirhat
2021-05-22,9.76,34.98,25.98,2.79,73.89,0.59,4.35,Teesta_Lalmonirhat
2021-05-23,0.01,36.0,23.93,1.26,64.99,0.58,4.98,Teesta_Lalmonirhat
2021-05-24,0.02,36.26,26.08,1.16,64.16,0.57,4.35,Teesta_Lalmonirhat
2021-05-25,12.09,32.42,26.94,1.66,81.93,0.58,2.12,Teesta_Lalmonirhat
2021-05-26,11.47,33.47,26.08,3.27,81.26,0.59,3.6,Teesta_Lalmonirhat
2021-05-27,20.13,28.91,24.85,4.32,83.8,0.6,1.9,Teesta_Lalmonirhat
2021-05-28,18.54,32.82,24.4,2.63,79.65,0.62,2.94,Teesta_Lalmonirhat
2021-05-29,4.71,33.91,25.98,1.75,78.42,0.63,5.38,Teesta_Lalmonirhat
2021-05-30,7.29,33.53,25.99,2.03,81.19,0.62,4.22,Teesta_Lalmonirhat
2021-05-31,36.24,29.52,26.74,3.08,92.69,0.65,0.68,Teesta_Lalmonirhat
2021-06-01,4.65,32.48,26.0,2.15,83.19,0.67,5.06,Teesta_Lalmonirhat
2021-06-02,2.85,32.47,25.88,2.62,81.72,0.66,5.21,Teesta_Lalmonirhat
2021-06-03,1.37,32.56,25.22,2.08,81.3,0.65,4.08,Teesta_Lalmonirhat
2021-06-04,3.88,34.2,25.74,2.36,78.42,0.64,5.25,Teesta_Lalmonirhat
2021-06-05,12.3,33.96,26.49,3.12,81.24,0.64,4.24,Teesta_Lalmonirhat
2021-06-06,27.95,33.34,26.0,3.4,83.02,0.67,3.92,Teesta_Lalmonirhat
2021-06-07,11.96,34.34,25.85,3.12,81.94,0.67,5.46,Teesta_Lalmonirhat
2021-06-08,15.31,33.42,26.75,2.05,84.21,0.68,4.49,Teesta_Lalmonirhat
2021-06-09,19.76,32.04,26.77,2.63,86.65,0.7,3.92,Teesta_Lalmonirhat
2021-06-10,3.74,31.39,25.9,1.15,84.33,0.7,1.87,Teesta_Lalmonirhat
2021-06-11,14.96,31.13,26.21,1.94,85.02,0.71,2.97,Teesta_Lalmonirhat
2021-06-12,15.98,30.28,25.15,2.91,89.65,0.72,1.95,Teesta_Lalmonirhat
2021-06-13,10.68,30.22,25.72,1.51,88.62,0.73,1.5,Teesta_Lalmonirhat
2021-06-14,6.48,31.2,26.36,2.21,90.17,0.73,1.99,Teesta_Lalmonirhat
2021-06-15,8.11,33.02,26.4,2.1,85.21,0.73,4.92,Teesta_Lalmonirhat
2021-06-16,18.11,31.7,26.37,2.34,87.29,0.74,2.88,Teesta_Lalmonirhat
2021-06-17,12.66,31.35,25.89,2.91,87.13,0.75,3.39,Teesta_Lalmonirhat
2021-06-18,5.54,31.61,24.86,2.53,85.03,0.75,5.29,Teesta_Lalmonirhat
2021-06-19,18.46,28.64,25.53,1.85,91.46,0.75,1.11,Teesta_Lalmonirhat
2021-06-20,10.62,30.09,25.19,1.91,87.98,0.77,2.58,Teesta_Lalmonirhat
2021-06-21,3.85,32.27,25.25,1.48,84.26,0.76,4.94,Teesta_Lalmonirhat
2021-06-22,2.95,31.17,26.13,1.01,85.2,0.75,3.02,Teesta_Lalmonirhat
2021-06-23,2.28,32.62,25.81,2.45,84.64,0.75,5.74,Teesta_Lalmonirhat
2021-06-24,1.68,32.47,25.81,2.27,84.38,0.73,5.9,Teesta_Lalmonirhat
2021-06-25,6.92,31.99,26.38,2.2,85.04,0.73,4.7,Teesta_Lalmonirhat
2021-06-26,28.45,31.82,26.05,2.49,87.47,0.74,3.53,Teesta_Lalmonirhat
2021-06-27,33.01,32.09,26.92,2.64,87.02,0.77,3.44,Teesta_Lalmonirhat
2021-06-28,22.37,31.93,26.36,3.59,88.13,0.79,3.04,Teesta_Lalmonirhat
2021-06-29,65.1,30.06,26.74,4.24,93.17,0.83,0.94,Teesta_Lalmonirhat
2021-06-30,25.92,30.35,27.19,2.78,93.88,0.88,0.89,Teesta_Lalmonirhat
2021-07-01,25.19,31.54,26.9,1.6,85.88,0.89,1.88,Teesta_Lalmonirhat
2021-07-02,27.68,29.83,26.41,2.2,91.12,0.9,1.22,Teesta_Lalmonirhat
2021-07-03,44.27,30.51,26.3,2.51,91.16,0.92,1.42,Teesta_Lalmonirhat
2021-07-04,31.73,30.49,26.76,2.07,89.53,0.94,1.28,Teesta_Lalmonirhat
2021-07-05,14.55,31.45,26.04,1.86,86.06,0.94,2.37,Teesta_Lalmonirhat
2021-07-06,5.76,31.29,26.04,2.5,88.45,0.93,1.69,Teesta_Lalmonirhat
2021-07-07,6.4,32.42,27.23,2.27,90.45,0.92,1.56,Teesta_Lalmonirhat
2021-07-08,4.44,31.93,26.99,1.96,87.54,0.92,2.38,Teesta_Lalmonirhat
2021-07-09,0.41,32.34,26.88,1.87,86.26,0.91,2.77,Teesta_Lalmonirhat
2021-07-10,1.18,31.82,26.92,1.63,87.35,0.9,2.29,Teesta_Lalmonirhat
2021-07-11,6.82,31.28,26.69,0.85,83.05,0.9,2.15,Teesta_Lalmonirhat
2021-07-12,1.6,34.0,25.98,1.09,77.76,0.89,4.79,Teesta_Lalmonirhat
2021-07-13,22.56,32.36,26.56,2.13,87.17,0.89,3.11,Teesta_Lalmonirhat
2021-07-14,14.76,31.39,26.39,2.13,87.64,0.9,2.49,Teesta_Lalmonirhat
2021-07-15,16.93,31.37,26.6,2.19,86.83,0.9,2.03,Teesta_Lalmonirhat
2021-07-16,33.39,30.7,26.06,2.67,89.01,0.91,1.76,Teesta_Lalmonirhat
2021-07-17,24.33,30.8,25.86,2.31,91.19,0.92,1.37,Teesta_Lalmonirhat
2021-07-18,15.28,30.86,27.0,2.79,91.09,0.92,1.21,Teesta_Lalmonirhat
2021-07-19,8.01,30.0,26.7,2.13,93.4,0.92,0.76,Teesta_Lalmonirhat
2021-07-20,10.58,31.44,26.94,2.05,88.52,0.92,1.59,Teesta_Lalmonirhat
2021-07-21,6.57,32.81,26.63,0.9,82.14,0.92,2.85,Teesta_Lalmonirhat
2021-07-22,5.62,32.57,27.04,0.98,85.16,0.92,2.46,Teesta_Lalmonirhat
2021-07-23,5.0,32.59,27.08,2.94,87.54,0.91,3.01,Teesta_Lalmonirhat
2021-07-24,1.59,32.86,26.56,3.14,87.01,0.9,3.27,Teesta_Lalmonirhat
2021-07-25,7.51,32.78,26.43,2.1,85.93,0.89,3.67,Teesta_Lalmonirhat
2021-07-26,5.88,34.17,27.01,1.24,81.4,0.88,4.65,Teesta_Lalmonirhat
2021-07-27,4.04,32.42,28.51,0.87,82.19,0.88,1.22,Teesta_Lalmonirhat
2021-07-28,5.23,32.83,27.81,2.0,84.63,0.88,2.55,Teesta_Lalmonirhat
2021-07-29,25.64,32.31,27.2,3.52,86.38,0.88,2.87,Teesta_Lalmonirhat
2021-07-30,21.63,30.88,26.71,4.2,90.06,0.89,1.83,Teesta_Lalmonirhat
2021-07-31,18.99,31.9,26.2,2.23,88.29,0.9,2.48,Teesta_Lalmonirhat
2021-08-01,40.25,32.06,26.69,2.1,88.88,0.91,2.51,Teesta_Lalmonirhat
2021-08-02,33.81,31.31,26.58,1.34,88.09,0.94,1.43,Teesta_Lalmonirhat
2021-08-03,13.86,31.43,26.55,0.93,85.16,0.93,1.8,Teesta_Lalmonirhat
2021-08-04,9.68,30.43,26.56,0.98,88.78,0.94,1.03,Teesta_Lalmonirhat
2021-08-05,0.58,33.46,26.25,0.91,82.9,0.93,3.41,Teesta_Lalmonirhat
2021-08-06,2.47,33.94,27.41,0.87,84.42,0.92,2.82,Teesta_Lalmonirhat
2021-08-07,9.51,31.06,25.87,1.24,85.94,0.92,2.05,Teesta_Lalmonirhat
2021-08-08,12.32,31.99,25.97,1.83,87.8,0.92,2.32,Teesta_Lalmonirhat
2021-08-09,13.59,32.09,26.51,2.09,88.87,0.92,2.53,Teesta_Lalmonirhat
2021-08-10,30.88,32.0,26.8,2.55,90.12,0.93,2.12,Teesta_Lalmonirhat
2021-08-11,30.52,30.36,27.23,1.98,92.21,0.94,0.81,Teesta_Lalmonirhat
2021-08-12,16.51,31.34,27.4,2.22,92.37,0.95,1.06,Teesta_Lalmonirhat
2021-08-13,21.06,30.8,26.97,2.89,91.34,0.95,1.51,Teesta_Lalmonirhat
2021-08-14,20.01,31.95,26.75,3.62,90.83,0.95,1.79,Teesta_Lalmonirhat
2021-08-15,13.6,31.66,27.11,2.46,90.44,0.95,1.49,Teesta_Lalmonirhat
2021-08-16,8.75,31.82,26.51,2.84,89.6,0.95,2.33,Teesta_Lalmonirhat
2021-08-17,12.33,31.34,26.65,2.15,89.64,0.94,1.94,Teesta_Lalmonirhat
2021-08-18,12.56,28.74,26.36,2.2,91.91,0.94,0.92,Teesta_Lalmonirhat
2021-08-19,36.17,29.69,25.52,2.08,89.71,0.95,1.55,Teesta_Lalmonirhat
2021-08-20,17.49,30.94,25.23,2.17,89.44,0.95,2.3,Teesta_Lalmonirhat
2021-08-21,11.14,30.56,25.54,2.44,88.51,0.95,2.48,Teesta_Lalmonirhat
2021-08-22,19.34,30.98,25.3,3.72,90.45,0.95,2.07,Teesta_Lalmonirhat
2021-08-23,35.98,30.5,24.62,3.25,91.87,0.96,1.19,Teesta_Lalmonirhat
2021-08-24,10.89,31.05,26.38,3.6,92.15,0.96,1.51,Teesta_Lalmonirhat
2021-08-25,13.52,30.95,26.86,3.42,91.8,0.95,1.52,Teesta_Lalmonirhat
2021-08-26,42.72,28.62,26.13,2.48,93.87,0.96,0.34,Teesta_Lalmonirhat
2021-08-27,41.18,29.89,25.22,1.89,92.87,0.98,0.86,Teesta_Lalmonirhat
2021-08-28,27.84,30.08,25.59,1.11,90.13,0.98,1.11,Teesta_Lalmonirhat
2021-08-29,4.08,28.77,25.78,1.2,91.73,0.97,0.7,Teesta_Lalmonirhat
2021-08-30,6.16,29.15,25.66,1.69,89.24,0.97,1.58,Teesta_Lalmonirhat
2021-08-31,15.3,29.27,25.16,1.61,91.23,0.97,1.23,Teesta_Lalmonirhat
2021-09-01,22.29,30.61,25.23,2.59,91.45,0.97,1.8,Teesta_Lalmonirhat
2021-09-02,50.77,29.52,25.68,2.37,92.09,0.98,0.86,Teesta_Lalmonirhat
2021-09-03,1.3,31.38,24.54,1.59,86.79,0.97,3.23,Teesta_Lalmonirhat
2021-09-04,1.91,32.14,25.08,1.81,88.05,0.96,2.98,Teesta_Lalmonirhat
2021-09-05,0.56,32.66,25.67,0.96,80.94,0.95,4.23,Teesta_Lalmonirhat
2021-09-06,15.7,31.21,26.93,1.61,89.12,0.95,1.52,Teesta_Lalmonirhat
2021-09-07,36.35,28.4,25.58,1.57,91.34,0.96,0.89,Teesta_Lalmonirhat
2021-09-08,7.56,30.55,24.82,1.53,88.71,0.96,2.27,Teesta_Lalmonirhat
2021-09-09,3.17,30.53,25.32,0.96,87.0,0.95,1.48,Teesta_Lalmonirhat
2021-09-10,4.05,31.83,26.01,1.57,88.26,0.95,1.96,Teesta_Lalmonirhat
2021-09-11,6.94,29.94,26.59,0.9,88.57,0.95,0.86,Teesta_Lalmonirhat
2021-09-12,0.38,31.96,26.48,1.24,86.18,0.94,1.77,Teesta_Lalmonirhat
2021-09-13,11.21,32.08,26.38,2.12,89.39,0.94,2.06,Teesta_Lalmonirhat
2021-09-14,6.45,28.35,25.75,1.84,92.49,0.94,0.83,Teesta_Lalmonirhat
2021-09-15,2.26,31.9,25.59,1.21,85.7,0.94,2.88,Teesta_Lalmonirhat
2021-09-16,12.4,29.39,25.82,0.87,91.61,0.93,0.96,Teesta_Lalmonirhat
2021-09-17,12.12,29.96,25.34,0.68,87.04,0.94,1.1,Teesta_Lalmonirhat
2021-09-18,29.59,30.84,25.08,1.23,89.55,0.95,2.39,Teesta_Lalmonirhat
2021-09-19,6.44,31.39,25.41,1.44,88.77,0.95,3.54,Teesta_Lalmonirhat
2021-09-20,0.06,30.48,25.38,1.53,90.03,0.94,2.48,Teesta_Lalmonirhat
2021-09-21,5.78,30.25,25.32,1.47,88.78,0.93,2.33,Teesta_Lalmonirhat
2021-09-22,1.81,30.75,24.38,1.53,88.36,0.93,3.64,Teesta_Lalmonirhat
2021-09-23,1.34,31.34,24.67,1.19,84.18,0.92,4.13,Teesta_Lalmonirhat
2021-09-24,0.17,32.66,24.67,0.68,77.16,0.91,5.81,Teesta_Lalmonirhat
2021-09-25,0.16,33.25,25.66,0.92,77.14,0.9,5.56,Teesta_Lalmonirhat
2021-09-26,0.2,32.1,26.22,1.42,85.13,0.9,2.94,Teesta_Lalmonirhat
2021-09-27,5.81,33.75,27.04,1.4,82.87,0.89,3.18,Teesta_Lalmonirhat
2021-09-28,3.19,30.58,25.92,1.55,87.82,0.89,2.4,Teesta_Lalmonirhat
2021-09-29,3.79,28.68,25.26,1.1,89.85,0.89,1.69,Teesta_Lalmonirhat
2021-09-30,1.85,29.89,24.81,1.21,88.59,0.89,2.37,Teesta_Lalmonirhat
2021-10-01,1.2,30.01,24.54,1.32,88.49,0.88,3.03,Teesta_Lalmonirhat
2021-10-02,25.35,28.84,24.67,1.29,91.53,0.89,1.2,Teesta_Lalmonirhat
2021-10-03,61.65,29.87,24.94,1.44,90.8,0.93,1.21,Teesta_Lalmonirhat
2021-10-04,104.07,27.71,24.93,3.3,95.2,0.97,0.37,Teesta_Lalmonirhat
2021-10-05,25.1,27.8,24.81,2.49,93.69,0.98,0.65,Teesta_Lalmonirhat
2021-10-06,4.95,29.91,24.16,1.32,89.78,0.97,2.69,Teesta_Lalmonirhat
2021-10-07,1.15,30.25,25.04,1.24,90.42,0.96,2.0,Teesta_Lalmonirhat
2021-10-08,2.52,30.99,25.29,1.75,90.02,0.95,2.71,Teesta_Lalmonirhat
2021-10-09,5.69,30.74,24.1,1.13,87.18,0.95,3.8,Teesta_Lalmonirhat
2021-10-10,0.38,31.09,23.91,0.85,84.35,0.94,4.31,Teesta_Lalmonirhat
2021-10-11,0.0,31.58,23.36,0.7,80.19,0.93,5.38,Teesta_Lalmonirhat
2021-10-12,0.0,32.44,23.67,0.56,81.54,0.93,5.66,Teesta_Lalmonirhat
2021-10-13,0.0,32.18,25.46,0.65,81.83,0.92,4.18,Teesta_Lalmonirhat
2021-10-14,0.02,32.28,26.78,0.71,84.25,0.91,3.09,Teesta_Lalmonirhat
2021-10-15,0.08,33.26,26.32,0.92,79.19,0.91,2.23,Teesta_Lalmonirhat
2021-10-16,2.02,31.65,25.7,2.13,86.83,0.9,3.63,Teesta_Lalmonirhat
2021-10-17,4.25,30.04,25.46,1.76,90.35,0.9,1.88,Teesta_Lalmonirhat
2021-10-18,16.03,27.43,25.49,2.4,94.19,0.9,0.72,Teesta_Lalmonirhat
2021-10-19,52.5,27.66,24.82,2.47,94.22,0.93,0.77,Teesta_Lalmonirhat
2021-10-20,61.4,27.65,24.45,2.59,95.72,0.97,0.33,Teesta_Lalmonirhat
2021-10-21,7.18,27.53,21.47,3.04,92.34,0.97,1.55,Teesta_Lalmonirhat
2021-10-22,4.12,27.29,18.69,1.45,84.3,0.96,2.73,Teesta_Lalmonirhat
2021-10-23,0.7,26.42,20.84,1.17,84.75,0.95,2.26,Teesta_Lalmonirhat
2021-10-24,0.0,28.39,20.05,0.58,76.01,0.94,4.23,Teesta_Lalmonirhat
2021-10-25,0.01,28.39,21.09,0.85,80.76,0.94,3.96,Teesta_Lalmonirhat
2021-10-26,0.05,28.45,21.3,1.16,85.97,0.93,3.44,Teesta_Lalmonirhat
2021-10-27,0.0,28.58,20.73,1.24,87.44,0.92,3.39,Teesta_Lalmonirhat
2021-10-28,0.0,28.7,19.93,0.76,84.45,0.92,3.98,Teesta_Lalmonirhat
2021-10-29,0.0,28.58,19.99,0.74,82.08,0.91,4.12,Teesta_Lalmonirhat
2021-10-30,0.11,27.96,19.27,1.36,88.44,0.91,3.62,Teesta_Lalmonirhat
2021-10-31,0.24,26.6,17.89,1.6,88.08,0.9,2.85,Teesta_Lalmonirhat
2021-11-01,0.0,26.04,17.22,1.04,83.11,0.89,3.07,Teesta_Lalmonirhat
2021-11-02,0.0,26.9,19.28,0.63,76.66,0.89,3.9,Teesta_Lalmonirhat
2021-11-03,0.0,26.55,18.44,1.06,83.86,0.88,3.47,Teesta_Lalmonirhat
2021-11-04,0.0,26.62,16.9,1.36,87.24,0.88,3.03,Teesta_Lalmonirhat
2021-11-05,0.0,25.97,16.29,0.94,86.25,0.87,3.43,Teesta_Lalmonirhat
2021-11-06,0.0,26.09,16.45,1.14,87.57,0.86,3.18,Teesta_Lalmonirhat
2021-11-07,0.0,26.01,16.78,0.66,83.65,0.86,3.36,Teesta_Lalmonirhat
2021-11-08,0.0,26.04,17.25,1.07,83.03,0.85,3.39,Teesta_Lalmonirhat
2021-11-09,0.0,25.87,16.02,1.4,84.17,0.85,3.23,Teesta_Lalmonirhat
2021-11-10,0.0,25.79,16.33,1.34,84.28,0.84,3.24,Teesta_Lalmonirhat
2021-11-11,0.0,26.07,16.34,0.77,81.11,0.83,3.62,Teesta_Lalmonirhat
2021-11-12,0.0,25.83,17.84,1.09,86.65,0.83,2.87,Teesta_Lalmonirhat
2021-11-13,0.0,25.19,16.21,1.51,89.58,0.82,2.92,Teesta_Lalmonirhat
2021-11-14,0.01,23.26,17.04,0.75,88.29,0.82,1.86,Teesta_Lalmonirhat
2021-11-15,0.0,24.72,15.78,0.88,85.56,0.81,3.05,Teesta_Lalmonirhat
2021-11-16,0.0,24.59,15.21,0.89,85.53,0.8,2.75,Teesta_Lalmonirhat
2021-11-17,0.0,25.27,15.51,0.88,83.55,0.8,3.06,Teesta_Lalmonirhat
2021-11-18,0.0,25.94,16.48,0.85,79.99,0.79,2.84,Teesta_Lalmonirhat
2021-11-19,0.0,25.49,16.59,0.95,84.79,0.79,3.08,Teesta_Lalmonirhat
2021-11-20,0.0,24.88,16.35,1.37,88.4,0.78,2.38,Teesta_Lalmonirhat
2021-11-21,0.0,24.24,16.44,1.45,88.79,0.78,1.98,Teesta_Lalmonirhat
2021-11-22,0.03,24.74,16.87,2.03,91.7,0.77,1.91,Teesta_Lalmonirhat
2021-11-23,0.09,23.71,14.9,0.88,82.41,0.77,2.28,Teesta_Lalmonirhat
2021-11-24,0.18,22.58,13.67,1.7,88.44,0.76,1.69,Teesta_Lalmonirhat
2021-11-25,0.0,24.17,13.32,1.21,80.05,0.76,2.19,Teesta_Lalmonirhat
2021-11-26,0.01,23.47,13.6,1.18,84.78,0.75,2.16,Teesta_Lalmonirhat
2021-11-27,0.0,24.67,13.72,1.45,84.65,0.75,2.43,Teesta_Lalmonirhat
2021-11-28,0.0,23.99,14.45,1.12,80.38,0.74,2.54,Teesta_Lalmonirhat
2021-11-29,0.0,24.15,13.57,1.19,82.97,0.74,2.57,Teesta_Lalmonirhat
2021-11-30,0.0,23.44,13.76,1.72,83.29,0.73,2.36,Teesta_Lalmonirhat
2021-12-01,0.0,24.96,14.85,1.63,82.78,0.73,2.64,Teesta_Lalmonirhat
2021-12-02,0.0,25.93,15.01,1.1,77.18,0.72,2.5,Teesta_Lalmonirhat
2021-12-03,0.0,25.6,15.37,0.97,82.38,0.72,2.68,Teesta_Lalmonirhat
2021-12-04,0.0,24.73,16.45,0.94,84.16,0.71,1.86,Teesta_Lalmonirhat
2021-12-05,0.0,25.29,16.99,1.21,86.45,0.71,2.37,Teesta_Lalmonirhat
2021-12-06,0.22,24.04,17.9,1.32,89.5,0.7,1.52,Teesta_Lalmonirhat
2021-12-07,0.02,25.23,16.29,0.76,86.08,0.7,2.44,Teesta_Lalmonirhat
2021-12-08,0.01,25.55,16.94,0.48,84.84,0.69,2.21,Teesta_Lalmonirhat
2021-12-09,0.0,25.75,16.46,0.96,85.09,0.69,2.2,Teesta_Lalmonirhat
2021-12-10,0.0,23.58,13.91,1.38,84.33,0.68,1.85,Teesta_Lalmonirhat
2021-12-11,0.0,22.63,11.81,1.17,79.49,0.68,1.57,Teesta_Lalmonirhat
2021-12-12,0.0,22.22,11.12,1.15,82.01,0.68,1.47,Teesta_Lalmonirhat
2021-12-13,0.0,22.86,12.45,0.87,79.12,0.67,1.71,Teesta_Lalmonirhat
2021-12-14,0.0,23.37,13.24,0.86,85.67,0.67,1.72,Teesta_Lalmonirhat
2021-12-15,0.0,22.06,10.65,1.29,83.87,0.66,1.5,Teesta_Lalmonirhat
2021-12-16,0.0,22.88,11.21,0.83,84.02,0.66,1.43,Teesta_Lalmonirhat
2021-12-17,0.0,23.2,10.46,0.8,74.88,0.66,1.57,Teesta_Lalmonirhat
2021-12-18,0.0,23.28,11.98,0.79,78.06,0.65,1.28,Teesta_Lalmonirhat
2021-12-19,0.0,22.03,9.93,1.36,83.87,0.65,1.3,Teesta_Lalmonirhat
2021-12-20,0.0,21.69,7.85,1.02,82.24,0.65,1.14,Teesta_Lalmonirhat
2021-12-21,0.0,22.77,10.8,0.81,81.27,0.64,1.29,Teesta_Lalmonirhat
2021-12-22,0.0,22.07,13.51,0.77,80.24,0.64,1.08,Teesta_Lalmonirhat
2021-12-23,0.0,23.27,13.37,0.92,80.76,0.64,1.35,Teesta_Lalmonirhat
2021-12-24,0.0,22.64,12.16,1.06,82.7,0.63,1.22,Teesta_Lalmonirhat
2021-12-25,0.0,22.6,11.81,1.61,78.41,0.63,1.18,Teesta_Lalmonirhat
2021-12-26,0.0,22.84,11.54,1.55,76.5,0.62,1.32,Teesta_Lalmonirhat
2021-12-27,0.0,22.05,11.32,1.17,75.06,0.62,1.12,Teesta_Lalmonirhat
2021-12-28,0.01,21.16,11.45,1.52,83.96,0.62,0.83,Teesta_Lalmonirhat
2021-12-29,0.94,20.26,12.49,2.11,84.34,0.62,0.47,Teesta_Lalmonirhat
2021-12-30,1.76,23.23,13.7,1.06,73.53,0.62,0.92,Teesta_Lalmonirhat
2021-12-31,1.06,23.24,11.15,0.79,79.19,0.61,1.23,Teesta_Lalmonirhat
2022-01-01,0.0,22.42,12.93,0.85,82.06,0.61,0.79,Teesta_Lalmonirhat
2022-01-02,0.0,22.82,11.11,0.48,77.94,0.61,1.16,Teesta_Lalmonirhat
2022-01-03,0.0,23.36,12.44,0.86,78.39,0.6,1.06,Teesta_Lalmonirhat
2022-01-04,0.0,22.86,10.74,0.94,76.81,0.6,0.97,Teesta_Lalmonirhat
2022-01-05,0.0,23.31,11.82,0.53,75.06,0.6,0.97,Teesta_Lalmonirhat
2022-01-06,0.0,24.31,13.55,0.85,75.94,0.6,1.04,Teesta_Lalmonirhat
2022-01-07,0.0,24.01,12.86,0.63,79.5,0.59,0.96,Teesta_Lalmonirhat
2022-01-08,0.0,24.76,13.38,0.93,82.5,0.59,1.03,Teesta_Lalmonirhat
2022-01-09,0.0,24.83,13.88,1.29,83.86,0.59,0.91,Teesta_Lalmonirhat
2022-01-10,0.0,25.35,14.71,1.5,83.37,0.58,0.95,Teesta_Lalmonirhat
2022-01-11,0.41,23.29,14.26,1.36,88.19,0.58,0.47,Teesta_Lalmonirhat
2022-01-12,4.66,23.21,15.69,1.4,85.02,0.58,0.61,Teesta_Lalmonirhat
2022-01-13,2.36,21.92,13.12,2.56,83.79,0.59,0.73,Teesta_Lalmonirhat
2022-01-14,5.15,20.73,10.73,0.67,79.07,0.59,0.45,Teesta_Lalmonirhat
2022-01-15,0.0,23.31,12.38,0.86,73.03,0.59,0.93,Teesta_Lalmonirhat
2022-01-16,0.0,22.99,9.46,0.99,76.71,0.58,0.84,Teesta_Lalmonirhat
2022-01-17,0.0,23.14,9.59,1.14,77.59,0.58,0.72,Teesta_Lalmonirhat
2022-01-18,0.0,23.74,12.36,1.53,71.63,0.58,0.82,Teesta_Lalmonirhat
2022-01-19,0.01,24.11,14.12,0.85,67.03,0.57,0.91,Teesta_Lalmonirhat
2022-01-20,0.45,21.52,12.01,0.83,78.46,0.57,0.46,Teesta_Lalmonirhat
2022-01-21,0.18,22.69,12.32,1.14,76.5,0.57,0.69,Teesta_Lalmonirhat
2022-01-22,0.01,22.61,10.82,1.55,77.2,0.57,0.72,Teesta_Lalmonirhat
2022-01-23,0.05,20.66,12.24,1.08,82.41,0.56,0.41,Teesta_Lalmonirhat
2022-01-24,0.04,22.96,13.64,1.39,75.51,0.56,0.76,Teesta_Lalmonirhat
2022-01-25,0.01,22.53,12.54,1.37,77.51,0.56,0.63,Teesta_Lalmonirhat
2022-01-26,0.08,22.4,12.23,2.06,79.03,0.56,0.63,Teesta_Lalmonirhat
2022-01-27,0.0,20.86,9.29,2.39,71.52,0.55,0.7,Teesta_Lalmonirhat
2022-01-28,0.0,20.17,8.42,1.92,75.73,0.55,0.52,Teesta_Lalmonirhat
2022-01-29,0.0,21.16,8.82,1.15,74.38,0.55,0.58,Teesta_Lalmonirhat
2022-01-30,0.0,21.17,7.75,1.99,70.0,0.54,0.55,Teesta_Lalmonirhat
2022-01-31,0.0,22.33,9.46,1.52,69.38,0.54,0.55,Teesta_Lalmonirhat
2022-02-01,0.09,21.49,9.4,1.79,75.26,0.54,0.48,Teesta_Lalmonirhat
2022-02-02,0.02,22.48,10.23,1.49,71.62,0.54,0.51,Teesta_Lalmonirhat
2022-02-03,0.02,23.04,11.32,2.33,78.33,0.53,0.55,Teesta_Lalmonirhat
2022-02-04,39.69,18.88,14.38,3.58,86.65,0.55,0.13,Teesta_Lalmonirhat
2022-02-05,5.98,19.75,11.89,2.84,80.91,0.61,0.65,Teesta_Lalmonirhat
2022-02-06,1.27,20.62,8.12,1.46,75.46,0.6,0.89,Teesta_Lalmonirhat
2022-02-07,0.59,21.23,9.11,1.21,72.93,0.6,0.92,Teesta_Lalmonirhat
2022-02-08,0.02,21.43,9.16,1.4,68.41,0.59,0.86,Teesta_Lalmonirhat
2022-02-09,0.01,22.93,11.09,1.34,66.74,0.59,0.9,Teesta_Lalmonirhat
2022-02-10,1.81,21.23,12.4,1.91,83.72,0.59,0.54,Teesta_Lalmonirhat
2022-02-11,0.18,23.18,11.58,2.58,76.49,0.58,1.06,Teesta_Lalmonirhat
2022-02-12,0.01,22.39,8.55,1.94,71.9,0.58,0.88,Teesta_Lalmonirhat
2022-02-13,0.0,23.38,10.85,0.86,71.2,0.57,0.95,Teesta_Lalmonirhat
2022-02-14,0.0,24.16,10.55,1.38,68.04,0.57,1.1,Teesta_Lalmonirhat
2022-02-15,0.0,26.01,12.47,1.17,62.8,0.57,1.19,Teesta_Lalmonirhat
2022-02-16,0.03,25.33,11.3,1.58,67.15,0.56,1.07,Teesta_Lalmonirhat
2022-02-17,0.05,25.67,11.71,2.0,67.03,0.56,1.0,Teesta_Lalmonirhat
2022-02-18,0.01,25.65,10.5,1.6,66.17,0.55,0.97,Teesta_Lalmonirhat
2022-02-19,0.0,26.17,10.32,2.38,64.08,0.55,1.01,Teesta_Lalmonirhat
2022-02-20,0.07,25.24,10.0,2.94,69.22,0.54,0.97,Teesta_Lalmonirhat
2022-02-21,0.99,24.99,11.85,1.92,69.78,0.54,0.84,Teesta_Lalmonirhat
2022-02-22,0.02,25.58,12.03,1.75,65.08,0.54,0.98,Teesta_Lalmonirhat
2022-02-23,0.0,25.99,12.57,1.84,65.63,0.53,0.92,Teesta_Lalmonirhat
2022-02-24,0.11,27.57,13.99,1.77,67.34,0.53,0.89,Teesta_Lalmonirhat
2022-02-25,16.19,22.4,16.13,1.79,84.5,0.54,0.24,Teesta_Lalmonirhat
2022-02-26,1.09,26.68,14.59,1.5,73.89,0.55,1.12,Teesta_Lalmonirhat
2022-02-27,0.0,27.24,14.86,1.83,65.44,0.55,1.14,Teesta_Lalmonirhat
2022-02-28,0.0,29.15,15.58,2.4,66.29,0.54,1.28,Teesta_Lalmonirhat
2022-03-01,0.0,28.87,13.55,1.17,55.58,0.54,1.28,Teesta_Lalmonirhat
2022-03-02,0.01,28.95,14.19,1.45,56.89,0.53,1.19,Teesta_Lalmonirhat
2022-03-03,0.02,29.22,14.5,1.3,56.01,0.53,1.16,Teesta_Lalmonirhat
2022-03-04,0.03,29.6,13.61,1.76,56.25,0.52,1.14,Teesta_Lalmonirhat
2022-03-05,0.0,30.59,14.11,2.29,56.82,0.52,1.16,Teesta_Lalmonirhat
2022-03-06,0.0,31.34,15.75,0.88,51.78,0.51,1.1,Teesta_Lalmonirhat
2022-03-07,0.0,31.93,16.73,1.46,54.08,0.51,1.13,Teesta_Lalmonirhat
2022-03-08,0.0,32.73,17.78,0.61,46.51,0.5,1.15,Teesta_Lalmonirhat
2022-03-09,0.0,33.2,16.88,1.24,51.29,0.5,1.11,Teesta_Lalmonirhat
2022-03-10,0.0,33.22,16.22,1.05,46.58,0.49,1.09,Teesta_Lalmonirhat
2022-03-11,0.0,33.31,17.81,0.95,43.66,0.49,1.01,Teesta_Lalmonirhat
2022-03-12,0.0,33.28,17.68,0.82,44.78,0.48,0.98,Teesta_Lalmonirhat
2022-03-13,0.0,33.82,19.19,0.97,44.18,0.48,0.91,Teesta_Lalmonirhat
2022-03-14,0.0,35.03,19.37,0.47,44.52,0.47,0.91,Teesta_Lalmonirhat
2022-03-15,0.0,35.31,19.67,0.71,46.04,0.47,0.88,Teesta_Lalmonirhat
2022-03-16,0.0,35.37,20.93,1.1,43.19,0.47,0.82,Teesta_Lalmonirhat
2022-03-17,0.0,35.65,19.67,1.49,49.86,0.46,0.78,Teesta_Lalmonirhat
2022-03-18,0.0,36.08,21.02,1.39,52.56,0.46,0.73,Teesta_Lalmonirhat
2022-03-19,0.0,36.73,21.44,2.01,53.03,0.45,0.72,Teesta_Lalmonirhat
2022-03-20,0.01,36.54,20.9,2.95,52.79,0.45,0.69,Teesta_Lalmonirhat
2022-03-21,1.73,35.24,21.44,2.2,55.34,0.45,0.55,Teesta_Lalmonirhat
2022-03-22,0.59,35.61,21.68,1.9,57.67,0.45,0.58,Teesta_Lalmonirhat
2022-03-23,0.19,35.85,21.97,1.77,55.26,0.44,0.54,Teesta_Lalmonirhat
2022-03-24,0.0,36.63,21.56,2.41,40.99,0.44,0.6,Teesta_Lalmonirhat
2022-03-25,0.11,36.32,19.25,3.28,45.24,0.43,0.48,Teesta_Lalmonirhat
2022-03-26,0.02,37.59,20.32,3.61,43.39,0.43,0.54,Teesta_Lalmonirhat
2022-03-27,0.01,36.17,17.84,1.77,39.17,0.43,0.41,Teesta_Lalmonirhat
2022-03-28,1.09,33.9,20.38,2.05,59.66,0.42,0.34,Teesta_Lalmonirhat
2022-03-29,0.95,33.37,21.15,2.75,64.08,0.42,0.32,Teesta_Lalmonirhat
2022-03-30,6.28,32.59,22.02,2.73,69.74,0.43,0.3,Teesta_Lalmonirhat
2022-03-31,12.35,32.68,21.92,2.03,70.81,0.44,0.33,Teesta_Lalmonirhat
2022-04-01,17.09,32.55,22.96,1.79,72.6,0.46,0.6,Teesta_Lalmonirhat
2022-04-02,11.68,32.45,22.86,2.25,76.86,0.48,0.83,Teesta_Lalmonirhat
2022-04-03,25.02,31.95,23.43,2.13,75.84,0.51,1.02,Teesta_Lalmonirhat
2022-04-04,23.33,34.38,23.49,2.57,70.0,0.54,1.75,Teesta_Lalmonirhat
2022-04-05,9.58,32.95,21.75,2.07,75.77,0.56,2.08,Teesta_Lalmonirhat
2022-04-06,3.57,33.3,21.99,1.78,73.85,0.55,2.29,Teesta_Lalmonirhat
2022-04-07,17.08,31.88,22.99,2.43,77.88,0.57,2.12,Teesta_Lalmonirhat
2022-04-08,1.96,32.85,21.58,1.94,72.94,0.57,2.87,Teesta_Lalmonirhat
2022-04-09,6.95,31.92,21.66,2.28,73.51,0.57,2.39,Teesta_Lalmonirhat
2022-04-10,13.94,31.13,21.47,3.08,76.38,0.57,2.27,Teesta_Lalmonirhat
2022-04-11,4.13,31.69,21.42,2.37,76.09,0.58,2.84,Teesta_Lalmonirhat
2022-04-12,0.89,32.64,21.47,1.74,72.12,0.57,2.96,Teesta_Lalmonirhat
2022-04-13,32.21,31.15,22.23,1.97,82.71,0.59,1.9,Teesta_Lalmonirhat
2022-04-14,2.06,31.92,22.71,1.53,77.24,0.61,2.12,Teesta_Lalmonirhat
2022-04-15,3.55,34.98,21.93,1.48,62.93,0.6,3.96,Teesta_Lalmonirhat
2022-04-16,0.6,34.61,21.03,1.41,58.23,0.59,4.0,Teesta_Lalmonirhat
2022-04-17,6.91,35.28,22.65,1.81,67.84,0.59,3.7,Teesta_Lalmonirhat
2022-04-18,12.47,32.53,22.53,1.96,75.71,0.6,3.19,Teesta_Lalmonirhat
2022-04-19,15.32,31.49,22.97,2.19,79.99,0.61,2.63,Teesta_Lalmonirhat
2022-04-20,20.56,30.69,23.24,1.87,82.45,0.63,2.87,Teesta_Lalmonirhat
2022-04-21,0.12,30.97,21.49,1.04,74.08,0.63,4.61,Teesta_Lalmonirhat
2022-04-22,10.13,31.56,22.63,1.32,77.71,0.63,2.87,Teesta_Lalmonirhat
2022-04-23,0.58,34.44,22.72,1.57,65.33,0.62,4.63,Teesta_Lalmonirhat
2022-04-24,1.47,36.0,21.33,1.52,53.99,0.61,4.61,Teesta_Lalmonirhat
2022-04-25,0.06,35.42,21.13,1.76,60.99,0.6,4.42,Teesta_Lalmonirhat
2022-04-26,0.06,33.22,21.07,1.99,74.47,0.59,3.67,Teesta_Lalmonirhat
2022-04-27,5.35,33.52,23.04,1.95,73.66,0.59,3.64,Teesta_Lalmonirhat
2022-04-28,3.57,33.38,22.83,2.4,74.46,0.59,3.58,Teesta_Lalmonirhat
2022-04-29,5.59,34.01,22.3,1.34,70.18,0.58,3.58,Teesta_Lalmonirhat
2022-04-30,20.0,32.6,23.2,2.1,76.6,0.6,2.97,Teesta_Lalmonirhat
2022-05-01,1.6,31.97,23.67,2.37,77.93,0.61,3.62,Teesta_Lalmonirhat
2022-05-02,3.8,32.0,23.31,2.27,78.2,0.6,3.51,Teesta_Lalmonirhat
2022-05-03,2.33,30.71,23.64,2.01,77.22,0.6,2.37,Teesta_Lalmonirhat
2022-05-04,0.23,30.18,23.22,2.76,77.1,0.59,3.37,Teesta_Lalmonirhat
2022-05-05,2.11,31.95,21.97,1.66,71.24,0.58,3.82,Teesta_Lalmonirhat
2022-05-06,18.81,31.63,23.14,1.45,73.13,0.59,3.08,Teesta_Lalmonirhat
2022-05-07,5.79,32.86,24.57,1.1,69.3,0.6,4.3,Teesta_Lalmonirhat
2022-05-08,0.03,34.79,23.94,1.17,66.81,0.59,5.31,Teesta_Lalmonirhat
2022-05-09,1.36,34.03,24.58,2.3,70.57,0.58,4.27,Teesta_Lalmonirhat
2022-05-10,2.63,32.23,23.95,1.96,76.87,0.57,3.7,Teesta_Lalmonirhat
2022-05-11,5.23,34.31,24.58,2.57,77.39,0.57,3.83,Teesta_Lalmonirhat
2022-05-12,33.86,32.9,25.59,2.77,80.68,0.59,2.92,Teesta_Lalmonirhat
2022-05-13,52.77,32.17,25.93,2.7,86.45,0.66,3.14,Teesta_Lalmonirhat
2022-05-14,19.28,33.81,25.93,2.14,83.16,0.68,5.13,Teesta_Lalmonirhat
2022-05-15,37.91,33.39,26.82,2.27,84.1,0.72,4.17,Teesta_Lalmonirhat
2022-05-16,54.49,31.34,26.69,2.6,87.91,0.76,2.34,Teesta_Lalmonirhat
2022-05-17,37.78,31.46,26.18,2.29,87.4,0.81,2.35,Teesta_Lalmonirhat
2022-05-18,28.88,32.42,25.58,2.71,87.74,0.83,3.2,Teesta_Lalmonirhat
2022-05-19,28.9,32.4,25.86,2.25,85.98,0.85,3.03,Teesta_Lalmonirhat
2022-05-20,57.55,31.3,25.78,1.94,88.09,0.88,2.18,Teesta_Lalmonirhat
2022-05-21,19.46,31.88,25.22,1.68,84.75,0.9,3.36,Teesta_Lalmonirhat
2022-05-22,5.16,32.26,25.53,1.1,78.55,0.9,3.66,Teesta_Lalmonirhat
2022-05-23,2.94,31.28,24.99,1.26,82.67,0.89,3.37,Teesta_Lalmonirhat
2022-05-24,1.14,33.07,25.0,0.93,77.64,0.88,5.03,Teesta_Lalmonirhat
2022-05-25,1.39,32.26,26.58,1.1,76.45,0.87,3.09,Teesta_Lalmonirhat
2022-05-26,18.45,31.87,25.26,1.96,78.45,0.87,3.69,Teesta_Lalmonirhat
2022-05-27,1.02,32.47,23.59,1.39,76.69,0.86,4.66,Teesta_Lalmonirhat
2022-05-28,1.22,32.23,25.52,1.13,70.38,0.85,5.06,Teesta_Lalmonirhat
2022-05-29,2.59,32.01,24.71,1.46,83.09,0.84,4.49,Teesta_Lalmonirhat
2022-05-30,4.94,31.58,25.45,1.78,85.62,0.84,3.72,Teesta_Lalmonirhat
2022-05-31,2.64,31.97,25.88,1.85,85.01,0.83,4.32,Teesta_Lalmonirhat
2022-06-01,2.17,32.8,25.49,2.05,84.51,0.82,4.94,Teesta_Lalmonirhat
2022-06-02,5.49,31.47,26.11,2.42,86.83,0.81,3.11,Teesta_Lalmonirhat
2022-06-03,17.37,32.48,25.8,2.76,85.52,0.81,3.71,Teesta_Lalmonirhat
2022-06-04,27.26,32.08,25.83,2.88,87.51,0.83,3.07,Teesta_Lalmonirhat
2022-06-05,29.14,31.65,24.9,2.52,86.99,0.85,2.84,Teesta_Lalmonirhat
2022-06-06,21.7,31.63,25.64,2.94,88.3,0.86,2.94,Teesta_Lalmonirhat
2022-06-07,24.43,31.66,26.19,2.43,87.72,0.87,2.11,Teesta_Lalmonirhat
2022-06-08,32.72,31.5,26.33,2.23,89.02,0.89,1.85,Teesta_Lalmonirhat
2022-06-09,27.65,30.5,26.71,2.65,92.24,0.91,0.91,Teesta_Lalmonirhat
2022-06-10,28.92,30.32,25.73,3.23,91.8,0.92,1.15,Teesta_Lalmonirhat
2022-06-11,4.41,31.97,24.49,2.29,88.7,0.92,2.85,Teesta_Lalmonirhat
2022-06-12,90.39,31.37,26.11,2.86,89.88,0.95,1.42,Teesta_Lalmonirhat
2022-06-13,33.69,32.15,26.66,2.39,88.76,0.96,1.76,Teesta_Lalmonirhat
2022-06-14,52.32,32.14,26.54,2.31,89.02,0.97,1.97,Teesta_Lalmonirhat
2022-06-15,57.26,31.1,26.99,3.77,92.16,0.98,0.82,Teesta_Lalmonirhat
2022-06-16,47.28,30.19,26.57,4.29,92.79,0.99,0.49,Teesta_Lalmonirhat
2022-06-17,47.73,29.97,26.24,4.52,93.4,0.99,0.49,Teesta_Lalmonirhat
2022-06-18,33.63,31.41,25.75,4.09,90.42,0.99,1.21,Teesta_Lalmonirhat
2022-06-19,28.88,31.18,25.78,3.51,88.49,0.99,1.73,Teesta_Lalmonirhat
2022-06-20,23.67,31.32,25.36,2.36,88.1,0.98,1.64,Teesta_Lalmonirhat
2022-06-21,7.76,31.19,25.43,1.99,87.95,0.98,2.01,Teesta_Lalmonirhat
2022-06-22,2.33,31.91,25.66,1.51,86.16,0.97,2.84,Teesta_Lalmonirhat
2022-06-23,2.55,31.72,25.69,2.43,87.25,0.96,2.62,Teesta_Lalmonirhat
2022-06-24,5.35,31.82,25.68,1.91,87.76,0.95,2.69,Teesta_Lalmonirhat
2022-06-25,0.77,32.08,25.98,1.75,87.02,0.94,2.7,Teesta_Lalmonirhat
2022-06-26,13.1,31.83,26.28,2.08,87.48,0.93,2.64,Teesta_Lalmonirhat
2022-06-27,23.6,31.01,26.47,2.63,88.66,0.94,2.05,Teesta_Lalmonirhat
2022-06-28,74.28,29.51,26.32,3.7,92.12,0.96,0.94,Teesta_Lalmonirhat
2022-06-29,40.17,28.87,24.95,2.38,87.93,0.98,0.72,Teesta_Lalmonirhat
2022-06-30,10.73,31.28,23.8,1.46,84.14,0.97,2.11,Teesta_Lalmonirhat
2022-07-01,15.32,31.52,25.67,1.58,87.06,0.96,2.48,Teesta_Lalmonirhat
2022-07-02,9.77,30.73,26.92,1.78,89.84,0.96,1.12,Teesta_Lalmonirhat
2022-07-03,3.55,31.7,26.07,1.53,87.72,0.96,2.19,Teesta_Lalmonirhat
2022-07-04,0.31,31.65,26.18,1.64,88.8,0.95,2.06,Teesta_Lalmonirhat
2022-07-05,0.43,31.54,26.37,1.61,86.52,0.94,2.69,Teesta_Lalmonirhat
2022-07-06,1.07,31.24,26.47,1.77,87.77,0.93,1.94,Teesta_Lalmonirhat
2022-07-07,0.09,32.84,25.33,1.88,85.58,0.92,3.99,Teesta_Lalmonirhat
2022-07-08,1.18,31.88,26.54,2.24,88.5,0.91,2.45,Teesta_Lalmonirhat
2022-07-09,0.47,33.01,26.0,1.8,84.19,0.9,4.07,Teesta_Lalmonirhat
2022-07-10,0.34,33.09,25.71,1.99,85.3,0.89,4.22,Teesta_Lalmonirhat
2022-07-11,6.21,31.91,26.35,2.18,87.31,0.88,3.13,Teesta_Lalmonirhat
2022-07-12,0.96,33.0,25.87,1.75,83.93,0.87,4.35,Teesta_Lalmonirhat
2022-07-13,0.38,33.13,27.53,1.42,84.84,0.86,2.57,Teesta_Lalmonirhat
2022-07-14,0.3,34.66,27.09,1.66,85.02,0.85,2.79,Teesta_Lalmonirhat
2022-07-15,1.05,32.31,27.58,1.17,86.52,0.85,1.85,Teesta_Lalmonirhat
2022-07-16,0.2,33.76,27.2,1.9,85.21,0.84,4.54,Teesta_Lalmonirhat
2022-07-17,1.04,33.19,26.82,1.8,83.98,0.83,4.63,Teesta_Lalmonirhat
2022-07-18,1.66,32.53,26.96,2.64,85.54,0.81,4.64,Teesta_Lalmonirhat
2022-07-19,20.32,31.85,26.35,2.83,88.02,0.82,2.55,Teesta_Lalmonirhat
2022-07-20,5.6,30.88,26.99,2.35,90.94,0.82,1.5,Teesta_Lalmonirhat
2022-07-21,6.33,31.18,26.39,1.51,87.53,0.82,2.23,Teesta_Lalmonirhat
2022-07-22,4.85,30.8,26.7,2.04,89.01,0.82,1.97,Teesta_Lalmonirhat
2022-07-23,13.06,32.05,26.17,1.79,87.81,0.82,2.28,Teesta_Lalmonirhat
2022-07-24,25.85,29.9,26.4,2.08,90.45,0.85,1.32,Teesta_Lalmonirhat
2022-07-25,14.88,30.61,25.76,1.83,86.65,0.86,2.57,Teesta_Lalmonirhat
2022-07-26,16.02,31.27,25.34,2.22,86.83,0.86,3.27,Teesta_Lalmonirhat
2022-07-27,13.63,31.27,25.27,2.11,87.14,0.86,2.6,Teesta_Lalmonirhat
2022-07-28,12.55,31.93,25.91,2.38,87.28,0.86,2.72,Teesta_Lalmonirhat
2022-07-29,6.15,31.59,25.99,1.96,87.49,0.86,2.19,Teesta_Lalmonirhat
2022-07-30,11.22,31.39,26.46,2.07,88.5,0.86,2.0,Teesta_Lalmonirhat
2022-07-31,61.08,29.57,26.86,2.82,93.99,0.9,0.59,Teesta_Lalmonirhat
2022-08-01,24.56,29.91,26.81,1.87,90.55,0.92,1.03,Teesta_Lalmonirhat
2022-08-02,4.27,32.81,25.99,1.08,83.69,0.92,3.71,Teesta_Lalmonirhat
2022-08-03,4.73,31.58,26.41,1.84,87.31,0.9,2.26,Teesta_Lalmonirhat
2022-08-04,11.59,29.42,25.17,1.24,86.48,0.91,1.25,Teesta_Lalmonirhat
2022-08-05,5.66,33.18,26.04,1.29,82.04,0.9,3.67,Teesta_Lalmonirhat
2022-08-06,12.8,30.42,27.0,1.41,91.03,0.9,0.96,Teesta_Lalmonirhat
2022-08-07,7.8,33.92,26.43,0.5,77.76,0.9,4.59,Teesta_Lalmonirhat
2022-08-08,3.66,33.38,27.22,2.41,85.7,0.89,3.32,Teesta_Lalmonirhat
2022-08-09,3.51,33.03,26.31,2.2,86.94,0.89,3.4,Teesta_Lalmonirhat
2022-08-10,0.49,31.05,26.0,2.95,87.9,0.88,2.78,Teesta_Lalmonirhat
2022-08-11,0.03,32.98,26.26,2.9,84.06,0.86,4.79,Teesta_Lalmonirhat
2022-08-12,0.06,32.9,25.71,1.35,83.74,0.85,4.55,Teesta_Lalmonirhat
2022-08-13,11.04,33.67,26.63,2.01,85.89,0.85,3.64,Teesta_Lalmonirhat
2022-08-14,13.02,32.44,26.36,3.15,86.45,0.85,3.5,Teesta_Lalmonirhat
2022-08-15,3.37,32.58,25.44,2.12,84.5,0.85,4.97,Teesta_Lalmonirhat
2022-08-16,0.59,32.74,25.66,2.05,85.33,0.83,4.85,Teesta_Lalmonirhat
2022-08-17,0.13,33.35,26.0,2.06,84.05,0.82,4.8,Teesta_Lalmonirhat
2022-08-18,1.71,34.92,27.15,0.65,78.17,0.81,5.11,Teesta_Lalmonirhat
2022-08-19,24.35,32.32,27.89,2.16,85.76,0.82,3.05,Teesta_Lalmonirhat
2022-08-20,7.14,32.74,26.47,2.64,84.6,0.82,4.63,Teesta_Lalmonirhat
2022-08-21,1.86,32.09,25.39,1.58,85.01,0.81,4.54,Teesta_Lalmonirhat
2022-08-22,0.66,33.02,25.97,1.56,85.64,0.8,4.83,Teesta_Lalmonirhat
2022-08-23,8.89,30.65,26.65,0.99,87.53,0.8,1.26,Teesta_Lalmonirhat
2022-08-24,16.09,32.38,26.37,1.83,85.5,0.81,4.43,Teesta_Lalmonirhat
2022-08-25,0.69,32.43,25.67,1.71,84.08,0.8,5.52,Teesta_Lalmonirhat
2022-08-26,0.04,33.4,25.38,1.7,83.34,0.79,5.7,Teesta_Lalmonirhat
2022-08-27,16.78,32.04,26.05,2.76,87.53,0.78,3.79,Teesta_Lalmonirhat
2022-08-28,45.89,32.1,26.27,2.42,86.65,0.83,4.01,Teesta_Lalmonirhat
2022-08-29,20.86,31.2,26.22,2.24,88.35,0.84,3.25,Teesta_Lalmonirhat
2022-08-30,15.27,31.28,25.88,3.06,88.31,0.85,3.34,Teesta_Lalmonirhat
2022-08-31,17.14,31.88,25.01,2.52,88.66,0.85,3.13,Teesta_Lalmonirhat
2022-09-01,17.9,31.46,25.87,3.1,89.39,0.86,3.17,Teesta_Lalmonirhat
2022-09-02,28.66,31.5,26.1,3.03,90.91,0.88,2.31,Teesta_Lalmonirhat
2022-09-03,9.04,31.5,26.65,2.9,89.71,0.88,3.14,Teesta_Lalmonirhat
2022-09-04,20.61,31.31,26.41,2.33,90.28,0.88,2.17,Teesta_Lalmonirhat
2022-09-05,15.25,30.1,26.28,2.37,91.94,0.89,1.62,Teesta_Lalmonirhat
2022-09-06,4.86,30.12,25.91,1.58,92.46,0.89,1.24,Teesta_Lalmonirhat
2022-09-07,1.55,31.75,25.6,1.3,87.15,0.88,3.23,Teesta_Lalmonirhat
2022-09-08,3.32,29.24,25.83,1.79,92.91,0.88,1.02,Teesta_Lalmonirhat
2022-09-09,2.66,29.57,25.24,2.83,89.98,0.87,1.92,Teesta_Lalmonirhat
2022-09-10,1.32,31.82,24.76,2.58,87.07,0.87,3.79,Teesta_Lalmonirhat
2022-09-11,4.6,28.54,25.52,1.64,91.7,0.86,1.32,Teesta_Lalmonirhat
2022-09-12,7.73,28.68,24.59,2.09,92.2,0.86,1.33,Teesta_Lalmonirhat
2022-09-13,28.63,28.48,25.25,1.86,94.28,0.88,0.53,Teesta_Lalmonirhat
2022-09-14,15.98,28.66,24.93,1.73,91.36,0.9,1.34,Teesta_Lalmonirhat
2022-09-15,10.15,29.47,24.32,1.5,91.2,0.9,1.96,Teesta_Lalmonirhat
2022-09-16,15.3,29.75,24.8,2.4,92.17,0.9,1.93,Teesta_Lalmonirhat
2022-09-17,4.56,31.63,25.48,1.86,89.3,0.9,2.92,Teesta_Lalmonirhat
2022-09-18,1.93,32.9,25.28,0.69,81.97,0.89,5.21,Teesta_Lalmonirhat
2022-09-19,5.84,29.95,26.62,1.23,91.28,0.89,1.0,Teesta_Lalmonirhat
2022-09-20,0.6,30.52,25.59,1.64,89.6,0.89,2.47,Teesta_Lalmonirhat
2022-09-21,0.08,31.43,25.31,2.04,88.81,0.88,4.52,Teesta_Lalmonirhat
2022-09-22,3.37,31.04,26.0,2.15,89.33,0.87,3.14,Teesta_Lalmonirhat
2022-09-23,7.24,28.75,26.02,2.21,92.68,0.87,0.96,Teesta_Lalmonirhat
2022-09-24,15.88,29.41,25.5,2.35,91.27,0.88,1.89,Teesta_Lalmonirhat
2022-09-25,19.36,28.63,25.27,1.6,90.28,0.89,0.76,Teesta_Lalmonirhat
2022-09-26,0.88,30.18,24.05,0.83,85.02,0.89,3.23,Teesta_Lalmonirhat
2022-09-27,2.21,29.78,24.9,1.32,89.51,0.88,2.11,Teesta_Lalmonirhat
2022-09-28,4.32,30.9,24.8,1.6,88.21,0.88,3.42,Teesta_Lalmonirhat
2022-09-29,7.65,31.38,25.25,0.98,86.45,0.88,2.93,Teesta_Lalmonirhat
2022-09-30,0.35,33.05,25.12,0.76,80.86,0.87,5.63,Teesta_Lalmonirhat
2022-10-01,0.12,33.15,25.24,0.81,81.03,0.86,5.78,Teesta_Lalmonirhat
2022-10-02,0.63,31.35,26.27,0.95,83.12,0.86,1.79,Teesta_Lalmonirhat
2022-10-03,7.35,29.69,25.98,1.89,91.48,0.86,1.78,Teesta_Lalmonirhat
2022-10-04,5.36,30.75,24.97,1.5,88.96,0.86,3.21,Teesta_Lalmonirhat
2022-10-05,14.36,29.78,24.6,1.28,89.83,0.86,2.06,Teesta_Lalmonirhat
2022-10-06,7.15,30.81,24.35,1.26,87.61,0.87,3.32,Teesta_Lalmonirhat
2022-10-07,5.45,30.21,24.98,2.55,89.91,0.86,3.35,Teesta_Lalmonirhat
2022-10-08,7.09,30.24,24.67,2.37,90.26,0.86,3.2,Teesta_Lalmonirhat
2022-10-09,18.74,29.49,25.14,2.71,91.8,0.86,1.87,Teesta_Lalmonirhat
2022-10-10,24.76,29.89,25.1,2.53,91.95,0.89,1.82,Teesta_Lalmonirhat
2022-10-11,11.99,28.64,25.19,2.05,94.19,0.89,0.98,Teesta_Lalmonirhat
2022-10-12,32.36,27.66,24.09,1.93,93.49,0.9,0.91,Teesta_Lalmonirhat
2022-10-13,24.63,29.45,23.31,0.74,86.51,0.93,3.37,Teesta_Lalmonirhat
2022-10-14,1.18,29.69,22.61,1.38,87.79,0.92,4.09,Teesta_Lalmonirhat
2022-10-15,0.03,29.56,21.13,1.35,86.22,0.91,4.58,Teesta_Lalmonirhat
2022-10-16,0.4,30.38,21.06,0.74,83.69,0.9,4.78,Teesta_Lalmonirhat
2022-10-17,0.13,30.88,21.84,0.79,81.23,0.89,5.17,Teesta_Lalmonirhat
2022-10-18,0.0,30.68,21.93,0.63,80.43,0.88,5.94,Teesta_Lalmonirhat
2022-10-19,0.0,27.67,21.67,1.02,87.76,0.88,2.86,Teesta_Lalmonirhat
2022-10-20,0.0,30.06,21.05,0.71,80.22,0.87,5.02,Teesta_Lalmonirhat
2022-10-21,0.0,29.28,20.56,1.81,86.03,0.86,4.32,Teesta_Lalmonirhat
2022-10-22,0.0,29.61,20.29,1.91,76.08,0.85,4.57,Teesta_Lalmonirhat
2022-10-23,0.16,29.83,19.86,2.25,80.37,0.84,4.36,Teesta_Lalmonirhat
2022-10-24,14.9,26.42,19.83,4.16,89.71,0.84,1.84,Teesta_Lalmonirhat
2022-10-25,11.2,26.76,18.88,1.73,85.78,0.85,2.96,Teesta_Lalmonirhat
2022-10-26,2.48,27.66,19.09,1.45,85.06,0.85,3.65,Teesta_Lalmonirhat
2022-10-27,0.17,27.88,18.74,0.85,76.21,0.85,4.02,Teesta_Lalmonirhat
2022-10-28,0.0,27.62,17.93,1.16,83.28,0.84,3.68,Teesta_Lalmonirhat
2022-10-29,0.0,27.86,18.75,1.68,87.16,0.83,3.98,Teesta_Lalmonirhat
2022-10-30,0.0,28.49,18.82,1.72,85.25,0.82,4.15,Teesta_Lalmonirhat
2022-10-31,0.0,28.27,18.8,1.6,84.17,0.81,4.19,Teesta_Lalmonirhat
2022-11-01,0.0,27.87,18.54,1.54,80.27,0.8,4.25,Teesta_Lalmonirhat
2022-11-02,0.0,28.43,19.31,0.46,75.86,0.8,4.67,Teesta_Lalmonirhat
2022-11-03,0.0,28.16,18.98,0.56,80.38,0.79,4.66,Teesta_Lalmonirhat
2022-11-04,0.01,27.99,18.61,1.09,85.63,0.78,4.16,Teesta_Lalmonirhat
2022-11-05,0.0,28.34,19.84,1.72,84.92,0.78,4.1,Teesta_Lalmonirhat
2022-11-06,0.01,27.82,19.04,1.03,81.84,0.77,4.48,Teesta_Lalmonirhat
2022-11-07,0.09,27.98,19.33,1.14,81.5,0.76,4.27,Teesta_Lalmonirhat
2022-11-08,0.01,28.2,19.11,1.04,78.5,0.75,4.5,Teesta_Lalmonirhat
2022-11-09,0.0,27.65,19.32,0.54,78.55,0.75,4.33,Teesta_Lalmonirhat
2022-11-10,0.0,26.92,17.93,0.7,80.36,0.74,3.97,Teesta_Lalmonirhat
2022-11-11,0.0,27.18,17.61,0.84,82.13,0.73,3.94,Teesta_Lalmonirhat
2022-11-12,0.07,27.18,18.32,1.17,86.82,0.73,3.04,Teesta_Lalmonirhat
2022-11-13,0.02,25.43,14.89,0.94,80.84,0.72,2.96,Teesta_Lalmonirhat
2022-11-14,0.0,26.1,15.77,1.15,82.34,0.72,3.23,Teesta_Lalmonirhat
2022-11-15,0.0,26.51,16.47,0.87,82.41,0.71,3.48,Teesta_Lalmonirhat
2022-11-16,0.0,26.04,16.36,0.81,79.57,0.71,3.12,Teesta_Lalmonirhat
2022-11-17,0.0,26.5,16.88,0.84,79.83,0.7,3.07,Teesta_Lalmonirhat
2022-11-18,0.0,26.01,15.94,1.05,82.12,0.69,2.98,Teesta_Lalmonirhat
2022-11-19,0.0,25.78,15.06,1.83,80.3,0.69,3.15,Teesta_Lalmonirhat
2022-11-20,0.0,26.64,14.84,1.1,73.02,0.68,3.23,Teesta_Lalmonirhat
2022-11-21,0.08,25.54,14.4,0.6,74.2,0.68,3.06,Teesta_Lalmonirhat
2022-11-22,0.0,25.73,14.56,0.56,82.63,0.67,2.75,Teesta_Lalmonirhat
2022-11-23,0.0,25.71,14.89,0.77,83.56,0.67,2.53,Teesta_Lalmonirhat
2022-11-24,0.0,26.18,14.16,0.85,82.65,0.66,2.61,Teesta_Lalmonirhat
2022-11-25,0.0,26.66,15.41,1.27,81.54,0.65,2.67,Teesta_Lalmonirhat
2022-11-26,0.0,26.4,15.38,0.92,78.29,0.65,2.62,Teesta_Lalmonirhat
2022-11-27,0.0,25.97,14.91,1.08,75.28,0.65,2.66,Teesta_Lalmonirhat
2022-11-28,0.0,26.09,14.63,1.27,80.7,0.64,2.39,Teesta_Lalmonirhat
2022-11-29,0.0,26.5,14.71,1.52,78.54,0.64,2.39,Teesta_Lalmonirhat
2022-11-30,0.0,26.72,14.83,1.37,77.73,0.63,2.28,Teesta_Lalmonirhat
2022-12-01,0.0,26.59,15.86,0.65,77.99,0.62,2.3,Teesta_Lalmonirhat
2022-12-02,0.0,26.33,14.98,0.63,79.36,0.62,2.1,Teesta_Lalmonirhat
2022-12-03,0.0,26.27,14.5,0.92,78.46,0.62,1.99,Teesta_Lalmonirhat
2022-12-04,0.0,26.3,14.45,0.55,78.07,0.61,1.99,Teesta_Lalmonirhat
2022-12-05,0.0,26.62,15.74,0.7,78.73,0.61,1.97,Teesta_Lalmonirhat
2022-12-06,0.0,26.04,14.06,0.9,81.77,0.6,1.76,Teesta_Lalmonirhat
2022-12-07,0.0,25.69,12.89,1.2,81.18,0.6,1.53,Teesta_Lalmonirhat
2022-12-08,0.0,25.46,13.66,0.77,81.46,0.6,1.5,Teesta_Lalmonirhat
2022-12-09,0.0,25.22,14.72,1.11,77.6,0.59,1.59,Teesta_Lalmonirhat
2022-12-10,0.0,26.02,15.03,0.64,78.93,0.59,1.57,Teesta_Lalmonirhat
2022-12-11,0.0,25.95,14.65,0.85,81.58,0.58,1.42,Teesta_Lalmonirhat
2022-12-12,0.0,25.05,13.5,0.97,81.03,0.58,1.09,Teesta_Lalmonirhat
2022-12-13,0.0,24.77,14.15,0.87,78.01,0.58,1.03,Teesta_Lalmonirhat
2022-12-14,0.0,24.49,14.08,0.87,78.13,0.58,0.83,Teesta_Lalmonirhat
2022-12-15,0.0,24.24,13.93,1.37,76.97,0.57,0.99,Teesta_Lalmonirhat
2022-12-16,0.0,23.62,11.88,1.34,75.49,0.57,0.82,Teesta_Lalmonirhat
2022-12-17,0.0,24.5,12.66,1.28,81.82,0.57,0.8,Teesta_Lalmonirhat
2022-12-18,0.0,25.12,13.76,1.63,80.93,0.56,1.12,Teesta_Lalmonirhat
2022-12-19,0.0,25.93,14.03,1.1,76.98,0.56,1.16,Teesta_Lalmonirhat
2022-12-20,0.0,25.64,14.3,1.12,79.3,0.56,1.05,Teesta_Lalmonirhat
2022-12-21,0.0,25.06,13.01,1.21,76.75,0.55,0.89,Teesta_Lalmonirhat
2022-12-22,0.0,25.11,12.27,1.55,77.9,0.55,0.93,Teesta_Lalmonirhat
2022-12-23,0.0,23.83,10.22,1.03,68.49,0.55,0.76,Teesta_Lalmonirhat
2022-12-24,0.0,24.37,12.08,0.98,68.61,0.55,0.76,Teesta_Lalmonirhat
2022-12-25,0.0,24.41,14.12,1.68,73.7,0.54,0.74,Teesta_Lalmonirhat
2022-12-26,0.14,24.14,14.22,1.41,80.74,0.54,0.56,Teesta_Lalmonirhat
2022-12-27,0.21,22.81,12.15,2.16,74.28,0.54,0.71,Teesta_Lalmonirhat
2022-12-28,0.01,20.94,8.56,0.91,71.06,0.54,0.53,Teesta_Lalmonirhat
2022-12-29,0.08,21.49,10.22,1.39,80.85,0.54,0.52,Teesta_Lalmonirhat
2022-12-30,0.0,22.83,11.36,1.22,73.5,0.53,0.6,Teesta_Lalmonirhat
2022-12-31,0.0,22.37,11.48,0.92,75.74,0.53,0.5,Teesta_Lalmonirhat
2023-01-01,0.0,22.08,12.19,0.69,75.26,0.53,0.49,Teesta_Lalmonirhat
2023-01-02,0.0,22.49,11.38,0.92,80.16,0.53,0.56,Teesta_Lalmonirhat
2023-01-03,0.0,22.9,11.6,0.79,79.33,0.52,0.59,Teesta_Lalmonirhat
2023-01-04,0.0,23.2,10.69,0.74,74.22,0.52,0.63,Teesta_Lalmonirhat
2023-01-05,0.0,23.27,9.94,0.89,69.25,0.52,0.61,Teesta_Lalmonirhat
2023-01-06,0.0,24.23,9.74,0.74,66.87,0.52,0.62,Teesta_Lalmonirhat
2023-01-07,0.0,25.34,9.75,0.73,65.93,0.51,0.65,Teesta_Lalmonirhat
2023-01-08,0.0,24.78,9.71,0.62,68.5,0.51,0.56,Teesta_Lalmonirhat
2023-01-09,0.0,24.85,10.1,0.61,71.83,0.51,0.58,Teesta_Lalmonirhat
2023-01-10,0.0,25.87,10.44,0.59,64.96,0.51,0.6,Teesta_Lalmonirhat
2023-01-11,0.0,23.86,9.35,0.62,61.94,0.5,0.48,Teesta_Lalmonirhat
2023-01-12,0.0,24.16,10.56,1.11,63.27,0.5,0.46,Teesta_Lalmonirhat
2023-01-13,0.0,23.59,9.95,1.62,63.23,0.5,0.38,Teesta_Lalmonirhat
2023-01-14,0.0,24.36,10.57,1.8,69.67,0.5,0.41,Teesta_Lalmonirhat
2023-01-15,0.0,23.39,10.81,1.78,72.08,0.5,0.41,Teesta_Lalmonirhat
2023-01-16,0.0,21.75,8.81,1.69,63.66,0.49,0.35,Teesta_Lalmonirhat
2023-01-17,0.0,20.68,7.28,1.02,55.74,0.49,0.32,Teesta_Lalmonirhat
2023-01-18,0.0,20.74,8.09,0.73,52.77,0.49,0.31,Teesta_Lalmonirhat
2023-01-19,0.0,21.21,8.52,0.7,60.72,0.49,0.29,Teesta_Lalmonirhat
2023-01-20,0.0,22.28,9.37,0.7,68.15,0.49,0.29,Teesta_Lalmonirhat
2023-01-21,0.0,24.42,10.37,1.15,61.4,0.48,0.36,Teesta_Lalmonirhat
2023-01-22,0.0,24.29,10.69,1.07,62.62,0.48,0.33,Teesta_Lalmonirhat
2023-01-23,0.0,24.23,11.32,1.32,69.07,0.48,0.33,Teesta_Lalmonirhat
2023-01-24,0.0,25.34,11.78,1.13,72.47,0.48,0.38,Teesta_Lalmonirhat
2023-01-25,0.0,26.87,12.69,1.5,71.05,0.48,0.41,Teesta_Lalmonirhat
2023-01-26,0.0,27.88,14.12,1.41,68.64,0.47,0.41,Teesta_Lalmonirhat
2023-01-27,0.0,27.26,13.95,1.51,72.83,0.47,0.39,Teesta_Lalmonirhat
2023-01-28,0.0,26.88,13.84,1.5,70.68,0.47,0.39,Teesta_Lalmonirhat
2023-01-29,0.0,26.7,13.2,1.09,71.39,0.47,0.33,Teesta_Lalmonirhat
2023-01-30,0.0,28.89,14.75,1.04,72.34,0.47,0.44,Teesta_Lalmonirhat
2023-01-31,0.0,28.19,15.24,1.44,60.4,0.46,0.37,Teesta_Lalmonirhat
2023-02-01,0.0,27.26,12.95,2.14,60.63,0.46,0.36,Teesta_Lalmonirhat
2023-02-02,0.0,26.57,10.83,1.02,58.12,0.46,0.36,Teesta_Lalmonirhat
2023-02-03,0.0,26.88,12.79,0.83,60.01,0.46,0.34,Teesta_Lalmonirhat
2023-02-04,0.0,26.8,12.93,1.35,60.89,0.45,0.31,Teesta_Lalmonirhat
2023-02-05,0.0,26.3,12.8,1.24,55.29,0.45,0.27,Teesta_Lalmonirhat
2023-02-06,0.0,26.64,13.14,1.42,53.59,0.45,0.26,Teesta_Lalmonirhat
2023-02-07,0.01,26.73,13.62,1.51,49.88,0.45,0.3,Teesta_Lalmonirhat
2023-02-08,0.04,28.04,13.33,1.46,53.03,0.45,0.32,Teesta_Lalmonirhat
2023-02-09,0.26,26.3,13.81,1.4,64.1,0.44,0.26,Teesta_Lalmonirhat
2023-02-10,0.01,26.25,13.08,1.48,64.39,0.44,0.26,Teesta_Lalmonirhat
2023-02-11,0.02,28.07,12.5,1.75,49.94,0.44,0.28,Teesta_Lalmonirhat
2023-02-12,0.0,29.34,13.27,3.08,48.34,0.44,0.32,Teesta_Lalmonirhat
2023-02-13,0.0,26.87,9.69,2.04,40.5,0.43,0.25,Teesta_Lalmonirhat
2023-02-14,0.0,27.55,11.73,1.18,43.07,0.43,0.25,Teesta_Lalmonirhat
2023-02-15,0.0,27.5,13.45,0.98,49.71,0.43,0.23,Teesta_Lalmonirhat
2023-02-16,0.0,29.66,15.35,1.39,58.32,0.43,0.25,Teesta_Lalmonirhat
2023-02-17,0.0,29.71,16.68,1.15,56.46,0.43,0.25,Teesta_Lalmonirhat
2023-02-18,0.0,29.91,17.07,1.08,49.1,0.42,0.24,Teesta_Lalmonirhat
2023-02-19,0.01,29.86,17.12,1.17,52.17,0.42,0.2,Teesta_Lalmonirhat
2023-02-20,0.08,30.72,17.37,1.32,53.37,0.42,0.21,Teesta_Lalmonirhat
2023-02-21,0.74,30.69,17.67,1.53,54.8,0.42,0.2,Teesta_Lalmonirhat
2023-02-22,0.5,32.49,16.6,2.08,59.02,0.42,0.24,Teesta_Lalmonirhat
2023-02-23,0.1,31.62,16.32,1.94,44.39,0.42,0.22,Teesta_Lalmonirhat
2023-02-24,0.14,31.83,15.19,1.61,39.87,0.41,0.23,Teesta_Lalmonirhat
2023-02-25,0.02,29.99,15.69,2.19,56.68,0.41,0.2,Teesta_Lalmonirhat
2023-02-26,0.01,31.26,16.17,1.63,51.43,0.41,0.21,Teesta_Lalmonirhat
2023-02-27,0.04,30.61,15.81,1.33,50.19,0.41,0.18,Teesta_Lalmonirhat
2023-02-28,0.0,29.97,15.55,1.56,53.5,0.4,0.16,Teesta_Lalmonirhat
2023-03-01,0.0,30.26,16.06,1.68,57.92,0.4,0.16,Teesta_Lalmonirhat
2023-03-02,0.01,31.86,16.84,1.33,54.64,0.4,0.15,Teesta_Lalmonirhat
2023-03-03,0.01,31.41,17.32,1.25,53.33,0.4,0.15,Teesta_Lalmonirhat
2023-03-04,0.01,32.59,18.43,1.64,54.97,0.4,0.14,Teesta_Lalmonirhat
2023-03-05,0.06,32.99,18.95,1.46,56.19,0.39,0.13,Teesta_Lalmonirhat
2023-03-06,0.0,34.05,17.54,2.51,40.98,0.39,0.14,Teesta_Lalmonirhat
2023-03-07,0.04,33.49,17.13,1.92,34.86,0.39,0.12,Teesta_Lalmonirhat
2023-03-08,0.0,33.23,16.96,0.95,40.37,0.39,0.11,Teesta_Lalmonirhat
2023-03-09,0.0,34.34,18.72,2.05,41.14,0.38,0.11,Teesta_Lalmonirhat
2023-03-10,0.0,32.65,18.04,1.43,37.94,0.38,0.07,Teesta_Lalmonirhat
2023-03-11,0.0,35.54,18.49,1.87,38.17,0.38,0.1,Teesta_Lalmonirhat
2023-03-12,0.06,35.18,19.85,1.58,39.0,0.38,0.09,Teesta_Lalmonirhat
2023-03-13,0.0,35.5,19.3,1.09,40.07,0.38,0.08,Teesta_Lalmonirhat
2023-03-14,0.09,34.5,20.44,1.82,38.92,0.37,0.07,Teesta_Lalmonirhat
2023-03-15,1.07,33.98,19.42,1.4,42.32,0.37,0.07,Teesta_Lalmonirhat
2023-03-16,9.25,32.16,18.72,1.41,57.35,0.39,0.09,Teesta_Lalmonirhat
2023-03-17,2.39,30.24,20.13,1.31,61.24,0.39,0.1,Teesta_Lalmonirhat
2023-03-18,4.96,30.14,20.23,1.04,60.44,0.4,0.08,Teesta_Lalmonirhat
2023-03-19,30.77,27.74,20.86,1.92,75.31,0.42,0.05,Teesta_Lalmonirhat
2023-03-20,22.75,26.07,19.86,1.78,83.45,0.48,0.27,Teesta_Lalmonirhat
2023-03-21,26.59,26.79,19.11,1.05,74.31,0.53,0.93,Teesta_Lalmonirhat
2023-03-22,0.75,28.83,17.96,2.24,64.23,0.53,1.51,Teesta_Lalmonirhat
2023-03-23,0.47,30.23,15.78,2.27,58.35,0.52,1.63,Teesta_Lalmonirhat
2023-03-24,0.27,31.12,17.11,1.52,58.42,0.51,1.48,Teesta_Lalmonirhat
2023-03-25,1.9,31.45,18.06,1.57,65.08,0.51,1.34,Teesta_Lalmonirhat
2023-03-26,0.05,33.91,19.24,2.29,60.88,0.5,1.42,Teesta_Lalmonirhat
2023-03-27,0.0,34.5,18.26,2.51,50.11,0.5,1.47,Teesta_Lalmonirhat
2023-03-28,0.12,34.72,19.27,2.2,49.69,0.49,1.34,Teesta_Lalmonirhat
2023-03-29,0.48,34.17,20.3,1.54,46.34,0.48,1.19,Teesta_Lalmonirhat
2023-03-30,1.16,31.9,19.81,1.75,65.02,0.48,1.01,Teesta_Lalmonirhat
2023-03-31,11.17,30.21,19.66,1.79,72.92,0.49,0.66,Teesta_Lalmonirhat
2023-04-01,8.88,28.6,20.72,1.16,69.17,0.5,0.72,Teesta_Lalmonirhat
2023-04-02,37.64,26.84,18.67,1.51,74.21,0.55,1.28,Teesta_Lalmonirhat
2023-04-03,0.16,32.16,18.18,2.18,61.62,0.56,3.07,Teesta_Lalmonirhat
2023-04-04,0.81,33.67,20.06,2.28,58.51,0.55,2.81,Teesta_Lalmonirhat
2023-04-05,0.12,34.67,21.24,1.93,53.58,0.54,2.72,Teesta_Lalmonirhat
2023-04-06,0.07,34.02,17.81,1.72,50.2,0.53,2.36,Teesta_Lalmonirhat
2023-04-07,0.32,35.19,18.42,1.46,46.31,0.52,2.19,Teesta_Lalmonirhat
2023-04-08,0.0,35.62,18.49,1.32,46.77,0.52,2.01,Teesta_Lalmonirhat
2023-04-09,0.0,34.99,20.66,1.44,43.98,0.51,1.61,Teesta_Lalmonirhat
2023-04-10,0.02,36.93,19.63,2.56,42.63,0.5,1.96,Teesta_Lalmonirhat
2023-04-11,0.24,36.79,18.1,1.57,36.2,0.5,1.66,Teesta_Lalmonirhat
2023-04-12,0.0,36.52,19.41,1.3,35.33,0.49,1.51,Teesta_Lalmonirhat
2023-04-13,0.0,37.37,20.44,1.45,39.37,0.48,1.44,Teesta_Lalmonirhat
2023-04-14,0.0,38.91,21.73,1.5,43.36,0.48,1.31,Teesta_Lalmonirhat
2023-04-15,0.0,38.99,23.06,1.37,44.21,0.47,1.17,Teesta_Lalmonirhat
2023-04-16,0.0,38.24,24.2,1.5,44.0,0.47,0.92,Teesta_Lalmonirhat
2023-04-17,0.13,40.53,24.59,1.91,36.8,0.46,1.12,Teesta_Lalmonirhat
2023-04-18,0.05,40.33,23.32,2.01,50.51,0.46,0.93,Teesta_Lalmonirhat
2023-04-19,0.06,40.96,23.45,2.31,50.14,0.45,0.93,Teesta_Lalmonirhat
2023-04-20,0.16,39.74,24.28,2.45,54.28,0.45,0.79,Teesta_Lalmonirhat
2023-04-21,3.01,38.07,23.94,1.81,51.6,0.45,0.69,Teesta_Lalmonirhat
2023-04-22,3.88,36.47,23.46,1.77,54.01,0.45,0.76,Teesta_Lalmonirhat
2023-04-23,6.12,32.54,22.74,2.22,58.41,0.45,0.56,Teesta_Lalmonirhat
2023-04-24,0.1,34.86,20.37,1.59,52.85,0.45,0.87,Teesta_Lalmonirhat
2023-04-25,0.11,35.0,22.78,1.27,51.7,0.45,0.77,Teesta_Lalmonirhat
2023-04-26,0.08,36.33,22.98,1.57,46.58,0.44,0.65,Teesta_Lalmonirhat
2023-04-27,0.26,37.55,24.36,1.44,45.75,0.44,0.64,Teesta_Lalmonirhat
2023-04-28,0.35,35.77,24.23,2.28,47.61,0.43,0.46,Teesta_Lalmonirhat
2023-04-29,2.96,37.08,23.54,1.57,53.2,0.43,0.5,Teesta_Lalmonirhat
2023-04-30,8.79,32.77,24.17,1.49,64.53,0.44,0.33,Teesta_Lalmonirhat
2023-05-01,3.67,32.13,23.08,1.51,62.87,0.44,0.4,Teesta_Lalmonirhat
2023-05-02,3.91,33.63,22.21,1.97,59.26,0.45,0.62,Teesta_Lalmonirhat
2023-05-03,2.04,35.85,24.02,1.44,52.78,0.45,0.79,Teesta_Lalmonirhat
2023-05-04,7.2,34.06,24.03,1.84,64.74,0.45,0.75,Teesta_Lalmonirhat
2023-05-05,2.55,35.43,24.62,2.16,60.01,0.45,0.83,Teesta_Lalmonirhat
2023-05-06,0.08,38.49,22.42,2.81,44.07,0.45,0.9,Teesta_Lalmonirhat
2023-05-07,0.37,38.55,23.16,1.98,49.19,0.44,0.73,Teesta_Lalmonirhat
2023-05-08,0.25,39.65,23.27,1.56,41.67,0.43,0.71,Teesta_Lalmonirhat
2023-05-09,0.57,40.57,24.15,2.08,37.72,0.43,0.65,Teesta_Lalmonirhat
2023-05-10,0.19,41.55,23.71,2.16,31.54,0.42,0.57,Teesta_Lalmonirhat
2023-05-11,1.91,39.56,22.55,1.33,40.15,0.42,0.46,Teesta_Lalmonirhat
2023-05-12,3.57,37.4,24.78,2.14,51.16,0.42,0.46,Teesta_Lalmonirhat
2023-05-13,0.0,39.66,24.31,2.22,44.93,0.42,0.47,Teesta_Lalmonirhat
2023-05-14,0.07,40.17,24.97,2.86,42.65,0.41,0.4,Teesta_Lalmonirhat
2023-05-15,0.39,38.2,24.26,2.88,46.09,0.41,0.31,Teesta_Lalmonirhat
2023-05-16,11.11,35.15,25.67,1.94,60.73,0.42,0.34,Teesta_Lalmonirhat
2023-05-17,38.06,33.23,25.48,1.82,76.05,0.47,0.82,Teesta_Lalmonirhat
2023-05-18,14.77,32.66,25.3,1.39,76.38,0.5,1.2,Teesta_Lalmonirhat
2023-05-19,13.17,33.23,25.48,2.56,76.44,0.52,1.88,Teesta_Lalmonirhat
2023-05-20,6.78,34.91,25.41,1.88,71.92,0.52,2.38,Teesta_Lalmonirhat
2023-05-21,19.96,33.53,24.75,2.06,75.7,0.54,2.43,Teesta_Lalmonirhat
2023-05-22,4.81,34.15,25.39,2.53,75.64,0.54,2.77,Teesta_Lalmonirhat
2023-05-23,16.71,33.41,24.8,2.03,77.49,0.55,2.36,Teesta_Lalmonirhat
2023-05-24,9.78,32.86,25.24,1.42,77.18,0.57,3.12,Teesta_Lalmonirhat
2023-05-25,8.94,32.61,24.05,2.33,76.87,0.57,3.39,Teesta_Lalmonirhat
2023-05-26,22.2,32.32,25.52,1.44,78.28,0.59,3.42,Teesta_Lalmonirhat
2023-05-27,16.03,32.46,24.38,1.07,74.88,0.61,4.52,Teesta_Lalmonirhat
2023-05-28,0.95,33.46,25.42,0.66,64.41,0.6,5.77,Teesta_Lalmonirhat
2023-05-29,0.0,35.45,25.49,0.82,60.4,0.59,5.9,Teesta_Lalmonirhat
2023-05-30,0.0,37.17,27.22,1.01,57.52,0.57,5.48,Teesta_Lalmonirhat
2023-05-31,0.0,37.7,27.31,1.71,59.89,0.56,4.59,Teesta_Lalmonirhat
2023-06-01,0.11,39.17,27.59,2.05,59.94,0.55,4.14,Teesta_Lalmonirhat
2023-06-02,0.04,38.94,24.65,2.09,51.24,0.54,3.91,Teesta_Lalmonirhat
2023-06-03,0.21,38.44,25.19,2.1,64.6,0.53,3.14,Teesta_Lalmonirhat
2023-06-04,2.04,38.14,26.38,1.88,64.23,0.52,2.88,Teesta_Lalmonirhat
2023-06-05,7.87,35.66,26.18,1.67,72.27,0.53,2.24,Teesta_Lalmonirhat
2023-06-06,0.49,37.97,27.42,1.64,63.4,0.52,2.91,Teesta_Lalmonirhat
2023-06-07,0.16,39.45,27.65,1.93,61.8,0.51,2.65,Teesta_Lalmonirhat
2023-06-08,10.51,37.0,28.83,1.34,65.59,0.52,2.05,Teesta_Lalmonirhat
2023-06-09,25.77,34.49,28.17,1.18,71.88,0.55,2.28,Teesta_Lalmonirhat
2023-06-10,6.73,35.61,26.98,1.12,67.44,0.55,3.62,Teesta_Lalmonirhat
2023-06-11,16.94,34.87,26.69,1.83,72.49,0.56,3.61,Teesta_Lalmonirhat
2023-06-12,25.72,33.37,26.98,2.3,83.62,0.59,3.23,Teesta_Lalmonirhat
2023-06-13,14.64,34.45,26.2,2.12,79.0,0.6,4.29,Teesta_Lalmonirhat
2023-06-14,60.19,34.51,27.56,3.14,83.65,0.66,3.84,Teesta_Lalmonirhat
2023-06-15,50.01,37.86,27.6,3.7,81.74,0.73,5.12,Teesta_Lalmonirhat
2023-06-16,56.31,36.34,27.52,3.71,83.64,0.77,4.22,Teesta_Lalmonirhat
2023-06-17,20.15,34.98,27.5,3.22,85.46,0.78,4.53,Teesta_Lalmonirhat
2023-06-18,75.99,32.47,27.34,3.62,89.54,0.84,2.28,Teesta_Lalmonirhat
2023-06-19,27.49,32.0,26.81,2.74,86.98,0.87,2.76,Teesta_Lalmonirhat
2023-06-20,53.88,31.49,26.89,3.95,89.82,0.89,1.8,Teesta_Lalmonirhat
2023-06-21,69.17,31.92,26.75,3.23,89.85,0.93,1.88,Teesta_Lalmonirhat
2023-06-22,25.49,29.31,26.47,2.65,92.75,0.94,0.71,Teesta_Lalmonirhat
2023-06-23,8.43,32.03,25.94,1.49,86.94,0.94,2.68,Teesta_Lalmonirhat
2023-06-24,0.73,32.73,26.45,1.98,85.62,0.92,3.73,Teesta_Lalmonirhat
2023-06-25,0.11,32.28,26.22,2.22,85.28,0.91,3.88,Teesta_Lalmonirhat
2023-06-26,0.77,32.27,26.1,2.52,85.72,0.9,4.0,Teesta_Lalmonirhat
2023-06-27,16.06,30.78,25.85,2.77,88.85,0.89,2.53,Teesta_Lalmonirhat
2023-06-28,21.86,31.3,25.71,2.43,89.72,0.9,2.01,Teesta_Lalmonirhat
2023-06-29,20.71,30.85,26.06,2.58,90.79,0.91,1.87,Teesta_Lalmonirhat
2023-06-30,24.64,30.63,26.07,2.3,91.91,0.92,1.19,Teesta_Lalmonirhat
2023-07-01,34.35,31.8,26.05,2.44,88.54,0.94,2.2,Teesta_Lalmonirhat
2023-07-02,21.0,32.67,26.59,2.67,89.78,0.94,2.33,Teesta_Lalmonirhat
2023-07-03,46.68,30.54,27.23,1.98,92.2,0.95,1.0,Teesta_Lalmonirhat
2023-07-04,23.06,31.61,26.55,1.23,88.07,0.96,1.46,Teesta_Lalmonirhat
2023-07-05,7.99,32.5,27.17,1.19,83.47,0.96,2.58,Teesta_Lalmonirhat
2023-07-06,10.05,31.9,26.73,1.81,88.71,0.95,2.0,Teesta_Lalmonirhat
2023-07-07,7.23,31.45,26.8,2.11,89.52,0.94,1.86,Teesta_Lalmonirhat
2023-07-08,13.1,32.67,26.98,2.14,87.6,0.94,2.87,Teesta_Lalmonirhat
2023-07-09,22.67,32.54,26.69,2.35,87.75,0.94,2.51,Teesta_Lalmonirhat
2023-07-10,18.76,32.98,27.24,2.44,87.95,0.94,2.4,Teesta_Lalmonirhat
2023-07-11,18.75,32.41,27.52,3.01,88.97,0.94,2.27,Teesta_Lalmonirhat
2023-07-12,26.56,30.76,26.09,3.43,89.75,0.95,1.34,Teesta_Lalmonirhat
2023-07-13,28.47,31.43,26.63,2.9,89.53,0.95,1.81,Teesta_Lalmonirhat
2023-07-14,36.84,31.61,26.82,2.57,88.79,0.96,1.84,Teesta_Lalmonirhat
2023-07-15,8.35,32.63,26.14,2.08,85.42,0.96,2.91,Teesta_Lalmonirhat
2023-07-16,2.45,31.7,26.46,2.46,87.88,0.94,2.15,Teesta_Lalmonirhat
2023-07-17,5.29,31.93,26.81,2.39,88.11,0.93,2.51,Teesta_Lalmonirhat
2023-07-18,1.02,33.25,26.31,1.29,80.08,0.92,3.27,Teesta_Lalmonirhat
2023-07-19,0.04,33.27,27.5,1.08,83.74,0.91,3.2,Teesta_Lalmonirhat
2023-07-20,0.14,33.58,27.75,1.9,85.76,0.9,3.88,Teesta_Lalmonirhat
2023-07-21,5.51,31.0,27.8,1.41,88.77,0.9,0.95,Teesta_Lalmonirhat
2023-07-22,2.54,31.5,26.94,1.48,87.35,0.9,1.56,Teesta_Lalmonirhat
2023-07-23,1.75,32.83,27.29,1.08,80.61,0.89,3.39,Teesta_Lalmonirhat
2023-07-24,7.36,32.47,27.16,1.29,84.11,0.88,2.87,Teesta_Lalmonirhat
2023-07-25,2.06,33.53,27.07,1.21,82.23,0.88,4.34,Teesta_Lalmonirhat
2023-07-26,3.68,33.37,26.56,1.54,83.92,0.87,4.39,Teesta_Lalmonirhat
2023-07-27,5.26,32.73,27.03,1.81,85.74,0.86,3.77,Teesta_Lalmonirhat
2023-07-28,15.28,32.77,27.47,1.85,85.86,0.86,3.54,Teesta_Lalmonirhat
2023-07-29,25.2,31.79,27.21,1.32,86.67,0.87,1.78,Teesta_Lalmonirhat
2023-07-30,10.1,33.23,27.38,1.01,81.08,0.88,3.8,Teesta_Lalmonirhat
2023-07-31,0.35,34.3,28.3,0.89,79.38,0.86,5.33,Teesta_Lalmonirhat
2023-08-01,7.22,34.64,27.96,2.19,85.25,0.85,3.94,Teesta_Lalmonirhat
2023-08-02,5.99,33.96,27.26,3.7,84.77,0.85,4.4,Teesta_Lalmonirhat
2023-08-03,6.9,31.27,26.59,2.25,88.46,0.85,2.21,Teesta_Lalmonirhat
2023-08-04,34.08,32.28,27.48,2.29,88.72,0.86,2.44,Teesta_Lalmonirhat
2023-08-05,3.86,32.32,26.37,2.2,86.58,0.86,3.75,Teesta_Lalmonirhat
2023-08-06,16.04,31.07,27.13,2.49,90.92,0.86,1.92,Teesta_Lalmonirhat
2023-08-07,41.94,32.3,26.98,1.64,89.4,0.88,1.87,Teesta_Lalmonirhat
2023-08-08,29.86,31.03,26.85,1.8,90.8,0.92,1.25,Teesta_Lalmonirhat
2023-08-09,14.0,32.23,27.03,1.86,88.76,0.91,2.59,Teesta_Lalmonirhat
2023-08-10,2.68,32.71,26.7,1.72,87.93,0.9,2.98,Teesta_Lalmonirhat
2023-08-11,16.94,31.14,26.4,2.3,89.22,0.9,2.0,Teesta_Lalmonirhat
2023-08-12,58.31,31.7,26.59,3.11,92.11,0.92,1.42,Teesta_Lalmonirhat
2023-08-13,37.02,31.13,26.23,2.54,90.11,0.96,1.44,Teesta_Lalmonirhat
2023-08-14,4.79,32.49,25.36,1.63,84.9,0.95,3.45,Teesta_Lalmonirhat
2023-08-15,3.34,32.15,25.77,1.98,87.19,0.93,2.17,Teesta_Lalmonirhat
2023-08-16,1.47,33.0,26.41,2.05,86.98,0.92,3.18,Teesta_Lalmonirhat
2023-08-17,6.69,33.72,26.75,1.07,82.55,0.92,3.94,Teesta_Lalmonirhat
2023-08-18,8.14,33.13,27.57,1.61,85.89,0.91,3.49,Teesta_Lalmonirhat
2023-08-19,0.28,32.41,26.77,1.89,87.41,0.9,3.63,Teesta_Lalmonirhat
2023-08-20,2.57,32.33,27.04,1.83,86.76,0.89,3.61,Teesta_Lalmonirhat
2023-08-21,3.05,31.12,26.5,2.0,88.56,0.89,2.35,Teesta_Lalmonirhat
2023-08-22,17.06,32.28,26.03,2.07,87.55,0.88,3.7,Teesta_Lalmonirhat
2023-08-23,39.47,29.96,26.88,2.61,92.43,0.91,1.06,Teesta_Lalmonirhat
2023-08-24,31.77,30.56,26.75,2.43,90.95,0.93,1.78,Teesta_Lalmonirhat
2023-08-25,39.84,29.81,26.33,1.9,90.81,0.95,0.89,Teesta_Lalmonirhat
2023-08-26,36.62,30.82,25.39,1.78,90.47,0.95,1.81,Teesta_Lalmonirhat
2023-08-27,22.94,30.29,26.21,2.99,92.41,0.96,1.08,Teesta_Lalmonirhat
2023-08-28,6.14,31.97,26.35,2.7,88.11,0.95,2.67,Teesta_Lalmonirhat
2023-08-29,2.09,32.0,25.64,1.57,84.88,0.94,3.2,Teesta_Lalmonirhat
2023-08-30,0.06,33.05,26.21,0.75,79.01,0.93,5.12,Teesta_Lalmonirhat
2023-08-31,0.01,33.37,26.22,0.91,79.22,0.92,4.71,Teesta_Lalmonirhat
2023-09-01,0.11,32.97,27.12,1.27,81.94,0.91,3.95,Teesta_Lalmonirhat
2023-09-02,2.24,33.38,27.06,1.08,80.58,0.9,4.47,Teesta_Lalmonirhat
2023-09-03,2.16,33.27,27.66,1.1,79.92,0.9,3.09,Teesta_Lalmonirhat
2023-09-04,0.63,31.81,27.45,1.44,86.81,0.89,2.09,Teesta_Lalmonirhat
2023-09-05,0.08,33.61,26.62,1.21,82.39,0.89,4.17,Teesta_Lalmonirhat
2023-09-06,2.02,33.12,26.89,1.6,80.23,0.88,3.65,Teesta_Lalmonirhat
2023-09-07,6.77,30.84,26.67,1.52,87.72,0.87,1.8,Teesta_Lalmonirhat
2023-09-08,11.72,29.43,26.68,2.3,92.86,0.88,1.17,Teesta_Lalmonirhat
2023-09-09,3.24,31.56,25.93,1.33,86.75,0.88,3.85,Teesta_Lalmonirhat
2023-09-10,1.61,32.8,25.81,1.44,85.26,0.87,4.69,Teesta_Lalmonirhat
2023-09-11,1.85,32.43,26.23,1.48,87.25,0.86,3.83,Teesta_Lalmonirhat
2023-09-12,1.96,33.0,25.67,0.96,80.18,0.85,5.16,Teesta_Lalmonirhat
2023-09-13,1.07,32.94,26.42,1.22,81.33,0.84,4.61,Teesta_Lalmonirhat
2023-09-14,23.25,32.63,26.16,2.13,86.06,0.84,4.85,Teesta_Lalmonirhat
2023-09-15,20.48,31.84,26.24,1.74,87.0,0.87,4.43,Teesta_Lalmonirhat
2023-09-16,0.0,32.75,25.76,1.11,83.38,0.85,6.01,Teesta_Lalmonirhat
2023-09-17,0.05,34.07,26.67,0.49,76.2,0.84,7.11,Teesta_Lalmonirhat
2023-09-18,10.44,32.89,26.54,1.22,83.86,0.84,3.82,Teesta_Lalmonirhat
2023-09-19,8.36,28.76,26.57,1.54,88.02,0.84,1.58,Teesta_Lalmonirhat
2023-09-20,24.67,29.31,25.63,2.14,91.51,0.85,1.66,Teesta_Lalmonirhat
2023-09-21,46.73,28.61,25.32,2.43,92.44,0.89,0.95,Teesta_Lalmonirhat
2023-09-22,31.19,28.28,24.93,1.82,93.46,0.92,0.72,Teesta_Lalmonirhat
2023-09-23,60.27,28.72,24.77,1.6,92.62,0.94,0.98,Teesta_Lalmonirhat
2023-09-24,129.14,28.2,25.74,1.56,94.9,0.98,0.33,Teesta_Lalmonirhat
2023-09-25,9.56,29.73,25.1,1.44,91.46,0.98,1.06,Teesta_Lalmonirhat
2023-09-26,1.37,29.83,25.32,0.77,88.76,0.97,1.45,Teesta_Lalmonirhat
2023-09-27,1.21,31.59,25.41,0.87,85.17,0.96,3.06,Teesta_Lalmonirhat
2023-09-28,0.37,31.22,25.77,1.44,87.77,0.96,2.83,Teesta_Lalmonirhat
2023-09-29,3.1,30.83,25.8,1.51,88.73,0.95,1.83,Teesta_Lalmonirhat
2023-09-30,19.79,29.43,26.04,1.54,92.17,0.95,0.77,Teesta_Lalmonirhat
2023-10-01,11.94,29.0,25.71,1.21,93.26,0.96,0.77,Teesta_Lalmonirhat
2023-10-02,14.89,31.45,25.74,1.26,90.24,0.96,1.93,Teesta_Lalmonirhat
2023-10-03,17.37,30.33,25.61,1.71,90.52,0.96,2.31,Teesta_Lalmonirhat
2023-10-04,34.49,27.76,24.55,2.63,92.95,0.96,0.82,Teesta_Lalmonirhat
2023-10-05,36.59,27.48,24.19,3.72,93.79,0.98,0.82,Teesta_Lalmonirhat
2023-10-06,12.05,27.78,23.63,3.65,93.96,0.98,0.94,Teesta_Lalmonirhat
2023-10-07,10.27,28.76,23.96,2.08,93.57,0.97,1.13,Teesta_Lalmonirhat
2023-10-08,5.33,30.52,23.18,1.35,87.69,0.97,3.65,Teesta_Lalmonirhat
2023-10-09,7.39,30.33,23.93,1.41,87.01,0.96,2.93,Teesta_Lalmonirhat
2023-10-10,27.02,29.55,24.77,1.25,87.69,0.97,1.99,Teesta_Lalmonirhat
2023-10-11,9.8,30.68,24.06,1.21,86.18,0.96,3.02,Teesta_Lalmonirhat
2023-10-12,9.1,30.73,23.76,1.09,83.83,0.96,3.61,Teesta_Lalmonirhat
2023-10-13,7.22,30.72,23.07,0.79,79.3,0.96,4.33,Teesta_Lalmonirhat
2023-10-14,0.63,29.85,23.37,1.15,77.6,0.95,3.82,Teesta_Lalmonirhat
2023-10-15,0.11,29.53,22.01,1.15,78.86,0.94,3.83,Teesta_Lalmonirhat
2023-10-16,0.0,29.33,21.84,1.33,82.5,0.93,3.77,Teesta_Lalmonirhat
2023-10-17,0.0,29.81,20.86,0.97,78.99,0.93,4.6,Teesta_Lalmonirhat
2023-10-18,0.0,29.51,22.09,0.83,80.95,0.92,4.59,Teesta_Lalmonirhat
2023-10-19,0.0,28.82,21.89,0.69,84.56,0.91,4.74,Teesta_Lalmonirhat
2023-10-20,0.0,28.63,21.03,0.78,82.22,0.91,4.51,Teesta_Lalmonirhat
2023-10-21,0.0,28.69,19.91,1.45,80.91,0.9,4.18,Teesta_Lalmonirhat
2023-10-22,0.0,28.66,19.29,1.44,77.25,0.89,4.13,Teesta_Lalmonirhat
2023-10-23,0.01,29.68,19.61,1.3,76.05,0.89,4.54,Teesta_Lalmonirhat
2023-10-24,0.22,28.89,20.56,1.74,84.63,0.88,3.73,Teesta_Lalmonirhat
2023-10-25,0.01,27.18,21.66,1.15,77.93,0.87,3.31,Teesta_Lalmonirhat
2023-10-26,0.0,29.11,21.55,0.87,77.98,0.86,4.89,Teesta_Lalmonirhat
2023-10-27,0.0,28.38,20.49,0.98,84.07,0.86,4.28,Teesta_Lalmonirhat
2023-10-28,0.0,28.12,18.72,0.64,74.48,0.85,4.8,Teesta_Lalmonirhat
2023-10-29,0.0,27.85,18.65,1.08,78.7,0.84,4.21,Teesta_Lalmonirhat
2023-10-30,0.0,28.26,19.33,1.58,82.43,0.83,4.14,Teesta_Lalmonirhat
2023-10-31,0.0,28.0,19.61,1.88,81.12,0.82,4.04,Teesta_Lalmonirhat
2023-11-01,0.0,29.02,19.1,0.94,73.02,0.82,4.73,Teesta_Lalmonirhat
2023-11-02,0.0,28.63,18.94,0.77,77.23,0.81,4.73,Teesta_Lalmonirhat
2023-11-03,0.01,27.61,19.6,0.75,82.39,0.8,3.96,Teesta_Lalmonirhat
2023-11-04,0.01,28.05,20.29,1.18,84.85,0.79,3.44,Teesta_Lalmonirhat
2023-11-05,0.0,27.97,19.64,0.78,77.32,0.79,3.53,Teesta_Lalmonirhat
2023-11-06,0.0,27.28,17.41,0.91,77.48,0.78,4.02,Teesta_Lalmonirhat
2023-11-07,0.0,25.66,17.67,0.94,77.62,0.78,2.57,Teesta_Lalmonirhat
2023-11-08,0.0,27.06,17.72,0.88,79.19,0.77,3.65,Teesta_Lalmonirhat
2023-11-09,0.0,26.75,17.5,0.46,78.11,0.77,3.66,Teesta_Lalmonirhat
2023-11-10,0.0,26.74,17.12,1.05,79.3,0.76,3.78,Teesta_Lalmonirhat
2023-11-11,0.0,27.22,17.53,0.9,77.62,0.75,4.13,Teesta_Lalmonirhat
2023-11-12,0.0,27.01,17.73,1.01,78.61,0.74,4.07,Teesta_Lalmonirhat
2023-11-13,0.0,26.46,17.86,1.26,79.32,0.74,3.78,Teesta_Lalmonirhat
2023-11-14,0.0,26.04,17.01,1.54,77.82,0.73,3.37,Teesta_Lalmonirhat
2023-11-15,0.0,26.75,16.57,1.24,71.72,0.72,4.07,Teesta_Lalmonirhat
2023-11-16,0.17,27.96,16.85,1.56,75.09,0.72,3.85,Teesta_Lalmonirhat
2023-11-17,2.67,26.71,19.25,2.08,86.58,0.71,2.48,Teesta_Lalmonirhat
2023-11-18,0.04,26.74,19.13,2.06,82.83,0.71,3.63,Teesta_Lalmonirhat
2023-11-19,0.0,26.96,17.78,1.34,82.28,0.7,3.64,Teesta_Lalmonirhat
2023-11-20,0.0,26.84,18.48,0.57,79.57,0.69,3.71,Teesta_Lalmonirhat
2023-11-21,0.0,26.96,17.91,1.13,84.27,0.69,3.21,Teesta_Lalmonirhat
2023-11-22,0.0,25.7,15.63,0.88,80.91,0.68,2.32,Teesta_Lalmonirhat
2023-11-23,0.0,25.83,15.63,0.67,79.43,0.68,2.51,Teesta_Lalmonirhat
2023-11-24,0.0,26.38,16.27,1.1,82.14,0.67,2.88,Teesta_Lalmonirhat
2023-11-25,0.0,26.53,17.32,1.2,83.18,0.67,2.85,Teesta_Lalmonirhat
2023-11-26,0.0,26.38,15.64,1.62,80.96,0.66,2.84,Teesta_Lalmonirhat
2023-11-27,0.0,25.39,16.65,1.75,81.73,0.66,1.67,Teesta_Lalmonirhat
2023-11-28,0.0,27.51,17.0,1.26,73.17,0.65,2.62,Teesta_Lalmonirhat
2023-11-29,0.0,26.47,17.73,1.22,78.33,0.65,2.24,Teesta_Lalmonirhat
2023-11-30,0.0,26.35,15.99,1.48,81.7,0.64,2.44,Teesta_Lalmonirhat
2023-12-01,0.0,26.55,15.81,0.79,75.23,0.64,2.36,Teesta_Lalmonirhat
2023-12-02,0.0,27.4,16.78,0.4,75.07,0.63,2.39,Teesta_Lalmonirhat
2023-12-03,0.0,27.12,16.02,0.79,80.71,0.63,2.24,Teesta_Lalmonirhat
2023-12-04,0.0,26.65,16.38,1.13,83.49,0.62,2.09,Teesta_Lalmonirhat
2023-12-05,0.0,27.48,17.3,0.98,81.66,0.62,1.82,Teesta_Lalmonirhat
2023-12-06,0.02,26.44,16.83,1.03,84.52,0.61,1.57,Teesta_Lalmonirhat
2023-12-07,8.51,24.23,18.52,1.03,87.55,0.62,0.75,Teesta_Lalmonirhat
2023-12-08,1.55,23.94,17.49,1.16,85.14,0.62,1.4,Teesta_Lalmonirhat
2023-12-09,2.03,24.27,15.35,1.12,84.49,0.62,1.44,Teesta_Lalmonirhat
2023-12-10,0.0,23.88,12.75,1.28,80.55,0.62,1.21,Teesta_Lalmonirhat
2023-12-11,0.0,23.96,12.7,0.81,74.87,0.61,1.46,Teesta_Lalmonirhat
2023-12-12,0.03,24.73,14.05,0.76,73.03,0.61,1.45,Teesta_Lalmonirhat
2023-12-13,0.08,23.86,13.02,1.41,79.56,0.61,1.14,Teesta_Lalmonirhat
2023-12-14,0.01,22.06,10.09,1.21,77.43,0.6,0.93,Teesta_Lalmonirhat
2023-12-15,0.0,23.49,11.87,0.46,70.11,0.6,1.15,Teesta_Lalmonirhat
2023-12-16,0.0,23.76,11.66,0.44,73.39,0.6,1.19,Teesta_Lalmonirhat
2023-12-17,0.0,23.77,12.17,0.67,75.19,0.59,1.23,Teesta_Lalmonirhat
2023-12-18,0.0,24.02,12.29,0.85,78.3,0.59,1.21,Teesta_Lalmonirhat
2023-12-19,0.0,23.97,12.32,0.78,79.52,0.59,1.05,Teesta_Lalmonirhat
2023-12-20,0.0,24.16,12.14,1.21,82.0,0.59,1.19,Teesta_Lalmonirhat
2023-12-21,0.0,24.71,13.55,1.61,77.98,0.58,1.2,Teesta_Lalmonirhat
2023-12-22,0.0,23.94,13.52,1.7,74.18,0.58,0.99,Teesta_Lalmonirhat
2023-12-23,0.0,21.52,14.79,1.69,81.16,0.58,0.36,Teesta_Lalmonirhat
2023-12-24,0.0,25.17,13.17,1.52,74.43,0.57,1.11,Teesta_Lalmonirhat
2023-12-25,0.0,25.65,15.34,0.54,70.56,0.57,1.23,Teesta_Lalmonirhat
2023-12-26,0.0,25.35,15.59,0.82,77.24,0.57,1.14,Teesta_Lalmonirhat
2023-12-27,0.0,25.37,14.08,1.49,79.41,0.56,1.11,Teesta_Lalmonirhat
2023-12-28,0.0,25.13,14.26,1.42,77.87,0.56,1.04,Teesta_Lalmonirhat
2023-12-29,0.0,25.88,14.2,0.86,75.78,0.56,1.13,Teesta_Lalmonirhat
2023-12-30,0.0,25.59,13.53,0.71,76.98,0.55,1.0,Teesta_Lalmonirhat
2023-12-31,8.91,23.7,12.63,0.62,77.43,0.56,0.72,Teesta_Lalmonirhat
